day,setup_id,direction,range_high,range_low,range_points,atr,break_time,morning_extreme,entry_time,entry,stop,target,exit_time,exit_price,reason,bars_held,r_gross,r_net
2019-03-28,setup_or_fib_NDX100_20190328_BUY,LONG,7307.5,7296.0,11.5,9.815235968592802,2019-03-28 13:50:00+00:00,7312.4,2019-03-28 14:11:00+00:00,7300.393,7298.231000000001,7310.628,2019-03-28 14:19:00+00:00,7310.628,TP,8,4.734042553192756,3.913968547642094
2019-03-29,setup_or_fib_NDX100_20190329_BUY,LONG,7362.7,7353.7,9.0,6.714436118953315,2019-03-29 13:45:00+00:00,7379.0,2019-03-29 14:46:00+00:00,7357.138,7355.446,7365.148,2019-03-29 14:46:00+00:00,7355.446,SL,0,-1.0,-2.0478723404255277
2019-04-01,setup_or_fib_NDX100_20190401_SELL,SHORT,7457.6,7435.1,22.5,6.390906872936394,2019-04-01 13:54:00+00:00,7430.6,2019-04-01 14:00:00+00:00,7449.005,7453.235000000001,7428.9800000000005,2019-04-01 14:09:00+00:00,7428.9800000000005,TP,9,4.734042553190874,4.314893617020708
2019-04-02,setup_or_fib_NDX100_20190402_SELL,SHORT,7483.3,7468.3,15.0,4.428927411477272,2019-04-02 13:57:00+00:00,7461.3,2019-04-02 14:13:00+00:00,7477.570000000001,7480.39,7464.22,2019-04-02 14:17:00+00:00,7480.39,SL,4,-1.0,-1.628723404255384
2019-04-03,setup_or_fib_NDX100_20190403_BUY,LONG,7544.4,7529.9,14.5,5.510802674542222,2019-04-03 13:47:00+00:00,7547.6,2019-04-03 14:00:00+00:00,7535.438999999999,7532.713,7548.344,2019-04-03 14:00:00+00:00,7532.713,SL,0,-1.0,-1.6504035216435151
2019-04-04,setup_or_fib_NDX100_20190404_BUY,LONG,7565.6,7540.2,25.400000000000546,5.925353432325425,2019-04-04 13:45:00+00:00,7571.0,2019-04-04 14:16:00+00:00,7549.9028,7545.1276,7572.5088000000005,2019-04-04 14:17:00+00:00,7545.1276,SL,1,-1.0,-1.3712933489696735
2019-04-12,setup_or_fib_NDX100_20190412_SELL,SHORT,7631.1,7619.7,11.400000000000546,6.418507040603247,2019-04-12 13:47:00+00:00,7614.2,2019-04-12 14:28:00+00:00,7626.7452,7628.888400000001,7616.5992,2019-04-12 14:30:00+00:00,7628.888400000001,SL,2,-1.0,-1.8272676371778842
2019-04-16,setup_or_fib_NDX100_20190416_BUY,LONG,7657.5,7646.7,10.800000000000182,4.752336295437299,2019-04-16 14:00:00+00:00,7670.7,2019-04-16 14:45:00+00:00,7650.8256,7648.7952,7660.4376,2019-04-16 15:07:00+00:00,7660.4376,TP,22,4.734042553190236,3.860815602835865
2019-04-24,setup_or_fib_NDX100_20190424_SELL,SHORT,7824.2,7804.7,19.5,5.134639160585105,2019-04-24 13:45:00+00:00,7793.5,2019-04-24 14:18:00+00:00,7816.751,7820.417,7799.396,2019-04-24 14:36:00+00:00,7820.417,SL,18,-1.0,-1.483633387888685
2019-04-25,setup_or_fib_NDX100_20190425_SELL,SHORT,7845.5,7811.8,33.69999999999982,5.619698640913909,2019-04-25 14:12:00+00:00,7776.4,2019-04-25 15:36:00+00:00,7832.6266000000005,7838.9622,7802.6336,2019-04-25 15:52:00+00:00,7838.9622,SL,16,-1.0,-1.2798472125765767
2019-04-26,setup_or_fib_NDX100_20190426_SELL,SHORT,7807.7,7758.0,49.69999999999982,8.355541152719129,2019-04-26 13:54:00+00:00,7740.0,2019-04-26 15:10:00+00:00,7788.7146,7798.0581999999995,7744.4816,2019-04-26 15:31:00+00:00,7798.0581999999995,SL,21,-1.0,-1.1897555546042364
2019-04-29,setup_or_fib_NDX100_20190429_SELL,SHORT,7835.2,7821.7,13.5,5.503330774078593,2019-04-29 13:50:00+00:00,7811.0,2019-04-29 14:15:00+00:00,7830.043,7832.581,7818.028,2019-04-29 14:20:00+00:00,7832.581,SL,5,-1.0,-1.6985815602835599
2019-05-01,setup_or_fib_NDX100_20190501_BUY,LONG,7832.7,7816.1,16.599999999999454,4.530687096681585,2019-05-01 14:08:00+00:00,7840.5,2019-05-01 14:30:00+00:00,7822.4412,7819.3204,7837.2152,2019-05-01 15:17:00+00:00,7837.2152,TP,47,4.734042553190398,4.165918995128472
2019-05-02,setup_or_fib_NDX100_20190502_BUY,LONG,7769.5,7739.7,29.800000000000182,6.987312011674162,2019-05-02 13:54:00+00:00,7792.5,2019-05-02 15:03:00+00:00,7751.0836,7745.4812,7777.6056,2019-05-02 15:17:00+00:00,7745.4812,SL,14,-1.0,-1.3164715122090667
2019-05-08,setup_or_fib_NDX100_20190508_BUY,LONG,7640.0,7591.9,48.100000000000364,15.199257854302948,2019-05-08 13:48:00+00:00,7650.5,2019-05-08 14:33:00+00:00,7610.2742,7601.2314,7653.0832,2019-05-08 14:59:00+00:00,7653.0832,TP,26,4.734042553191422,4.537974963506815
2019-05-10,setup_or_fib_NDX100_20190510_BUY,LONG,7568.6,7542.2,26.400000000000546,16.49766640109972,2019-05-10 13:46:00+00:00,7576.1,2019-05-10 13:52:00+00:00,7552.2848,7547.321599999999,7575.7808,2019-05-10 13:53:00+00:00,7547.321599999999,SL,1,-1.0,-1.3572292069631737
2019-05-14,setup_or_fib_NDX100_20190514_SELL,SHORT,7384.2,7356.9,27.300000000000182,11.803855057006006,2019-05-14 13:48:00+00:00,7335.5,2019-05-14 14:02:00+00:00,7373.7714,7378.9038,7349.474399999999,2019-05-14 14:15:00+00:00,7378.9038,SL,13,-1.0,-1.345452419920477
2019-05-17,setup_or_fib_NDX100_20190517_BUY,LONG,7550.0,7502.1,47.899999999999636,14.02802522583021,2019-05-17 13:47:00+00:00,7554.5,2019-05-17 13:54:00+00:00,7520.397800000001,7511.392600000001,7563.0288,2019-05-17 14:27:00+00:00,7563.0288,TP,33,4.734042553191631,4.537156309687869
2019-05-21,setup_or_fib_NDX100_20190521_SELL,SHORT,7452.1,7431.9,20.200000000000728,11.803894312315425,2019-05-21 13:50:00+00:00,7414.0,2019-05-21 14:42:00+00:00,7444.3836,7448.181200000001,7426.405599999999,2019-05-21 14:43:00+00:00,7448.181200000001,SL,1,-1.0,-1.4668738150409821
2019-05-22,setup_or_fib_NDX100_20190522_BUY,LONG,7435.4,7408.5,26.899999999999636,10.585855331533102,2019-05-22 13:54:00+00:00,7460.5,2019-05-22 14:56:00+00:00,7418.775799999999,7413.7186,7442.716799999999,2019-05-22 15:01:00+00:00,7413.7186,SL,5,-1.0,-1.3505892588784802
2019-05-23,setup_or_fib_NDX100_20190523_SELL,SHORT,7334.1,7304.8,29.300000000000182,11.899478467849901,2019-05-23 13:45:00+00:00,7296.1,2019-05-23 14:03:00+00:00,7322.9074,7328.415800000001,7296.8304,2019-05-23 14:11:00+00:00,7296.8304,TP,8,4.7340425531909975,4.412170503230973
2019-05-27,setup_or_fib_NDX100_20190527_SELL,SHORT,7310.1,7304.0,6.100000000000364,5.86700822913348,2019-05-27 14:09:00+00:00,7302.0,2019-05-27 14:31:00+00:00,7307.7698,7308.9166000000005,7302.3408,2019-05-27 16:00:00+00:00,7303.3,TIME,89,3.897628182767821,2.35158702476353
2019-05-29,setup_or_fib_NDX100_20190529_BUY,LONG,7236.6,7203.6,33.0,8.968091477713788,2019-05-29 14:15:00+00:00,7253.6,2019-05-29 15:00:00+00:00,7216.206,7210.002,7245.576,2019-05-29 15:14:00+00:00,7210.002,SL,14,-1.0,-1.2857833655706123
2019-05-30,setup_or_fib_NDX100_20190530_BUY,LONG,7252.1,7229.1,23.0,8.3535293090941,2019-05-30 13:47:00+00:00,7263.4,2019-05-30 14:52:00+00:00,7237.886,7233.562,7258.356000000001,2019-05-30 14:53:00+00:00,7233.562,SL,1,-1.0,-1.4100370027751583
2019-05-31,setup_or_fib_NDX100_20190531_SELL,SHORT,7163.9,7133.3,30.599999999999454,9.94757063640116,2019-05-31 13:50:00+00:00,7126.5,2019-05-31 14:07:00+00:00,7152.2108,7157.9636,7124.9768,2019-05-31 14:26:00+00:00,7157.9636,SL,19,-1.0,-1.3081977471839688
2019-06-04,setup_or_fib_NDX100_20190604_SELL,SHORT,7061.5,7026.1,35.399999999999636,10.326493964031766,2019-06-04 13:51:00+00:00,7021.4,2019-06-04 13:56:00+00:00,7047.9772,7054.6323999999995,7016.471200000001,2019-06-04 14:15:00+00:00,7054.6323999999995,SL,19,-1.0,-1.2664082221421147
2019-06-06,setup_or_fib_NDX100_20190606_SELL,SHORT,7239.8,7211.9,27.900000000000546,9.195542391700043,2019-06-06 13:53:00+00:00,7198.4,2019-06-06 14:43:00+00:00,7229.1422,7234.3874,7204.311199999999,2019-06-06 15:09:00+00:00,7234.3874,SL,26,-1.0,-1.3380233356211788
2019-06-13,setup_or_fib_NDX100_20190613_BUY,LONG,7522.9,7492.0,30.899999999999636,9.845259614764988,2019-06-13 13:45:00+00:00,7530.4,2019-06-13 14:08:00+00:00,7503.8038,7497.994599999999,7531.3048,2019-06-13 15:06:00+00:00,7497.994599999999,SL,58,-1.0,-1.3052055360462398
2019-06-24,setup_or_fib_NDX100_20190624_SELL,SHORT,7745.8,7731.4,14.400000000000546,6.246123836895302,2019-06-24 13:48:00+00:00,7718.6,2019-06-24 14:11:00+00:00,7740.2992,7743.0064,7727.4832,2019-06-24 14:30:00+00:00,7743.0064,SL,19,-1.0,-1.6549202127659988
2019-06-27,setup_or_fib_NDX100_20190627_BUY,LONG,7667.6,7644.4,23.200000000000728,9.90552932063788,2019-06-27 13:56:00+00:00,7671.3,2019-06-27 14:17:00+00:00,7653.2624,7648.900799999999,7673.910400000001,2019-06-27 14:47:00+00:00,7648.900799999999,SL,30,-1.0,-1.406502201027129
2019-07-01,setup_or_fib_NDX100_20190701_SELL,SHORT,7822.4,7803.0,19.399999999999636,6.596217354051665,2019-07-01 13:45:00+00:00,7790.1,2019-07-01 14:03:00+00:00,7814.9892,7818.636399999999,7797.7232,2019-07-01 14:11:00+00:00,7797.7232,TP,8,4.734042553192126,4.24791620969567
2019-07-02,setup_or_fib_NDX100_20190702_BUY,LONG,7768.5,7749.1,19.399999999999636,6.235047073082384,2019-07-02 14:29:00+00:00,7782.1,2019-07-02 15:39:00+00:00,7756.5108,7752.863600000001,7773.7768,2019-07-02 15:40:00+00:00,7752.863600000001,SL,1,-1.0,-1.4861263434964567
2019-07-03,setup_or_fib_NDX100_20190703_BUY,LONG,7821.9,7808.4,13.5,6.063234135736292,2019-07-03 13:45:00+00:00,7824.1,2019-07-03 13:52:00+00:00,7813.557,7811.018999999999,7825.571999999999,2019-07-03 13:52:00+00:00,7811.018999999999,SL,0,-1.0,-1.6985815602835599
2019-07-04,setup_or_fib_NDX100_20190704_SELL,SHORT,7873.4,7868.8,4.599999999999454,3.058239534158056,2019-07-04 14:05:00+00:00,7866.9,2019-07-04 14:42:00+00:00,7871.6428,7872.507599999999,7867.5488000000005,2019-07-04 14:53:00+00:00,7872.507599999999,SL,11,-1.0,-3.0501850138775173
2019-07-08,setup_or_fib_NDX100_20190708_SELL,SHORT,7792.1,7754.9,37.20000000000073,6.076746694643023,2019-07-08 13:47:00+00:00,7752.1,2019-07-08 14:21:00+00:00,7777.8896,7784.8832,7744.781599999999,2019-07-08 16:00:00+00:00,7765.9,TIME,99,1.71436742164281,1.4608499199269478
2019-07-10,setup_or_fib_NDX100_20190710_BUY,LONG,7906.9,7863.6,43.29999999999927,11.626024050837604,2019-07-10 13:48:00+00:00,7925.4,2019-07-10 14:59:00+00:00,7880.1406,7872.0002,7918.677599999999,2019-07-10 15:00:00+00:00,7872.0002,SL,1,-1.0,-1.2178025649845399
2019-07-11,setup_or_fib_NDX100_20190711_BUY,LONG,7923.8,7904.6,19.199999999999818,8.70743153569081,2019-07-11 14:00:00+00:00,7928.4,2019-07-11 14:05:00+00:00,7911.9344,7908.3248,7929.0224,2019-07-11 14:11:00+00:00,7908.3248,SL,6,-1.0,-1.491190159574499
2019-07-12,setup_or_fib_NDX100_20190712_BUY,LONG,7919.0,7901.3,17.699999999999818,5.717666864062779,2019-07-12 13:45:00+00:00,7926.3,2019-07-12 14:17:00+00:00,7908.0614000000005,7904.7338,7923.8144,2019-07-12 14:25:00+00:00,7904.7338,SL,8,-1.0,-1.532816444284084
2019-07-15,setup_or_fib_NDX100_20190715_SELL,SHORT,7961.4,7944.1,17.299999999999272,5.088626772936549,2019-07-15 13:46:00+00:00,7938.8,2019-07-15 15:17:00+00:00,7954.7914,7958.0437999999995,7939.3944,2019-07-15 15:21:00+00:00,7958.0437999999995,SL,4,-1.0,-1.5451358996434412
2019-07-16,setup_or_fib_NDX100_20190716_BUY,LONG,7961.6,7949.1,12.5,5.862350856667583,2019-07-16 13:45:00+00:00,7964.1,2019-07-16 14:05:00+00:00,7953.875,7951.525000000001,7965.0,2019-07-16 14:14:00+00:00,7951.525000000001,SL,9,-1.0,-1.7544680851065582
2019-07-18,setup_or_fib_NDX100_20190718_BUY,LONG,7879.9,7842.6,37.29999999999927,7.033372508306365,2019-07-18 14:21:00+00:00,7883.4,2019-07-18 14:55:00+00:00,7856.8486,7849.8362,7890.0455999999995,2019-07-18 15:09:00+00:00,7849.8362,SL,14,-1.0,-1.252837830129466
2019-07-25,setup_or_fib_NDX100_20190725_SELL,SHORT,7981.6,7944.9,36.70000000000073,8.657906000279914,2019-07-25 13:47:00+00:00,7928.4,2019-07-25 14:40:00+00:00,7967.5806,7974.480200000001,7934.9176,2019-07-25 16:00:00+00:00,7947.9,TIME,80,2.8524262276072165,2.595454808974276
2019-07-31,setup_or_fib_NDX100_20190731_BUY,LONG,7975.0,7953.9,21.100000000000364,5.6242834087913,2019-07-31 14:10:00+00:00,7978.9,2019-07-31 14:30:00+00:00,7961.9601999999995,7957.9934,7980.7392,2019-07-31 14:31:00+00:00,7957.9934,SL,1,-1.0,-1.4469597660583695
2019-08-06,setup_or_fib_NDX100_20190806_BUY,LONG,7519.8,7481.7,38.100000000000364,19.1514228298745,2019-08-06 14:03:00+00:00,7525.9,2019-08-06 14:11:00+00:00,7496.2542,7489.0914,7530.1632,2019-08-06 14:13:00+00:00,7489.0914,SL,2,-1.0,-1.2475288993131157
2019-08-07,setup_or_fib_NDX100_20190807_SELL,SHORT,7455.5,7411.5,44.0,22.822180147937082,2019-08-07 13:45:00+00:00,7380.3,2019-08-07 14:04:00+00:00,7438.692,7446.964,7399.532,2019-08-07 14:07:00+00:00,7446.964,SL,3,-1.0,-1.2143375241779515
2019-08-12,setup_or_fib_NDX100_20190812_BUY,LONG,7620.4,7573.7,46.69999999999982,15.663377115968352,2019-08-12 14:31:00+00:00,7624.0,2019-08-12 14:46:00+00:00,7591.5394,7582.7598,7633.1024,2019-08-12 15:11:00+00:00,7582.7598,SL,25,-1.0,-1.2019454189256948
2019-08-14,setup_or_fib_NDX100_20190814_SELL,SHORT,7620.8,7584.4,36.400000000000546,17.724715015336194,2019-08-14 13:45:00+00:00,7573.2,2019-08-14 13:51:00+00:00,7606.8952,7613.7384,7574.499199999999,2019-08-14 13:58:00+00:00,7613.7384,SL,7,-1.0,-1.2590893149403692
2019-08-15,setup_or_fib_NDX100_20190815_SELL,SHORT,7523.9,7451.4,72.5,32.19381666455698,2019-08-15 15:20:00+00:00,7445.8,2019-08-15 15:57:00+00:00,7496.205,7509.834999999999,7431.679999999999,2019-08-15 16:00:00+00:00,7498.3,TIME,3,-0.1537050623624635,-0.28378576669115785
2019-08-19,setup_or_fib_NDX100_20190819_SELL,SHORT,7735.0,7707.2,27.800000000000182,9.949478078470925,2019-08-19 14:01:00+00:00,7685.8,2019-08-19 15:10:00+00:00,7724.3804,7729.6068,7699.6384,2019-08-19 15:37:00+00:00,7729.6068,SL,27,-1.0,-1.3392392469003807
2019-08-20,setup_or_fib_NDX100_20190820_SELL,SHORT,7711.8,7675.8,36.0,10.256030725154687,2019-08-20 13:51:00+00:00,7671.7,2019-08-20 14:10:00+00:00,7698.048,7704.816000000001,7666.008,2019-08-20 14:55:00+00:00,7704.816000000001,SL,45,-1.0,-1.2619680851063466
2019-08-23,setup_or_fib_NDX100_20190823_SELL,SHORT,7665.9,7648.4,17.5,17.388772593906733,2019-08-23 13:47:00+00:00,7620.0,2019-08-23 14:00:00+00:00,7659.214999999999,7662.505,7643.639999999999,2019-08-23 14:01:00+00:00,7643.639999999999,TP,1,4.734042553190178,4.195136778114333
2019-08-26,setup_or_fib_NDX100_20190826_SELL,SHORT,7558.5,7527.3,31.199999999999818,23.279883957351082,2019-08-26 13:47:00+00:00,7519.0,2019-08-26 14:01:00+00:00,7546.5816,7552.4472,7518.8136,2019-08-26 14:09:00+00:00,7518.8136,TP,8,4.734042553192159,4.431771685761675
2019-08-27,setup_or_fib_NDX100_20190827_BUY,LONG,7634.8,7611.5,23.300000000000182,13.34132969631198,2019-08-27 13:48:00+00:00,7641.8,2019-08-27 13:50:00+00:00,7620.4006,7616.0202,7641.1376,2019-08-27 13:50:00+00:00,7616.0202,SL,0,-1.0,-1.4047575563875436
2019-08-29,setup_or_fib_NDX100_20190829_BUY,LONG,7709.5,7676.5,33.0,10.522097554333458,2019-08-29 13:46:00+00:00,7717.8,2019-08-29 14:11:00+00:00,7689.106,7682.902,7718.476,2019-08-29 14:37:00+00:00,7682.902,SL,26,-1.0,-1.2857833655706123
2019-09-02,setup_or_fib_NDX100_20190902_BUY,LONG,7657.4,7635.2,22.199999999999818,7.834812620175642,2019-09-02 14:20:00+00:00,7665.7,2019-09-02 15:10:00+00:00,7643.6804,7639.506799999999,7663.4384,2019-09-02 15:50:00+00:00,7608.5,SL,39,-8.429269695225193,-8.854082806208416
2019-09-03,setup_or_fib_NDX100_20190903_BUY,LONG,7662.5,7621.8,40.69999999999982,16.612093080905453,2019-09-03 13:51:00+00:00,7670.3,2019-09-03 14:00:00+00:00,7637.347400000001,7629.6957999999995,7673.5704,2019-09-03 14:01:00+00:00,7629.6957999999995,SL,1,-1.0,-1.2317162423545083
2019-09-04,setup_or_fib_NDX100_20190904_BUY,LONG,7691.9,7675.0,16.899999999999636,8.64909547785653,2019-09-04 13:45:00+00:00,7699.5,2019-09-04 13:51:00+00:00,7681.4558,7678.278600000001,7696.4968,2019-09-04 13:51:00+00:00,7678.278600000001,SL,0,-1.0,-1.5580385244871144
2019-09-09,setup_or_fib_NDX100_20190909_SELL,SHORT,7879.0,7854.3,24.699999999999818,5.253220150768841,2019-09-09 13:55:00+00:00,7839.3,2019-09-09 14:59:00+00:00,7869.5646,7874.2082,7847.5816,2019-09-09 16:00:00+00:00,7857.8,TIME,61,2.533508484795993,2.1516926522523043
2019-09-10,setup_or_fib_NDX100_20190910_SELL,SHORT,7795.3,7746.8,48.5,10.331071176859203,2019-09-10 13:54:00+00:00,7739.8,2019-09-10 14:24:00+00:00,7776.773,7785.8910000000005,7733.608,2019-09-10 15:51:00+00:00,7785.8910000000005,SL,86,-1.0,-1.194450537398544
2019-09-12,setup_or_fib_NDX100_20190912_SELL,SHORT,7950.2,7919.0,31.199999999999818,10.721284131002257,2019-09-12 13:47:00+00:00,7903.7,2019-09-12 14:10:00+00:00,7938.2816,7944.147199999999,7910.5136,2019-09-12 14:10:00+00:00,7944.147199999999,SL,0,-1.0,-1.3022708674304844
2019-09-13,setup_or_fib_NDX100_20190913_BUY,LONG,7907.9,7883.0,24.899999999999636,7.628011856236226,2019-09-13 13:50:00+00:00,7916.0,2019-09-13 14:07:00+00:00,7892.5118,7887.8306,7914.672799999999,2019-09-13 14:08:00+00:00,7887.8306,SL,1,-1.0,-1.3787490387080243
2019-09-16,setup_or_fib_NDX100_20190916_BUY,LONG,7860.5,7831.7,28.800000000000182,9.636835814088716,2019-09-16 13:52:00+00:00,7871.7,2019-09-16 14:54:00+00:00,7842.7016,7837.2872,7868.3336,2019-09-16 15:59:00+00:00,7837.2872,SL,65,-1.0,-1.3274601063829443
2019-09-18,setup_or_fib_NDX100_20190918_SELL,SHORT,7877.7,7861.5,16.199999999999818,5.554492080487437,2019-09-18 13:45:00+00:00,7857.3,2019-09-18 14:09:00+00:00,7871.5116,7874.557199999999,7857.0936,2019-09-18 16:00:00+00:00,7864.9,TIME,111,2.170869451011734,1.5887181507752255
2019-09-20,setup_or_fib_NDX100_20190920_SELL,SHORT,7917.5,7902.2,15.300000000000182,7.666243754504252,2019-09-20 13:59:00+00:00,7900.3,2019-09-20 14:08:00+00:00,7911.6554,7914.5318,7898.0383999999995,2019-09-20 14:39:00+00:00,7898.0383999999995,TP,31,4.734042553191385,4.117647058823447
2019-09-23,setup_or_fib_NDX100_20190923_BUY,LONG,7821.5,7797.0,24.5,8.94161252170877,2019-09-23 13:50:00+00:00,7825.5,2019-09-23 14:01:00+00:00,7806.359,7801.753000000001,7828.164,2019-09-23 14:05:00+00:00,7801.753000000001,SL,4,-1.0,-1.3849326964828679
2019-09-24,setup_or_fib_NDX100_20190924_BUY,LONG,7867.5,7846.3,21.199999999999818,5.826558920273536,2019-09-24 13:55:00+00:00,7872.5,2019-09-24 14:05:00+00:00,7854.3984,7850.4128,7873.2663999999995,2019-09-24 14:06:00+00:00,7850.4128,SL,1,-1.0,-1.4448514652749926
2019-09-25,setup_or_fib_NDX100_20190925_SELL,SHORT,7719.3,7694.4,24.900000000000546,9.55180529180881,2019-09-25 13:45:00+00:00,7643.9,2019-09-25 14:31:00+00:00,7709.7882,7714.4694,7687.6272,2019-09-25 14:51:00+00:00,7687.6272,TP,20,4.734042553191512,4.3552935144834874
2019-09-26,setup_or_fib_NDX100_20190926_SELL,SHORT,7793.9,7752.0,41.899999999999636,8.982831768530293,2019-09-26 13:55:00+00:00,7740.0,2019-09-26 14:49:00+00:00,7777.8942,7785.7714,7740.6032000000005,2019-09-26 15:01:00+00:00,7740.6032000000005,TP,12,4.734042553191454,4.508962575534416
2019-10-01,setup_or_fib_NDX100_20191001_BUY,LONG,7816.8,7777.7,39.100000000000364,7.9289186968764325,2019-10-01 13:47:00+00:00,7822.8,2019-10-01 14:00:00+00:00,7792.6362,7785.2854,7827.4352,2019-10-01 14:03:00+00:00,7785.2854,SL,3,-1.0,-1.2411982369265877
2019-10-03,setup_or_fib_NDX100_20191003_SELL,SHORT,7569.7,7534.5,35.19999999999982,10.653883951666087,2019-10-03 14:00:00+00:00,7459.8,2019-10-03 15:02:00+00:00,7556.2536,7562.8712,7524.9256000000005,2019-10-03 15:03:00+00:00,7562.8712,SL,1,-1.0,-1.267921905222454
2019-10-04,setup_or_fib_NDX100_20191004_BUY,LONG,7698.5,7669.5,29.0,14.313961235135695,2019-10-04 13:58:00+00:00,7713.7,2019-10-04 14:35:00+00:00,7680.578,7675.126,7706.388,2019-10-04 14:47:00+00:00,7675.126,SL,12,-1.0,-1.3252017608217033
2019-10-07,setup_or_fib_NDX100_20191007_SELL,SHORT,7742.5,7714.4,28.100000000000364,7.786845756820754,2019-10-07 13:45:00+00:00,7710.5,2019-10-07 13:52:00+00:00,7731.7658,7737.0486,7706.756799999999,2019-10-07 14:06:00+00:00,7737.0486,SL,14,-1.0,-1.3356174755811343
2019-10-09,setup_or_fib_NDX100_20191009_SELL,SHORT,7683.8,7657.5,26.300000000000182,13.901878746391704,2019-10-09 13:53:00+00:00,7649.3,2019-10-09 14:01:00+00:00,7673.7534000000005,7678.6978,7650.3464,2019-10-09 14:30:00+00:00,7678.6978,SL,29,-1.0,-1.3585874929213277
2019-10-16,setup_or_fib_NDX100_20191016_SELL,SHORT,7924.4,7906.3,18.099999999999454,8.006358671382904,2019-10-16 14:03:00+00:00,7897.3,2019-10-16 14:18:00+00:00,7917.4857999999995,7920.8886,7901.3768,2019-10-16 14:26:00+00:00,7920.8886,SL,8,-1.0,-1.5210414952390996
2019-10-18,setup_or_fib_NDX100_20191018_BUY,LONG,7943.3,7930.2,13.100000000000364,6.527710860710983,2019-10-18 13:48:00+00:00,7947.0,2019-10-18 13:57:00+00:00,7935.2042,7932.7414,7946.863200000001,2019-10-18 14:03:00+00:00,7932.7414,SL,6,-1.0,-1.7199122949487675
2019-10-21,setup_or_fib_NDX100_20191021_SELL,SHORT,7925.9,7900.4,25.5,6.546839366890294,2019-10-21 13:49:00+00:00,7884.2,2019-10-21 14:38:00+00:00,7916.159,7920.9529999999995,7893.464,2019-10-21 14:40:00+00:00,7920.9529999999995,SL,2,-1.0,-1.3698372966207861
2019-10-23,setup_or_fib_NDX100_20191023_BUY,LONG,7875.9,7844.7,31.199999999999818,8.054163390318934,2019-10-23 13:46:00+00:00,7878.6,2019-10-23 14:16:00+00:00,7856.618399999999,7850.7528,7884.386399999999,2019-10-23 14:35:00+00:00,7850.6,SL,19,-1.026050190943785,-1.3283210583742693
2019-10-24,setup_or_fib_NDX100_20191024_SELL,SHORT,7952.9,7934.9,18.0,6.212438440476597,2019-10-24 13:53:00+00:00,7908.7,2019-10-24 15:09:00+00:00,7946.023999999999,7949.407999999999,7930.004,2019-10-24 15:22:00+00:00,7949.407999999999,SL,13,-1.0,-1.5239361702127638
2019-10-30,setup_or_fib_NDX100_20191030_BUY,LONG,8065.1,8056.1,9.0,4.163210625985882,2019-10-30 13:49:00+00:00,8067.4,2019-10-30 14:30:00+00:00,8059.5380000000005,8057.8460000000005,8067.548000000001,2019-10-30 14:30:00+00:00,8057.8460000000005,SL,0,-1.0,-2.0478723404255277
2019-10-31,setup_or_fib_NDX100_20191031_BUY,LONG,8101.6,8088.8,12.800000000000182,8.630287019199837,2019-10-31 13:46:00+00:00,8108.2,2019-10-31 14:31:00+00:00,8093.689600000001,8091.2832,8105.0816,2019-10-31 14:31:00+00:00,8091.2832,SL,0,-1.0,-1.73678523936147
2019-11-05,setup_or_fib_NDX100_20191105_BUY,LONG,8225.9,8203.9,22.0,5.352945954295918,2019-11-05 15:01:00+00:00,8229.8,2019-11-05 15:07:00+00:00,8212.304,8208.168,8231.884,2019-11-05 15:09:00+00:00,8208.168,SL,2,-1.0,-1.4286750483558557
2019-11-06,setup_or_fib_NDX100_20191106_SELL,SHORT,8205.9,8184.2,21.699999999999818,5.01432304249561,2019-11-06 15:28:00+00:00,8171.9,2019-11-06 16:44:00+00:00,8197.6106,8201.6902,8178.2976,2019-11-06 16:45:00+00:00,8171.4,TP,1,6.424796548682716,5.990195117169728
2019-11-08,setup_or_fib_NDX100_20191108_SELL,SHORT,8225.7,8199.2,26.5,6.49333349792132,2019-11-08 14:59:00+00:00,8183.9,2019-11-08 15:25:00+00:00,8215.577000000001,8220.559000000001,8191.992000000001,2019-11-08 15:32:00+00:00,8220.559000000001,SL,7,-1.0,-1.355881172219994
2019-11-14,setup_or_fib_NDX100_20191114_BUY,LONG,8249.4,8229.9,19.5,6.5351706241169,2019-11-14 15:03:00+00:00,8256.2,2019-11-14 15:46:00+00:00,8237.349,8233.683,8254.704,2019-11-14 15:51:00+00:00,8233.683,SL,5,-1.0,-1.4836333878888048
2019-11-15,setup_or_fib_NDX100_20191115_SELL,SHORT,8309.9,8286.9,23.0,5.761683489763595,2019-11-15 14:58:00+00:00,8281.9,2019-11-15 15:17:00+00:00,8301.114,8305.437999999998,8280.644,2019-11-15 15:22:00+00:00,8305.437999999998,SL,5,-1.0,-1.410037002775331
2019-11-20,setup_or_fib_NDX100_20191120_BUY,LONG,8321.9,8307.7,14.199999999998909,8.509475848763648,2019-11-20 14:48:00+00:00,8323.9,2019-11-20 14:53:00+00:00,8313.1244,8310.454800000001,8325.7624,2019-11-20 15:01:00+00:00,8325.7624,TP,8,4.734042553192425,4.0698981120774675
2019-11-21,setup_or_fib_NDX100_20191121_BUY,LONG,8277.4,8254.4,23.0,9.490785565880817,2019-11-21 15:13:00+00:00,8280.4,2019-11-21 15:16:00+00:00,8263.186,8258.862000000001,8283.655999999999,2019-11-21 15:16:00+00:00,8258.862000000001,SL,0,-1.0,-1.410037002775331
2019-11-22,setup_or_fib_NDX100_20191122_SELL,SHORT,8291.2,8272.8,18.400000000001455,7.222392291769797,2019-11-22 14:55:00+00:00,8270.4,2019-11-22 15:00:00+00:00,8284.1712,8287.6304,8267.795199999999,2019-11-22 15:09:00+00:00,8267.795199999999,TP,9,4.734042553192994,4.221496299723884
2019-11-26,setup_or_fib_NDX100_20191126_SELL,SHORT,8379.8,8364.3,15.5,5.148243793016499,2019-11-26 14:45:00+00:00,8362.2,2019-11-26 14:48:00+00:00,8373.878999999999,8376.793,8360.083999999999,2019-11-26 14:52:00+00:00,8376.793,SL,4,-1.0,-1.608442004117911
2019-11-28,setup_or_fib_NDX100_20191128_SELL,SHORT,8437.2,8432.9,4.300000000001091,3.6131251275412777,2019-11-28 15:37:00+00:00,8431.3,2019-11-28 16:22:00+00:00,8435.5574,8436.3658,8431.730399999999,2019-11-28 16:34:00+00:00,8436.7,SL,12,-1.4134092033661445,-3.606630381001271
2019-11-29,setup_or_fib_NDX100_20191129_BUY,LONG,8428.3,8416.9,11.399999999999636,4.5997835692536215,2019-11-29 14:58:00+00:00,8435.7,2019-11-29 15:31:00+00:00,8421.254799999999,8419.1116,8431.4008,2019-11-29 15:47:00+00:00,8431.4008,TP,16,4.734042553194848,3.9067749160162615
2019-12-03,setup_or_fib_NDX100_20191203_SELL,SHORT,8219.2,8181.2,38.00000000000091,11.711548204522547,2019-12-03 14:48:00+00:00,8164.2,2019-12-03 15:17:00+00:00,8204.684000000001,8211.828000000001,8170.864,2019-12-03 15:17:00+00:00,8211.828000000001,SL,0,-1.0,-1.2481802911534072
2019-12-18,setup_or_fib_NDX100_20191218_SELL,SHORT,8595.2,8582.7,12.5,4.090830716925293,2019-12-18 14:58:00+00:00,8575.9,2019-12-18 15:39:00+00:00,8590.425000000001,8592.775000000001,8579.300000000001,2019-12-18 15:41:00+00:00,8592.775000000001,SL,2,-1.0,-1.7544680851062662
2019-12-20,setup_or_fib_NDX100_20191220_SELL,SHORT,8681.7,8659.2,22.5,5.96392869203301,2019-12-20 14:58:00+00:00,8655.7,2019-12-20 16:08:00+00:00,8673.105000000001,8677.335000000001,8653.08,2019-12-20 16:30:00+00:00,8677.335000000001,SL,22,-1.0,-1.419148936170256
2019-12-23,setup_or_fib_NDX100_20191223_SELL,SHORT,8704.7,8692.9,11.800000000001091,4.4779701691623055,2019-12-23 15:05:00+00:00,8690.7,2019-12-23 15:41:00+00:00,8700.1924,8702.410800000001,8689.6904,2019-12-23 15:56:00+00:00,8702.410800000001,SL,15,-1.0,-1.799224666425689
2019-12-24,setup_or_fib_NDX100_20191224_SELL,SHORT,8707.4,8687.7,19.69999999999891,2.5478129497883386,2019-12-24 14:45:00+00:00,8680.4,2019-12-24 16:31:00+00:00,8699.8746,8703.5782,8682.341600000002,2019-12-24 17:00:00+00:00,8697.2,TIME,29,0.7221622205416173,0.24343881628639297
2020-01-08,setup_or_fib_NDX100_20200108_BUY,LONG,8870.1,8832.6,37.5,11.73893014889877,2020-01-08 14:54:00+00:00,8879.8,2020-01-08 15:48:00+00:00,8846.925000000001,8839.875,8880.300000000001,2020-01-08 15:49:00+00:00,8839.875,SL,1,-1.0,-1.2514893617020886
2020-01-09,setup_or_fib_NDX100_20200109_SELL,SHORT,9003.6,8980.6,23.0,7.797206032816738,2020-01-09 14:47:00+00:00,8977.8,2020-01-09 14:53:00+00:00,8994.814,8999.137999999999,8974.344000000001,2020-01-09 15:01:00+00:00,8974.344000000001,TP,8,4.734042553192756,4.324005550417425
2020-01-14,setup_or_fib_NDX100_20200114_SELL,SHORT,9069.6,9036.6,33.0,9.804237320809287,2020-01-14 14:51:00+00:00,9019.6,2020-01-14 15:31:00+00:00,9056.994,9063.198,9027.624,2020-01-14 15:32:00+00:00,9063.198,SL,1,-1.0,-1.2857833655706123
2020-01-16,setup_or_fib_NDX100_20200116_BUY,LONG,9099.8,9073.1,26.69999999999891,6.186733339771276,2020-01-16 15:07:00+00:00,9105.1,2020-01-16 15:51:00+00:00,9083.2994,9078.2798,9107.062399999999,2020-01-16 15:55:00+00:00,9078.2798,SL,4,-1.0,-1.353215395649082
2020-01-20,setup_or_fib_NDX100_20200120_SELL,SHORT,9159.8,9151.8,8.0,3.427768753187183,2020-01-20 15:35:00+00:00,9149.8,2020-01-20 15:57:00+00:00,9156.743999999999,9158.248,9149.624,2020-01-20 16:25:00+00:00,9158.248,SL,28,-1.0,-2.1788563829780845
2020-01-22,setup_or_fib_NDX100_20200122_BUY,LONG,9229.1,9200.1,29.0,6.063481306439243,2020-01-22 15:26:00+00:00,9241.3,2020-01-22 16:14:00+00:00,9211.178,9205.726,9236.988000000001,2020-01-22 17:00:00+00:00,9218.6,TIME,46,1.3613352898021664,1.0361335289804088
2020-01-27,setup_or_fib_NDX100_20200127_BUY,LONG,8971.2,8916.0,55.20000000000073,16.406126534285022,2020-01-27 14:48:00+00:00,8984.8,2020-01-27 16:20:00+00:00,8937.0864,8926.7088,8986.2144,2020-01-27 17:00:00+00:00,8966.8,TIME,40,2.8632439099598845,2.6923951588035444
2020-01-30,setup_or_fib_NDX100_20200130_SELL,SHORT,9107.3,9037.5,69.79999999999927,14.720630825001297,2020-01-30 15:45:00+00:00,9016.8,2020-01-30 16:53:00+00:00,9080.6364,9093.7588,9018.5144,2020-01-30 17:00:00+00:00,9066.8,TIME,7,1.0544107785161199,0.9192982990916264
2020-02-11,setup_or_fib_NDX100_20200211_BUY,LONG,9571.6,9529.1,42.5,7.922554406114718,2020-02-11 15:07:00+00:00,9601.5,2020-02-11 16:41:00+00:00,9545.335000000001,9537.345,9583.16,2020-02-11 17:00:00+00:00,9551.8,TIME,19,0.8091364205252856,0.5872340425528644
2020-02-12,setup_or_fib_NDX100_20200212_SELL,SHORT,9595.5,9571.7,23.799999999999272,6.720339704137143,2020-02-12 14:50:00+00:00,9551.1,2020-02-12 16:13:00+00:00,9586.4084,9590.882800000001,9565.226400000001,2020-02-12 16:20:00+00:00,9590.882800000001,SL,7,-1.0,-1.396254246379317
2020-02-13,setup_or_fib_NDX100_20200213_BUY,LONG,9568.2,9529.3,38.900000000001455,12.246298651798655,2020-02-13 14:51:00+00:00,9582.1,2020-02-13 15:03:00+00:00,9544.1598,9536.846599999999,9578.7808,2020-02-13 15:19:00+00:00,9578.7808,TP,16,4.734042553191299,4.4916042225016035
2020-02-14,setup_or_fib_NDX100_20200214_SELL,SHORT,9631.1,9599.8,31.30000000000109,7.701522043974167,2020-02-14 14:50:00+00:00,9585.0,2020-02-14 15:47:00+00:00,9619.1434,9625.0278,9591.286399999999,2020-02-14 15:51:00+00:00,9625.0278,SL,4,-1.0,-1.3013051458093092
2020-02-18,setup_or_fib_NDX100_20200218_BUY,LONG,9607.8,9567.6,40.19999999999891,10.06329432170563,2020-02-18 14:53:00+00:00,9620.1,2020-02-18 16:27:00+00:00,9582.9564,9575.3988,9618.7344,2020-02-18 16:41:00+00:00,9575.3988,SL,14,-1.0,-1.2345982851699489
2020-02-20,setup_or_fib_NDX100_20200220_BUY,LONG,9709.2,9676.6,32.600000000000364,9.380862227897824,2020-02-20 15:06:00+00:00,9715.6,2020-02-20 15:22:00+00:00,9689.0532,9682.9244,9718.067200000001,2020-02-20 16:01:00+00:00,9682.9244,SL,39,-1.0,-1.2892899099334096
2020-02-24,setup_or_fib_NDX100_20200224_BUY,LONG,9172.0,9034.1,137.89999999999964,27.154109303153632,2020-02-24 14:47:00+00:00,9193.6,2020-02-24 16:46:00+00:00,9086.7778,9060.8526,9209.5088,2020-02-24 17:00:00+00:00,9102.1,TIME,14,0.5910156912965266,0.5226266335457659
2020-02-27,setup_or_fib_NDX100_20200227_SELL,SHORT,8715.6,8626.2,89.39999999999964,34.524877274912384,2020-02-27 14:47:00+00:00,8601.3,2020-02-27 14:55:00+00:00,8681.449200000001,8698.2564,8601.8832,2020-02-27 15:23:00+00:00,8601.8832,TP,28,4.734042553191734,4.628552049122045
2020-03-02,setup_or_fib_NDX100_20200302_SELL,SHORT,8592.7,8483.2,109.5,50.58293993502996,2020-03-02 15:05:00+00:00,8441.3,2020-03-02 15:45:00+00:00,8550.871000000001,8571.457,8453.416000000001,2020-03-02 15:50:00+00:00,8571.457,SL,5,-1.0,-1.0861264937336081
2020-03-03,setup_or_fib_NDX100_20200303_SELL,SHORT,8901.7,8801.7,100.0,42.13722226089686,2020-03-03 14:50:00+00:00,8744.5,2020-03-03 15:00:00+00:00,8863.5,8882.300000000001,8774.5,2020-03-03 15:00:00+00:00,8882.300000000001,SL,0,-1.0,-1.0943085106382924
2020-03-04,setup_or_fib_NDX100_20200304_SELL,SHORT,8782.2,8687.5,94.70000000000073,27.88908499888457,2020-03-04 14:54:00+00:00,8665.6,2020-03-04 15:13:00+00:00,8746.0246,8763.8282,8661.7416,2020-03-04 15:17:00+00:00,8763.8282,SL,4,-1.0,-1.0995866004628319
2020-03-06,setup_or_fib_NDX100_20200306_SELL,SHORT,8462.0,8382.6,79.39999999999964,41.664967930155555,2020-03-06 14:51:00+00:00,8365.5,2020-03-06 15:00:00+00:00,8431.6692,8446.5964,8361.003200000001,2020-03-06 15:05:00+00:00,8446.5964,SL,5,-1.0,-1.1187764617610798
2020-03-10,setup_or_fib_NDX100_20200310_BUY,LONG,8223.6,8177.6,46.0,39.0944694161416,2020-03-10 13:52:00+00:00,8257.5,2020-03-10 14:32:00+00:00,8195.172,8186.524,8236.112000000001,2020-03-10 14:33:00+00:00,8236.112000000001,TP,1,4.734042553191473,4.529024051803872
2020-03-11,setup_or_fib_NDX100_20200311_SELL,SHORT,8128.7,8084.6,44.099999999999454,43.772028969619484,2020-03-11 13:58:00+00:00,8077.7,2020-03-11 14:08:00+00:00,8111.8538,8120.1446,8072.6048,2020-03-11 14:09:00+00:00,8120.1446,SL,1,-1.0,-1.213851498046033
2020-03-19,setup_or_fib_NDX100_20200319_BUY,LONG,7139.7,7060.6,79.09999999999945,66.19561018896884,2020-03-19 13:46:00+00:00,7216.6,2020-03-19 14:33:00+00:00,7090.8162,7075.9454,7161.2152,2020-03-19 14:40:00+00:00,7075.9454,SL,7,-1.0,-1.119226941388488
2020-03-23,setup_or_fib_NDX100_20200323_BUY,LONG,7185.5,7055.2,130.30000000000018,75.87449686484452,2020-03-23 13:55:00+00:00,7219.5,2020-03-23 14:17:00+00:00,7104.9746,7080.4782000000005,7220.9416,2020-03-23 14:21:00+00:00,7080.4782000000005,SL,4,-1.0,-1.0723779820708377
2020-03-31,setup_or_fib_NDX100_20200331_SELL,SHORT,7890.9,7836.2,54.69999999999982,30.838628113065838,2020-03-31 13:49:00+00:00,7814.2,2020-03-31 14:04:00+00:00,7870.004599999999,7880.2882,7821.3216,2020-03-31 14:05:00+00:00,7880.2882,SL,1,-1.0,-1.172410439923751
2020-04-01,setup_or_fib_NDX100_20200401_BUY,LONG,7649.4,7578.9,70.5,31.827587083685067,2020-04-01 14:32:00+00:00,7701.6,2020-04-01 15:46:00+00:00,7605.830999999999,7592.577,7668.576,2020-04-01 16:00:00+00:00,7616.1,TIME,14,0.7747849705750657,0.6410140334994557
2020-04-02,setup_or_fib_NDX100_20200402_SELL,SHORT,7537.1,7436.0,101.10000000000036,36.987949909588096,2020-04-02 13:46:00+00:00,7426.4,2020-04-02 14:00:00+00:00,7498.4798,7517.4866,7408.5008,2020-04-02 14:09:00+00:00,7517.4866,SL,9,-1.0,-1.0932824041921834
2020-04-08,setup_or_fib_NDX100_20200408_SELL,SHORT,8164.7,8112.6,52.099999999999454,30.878994353613077,2020-04-08 13:49:00+00:00,8055.7,2020-04-08 14:58:00+00:00,8144.7978,8154.5926,8098.428800000001,2020-04-08 15:16:00+00:00,8154.5926,SL,18,-1.0,-1.181014415812478
2020-04-13,setup_or_fib_NDX100_20200413_SELL,SHORT,8255.2,8189.0,66.20000000000073,19.901670406150835,2020-04-13 13:47:00+00:00,8174.2,2020-04-13 14:05:00+00:00,8229.911600000001,8242.3572,8170.9936,2020-04-13 14:25:00+00:00,8170.9936,TP,20,4.73404255319195,4.591582567333483
2020-04-15,setup_or_fib_NDX100_20200415_SELL,SHORT,8577.6,8511.3,66.30000000000109,23.249206584764234,2020-04-15 13:45:00+00:00,8498.5,2020-04-15 14:11:00+00:00,8552.2734,8564.737799999999,8493.266399999999,2020-04-15 14:45:00+00:00,8564.737799999999,SL,34,-1.0,-1.142245114084926
2020-04-16,setup_or_fib_NDX100_20200416_SELL,SHORT,8708.3,8657.8,50.5,24.860463599339756,2020-04-16 13:58:00+00:00,8602.5,2020-04-16 14:41:00+00:00,8689.009,8698.502999999999,8644.063999999998,2020-04-16 14:43:00+00:00,8698.502999999999,SL,2,-1.0,-1.1867495260164556
2020-04-22,setup_or_fib_NDX100_20200422_SELL,SHORT,8610.3,8554.8,55.5,21.114652324047476,2020-04-22 13:48:00+00:00,8547.0,2020-04-22 13:59:00+00:00,8589.099,8599.533,8539.704,2020-04-22 14:25:00+00:00,8599.533,SL,26,-1.0,-1.1699252443933412
2020-04-24,setup_or_fib_NDX100_20200424_SELL,SHORT,8677.2,8627.3,49.900000000001455,19.65715663738127,2020-04-24 13:46:00+00:00,8594.3,2020-04-24 14:21:00+00:00,8658.1382,8667.5194,8613.7272,2020-04-24 14:35:00+00:00,8667.5194,SL,14,-1.0,-1.188995011299198
2020-04-27,setup_or_fib_NDX100_20200427_BUY,LONG,8870.0,8831.5,38.5,15.005692438985328,2020-04-27 13:57:00+00:00,8887.2,2020-04-27 14:35:00+00:00,8846.207,8838.969,8880.472,2020-04-27 14:35:00+00:00,8838.969,SL,0,-1.0,-1.244957170489045
2020-05-06,setup_or_fib_NDX100_20200506_SELL,SHORT,9039.5,8983.6,55.899999999999636,15.428056158747427,2020-05-06 14:04:00+00:00,8947.2,2020-05-06 14:35:00+00:00,9018.1462,9028.6554,8968.3952,2020-05-06 14:44:00+00:00,9028.6554,SL,9,-1.0,-1.168709321356519
2020-05-07,setup_or_fib_NDX100_20200507_SELL,SHORT,9117.5,9068.6,48.899999999999636,14.329875096840265,2020-05-07 14:07:00+00:00,9041.8,2020-05-07 15:43:00+00:00,9098.8202,9108.0134,9055.299200000001,2020-05-07 15:44:00+00:00,9108.0134,SL,1,-1.0,-1.1928599399556254
2020-05-12,setup_or_fib_NDX100_20200512_SELL,SHORT,9352.7,9272.5,80.20000000000073,16.459307170436574,2020-05-12 13:50:00+00:00,9244.7,2020-05-12 14:42:00+00:00,9322.063600000001,9337.1412,9250.6856,2020-05-12 15:22:00+00:00,9337.1412,SL,40,-1.0,-1.1175916591500075
2020-05-13,setup_or_fib_NDX100_20200513_BUY,LONG,9149.1,9052.1,97.0,21.162356324997962,2020-05-13 14:02:00+00:00,9209.6,2020-05-13 15:22:00+00:00,9089.154,9070.918,9175.484,2020-05-13 15:25:00+00:00,9070.918,SL,3,-1.0,-1.097225268699272
2020-05-14,setup_or_fib_NDX100_20200514_SELL,SHORT,8982.2,8919.7,62.5,26.491967533984695,2020-05-14 13:48:00+00:00,8854.8,2020-05-14 15:13:00+00:00,8958.325,8970.075,8902.7,2020-05-14 15:15:00+00:00,8970.075,SL,2,-1.0,-1.1508936170212767
2020-05-15,setup_or_fib_NDX100_20200515_BUY,LONG,9015.7,8950.8,64.90000000000146,28.52049185729087,2020-05-15 13:53:00+00:00,9063.5,2020-05-15 15:00:00+00:00,8975.5918,8963.390599999999,9033.3528,2020-05-15 15:01:00+00:00,8963.390599999999,SL,1,-1.0,-1.1453135757138484
2020-05-18,setup_or_fib_NDX100_20200518_BUY,LONG,9296.0,9255.5,40.5,18.3580734329697,2020-05-18 13:45:00+00:00,9305.5,2020-05-18 13:49:00+00:00,9270.971,9263.357,9307.016,2020-05-18 13:53:00+00:00,9263.357,SL,4,-1.0,-1.2328605200945755
2020-05-22,setup_or_fib_NDX100_20200522_BUY,LONG,9371.5,9323.3,48.20000000000073,16.985377691369845,2020-05-22 13:53:00+00:00,9401.6,2020-05-22 15:25:00+00:00,9341.7124,9332.6508,9384.6104,2020-05-22 16:00:00+00:00,9366.5,TIME,35,2.735455107265513,2.5397942968126324
2020-05-29,setup_or_fib_NDX100_20200529_BUY,LONG,9468.3,9425.8,42.5,19.313590651501816,2020-05-29 13:46:00+00:00,9486.5,2020-05-29 14:07:00+00:00,9442.035,9434.044999999998,9479.859999999999,2020-05-29 14:08:00+00:00,9434.044999999998,SL,1,-1.0,-1.2219023779724212
2020-06-02,setup_or_fib_NDX100_20200602_SELL,SHORT,9607.8,9573.2,34.599999999998545,12.118259919856488,2020-06-02 13:48:00+00:00,9561.0,2020-06-02 14:00:00+00:00,9594.5828,9601.087599999999,9563.7888,2020-06-02 14:03:00+00:00,9601.087599999999,SL,3,-1.0,-1.2725679498217206
2020-06-03,setup_or_fib_NDX100_20200603_BUY,LONG,9699.0,9655.7,43.29999999999927,13.641059915374958,2020-06-03 14:00:00+00:00,9707.1,2020-06-03 14:13:00+00:00,9672.240600000001,9664.1002,9710.7776,2020-06-03 16:00:00+00:00,9678.7,TIME,107,0.7934990909537065,0.575696525969191
2020-06-04,setup_or_fib_NDX100_20200604_BUY,LONG,9709.2,9672.0,37.20000000000073,14.96076891038127,2020-06-04 13:45:00+00:00,9744.5,2020-06-04 15:10:00+00:00,9686.2104,9679.2168,9719.3184,2020-06-04 15:10:00+00:00,9679.2168,SL,0,-1.0,-1.2535175017158622
2020-06-08,setup_or_fib_NDX100_20200608_SELL,SHORT,9829.1,9793.2,35.899999999999636,15.031534464218863,2020-06-08 13:47:00+00:00,9748.5,2020-06-08 15:12:00+00:00,9815.3862,9822.135400000001,9783.435200000002,2020-06-08 15:22:00+00:00,9822.135400000001,SL,10,-1.0,-1.2626978012208776
2020-06-10,setup_or_fib_NDX100_20200610_BUY,LONG,10067.6,10025.7,41.899999999999636,13.89487360591913,2020-06-10 14:00:00+00:00,10079.3,2020-06-10 14:19:00+00:00,10041.7058,10033.8286,10078.9968,2020-06-10 14:20:00+00:00,10033.8286,SL,1,-1.0,-1.2250799776570642
2020-06-11,setup_or_fib_NDX100_20200611_BUY,LONG,9954.1,9877.0,77.10000000000036,24.710698145474755,2020-06-11 14:12:00+00:00,9980.3,2020-06-11 14:56:00+00:00,9906.4522,9891.957400000001,9975.0712,2020-06-11 14:59:00+00:00,9891.957400000001,SL,3,-1.0,-1.1223197284543542
2020-06-16,setup_or_fib_NDX100_20200616_BUY,LONG,9996.6,9953.7,42.899999999999636,20.852028042841507,2020-06-16 13:45:00+00:00,10009.4,2020-06-16 13:50:00+00:00,9970.087800000001,9962.0226,10008.2688,2020-06-16 13:51:00+00:00,9962.0226,SL,1,-1.0,-1.2198333581312055
2020-06-17,setup_or_fib_NDX100_20200617_BUY,LONG,10024.2,9987.1,37.100000000000364,17.45925649391466,2020-06-17 13:45:00+00:00,10028.6,2020-06-17 13:55:00+00:00,10001.272200000001,9994.2974,10034.291200000001,2020-06-17 13:56:00+00:00,9994.2974,SL,1,-1.0,-1.2542008372999294
2020-06-18,setup_or_fib_NDX100_20200618_BUY,LONG,9992.3,9952.7,39.599999999998545,21.888219199020877,2020-06-18 13:49:00+00:00,10001.5,2020-06-18 14:22:00+00:00,9967.8272,9960.3824,10003.071199999998,2020-06-18 14:23:00+00:00,9960.3824,SL,1,-1.0,-1.2381528046421886
2020-06-19,setup_or_fib_NDX100_20200619_BUY,LONG,10111.7,10086.1,25.600000000000364,14.49718556343434,2020-06-19 13:49:00+00:00,10119.2,2020-06-19 13:58:00+00:00,10095.879200000001,10091.0664,10118.6632,2020-06-19 14:01:00+00:00,10091.0664,SL,3,-1.0,-1.368392619680735
2020-06-23,setup_or_fib_NDX100_20200623_BUY,LONG,10211.5,10171.2,40.29999999999927,12.830167965156809,2020-06-23 13:46:00+00:00,10212.5,2020-06-23 13:54:00+00:00,10186.5946,10179.0182,10222.4616,2020-06-23 14:06:00+00:00,10179.0182,SL,12,-1.0,-1.234016155430022
2020-06-25,setup_or_fib_NDX100_20200625_SELL,SHORT,10028.5,9924.0,104.5,23.739268719276346,2020-06-25 13:47:00+00:00,9898.6,2020-06-25 14:20:00+00:00,9988.581,10008.227,9895.576,2020-06-25 14:24:00+00:00,10008.227,SL,4,-1.0,-1.090247378601239
2020-06-29,setup_or_fib_NDX100_20200629_SELL,SHORT,9863.6,9758.3,105.30000000000109,19.24775815931549,2020-06-29 13:47:00+00:00,9743.8,2020-06-29 14:01:00+00:00,9823.3754,9843.1718,9729.658399999998,2020-06-29 14:13:00+00:00,9843.1718,SL,12,-1.0,-1.089561738497912
2020-07-01,setup_or_fib_NDX100_20200701_SELL,SHORT,10203.1,10141.7,61.399999999999636,17.189567177654286,2020-07-01 13:57:00+00:00,10136.6,2020-07-01 14:02:00+00:00,10179.6452,10191.1884,10124.9992,2020-07-01 14:07:00+00:00,10191.1884,SL,5,-1.0,-1.1535969228637006
2020-07-02,setup_or_fib_NDX100_20200702_BUY,LONG,10422.3,10379.0,43.29999999999927,13.946716213282913,2020-07-02 13:56:00+00:00,10433.2,2020-07-02 14:28:00+00:00,10395.5406,10387.4002,10434.077599999999,2020-07-02 14:28:00+00:00,10387.4002,SL,0,-1.0,-1.2178025649845154
2020-07-08,setup_or_fib_NDX100_20200708_BUY,LONG,10626.3,10577.6,48.69999999999891,14.570265275795412,2020-07-08 13:48:00+00:00,10651.1,2020-07-08 15:07:00+00:00,10596.2034,10587.0478,10639.5464,2020-07-08 15:08:00+00:00,10587.0478,SL,1,-1.0,-1.1936519725632389
2020-07-10,setup_or_fib_NDX100_20200710_SELL,SHORT,10761.5,10669.7,91.79999999999927,17.11867362344046,2020-07-10 14:00:00+00:00,10638.0,2020-07-10 14:26:00+00:00,10726.4324,10743.6908,10644.7304,2020-07-10 14:43:00+00:00,10743.6908,SL,17,-1.0,-1.1027325823946563
2020-07-14,setup_or_fib_NDX100_20200714_SELL,SHORT,10642.1,10495.2,146.89999999999964,33.72076651114598,2020-07-14 13:51:00+00:00,10372.2,2020-07-14 15:33:00+00:00,10585.9842,10613.601400000001,10455.2432,2020-07-14 15:45:00+00:00,10613.601400000001,SL,12,-1.0,-1.0641991222861102
2020-07-22,setup_or_fib_NDX100_20200722_BUY,LONG,10884.5,10834.1,50.399999999999636,19.733992607633994,2020-07-22 13:53:00+00:00,10909.7,2020-07-22 14:30:00+00:00,10853.3528,10843.8776,10898.2088,2020-07-22 14:45:00+00:00,10843.8776,SL,15,-1.0,-1.1871200607902583
2020-07-23,setup_or_fib_NDX100_20200723_BUY,LONG,10856.3,10810.1,46.19999999999891,18.61274070795316,2020-07-23 13:45:00+00:00,10882.1,2020-07-23 14:07:00+00:00,10827.7484,10819.0628,10868.866399999999,2020-07-23 14:11:00+00:00,10819.0628,SL,4,-1.0,-1.2041309754075546
2020-07-27,setup_or_fib_NDX100_20200727_BUY,LONG,10622.3,10526.2,96.09999999999854,16.383071534985362,2020-07-27 13:49:00+00:00,10647.5,2020-07-27 15:24:00+00:00,10562.9102,10544.8434,10648.439199999999,2020-07-27 15:29:00+00:00,10544.8434,SL,5,-1.0,-1.0981358071158118
2020-07-28,setup_or_fib_NDX100_20200728_SELL,SHORT,10656.1,10590.0,66.10000000000036,19.010171776612797,2020-07-28 13:51:00+00:00,10567.8,2020-07-28 14:25:00+00:00,10630.8498,10643.276600000001,10572.0208,2020-07-28 15:14:00+00:00,10643.276600000001,SL,49,-1.0,-1.1426755077735091
2020-07-29,setup_or_fib_NDX100_20200729_SELL,SHORT,10623.5,10589.3,34.20000000000073,14.819167806011805,2020-07-29 13:49:00+00:00,10583.5,2020-07-29 13:56:00+00:00,10610.435599999999,10616.865199999998,10579.997599999999,2020-07-29 13:58:00+00:00,10616.865199999998,SL,2,-1.0,-1.2757558790593726
2020-07-30,setup_or_fib_NDX100_20200730_SELL,SHORT,10627.6,10562.6,65.0,23.718618874910412,2020-07-30 13:57:00+00:00,10526.3,2020-07-30 14:39:00+00:00,10602.77,10614.99,10544.92,2020-07-30 15:03:00+00:00,10614.99,SL,24,-1.0,-1.1450900163666198
2020-08-03,setup_or_fib_NDX100_20200803_BUY,LONG,11053.3,10992.0,61.29999999999927,14.85315466816263,2020-08-03 14:00:00+00:00,11078.7,2020-08-03 14:46:00+00:00,11015.4166,11003.892199999998,11069.9736,2020-08-03 14:52:00+00:00,11003.892199999998,SL,6,-1.0,-1.1538474888063313
2020-08-04,setup_or_fib_NDX100_20200804_BUY,LONG,11060.6,11017.8,42.80000000000109,15.495974555999041,2020-08-04 13:45:00+00:00,11093.1,2020-08-04 15:25:00+00:00,11034.149599999999,11026.1032,11072.241600000001,2020-08-04 16:00:00+00:00,11056.5,TIME,35,2.7776894014718643,2.557342413999186
2020-08-06,setup_or_fib_NDX100_20200806_SELL,SHORT,11131.0,11092.6,38.399999999999636,15.071832530462855,2020-08-06 13:50:00+00:00,11084.5,2020-08-06 13:56:00+00:00,11116.3312,11123.5504,11082.155200000001,2020-08-06 13:58:00+00:00,11123.5504,SL,2,-1.0,-1.2455950797872495
2020-08-07,setup_or_fib_NDX100_20200807_BUY,LONG,11247.8,11215.8,32.0,15.714531264433024,2020-08-07 13:47:00+00:00,11259.0,2020-08-07 14:05:00+00:00,11228.024,11222.008,11256.503999999999,2020-08-07 14:20:00+00:00,11222.008,SL,15,-1.0,-1.2947140957446994
2020-08-11,setup_or_fib_NDX100_20200811_BUY,LONG,11038.1,10965.0,73.10000000000036,21.395585897621178,2020-08-11 13:46:00+00:00,11049.8,2020-08-11 14:02:00+00:00,10992.9242,10979.181400000001,11057.9832,2020-08-11 14:04:00+00:00,10979.181400000001,SL,2,-1.0,-1.1290130104491252
2020-08-18,setup_or_fib_NDX100_20200818_SELL,SHORT,11385.2,11330.1,55.100000000000364,10.664569189894161,2020-08-18 13:54:00+00:00,11275.1,2020-08-18 15:55:00+00:00,11364.151800000001,11374.510600000001,11315.1128,2020-08-18 16:00:00+00:00,11361.3,TIME,5,0.2753021585513952,0.1041433370662807
2020-08-19,setup_or_fib_NDX100_20200819_SELL,SHORT,11417.5,11370.0,47.5,9.618537827330776,2020-08-19 13:45:00+00:00,11336.2,2020-08-19 14:24:00+00:00,11399.355,11408.285,11357.08,2020-08-19 14:31:00+00:00,11408.285,SL,7,-1.0,-1.1985442329227258
2020-08-21,setup_or_fib_NDX100_20200821_BUY,LONG,11491.3,11457.1,34.19999999999891,18.32081879604829,2020-08-21 13:47:00+00:00,11506.0,2020-08-21 14:05:00+00:00,11470.1644,11463.7348,11500.6024,2020-08-21 14:16:00+00:00,11500.6024,TP,11,4.734042553191887,4.458286674132514
2020-08-27,setup_or_fib_NDX100_20200827_SELL,SHORT,12017.6,11916.0,101.60000000000036,18.405272298226926,2020-08-27 14:12:00+00:00,11906.7,2020-08-27 14:22:00+00:00,11978.7888,11997.8896,11888.3648,2020-08-27 14:29:00+00:00,11997.8896,SL,7,-1.0,-1.0928233372424183
2020-08-28,setup_or_fib_NDX100_20200828_SELL,SHORT,12007.0,11975.8,31.200000000000728,16.517884731708644,2020-08-28 13:46:00+00:00,11950.8,2020-08-28 13:57:00+00:00,11995.0816,12000.9472,11967.3136,2020-08-28 13:59:00+00:00,12000.9472,SL,2,-1.0,-1.3022708674303907
2020-09-07,setup_or_fib_NDX100_20200907_BUY,LONG,11477.8,11451.1,26.69999999999891,25.92099184698399,2020-09-07 13:47:00+00:00,11493.0,2020-09-07 13:51:00+00:00,11461.2994,11456.2798,11485.062399999999,2020-09-07 13:56:00+00:00,11456.2798,SL,5,-1.0,-1.353215395649082
2020-09-09,setup_or_fib_NDX100_20200909_SELL,SHORT,11303.8,11206.7,97.09999999999854,40.68737845732877,2020-09-09 13:51:00+00:00,11188.7,2020-09-09 14:00:00+00:00,11266.7078,11284.962599999999,11180.2888,2020-09-09 14:00:00+00:00,11284.962599999999,SL,0,-1.0,-1.0971251396892936
2020-09-10,setup_or_fib_NDX100_20200910_SELL,SHORT,11548.7,11486.6,62.100000000000364,36.614606837041116,2020-09-10 13:50:00+00:00,11459.5,2020-09-10 13:56:00+00:00,11524.9778,11536.652600000001,11469.7088,2020-09-10 14:01:00+00:00,11536.652600000001,SL,5,-1.0,-1.1518655565834015
2020-09-11,setup_or_fib_NDX100_20200911_SELL,SHORT,11281.5,11170.1,111.39999999999964,29.121305531455327,2020-09-11 13:56:00+00:00,11101.0,2020-09-11 14:49:00+00:00,11238.9452,11259.8884,11139.799200000001,2020-09-11 15:09:00+00:00,11259.8884,SL,20,-1.0,-1.0846575499446134
2020-09-15,setup_or_fib_NDX100_20200915_BUY,LONG,11462.2,11415.2,47.0,16.15688694332706,2020-09-15 13:53:00+00:00,11485.5,2020-09-15 14:15:00+00:00,11433.154,11424.318000000001,11474.984,2020-09-15 14:21:00+00:00,11424.318000000001,SL,6,-1.0,-1.2006564056134148
2020-09-21,setup_or_fib_NDX100_20200921_BUY,LONG,10828.0,10721.7,106.29999999999927,38.622538806148704,2020-09-21 13:48:00+00:00,10856.2,2020-09-21 14:04:00+00:00,10762.3066,10742.3222,10856.9136,2020-09-21 14:26:00+00:00,10742.3222,SL,22,-1.0,-1.0887192009767648
2020-09-22,setup_or_fib_NDX100_20200922_SELL,SHORT,11092.2,11005.2,87.0,27.266822951195913,2020-09-22 13:45:00+00:00,10968.7,2020-09-22 14:14:00+00:00,11058.966,11075.322,10981.536,2020-09-22 14:56:00+00:00,10981.536,TP,42,4.734042553191575,4.625641966251001
2020-09-25,setup_or_fib_NDX100_20200925_SELL,SHORT,10930.7,10865.5,65.20000000000073,27.887189668148594,2020-09-25 13:47:00+00:00,10849.1,2020-09-25 13:58:00+00:00,10905.7936,10918.0512,10847.7656,2020-09-25 13:59:00+00:00,10918.0512,SL,1,-1.0,-1.1446449549667264
2020-09-29,setup_or_fib_NDX100_20200929_BUY,LONG,11391.8,11341.8,50.0,19.39023960443395,2020-09-29 14:11:00+00:00,11396.5,2020-09-29 14:26:00+00:00,11360.9,11351.5,11405.4,2020-09-29 14:33:00+00:00,11351.5,SL,6,-1.0,-1.188617021276603
2020-10-01,setup_or_fib_NDX100_20201001_SELL,SHORT,11577.2,11545.2,32.0,22.614934864073838,2020-10-01 13:46:00+00:00,11483.5,2020-10-01 15:35:00+00:00,11564.976,11570.992,11536.496000000001,2020-10-01 15:49:00+00:00,11536.496000000001,TP,14,4.734042553191714,4.439328457447015
2020-10-02,setup_or_fib_NDX100_20201002_BUY,LONG,11429.3,11311.5,117.79999999999927,35.46981538338926,2020-10-02 13:48:00+00:00,11477.5,2020-10-02 15:34:00+00:00,11356.4996,11334.3532,11461.3416,2020-10-02 15:40:00+00:00,11334.3532,SL,6,-1.0,-1.080058158436587
2020-10-06,setup_or_fib_NDX100_20201006_SELL,SHORT,11493.7,11452.0,41.70000000000073,14.939304744305568,2020-10-06 13:45:00+00:00,11433.7,2020-10-06 14:00:00+00:00,11477.7706,11485.610200000001,11440.6576,2020-10-06 14:02:00+00:00,11485.610200000001,SL,2,-1.0,-1.2261594979335346
2020-10-07,setup_or_fib_NDX100_20201007_SELL,SHORT,11446.8,11399.2,47.599999999998545,17.35906275945378,2020-10-07 14:11:00+00:00,11377.5,2020-10-07 14:56:00+00:00,11428.6168,11437.565599999998,11386.252800000002,2020-10-07 15:00:00+00:00,11437.565599999998,SL,4,-1.0,-1.198127123189739
2020-10-12,setup_or_fib_NDX100_20201012_SELL,SHORT,11957.1,11887.7,69.39999999999964,19.903931180217132,2020-10-12 13:55:00+00:00,11879.7,2020-10-12 14:20:00+00:00,11930.5892,11943.636400000001,11868.8232,2020-10-12 14:40:00+00:00,11943.636400000001,SL,20,-1.0,-1.13589122570359
2020-10-13,setup_or_fib_NDX100_20201013_SELL,SHORT,12161.3,12050.6,110.69999999999891,30.267002857090837,2020-10-13 14:06:00+00:00,12040.7,2020-10-13 14:24:00+00:00,12119.0126,12139.8242,12020.4896,2020-10-13 15:08:00+00:00,12139.8242,SL,44,-1.0,-1.0851928732053315
2020-10-14,setup_or_fib_NDX100_20201014_BUY,LONG,12154.5,12078.8,75.70000000000073,21.99431422824039,2020-10-14 13:47:00+00:00,12159.7,2020-10-14 14:05:00+00:00,12107.7174,12093.4858,12175.090400000001,2020-10-14 14:16:00+00:00,12093.4858,SL,11,-1.0,-1.1245819162989477
2020-10-15,setup_or_fib_NDX100_20201015_BUY,LONG,11862.3,11761.3,101.0,28.201240948804163,2020-10-15 13:51:00+00:00,11887.0,2020-10-15 14:30:00+00:00,11799.882,11780.893999999998,11889.771999999999,2020-10-15 14:35:00+00:00,11780.893999999998,SL,5,-1.0,-1.0933747630082098
2020-10-16,setup_or_fib_NDX100_20201016_BUY,LONG,11980.3,11938.1,42.19999999999891,21.27780804815413,2020-10-16 14:00:00+00:00,12033.0,2020-10-16 15:07:00+00:00,11954.2204,11946.286800000002,11991.7784,2020-10-16 15:08:00+00:00,11946.286800000002,SL,1,-1.0,-1.2234798830291846
2020-10-20,setup_or_fib_NDX100_20201020_BUY,LONG,11713.6,11644.5,69.10000000000036,19.556419152890037,2020-10-20 13:59:00+00:00,11748.5,2020-10-20 14:43:00+00:00,11670.896200000001,11657.9054,11732.3952,2020-10-20 14:48:00+00:00,11657.9054,SL,5,-1.0,-1.1364812020814583
2020-10-21,setup_or_fib_NDX100_20201021_BUY,LONG,11750.0,11667.8,82.20000000000073,22.415728671824237,2020-10-21 13:48:00+00:00,11789.5,2020-10-21 15:09:00+00:00,11699.2004,11683.746799999999,11772.358400000001,2020-10-21 15:10:00+00:00,11683.746799999999,SL,1,-1.0,-1.1147305482217682
2020-10-28,setup_or_fib_NDX100_20201028_SELL,SHORT,11445.7,11414.2,31.5,19.161198539501598,2020-10-28 13:45:00+00:00,11394.1,2020-10-28 14:30:00+00:00,11433.667000000001,11439.589,11405.632000000001,2020-10-28 14:31:00+00:00,11405.632000000001,TP,1,4.734042553192535,4.43465045592803
2020-10-29,setup_or_fib_NDX100_20201029_BUY,LONG,11229.7,11174.1,55.600000000000364,25.632653110317396,2020-10-29 14:30:00+00:00,11255.0,2020-10-29 14:39:00+00:00,11195.3392,11184.886400000001,11244.8232,2020-10-29 14:40:00+00:00,11184.886400000001,SL,1,-1.0,-1.1696196234501903
2020-10-30,setup_or_fib_NDX100_20201030_BUY,LONG,11250.8,11207.8,43.0,27.51171126866323,2020-10-30 13:45:00+00:00,11291.6,2020-10-30 14:41:00+00:00,11224.225999999999,11216.141999999998,11262.496,2020-10-30 14:41:00+00:00,11216.141999999998,SL,0,-1.0,-1.2193221177634632
2020-11-02,setup_or_fib_NDX100_20201102_BUY,LONG,11195.5,11121.3,74.20000000000073,22.79007316537516,2020-11-02 14:51:00+00:00,11223.0,2020-11-02 15:35:00+00:00,11149.6444,11135.6948,11215.6824,2020-11-02 15:37:00+00:00,11135.6948,SL,2,-1.0,-1.1271004186499978
2020-11-06,setup_or_fib_NDX100_20201106_SELL,SHORT,12054.2,11918.0,136.20000000000073,31.53463336634287,2020-11-06 14:55:00+00:00,11888.8,2020-11-06 15:27:00+00:00,12002.1716,12027.7772,11880.953599999999,2020-11-06 15:54:00+00:00,12027.7772,SL,27,-1.0,-1.0692426656668832
2020-11-09,setup_or_fib_NDX100_20201109_BUY,LONG,12216.5,12051.5,165.0,70.58456128889235,2020-11-09 15:04:00+00:00,12265.6,2020-11-09 15:51:00+00:00,12114.53,12083.51,12261.38,2020-11-09 16:06:00+00:00,12083.51,SL,15,-1.0,-1.057156673114119
2020-11-10,setup_or_fib_NDX100_20201110_SELL,SHORT,11756.0,11638.2,117.79999999999927,42.32568293251424,2020-11-10 14:47:00+00:00,11511.2,2020-11-10 16:42:00+00:00,11711.0004,11733.1468,11606.1584,2020-11-10 17:00:00+00:00,11667.3,TIME,18,1.9732507314959662,1.8931925730593793
2020-11-12,setup_or_fib_NDX100_20201112_BUY,LONG,11971.1,11888.6,82.5,23.085276061522926,2020-11-12 15:41:00+00:00,11980.1,2020-11-12 16:14:00+00:00,11920.115,11904.605000000001,11993.54,2020-11-12 16:28:00+00:00,11904.605000000001,SL,14,-1.0,-1.1143133462282517
2020-11-17,setup_or_fib_NDX100_20201117_SELL,SHORT,12045.5,11992.2,53.29999999999927,14.920095337967995,2020-11-17 14:45:00+00:00,11966.1,2020-11-17 15:42:00+00:00,12025.1394,12035.159800000001,11977.7024,2020-11-17 15:51:00+00:00,12035.159800000001,SL,9,-1.0,-1.176939044349505
2020-11-18,setup_or_fib_NDX100_20201118_SELL,SHORT,11989.7,11945.2,44.5,15.016519165573317,2020-11-18 14:52:00+00:00,11912.7,2020-11-18 15:49:00+00:00,11972.701000000001,11981.067000000001,11933.096000000001,2020-11-18 15:57:00+00:00,11981.067000000001,SL,8,-1.0,-1.2119292373894337
2020-11-20,setup_or_fib_NDX100_20201120_SELL,SHORT,11985.1,11954.1,31.0,11.617073058272547,2020-11-20 14:55:00+00:00,11948.0,2020-11-20 15:05:00+00:00,11973.258,11979.086000000001,11945.668,2020-11-20 15:06:00+00:00,11979.086000000001,SL,1,-1.0,-1.3042210020589555
2020-11-23,setup_or_fib_NDX100_20201123_BUY,LONG,11983.3,11949.0,34.29999999999927,11.442349786927746,2020-11-23 14:45:00+00:00,12002.8,2020-11-23 15:05:00+00:00,11962.1026,11955.6542,11992.629599999998,2020-11-23 15:06:00+00:00,11955.6542,SL,1,-1.0,-1.2749519260592068
2020-11-25,setup_or_fib_NDX100_20201125_SELL,SHORT,12143.5,12101.1,42.399999999999636,13.908382552178086,2020-11-25 15:04:00+00:00,12079.8,2020-11-25 16:01:00+00:00,12127.3032,12135.2744,12089.567200000001,2020-11-25 16:42:00+00:00,12089.567200000001,TP,41,4.7340425531913874,4.511616820553892
2020-12-01,setup_or_fib_NDX100_20201201_BUY,LONG,12378.7,12329.2,49.5,12.617861777859963,2020-12-01 14:52:00+00:00,12426.7,2020-12-01 15:39:00+00:00,12348.109,12338.803000000002,12392.164,2020-12-01 15:54:00+00:00,12392.164,TP,15,4.734042553192194,4.543520309478434
2020-12-03,setup_or_fib_NDX100_20201203_BUY,LONG,12503.3,12464.2,39.099999999998545,10.883689939477186,2020-12-03 15:03:00+00:00,12538.7,2020-12-03 15:58:00+00:00,12479.1362,12471.7854,12513.935199999998,2020-12-03 16:08:00+00:00,12471.7854,SL,10,-1.0,-1.2411982369265877
2020-12-08,setup_or_fib_NDX100_20201208_SELL,SHORT,12587.1,12536.7,50.399999999999636,10.815715700814174,2020-12-08 14:48:00+00:00,12524.0,2020-12-08 15:07:00+00:00,12567.8472,12577.322400000001,12522.9912,2020-12-08 15:18:00+00:00,12522.9912,TP,11,4.734042553191081,4.546922492400823
2020-12-09,setup_or_fib_NDX100_20201209_BUY,LONG,12631.2,12587.4,43.80000000000109,7.258744470138293,2020-12-09 14:52:00+00:00,12640.2,2020-12-09 15:09:00+00:00,12604.1316,12595.8972,12643.1136,2020-12-09 15:11:00+00:00,12595.8972,SL,2,-1.0,-1.2153162343339823
2020-12-11,setup_or_fib_NDX100_20201211_BUY,LONG,12354.8,12276.9,77.89999999999964,14.978838392151467,2020-12-11 15:12:00+00:00,12358.7,2020-12-11 15:52:00+00:00,12306.657799999999,12292.012599999998,12375.9888,2020-12-11 16:27:00+00:00,12292.012599999998,SL,35,-1.0,-1.1210635566601956
2020-12-22,setup_or_fib_NDX100_20201222_BUY,LONG,12724.0,12684.0,40.0,12.71594476155438,2020-12-22 14:48:00+00:00,12759.0,2020-12-22 15:13:00+00:00,12699.28,12691.76,12734.88,2020-12-22 15:34:00+00:00,12734.88,TP,21,4.734042553191021,4.49827127659529
2020-12-23,setup_or_fib_NDX100_20201223_SELL,SHORT,12728.9,12674.9,54.0,9.358903295233238,2020-12-23 14:45:00+00:00,12655.5,2020-12-23 15:33:00+00:00,12708.271999999999,12718.423999999999,12660.212,2020-12-23 17:00:00+00:00,12702.7,TIME,87,0.5488573680061342,0.37421197793521294
2020-12-24,setup_or_fib_NDX100_20201224_BUY,LONG,12722.3,12662.9,59.399999999999636,6.510944356594126,2020-12-24 14:50:00+00:00,12730.4,2020-12-24 16:00:00+00:00,12685.5908,12674.4236,12738.4568,2020-12-24 16:52:00+00:00,12674.4236,SL,52,-1.0,-1.1587685364281128
2020-12-28,setup_or_fib_NDX100_20201228_SELL,SHORT,12826.2,12795.8,30.400000000001455,8.412530725013886,2020-12-28 14:51:00+00:00,12743.2,2020-12-28 15:57:00+00:00,12814.5872,12820.3024,12787.5312,2020-12-28 16:02:00+00:00,12820.3024,SL,5,-1.0,-1.3102253639417394
2021-01-08,setup_or_fib_NDX100_20210108_BUY,LONG,13060.4,12995.4,65.0,14.41477800934919,2021-01-08 15:19:00+00:00,13063.3,2021-01-08 15:23:00+00:00,13020.23,13008.01,13078.08,2021-01-08 15:26:00+00:00,13008.01,SL,3,-1.0,-1.1450900163666198
2021-01-13,setup_or_fib_NDX100_20210113_BUY,LONG,12925.3,12874.2,51.099999999998545,17.889102039065726,2021-01-13 14:50:00+00:00,12953.9,2021-01-13 15:02:00+00:00,12893.7202,12884.1134,12939.1992,2021-01-13 15:04:00+00:00,12884.1134,SL,2,-1.0,-1.1845567722863055
2021-01-14,setup_or_fib_NDX100_20210114_BUY,LONG,13021.4,12979.2,42.19999999999891,13.238212063653373,2021-01-14 15:41:00+00:00,13038.3,2021-01-14 16:35:00+00:00,12995.3204,12987.386800000002,13032.8784,2021-01-14 16:38:00+00:00,12987.386800000002,SL,3,-1.0,-1.2234798830291846
2021-01-22,setup_or_fib_NDX100_20210122_BUY,LONG,13370.8,13336.8,34.0,14.809654323941805,2021-01-22 14:45:00+00:00,13400.3,2021-01-22 15:28:00+00:00,13349.787999999999,13343.395999999999,13380.047999999999,2021-01-22 15:38:00+00:00,13343.395999999999,SL,10,-1.0,-1.2773779724655896
2021-01-26,setup_or_fib_NDX100_20210126_BUY,LONG,13517.0,13443.2,73.79999999999927,14.92518347005803,2021-01-26 15:48:00+00:00,13542.3,2021-01-26 16:49:00+00:00,13471.3916,13457.5172,13537.0736,2021-01-26 17:00:00+00:00,13468.3,TIME,11,-0.2228276538085559,-0.35061696361654204
2021-01-27,setup_or_fib_NDX100_20210127_SELL,SHORT,13401.2,13229.2,172.0,28.116505354534322,2021-01-27 14:49:00+00:00,13181.3,2021-01-27 15:04:00+00:00,13335.496000000001,13367.832,13182.416000000001,2021-01-27 15:20:00+00:00,13367.832,SL,16,-1.0,-1.054830529440872
2021-01-29,setup_or_fib_NDX100_20210129_BUY,LONG,13142.4,13006.3,136.10000000000036,40.071096425463836,2021-01-29 15:24:00+00:00,13163.9,2021-01-29 16:10:00+00:00,13058.2902,13032.7034,13179.4192,2021-01-29 16:14:00+00:00,13032.7034,SL,4,-1.0,-1.069293541982587
2021-02-01,setup_or_fib_NDX100_20210201_SELL,SHORT,13113.3,13058.5,54.79999999999927,23.430194842916677,2021-02-01 14:45:00+00:00,12981.4,2021-02-01 15:27:00+00:00,13092.366399999999,13102.6688,13043.5944,2021-02-01 15:29:00+00:00,13102.6688,SL,2,-1.0,-1.172095822332652
2021-02-02,setup_or_fib_NDX100_20210202_BUY,LONG,13414.1,13355.4,58.70000000000073,18.04589256600142,2021-02-02 14:48:00+00:00,13433.6,2021-02-02 14:59:00+00:00,13377.8234,13366.787799999998,13430.0664,2021-02-02 15:17:00+00:00,13430.0664,TP,18,4.734042553191067,4.573380695204204
2021-02-04,setup_or_fib_NDX100_20210204_SELL,SHORT,13490.1,13422.6,67.5,14.796900228647672,2021-02-04 15:02:00+00:00,13402.1,2021-02-04 16:49:00+00:00,13464.315,13477.005000000001,13404.24,2021-02-04 17:00:00+00:00,13466.4,TIME,11,-0.16430260047273784,-0.3040189125294698
2021-02-05,setup_or_fib_NDX100_20210205_SELL,SHORT,13598.9,13552.2,46.69999999999891,14.038259486845925,2021-02-05 14:55:00+00:00,13525.7,2021-02-05 16:02:00+00:00,13581.0606,13589.840199999999,13539.4976,2021-02-05 17:00:00+00:00,13571.2,TIME,58,1.1231263383300143,0.9211809194042775
2021-02-08,setup_or_fib_NDX100_20210208_BUY,LONG,13680.0,13639.1,40.899999999999636,10.601697089239995,2021-02-08 15:04:00+00:00,13698.3,2021-02-08 15:23:00+00:00,13654.7238,13647.0346,13691.1248,2021-02-08 15:25:00+00:00,13647.0346,SL,2,-1.0,-1.2305831555948936
2021-02-11,setup_or_fib_NDX100_20210211_SELL,SHORT,13743.6,13708.5,35.100000000000364,9.684069676503196,2021-02-11 14:50:00+00:00,13688.4,2021-02-11 15:41:00+00:00,13730.1918,13736.7906,13698.9528,2021-02-11 15:47:00+00:00,13736.7906,SL,6,-1.0,-1.268685215493736
2021-02-16,setup_or_fib_NDX100_20210216_BUY,LONG,13864.3,13820.0,44.29999999999927,11.472229322949328,2021-02-16 14:47:00+00:00,13873.1,2021-02-16 15:13:00+00:00,13836.9226,13828.5942,13876.3496,2021-02-16 15:16:00+00:00,13828.5942,SL,3,-1.0,-1.2128860285288807
2021-02-17,setup_or_fib_NDX100_20210217_BUY,LONG,13674.0,13615.3,58.70000000000073,20.86500219776027,2021-02-17 14:50:00+00:00,13696.0,2021-02-17 15:06:00+00:00,13637.723399999999,13626.687799999998,13689.9664,2021-02-17 15:13:00+00:00,13626.687799999998,SL,7,-1.0,-1.1606618579868633
2021-02-18,setup_or_fib_NDX100_20210218_BUY,LONG,13572.5,13526.7,45.79999999999927,19.36621593406631,2021-02-18 14:46:00+00:00,13585.2,2021-02-18 15:05:00+00:00,13544.195600000001,13535.585200000001,13584.9576,2021-02-18 15:05:00+00:00,13535.585200000001,SL,0,-1.0,-1.2059137786862502
2021-02-19,setup_or_fib_NDX100_20210219_SELL,SHORT,13702.2,13650.3,51.900000000001455,16.535961869108398,2021-02-19 14:48:00+00:00,13632.1,2021-02-19 15:58:00+00:00,13682.3742,13692.1314,13636.1832,2021-02-19 16:06:00+00:00,13692.1314,SL,8,-1.0,-1.18171196654778
2021-02-22,setup_or_fib_NDX100_20210222_BUY,LONG,13427.7,13362.6,65.10000000000036,24.252780019845527,2021-02-22 14:48:00+00:00,13449.0,2021-02-22 15:17:00+00:00,13387.468200000001,13375.2294,13445.407200000001,2021-02-22 15:18:00+00:00,13375.2294,SL,1,-1.0,-1.1448671438376194
2021-02-23,setup_or_fib_NDX100_20210223_SELL,SHORT,13021.9,12830.9,191.0,37.82429002822235,2021-02-23 14:45:00+00:00,12763.6,2021-02-23 15:08:00+00:00,12948.938,12984.846,12778.948,2021-02-23 15:23:00+00:00,12984.846,SL,15,-1.0,-1.0493761835802615
2021-02-24,setup_or_fib_NDX100_20210224_SELL,SHORT,13124.7,13007.2,117.5,45.86683546060844,2021-02-24 15:03:00+00:00,12962.2,2021-02-24 15:24:00+00:00,13079.815,13101.905,12975.240000000002,2021-02-24 15:32:00+00:00,13101.905,SL,8,-1.0,-1.0802625622453594
2021-02-26,setup_or_fib_NDX100_20210226_SELL,SHORT,13037.8,12936.4,101.39999999999964,52.3824009352588,2021-02-26 14:50:00+00:00,12760.2,2021-02-26 16:06:00+00:00,12999.0652,13018.1284,12908.8192,2021-02-26 16:23:00+00:00,12908.8192,TP,17,4.734042553191321,4.641036132443495
2021-03-04,setup_or_fib_NDX100_20210304_SELL,SHORT,12770.3,12655.3,115.0,37.9311945749775,2021-03-04 14:47:00+00:00,12513.5,2021-03-04 15:46:00+00:00,12726.369999999999,12747.989999999998,12624.019999999999,2021-03-04 15:47:00+00:00,12747.989999999998,SL,1,-1.0,-1.0820074005550455
2021-03-08,setup_or_fib_NDX100_20210308_BUY,LONG,12688.6,12530.2,158.39999999999964,41.64824615294556,2021-03-08 14:46:00+00:00,12701.1,2021-03-08 14:52:00+00:00,12590.7088,12560.929600000001,12731.6848,2021-03-08 14:58:00+00:00,12560.929600000001,SL,6,-1.0,-1.0595382011605434
2021-03-10,setup_or_fib_NDX100_20210310_BUY,LONG,12971.3,12873.5,97.79999999999927,42.01127099680962,2021-03-10 14:50:00+00:00,12981.8,2021-03-10 15:00:00+00:00,12910.8596,12892.4732,12997.9016,2021-03-10 15:14:00+00:00,12892.4732,SL,14,-1.0,-1.0964299699778128
2021-03-11,setup_or_fib_NDX100_20210311_SELL,SHORT,13006.8,12932.5,74.29999999999927,28.779559298246546,2021-03-11 15:18:00+00:00,12913.6,2021-03-11 15:30:00+00:00,12978.4174,12992.3858,12912.2904,2021-03-11 15:40:00+00:00,12992.3858,SL,10,-1.0,-1.1269293548294745
2021-03-12,setup_or_fib_NDX100_20210312_BUY,LONG,12873.7,12798.6,75.10000000000036,31.071694379247923,2021-03-12 14:51:00+00:00,12905.2,2021-03-12 15:18:00+00:00,12827.2882,12813.1694,12894.1272,2021-03-12 15:23:00+00:00,12813.1694,SL,5,-1.0,-1.1255772445250287
2021-03-16,setup_or_fib_NDX100_20210316_BUY,LONG,13169.9,13134.7,35.19999999999891,13.73375758999755,2021-03-16 14:26:00+00:00,13177.4,2021-03-16 14:30:00+00:00,13148.1464,13141.5288,13179.4744,2021-03-16 14:32:00+00:00,13179.4744,TP,2,4.734042553191714,4.466120647969261
2021-03-17,setup_or_fib_NDX100_20210317_BUY,LONG,13011.2,12987.4,23.80000000000109,20.65727079066622,2021-03-17 13:46:00+00:00,13015.0,2021-03-17 13:53:00+00:00,12996.4916,12992.017199999998,13017.673600000002,2021-03-17 14:11:00+00:00,13017.673600000002,TP,18,4.734042553191027,4.33778830681171
2021-03-25,setup_or_fib_NDX100_20210325_SELL,SHORT,12759.2,12717.6,41.600000000000364,23.73649067015355,2021-03-25 14:15:00+00:00,12701.1,2021-03-25 14:32:00+00:00,12743.3088,12751.1296,12706.2848,2021-03-25 14:32:00+00:00,12751.1296,SL,0,-1.0,-1.2267031505728456
2021-03-30,setup_or_fib_NDX100_20210330_SELL,SHORT,12902.1,12828.8,73.30000000000109,20.531276628921137,2021-03-30 13:50:00+00:00,12791.4,2021-03-30 14:43:00+00:00,12874.0994,12887.8798,12808.862399999998,2021-03-30 14:44:00+00:00,12887.8798,SL,1,-1.0,-1.1286609967780188
2021-04-01,setup_or_fib_NDX100_20210401_BUY,LONG,13308.2,13256.4,51.80000000000109,14.996122632845541,2021-04-01 13:59:00+00:00,13315.9,2021-04-01 14:05:00+00:00,13276.1876,13266.4492,13322.289600000002,2021-04-01 14:09:00+00:00,13322.289600000002,TP,4,4.734042553191666,4.551979791341674
2021-04-08,setup_or_fib_NDX100_20210408_SELL,SHORT,13755.2,13720.2,35.0,13.981401963991594,2021-04-08 13:47:00+00:00,13713.4,2021-04-08 13:51:00+00:00,13741.83,13748.410000000002,13710.68,2021-04-08 13:56:00+00:00,13748.410000000002,SL,5,-1.0,-1.2694528875379225
2021-04-12,setup_or_fib_NDX100_20210412_SELL,SHORT,13819.3,13786.5,32.79999999999927,14.368830893945919,2021-04-12 13:48:00+00:00,13752.5,2021-04-12 14:16:00+00:00,13806.7704,13812.9368,13777.5784,2021-04-12 14:22:00+00:00,13812.9368,SL,6,-1.0,-1.2875259470679783
2021-04-13,setup_or_fib_NDX100_20210413_BUY,LONG,13949.4,13877.4,72.0,18.22085996416985,2021-04-13 13:53:00+00:00,13959.1,2021-04-13 15:36:00+00:00,13904.904,13891.367999999999,13968.984,2021-04-13 16:00:00+00:00,13915.5,TIME,24,0.7828014184395744,0.6518173758864011
2021-04-16,setup_or_fib_NDX100_20210416_SELL,SHORT,14042.1,13980.2,61.899999999999636,14.635697768729338,2021-04-16 13:45:00+00:00,13960.5,2021-04-16 14:09:00+00:00,14018.4542,14030.0914,13963.363200000002,2021-04-16 14:19:00+00:00,14030.0914,SL,10,-1.0,-1.1523562368954834
2021-04-20,setup_or_fib_NDX100_20210420_BUY,LONG,13917.0,13863.5,53.5,19.11974270681643,2021-04-20 13:45:00+00:00,13940.6,2021-04-20 14:14:00+00:00,13883.937,13873.879,13931.552,2021-04-20 14:34:00+00:00,13873.879,SL,20,-1.0,-1.176277589978143
2021-04-22,setup_or_fib_NDX100_20210422_SELL,SHORT,13923.3,13883.2,40.099999999998545,14.556170396091849,2021-04-22 13:47:00+00:00,13867.3,2021-04-22 14:23:00+00:00,13907.9818,13915.5206,13872.292800000001,2021-04-22 14:25:00+00:00,13915.5206,SL,2,-1.0,-1.2351833182999865
2021-04-26,setup_or_fib_NDX100_20210426_SELL,SHORT,13960.7,13929.7,31.0,12.574626450663022,2021-04-26 13:50:00+00:00,13912.7,2021-04-26 13:59:00+00:00,13948.858,13954.686000000002,13921.268,2021-04-26 14:00:00+00:00,13954.686000000002,SL,1,-1.0,-1.3042210020589555
2021-04-28,setup_or_fib_NDX100_20210428_BUY,LONG,13954.8,13897.6,57.19999999999891,11.831743185058121,2021-04-28 13:49:00+00:00,13992.6,2021-04-28 14:47:00+00:00,13919.4504,13908.6968,13970.3584,2021-04-28 15:45:00+00:00,13908.6968,SL,58,-1.0,-1.1648750185984227
2021-04-30,setup_or_fib_NDX100_20210430_BUY,LONG,13904.9,13856.4,48.5,18.482478578604695,2021-04-30 13:57:00+00:00,13968.9,2021-04-30 15:28:00+00:00,13874.927,13865.809000000001,13918.091999999999,2021-04-30 15:48:00+00:00,13918.091999999999,TP,20,4.734042553192126,4.539592015793544
2021-05-03,setup_or_fib_NDX100_20210503_SELL,SHORT,13925.5,13866.1,59.399999999999636,13.01365658025284,2021-05-03 13:46:00+00:00,13862.3,2021-05-03 13:54:00+00:00,13902.8092,13913.9764,13849.9432,2021-05-03 14:06:00+00:00,13913.9764,SL,12,-1.0,-1.1587685364281128
2021-05-06,setup_or_fib_NDX100_20210506_SELL,SHORT,13519.7,13435.7,84.0,19.38950214896987,2021-05-06 13:59:00+00:00,13400.2,2021-05-06 14:40:00+00:00,13487.612000000001,13503.404,13412.852,2021-05-06 15:28:00+00:00,13503.404,SL,48,-1.0,-1.112272036474168
2021-05-11,setup_or_fib_NDX100_20210511_BUY,LONG,13235.9,13094.6,141.29999999999927,28.167040247470485,2021-05-11 13:52:00+00:00,13288.2,2021-05-11 14:38:00+00:00,13148.5766,13122.012200000001,13274.3336,2021-05-11 15:18:00+00:00,13274.3336,TP,40,4.7340425531916,4.6672990920179975
2021-05-12,setup_or_fib_NDX100_20210512_BUY,LONG,13226.4,13136.9,89.5,44.878120925223286,2021-05-12 13:48:00+00:00,13238.9,2021-05-12 13:56:00+00:00,13171.089,13154.262999999999,13250.743999999999,2021-05-12 14:00:00+00:00,13154.262999999999,SL,4,-1.0,-1.1053726375846846
2021-05-13,setup_or_fib_NDX100_20210513_SELL,SHORT,13174.7,13117.7,57.0,34.677307752759134,2021-05-13 13:46:00+00:00,13094.0,2021-05-13 13:54:00+00:00,13152.926000000001,13163.642,13102.196,2021-05-13 13:55:00+00:00,13163.642,SL,1,-1.0,-1.165453527435633
2021-05-17,setup_or_fib_NDX100_20210517_SELL,SHORT,13346.2,13269.4,76.80000000000109,17.724547673027587,2021-05-17 14:01:00+00:00,13243.4,2021-05-17 14:22:00+00:00,13316.8624,13331.3008,13248.5104,2021-05-17 14:41:00+00:00,13331.3008,SL,19,-1.0,-1.1227975398936092
2021-05-18,setup_or_fib_NDX100_20210518_SELL,SHORT,13368.7,13321.2,47.5,15.178974389025067,2021-05-18 13:50:00+00:00,13308.7,2021-05-18 14:13:00+00:00,13350.555,13359.485,13308.28,2021-05-18 14:15:00+00:00,13359.485,SL,2,-1.0,-1.1985442329227258
2021-05-19,setup_or_fib_NDX100_20210519_BUY,LONG,13069.9,12975.1,94.79999999999927,27.20623293329709,2021-05-19 13:50:00+00:00,13082.6,2021-05-19 14:05:00+00:00,13011.3136,12993.4912,13095.685599999999,2021-05-19 14:26:00+00:00,13095.685599999999,TP,21,4.734042553191692,4.634561001885466
2021-05-21,setup_or_fib_NDX100_20210521_SELL,SHORT,13572.0,13502.9,69.10000000000036,15.490867209695338,2021-05-21 13:45:00+00:00,13487.5,2021-05-21 13:59:00+00:00,13545.603799999999,13558.5946,13484.1048,2021-05-21 14:18:00+00:00,13484.1048,TP,19,4.734042553190964,4.597561351109506
2021-05-26,setup_or_fib_NDX100_20210526_SELL,SHORT,13711.0,13675.4,35.600000000000364,13.552697140867343,2021-05-26 13:45:00+00:00,13658.8,2021-05-26 14:29:00+00:00,13697.4008,13704.0936,13665.7168,2021-05-26 14:34:00+00:00,13704.0936,SL,5,-1.0,-1.2649115467367635
2021-05-27,setup_or_fib_NDX100_20210527_SELL,SHORT,13696.6,13654.9,41.70000000000073,18.70681635277643,2021-05-27 13:47:00+00:00,13645.9,2021-05-27 14:09:00+00:00,13680.6706,13688.5102,13643.5576,2021-05-27 14:15:00+00:00,13688.5102,SL,6,-1.0,-1.2261594979335346
2021-06-02,setup_or_fib_NDX100_20210602_BUY,LONG,13689.9,13654.5,35.399999999999636,11.203964243425174,2021-06-02 13:45:00+00:00,13711.1,2021-06-02 14:02:00+00:00,13668.0228,13661.3676,13699.5288,2021-06-02 14:13:00+00:00,13661.3676,SL,11,-1.0,-1.2664082221420419
2021-06-03,setup_or_fib_NDX100_20210603_SELL,SHORT,13570.2,13489.6,80.60000000000036,18.792025696486018,2021-06-03 13:48:00+00:00,13463.8,2021-06-03 14:09:00+00:00,13539.410800000001,13554.5636,13467.676800000001,2021-06-03 14:56:00+00:00,13554.5636,SL,47,-1.0,-1.117008077715025
2021-06-07,setup_or_fib_NDX100_20210607_SELL,SHORT,13764.5,13721.5,43.0,14.369415043943286,2021-06-07 14:19:00+00:00,13712.8,2021-06-07 14:56:00+00:00,13748.074,13756.158000000001,13709.804,2021-06-07 16:00:00+00:00,13741.8,TIME,64,0.7761009401287328,0.5567788223652694
2021-06-09,setup_or_fib_NDX100_20210609_BUY,LONG,13891.1,13859.1,32.0,12.805072485936982,2021-06-09 13:45:00+00:00,13904.1,2021-06-09 13:49:00+00:00,13871.324,13865.308,13899.804,2021-06-09 13:50:00+00:00,13865.308,SL,1,-1.0,-1.2947140957446994
2021-06-10,setup_or_fib_NDX100_20210610_BUY,LONG,13922.2,13811.5,110.70000000000073,23.819989217943156,2021-06-10 13:45:00+00:00,13964.7,2021-06-10 14:50:00+00:00,13853.787400000001,13832.9758,13952.3104,2021-06-10 14:54:00+00:00,13832.9758,SL,4,-1.0,-1.085192873205324
2021-06-11,setup_or_fib_NDX100_20210611_BUY,LONG,13973.6,13942.3,31.30000000000109,12.040299815101903,2021-06-11 13:49:00+00:00,13986.1,2021-06-11 13:56:00+00:00,13954.256599999999,13948.3722,13982.1136,2021-06-11 14:00:00+00:00,13982.1136,TP,4,4.7340425531925945,4.432737407383285
2021-06-15,setup_or_fib_NDX100_20210615_BUY,LONG,14119.4,14071.2,48.19999999999891,10.74578296736148,2021-06-15 13:45:00+00:00,14129.3,2021-06-15 14:01:00+00:00,14089.6124,14080.5508,14132.5104,2021-06-15 14:06:00+00:00,14080.5508,SL,5,-1.0,-1.1956608104529198
2021-06-16,setup_or_fib_NDX100_20210616_BUY,LONG,14080.5,14049.5,31.0,8.808194298746772,2021-06-16 13:48:00+00:00,14102.0,2021-06-16 14:45:00+00:00,14061.342,14055.514,14088.932,2021-06-16 14:46:00+00:00,14055.514,SL,1,-1.0,-1.3042210020589555
2021-06-23,setup_or_fib_NDX100_20210623_BUY,LONG,14309.5,14264.4,45.100000000000364,12.668628183128737,2021-06-23 13:58:00+00:00,14325.5,2021-06-23 14:51:00+00:00,14281.6282,14273.1494,14321.7672,2021-06-23 15:02:00+00:00,14273.1494,SL,11,-1.0,-1.2091097796858303
2021-06-30,setup_or_fib_NDX100_20210630_SELL,SHORT,14578.1,14535.0,43.100000000000364,10.453357920489262,2021-06-30 13:58:00+00:00,14529.7,2021-06-30 14:22:00+00:00,14561.6358,14569.738599999999,14523.2768,2021-06-30 14:30:00+00:00,14569.738599999999,SL,8,-1.0,-1.218813249740864
2021-07-01,setup_or_fib_NDX100_20210701_BUY,LONG,14572.0,14523.4,48.600000000000364,13.854870910217578,2021-07-01 13:45:00+00:00,14577.7,2021-07-01 13:54:00+00:00,14541.9652,14532.8284,14585.2192,2021-07-01 14:17:00+00:00,14532.8284,SL,23,-1.0,-1.194050433412131
2021-07-02,setup_or_fib_NDX100_20210702_BUY,LONG,14668.6,14627.9,40.70000000000073,14.4825838731629,2021-07-02 13:49:00+00:00,14673.4,2021-07-02 14:30:00+00:00,14643.4474,14635.7958,14679.6704,2021-07-02 14:31:00+00:00,14635.7958,SL,1,-1.0,-1.2317162423545633
2021-07-05,setup_or_fib_NDX100_20210705_SELL,SHORT,14711.4,14703.5,7.899999999999636,7.094706635401261,2021-07-05 13:47:00+00:00,14699.9,2021-07-05 14:07:00+00:00,14708.3822,14709.8674,14701.351200000001,2021-07-05 14:10:00+00:00,14701.351200000001,TP,3,4.734042553193496,3.54026393751817
2021-07-06,setup_or_fib_NDX100_20210706_BUY,LONG,14779.6,14747.2,32.399999999999636,10.388385549678521,2021-07-06 14:06:00+00:00,14794.9,2021-07-06 14:32:00+00:00,14759.5768,14753.485600000002,14788.4128,2021-07-06 14:32:00+00:00,14753.485600000002,SL,0,-1.0,-1.291075650118254
2021-07-08,setup_or_fib_NDX100_20210708_SELL,SHORT,14650.6,14578.0,72.60000000000036,28.609908986418016,2021-07-08 13:47:00+00:00,14549.9,2021-07-08 13:52:00+00:00,14622.8668,14636.515599999999,14558.2528,2021-07-08 13:59:00+00:00,14636.515599999999,SL,7,-1.0,-1.1299015298048272
2021-07-14,setup_or_fib_NDX100_20210714_BUY,LONG,14998.7,14944.7,54.0,16.116351363857458,2021-07-14 14:04:00+00:00,15003.1,2021-07-14 14:25:00+00:00,14965.328000000001,14955.176000000001,15013.388,2021-07-14 14:28:00+00:00,14955.176000000001,SL,3,-1.0,-1.1746453900709213
2021-07-19,setup_or_fib_NDX100_20210719_SELL,SHORT,14577.6,14497.6,80.0,22.549293731467646,2021-07-19 13:53:00+00:00,14453.1,2021-07-19 15:03:00+00:00,14547.04,14562.08,14475.84,2021-07-19 15:05:00+00:00,14562.08,SL,2,-1.0,-1.1178856382978797
2021-08-02,setup_or_fib_NDX100_20210802_SELL,SHORT,15053.2,14957.7,95.5,12.312043756008299,2021-08-02 13:50:00+00:00,14945.3,2021-08-02 14:15:00+00:00,15016.719000000001,15034.673,14931.724,2021-08-02 14:51:00+00:00,15034.673,SL,36,-1.0,-1.0987523671605228
2021-08-03,setup_or_fib_NDX100_20210803_BUY,LONG,15009.1,14962.8,46.30000000000109,9.546328195142005,2021-08-03 13:45:00+00:00,15019.6,2021-08-03 13:50:00+00:00,14980.4866,14971.7822,15021.6936,2021-08-03 13:51:00+00:00,14971.7822,SL,1,-1.0,-1.2036900877716892
2021-08-04,setup_or_fib_NDX100_20210804_SELL,SHORT,15078.7,15046.5,32.20000000000073,13.207190332542488,2021-08-04 13:52:00+00:00,15031.0,2021-08-04 13:56:00+00:00,15066.3996,15072.4532,15037.7416,2021-08-04 13:59:00+00:00,15072.4532,SL,3,-1.0,-1.2928835734108979
2021-08-10,setup_or_fib_NDX100_20210810_BUY,LONG,15163.8,15128.1,35.69999999999891,6.874240507115455,2021-08-10 14:00:00+00:00,15167.6,2021-08-10 14:06:00+00:00,15141.7374,15135.0258,15173.5104,2021-08-10 14:10:00+00:00,15135.0258,SL,4,-1.0,-1.2641694975862472
2021-08-12,setup_or_fib_NDX100_20210812_SELL,SHORT,15011.2,14958.4,52.80000000000109,10.405318160442691,2021-08-12 14:03:00+00:00,14948.2,2021-08-12 14:14:00+00:00,14991.0304,15000.956800000002,14944.0384,2021-08-12 14:18:00+00:00,15000.956800000002,SL,4,-1.0,-1.178614603481587
2021-08-17,setup_or_fib_NDX100_20210817_SELL,SHORT,15046.7,14979.3,67.40000000000146,14.424931696656257,2021-08-17 13:55:00+00:00,14955.8,2021-08-17 14:28:00+00:00,15020.9532,15033.6244,14960.9672,2021-08-17 14:36:00+00:00,15033.6244,SL,8,-1.0,-1.1399236062882683
2021-08-18,setup_or_fib_NDX100_20210818_BUY,LONG,15014.5,14969.4,45.100000000000364,12.405438293350757,2021-08-18 13:51:00+00:00,15040.9,2021-08-18 15:10:00+00:00,14986.6282,14978.1494,15026.7672,2021-08-18 15:17:00+00:00,14978.1494,SL,7,-1.0,-1.2091097796858303
2021-08-25,setup_or_fib_NDX100_20210825_SELL,SHORT,15401.4,15365.4,36.0,9.654631648200976,2021-08-25 14:06:00+00:00,15358.7,2021-08-25 14:18:00+00:00,15387.648,15394.416,15355.608,2021-08-25 14:32:00+00:00,15355.608,TP,14,4.734042553191329,4.472074468084947
2021-08-26,setup_or_fib_NDX100_20210826_BUY,LONG,15364.1,15341.2,22.899999999999636,10.688964633393962,2021-08-26 14:06:00+00:00,15369.0,2021-08-26 14:15:00+00:00,15349.9478,15345.6426,15370.328800000001,2021-08-26 14:16:00+00:00,15345.6426,SL,1,-1.0,-1.4118275573724133
2021-08-31,setup_or_fib_NDX100_20210831_SELL,SHORT,15607.4,15534.6,72.79999999999927,15.547621536439848,2021-08-31 13:58:00+00:00,15521.4,2021-08-31 15:36:00+00:00,15579.5904,15593.2768,15514.7984,2021-08-31 16:00:00+00:00,15582.0,TIME,24,-0.17605798456867955,-0.30560264203886417
2021-09-07,setup_or_fib_NDX100_20210907_SELL,SHORT,15667.8,15625.5,42.29999999999927,11.747911562543926,2021-09-07 13:51:00+00:00,15606.5,2021-09-07 14:33:00+00:00,15651.6414,15659.593799999999,15613.9944,2021-09-07 14:36:00+00:00,15659.593799999999,SL,3,-1.0,-1.2229515617927138
2021-09-08,setup_or_fib_NDX100_20210908_SELL,SHORT,15666.3,15614.6,51.69999999999891,11.480797149476095,2021-09-08 13:56:00+00:00,15612.6,2021-09-08 14:10:00+00:00,15646.5506,15656.270199999999,15600.537600000001,2021-09-08 14:20:00+00:00,15656.270199999999,SL,10,-1.0,-1.1824149141940272
2021-09-09,setup_or_fib_NDX100_20210909_BUY,LONG,15672.2,15621.1,51.100000000000364,13.652367628278144,2021-09-09 14:07:00+00:00,15675.1,2021-09-09 14:16:00+00:00,15640.620200000001,15631.0134,15686.0992,2021-09-09 15:22:00+00:00,15631.0134,SL,66,-1.0,-1.1845567722862707
2021-09-21,setup_or_fib_NDX100_20210921_BUY,LONG,15106.0,15040.0,66.0,21.912649712326136,2021-09-21 13:45:00+00:00,15142.3,2021-09-21 14:01:00+00:00,15065.212,15052.804,15123.952,2021-09-21 14:06:00+00:00,15052.804,SL,5,-1.0,-1.1428916827853062
2021-09-24,setup_or_fib_NDX100_20210924_BUY,LONG,15254.9,15202.9,52.0,18.12794972065324,2021-09-24 13:59:00+00:00,15274.5,2021-09-24 14:45:00+00:00,15222.764,15212.988,15269.044,2021-09-24 15:54:00+00:00,15269.044,TP,69,4.7340425531916335,4.552680032733365
2021-09-27,setup_or_fib_NDX100_20210927_BUY,LONG,15225.5,15096.8,128.70000000000073,21.25164258280024,2021-09-27 15:04:00+00:00,15235.0,2021-09-27 15:45:00+00:00,15145.963399999999,15121.7678,15260.5064,2021-09-27 16:00:00+00:00,15162.4,TIME,15,0.6793218601729867,0.6060440741292404
2021-09-29,setup_or_fib_NDX100_20210929_BUY,LONG,14865.6,14801.5,64.10000000000036,23.28682519803318,2021-09-29 13:49:00+00:00,14920.1,2021-09-29 15:26:00+00:00,14825.9862,14813.9354,14883.0352,2021-09-29 15:31:00+00:00,14813.9354,SL,5,-1.0,-1.1471271616822234
2021-09-30,setup_or_fib_NDX100_20210930_BUY,LONG,14883.9,14829.0,54.899999999999636,22.32082603455344,2021-09-30 13:49:00+00:00,14891.1,2021-09-30 13:59:00+00:00,14849.9718,14839.6506,14898.8328,2021-09-30 14:06:00+00:00,14839.6506,SL,7,-1.0,-1.1717823508894565
2021-10-06,setup_or_fib_NDX100_20211006_SELL,SHORT,14650.1,14523.8,126.30000000000109,26.809679010111473,2021-10-06 14:01:00+00:00,14496.4,2021-10-06 14:19:00+00:00,14601.8534,14625.5978,14489.446399999999,2021-10-06 14:21:00+00:00,14625.5978,SL,2,-1.0,-1.0746702380350748
2021-10-15,setup_or_fib_NDX100_20211015_BUY,LONG,15111.5,15062.1,49.399999999999636,16.25473674869078,2021-10-15 14:57:00+00:00,15132.6,2021-10-15 15:49:00+00:00,15080.970800000001,15071.6836,15124.9368,2021-10-15 16:00:00+00:00,15076.3,TIME,11,-0.50292876216743,-0.6938366784392743
2021-10-20,setup_or_fib_NDX100_20211020_BUY,LONG,15446.4,15414.8,31.600000000000364,12.120060106446042,2021-10-20 13:49:00+00:00,15451.7,2021-10-20 13:52:00+00:00,15426.8712,15420.9304,15454.9952,2021-10-20 13:52:00+00:00,15420.9304,SL,0,-1.0,-1.2984446539186487
2021-10-22,setup_or_fib_NDX100_20211022_SELL,SHORT,15470.5,15416.9,53.600000000000364,11.517756579664443,2021-10-22 13:48:00+00:00,15398.8,2021-10-22 14:17:00+00:00,15450.0248,15460.1016,15402.3208,2021-10-22 14:27:00+00:00,15460.1016,SL,10,-1.0,-1.1759487138774087
2021-10-26,setup_or_fib_NDX100_20211026_BUY,LONG,15672.1,15594.4,77.70000000000073,9.902728130116754,2021-10-26 14:07:00+00:00,15711.9,2021-10-26 15:34:00+00:00,15624.0814,15609.4738,15693.234400000001,2021-10-26 15:35:00+00:00,15609.4738,SL,1,-1.0,-1.1213751745666691
2021-10-27,setup_or_fib_NDX100_20211027_BUY,LONG,15638.0,15570.2,67.79999999999927,16.501387243943718,2021-10-27 13:45:00+00:00,15660.4,2021-10-27 14:04:00+00:00,15596.0996,15583.353200000001,15656.4416,2021-10-27 14:07:00+00:00,15583.353200000001,SL,3,-1.0,-1.139098098286595
2021-10-28,setup_or_fib_NDX100_20211028_BUY,LONG,15699.7,15648.1,51.600000000000364,14.375883089355025,2021-10-28 13:46:00+00:00,15705.4,2021-10-28 13:53:00+00:00,15667.8112,15658.110400000001,15713.735200000001,2021-10-28 14:25:00+00:00,15713.735200000001,TP,32,4.734042553192212,4.551274121722618
2021-11-03,setup_or_fib_NDX100_20211103_BUY,LONG,15989.3,15978.4,10.899999999999636,8.093163272527068,2021-11-03 13:51:00+00:00,16007.8,2021-11-03 14:31:00+00:00,15982.5638,15980.514599999999,15992.264799999999,2021-11-03 14:31:00+00:00,15980.514599999999,SL,0,-1.0,-1.8652156939287927
2021-11-04,setup_or_fib_NDX100_20211104_SELL,SHORT,16203.9,16181.8,22.100000000000364,9.703218359934612,2021-11-04 14:30:00+00:00,16168.0,2021-11-04 14:38:00+00:00,16195.4578,16199.6126,16175.788799999998,2021-11-04 14:41:00+00:00,16199.6126,SL,3,-1.0,-1.4267353422547158
2021-11-11,setup_or_fib_NDX100_20211111_SELL,SHORT,16117.4,16061.2,56.19999999999891,14.315294621521698,2021-11-11 15:16:00+00:00,16046.0,2021-11-11 15:43:00+00:00,16095.9316,16106.4972,16045.913600000002,2021-11-11 17:00:00+00:00,16081.8,TIME,77,1.3375104111456753,1.1697016733551082
2021-11-17,setup_or_fib_NDX100_20211117_SELL,SHORT,16325.3,16295.5,29.799999999999272,10.436113122309909,2021-11-17 14:51:00+00:00,16273.7,2021-11-17 15:05:00+00:00,16313.9164,16319.5188,16287.394400000001,2021-11-17 15:11:00+00:00,16319.5188,SL,6,-1.0,-1.3164715122090667
2021-11-18,setup_or_fib_NDX100_20211118_BUY,LONG,16403.4,16354.7,48.70000000000073,10.12164487963674,2021-11-18 14:46:00+00:00,16423.2,2021-11-18 15:10:00+00:00,16373.3034,16364.1478,16416.6464,2021-11-18 15:10:00+00:00,16364.1478,SL,0,-1.0,-1.1936519725632389
2021-11-22,setup_or_fib_NDX100_20211122_BUY,LONG,16711.8,16639.5,72.29999999999927,12.052962561799358,2021-11-22 14:48:00+00:00,16768.5,2021-11-22 16:05:00+00:00,16667.118599999998,16653.5262,16731.4656,2021-11-22 16:11:00+00:00,16653.5262,SL,6,-1.0,-1.1304405403019553
2021-11-23,setup_or_fib_NDX100_20211123_BUY,LONG,16379.2,16284.8,94.40000000000146,24.483437403476774,2021-11-23 14:46:00+00:00,16420.3,2021-11-23 15:06:00+00:00,16320.8608,16303.113599999999,16404.876800000002,2021-11-23 15:08:00+00:00,16303.113599999999,SL,2,-1.0,-1.0999030833032726
2021-11-24,setup_or_fib_NDX100_20211124_SELL,SHORT,16207.4,16116.3,91.10000000000036,28.020169866453426,2021-11-24 14:46:00+00:00,16103.6,2021-11-24 14:53:00+00:00,16172.5998,16189.7266,16091.520799999998,2021-11-24 15:00:00+00:00,16189.7266,SL,7,-1.0,-1.1035219655744213
2021-11-29,setup_or_fib_NDX100_20211129_BUY,LONG,16282.8,16212.7,70.09999999999854,22.04667939264065,2021-11-29 14:52:00+00:00,16314.3,2021-11-29 15:33:00+00:00,16239.4782,16226.2994,16301.867199999999,2021-11-29 16:24:00+00:00,16301.867199999999,TP,51,4.734042553191544,4.599508301211087
2021-11-30,setup_or_fib_NDX100_20211130_BUY,LONG,16374.8,16322.1,52.69999999999891,28.587048975224917,2021-11-30 14:46:00+00:00,16457.3,2021-11-30 15:37:00+00:00,16342.2314,16332.3238,16389.1344,2021-11-30 15:38:00+00:00,16332.3238,SL,1,-1.0,-1.178953530622948
2021-12-01,setup_or_fib_NDX100_20211201_BUY,LONG,16354.1,16271.5,82.60000000000036,20.230739836232154,2021-12-01 15:01:00+00:00,16378.8,2021-12-01 15:40:00+00:00,16303.0532,16287.5244,16376.567200000001,2021-12-01 15:40:00+00:00,16287.5244,SL,0,-1.0,-1.1141749523466071
2021-12-02,setup_or_fib_NDX100_20211202_BUY,LONG,15978.8,15790.6,188.1999999999989,40.07193394113152,2021-12-02 14:48:00+00:00,16027.0,2021-12-02 15:18:00+00:00,15862.4924,15827.1108,16029.990399999999,2021-12-02 15:37:00+00:00,15827.1108,SL,19,-1.0,-1.050110792050107
2021-12-08,setup_or_fib_NDX100_20211208_BUY,LONG,16334.5,16253.1,81.39999999999964,22.54152977056294,2021-12-08 14:49:00+00:00,16357.4,2021-12-08 14:55:00+00:00,16284.194800000001,16268.891599999999,16356.6408,2021-12-08 15:08:00+00:00,16268.891599999999,SL,13,-1.0,-1.1158581211772542
2021-12-10,setup_or_fib_NDX100_20211210_SELL,SHORT,16324.9,16242.5,82.39999999999964,23.382380535986506,2021-12-10 14:45:00+00:00,16202.0,2021-12-10 15:17:00+00:00,16293.4232,16308.9144,16220.0872,2021-12-10 15:19:00+00:00,16308.9144,SL,2,-1.0,-1.1144520760173489
2021-12-13,setup_or_fib_NDX100_20211213_SELL,SHORT,16338.0,16268.9,69.10000000000036,16.04462117495358,2021-12-13 14:53:00+00:00,16252.5,2021-12-13 15:13:00+00:00,16311.603799999999,16324.5946,16250.1048,2021-12-13 15:21:00+00:00,16250.1048,TP,8,4.734042553190964,4.597561351109506
2021-12-15,setup_or_fib_NDX100_20211215_SELL,SHORT,15931.7,15864.2,67.5,23.711419838319465,2021-12-15 14:47:00+00:00,15812.2,2021-12-15 15:39:00+00:00,15905.915,15918.605000000001,15845.84,2021-12-15 15:57:00+00:00,15845.84,TP,18,4.734042553191356,4.594326241134624
2021-12-17,setup_or_fib_NDX100_20211217_BUY,LONG,15796.6,15663.4,133.20000000000073,36.95654574195225,2021-12-17 14:49:00+00:00,15847.3,2021-12-17 15:13:00+00:00,15714.2824,15689.2408,15832.8304,2021-12-17 15:15:00+00:00,15689.2408,SL,2,-1.0,-1.070802185163886
2021-12-21,setup_or_fib_NDX100_20211221_SELL,SHORT,15802.9,15713.1,89.79999999999927,21.67067278389697,2021-12-21 14:45:00+00:00,15611.4,2021-12-21 16:38:00+00:00,15768.5964,15785.4788,15688.6744,2021-12-21 16:41:00+00:00,15785.4788,SL,3,-1.0,-1.1050206131829572
2021-12-22,setup_or_fib_NDX100_20211222_BUY,LONG,16020.7,15942.1,78.60000000000036,20.945351740238518,2021-12-22 14:45:00+00:00,16053.3,2021-12-22 15:05:00+00:00,15972.1252,15957.3484,16042.0792,2021-12-22 15:37:00+00:00,16042.0792,TP,32,4.734042553191586,4.614057170700111
2021-12-28,setup_or_fib_NDX100_20211228_SELL,SHORT,16612.1,16525.0,87.09999999999854,16.19578059967515,2021-12-28 15:09:00+00:00,16495.0,2021-12-28 15:35:00+00:00,16578.8278,16595.202599999997,16501.3088,2021-12-28 16:37:00+00:00,16501.3088,TP,62,4.734042553192147,4.625766421575258
2021-12-29,setup_or_fib_NDX100_20211229_SELL,SHORT,16551.0,16494.7,56.29999999999927,17.67602435525641,2021-12-29 14:46:00+00:00,16479.5,2021-12-29 14:52:00+00:00,16529.4934,16540.0778,16479.3864,2021-12-29 15:05:00+00:00,16479.3864,TP,13,4.734042553191606,4.566531877102262
2022-01-03,setup_or_fib_NDX100_20220103_SELL,SHORT,16484.6,16379.8,104.79999999999927,16.458360481386876,2022-01-03 14:48:00+00:00,16294.4,2022-01-03 15:46:00+00:00,16444.5664,16464.2688,16351.294399999999,2022-01-03 17:00:00+00:00,16398.0,TIME,74,2.3634887120348336,2.2734996751662377
2022-01-05,setup_or_fib_NDX100_20220105_BUY,LONG,16224.1,16111.7,112.39999999999964,20.622647061453783,2022-01-05 15:00:00+00:00,16252.8,2022-01-05 15:33:00+00:00,16154.6368,16133.5056,16254.6728,2022-01-05 15:39:00+00:00,16133.5056,SL,6,-1.0,-1.0839043688952836
2022-01-06,setup_or_fib_NDX100_20220106_SELL,SHORT,15859.6,15682.7,176.89999999999964,33.064047646588854,2022-01-06 15:03:00+00:00,15608.8,2022-01-06 15:26:00+00:00,15792.0242,15825.281400000002,15634.583200000001,2022-01-06 15:33:00+00:00,15825.281400000002,SL,7,-1.0,-1.053311764069131
2022-01-07,setup_or_fib_NDX100_20220107_BUY,LONG,15822.3,15683.9,138.39999999999964,40.65950358914201,2022-01-07 14:45:00+00:00,15838.1,2022-01-07 15:08:00+00:00,15720.2,15710.7496,15859.9448,2022-01-07 15:09:00+00:00,15710.7496,SL,1,-1.0,-1.1876111064081638
2022-01-11,setup_or_fib_NDX100_20220111_BUY,LONG,15605.4,15487.9,117.5,29.082272379913793,2022-01-11 15:04:00+00:00,15665.7,2022-01-11 15:42:00+00:00,15532.785,15510.695,15637.359999999999,2022-01-11 16:04:00+00:00,15637.359999999999,TP,22,4.734042553191409,4.65377999094605
2022-01-12,setup_or_fib_NDX100_20220112_SELL,SHORT,16002.8,15905.7,97.09999999999854,31.141253619825225,2022-01-12 14:47:00+00:00,15895.5,2022-01-12 14:53:00+00:00,15965.7078,15983.962599999999,15879.2888,2022-01-12 15:00:00+00:00,15983.962599999999,SL,7,-1.0,-1.0971251396892936
2022-01-14,setup_or_fib_NDX100_20220114_BUY,LONG,15545.6,15390.8,154.8000000000011,38.93158413985215,2022-01-14 14:45:00+00:00,15610.7,2022-01-14 16:08:00+00:00,15449.9336,15420.8312,15587.705600000001,2022-01-14 17:00:00+00:00,15552.9,TIME,52,3.538072461377762,3.4771496508879047
2022-01-18,setup_or_fib_NDX100_20220118_BUY,LONG,15384.4,15283.4,101.0,31.216591246630546,2022-01-18 15:06:00+00:00,15445.4,2022-01-18 15:58:00+00:00,15321.982,15302.993999999999,15411.872,2022-01-18 16:08:00+00:00,15302.993999999999,SL,10,-1.0,-1.0933747630082098
2022-01-19,setup_or_fib_NDX100_20220119_BUY,LONG,15351.1,15264.5,86.60000000000036,32.70966137654291,2022-01-19 14:46:00+00:00,15384.7,2022-01-19 15:29:00+00:00,15297.5812,15281.3004,15374.655200000001,2022-01-19 15:31:00+00:00,15281.3004,SL,2,-1.0,-1.1089012824922577
2022-01-21,setup_or_fib_NDX100_20220121_SELL,SHORT,14830.8,14681.8,149.0,42.89657196289593,2022-01-21 14:53:00+00:00,14544.7,2022-01-21 15:37:00+00:00,14773.882,14801.893999999998,14641.271999999999,2022-01-21 15:50:00+00:00,14801.893999999998,SL,13,-1.0,-1.0632943024418133
2022-01-26,setup_or_fib_NDX100_20220126_BUY,LONG,14511.9,14365.4,146.5,42.58649412526424,2022-01-26 15:03:00+00:00,14528.4,2022-01-26 15:16:00+00:00,14421.363,14393.821,14551.748,2022-01-26 15:25:00+00:00,14393.821,SL,9,-1.0,-1.0643744099920134
2022-01-27,setup_or_fib_NDX100_20220127_BUY,LONG,14368.9,14248.7,120.19999999999891,57.08019853494239,2022-01-27 14:47:00+00:00,14423.8,2022-01-27 15:28:00+00:00,14294.6164,14272.0188,14401.5944,2022-01-27 15:29:00+00:00,14272.0188,SL,1,-1.0,-1.0784596594328568
2022-01-28,setup_or_fib_NDX100_20220128_SELL,SHORT,14114.9,13907.1,207.79999999999927,60.934091744622506,2022-01-28 14:45:00+00:00,13874.9,2022-01-28 15:19:00+00:00,14035.5204,14074.586800000001,13850.5784,2022-01-28 15:47:00+00:00,14074.586800000001,SL,28,-1.0,-1.0453842688345978
2022-02-01,setup_or_fib_NDX100_20220201_SELL,SHORT,14968.2,14805.0,163.20000000000073,27.505357842865006,2022-02-01 15:00:00+00:00,14747.3,2022-02-01 16:07:00+00:00,14905.857600000001,14936.5392,14760.6096,2022-02-01 16:48:00+00:00,14936.5392,SL,41,-1.0,-1.057787077597
2022-02-02,setup_or_fib_NDX100_20220202_SELL,SHORT,15194.4,15080.3,114.10000000000036,26.51421397495166,2022-02-02 14:46:00+00:00,15044.3,2022-02-02 15:01:00+00:00,15150.8138,15172.264599999999,15049.264799999999,2022-02-02 15:09:00+00:00,15172.264599999999,SL,8,-1.0,-1.0826542599809847
2022-02-03,setup_or_fib_NDX100_20220203_BUY,LONG,14815.0,14694.4,120.60000000000036,35.3874887876184,2022-02-03 15:20:00+00:00,14859.7,2022-02-03 16:03:00+00:00,14740.4692,14717.7964,14847.8032,2022-02-03 16:32:00+00:00,14717.7964,SL,29,-1.0,-1.078199428389964
2022-02-04,setup_or_fib_NDX100_20220204_BUY,LONG,14590.4,14444.2,146.1999999999989,53.92821744192146,2022-02-04 14:45:00+00:00,14679.1,2022-02-04 16:00:00+00:00,14500.0484,14472.5628,14630.1664,2022-02-04 16:15:00+00:00,14472.5628,SL,15,-1.0,-1.064506505224554
2022-02-07,setup_or_fib_NDX100_20220207_BUY,LONG,14795.1,14683.3,111.80000000000109,28.57300375897652,2022-02-07 14:51:00+00:00,14818.7,2022-02-07 15:13:00+00:00,14726.007599999999,14704.989199999998,14825.509600000001,2022-02-07 15:18:00+00:00,14704.989199999998,SL,5,-1.0,-1.0843546606782595
2022-02-08,setup_or_fib_NDX100_20220208_SELL,SHORT,14600.4,14513.8,86.60000000000036,25.91954788864447,2022-02-08 15:00:00+00:00,14481.6,2022-02-08 15:19:00+00:00,14567.3188,14583.5996,14490.244799999999,2022-02-08 15:35:00+00:00,14490.244799999999,TP,16,4.734042553191389,4.625141270699132
2022-02-09,setup_or_fib_NDX100_20220209_SELL,SHORT,14961.5,14898.2,63.29999999999927,18.49211739150245,2022-02-09 14:50:00+00:00,14875.4,2022-02-09 15:09:00+00:00,14937.3194,14949.219799999999,14880.9824,2022-02-09 15:15:00+00:00,14880.9824,TP,6,4.734042553191997,4.585055964505885
2022-02-11,setup_or_fib_NDX100_20220211_BUY,LONG,14760.9,14667.9,93.0,30.735095106322348,2022-02-11 14:46:00+00:00,14778.0,2022-02-11 14:56:00+00:00,14703.426,14685.942,14786.196,2022-02-11 14:56:00+00:00,14685.942,SL,0,-1.0,-1.1014070006863397
2022-02-14,setup_or_fib_NDX100_20220214_BUY,LONG,14296.5,14191.0,105.5,52.088199174313324,2022-02-14 14:49:00+00:00,14343.8,2022-02-14 15:02:00+00:00,14231.301,14211.466999999999,14325.196,2022-02-14 15:48:00+00:00,14325.196,TP,46,4.734042553191334,4.6446505999796805
2022-02-22,setup_or_fib_NDX100_20220222_BUY,LONG,13995.4,13871.5,123.89999999999964,41.68606144812935,2022-02-22 14:45:00+00:00,14117.6,2022-02-22 16:16:00+00:00,13918.8298,13895.536600000001,14029.1008,2022-02-22 16:20:00+00:00,13895.536600000001,SL,4,-1.0,-1.076116634897744
2022-02-25,setup_or_fib_NDX100_20220225_SELL,SHORT,14019.4,13879.8,139.60000000000036,50.73574817166057,2022-02-25 14:59:00+00:00,13841.0,2022-02-25 15:21:00+00:00,13966.0728,13992.317599999998,13841.8288,2022-02-25 15:23:00+00:00,13992.317599999998,SL,2,-1.0,-1.0675562397122513
2022-02-28,setup_or_fib_NDX100_20220228_BUY,LONG,14119.2,14035.1,84.10000000000036,43.720753480058065,2022-02-28 14:57:00+00:00,14163.8,2022-02-28 15:11:00+00:00,14067.226200000001,14051.4154,14142.075200000001,2022-02-28 15:12:00+00:00,14051.4154,SL,1,-1.0,-1.1121385382143771
2022-03-01,setup_or_fib_NDX100_20220301_BUY,LONG,14259.9,14160.2,99.69999999999891,38.40850742269339,2022-03-01 15:21:00+00:00,14278.8,2022-03-01 15:41:00+00:00,14198.2854,14179.541799999999,14287.018399999999,2022-03-01 15:43:00+00:00,14179.541799999999,SL,2,-1.0,-1.094592287500792
2022-03-02,setup_or_fib_NDX100_20220302_BUY,LONG,14115.8,14016.9,98.89999999999964,38.24370855417209,2022-03-02 14:47:00+00:00,14134.5,2022-03-02 15:07:00+00:00,14054.6798,14036.0866,14142.700799999999,2022-03-02 15:08:00+00:00,14036.0866,SL,1,-1.0,-1.0953574425058656
2022-03-08,setup_or_fib_NDX100_20220308_SELL,SHORT,13374.7,13223.9,150.8000000000011,48.028653312576324,2022-03-08 15:00:00+00:00,13125.4,2022-03-08 15:58:00+00:00,13317.0944,13345.4448,13182.882399999999,2022-03-08 16:26:00+00:00,13182.882399999999,TP,28,4.734042553191645,4.671503753033621
2022-03-09,setup_or_fib_NDX100_20220309_SELL,SHORT,13623.1,13527.6,95.5,46.29663020393383,2022-03-09 14:52:00+00:00,13499.4,2022-03-09 15:01:00+00:00,13586.619,13604.573,13501.624,2022-03-09 15:02:00+00:00,13604.573,SL,1,-1.0,-1.0987523671605228
2022-03-10,setup_or_fib_NDX100_20220310_BUY,LONG,13579.2,13489.0,90.20000000000073,39.61707890341656,2022-03-10 14:57:00+00:00,13596.3,2022-03-10 15:02:00+00:00,13523.456400000001,13506.4988,13603.734400000001,2022-03-10 15:08:00+00:00,13506.4988,SL,6,-1.0,-1.1045548898428927
2022-03-15,setup_or_fib_NDX100_20220315_BUY,LONG,13189.2,13096.2,93.0,41.7264542614323,2022-03-15 14:30:00+00:00,13212.8,2022-03-15 14:39:00+00:00,13131.726,13114.242,13214.496000000001,2022-03-15 14:42:00+00:00,13114.242,SL,3,-1.0,-1.1014070006863397
2022-03-16,setup_or_fib_NDX100_20220316_SELL,SHORT,13700.6,13654.9,45.70000000000073,28.43573540782944,2022-03-16 13:47:00+00:00,13616.3,2022-03-16 14:38:00+00:00,13683.1426,13691.7342,13642.469599999999,2022-03-16 14:39:00+00:00,13691.7342,SL,1,-1.0,-1.2063643558824524
2022-03-17,setup_or_fib_NDX100_20220317_SELL,SHORT,13897.8,13858.9,38.899999999999636,36.42841906985314,2022-03-17 13:53:00+00:00,13822.5,2022-03-17 14:34:00+00:00,13882.9402,13890.2534,13848.3192,2022-03-17 14:34:00+00:00,13890.2534,SL,0,-1.0,-1.242438330689695
2022-03-23,setup_or_fib_NDX100_20220323_SELL,SHORT,14558.5,14533.0,25.5,20.18060161955712,2022-03-23 13:52:00+00:00,14521.9,2022-03-23 14:16:00+00:00,14548.759,14553.553,14526.064,2022-03-23 14:23:00+00:00,14553.553,SL,7,-1.0,-1.3698372966207861
2022-03-24,setup_or_fib_NDX100_20220324_BUY,LONG,14535.9,14505.8,30.100000000000364,23.681206723815126,2022-03-24 13:48:00+00:00,14544.8,2022-03-24 14:30:00+00:00,14517.2982,14511.639399999998,14544.0872,2022-03-24 14:30:00+00:00,14511.639399999998,SL,0,-1.0,-1.3133173110906315
2022-03-28,setup_or_fib_NDX100_20220328_BUY,LONG,14882.8,14749.2,133.59999999999854,24.41064561104766,2022-03-28 13:55:00+00:00,14911.0,2022-03-28 14:20:00+00:00,14800.235200000001,14775.1184,14919.1392,2022-03-28 15:35:00+00:00,14775.1184,SL,75,-1.0,-1.0705902025735718
2022-03-30,setup_or_fib_NDX100_20220330_BUY,LONG,15191.6,15137.0,54.600000000000364,21.37101248624748,2022-03-30 13:48:00+00:00,15204.5,2022-03-30 14:06:00+00:00,15157.8572,15147.5924,15206.451200000001,2022-03-30 14:14:00+00:00,15206.451200000001,TP,8,4.734042553191199,4.561316343230961
2022-03-31,setup_or_fib_NDX100_20220331_SELL,SHORT,15086.9,14984.7,102.19999999999891,19.76074365662806,2022-03-31 14:00:00+00:00,14964.1,2022-03-31 14:34:00+00:00,15047.8596,15067.073199999999,14956.901600000001,2022-03-31 14:46:00+00:00,15067.073199999999,SL,12,-1.0,-1.0922783861431529
2022-04-07,setup_or_fib_NDX100_20220407_BUY,LONG,14571.2,14454.1,117.10000000000036,27.98673998058964,2022-04-07 14:00:00+00:00,14602.5,2022-04-07 14:20:00+00:00,14498.8322,14476.8174,14603.051200000002,2022-04-07 14:40:00+00:00,14476.8174,SL,20,-1.0,-1.080536729836289
2022-04-08,setup_or_fib_NDX100_20220408_SELL,SHORT,14468.9,14357.8,111.10000000000036,24.87022814477041,2022-04-08 13:51:00+00:00,14308.8,2022-04-08 14:52:00+00:00,14426.459799999999,14447.346599999999,14327.5808,2022-04-08 14:58:00+00:00,14447.346599999999,SL,6,-1.0,-1.0848861481892862
2022-04-11,setup_or_fib_NDX100_20220411_BUY,LONG,14173.8,14095.0,78.79999999999927,29.32180610185346,2022-04-11 13:47:00+00:00,14191.9,2022-04-11 14:00:00+00:00,14125.1016,14110.2872,14195.2336,2022-04-11 14:18:00+00:00,14110.2872,SL,18,-1.0,-1.1196808510638354
2022-04-12,setup_or_fib_NDX100_20220412_BUY,LONG,14195.9,14108.9,87.0,39.39513780967307,2022-04-12 13:47:00+00:00,14272.4,2022-04-12 14:38:00+00:00,14142.134,14125.778,14219.564,2022-04-12 14:48:00+00:00,14125.778,SL,10,-1.0,-1.1084005869405738
2022-04-18,setup_or_fib_NDX100_20220418_SELL,SHORT,13931.0,13848.4,82.60000000000036,21.678480185596197,2022-04-18 13:53:00+00:00,13826.9,2022-04-18 14:01:00+00:00,13899.4468,13914.9756,13825.932799999999,2022-04-18 14:02:00+00:00,13914.9756,SL,1,-1.0,-1.1141749523466071
2022-04-25,setup_or_fib_NDX100_20220425_SELL,SHORT,13365.5,13262.1,103.39999999999964,39.216486781261615,2022-04-25 13:45:00+00:00,13236.3,2022-04-25 13:49:00+00:00,13326.0012,13345.4404,13233.9752,2022-04-25 13:51:00+00:00,13345.4404,SL,2,-1.0,-1.0912074570970052
2022-04-27,setup_or_fib_NDX100_20220427_BUY,LONG,13203.7,13010.5,193.20000000000073,42.78526498154027,2022-04-27 13:47:00+00:00,13254.0,2022-04-27 14:08:00+00:00,13084.3024,13047.980800000001,13256.2504,2022-04-27 14:11:00+00:00,13047.980800000001,SL,3,-1.0,-1.0488139289018115
2022-04-29,setup_or_fib_NDX100_20220429_BUY,LONG,13372.6,13226.5,146.10000000000036,38.6460476893392,2022-04-29 13:55:00+00:00,13432.3,2022-04-29 14:17:00+00:00,13282.3102,13254.8434,13412.3392,2022-04-29 14:24:00+00:00,13254.8434,SL,7,-1.0,-1.0645506575210797
2022-05-02,setup_or_fib_NDX100_20220502_BUY,LONG,12936.8,12745.8,191.0,37.01927344557301,2022-05-02 13:56:00+00:00,12973.9,2022-05-02 14:13:00+00:00,12818.761999999999,12782.854,12988.751999999999,2022-05-02 14:29:00+00:00,12988.751999999999,TP,16,4.734042553191556,4.6846663696112945
2022-05-03,setup_or_fib_NDX100_20220503_SELL,SHORT,13079.7,12990.8,88.90000000000146,29.012429764937593,2022-05-03 13:45:00+00:00,12969.9,2022-05-03 13:52:00+00:00,13045.7402,13062.4534,12966.6192,2022-05-03 13:56:00+00:00,13062.4534,SL,4,-1.0,-1.1060838139913354
2022-05-06,setup_or_fib_NDX100_20220506_SELL,SHORT,12791.7,12582.9,208.8000000000011,43.992376923868214,2022-05-06 13:46:00+00:00,12519.9,2022-05-06 14:17:00+00:00,12711.938400000001,12751.1928,12526.106399999999,2022-05-06 14:17:00+00:00,12751.1928,SL,0,-1.0,-1.0451669112252386
2022-05-10,setup_or_fib_NDX100_20220510_SELL,SHORT,12544.1,12392.7,151.39999999999964,36.02194320651288,2022-05-10 13:45:00+00:00,12335.5,2022-05-10 14:03:00+00:00,12486.2652,12514.7284,12351.5192,2022-05-10 14:06:00+00:00,12514.7284,SL,3,-1.0,-1.06229095814947
2022-05-11,setup_or_fib_NDX100_20220511_BUY,LONG,12343.0,12144.7,198.29999999999927,57.912812272439886,2022-05-11 13:47:00+00:00,12475.6,2022-05-11 15:18:00+00:00,12220.4506,12183.1702,12396.9376,2022-05-11 16:00:00+00:00,12286.8,TIME,42,1.7797394877737305,1.732180985182556
2022-05-12,setup_or_fib_NDX100_20220512_BUY,LONG,11872.4,11692.3,180.10000000000036,48.411102471045304,2022-05-12 13:48:00+00:00,11905.1,2022-05-12 14:00:00+00:00,11761.098199999999,11727.239399999999,11921.3872,2022-05-12 14:09:00+00:00,11921.3872,TP,9,4.734042553191513,4.681678027573358
2022-05-16,setup_or_fib_NDX100_20220516_SELL,SHORT,12356.4,12236.9,119.5,30.02591957311366,2022-05-16 13:46:00+00:00,12203.0,2022-05-16 14:09:00+00:00,12310.751,12333.216999999999,12204.395999999999,2022-05-16 14:11:00+00:00,12333.216999999999,SL,2,-1.0,-1.078919255764271
2022-05-19,setup_or_fib_NDX100_20220519_SELL,SHORT,11975.0,11862.6,112.39999999999964,40.37947118151348,2022-05-19 13:45:00+00:00,11792.6,2022-05-19 14:01:00+00:00,11932.0632,11953.1944,11832.0272,2022-05-19 14:02:00+00:00,11953.1944,SL,1,-1.0,-1.0839043688952836
2022-05-23,setup_or_fib_NDX100_20220523_BUY,LONG,11925.0,11816.6,108.39999999999964,34.87714330919054,2022-05-23 13:45:00+00:00,11973.4,2022-05-23 13:58:00+00:00,11858.0088,11837.6296,11954.4848,2022-05-23 14:00:00+00:00,11837.6296,SL,2,-1.0,-1.087000471068543
2022-05-30,setup_or_fib_NDX100_20220530_BUY,LONG,12773.3,12745.9,27.399999999999636,20.7583249842981,2022-05-30 13:58:00+00:00,12775.7,2022-05-30 14:11:00+00:00,12756.3668,12751.2156,12780.752799999998,2022-05-30 14:11:00+00:00,12751.2156,SL,0,-1.0,-1.3441916446653044
2022-05-31,setup_or_fib_NDX100_20220531_SELL,SHORT,12686.9,12519.7,167.1999999999989,35.07884794598628,2022-05-31 14:04:00+00:00,12479.7,2022-05-31 14:43:00+00:00,12623.0296,12654.463199999998,12474.2216,2022-05-31 15:05:00+00:00,12654.463199999998,SL,22,-1.0,-1.056404611625779
2022-06-01,setup_or_fib_NDX100_20220601_BUY,LONG,12811.7,12731.9,79.80000000000109,27.561781720219916,2022-06-01 13:54:00+00:00,12820.8,2022-06-01 14:00:00+00:00,12762.3836,12747.3812,12833.405600000002,2022-06-01 14:00:00+00:00,12747.3812,SL,0,-1.0,-1.1181810910254406
2022-06-03,setup_or_fib_NDX100_20220603_SELL,SHORT,12714.7,12618.2,96.5,32.72245780829181,2022-06-03 13:45:00+00:00,12607.4,2022-06-03 13:55:00+00:00,12677.837000000001,12695.979000000001,12591.952000000001,2022-06-03 13:56:00+00:00,12695.979000000001,SL,1,-1.0,-1.0977290265681852
2022-06-06,setup_or_fib_NDX100_20220606_SELL,SHORT,12782.7,12690.8,91.90000000000146,20.696649806140087,2022-06-06 13:48:00+00:00,12671.9,2022-06-06 14:00:00+00:00,12747.8,12764.8714,12665.803199999998,2022-06-06 14:00:00+00:00,12764.8714,SL,0,-1.0,-1.103857914406547
2022-06-09,setup_or_fib_NDX100_20220609_BUY,LONG,12594.9,12502.9,92.0,32.51416341755716,2022-06-09 13:51:00+00:00,12672.8,2022-06-09 15:07:00+00:00,12538.044,12520.748,12619.923999999999,2022-06-09 16:00:00+00:00,12569.8,TIME,53,1.836031452358863,1.7335222016650627
2022-06-14,setup_or_fib_NDX100_20220614_SELL,SHORT,11408.4,11261.3,147.10000000000036,37.18392796515337,2022-06-14 14:42:00+00:00,11236.2,2022-06-14 15:58:00+00:00,11352.2078,11379.8626,11221.288799999998,2022-06-14 16:00:00+00:00,11345.8,TIME,2,0.23170661151050825,0.16759477559052388
2022-06-15,setup_or_fib_NDX100_20220615_BUY,LONG,11511.4,11426.3,85.10000000000036,31.20652042192842,2022-06-15 14:04:00+00:00,11539.7,2022-06-15 14:31:00+00:00,11458.8082,11442.8094,11534.547199999999,2022-06-15 14:45:00+00:00,11442.8094,SL,14,-1.0,-1.1108208115608713
2022-06-17,setup_or_fib_NDX100_20220617_BUY,LONG,11290.7,11150.8,139.90000000000146,32.76279009073096,2022-06-17 13:51:00+00:00,11313.9,2022-06-17 14:16:00+00:00,11204.2418,11177.940599999998,11328.752800000002,2022-06-17 14:20:00+00:00,11177.940599999998,SL,4,-1.0,-1.067411372865112
2022-06-20,setup_or_fib_NDX100_20220620_SELL,SHORT,11341.6,11306.1,35.5,17.886404154952185,2022-06-20 13:46:00+00:00,11297.6,2022-06-20 13:55:00+00:00,11328.039,11334.713,11296.444,2022-06-20 13:55:00+00:00,11334.713,SL,0,-1.0,-1.2656577764459467
2022-06-23,setup_or_fib_NDX100_20220623_SELL,SHORT,11647.1,11525.0,122.10000000000036,29.745798556397105,2022-06-23 13:52:00+00:00,11507.4,2022-06-23 13:58:00+00:00,11600.4578,11623.4126,11491.7888,2022-06-23 14:00:00+00:00,11623.4126,SL,2,-1.0,-1.077238747451515
2022-06-27,setup_or_fib_NDX100_20220627_SELL,SHORT,12177.4,12013.8,163.60000000000036,23.12546145830852,2022-06-27 13:46:00+00:00,11986.7,2022-06-27 15:46:00+00:00,12114.9048,12145.661600000001,11969.300799999999,2022-06-27 16:00:00+00:00,12084.5,TIME,14,0.9885553763720296,0.9309095874733164
2022-06-30,setup_or_fib_NDX100_20220630_SELL,SHORT,11552.8,11401.5,151.29999999999927,32.145303354866364,2022-06-30 13:52:00+00:00,11316.7,2022-06-30 15:17:00+00:00,11495.0034,11523.4478,11360.3464,2022-06-30 15:23:00+00:00,11523.4478,SL,6,-1.0,-1.0623321286439502
2022-07-01,setup_or_fib_NDX100_20220701_BUY,LONG,11507.3,11390.1,117.19999999999891,30.386857900104843,2022-07-01 13:46:00+00:00,11587.4,2022-07-01 14:18:00+00:00,11434.8704,11412.836800000001,11539.178399999999,2022-07-01 14:30:00+00:00,11412.836800000001,SL,12,-1.0,-1.0804680124900194
2022-07-04,setup_or_fib_NDX100_20220704_SELL,SHORT,11540.0,11513.8,26.200000000000728,15.344865652814347,2022-07-04 14:06:00+00:00,11499.3,2022-07-04 15:06:00+00:00,11529.9916,11534.9172,11506.673599999998,2022-07-04 15:08:00+00:00,11534.9172,SL,2,-1.0,-1.3599561474743838
2022-07-05,setup_or_fib_NDX100_20220705_BUY,LONG,11428.9,11355.5,73.39999999999964,26.59152853410873,2022-07-05 13:48:00+00:00,11450.2,2022-07-05 13:56:00+00:00,11383.5388,11369.739599999999,11448.8648,2022-07-05 14:11:00+00:00,11448.8648,TP,15,4.7340425531909816,4.605556843874512
2022-07-06,setup_or_fib_NDX100_20220706_SELL,SHORT,11853.4,11735.8,117.60000000000036,26.753445425089318,2022-07-06 13:46:00+00:00,11723.8,2022-07-06 13:57:00+00:00,11808.4768,11830.5856,11703.8128,2022-07-06 14:07:00+00:00,11830.5856,SL,10,-1.0,-1.08019431176726
2022-07-08,setup_or_fib_NDX100_20220708_SELL,SHORT,12059.7,11958.8,100.90000000000146,27.46825397924161,2022-07-08 14:00:00+00:00,11949.7,2022-07-08 14:11:00+00:00,12021.1562,12040.1254,11931.355199999998,2022-07-08 14:16:00+00:00,12040.1254,SL,5,-1.0,-1.093467304894243
2022-07-14,setup_or_fib_NDX100_20220714_SELL,SHORT,11652.9,11517.8,135.10000000000036,32.15879371001348,2022-07-14 14:01:00+00:00,11480.4,2022-07-14 15:09:00+00:00,11601.291799999999,11626.690599999998,11481.0528,2022-07-14 15:22:00+00:00,11626.690599999998,SL,13,-1.0,-1.0698064475487057
2022-07-15,setup_or_fib_NDX100_20220715_SELL,SHORT,11953.2,11884.8,68.40000000000146,30.978389502153416,2022-07-15 13:45:00+00:00,11823.6,2022-07-15 14:00:00+00:00,11927.0712,11939.930400000001,11866.195199999998,2022-07-15 14:00:00+00:00,11939.930400000001,SL,0,-1.0,-1.1378779395296668
2022-07-18,setup_or_fib_NDX100_20220718_BUY,LONG,12130.3,12063.3,67.0,17.58311912684635,2022-07-18 13:46:00+00:00,12157.9,2022-07-18 14:11:00+00:00,12088.893999999998,12076.297999999999,12148.524,2022-07-18 14:46:00+00:00,12076.297999999999,SL,35,-1.0,-1.1407589711019421
2022-07-20,setup_or_fib_NDX100_20220720_BUY,LONG,12303.3,12229.5,73.79999999999927,22.889605329486766,2022-07-20 13:45:00+00:00,12323.3,2022-07-20 13:58:00+00:00,12257.6916,12243.8172,12323.373599999999,2022-07-20 14:22:00+00:00,12323.373599999999,TP,24,4.734042553191202,4.6062532433832155
2022-07-21,setup_or_fib_NDX100_20220721_BUY,LONG,12484.5,12385.4,99.10000000000036,30.316416298742343,2022-07-21 13:54:00+00:00,12514.1,2022-07-21 14:05:00+00:00,12423.2562,12404.625399999999,12511.4552,2022-07-21 14:13:00+00:00,12404.625399999999,SL,8,-1.0,-1.095164995598682
2022-07-22,setup_or_fib_NDX100_20220722_BUY,LONG,12624.4,12542.3,82.10000000000036,17.651841752325176,2022-07-22 13:49:00+00:00,12669.4,2022-07-22 13:56:00+00:00,12573.662199999999,12558.2274,12646.7312,2022-07-22 13:59:00+00:00,12558.2274,SL,3,-1.0,-1.1148702931039018
2022-07-28,setup_or_fib_NDX100_20220728_SELL,SHORT,12631.9,12494.4,137.5,24.507579731887265,2022-07-28 13:45:00+00:00,12428.4,2022-07-28 15:02:00+00:00,12579.375,12605.225,12457.0,2022-07-28 15:07:00+00:00,12605.225,SL,5,-1.0,-1.068588007736943
2022-07-29,setup_or_fib_NDX100_20220729_BUY,LONG,12840.9,12721.2,119.69999999999891,22.37594631726259,2022-07-29 13:48:00+00:00,12908.2,2022-07-29 15:33:00+00:00,12766.9254,12744.4218,12873.4584,2022-07-29 16:00:00+00:00,12838.8,TIME,27,3.1939156401642035,3.115128246147246
2022-08-02,setup_or_fib_NDX100_20220802_BUY,LONG,12921.0,12832.8,88.20000000000073,21.86543372598903,2022-08-02 13:45:00+00:00,12935.7,2022-08-02 13:53:00+00:00,12866.4924,12849.9108,12944.9904,2022-08-02 14:07:00+00:00,12849.9108,SL,14,-1.0,-1.1069257490230164
2022-08-04,setup_or_fib_NDX100_20220804_BUY,LONG,13307.1,13224.0,83.10000000000036,23.039575979957686,2022-08-04 13:46:00+00:00,13317.3,2022-08-04 13:53:00+00:00,13255.744200000001,13240.1214,13329.7032,2022-08-04 14:16:00+00:00,13240.1214,SL,23,-1.0,-1.113487979107451
2022-08-05,setup_or_fib_NDX100_20220805_BUY,LONG,13189.6,13092.2,97.39999999999964,30.85930138441173,2022-08-05 14:02:00+00:00,13289.6,2022-08-05 15:21:00+00:00,13129.4068,13111.0956,13216.0928,2022-08-05 15:22:00+00:00,13111.0956,SL,1,-1.0,-1.0968259862816194
2022-08-08,setup_or_fib_NDX100_20220808_BUY,LONG,13355.8,13213.2,142.59999999999854,24.403672912107336,2022-08-08 13:50:00+00:00,13398.6,2022-08-08 15:17:00+00:00,13267.673200000001,13240.8644,13394.587199999998,2022-08-08 15:39:00+00:00,13240.8644,SL,22,-1.0,-1.0661350004476124
2022-08-10,setup_or_fib_NDX100_20220810_SELL,SHORT,13332.7,13247.5,85.20000000000073,36.528721569757565,2022-08-10 14:19:00+00:00,13215.6,2022-08-10 14:43:00+00:00,13300.1536,13316.1712,13224.3256,2022-08-10 14:52:00+00:00,13316.1712,SL,9,-1.0,-1.1106907401857884
2022-08-11,setup_or_fib_NDX100_20220811_BUY,LONG,13491.0,13435.0,56.0,19.86130870535291,2022-08-11 14:00:00+00:00,13553.7,2022-08-11 14:47:00+00:00,13456.392,13445.864,13506.232,2022-08-11 15:03:00+00:00,13445.864,SL,16,-1.0,-1.1684080547112423
2022-08-12,setup_or_fib_NDX100_20220812_BUY,LONG,13411.8,13340.0,71.79999999999927,17.667437428701856,2022-08-12 14:10:00+00:00,13441.0,2022-08-12 14:48:00+00:00,13367.427599999999,13353.9292,13431.3296,2022-08-12 15:02:00+00:00,13431.3296,TP,14,4.73404255319199,4.602693652581533
2022-08-15,setup_or_fib_NDX100_20220815_BUY,LONG,13585.6,13514.1,71.5,16.2722920531279,2022-08-15 13:54:00+00:00,13613.5,2022-08-15 14:15:00+00:00,13541.413,13527.971,13605.048,2022-08-15 14:21:00+00:00,13527.971,SL,6,-1.0,-1.1319000148787293
2022-08-16,setup_or_fib_NDX100_20220816_SELL,SHORT,13638.6,13588.0,50.600000000000364,15.199112736308024,2022-08-16 13:49:00+00:00,13505.4,2022-08-16 15:30:00+00:00,13619.2708,13628.7836,13574.2368,2022-08-16 15:31:00+00:00,13628.7836,SL,1,-1.0,-1.1863804558069044
2022-08-18,setup_or_fib_NDX100_20220818_SELL,SHORT,13475.3,13413.4,61.899999999999636,19.832994460439235,2022-08-18 14:00:00+00:00,13402.7,2022-08-18 14:09:00+00:00,13451.654199999999,13463.291399999998,13396.5632,2022-08-18 14:20:00+00:00,13463.291399999998,SL,11,-1.0,-1.1523562368954834
2022-08-23,setup_or_fib_NDX100_20220823_BUY,LONG,12933.3,12849.6,83.69999999999891,21.917347202757707,2022-08-23 13:50:00+00:00,13001.3,2022-08-23 14:56:00+00:00,12881.5734,12865.837800000001,12956.0664,2022-08-23 15:02:00+00:00,12865.837800000001,SL,6,-1.0,-1.1126744452070596
2022-08-25,setup_or_fib_NDX100_20220825_SELL,SHORT,12999.0,12952.5,46.5,19.554279816519607,2022-08-25 13:50:00+00:00,12948.6,2022-08-25 13:54:00+00:00,12981.237,12989.979000000001,12939.852,2022-08-25 13:54:00+00:00,12989.979000000001,SL,0,-1.0,-1.202814001372637
2022-08-26,setup_or_fib_NDX100_20220826_SELL,SHORT,13147.6,13103.7,43.899999999999636,26.73828528406646,2022-08-26 13:47:00+00:00,12981.0,2022-08-26 14:09:00+00:00,13130.8302,13139.083400000001,13091.7592,2022-08-26 14:09:00+00:00,13139.083400000001,SL,0,-1.0,-1.214825764551905
2022-08-31,setup_or_fib_NDX100_20220831_BUY,LONG,12480.3,12381.2,99.09999999999854,30.565087266564724,2022-08-31 13:47:00+00:00,12502.2,2022-08-31 14:07:00+00:00,12419.0562,12400.4254,12507.2552,2022-08-31 14:15:00+00:00,12400.4254,SL,8,-1.0,-1.095164995598682
2022-09-02,setup_or_fib_NDX100_20220902_SELL,SHORT,12405.2,12283.5,121.70000000000073,35.67479566231002,2022-09-02 14:00:00+00:00,12265.2,2022-09-02 14:12:00+00:00,12358.7106,12381.5902,12250.3976,2022-09-02 14:16:00+00:00,12381.5902,SL,4,-1.0,-1.0774926135072285
2022-09-06,setup_or_fib_NDX100_20220906_SELL,SHORT,12162.6,12072.1,90.5,26.643344039433046,2022-09-06 13:47:00+00:00,11925.6,2022-09-06 15:08:00+00:00,12128.029,12145.043,12047.484,2022-09-06 16:00:00+00:00,12115.1,TIME,52,0.7599036087927992,0.6556953097449514
2022-09-07,setup_or_fib_NDX100_20220907_BUY,LONG,12120.0,12032.0,88.0,24.56630256293227,2022-09-07 13:48:00+00:00,12122.5,2022-09-07 14:00:00+00:00,12065.616,12049.072,12143.936,2022-09-07 14:00:00+00:00,12049.072,SL,0,-1.0,-1.1071687620889756
2022-09-12,setup_or_fib_NDX100_20220912_BUY,LONG,12696.7,12639.4,57.30000000000109,18.90916941433535,2022-09-12 13:52:00+00:00,12753.4,2022-09-12 15:56:00+00:00,12661.2886,12650.5162,12712.285600000001,2022-09-12 15:56:00+00:00,12650.5162,SL,0,-1.0,-1.1645872786008713
2022-09-14,setup_or_fib_NDX100_20220914_BUY,LONG,12101.2,12017.7,83.5,28.322878690599136,2022-09-14 13:45:00+00:00,12130.3,2022-09-14 14:26:00+00:00,12049.597000000002,12033.899000000001,12123.912,2022-09-14 14:27:00+00:00,12033.899000000001,SL,1,-1.0,-1.1129443241177197
2022-09-15,setup_or_fib_NDX100_20220915_BUY,LONG,12097.7,12030.3,67.40000000000146,25.437574994145464,2022-09-15 13:49:00+00:00,12152.9,2022-09-15 14:27:00+00:00,12056.0468,12043.3756,12116.0328,2022-09-15 14:28:00+00:00,12043.3756,SL,1,-1.0,-1.1399236062882683
2022-09-16,setup_or_fib_NDX100_20220916_SELL,SHORT,11798.0,11730.7,67.29999999999927,22.473908965476365,2022-09-16 13:53:00+00:00,11710.3,2022-09-16 14:06:00+00:00,11772.2914,11784.9438,11712.394400000001,2022-09-16 14:12:00+00:00,11784.9438,SL,6,-1.0,-1.1401315165502304
2022-09-21,setup_or_fib_NDX100_20220921_BUY,LONG,11904.4,11866.7,37.69999999999891,19.67782511329951,2022-09-21 13:47:00+00:00,11928.4,2022-09-21 14:47:00+00:00,11881.1014,11874.013799999999,11914.6544,2022-09-21 14:48:00+00:00,11874.013799999999,SL,1,-1.0,-1.2501552006320633
2022-09-26,setup_or_fib_NDX100_20220926_BUY,LONG,11401.3,11284.5,116.79999999999927,34.1347850339854,2022-09-26 13:50:00+00:00,11475.2,2022-09-26 15:23:00+00:00,11329.1176,11307.1592,11433.069599999999,2022-09-26 15:44:00+00:00,11307.1592,SL,21,-1.0,-1.0807435878752567
2022-09-28,setup_or_fib_NDX100_20220928_BUY,LONG,11281.7,11207.6,74.10000000000036,47.781464878249224,2022-09-28 13:51:00+00:00,11310.5,2022-09-28 14:03:00+00:00,11235.906200000001,11221.975400000001,11301.8552,2022-09-28 14:08:00+00:00,11221.975400000001,SL,5,-1.0,-1.1272719441812378
2022-10-11,setup_or_fib_NDX100_20221011_SELL,SHORT,10889.4,10805.3,84.10000000000036,27.17213596710885,2022-10-11 13:47:00+00:00,10734.0,2022-10-11 15:03:00+00:00,10857.273799999999,10873.0846,10782.424799999999,2022-10-11 15:30:00+00:00,10873.0846,SL,27,-1.0,-1.1121385382143771
2022-10-17,setup_or_fib_NDX100_20221017_BUY,LONG,11066.7,10954.6,112.10000000000036,27.74157529843243,2022-10-17 14:15:00+00:00,11077.1,2022-10-17 14:52:00+00:00,10997.4222,10976.3474,11097.191200000001,2022-10-17 14:57:00+00:00,10976.3474,SL,5,-1.0,-1.0841289122553939
2022-10-24,setup_or_fib_NDX100_20221024_BUY,LONG,11353.7,11256.2,97.5,34.93601904143386,2022-10-24 13:45:00+00:00,11379.9,2022-10-24 13:52:00+00:00,11293.445000000002,11275.115,11380.220000000001,2022-10-24 14:00:00+00:00,11275.115,SL,8,-1.0,-1.0967266775777322
2022-10-27,setup_or_fib_NDX100_20221027_SELL,SHORT,11418.3,11322.3,96.0,30.249919941657467,2022-10-27 13:48:00+00:00,11219.2,2022-10-27 14:16:00+00:00,11381.627999999999,11399.676,11296.188,2022-10-27 14:25:00+00:00,11399.676,SL,9,-1.0,-1.09823803191489
2022-10-31,setup_or_fib_NDX100_20221031_BUY,LONG,11470.5,11447.8,22.700000000000728,18.103710847139446,2022-10-31 14:07:00+00:00,11475.2,2022-10-31 14:20:00+00:00,11456.4714,11452.2038,11476.6744,2022-10-31 14:25:00+00:00,11452.2038,SL,5,-1.0,-1.415455994001211
2022-11-03,setup_or_fib_NDX100_20221103_SELL,SHORT,10804.5,10770.0,34.5,24.304230543132178,2022-11-03 13:48:00+00:00,10761.5,2022-11-03 14:13:00+00:00,10791.321,10797.807,10760.616,2022-11-03 14:24:00+00:00,10797.807,SL,11,-1.0,-1.2733580018501056
2022-11-04,setup_or_fib_NDX100_20221104_BUY,LONG,10832.6,10606.0,226.60000000000036,21.211307955982452,2022-11-04 13:59:00+00:00,10928.1,2022-11-04 14:49:00+00:00,10692.5612,10649.9604,10894.235200000001,2022-11-04 15:23:00+00:00,10894.235200000001,TP,34,4.734042553191492,4.69242361645791
2022-11-07,setup_or_fib_NDX100_20221107_SELL,SHORT,10933.1,10829.6,103.5,22.832361343452966,2022-11-07 14:48:00+00:00,10812.4,2022-11-07 15:02:00+00:00,10893.563,10913.021,10801.448,2022-11-07 15:16:00+00:00,10913.021,SL,14,-1.0,-1.0911193339500438
2022-11-08,setup_or_fib_NDX100_20221108_SELL,SHORT,11046.1,10978.8,67.30000000000109,20.037352299282485,2022-11-08 14:45:00+00:00,10970.4,2022-11-08 14:52:00+00:00,11020.3914,11033.0438,10960.4944,2022-11-08 14:52:00+00:00,11033.0438,SL,0,-1.0,-1.1401315165502304
2022-11-09,setup_or_fib_NDX100_20221109_BUY,LONG,10981.4,10933.3,48.100000000000364,31.305938656625038,2022-11-09 14:45:00+00:00,11002.8,2022-11-09 14:50:00+00:00,10951.6742,10942.6314,10994.4832,2022-11-09 14:53:00+00:00,10942.6314,SL,3,-1.0,-1.196067589684627
2022-11-11,setup_or_fib_NDX100_20221111_BUY,LONG,11611.6,11537.2,74.39999999999964,25.98694891946129,2022-11-11 14:45:00+00:00,11657.1,2022-11-11 15:00:00+00:00,11565.6208,11551.633600000001,11631.836800000001,2022-11-11 15:01:00+00:00,11632.6,TP,1,4.788606726149751,4.66184797529182
2022-11-14,setup_or_fib_NDX100_20221114_SELL,SHORT,11752.0,11684.5,67.5,18.426920653926466,2022-11-14 14:45:00+00:00,11667.0,2022-11-14 15:00:00+00:00,11726.215,11738.905,11666.14,2022-11-14 15:00:00+00:00,11738.905,SL,0,-1.0,-1.139716312056732
2022-11-15,setup_or_fib_NDX100_20221115_SELL,SHORT,12028.3,11969.5,58.79999999999927,32.50223480353,2022-11-15 14:46:00+00:00,11929.2,2022-11-15 15:00:00+00:00,12005.838399999999,12016.8928,11953.5064,2022-11-15 15:02:00+00:00,12016.8928,SL,2,-1.0,-1.1603886235345071
2022-11-21,setup_or_fib_NDX100_20221121_BUY,LONG,11665.7,11599.5,66.20000000000073,17.462820349613715,2022-11-21 14:51:00+00:00,11670.2,2022-11-21 15:02:00+00:00,11624.7884,11612.3428,11683.706400000001,2022-11-21 15:03:00+00:00,11612.3428,SL,1,-1.0,-1.1424599858584663
2022-11-24,setup_or_fib_NDX100_20221124_SELL,SHORT,11894.9,11878.3,16.600000000000364,10.352276704266053,2022-11-24 14:52:00+00:00,11875.5,2022-11-24 15:00:00+00:00,11888.558799999999,11891.6796,11873.7848,2022-11-24 15:36:00+00:00,11891.6796,SL,36,-1.0,-1.5681235580619262
2022-11-25,setup_or_fib_NDX100_20221125_BUY,LONG,11790.3,11742.8,47.5,13.502588319303907,2022-11-25 15:04:00+00:00,11804.9,2022-11-25 16:31:00+00:00,11760.945,11752.015,11803.22,2022-11-25 16:33:00+00:00,11752.015,SL,2,-1.0,-1.1985442329227258
2022-11-28,setup_or_fib_NDX100_20221128_BUY,LONG,11757.7,11671.6,86.10000000000036,16.70791739192466,2022-11-28 14:45:00+00:00,11766.7,2022-11-28 15:20:00+00:00,11704.4902,11688.3034,11781.119200000001,2022-11-28 15:22:00+00:00,11688.3034,SL,2,-1.0,-1.1095336941211391
2022-11-29,setup_or_fib_NDX100_20221129_SELL,SHORT,11606.5,11558.9,47.600000000000364,18.79517644834405,2022-11-29 14:47:00+00:00,11545.4,2022-11-29 15:06:00+00:00,11588.3168,11597.265599999999,11545.9528,2022-11-29 15:14:00+00:00,11545.9528,TP,8,4.734042553192545,4.535915430002806
2022-11-30,setup_or_fib_NDX100_20221130_SELL,SHORT,11560.6,11499.2,61.399999999999636,18.85985545513747,2022-11-30 16:04:00+00:00,11488.6,2022-11-30 16:27:00+00:00,11537.1452,11548.6884,11482.4992,2022-11-30 16:38:00+00:00,11548.6884,SL,11,-1.0,-1.1535969228637006
2022-12-01,setup_or_fib_NDX100_20221201_BUY,LONG,12081.3,12009.5,71.79999999999927,23.6508160606278,2022-12-01 14:45:00+00:00,12122.7,2022-12-01 15:11:00+00:00,12036.927599999999,12023.4292,12100.8296,2022-12-01 15:12:00+00:00,12022.7,SL,1,-1.0540212173294494,-1.1853701179399059
2022-12-07,setup_or_fib_NDX100_20221207_SELL,SHORT,11583.0,11483.4,99.60000000000036,24.298889510160546,2022-12-07 14:47:00+00:00,11428.2,2022-12-07 15:51:00+00:00,11544.9528,11563.6776,11456.308799999999,2022-12-07 16:05:00+00:00,11563.6776,SL,14,-1.0,-1.094687259676997
2022-12-09,setup_or_fib_NDX100_20221209_BUY,LONG,11634.5,11541.8,92.70000000000073,32.396338533382334,2022-12-09 14:45:00+00:00,11652.4,2022-12-09 15:00:00+00:00,11577.2114,11559.7838,11659.7144,2022-12-09 15:31:00+00:00,11659.7144,TP,31,4.734042553191282,4.632307374509196
2022-12-12,setup_or_fib_NDX100_20221212_SELL,SHORT,11592.5,11537.7,54.79999999999927,14.667960143259853,2022-12-12 15:49:00+00:00,11523.8,2022-12-12 16:04:00+00:00,11571.5664,11581.8688,11522.7944,2022-12-12 16:05:00+00:00,11581.8688,SL,1,-1.0,-1.172095822332652
2022-12-16,setup_or_fib_NDX100_20221216_BUY,LONG,11351.2,11300.5,50.70000000000073,27.38774465793617,2022-12-16 14:49:00+00:00,11384.6,2022-12-16 15:00:00+00:00,11319.867400000001,11310.3358,11364.9904,2022-12-16 15:02:00+00:00,11310.3358,SL,2,-1.0,-1.1860128414956517
2022-12-20,setup_or_fib_NDX100_20221220_SELL,SHORT,11046.4,10980.9,65.5,22.167200749174594,2022-12-20 14:45:00+00:00,10964.5,2022-12-20 14:56:00+00:00,11021.378999999999,11033.693,10963.083999999999,2022-12-20 14:56:00+00:00,11033.693,SL,0,-1.0,-1.1439824589897643
2022-12-23,setup_or_fib_NDX100_20221223_SELL,SHORT,10957.5,10834.2,123.29999999999927,35.04736565820835,2022-12-23 14:55:00+00:00,10831.0,2022-12-23 15:00:00+00:00,10910.3994,10933.579800000001,10800.662400000001,2022-12-23 15:17:00+00:00,10933.579800000001,SL,17,-1.0,-1.0764870321478455
2022-12-27,setup_or_fib_NDX100_20221227_SELL,SHORT,10962.9,10847.1,115.79999999999927,18.457858000677337,2022-12-27 14:45:00+00:00,10803.6,2022-12-27 15:46:00+00:00,10918.6644,10940.4348,10815.6024,2022-12-27 17:00:00+00:00,10872.2,TIME,74,2.1342924337631035,2.052851578289621
2022-12-30,setup_or_fib_NDX100_20221230_SELL,SHORT,10861.2,10800.5,60.70000000000073,16.517915600584352,2022-12-30 14:48:00+00:00,10772.6,2022-12-30 15:18:00+00:00,10838.0126,10849.424200000001,10783.989599999999,2022-12-30 15:18:00+00:00,10849.424200000001,SL,0,-1.0,-1.1553682218093697
2023-01-04,setup_or_fib_NDX100_20230104_SELL,SHORT,10963.9,10881.6,82.29999999999927,22.32658870904516,2023-01-04 15:00:00+00:00,10841.6,2023-01-04 15:02:00+00:00,10932.4614,10947.9338,10859.2144,2023-01-04 15:04:00+00:00,10859.2144,TP,2,4.734042553191278,4.619451410252889
2023-01-10,setup_or_fib_NDX100_20230110_BUY,LONG,11168.7,11061.9,106.80000000000109,24.531038557203484,2023-01-10 15:12:00+00:00,11205.7,2023-01-10 15:31:00+00:00,11102.6976,11082.6192,11197.749600000001,2023-01-10 15:33:00+00:00,11082.6192,SL,2,-1.0,-1.0883038489122625
2023-01-11,setup_or_fib_NDX100_20230111_BUY,LONG,11281.3,11215.0,66.29999999999927,17.483569330155206,2023-01-11 15:09:00+00:00,11311.7,2023-01-11 15:56:00+00:00,11240.3266,11227.862200000001,11299.3336,2023-01-11 16:23:00+00:00,11299.3336,TP,27,4.7340425531918635,4.591797439106937
2023-01-12,setup_or_fib_NDX100_20230112_SELL,SHORT,11441.9,11281.1,160.79999999999927,48.120889879909754,2023-01-12 14:45:00+00:00,11237.0,2023-01-12 15:12:00+00:00,11380.4744,11410.7048,11237.3624,2023-01-12 15:12:00+00:00,11410.7048,SL,0,-1.0,-1.058649571292473
2023-01-16,setup_or_fib_NDX100_20230116_SELL,SHORT,11541.7,11519.4,22.30000000000109,12.803101701772263,2023-01-16 15:10:00+00:00,11512.9,2023-01-16 15:38:00+00:00,11533.1814,11537.373800000001,11513.3344,2023-01-16 16:31:00+00:00,11513.3344,TP,53,4.734042553189481,4.311134433735405
2023-01-17,setup_or_fib_NDX100_20230117_BUY,LONG,11555.6,11484.6,71.0,18.32036037483013,2023-01-17 15:00:00+00:00,11619.5,2023-01-17 16:07:00+00:00,11511.722,11498.374,11574.912,2023-01-17 16:10:00+00:00,11498.374,SL,3,-1.0,-1.1328288882229551
2023-01-18,setup_or_fib_NDX100_20230118_BUY,LONG,11663.0,11604.5,58.5,20.160698849310915,2023-01-18 15:00:00+00:00,11689.2,2023-01-18 15:18:00+00:00,11626.847,11615.849,11678.912,2023-01-18 15:19:00+00:00,11615.849,SL,1,-1.0,-1.1612111292962417
2023-01-24,setup_or_fib_NDX100_20230124_BUY,LONG,11840.0,11780.6,59.399999999999636,15.287906025260927,2023-01-24 14:46:00+00:00,11889.6,2023-01-24 15:01:00+00:00,11803.2908,11792.1236,11856.1568,2023-01-24 15:05:00+00:00,11792.1236,SL,4,-1.0,-1.1587685364281128
2023-01-25,setup_or_fib_NDX100_20230125_SELL,SHORT,11664.9,11599.4,65.5,17.949462174482875,2023-01-25 14:53:00+00:00,11547.8,2023-01-25 16:14:00+00:00,11639.878999999999,11652.193,11581.583999999999,2023-01-25 16:19:00+00:00,11652.193,SL,5,-1.0,-1.1439824589897643
2023-01-26,setup_or_fib_NDX100_20230126_SELL,SHORT,12015.2,11943.9,71.30000000000109,21.42626098639507,2023-01-26 14:49:00+00:00,11889.9,2023-01-26 15:24:00+00:00,11987.9634,12001.3678,11924.5064,2023-01-26 15:39:00+00:00,11924.5064,TP,15,4.734042553191712,4.601772552296477
2023-01-30,setup_or_fib_NDX100_20230130_BUY,LONG,12053.7,12003.7,50.0,17.581941397122247,2023-01-30 14:46:00+00:00,12074.9,2023-01-30 14:54:00+00:00,12022.800000000001,12013.400000000001,12067.300000000001,2023-01-30 14:57:00+00:00,12067.300000000001,TP,3,4.7340425531916726,4.545425531915069
2023-01-31,setup_or_fib_NDX100_20230131_BUY,LONG,11983.3,11916.9,66.39999999999964,22.061220689804923,2023-01-31 14:48:00+00:00,12001.4,2023-01-31 15:00:00+00:00,11942.264799999999,11929.7816,12001.360799999999,2023-01-31 15:00:00+00:00,11929.7816,SL,0,-1.0,-1.142030889515523
2023-02-01,setup_or_fib_NDX100_20230201_SELL,SHORT,12103.8,12050.4,53.399999999999636,14.526835665582661,2023-02-01 15:51:00+00:00,12026.1,2023-02-01 16:22:00+00:00,12083.4012,12093.4404,12035.8752,2023-02-01 17:00:00+00:00,12069.7,TIME,38,1.3647701012033362,1.1881624033787952
2023-02-02,setup_or_fib_NDX100_20230202_BUY,LONG,12681.9,12618.0,63.899999999999636,23.745960850156536,2023-02-02 14:48:00+00:00,12693.9,2023-02-02 14:51:00+00:00,12642.4098,12630.3966,12699.2808,2023-02-02 14:52:00+00:00,12630.3966,SL,1,-1.0,-1.147587653581068
2023-02-06,setup_or_fib_NDX100_20230206_BUY,LONG,12514.6,12452.9,61.70000000000073,23.133587193826425,2023-02-06 15:02:00+00:00,12540.7,2023-02-06 15:15:00+00:00,12476.4694,12464.869799999999,12531.3824,2023-02-06 15:19:00+00:00,12464.869799999999,SL,4,-1.0,-1.152850098279233
2023-02-07,setup_or_fib_NDX100_20230207_BUY,LONG,12495.2,12442.9,52.30000000000109,18.012081450971973,2023-02-07 14:50:00+00:00,12509.5,2023-02-07 14:54:00+00:00,12462.8786,12453.046199999999,12509.4256,2023-02-07 14:59:00+00:00,12453.046199999999,SL,5,-1.0,-1.1803222000732063
2023-02-08,setup_or_fib_NDX100_20230208_SELL,SHORT,12708.4,12640.9,67.5,22.117042097708,2023-02-08 14:53:00+00:00,12612.0,2023-02-08 15:16:00+00:00,12682.615,12695.305,12622.539999999999,2023-02-08 15:28:00+00:00,12622.539999999999,TP,12,4.734042553191356,4.594326241134624
2023-02-10,setup_or_fib_NDX100_20230210_SELL,SHORT,12349.5,12269.4,80.10000000000036,21.860771813536633,2023-02-10 15:02:00+00:00,12242.3,2023-02-10 15:10:00+00:00,12318.9018,12333.9606,12247.612799999999,2023-02-10 15:10:00+00:00,12333.9606,SL,0,-1.0,-1.1177384652163465
2023-02-14,setup_or_fib_NDX100_20230214_BUY,LONG,12468.1,12348.9,119.20000000000073,40.14345988804877,2023-02-14 14:45:00+00:00,12630.4,2023-02-14 15:46:00+00:00,12394.4344,12372.0248,12500.5224,2023-02-14 16:07:00+00:00,12500.5224,TP,21,4.734042553191295,4.654924675139035
2023-02-15,setup_or_fib_NDX100_20230215_BUY,LONG,12573.4,12509.3,64.10000000000036,22.68049564842408,2023-02-15 14:49:00+00:00,12587.1,2023-02-15 14:53:00+00:00,12533.786199999999,12521.7354,12590.8352,2023-02-15 14:53:00+00:00,12521.7354,SL,0,-1.0,-1.1471271616822234
2023-02-17,setup_or_fib_NDX100_20230217_SELL,SHORT,12385.5,12309.8,75.70000000000073,21.031382559762612,2023-02-17 14:45:00+00:00,12261.5,2023-02-17 15:19:00+00:00,12356.5826,12370.814199999999,12289.209599999998,2023-02-17 15:37:00+00:00,12370.814199999999,SL,18,-1.0,-1.1245819162989477
2023-02-22,setup_or_fib_NDX100_20230222_BUY,LONG,12129.8,12083.8,46.0,20.163610067865974,2023-02-22 14:45:00+00:00,12142.8,2023-02-22 14:55:00+00:00,12101.372,12092.723999999998,12142.312,2023-02-22 14:57:00+00:00,12092.723999999998,SL,2,-1.0,-1.2050185013875792
2023-02-24,setup_or_fib_NDX100_20230224_SELL,SHORT,12015.4,11954.9,60.5,22.197634626884454,2023-02-24 14:45:00+00:00,11896.8,2023-02-24 16:50:00+00:00,11992.288999999999,12003.662999999999,11938.444,2023-02-24 17:00:00+00:00,11965.8,TIME,10,2.32890803587129,2.1730262001055056
2023-02-27,setup_or_fib_NDX100_20230227_SELL,SHORT,12117.6,12084.2,33.399999999999636,17.932025981894036,2023-02-27 14:49:00+00:00,12081.1,2023-02-27 14:53:00+00:00,12104.8412,12111.1204,12075.1152,2023-02-27 14:58:00+00:00,12111.1204,SL,5,-1.0,-1.2823608102943482
2023-02-28,setup_or_fib_NDX100_20230228_BUY,LONG,12074.4,12017.4,57.0,19.313892284474566,2023-02-28 14:46:00+00:00,12099.7,2023-02-28 15:29:00+00:00,12039.173999999999,12028.458,12089.904,2023-02-28 15:51:00+00:00,12028.458,SL,22,-1.0,-1.165453527435633
2023-03-01,setup_or_fib_NDX100_20230301_BUY,LONG,12035.9,11980.7,55.19999999999891,17.554780272328028,2023-03-01 14:49:00+00:00,12055.0,2023-03-01 15:04:00+00:00,12001.7864,11991.408800000001,12050.9144,2023-03-01 15:05:00+00:00,11991.408800000001,SL,1,-1.0,-1.17084875115634
2023-03-06,setup_or_fib_NDX100_20230306_SELL,SHORT,12375.9,12333.4,42.5,16.619678431746344,2023-03-06 14:47:00+00:00,12327.1,2023-03-06 14:54:00+00:00,12359.664999999999,12367.655,12321.84,2023-03-06 15:07:00+00:00,12367.655,SL,13,-1.0,-1.2219023779724212
2023-03-08,setup_or_fib_NDX100_20230308_SELL,SHORT,12201.9,12143.1,58.79999999999927,17.764364754362752,2023-03-08 15:00:00+00:00,12095.7,2023-03-08 15:11:00+00:00,12179.4384,12190.4928,12127.1064,2023-03-08 15:21:00+00:00,12127.1064,TP,10,4.734042553190971,4.573653929656464
2023-03-10,setup_or_fib_NDX100_20230310_SELL,SHORT,12018.2,11887.7,130.5,38.83573800395276,2023-03-10 14:45:00+00:00,11857.7,2023-03-10 15:07:00+00:00,11968.349,11992.883000000002,11852.204000000002,2023-03-10 15:57:00+00:00,11992.883000000002,SL,50,-1.0,-1.0722670579603772
2023-03-13,setup_or_fib_NDX100_20230313_SELL,SHORT,11884.3,11780.3,104.0,46.17799454300342,2023-03-13 13:45:00+00:00,11677.7,2023-03-13 14:49:00+00:00,11844.572,11864.124,11752.011999999999,2023-03-13 14:50:00+00:00,11864.124,SL,1,-1.0,-1.090681260229134
2023-03-15,setup_or_fib_NDX100_20230315_SELL,SHORT,12080.2,11993.1,87.10000000000036,32.22651577883267,2023-03-15 13:45:00+00:00,11967.3,2023-03-15 14:22:00+00:00,12046.927800000001,12063.3026,11969.408800000001,2023-03-15 14:22:00+00:00,12063.3026,SL,0,-1.0,-1.1082761316168774
2023-03-16,setup_or_fib_NDX100_20230316_SELL,SHORT,12287.7,12219.8,67.90000000000146,23.7575353599237,2023-03-16 14:15:00+00:00,12181.1,2023-03-16 14:56:00+00:00,12261.762200000001,12274.5274,12201.331199999999,2023-03-16 14:56:00+00:00,12274.5274,SL,0,-1.0,-1.1388932409989678
2023-03-20,setup_or_fib_NDX100_20230320_BUY,LONG,12547.7,12510.1,37.600000000000364,32.6561459909291,2023-03-20 13:51:00+00:00,12559.6,2023-03-20 14:02:00+00:00,12524.4632,12517.3944,12557.9272,2023-03-20 14:15:00+00:00,12517.3944,SL,13,-1.0,-1.250820507016717
2023-03-23,setup_or_fib_NDX100_20230323_BUY,LONG,12698.7,12671.8,26.900000000001455,17.38063943490949,2023-03-23 13:45:00+00:00,12710.2,2023-03-23 14:02:00+00:00,12682.0758,12677.0186,12706.016800000001,2023-03-23 14:02:00+00:00,12677.0186,SL,0,-1.0,-1.3505892588783543
2023-03-27,setup_or_fib_NDX100_20230327_BUY,LONG,12815.9,12758.6,57.29999999999927,17.992207295126825,2023-03-27 13:46:00+00:00,12840.6,2023-03-27 14:17:00+00:00,12780.4886,12769.716199999999,12831.4856,2023-03-27 14:30:00+00:00,12769.716199999999,SL,13,-1.0,-1.1645872786008435
2023-03-29,setup_or_fib_NDX100_20230329_BUY,LONG,12798.1,12759.3,38.80000000000109,13.197206911797009,2023-03-29 13:48:00+00:00,12811.4,2023-03-29 14:25:00+00:00,12774.1216,12766.8272,12808.653600000001,2023-03-29 14:25:00+00:00,12766.8272,SL,0,-1.0,-1.2430631717481677
2023-03-30,setup_or_fib_NDX100_20230330_BUY,LONG,12951.2,12913.2,38.0,15.751866713393799,2023-03-30 13:59:00+00:00,12971.2,2023-03-30 14:06:00+00:00,12927.716,12920.572,12961.536,2023-03-30 14:10:00+00:00,12920.572,SL,4,-1.0,-1.2481802911534072
2023-04-03,setup_or_fib_NDX100_20230403_BUY,LONG,13126.6,13075.4,51.20000000000073,14.348661388385189,2023-04-03 13:48:00+00:00,13139.9,2023-04-03 14:13:00+00:00,13094.9584,13085.3328,13140.5264,2023-04-03 14:22:00+00:00,13140.5264,TP,9,4.7340425531919035,4.549846243351467
2023-04-04,setup_or_fib_NDX100_20230404_BUY,LONG,13173.8,13111.1,62.69999999999891,13.058993101223706,2023-04-04 14:00:00+00:00,13206.2,2023-04-04 14:23:00+00:00,13135.0514,13123.263799999999,13190.854399999998,2023-04-04 15:08:00+00:00,13123.263799999999,SL,45,-1.0,-1.1504122976687179
2023-04-05,setup_or_fib_NDX100_20230405_SELL,SHORT,13063.5,13026.4,37.100000000000364,15.084495924227735,2023-04-05 13:46:00+00:00,13004.4,2023-04-05 14:01:00+00:00,13049.3278,13056.3026,13016.308799999999,2023-04-05 14:04:00+00:00,13016.308799999999,TP,3,4.734042553190315,4.479841715890386
2023-04-10,setup_or_fib_NDX100_20230410_SELL,SHORT,12937.8,12881.3,56.5,15.599472589187787,2023-04-10 13:46:00+00:00,12856.0,2023-04-10 14:37:00+00:00,12916.216999999999,12926.838999999998,12865.931999999999,2023-04-10 14:44:00+00:00,12926.838999999998,SL,7,-1.0,-1.1669177179438996
2023-04-14,setup_or_fib_NDX100_20230414_BUY,LONG,13112.5,13030.5,82.0,18.362419469569776,2023-04-14 13:46:00+00:00,13151.7,2023-04-14 14:18:00+00:00,13061.824,13046.408000000001,13134.804,2023-04-14 14:22:00+00:00,13046.408000000001,SL,4,-1.0,-1.1150103788271981
2023-04-17,setup_or_fib_NDX100_20230417_SELL,SHORT,13106.0,13046.0,60.0,16.53385992813013,2023-04-17 14:06:00+00:00,13038.5,2023-04-17 14:19:00+00:00,13083.08,13094.36,13029.68,2023-04-17 14:38:00+00:00,13029.68,TP,19,4.734042553191182,4.576861702127362
2023-04-18,setup_or_fib_NDX100_20230418_BUY,LONG,13184.5,13160.0,24.5,13.99322661600791,2023-04-18 13:47:00+00:00,13197.6,2023-04-18 13:57:00+00:00,13169.359,13164.753,13191.164,2023-04-18 13:57:00+00:00,13164.753,SL,0,-1.0,-1.3849326964828679
2023-04-21,setup_or_fib_NDX100_20230421_SELL,SHORT,12986.1,12949.6,36.5,17.218802112019123,2023-04-21 13:50:00+00:00,12895.6,2023-04-21 14:20:00+00:00,12972.157000000001,12979.019,12939.672,2023-04-21 14:24:00+00:00,12979.019,SL,4,-1.0,-1.2583794812008473
2023-04-25,setup_or_fib_NDX100_20230425_SELL,SHORT,12930.0,12894.8,35.20000000000073,13.740144344813752,2023-04-25 13:46:00+00:00,12882.3,2023-04-25 14:00:00+00:00,12916.5536,12923.171199999999,12885.2256,2023-04-25 14:07:00+00:00,12885.2256,TP,7,4.734042553191714,4.466120647969261
2023-04-26,setup_or_fib_NDX100_20230426_BUY,LONG,12875.0,12817.7,57.29999999999927,22.378720612759295,2023-04-26 13:58:00+00:00,12884.7,2023-04-26 14:18:00+00:00,12839.588600000001,12828.8162,12890.5856,2023-04-26 14:19:00+00:00,12828.8162,SL,1,-1.0,-1.1645872786008435
2023-04-27,setup_or_fib_NDX100_20230427_BUY,LONG,12970.1,12931.4,38.70000000000073,18.777748728950282,2023-04-27 13:53:00+00:00,12981.3,2023-04-27 13:59:00+00:00,12946.1834,12938.9078,12980.626400000001,2023-04-27 14:00:00+00:00,12938.9078,SL,1,-1.0,-1.2436912419594586
2023-04-28,setup_or_fib_NDX100_20230428_BUY,LONG,13169.4,13097.9,71.5,16.465466210821234,2023-04-28 14:10:00+00:00,13216.3,2023-04-28 14:58:00+00:00,13125.213,13111.770999999999,13188.848,2023-04-28 15:01:00+00:00,13111.770999999999,SL,3,-1.0,-1.1319000148787293
2023-05-01,setup_or_fib_NDX100_20230501_BUY,LONG,13239.4,13209.4,30.0,11.95289603112754,2023-05-01 13:50:00+00:00,13251.4,2023-05-01 14:00:00+00:00,13220.859999999999,13215.22,13247.56,2023-05-01 14:00:00+00:00,13215.22,SL,0,-1.0,-1.3143617021276919
2023-05-03,setup_or_fib_NDX100_20230503_BUY,LONG,13151.8,13118.4,33.399999999999636,13.930312363384282,2023-05-03 13:45:00+00:00,13171.4,2023-05-03 14:11:00+00:00,13131.1588,13124.8796,13160.8848,2023-05-03 14:12:00+00:00,13124.8796,SL,1,-1.0,-1.2823608102943482
2023-05-04,setup_or_fib_NDX100_20230504_SELL,SHORT,13017.8,12968.8,49.0,19.0262153641,2023-05-04 13:45:00+00:00,12958.0,2023-05-04 14:09:00+00:00,12999.081999999999,13008.293999999998,12955.472,2023-05-04 14:17:00+00:00,12955.472,TP,8,4.734042553191594,4.541576204950161
2023-05-08,setup_or_fib_NDX100_20230508_SELL,SHORT,13244.0,13207.0,37.0,10.665697804926621,2023-05-08 13:47:00+00:00,13191.8,2023-05-08 14:49:00+00:00,13229.866,13236.822,13196.936,2023-05-08 15:08:00+00:00,13236.822,SL,19,-1.0,-1.2548878665899894
2023-05-09,setup_or_fib_NDX100_20230509_BUY,LONG,13234.6,13213.1,21.5,10.53445476544017,2023-05-09 13:56:00+00:00,13254.6,2023-05-09 14:12:00+00:00,13221.313,13217.271,13240.448,2023-05-09 14:14:00+00:00,13217.271,SL,2,-1.0,-1.4386442355270253
2023-05-10,setup_or_fib_NDX100_20230510_BUY,LONG,13355.1,13261.3,93.80000000000109,21.70116305335952,2023-05-10 14:06:00+00:00,13371.7,2023-05-10 14:42:00+00:00,13297.131599999999,13279.4972,13380.6136,2023-05-10 14:44:00+00:00,13279.4972,SL,2,-1.0,-1.100542122215675
2023-05-11,setup_or_fib_NDX100_20230511_SELL,SHORT,13372.4,13318.0,54.399999999999636,17.31839408997545,2023-05-11 13:50:00+00:00,13311.9,2023-05-11 14:16:00+00:00,13351.6192,13361.8464,13303.2032,2023-05-11 14:42:00+00:00,13303.2032,TP,26,4.734042553190872,4.560681320399904
2023-05-15,setup_or_fib_NDX100_20230515_BUY,LONG,13360.5,13333.4,27.100000000000364,11.40563940704009,2023-05-15 13:45:00+00:00,13370.0,2023-05-15 13:49:00+00:00,13343.752199999999,13338.6574,13367.8712,2023-05-15 13:50:00+00:00,13338.6574,SL,1,-1.0,-1.3480018842742343
2023-05-16,setup_or_fib_NDX100_20230516_BUY,LONG,13447.6,13379.6,68.0,12.236419557947661,2023-05-16 13:45:00+00:00,13460.7,2023-05-16 14:11:00+00:00,13405.576000000001,13392.792,13466.096,2023-05-16 14:56:00+00:00,13466.096,TP,45,4.734042553190837,4.595353566958062
2023-05-17,setup_or_fib_NDX100_20230517_SELL,SHORT,13480.9,13453.7,27.19999999999891,11.709713350536468,2023-05-17 13:46:00+00:00,13417.0,2023-05-17 14:40:00+00:00,13470.5096,13475.6232,13446.3016,2023-05-17 14:57:00+00:00,13475.6232,SL,17,-1.0,-1.3467224655819376
2023-05-22,setup_or_fib_NDX100_20230522_BUY,LONG,13868.8,13792.6,76.19999999999891,11.235309705405118,2023-05-22 13:49:00+00:00,13892.4,2023-05-22 14:08:00+00:00,13821.7084,13807.382800000001,13889.526399999999,2023-05-22 16:00:00+00:00,13841.0,TIME,112,1.346652147205196,1.2228876975486225
2023-05-23,setup_or_fib_NDX100_20230523_BUY,LONG,13815.3,13771.5,43.79999999999927,14.436682587939977,2023-05-23 13:51:00+00:00,13826.5,2023-05-23 14:50:00+00:00,13788.2316,13779.9972,13827.2136,2023-05-23 16:00:00+00:00,13810.8,TIME,70,2.7407461381523657,2.5254299038183357
2023-05-25,setup_or_fib_NDX100_20230525_SELL,SHORT,13917.0,13816.0,101.0,18.10427575100255,2023-05-25 13:50:00+00:00,13805.5,2023-05-25 14:40:00+00:00,13878.418,13897.406,13788.528,2023-05-25 15:00:00+00:00,13897.406,SL,20,-1.0,-1.0933747630082098
2023-05-31,setup_or_fib_NDX100_20230531_BUY,LONG,14355.7,14286.8,68.90000000000146,15.851744811662513,2023-05-31 13:46:00+00:00,14375.0,2023-05-31 14:10:00+00:00,14313.1198,14300.166599999999,14374.4408,2023-05-31 14:12:00+00:00,14300.166599999999,SL,2,-1.0,-1.1368773739307478
2023-06-02,setup_or_fib_NDX100_20230602_SELL,SHORT,14595.2,14510.2,85.0,18.11956564723186,2023-06-02 13:50:00+00:00,14439.6,2023-06-02 15:01:00+00:00,14562.730000000001,14578.710000000001,14487.08,2023-06-02 16:00:00+00:00,14556.1,TIME,59,0.4148936170213517,0.30394242803511584
2023-06-09,setup_or_fib_NDX100_20230609_BUY,LONG,14611.6,14540.1,71.5,15.519535240956664,2023-06-09 13:45:00+00:00,14672.0,2023-06-09 14:49:00+00:00,14567.413,14553.971,14631.048,2023-06-09 14:50:00+00:00,14553.971,SL,1,-1.0,-1.1319000148787293
2023-06-12,setup_or_fib_NDX100_20230612_SELL,SHORT,14621.6,14585.9,35.70000000000073,13.44414792648963,2023-06-12 14:05:00+00:00,14568.3,2023-06-12 14:24:00+00:00,14607.9626,14614.6742,14576.1896,2023-06-12 14:25:00+00:00,14614.6742,SL,1,-1.0,-1.2641694975863187
2023-06-13,setup_or_fib_NDX100_20230613_SELL,SHORT,14930.3,14864.9,65.39999999999964,26.3382757692595,2023-06-13 13:46:00+00:00,14767.3,2023-06-13 15:19:00+00:00,14905.3172,14917.612399999998,14847.1112,2023-06-13 16:00:00+00:00,14859.1,TIME,41,3.7589628472903396,3.614760231635434
2023-06-19,setup_or_fib_NDX100_20230619_SELL,SHORT,15068.0,15052.1,15.899999999999636,12.291631517112025,2023-06-19 14:10:00+00:00,15045.6,2023-06-19 14:51:00+00:00,15061.9262,15064.9154,15047.7752,2023-06-19 16:00:00+00:00,15061.9,TIME,69,0.008764886926349734,-0.5843704001069737
2023-06-20,setup_or_fib_NDX100_20230620_BUY,LONG,15106.3,15019.9,86.39999999999964,17.72879519083599,2023-06-20 13:48:00+00:00,15125.3,2023-06-20 13:56:00+00:00,15052.9048,15036.661600000001,15129.800799999999,2023-06-20 14:00:00+00:00,15036.661600000001,SL,4,-1.0,-1.1091533687943331
2023-06-23,setup_or_fib_NDX100_20230623_SELL,SHORT,14918.4,14846.7,71.69999999999891,20.842394509979517,2023-06-23 13:45:00+00:00,14818.5,2023-06-23 14:10:00+00:00,14891.0106,14904.490199999998,14827.197600000001,2023-06-23 14:39:00+00:00,14904.490199999998,SL,29,-1.0,-1.1315320929404555
2023-06-26,setup_or_fib_NDX100_20230626_BUY,LONG,14923.1,14858.1,65.0,17.402129217954275,2023-06-26 13:46:00+00:00,14983.3,2023-06-26 14:40:00+00:00,14882.93,14870.710000000001,14940.78,2023-06-26 14:40:00+00:00,14870.710000000001,SL,0,-1.0,-1.1450900163666198
2023-06-27,setup_or_fib_NDX100_20230627_SELL,SHORT,14805.2,14733.9,71.30000000000109,14.601796866272899,2023-06-27 14:12:00+00:00,14723.2,2023-06-27 14:27:00+00:00,14777.9634,14791.3678,14714.5064,2023-06-27 15:27:00+00:00,14791.3678,SL,60,-1.0,-1.132270000895234
2023-06-28,setup_or_fib_NDX100_20230628_BUY,LONG,14935.4,14862.1,73.29999999999927,14.821902300052047,2023-06-28 13:57:00+00:00,14943.7,2023-06-28 14:12:00+00:00,14890.1006,14876.3202,14955.337599999999,2023-06-28 14:20:00+00:00,14955.337599999999,TP,8,4.734042553191551,4.605381556413515
2023-06-29,setup_or_fib_NDX100_20230629_SELL,SHORT,14975.3,14915.7,59.599999999998545,19.626160359145803,2023-06-29 14:07:00+00:00,14870.5,2023-06-29 15:13:00+00:00,14952.532799999999,14963.737599999999,14899.488800000001,2023-06-29 15:20:00+00:00,14963.737599999999,SL,7,-1.0,-1.1582357561045333
2023-07-03,setup_or_fib_NDX100_20230703_BUY,LONG,15219.3,15182.6,36.69999999999891,12.068576300762679,2023-07-03 13:47:00+00:00,15234.1,2023-07-03 14:21:00+00:00,15196.6194,15189.719799999999,15229.282399999998,2023-07-03 14:31:00+00:00,15189.719799999999,SL,10,-1.0,-1.2569714186329402
2023-07-07,setup_or_fib_NDX100_20230707_BUY,LONG,15096.6,15043.4,53.20000000000073,24.37101888505269,2023-07-07 13:46:00+00:00,15132.8,2023-07-07 14:32:00+00:00,15063.7224,15053.7208,15111.0704,2023-07-07 14:33:00+00:00,15053.7208,SL,1,-1.0,-1.1772716365381288
2023-07-10,setup_or_fib_NDX100_20230710_SELL,SHORT,15076.1,15011.8,64.30000000000109,16.844246521320763,2023-07-10 13:46:00+00:00,14943.3,2023-07-10 14:24:00+00:00,15051.5374,15063.6258,14994.310399999998,2023-07-10 14:36:00+00:00,14994.310399999998,TP,12,4.734042553191339,4.587373018761644
2023-07-11,setup_or_fib_NDX100_20230711_SELL,SHORT,15091.9,15010.4,81.5,14.124598465099163,2023-07-11 13:56:00+00:00,14971.1,2023-07-11 14:44:00+00:00,15060.767,15076.088999999998,14988.232,2023-07-11 15:04:00+00:00,15076.088999999998,SL,20,-1.0,-1.1157159639733845
2023-07-12,setup_or_fib_NDX100_20230712_BUY,LONG,15307.4,15267.1,40.29999999999927,20.132413488855647,2023-07-12 13:48:00+00:00,15364.5,2023-07-12 15:38:00+00:00,15282.4946,15274.9182,15318.3616,2023-07-12 15:39:00+00:00,15274.9182,SL,1,-1.0,-1.234016155430022
2023-07-13,setup_or_fib_NDX100_20230713_BUY,LONG,15478.4,15415.7,62.69999999999891,15.418387597371995,2023-07-13 13:54:00+00:00,15484.4,2023-07-13 14:21:00+00:00,15439.6514,15427.8638,15495.454399999999,2023-07-13 14:29:00+00:00,15427.8638,SL,8,-1.0,-1.1504122976687179
2023-07-17,setup_or_fib_NDX100_20230717_SELL,SHORT,15647.33,15592.45,54.8799999999992,13.358774804910578,2023-07-17 13:45:00+00:00,15576.33,2023-07-17 14:18:00+00:00,15626.36584,15636.68328,15577.522640000001,2023-07-17 14:36:00+00:00,15636.68328,SL,18,-1.0,-1.1718449537870044
2023-07-18,setup_or_fib_NDX100_20230718_SELL,SHORT,15683.8,15621.74,62.05999999999949,12.023844503499026,2023-07-18 13:51:00+00:00,15603.17,2023-07-18 14:45:00+00:00,15660.093079999999,15671.76036,15604.85968,2023-07-18 15:11:00+00:00,15671.76036,SL,26,-1.0,-1.151963439636297
2023-07-19,setup_or_fib_NDX100_20230719_SELL,SHORT,15905.83,15847.02,58.80999999999949,11.159737407332592,2023-07-19 14:15:00+00:00,15842.42,2023-07-19 14:39:00+00:00,15883.36458,15894.42086,15831.02368,2023-07-19 14:41:00+00:00,15894.42086,SL,2,-1.0,-1.1603613511958712
2023-07-27,setup_or_fib_NDX100_20230727_BUY,LONG,15785.2,15713.5,71.70000000000073,16.015269809872116,2023-07-27 13:45:00+00:00,15794.43,2023-07-27 14:08:00+00:00,15740.8894,15727.409800000001,15804.7024,2023-07-27 14:09:00+00:00,15727.409800000001,SL,1,-1.0,-1.1315320929404555
2023-07-31,setup_or_fib_NDX100_20230731_BUY,LONG,15797.2,15744.08,53.1200000000008,14.168908209209162,2023-07-31 13:45:00+00:00,15805.95,2023-07-31 13:53:00+00:00,15764.37184,15754.385279999999,15811.648640000001,2023-07-31 13:53:00+00:00,15754.385279999999,SL,0,-1.0,-1.177538611894365
2023-08-01,setup_or_fib_NDX100_20230801_BUY,LONG,15705.98,15668.33,37.649999999999636,16.534700313800656,2023-08-01 14:05:00+00:00,15716.44,2023-08-01 14:13:00+00:00,15682.48,15675.6341,15716.2208,2023-08-01 14:13:00+00:00,15675.6341,SL,0,-1.0,-1.2589871309834986
2023-08-03,setup_or_fib_NDX100_20230803_BUY,LONG,15325.3,15261.22,64.07999999999993,25.093577793191574,2023-08-03 13:47:00+00:00,15380.85,2023-08-03 14:27:00+00:00,15285.698559999999,15273.65152,15342.729759999998,2023-08-03 14:29:00+00:00,15273.65152,SL,2,-1.0,-1.1471730815204464
2023-08-04,setup_or_fib_NDX100_20230804_SELL,SHORT,15498.03,15412.55,85.48000000000138,28.042721800530487,2023-08-04 13:51:00+00:00,15311.61,2023-08-04 15:08:00+00:00,15465.37664,15481.446880000001,15389.299439999999,2023-08-04 15:45:00+00:00,15481.446880000001,SL,37,-1.0,-1.110328159380314
2023-08-07,setup_or_fib_NDX100_20230807_SELL,SHORT,15394.58,15308.2,86.3799999999992,18.57486987321134,2023-08-07 13:48:00+00:00,15278.95,2023-08-07 14:41:00+00:00,15361.582840000001,15377.82228,15284.704640000002,2023-08-07 15:06:00+00:00,15284.704640000002,TP,25,4.734042553191622,4.6248639115635815
2023-08-10,setup_or_fib_NDX100_20230810_BUY,LONG,15281.33,15198.95,82.3799999999992,28.146901171068535,2023-08-10 13:46:00+00:00,15368.58,2023-08-10 15:02:00+00:00,15230.419160000001,15214.93172,15303.73736,2023-08-10 15:05:00+00:00,15214.93172,SL,3,-1.0,-1.114479862391713
2023-08-11,setup_or_fib_NDX100_20230811_BUY,LONG,15047.08,14988.2,58.8799999999992,24.14380289972819,2023-08-11 14:02:00+00:00,15105.58,2023-08-11 15:10:00+00:00,15010.69216,14999.62272,15063.09536,2023-08-11 15:11:00+00:00,14999.62272,SL,1,-1.0,-1.1601707042090494
2023-08-16,setup_or_fib_NDX100_20230816_BUY,LONG,15042.91,14986.07,56.840000000000146,18.263007308659752,2023-08-16 13:47:00+00:00,15061.57,2023-08-16 14:02:00+00:00,15007.78288,14997.096959999999,15058.37048,2023-08-16 14:11:00+00:00,15058.37048,TP,9,4.734042553190629,4.56812328746529
2023-08-18,setup_or_fib_NDX100_20230818_BUY,LONG,14617.41,14567.88,49.530000000000655,21.318571519081846,2023-08-18 13:48:00+00:00,14639.62,2023-08-18 13:56:00+00:00,14586.800459999999,14577.48882,14630.88216,2023-08-18 13:57:00+00:00,14577.48882,SL,1,-1.0,-1.1904068456255146
2023-08-21,setup_or_fib_NDX100_20230821_BUY,LONG,14832.2,14752.83,79.3700000000008,15.158053638520846,2023-08-21 13:56:00+00:00,14875.95,2023-08-21 14:26:00+00:00,14783.14934,14768.22778,14853.78864,2023-08-21 14:30:00+00:00,14768.22778,SL,4,-1.0,-1.1188213564801481
2023-08-25,setup_or_fib_NDX100_20230825_BUY,LONG,14906.3,14850.51,55.789999999999054,18.48270544622501,2023-08-25 13:53:00+00:00,14955.1,2023-08-25 14:07:00+00:00,14871.82178,14861.333260000001,14921.47488,2023-08-25 14:08:00+00:00,14861.333260000001,SL,1,-1.0,-1.1690419620690216
2023-08-28,setup_or_fib_NDX100_20230828_SELL,SHORT,15086.88,14996.25,90.6299999999992,17.976075464857004,2023-08-28 13:51:00+00:00,14965.0,2023-08-28 14:25:00+00:00,15052.259339999999,15069.297779999999,14971.59864,2023-08-28 14:53:00+00:00,14971.59864,TP,28,4.734042553191331,4.629983730904785
2023-08-30,setup_or_fib_NDX100_20230830_BUY,LONG,15409.42,15349.09,60.32999999999993,17.122980822013886,2023-08-30 13:54:00+00:00,15469.12,2023-08-30 14:24:00+00:00,15372.13606,15360.794020000001,15425.82976,2023-08-30 14:25:00+00:00,15360.794020000001,SL,1,-1.0,-1.1563210850958092
2023-08-31,setup_or_fib_NDX100_20230831_BUY,LONG,15514.91,15450.95,63.95999999999913,16.682401089103838,2023-08-31 13:45:00+00:00,15524.29,2023-08-31 13:47:00+00:00,15475.38272,15463.35824,15532.30712,2023-08-31 14:00:00+00:00,15532.30712,TP,13,4.734042553191464,4.586593349566859
2023-09-04,setup_or_fib_NDX100_20230904_BUY,LONG,15550.38,15529.88,20.5,8.301209144941211,2023-09-04 13:52:00+00:00,15554.13,2023-09-04 14:06:00+00:00,15537.711,15533.857,15555.955999999998,2023-09-04 14:07:00+00:00,15533.857,SL,1,-1.0,-1.4600415153088466
2023-09-05,setup_or_fib_NDX100_20230905_SELL,SHORT,15481.0,15425.5,55.5,21.980962733665635,2023-09-05 14:04:00+00:00,15417.08,2023-09-05 14:11:00+00:00,15459.799,15470.233,15410.404,2023-09-05 14:23:00+00:00,15470.233,SL,12,-1.0,-1.1699252443933412
2023-09-06,setup_or_fib_NDX100_20230906_BUY,LONG,15478.63,15434.29,44.33999999999833,14.388291834780322,2023-09-06 13:52:00+00:00,15486.9,2023-09-06 14:00:00+00:00,15451.22788,15442.89196,15490.69048,2023-09-06 14:00:00+00:00,15442.89196,SL,0,-1.0,-1.2126939797886855
2023-09-08,setup_or_fib_NDX100_20230908_BUY,LONG,15342.63,15255.34,87.28999999999905,17.532971705467457,2023-09-08 13:48:00+00:00,15375.67,2023-09-08 14:59:00+00:00,15288.68478,15272.27426,15366.372879999999,2023-09-08 16:00:00+00:00,15326.94,TIME,61,2.3311400248134855,2.223099572713244
2023-09-12,setup_or_fib_NDX100_20230912_BUY,LONG,15434.0,15373.13,60.8700000000008,14.30179132111219,2023-09-12 13:56:00+00:00,15446.5,2023-09-12 14:25:00+00:00,15396.38234,15384.93878,15450.55664,2023-09-12 14:25:00+00:00,15384.93878,SL,0,-1.0,-1.154934303660753
2023-09-13,setup_or_fib_NDX100_20230913_SELL,SHORT,15357.39,15290.57,66.81999999999971,27.38228769200504,2023-09-13 14:05:00+00:00,15253.38,2023-09-13 14:30:00+00:00,15331.86476,15344.42692,15272.39496,2023-09-13 14:36:00+00:00,15344.42692,SL,6,-1.0,-1.1411381482165543
2023-09-14,setup_or_fib_NDX100_20230914_SELL,SHORT,15433.84,15376.8,57.04000000000087,22.3305019183252,2023-09-14 13:50:00+00:00,15333.32,2023-09-14 14:37:00+00:00,15412.05072,15422.774239999999,15361.285119999999,2023-09-14 14:40:00+00:00,15422.774239999999,SL,3,-1.0,-1.1653375011190423
2023-09-20,setup_or_fib_NDX100_20230920_BUY,LONG,15243.12,15189.9,53.220000000001164,12.576636714207153,2023-09-20 13:56:00+00:00,15247.42,2023-09-20 14:05:00+00:00,15210.23004,15200.224680000001,15257.595840000002,2023-09-20 14:13:00+00:00,15200.224680000001,SL,8,-1.0,-1.177205018110307
2023-09-21,setup_or_fib_NDX100_20230921_SELL,SHORT,14840.93,14796.66,44.27000000000044,18.781472321420768,2023-09-21 13:46:00+00:00,14748.07,2023-09-21 14:18:00+00:00,14824.01886,14832.34162,14784.618559999999,2023-09-21 14:19:00+00:00,14832.34162,SL,1,-1.0,-1.2130302928355725
2023-09-27,setup_or_fib_NDX100_20230927_BUY,LONG,14633.09,14588.84,44.25,19.009627287757755,2023-09-27 13:46:00+00:00,14645.97,2023-09-27 13:57:00+00:00,14605.7435,14597.4245,14645.126,2023-09-27 14:01:00+00:00,14597.4245,SL,4,-1.0,-1.2131265777136335
2023-09-29,setup_or_fib_NDX100_20230929_BUY,LONG,14860.73,14823.43,37.29999999999927,20.335263965819355,2023-09-29 13:48:00+00:00,14905.2,2023-09-29 14:23:00+00:00,14837.6786,14830.666200000001,14870.8756,2023-09-29 14:24:00+00:00,14830.666200000001,SL,1,-1.0,-1.2528378301295644
2023-10-03,setup_or_fib_NDX100_20231003_BUY,LONG,14770.74,14721.87,48.86999999999898,24.99054832519206,2023-10-03 13:49:00+00:00,14820.55,2023-10-03 14:00:00+00:00,14740.538340000001,14731.35078,14784.03264,2023-10-03 14:02:00+00:00,14731.35078,SL,2,-1.0,-1.1929783315700733
2023-10-04,setup_or_fib_NDX100_20231004_SELL,SHORT,14686.35,14602.28,84.06999999999971,23.500462222113324,2023-10-04 14:08:00+00:00,14587.51,2023-10-04 14:34:00+00:00,14654.235260000001,14670.04042,14579.412960000001,2023-10-04 14:35:00+00:00,14670.04042,SL,1,-1.0,-1.1121785543455565
2023-10-09,setup_or_fib_NDX100_20231009_BUY,LONG,14900.5,14813.75,86.75,23.11353773717093,2023-10-09 13:45:00+00:00,14930.38,2023-10-09 14:49:00+00:00,14846.8885,14830.5795,14924.096,2023-10-09 15:11:00+00:00,14830.5795,SL,22,-1.0,-1.1087129805628841
2023-10-11,setup_or_fib_NDX100_20231011_SELL,SHORT,15247.35,15185.73,61.6200000000008,17.85620175617728,2023-10-11 13:51:00+00:00,15163.36,2023-10-11 14:52:00+00:00,15223.81116,15235.39572,15168.96936,2023-10-11 15:02:00+00:00,15235.39572,SL,10,-1.0,-1.1530485404710946
2023-10-17,setup_or_fib_NDX100_20231017_SELL,SHORT,15020.95,14983.21,37.7400000000016,20.959537350920208,2023-10-17 13:45:00+00:00,14931.47,2023-10-17 14:07:00+00:00,15006.53332,15013.62844,14972.94472,2023-10-17 14:07:00+00:00,15013.62844,SL,0,-1.0,-1.2498900652843097
2023-10-18,setup_or_fib_NDX100_20231018_BUY,LONG,15078.4,15007.52,70.8799999999992,18.31132887947914,2023-10-18 14:19:00+00:00,15106.05,2023-10-18 14:30:00+00:00,15034.596160000001,15021.27072,15097.67936,2023-10-18 14:33:00+00:00,15021.27072,SL,3,-1.0,-1.1330537678305503
2023-10-24,setup_or_fib_NDX100_20231024_BUY,LONG,14738.14,14665.19,72.94999999999891,17.273865198669398,2023-10-24 14:29:00+00:00,14775.5,2023-10-24 15:32:00+00:00,14693.0569,14679.3423,14757.982399999999,2023-10-24 15:42:00+00:00,14679.3423,SL,10,-1.0,-1.1292782873725873
2023-10-27,setup_or_fib_NDX100_20231027_SELL,SHORT,14265.91,14219.8,46.11000000000058,20.167752054981793,2023-10-27 13:49:00+00:00,14208.97,2023-10-27 13:58:00+00:00,14248.295979999999,14256.964660000001,14207.25808,2023-10-27 14:04:00+00:00,14256.964660000001,SL,6,-1.0,-1.2045294093217755
2023-10-30,setup_or_fib_NDX100_20231030_SELL,SHORT,14287.95,14272.45,15.5,13.453532908013111,2023-10-30 13:48:00+00:00,14263.7,2023-10-30 14:02:00+00:00,14282.029,14284.943000000001,14268.234,2023-10-30 14:02:00+00:00,14284.943000000001,SL,0,-1.0,-1.608442004117911
2023-10-31,setup_or_fib_NDX100_20231031_SELL,SHORT,14366.99,14323.2,43.789999999999054,16.882486313556093,2023-10-31 14:16:00+00:00,14230.22,2023-10-31 15:55:00+00:00,14350.26222,14358.49474,14311.289120000001,2023-10-31 16:00:00+00:00,14334.66,TIME,5,1.8951936952478088,1.6798282907301043
2023-11-02,setup_or_fib_NDX100_20231102_BUY,LONG,14860.9,14823.77,37.1299999999992,15.29699049502143,2023-11-02 13:48:00+00:00,14871.63,2023-11-02 14:25:00+00:00,14837.953660000001,14830.97322,14870.99936,2023-11-02 14:32:00+00:00,14830.97322,SL,7,-1.0,-1.253995450143501
2023-11-06,setup_or_fib_NDX100_20231106_SELL,SHORT,15181.38,15127.33,54.04999999999927,11.334247774314267,2023-11-06 14:48:00+00:00,15109.13,2023-11-06 15:39:00+00:00,15160.732899999999,15170.8943,15112.6284,2023-11-06 17:00:00+00:00,15147.17,TIME,81,1.3347471805064097,1.1602633495382508
2023-11-09,setup_or_fib_NDX100_20231109_BUY,LONG,15347.19,15296.82,50.3700000000008,12.116482655230719,2023-11-09 14:59:00+00:00,15365.07,2023-11-09 15:06:00+00:00,15316.06134,15306.591779999999,15360.890640000001,2023-11-09 15:07:00+00:00,15306.591779999999,SL,1,-1.0,-1.1872315081165064
2023-11-10,setup_or_fib_NDX100_20231110_BUY,LONG,15311.62,15239.89,71.73000000000138,16.213173915374,2023-11-10 14:52:00+00:00,15318.72,2023-11-10 15:04:00+00:00,15267.29086,15253.80562,15331.130560000001,2023-11-10 15:29:00+00:00,15253.80562,SL,25,-1.0,-1.1314770816092263
2023-11-13,setup_or_fib_NDX100_20231113_SELL,SHORT,15472.75,15418.13,54.6200000000008,13.375547239592311,2023-11-13 14:52:00+00:00,15399.5,2023-11-13 15:14:00+00:00,15451.88516,15462.15372,15403.27336,2023-11-13 15:31:00+00:00,15462.15372,SL,17,-1.0,-1.1726629634534858
2023-11-15,setup_or_fib_NDX100_20231115_SELL,SHORT,15901.27,15864.14,37.13000000000102,20.571256630609952,2023-11-15 14:46:00+00:00,15835.24,2023-11-15 15:25:00+00:00,15887.08634,15894.06678,15854.04064,2023-11-15 15:32:00+00:00,15854.04064,TP,7,4.734042553192005,4.480047103048437
2023-11-16,setup_or_fib_NDX100_20231116_BUY,LONG,15790.38,15759.88,30.5,16.3194954315971,2023-11-16 14:45:00+00:00,15839.5,2023-11-16 15:36:00+00:00,15771.530999999999,15765.796999999999,15798.676,2023-11-16 15:41:00+00:00,15765.796999999999,SL,5,-1.0,-1.3092082316009561
2023-11-17,setup_or_fib_NDX100_20231117_BUY,LONG,15810.76,15770.3,40.460000000000946,15.067033299550555,2023-11-17 14:52:00+00:00,15820.56,2023-11-17 15:10:00+00:00,15785.75572,15778.14924,15821.76512,2023-11-17 15:13:00+00:00,15778.14924,SL,3,-1.0,-1.2330907331643988
2023-11-23,setup_or_fib_NDX100_20231123_SELL,SHORT,16022.88,16009.63,13.25,7.6971914485865724,2023-11-23 14:55:00+00:00,16003.0,2023-11-23 15:42:00+00:00,16017.8185,16020.3095,16006.026,2023-11-23 15:50:00+00:00,16020.38,SL,8,-1.028301886792377,-1.740064231232365
2023-11-28,setup_or_fib_NDX100_20231128_SELL,SHORT,15966.69,15924.13,42.56000000000131,13.885198450645449,2023-11-28 14:54:00+00:00,15919.01,2023-11-28 15:03:00+00:00,15950.43208,15958.433359999999,15912.553679999999,2023-11-28 15:04:00+00:00,15958.433359999999,SL,1,-1.0,-1.2215895456727315
2023-12-01,setup_or_fib_NDX100_20231201_BUY,LONG,15903.3,15842.91,60.38999999999942,12.982946648782864,2023-12-01 14:45:00+00:00,15930.26,2023-12-01 15:15:00+00:00,15865.97898,15854.62566,15919.726079999999,2023-12-01 15:25:00+00:00,15854.62566,SL,10,-1.0,-1.1561657735358444
2023-12-04,setup_or_fib_NDX100_20231204_SELL,SHORT,15844.88,15800.63,44.25,17.340990380613416,2023-12-04 14:50:00+00:00,15791.63,2023-12-04 15:04:00+00:00,15827.976499999999,15836.2955,15788.594,2023-12-04 15:05:00+00:00,15836.2955,SL,1,-1.0,-1.2131265777136335
2023-12-07,setup_or_fib_NDX100_20231207_SELL,SHORT,15958.38,15883.75,74.6299999999992,16.095365979994767,2023-12-07 14:50:00+00:00,15866.63,2023-12-07 15:12:00+00:00,15929.87134,15943.901779999998,15863.450640000001,2023-12-07 15:15:00+00:00,15943.901779999998,SL,3,-1.0,-1.126368096795266
2023-12-13,setup_or_fib_NDX100_20231213_SELL,SHORT,16434.8,16385.12,49.68000000000029,10.092173993418108,2023-12-13 14:56:00+00:00,16374.92,2023-12-13 15:38:00+00:00,16415.822239999998,16425.162080000002,16371.607039999999,2023-12-13 15:46:00+00:00,16425.162080000002,SL,8,-1.0,-1.189831945729178
2023-12-14,setup_or_fib_NDX100_20231214_BUY,LONG,16643.06,16592.06,51.0,18.29027714923415,2023-12-14 14:46:00+00:00,16658.38,2023-12-14 15:00:00+00:00,16611.542,16601.954,16656.932,2023-12-14 15:01:00+00:00,16601.954,SL,1,-1.0,-1.184918648310393
2023-12-22,setup_or_fib_NDX100_20231222_BUY,LONG,16838.6,16792.98,45.61999999999898,14.675002481352827,2023-12-22 14:50:00+00:00,16844.4,2023-12-22 15:01:00+00:00,16810.40684,16801.83028,16851.00864,2023-12-22 15:57:00+00:00,16801.83028,SL,56,-1.0,-1.2067262398910197
2023-12-27,setup_or_fib_NDX100_20231227_BUY,LONG,16920.33,16891.3,29.030000000002474,8.426040143236602,2023-12-27 15:00:00+00:00,16924.45,2023-12-27 15:07:00+00:00,16902.38946,16896.931819999998,16928.226160000002,2023-12-27 15:11:00+00:00,16896.931819999998,SL,4,-1.0,-1.32486569286355
2023-12-28,setup_or_fib_NDX100_20231228_SELL,SHORT,16967.63,16928.75,38.88000000000102,8.155983847052447,2023-12-28 14:51:00+00:00,16913.38,2023-12-28 15:49:00+00:00,16952.77784,16960.087280000003,16918.17464,2023-12-28 16:26:00+00:00,16918.17464,TP,37,4.734042553188238,4.491479511423219
2023-12-29,setup_or_fib_NDX100_20231229_BUY,LONG,16913.77,16888.36,25.409999999999854,9.771497009220585,2023-12-29 14:50:00+00:00,16922.44,2023-12-29 15:25:00+00:00,16898.06662,16893.28954,16920.681520000002,2023-12-29 15:33:00+00:00,16893.28954,SL,8,-1.0,-1.371147228013778
2024-01-03,setup_or_fib_NDX100_20240103_BUY,LONG,16467.61,16408.24,59.36999999999898,18.678807560292675,2024-01-03 15:05:00+00:00,16478.91,2024-01-03 15:10:00+00:00,16430.91934,16419.757780000004,16483.75864,2024-01-03 15:10:00+00:00,16419.757780000004,SL,0,-1.0,-1.1588487630761743
2024-01-10,setup_or_fib_NDX100_20240110_SELL,SHORT,16719.76,16685.98,33.779999999998836,15.517547305385287,2024-01-10 14:50:00+00:00,16650.51,2024-01-10 15:16:00+00:00,16706.85604,16713.206679999996,16676.79184,2024-01-10 15:29:00+00:00,16713.206679999996,SL,13,-1.0,-1.2791844601490334
2024-01-12,setup_or_fib_NDX100_20240112_BUY,LONG,16896.38,16832.36,64.02000000000044,24.603802064654896,2024-01-12 14:45:00+00:00,16899.85,2024-01-12 14:59:00+00:00,16856.81564,16844.779880000002,16913.79344,2024-01-12 14:59:00+00:00,16844.779880000002,SL,0,-1.0,-1.1473110131807356
2024-01-16,setup_or_fib_NDX100_20240116_SELL,SHORT,16806.13,16736.25,69.88000000000102,22.234051441601842,2024-01-16 14:46:00+00:00,16719.88,2024-01-16 14:59:00+00:00,16779.435840000002,16792.57328,16717.24264,2024-01-16 15:10:00+00:00,16792.57328,SL,11,-1.0,-1.1349577999975786
2024-01-17,setup_or_fib_NDX100_20240117_SELL,SHORT,16707.93,16600.31,107.61999999999898,21.480147178138576,2024-01-17 14:46:00+00:00,16558.84,2024-01-17 16:04:00+00:00,16666.81916,16687.05172,16571.037360000002,2024-01-17 16:22:00+00:00,16687.05172,SL,18,-1.0,-1.0876310264247315
2024-01-18,setup_or_fib_NDX100_20240118_SELL,SHORT,16925.25,16867.75,57.5,22.335572088602184,2024-01-18 15:03:00+00:00,16858.0,2024-01-18 15:17:00+00:00,16903.285,16914.095,16852.11,2024-01-18 15:30:00+00:00,16914.095,SL,13,-1.0,-1.1640148011100635
2024-01-19,setup_or_fib_NDX100_20240119_BUY,LONG,17080.94,17037.41,43.529999999998836,18.60969908474805,2024-01-19 14:54:00+00:00,17103.66,2024-01-19 15:08:00+00:00,17054.03846,17045.85482,17092.78016,2024-01-19 15:08:00+00:00,17045.85482,SL,0,-1.0,-1.2166517588750427
2024-01-25,setup_or_fib_NDX100_20240125_SELL,SHORT,17608.88,17557.75,51.13000000000102,21.39728100559282,2024-01-25 14:56:00+00:00,17530.25,2024-01-25 15:15:00+00:00,17589.34834,17598.96078,17543.84264,2024-01-25 15:21:00+00:00,17598.96078,SL,6,-1.0,-1.1844484855041857
2024-01-26,setup_or_fib_NDX100_20240126_SELL,SHORT,17456.21,17415.43,40.779999999998836,24.41362376782379,2024-01-26 14:52:00+00:00,17391.17,2024-01-26 15:21:00+00:00,17440.63204,17448.29868,17404.33784,2024-01-26 15:22:00+00:00,17448.29868,SL,1,-1.0,-1.2312616739536648
2024-01-29,setup_or_fib_NDX100_20240129_SELL,SHORT,17473.75,17418.38,55.36999999999898,14.327512374107272,2024-01-29 15:58:00+00:00,17408.78,2024-01-29 16:31:00+00:00,17452.59866,17463.00822,17403.31936,2024-01-29 16:53:00+00:00,17463.00822,SL,22,-1.0,-1.1703242019835605
2024-02-01,setup_or_fib_NDX100_20240201_SELL,SHORT,17240.75,17197.49,43.2599999999984,21.971080389985765,2024-02-01 15:00:00+00:00,17175.75,2024-02-01 15:04:00+00:00,17224.22468,17232.35756,17185.723280000002,2024-02-01 15:07:00+00:00,17232.35756,SL,3,-1.0,-1.2180039543187378
2024-02-07,setup_or_fib_NDX100_20240207_SELL,SHORT,17692.32,17637.82,54.5,16.655009941349775,2024-02-07 14:45:00+00:00,17635.08,2024-02-07 14:49:00+00:00,17671.501,17681.747,17622.996,2024-02-07 14:52:00+00:00,17681.747,SL,3,-1.0,-1.1730431387858813
2024-02-14,setup_or_fib_NDX100_20240214_BUY,LONG,17745.98,17672.45,73.52999999999884,18.60795112301097,2024-02-14 15:19:00+00:00,17773.62,2024-02-14 15:51:00+00:00,17700.53846,17686.71482,17765.98016,2024-02-14 15:57:00+00:00,17686.71482,SL,6,-1.0,-1.1282585483997098
2024-02-21,setup_or_fib_NDX100_20240221_SELL,SHORT,17452.26,17396.98,55.279999999998836,19.217628479723544,2024-02-21 14:50:00+00:00,17390.18,2024-02-21 14:57:00+00:00,17431.14304,17441.535679999997,17381.94384,2024-02-21 15:03:00+00:00,17441.535679999997,SL,6,-1.0,-1.1706015026018708
2024-02-26,setup_or_fib_NDX100_20240226_SELL,SHORT,18002.87,17943.12,59.75,15.076113382329925,2024-02-26 14:46:00+00:00,17918.87,2024-02-26 15:19:00+00:00,17980.0455,17991.2785,17926.868,2024-02-26 15:26:00+00:00,17991.2785,SL,7,-1.0,-1.1578385115285295
2024-02-27,setup_or_fib_NDX100_20240227_BUY,LONG,17983.01,17897.25,85.7599999999984,16.006881160616025,2024-02-27 15:19:00+00:00,17988.25,2024-02-27 16:29:00+00:00,17930.010319999998,17913.887440000002,18006.33672,2024-02-27 17:00:00+00:00,17956.2,TIME,31,1.624379763417621,1.5144118172442007
2024-02-28,setup_or_fib_NDX100_20240228_SELL,SHORT,17903.02,17858.09,44.93000000000029,19.69959999579947,2024-02-28 14:50:00+00:00,17834.33,2024-02-28 15:46:00+00:00,17885.85674,17894.30358,17845.86904,2024-02-28 16:00:00+00:00,17894.30358,SL,14,-1.0,-1.2099009807217718
2024-03-04,setup_or_fib_NDX100_20240304_SELL,SHORT,18297.38,18251.0,46.38000000000102,13.61394084644601,2024-03-04 15:05:00+00:00,18244.88,2024-03-04 15:35:00+00:00,18279.66284,18288.38228,18238.38464,2024-03-04 15:37:00+00:00,18288.38228,SL,2,-1.0,-1.2033387465249885
2024-03-06,setup_or_fib_NDX100_20240306_SELL,SHORT,18097.73,18042.15,55.57999999999811,19.419999180452624,2024-03-06 14:50:00+00:00,17936.94,2024-03-06 16:02:00+00:00,18076.49844,18086.94748,18027.03224,2024-03-06 16:50:00+00:00,18086.94748,SL,48,-1.0,-1.1696806596586942
2024-03-07,setup_or_fib_NDX100_20240307_SELL,SHORT,18203.9,18142.02,61.88000000000102,21.475700695361198,2024-03-07 14:45:00+00:00,18098.52,2024-03-07 14:54:00+00:00,18180.261840000003,18191.89528,18125.18864,2024-03-07 14:56:00+00:00,18191.89528,SL,2,-1.0,-1.1524054793767222
2024-03-08,setup_or_fib_NDX100_20240308_BUY,LONG,18333.78,18270.14,63.63999999999942,30.51242641555035,2024-03-08 14:48:00+00:00,18418.18,2024-03-08 16:03:00+00:00,18294.45048,18282.48616,18351.090079999998,2024-03-08 16:05:00+00:00,18282.48616,SL,2,-1.0,-1.1481906201104726
2024-03-12,setup_or_fib_NDX100_20240312_BUY,LONG,18104.27,17946.87,157.40000000000146,15.038033854037739,2024-03-12 13:45:00+00:00,18118.02,2024-03-12 14:34:00+00:00,18006.9968,17977.4056,18147.0828,2024-03-12 14:36:00+00:00,17977.4056,SL,2,-1.0,-1.059916461650756
2024-03-13,setup_or_fib_NDX100_20240313_BUY,LONG,18171.47,18154.03,17.44000000000233,16.254111124850734,2024-03-13 14:04:00+00:00,18181.89,2024-03-13 14:30:00+00:00,18160.69208,18157.41336,18176.21368,2024-03-13 14:30:00+00:00,18157.41336,SL,0,-1.0,-1.5407598087054954
2024-03-14,setup_or_fib_NDX100_20240314_SELL,SHORT,18155.98,18097.1,58.88000000000102,12.28253779710162,2024-03-14 14:22:00+00:00,18082.15,2024-03-14 14:37:00+00:00,18133.487839999998,18144.557279999997,18081.084639999997,2024-03-14 14:46:00+00:00,18081.084639999997,TP,9,4.734042553191846,4.57387184898277
2024-03-18,setup_or_fib_NDX100_20240318_SELL,SHORT,18043.45,18023.45,20.0,16.92468241644175,2024-03-18 13:53:00+00:00,18018.7,2024-03-18 14:00:00+00:00,18035.81,18039.570000000003,18018.010000000002,2024-03-18 14:01:00+00:00,18039.570000000003,SL,1,-1.0,-1.4715425531912338
2024-03-19,setup_or_fib_NDX100_20240319_BUY,LONG,17874.22,17835.69,38.530000000002474,24.091046355790446,2024-03-19 13:52:00+00:00,17906.24,2024-03-19 14:37:00+00:00,17850.40846,17843.164819999998,17884.70016,2024-03-19 14:38:00+00:00,17843.164819999998,SL,1,-1.0,-1.2447664433903194
2024-03-20,setup_or_fib_NDX100_20240320_BUY,LONG,18067.59,18035.6,31.9900000000016,16.546401721761438,2024-03-20 14:29:00+00:00,18086.6,2024-03-20 14:36:00+00:00,18047.82018,18041.80606,18076.29128,2024-03-20 14:37:00+00:00,18041.80606,SL,1,-1.0,-1.29480622268928
2024-03-21,setup_or_fib_NDX100_20240321_BUY,LONG,18433.35,18406.35,27.0,16.241361768804705,2024-03-21 14:25:00+00:00,18454.73,2024-03-21 14:34:00+00:00,18416.663999999997,18411.587999999996,18440.694,2024-03-21 14:38:00+00:00,18440.694,TP,4,4.734042553191109,4.384751773049329
2024-03-22,setup_or_fib_NDX100_20240322_BUY,LONG,18289.2,18258.08,31.11999999999898,18.057439982644507,2024-03-22 13:47:00+00:00,18311.7,2024-03-22 14:45:00+00:00,18269.96784,18264.117280000002,18297.66464,2024-03-22 14:53:00+00:00,18297.66464,TP,8,4.734042553191979,4.430994639829785
2024-03-25,setup_or_fib_NDX100_20240325_SELL,SHORT,18251.83,18232.95,18.88000000000102,16.119873108775383,2024-03-25 14:08:00+00:00,18227.95,2024-03-25 14:17:00+00:00,18244.617840000003,18248.16728,18227.81464,2024-03-25 14:28:00+00:00,18227.81464,TP,11,4.734042553193594,4.234527136677026
2024-03-26,setup_or_fib_NDX100_20240326_SELL,SHORT,18370.45,18325.45,45.0,12.980663305348209,2024-03-26 14:17:00+00:00,18319.0,2024-03-26 14:34:00+00:00,18353.260000000002,18361.72,18313.21,2024-03-26 14:35:00+00:00,18361.72,SL,1,-1.0,-1.209574468085128
2024-03-27,setup_or_fib_NDX100_20240327_BUY,LONG,18320.45,18293.7,26.75,12.216996829848176,2024-03-27 13:50:00+00:00,18352.13,2024-03-27 14:33:00+00:00,18303.9185,18298.8895,18327.726000000002,2024-03-27 14:34:00+00:00,18298.8895,SL,1,-1.0,-1.3525551799563496
2024-03-28,setup_or_fib_NDX100_20240328_SELL,SHORT,18304.58,18256.2,48.38000000000102,13.513163685374025,2024-03-28 13:47:00+00:00,18250.58,2024-03-28 14:15:00+00:00,18286.098840000002,18295.19428,18243.04064,2024-03-28 14:31:00+00:00,18243.04064,TP,16,4.734042553193225,4.53910970772335
2024-04-02,setup_or_fib_NDX100_20240402_SELL,SHORT,18085.65,18018.87,66.78000000000247,24.55763006424834,2024-04-02 14:12:00+00:00,17997.06,2024-04-02 15:18:00+00:00,18060.140040000002,18072.69468,18000.70584,2024-04-02 15:36:00+00:00,18072.69468,SL,18,-1.0,-1.1412226873889029
2024-04-10,setup_or_fib_NDX100_20240410_BUY,LONG,18009.58,17930.46,79.12000000000262,45.740769590446845,2024-04-10 13:56:00+00:00,18049.74,2024-04-10 14:57:00+00:00,17960.68384,17945.80928,18031.100640000004,2024-04-10 15:44:00+00:00,17945.80928,SL,47,-1.0,-1.1191968031323263
2024-04-11,setup_or_fib_NDX100_20240411_SELL,SHORT,18098.2,18045.45,52.75,32.18492036887478,2024-04-11 14:11:00+00:00,17994.95,2024-04-11 14:45:00+00:00,18078.0495,18087.966500000002,18031.102,2024-04-11 14:48:00+00:00,18087.966500000002,SL,3,-1.0,-1.1787839064232903
2024-04-12,setup_or_fib_NDX100_20240412_BUY,LONG,18149.38,18104.63,44.75,25.05979704043534,2024-04-12 13:46:00+00:00,18167.25,2024-04-12 14:03:00+00:00,18121.7245,18113.3115,18161.552,2024-04-12 14:06:00+00:00,18113.3115,SL,3,-1.0,-1.210745275169369
2024-04-16,setup_or_fib_NDX100_20240416_SELL,SHORT,17719.25,17669.63,49.61999999999898,28.465793966665736,2024-04-16 13:46:00+00:00,17657.25,2024-04-16 13:50:00+00:00,17700.29516,17709.62372,17656.13336,2024-04-16 13:55:00+00:00,17709.62372,SL,5,-1.0,-1.1900614885899174
2024-04-19,setup_or_fib_NDX100_20240419_BUY,LONG,17354.31,17287.09,67.22000000000116,31.93274522120931,2024-04-19 13:46:00+00:00,17369.05,2024-04-19 13:50:00+00:00,17312.76804,17300.13068,17372.59384,2024-04-19 13:50:00+00:00,17300.13068,SL,0,-1.0,-1.1402982901492014
2024-04-22,setup_or_fib_NDX100_20240422_BUY,LONG,17163.25,17121.0,42.25,21.20728845088753,2024-04-22 13:48:00+00:00,17187.13,2024-04-22 14:06:00+00:00,17137.1395,17129.1965,17174.742,2024-04-22 14:09:00+00:00,17129.1965,SL,3,-1.0,-1.2232154097947052
2024-04-24,setup_or_fib_NDX100_20240424_BUY,LONG,17646.93,17574.59,72.34000000000015,20.114881705420263,2024-04-24 13:51:00+00:00,17653.5,2024-04-24 13:56:00+00:00,17602.22388,17588.623959999997,17666.60648,2024-04-24 13:56:00+00:00,17588.623959999997,SL,0,-1.0,-1.1303684139318064
2024-04-25,setup_or_fib_NDX100_20240425_BUY,LONG,17243.25,17178.25,65.0,31.869558605906082,2024-04-25 13:46:00+00:00,17250.0,2024-04-25 13:57:00+00:00,17203.08,17190.86,17260.93,2024-04-25 14:11:00+00:00,17260.93,TP,14,4.734042553190919,4.588952536824321
2024-05-01,setup_or_fib_NDX100_20240501_SELL,SHORT,17399.12,17351.35,47.77000000000044,22.06044197402993,2024-05-01 13:56:00+00:00,17308.87,2024-05-01 14:36:00+00:00,17380.87186,17389.852619999998,17338.35656,2024-05-01 15:09:00+00:00,17338.35656,TP,33,4.734042553192153,4.536620508732632
2024-05-02,setup_or_fib_NDX100_20240502_SELL,SHORT,17490.25,17404.25,86.0,22.71627542495708,2024-05-02 13:48:00+00:00,17283.71,2024-05-02 15:56:00+00:00,17457.398,17473.566000000003,17380.858,2024-05-02 16:00:00+00:00,17455.33,TIME,4,0.1279069767441311,0.018245917862399458
2024-05-03,setup_or_fib_NDX100_20240503_BUY,LONG,17867.38,17814.63,52.75,30.437659259884498,2024-05-03 13:45:00+00:00,17935.84,2024-05-03 14:04:00+00:00,17834.7805,17824.8635,17881.728000000003,2024-05-03 14:04:00+00:00,17824.8635,SL,0,-1.0,-1.1787839064232903
2024-05-07,setup_or_fib_NDX100_20240507_SELL,SHORT,18129.73,18092.37,37.36000000000058,13.337595967770934,2024-05-07 13:57:00+00:00,18076.28,2024-05-07 14:16:00+00:00,18115.45848,18122.48216,18082.20808,2024-05-07 14:24:00+00:00,18082.20808,TP,8,4.734042553192668,4.481610779535497
2024-05-09,setup_or_fib_NDX100_20240509_SELL,SHORT,18104.25,18024.75,79.5,18.11152586845071,2024-05-09 13:47:00+00:00,18008.63,2024-05-09 14:04:00+00:00,18073.881,18088.827,18003.126,2024-05-09 14:05:00+00:00,18088.827,SL,1,-1.0,-1.1186270574066648
2024-05-10,setup_or_fib_NDX100_20240510_BUY,LONG,18233.66,18160.28,73.38000000000102,14.67444022580981,2024-05-10 13:48:00+00:00,18250.33,2024-05-10 14:01:00+00:00,18188.311159999997,18174.51572,18253.61936,2024-05-10 14:11:00+00:00,18174.51572,SL,10,-1.0,-1.1285207285885952
2024-05-13,setup_or_fib_NDX100_20240513_SELL,SHORT,18239.38,18171.0,68.38000000000102,12.329395767924174,2024-05-13 13:46:00+00:00,18158.5,2024-05-13 14:24:00+00:00,18213.258840000002,18226.11428,18152.40064,2024-05-13 16:00:00+00:00,18198.0,TIME,96,1.1869558723779967,1.0490376058698034
2024-05-14,setup_or_fib_NDX100_20240514_BUY,LONG,18223.05,18171.05,52.0,20.157045889617002,2024-05-14 13:45:00+00:00,18231.93,2024-05-14 14:01:00+00:00,18190.914,18181.138,18237.194,2024-05-14 14:07:00+00:00,18181.138,SL,6,-1.0,-1.1813625204582343
2024-05-15,setup_or_fib_NDX100_20240515_SELL,SHORT,18435.29,18396.37,38.92000000000189,20.47655933144182,2024-05-15 13:46:00+00:00,18352.39,2024-05-15 14:05:00+00:00,18420.42256,18427.73952,18385.78376,2024-05-15 14:08:00+00:00,18427.73952,SL,3,-1.0,-1.2423137477859623
2024-05-16,setup_or_fib_NDX100_20240516_BUY,LONG,18602.63,18575.63,27.0,11.944116829314995,2024-05-16 13:47:00+00:00,18624.88,2024-05-16 14:07:00+00:00,18585.944,18580.868,18609.974000000002,2024-05-16 14:09:00+00:00,18609.974000000002,TP,2,4.734042553191109,4.384751773049329
2024-05-17,setup_or_fib_NDX100_20240517_SELL,SHORT,18575.97,18547.92,28.05000000000291,12.6932937638072,2024-05-17 13:56:00+00:00,18532.84,2024-05-17 14:03:00+00:00,18565.2549,18570.5283,18540.290399999998,2024-05-17 14:09:00+00:00,18540.290399999998,TP,6,4.734042553190176,4.397826828989589
2024-05-24,setup_or_fib_NDX100_20240524_BUY,LONG,18707.1,18664.9,42.19999999999709,18.70309762910512,2024-05-24 13:45:00+00:00,18717.71,2024-05-24 13:50:00+00:00,18681.0204,18673.0868,18718.5784,2024-05-24 13:51:00+00:00,18673.0868,SL,1,-1.0,-1.2234798830291336
2024-05-27,setup_or_fib_NDX100_20240527_SELL,SHORT,18841.25,18808.25,33.0,7.955733526404218,2024-05-27 14:07:00+00:00,18806.88,2024-05-27 14:47:00+00:00,18828.644,18834.847999999998,18799.274,2024-05-27 14:54:00+00:00,18834.847999999998,SL,7,-1.0,-1.285783365570696
2024-05-28,setup_or_fib_NDX100_20240528_SELL,SHORT,18866.63,18803.13,63.5,16.10294981730614,2024-05-28 13:45:00+00:00,18772.75,2024-05-28 14:44:00+00:00,18842.373,18854.311,18785.858,2024-05-28 14:50:00+00:00,18854.311,SL,6,-1.0,-1.1485173395878467
2024-06-03,setup_or_fib_NDX100_20240603_SELL,SHORT,18698.0,18647.0,51.0,17.52637647105255,2024-06-03 13:51:00+00:00,18604.13,2024-06-03 14:00:00+00:00,18678.518,18688.106,18633.128,2024-06-03 14:01:00+00:00,18633.128,TP,1,4.734042553191558,4.549123904881165
2024-06-04,setup_or_fib_NDX100_20240604_BUY,LONG,18602.9,18535.24,67.65999999999985,22.298839608931374,2024-06-04 14:01:00+00:00,18614.97,2024-06-04 14:05:00+00:00,18561.08612,18548.36604,18621.30352,2024-06-04 14:06:00+00:00,18548.36604,SL,1,-1.0,-1.1393859158118596
2024-06-05,setup_or_fib_NDX100_20240605_BUY,LONG,18804.03,18766.68,37.349999999998545,18.018848279364796,2024-06-05 13:52:00+00:00,18813.27,2024-06-05 14:00:00+00:00,18780.9477,18773.925900000002,18814.189199999997,2024-06-05 14:00:00+00:00,18773.925900000002,SL,0,-1.0,-1.252499359138732
2024-06-06,setup_or_fib_NDX100_20240606_SELL,SHORT,19069.95,19041.17,28.780000000002474,17.936726320448,2024-06-06 13:46:00+00:00,18985.69,2024-06-06 14:37:00+00:00,19058.95604,19064.36668,19033.341839999997,2024-06-06 14:51:00+00:00,19033.341839999997,TP,14,4.734042553193699,4.40635488593057
2024-06-11,setup_or_fib_NDX100_20240611_SELL,SHORT,19053.4,19012.84,40.56000000000131,15.174820690372018,2024-06-11 13:47:00+00:00,18962.3,2024-06-11 14:11:00+00:00,19037.90608,19045.53136,19001.807679999998,2024-06-11 14:24:00+00:00,19045.53136,SL,13,-1.0,-1.2325160518695646
2024-06-14,setup_or_fib_NDX100_20240614_BUY,LONG,19581.5,19534.5,47.0,22.671250704865695,2024-06-14 13:45:00+00:00,19629.75,2024-06-14 15:49:00+00:00,19552.454,19543.618000000002,19594.284,2024-06-14 15:59:00+00:00,19594.284,TP,10,4.7340425531916335,4.533386147578218
2024-06-17,setup_or_fib_NDX100_20240617_SELL,SHORT,19691.0,19646.63,44.36999999999898,14.531392097686716,2024-06-17 13:47:00+00:00,19622.5,2024-06-17 14:00:00+00:00,19674.05066,19682.39222,19634.56136,2024-06-17 14:06:00+00:00,19682.39222,SL,6,-1.0,-1.212550170471691
2024-06-18,setup_or_fib_NDX100_20240618_SELL,SHORT,19934.85,19898.55,36.29999999999927,18.25569820631029,2024-06-18 13:49:00+00:00,19881.72,2024-06-18 14:07:00+00:00,19920.983399999997,19927.8078,19888.6764,2024-06-18 14:15:00+00:00,19927.8078,SL,8,-1.0,-1.2598030596095853
2024-06-19,setup_or_fib_NDX100_20240619_SELL,SHORT,19965.38,19948.88,16.5,6.686023649970423,2024-06-19 14:30:00+00:00,19937.13,2024-06-19 15:15:00+00:00,19959.077,19962.179000000004,19944.392,2024-06-19 16:00:00+00:00,19957.63,TIME,45,0.46647324306863575,-0.10509348807208613
2024-06-21,setup_or_fib_NDX100_20240621_SELL,SHORT,19759.88,19705.38,54.5,23.732259297661223,2024-06-21 13:45:00+00:00,19645.38,2024-06-21 14:59:00+00:00,19739.061,19749.307,19690.556,2024-06-21 15:02:00+00:00,19749.307,SL,3,-1.0,-1.1730431387858813
2024-06-24,setup_or_fib_NDX100_20240624_SELL,SHORT,19692.63,19615.25,77.38000000000102,23.367853622642706,2024-06-24 13:48:00+00:00,19595.25,2024-06-24 13:54:00+00:00,19663.07084,19677.618280000002,19594.20264,2024-06-24 13:58:00+00:00,19677.618280000002,SL,4,-1.0,-1.1218771137739523
2024-06-26,setup_or_fib_NDX100_20240626_BUY,LONG,19689.33,19654.88,34.45000000000073,20.34100301364757,2024-06-26 13:45:00+00:00,19760.06,2024-06-26 15:11:00+00:00,19668.0399,19661.5633,19698.7004,2024-06-26 15:11:00+00:00,19661.5633,SL,0,-1.0,-1.2737547478616107
2024-06-27,setup_or_fib_NDX100_20240627_BUY,LONG,19844.25,19733.0,111.25,16.575917967306175,2024-06-27 14:14:00+00:00,19853.5,2024-06-27 14:46:00+00:00,19775.4975,19754.5825,19874.51,2024-06-27 14:50:00+00:00,19754.5825,SL,4,-1.0,-1.0847716949557697
2024-07-01,setup_or_fib_NDX100_20240701_SELL,SHORT,19742.13,19670.75,71.38000000000102,21.206618153822866,2024-07-01 13:45:00+00:00,19570.14,2024-07-01 15:29:00+00:00,19714.86284,19728.28228,19651.33464,2024-07-01 15:59:00+00:00,19728.28228,SL,30,-1.0,-1.1321217576888667
2024-07-04,setup_or_fib_NDX100_20240704_SELL,SHORT,20168.63,20150.0,18.63000000000102,4.929066012864469,2024-07-04 13:49:00+00:00,20144.25,2024-07-04 15:20:00+00:00,20161.51334,20165.015779999998,20144.93264,2024-07-04 15:33:00+00:00,20165.015779999998,SL,13,-1.0,-1.5062185219451973
2024-07-05,setup_or_fib_NDX100_20240705_SELL,SHORT,20267.5,20212.58,54.919999999998254,21.750571786323448,2024-07-05 13:46:00+00:00,20200.0,2024-07-05 13:53:00+00:00,20246.75,20256.84552,20197.641760000002,2024-07-05 13:53:00+00:00,20256.84552,SL,0,-1.0,-1.1756224543163885
2024-07-08,setup_or_fib_NDX100_20240708_BUY,LONG,20413.0,20369.25,43.75,10.473061987041802,2024-07-08 13:50:00+00:00,20428.0,2024-07-08 14:00:00+00:00,20385.9625,20377.7375,20424.9,2024-07-08 14:01:00+00:00,20377.7375,SL,1,-1.0,-1.2155623100303379
2024-07-10,setup_or_fib_NDX100_20240710_BUY,LONG,20543.46,20497.64,45.81999999999971,9.628661002080275,2024-07-10 13:49:00+00:00,20571.68,2024-07-10 14:43:00+00:00,20515.143239999998,20506.52908,20555.923039999998,2024-07-10 14:55:00+00:00,20506.52908,SL,12,-1.0,-1.2058238992543142
2024-07-15,setup_or_fib_NDX100_20240715_SELL,SHORT,20461.5,20392.63,68.86999999999898,16.48757669660382,2024-07-15 13:46:00+00:00,20378.13,2024-07-15 13:49:00+00:00,20435.19166,20448.13922,20373.897360000003,2024-07-15 14:03:00+00:00,20448.13922,SL,14,-1.0,-1.136936998167989
2024-07-22,setup_or_fib_NDX100_20240722_BUY,LONG,19800.0,19707.0,93.0,22.77158533225214,2024-07-22 13:46:00+00:00,19846.63,2024-07-22 14:06:00+00:00,19742.526,19725.041999999998,19825.296,2024-07-22 14:06:00+00:00,19725.041999999998,SL,0,-1.0,-1.1014070006863186
2024-07-23,setup_or_fib_NDX100_20240723_BUY,LONG,19858.5,19759.63,98.86999999999898,25.046252605754898,2024-07-23 14:21:00+00:00,19872.88,2024-07-23 14:45:00+00:00,19797.39834,19778.81078,19885.39264,2024-07-23 14:47:00+00:00,19778.81078,SL,2,-1.0,-1.0953863766949512
2024-07-25,setup_or_fib_NDX100_20240725_SELL,SHORT,19065.25,18947.13,118.11999999999898,49.70911572461147,2024-07-25 13:54:00+00:00,18724.73,2024-07-25 14:52:00+00:00,19020.12816,19042.33472,18915.001360000002,2024-07-25 14:53:00+00:00,19042.33472,SL,1,-1.0,-1.0798412721286008
2024-07-26,setup_or_fib_NDX100_20240726_SELL,SHORT,19015.75,18930.5,85.25,26.672603794041628,2024-07-26 13:49:00+00:00,18912.38,2024-07-26 13:59:00+00:00,18983.1845,18999.2115,18907.312,2024-07-26 14:00:00+00:00,18999.2115,SL,1,-1.0,-1.1106258189305418
2024-07-29,setup_or_fib_NDX100_20240729_BUY,LONG,19193.75,19074.5,119.25,24.246395105350985,2024-07-29 13:45:00+00:00,19227.88,2024-07-29 14:13:00+00:00,19120.0535,19097.6345,19226.186,2024-07-29 14:15:00+00:00,19097.6345,SL,2,-1.0,-1.07908470493777
2024-08-01,setup_or_fib_NDX100_20240801_BUY,LONG,19494.73,19366.17,128.5600000000013,37.12495827834602,2024-08-01 13:47:00+00:00,19539.94,2024-08-01 14:07:00+00:00,19415.279919999997,19391.11064,19529.69832,2024-08-01 14:19:00+00:00,19391.11064,SL,12,-1.0,-1.0733575845039707
2024-08-07,setup_or_fib_NDX100_20240807_BUY,LONG,18431.11,18333.51,97.60000000000218,41.93398747858282,2024-08-07 13:50:00+00:00,18447.87,2024-08-07 13:55:00+00:00,18370.7932,18352.444399999997,18457.6572,2024-08-07 14:18:00+00:00,18352.444399999997,SL,23,-1.0,-1.0966275723752874
2024-08-08,setup_or_fib_NDX100_20240808_SELL,SHORT,18134.31,18027.34,106.97000000000116,56.04958255402803,2024-08-08 13:47:00+00:00,17962.9,2024-08-08 13:59:00+00:00,18093.44746,18113.55782,17998.24416,2024-08-08 14:00:00+00:00,18113.55782,SL,1,-1.0,-1.0881635137312204
2024-08-09,setup_or_fib_NDX100_20240809_SELL,SHORT,18428.22,18349.1,79.12000000000262,41.66748223812731,2024-08-09 13:46:00+00:00,18336.63,2024-08-09 13:55:00+00:00,18397.99616,18412.87072,18327.579359999996,2024-08-09 13:58:00+00:00,18327.579359999996,TP,3,4.734042553191607,4.61484575005928
2024-08-12,setup_or_fib_NDX100_20240812_SELL,SHORT,18571.0,18459.5,111.5,23.54798577258794,2024-08-12 13:46:00+00:00,18425.38,2024-08-12 14:09:00+00:00,18528.407,18549.369,18429.172,2024-08-12 14:13:00+00:00,18549.369,SL,4,-1.0,-1.0845816238908519
2024-08-14,setup_or_fib_NDX100_20240814_SELL,SHORT,19077.13,18949.33,127.79999999999927,28.46491107463627,2024-08-14 13:51:00+00:00,18833.9,2024-08-14 15:32:00+00:00,19028.310400000002,19052.3368,18914.568400000004,2024-08-14 15:40:00+00:00,19052.3368,SL,8,-1.0,-1.073793826790534
2024-08-19,setup_or_fib_NDX100_20240819_BUY,LONG,19527.88,19457.38,70.5,21.403216440357447,2024-08-19 13:48:00+00:00,19535.75,2024-08-19 14:01:00+00:00,19484.311,19471.057,19547.056,2024-08-19 14:17:00+00:00,19471.057,SL,16,-1.0,-1.1337709370755915
2024-08-20,setup_or_fib_NDX100_20240820_BUY,LONG,19786.38,19725.59,60.79000000000087,17.19313530991105,2024-08-20 13:48:00+00:00,19832.89,2024-08-20 14:12:00+00:00,19748.81178,19737.38326,19802.91488,2024-08-20 14:12:00+00:00,19737.38326,SL,0,-1.0,-1.155138198121874
2024-08-21,setup_or_fib_NDX100_20240821_BUY,LONG,19772.93,19724.68,48.25,17.008191118178438,2024-08-21 13:45:00+00:00,19893.36,2024-08-21 14:52:00+00:00,19743.1115,19734.0405,19786.054,2024-08-21 14:52:00+00:00,19734.0405,SL,0,-1.0,-1.1954580531363705
2024-08-22,setup_or_fib_NDX100_20240822_SELL,SHORT,19935.99,19883.02,52.970000000001164,18.689244864175507,2024-08-22 13:46:00+00:00,19859.73,2024-08-22 13:56:00+00:00,19915.75546,19925.71382,19868.61216,2024-08-22 14:01:00+00:00,19868.61216,TP,5,4.734042553191205,4.556001188950517
2024-08-23,setup_or_fib_NDX100_20240823_BUY,LONG,19686.0,19629.13,56.86999999999898,18.23414658397541,2024-08-23 14:00:00+00:00,19823.25,2024-08-23 14:48:00+00:00,19650.85434,19640.162780000002,19701.46864,2024-08-23 14:48:00+00:00,19640.162780000002,SL,0,-1.0,-1.1658317401763743
2024-08-27,setup_or_fib_NDX100_20240827_SELL,SHORT,19468.22,19385.08,83.13999999999942,26.958086267793213,2024-08-27 13:45:00+00:00,19371.02,2024-08-27 13:50:00+00:00,19436.46052,19452.09084,19362.465920000002,2024-08-27 13:52:00+00:00,19452.09084,SL,2,-1.0,-1.1134333782033878
2024-08-30,setup_or_fib_NDX100_20240830_BUY,LONG,19524.88,19463.25,61.63000000000102,24.41097256914323,2024-08-30 13:45:00+00:00,19533.5,2024-08-30 13:50:00+00:00,19486.79266,19475.20622,19541.643360000002,2024-08-30 13:53:00+00:00,19541.643360000002,TP,3,4.734042553192078,4.581018846169028
2024-09-02,setup_or_fib_NDX100_20240902_BUY,LONG,19590.53,19563.03,27.5,15.051246010547993,2024-09-02 13:45:00+00:00,19593.9,2024-09-02 13:59:00+00:00,19573.535,19568.364999999998,19598.01,2024-09-02 13:59:00+00:00,19568.364999999998,SL,0,-1.0,-1.342940038684594
2024-09-04,setup_or_fib_NDX100_20240904_BUY,LONG,18918.87,18815.19,103.68000000000029,29.449304172289832,2024-09-04 13:45:00+00:00,18943.92,2024-09-04 14:00:00+00:00,18854.795759999997,18835.30392,18947.070959999997,2024-09-04 14:00:00+00:00,18835.30392,SL,0,-1.0,-1.0909611406619442
2024-09-05,setup_or_fib_NDX100_20240905_BUY,LONG,18989.44,18841.97,147.46999999999753,36.431984961616,2024-09-05 13:54:00+00:00,19107.38,2024-09-05 15:01:00+00:00,18898.30354,18870.57918,19029.551839999996,2024-09-05 15:24:00+00:00,18870.57918,SL,23,-1.0,-1.0639509802931426
2024-09-09,setup_or_fib_NDX100_20240909_BUY,LONG,18641.75,18575.5,66.25,25.601341425765526,2024-09-09 13:58:00+00:00,18684.7,2024-09-09 14:21:00+00:00,18600.8075,18588.3525,18659.77,2024-09-09 14:27:00+00:00,18588.3525,SL,6,-1.0,-1.1423524688880184
2024-09-10,setup_or_fib_NDX100_20240910_SELL,SHORT,18791.48,18693.33,98.14999999999782,26.324098898473142,2024-09-10 14:13:00+00:00,18659.91,2024-09-10 14:29:00+00:00,18753.9867,18772.4389,18666.633200000004,2024-09-10 14:51:00+00:00,18666.633200000004,TP,22,4.734042553191422,4.637956449637373
2024-09-12,setup_or_fib_NDX100_20240912_SELL,SHORT,19263.98,19186.1,77.88000000000102,26.881314739262955,2024-09-12 13:49:00+00:00,19162.89,2024-09-12 13:54:00+00:00,19234.22984,19248.87128,19164.91664,2024-09-12 14:03:00+00:00,19248.87128,SL,9,-1.0,-1.121094646428225
2024-09-13,setup_or_fib_NDX100_20240913_BUY,LONG,19477.0,19378.63,98.36999999999898,20.592876786288965,2024-09-13 14:06:00+00:00,19510.41,2024-09-13 14:30:00+00:00,19416.20734,19397.71378,19503.75664,2024-09-13 14:44:00+00:00,19503.75664,TP,14,4.734042553190752,4.6381713418069115
2024-09-16,setup_or_fib_NDX100_20240916_BUY,LONG,19421.7,19308.63,113.06999999999971,18.21628454066203,2024-09-16 13:54:00+00:00,19446.0,2024-09-16 14:30:00+00:00,19351.82274,19330.565580000002,19452.45504,2024-09-16 14:34:00+00:00,19330.565580000002,SL,4,-1.0,-1.0834071908006628
2024-09-17,setup_or_fib_NDX100_20240917_SELL,SHORT,19582.52,19513.21,69.31000000000131,19.79631265986057,2024-09-17 13:49:00+00:00,19465.7,2024-09-17 14:08:00+00:00,19556.04358,19569.07386,19494.357679999997,2024-09-17 14:12:00+00:00,19569.07386,SL,4,-1.0,-1.1360676823521927
2024-09-18,setup_or_fib_NDX100_20240918_SELL,SHORT,19487.97,19425.05,62.92000000000189,16.894348345044115,2024-09-18 14:11:00+00:00,19403.46,2024-09-18 14:40:00+00:00,19463.93456,19475.76352,19407.93576,2024-09-18 14:43:00+00:00,19475.76352,SL,3,-1.0,-1.1498863805440345
2024-09-19,setup_or_fib_NDX100_20240919_SELL,SHORT,19833.63,19764.75,68.88000000000102,24.5814851132386,2024-09-19 13:50:00+00:00,19717.63,2024-09-19 14:12:00+00:00,19807.31784,19820.26728,19746.01464,2024-09-19 14:15:00+00:00,19820.26728,SL,3,-1.0,-1.1369171176514163
2024-09-23,setup_or_fib_NDX100_20240923_BUY,LONG,19850.0,19796.38,53.61999999999898,23.862585936678254,2024-09-23 13:48:00+00:00,19876.08,2024-09-23 14:00:00+00:00,19816.86284,19806.78228,19864.58464,2024-09-23 14:09:00+00:00,19864.58464,TP,9,4.734042553190414,4.558159467330142
2024-09-24,setup_or_fib_NDX100_20240924_SELL,SHORT,19928.05,19872.66,55.38999999999942,23.009874054165245,2024-09-24 13:57:00+00:00,19733.81,2024-09-24 15:32:00+00:00,19906.89102,19917.304340000002,19857.59392,2024-09-24 15:43:00+00:00,19917.304340000002,SL,11,-1.0,-1.170262702000845
2024-09-30,setup_or_fib_NDX100_20240930_SELL,SHORT,20047.63,19957.75,89.88000000000102,24.99444532801529,2024-09-30 14:14:00+00:00,19915.82,2024-09-30 15:30:00+00:00,20013.29584,20030.193280000003,19933.302639999998,2024-09-30 16:00:00+00:00,19994.0,TIME,30,1.1419386605304693,1.0370115236387538
2024-10-03,setup_or_fib_NDX100_20241003_BUY,LONG,19803.48,19693.52,109.95999999999913,26.94537227722968,2024-10-03 13:54:00+00:00,19909.79,2024-10-03 14:30:00+00:00,19735.52472,19714.85224,19833.38912,2024-10-03 14:42:00+00:00,19714.85224,SL,12,-1.0,-1.0857661973793133
2024-10-07,setup_or_fib_NDX100_20241007_SELL,SHORT,19965.75,19910.88,54.86999999999898,22.565183135419506,2024-10-07 13:53:00+00:00,19894.0,2024-10-07 14:04:00+00:00,19944.789660000002,19955.105219999998,19895.95536,2024-10-07 14:05:00+00:00,19955.105219999998,SL,1,-1.0,-1.1718762723498075
2024-10-09,setup_or_fib_NDX100_20241009_SELL,SHORT,20106.38,20048.07,58.31000000000131,18.568467148746947,2024-10-09 13:45:00+00:00,20047.98,2024-10-09 13:48:00+00:00,20084.10558,20095.06786,20032.20968,2024-10-09 14:04:00+00:00,20095.06786,SL,16,-1.0,-1.1617364270936377
2024-10-10,setup_or_fib_NDX100_20241010_SELL,SHORT,20198.42,20150.36,48.05999999999767,23.737069781427625,2024-10-10 13:47:00+00:00,20112.34,2024-10-10 13:56:00+00:00,20180.06108,20189.09636,20137.28768,2024-10-10 13:56:00+00:00,20189.09636,SL,0,-1.0,-1.1962307753605852
2024-10-14,setup_or_fib_NDX100_20241014_BUY,LONG,20428.25,20362.88,65.36999999999898,14.46235951841354,2024-10-14 13:45:00+00:00,20499.75,2024-10-14 14:59:00+00:00,20387.85134,20375.56178,20446.03064,2024-10-14 14:59:00+00:00,20375.56178,SL,0,-1.0,-1.144268794000749
2024-10-16,setup_or_fib_NDX100_20241016_SELL,SHORT,20181.75,20070.05,111.70000000000073,18.419858965593743,2024-10-16 13:46:00+00:00,20034.09,2024-10-16 14:22:00+00:00,20139.0806,20160.0802,20039.6676,2024-10-16 14:25:00+00:00,20160.0802,SL,3,-1.0,-1.0844301796224722
2024-10-17,setup_or_fib_NDX100_20241017_SELL,SHORT,20397.97,20231.3,166.6700000000019,22.43656856538183,2024-10-17 14:01:00+00:00,20195.0,2024-10-17 15:59:00+00:00,20334.30206,20365.63602,20185.96576,2024-10-17 16:00:00+00:00,20335.13,TIME,1,-0.026423088559480456,-0.08300706326296522
2024-10-18,setup_or_fib_NDX100_20241018_BUY,LONG,20337.0,20268.25,68.75,17.638280300434637,2024-10-18 14:07:00+00:00,20359.44,2024-10-18 14:55:00+00:00,20294.5125,20281.5875,20355.7,2024-10-18 15:31:00+00:00,20355.7,TP,36,4.734042553191756,4.596866537717861
2024-10-21,setup_or_fib_NDX100_20241021_BUY,LONG,20326.0,20261.25,64.75,19.262878284428787,2024-10-21 13:49:00+00:00,20392.25,2024-10-21 14:39:00+00:00,20285.9845,20273.811500000003,20343.612,2024-10-21 14:40:00+00:00,20273.811500000003,SL,1,-1.0,-1.1456502094800538
2024-10-23,setup_or_fib_NDX100_20241023_SELL,SHORT,20306.28,20253.78,52.5,19.402730909265312,2024-10-23 14:02:00+00:00,20195.06,2024-10-23 14:34:00+00:00,20286.225,20296.094999999998,20239.5,2024-10-23 14:47:00+00:00,20296.094999999998,SL,13,-1.0,-1.179635258358681
2024-10-24,setup_or_fib_NDX100_20241024_SELL,SHORT,20225.99,20163.84,62.150000000001455,21.176127340227943,2024-10-24 13:48:00+00:00,20148.84,2024-10-24 14:01:00+00:00,20202.2487,20213.9329,20146.9352,2024-10-24 14:02:00+00:00,20213.9329,SL,1,-1.0,-1.151743379948995
2024-10-28,setup_or_fib_NDX100_20241028_BUY,LONG,20510.7,20459.58,51.11999999999898,21.819008360506068,2024-10-28 13:56:00+00:00,20522.33,2024-10-28 14:25:00+00:00,20479.10784,20469.49728,20524.60464,2024-10-28 14:30:00+00:00,20469.49728,SL,5,-1.0,-1.184484566976307
2024-11-01,setup_or_fib_NDX100_20241101_SELL,SHORT,20024.08,19959.7,64.38000000000102,18.90668674374999,2024-11-01 14:21:00+00:00,19933.5,2024-11-01 14:40:00+00:00,19999.48684,20011.59028,19942.18864,2024-11-01 14:40:00+00:00,20011.59028,SL,0,-1.0,-1.1464872796494345
2024-11-04,setup_or_fib_NDX100_20241104_BUY,LONG,20021.5,19895.63,125.86999999999898,28.16757055001165,2024-11-04 15:01:00+00:00,20107.72,2024-11-04 16:57:00+00:00,19943.712340000002,19920.04878,20055.73664,2024-11-04 17:00:00+00:00,19961.41,TIME,3,0.74788662399053,0.6729612957643487
2024-11-06,setup_or_fib_NDX100_20241106_SELL,SHORT,20690.63,20557.0,133.63000000000102,35.83899224766593,2024-11-06 14:50:00+00:00,20527.46,2024-11-06 15:16:00+00:00,20639.58334,20664.705780000004,20520.65264,2024-11-06 15:24:00+00:00,20664.705780000004,SL,8,-1.0,-1.0705743550387543
2024-11-08,setup_or_fib_NDX100_20241108_SELL,SHORT,21115.25,21069.95,45.29999999999927,17.665776648332972,2024-11-08 15:06:00+00:00,21050.21,2024-11-08 15:32:00+00:00,21097.9454,21106.4618,21057.6284,2024-11-08 16:28:00+00:00,21106.4618,SL,56,-1.0,-1.2081865577004263
2024-11-12,setup_or_fib_NDX100_20241112_BUY,LONG,21132.73,21073.33,59.39999999999782,22.04737866043375,2024-11-12 14:57:00+00:00,21143.99,2024-11-12 15:03:00+00:00,21096.020800000002,21084.853600000002,21148.8868,2024-11-12 15:04:00+00:00,21084.853600000002,SL,1,-1.0,-1.1587685364281128
2024-11-13,setup_or_fib_NDX100_20241113_SELL,SHORT,21073.84,21031.17,42.67000000000189,28.13992459739159,2024-11-13 14:49:00+00:00,20949.31,2024-11-13 16:31:00+00:00,21057.54006,21065.56202,21019.563759999997,2024-11-13 16:40:00+00:00,21019.563759999997,TP,9,4.734042553190655,4.5130242484372545
2024-11-14,setup_or_fib_NDX100_20241114_SELL,SHORT,21063.08,20969.79,93.29000000000087,20.26225121315316,2024-11-14 14:46:00+00:00,20933.25,2024-11-14 15:53:00+00:00,21027.44322,21044.981740000003,20944.41512,2024-11-14 17:00:00+00:00,20994.95,TIME,67,1.852677420899643,1.751585652609057
2024-11-18,setup_or_fib_NDX100_20241118_SELL,SHORT,20473.2,20424.58,48.61999999999898,27.29240649585931,2024-11-18 14:46:00+00:00,20404.58,2024-11-18 15:02:00+00:00,20454.62716,20463.76772,20411.35536,2024-11-18 15:02:00+00:00,20463.76772,SL,0,-1.0,-1.1939706101157954
2024-11-22,setup_or_fib_NDX100_20241122_BUY,LONG,20776.97,20696.1,80.87000000000262,29.378724423837607,2024-11-22 14:48:00+00:00,20793.1,2024-11-22 14:50:00+00:00,20726.99234,20711.78878,20798.966640000002,2024-11-22 15:09:00+00:00,20711.78878,SL,19,-1.0,-1.1166174238138828
2024-11-26,setup_or_fib_NDX100_20241126_BUY,LONG,20928.46,20866.15,62.30999999999767,25.084917792393625,2024-11-26 14:45:00+00:00,20947.83,2024-11-26 14:56:00+00:00,20889.95242,20878.23814,20945.40832,2024-11-26 14:56:00+00:00,20878.23814,SL,0,-1.0,-1.1513537323676726
2024-11-28,setup_or_fib_NDX100_20241128_BUY,LONG,20827.13,20808.95,18.18000000000029,7.9912269979745805,2024-11-28 14:55:00+00:00,20844.38,2024-11-28 16:48:00+00:00,20815.89476,20812.47692,20832.07496,2024-11-28 17:00:00+00:00,20818.25,TIME,12,0.6891018889128755,0.17035320553363376
2024-12-05,setup_or_fib_NDX100_20241205_SELL,SHORT,21500.65,21469.47,31.18000000000029,11.365824370100462,2024-12-05 14:49:00+00:00,21438.77,2024-12-05 16:23:00+00:00,21488.739240000003,21494.60108,21460.98904,2024-12-05 17:00:00+00:00,21483.0,TIME,37,0.9790850654410233,0.6766203103469438
2024-12-09,setup_or_fib_NDX100_20241209_BUY,LONG,21598.75,21540.0,58.75,16.54287180953051,2024-12-09 14:48:00+00:00,21607.88,2024-12-09 15:16:00+00:00,21562.4425,21551.3975,21614.73,2024-12-09 15:25:00+00:00,21551.3975,SL,9,-1.0,-1.1605251244906922
2024-12-10,setup_or_fib_NDX100_20241210_BUY,LONG,21539.48,21467.47,72.0099999999984,13.95348551587671,2024-12-10 14:45:00+00:00,21552.28,2024-12-10 14:53:00+00:00,21494.97782,21481.43994,21559.06672,2024-12-10 14:56:00+00:00,21481.43994,SL,3,-1.0,-1.130965852851408
2024-12-12,setup_or_fib_NDX100_20241212_SELL,SHORT,21666.61,21624.64,41.970000000001164,19.732336463831142,2024-12-12 15:09:00+00:00,21595.61,2024-12-12 15:19:00+00:00,21650.57746,21658.46782,21613.224159999998,2024-12-12 15:23:00+00:00,21658.46782,SL,4,-1.0,-1.2247045762170194
2024-12-13,setup_or_fib_NDX100_20241213_BUY,LONG,21871.9,21768.65,103.25,16.54728083738829,2024-12-13 14:45:00+00:00,21885.03,2024-12-13 15:07:00+00:00,21808.091500000002,21788.680500000002,21899.984,2024-12-13 15:26:00+00:00,21788.680500000002,SL,19,-1.0,-1.0913399618772859
2024-12-17,setup_or_fib_NDX100_20241217_SELL,SHORT,22046.07,21963.08,82.98999999999796,22.764157571305034,2024-12-17 15:01:00+00:00,21922.77,2024-12-17 16:09:00+00:00,22014.36782,22029.969940000003,21940.50672,2024-12-17 16:11:00+00:00,22029.969940000003,SL,2,-1.0,-1.1136384029862376
2024-12-20,setup_or_fib_NDX100_20241220_SELL,SHORT,21047.0,20920.25,126.75,44.728120977089404,2024-12-20 14:50:00+00:00,20899.38,2024-12-20 14:57:00+00:00,20998.5815,21022.410499999998,20885.774,2024-12-20 15:04:00+00:00,21022.410499999998,SL,7,-1.0,-1.0744051365982692
2024-12-23,setup_or_fib_NDX100_20241223_SELL,SHORT,21409.25,21344.25,65.0,34.87545403570678,2024-12-23 14:46:00+00:00,21292.88,2024-12-23 14:58:00+00:00,21384.42,21396.64,21326.57,2024-12-23 15:02:00+00:00,21326.57,TP,4,4.734042553190919,4.588952536824321
2024-12-26,setup_or_fib_NDX100_20241226_SELL,SHORT,21759.5,21708.63,50.86999999999898,25.36698683941896,2024-12-26 14:50:00+00:00,21629.13,2024-12-26 15:05:00+00:00,21740.06766,21749.63122,21694.79336,2024-12-26 15:09:00+00:00,21694.79336,TP,4,4.734042553192238,4.548651339041834
2024-12-30,setup_or_fib_NDX100_20241230_SELL,SHORT,21193.0,21092.38,100.61999999999898,37.249523587809264,2024-12-30 14:57:00+00:00,21036.5,2024-12-30 15:39:00+00:00,21154.56316,21173.47972,21065.01136,2024-12-30 15:45:00+00:00,21173.47972,SL,6,-1.0,-1.0937274007536362
2024-12-31,setup_or_fib_NDX100_20241231_SELL,SHORT,21271.54,21157.44,114.10000000000218,27.68742185199483,2024-12-31 15:08:00+00:00,21128.88,2024-12-31 15:23:00+00:00,21227.9538,21249.404599999998,21126.404799999997,2024-12-31 15:27:00+00:00,21249.404599999998,SL,4,-1.0,-1.0826542599809847
2025-01-02,setup_or_fib_NDX100_20250102_BUY,LONG,21167.75,20963.75,204.0,39.66316482251428,2025-01-02 14:54:00+00:00,21239.86,2025-01-02 15:31:00+00:00,21041.678,21003.325999999997,21223.238,2025-01-02 16:04:00+00:00,21003.325999999997,SL,33,-1.0,-1.046229662077594
2025-01-03,setup_or_fib_NDX100_20250103_SELL,SHORT,21234.38,21088.38,146.0,24.846727836013002,2025-01-03 15:20:00+00:00,21067.07,2025-01-03 15:36:00+00:00,21178.608,21206.056,21048.668,2025-01-03 16:03:00+00:00,21206.056,SL,27,-1.0,-1.0645948703002033
2025-01-08,setup_or_fib_NDX100_20250108_BUY,LONG,21200.86,21108.73,92.13000000000102,47.60958750739773,2025-01-08 15:02:00+00:00,21218.41,2025-01-08 15:10:00+00:00,21143.92366,21126.60322,21225.91936,2025-01-08 15:10:00+00:00,21126.60322,SL,0,-1.0,-1.1023646050562255
2025-01-13,setup_or_fib_NDX100_20250113_BUY,LONG,20619.5,20538.38,81.11999999999898,38.40252683201397,2025-01-13 14:53:00+00:00,20690.38,2025-01-13 15:26:00+00:00,20569.36784,20554.117280000002,20641.56464,2025-01-13 15:29:00+00:00,20554.117280000002,SL,3,-1.0,-1.11625802593481
2025-01-14,setup_or_fib_NDX100_20250114_SELL,SHORT,20964.56,20853.27,111.29000000000087,40.35356473798191,2025-01-14 14:53:00+00:00,20807.64,2025-01-14 15:11:00+00:00,20922.04722,20942.96974,20822.99912,2025-01-14 15:13:00+00:00,20942.96974,SL,2,-1.0,-1.0847412262002853
2025-01-16,setup_or_fib_NDX100_20250116_SELL,SHORT,21332.81,21242.29,90.52000000000044,29.929794880128007,2025-01-16 14:46:00+00:00,21175.89,2025-01-16 16:07:00+00:00,21298.23136,21315.24912,21217.668560000002,2025-01-16 16:35:00+00:00,21217.668560000002,TP,28,4.734042553191801,4.629857278514046
2025-01-17,setup_or_fib_NDX100_20250117_SELL,SHORT,21502.75,21345.5,157.25,36.484246969995056,2025-01-17 15:27:00+00:00,21329.83,2025-01-17 15:59:00+00:00,21442.6805,21472.2435,21302.728,2025-01-17 16:25:00+00:00,21472.2435,SL,26,-1.0,-1.05997361566823
2025-01-21,setup_or_fib_NDX100_20250121_SELL,SHORT,21566.25,21439.0,127.25,26.48918495531371,2025-01-21 14:54:00+00:00,21376.82,2025-01-21 16:52:00+00:00,21517.6405,21541.563499999997,21404.388,2025-01-21 17:00:00+00:00,21524.09,TIME,8,-0.26959411445053266,-0.3437068929482275
2025-01-23,setup_or_fib_NDX100_20250123_BUY,LONG,21769.57,21719.58,49.98999999999796,19.518772406514096,2025-01-23 14:51:00+00:00,21772.76,2025-01-23 14:56:00+00:00,21738.676180000002,21729.27806,21783.167279999998,2025-01-23 15:02:00+00:00,21729.27806,SL,6,-1.0,-1.188654752227008
2025-01-24,setup_or_fib_NDX100_20250124_BUY,LONG,21915.25,21866.25,49.0,18.43286205208096,2025-01-24 14:46:00+00:00,21943.88,2025-01-24 15:04:00+00:00,21884.968,21875.756,21928.578,2025-01-24 15:15:00+00:00,21875.756,SL,11,-1.0,-1.192466348241434
2025-01-28,setup_or_fib_NDX100_20250128_SELL,SHORT,21189.84,21045.05,144.79000000000087,37.52403057083206,2025-01-28 14:47:00+00:00,21034.29,2025-01-28 14:52:00+00:00,21134.53022,21161.75074,21005.66712,2025-01-28 14:59:00+00:00,21161.75074,SL,7,-1.0,-1.0651346851566417
2025-01-30,setup_or_fib_NDX100_20250130_BUY,LONG,21547.62,21477.81,69.80999999999767,32.87155137352394,2025-01-30 14:46:00+00:00,21625.88,2025-01-30 15:02:00+00:00,21504.47742,21491.353140000003,21566.60832,2025-01-30 15:02:00+00:00,21491.353140000003,SL,0,-1.0,-1.135093125108615
2025-02-03,setup_or_fib_NDX100_20250203_SELL,SHORT,21200.38,21064.13,136.25,42.624620630748865,2025-02-03 15:02:00+00:00,20999.63,2025-02-03 15:23:00+00:00,21148.3325,21173.9475,21027.07,2025-02-03 15:24:00+00:00,21173.9475,SL,1,-1.0,-1.0692172555143526
2025-02-05,setup_or_fib_NDX100_20250205_BUY,LONG,21483.16,21416.24,66.91999999999825,25.198113188154004,2025-02-05 14:48:00+00:00,21486.48,2025-02-05 14:54:00+00:00,21441.80344,21429.22248,21501.36224,2025-02-05 15:00:00+00:00,21501.36224,TP,6,4.734042553191656,4.593115310755459
2025-02-06,setup_or_fib_NDX100_20250206_BUY,LONG,21685.95,21634.37,51.580000000001746,22.128319380680484,2025-02-06 14:45:00+00:00,21747.34,2025-02-06 15:47:00+00:00,21654.07356,21644.37652,21699.979760000002,2025-02-06 15:47:00+00:00,21644.37652,SL,0,-1.0,-1.182839299415096
2025-02-10,setup_or_fib_NDX100_20250210_BUY,LONG,21706.0,21647.88,58.11999999999898,17.92738435697907,2025-02-10 14:46:00+00:00,21712.25,2025-02-10 14:50:00+00:00,21670.08184,21659.15528,21721.80864,2025-02-10 14:51:00+00:00,21659.15528,SL,1,-1.0,-1.1622651593914295
2025-02-12,setup_or_fib_NDX100_20250212_BUY,LONG,21576.56,21445.68,130.88000000000102,38.570767302403674,2025-02-12 14:46:00+00:00,21611.06,2025-02-12 15:12:00+00:00,21495.67616,21471.07072,21612.15936,2025-02-12 15:22:00+00:00,21612.15936,TP,10,4.73404255319171,4.661985317068314
2025-02-14,setup_or_fib_NDX100_20250214_BUY,LONG,22058.0,22012.25,45.75,18.99192020047282,2025-02-14 14:51:00+00:00,22061.38,2025-02-14 15:01:00+00:00,22029.7265,22021.1255,22070.444,2025-02-14 15:02:00+00:00,22021.1255,SL,1,-1.0,-1.2061388210672606
2025-02-19,setup_or_fib_NDX100_20250219_SELL,SHORT,22146.75,22099.25,47.5,20.463540341416714,2025-02-19 14:49:00+00:00,22043.38,2025-02-19 15:47:00+00:00,22128.605,22137.535,22086.33,2025-02-19 15:56:00+00:00,22086.33,TP,9,4.734042553191091,4.535498320268365
2025-03-05,setup_or_fib_NDX100_20250305_SELL,SHORT,20414.25,20273.75,140.5,49.21650825299061,2025-03-05 14:56:00+00:00,20230.5,2025-03-05 15:00:00+00:00,20360.579,20386.993000000002,20235.534,2025-03-05 15:00:00+00:00,20386.993000000002,SL,0,-1.0,-1.0671234951162245
2025-03-06,setup_or_fib_NDX100_20250306_BUY,LONG,20283.13,20194.13,89.0,44.82511259476933,2025-03-06 14:50:00+00:00,20308.0,2025-03-06 14:57:00+00:00,20228.128,20211.396,20307.338,2025-03-06 15:03:00+00:00,20307.338,TP,6,4.734042553191445,4.628077934496728
2025-03-07,setup_or_fib_NDX100_20250307_BUY,LONG,20154.5,19990.75,163.75,53.74635481833028,2025-03-07 14:48:00+00:00,20206.38,2025-03-07 15:00:00+00:00,20053.3025,20022.517499999998,20199.04,2025-03-07 15:17:00+00:00,20022.517499999998,SL,17,-1.0,-1.0575929835959006
2025-03-13,setup_or_fib_NDX100_20250313_SELL,SHORT,19573.2,19490.95,82.25,45.42423227565831,2025-03-13 14:36:00+00:00,19474.5,2025-03-13 14:42:00+00:00,19541.7805,19557.2435,19468.578,2025-03-13 14:44:00+00:00,19468.578,TP,2,4.734042553191532,4.619381749983873
2025-03-14,setup_or_fib_NDX100_20250314_SELL,SHORT,19521.33,19481.58,39.75,29.3074297661652,2025-03-14 13:57:00+00:00,19437.63,2025-03-14 14:33:00+00:00,19506.145500000002,19513.6185,19470.768,2025-03-14 14:33:00+00:00,19513.6185,SL,0,-1.0,-1.237254114813387
2025-03-17,setup_or_fib_NDX100_20250317_BUY,LONG,19767.77,19651.92,115.85000000000218,22.976349654698442,2025-03-17 14:36:00+00:00,19836.9,2025-03-17 15:30:00+00:00,19696.1747,19674.3949,19799.2812,2025-03-17 15:36:00+00:00,19674.3949,SL,6,-1.0,-1.081405706204831
2025-03-21,setup_or_fib_NDX100_20250321_SELL,SHORT,19592.65,19480.27,112.38000000000102,30.66900553802669,2025-03-21 13:57:00+00:00,19400.02,2025-03-21 15:23:00+00:00,19549.72084,19570.84828,19449.70264,2025-03-21 15:56:00+00:00,19570.84828,SL,33,-1.0,-1.0839193011552886
2025-03-25,setup_or_fib_NDX100_20250325_SELL,SHORT,20246.4,20219.9,26.5,18.25133249182394,2025-03-25 13:51:00+00:00,20163.15,2025-03-25 15:00:00+00:00,20236.277000000002,20241.259000000002,20212.692000000003,2025-03-25 15:01:00+00:00,20205.77,TP,1,6.123444399839744,5.76756322761975
2025-03-26,setup_or_fib_NDX100_20250326_BUY,LONG,20270.85,20249.15,21.69999999999709,16.341399567572008,2025-03-26 13:47:00+00:00,20284.0,2025-03-26 14:18:00+00:00,20257.4394,20253.3598,20276.752399999998,2025-03-26 14:20:00+00:00,20253.3598,SL,2,-1.0,-1.4346014315127935
2025-03-27,setup_or_fib_NDX100_20250327_SELL,SHORT,19908.9,19856.93,51.970000000001164,28.709251734596105,2025-03-27 14:17:00+00:00,19743.8,2025-03-27 14:55:00+00:00,19889.04746,19898.817820000004,19842.79416,2025-03-27 15:00:00+00:00,19898.817820000004,SL,5,-1.0,-1.1814672130811548
2025-03-28,setup_or_fib_NDX100_20250328_SELL,SHORT,19747.52,19675.65,71.86999999999898,26.907063962502875,2025-03-28 14:00:00+00:00,19663.52,2025-03-28 14:11:00+00:00,19720.06566,19733.57722,19656.10136,2025-03-28 14:12:00+00:00,19733.57722,SL,1,-1.0,-1.1312209693033322
2025-03-31,setup_or_fib_NDX100_20250331_SELL,SHORT,19011.15,18822.77,188.38000000000102,35.54584735528768,2025-03-31 13:45:00+00:00,18795.52,2025-03-31 13:57:00+00:00,18939.188840000003,18974.60428,18771.53064,2025-03-31 14:08:00+00:00,18974.60428,SL,11,-1.0,-1.050062910414219
2025-04-01,setup_or_fib_NDX100_20250401_BUY,LONG,19259.4,19165.9,93.5,37.13326056479716,2025-04-01 13:47:00+00:00,19286.02,2025-04-01 14:01:00+00:00,19201.617000000002,19184.039,19284.832000000002,2025-04-01 14:02:00+00:00,19184.039,SL,1,-1.0,-1.100864717260204
2025-04-08,setup_or_fib_NDX100_20250408_BUY,LONG,18066.52,17927.52,139.0,80.47056654803156,2025-04-08 13:46:00+00:00,18079.65,2025-04-08 13:49:00+00:00,17980.618000000002,17954.486,18104.328,2025-04-08 13:58:00+00:00,18104.328,TP,9,4.734042553191197,4.666194703811131
2025-04-09,setup_or_fib_NDX100_20250409_BUY,LONG,17412.91,17063.02,349.8899999999994,146.64716713293194,2025-04-09 14:01:00+00:00,17463.02,2025-04-09 14:51:00+00:00,17196.67798,17130.89866,17508.08008,2025-04-09 14:52:00+00:00,17130.89866,SL,1,-1.0,-1.0269537599354928
2025-04-11,setup_or_fib_NDX100_20250411_BUY,LONG,18431.37,18216.85,214.52000000000044,100.1428410331686,2025-04-11 13:46:00+00:00,18509.62,2025-04-11 14:03:00+00:00,18298.79664,18258.466879999996,18489.71944,2025-04-11 14:20:00+00:00,18258.466879999996,SL,17,-1.0,-1.0439625725518777
2025-04-15,setup_or_fib_NDX100_20250415_BUY,LONG,18948.5,18833.0,115.5,42.886233068131844,2025-04-15 13:48:00+00:00,19007.12,2025-04-15 14:18:00+00:00,18877.121,18855.407,18979.916,2025-04-15 14:19:00+00:00,18855.407,SL,1,-1.0,-1.0816523901630286
2025-04-16,setup_or_fib_NDX100_20250416_SELL,SHORT,18544.75,18440.12,104.63000000000102,46.33297325770796,2025-04-16 13:51:00+00:00,18377.37,2025-04-16 14:26:00+00:00,18504.78134,18524.45178,18411.66064,2025-04-16 14:43:00+00:00,18524.45178,SL,17,-1.0,-1.0901352486268825
2025-04-23,setup_or_fib_NDX100_20250423_BUY,LONG,18993.29,18805.75,187.54000000000087,38.078632897163025,2025-04-23 13:51:00+00:00,19007.16,2025-04-23 14:00:00+00:00,18877.39028,18842.132759999997,19044.300880000003,2025-04-23 14:36:00+00:00,19044.300880000003,TP,36,4.734042553191189,4.6837554087749105
2025-04-25,setup_or_fib_NDX100_20250425_SELL,SHORT,19251.75,19146.62,105.13000000000102,48.27468125326264,2025-04-25 13:52:00+00:00,19124.62,2025-04-25 14:01:00+00:00,19211.59034,19231.354779999998,19118.02464,2025-04-25 14:02:00+00:00,19231.354779999998,SL,1,-1.0,-1.0897065639097332
2025-04-28,setup_or_fib_NDX100_20250428_BUY,LONG,19494.54,19380.54,114.0,27.734130636723354,2025-04-28 13:45:00+00:00,19518.04,2025-04-28 13:55:00+00:00,19424.088,19402.656000000003,19525.548000000003,2025-04-28 13:57:00+00:00,19402.656000000003,SL,2,-1.0,-1.0827267637178164
2025-04-30,setup_or_fib_NDX100_20250430_SELL,SHORT,19200.0,19033.87,166.13000000000102,45.92892869404739,2025-04-30 13:56:00+00:00,19004.87,2025-04-30 14:13:00+00:00,19136.53834,19167.77078,18988.68264,2025-04-30 14:19:00+00:00,19167.77078,SL,6,-1.0,-1.0567678990178164
2025-05-01,setup_or_fib_NDX100_20250501_SELL,SHORT,19892.45,19789.45,103.0,30.28831390127216,2025-05-01 13:59:00+00:00,19766.76,2025-05-01 14:06:00+00:00,19853.104,19872.468,19761.434,2025-05-01 14:23:00+00:00,19872.468,SL,17,-1.0,-1.0915616608138747
2025-05-06,setup_or_fib_NDX100_20250506_SELL,SHORT,19773.9,19688.4,85.5,31.594989767543307,2025-05-06 13:51:00+00:00,19650.02,2025-05-06 14:10:00+00:00,19741.239,19757.313000000002,19665.144,2025-05-06 14:16:00+00:00,19757.313000000002,SL,6,-1.0,-1.1103023516237367
2025-05-07,setup_or_fib_NDX100_20250507_BUY,LONG,19849.27,19782.65,66.61999999999898,33.05036751082787,2025-05-07 13:57:00+00:00,19893.56,2025-05-07 14:52:00+00:00,19808.098840000002,19795.57428,19867.39064,2025-05-07 14:53:00+00:00,19795.57428,SL,1,-1.0,-1.1415618592589094
2025-05-08,setup_or_fib_NDX100_20250508_SELL,SHORT,20091.97,20016.35,75.62000000000262,29.106140494894376,2025-05-08 13:48:00+00:00,19899.68,2025-05-08 15:24:00+00:00,20063.083160000002,20077.29972,19995.781359999997,2025-05-08 15:25:00+00:00,20077.29972,SL,1,-1.0,-1.1247137141474703
2025-05-09,setup_or_fib_NDX100_20250509_SELL,SHORT,20198.47,20141.85,56.62000000000262,31.499595111681934,2025-05-09 13:52:00+00:00,20123.85,2025-05-09 13:58:00+00:00,20176.84116,20187.48572,20126.44936,2025-05-09 14:06:00+00:00,20187.48572,SL,8,-1.0,-1.1665639537942285
2025-05-14,setup_or_fib_NDX100_20250514_SELL,SHORT,21325.23,21236.83,88.39999999999782,26.41018102456594,2025-05-14 13:47:00+00:00,21197.45,2025-05-14 14:53:00+00:00,21291.4612,21308.0804,21212.785200000002,2025-05-14 15:05:00+00:00,21212.785200000002,TP,12,4.734042553192209,4.627358717628507
2025-05-15,setup_or_fib_NDX100_20250515_SELL,SHORT,21253.6,21195.23,58.36999999999898,32.448101626734044,2025-05-15 13:46:00+00:00,21164.23,2025-05-15 14:00:00+00:00,21231.302659999998,21242.276219999996,21179.35336,2025-05-15 14:01:00+00:00,21242.276219999996,SL,1,-1.0,-1.1615701741276518
2025-05-16,setup_or_fib_NDX100_20250516_SELL,SHORT,21391.23,21312.83,78.39999999999782,25.933519278824136,2025-05-16 14:35:00+00:00,21244.8,2025-05-16 15:41:00+00:00,21361.2812,21376.020399999998,21291.505200000003,2025-05-16 16:00:00+00:00,21336.93,TIME,19,1.652138514980936,1.531847047330016
2025-05-20,setup_or_fib_NDX100_20250520_SELL,SHORT,21365.81,21319.56,46.25,24.69030782188981,2025-05-20 13:47:00+00:00,21283.93,2025-05-20 13:53:00+00:00,21348.1425,21356.8375,21306.98,2025-05-20 13:54:00+00:00,21356.8375,SL,1,-1.0,-1.2039102932720023
2025-05-30,setup_or_fib_NDX100_20250530_SELL,SHORT,21341.98,21248.63,93.34999999999854,41.88479558730525,2025-05-30 13:49:00+00:00,21188.18,2025-05-30 14:09:00+00:00,21306.3203,21323.870099999996,21223.238800000003,2025-05-30 14:12:00+00:00,21323.870099999996,SL,3,-1.0,-1.1010267923281347
2025-06-02,setup_or_fib_NDX100_20250602_SELL,SHORT,21411.6,21241.73,169.86999999999898,31.242966853081032,2025-06-02 14:00:00+00:00,21190.93,2025-06-02 14:34:00+00:00,21346.70966,21378.645220000002,21195.52536,2025-06-02 15:50:00+00:00,21378.645220000002,SL,76,-1.0,-1.0555180494721215
2025-06-04,setup_or_fib_NDX100_20250604_SELL,SHORT,21754.1,21678.85,75.25,24.494310568225366,2025-06-04 14:03:00+00:00,21603.86,2025-06-04 14:59:00+00:00,21725.354499999998,21739.5015,21658.381999999998,2025-06-04 15:06:00+00:00,21739.5015,SL,7,-1.0,-1.1253269244362687
2025-06-05,setup_or_fib_NDX100_20250605_SELL,SHORT,21801.6,21697.73,103.86999999999898,32.24412276239554,2025-06-05 13:46:00+00:00,21654.23,2025-06-05 14:27:00+00:00,21761.92166,21781.44922,21669.47736,2025-06-05 14:35:00+00:00,21669.47736,TP,8,4.734042553191781,4.6432477995205526
2025-06-06,setup_or_fib_NDX100_20250606_BUY,LONG,21818.48,21735.1,83.38000000000102,29.18565392980896,2025-06-06 13:46:00+00:00,21829.73,2025-06-06 14:28:00+00:00,21766.95116,21751.275719999998,21841.15936,2025-06-06 14:29:00+00:00,21751.275719999998,SL,1,-1.0,-1.1131068729171043
2025-06-10,setup_or_fib_NDX100_20250610_BUY,LONG,21865.48,21798.35,67.13000000000102,23.913543240138907,2025-06-10 13:52:00+00:00,21873.35,2025-06-10 13:57:00+00:00,21823.99366,21811.373219999998,21883.73936,2025-06-10 15:31:00+00:00,21811.373219999998,SL,94,-1.0,-1.140486385577655
2025-06-11,setup_or_fib_NDX100_20250611_SELL,SHORT,22002.1,21938.23,63.86999999999898,33.60679350389153,2025-06-11 13:46:00+00:00,21893.85,2025-06-11 14:07:00+00:00,21977.70166,21989.709219999997,21920.857359999998,2025-06-11 14:12:00+00:00,21989.709219999997,SL,5,-1.0,-1.147656976105076
2025-06-12,setup_or_fib_NDX100_20250612_BUY,LONG,21862.38,21799.63,62.75,33.927643256411834,2025-06-12 13:48:00+00:00,21869.6,2025-06-12 13:55:00+00:00,21823.6005,21811.8035,21879.448,2025-06-12 14:07:00+00:00,21879.448,TP,12,4.7340425531920145,4.58375010595965
2025-06-13,setup_or_fib_NDX100_20250613_SELL,SHORT,21772.75,21650.13,122.61999999999898,35.5036860132232,2025-06-13 14:20:00+00:00,21602.84,2025-06-13 14:42:00+00:00,21725.90916,21748.96172,21616.77736,2025-06-13 14:55:00+00:00,21748.96172,SL,13,-1.0,-1.0769111977151342
2025-06-24,setup_or_fib_NDX100_20250624_BUY,LONG,22108.25,22042.0,66.25,28.381027737395776,2025-06-24 13:47:00+00:00,22114.6,2025-06-24 13:59:00+00:00,22067.3075,22054.8525,22126.27,2025-06-24 14:08:00+00:00,22054.8525,SL,9,-1.0,-1.1423524688880184
2025-06-26,setup_or_fib_NDX100_20250626_SELL,SHORT,22348.2,22279.08,69.11999999999898,19.916378749882345,2025-06-26 13:50:00+00:00,22257.88,2025-06-26 13:59:00+00:00,22321.79616,22334.79072,22260.27936,2025-06-26 14:00:00+00:00,22334.79072,SL,1,-1.0,-1.1364417109929164
2025-06-30,setup_or_fib_NDX100_20250630_SELL,SHORT,22655.15,22586.48,68.67000000000189,16.40033003970935,2025-06-30 13:49:00+00:00,22578.38,2025-06-30 14:11:00+00:00,22628.91806,22641.82802,22567.80176,2025-06-30 15:49:00+00:00,22641.82802,SL,98,-1.0,-1.137335824433219
2025-07-01,setup_or_fib_NDX100_20250701_BUY,LONG,22609.75,22569.83,39.919999999998254,20.757248330516965,2025-07-01 13:50:00+00:00,22623.7,2025-07-01 14:03:00+00:00,22585.07944,22577.574480000003,22620.608239999998,2025-07-01 14:15:00+00:00,22620.608239999998,TP,12,4.734042553192026,4.497798789067983
2025-07-04,setup_or_fib_NDX100_20250704_BUY,LONG,22725.45,22685.95,39.5,19.23954507851548,2025-07-04 13:54:00+00:00,22729.4,2025-07-04 13:58:00+00:00,22701.039,22693.613,22736.194,2025-07-04 14:30:00+00:00,22736.194,TP,32,4.734042553191666,4.495286830056719
2025-07-08,setup_or_fib_NDX100_20250708_SELL,SHORT,22748.25,22695.95,52.29999999999927,19.250105256237628,2025-07-08 13:59:00+00:00,22655.89,2025-07-08 14:35:00+00:00,22728.2714,22738.103799999997,22681.7244,2025-07-08 14:38:00+00:00,22738.103799999997,SL,3,-1.0,-1.1803222000733065
2025-07-09,setup_or_fib_NDX100_20250709_BUY,LONG,22866.75,22785.23,81.52000000000044,18.236984950045173,2025-07-09 13:45:00+00:00,22915.0,2025-07-09 14:31:00+00:00,22816.37064,22801.04488,22888.92344,2025-07-09 14:32:00+00:00,22801.04488,SL,1,-1.0,-1.1156875743845678
2025-07-23,setup_or_fib_NDX100_20250723_SELL,SHORT,23111.44,23032.45,78.98999999999796,16.620681250996782,2025-07-23 13:45:00+00:00,22995.77,2025-07-23 15:54:00+00:00,23081.26582,23096.11594,23010.96472,2025-07-23 15:54:00+00:00,23096.11594,SL,0,-1.0,-1.1193929746022322
2025-07-24,setup_or_fib_NDX100_20250724_SELL,SHORT,23249.18,23183.8,65.38000000000102,17.336724893749494,2025-07-24 14:09:00+00:00,23147.93,2025-07-24 14:57:00+00:00,23224.20484,23236.49628,23166.016639999998,2025-07-24 15:02:00+00:00,23236.49628,SL,5,-1.0,-1.144246727804055
2025-07-28,setup_or_fib_NDX100_20250728_BUY,LONG,23359.77,23316.88,42.88999999999942,16.862383087102074,2025-07-28 13:45:00+00:00,23386.7,2025-07-28 15:18:00+00:00,23333.26398,23325.20066,23371.43608,2025-07-28 15:19:00+00:00,23325.20066,SL,1,-1.0,-1.219884613285812
2025-07-30,setup_or_fib_NDX100_20250730_BUY,LONG,23372.7,23312.75,59.95000000000073,16.393159202320934,2025-07-30 13:45:00+00:00,23388.69,2025-07-30 13:52:00+00:00,23335.6509,23324.3803,23389.006400000002,2025-07-30 14:50:00+00:00,23389.006400000002,TP,58,4.734042553191692,4.576730608840901
2025-07-31,setup_or_fib_NDX100_20250731_SELL,SHORT,23615.5,23487.2,128.29999999999927,22.72493778814011,2025-07-31 13:45:00+00:00,23476.45,2025-07-31 13:58:00+00:00,23566.4894,23590.6098,23452.3024,2025-07-31 14:46:00+00:00,23452.3024,TP,48,4.7340425531914505,4.6605363095138985
2025-08-05,setup_or_fib_NDX100_20250805_BUY,LONG,23248.25,23190.03,58.220000000001164,22.34698900137171,2025-08-05 13:45:00+00:00,23282.13,2025-08-05 14:00:00+00:00,23212.27004,23201.324679999998,23264.08584,2025-08-05 14:12:00+00:00,23201.324679999998,SL,12,-1.0,-1.1619864490523613
2025-08-06,setup_or_fib_NDX100_20250806_BUY,LONG,23118.23,23040.6,77.63000000000102,25.4055134270221,2025-08-06 13:48:00+00:00,23130.13,2025-08-06 13:51:00+00:00,23070.25466,23055.660219999998,23139.34536,2025-08-06 14:02:00+00:00,23139.34536,TP,11,4.734042553191288,4.612557933020873
2025-08-07,setup_or_fib_NDX100_20250807_SELL,SHORT,23538.72,23474.29,64.43000000000029,22.467994407229153,2025-08-07 13:45:00+00:00,23461.58,2025-08-07 13:51:00+00:00,23514.10774,23526.22058,23456.765040000002,2025-08-07 13:55:00+00:00,23526.22058,SL,4,-1.0,-1.1463736002456704
2025-08-12,setup_or_fib_NDX100_20250812_SELL,SHORT,23706.63,23611.19,95.44000000000233,31.579375989664005,2025-08-12 13:48:00+00:00,23523.33,2025-08-12 14:52:00+00:00,23670.17192,23688.11464,23585.23032,2025-08-12 15:02:00+00:00,23688.11464,SL,10,-1.0,-1.098814449537199
2025-08-14,setup_or_fib_NDX100_20250814_BUY,LONG,23827.8,23747.25,80.54999999999927,26.185423955680847,2025-08-14 13:47:00+00:00,23909.6,2025-08-14 15:26:00+00:00,23778.020099999998,23762.8767,23849.7096,2025-08-14 16:00:00+00:00,23834.68,TIME,34,3.741557378132576,3.6244766697051207
2025-08-15,setup_or_fib_NDX100_20250815_SELL,SHORT,23818.78,23743.25,75.52999999999884,17.72959617945343,2025-08-15 13:45:00+00:00,23679.38,2025-08-15 14:15:00+00:00,23789.92754,23804.12718,23722.70584,2025-08-15 14:47:00+00:00,23722.70584,TP,32,4.734042553191985,4.609180232738781
2025-08-18,setup_or_fib_NDX100_20250818_SELL,SHORT,23729.6,23681.1,48.5,19.34691989718718,2025-08-18 13:51:00+00:00,23646.81,2025-08-18 14:22:00+00:00,23711.073,23720.191,23667.908,2025-08-18 14:24:00+00:00,23720.191,SL,2,-1.0,-1.1944505373985828
2025-08-19,setup_or_fib_NDX100_20250819_SELL,SHORT,23685.25,23575.77,109.47999999999956,17.39059937944731,2025-08-19 13:46:00+00:00,23556.37,2025-08-19 14:09:00+00:00,23643.428640000002,23664.01088,23545.99144,2025-08-19 14:28:00+00:00,23545.99144,TP,19,4.734042553191567,4.647900325717782
2025-08-21,setup_or_fib_NDX100_20250821_SELL,SHORT,23210.75,23121.31,89.43999999999869,27.54359098539181,2025-08-21 13:46:00+00:00,23097.95,2025-08-21 13:49:00+00:00,23176.58392,23193.39864,23096.982320000003,2025-08-21 14:00:00+00:00,23096.982320000003,TP,11,4.734042553191805,4.628599227343967
2025-08-22,setup_or_fib_NDX100_20250822_BUY,LONG,23252.78,23136.8,115.97999999999956,20.898560427601137,2025-08-22 13:45:00+00:00,23271.13,2025-08-22 13:58:00+00:00,23181.104359999998,23159.30012,23284.326559999998,2025-08-22 14:00:00+00:00,23284.326559999998,TP,2,4.734042553192004,4.652728093252094
2025-08-26,setup_or_fib_NDX100_20250826_SELL,SHORT,23451.0,23398.08,52.919999999998254,18.22340075814711,2025-08-26 13:46:00+00:00,23363.37,2025-08-26 13:54:00+00:00,23430.78456,23440.73352,23383.685760000004,2025-08-26 14:00:00+00:00,23440.73352,SL,6,-1.0,-1.178209581704995
2025-08-27,setup_or_fib_NDX100_20250827_SELL,SHORT,23500.2,23447.88,52.31999999999971,16.71586833069748,2025-08-27 13:45:00+00:00,23423.97,2025-08-27 14:03:00+00:00,23480.213760000002,23490.04992,23433.648960000002,2025-08-27 14:07:00+00:00,23490.04992,SL,4,-1.0,-1.1802532695686319
2025-08-28,setup_or_fib_NDX100_20250828_SELL,SHORT,23682.4,23570.61,111.79000000000087,19.95942739860906,2025-08-28 13:50:00+00:00,23513.45,2025-08-28 14:43:00+00:00,23639.69622,23660.71274,23540.203120000002,2025-08-28 14:55:00+00:00,23660.71274,SL,12,-1.0,-1.0843622064928076
2025-09-02,setup_or_fib_NDX100_20250902_BUY,LONG,23133.2,22981.32,151.88000000000102,36.14956407211407,2025-09-02 13:46:00+00:00,23232.83,2025-09-02 15:35:00+00:00,23039.33816,23010.78472,23174.51136,2025-09-02 15:39:00+00:00,23010.78472,SL,4,-1.0,-1.0620940944418613
2025-09-03,setup_or_fib_NDX100_20250903_BUY,LONG,23395.7,23330.33,65.36999999999898,25.317946583863765,2025-09-03 14:07:00+00:00,23418.08,2025-09-03 14:13:00+00:00,23355.30134,23343.01178,23413.48064,2025-09-03 14:13:00+00:00,23343.01178,SL,0,-1.0,-1.144268794000749
2025-09-04,setup_or_fib_NDX100_20250904_SELL,SHORT,23507.2,23416.34,90.86000000000058,21.515246361471107,2025-09-04 14:02:00+00:00,23369.23,2025-09-04 14:36:00+00:00,23472.49148,23489.573160000004,23391.62608,2025-09-04 15:02:00+00:00,23489.573160000004,SL,26,-1.0,-1.1037954112241708
2025-09-09,setup_or_fib_NDX100_20250909_SELL,SHORT,23824.73,23784.25,40.47999999999956,17.786502647557654,2025-09-09 13:51:00+00:00,23749.06,2025-09-09 14:10:00+00:00,23809.266639999998,23816.87688,23773.23944,2025-09-09 14:26:00+00:00,23773.23944,TP,16,4.734042553189954,4.501066983431368
2025-09-10,setup_or_fib_NDX100_20250910_SELL,SHORT,23971.6,23888.88,82.71999999999753,21.209304267598643,2025-09-10 13:51:00+00:00,23872.75,2025-09-10 14:03:00+00:00,23940.00096,23955.55232,23866.38016,2025-09-10 14:47:00+00:00,23955.55232,SL,44,-1.0,-1.114009321371267
2025-09-17,setup_or_fib_NDX100_20250917_SELL,SHORT,24291.21,24217.2,74.0099999999984,16.56634988672618,2025-09-17 13:45:00+00:00,24214.85,2025-09-17 13:50:00+00:00,24262.93818,24276.852059999997,24197.06928,2025-09-17 14:27:00+00:00,24197.06928,TP,37,4.7340425531928,4.606615839723914
2025-09-18,setup_or_fib_NDX100_20250918_SELL,SHORT,24462.45,24373.38,89.06999999999971,26.53514839713269,2025-09-18 13:45:00+00:00,24349.33,2025-09-18 13:50:00+00:00,24428.42526,24445.170420000002,24349.15296,2025-09-18 13:51:00+00:00,24445.170420000002,SL,1,-1.0,-1.1058813412353041
2025-09-19,setup_or_fib_NDX100_20250919_BUY,LONG,24536.85,24491.65,45.19999999999709,18.226951887586456,2025-09-19 13:49:00+00:00,24568.81,2025-09-19 14:44:00+00:00,24508.916400000002,24500.418800000003,24549.144399999997,2025-09-19 14:47:00+00:00,24500.418800000003,SL,3,-1.0,-1.2086471474298923
2025-09-26,setup_or_fib_NDX100_20250926_BUY,LONG,24484.45,24369.15,115.29999999999927,31.76443980385843,2025-09-26 14:00:00+00:00,24505.2,2025-09-26 14:06:00+00:00,24413.194600000003,24391.518200000002,24515.8116,2025-09-26 14:07:00+00:00,24391.518200000002,SL,1,-1.0,-1.0817940248380717
2025-09-29,setup_or_fib_NDX100_20250929_BUY,LONG,24691.83,24624.18,67.65000000000146,19.2578709320505,2025-09-29 13:45:00+00:00,24750.2,2025-09-29 15:15:00+00:00,24650.0223,24637.3041,24710.2308,2025-09-29 15:17:00+00:00,24637.3041,SL,2,-1.0,-1.1394065197905436
2025-09-30,setup_or_fib_NDX100_20250930_SELL,SHORT,24607.29,24518.5,88.79000000000087,20.197045257586595,2025-09-30 13:54:00+00:00,24500.04,2025-09-30 14:00:00+00:00,24573.37222,24590.06474,24494.34912,2025-09-30 14:48:00+00:00,24590.06474,SL,48,-1.0,-1.106215238921382
2025-10-01,setup_or_fib_NDX100_20251001_SELL,SHORT,24619.9,24522.64,97.26000000000204,25.862754639764727,2025-10-01 13:49:00+00:00,24505.17,2025-10-01 13:56:00+00:00,24582.74668,24601.03156,24496.185279999998,2025-10-01 14:04:00+00:00,24601.03156,SL,8,-1.0,-1.0969653615446244
2025-10-03,setup_or_fib_NDX100_20251003_SELL,SHORT,24955.95,24906.25,49.70000000000073,17.436512293453344,2025-10-03 13:56:00+00:00,24842.5,2025-10-03 15:57:00+00:00,24936.9646,24946.3082,24892.7316,2025-10-03 16:00:00+00:00,24935.6,TIME,3,0.14604649171633732,-0.04370906288788065
2025-10-10,setup_or_fib_NDX100_20251010_BUY,LONG,25188.13,25105.63,82.5,19.651046287356394,2025-10-10 13:45:00+00:00,25199.38,2025-10-10 14:01:00+00:00,25137.145,25121.635,25210.57,2025-10-10 14:16:00+00:00,25121.635,SL,15,-1.0,-1.1143133462282249
2025-10-13,setup_or_fib_NDX100_20251013_BUY,LONG,24667.48,24549.02,118.45999999999913,45.278182179357046,2025-10-13 13:50:00+00:00,24736.58,2025-10-13 14:52:00+00:00,24594.27172,24572.001239999998,24699.701119999998,2025-10-13 14:57:00+00:00,24572.001239999998,SL,5,-1.0,-1.0796121143325053
2025-10-15,setup_or_fib_NDX100_20251015_SELL,SHORT,24828.78,24746.75,82.02999999999884,27.846314041048917,2025-10-15 13:48:00+00:00,24723.75,2025-10-15 13:52:00+00:00,24797.44454,24812.866179999997,24724.43784,2025-10-15 13:55:00+00:00,24812.866179999997,SL,3,-1.0,-1.1149683172477352
2025-10-16,setup_or_fib_NDX100_20251016_BUY,LONG,24933.7,24866.29,67.40999999999985,28.600771683140565,2025-10-16 13:45:00+00:00,24952.85,2025-10-16 13:47:00+00:00,24892.04062,24879.36754,24952.03552,2025-10-16 13:49:00+00:00,24879.36754,SL,2,-1.0,-1.1399028491889842
2025-10-17,setup_or_fib_NDX100_20251017_BUY,LONG,24651.79,24506.4,145.38999999999942,56.23006453799648,2025-10-17 13:53:00+00:00,24795.56,2025-10-17 15:21:00+00:00,24561.938980000003,24534.60566,24691.33608,2025-10-17 15:25:00+00:00,24534.60566,SL,4,-1.0,-1.0648658853004282
2025-10-21,setup_or_fib_NDX100_20251021_SELL,SHORT,25140.13,25068.93,71.20000000000073,18.3203371164628,2025-10-21 13:48:00+00:00,25048.57,2025-10-21 14:20:00+00:00,25112.9316,25126.3172,25049.5636,2025-10-21 14:28:00+00:00,25049.5636,TP,8,4.734042553190877,4.601586779822495
2025-10-22,setup_or_fib_NDX100_20251022_BUY,LONG,25110.65,25012.8,97.85000000000218,24.564650674831757,2025-10-22 13:51:00+00:00,25128.9,2025-10-22 14:14:00+00:00,25050.1787,25031.782900000002,25137.2652,2025-10-22 14:24:00+00:00,25031.782900000002,SL,10,-1.0,-1.0963806955935678
2025-10-24,setup_or_fib_NDX100_20251024_BUY,LONG,25382.38,25282.12,100.26000000000204,27.947800011977233,2025-10-24 14:07:00+00:00,25392.38,2025-10-24 14:31:00+00:00,25320.41932,25301.57044,25409.65072,2025-10-24 14:56:00+00:00,25301.57044,SL,25,-1.0,-1.0940639443828954
2025-10-28,setup_or_fib_NDX100_20251028_SELL,SHORT,25876.15,25861.2,14.950000000000728,14.866061395346577,2025-10-28 13:50:00+00:00,25857.75,2025-10-28 14:01:00+00:00,25870.4391,25873.2497,25857.1336,2025-10-28 14:01:00+00:00,25873.2497,SL,0,-1.0,-1.6308261581155468
2025-10-29,setup_or_fib_NDX100_20251029_BUY,LONG,26123.13,26099.1,24.030000000002474,20.06188743056005,2025-10-29 13:51:00+00:00,26183.38,2025-10-29 15:50:00+00:00,26108.279459999998,26103.76182,26129.66616,2025-10-29 15:50:00+00:00,26103.76182,SL,0,-1.0,-1.3924615507213285
2025-10-30,setup_or_fib_NDX100_20251030_SELL,SHORT,26033.4,25968.63,64.77000000000044,40.8849466803813,2025-10-30 13:50:00+00:00,25801.88,2025-10-30 15:00:00+00:00,26008.657860000003,26020.83462,25951.01256,2025-10-30 15:00:00+00:00,26020.83462,SL,0,-1.0,-1.1456052348900876
2025-11-07,setup_or_fib_NDX100_20251107_SELL,SHORT,24999.0,24811.74,187.2599999999984,47.656519355963034,2025-11-07 15:06:00+00:00,24778.11,2025-11-07 15:15:00+00:00,24927.46668,24962.671560000003,24760.80528,2025-11-07 15:44:00+00:00,24760.80528,TP,29,4.734042553191361,4.683680217060689
2025-11-10,setup_or_fib_NDX100_20251110_BUY,LONG,25528.31,25419.5,108.81000000000131,25.979331336413086,2025-11-10 14:46:00+00:00,25558.5,2025-11-10 15:51:00+00:00,25461.06542,25440.609139999997,25557.906320000002,2025-11-10 15:54:00+00:00,25440.609139999997,SL,3,-1.0,-1.0866726501592574
2025-11-11,setup_or_fib_NDX100_20251111_SELL,SHORT,25541.33,25484.15,57.18000000000029,27.06845893797565,2025-11-11 14:49:00+00:00,25456.33,2025-11-11 14:57:00+00:00,25519.487240000002,25530.237080000003,25468.59704,2025-11-11 15:06:00+00:00,25468.59704,TP,9,4.734042553191464,4.56910986582124
2025-11-17,setup_or_fib_NDX100_20251117_BUY,LONG,25110.33,24867.2,243.13000000000102,46.76332320797944,2025-11-17 14:46:00+00:00,25165.83,2025-11-17 16:01:00+00:00,24960.075660000002,24914.36722,25176.46136,2025-11-17 16:08:00+00:00,24914.36722,SL,7,-1.0,-1.0387893351862352
2025-11-20,setup_or_fib_NDX100_20251120_BUY,LONG,25157.11,25060.38,96.72999999999956,48.54040234349863,2025-11-20 14:47:00+00:00,25213.25,2025-11-20 15:10:00+00:00,25097.330860000002,25079.14562,25183.42056,2025-11-20 15:14:00+00:00,25079.14562,SL,4,-1.0,-1.0974966511302437
2025-11-21,setup_or_fib_NDX100_20251121_SELL,SHORT,24204.7,24079.6,125.10000000000218,78.88898339702968,2025-11-21 14:45:00+00:00,24028.21,2025-11-21 14:52:00+00:00,24156.9118,24180.4306,24045.572799999998,2025-11-21 14:54:00+00:00,24180.4306,SL,2,-1.0,-1.0753864993111957
2025-11-25,setup_or_fib_NDX100_20251125_SELL,SHORT,24809.25,24650.63,158.61999999999898,41.15959853143092,2025-11-25 14:45:00+00:00,24533.39,2025-11-25 14:59:00+00:00,24748.65716,24778.47772,24607.485360000002,2025-11-25 15:03:00+00:00,24607.485360000002,TP,4,4.734042553191352,4.674586929286234
2025-11-26,setup_or_fib_NDX100_20251126_BUY,LONG,25208.88,25127.58,81.29999999999927,30.422660765158962,2025-11-26 14:50:00+00:00,25217.2,2025-11-26 14:55:00+00:00,25158.6366,25143.3522,25230.9936,2025-11-26 14:56:00+00:00,25143.3522,SL,1,-1.0,-1.116000628091384
2025-12-02,setup_or_fib_NDX100_20251202_BUY,LONG,25563.99,25422.72,141.27000000000044,24.498749701357006,2025-12-02 15:00:00+00:00,25621.25,2025-12-02 16:14:00+00:00,25476.68514,25450.12638,25602.41544,2025-12-02 16:22:00+00:00,25450.12638,SL,8,-1.0,-1.0667576347690935
2025-12-03,setup_or_fib_NDX100_20251203_SELL,SHORT,25489.45,25407.33,82.11999999999898,38.158918544411584,2025-12-03 14:53:00+00:00,25383.53,2025-12-03 15:00:00+00:00,25458.08016,25473.51872,25384.99336,2025-12-03 15:00:00+00:00,25473.51872,SL,0,-1.0,-1.1148423169000314
2025-12-04,setup_or_fib_NDX100_20251204_SELL,SHORT,25676.85,25498.21,178.63999999999942,28.5985161333143,2025-12-04 15:25:00+00:00,25467.24,2025-12-04 16:57:00+00:00,25608.609519999998,25642.19384,25449.61992,2025-12-04 17:00:00+00:00,25606.54,TIME,3,0.06162161389592449,0.008829120256038159
2025-12-05,setup_or_fib_NDX100_20251205_BUY,LONG,25735.69,25633.73,101.95999999999913,25.546086013017913,2025-12-05 14:53:00+00:00,25825.88,2025-12-05 16:11:00+00:00,25672.67872,25653.51024,25763.42312,2025-12-05 16:15:00+00:00,25653.51024,SL,4,-1.0,-1.0924955969383057
2025-12-10,setup_or_fib_NDX100_20251210_BUY,LONG,25632.58,25537.2,95.38000000000102,26.25605216548868,2025-12-10 14:47:00+00:00,25642.75,2025-12-10 14:55:00+00:00,25573.63516,25555.70372,25658.523360000003,2025-12-10 15:36:00+00:00,25555.70372,SL,41,-1.0,-1.0988766100212795
2025-12-11,setup_or_fib_NDX100_20251211_SELL,SHORT,25626.73,25529.2,97.52999999999884,31.393632681316397,2025-12-11 14:46:00+00:00,25363.83,2025-12-11 15:22:00+00:00,25589.47354,25607.80918,25502.671840000003,2025-12-11 15:44:00+00:00,25502.671840000003,TP,22,4.734042553190993,4.637345628513159
2025-12-16,setup_or_fib_NDX100_20251216_BUY,LONG,25083.25,24944.2,139.04999999999927,43.08113267542707,2025-12-16 14:50:00+00:00,25141.25,2025-12-16 15:20:00+00:00,24997.3171,24971.1757,25121.0716,2025-12-16 15:24:00+00:00,24971.1757,SL,4,-1.0,-1.0678234524547259
2025-12-23,setup_or_fib_NDX100_20251223_BUY,LONG,25504.4,25406.45,97.95000000000073,21.123234854694502,2025-12-23 14:47:00+00:00,25518.96,2025-12-23 14:59:00+00:00,25443.8669,25425.4523,25531.042400000002,2025-12-23 15:02:00+00:00,25425.4523,SL,3,-1.0,-1.0962822977420088
2025-12-26,setup_or_fib_NDX100_20251226_SELL,SHORT,25711.35,25645.35,66.0,14.344386224674446,2025-12-26 15:01:00+00:00,25614.6,2025-12-26 15:58:00+00:00,25686.138,25698.546,25627.397999999997,2025-12-26 17:00:00+00:00,25656.07,TIME,62,2.4232753062540815,2.2803836234687753
2025-12-30,setup_or_fib_NDX100_20251230_SELL,SHORT,25519.55,25468.75,50.79999999999927,18.928337456832715,2025-12-30 14:45:00+00:00,25461.13,2025-12-30 14:48:00+00:00,25500.1444,25509.694799999997,25454.9324,2025-12-30 14:49:00+00:00,25509.694799999997,SL,1,-1.0,-1.1856466744849075
2026-01-02,setup_or_fib_NDX100_20260102_BUY,LONG,25530.07,25437.73,92.34000000000015,20.689872941743296,2026-01-02 14:47:00+00:00,25602.88,2026-01-02 15:11:00+00:00,25473.00388,25455.64396,25555.18648,2026-01-02 15:11:00+00:00,25455.64396,SL,0,-1.0,-1.1021318070590247
2026-01-09,setup_or_fib_NDX100_20260109_SELL,SHORT,25617.7,25477.08,140.61999999999898,29.77559868451387,2026-01-09 15:08:00+00:00,25443.95,2026-01-09 15:13:00+00:00,25563.98316,25590.419719999998,25438.831360000004,2026-01-09 15:16:00+00:00,25590.419719999998,SL,3,-1.0,-1.067066214363749
2026-01-13,setup_or_fib_NDX100_20260113_SELL,SHORT,25876.7,25765.83,110.86999999999898,30.45560732406892,2026-01-13 15:02:00+00:00,25644.33,2026-01-13 16:50:00+00:00,25834.34766,25855.19122,25735.67336,2026-01-13 16:55:00+00:00,25855.19122,SL,5,-1.0,-1.0850622446453437
2026-01-15,setup_or_fib_NDX100_20260115_SELL,SHORT,25784.58,25692.95,91.63000000000102,28.273194886930202,2026-01-15 14:51:00+00:00,25682.08,2026-01-15 14:55:00+00:00,25749.57734,25766.803780000002,25668.02664,2026-01-15 15:46:00+00:00,25668.02664,TP,51,4.734042553190876,4.631119372313122
2026-01-19,setup_or_fib_NDX100_20260119_SELL,SHORT,25139.59,25083.71,55.88000000000102,32.09323860158049,2026-01-19 14:45:00+00:00,25079.59,2026-01-19 14:51:00+00:00,25118.24384,25128.74928,25068.51064,2026-01-19 14:54:00+00:00,25128.74928,SL,3,-1.0,-1.1687697040771126
2026-01-20,setup_or_fib_NDX100_20260120_BUY,LONG,25204.45,25081.95,122.5,43.79088907000896,2026-01-20 14:51:00+00:00,25222.45,2026-01-20 15:08:00+00:00,25128.745,25105.715,25237.77,2026-01-20 15:32:00+00:00,25237.77,TP,24,4.734042553191792,4.657056013895218
2026-01-22,setup_or_fib_NDX100_20260122_SELL,SHORT,25586.9,25470.4,116.5,28.10972439732761,2026-01-22 14:46:00+00:00,25394.9,2026-01-22 16:41:00+00:00,25542.397,25564.299000000003,25438.712000000003,2026-01-22 17:00:00+00:00,25524.75,TIME,19,0.8057255045201052,0.7247739932426032
2026-01-30,setup_or_fib_NDX100_20260130_SELL,SHORT,25820.08,25694.7,125.38000000000102,48.19071383383183,2026-01-30 15:04:00+00:00,25688.95,2026-01-30 15:06:00+00:00,25772.18484,25795.75628,25660.59664,2026-01-30 15:12:00+00:00,25795.75628,SL,6,-1.0,-1.075218145348779
2026-02-05,setup_or_fib_NDX100_20260205_SELL,SHORT,24835.83,24553.7,282.130000000001,69.22363297271279,2026-02-05 15:10:00+00:00,24453.22,2026-02-05 16:51:00+00:00,24728.056340000003,24781.09678,24476.96064,2026-02-05 17:00:00+00:00,24730.59,TIME,9,-0.04776845742602187,-0.08119578193539809
2026-02-06,setup_or_fib_NDX100_20260206_BUY,LONG,24842.7,24610.58,232.11999999999898,52.702995214047284,2026-02-06 14:47:00+00:00,24891.58,2026-02-06 15:04:00+00:00,24699.24984,24655.61128,24905.83664,2026-02-06 15:16:00+00:00,24655.61128,SL,12,-1.0,-1.0406292049966823
2026-02-10,setup_or_fib_NDX100_20260210_SELL,SHORT,25323.7,25179.83,143.86999999999898,29.609691684334447,2026-02-10 14:48:00+00:00,25170.45,2026-02-10 14:54:00+00:00,25268.74166,25295.789220000002,25140.697360000002,2026-02-10 14:55:00+00:00,25295.789220000002,SL,1,-1.0,-1.0655511994427527
2026-02-16,setup_or_fib_NDX100_20260216_SELL,SHORT,24706.83,24641.2,65.63000000000102,25.590312764054502,2026-02-16 14:45:00+00:00,24622.83,2026-02-16 14:53:00+00:00,24681.75934,24694.097780000004,24623.34864,2026-02-16 14:55:00+00:00,24694.097780000004,SL,2,-1.0,-1.143697258324354
2026-02-17,setup_or_fib_NDX100_20260217_SELL,SHORT,24744.95,24537.45,207.5,48.025451585808966,2026-02-17 14:50:00+00:00,24381.7,2026-02-17 16:10:00+00:00,24665.685,24704.695000000003,24481.010000000002,2026-02-17 16:13:00+00:00,24704.695000000003,SL,3,-1.0,-1.0454498846449605
2026-02-18,setup_or_fib_NDX100_20260218_BUY,LONG,24802.57,24687.19,115.38000000000102,36.08649494279142,2026-02-18 14:45:00+00:00,24813.57,2026-02-18 14:48:00+00:00,24731.26516,24709.57372,24833.95336,2026-02-18 14:55:00+00:00,24833.95336,TP,7,4.734042553191798,4.652305241146119
2026-02-19,setup_or_fib_NDX100_20260219_BUY,LONG,24813.83,24696.2,117.63000000000102,40.001135381428284,2026-02-19 14:53:00+00:00,24892.36,2026-02-19 16:51:00+00:00,24741.13466,24719.020220000002,24845.825360000003,2026-02-19 17:00:00+00:00,24779.77,TIME,9,1.747063909373468,1.6668900501213142
2026-03-03,setup_or_fib_NDX100_20260303_SELL,SHORT,24623.83,24466.7,157.13000000000102,57.547257538303626,2026-03-03 14:49:00+00:00,24315.08,2026-03-03 16:17:00+00:00,24563.806340000003,24593.34678,24423.96064,2026-03-03 16:24:00+00:00,24593.34678,SL,7,-1.0,-1.0600194174494415
2026-03-05,setup_or_fib_NDX100_20260305_BUY,LONG,25089.83,24951.08,138.75,49.25529814257014,2026-03-05 14:51:00+00:00,25171.7,2026-03-05 15:24:00+00:00,25004.0825,24977.9975,25127.570000000003,2026-03-05 15:27:00+00:00,24977.9975,SL,3,-1.0,-1.067970097757334
2026-03-09,setup_or_fib_NDX100_20260309_SELL,SHORT,24427.83,24337.2,90.63000000000102,56.44201337091237,2026-03-09 13:49:00+00:00,24323.95,2026-03-09 14:11:00+00:00,24393.20934,24410.24778,24312.54864,2026-03-09 14:14:00+00:00,24410.24778,SL,3,-1.0,-1.1040588222865457
2026-03-10,setup_or_fib_NDX100_20260310_BUY,LONG,24932.65,24865.9,66.75,47.16122361751174,2026-03-10 13:45:00+00:00,25053.15,2026-03-10 15:08:00+00:00,24891.398500000003,24878.849500000004,24950.806,2026-03-10 15:09:00+00:00,24878.849500000004,SL,1,-1.0,-1.1412861582596328
2026-03-11,setup_or_fib_NDX100_20260311_BUY,LONG,25017.6,24896.13,121.46999999999753,41.09614270901243,2026-03-11 14:30:00+00:00,25154.5,2026-03-11 15:34:00+00:00,24942.53154,24919.69518,25050.639839999996,2026-03-11 15:58:00+00:00,25050.639839999996,TP,24,4.734042553191086,4.656403209617946
2026-03-12,setup_or_fib_NDX100_20260312_BUY,LONG,24821.58,24781.08,40.5,38.037359911567755,2026-03-12 14:03:00+00:00,24831.83,2026-03-12 14:14:00+00:00,24796.551000000003,24788.937,24832.596,2026-03-12 14:14:00+00:00,24788.937,SL,0,-1.0,-1.23286052009452
2026-03-13,setup_or_fib_NDX100_20260313_BUY,LONG,24662.83,24617.58,45.25,38.535562644588694,2026-03-13 13:45:00+00:00,24717.8,2026-03-13 14:10:00+00:00,24634.865500000004,24626.358500000002,24675.138000000003,2026-03-13 14:29:00+00:00,24626.358500000002,SL,19,-1.0,-1.208416598095651
2026-03-18,setup_or_fib_NDX100_20260318_SELL,SHORT,24795.58,24676.2,119.38000000000102,32.39606022428216,2026-03-18 13:48:00+00:00,24634.33,2026-03-18 14:40:00+00:00,24749.976840000003,24772.42028,24643.72864,2026-03-18 15:25:00+00:00,24643.72864,TP,45,4.734042553192528,4.655043968305347
2026-03-19,setup_or_fib_NDX100_20260319_SELL,SHORT,24290.95,24220.05,70.90000000000146,51.06917338414294,2026-03-19 13:51:00+00:00,24184.3,2026-03-19 14:20:00+00:00,24263.8662,24277.1954,24200.765199999998,2026-03-19 14:20:00+00:00,24277.1954,SL,0,-1.0,-1.133016235032859
2026-03-20,setup_or_fib_NDX100_20260320_BUY,LONG,24277.2,24222.7,54.5,46.095758568225,2026-03-20 13:58:00+00:00,24291.08,2026-03-20 14:11:00+00:00,24243.519,24233.273,24292.024,2026-03-20 14:25:00+00:00,24292.024,TP,14,4.734042553191966,4.560999414406084
2026-03-24,setup_or_fib_NDX100_20260324_SELL,SHORT,24144.33,24052.45,91.88000000000102,57.77261339893693,2026-03-24 14:07:00+00:00,23920.58,2026-03-24 15:52:00+00:00,24109.23184,24126.50528,24027.45864,2026-03-24 15:52:00+00:00,24126.50528,SL,0,-1.0,-1.102643133041242
2026-03-25,setup_or_fib_NDX100_20260325_BUY,LONG,24246.2,24163.33,82.86999999999898,49.450064734333445,2026-03-25 13:55:00+00:00,24315.95,2026-03-25 14:50:00+00:00,24194.986340000003,24179.40678,24268.74064,2026-03-25 14:50:00+00:00,24179.40678,SL,0,-1.0,-1.11380295720802
2026-03-26,setup_or_fib_NDX100_20260326_BUY,LONG,23923.8,23867.58,56.219999999997526,39.93665525560343,2026-03-26 14:13:00+00:00,23951.08,2026-03-26 14:30:00+00:00,23889.05604,23878.48668,23939.091839999997,2026-03-26 14:39:00+00:00,23878.48668,SL,9,-1.0,-1.1677490406231208
2026-03-27,setup_or_fib_NDX100_20260327_SELL,SHORT,23460.75,23417.88,42.86999999999898,40.70465688593199,2026-03-27 13:48:00+00:00,23382.38,2026-03-27 14:24:00+00:00,23444.37366,23452.433220000003,23406.219360000003,2026-03-27 14:25:00+00:00,23452.433220000003,SL,1,-1.0,-1.2199871953307213
2026-03-31,setup_or_fib_NDX100_20260331_BUY,LONG,23285.2,23198.7,86.5,53.493107076747215,2026-03-31 13:46:00+00:00,23404.45,2026-03-31 14:53:00+00:00,23231.743000000002,23215.481,23308.728,2026-03-31 14:55:00+00:00,23215.481,SL,2,-1.0,-1.1090271799286517
2026-04-06,setup_or_fib_NDX100_20260406_BUY,LONG,24199.53,24073.53,126.0,35.042671589348,2026-04-06 13:47:00+00:00,24277.15,2026-04-06 14:04:00+00:00,24121.662,24097.974,24233.802,2026-04-06 14:49:00+00:00,24097.974,SL,45,-1.0,-1.0748480243161034
2026-04-09,setup_or_fib_NDX100_20260409_SELL,SHORT,24936.23,24849.23,87.0,27.325087777762583,2026-04-09 13:54:00+00:00,24787.02,2026-04-09 15:14:00+00:00,24902.996,24919.352000000003,24825.566,2026-04-09 15:15:00+00:00,24919.352000000003,SL,1,-1.0,-1.1084005869405498
2026-04-10,setup_or_fib_NDX100_20260410_SELL,SHORT,25203.59,25127.34,76.25,27.377652465957016,2026-04-10 14:01:00+00:00,25103.59,2026-04-10 14:24:00+00:00,25174.4625,25188.7975,25106.6,2026-04-10 14:30:00+00:00,25188.7975,SL,6,-1.0,-1.1236832926403981
2026-04-13,setup_or_fib_NDX100_20260413_SELL,SHORT,25071.2,25009.83,61.36999999999898,28.337944205494935,2026-04-13 13:45:00+00:00,24999.2,2026-04-13 13:48:00+00:00,25047.756660000003,25059.29422,24993.13736,2026-04-13 13:48:00+00:00,25059.29422,SL,0,-1.0,-1.1536720069061792
2026-04-16,setup_or_fib_NDX100_20260416_SELL,SHORT,26289.83,26184.45,105.38000000000102,24.86991602161697,2026-04-16 13:51:00+00:00,26114.95,2026-04-16 14:45:00+00:00,26249.57484,26269.386280000002,26155.786640000002,2026-04-16 15:03:00+00:00,26269.386280000002,SL,18,-1.0,-1.0894937470471546
2026-04-20,setup_or_fib_NDX100_20260420_SELL,SHORT,26667.95,26575.95,92.0,29.24357308786263,2026-04-20 13:49:00+00:00,26559.95,2026-04-20 13:55:00+00:00,26632.806,26650.102000000003,26550.926,2026-04-20 14:41:00+00:00,26550.926,TP,46,4.7340425531909744,4.631533302497185
2026-04-21,setup_or_fib_NDX100_20260421_BUY,LONG,26670.7,26572.95,97.75,24.711408745480682,2026-04-21 13:59:00+00:00,26730.2,2026-04-21 14:58:00+00:00,26610.2905,26591.9135,26697.288,2026-04-21 14:59:00+00:00,26591.9135,SL,1,-1.0,-1.096479294770635
2026-04-23,setup_or_fib_NDX100_20260423_BUY,LONG,26919.45,26816.83,102.61999999999898,38.054521553044275,2026-04-23 13:46:00+00:00,26954.45,2026-04-23 14:00:00+00:00,26856.030840000003,26836.73828,26947.36264,2026-04-23 14:00:00+00:00,26836.73828,SL,0,-1.0,-1.091900711984301
2026-04-24,setup_or_fib_NDX100_20260424_SELL,SHORT,27117.58,27035.08,82.5,44.63238709814187,2026-04-24 13:54:00+00:00,26988.2,2026-04-24 14:09:00+00:00,27086.065000000002,27101.575000000004,27012.640000000003,2026-04-24 14:12:00+00:00,27101.575000000004,SL,3,-1.0,-1.1143133462282249
2026-04-27,setup_or_fib_NDX100_20260427_SELL,SHORT,27291.83,27218.45,73.38000000000102,27.030029500747865,2026-04-27 13:47:00+00:00,27163.08,2026-04-27 13:58:00+00:00,27263.798840000003,27277.59428,27198.49064,2026-04-27 14:31:00+00:00,27198.49064,TP,33,4.734042553192384,4.605521824603788
2026-04-28,setup_or_fib_NDX100_20260428_BUY,LONG,27104.83,26934.83,170.0,46.05217831860536,2026-04-28 13:48:00+00:00,27115.58,2026-04-28 14:35:00+00:00,26999.77,26967.81,27151.070000000003,2026-04-28 14:36:00+00:00,26967.81,SL,1,-1.0,-1.055475594493118
2026-04-30,setup_or_fib_NDX100_20260430_SELL,SHORT,27362.49,27138.49,224.0,49.01856297859482,2026-04-30 13:52:00+00:00,27030.66,2026-04-30 15:11:00+00:00,27276.922000000002,27319.034,27077.562,2026-04-30 16:00:00+00:00,27253.86,TIME,49,0.5476348784195281,0.5055328647417139
2026-05-04,setup_or_fib_NDX100_20260504_BUY,LONG,27764.0,27689.0,75.0,46.1782818088374,2026-05-04 13:51:00+00:00,27820.75,2026-05-04 15:17:00+00:00,27717.65,27703.55,27784.4,2026-05-04 15:19:00+00:00,27703.55,SL,2,-1.0,-1.1257446808510443
2026-05-06,setup_or_fib_NDX100_20260506_BUY,LONG,28361.95,28217.83,144.11999999999898,51.09937963600863,2026-05-06 13:54:00+00:00,28386.2,2026-05-06 14:06:00+00:00,28272.883840000002,28245.789280000005,28401.15064,2026-05-06 14:42:00+00:00,28401.15064,TP,36,4.734042553191798,4.6686050631568925
2026-05-07,setup_or_fib_NDX100_20260507_SELL,SHORT,28665.45,28609.08,56.36999999999898,27.79689404163772,2026-05-07 13:45:00+00:00,28592.08,2026-05-07 13:53:00+00:00,28643.916660000003,28654.51422,28593.74736,2026-05-07 13:54:00+00:00,28654.51422,SL,1,-1.0,-1.1673026621222506
2026-05-11,setup_or_fib_NDX100_20260511_SELL,SHORT,29326.07,29173.57,152.5,33.77452719188466,2026-05-11 14:31:00+00:00,29137.73,2026-05-11 14:45:00+00:00,29267.815,29296.485,29132.09,2026-05-11 14:54:00+00:00,29296.485,SL,9,-1.0,-1.0618416463201912
2026-05-13,setup_or_fib_NDX100_20260513_SELL,SHORT,29183.82,29076.2,107.61999999999898,41.23664777040937,2026-05-13 13:45:00+00:00,28971.32,2026-05-13 14:25:00+00:00,29142.70916,29162.94172,29046.92736,2026-05-13 14:34:00+00:00,29162.94172,SL,9,-1.0,-1.0876310264247315
2026-05-15,setup_or_fib_NDX100_20260515_SELL,SHORT,29190.64,29047.14,143.5,65.1000363102067,2026-05-15 13:45:00+00:00,28985.39,2026-05-15 13:50:00+00:00,29135.823,29162.801,29008.108,2026-05-15 13:54:00+00:00,29162.801,SL,4,-1.0,-1.0657202164726836
2026-05-18,setup_or_fib_NDX100_20260518_SELL,SHORT,29257.33,29063.95,193.38000000000102,68.326255079553,2026-05-18 13:49:00+00:00,29041.08,2026-05-18 13:55:00+00:00,29183.458840000003,29219.814280000002,29011.35064,2026-05-18 14:32:00+00:00,29011.35064,TP,37,4.734042553191639,4.685274060773447
2026-05-20,setup_or_fib_NDX100_20260520_BUY,LONG,29060.54,28930.04,130.5,41.06105154178211,2026-05-20 13:46:00+00:00,29100.79,2026-05-20 13:54:00+00:00,28979.891,28955.357,29096.036,2026-05-20 13:55:00+00:00,28955.357,SL,1,-1.0,-1.0722670579603826
2026-05-21,setup_or_fib_NDX100_20260521_BUY,LONG,29177.33,29083.58,93.75,52.38040322713045,2026-05-21 13:54:00+00:00,29247.45,2026-05-21 14:16:00+00:00,29119.3925,29101.7675,29202.83,2026-05-21 14:19:00+00:00,29101.7675,SL,3,-1.0,-1.100595744680851
2026-05-22,setup_or_fib_NDX100_20260522_SELL,SHORT,29637.7,29477.58,160.11999999999898,41.127323763871026,2026-05-22 14:06:00+00:00,29413.08,2026-05-22 14:58:00+00:00,29576.534160000003,29606.63672,29434.027360000004,2026-05-22 15:05:00+00:00,29606.63672,SL,7,-1.0,-1.0588986451650708
2026-05-25,setup_or_fib_NDX100_20260525_BUY,LONG,29898.7,29865.58,33.11999999999898,18.101338432899862,2026-05-25 13:45:00+00:00,29916.83,2026-05-25 14:14:00+00:00,29878.23184,29872.00528,29907.70864,2026-05-25 14:15:00+00:00,29872.00528,SL,1,-1.0,-1.2847479185939332
2026-05-28,setup_or_fib_NDX100_20260528_SELL,SHORT,30041.95,29872.95,169.0,41.30119678835532,2026-05-28 13:47:00+00:00,29849.95,2026-05-28 14:12:00+00:00,29977.392,30009.164,29826.982,2026-05-28 14:12:00+00:00,30009.164,SL,0,-1.0,-1.0558038524486955
2026-05-29,setup_or_fib_NDX100_20260529_BUY,LONG,30387.56,30293.56,94.0,31.4616496609247,2026-05-29 13:47:00+00:00,30466.91,2026-05-29 14:19:00+00:00,30329.468,30311.796000000002,30413.128,2026-05-29 14:25:00+00:00,30311.796000000002,SL,6,-1.0,-1.1003282028067074
2026-06-01,setup_or_fib_NDX100_20260601_SELL,SHORT,30399.78,30248.28,151.5,44.56567249906531,2026-06-01 14:03:00+00:00,30235.58,2026-06-01 14:16:00+00:00,30341.907,30370.389,30207.072,2026-06-01 14:32:00+00:00,30370.389,SL,16,-1.0,-1.0622498420054771
2026-06-03,setup_or_fib_NDX100_20260603_SELL,SHORT,30759.83,30575.3,184.53000000000247,31.450566333248457,2026-06-03 13:45:00+00:00,30449.95,2026-06-03 14:43:00+00:00,30689.33954,30724.03118,30525.107839999997,2026-06-03 15:46:00+00:00,30525.107839999997,TP,63,4.734042553191477,4.6829351394168635
2026-06-04,setup_or_fib_NDX100_20260604_SELL,SHORT,30306.7,30153.45,153.25,52.947695844576025,2026-06-04 13:45:00+00:00,30131.33,2026-06-04 13:52:00+00:00,30248.1585,30276.9695,30111.766,2026-06-04 14:05:00+00:00,30111.766,TP,13,4.734042553191899,4.672503557669351
2026-06-08,setup_or_fib_NDX100_20260608_SELL,SHORT,29540.2,29355.2,185.0,63.85725953260531,2026-06-08 13:57:00+00:00,29288.95,2026-06-08 14:26:00+00:00,29469.530000000002,29504.31,29304.88,2026-06-08 14:35:00+00:00,29504.31,SL,9,-1.0,-1.0509775733180005
2026-06-09,setup_or_fib_NDX100_20260609_BUY,LONG,29729.95,29595.45,134.5,43.34216437843621,2026-06-09 13:45:00+00:00,29806.83,2026-06-09 13:57:00+00:00,29646.829,29621.543,29766.534,2026-06-09 14:00:00+00:00,29621.543,SL,3,-1.0,-1.070117851775686
2026-06-10,setup_or_fib_NDX100_20260610_BUY,LONG,29048.8,28733.55,315.25,91.29067502396417,2026-06-10 13:47:00+00:00,29212.76,2026-06-10 14:57:00+00:00,28853.9755,28794.7085,29134.548,2026-06-10 15:08:00+00:00,28794.7085,SL,11,-1.0,-1.0299154672920852
2026-06-11,setup_or_fib_NDX100_20260611_BUY,LONG,28749.45,28618.2,131.25,62.42035053346983,2026-06-11 13:45:00+00:00,29015.43,2026-06-11 14:55:00+00:00,28668.3375,28643.662500000002,28785.15,2026-06-11 14:56:00+00:00,28643.662500000002,SL,1,-1.0,-1.0718541033434672
2026-06-12,setup_or_fib_NDX100_20260612_SELL,SHORT,29471.33,29240.8,230.53000000000247,69.38011342220625,2026-06-12 13:45:00+00:00,29209.05,2026-06-12 13:58:00+00:00,29383.26754,29426.607180000003,29178.095839999998,2026-06-12 14:01:00+00:00,29426.607180000003,SL,3,-1.0,-1.0409094307197735
2026-06-16,setup_or_fib_NDX100_20260616_BUY,LONG,30538.28,30429.65,108.62999999999738,37.452007060439186,2026-06-16 13:47:00+00:00,30566.65,2026-06-16 14:16:00+00:00,30471.146660000002,30450.72422,30567.82736,2026-06-16 14:17:00+00:00,30450.72422,SL,1,-1.0,-1.0868162668123797
2026-06-17,setup_or_fib_NDX100_20260617_SELL,SHORT,30193.7,30063.58,130.11999999999898,39.773108150467074,2026-06-17 13:57:00+00:00,29985.95,2026-06-17 14:18:00+00:00,30143.994160000002,30168.456720000002,30028.187360000004,2026-06-17 14:22:00+00:00,30168.456720000002,SL,4,-1.0,-1.07247810531686
2026-06-18,setup_or_fib_NDX100_20260618_BUY,LONG,30305.7,30084.83,220.86999999999898,50.69881279311351,2026-06-18 14:23:00+00:00,30333.58,2026-06-18 14:30:00+00:00,30169.20234,30127.678780000002,30365.77664,2026-06-18 16:00:00+00:00,30323.4,TIME,90,3.71349807193819,3.670799420859138
2026-06-19,setup_or_fib_NDX100_20260619_BUY,LONG,30358.45,30314.7,43.75,39.93586165606222,2026-06-19 13:56:00+00:00,30374.45,2026-06-19 14:16:00+00:00,30331.412500000002,30323.1875,30370.350000000002,2026-06-19 14:55:00+00:00,30370.350000000002,TP,39,4.734042553190233,4.518480243159895
2026-06-22,setup_or_fib_NDX100_20260622_BUY,LONG,30609.83,30440.95,168.88000000000102,42.8368810558402,2026-06-22 13:58:00+00:00,30648.83,2026-06-22 14:20:00+00:00,30505.462160000003,30473.71272,30655.76536,2026-06-22 14:24:00+00:00,30473.71272,SL,4,-1.0,-1.055843504641336
2026-06-24,setup_or_fib_NDX100_20260624_SELL,SHORT,29532.62,29295.22,237.39999999999782,56.39973581244323,2026-06-24 13:48:00+00:00,29256.5,2026-06-24 13:51:00+00:00,29441.9332,29486.5644,29230.647200000003,2026-06-24 14:20:00+00:00,29230.647200000003,TP,29,4.734042553191429,4.69431698004977
2026-06-29,setup_or_fib_NDX100_20260629_BUY,LONG,29503.58,29267.58,236.0,52.88765958008685,2026-06-29 13:45:00+00:00,29545.95,2026-06-29 13:56:00+00:00,29357.732,29313.364,29567.772,2026-06-29 13:57:00+00:00,29313.364,SL,1,-1.0,-1.039961233321314
2026-07-01,setup_or_fib_NDX100_20260701_BUY,LONG,29992.4,29822.28,170.12000000000262,47.958646194822805,2026-07-01 13:59:00+00:00,30059.03,2026-07-01 14:45:00+00:00,29887.26584,29855.28328,30038.67264,2026-07-01 15:19:00+00:00,30038.67264,TP,34,4.734042553191454,4.67860609031919
2026-07-02,setup_or_fib_NDX100_20260702_BUY,LONG,29931.95,29752.95,179.0,73.71184916509341,2026-07-02 13:50:00+00:00,30036.83,2026-07-02 14:24:00+00:00,29821.328,29787.676,29980.638,2026-07-02 14:26:00+00:00,29787.676,SL,2,-1.0,-1.0526863187923423
2026-07-08,setup_or_fib_NDX100_20260708_BUY,LONG,29154.1,28970.85,183.25,74.51959112211722,2026-07-08 13:46:00+00:00,29167.35,2026-07-08 14:11:00+00:00,29040.851499999997,29006.400499999996,29203.944,2026-07-08 14:43:00+00:00,29006.400499999996,SL,32,-1.0,-1.0514643987112116
2026-07-09,setup_or_fib_NDX100_20260709_BUY,LONG,29653.98,29455.85,198.13000000000102,44.15769871350017,2026-07-09 13:45:00+00:00,29714.1,2026-07-09 14:15:00+00:00,29531.535659999998,29494.28722,29707.87136,2026-07-09 14:16:00+00:00,29494.28722,SL,1,-1.0,-1.0475993088569624
2026-07-10,setup_or_fib_NDX100_20260710_BUY,LONG,29725.5,29588.38,137.11999999999898,39.22534654879395,2026-07-10 13:49:00+00:00,29757.13,2026-07-10 14:21:00+00:00,29640.759840000002,29614.98128,29762.79664,2026-07-10 14:33:00+00:00,29614.98128,SL,12,-1.0,-1.0687780853546447
2026-07-13,setup_or_fib_NDX100_20260713_SELL,SHORT,29524.33,29340.7,183.63000000000102,41.09744405686022,2026-07-13 13:45:00+00:00,29281.05,2026-07-13 14:24:00+00:00,29454.18334,29488.705780000004,29290.75264,2026-07-13 14:29:00+00:00,29488.705780000004,SL,5,-1.0,-1.051357899383699
2026-07-14,setup_or_fib_NDX100_20260714_SELL,SHORT,29609.95,29481.2,128.75,69.12037691300057,2026-07-14 14:05:00+00:00,29365.09,2026-07-14 14:34:00+00:00,29560.7675,29584.9725,29446.18,2026-07-14 14:34:00+00:00,29584.9725,SL,0,-1.0,-1.073249328651111
2026-07-16,setup_or_fib_NDX100_20260716_SELL,SHORT,29334.08,29113.33,220.75,54.678032381653075,2026-07-16 13:47:00+00:00,29064.2,2026-07-16 14:06:00+00:00,29249.753500000003,29291.254500000003,29053.286,2026-07-16 14:09:00+00:00,29291.254500000003,SL,3,-1.0,-1.0427218621238041
2026-07-21,setup_or_fib_NDX100_20260721_SELL,SHORT,29071.7,28956.2,115.5,39.72853568765257,2026-07-21 13:46:00+00:00,28890.95,2026-07-21 14:27:00+00:00,29027.579,29049.293,28924.784,2026-07-21 14:31:00+00:00,29049.293,SL,4,-1.0,-1.0816523901630286
2026-07-24,setup_or_fib_NDX100_20260724_SELL,SHORT,28460.42,28297.79,162.62999999999738,48.77941700562,2026-07-24 13:50:00+00:00,28096.44,2026-07-24 15:39:00+00:00,28398.29534,28428.869779999997,28253.554640000002,2026-07-24 16:00:00+00:00,28416.47,TIME,21,-0.594439669213976,-0.6524292840687432
2026-07-28,setup_or_fib_NDX100_20260728_SELL,SHORT,27838.7,27577.83,260.869999999999,62.618624942413796,2026-07-28 13:45:00+00:00,27452.09,2026-07-28 15:18:00+00:00,27739.04766,27788.091220000002,27506.87336,2026-07-28 15:20:00+00:00,27788.091220000002,SL,2,-1.0,-1.0361515354921202
2026-08-05,setup_or_fib_NDX100_20260805_BUY,LONG,29932.83,29788.7,144.13000000000102,41.64567227708013,2026-08-05 13:48:00+00:00,29949.2,2026-08-05 14:01:00+00:00,29843.757660000003,29816.66122,29972.03336,2026-08-05 14:02:00+00:00,29816.66122,SL,1,-1.0,-1.0654329498635218
2026-08-07,setup_or_fib_NDX100_20260807_SELL,SHORT,29698.89,29571.52,127.36999999999898,52.02147407425161,2026-08-07 13:57:00+00:00,29451.02,2026-08-07 14:27:00+00:00,29650.23466,29674.18022,29536.875360000002,2026-08-07 15:23:00+00:00,29674.18022,SL,56,-1.0,-1.0740429541008851
2026-08-10,setup_or_fib_NDX100_20260810_BUY,LONG,29725.75,29606.0,119.75,36.351684605104246,2026-08-10 14:06:00+00:00,29785.0,2026-08-10 15:25:00+00:00,29651.7445,29629.231499999998,29758.322,2026-08-10 16:00:00+00:00,29731.81,TIME,35,3.556411850930182,3.47765735352869
2026-08-11,setup_or_fib_NDX100_20260811_SELL,SHORT,29728.83,29567.45,161.38000000000102,34.78724842170767,2026-08-11 13:46:00+00:00,29522.3,2026-08-11 14:06:00+00:00,29667.18284,29697.52228,29523.554640000002,2026-08-11 16:00:00+00:00,29553.95,TIME,114,3.73219940776763,3.6737606231361397
2026-08-14,setup_or_fib_NDX100_20260814_BUY,LONG,30171.07,30073.57,97.5,23.964089865133612,2026-08-14 13:48:00+00:00,30182.82,2026-08-14 14:16:00+00:00,30110.815,30092.485,30197.59,2026-08-14 14:18:00+00:00,30092.485,SL,2,-1.0,-1.0967266775777513
2026-08-20,setup_or_fib_NDX100_20260820_SELL,SHORT,29378.83,29248.08,130.75,52.34736361081203,2026-08-20 13:52:00+00:00,29215.95,2026-08-20 14:42:00+00:00,29328.883500000004,29353.464500000002,29212.516000000003,2026-08-20 15:01:00+00:00,29353.464500000002,SL,19,-1.0,-1.0721288800292958
2026-08-21,setup_or_fib_NDX100_20260821_SELL,SHORT,29388.15,29228.65,159.5,34.78280727828758,2026-08-21 13:48:00+00:00,29139.75,2026-08-21 15:36:00+00:00,29327.221,29357.207,29185.266000000003,2026-08-21 15:39:00+00:00,29357.207,SL,3,-1.0,-1.0591275928766815
2026-08-24,setup_or_fib_NDX100_20260824_SELL,SHORT,29162.83,28901.58,261.25,41.20923347585877,2026-08-24 13:45:00+00:00,28870.7,2026-08-24 15:35:00+00:00,29063.0325,29112.1475,28830.52,2026-08-24 15:46:00+00:00,29112.1475,SL,11,-1.0,-1.0360989514404984
2026-08-25,setup_or_fib_NDX100_20260825_BUY,LONG,29297.5,29202.5,95.0,38.07514098756727,2026-08-25 13:46:00+00:00,29337.13,2026-08-25 13:55:00+00:00,29238.79,29220.93,29323.34,2026-08-25 13:57:00+00:00,29220.93,SL,2,-1.0,-1.099272116461363
2026-08-26,setup_or_fib_NDX100_20260826_BUY,LONG,29243.45,29104.58,138.86999999999898,40.25934360922818,2026-08-26 13:45:00+00:00,29264.7,2026-08-26 14:21:00+00:00,29157.628340000003,29131.520780000003,29281.22264,2026-08-26 14:22:00+00:00,29131.520780000003,SL,1,-1.0,-1.0679113636050237
2026-08-27,setup_or_fib_NDX100_20260827_BUY,LONG,29521.75,29379.0,142.75,39.29882198548734,2026-08-27 13:45:00+00:00,29538.13,2026-08-27 13:47:00+00:00,29433.5305,29406.6935,29560.578,2026-08-27 13:49:00+00:00,29406.6935,SL,2,-1.0,-1.0660655065767422
2026-08-28,setup_or_fib_NDX100_20260828_SELL,SHORT,29645.31,29507.81,137.5,28.203789652444378,2026-08-28 14:10:00+00:00,29447.49,2026-08-28 14:22:00+00:00,29592.785,29618.635000000002,29470.41,2026-08-28 14:34:00+00:00,29618.635000000002,SL,12,-1.0,-1.068588007736938
2026-09-02,setup_or_fib_NDX100_20260902_SELL,SHORT,29068.5,28987.5,81.0,42.64489536290762,2026-09-02 13:54:00+00:00,28967.63,2026-09-02 14:05:00+00:00,29037.558,29052.786,28965.468,2026-09-02 14:07:00+00:00,29052.786,SL,2,-1.0,-1.1164302600472877
2026-09-03,setup_or_fib_NDX100_20260903_BUY,LONG,29312.75,29153.0,159.75,46.242914085977596,2026-09-03 13:50:00+00:00,29328.25,2026-09-03 14:02:00+00:00,29214.0245,29183.9915,29356.202,2026-09-03 15:02:00+00:00,29356.202,TP,60,4.73404255319163,4.675007491759205
2026-09-04,setup_or_fib_NDX100_20260904_BUY,LONG,29602.55,29513.05,89.5,38.644848881449,2026-09-04 13:53:00+00:00,29648.05,2026-09-04 14:20:00+00:00,29547.238999999998,29530.412999999997,29626.894,2026-09-04 14:26:00+00:00,29530.412999999997,SL,6,-1.0,-1.1053726375846846
2026-09-08,setup_or_fib_NDX100_20260908_SELL,SHORT,29657.7,29438.95,218.75,40.2586101913734,2026-09-08 13:53:00+00:00,29396.7,2026-09-08 15:13:00+00:00,29574.1375,29615.2625,29379.45,2026-09-08 15:43:00+00:00,29615.2625,SL,30,-1.0,-1.043112462006079
2026-09-09,setup_or_fib_NDX100_20260909_BUY,LONG,29475.13,29391.88,83.25,43.35508509863557,2026-09-09 13:52:00+00:00,29565.63,2026-09-09 15:09:00+00:00,29423.681500000002,29408.0305,29497.774,2026-09-09 15:10:00+00:00,29408.0305,SL,1,-1.0,-1.1132834962622076
2026-09-11,setup_or_fib_NDX100_20260911_BUY,LONG,29418.58,29326.58,92.0,50.270305531885874,2026-09-11 13:57:00+00:00,29451.75,2026-09-11 14:06:00+00:00,29361.724000000002,29344.428,29443.604000000003,2026-09-11 14:43:00+00:00,29344.428,SL,37,-1.0,-1.1025092506937897
2026-09-17,setup_or_fib_NDX100_20260917_BUY,LONG,29429.75,29299.75,130.0,37.42682140976181,2026-09-17 14:27:00+00:00,29442.56,2026-09-17 15:06:00+00:00,29349.41,29324.97,29465.11,2026-09-17 16:00:00+00:00,29437.55,TIME,54,3.6063829787235737,3.533837970540264
