day,setup_id,direction,range_high,range_low,range_points,atr,break_time,morning_extreme,entry_time,entry,stop,target,exit_time,exit_price,reason,bars_held,r_gross,r_net
2009-01-02,setup_or_fib_XAUUSD_20090102_BUY,LONG,874.6,872.1,2.5,2.158464009884062,2009-01-02 14:46:00+00:00,875.8,2009-01-02 14:56:00+00:00,873.0550000000001,872.585,875.8,2009-01-02 15:14:00+00:00,875.8,TP,18,5.840425531914322,5.492553191488811
2009-01-05,setup_or_fib_XAUUSD_20090105_BUY,LONG,853.4,848.7,4.699999999999932,3.2240226596983494,2009-01-05 14:47:00+00:00,854.9,2009-01-05 15:08:00+00:00,850.4954,849.6118,854.9,2009-01-05 15:19:00+00:00,849.6118,SL,11,-1.0,-1.1850384789497508
2009-01-06,setup_or_fib_XAUUSD_20090106_SELL,SHORT,848.6,846.8,1.8000000000000682,2.7899133259423516,2009-01-06 14:45:00+00:00,846.0,2009-01-06 14:54:00+00:00,847.9124,848.2508,846.0,2009-01-06 14:54:00+00:00,848.2508,SL,0,-1.0,-1.4831560283688248
2009-01-08,setup_or_fib_XAUUSD_20090108_SELL,SHORT,858.7,855.1,3.6000000000000227,3.653576156002833,2009-01-08 14:49:00+00:00,854.3,2009-01-08 15:06:00+00:00,857.3248,858.0016,854.3,2009-01-08 16:17:00+00:00,858.0016,SL,71,-1.0,-1.2415780141843717
2009-01-13,setup_or_fib_XAUUSD_20090113_BUY,LONG,824.6,821.5,3.1000000000000227,3.112971445755788,2009-01-13 14:48:00+00:00,830.1,2009-01-13 15:57:00+00:00,822.6842,822.1014,830.1,2009-01-13 16:13:00+00:00,822.1014,SL,16,-1.0,-1.2805422100205806
2009-01-14,setup_or_fib_XAUUSD_20090114_BUY,LONG,820.9,817.5,3.3999999999999773,2.7961771801116226,2009-01-14 14:54:00+00:00,823.3,2009-01-14 15:16:00+00:00,818.7988,818.1596,823.3,2009-01-14 15:16:00+00:00,818.1596,SL,0,-1.0,-1.2557884856069794
2009-01-15,setup_or_fib_XAUUSD_20090115_BUY,LONG,813.3,807.2,6.099999999999909,2.9518614423408422,2009-01-15 15:09:00+00:00,814.0,2009-01-15 15:19:00+00:00,809.5302,808.3834,814.0,2009-01-15 15:28:00+00:00,808.3834,SL,9,-1.0,-1.1425706313219413
2009-01-16,setup_or_fib_XAUUSD_20090116_SELL,SHORT,836.3,832.7,3.599999999999909,2.5351940247175637,2009-01-16 15:03:00+00:00,830.1,2009-01-16 15:35:00+00:00,834.9248,835.6016,830.1,2009-01-16 16:24:00+00:00,835.6016,SL,49,-1.0,-1.2415780141844124
2009-01-20,setup_or_fib_XAUUSD_20090120_SELL,SHORT,857.7,854.3,3.400000000000091,3.5139764400937663,2009-01-20 14:53:00+00:00,851.2,2009-01-20 15:26:00+00:00,856.4012,857.0404,851.2,2009-01-20 15:29:00+00:00,857.0404,SL,3,-1.0,-1.255788485607025
2009-01-23,setup_or_fib_XAUUSD_20090123_SELL,SHORT,880.3,878.3,2.0,3.8426599890256363,2009-01-23 14:45:00+00:00,878.0,2009-01-23 14:46:00+00:00,879.536,879.9119999999999,878.0,2009-01-23 14:48:00+00:00,878.0,TP,2,4.085106382978832,3.65026595744689
2009-01-27,setup_or_fib_XAUUSD_20090127_BUY,LONG,899.0,895.0,4.0,2.969306480319936,2009-01-27 14:49:00+00:00,899.7,2009-01-27 15:00:00+00:00,896.528,895.776,899.7,2009-01-27 15:00:00+00:00,895.776,SL,0,-1.0,-1.2174202127659384
2009-01-28,setup_or_fib_XAUUSD_20090128_SELL,SHORT,897.7,892.4,5.300000000000068,3.1450830827034553,2009-01-28 15:06:00+00:00,891.8,2009-01-28 15:31:00+00:00,895.6754,896.6718000000001,891.8,2009-01-28 15:32:00+00:00,896.6718000000001,SL,1,-1.0,-1.1640907266157992
2009-01-30,setup_or_fib_XAUUSD_20090130_SELL,SHORT,925.8,920.1,5.699999999999932,3.5569533465517735,2009-01-30 14:59:00+00:00,911.1,2009-01-30 16:45:00+00:00,923.6226,924.6942,911.1,2009-01-30 16:46:00+00:00,924.6942,SL,1,-1.0,-1.1525755879059365
2009-02-02,setup_or_fib_XAUUSD_20090202_BUY,LONG,919.0,913.3,5.7000000000000455,2.9989890921363855,2009-02-02 14:50:00+00:00,920.6,2009-02-02 15:41:00+00:00,915.4774,914.4057999999999,920.6,2009-02-02 15:41:00+00:00,914.4057999999999,SL,0,-1.0,-1.1525755879059203
2009-02-03,setup_or_fib_XAUUSD_20090203_SELL,SHORT,911.2,906.6,4.600000000000023,2.647115322477235,2009-02-03 14:57:00+00:00,903.7,2009-02-03 15:21:00+00:00,909.4428,910.3076,903.7,2009-02-03 15:23:00+00:00,910.3076,SL,2,-1.0,-1.1890610545791054
2009-02-04,setup_or_fib_XAUUSD_20090204_BUY,LONG,907.5,900.7,6.7999999999999545,2.54590284536969,2009-02-04 14:47:00+00:00,908.9,2009-02-04 15:58:00+00:00,903.2976,902.0192000000001,908.9,2009-02-04 17:00:00+00:00,906.3,TIME,61,2.348560700876216,2.220666458072704
2009-02-05,setup_or_fib_XAUUSD_20090205_BUY,LONG,921.8,916.8,5.0,2.761421827795426,2009-02-05 14:52:00+00:00,922.2,2009-02-05 15:02:00+00:00,918.7099999999999,917.77,922.2,2009-02-05 15:09:00+00:00,922.2,TP,7,3.7127659574471727,3.5388297872343957
2009-02-06,setup_or_fib_XAUUSD_20090206_BUY,LONG,911.7,906.1,5.600000000000023,2.852107611677212,2009-02-06 14:45:00+00:00,913.9,2009-02-06 15:40:00+00:00,908.2392,907.1864,913.9,2009-02-06 17:00:00+00:00,912.0,TIME,80,3.5721884498482654,3.4168882978725716
2009-02-09,setup_or_fib_XAUUSD_20090209_SELL,SHORT,898.6,895.6,3.0,2.568493919965418,2009-02-09 15:03:00+00:00,894.3,2009-02-09 15:33:00+00:00,897.4540000000001,898.0179999999999,894.3,2009-02-09 15:37:00+00:00,898.0179999999999,SL,4,-1.0,-1.2898936170213533
2009-02-10,setup_or_fib_XAUUSD_20090210_BUY,LONG,911.6,909.2,2.3999999999999773,2.7877614717962973,2009-02-10 14:46:00+00:00,912.2,2009-02-10 14:55:00+00:00,910.1168,909.6656,912.2,2009-02-10 14:59:00+00:00,909.6656,SL,4,-1.0,-1.3623670212766186
2009-02-12,setup_or_fib_XAUUSD_20090212_BUY,LONG,945.7,940.6,5.100000000000023,2.9548529102119527,2009-02-12 15:19:00+00:00,950.1,2009-02-12 15:51:00+00:00,942.5482000000001,941.5894000000001,950.1,2009-02-12 17:00:00+00:00,948.2,TIME,69,5.894659991656238,5.724134334584898
2009-02-13,setup_or_fib_XAUUSD_20090213_SELL,SHORT,940.2,934.2,6.0,2.7342067135324237,2009-02-13 14:48:00+00:00,932.2,2009-02-13 16:57:00+00:00,937.908,939.0360000000001,932.2,2009-02-13 17:00:00+00:00,938.3,TIME,3,-0.34751773049638673,-0.4924645390070196
2009-02-16,setup_or_fib_XAUUSD_20090216_SELL,SHORT,941.2,939.9,1.3000000000000682,1.1623501863535444,2009-02-16 14:50:00+00:00,939.0,2009-02-16 15:03:00+00:00,940.7034,940.9478,939.0,2009-02-16 15:04:00+00:00,941.0,SL,1,-1.2135842880522172,-1.8825695581012036
2009-02-17,setup_or_fib_XAUUSD_20090217_BUY,LONG,970.3,966.9,3.3999999999999773,2.494257540052645,2009-02-17 14:59:00+00:00,970.9,2009-02-17 15:05:00+00:00,968.1988,967.5595999999999,970.9,2009-02-17 15:06:00+00:00,967.5595999999999,SL,1,-1.0,-1.2557884856069794
2009-02-18,setup_or_fib_XAUUSD_20090218_SELL,SHORT,969.3,966.9,2.3999999999999773,2.808639783241096,2009-02-18 14:50:00+00:00,962.4,2009-02-18 15:42:00+00:00,968.6,968.8344,962.4,2009-02-18 15:42:00+00:00,968.8344,SL,0,-1.0,-1.6975255972698124
2009-02-19,setup_or_fib_XAUUSD_20090219_BUY,LONG,977.2,974.4,2.800000000000068,2.655173638386903,2009-02-19 14:50:00+00:00,981.5,2009-02-19 15:47:00+00:00,975.4696,974.9431999999999,981.5,2009-02-19 15:47:00+00:00,974.9431999999999,SL,0,-1.0,-1.3106003039513203
2009-02-20,setup_or_fib_XAUUSD_20090220_SELL,SHORT,997.2,991.5,5.7000000000000455,2.788746113145324,2009-02-20 15:01:00+00:00,988.6,2009-02-20 16:15:00+00:00,995.0226,996.0942000000001,988.6,2009-02-20 16:19:00+00:00,996.1,SL,4,-1.005412467338473,-1.1579880552443933
2009-03-04,setup_or_fib_XAUUSD_20090304_SELL,SHORT,918.5,910.5,8.0,2.813469232672532,2009-03-04 14:59:00+00:00,908.0,2009-03-04 15:33:00+00:00,915.444,916.948,908.0,2009-03-04 15:47:00+00:00,916.948,SL,14,-1.0,-1.1087101063829774
2009-03-05,setup_or_fib_XAUUSD_20090305_SELL,SHORT,915.8,912.6,3.199999999999932,2.282369543890819,2009-03-05 14:55:00+00:00,907.1,2009-03-05 15:58:00+00:00,914.5776,915.1791999999999,907.1,2009-03-05 16:25:00+00:00,915.1791999999999,SL,27,-1.0,-1.271775265957464
2009-03-09,setup_or_fib_XAUUSD_20090309_BUY,LONG,938.0,935.3,2.7000000000000455,2.0682364374705267,2009-03-09 13:46:00+00:00,938.5,2009-03-09 13:51:00+00:00,936.3313999999999,935.8238,938.5,2009-03-09 13:52:00+00:00,935.8238,SL,1,-1.0,-1.3221040189125859
2009-03-11,setup_or_fib_XAUUSD_20090311_SELL,SHORT,901.9,898.2,3.699999999999932,2.579594950294703,2009-03-11 13:45:00+00:00,893.4,2009-03-11 14:36:00+00:00,900.4866,901.1822,893.4,2009-03-11 14:37:00+00:00,901.1822,SL,1,-1.0,-1.2350488786658955
2009-03-18,setup_or_fib_XAUUSD_20090318_BUY,LONG,905.9,902.1,3.7999999999999545,2.1702771192330936,2009-03-18 14:10:00+00:00,906.6,2009-03-18 14:26:00+00:00,903.5516,902.8371999999999,906.6,2009-03-18 14:27:00+00:00,902.8371999999999,SL,1,-1.0,-1.2288633818588806
2009-03-19,setup_or_fib_XAUUSD_20090319_SELL,SHORT,957.1,948.5,8.600000000000023,3.664385768256182,2009-03-19 13:58:00+00:00,944.6,2009-03-19 14:33:00+00:00,953.8148,955.4316,944.6,2009-03-19 14:36:00+00:00,955.4316,SL,3,-1.0,-1.1011256803562586
2009-03-20,setup_or_fib_XAUUSD_20090320_BUY,LONG,955.5,946.5,9.0,3.2059097114419446,2009-03-20 13:51:00+00:00,958.2,2009-03-20 15:07:00+00:00,949.938,948.2460000000001,958.2,2009-03-20 16:00:00+00:00,954.3,TIME,53,2.5780141843973055,2.4813829787235404
2009-03-24,setup_or_fib_XAUUSD_20090324_BUY,LONG,923.3,920.7,2.599999999999909,3.26675767108275,2009-03-24 13:45:00+00:00,924.2,2009-03-24 13:54:00+00:00,921.6932,921.2044,924.2,2009-03-24 13:55:00+00:00,921.2044,SL,1,-1.0,-1.3344926350244932
2009-03-30,setup_or_fib_XAUUSD_20090330_BUY,LONG,927.7,915.1,12.600000000000023,2.1185958646353913,2009-03-30 13:46:00+00:00,931.8,2009-03-30 15:48:00+00:00,919.9132000000001,917.5444000000001,931.8,2009-03-30 15:48:00+00:00,917.5444000000001,SL,0,-1.0,-1.0690222897669717
2009-03-31,setup_or_fib_XAUUSD_20090331_SELL,SHORT,920.5,915.8,4.7000000000000455,2.339778113437999,2009-03-31 14:32:00+00:00,911.3,2009-03-31 15:24:00+00:00,918.7046,919.5882,911.3,2009-03-31 15:24:00+00:00,919.5882,SL,0,-1.0,-1.1850384789497508
2009-04-02,setup_or_fib_XAUUSD_20090402_SELL,SHORT,905.8,900.1,5.699999999999932,3.913741626272292,2009-04-02 14:02:00+00:00,896.3,2009-04-02 14:49:00+00:00,903.6226,904.6942,896.3,2009-04-02 14:53:00+00:00,904.6942,SL,4,-1.0,-1.1525755879059365
2009-04-03,setup_or_fib_XAUUSD_20090403_SELL,SHORT,908.4,903.2,5.199999999999932,2.889224199247697,2009-04-03 13:45:00+00:00,901.1,2009-04-03 14:05:00+00:00,906.4136,907.3912,901.1,2009-04-03 14:58:00+00:00,901.1,TP,53,5.435351882160052,5.268105564647787
2009-04-07,setup_or_fib_XAUUSD_20090407_BUY,LONG,881.1,876.5,4.600000000000023,2.1631650644610922,2009-04-07 13:47:00+00:00,882.3,2009-04-07 14:01:00+00:00,878.2572,877.3924000000001,882.3,2009-04-07 15:26:00+00:00,882.3,TP,79,4.674838112858692,4.485777058279587
2009-04-08,setup_or_fib_XAUUSD_20090408_SELL,SHORT,886.9,883.1,3.7999999999999545,1.8826593318831193,2009-04-08 13:46:00+00:00,878.1,2009-04-08 14:39:00+00:00,885.4484,886.1628000000001,878.1,2009-04-08 15:05:00+00:00,886.1628000000001,SL,26,-1.0,-1.2288633818588806
2009-04-09,setup_or_fib_XAUUSD_20090409_BUY,LONG,878.5,876.2,2.2999999999999545,2.266316879241124,2009-04-09 13:47:00+00:00,882.7,2009-04-09 14:15:00+00:00,877.0786,876.6462,882.7,2009-04-09 14:15:00+00:00,876.6462,SL,0,-1.0,-1.378122109158161
2009-04-13,setup_or_fib_XAUUSD_20090413_SELL,SHORT,897.79,894.68,3.1100000000000136,1.8409207967407948,2009-04-13 14:06:00+00:00,893.58,2009-04-13 14:46:00+00:00,896.6019799999999,897.18666,893.58,2009-04-13 14:48:00+00:00,897.18666,SL,2,-1.0,-1.279640145036578
2009-04-14,setup_or_fib_XAUUSD_20090414_SELL,SHORT,893.08,890.13,2.9500000000000455,2.0077083951865853,2009-04-14 13:45:00+00:00,886.03,2009-04-14 15:40:00+00:00,891.9531000000001,892.5077,886.03,2009-04-14 15:41:00+00:00,892.5077,SL,1,-1.0,-1.294807068157264
2009-04-15,setup_or_fib_XAUUSD_20090415_SELL,SHORT,894.54,889.28,5.259999999999991,2.5339806281131243,2009-04-15 14:21:00+00:00,887.58,2009-04-15 15:38:00+00:00,892.53068,893.51956,887.58,2009-04-15 16:00:00+00:00,891.76,TIME,22,0.7793463312029513,0.6140077663619181
2009-04-20,setup_or_fib_XAUUSD_20090420_BUY,LONG,877.18,874.94,2.2399999999998954,1.8205137547090293,2009-04-20 13:47:00+00:00,878.38,2009-04-20 14:05:00+00:00,875.7956800000001,875.37456,878.38,2009-04-20 14:18:00+00:00,878.38,TP,13,6.136778115500093,5.748527735560963
2009-04-22,setup_or_fib_XAUUSD_20090422_BUY,LONG,886.38,883.08,3.2999999999999545,1.7767244677153502,2009-04-22 13:48:00+00:00,888.68,2009-04-22 15:53:00+00:00,884.3406,883.7202,888.68,2009-04-22 16:00:00+00:00,885.48,TIME,7,1.8365570599613001,1.5730174081237835
2009-04-23,setup_or_fib_XAUUSD_20090423_SELL,SHORT,893.48,891.73,1.75,1.5882783327042516,2009-04-23 13:49:00+00:00,891.51,2009-04-23 13:55:00+00:00,892.8115,893.1405,891.51,2009-04-23 13:55:00+00:00,893.1405,SL,0,-1.0,-1.4969604863222625
2009-04-24,setup_or_fib_XAUUSD_20090424_BUY,LONG,908.78,906.48,2.2999999999999545,2.366349255876339,2009-04-24 13:47:00+00:00,910.87,2009-04-24 14:03:00+00:00,907.3586,906.9262,910.87,2009-04-24 14:03:00+00:00,906.9262,SL,0,-1.0,-1.378122109158161
2009-04-27,setup_or_fib_XAUUSD_20090427_BUY,LONG,908.59,906.18,2.410000000000082,1.7930210959124417,2009-04-27 13:47:00+00:00,908.78,2009-04-27 13:59:00+00:00,907.1006199999999,906.64754,908.78,2009-04-27 14:05:00+00:00,908.78,TP,6,3.706586033372603,3.3457226096945747
2009-04-30,setup_or_fib_XAUUSD_20090430_BUY,LONG,884.48,883.18,1.3000000000000682,2.5118614998550686,2009-04-30 13:47:00+00:00,884.88,2009-04-30 13:51:00+00:00,883.6766,883.4322,884.88,2009-04-30 13:52:00+00:00,883.4322,SL,1,-1.0,-1.6689852700489864
2009-05-01,setup_or_fib_XAUUSD_20090501_BUY,LONG,883.69,882.33,1.3600000000000136,1.8384389032648112,2009-05-01 14:01:00+00:00,886.11,2009-05-01 15:43:00+00:00,882.8495200000001,882.59384,886.11,2009-05-01 16:00:00+00:00,884.58,TIME,17,6.768147684602951,6.128676470585673
2009-05-06,setup_or_fib_XAUUSD_20090506_SELL,SHORT,912.18,907.11,5.069999999999936,2.501949659408415,2009-05-06 13:45:00+00:00,906.58,2009-05-06 13:57:00+00:00,910.24326,911.19642,906.58,2009-05-06 15:07:00+00:00,906.58,TP,70,3.843279197616167,3.671744512988197
2009-05-08,setup_or_fib_XAUUSD_20090508_BUY,LONG,913.4,910.48,2.919999999999959,1.873515065193264,2009-05-08 13:46:00+00:00,914.4,2009-05-08 14:00:00+00:00,911.59544,911.04648,914.4,2009-05-08 14:00:00+00:00,911.04648,SL,0,-1.0,-1.2978359078985289
2009-05-15,setup_or_fib_XAUUSD_20090515_BUY,LONG,928.63,926.86,1.7699999999999818,1.6002247292625555,2009-05-15 13:48:00+00:00,930.47,2009-05-15 14:03:00+00:00,927.53614,927.20338,930.47,2009-05-15 14:35:00+00:00,930.47,TP,32,8.816744801057565,8.325399687462191
2009-05-21,setup_or_fib_XAUUSD_20090521_SELL,SHORT,939.6,938.08,1.5199999999999818,1.2726535359106694,2009-05-21 13:48:00+00:00,936.03,2009-05-21 14:16:00+00:00,939.01936,939.30512,936.03,2009-05-21 14:16:00+00:00,939.30512,SL,0,-1.0,-1.5721584546472924
2009-05-22,setup_or_fib_XAUUSD_20090522_SELL,SHORT,959.48,958.1,1.3799999999999955,1.8437613292553903,2009-05-22 13:47:00+00:00,956.89,2009-05-22 14:00:00+00:00,958.95284,959.2122800000001,956.89,2009-05-22 14:01:00+00:00,959.2122800000001,SL,1,-1.0,-1.6302035152635463
2009-05-26,setup_or_fib_XAUUSD_20090526_BUY,LONG,948.54,945.04,3.5,1.888664181315535,2009-05-26 13:46:00+00:00,948.96,2009-05-26 14:01:00+00:00,946.377,945.7189999999999,948.96,2009-05-26 14:04:00+00:00,945.7189999999999,SL,3,-1.0,-1.2484802431610884
2009-05-27,setup_or_fib_XAUUSD_20090527_SELL,SHORT,954.68,952.15,2.5299999999999727,1.4651382011740273,2009-05-27 13:45:00+00:00,949.08,2009-05-27 14:40:00+00:00,953.71354,954.18918,949.08,2009-05-27 14:47:00+00:00,954.18918,SL,7,-1.0,-1.3437473719619892
2009-05-28,setup_or_fib_XAUUSD_20090528_BUY,LONG,959.22,957.49,1.7300000000000182,1.8246329941637254,2009-05-28 13:46:00+00:00,959.5,2009-05-28 13:59:00+00:00,958.15086,957.8256200000001,959.5,2009-05-28 14:00:00+00:00,957.8256200000001,SL,1,-1.0,-1.5027056942567123
2009-05-29,setup_or_fib_XAUUSD_20090529_SELL,SHORT,976.06,973.56,2.5,2.140993758542469,2009-05-29 13:55:00+00:00,973.32,2009-05-29 13:57:00+00:00,975.1049999999999,975.5749999999999,973.32,2009-05-29 13:58:00+00:00,975.5749999999999,SL,1,-1.0,-1.3478723404255117
2009-06-01,setup_or_fib_XAUUSD_20090601_BUY,LONG,982.38,978.13,4.25,2.3488557846164904,2009-06-01 13:45:00+00:00,984.78,2009-06-01 14:09:00+00:00,979.7535,978.9544999999999,984.78,2009-06-01 14:09:00+00:00,978.9544999999999,SL,0,-1.0,-1.2046307884855836
2009-06-02,setup_or_fib_XAUUSD_20090602_BUY,LONG,980.93,978.59,2.339999999999918,2.1082941199981247,2009-06-02 13:45:00+00:00,982.03,2009-06-02 14:01:00+00:00,979.48388,979.0439600000001,982.03,2009-06-02 14:01:00+00:00,979.0439600000001,SL,0,-1.0,-1.3716584833606824
2009-06-03,setup_or_fib_XAUUSD_20090603_SELL,SHORT,977.96,975.65,2.310000000000059,2.228390479189651,2009-06-03 13:48:00+00:00,973.57,2009-06-03 14:10:00+00:00,977.07758,977.5118600000001,973.57,2009-06-03 14:14:00+00:00,977.5118600000001,SL,4,-1.0,-1.3764852169106985
2009-06-04,setup_or_fib_XAUUSD_20090604_BUY,LONG,972.65,969.18,3.4700000000000273,2.5113376245950065,2009-06-04 13:45:00+00:00,974.5,2009-06-04 13:57:00+00:00,970.50554,969.85318,974.5,2009-06-04 14:08:00+00:00,969.85318,SL,11,-1.0,-1.2506284873382625
2009-06-05,setup_or_fib_XAUUSD_20090605_SELL,SHORT,960.63,956.45,4.17999999999995,3.468817992637377,2009-06-05 13:49:00+00:00,954.48,2009-06-05 13:56:00+00:00,959.03324,959.8190800000001,954.48,2009-06-05 13:57:00+00:00,959.8190800000001,SL,1,-1.0,-1.2080576198716975
2009-06-08,setup_or_fib_XAUUSD_20090608_SELL,SHORT,949.65,944.61,5.039999999999964,2.200272924926182,2009-06-08 13:45:00+00:00,943.29,2009-06-08 14:24:00+00:00,947.72472,948.67224,943.29,2009-06-08 14:31:00+00:00,948.67224,SL,7,-1.0,-1.1725557244174374
2009-06-11,setup_or_fib_XAUUSD_20090611_BUY,LONG,948.74,946.48,2.259999999999991,2.4647783844754336,2009-06-11 13:47:00+00:00,950.16,2009-06-11 13:57:00+00:00,947.3433200000001,946.91844,950.16,2009-06-11 14:01:00+00:00,946.91844,SL,4,-1.0,-1.384814535868924
2009-06-16,setup_or_fib_XAUUSD_20090616_BUY,LONG,934.93,932.83,2.099999999999909,1.527453308113999,2009-06-16 13:52:00+00:00,935.24,2009-06-16 13:57:00+00:00,933.51,933.2374,935.24,2009-06-16 14:24:00+00:00,935.24,TP,25,6.346294937637368,5.746515040351993
2009-06-17,setup_or_fib_XAUUSD_20090617_SELL,SHORT,933.66,931.81,1.8500000000000227,1.6872136149074117,2009-06-17 13:48:00+00:00,928.1,2009-06-17 15:02:00+00:00,932.9533,933.3011,928.1,2009-06-17 15:02:00+00:00,933.3011,SL,0,-1.0,-1.470097757331791
2009-06-18,setup_or_fib_XAUUSD_20090618_BUY,LONG,938.78,935.95,2.8299999999999272,1.619828948231893,2009-06-18 13:49:00+00:00,941.48,2009-06-18 14:36:00+00:00,937.03106,936.49902,941.48,2009-06-18 14:41:00+00:00,936.49902,SL,5,-1.0,-1.3073077212239381
2009-06-19,setup_or_fib_XAUUSD_20090619_SELL,SHORT,936.32,934.56,1.7600000000001046,1.2682190740149712,2009-06-19 13:54:00+00:00,932.66,2009-06-19 15:41:00+00:00,935.64768,935.97856,932.66,2009-06-19 15:49:00+00:00,935.97856,SL,8,-1.0,-1.4941368471953889
2009-06-23,setup_or_fib_XAUUSD_20090623_BUY,LONG,923.17,921.66,1.509999999999991,1.3883273300152819,2009-06-23 13:50:00+00:00,923.62,2009-06-23 13:55:00+00:00,922.23682,921.9529399999999,923.62,2009-06-23 14:00:00+00:00,921.9529399999999,SL,5,-1.0,-1.5759475834858434
2009-06-24,setup_or_fib_XAUUSD_20090624_SELL,SHORT,937.61,934.83,2.7799999999999727,2.2107777067992798,2009-06-24 13:48:00+00:00,933.3,2009-06-24 14:16:00+00:00,936.54804,937.07068,933.3,2009-06-24 14:18:00+00:00,937.07068,SL,2,-1.0,-1.3128348385121547
2009-06-25,setup_or_fib_XAUUSD_20090625_BUY,LONG,937.76,935.15,2.6100000000000136,1.833676116796977,2009-06-25 14:10:00+00:00,939.29,2009-06-25 14:45:00+00:00,936.14702,935.65634,939.29,2009-06-25 14:48:00+00:00,935.65634,SL,3,-1.0,-1.333211054047446
2009-06-30,setup_or_fib_XAUUSD_20090630_BUY,LONG,936.13,934.69,1.4399999999999409,1.587873920093283,2009-06-30 13:49:00+00:00,936.3,2009-06-30 14:00:00+00:00,935.24008,934.96936,936.3,2009-06-30 14:01:00+00:00,934.96936,SL,1,-1.0,-1.603945035461031
2009-07-01,setup_or_fib_XAUUSD_20090701_SELL,SHORT,939.96,938.19,1.7699999999999818,1.6042055136987994,2009-07-01 14:00:00+00:00,937.68,2009-07-01 14:20:00+00:00,939.28386,939.61662,937.68,2009-07-01 14:22:00+00:00,939.61662,SL,2,-1.0,-1.491345113595373
2009-07-02,setup_or_fib_XAUUSD_20090702_SELL,SHORT,931.28,928.92,2.3600000000000136,1.967449694663815,2009-07-02 14:04:00+00:00,927.74,2009-07-02 15:09:00+00:00,930.37848,930.8221599999999,927.74,2009-07-02 16:00:00+00:00,929.04,TIME,51,3.0167688424091423,2.6482600072125813
2009-07-06,setup_or_fib_XAUUSD_20090706_BUY,LONG,923.17,920.65,2.519999999999982,1.2750860836341644,2009-07-06 13:48:00+00:00,925.47,2009-07-06 14:19:00+00:00,921.6126399999999,921.13888,925.47,2009-07-06 16:00:00+00:00,923.66,TIME,72,4.321513002364393,3.976401553529518
2009-07-08,setup_or_fib_XAUUSD_20090708_BUY,LONG,918.9,916.45,2.449999999999932,1.579594103261477,2009-07-08 13:47:00+00:00,919.34,2009-07-08 13:59:00+00:00,917.3859,916.9253000000001,919.34,2009-07-08 14:01:00+00:00,916.9253000000001,SL,2,-1.0,-1.3549717759445083
2009-07-09,setup_or_fib_XAUUSD_20090709_SELL,SHORT,913.28,910.32,2.9599999999999227,1.3340388846385245,2009-07-09 13:49:00+00:00,909.86,2009-07-09 14:07:00+00:00,912.14928,912.70576,909.86,2009-07-09 14:07:00+00:00,912.70576,SL,0,-1.0,-1.2938110983323334
2009-07-10,setup_or_fib_XAUUSD_20090710_BUY,LONG,909.6,908.46,1.1399999999999864,1.51639665528064,2009-07-10 13:45:00+00:00,913.18,2009-07-10 15:23:00+00:00,908.89548,908.6811600000001,913.18,2009-07-10 15:23:00+00:00,908.6811600000001,SL,0,-1.0,-1.7628779395299254
2009-07-13,setup_or_fib_XAUUSD_20090713_SELL,SHORT,912.09,908.75,3.340000000000032,1.3373785675772698,2009-07-13 13:49:00+00:00,907.73,2009-07-13 14:18:00+00:00,910.81412,911.4420400000001,907.73,2009-07-13 15:00:00+00:00,911.4420400000001,SL,42,-1.0,-1.2603834883424097
2009-07-15,setup_or_fib_XAUUSD_20090715_SELL,SHORT,940.0,937.81,2.1900000000000546,1.630069368123715,2009-07-15 14:04:00+00:00,937.04,2009-07-15 14:22:00+00:00,939.16342,939.57514,937.04,2009-07-15 14:28:00+00:00,939.57514,SL,6,-1.0,-1.3971145438647052
2009-07-16,setup_or_fib_XAUUSD_20090716_BUY,LONG,937.03,936.08,0.9499999999999318,1.2139164622607397,2009-07-16 13:45:00+00:00,937.66,2009-07-16 14:00:00+00:00,936.4429,936.2643,937.66,2009-07-16 14:00:00+00:00,936.2643,SL,0,-1.0,-1.9154535274358135
2009-07-17,setup_or_fib_XAUUSD_20090717_SELL,SHORT,939.62,937.69,1.92999999999995,1.2184728042870947,2009-07-17 13:51:00+00:00,937.11,2009-07-17 14:25:00+00:00,938.88274,939.24558,937.11,2009-07-17 14:38:00+00:00,939.24558,SL,13,-1.0,-1.4506118399294385
2009-07-24,setup_or_fib_XAUUSD_20090724_SELL,SHORT,953.91,950.72,3.189999999999941,1.131033888040536,2009-07-24 14:00:00+00:00,950.53,2009-07-24 14:29:00+00:00,952.74,953.29114,950.53,2009-07-24 15:27:00+00:00,953.29114,SL,58,-1.0,-1.2966578364843606
2009-07-30,setup_or_fib_XAUUSD_20090730_SELL,SHORT,933.87,932.03,1.8400000000000318,0.9573244212291413,2009-07-30 13:45:00+00:00,931.31,2009-07-30 14:09:00+00:00,933.16712,933.5130399999999,931.31,2009-07-30 14:10:00+00:00,933.5130399999999,SL,1,-1.0,-1.4726526364477635
2009-07-31,setup_or_fib_XAUUSD_20090731_BUY,LONG,941.45,935.41,6.040000000000077,1.3990524272126328,2009-07-31 13:45:00+00:00,941.79,2009-07-31 14:06:00+00:00,937.71728,936.5817599999999,941.79,2009-07-31 15:43:00+00:00,941.79,TP,97,3.5866563336619808,3.442669437790491
2009-08-03,setup_or_fib_XAUUSD_20090803_SELL,SHORT,960.58,956.39,4.190000000000055,1.3422301969383816,2009-08-03 13:51:00+00:00,956.18,2009-08-03 14:05:00+00:00,958.97942,959.76714,956.18,2009-08-03 14:05:00+00:00,959.76714,SL,0,-1.0,-1.207561062306394
2009-08-04,setup_or_fib_XAUUSD_20090804_BUY,LONG,959.19,957.26,1.9300000000000637,1.4772746427989742,2009-08-04 13:52:00+00:00,960.85,2009-08-04 14:33:00+00:00,957.99726,957.63442,960.85,2009-08-04 14:33:00+00:00,957.63442,SL,0,-1.0,-1.4506118399294385
2009-08-10,setup_or_fib_XAUUSD_20090810_SELL,SHORT,946.83,945.33,1.5,1.803459050204299,2009-08-10 13:47:00+00:00,943.78,2009-08-10 14:39:00+00:00,946.2570000000001,946.539,943.78,2009-08-10 14:40:00+00:00,946.539,SL,1,-1.0,-1.5797872340427066
2009-08-13,setup_or_fib_XAUUSD_20090813_SELL,SHORT,956.41,955.23,1.17999999999995,1.522935817212185,2009-08-13 13:49:00+00:00,952.28,2009-08-13 14:36:00+00:00,955.95924,956.18108,952.28,2009-08-13 14:43:00+00:00,956.18108,SL,7,-1.0,-1.7370176703933113
2009-08-14,setup_or_fib_XAUUSD_20090814_SELL,SHORT,956.63,955.47,1.1599999999999682,1.2518006481434023,2009-08-14 13:45:00+00:00,954.26,2009-08-14 13:54:00+00:00,956.18688,956.40496,954.26,2009-08-14 13:56:00+00:00,954.26,TP,2,8.8356566397657,8.085931768158904
2009-08-17,setup_or_fib_XAUUSD_20090817_BUY,LONG,932.68,930.96,1.7199999999999136,1.5494721817612418,2009-08-17 13:51:00+00:00,933.58,2009-08-17 14:05:00+00:00,931.61704,931.29368,933.58,2009-08-17 14:08:00+00:00,931.29368,SL,3,-1.0,-1.5056284017813282
2009-08-18,setup_or_fib_XAUUSD_20090818_SELL,SHORT,937.6,935.48,2.1200000000000045,1.0453579594436682,2009-08-18 13:56:00+00:00,934.96,2009-08-18 14:15:00+00:00,936.79016,937.1887200000001,934.96,2009-08-18 14:16:00+00:00,937.1887200000001,SL,1,-1.0,-1.4102268165394511
2009-08-20,setup_or_fib_XAUUSD_20090820_SELL,SHORT,941.34,939.87,1.4700000000000273,1.4524998667360096,2009-08-20 13:51:00+00:00,938.76,2009-08-20 15:12:00+00:00,940.77846,941.0548200000001,938.76,2009-08-20 15:34:00+00:00,941.0548200000001,SL,22,-1.0,-1.5916196265738884
2009-08-21,setup_or_fib_XAUUSD_20090821_SELL,SHORT,954.06,952.41,1.6499999999999773,1.7958546572918834,2009-08-21 13:50:00+00:00,951.59,2009-08-21 14:00:00+00:00,953.4296999999999,953.7398999999999,951.59,2009-08-21 14:03:00+00:00,953.7398999999999,SL,3,-1.0,-1.5270793036750332
2009-08-26,setup_or_fib_XAUUSD_20090826_SELL,SHORT,944.6,941.72,2.8799999999999955,1.3506157398930818,2009-08-26 13:52:00+00:00,940.01,2009-08-26 14:09:00+00:00,943.4998400000001,944.04128,940.01,2009-08-26 14:14:00+00:00,944.04128,SL,5,-1.0,-1.3019725177305155
2009-08-27,setup_or_fib_XAUUSD_20090827_SELL,SHORT,946.26,942.54,3.7200000000000273,1.3346378747793946,2009-08-27 13:50:00+00:00,941.48,2009-08-27 15:28:00+00:00,944.8389599999999,945.53832,941.48,2009-08-27 16:00:00+00:00,945.33,TIME,32,-0.702127659574558,-0.9359128345916933
2009-08-31,setup_or_fib_XAUUSD_20090831_SELL,SHORT,948.9,947.17,1.7300000000000182,1.520552812556864,2009-08-31 13:58:00+00:00,946.87,2009-08-31 14:03:00+00:00,948.23914,948.5643799999999,946.87,2009-08-31 14:06:00+00:00,948.5643799999999,SL,3,-1.0,-1.5027056942567123
2009-09-01,setup_or_fib_XAUUSD_20090901_BUY,LONG,954.15,951.34,2.8099999999999454,1.3358564045996812,2009-09-01 13:45:00+00:00,956.27,2009-09-01 15:10:00+00:00,952.41342,951.88514,956.27,2009-09-01 15:11:00+00:00,951.88514,SL,1,-1.0,-1.3094949647914014
2009-09-02,setup_or_fib_XAUUSD_20090902_BUY,LONG,964.96,963.43,1.5300000000000864,1.8174285924326226,2009-09-02 13:46:00+00:00,966.61,2009-09-02 14:04:00+00:00,964.01446,963.72682,966.61,2009-09-02 14:19:00+00:00,963.72682,SL,15,-1.0,-1.5684188569044435
2009-09-03,setup_or_fib_XAUUSD_20090903_BUY,LONG,984.83,982.67,2.160000000000082,2.0908550354595614,2009-09-03 13:52:00+00:00,985.83,2009-09-03 14:01:00+00:00,983.49512,983.0890400000001,985.83,2009-09-03 14:02:00+00:00,983.0890400000001,SL,1,-1.0,-1.4026300236406872
2009-09-04,setup_or_fib_XAUUSD_20090904_SELL,SHORT,989.71,987.46,2.25,1.8865144509505938,2009-09-04 13:45:00+00:00,985.57,2009-09-04 14:02:00+00:00,988.8505,989.2735,985.57,2009-09-04 14:02:00+00:00,989.2735,SL,0,-1.0,-1.3865248226950337
2009-09-07,setup_or_fib_XAUUSD_20090907_SELL,SHORT,995.31,993.88,1.42999999999995,0.6950253404236254,2009-09-07 14:00:00+00:00,992.68,2009-09-07 14:34:00+00:00,994.76374,995.0325799999999,992.68,2009-09-07 14:44:00+00:00,995.0325799999999,SL,10,-1.0,-1.608168427317466
2009-09-08,setup_or_fib_XAUUSD_20090908_SELL,SHORT,1004.66,1000.44,4.219999999999914,1.8516213451065422,2009-09-08 14:06:00+00:00,998.67,2009-09-08 14:28:00+00:00,1003.04796,1003.84132,998.67,2009-09-08 14:31:00+00:00,1003.86,SL,3,-1.023545427044491,-1.2296309367752545
2009-09-09,setup_or_fib_XAUUSD_20090909_BUY,LONG,999.35,994.91,4.440000000000055,2.0282817882348305,2009-09-09 14:07:00+00:00,1001.84,2009-09-09 15:14:00+00:00,996.60608,995.77136,1001.84,2009-09-09 16:00:00+00:00,998.33,TIME,46,2.065267395054503,1.8693933294996006
2009-09-11,setup_or_fib_XAUUSD_20090911_BUY,LONG,1009.25,1006.75,2.5,2.1033794135622967,2009-09-11 13:49:00+00:00,1011.57,2009-09-11 14:03:00+00:00,1007.705,1007.235,1011.57,2009-09-11 14:03:00+00:00,1007.235,SL,0,-1.0,-1.3478723404255117
2009-09-14,setup_or_fib_XAUUSD_20090914_BUY,LONG,1002.58,999.75,2.830000000000041,1.6434036806758798,2009-09-14 13:45:00+00:00,1003.07,2009-09-14 13:54:00+00:00,1000.83106,1000.29902,1003.07,2009-09-14 13:56:00+00:00,1000.29902,SL,2,-1.0,-1.3073077212240038
2009-09-15,setup_or_fib_XAUUSD_20090915_SELL,SHORT,999.37,995.42,3.9500000000000455,1.9780781003696408,2009-09-15 14:02:00+00:00,994.38,2009-09-15 14:37:00+00:00,997.8611,998.6036999999999,994.38,2009-09-15 14:43:00+00:00,998.6036999999999,SL,6,-1.0,-1.2201723673579539
2009-09-17,setup_or_fib_XAUUSD_20090917_BUY,LONG,1017.31,1015.2,2.1099999999999,2.1832454853757524,2009-09-17 13:53:00+00:00,1019.66,2009-09-17 14:28:00+00:00,1015.68,1015.6093400000001,1019.66,2009-09-17 14:28:00+00:00,1015.6093400000001,SL,0,-1.0,-3.31389753750807
2009-09-21,setup_or_fib_XAUUSD_20090921_BUY,LONG,999.13,996.51,2.6200000000000045,1.863981662225274,2009-09-21 13:45:00+00:00,999.79,2009-09-21 13:56:00+00:00,997.51084,997.01828,999.79,2009-09-21 14:01:00+00:00,997.01828,SL,5,-1.0,-1.3319392561312153
2009-09-23,setup_or_fib_XAUUSD_20090923_SELL,SHORT,1012.29,1010.02,2.269999999999982,1.519982582047006,2009-09-23 13:59:00+00:00,1009.57,2009-09-23 14:19:00+00:00,1011.42286,1011.84962,1009.57,2009-09-23 14:30:00+00:00,1009.57,TP,11,4.341690880120452,3.958571562471138
2009-09-29,setup_or_fib_XAUUSD_20090929_SELL,SHORT,993.08,990.31,2.7700000000000955,1.5928152564540785,2009-09-29 14:00:00+00:00,988.15,2009-09-29 14:37:00+00:00,992.0218600000001,992.5426199999999,988.15,2009-09-29 14:40:00+00:00,992.5426199999999,SL,3,-1.0,-1.3139642061602985
2009-09-30,setup_or_fib_XAUUSD_20090930_SELL,SHORT,1002.66,997.88,4.779999999999973,1.4856523582085792,2009-09-30 13:49:00+00:00,994.32,2009-09-30 15:21:00+00:00,1000.83404,1001.73268,994.32,2009-09-30 15:34:00+00:00,1001.73268,SL,13,-1.0,-1.1819416006409684
2009-10-05,setup_or_fib_XAUUSD_20091005_BUY,LONG,1004.92,1002.51,2.409999999999968,1.2544544645143898,2009-10-05 13:45:00+00:00,1006.49,2009-10-05 14:08:00+00:00,1003.43062,1002.97754,1006.49,2009-10-05 14:09:00+00:00,1002.97754,SL,1,-1.0,-1.3608634236779378
2009-10-07,setup_or_fib_XAUUSD_20091007_SELL,SHORT,1044.2,1040.6,3.6000000000001364,2.1120538811690883,2009-10-07 13:46:00+00:00,1038.57,2009-10-07 14:17:00+00:00,1042.8248,1043.5016,1038.57,2009-10-07 14:48:00+00:00,1038.57,TP,31,6.2866430260053585,6.045065011820946
2009-10-08,setup_or_fib_XAUUSD_20091008_SELL,SHORT,1048.05,1045.23,2.8199999999999363,2.3773135944090886,2009-10-08 13:51:00+00:00,1042.82,2009-10-08 14:16:00+00:00,1046.9727599999999,1047.50292,1042.82,2009-10-08 14:27:00+00:00,1047.50292,SL,11,-1.0,-1.308397464916238
2009-10-09,setup_or_fib_XAUUSD_20091009_BUY,LONG,1050.43,1046.11,4.320000000000164,1.8054676765310402,2009-10-09 14:09:00+00:00,1052.22,2009-10-09 14:21:00+00:00,1047.76024,1046.9480800000001,1052.22,2009-10-09 14:22:00+00:00,1046.9480800000001,SL,1,-1.0,-1.2013150118203437
2009-10-12,setup_or_fib_XAUUSD_20091012_SELL,SHORT,1055.1,1053.52,1.5799999999999272,1.634959900976315,2009-10-12 13:48:00+00:00,1052.91,2009-10-12 13:54:00+00:00,1054.49644,1054.79348,1052.91,2009-10-12 13:54:00+00:00,1054.79348,SL,0,-1.0,-1.5504309183945475
2009-10-13,setup_or_fib_XAUUSD_20091013_SELL,SHORT,1061.34,1055.59,5.75,2.163511405690091,2009-10-13 14:03:00+00:00,1055.08,2009-10-13 14:13:00+00:00,1059.1435,1060.2245,1055.08,2009-10-13 14:24:00+00:00,1055.08,TP,11,3.759019426456507,3.6077705827932505
2009-10-15,setup_or_fib_XAUUSD_20091015_BUY,LONG,1054.96,1052.73,2.230000000000018,2.1393778797021987,2009-10-15 14:18:00+00:00,1055.57,2009-10-15 14:36:00+00:00,1053.58186,1053.16262,1055.57,2009-10-15 14:54:00+00:00,1055.57,TP,18,4.742247877111416,4.352256464078258
2009-10-16,setup_or_fib_XAUUSD_20091016_BUY,LONG,1047.99,1045.57,2.4200000000000728,2.0502235457909883,2009-10-16 13:48:00+00:00,1049.74,2009-10-16 13:56:00+00:00,1046.49444,1046.0394800000001,1049.74,2009-10-16 13:56:00+00:00,1046.0394800000001,SL,0,-1.0,-1.3593722525058722
2009-10-19,setup_or_fib_XAUUSD_20091019_SELL,SHORT,1052.83,1051.65,1.1799999999998363,1.449374430974589,2009-10-19 13:46:00+00:00,1047.89,2009-10-19 14:23:00+00:00,1052.37924,1052.60108,1047.89,2009-10-19 14:23:00+00:00,1052.60108,SL,0,-1.0,-1.7370176703933113
2009-10-21,setup_or_fib_XAUUSD_20091021_SELL,SHORT,1056.43,1053.4,3.0299999999999727,2.0326999922882485,2009-10-21 13:59:00+00:00,1053.37,2009-10-21 14:06:00+00:00,1055.2725400000002,1055.84218,1053.37,2009-10-21 14:15:00+00:00,1055.84218,SL,9,-1.0,-1.2870233831894151
2009-10-22,setup_or_fib_XAUUSD_20091022_SELL,SHORT,1056.24,1053.76,2.480000000000018,1.6769293485083236,2009-10-22 13:48:00+00:00,1051.45,2009-10-22 14:21:00+00:00,1055.29264,1055.75888,1051.45,2009-10-22 14:21:00+00:00,1055.75888,SL,0,-1.0,-1.3506777625255888
2009-10-23,setup_or_fib_XAUUSD_20091023_SELL,SHORT,1065.54,1064.05,1.490000000000009,1.7394646583726598,2009-10-23 13:45:00+00:00,1063.88,2009-10-23 13:53:00+00:00,1064.97082,1065.25094,1063.88,2009-10-23 13:53:00+00:00,1065.25094,SL,0,-1.0,-1.583678423532986
2009-10-26,setup_or_fib_XAUUSD_20091026_BUY,LONG,1056.06,1054.34,1.7200000000000273,1.3595822717811903,2009-10-26 13:45:00+00:00,1059.54,2009-10-26 14:38:00+00:00,1054.99704,1054.6736799999999,1059.54,2009-10-26 14:38:00+00:00,1054.6736799999999,SL,0,-1.0,-1.5056284017811503
2009-10-27,setup_or_fib_XAUUSD_20091027_SELL,SHORT,1040.38,1036.33,4.050000000000182,1.6174718060843472,2009-10-27 13:59:00+00:00,1032.32,2009-10-27 14:41:00+00:00,1038.8329,1039.5943,1032.32,2009-10-27 14:43:00+00:00,1039.5943,SL,2,-1.0,-1.2147360126083906
2009-10-28,setup_or_fib_XAUUSD_20091028_SELL,SHORT,1039.53,1033.9,5.629999999999882,1.6637349919405817,2009-10-28 14:03:00+00:00,1032.98,2009-10-28 14:11:00+00:00,1037.37934,1038.43778,1032.98,2009-10-28 14:52:00+00:00,1032.98,TP,41,4.156437776349969,4.001965156267586
2009-10-29,setup_or_fib_XAUUSD_20091029_SELL,SHORT,1039.01,1036.49,2.519999999999982,1.51274972396101,2009-10-29 13:57:00+00:00,1036.21,2009-10-29 14:02:00+00:00,1038.04736,1038.52112,1036.21,2009-10-29 14:03:00+00:00,1038.52112,SL,1,-1.0,-1.345111448834792
2009-10-30,setup_or_fib_XAUUSD_20091030_SELL,SHORT,1044.93,1040.94,3.990000000000009,1.3042171501986848,2009-10-30 13:59:00+00:00,1040.89,2009-10-30 14:07:00+00:00,1043.40582,1044.15594,1040.89,2009-10-30 14:16:00+00:00,1040.89,TP,9,3.353890044258705,3.135924918678842
2009-11-04,setup_or_fib_XAUUSD_20091104_BUY,LONG,1092.13,1089.77,2.3600000000001273,2.2408453357164064,2009-11-04 14:48:00+00:00,1093.11,2009-11-04 15:00:00+00:00,1090.67152,1090.22784,1093.11,2009-11-04 15:00:00+00:00,1090.22784,SL,0,-1.0,-1.368508835196467
2009-11-05,setup_or_fib_XAUUSD_20091105_BUY,LONG,1090.18,1088.05,2.130000000000109,2.0033182169201313,2009-11-05 14:46:00+00:00,1090.75,2009-11-05 15:03:00+00:00,1088.86366,1088.46322,1090.75,2009-11-05 15:11:00+00:00,1088.46322,SL,8,-1.0,-1.4083008690441643
2009-11-06,setup_or_fib_XAUUSD_20091106_BUY,LONG,1099.82,1093.38,6.439999999999827,2.3907890489845487,2009-11-06 14:45:00+00:00,1100.94,2009-11-06 14:52:00+00:00,1095.84008,1094.6293600000001,1100.94,2009-11-06 15:25:00+00:00,1094.6293600000001,SL,33,-1.0,-1.1350436104136594
2009-11-09,setup_or_fib_XAUUSD_20091109_SELL,SHORT,1108.43,1105.84,2.5900000000001455,1.4918823881581234,2009-11-09 15:10:00+00:00,1104.83,2009-11-09 16:49:00+00:00,1107.44062,1107.92754,1104.83,2009-11-09 16:50:00+00:00,1107.92754,SL,1,-1.0,-1.3357841123799763
2009-11-10,setup_or_fib_XAUUSD_20091110_BUY,LONG,1105.28,1101.03,4.25,1.7488760548136113,2009-11-10 15:20:00+00:00,1109.04,2009-11-10 16:07:00+00:00,1102.6535,1101.8545,1109.04,2009-11-10 16:14:00+00:00,1101.8545,SL,7,-1.0,-1.2046307884856127
2009-11-11,setup_or_fib_XAUUSD_20091111_BUY,LONG,1116.32,1114.46,1.8599999999999,1.6444278517331696,2009-11-11 15:14:00+00:00,1118.43,2009-11-11 15:44:00+00:00,1115.17052,1114.82084,1118.43,2009-11-11 15:49:00+00:00,1114.82084,SL,5,-1.0,-1.4675703500345745
2009-11-12,setup_or_fib_XAUUSD_20091112_BUY,LONG,1113.78,1110.18,3.599999999999909,1.5530287566134109,2009-11-12 14:48:00+00:00,1116.91,2009-11-12 15:20:00+00:00,1111.5552,1110.8784,1116.91,2009-11-12 16:12:00+00:00,1110.8784,SL,52,-1.0,-1.2415780141844124
2009-11-13,setup_or_fib_XAUUSD_20091113_BUY,LONG,1106.42,1102.95,3.4700000000000273,1.5861936883553545,2009-11-13 14:46:00+00:00,1107.25,2009-11-13 14:56:00+00:00,1104.27554,1103.62318,1107.25,2009-11-13 15:20:00+00:00,1107.25,TP,24,4.559537678581928,4.308909191243666
2009-11-17,setup_or_fib_XAUUSD_20091117_BUY,LONG,1134.47,1131.02,3.4500000000000455,1.801676727128681,2009-11-17 14:54:00+00:00,1135.99,2009-11-17 15:41:00+00:00,1132.3379,1131.6893,1135.99,2009-11-17 15:56:00+00:00,1135.99,TP,15,5.630743139068899,5.378661732963437
2009-11-18,setup_or_fib_XAUUSD_20091118_BUY,LONG,1151.67,1146.88,4.789999999999964,1.8357341434175496,2009-11-18 14:48:00+00:00,1152.78,2009-11-18 14:53:00+00:00,1148.7097800000001,1147.80926,1152.78,2009-11-18 15:03:00+00:00,1147.80926,SL,10,-1.0,-1.1815617643139233
2009-11-20,setup_or_fib_XAUUSD_20091120_SELL,SHORT,1144.06,1138.54,5.519999999999982,2.1959115602131005,2009-11-20 15:05:00+00:00,1137.44,2009-11-20 16:23:00+00:00,1141.95136,1142.98912,1137.44,2009-11-20 16:52:00+00:00,1142.98912,SL,29,-1.0,-1.157550878815921
2009-11-23,setup_or_fib_XAUUSD_20091123_BUY,LONG,1170.32,1168.08,2.240000000000009,1.6497594993291287,2009-11-23 14:45:00+00:00,1173.55,2009-11-23 15:51:00+00:00,1168.9356799999998,1168.51456,1173.55,2009-11-23 15:52:00+00:00,1168.51456,SL,1,-1.0,-1.3882503799394437
2009-11-24,setup_or_fib_XAUUSD_20091124_SELL,SHORT,1169.74,1165.48,4.259999999999991,1.7970110225067115,2009-11-24 14:45:00+00:00,1162.46,2009-11-24 15:38:00+00:00,1168.11268,1168.91356,1162.46,2009-11-24 15:39:00+00:00,1168.91356,SL,1,-1.0,-1.2041504345220242
2009-11-25,setup_or_fib_XAUUSD_20091125_BUY,LONG,1180.27,1178.43,1.8399999999999181,1.7620415421470428,2009-11-25 14:59:00+00:00,1180.72,2009-11-25 15:15:00+00:00,1179.1328800000001,1178.78696,1180.72,2009-11-25 15:16:00+00:00,1178.78696,SL,1,-1.0,-1.4726526364474526
2009-11-26,setup_or_fib_XAUUSD_20091126_SELL,SHORT,1186.09,1183.15,2.939999999999827,1.598224475524822,2009-11-26 14:55:00+00:00,1180.36,2009-11-26 16:40:00+00:00,1184.96692,1185.51964,1180.36,2009-11-26 16:41:00+00:00,1185.51964,SL,1,-1.0,-1.295809813287066
2009-12-01,setup_or_fib_XAUUSD_20091201_SELL,SHORT,1196.23,1194.11,2.1200000000001182,1.9339093516555568,2009-12-01 14:49:00+00:00,1191.0,2009-12-01 15:31:00+00:00,1195.42016,1195.81872,1191.0,2009-12-01 16:00:00+00:00,1195.9,SL,29,-1.2039341629869733,-1.6141609795264245
2009-12-02,setup_or_fib_XAUUSD_20091202_SELL,SHORT,1213.08,1211.1,1.9800000000000182,2.3408990614483343,2009-12-02 14:46:00+00:00,1210.79,2009-12-02 14:50:00+00:00,1212.3236399999998,1212.69588,1210.79,2009-12-02 14:50:00+00:00,1212.69588,SL,0,-1.0,-1.4392327530623668
2009-12-03,setup_or_fib_XAUUSD_20091203_BUY,LONG,1214.33,1208.51,5.819999999999936,2.9310295069414707,2009-12-03 14:45:00+00:00,1215.56,2009-12-03 14:55:00+00:00,1210.73324,1209.63908,1215.56,2009-12-03 15:00:00+00:00,1209.63908,SL,5,-1.0,-1.1494296994954896
2009-12-07,setup_or_fib_XAUUSD_20091207_BUY,LONG,1143.33,1137.24,6.089999999999918,3.2109788258150624,2009-12-07 14:46:00+00:00,1145.98,2009-12-07 15:09:00+00:00,1139.56638,1138.42146,1145.98,2009-12-07 17:00:00+00:00,1145.48,TIME,111,5.165094504419752,5.022289766970842
2009-12-08,setup_or_fib_XAUUSD_20091208_SELL,SHORT,1150.23,1145.24,4.990000000000009,3.2343011340357863,2009-12-08 15:50:00+00:00,1144.97,2009-12-08 16:02:00+00:00,1148.32382,1149.2619399999999,1144.97,2009-12-08 16:02:00+00:00,1149.2619399999999,SL,0,-1.0,-1.1742847396921876
2009-12-09,setup_or_fib_XAUUSD_20091209_BUY,LONG,1139.42,1134.83,4.5900000000001455,2.665833812126281,2009-12-09 14:49:00+00:00,1143.68,2009-12-09 15:31:00+00:00,1136.58338,1135.72046,1143.68,2009-12-09 15:46:00+00:00,1143.68,TP,15,8.22396050618803,8.03448755388655
2009-12-14,setup_or_fib_XAUUSD_20091214_BUY,LONG,1123.59,1120.8,2.7899999999999636,2.0749979762882393,2009-12-14 14:51:00+00:00,1125.45,2009-12-14 15:17:00+00:00,1121.8657799999999,1121.34126,1125.45,2009-12-14 15:18:00+00:00,1121.34126,SL,1,-1.0,-1.3117135666895812
2009-12-15,setup_or_fib_XAUUSD_20091215_BUY,LONG,1125.74,1120.65,5.089999999999918,2.213818625884902,2009-12-15 15:15:00+00:00,1127.43,2009-12-15 16:11:00+00:00,1122.59438,1121.6374600000001,1127.43,2009-12-15 16:11:00+00:00,1121.6374600000001,SL,0,-1.0,-1.170860678008637
2009-12-18,setup_or_fib_XAUUSD_20091218_BUY,LONG,1107.4,1101.72,5.680000000000064,2.408587058611242,2009-12-18 14:47:00+00:00,1108.1,2009-12-18 15:21:00+00:00,1103.88976,1102.82192,1108.1,2009-12-18 15:22:00+00:00,1102.82192,SL,1,-1.0,-1.153112825891529
2009-12-23,setup_or_fib_XAUUSD_20091223_SELL,SHORT,1088.65,1086.96,1.6900000000000546,1.9797057771541433,2009-12-23 14:53:00+00:00,1084.43,2009-12-23 15:04:00+00:00,1088.00442,1088.32214,1084.43,2009-12-23 15:07:00+00:00,1088.32214,SL,3,-1.0,-1.5146040538839092
2009-12-24,setup_or_fib_XAUUSD_20091224_SELL,SHORT,1102.61,1100.25,2.3599999999999,1.5963183333091893,2009-12-24 14:54:00+00:00,1099.4,2009-12-24 15:00:00+00:00,1101.70848,1102.1521599999999,1099.4,2009-12-24 15:03:00+00:00,1102.1521599999999,SL,3,-1.0,-1.3685088351966557
2009-12-29,setup_or_fib_XAUUSD_20091229_SELL,SHORT,1106.39,1098.92,7.470000000000027,1.467602489132188,2009-12-29 14:45:00+00:00,1097.38,2009-12-29 15:08:00+00:00,1103.53646,1104.94082,1097.38,2009-12-29 15:14:00+00:00,1104.94082,SL,6,-1.0,-1.1164231393659747
2009-12-30,setup_or_fib_XAUUSD_20091230_SELL,SHORT,1090.0,1087.42,2.5799999999999272,1.8069214274455345,2009-12-30 14:49:00+00:00,1085.99,2009-12-30 14:55:00+00:00,1089.01444,1089.49948,1085.99,2009-12-30 14:56:00+00:00,1089.49948,SL,1,-1.0,-1.3370856011875127
2010-01-04,setup_or_fib_XAUUSD_20100104_BUY,LONG,1123.15,1120.5,2.650000000000091,2.309847631931594,2010-01-04 14:45:00+00:00,1123.4,2010-01-04 14:53:00+00:00,1121.5123,1121.0140999999999,1123.4,2010-01-04 14:59:00+00:00,1121.0140999999999,SL,6,-1.0,-1.328181453231486
2010-01-06,setup_or_fib_XAUUSD_20100106_SELL,SHORT,1130.6,1127.85,2.75,2.27149911820174,2010-01-06 14:56:00+00:00,1127.5,2010-01-06 15:01:00+00:00,1129.5494999999999,1130.0665,1127.5,2010-01-06 15:01:00+00:00,1130.0665,SL,0,-1.0,-1.3162475822049968
2010-01-11,setup_or_fib_XAUUSD_20100111_SELL,SHORT,1156.96,1155.21,1.75,2.192623680939927,2010-01-11 14:51:00+00:00,1152.43,2010-01-11 15:49:00+00:00,1156.2915,1156.6205000000002,1152.43,2010-01-11 15:49:00+00:00,1156.6205000000002,SL,0,-1.0,-1.4969604863219192
2010-01-12,setup_or_fib_XAUUSD_20100112_BUY,LONG,1150.11,1146.69,3.4199999999998454,2.2427826342049455,2010-01-12 14:56:00+00:00,1153.54,2010-01-12 16:13:00+00:00,1147.99644,1147.3534800000002,1153.54,2010-01-12 16:36:00+00:00,1147.3534800000002,SL,23,-1.0,-1.2542926465100201
2010-01-14,setup_or_fib_XAUUSD_20100114_SELL,SHORT,1140.23,1137.42,2.8099999999999454,2.3165063812939195,2010-01-14 15:24:00+00:00,1136.98,2010-01-14 15:39:00+00:00,1139.15658,1139.68486,1136.98,2010-01-14 15:40:00+00:00,1139.68486,SL,1,-1.0,-1.3094949647914014
2010-01-18,setup_or_fib_XAUUSD_20100118_BUY,LONG,1134.97,1133.8,1.1700000000000728,1.2116972352615598,2010-01-18 14:45:00+00:00,1135.92,2010-01-18 15:04:00+00:00,1134.23,1134.0269799999999,1135.92,2010-01-18 15:04:00+00:00,1134.0269799999999,SL,0,-1.0,-1.8053393754303915
2010-01-19,setup_or_fib_XAUUSD_20100119_BUY,LONG,1134.16,1132.43,1.7300000000000182,2.039574823417221,2010-01-19 14:45:00+00:00,1136.45,2010-01-19 15:01:00+00:00,1133.09086,1132.7656200000001,1136.45,2010-01-19 15:02:00+00:00,1132.7656200000001,SL,1,-1.0,-1.5027056942567123
2010-01-21,setup_or_fib_XAUUSD_20100121_SELL,SHORT,1109.99,1107.17,2.8199999999999363,2.1694358256668544,2010-01-21 14:59:00+00:00,1105.09,2010-01-21 15:07:00+00:00,1108.91276,1109.44292,1105.09,2010-01-21 15:08:00+00:00,1109.44292,SL,1,-1.0,-1.308397464916238
2010-01-22,setup_or_fib_XAUUSD_20100122_SELL,SHORT,1091.84,1086.66,5.179999999999836,2.4203171414807803,2010-01-22 14:48:00+00:00,1082.15,2010-01-22 15:41:00+00:00,1089.86124,1090.8350799999998,1082.15,2010-01-22 16:01:00+00:00,1090.8350799999998,SL,20,-1.0,-1.1678920561899488
2010-01-25,setup_or_fib_XAUUSD_20100125_BUY,LONG,1097.7,1094.53,3.1700000000000728,1.9292613548688096,2010-01-25 14:47:00+00:00,1098.32,2010-01-25 15:00:00+00:00,1095.74094,1095.14498,1098.32,2010-01-25 15:01:00+00:00,1095.14498,SL,1,-1.0,-1.274347271629025
2010-01-29,setup_or_fib_XAUUSD_20100129_SELL,SHORT,1080.93,1077.2,3.730000000000018,2.571574615675092,2010-01-29 15:13:00+00:00,1076.88,2010-01-29 15:22:00+00:00,1079.50514,1080.20638,1076.88,2010-01-29 15:23:00+00:00,1080.20638,SL,1,-1.0,-1.2331584051109137
2010-02-01,setup_or_fib_XAUUSD_20100201_BUY,LONG,1088.91,1085.7,3.2100000000000364,1.847006115931771,2010-02-01 14:49:00+00:00,1089.26,2010-02-01 15:02:00+00:00,1086.92622,1086.32274,1089.26,2010-02-01 15:02:00+00:00,1086.32274,SL,0,-1.0,-1.2709286140385805
2010-02-02,setup_or_fib_XAUUSD_20100202_SELL,SHORT,1113.87,1109.35,4.519999999999982,2.321158853566102,2010-02-02 15:08:00+00:00,1108.55,2010-02-02 15:20:00+00:00,1112.1433599999998,1112.9931199999999,1108.55,2010-02-02 15:25:00+00:00,1112.9931199999999,SL,5,-1.0,-1.192407267934462
2010-02-03,setup_or_fib_XAUUSD_20100203_BUY,LONG,1115.52,1112.27,3.25,2.048575944785138,2010-02-03 14:45:00+00:00,1118.13,2010-02-03 15:20:00+00:00,1113.5115,1112.9005,1118.13,2010-02-03 15:22:00+00:00,1112.9005,SL,2,-1.0,-1.2675941080195945
2010-02-05,setup_or_fib_XAUUSD_20100205_SELL,SHORT,1062.3,1056.48,5.819999999999936,3.650769803092516,2010-02-05 15:06:00+00:00,1053.36,2010-02-05 15:27:00+00:00,1060.07676,1061.17092,1053.36,2010-02-05 15:28:00+00:00,1061.17092,SL,1,-1.0,-1.1494296994954896
2010-02-09,setup_or_fib_XAUUSD_20100209_SELL,SHORT,1076.86,1073.59,3.269999999999982,2.3167808840964597,2010-02-09 14:46:00+00:00,1070.68,2010-02-09 15:18:00+00:00,1075.63,1076.22562,1070.68,2010-02-09 16:02:00+00:00,1076.22562,SL,44,-1.0,-1.2745038783117553
2010-02-10,setup_or_fib_XAUUSD_20100210_SELL,SHORT,1074.86,1071.16,3.699999999999818,2.3488825867646295,2010-02-10 14:45:00+00:00,1070.59,2010-02-10 14:50:00+00:00,1073.4466,1074.1422,1070.59,2010-02-10 15:00:00+00:00,1070.59,TP,10,4.106670500287547,3.8716216216216512
2010-02-11,setup_or_fib_XAUUSD_20100211_SELL,SHORT,1079.68,1075.95,3.730000000000018,2.812867025798123,2010-02-11 14:45:00+00:00,1074.68,2010-02-11 15:09:00+00:00,1078.25514,1078.95638,1074.68,2010-02-11 15:10:00+00:00,1078.95638,SL,1,-1.0,-1.2331584051109137
2010-02-15,setup_or_fib_XAUUSD_20100215_SELL,SHORT,1101.01,1098.88,2.1299999999998818,1.3903880883717432,2010-02-15 14:52:00+00:00,1097.88,2010-02-15 16:33:00+00:00,1100.19634,1100.59678,1097.88,2010-02-15 16:36:00+00:00,1100.59678,SL,3,-1.0,-1.4083008690439323
2010-02-16,setup_or_fib_XAUUSD_20100216_SELL,SHORT,1117.65,1114.59,3.060000000000173,2.0026824860755816,2010-02-16 14:46:00+00:00,1113.7,2010-02-16 15:12:00+00:00,1116.48108,1117.05636,1113.7,2010-02-16 15:12:00+00:00,1117.05636,SL,0,-1.0,-1.2842094284522219
2010-02-17,setup_or_fib_XAUUSD_20100217_BUY,LONG,1122.11,1119.15,2.959999999999809,2.2823543624500418,2010-02-17 14:48:00+00:00,1122.93,2010-02-17 14:56:00+00:00,1120.28072,1119.7242400000002,1122.93,2010-02-17 14:58:00+00:00,1119.7242400000002,SL,2,-1.0,-1.2938110983325135
2010-02-18,setup_or_fib_XAUUSD_20100218_SELL,SHORT,1119.74,1115.68,4.059999999999945,2.845594955345505,2010-02-18 15:29:00+00:00,1114.38,2010-02-18 15:40:00+00:00,1118.18908,1118.95236,1114.38,2010-02-18 15:52:00+00:00,1118.95236,SL,12,-1.0,-1.2142071061733866
2010-02-19,setup_or_fib_XAUUSD_20100219_SELL,SHORT,1116.82,1113.2,3.619999999999891,2.4252195397170997,2010-02-19 14:58:00+00:00,1110.7,2010-02-19 15:29:00+00:00,1115.43716,1116.11772,1110.7,2010-02-19 15:48:00+00:00,1116.11772,SL,19,-1.0,-1.2402433290231525
2010-02-24,setup_or_fib_XAUUSD_20100224_BUY,LONG,1098.44,1095.13,3.3099999999999454,2.41728604711053,2010-02-24 14:47:00+00:00,1103.79,2010-02-24 16:23:00+00:00,1096.39442,1095.77214,1103.79,2010-02-24 17:00:00+00:00,1099.19,TIME,37,4.492479269781715,4.229735810245834
2010-02-26,setup_or_fib_XAUUSD_20100226_SELL,SHORT,1112.08,1110.17,1.9099999999998545,1.9082020604113359,2010-02-26 15:00:00+00:00,1106.67,2010-02-26 15:19:00+00:00,1111.35038,1111.7094599999998,1106.67,2010-02-26 15:21:00+00:00,1111.7094599999998,SL,2,-1.0,-1.455330288515447
2010-03-01,setup_or_fib_XAUUSD_20100301_SELL,SHORT,1118.83,1114.48,4.349999999999909,2.0229381764878838,2010-03-01 14:55:00+00:00,1112.84,2010-03-01 15:11:00+00:00,1117.1683,1117.9860999999999,1112.84,2010-03-01 15:27:00+00:00,1112.84,TP,16,5.292614331133714,5.0926876987052
2010-03-03,setup_or_fib_XAUUSD_20100303_BUY,LONG,1139.65,1135.25,4.400000000000091,1.9032103437240595,2010-03-03 14:47:00+00:00,1140.4,2010-03-03 15:00:00+00:00,1136.9308,1136.1036000000001,1140.4,2010-03-03 15:04:00+00:00,1136.1036000000001,SL,4,-1.0,-1.1976547388781555
2010-03-05,setup_or_fib_XAUUSD_20100305_BUY,LONG,1135.63,1133.37,2.2600000000002183,1.854690636827988,2010-03-05 14:48:00+00:00,1136.63,2010-03-05 15:04:00+00:00,1134.23332,1133.80844,1136.63,2010-03-05 15:10:00+00:00,1136.63,TP,6,5.640839766522054,5.2560252306531305
2010-03-10,setup_or_fib_XAUUSD_20100310_SELL,SHORT,1124.52,1121.92,2.599999999999909,1.7401614955882925,2010-03-10 14:55:00+00:00,1118.77,2010-03-10 15:47:00+00:00,1123.5268,1124.0156,1118.77,2010-03-10 15:48:00+00:00,1124.0156,SL,1,-1.0,-1.3344926350246489
2010-03-11,setup_or_fib_XAUUSD_20100311_SELL,SHORT,1105.62,1102.15,3.4699999999998,2.287138151461634,2010-03-11 14:49:00+00:00,1101.41,2010-03-11 14:56:00+00:00,1104.29446,1104.9468200000001,1101.41,2010-03-11 15:01:00+00:00,1104.9468200000001,SL,5,-1.0,-1.2506284873382625
2010-03-12,setup_or_fib_XAUUSD_20100312_SELL,SHORT,1110.47,1107.29,3.1800000000000637,2.054090902605139,2010-03-12 15:01:00+00:00,1105.25,2010-03-12 15:36:00+00:00,1109.25524,1109.8530799999999,1105.25,2010-03-12 15:38:00+00:00,1109.8530799999999,SL,2,-1.0,-1.273484544359738
2010-03-15,setup_or_fib_XAUUSD_20100315_BUY,LONG,1104.53,1103.11,1.4200000000000728,1.4209333959601629,2010-03-15 13:45:00+00:00,1108.36,2010-03-15 14:47:00+00:00,1103.6524399999998,1103.38548,1108.36,2010-03-15 14:49:00+00:00,1103.38548,SL,2,-1.0,-1.6124513035662462
2010-03-16,setup_or_fib_XAUUSD_20100316_BUY,LONG,1123.74,1121.75,1.990000000000009,1.9414219050692447,2010-03-16 14:01:00+00:00,1126.22,2010-03-16 15:31:00+00:00,1122.51018,1122.13606,1126.22,2010-03-16 15:32:00+00:00,1122.13606,SL,1,-1.0,-1.4370255532984677
2010-03-17,setup_or_fib_XAUUSD_20100317_SELL,SHORT,1127.73,1124.8,2.9300000000000637,1.8757527104718412,2010-03-17 13:54:00+00:00,1123.52,2010-03-17 14:01:00+00:00,1126.61074,1127.1615800000002,1123.52,2010-03-17 14:02:00+00:00,1127.1615800000002,SL,1,-1.0,-1.2968194030933993
2010-03-18,setup_or_fib_XAUUSD_20100318_BUY,LONG,1125.5,1123.36,2.1400000000001,1.4727219340674895,2010-03-18 13:57:00+00:00,1127.11,2010-03-18 14:09:00+00:00,1124.1774799999998,1123.77516,1127.11,2010-03-18 14:33:00+00:00,1123.77516,SL,24,-1.0,-1.4063929210579473
2010-03-22,setup_or_fib_XAUUSD_20100322_SELL,SHORT,1098.06,1095.55,2.509999999999991,2.016800560828257,2010-03-22 13:59:00+00:00,1092.41,2010-03-22 14:46:00+00:00,1097.1011799999999,1097.57306,1092.41,2010-03-22 15:02:00+00:00,1097.57306,SL,16,-1.0,-1.3464863948461065
2010-03-24,setup_or_fib_XAUUSD_20100324_BUY,LONG,1091.93,1089.27,2.660000000000082,1.7695186817913342,2010-03-24 13:49:00+00:00,1093.16,2010-03-24 15:05:00+00:00,1090.28612,1089.78604,1093.16,2010-03-24 15:21:00+00:00,1089.78604,SL,16,-1.0,-1.3269476883698443
2010-03-29,setup_or_fib_XAUUSD_20100329_SELL,SHORT,1111.92,1110.04,1.8800000000001091,1.3539491333939688,2010-03-29 14:00:00+00:00,1106.89,2010-03-29 14:50:00+00:00,1111.20184,1111.5552800000003,1106.89,2010-03-29 14:52:00+00:00,1111.5552800000003,SL,2,-1.0,-1.4625961973739603
2010-03-31,setup_or_fib_XAUUSD_20100331_SELL,SHORT,1117.86,1116.31,1.5499999999999545,1.637869547976877,2010-03-31 13:47:00+00:00,1114.62,2010-03-31 14:36:00+00:00,1117.2678999999998,1117.5593,1114.62,2010-03-31 14:37:00+00:00,1117.5593,SL,1,-1.0,-1.5610844200410516
2010-04-01,setup_or_fib_XAUUSD_20100401_BUY,LONG,1124.32,1122.46,1.8599999999999,1.8418145711898557,2010-04-01 13:45:00+00:00,1125.34,2010-04-01 14:02:00+00:00,1123.17052,1122.82084,1125.34,2010-04-01 14:06:00+00:00,1122.82084,SL,4,-1.0,-1.4675703500345745
2010-04-05,setup_or_fib_XAUUSD_20100405_BUY,LONG,1130.44,1126.6,3.8400000000001455,1.4346134115518514,2010-04-05 13:45:00+00:00,1130.94,2010-04-05 14:00:00+00:00,1128.0668799999999,1127.34496,1130.94,2010-04-05 14:15:00+00:00,1127.34496,SL,15,-1.0,-1.2264793882978866
2010-04-06,setup_or_fib_XAUUSD_20100406_BUY,LONG,1134.01,1131.83,2.1800000000000637,1.7217218873687439,2010-04-06 13:46:00+00:00,1135.17,2010-04-06 14:00:00+00:00,1132.66276,1132.25292,1135.17,2010-04-06 14:00:00+00:00,1132.25292,SL,0,-1.0,-1.3989361702127359
2010-04-07,setup_or_fib_XAUUSD_20100407_BUY,LONG,1142.45,1141.29,1.1600000000000819,1.8239488081313646,2010-04-07 13:54:00+00:00,1143.01,2010-04-07 14:00:00+00:00,1141.73312,1141.51504,1143.01,2010-04-07 14:00:00+00:00,1141.51504,SL,0,-1.0,-1.7497248716064062
2010-04-09,setup_or_fib_XAUUSD_20100409_SELL,SHORT,1157.27,1154.39,2.8799999999998818,1.1978740367789675,2010-04-09 13:49:00+00:00,1151.51,2010-04-09 14:37:00+00:00,1156.16984,1156.71128,1151.51,2010-04-09 14:37:00+00:00,1156.71128,SL,0,-1.0,-1.3019725177305155
2010-04-12,setup_or_fib_XAUUSD_20100412_SELL,SHORT,1161.88,1159.62,2.2600000000002183,1.6016685857859616,2010-04-12 13:56:00+00:00,1158.24,2010-04-12 14:34:00+00:00,1161.01668,1161.44156,1158.24,2010-04-12 14:42:00+00:00,1161.44156,SL,8,-1.0,-1.384814535868924
2010-04-14,setup_or_fib_XAUUSD_20100414_SELL,SHORT,1157.12,1155.04,2.0799999999999272,1.572214026872294,2010-04-14 13:49:00+00:00,1152.73,2010-04-14 14:30:00+00:00,1156.3254399999998,1156.7164799999998,1152.73,2010-04-14 14:37:00+00:00,1156.7164799999998,SL,7,-1.0,-1.4181157937807138
2010-04-16,setup_or_fib_XAUUSD_20100416_SELL,SHORT,1150.41,1148.66,1.75,1.739403567774857,2010-04-16 13:51:00+00:00,1147.26,2010-04-16 14:00:00+00:00,1149.7415,1150.0705000000003,1147.26,2010-04-16 14:03:00+00:00,1150.0705000000003,SL,3,-1.0,-1.4969604863219192
2010-04-19,setup_or_fib_XAUUSD_20100419_SELL,SHORT,1135.07,1132.05,3.019999999999982,1.7680783739597352,2010-04-19 13:45:00+00:00,1130.94,2010-04-19 13:55:00+00:00,1133.91636,1134.48412,1130.94,2010-04-19 13:58:00+00:00,1134.48412,SL,3,-1.0,-1.2879737917429217
2010-04-20,setup_or_fib_XAUUSD_20100420_BUY,LONG,1143.54,1139.92,3.619999999999891,1.4070345743237032,2010-04-20 13:55:00+00:00,1145.79,2010-04-20 14:19:00+00:00,1141.30284,1140.62228,1145.79,2010-04-20 14:20:00+00:00,1140.62228,SL,1,-1.0,-1.2402433290231525
2010-04-21,setup_or_fib_XAUUSD_20100421_SELL,SHORT,1144.44,1141.56,2.880000000000109,1.590791200736843,2010-04-21 14:33:00+00:00,1140.51,2010-04-21 14:46:00+00:00,1143.33984,1143.88128,1140.51,2010-04-21 15:25:00+00:00,1140.51,TP,39,5.226507092199102,4.924534574468587
2010-04-26,setup_or_fib_XAUUSD_20100426_BUY,LONG,1154.9,1152.17,2.730000000000018,1.3662114279129272,2010-04-26 14:04:00+00:00,1156.24,2010-04-26 15:54:00+00:00,1153.21286,1152.69962,1156.24,2010-04-26 15:54:00+00:00,1152.69962,SL,0,-1.0,-1.3185644143090975
2010-04-27,setup_or_fib_XAUUSD_20100427_BUY,LONG,1149.9,1147.85,2.050000000000182,1.6705372398893858,2010-04-27 13:47:00+00:00,1150.6,2010-04-27 13:55:00+00:00,1148.6331,1148.2477,1150.6,2010-04-27 14:09:00+00:00,1150.6,TP,14,5.103528801243629,4.679294239749208
2010-04-28,setup_or_fib_XAUUSD_20100428_SELL,SHORT,1165.37,1163.18,2.189999999999827,1.7191569013755172,2010-04-28 13:52:00+00:00,1160.81,2010-04-28 14:09:00+00:00,1164.53342,1164.9451399999998,1160.81,2010-04-28 14:11:00+00:00,1164.9451399999998,SL,2,-1.0,-1.3971145438649244
2010-04-29,setup_or_fib_XAUUSD_20100429_BUY,LONG,1167.04,1163.11,3.9300000000000637,1.6801784280898169,2010-04-29 13:45:00+00:00,1169.5,2010-04-29 15:06:00+00:00,1164.61126,1163.87242,1169.5,2010-04-29 15:07:00+00:00,1163.87242,SL,1,-1.0,-1.2212928374208272
2010-05-03,setup_or_fib_XAUUSD_20100503_BUY,LONG,1184.83,1183.15,1.6799999999998363,1.1541862930007278,2010-05-03 13:50:00+00:00,1187.44,2010-05-03 14:37:00+00:00,1183.79176,1183.47592,1187.44,2010-05-03 14:37:00+00:00,1183.47592,SL,0,-1.0,-1.5176671732523124
2010-05-06,setup_or_fib_XAUUSD_20100506_BUY,LONG,1183.59,1180.41,3.1799999999998363,2.2471549991091417,2010-05-06 13:52:00+00:00,1187.45,2010-05-06 14:46:00+00:00,1181.62476,1181.02692,1187.45,2010-05-06 15:29:00+00:00,1187.45,TP,43,9.743811053126324,9.470326508766586
2010-05-07,setup_or_fib_XAUUSD_20100507_SELL,SHORT,1202.83,1198.31,4.519999999999982,2.976195823458708,2010-05-07 13:45:00+00:00,1197.68,2010-05-07 13:48:00+00:00,1201.1033599999998,1201.95312,1197.68,2010-05-07 13:54:00+00:00,1201.95312,SL,6,-1.0,-1.192407267934462
2010-05-10,setup_or_fib_XAUUSD_20100510_SELL,SHORT,1200.74,1196.42,4.319999999999936,2.6213620607595365,2010-05-10 13:45:00+00:00,1193.6,2010-05-10 14:15:00+00:00,1199.08976,1199.90192,1193.6,2010-05-10 14:21:00+00:00,1199.90192,SL,6,-1.0,-1.2013150118203437
2010-05-11,setup_or_fib_XAUUSD_20100511_BUY,LONG,1222.2,1219.62,2.5800000000001546,2.2590305808219338,2010-05-11 13:45:00+00:00,1224.33,2010-05-11 14:20:00+00:00,1220.60556,1220.12052,1224.33,2010-05-11 14:22:00+00:00,1220.12052,SL,2,-1.0,-1.3370856011875127
2010-05-12,setup_or_fib_XAUUSD_20100512_SELL,SHORT,1240.21,1237.6,2.6100000000001273,2.5967953921253564,2010-05-12 13:45:00+00:00,1236.04,2010-05-12 14:17:00+00:00,1239.21298,1239.7036600000001,1236.04,2010-05-12 14:20:00+00:00,1239.7036600000001,SL,3,-1.0,-1.3332110540473687
2010-05-14,setup_or_fib_XAUUSD_20100514_SELL,SHORT,1246.36,1243.2,3.1599999999998545,2.20371308168502,2010-05-14 13:45:00+00:00,1241.1,2010-05-14 13:47:00+00:00,1245.1528799999999,1245.74696,1241.1,2010-05-14 13:47:00+00:00,1245.74696,SL,0,-1.0,-1.2752154591973792
2010-05-17,setup_or_fib_XAUUSD_20100517_BUY,LONG,1232.42,1227.47,4.9500000000000455,2.9596248260595956,2010-05-17 13:48:00+00:00,1237.13,2010-05-17 14:52:00+00:00,1229.3609000000001,1228.4303000000002,1237.13,2010-05-17 15:43:00+00:00,1228.4303000000002,SL,51,-1.0,-1.1756931012250325
2010-05-20,setup_or_fib_XAUUSD_20100520_BUY,LONG,1191.98,1186.08,5.900000000000091,3.112151682083231,2010-05-20 13:54:00+00:00,1194.46,2010-05-20 14:10:00+00:00,1188.3337999999999,1187.2246,1194.46,2010-05-20 14:15:00+00:00,1187.2246,SL,5,-1.0,-1.1474035340786322
2010-05-24,setup_or_fib_XAUUSD_20100524_SELL,SHORT,1188.88,1186.31,2.5700000000001637,1.83378620204929,2010-05-24 13:45:00+00:00,1185.5,2010-05-24 13:55:00+00:00,1187.89826,1188.3814200000002,1185.5,2010-05-24 14:37:00+00:00,1188.3814200000002,SL,42,-1.0,-1.3383972183126165
2010-05-26,setup_or_fib_XAUUSD_20100526_BUY,LONG,1211.51,1209.38,2.1299999999998818,1.6729810059301011,2010-05-26 13:56:00+00:00,1216.34,2010-05-26 15:33:00+00:00,1210.1936600000001,1209.79322,1216.34,2010-05-26 16:00:00+00:00,1210.95,TIME,27,1.8887723504137657,1.4804714813698334
2010-05-28,setup_or_fib_XAUUSD_20100528_SELL,SHORT,1210.42,1207.45,2.9700000000000273,1.5503824594601474,2010-05-28 13:49:00+00:00,1204.12,2010-05-28 14:37:00+00:00,1209.29,1209.84382,1204.12,2010-05-28 15:11:00+00:00,1204.12,TP,34,9.335163049364885,9.039940774979753
2010-06-01,setup_or_fib_XAUUSD_20100601_BUY,LONG,1226.19,1223.28,2.910000000000082,1.5936395411427615,2010-06-01 13:45:00+00:00,1228.29,2010-06-01 14:30:00+00:00,1224.39162,1223.84454,1228.29,2010-06-01 14:32:00+00:00,1223.84454,SL,2,-1.0,-1.2988593989909791
2010-06-02,setup_or_fib_XAUUSD_20100602_SELL,SHORT,1220.98,1218.79,2.1900000000000546,1.8163670937209822,2010-06-02 13:49:00+00:00,1213.77,2010-06-02 15:36:00+00:00,1220.14342,1220.55514,1213.77,2010-06-02 15:36:00+00:00,1220.55514,SL,0,-1.0,-1.3971145438649244
2010-06-03,setup_or_fib_XAUUSD_20100603_SELL,SHORT,1219.31,1217.15,2.1599999999998545,1.5188870026592303,2010-06-03 13:53:00+00:00,1214.16,2010-06-03 14:20:00+00:00,1218.48488,1218.89096,1214.16,2010-06-03 14:29:00+00:00,1218.89096,SL,9,-1.0,-1.4026300236406872
2010-06-04,setup_or_fib_XAUUSD_20100604_SELL,SHORT,1206.48,1203.28,3.2000000000000455,3.2431717947520515,2010-06-04 13:45:00+00:00,1196.84,2010-06-04 14:22:00+00:00,1205.2576,1205.8592,1196.84,2010-06-04 14:44:00+00:00,1205.8592,SL,22,-1.0,-1.2717752659573611
2010-06-08,setup_or_fib_XAUUSD_20100608_BUY,LONG,1242.97,1241.37,1.6000000000001364,2.0297624381065305,2010-06-08 14:02:00+00:00,1250.87,2010-06-08 15:36:00+00:00,1241.9812,1241.6804,1250.87,2010-06-08 15:37:00+00:00,1241.6804,SL,1,-1.0,-1.5435505319149279
2010-06-09,setup_or_fib_XAUUSD_20100609_BUY,LONG,1234.82,1231.05,3.769999999999982,1.9784362600315721,2010-06-09 13:45:00+00:00,1236.28,2010-06-09 14:10:00+00:00,1232.4901399999999,1231.78138,1236.28,2010-06-09 14:11:00+00:00,1231.78138,SL,1,-1.0,-1.2306845758790053
2010-06-10,setup_or_fib_XAUUSD_20100610_SELL,SHORT,1223.53,1218.92,4.6099999999999,2.107233900050129,2010-06-10 13:52:00+00:00,1215.24,2010-06-10 15:10:00+00:00,1221.76898,1222.6356600000001,1215.24,2010-06-10 15:10:00+00:00,1222.6356600000001,SL,0,-1.0,-1.1886509438316142
2010-06-16,setup_or_fib_XAUUSD_20100616_BUY,LONG,1234.3,1232.28,2.019999999999982,1.7496604304008907,2010-06-16 13:51:00+00:00,1234.78,2010-06-16 14:02:00+00:00,1233.05164,1232.6718799999999,1234.78,2010-06-16 14:04:00+00:00,1232.6718799999999,SL,2,-1.0,-1.4305350747840369
2010-06-17,setup_or_fib_XAUUSD_20100617_BUY,LONG,1243.0,1241.8,1.2000000000000455,1.8342878353229273,2010-06-17 13:46:00+00:00,1243.8,2010-06-17 13:50:00+00:00,1242.2584,1242.0328,1243.8,2010-06-17 13:55:00+00:00,1243.8,TP,5,6.8333333333338375,6.1085992907806
2010-06-22,setup_or_fib_XAUUSD_20100622_SELL,SHORT,1240.19,1238.34,1.8500000000001364,1.9113675791415672,2010-06-22 13:55:00+00:00,1235.6,2010-06-22 14:18:00+00:00,1239.4833,1239.8311,1235.6,2010-06-22 14:20:00+00:00,1239.8311,SL,2,-1.0,-1.470097757331791
2010-06-23,setup_or_fib_XAUUSD_20100623_SELL,SHORT,1236.08,1229.83,6.25,1.7707431291994764,2010-06-23 13:50:00+00:00,1224.56,2010-06-23 15:46:00+00:00,1233.6924999999999,1234.8674999999998,1224.56,2010-06-23 16:00:00+00:00,1231.82,TIME,14,1.593617021276611,1.454468085106393
2010-06-25,setup_or_fib_XAUUSD_20100625_BUY,LONG,1254.83,1252.15,2.6799999999998363,2.1387709448418213,2010-06-25 14:12:00+00:00,1256.78,2010-06-25 14:21:00+00:00,1253.1737600000001,1252.66992,1256.78,2010-06-25 14:21:00+00:00,1252.66992,SL,0,-1.0,-1.3245077802476448
2010-06-28,setup_or_fib_XAUUSD_20100628_BUY,LONG,1257.23,1253.11,4.120000000000118,1.5501171044377307,2010-06-28 13:51:00+00:00,1262.5,2010-06-28 14:45:00+00:00,1254.68384,1253.9092799999999,1262.5,2010-06-28 14:45:00+00:00,1253.9092799999999,SL,0,-1.0,-1.2110875852096497
2010-06-29,setup_or_fib_XAUUSD_20100629_SELL,SHORT,1237.3,1231.3,6.0,2.195514955099246,2010-06-29 13:46:00+00:00,1227.18,2010-06-29 14:06:00+00:00,1235.008,1236.1359999999997,1227.18,2010-06-29 14:12:00+00:00,1236.1359999999997,SL,6,-1.0,-1.1449468085106767
2010-07-01,setup_or_fib_XAUUSD_20100701_BUY,LONG,1236.63,1234.09,2.540000000000191,2.3359649614435742,2010-07-01 14:01:00+00:00,1237.06,2010-07-01 14:05:00+00:00,1235.06028,1234.58276,1237.06,2010-07-01 14:05:00+00:00,1234.58276,SL,0,-1.0,-1.3423940358519637
2010-07-02,setup_or_fib_XAUUSD_20100702_SELL,SHORT,1208.8,1203.9,4.899999999999864,2.357589471242879,2010-07-02 13:56:00+00:00,1200.82,2010-07-02 14:40:00+00:00,1206.9282,1207.8493999999998,1200.82,2010-07-02 15:59:00+00:00,1207.8493999999998,SL,79,-1.0,-1.1774858879722543
2010-07-05,setup_or_fib_XAUUSD_20100705_BUY,LONG,1207.62,1205.81,1.8099999999999454,1.254570753744072,2010-07-05 13:58:00+00:00,1208.29,2010-07-05 14:09:00+00:00,1206.5014199999998,1206.16114,1208.29,2010-07-05 14:09:00+00:00,1206.16114,SL,0,-1.0,-1.4804866580464655
2010-07-07,setup_or_fib_XAUUSD_20100707_BUY,LONG,1194.14,1191.43,2.7100000000000364,2.080612725756419,2010-07-07 13:56:00+00:00,1194.74,2010-07-07 14:02:00+00:00,1192.46522,1191.95574,1194.74,2010-07-07 14:23:00+00:00,1191.95574,SL,21,-1.0,-1.3209154431970234
2010-07-12,setup_or_fib_XAUUSD_20100712_BUY,LONG,1207.7,1204.18,3.519999999999982,1.7294459367057207,2010-07-12 13:47:00+00:00,1208.28,2010-07-12 13:54:00+00:00,1205.52464,1204.86288,1208.28,2010-07-12 14:09:00+00:00,1204.86288,SL,15,-1.0,-1.2470684235976095
2010-07-13,setup_or_fib_XAUUSD_20100713_SELL,SHORT,1217.08,1216.0,1.0799999999999272,1.9164053222577713,2010-07-13 13:47:00+00:00,1214.53,2010-07-13 14:01:00+00:00,1216.73,1216.87048,1214.53,2010-07-13 14:33:00+00:00,1214.53,TP,32,15.660592255122818,14.496725512526215
2010-07-14,setup_or_fib_XAUUSD_20100714_SELL,SHORT,1209.73,1207.74,1.990000000000009,1.4579301878703825,2010-07-14 14:00:00+00:00,1205.99,2010-07-14 14:23:00+00:00,1208.96982,1209.34394,1205.99,2010-07-14 14:25:00+00:00,1209.34394,SL,2,-1.0,-1.4370255532984677
2010-07-15,setup_or_fib_XAUUSD_20100715_SELL,SHORT,1212.84,1207.78,5.059999999999945,1.9945323611776584,2010-07-15 14:05:00+00:00,1203.82,2010-07-15 15:11:00+00:00,1210.90708,1211.85836,1203.82,2010-07-15 15:11:00+00:00,1211.85836,SL,0,-1.0,-1.1718736859809946
2010-07-16,setup_or_fib_XAUUSD_20100716_SELL,SHORT,1192.72,1187.7,5.019999999999982,2.310881535811485,2010-07-16 13:56:00+00:00,1186.0,2010-07-16 14:16:00+00:00,1190.8023600000001,1191.74612,1186.0,2010-07-16 14:17:00+00:00,1191.74612,SL,1,-1.0,-1.173243197423095
2010-07-19,setup_or_fib_XAUUSD_20100719_BUY,LONG,1181.85,1178.53,3.3199999999999363,1.9609211504598028,2010-07-19 13:45:00+00:00,1182.96,2010-07-19 14:02:00+00:00,1179.7982399999999,1179.17408,1182.96,2010-07-19 14:02:00+00:00,1179.17408,SL,0,-1.0,-1.2619520635735069
2010-07-20,setup_or_fib_XAUUSD_20100720_SELL,SHORT,1184.01,1182.13,1.8799999999998818,1.9309498091159818,2010-07-20 13:47:00+00:00,1181.03,2010-07-20 13:53:00+00:00,1183.29184,1183.6452800000002,1181.03,2010-07-20 13:53:00+00:00,1183.6452800000002,SL,0,-1.0,-1.4625961973742578
2010-07-28,setup_or_fib_XAUUSD_20100728_BUY,LONG,1160.93,1157.33,3.6000000000001364,1.5278993235592109,2010-07-28 14:21:00+00:00,1164.78,2010-07-28 15:20:00+00:00,1158.7051999999999,1158.0284000000001,1164.78,2010-07-28 16:00:00+00:00,1160.69,TIME,40,2.932624113476609,2.6910460992921155
2010-07-29,setup_or_fib_XAUUSD_20100729_SELL,SHORT,1164.48,1160.95,3.5299999999999727,1.6088204388071723,2010-07-29 13:55:00+00:00,1159.37,2010-07-29 14:03:00+00:00,1163.13154,1163.79518,1159.37,2010-07-29 14:03:00+00:00,1163.79518,SL,0,-1.0,-1.2463685130492486
2010-08-02,setup_or_fib_XAUUSD_20100802_BUY,LONG,1187.28,1184.33,2.9500000000000455,1.9842959117846477,2010-08-02 14:00:00+00:00,1189.48,2010-08-02 14:49:00+00:00,1185.4569,1184.9023,1189.48,2010-08-02 14:58:00+00:00,1184.9023,SL,9,-1.0,-1.294807068157264
2010-08-03,setup_or_fib_XAUUSD_20100803_BUY,LONG,1185.88,1184.4,1.4800000000000182,1.8614087970343456,2010-08-03 13:46:00+00:00,1189.6,2010-08-03 14:42:00+00:00,1184.9653600000001,1184.68712,1189.6,2010-08-03 15:16:00+00:00,1189.6,TP,34,16.65698677400144,16.06936457733689
2010-08-04,setup_or_fib_XAUUSD_20100804_SELL,SHORT,1202.72,1199.95,2.769999999999982,1.7691219602683381,2010-08-04 14:06:00+00:00,1197.88,2010-08-04 15:16:00+00:00,1201.66186,1202.18262,1197.88,2010-08-04 16:00:00+00:00,1198.93,TIME,44,5.245909824101882,4.931945617941721
2010-08-05,setup_or_fib_XAUUSD_20100805_SELL,SHORT,1196.5,1192.7,3.7999999999999545,1.2604749111430265,2010-08-05 14:00:00+00:00,1191.63,2010-08-05 14:25:00+00:00,1195.0484000000001,1195.7628,1191.63,2010-08-05 14:54:00+00:00,1191.63,TP,29,4.784994400896947,4.556131019037993
2010-08-06,setup_or_fib_XAUUSD_20100806_BUY,LONG,1206.99,1205.46,1.5299999999999727,1.8233133869822886,2010-08-06 13:46:00+00:00,1210.74,2010-08-06 14:59:00+00:00,1206.04446,1205.75682,1210.74,2010-08-06 16:00:00+00:00,1206.72,TIME,61,2.3485607008758556,1.780141843971412
2010-08-09,setup_or_fib_XAUUSD_20100809_SELL,SHORT,1204.38,1201.24,3.1400000000001,1.4700117287370664,2010-08-09 13:45:00+00:00,1199.23,2010-08-09 14:07:00+00:00,1203.1805200000001,1203.77084,1199.23,2010-08-09 14:07:00+00:00,1203.77084,SL,0,-1.0,-1.2769684239057757
2010-08-10,setup_or_fib_XAUUSD_20100810_BUY,LONG,1193.23,1190.58,2.650000000000091,1.6478589309492957,2010-08-10 13:56:00+00:00,1195.48,2010-08-10 14:46:00+00:00,1191.5923,1191.0940999999998,1195.48,2010-08-10 15:29:00+00:00,1195.48,TP,43,7.8034925732602245,7.4753111200287385
2010-08-11,setup_or_fib_XAUUSD_20100811_BUY,LONG,1203.93,1201.03,2.900000000000091,1.8845760030536132,2010-08-11 13:46:00+00:00,1206.15,2010-08-11 14:43:00+00:00,1202.1378,1201.5926,1206.15,2010-08-11 15:11:00+00:00,1201.5926,SL,28,-1.0,-1.2998899486426876
2010-08-12,setup_or_fib_XAUUSD_20100812_BUY,LONG,1214.23,1211.9,2.3299999999999272,2.0298902408149146,2010-08-12 14:26:00+00:00,1214.93,2010-08-12 15:26:00+00:00,1212.79006,1212.3520200000003,1214.93,2010-08-12 15:28:00+00:00,1212.3520200000003,SL,2,-1.0,-1.3732535841477596
2010-08-13,setup_or_fib_XAUUSD_20100813_SELL,SHORT,1215.54,1213.93,1.6099999999999,1.6958153361282013,2010-08-13 14:02:00+00:00,1213.62,2010-08-13 14:04:00+00:00,1214.92498,1215.22766,1213.62,2010-08-13 14:04:00+00:00,1215.22766,SL,0,-1.0,-1.540174441654536
2010-08-16,setup_or_fib_XAUUSD_20100816_SELL,SHORT,1224.7,1223.32,1.3800000000001091,1.2792245641704256,2010-08-16 13:51:00+00:00,1222.19,2010-08-16 14:12:00+00:00,1224.17284,1224.43228,1222.19,2010-08-16 14:12:00+00:00,1224.43228,SL,0,-1.0,-1.6302035152635463
2010-08-19,setup_or_fib_XAUUSD_20100819_BUY,LONG,1234.03,1233.05,0.9800000000000182,1.043384374542582,2010-08-19 13:50:00+00:00,1235.69,2010-08-19 14:00:00+00:00,1233.42436,1233.24012,1235.69,2010-08-19 14:00:00+00:00,1233.24012,SL,0,-1.0,-1.887429439860833
2010-08-20,setup_or_fib_XAUUSD_20100820_SELL,SHORT,1227.4,1224.7,2.7000000000000455,1.6429857003379296,2010-08-20 13:51:00+00:00,1221.98,2010-08-20 14:31:00+00:00,1226.3686,1226.8762000000002,1221.98,2010-08-20 14:41:00+00:00,1226.8762000000002,SL,10,-1.0,-1.3221040189124416
2010-08-23,setup_or_fib_XAUUSD_20100823_BUY,LONG,1227.97,1224.6,3.3700000000001182,1.1365148817148158,2010-08-23 13:52:00+00:00,1228.13,2010-08-23 14:03:00+00:00,1225.88734,1225.25378,1228.13,2010-08-23 14:23:00+00:00,1225.25378,SL,20,-1.0,-1.2580655344403102
2010-08-25,setup_or_fib_XAUUSD_20100825_SELL,SHORT,1239.58,1237.57,2.009999999999991,1.918586980454468,2010-08-25 13:45:00+00:00,1236.63,2010-08-25 14:09:00+00:00,1238.81218,1239.19006,1236.63,2010-08-25 14:09:00+00:00,1239.19006,SL,0,-1.0,-1.4326770403302582
2010-08-27,setup_or_fib_XAUUSD_20100827_BUY,LONG,1239.64,1238.09,1.550000000000182,1.6015073173147483,2010-08-27 13:45:00+00:00,1239.9,2010-08-27 13:50:00+00:00,1238.6821,1238.3907,1239.9,2010-08-27 14:00:00+00:00,1238.3907,SL,10,-1.0,-1.5610844200410516
2010-08-31,setup_or_fib_XAUUSD_20100831_BUY,LONG,1246.65,1245.18,1.4700000000000273,1.6949213523222426,2010-08-31 13:48:00+00:00,1247.28,2010-08-31 13:53:00+00:00,1245.74154,1245.4651800000001,1247.28,2010-08-31 13:53:00+00:00,1245.4651800000001,SL,0,-1.0,-1.5916196265743752
2010-09-02,setup_or_fib_XAUUSD_20100902_SELL,SHORT,1252.12,1250.65,1.4699999999998,1.6959725785695041,2010-09-02 13:50:00+00:00,1247.09,2010-09-02 14:47:00+00:00,1251.55846,1251.8348199999998,1247.09,2010-09-02 14:47:00+00:00,1251.8348199999998,SL,0,-1.0,-1.5916196265743752
2010-09-03,setup_or_fib_XAUUSD_20100903_SELL,SHORT,1242.25,1240.51,1.740000000000009,1.8813652322820609,2010-09-03 13:45:00+00:00,1239.63,2010-09-03 14:16:00+00:00,1241.58532,1241.9124399999998,1239.63,2010-09-03 14:18:00+00:00,1241.9124399999998,SL,2,-1.0,-1.499816581071285
2010-09-07,setup_or_fib_XAUUSD_20100907_BUY,LONG,1257.43,1255.58,1.8500000000001364,1.734348257921097,2010-09-07 14:04:00+00:00,1258.83,2010-09-07 14:37:00+00:00,1256.2866999999999,1255.9388999999999,1258.83,2010-09-07 14:38:00+00:00,1255.9388999999999,SL,1,-1.0,-1.470097757331791
2010-09-08,setup_or_fib_XAUUSD_20100908_SELL,SHORT,1262.05,1256.36,5.690000000000055,1.7962707886576452,2010-09-08 13:59:00+00:00,1254.55,2010-09-08 14:49:00+00:00,1259.8764199999998,1260.94614,1254.55,2010-09-08 16:00:00+00:00,1257.35,TIME,71,2.3617582171030467,2.208914482293965
2010-09-09,setup_or_fib_XAUUSD_20100909_BUY,LONG,1256.53,1251.65,4.879999999999882,1.6623485603481987,2010-09-09 13:46:00+00:00,1256.9,2010-09-09 14:13:00+00:00,1253.51416,1252.59672,1256.9,2010-09-09 14:51:00+00:00,1252.59672,SL,38,-1.0,-1.1782132891524353
2010-09-13,setup_or_fib_XAUUSD_20100913_BUY,LONG,1244.6,1242.13,2.4699999999998,1.5318456953125932,2010-09-13 14:07:00+00:00,1248.83,2010-09-13 15:22:00+00:00,1243.07354,1242.60918,1248.83,2010-09-13 16:00:00+00:00,1244.5,TIME,38,3.071883883192749,2.7197863726407197
2010-09-15,setup_or_fib_XAUUSD_20100915_BUY,LONG,1269.65,1267.2,2.4500000000000455,1.327791477319955,2010-09-15 13:52:00+00:00,1269.79,2010-09-15 13:58:00+00:00,1268.1359,1267.6753,1269.79,2010-09-15 14:01:00+00:00,1267.6753,SL,3,-1.0,-1.3549717759445083
2010-09-16,setup_or_fib_XAUUSD_20100916_SELL,SHORT,1274.3,1271.98,2.3199999999999363,1.8827550047255126,2010-09-16 13:45:00+00:00,1271.08,2010-09-16 14:00:00+00:00,1273.41376,1273.8499199999999,1271.08,2010-09-16 14:06:00+00:00,1273.8499199999999,SL,6,-1.0,-1.3748624358033985
2010-09-21,setup_or_fib_XAUUSD_20100921_BUY,LONG,1276.88,1275.25,1.6300000000001091,1.7923815245131205,2010-09-21 13:46:00+00:00,1278.14,2010-09-21 13:55:00+00:00,1275.87266,1275.56622,1278.14,2010-09-21 13:56:00+00:00,1275.56622,SL,1,-1.0,-1.5335465343948727
2010-09-23,setup_or_fib_XAUUSD_20100923_SELL,SHORT,1292.3,1289.76,2.5399999999999636,1.5194758013173262,2010-09-23 14:04:00+00:00,1287.56,2010-09-23 14:18:00+00:00,1291.32972,1291.8072399999999,1287.56,2010-09-23 14:19:00+00:00,1291.8072399999999,SL,1,-1.0,-1.3423940358519637
2010-09-24,setup_or_fib_XAUUSD_20100924_BUY,LONG,1298.67,1296.38,2.2899999999999636,1.4014960266687677,2010-09-24 14:09:00+00:00,1299.55,2010-09-24 14:39:00+00:00,1297.25478,1296.82426,1299.55,2010-09-24 14:57:00+00:00,1296.82426,SL,18,-1.0,-1.3797732974078851
2010-09-29,setup_or_fib_XAUUSD_20100929_SELL,SHORT,1309.79,1307.84,1.9500000000000455,1.7325332663888884,2010-09-29 13:48:00+00:00,1305.55,2010-09-29 14:49:00+00:00,1309.0451,1309.4116999999999,1305.55,2010-09-29 14:49:00+00:00,1309.4116999999999,SL,0,-1.0,-1.4459901800329342
2010-10-01,setup_or_fib_XAUUSD_20101001_SELL,SHORT,1317.51,1315.83,1.6800000000000637,1.6717602268074385,2010-10-01 13:55:00+00:00,1314.47,2010-10-01 14:05:00+00:00,1316.86824,1317.18408,1314.47,2010-10-01 14:05:00+00:00,1317.18408,SL,0,-1.0,-1.5176671732523124
2010-10-04,setup_or_fib_XAUUSD_20101004_SELL,SHORT,1315.96,1314.13,1.8299999999999272,1.530098460799877,2010-10-04 14:00:00+00:00,1313.2,2010-10-04 14:09:00+00:00,1315.2609400000001,1315.60498,1313.2,2010-10-04 14:10:00+00:00,1315.60498,SL,1,-1.0,-1.4752354377398669
2010-10-05,setup_or_fib_XAUUSD_20101005_SELL,SHORT,1331.58,1330.06,1.5199999999999818,1.5752899812464538,2010-10-05 13:58:00+00:00,1329.77,2010-10-05 14:01:00+00:00,1330.99936,1331.28512,1329.77,2010-10-05 14:01:00+00:00,1331.28512,SL,0,-1.0,-1.5721584546472924
2010-10-06,setup_or_fib_XAUUSD_20101006_BUY,LONG,1346.49,1344.02,2.4700000000000273,1.8568747448741956,2010-10-06 13:52:00+00:00,1346.75,2010-10-06 14:25:00+00:00,1344.96354,1344.4991799999998,1346.75,2010-10-06 14:25:00+00:00,1344.4991799999998,SL,0,-1.0,-1.3520975105520292
2010-10-12,setup_or_fib_XAUUSD_20101012_SELL,SHORT,1351.3,1346.4,4.899999999999864,1.9703391612235557,2010-10-12 13:45:00+00:00,1344.67,2010-10-12 14:20:00+00:00,1349.4282,1350.3493999999998,1344.67,2010-10-12 16:00:00+00:00,1346.21,TIME,100,3.4934867564055825,3.316000868433328
2010-10-14,setup_or_fib_XAUUSD_20101014_BUY,LONG,1374.0,1370.8,3.2000000000000455,2.806353945145192,2010-10-14 13:46:00+00:00,1375.75,2010-10-14 14:02:00+00:00,1372.0224,1371.4207999999999,1375.75,2010-10-14 14:03:00+00:00,1371.4207999999999,SL,1,-1.0,-1.2717752659573611
2010-10-15,setup_or_fib_XAUUSD_20101015_SELL,SHORT,1373.99,1367.88,6.1099999999999,2.993880955859279,2010-10-15 13:51:00+00:00,1362.41,2010-10-15 15:08:00+00:00,1371.65598,1372.80466,1362.41,2010-10-15 15:10:00+00:00,1372.80466,SL,2,-1.0,-1.142337291499807
2010-10-20,setup_or_fib_XAUUSD_20101020_BUY,LONG,1339.29,1333.97,5.319999999999936,1.7220296665074772,2010-10-20 13:48:00+00:00,1341.82,2010-10-20 14:19:00+00:00,1336.00224,1335.0020800000002,1341.82,2010-10-20 14:19:00+00:00,1335.0020800000002,SL,0,-1.0,-1.1634738441849592
2010-10-28,setup_or_fib_XAUUSD_20101028_SELL,SHORT,1335.0,1331.7,3.2999999999999545,1.7448797108358185,2010-10-28 13:48:00+00:00,1330.9,2010-10-28 14:07:00+00:00,1333.7394,1334.3598,1330.9,2010-10-28 14:10:00+00:00,1334.3598,SL,3,-1.0,-1.2635396518375166
2010-11-02,setup_or_fib_XAUUSD_20101102_BUY,LONG,1356.45,1352.48,3.9700000000000273,1.8859631607494343,2010-11-02 13:48:00+00:00,1356.95,2010-11-02 14:00:00+00:00,1353.99654,1353.25018,1356.95,2010-11-02 14:55:00+00:00,1353.25018,SL,55,-1.0,-1.2190631866659243
2010-11-03,setup_or_fib_XAUUSD_20101103_BUY,LONG,1354.98,1352.1,2.880000000000109,2.50422717305062,2010-11-03 14:10:00+00:00,1355.45,2010-11-03 14:13:00+00:00,1353.2001599999999,1352.65872,1355.45,2010-11-03 14:31:00+00:00,1355.45,TP,18,4.155289598109334,3.853317080378819
2010-11-04,setup_or_fib_XAUUSD_20101104_SELL,SHORT,1378.9,1375.8,3.1000000000001364,2.870981299665991,2010-11-04 13:46:00+00:00,1374.3,2010-11-04 14:23:00+00:00,1377.7158,1378.2985999999999,1374.3,2010-11-04 14:30:00+00:00,1378.2985999999999,SL,7,-1.0,-1.2805422100206352
2010-11-08,setup_or_fib_XAUUSD_20101108_SELL,SHORT,1392.98,1390.0,2.980000000000018,1.7871890753049802,2010-11-08 14:54:00+00:00,1387.28,2010-11-08 15:15:00+00:00,1391.84164,1392.4018800000001,1387.28,2010-11-08 15:19:00+00:00,1392.4018800000001,SL,4,-1.0,-1.2918392117663746
2010-11-09,setup_or_fib_XAUUSD_20101109_BUY,LONG,1420.05,1416.4,3.6499999999998636,2.2488630341067983,2010-11-09 14:47:00+00:00,1424.0,2010-11-09 15:46:00+00:00,1417.7943,1417.1081,1424.0,2010-11-09 16:11:00+00:00,1417.1081,SL,25,-1.0,-1.238268726318823
2010-11-15,setup_or_fib_XAUUSD_20101115_SELL,SHORT,1371.68,1368.8,2.880000000000109,3.0278489536771223,2010-11-15 14:59:00+00:00,1365.8,2010-11-15 15:22:00+00:00,1370.57984,1371.12128,1365.8,2010-11-15 15:22:00+00:00,1371.12128,SL,0,-1.0,-1.3019725177305155
2010-11-16,setup_or_fib_XAUUSD_20101116_SELL,SHORT,1355.0,1351.78,3.2200000000000273,2.9486826697455197,2010-11-16 14:50:00+00:00,1348.65,2010-11-16 15:19:00+00:00,1353.76996,1354.3753199999999,1348.65,2010-11-16 15:40:00+00:00,1348.65,TP,21,8.45771111405074,8.187623893223371
2010-11-18,setup_or_fib_XAUUSD_20101118_BUY,LONG,1350.6,1348.68,1.9199999999998454,2.1861859410751316,2010-11-18 14:50:00+00:00,1351.15,2010-11-18 14:53:00+00:00,1349.41344,1349.05248,1351.15,2010-11-18 14:59:00+00:00,1351.15,TP,6,4.810948581560736,4.357989804964963
2010-11-19,setup_or_fib_XAUUSD_20101119_SELL,SHORT,1347.58,1344.55,3.0299999999999727,2.726413411550724,2010-11-19 14:50:00+00:00,1341.45,2010-11-19 15:21:00+00:00,1346.42254,1346.99218,1341.45,2010-11-19 15:29:00+00:00,1346.99218,SL,8,-1.0,-1.2870233831894151
2010-11-22,setup_or_fib_XAUUSD_20101122_BUY,LONG,1354.6,1352.35,2.25,2.031500137836179,2010-11-22 14:54:00+00:00,1356.88,2010-11-22 15:30:00+00:00,1353.2095,1352.7865,1356.88,2010-11-22 15:31:00+00:00,1352.7865,SL,1,-1.0,-1.3865248226950337
2010-11-29,setup_or_fib_XAUUSD_20101129_SELL,SHORT,1363.65,1358.3,5.350000000000136,2.172051738177822,2010-11-29 14:56:00+00:00,1355.05,2010-11-29 15:18:00+00:00,1361.6063000000001,1362.6121,1355.05,2010-11-29 15:19:00+00:00,1362.6121,SL,1,-1.0,-1.1625571684231606
2010-11-30,setup_or_fib_XAUUSD_20101130_SELL,SHORT,1385.0,1382.35,2.650000000000091,2.4501460244088586,2010-11-30 14:46:00+00:00,1380.11,2010-11-30 15:16:00+00:00,1383.9877,1384.4859000000001,1380.11,2010-11-30 15:25:00+00:00,1384.4859000000001,SL,9,-1.0,-1.328181453231486
2010-12-01,setup_or_fib_XAUUSD_20101201_SELL,SHORT,1391.4,1389.0,2.400000000000091,2.320486638886315,2010-12-01 14:45:00+00:00,1381.8,2010-12-01 16:56:00+00:00,1390.4832000000001,1390.9344,1381.8,2010-12-01 16:56:00+00:00,1390.9344,SL,0,-1.0,-1.3623670212766186
2010-12-02,setup_or_fib_XAUUSD_20101202_SELL,SHORT,1390.0,1387.2,2.7999999999999545,2.1802588868872195,2010-12-02 14:46:00+00:00,1386.7,2010-12-02 14:55:00+00:00,1388.9304,1389.4568000000002,1386.7,2010-12-02 15:07:00+00:00,1389.4568000000002,SL,12,-1.0,-1.310600303951253
2010-12-09,setup_or_fib_XAUUSD_20101209_BUY,LONG,1390.7,1386.0,4.7000000000000455,2.403924981183991,2010-12-09 14:52:00+00:00,1394.15,2010-12-09 15:10:00+00:00,1387.7954,1386.9117999999999,1394.15,2010-12-09 15:14:00+00:00,1386.9117999999999,SL,4,-1.0,-1.185038478949727
2010-12-10,setup_or_fib_XAUUSD_20101210_SELL,SHORT,1382.3,1379.53,2.769999999999982,2.3204456186879536,2010-12-10 14:52:00+00:00,1372.0,2010-12-10 16:59:00+00:00,1381.2418599999999,1381.76262,1372.0,2010-12-10 16:59:00+00:00,1381.76262,SL,0,-1.0,-1.3139642061601615
2010-12-14,setup_or_fib_XAUUSD_20101214_SELL,SHORT,1395.6,1392.7,2.8999999999998636,2.5820688741003273,2010-12-14 14:48:00+00:00,1391.7,2010-12-14 14:59:00+00:00,1394.4922,1395.0374,1391.7,2010-12-14 15:13:00+00:00,1395.0374,SL,14,-1.0,-1.2998899486426876
2010-12-15,setup_or_fib_XAUUSD_20101215_BUY,LONG,1390.08,1386.0,4.079999999999927,2.5806117043849253,2010-12-15 14:45:00+00:00,1391.5,2010-12-15 15:18:00+00:00,1387.55856,1386.79152,1391.5,2010-12-15 15:20:00+00:00,1386.79152,SL,2,-1.0,-1.2131570713391873
2011-01-14,setup_or_fib_XAUUSD_20110114_SELL,SHORT,1365.81,1363.56,2.25,3.117869158321643,2011-01-14 14:46:00+00:00,1361.83,2011-01-14 14:58:00+00:00,1364.9505,1365.3735,1361.83,2011-01-14 14:58:00+00:00,1365.3735,SL,0,-1.0,-1.3865248226950337
2011-01-17,setup_or_fib_XAUUSD_20110117_BUY,LONG,1361.11,1359.7,1.4099999999998545,1.2528255654142457,2011-01-17 14:56:00+00:00,1362.22,2011-01-17 15:48:00+00:00,1360.23862,1359.97354,1362.22,2011-01-17 15:57:00+00:00,1359.97354,SL,9,-1.0,-1.6167949298322115
2011-01-18,setup_or_fib_XAUUSD_20110118_SELL,SHORT,1372.48,1368.33,4.150000000000091,1.841219972544372,2011-01-18 14:50:00+00:00,1366.62,2011-01-18 15:13:00+00:00,1370.8947,1371.6749,1366.62,2011-01-18 15:14:00+00:00,1371.6749,SL,1,-1.0,-1.209561650858775
2011-01-20,setup_or_fib_XAUUSD_20110120_SELL,SHORT,1349.89,1344.55,5.3400000000001455,2.5091402541432606,2011-01-20 15:23:00+00:00,1343.32,2011-01-20 16:12:00+00:00,1347.85012,1348.8540400000002,1343.32,2011-01-20 16:15:00+00:00,1348.8540400000002,SL,3,-1.0,-1.1628615825962054
2011-01-21,setup_or_fib_XAUUSD_20110121_BUY,LONG,1341.62,1337.61,4.009999999999991,2.0837890551726965,2011-01-21 14:45:00+00:00,1344.53,2011-01-21 15:19:00+00:00,1339.1418199999998,1338.3879399999998,1344.53,2011-01-21 15:47:00+00:00,1344.53,TP,28,7.147264816682076,6.930386798960416
2011-01-24,setup_or_fib_XAUUSD_20110124_BUY,LONG,1344.38,1342.46,1.9200000000000728,1.773332819597468,2011-01-24 14:45:00+00:00,1345.71,2011-01-24 14:58:00+00:00,1343.19344,1342.83248,1345.71,2011-01-24 14:58:00+00:00,1342.83248,SL,0,-1.0,-1.4529587765957732
2011-01-25,setup_or_fib_XAUUSD_20110125_SELL,SHORT,1329.14,1326.18,2.9600000000000364,2.1359302223531413,2011-01-25 14:52:00+00:00,1323.07,2011-01-25 15:30:00+00:00,1328.00928,1328.56576,1323.07,2011-01-25 15:36:00+00:00,1328.56576,SL,6,-1.0,-1.2938110983323934
2011-01-27,setup_or_fib_XAUUSD_20110127_SELL,SHORT,1336.14,1333.41,2.730000000000018,2.053629866198388,2011-01-27 14:45:00+00:00,1332.76,2011-01-27 14:55:00+00:00,1335.09714,1335.61038,1332.76,2011-01-27 15:00:00+00:00,1335.61038,SL,5,-1.0,-1.3185644143090975
2011-01-31,setup_or_fib_XAUUSD_20110131_BUY,LONG,1330.95,1324.64,6.309999999999945,2.3691122954139687,2011-01-31 15:31:00+00:00,1331.94,2011-01-31 15:34:00+00:00,1327.05042,1325.8641400000001,1331.94,2011-01-31 16:16:00+00:00,1331.94,TP,42,4.12177563475777,3.9839498263482764
2011-02-02,setup_or_fib_XAUUSD_20110202_SELL,SHORT,1336.67,1332.78,3.8900000000001,1.8628767202230019,2011-02-02 14:49:00+00:00,1332.13,2011-02-02 14:58:00+00:00,1335.1840200000001,1335.91534,1332.13,2011-02-02 14:58:00+00:00,1335.91534,SL,0,-1.0,-1.2235683421758319
2011-02-03,setup_or_fib_XAUUSD_20110203_BUY,LONG,1333.82,1331.9,1.9199999999998454,2.4234704684213204,2011-02-03 14:45:00+00:00,1334.31,2011-02-03 14:47:00+00:00,1332.63344,1332.27248,1334.31,2011-02-03 14:47:00+00:00,1332.27248,SL,0,-1.0,-1.4529587765957732
2011-02-04,setup_or_fib_XAUUSD_20110204_BUY,LONG,1357.17,1350.71,6.460000000000036,2.154750696941442,2011-02-04 15:22:00+00:00,1357.87,2011-02-04 15:40:00+00:00,1353.1777200000001,1351.96324,1357.87,2011-02-04 15:46:00+00:00,1351.96324,SL,6,-1.0,-1.1346255187405205
2011-02-07,setup_or_fib_XAUUSD_20110207_SELL,SHORT,1349.93,1348.52,1.4100000000000819,1.7457258144092587,2011-02-07 14:48:00+00:00,1344.99,2011-02-07 15:15:00+00:00,1349.39138,1349.65646,1344.99,2011-02-07 15:15:00+00:00,1349.65646,SL,0,-1.0,-1.6167949298327406
2011-02-09,setup_or_fib_XAUUSD_20110209_SELL,SHORT,1366.54,1364.7,1.8399999999999181,1.4728663717448907,2011-02-09 14:45:00+00:00,1363.38,2011-02-09 14:56:00+00:00,1365.83712,1366.1830400000001,1363.38,2011-02-09 14:56:00+00:00,1366.1830400000001,SL,0,-1.0,-1.4726526364474526
2011-02-10,setup_or_fib_XAUUSD_20110210_SELL,SHORT,1354.98,1353.21,1.7699999999999818,1.901565585476279,2011-02-10 15:00:00+00:00,1352.81,2011-02-10 15:08:00+00:00,1354.30386,1354.63662,1352.81,2011-02-10 15:09:00+00:00,1354.63662,SL,1,-1.0,-1.491345113595373
2011-02-11,setup_or_fib_XAUUSD_20110211_BUY,LONG,1364.18,1361.97,2.2100000000000364,1.9917286161659644,2011-02-11 15:02:00+00:00,1367.16,2011-02-11 15:35:00+00:00,1362.81422,1362.39874,1367.16,2011-02-11 16:03:00+00:00,1362.39874,SL,28,-1.0,-1.3935207470878113
2011-02-14,setup_or_fib_XAUUSD_20110214_BUY,LONG,1364.47,1362.22,2.25,1.5161338025739806,2011-02-14 14:49:00+00:00,1366.06,2011-02-14 15:56:00+00:00,1363.0795,1362.6565,1366.06,2011-02-14 15:56:00+00:00,1362.6565,SL,0,-1.0,-1.3865248226950337
2011-02-15,setup_or_fib_XAUUSD_20110215_SELL,SHORT,1373.32,1370.5,2.8199999999999363,1.6055174016885023,2011-02-15 15:13:00+00:00,1369.64,2011-02-15 15:26:00+00:00,1372.2427599999999,1372.7729199999999,1369.64,2011-02-15 15:43:00+00:00,1372.7729199999999,SL,17,-1.0,-1.308397464916238
2011-02-16,setup_or_fib_XAUUSD_20110216_SELL,SHORT,1375.82,1370.77,5.0499999999999545,1.7552387026407001,2011-02-16 14:50:00+00:00,1368.05,2011-02-16 16:27:00+00:00,1373.8908999999999,1374.8402999999998,1368.05,2011-02-16 16:28:00+00:00,1374.8402999999998,SL,1,-1.0,-1.1722140299136354
2011-02-17,setup_or_fib_XAUUSD_20110217_SELL,SHORT,1381.55,1379.91,1.6399999999998727,1.3859367936697897,2011-02-17 15:01:00+00:00,1378.14,2011-02-17 15:21:00+00:00,1380.92352,1381.23184,1378.14,2011-02-17 15:31:00+00:00,1381.23184,SL,10,-1.0,-1.5302932018684179
2011-02-18,setup_or_fib_XAUUSD_20110218_SELL,SHORT,1386.04,1384.15,1.8899999999998727,1.5428858045022065,2011-02-18 14:51:00+00:00,1382.39,2011-02-18 15:10:00+00:00,1385.31802,1385.67334,1382.39,2011-02-18 15:44:00+00:00,1385.67334,SL,34,-1.0,-1.4601485984463158
2011-02-22,setup_or_fib_XAUUSD_20110222_SELL,SHORT,1404.27,1402.4,1.8699999999998909,2.4442382533617613,2011-02-22 14:46:00+00:00,1398.16,2011-02-22 15:56:00+00:00,1403.55566,1403.90722,1398.16,2011-02-22 15:56:00+00:00,1403.90722,SL,0,-1.0,-1.4650699738308415
2011-02-24,setup_or_fib_XAUUSD_20110224_SELL,SHORT,1414.69,1411.28,3.410000000000082,2.0368209922506004,2011-02-24 15:07:00+00:00,1410.51,2011-02-24 15:16:00+00:00,1413.3873800000001,1414.02846,1410.51,2011-02-24 15:16:00+00:00,1414.02846,SL,0,-1.0,-1.255038372746041
2011-02-25,setup_or_fib_XAUUSD_20110225_SELL,SHORT,1406.78,1403.87,2.910000000000082,2.0324981664170063,2011-02-25 14:47:00+00:00,1401.79,2011-02-25 15:19:00+00:00,1405.6683799999998,1406.21546,1401.79,2011-02-25 15:36:00+00:00,1406.21546,SL,17,-1.0,-1.2988593989909791
2011-02-28,setup_or_fib_XAUUSD_20110228_SELL,SHORT,1411.57,1409.64,1.9299999999998363,1.8363748755482454,2011-02-28 14:49:00+00:00,1408.18,2011-02-28 15:03:00+00:00,1410.83274,1411.19558,1408.18,2011-02-28 15:04:00+00:00,1411.19558,SL,1,-1.0,-1.4506118399294385
2011-03-01,setup_or_fib_XAUUSD_20110301_BUY,LONG,1422.28,1419.4,2.8799999999998818,1.8570450312072815,2011-03-01 14:51:00+00:00,1423.55,2011-03-01 15:09:00+00:00,1420.50016,1419.95872,1423.55,2011-03-01 15:43:00+00:00,1423.55,TP,34,5.6328309692673155,5.3308584515368
2011-03-02,setup_or_fib_XAUUSD_20110302_SELL,SHORT,1437.51,1435.14,2.369999999999891,1.6838184283248738,2011-03-02 14:59:00+00:00,1434.28,2011-03-02 15:04:00+00:00,1436.60466,1437.0502199999999,1434.28,2011-03-02 15:04:00+00:00,1437.0502199999999,SL,0,-1.0,-1.366953945596646
2011-03-03,setup_or_fib_XAUUSD_20110303_BUY,LONG,1423.39,1418.97,4.420000000000073,3.089659274779885,2011-03-03 15:36:00+00:00,1425.56,2011-03-03 16:13:00+00:00,1420.6584400000002,1419.82748,1425.56,2011-03-03 17:00:00+00:00,1421.56,TIME,47,1.0849619716948333,0.8882015981510354
2011-03-07,setup_or_fib_XAUUSD_20110307_BUY,LONG,1438.75,1431.12,7.630000000000109,1.8432123236038274,2011-03-07 15:41:00+00:00,1441.15,2011-03-07 16:12:00+00:00,1434.03466,1432.60022,1441.15,2011-03-07 16:29:00+00:00,1432.60022,SL,17,-1.0,-1.1139817629179336
2011-03-08,setup_or_fib_XAUUSD_20110308_SELL,SHORT,1431.25,1428.21,3.0399999999999636,2.23677562119734,2011-03-08 14:45:00+00:00,1423.16,2011-03-08 15:41:00+00:00,1430.08872,1430.66024,1423.16,2011-03-08 15:58:00+00:00,1430.66024,SL,17,-1.0,-1.286079227323646
2011-03-16,setup_or_fib_XAUUSD_20110316_SELL,SHORT,1400.29,1398.16,2.1299999999998818,2.003653296976574,2011-03-16 13:46:00+00:00,1396.29,2011-03-16 13:56:00+00:00,1399.47634,1399.87678,1396.29,2011-03-16 13:56:00+00:00,1399.87678,SL,0,-1.0,-1.4083008690439323
2011-03-22,setup_or_fib_XAUUSD_20110322_SELL,SHORT,1426.13,1422.41,3.7200000000000273,1.881188242106977,2011-03-22 13:50:00+00:00,1421.93,2011-03-22 14:08:00+00:00,1424.7089600000002,1425.40832,1421.93,2011-03-22 14:16:00+00:00,1425.41,SL,8,-1.0024021962938672,-1.2361873713110785
2011-03-23,setup_or_fib_XAUUSD_20110323_SELL,SHORT,1433.31,1431.01,2.2999999999999545,1.4047403926495832,2011-03-23 14:03:00+00:00,1430.87,2011-03-23 14:07:00+00:00,1432.4314,1432.8638,1430.87,2011-03-23 14:08:00+00:00,1432.8638,SL,1,-1.0,-1.3781221091580615
2011-03-24,setup_or_fib_XAUUSD_20110324_BUY,LONG,1440.1,1438.15,1.949999999999818,1.6025812797470769,2011-03-24 13:50:00+00:00,1441.95,2011-03-24 14:09:00+00:00,1438.8949,1438.5283000000002,1441.95,2011-03-24 14:09:00+00:00,1438.5283000000002,SL,0,-1.0,-1.4459901800329342
2011-03-25,setup_or_fib_XAUUSD_20110325_BUY,LONG,1435.6,1430.72,4.879999999999882,1.755729046678304,2011-03-25 14:00:00+00:00,1437.7,2011-03-25 15:26:00+00:00,1432.5841599999999,1431.66672,1437.7,2011-03-25 15:39:00+00:00,1431.66672,SL,13,-1.0,-1.1782132891524353
2011-03-30,setup_or_fib_XAUUSD_20110330_SELL,SHORT,1426.8,1424.76,2.0399999999999636,1.754484507370698,2011-03-30 13:45:00+00:00,1424.05,2011-03-30 14:04:00+00:00,1426.02072,1426.4042399999998,1424.05,2011-03-30 14:08:00+00:00,1424.05,TP,4,5.138506466418274,4.712192323739773
2011-03-31,setup_or_fib_XAUUSD_20110331_SELL,SHORT,1436.88,1434.88,2.0,2.0640246600720946,2011-03-31 13:51:00+00:00,1434.65,2011-03-31 13:58:00+00:00,1436.1160000000002,1436.492,1434.65,2011-03-31 13:58:00+00:00,1436.492,SL,0,-1.0,-1.4348404255322051
2011-04-01,setup_or_fib_XAUUSD_20110401_SELL,SHORT,1421.75,1417.65,4.099999999999909,2.621049608122246,2011-04-01 13:45:00+00:00,1412.74,2011-04-01 14:08:00+00:00,1420.1838,1420.9546,1412.74,2011-04-01 14:10:00+00:00,1420.9546,SL,2,-1.0,-1.2121172807472733
2011-04-04,setup_or_fib_XAUUSD_20110404_SELL,SHORT,1437.05,1434.65,2.3999999999998636,1.5711025935263019,2011-04-04 13:57:00+00:00,1434.05,2011-04-04 14:13:00+00:00,1436.1332,1436.5844,1434.05,2011-04-04 14:13:00+00:00,1436.5844,SL,0,-1.0,-1.3623670212766186
2011-04-05,setup_or_fib_XAUUSD_20110405_BUY,LONG,1433.88,1431.1,2.7800000000002,1.8086015008049359,2011-04-05 13:45:00+00:00,1434.3,2011-04-05 13:59:00+00:00,1432.16196,1431.63932,1434.3,2011-04-05 14:05:00+00:00,1431.63932,SL,6,-1.0,-1.3128348385122228
2011-04-06,setup_or_fib_XAUUSD_20110406_BUY,LONG,1460.2,1458.0,2.2000000000000455,1.763988758840794,2011-04-06 13:50:00+00:00,1462.0,2011-04-06 14:38:00+00:00,1458.8404,1458.4268,1462.0,2011-04-06 14:54:00+00:00,1458.4268,SL,16,-1.0,-1.3953094777562025
2011-04-07,setup_or_fib_XAUUSD_20110407_BUY,LONG,1462.35,1458.0,4.349999999999909,1.9411882933202873,2011-04-07 13:48:00+00:00,1464.7,2011-04-07 14:00:00+00:00,1459.6616999999999,1458.8439,1464.7,2011-04-07 14:42:00+00:00,1458.8439,SL,42,-1.0,-1.199926632428514
2011-04-11,setup_or_fib_XAUUSD_20110411_BUY,LONG,1471.04,1467.44,3.599999999999909,1.9876287953291034,2011-04-11 13:56:00+00:00,1471.12,2011-04-11 14:01:00+00:00,1468.8152,1468.1384,1471.12,2011-04-11 14:01:00+00:00,1468.1384,SL,0,-1.0,-1.2415780141844124
2011-04-13,setup_or_fib_XAUUSD_20110413_SELL,SHORT,1460.83,1457.5,3.3299999999999272,1.7218577524411725,2011-04-13 13:51:00+00:00,1456.0,2011-04-13 14:48:00+00:00,1459.55794,1460.18398,1456.0,2011-04-13 14:48:00+00:00,1460.18398,SL,0,-1.0,-1.261165420739846
2011-04-15,setup_or_fib_XAUUSD_20110415_SELL,SHORT,1475.05,1472.55,2.5,2.0969928942272813,2011-04-15 13:46:00+00:00,1472.4,2011-04-15 13:49:00+00:00,1474.095,1474.5649999999998,1472.4,2011-04-15 13:49:00+00:00,1474.5649999999998,SL,0,-1.0,-1.34787234042568
2011-04-18,setup_or_fib_XAUUSD_20110418_SELL,SHORT,1497.4,1488.45,8.950000000000045,2.6498635426726427,2011-04-18 14:13:00+00:00,1483.0,2011-04-18 15:22:00+00:00,1493.9811,1495.6637,1483.0,2011-04-18 16:00:00+00:00,1491.18,TIME,38,1.6647450374419057,1.56757399263031
2011-04-26,setup_or_fib_XAUUSD_20110426_SELL,SHORT,1502.4,1498.22,4.180000000000064,1.7632486150251474,2011-04-26 13:51:00+00:00,1493.15,2011-04-26 14:45:00+00:00,1500.80324,1501.58908,1493.15,2011-04-26 14:46:00+00:00,1501.58908,SL,1,-1.0,-1.2080576198717277
2011-04-27,setup_or_fib_XAUUSD_20110427_BUY,LONG,1512.8,1510.15,2.6499999999998636,1.5514603010651464,2011-04-27 13:49:00+00:00,1513.3,2011-04-27 13:56:00+00:00,1511.1623,1510.6641,1513.3,2011-04-27 13:56:00+00:00,1510.6641,SL,0,-1.0,-1.3281814532316358
2011-04-28,setup_or_fib_XAUUSD_20110428_BUY,LONG,1533.8,1529.9,3.8999999999998636,2.105779085342634,2011-04-28 13:57:00+00:00,1538.2,2011-04-28 15:47:00+00:00,1531.3898000000002,1530.6566,1538.2,2011-04-28 15:52:00+00:00,1530.6566,SL,5,-1.0,-1.2229950900163287
2011-05-03,setup_or_fib_XAUUSD_20110503_SELL,SHORT,1543.55,1536.35,7.2000000000000455,2.9806536816422535,2011-05-03 14:07:00+00:00,1532.6,2011-05-03 14:27:00+00:00,1540.7995999999998,1542.1532,1532.6,2011-05-03 14:41:00+00:00,1532.6,TP,14,6.05762411347448,5.936835106382294
2011-05-04,setup_or_fib_XAUUSD_20110504_BUY,LONG,1537.76,1535.32,2.4400000000000546,2.8433616083251145,2011-05-04 13:45:00+00:00,1541.89,2011-05-04 14:21:00+00:00,1536.25208,1535.79336,1541.89,2011-05-04 14:21:00+00:00,1535.79336,SL,0,-1.0,-1.3564265783047824
2011-05-05,setup_or_fib_XAUUSD_20110505_BUY,LONG,1509.11,1503.66,5.449999999999818,3.810992975928251,2011-05-05 13:46:00+00:00,1512.8,2011-05-05 14:17:00+00:00,1505.7419,1504.7173,1512.8,2011-05-05 14:20:00+00:00,1504.7173,SL,3,-1.0,-1.159574468085112
2011-05-06,setup_or_fib_XAUUSD_20110506_SELL,SHORT,1494.63,1487.2,7.430000000000064,4.287659956616466,2011-05-06 13:46:00+00:00,1483.6,2011-05-06 14:22:00+00:00,1491.7917400000001,1493.18858,1483.6,2011-05-06 14:22:00+00:00,1493.18858,SL,0,-1.0,-1.1170499126600137
2011-05-09,setup_or_fib_XAUUSD_20110509_BUY,LONG,1503.0,1499.5,3.5,2.445138435267107,2011-05-09 13:50:00+00:00,1504.78,2011-05-09 14:18:00+00:00,1500.837,1500.179,1504.78,2011-05-09 14:30:00+00:00,1504.78,TP,12,5.992401215806341,5.74392097264521
2011-05-11,setup_or_fib_XAUUSD_20110511_SELL,SHORT,1515.4,1512.2,3.2000000000000455,2.439736063742463,2011-05-11 13:53:00+00:00,1510.8,2011-05-11 14:00:00+00:00,1514.1776,1514.7792000000002,1510.8,2011-05-11 14:00:00+00:00,1514.7792000000002,SL,0,-1.0,-1.2717752659573611
2011-05-12,setup_or_fib_XAUUSD_20110512_BUY,LONG,1490.1,1485.7,4.399999999999864,3.6895799611281515,2011-05-12 14:09:00+00:00,1500.3,2011-05-12 14:45:00+00:00,1487.3808,1486.5536,1500.3,2011-05-12 16:00:00+00:00,1489.65,TIME,75,2.7432301740816314,2.545575435203476
2011-05-13,setup_or_fib_XAUUSD_20110513_SELL,SHORT,1511.3,1505.0,6.2999999999999545,2.541065505707079,2011-05-13 14:18:00+00:00,1502.4,2011-05-13 15:16:00+00:00,1508.8934,1510.0778,1502.4,2011-05-13 15:30:00+00:00,1510.0778,SL,14,-1.0,-1.13804457953393
2011-05-16,setup_or_fib_XAUUSD_20110516_SELL,SHORT,1495.6,1493.5,2.099999999999909,2.2602745912621605,2011-05-16 13:51:00+00:00,1492.65,2011-05-16 14:06:00+00:00,1494.7978,1495.1925999999999,1492.65,2011-05-16 14:07:00+00:00,1495.1925999999999,SL,1,-1.0,-1.4141337386020287
2011-05-18,setup_or_fib_XAUUSD_20110518_BUY,LONG,1493.1,1488.9,4.199999999999818,1.978311130397153,2011-05-18 14:21:00+00:00,1493.47,2011-05-18 14:34:00+00:00,1490.5044,1489.7148,1493.47,2011-05-18 14:34:00+00:00,1489.7148,SL,0,-1.0,-1.207066869300895
2011-05-19,setup_or_fib_XAUUSD_20110519_SELL,SHORT,1491.8,1488.72,3.0799999999999272,1.9941932475334094,2011-05-19 13:55:00+00:00,1487.65,2011-05-19 14:41:00+00:00,1490.62344,1491.20248,1487.65,2011-05-19 14:41:00+00:00,1491.20248,SL,0,-1.0,-1.2823639126831348
2011-05-20,setup_or_fib_XAUUSD_20110520_SELL,SHORT,1501.13,1497.65,3.480000000000018,1.8198052148215165,2011-05-20 13:48:00+00:00,1497.5,2011-05-20 13:53:00+00:00,1499.8006400000002,1500.4548800000002,1497.5,2011-05-20 13:53:00+00:00,1500.4548800000002,SL,0,-1.0,-1.2499082905355556
2011-05-24,setup_or_fib_XAUUSD_20110524_BUY,LONG,1520.58,1519.33,1.25,1.4861264390684195,2011-05-24 13:47:00+00:00,1521.35,2011-05-24 13:51:00+00:00,1519.8075,1519.5724999999998,1521.35,2011-05-24 14:01:00+00:00,1521.35,TP,10,6.5638297872305635,5.868085106379876
2011-05-25,setup_or_fib_XAUUSD_20110525_SELL,SHORT,1526.33,1524.6,1.7300000000000182,1.2817277467739403,2011-05-25 13:50:00+00:00,1523.2,2011-05-25 14:23:00+00:00,1525.66914,1525.9943799999999,1523.2,2011-05-25 14:30:00+00:00,1525.9943799999999,SL,7,-1.0,-1.5027056942567123
2011-05-26,setup_or_fib_XAUUSD_20110526_BUY,LONG,1521.2,1517.9,3.2999999999999545,2.120007565201631,2011-05-26 13:45:00+00:00,1525.9,2011-05-26 14:54:00+00:00,1519.1606000000002,1518.5402000000001,1525.9,2011-05-26 14:54:00+00:00,1518.5402000000001,SL,0,-1.0,-1.2635396518375166
2011-06-01,setup_or_fib_XAUUSD_20110601_BUY,LONG,1537.73,1535.5,2.230000000000018,1.3475490686145293,2011-06-01 13:51:00+00:00,1538.3,2011-06-01 14:04:00+00:00,1536.35186,1535.93262,1538.3,2011-06-01 14:06:00+00:00,1535.93262,SL,2,-1.0,-1.3899914130331585
2011-06-02,setup_or_fib_XAUUSD_20110602_BUY,LONG,1540.65,1537.88,2.769999999999982,1.5551366665583106,2011-06-02 14:21:00+00:00,1542.5,2011-06-02 14:43:00+00:00,1538.9381400000002,1538.41738,1542.5,2011-06-02 14:43:00+00:00,1538.41738,SL,0,-1.0,-1.3139642061601615
2011-06-06,setup_or_fib_XAUUSD_20110606_SELL,SHORT,1544.78,1541.5,3.2799999999999727,1.3048070521255222,2011-06-06 13:55:00+00:00,1540.8,2011-06-06 14:10:00+00:00,1543.52704,1544.14368,1540.8,2011-06-06 14:23:00+00:00,1544.14368,SL,13,-1.0,-1.265146600934111
2011-06-07,setup_or_fib_XAUUSD_20110607_BUY,LONG,1545.7,1543.5,2.2000000000000455,1.331930028523547,2011-06-07 14:02:00+00:00,1547.2,2011-06-07 14:47:00+00:00,1544.3404,1543.9268,1547.2,2011-06-07 14:49:00+00:00,1543.9268,SL,2,-1.0,-1.3953094777562025
2011-06-08,setup_or_fib_XAUUSD_20110608_BUY,LONG,1535.8,1531.8,4.0,1.6818614368887523,2011-06-08 14:15:00+00:00,1542.6,2011-06-08 15:53:00+00:00,1533.328,1532.576,1542.6,2011-06-08 15:53:00+00:00,1532.576,SL,0,-1.0,-1.2174202127659712
2011-06-10,setup_or_fib_XAUUSD_20110610_SELL,SHORT,1537.0,1532.5,4.5,1.4368594480264423,2011-06-10 13:45:00+00:00,1525.9,2011-06-10 15:49:00+00:00,1535.281,1536.127,1525.9,2011-06-10 15:50:00+00:00,1536.127,SL,1,-1.0,-1.193262411347517
2011-06-13,setup_or_fib_XAUUSD_20110613_BUY,LONG,1531.06,1527.75,3.3099999999999454,1.485047762128068,2011-06-13 13:46:00+00:00,1532.18,2011-06-13 14:06:00+00:00,1528.95,1528.39214,1532.18,2011-06-13 14:10:00+00:00,1528.39214,SL,4,-1.0,-1.293084286380033
2011-06-14,setup_or_fib_XAUUSD_20110614_SELL,SHORT,1520.05,1515.35,4.7000000000000455,1.4012916497938015,2011-06-14 13:51:00+00:00,1511.97,2011-06-14 15:07:00+00:00,1518.2546,1519.1382,1511.97,2011-06-14 15:07:00+00:00,1519.1382,SL,0,-1.0,-1.185038478949727
2011-06-16,setup_or_fib_XAUUSD_20110616_BUY,LONG,1529.68,1525.18,4.5,1.7143968695902592,2011-06-16 14:38:00+00:00,1532.73,2011-06-16 14:52:00+00:00,1526.8990000000001,1526.053,1532.73,2011-06-16 14:56:00+00:00,1526.053,SL,4,-1.0,-1.193262411347517
2011-06-17,setup_or_fib_XAUUSD_20110617_BUY,LONG,1528.15,1527.23,0.9200000000000728,1.3880386258889805,2011-06-17 13:49:00+00:00,1529.71,2011-06-17 14:24:00+00:00,1527.5814400000002,1527.40848,1529.71,2011-06-17 14:25:00+00:00,1527.40848,SL,1,-1.0,-1.9453052728949052
2011-06-20,setup_or_fib_XAUUSD_20110620_BUY,LONG,1536.2,1535.0,1.2000000000000455,1.3457671005818317,2011-06-20 13:50:00+00:00,1546.68,2011-06-20 15:33:00+00:00,1535.4584,1535.2328000000002,1546.68,2011-06-20 15:33:00+00:00,1535.2328000000002,SL,0,-1.0,-1.7247340425539677
2011-06-21,setup_or_fib_XAUUSD_20110621_SELL,SHORT,1544.3,1542.28,2.019999999999982,1.0155084400858252,2011-06-21 13:46:00+00:00,1542.1,2011-06-21 13:50:00+00:00,1543.52836,1543.90812,1542.1,2011-06-21 14:00:00+00:00,1542.1,TP,10,3.7612176111227815,3.330682536338745
2011-06-23,setup_or_fib_XAUUSD_20110623_SELL,SHORT,1530.98,1520.17,10.809999999999945,2.2172771600062324,2011-06-23 13:45:00+00:00,1518.24,2011-06-23 14:35:00+00:00,1526.85058,1528.8828600000002,1518.24,2011-06-23 15:33:00+00:00,1518.24,TP,58,4.236906331804419,4.156454819217576
2011-06-24,setup_or_fib_XAUUSD_20110624_SELL,SHORT,1521.85,1517.68,4.169999999999845,1.8874241050214506,2011-06-24 13:45:00+00:00,1516.92,2011-06-24 13:56:00+00:00,1520.25706,1521.04102,1516.92,2011-06-24 14:21:00+00:00,1516.92,TP,25,4.2566712587375966,4.048114699729478
2011-06-27,setup_or_fib_XAUUSD_20110627_SELL,SHORT,1499.67,1497.94,1.7300000000000182,1.9386818468253613,2011-06-27 14:02:00+00:00,1497.45,2011-06-27 14:07:00+00:00,1499.0091400000001,1499.33438,1497.45,2011-06-27 14:15:00+00:00,1497.45,TP,8,4.793813799042483,4.291108104785771
2011-06-28,setup_or_fib_XAUUSD_20110628_SELL,SHORT,1502.12,1500.48,1.6399999999998727,1.4453605840063137,2011-06-28 13:54:00+00:00,1495.63,2011-06-28 15:30:00+00:00,1501.49352,1501.8018399999999,1495.63,2011-06-28 15:30:00+00:00,1501.8018399999999,SL,0,-1.0,-1.5302932018684179
2011-06-29,setup_or_fib_XAUUSD_20110629_SELL,SHORT,1509.06,1508.14,0.9199999999998454,1.338357550108357,2011-06-29 13:45:00+00:00,1506.66,2011-06-29 13:55:00+00:00,1508.70856,1508.88152,1506.66,2011-06-29 13:56:00+00:00,1508.88152,SL,1,-1.0,-1.945305272896148
2011-06-30,setup_or_fib_XAUUSD_20110630_BUY,LONG,1510.63,1507.85,2.7800000000002,1.2591823702369558,2011-06-30 13:54:00+00:00,1512.3,2011-06-30 14:33:00+00:00,1508.91196,1508.38932,1512.3,2011-06-30 14:36:00+00:00,1508.38932,SL,3,-1.0,-1.3128348385122228
2011-07-07,setup_or_fib_XAUUSD_20110707_BUY,LONG,1528.79,1526.01,2.7799999999999727,1.8966270791304747,2011-07-07 13:47:00+00:00,1531.01,2011-07-07 14:13:00+00:00,1527.07196,1526.54932,1531.01,2011-07-07 14:40:00+00:00,1526.54932,SL,27,-1.0,-1.3128348385122228
2011-07-11,setup_or_fib_XAUUSD_20110711_SELL,SHORT,1556.28,1553.87,2.410000000000082,1.8679045011681223,2011-07-11 13:52:00+00:00,1552.37,2011-07-11 14:53:00+00:00,1555.3593799999999,1555.8124599999999,1552.37,2011-07-11 14:54:00+00:00,1555.8124599999999,SL,1,-1.0,-1.3608634236779378
2011-07-12,setup_or_fib_XAUUSD_20110712_SELL,SHORT,1553.03,1549.22,3.8099999999999454,2.526168573985236,2011-07-12 13:52:00+00:00,1546.32,2011-07-12 14:27:00+00:00,1551.57458,1552.29086,1546.32,2011-07-12 14:28:00+00:00,1552.4,SL,1,-1.1523705813369214,-1.3806332719048249
2011-07-14,setup_or_fib_XAUUSD_20110714_BUY,LONG,1590.02,1586.96,3.0599999999999454,2.599733214053245,2011-07-14 13:45:00+00:00,1592.2,2011-07-14 14:18:00+00:00,1588.12892,1587.5536399999999,1592.2,2011-07-14 14:18:00+00:00,1587.5536399999999,SL,0,-1.0,-1.2842094284521095
2011-07-15,setup_or_fib_XAUUSD_20110715_SELL,SHORT,1585.52,1581.51,4.009999999999991,1.8697947472278431,2011-07-15 13:56:00+00:00,1581.48,2011-07-15 14:01:00+00:00,1583.98818,1584.74206,1581.48,2011-07-15 14:35:00+00:00,1584.74206,SL,34,-1.0,-1.2168780177216587
2011-07-19,setup_or_fib_XAUUSD_20110719_BUY,LONG,1602.08,1598.71,3.369999999999891,2.1039032736853205,2011-07-19 13:55:00+00:00,1604.36,2011-07-19 14:35:00+00:00,1599.99734,1599.3637800000001,1604.36,2011-07-19 14:35:00+00:00,1599.3637800000001,SL,0,-1.0,-1.2580655344404028
2011-07-20,setup_or_fib_XAUUSD_20110720_SELL,SHORT,1589.18,1585.03,4.150000000000091,2.264258639036805,2011-07-20 13:51:00+00:00,1580.88,2011-07-20 14:56:00+00:00,1587.5947,1588.3749,1580.88,2011-07-20 15:23:00+00:00,1588.3749,SL,27,-1.0,-1.209561650858775
2011-07-21,setup_or_fib_XAUUSD_20110721_BUY,LONG,1598.03,1595.22,2.8099999999999454,2.0550849461121943,2011-07-21 13:47:00+00:00,1601.3,2011-07-21 15:09:00+00:00,1596.29342,1595.76514,1601.3,2011-07-21 15:13:00+00:00,1595.76514,SL,4,-1.0,-1.3094949647914014
2011-07-25,setup_or_fib_XAUUSD_20110725_BUY,LONG,1617.59,1612.51,5.079999999999927,1.9255654904135604,2011-07-25 13:45:00+00:00,1619.83,2011-07-25 15:02:00+00:00,1614.45056,1613.49552,1619.83,2011-07-25 15:03:00+00:00,1613.49552,SL,1,-1.0,-1.1711970179259412
2011-07-26,setup_or_fib_XAUUSD_20110726_SELL,SHORT,1613.51,1611.6,1.9100000000000819,1.6613321180470744,2011-07-26 13:48:00+00:00,1610.37,2011-07-26 14:21:00+00:00,1612.78038,1613.1394599999999,1610.37,2011-07-26 14:21:00+00:00,1613.1394599999999,SL,0,-1.0,-1.4553302885151589
2011-07-27,setup_or_fib_XAUUSD_20110727_BUY,LONG,1625.99,1621.43,4.559999999999945,1.682921785353333,2011-07-27 14:29:00+00:00,1628.32,2011-07-27 15:43:00+00:00,1623.17192,1622.31464,1628.32,2011-07-27 15:44:00+00:00,1622.31464,SL,1,-1.0,-1.1907194848824307
2011-07-28,setup_or_fib_XAUUSD_20110728_SELL,SHORT,1618.98,1614.05,4.930000000000064,1.7914919320911968,2011-07-28 13:46:00+00:00,1613.61,2011-07-28 14:27:00+00:00,1617.09674,1618.02358,1613.61,2011-07-28 14:49:00+00:00,1613.61,TP,22,3.7619653877689125,3.585559535626164
2011-07-29,setup_or_fib_XAUUSD_20110729_BUY,LONG,1624.48,1615.86,8.620000000000118,1.6819919634246958,2011-07-29 14:06:00+00:00,1632.35,2011-07-29 15:52:00+00:00,1619.15284,1617.53228,1632.35,2011-07-29 16:00:00+00:00,1624.41,TIME,8,3.244039097595825,3.1431480475884244
2011-08-01,setup_or_fib_XAUUSD_20110801_SELL,SHORT,1619.44,1616.67,2.769999999999982,1.7320936902529904,2011-08-01 13:47:00+00:00,1615.38,2011-08-01 13:57:00+00:00,1618.38186,1618.90262,1615.38,2011-08-01 14:31:00+00:00,1615.38,TP,34,5.764382825100278,5.450418618940117
2011-08-02,setup_or_fib_XAUUSD_20110802_SELL,SHORT,1640.31,1635.95,4.3599999999999,2.10588360582164,2011-08-02 14:00:00+00:00,1632.01,2011-08-02 15:20:00+00:00,1638.64448,1639.46416,1632.01,2011-08-02 15:23:00+00:00,1639.46416,SL,3,-1.0,-1.199468085106368
2011-08-05,setup_or_fib_XAUUSD_20110805_BUY,LONG,1660.2,1649.49,10.710000000000036,2.9910495142292306,2011-08-05 14:24:00+00:00,1662.35,2011-08-05 14:38:00+00:00,1653.58122,1651.5677400000002,1662.35,2011-08-05 14:39:00+00:00,1651.5677400000002,SL,1,-1.0,-1.081202693843501
2011-08-08,setup_or_fib_XAUUSD_20110808_SELL,SHORT,1704.05,1695.25,8.799999999999955,3.864775170457382,2011-08-08 14:19:00+00:00,1692.19,2011-08-08 15:14:00+00:00,1700.6884,1702.3428,1692.19,2011-08-08 15:17:00+00:00,1702.3428,SL,3,-1.0,-1.0988273694390778
2011-08-10,setup_or_fib_XAUUSD_20110810_BUY,LONG,1765.71,1760.11,5.600000000000136,3.9701181145594884,2011-08-10 13:46:00+00:00,1766.91,2011-08-10 14:02:00+00:00,1762.2492,1761.1963999999998,1766.91,2011-08-10 14:03:00+00:00,1761.1963999999998,SL,1,-1.0,-1.15530015197566
2011-08-15,setup_or_fib_XAUUSD_20110815_BUY,LONG,1739.68,1735.68,4.0,3.3371556918563763,2011-08-15 14:04:00+00:00,1740.9,2011-08-15 14:35:00+00:00,1737.208,1736.4560000000001,1740.9,2011-08-15 14:35:00+00:00,1736.4560000000001,SL,0,-1.0,-1.2174202127659712
2011-08-16,setup_or_fib_XAUUSD_20110816_SELL,SHORT,1781.23,1777.88,3.349999999999909,2.9954976561794604,2011-08-16 13:53:00+00:00,1766.48,2011-08-16 15:07:00+00:00,1779.9503,1780.5801000000001,1766.48,2011-08-16 15:07:00+00:00,1780.5801000000001,SL,0,-1.0,-1.2596062241980925
2011-08-17,setup_or_fib_XAUUSD_20110817_BUY,LONG,1785.98,1781.87,4.110000000000127,2.2980641788709733,2011-08-17 14:34:00+00:00,1792.87,2011-08-17 15:59:00+00:00,1783.44002,1782.66734,1792.87,2011-08-17 16:00:00+00:00,1783.7,TIME,1,0.33646528964128625,0.1248641093337951
2011-08-18,setup_or_fib_XAUUSD_20110818_BUY,LONG,1817.24,1810.15,7.089999999999918,2.794504347472569,2011-08-18 14:05:00+00:00,1820.83,2011-08-18 14:46:00+00:00,1812.8583800000001,1811.52546,1820.83,2011-08-18 14:47:00+00:00,1811.52546,SL,1,-1.0,-1.1226630255379113
2011-08-19,setup_or_fib_XAUUSD_20110819_BUY,LONG,1856.35,1841.62,14.730000000000018,7.390305966749209,2011-08-19 13:45:00+00:00,1863.99,2011-08-19 15:03:00+00:00,1847.24686,1844.47762,1863.99,2011-08-19 15:17:00+00:00,1844.47762,SL,14,-1.0,-1.0590414698617654
2011-08-22,setup_or_fib_XAUUSD_20110822_BUY,LONG,1862.64,1858.08,4.560000000000173,4.8309958772008,2011-08-22 13:50:00+00:00,1863.51,2011-08-22 13:53:00+00:00,1859.82192,1858.96464,1863.51,2011-08-22 14:14:00+00:00,1863.51,TP,21,4.302071668532047,4.111352183649667
2011-08-23,setup_or_fib_XAUUSD_20110823_SELL,SHORT,1882.9,1870.53,12.370000000000118,4.85104463623288,2011-08-23 14:05:00+00:00,1862.56,2011-08-23 14:46:00+00:00,1878.1746600000001,1880.5002200000001,1862.56,2011-08-23 15:18:00+00:00,1880.5002200000001,SL,32,-1.0,-1.0703056468119507
2011-08-25,setup_or_fib_XAUUSD_20110825_SELL,SHORT,1737.86,1728.6,9.259999999999991,7.287801231238215,2011-08-25 14:11:00+00:00,1704.24,2011-08-25 15:22:00+00:00,1734.32268,1736.0635599999998,1704.24,2011-08-25 15:26:00+00:00,1736.0635599999998,SL,4,-1.0,-1.0939180184734247
2011-08-26,setup_or_fib_XAUUSD_20110826_SELL,SHORT,1778.7,1768.63,10.069999999999936,5.764567102989313,2011-08-26 13:47:00+00:00,1765.06,2011-08-26 14:13:00+00:00,1774.85326,1776.74642,1765.06,2011-08-26 14:20:00+00:00,1776.74642,SL,7,-1.0,-1.086363540324121
2011-08-30,setup_or_fib_XAUUSD_20110830_SELL,SHORT,1829.36,1823.43,5.929999999999836,5.336894139952395,2011-08-30 13:45:00+00:00,1821.58,2011-08-30 14:00:00+00:00,1827.09474,1828.20958,1821.58,2011-08-30 14:00:00+00:00,1828.20958,SL,0,-1.0,-1.1466578163682737
2011-08-31,setup_or_fib_XAUUSD_20110831_SELL,SHORT,1832.89,1825.12,7.770000000000209,3.4672780914535055,2011-08-31 14:03:00+00:00,1812.49,2011-08-31 15:49:00+00:00,1829.92186,1831.38262,1812.49,2011-08-31 16:00:00+00:00,1829.2,TIME,11,0.4941674196991961,0.3822393822392563
2011-09-01,setup_or_fib_XAUUSD_20110901_SELL,SHORT,1829.17,1824.81,4.360000000000127,3.425748512710009,2011-09-01 13:56:00+00:00,1819.03,2011-09-01 14:54:00+00:00,1827.50448,1828.32416,1819.03,2011-09-01 15:01:00+00:00,1819.03,TP,7,10.33876634784525,10.139298262738826
2011-09-06,setup_or_fib_XAUUSD_20110906_SELL,SHORT,1895.88,1886.97,8.910000000000082,8.642786484076533,2011-09-06 14:11:00+00:00,1884.34,2011-09-06 14:28:00+00:00,1892.47638,1894.15146,1884.34,2011-09-06 14:28:00+00:00,1894.15146,SL,0,-1.0,-1.0976072784583435
2011-09-09,setup_or_fib_XAUUSD_20110909_BUY,LONG,1847.07,1838.77,8.299999999999955,9.13913952235542,2011-09-09 14:03:00+00:00,1851.07,2011-09-09 14:22:00+00:00,1841.9406,1840.3802,1851.07,2011-09-09 14:22:00+00:00,1840.3802,SL,0,-1.0,-1.1047808254293874
2011-09-12,setup_or_fib_XAUUSD_20110912_BUY,LONG,1842.41,1834.46,7.9500000000000455,6.429994756164801,2011-09-12 13:45:00+00:00,1843.42,2011-09-12 13:56:00+00:00,1837.4969,1836.0022999999999,1843.42,2011-09-12 14:00:00+00:00,1836.0022999999999,SL,4,-1.0,-1.109393817743862
2011-09-14,setup_or_fib_XAUUSD_20110914_BUY,LONG,1827.77,1823.05,4.720000000000027,4.5996684555785405,2011-09-14 13:46:00+00:00,1832.31,2011-09-14 14:03:00+00:00,1824.85304,1823.96568,1832.31,2011-09-14 14:16:00+00:00,1823.96568,SL,13,-1.0,-1.1842544175982805
2011-09-15,setup_or_fib_XAUUSD_20110915_SELL,SHORT,1801.97,1780.53,21.440000000000055,4.60611998612393,2011-09-15 13:56:00+00:00,1778.38,2011-09-15 14:13:00+00:00,1793.77992,1797.81064,1778.38,2011-09-15 14:20:00+00:00,1797.81064,SL,7,-1.0,-1.0405634725309625
2011-09-16,setup_or_fib_XAUUSD_20110916_SELL,SHORT,1793.41,1786.7,6.710000000000036,4.169141406171275,2011-09-16 13:52:00+00:00,1783.79,2011-09-16 14:48:00+00:00,1790.84678,1792.10826,1783.79,2011-09-16 15:00:00+00:00,1792.10826,SL,12,-1.0,-1.1296096648381377
2011-09-20,setup_or_fib_XAUUSD_20110920_SELL,SHORT,1792.45,1786.05,6.400000000000091,3.7694478763043486,2011-09-20 14:03:00+00:00,1775.6,2011-09-20 14:56:00+00:00,1790.0052,1791.2084,1775.6,2011-09-20 14:56:00+00:00,1791.2084,SL,0,-1.0,-1.135887632978732
2011-09-21,setup_or_fib_XAUUSD_20110921_BUY,LONG,1798.7,1793.05,5.650000000000091,3.984961800806478,2011-09-21 13:45:00+00:00,1801.55,2011-09-21 14:25:00+00:00,1795.2083,1794.1461,1801.55,2011-09-21 14:25:00+00:00,1794.1461,SL,0,-1.0,-1.1539258143475695
2011-09-22,setup_or_fib_XAUUSD_20110922_SELL,SHORT,1740.02,1733.05,6.970000000000027,6.373222837136282,2011-09-22 13:45:00+00:00,1729.76,2011-09-22 14:08:00+00:00,1737.35746,1738.66782,1729.76,2011-09-22 14:22:00+00:00,1738.66782,SL,14,-1.0,-1.1247748710278143
2011-09-23,setup_or_fib_XAUUSD_20110923_BUY,LONG,1693.85,1682.88,10.9699999999998,8.210457155471895,2011-09-23 14:06:00+00:00,1696.62,2011-09-23 14:23:00+00:00,1687.07054,1685.00818,1696.62,2011-09-23 14:30:00+00:00,1685.00818,SL,7,-1.0,-1.0792781085746466
2011-09-27,setup_or_fib_XAUUSD_20110927_SELL,SHORT,1661.11,1652.46,8.649999999999864,6.547141100948736,2011-09-27 14:09:00+00:00,1651.05,2011-09-27 14:28:00+00:00,1657.8057,1659.4319,1651.05,2011-09-27 14:29:00+00:00,1659.4319,SL,1,-1.0,-1.1005411388513002
2011-09-28,setup_or_fib_XAUUSD_20110928_BUY,LONG,1652.32,1643.38,8.939999999999827,5.76759121137329,2011-09-28 14:07:00+00:00,1656.77,2011-09-28 14:55:00+00:00,1646.79508,1645.1143600000003,1656.77,2011-09-28 14:56:00+00:00,1645.1143600000003,SL,1,-1.0,-1.0972797372554715
2011-09-29,setup_or_fib_XAUUSD_20110929_BUY,LONG,1620.95,1610.61,10.340000000000146,6.560673212316294,2011-09-29 14:09:00+00:00,1630.39,2011-09-29 15:02:00+00:00,1614.55988,1612.61596,1630.39,2011-09-29 15:06:00+00:00,1612.61596,SL,4,-1.0,-1.0841083995226168
2011-09-30,setup_or_fib_XAUUSD_20110930_SELL,SHORT,1622.05,1614.21,7.839999999999918,4.5588606523899875,2011-09-30 13:45:00+00:00,1609.45,2011-09-30 14:35:00+00:00,1619.05512,1620.52904,1609.45,2011-09-30 14:36:00+00:00,1620.52904,SL,1,-1.0,-1.1109286799826383
2011-10-04,setup_or_fib_XAUUSD_20111004_SELL,SHORT,1655.46,1648.87,6.5900000000001455,4.43225279101294,2011-10-04 13:57:00+00:00,1647.46,2011-10-04 14:15:00+00:00,1652.94262,1654.18154,1647.46,2011-10-04 14:40:00+00:00,1647.22,TP,25,4.6190391631420695,4.487069383010988
2011-10-06,setup_or_fib_XAUUSD_20111006_BUY,LONG,1641.46,1636.65,4.809999999999945,4.7272992418854045,2011-10-06 13:46:00+00:00,1649.08,2011-10-06 14:11:00+00:00,1638.4874200000002,1637.5831400000002,1649.08,2011-10-06 14:15:00+00:00,1637.5831400000002,SL,4,-1.0,-1.1808068297430057
2011-10-07,setup_or_fib_XAUUSD_20111007_SELL,SHORT,1664.3,1648.31,15.990000000000009,3.4351091791125015,2011-10-07 15:00:00+00:00,1646.4,2011-10-07 15:32:00+00:00,1658.19182,1661.19794,1646.4,2011-10-07 16:00:00+00:00,1654.65,TIME,28,1.17820313227679,1.123814085931335
2011-10-14,setup_or_fib_XAUUSD_20111014_SELL,SHORT,1682.37,1678.57,3.7999999999999545,2.5268170223884763,2011-10-14 13:48:00+00:00,1676.11,2011-10-14 14:10:00+00:00,1680.9184,1681.6327999999999,1676.11,2011-10-14 14:13:00+00:00,1681.6327999999999,SL,3,-1.0,-1.2288633818589534
2011-10-17,setup_or_fib_XAUUSD_20111017_SELL,SHORT,1686.28,1683.16,3.119999999999891,2.5741321081634254,2011-10-17 13:56:00+00:00,1681.52,2011-10-17 14:08:00+00:00,1685.08816,1685.67472,1681.52,2011-10-17 14:12:00+00:00,1685.67472,SL,4,-1.0,-1.278743862520476
2011-10-18,setup_or_fib_XAUUSD_20111018_SELL,SHORT,1643.6,1639.36,4.240000000000009,4.16319565495705,2011-10-18 13:51:00+00:00,1638.53,2011-10-18 14:00:00+00:00,1641.98032,1642.77744,1638.53,2011-10-18 14:02:00+00:00,1642.77744,SL,2,-1.0,-1.2051134082697255
2011-10-19,setup_or_fib_XAUUSD_20111019_BUY,LONG,1655.13,1648.85,6.2800000000002,3.6066837957905036,2011-10-19 14:08:00+00:00,1660.99,2011-10-19 14:52:00+00:00,1651.24896,1650.0683199999999,1660.99,2011-10-19 14:55:00+00:00,1650.0683199999999,SL,3,-1.0,-1.1384842119528344
2011-10-20,setup_or_fib_XAUUSD_20111020_BUY,LONG,1619.67,1615.11,4.560000000000173,4.071858623390968,2011-10-20 13:53:00+00:00,1622.83,2011-10-20 14:12:00+00:00,1616.85192,1615.99464,1622.83,2011-10-20 14:45:00+00:00,1622.83,TP,33,6.9733109369151896,6.782591452032809
2011-10-21,setup_or_fib_XAUUSD_20111021_BUY,LONG,1645.58,1638.62,6.960000000000036,3.6349727768082505,2011-10-21 14:34:00+00:00,1648.32,2011-10-21 15:31:00+00:00,1641.2787199999998,1639.9702399999999,1648.32,2011-10-21 15:32:00+00:00,1639.9702399999999,SL,1,-1.0,-1.1249541452677996
2011-10-25,setup_or_fib_XAUUSD_20111025_SELL,SHORT,1658.49,1654.72,3.769999999999982,2.8444842013867113,2011-10-25 14:00:00+00:00,1652.37,2011-10-25 14:17:00+00:00,1657.04986,1657.75862,1652.37,2011-10-25 14:18:00+00:00,1657.75862,SL,1,-1.0,-1.2306845758790053
2011-10-27,setup_or_fib_XAUUSD_20111027_BUY,LONG,1722.19,1716.06,6.130000000000109,4.092466798884276,2011-10-27 13:47:00+00:00,1724.51,2011-10-27 13:55:00+00:00,1718.40166,1717.2492200000002,1724.51,2011-10-27 13:56:00+00:00,1717.2492200000002,SL,1,-1.0,-1.1418728957689965
2011-10-28,setup_or_fib_XAUUSD_20111028_SELL,SHORT,1740.28,1735.4,4.879999999999882,3.6532930917690094,2011-10-28 13:46:00+00:00,1734.91,2011-10-28 13:54:00+00:00,1738.4158400000001,1739.33328,1734.91,2011-10-28 13:55:00+00:00,1739.33328,SL,1,-1.0,-1.1782132891524353
2011-10-31,setup_or_fib_XAUUSD_20111031_BUY,LONG,1723.26,1718.62,4.6400000000001,3.6265326714682176,2011-10-31 14:20:00+00:00,1725.38,2011-10-31 14:35:00+00:00,1720.39248,1719.52016,1725.38,2011-10-31 14:39:00+00:00,1719.52016,SL,4,-1.0,-1.1874312179016993
2011-11-01,setup_or_fib_XAUUSD_20111101_SELL,SHORT,1694.27,1689.84,4.430000000000064,4.3577921322131,2011-11-01 13:46:00+00:00,1680.97,2011-11-01 14:45:00+00:00,1692.57774,1693.41058,1680.97,2011-11-01 14:45:00+00:00,1693.41058,SL,0,-1.0,-1.1963162192017598
2011-11-03,setup_or_fib_XAUUSD_20111103_BUY,LONG,1753.77,1749.61,4.160000000000082,5.443195022060707,2011-11-03 13:45:00+00:00,1764.09,2011-11-03 14:56:00+00:00,1751.19912,1750.4170399999998,1764.09,2011-11-03 15:03:00+00:00,1750.4170399999998,SL,7,-1.0,-1.209057896890296
2011-11-04,setup_or_fib_XAUUSD_20111104_BUY,LONG,1759.49,1752.97,6.519999999999982,2.760038865240731,2011-11-04 13:50:00+00:00,1762.9,2011-11-04 14:26:00+00:00,1755.46064,1754.23488,1762.9,2011-11-04 14:53:00+00:00,1754.23488,SL,27,-1.0,-1.133386633598743
2011-11-08,setup_or_fib_XAUUSD_20111108_BUY,LONG,1789.79,1785.08,4.710000000000036,2.526631284564812,2011-11-08 14:50:00+00:00,1796.73,2011-11-08 16:28:00+00:00,1786.87922,1785.99374,1796.73,2011-11-08 17:00:00+00:00,1793.11,TIME,32,7.0366129105105255,6.851967294573437
2011-11-09,setup_or_fib_XAUUSD_20111109_BUY,LONG,1795.2,1790.02,5.180000000000064,3.633818139897813,2011-11-09 14:49:00+00:00,1799.55,2011-11-09 15:21:00+00:00,1791.99876,1791.02492,1799.55,2011-11-09 15:21:00+00:00,1791.02492,SL,0,-1.0,-1.1678920561899488
2011-11-11,setup_or_fib_XAUUSD_20111111_SELL,SHORT,1771.06,1766.24,4.819999999999936,2.6394149829226774,2011-11-11 14:52:00+00:00,1762.27,2011-11-11 15:28:00+00:00,1769.21876,1770.12492,1762.27,2011-11-11 15:30:00+00:00,1770.12492,SL,2,-1.0,-1.180431711838969
2011-11-14,setup_or_fib_XAUUSD_20111114_BUY,LONG,1783.72,1777.16,6.559999999999945,2.9406739150905623,2011-11-14 15:13:00+00:00,1786.4,2011-11-14 15:50:00+00:00,1779.6659200000001,1778.43264,1786.4,2011-11-14 15:53:00+00:00,1778.43264,SL,3,-1.0,-1.132573300467031
2011-11-17,setup_or_fib_XAUUSD_20111117_BUY,LONG,1748.67,1741.76,6.910000000000082,4.396956294281705,2011-11-17 15:31:00+00:00,1749.99,2011-11-17 15:35:00+00:00,1744.39962,1743.10054,1749.99,2011-11-17 15:45:00+00:00,1743.10054,SL,10,-1.0,-1.1258582997198014
2011-11-18,setup_or_fib_XAUUSD_20111118_SELL,SHORT,1728.37,1724.37,4.0,3.37288635206444,2011-11-18 14:57:00+00:00,1715.58,2011-11-18 16:15:00+00:00,1726.8419999999999,1727.5939999999998,1715.58,2011-11-18 16:15:00+00:00,1727.5939999999998,SL,0,-1.0,-1.2174202127659712
2011-11-21,setup_or_fib_XAUUSD_20111121_BUY,LONG,1712.06,1707.22,4.839999999999918,3.561908841940989,2011-11-21 14:47:00+00:00,1713.07,2011-11-21 14:57:00+00:00,1709.06888,1708.15896,1713.07,2011-11-21 15:25:00+00:00,1713.07,TP,28,4.397221733778411,4.217535607525565
2011-11-23,setup_or_fib_XAUUSD_20111123_SELL,SHORT,1695.31,1690.62,4.690000000000055,3.652271291175592,2011-11-23 14:52:00+00:00,1688.87,2011-11-23 15:37:00+00:00,1693.5184199999999,1694.40014,1688.87,2011-11-23 15:37:00+00:00,1694.40014,SL,0,-1.0,-1.1854330172843806
2011-11-28,setup_or_fib_XAUUSD_20111128_BUY,LONG,1718.27,1713.79,4.480000000000018,2.7718880269879933,2011-11-28 14:45:00+00:00,1720.46,2011-11-28 15:21:00+00:00,1715.50136,1714.65912,1720.46,2011-11-28 15:25:00+00:00,1714.65912,SL,4,-1.0,-1.194125189969617
2011-11-29,setup_or_fib_XAUUSD_20111129_SELL,SHORT,1711.28,1707.37,3.910000000000082,2.3646540073566453,2011-11-29 15:10:00+00:00,1706.47,2011-11-29 15:22:00+00:00,1709.78638,1710.52146,1706.47,2011-11-29 15:22:00+00:00,1710.52146,SL,0,-1.0,-1.2224247700930737
2011-11-30,setup_or_fib_XAUUSD_20111130_SELL,SHORT,1744.2,1740.28,3.9200000000000728,5.881615848533892,2011-11-30 14:45:00+00:00,1739.61,2011-11-30 14:50:00+00:00,1742.70256,1743.4395200000001,1739.61,2011-11-30 14:50:00+00:00,1743.4395200000001,SL,0,-1.0,-1.2218573599652083
2011-12-01,setup_or_fib_XAUUSD_20111201_BUY,LONG,1748.32,1745.75,2.5699999999999363,2.7796194447351583,2011-12-01 14:48:00+00:00,1749.75,2011-12-01 14:53:00+00:00,1746.73174,1746.24858,1749.75,2011-12-01 15:03:00+00:00,1746.24858,SL,10,-1.0,-1.3383972183127757
2011-12-05,setup_or_fib_XAUUSD_20111205_SELL,SHORT,1735.24,1730.77,4.470000000000027,2.8989412506314416,2011-12-05 14:45:00+00:00,1729.36,2011-12-05 15:00:00+00:00,1733.53246,1734.37282,1729.36,2011-12-05 15:00:00+00:00,1734.37282,SL,0,-1.0,-1.19455947451089
2011-12-06,setup_or_fib_XAUUSD_20111206_SELL,SHORT,1712.21,1705.3,6.910000000000082,2.570592622867025,2011-12-06 15:00:00+00:00,1705.11,2011-12-06 15:14:00+00:00,1709.5703800000001,1710.8694600000001,1705.11,2011-12-06 15:33:00+00:00,1710.8694600000001,SL,19,-1.0,-1.1258582997198014
2011-12-07,setup_or_fib_XAUUSD_20111207_BUY,LONG,1737.29,1722.59,14.700000000000045,2.451804933375863,2011-12-07 15:31:00+00:00,1738.72,2011-12-07 16:39:00+00:00,1728.2053999999998,1725.4417999999998,1738.72,2011-12-07 16:58:00+00:00,1725.4417999999998,SL,19,-1.0,-1.0591619626574034
2011-12-09,setup_or_fib_XAUUSD_20111209_SELL,SHORT,1713.45,1707.3,6.150000000000091,3.717723449919498,2011-12-09 14:52:00+00:00,1706.1,2011-12-09 15:20:00+00:00,1711.1007,1712.2569,1706.1,2011-12-09 15:23:00+00:00,1712.2569,SL,3,-1.0,-1.1414115204981683
2011-12-13,setup_or_fib_XAUUSD_20111213_SELL,SHORT,1666.22,1662.97,3.25,2.7856339005347204,2011-12-13 15:09:00+00:00,1661.6,2011-12-13 15:31:00+00:00,1664.9785,1665.5895,1661.6,2011-12-13 15:32:00+00:00,1665.5895,SL,1,-1.0,-1.2675941080195945
2011-12-15,setup_or_fib_XAUUSD_20111215_BUY,LONG,1591.99,1582.02,9.970000000000027,4.216074834030139,2011-12-15 15:28:00+00:00,1593.01,2011-12-15 15:34:00+00:00,1585.82854,1583.95418,1593.01,2011-12-15 15:35:00+00:00,1583.95418,SL,1,-1.0,-1.0872297744296708
2011-12-16,setup_or_fib_XAUUSD_20111216_BUY,LONG,1595.58,1590.07,5.509999999999991,3.218502132115409,2011-12-16 14:46:00+00:00,1595.9,2011-12-16 14:50:00+00:00,1592.17482,1591.1389399999998,1595.9,2011-12-16 15:00:00+00:00,1591.1389399999998,SL,10,-1.0,-1.1578368150750848
2011-12-21,setup_or_fib_XAUUSD_20111221_BUY,LONG,1616.82,1609.75,7.069999999999936,3.9698788502520066,2011-12-21 14:59:00+00:00,1618.01,2011-12-21 15:33:00+00:00,1612.45074,1611.12158,1618.01,2011-12-21 15:34:00+00:00,1610.85,SL,1,-1.2043245357971089,-1.327334557163987
2011-12-22,setup_or_fib_XAUUSD_20111222_SELL,SHORT,1611.35,1606.76,4.589999999999918,2.480304903389491,2011-12-22 14:45:00+00:00,1604.0,2011-12-22 15:41:00+00:00,1609.59662,1610.4595399999998,1604.0,2011-12-22 15:41:00+00:00,1610.4595399999998,SL,0,-1.0,-1.189472952301531
2011-12-28,setup_or_fib_XAUUSD_20111228_BUY,LONG,1591.71,1588.66,3.0499999999999545,2.2226813756493997,2011-12-28 14:54:00+00:00,1592.86,2011-12-28 15:07:00+00:00,1589.8251,1589.2517000000003,1592.86,2011-12-28 15:08:00+00:00,1589.2517000000003,SL,1,-1.0,-1.2851412626439955
2011-12-29,setup_or_fib_XAUUSD_20111229_BUY,LONG,1536.66,1532.25,4.410000000000082,4.516756842461814,2011-12-29 14:49:00+00:00,1537.37,2011-12-29 14:54:00+00:00,1533.93462,1533.10554,1537.37,2011-12-29 15:03:00+00:00,1533.10554,SL,9,-1.0,-1.1972065421913503
2011-12-30,setup_or_fib_XAUUSD_20111230_BUY,LONG,1567.75,1562.33,5.420000000000073,3.015923717024947,2011-12-30 15:22:00+00:00,1568.45,2011-12-30 15:30:00+00:00,1564.40044,1563.3814799999998,1568.45,2011-12-30 15:31:00+00:00,1563.3814799999998,SL,1,-1.0,-1.1604577215984757
2012-01-04,setup_or_fib_XAUUSD_20120104_SELL,SHORT,1601.23,1596.71,4.519999999999982,3.2066887723780044,2012-01-04 14:55:00+00:00,1594.0,2012-01-04 15:30:00+00:00,1599.50336,1600.35312,1594.0,2012-01-04 15:30:00+00:00,1600.35312,SL,0,-1.0,-1.192407267934462
2012-01-05,setup_or_fib_XAUUSD_20120105_SELL,SHORT,1611.66,1605.91,5.75,3.6223602013246445,2012-01-05 14:48:00+00:00,1596.68,2012-01-05 16:35:00+00:00,1609.4635,1610.5445000000002,1596.68,2012-01-05 17:00:00+00:00,1607.83,TIME,25,1.5111008325623887,1.3598519888991323
2012-01-06,setup_or_fib_XAUUSD_20120106_BUY,LONG,1627.38,1616.61,10.77000000000021,2.0855455640235556,2012-01-06 15:11:00+00:00,1631.14,2012-01-06 15:42:00+00:00,1620.72414,1618.6993799999998,1631.14,2012-01-06 15:52:00+00:00,1618.6993799999998,SL,10,-1.0,-1.0807503111479781
2012-01-09,setup_or_fib_XAUUSD_20120109_BUY,LONG,1618.06,1616.31,1.75,2.7346199895211365,2012-01-09 14:50:00+00:00,1622.14,2012-01-09 15:33:00+00:00,1616.9785,1616.6494999999998,1622.14,2012-01-09 15:33:00+00:00,1616.6494999999998,SL,0,-1.0,-1.4969604863219192
2012-01-10,setup_or_fib_XAUUSD_20120110_SELL,SHORT,1639.75,1637.5,2.25,3.1674457948795025,2012-01-10 14:46:00+00:00,1635.4,2012-01-10 15:05:00+00:00,1638.8905,1639.3135,1635.4,2012-01-10 15:05:00+00:00,1639.3135,SL,0,-1.0,-1.3865248226950337
2012-01-11,setup_or_fib_XAUUSD_20120111_BUY,LONG,1639.9,1633.84,6.060000000000173,3.0431259255557794,2012-01-11 15:52:00+00:00,1640.6,2012-01-11 16:00:00+00:00,1636.15492,1635.0156399999998,1640.6,2012-01-11 16:02:00+00:00,1635.0156399999998,SL,2,-1.0,-1.143511691594679
2012-01-12,setup_or_fib_XAUUSD_20120112_BUY,LONG,1654.31,1652.27,2.0399999999999636,2.235157496674239,2012-01-12 14:48:00+00:00,1661.98,2012-01-12 16:39:00+00:00,1653.04928,1652.66576,1661.98,2012-01-12 16:41:00+00:00,1652.66576,SL,2,-1.0,-1.426314142678501
2012-01-13,setup_or_fib_XAUUSD_20120113_SELL,SHORT,1642.26,1638.99,3.269999999999982,2.992458303092497,2012-01-13 14:45:00+00:00,1634.73,2012-01-13 15:39:00+00:00,1641.01086,1641.62562,1634.73,2012-01-13 16:03:00+00:00,1634.73,TP,24,10.216767519033054,9.950810072224515
2012-01-16,setup_or_fib_XAUUSD_20120116_SELL,SHORT,1644.51,1642.49,2.019999999999982,1.9825552613306203,2012-01-16 14:56:00+00:00,1642.03,2012-01-16 15:07:00+00:00,1643.73836,1644.11812,1642.03,2012-01-16 15:36:00+00:00,1642.03,TP,29,4.4985253844531705,4.067990309669134
2012-01-20,setup_or_fib_XAUUSD_20120120_BUY,LONG,1651.34,1647.48,3.8599999999999,2.2566799489874936,2012-01-20 14:53:00+00:00,1653.35,2012-01-20 15:37:00+00:00,1648.95452,1648.22884,1653.35,2012-01-20 15:50:00+00:00,1653.35,TP,13,6.057049939366992,5.831744019402273
2012-01-23,setup_or_fib_XAUUSD_20120123_SELL,SHORT,1671.82,1669.92,1.8999999999998636,2.636496288479372,2012-01-23 14:45:00+00:00,1668.76,2012-01-23 14:57:00+00:00,1671.0942,1671.4514,1668.76,2012-01-23 15:01:00+00:00,1668.76,TP,4,6.5347144456901685,6.076987681972262
2012-01-24,setup_or_fib_XAUUSD_20120124_SELL,SHORT,1667.77,1664.18,3.589999999999918,2.6322549540216604,2012-01-24 14:47:00+00:00,1661.39,2012-01-24 16:34:00+00:00,1666.39862,1667.0735399999999,1661.39,2012-01-24 16:35:00+00:00,1667.0735399999999,SL,1,-1.0,-1.242250933443989
2012-01-25,setup_or_fib_XAUUSD_20120125_SELL,SHORT,1656.51,1654.45,2.0599999999999454,2.052340588338194,2012-01-25 15:00:00+00:00,1652.58,2012-01-25 15:20:00+00:00,1655.72308,1656.11036,1652.58,2012-01-25 15:22:00+00:00,1656.11036,SL,2,-1.0,-1.4221751704194234
2012-01-26,setup_or_fib_XAUUSD_20120126_BUY,LONG,1726.96,1720.86,6.100000000000136,3.3224289901320168,2012-01-26 14:58:00+00:00,1730.14,2012-01-26 15:44:00+00:00,1723.1902,1722.0433999999998,1730.14,2012-01-26 15:58:00+00:00,1730.14,TP,14,6.060167422391707,5.917596791069794
2012-01-27,setup_or_fib_XAUUSD_20120127_SELL,SHORT,1726.4,1720.61,5.790000000000191,1.9848208956368572,2012-01-27 14:49:00+00:00,1717.62,2012-01-27 15:31:00+00:00,1724.18822,1725.27674,1717.62,2012-01-27 15:35:00+00:00,1725.27674,SL,4,-1.0,-1.1502039466431462
2012-01-31,setup_or_fib_XAUUSD_20120131_BUY,LONG,1745.85,1741.73,4.119999999999891,2.256346400848415,2012-01-31 15:08:00+00:00,1747.52,2012-01-31 15:43:00+00:00,1743.30384,1742.52928,1747.52,2012-01-31 15:44:00+00:00,1742.52928,SL,1,-1.0,-1.2110875852096497
2012-02-01,setup_or_fib_XAUUSD_20120201_SELL,SHORT,1748.81,1746.27,2.5399999999999636,2.6846611478458895,2012-02-01 14:47:00+00:00,1739.45,2012-02-01 16:15:00+00:00,1747.83972,1748.3172399999999,1739.45,2012-02-01 17:00:00+00:00,1746.89,TIME,45,1.9888591053778182,1.6464650695258545
2012-02-02,setup_or_fib_XAUUSD_20120202_SELL,SHORT,1749.1,1745.71,3.3899999999998727,2.5819655461892035,2012-02-02 15:06:00+00:00,1745.09,2012-02-02 15:20:00+00:00,1747.80502,1748.44234,1745.09,2012-02-02 15:21:00+00:00,1748.44234,SL,1,-1.0,-1.256543023912616
2012-02-08,setup_or_fib_XAUUSD_20120208_SELL,SHORT,1746.46,1743.79,2.6700000000000728,2.480581431944148,2012-02-08 14:47:00+00:00,1739.35,2012-02-08 15:41:00+00:00,1745.44006,1745.94202,1739.35,2012-02-08 15:45:00+00:00,1745.94202,SL,4,-1.0,-1.3257231651924108
2012-02-10,setup_or_fib_XAUUSD_20120210_SELL,SHORT,1712.16,1707.19,4.970000000000027,3.3309199479536877,2012-02-10 14:45:00+00:00,1706.46,2012-02-10 14:57:00+00:00,1710.2614600000002,1711.1958200000001,1706.46,2012-02-10 15:02:00+00:00,1711.1958200000001,SL,5,-1.0,-1.1749860867331707
2012-02-13,setup_or_fib_XAUUSD_20120213_SELL,SHORT,1728.42,1724.28,4.1400000000001,2.025872926429474,2012-02-13 14:55:00+00:00,1716.07,2012-02-13 16:58:00+00:00,1726.83852,1727.61684,1716.07,2012-02-13 17:00:00+00:00,1726.31,TIME,2,0.6790523178129089,0.4689844793916654
2012-02-14,setup_or_fib_XAUUSD_20120214_SELL,SHORT,1719.55,1714.74,4.809999999999945,2.7704715021671675,2012-02-14 14:45:00+00:00,1714.63,2012-02-14 14:57:00+00:00,1717.71258,1718.6168599999999,1714.63,2012-02-14 14:57:00+00:00,1718.6168599999999,SL,0,-1.0,-1.1808068297430057
2012-02-15,setup_or_fib_XAUUSD_20120215_BUY,LONG,1732.43,1728.69,3.740000000000009,2.3673012364056567,2012-02-15 15:05:00+00:00,1737.27,2012-02-15 16:20:00+00:00,1730.11868,1729.41556,1737.27,2012-02-15 17:00:00+00:00,1730.21,TIME,40,0.12987825691202023,-0.1026567300034005
2012-02-20,setup_or_fib_XAUUSD_20120220_SELL,SHORT,1734.89,1733.85,1.040000000000191,2.1766737991645293,2012-02-20 14:46:00+00:00,1732.04,2012-02-20 15:24:00+00:00,1734.49272,1734.6882400000002,1732.04,2012-02-20 15:55:00+00:00,1732.04,TP,31,12.544599017989471,11.708367430429016
2012-02-21,setup_or_fib_XAUUSD_20120221_SELL,SHORT,1748.4,1744.8,3.6000000000001364,2.3476944433928715,2012-02-21 15:17:00+00:00,1744.28,2012-02-21 15:36:00+00:00,1747.0248000000001,1747.7015999999999,1744.28,2012-02-21 15:41:00+00:00,1747.7015999999999,SL,5,-1.0,-1.2415780141844934
2012-02-23,setup_or_fib_XAUUSD_20120223_BUY,LONG,1780.34,1777.74,2.599999999999909,1.773489060069385,2012-02-23 14:46:00+00:00,1784.76,2012-02-23 15:24:00+00:00,1778.7332,1778.2444,1784.76,2012-02-23 15:24:00+00:00,1778.2444,SL,0,-1.0,-1.3344926350246489
2012-02-24,setup_or_fib_XAUUSD_20120224_SELL,SHORT,1780.54,1778.7,1.8399999999999181,2.2126413994546423,2012-02-24 15:04:00+00:00,1773.14,2012-02-24 16:00:00+00:00,1779.83712,1780.1830400000001,1773.14,2012-02-24 16:00:00+00:00,1780.1830400000001,SL,0,-1.0,-1.4726526364474526
2012-02-27,setup_or_fib_XAUUSD_20120227_SELL,SHORT,1771.43,1769.62,1.8100000000001728,2.1222750705458684,2012-02-27 14:45:00+00:00,1767.98,2012-02-27 14:57:00+00:00,1770.73858,1771.07886,1767.98,2012-02-27 14:57:00+00:00,1771.07886,SL,0,-1.0,-1.4804866580461444
2012-02-28,setup_or_fib_XAUUSD_20120228_SELL,SHORT,1782.97,1779.85,3.1200000000001182,1.8805970769137186,2012-02-28 15:00:00+00:00,1778.74,2012-02-28 15:12:00+00:00,1781.77816,1782.36472,1778.74,2012-02-28 15:13:00+00:00,1782.36472,SL,1,-1.0,-1.278743862520476
2012-02-29,setup_or_fib_XAUUSD_20120229_SELL,SHORT,1786.15,1782.25,3.900000000000091,2.1848930797442994,2012-02-29 14:56:00+00:00,1778.2,2012-02-29 15:35:00+00:00,1784.6602,1785.3934000000002,1778.2,2012-02-29 15:38:00+00:00,1785.3934000000002,SL,3,-1.0,-1.2229950900163287
2012-03-02,setup_or_fib_XAUUSD_20120302_BUY,LONG,1710.59,1705.6,4.990000000000009,2.397246673725089,2012-03-02 14:58:00+00:00,1712.7,2012-03-02 15:42:00+00:00,1707.5061799999999,1706.56806,1712.7,2012-03-02 15:48:00+00:00,1706.56806,SL,6,-1.0,-1.1742847396921876
2012-03-05,setup_or_fib_XAUUSD_20120305_BUY,LONG,1704.36,1701.62,2.740000000000009,2.5887737307123797,2012-03-05 14:45:00+00:00,1710.46,2012-03-05 16:12:00+00:00,1702.6666799999998,1702.1515599999998,1710.46,2012-03-05 16:13:00+00:00,1702.1515599999998,SL,1,-1.0,-1.3174017704612366
2012-03-26,setup_or_fib_XAUUSD_20120326_BUY,LONG,1679.09,1676.65,2.439999999999827,3.0074788891431994,2012-03-26 13:45:00+00:00,1684.0,2012-03-26 14:53:00+00:00,1677.5820800000001,1677.12336,1684.0,2012-03-26 15:28:00+00:00,1684.0,TP,35,13.990931287056767,13.634504708751985
2012-03-27,setup_or_fib_XAUUSD_20120327_BUY,LONG,1689.19,1686.46,2.730000000000018,2.3319945078808884,2012-03-27 13:49:00+00:00,1696.95,2012-03-27 15:42:00+00:00,1687.50286,1686.98962,1696.95,2012-03-27 15:43:00+00:00,1686.98962,SL,1,-1.0,-1.3185644143090975
2012-03-28,setup_or_fib_XAUUSD_20120328_BUY,LONG,1674.31,1671.6,2.7100000000000364,2.1076610600743972,2012-03-28 13:46:00+00:00,1677.49,2012-03-28 14:00:00+00:00,1672.63522,1672.12574,1677.49,2012-03-28 14:15:00+00:00,1672.12574,SL,15,-1.0,-1.3209154431970234
2012-03-29,setup_or_fib_XAUUSD_20120329_BUY,LONG,1661.99,1656.5,5.490000000000009,1.7204207664324658,2012-03-29 13:59:00+00:00,1663.79,2012-03-29 14:26:00+00:00,1658.59718,1657.5650600000001,1663.79,2012-03-29 14:39:00+00:00,1657.5650600000001,SL,13,-1.0,-1.1584118125799556
2012-04-02,setup_or_fib_XAUUSD_20120402_BUY,LONG,1669.2,1667.23,1.9700000000000273,1.7258141043611404,2012-04-02 13:47:00+00:00,1669.84,2012-04-02 14:01:00+00:00,1667.98254,1667.61218,1669.84,2012-04-02 14:01:00+00:00,1667.61218,SL,0,-1.0,-1.441462360946236
2012-04-03,setup_or_fib_XAUUSD_20120403_BUY,LONG,1675.05,1672.29,2.759999999999991,1.5353402187491472,2012-04-03 13:51:00+00:00,1680.94,2012-04-03 15:15:00+00:00,1673.34432,1672.8254399999998,1680.94,2012-04-03 15:16:00+00:00,1672.8254399999998,SL,1,-1.0,-1.3151017576317732
2012-04-04,setup_or_fib_XAUUSD_20120404_BUY,LONG,1622.04,1618.19,3.849999999999909,3.283357099847948,2012-04-04 13:46:00+00:00,1624.44,2012-04-04 14:07:00+00:00,1619.6607,1618.9369,1624.44,2012-04-04 14:07:00+00:00,1618.9369,SL,0,-1.0,-1.2258911301464546
2012-04-09,setup_or_fib_XAUUSD_20120409_BUY,LONG,1647.24,1642.87,4.370000000000118,1.5717851020940468,2012-04-09 14:04:00+00:00,1648.44,2012-04-09 14:25:00+00:00,1644.53934,1643.71778,1648.44,2012-04-09 14:31:00+00:00,1643.71778,SL,6,-1.0,-1.1990116363990238
2012-04-11,setup_or_fib_XAUUSD_20120411_BUY,LONG,1658.03,1655.86,2.1700000000000728,2.221280611444178,2012-04-11 13:47:00+00:00,1658.58,2012-04-11 14:08:00+00:00,1656.68894,1656.28098,1658.58,2012-04-11 14:11:00+00:00,1656.28098,SL,3,-1.0,-1.4007745857436977
2012-04-16,setup_or_fib_XAUUSD_20120416_BUY,LONG,1652.72,1646.04,6.680000000000064,1.8157343847435854,2012-04-16 13:46:00+00:00,1657.69,2012-04-16 15:17:00+00:00,1648.59176,1647.33592,1657.69,2012-04-16 15:22:00+00:00,1647.33592,SL,5,-1.0,-1.1301917441712284
2012-04-17,setup_or_fib_XAUUSD_20120417_SELL,SHORT,1655.74,1650.86,4.880000000000109,1.8055450704559082,2012-04-17 14:04:00+00:00,1650.39,2012-04-17 14:07:00+00:00,1653.87584,1654.79328,1650.39,2012-04-17 14:35:00+00:00,1650.39,TP,28,3.7995291245195117,3.6213158353671204
2012-04-18,setup_or_fib_XAUUSD_20120418_SELL,SHORT,1643.64,1640.58,3.060000000000173,1.92228575529486,2012-04-18 13:47:00+00:00,1637.81,2012-04-18 14:24:00+00:00,1642.47108,1643.04636,1637.81,2012-04-18 14:24:00+00:00,1643.04636,SL,0,-1.0,-1.2842094284522219
2012-04-20,setup_or_fib_XAUUSD_20120420_SELL,SHORT,1645.47,1643.49,1.9800000000000182,1.6975034409812917,2012-04-20 13:57:00+00:00,1638.55,2012-04-20 15:13:00+00:00,1644.71364,1645.08588,1638.55,2012-04-20 15:14:00+00:00,1645.08588,SL,1,-1.0,-1.4392327530623668
2012-04-23,setup_or_fib_XAUUSD_20120423_BUY,LONG,1627.95,1624.44,3.509999999999991,2.3103636957026197,2012-04-23 13:46:00+00:00,1628.97,2012-04-23 14:05:00+00:00,1625.78082,1625.1209400000002,1628.97,2012-04-23 14:26:00+00:00,1628.97,TP,21,4.832969630844268,4.585197308603749
2012-04-25,setup_or_fib_XAUUSD_20120425_SELL,SHORT,1643.44,1640.47,2.9700000000000273,1.4260710220498396,2012-04-25 13:46:00+00:00,1638.54,2012-04-25 14:14:00+00:00,1642.30546,1642.86382,1638.54,2012-04-25 14:15:00+00:00,1642.86382,SL,1,-1.0,-1.2928218353750305
2012-04-26,setup_or_fib_XAUUSD_20120426_SELL,SHORT,1654.94,1651.45,3.490000000000009,1.6918500470556272,2012-04-26 14:40:00+00:00,1648.57,2012-04-26 15:04:00+00:00,1653.60682,1654.26294,1648.57,2012-04-26 15:18:00+00:00,1654.26294,SL,14,-1.0,-1.2491922209351565
2012-05-01,setup_or_fib_XAUUSD_20120501_SELL,SHORT,1671.35,1667.55,3.7999999999999545,1.5224514504885147,2012-05-01 14:49:00+00:00,1666.94,2012-05-01 14:57:00+00:00,1669.8984,1670.6127999999999,1666.94,2012-05-01 15:00:00+00:00,1666.94,TP,3,4.14109742441299,3.912234042554037
2012-05-04,setup_or_fib_XAUUSD_20120504_BUY,LONG,1641.47,1632.43,9.039999999999964,1.7533289704672785,2012-05-04 14:46:00+00:00,1647.11,2012-05-04 15:48:00+00:00,1635.88328,1634.18376,1647.11,2012-05-04 15:50:00+00:00,1634.18376,SL,2,-1.0,-1.096203633967231
2012-05-07,setup_or_fib_XAUUSD_20120507_BUY,LONG,1638.77,1635.53,3.240000000000009,1.6984970014897782,2012-05-07 14:19:00+00:00,1641.28,2012-05-07 15:11:00+00:00,1636.76768,1636.1585599999999,1641.28,2012-05-07 15:13:00+00:00,1636.1585599999999,SL,2,-1.0,-1.268420015760408
2012-05-09,setup_or_fib_XAUUSD_20120509_SELL,SHORT,1584.79,1582.13,2.6599999999998545,2.815142470315969,2012-05-09 13:48:00+00:00,1579.67,2012-05-09 13:55:00+00:00,1583.77388,1584.27396,1579.67,2012-05-09 13:55:00+00:00,1584.27396,SL,0,-1.0,-1.3269476883698443
2012-05-11,setup_or_fib_XAUUSD_20120511_SELL,SHORT,1585.92,1582.27,3.650000000000091,2.288603851928307,2012-05-11 13:45:00+00:00,1578.39,2012-05-11 14:48:00+00:00,1584.5257000000001,1585.2119000000002,1578.39,2012-05-11 15:02:00+00:00,1585.2119000000002,SL,14,-1.0,-1.238268726318823
2012-05-17,setup_or_fib_XAUUSD_20120517_BUY,LONG,1555.71,1551.2,4.509999999999991,3.0767861243938284,2012-05-17 13:48:00+00:00,1557.34,2012-05-17 14:15:00+00:00,1552.92282,1552.07494,1557.34,2012-05-17 14:39:00+00:00,1552.07494,SL,24,-1.0,-1.1928338915884251
2012-05-18,setup_or_fib_XAUUSD_20120518_SELL,SHORT,1590.1,1587.09,3.009999999999991,2.9836854057503843,2012-05-18 13:45:00+00:00,1584.99,2012-05-18 13:56:00+00:00,1588.9501799999998,1589.5160599999997,1584.99,2012-05-18 13:58:00+00:00,1589.5160599999997,SL,2,-1.0,-1.2889305153036597
2012-05-21,setup_or_fib_XAUUSD_20120521_SELL,SHORT,1590.12,1587.41,2.709999999999809,2.3815355076206157,2012-05-21 13:55:00+00:00,1586.85,2012-05-21 13:59:00+00:00,1589.08478,1589.59426,1586.85,2012-05-21 13:59:00+00:00,1589.59426,SL,0,-1.0,-1.32091544319688
2012-05-23,setup_or_fib_XAUUSD_20120523_BUY,LONG,1559.76,1557.63,2.1299999999998818,2.8503481643953044,2012-05-23 13:47:00+00:00,1564.65,2012-05-23 14:31:00+00:00,1558.4436600000001,1558.04322,1564.65,2012-05-23 14:48:00+00:00,1558.04322,SL,17,-1.0,-1.4083008690439323
2012-05-24,setup_or_fib_XAUUSD_20120524_BUY,LONG,1572.44,1563.89,8.549999999999955,3.1875747727247,2012-05-24 13:45:00+00:00,1577.73,2012-05-24 14:55:00+00:00,1567.1561000000002,1565.5487,1577.73,2012-05-24 16:00:00+00:00,1571.67,TIME,65,2.808199576956356,2.7064825183524057
2012-05-28,setup_or_fib_XAUUSD_20120528_BUY,LONG,1577.99,1576.4,1.5899999999999181,2.034657381063098,2012-05-28 13:51:00+00:00,1578.17,2012-05-28 13:58:00+00:00,1577.00738,1576.70846,1578.17,2012-05-28 13:58:00+00:00,1576.70846,SL,0,-1.0,-1.5469690887194762
2012-05-31,setup_or_fib_XAUUSD_20120531_BUY,LONG,1565.58,1558.34,7.240000000000009,2.7661640609994174,2012-05-31 13:54:00+00:00,1572.99,2012-05-31 14:55:00+00:00,1561.10568,1559.7445599999999,1572.99,2012-05-31 14:55:00+00:00,1559.7445599999999,SL,0,-1.0,-1.1201216645115761
2012-06-04,setup_or_fib_XAUUSD_20120604_BUY,LONG,1619.59,1614.84,4.75,3.171575255370998,2012-06-04 14:01:00+00:00,1621.96,2012-06-04 14:39:00+00:00,1616.6544999999999,1615.7614999999998,1621.96,2012-06-04 15:32:00+00:00,1615.7614999999998,SL,53,-1.0,-1.183090705487116
2012-06-06,setup_or_fib_XAUUSD_20120606_SELL,SHORT,1640.63,1634.72,5.910000000000082,2.7531188939065956,2012-06-06 13:52:00+00:00,1632.72,2012-06-06 14:42:00+00:00,1638.37238,1639.48346,1632.72,2012-06-06 15:15:00+00:00,1639.48346,SL,33,-1.0,-1.1471541203153819
2012-06-07,setup_or_fib_XAUUSD_20120607_BUY,LONG,1623.1,1619.5,3.599999999999909,3.916380567091462,2012-06-07 13:52:00+00:00,1627.09,2012-06-07 14:45:00+00:00,1620.8752,1620.1984,1627.09,2012-06-07 14:45:00+00:00,1620.1984,SL,0,-1.0,-1.2415780141844124
2012-06-08,setup_or_fib_XAUUSD_20120608_SELL,SHORT,1582.92,1578.57,4.350000000000136,3.796363139294222,2012-06-08 13:47:00+00:00,1573.08,2012-06-08 14:53:00+00:00,1581.2583,1582.0761,1573.08,2012-06-08 15:45:00+00:00,1582.0761,SL,52,-1.0,-1.1999266324284583
2012-06-11,setup_or_fib_XAUUSD_20120611_BUY,LONG,1594.15,1591.06,3.0900000000001455,2.284597542953396,2012-06-11 13:51:00+00:00,1596.51,2012-06-11 14:31:00+00:00,1592.24038,1591.65946,1596.51,2012-06-11 14:31:00+00:00,1591.65946,SL,0,-1.0,-1.2814501136129488
2012-06-15,setup_or_fib_XAUUSD_20120615_SELL,SHORT,1631.89,1628.35,3.540000000000191,2.534914188875077,2012-06-15 13:46:00+00:00,1619.23,2012-06-15 15:43:00+00:00,1630.53772,1631.20324,1619.23,2012-06-15 15:43:00+00:00,1631.20324,SL,0,-1.0,-1.2456725567976865
2012-06-18,setup_or_fib_XAUUSD_20120618_BUY,LONG,1618.98,1617.56,1.4200000000000728,2.5320429473606856,2012-06-18 13:48:00+00:00,1622.91,2012-06-18 15:00:00+00:00,1618.10244,1617.83548,1622.91,2012-06-18 15:00:00+00:00,1617.83548,SL,0,-1.0,-1.6124513035662462
2012-06-20,setup_or_fib_XAUUSD_20120620_BUY,LONG,1605.34,1600.12,5.220000000000027,2.6551702871606904,2012-06-20 14:18:00+00:00,1608.62,2012-06-20 14:54:00+00:00,1602.11404,1601.13268,1608.62,2012-06-20 15:01:00+00:00,1601.13268,SL,7,-1.0,-1.166605527023723
2012-06-22,setup_or_fib_XAUUSD_20120622_SELL,SHORT,1569.54,1567.63,1.9099999999998545,1.9850449929420564,2012-06-22 13:45:00+00:00,1565.71,2012-06-22 14:08:00+00:00,1568.8103800000001,1569.1694599999998,1565.71,2012-06-22 14:08:00+00:00,1569.1694599999998,SL,0,-1.0,-1.455330288515447
2012-06-25,setup_or_fib_XAUUSD_20120625_BUY,LONG,1572.64,1570.42,2.2200000000000273,1.9333753781034755,2012-06-25 14:03:00+00:00,1573.18,2012-06-25 14:11:00+00:00,1571.2680400000002,1570.85068,1573.18,2012-06-25 14:31:00+00:00,1570.85068,SL,20,-1.0,-1.3917481311096978
2012-06-26,setup_or_fib_XAUUSD_20120626_BUY,LONG,1580.39,1577.92,2.4700000000000273,1.7525246103452858,2012-06-26 13:53:00+00:00,1580.61,2012-06-26 14:00:00+00:00,1578.86354,1578.39918,1580.61,2012-06-26 14:09:00+00:00,1578.39918,SL,9,-1.0,-1.3520975105520292
2012-06-27,setup_or_fib_XAUUSD_20120627_SELL,SHORT,1570.28,1565.05,5.230000000000018,2.046548442341669,2012-06-27 13:47:00+00:00,1562.69,2012-06-27 14:21:00+00:00,1568.28214,1569.2653799999998,1562.69,2012-06-27 14:21:00+00:00,1569.2653799999998,SL,0,-1.0,-1.1662869696107094
2012-07-04,setup_or_fib_XAUUSD_20120704_SELL,SHORT,1616.54,1615.73,0.8099999999999454,1.5966880380466477,2012-07-04 14:08:00+00:00,1615.54,2012-07-04 14:16:00+00:00,1616.23058,1616.38286,1615.54,2012-07-04 14:31:00+00:00,1615.54,TP,15,4.534935644863863,3.4612555818222304
2012-07-05,setup_or_fib_XAUUSD_20120705_BUY,LONG,1604.52,1597.49,7.029999999999973,3.8569529681907766,2012-07-05 14:06:00+00:00,1606.53,2012-07-05 14:25:00+00:00,1600.17546,1598.85382,1606.53,2012-07-05 14:31:00+00:00,1598.85382,SL,6,-1.0,-1.1237099361399578
2012-07-09,setup_or_fib_XAUUSD_20120709_BUY,LONG,1585.2,1582.6,2.6000000000001364,1.6717012179657151,2012-07-09 14:05:00+00:00,1585.5,2012-07-09 14:10:00+00:00,1583.5932,1583.1044,1585.5,2012-07-09 14:15:00+00:00,1583.1044,SL,5,-1.0,-1.3344926350244932
2012-07-10,setup_or_fib_XAUUSD_20120710_BUY,LONG,1598.23,1592.23,6.0,2.0832463243083974,2012-07-10 13:46:00+00:00,1601.17,2012-07-10 14:50:00+00:00,1594.522,1593.3940000000002,1601.17,2012-07-10 14:58:00+00:00,1593.3940000000002,SL,8,-1.0,-1.1449468085106767
2012-07-11,setup_or_fib_XAUUSD_20120711_BUY,LONG,1575.77,1572.73,3.0399999999999636,1.8128317819145825,2012-07-11 13:51:00+00:00,1576.0,2012-07-11 13:56:00+00:00,1573.89128,1573.31976,1576.0,2012-07-11 13:59:00+00:00,1573.31976,SL,3,-1.0,-1.286079227323646
2012-07-12,setup_or_fib_XAUUSD_20120712_BUY,LONG,1559.64,1555.66,3.980000000000018,2.2283201472885046,2012-07-12 14:00:00+00:00,1561.56,2012-07-12 14:16:00+00:00,1557.18036,1556.4321200000002,1561.56,2012-07-12 14:16:00+00:00,1556.4321200000002,SL,0,-1.0,-1.2185127766492339
2012-07-13,setup_or_fib_XAUUSD_20120713_SELL,SHORT,1586.6,1581.79,4.809999999999945,2.0807554631828973,2012-07-13 14:03:00+00:00,1579.08,2012-07-13 14:40:00+00:00,1584.7625799999998,1585.6668599999998,1579.08,2012-07-13 14:42:00+00:00,1585.6668599999998,SL,2,-1.0,-1.1808068297430057
2012-07-17,setup_or_fib_XAUUSD_20120717_SELL,SHORT,1590.54,1587.21,3.3299999999999272,1.952378452832704,2012-07-17 13:50:00+00:00,1585.73,2012-07-17 14:33:00+00:00,1589.26794,1589.89398,1585.73,2012-07-17 14:43:00+00:00,1585.73,TP,10,5.651300236405588,5.390134815665743
2012-07-18,setup_or_fib_XAUUSD_20120718_SELL,SHORT,1575.43,1569.19,6.240000000000009,2.0256516346348366,2012-07-18 13:47:00+00:00,1567.7,2012-07-18 14:20:00+00:00,1573.0463200000002,1574.21944,1567.7,2012-07-18 14:23:00+00:00,1574.21944,SL,3,-1.0,-1.139371931260238
2012-07-20,setup_or_fib_XAUUSD_20120720_BUY,LONG,1576.64,1574.83,1.8100000000001728,2.0360938565755458,2012-07-20 13:51:00+00:00,1579.73,2012-07-20 14:48:00+00:00,1575.52142,1575.18114,1579.73,2012-07-20 14:52:00+00:00,1575.18114,SL,4,-1.0,-1.4804866580461444
2012-07-27,setup_or_fib_XAUUSD_20120727_BUY,LONG,1626.4,1618.64,7.759999999999991,2.3434328360627537,2012-07-27 14:17:00+00:00,1628.04,2012-07-27 14:38:00+00:00,1621.6043200000001,1620.1454400000002,1628.04,2012-07-27 14:38:00+00:00,1620.1454400000002,SL,0,-1.0,-1.1120722746216347
2012-07-30,setup_or_fib_XAUUSD_20120730_BUY,LONG,1616.58,1614.26,2.3199999999999363,1.4964721397464344,2012-07-30 14:12:00+00:00,1617.03,2012-07-30 14:30:00+00:00,1615.14624,1614.71008,1617.03,2012-07-30 14:32:00+00:00,1617.03,TP,2,4.31896551724151,3.944103081438111
2012-08-06,setup_or_fib_XAUUSD_20120806_SELL,SHORT,1610.69,1608.23,2.4600000000000364,1.8483291020161228,2012-08-06 13:45:00+00:00,1606.88,2012-08-06 13:52:00+00:00,1609.75028,1610.21276,1606.88,2012-08-06 13:53:00+00:00,1610.21276,SL,1,-1.0,-1.3535288012455249
2012-08-07,setup_or_fib_XAUUSD_20120807_BUY,LONG,1616.77,1614.51,2.259999999999991,1.4401182071730965,2012-08-07 13:52:00+00:00,1618.23,2012-08-07 13:56:00+00:00,1615.37332,1614.94844,1618.23,2012-08-07 13:57:00+00:00,1614.94844,SL,1,-1.0,-1.384814535868924
2012-08-13,setup_or_fib_XAUUSD_20120813_SELL,SHORT,1622.68,1621.26,1.4200000000000728,1.515578341057342,2012-08-13 13:46:00+00:00,1617.99,2012-08-13 14:41:00+00:00,1622.1375600000001,1622.40452,1617.99,2012-08-13 14:42:00+00:00,1622.40452,SL,1,-1.0,-1.6124513035662462
2012-08-17,setup_or_fib_XAUUSD_20120817_BUY,LONG,1618.93,1614.75,4.180000000000064,1.597445602595618,2012-08-17 13:50:00+00:00,1620.13,2012-08-17 14:38:00+00:00,1616.3467600000001,1615.5609200000001,1620.13,2012-08-17 14:45:00+00:00,1615.5609200000001,SL,7,-1.0,-1.2080576198717277
2012-08-22,setup_or_fib_XAUUSD_20120822_SELL,SHORT,1643.93,1638.28,5.650000000000091,1.657625968579329,2012-08-22 13:46:00+00:00,1637.9,2012-08-22 14:27:00+00:00,1641.7717,1642.8339,1637.9,2012-08-22 14:51:00+00:00,1642.8339,SL,24,-1.0,-1.1539258143475695
2012-08-23,setup_or_fib_XAUUSD_20120823_BUY,LONG,1663.72,1660.03,3.6900000000000546,2.0398241265406543,2012-08-23 13:48:00+00:00,1667.6,2012-08-23 15:00:00+00:00,1661.2,1660.74586,1667.6,2012-08-23 15:16:00+00:00,1667.6,TP,16,14.092570572949153,13.732549434093336
2012-08-24,setup_or_fib_XAUUSD_20120824_SELL,SHORT,1669.08,1665.42,3.6599999999998545,1.7674502538463475,2012-08-24 13:46:00+00:00,1664.88,2012-08-24 13:52:00+00:00,1667.68188,1668.36996,1664.88,2012-08-24 13:59:00+00:00,1668.36996,SL,7,-1.0,-1.2376177188699335
2012-08-27,setup_or_fib_XAUUSD_20120827_SELL,SHORT,1670.6,1668.28,2.3199999999999363,1.4959443883832466,2012-08-27 14:17:00+00:00,1665.98,2012-08-27 14:44:00+00:00,1669.7137599999999,1670.1499199999998,1665.98,2012-08-27 15:02:00+00:00,1670.1499199999998,SL,18,-1.0,-1.3748624358033985
2012-08-28,setup_or_fib_XAUUSD_20120828_BUY,LONG,1665.55,1663.0,2.5499999999999545,1.6502499288713954,2012-08-28 14:10:00+00:00,1667.23,2012-08-28 14:35:00+00:00,1663.9741,1663.4947,1667.23,2012-08-28 14:55:00+00:00,1663.4947,SL,20,-1.0,-1.34105131414272
2012-08-30,setup_or_fib_XAUUSD_20120830_BUY,LONG,1663.63,1659.58,4.050000000000182,1.3055252805838948,2012-08-30 13:55:00+00:00,1664.11,2012-08-30 14:35:00+00:00,1661.1271,1660.3657,1664.11,2012-08-30 15:00:00+00:00,1660.3657,SL,25,-1.0,-1.2147360126083906
2012-08-31,setup_or_fib_XAUUSD_20120831_SELL,SHORT,1663.57,1660.22,3.349999999999909,1.5183474633612382,2012-08-31 14:13:00+00:00,1645.91,2012-08-31 15:18:00+00:00,1662.2903,1662.9201,1645.91,2012-08-31 15:18:00+00:00,1662.9201,SL,0,-1.0,-1.2596062241980925
2012-09-04,setup_or_fib_XAUUSD_20120904_SELL,SHORT,1695.4,1691.22,4.180000000000064,1.5981536927313156,2012-09-04 13:46:00+00:00,1688.08,2012-09-04 15:00:00+00:00,1693.80324,1694.58908,1688.08,2012-09-04 15:01:00+00:00,1694.58908,SL,1,-1.0,-1.2080576198717277
2012-09-05,setup_or_fib_XAUUSD_20120905_BUY,LONG,1694.3,1691.23,3.0699999999999363,1.8722683906852804,2012-09-05 14:15:00+00:00,1694.84,2012-09-05 14:29:00+00:00,1692.40274,1691.82558,1694.84,2012-09-05 14:40:00+00:00,1691.82558,SL,11,-1.0,-1.2832836648416144
2012-09-10,setup_or_fib_XAUUSD_20120910_SELL,SHORT,1732.75,1728.73,4.019999999999982,1.739517670884705,2012-09-10 14:08:00+00:00,1727.39,2012-09-10 14:44:00+00:00,1731.21436,1731.97012,1727.39,2012-09-10 15:01:00+00:00,1731.97012,SL,17,-1.0,-1.2163385201651291
2012-09-12,setup_or_fib_XAUUSD_20120912_SELL,SHORT,1742.82,1737.73,5.089999999999918,2.1962935232646497,2012-09-12 13:50:00+00:00,1735.57,2012-09-12 14:29:00+00:00,1740.87562,1741.8325399999999,1735.57,2012-09-12 14:41:00+00:00,1735.57,TP,12,5.544476027255044,5.373615349246407
2012-09-13,setup_or_fib_XAUUSD_20120913_SELL,SHORT,1735.01,1729.89,5.119999999999891,1.5458146146077298,2012-09-13 14:34:00+00:00,1727.55,2012-09-13 15:02:00+00:00,1733.0541600000001,1734.01672,1727.55,2012-09-13 16:00:00+00:00,1732.58,TIME,58,0.4926030585108883,0.32274351728747336
2012-09-14,setup_or_fib_XAUUSD_20120914_BUY,LONG,1772.67,1766.83,5.8400000000001455,2.734315714083286,2012-09-14 14:33:00+00:00,1775.6,2012-09-14 15:35:00+00:00,1769.06088,1767.9629599999998,1775.6,2012-09-14 15:36:00+00:00,1767.9629599999998,SL,1,-1.0,-1.1489179539492644
2012-09-17,setup_or_fib_XAUUSD_20120917_BUY,LONG,1771.7,1767.76,3.9400000000000546,1.5607635102572484,2012-09-17 13:51:00+00:00,1772.41,2012-09-17 14:03:00+00:00,1769.2650800000001,1768.5243600000001,1772.41,2012-09-17 14:31:00+00:00,1772.41,TP,28,4.245760881304559,4.025029700831508
2012-09-19,setup_or_fib_XAUUSD_20120919_BUY,LONG,1771.56,1761.85,9.710000000000036,2.4146649232727246,2012-09-19 13:49:00+00:00,1773.5,2012-09-19 14:50:00+00:00,1765.5592199999999,1763.73374,1773.5,2012-09-19 15:20:00+00:00,1773.5,TP,30,4.349968227534818,4.260402743388181
2012-09-21,setup_or_fib_XAUUSD_20120921_BUY,LONG,1782.55,1777.18,5.369999999999891,1.7989263424925463,2012-09-21 13:45:00+00:00,1787.39,2012-09-21 15:51:00+00:00,1779.23134,1778.2217799999999,1787.39,2012-09-21 15:51:00+00:00,1778.2217799999999,SL,0,-1.0,-1.1619517413526377
2012-09-25,setup_or_fib_XAUUSD_20120925_SELL,SHORT,1774.86,1770.8,4.059999999999945,1.865926062613226,2012-09-25 14:33:00+00:00,1769.6,2012-09-25 15:05:00+00:00,1773.30908,1774.07236,1769.6,2012-09-25 15:06:00+00:00,1774.07236,SL,1,-1.0,-1.2142071061733866
2012-09-26,setup_or_fib_XAUUSD_20120926_BUY,LONG,1747.42,1742.38,5.039999999999964,2.918928084902836,2012-09-26 14:00:00+00:00,1750.18,2012-09-26 14:40:00+00:00,1744.30528,1743.35776,1750.18,2012-09-26 15:38:00+00:00,1743.35776,SL,58,-1.0,-1.1725557244174374
2012-09-27,setup_or_fib_XAUUSD_20120927_BUY,LONG,1766.38,1761.27,5.110000000000127,1.937606550861888,2012-09-27 13:46:00+00:00,1768.09,2012-09-27 14:00:00+00:00,1763.22202,1762.26134,1768.09,2012-09-27 14:35:00+00:00,1762.26134,SL,35,-1.0,-1.1701919473706281
2012-09-28,setup_or_fib_XAUUSD_20120928_BUY,LONG,1777.22,1773.67,3.5499999999999545,2.1848513373996274,2012-09-28 14:01:00+00:00,1778.2,2012-09-28 14:14:00+00:00,1775.0261,1774.3587000000002,1778.2,2012-09-28 14:14:00+00:00,1774.3587000000002,SL,0,-1.0,-1.2449805214264984
2012-10-01,setup_or_fib_XAUUSD_20121001_BUY,LONG,1780.04,1772.82,7.220000000000027,1.9336586969033418,2012-10-01 13:47:00+00:00,1791.61,2012-10-01 15:40:00+00:00,1775.5780399999999,1774.2206800000001,1791.61,2012-10-01 15:40:00+00:00,1774.2206800000001,SL,0,-1.0,-1.1204544115047084
2012-10-02,setup_or_fib_XAUUSD_20121002_SELL,SHORT,1778.82,1775.01,3.8099999999999454,2.28976199324977,2012-10-02 13:49:00+00:00,1774.02,2012-10-02 13:53:00+00:00,1777.36458,1778.08086,1774.02,2012-10-02 14:20:00+00:00,1778.08086,SL,27,-1.0,-1.2282626905679035
2012-10-08,setup_or_fib_XAUUSD_20121008_SELL,SHORT,1771.02,1770.08,0.9400000000000546,1.7571326569870511,2012-10-08 13:50:00+00:00,1769.4,2012-10-08 14:00:00+00:00,1770.66092,1770.83764,1769.4,2012-10-08 14:00:00+00:00,1770.83764,SL,0,-1.0,-1.9251923947491107
2012-10-10,setup_or_fib_XAUUSD_20121010_SELL,SHORT,1767.0,1757.62,9.38000000000011,1.6448418113947203,2012-10-10 14:43:00+00:00,1756.92,2012-10-10 15:27:00+00:00,1763.4168399999999,1765.18028,1756.92,2012-10-10 15:29:00+00:00,1765.18028,SL,2,-1.0,-1.0927165086421902
2012-10-11,setup_or_fib_XAUUSD_20121011_SELL,SHORT,1773.04,1766.7,6.339999999999918,1.808963965932083,2012-10-11 13:46:00+00:00,1764.84,2012-10-11 15:11:00+00:00,1770.61812,1771.81004,1764.84,2012-10-11 15:40:00+00:00,1771.81004,SL,29,-1.0,-1.1371736358144862
2012-10-15,setup_or_fib_XAUUSD_20121015_BUY,LONG,1743.82,1740.27,3.5499999999999545,1.8582561594136333,2012-10-15 14:00:00+00:00,1744.84,2012-10-15 14:50:00+00:00,1741.6261,1740.9587000000001,1744.84,2012-10-15 14:50:00+00:00,1740.9587000000001,SL,0,-1.0,-1.2449805214264984
2012-10-16,setup_or_fib_XAUUSD_20121016_SELL,SHORT,1745.14,1740.65,4.490000000000009,1.5943502666362241,2012-10-16 13:46:00+00:00,1739.73,2012-10-16 14:43:00+00:00,1743.4248200000002,1744.2689400000002,1739.73,2012-10-16 14:44:00+00:00,1744.2689400000002,SL,1,-1.0,-1.1936928398805913
2012-10-17,setup_or_fib_XAUUSD_20121017_SELL,SHORT,1750.85,1745.27,5.579999999999927,1.3270647271008975,2012-10-17 14:05:00+00:00,1742.76,2012-10-17 15:02:00+00:00,1748.7184399999999,1749.76748,1742.76,2012-10-17 15:14:00+00:00,1749.76748,SL,12,-1.0,-1.1558567833447568
2012-10-18,setup_or_fib_XAUUSD_20121018_BUY,LONG,1742.55,1738.55,4.0,1.732514884971616,2012-10-18 14:33:00+00:00,1744.89,2012-10-18 15:46:00+00:00,1740.078,1739.326,1744.89,2012-10-18 16:00:00+00:00,1743.0,TIME,14,3.8856382978726187,3.6682180851066475
2012-10-19,setup_or_fib_XAUUSD_20121019_BUY,LONG,1736.18,1734.15,2.0299999999999727,1.6329437394246755,2012-10-19 13:59:00+00:00,1738.57,2012-10-19 14:41:00+00:00,1734.9254600000002,1734.54382,1738.57,2012-10-19 14:41:00+00:00,1734.54382,SL,0,-1.0,-1.4284142123466455
2012-10-22,setup_or_fib_XAUUSD_20121022_BUY,LONG,1724.8,1723.25,1.5499999999999545,1.4924928353400748,2012-10-22 13:45:00+00:00,1725.63,2012-10-22 14:04:00+00:00,1723.8421,1723.5507,1725.63,2012-10-22 14:08:00+00:00,1723.5507,SL,4,-1.0,-1.5610844200410516
2012-10-23,setup_or_fib_XAUUSD_20121023_SELL,SHORT,1711.24,1708.27,2.9700000000000273,2.2121448959097822,2012-10-23 13:48:00+00:00,1707.35,2012-10-23 13:54:00+00:00,1710.10546,1710.66382,1707.35,2012-10-23 14:03:00+00:00,1710.66382,SL,9,-1.0,-1.2928218353750305
2012-10-24,setup_or_fib_XAUUSD_20121024_BUY,LONG,1711.18,1709.17,2.009999999999991,1.6179194646143316,2012-10-24 13:53:00+00:00,1712.57,2012-10-24 14:26:00+00:00,1709.93782,1709.55994,1712.57,2012-10-24 14:35:00+00:00,1709.55994,SL,9,-1.0,-1.4326770403302582
2012-10-31,setup_or_fib_XAUUSD_20121031_SELL,SHORT,1720.73,1718.94,1.7899999999999636,1.7175711015495805,2012-10-31 13:50:00+00:00,1716.2,2012-10-31 14:40:00+00:00,1720.04622,1720.3827400000002,1716.2,2012-10-31 14:40:00+00:00,1720.3827400000002,SL,0,-1.0,-1.4858552240575846
2012-11-05,setup_or_fib_XAUUSD_20121105_BUY,LONG,1682.3,1679.86,2.4400000000000546,1.9464595870214432,2012-11-05 14:51:00+00:00,1684.05,2012-11-05 15:42:00+00:00,1680.79208,1680.3333599999999,1684.05,2012-11-05 15:43:00+00:00,1680.3333599999999,SL,1,-1.0,-1.3564265783047824
2012-11-06,setup_or_fib_XAUUSD_20121106_BUY,LONG,1693.12,1691.13,1.9899999999997817,1.5080270101390085,2012-11-06 14:45:00+00:00,1694.08,2012-11-06 14:50:00+00:00,1691.89018,1691.5160600000002,1694.08,2012-11-06 14:51:00+00:00,1691.5160600000002,SL,1,-1.0,-1.4370255532984677
2012-11-07,setup_or_fib_XAUUSD_20121107_BUY,LONG,1724.38,1720.37,4.010000000000218,2.8669887968778305,2012-11-07 14:48:00+00:00,1729.64,2012-11-07 15:21:00+00:00,1721.90182,1721.1479399999998,1729.64,2012-11-07 15:36:00+00:00,1721.1479399999998,SL,15,-1.0,-1.2168780177215934
2012-11-08,setup_or_fib_XAUUSD_20121108_BUY,LONG,1717.37,1712.73,4.639999999999873,1.879688395932479,2012-11-08 15:38:00+00:00,1720.47,2012-11-08 16:57:00+00:00,1714.5024799999999,1713.6301600000002,1720.47,2012-11-08 17:00:00+00:00,1715.43,TIME,3,1.0632795304480993,0.8758483125463512
2012-11-09,setup_or_fib_XAUUSD_20121109_BUY,LONG,1732.46,1729.01,3.4500000000000455,2.288791911077243,2012-11-09 15:03:00+00:00,1738.77,2012-11-09 16:48:00+00:00,1730.3279,1729.6793,1738.77,2012-11-09 16:48:00+00:00,1729.6793,SL,0,-1.0,-1.2520814061054626
2012-11-12,setup_or_fib_XAUUSD_20121112_BUY,LONG,1735.09,1732.91,2.1799999999998363,1.6072839464395388,2012-11-12 14:48:00+00:00,1735.3,2012-11-12 14:57:00+00:00,1733.74276,1733.33292,1735.3,2012-11-12 15:11:00+00:00,1733.33292,SL,14,-1.0,-1.3989361702127359
2012-11-13,setup_or_fib_XAUUSD_20121113_SELL,SHORT,1727.32,1724.69,2.6299999999998818,1.7755668752744698,2012-11-13 15:07:00+00:00,1717.8,2012-11-13 15:58:00+00:00,1726.3153399999999,1726.80978,1717.8,2012-11-13 15:58:00+00:00,1726.80978,SL,0,-1.0,-1.3306771296819524
2012-11-16,setup_or_fib_XAUUSD_20121116_SELL,SHORT,1714.29,1712.11,2.1800000000000637,1.8691068378411437,2012-11-16 14:49:00+00:00,1710.03,2012-11-16 15:43:00+00:00,1713.45724,1713.86708,1710.03,2012-11-16 15:43:00+00:00,1713.86708,SL,0,-1.0,-1.3989361702127359
2012-11-19,setup_or_fib_XAUUSD_20121119_BUY,LONG,1731.16,1728.46,2.7000000000000455,1.424136722549576,2012-11-19 14:58:00+00:00,1732.27,2012-11-19 15:12:00+00:00,1729.4914,1728.9838,1732.27,2012-11-19 15:46:00+00:00,1728.9838,SL,34,-1.0,-1.3221040189124416
2012-11-20,setup_or_fib_XAUUSD_20121120_SELL,SHORT,1733.8,1730.81,2.990000000000009,1.661810471085667,2012-11-20 15:03:00+00:00,1728.87,2012-11-20 15:50:00+00:00,1732.65782,1733.21994,1728.87,2012-11-20 15:54:00+00:00,1733.21994,SL,4,-1.0,-1.2908631608908872
2012-11-21,setup_or_fib_XAUUSD_20121121_SELL,SHORT,1727.9,1725.97,1.9300000000000637,1.4953025258475758,2012-11-21 14:45:00+00:00,1724.98,2012-11-21 15:07:00+00:00,1727.16274,1727.5255800000002,1724.98,2012-11-21 15:07:00+00:00,1727.5255800000002,SL,0,-1.0,-1.450611839929156
2012-11-22,setup_or_fib_XAUUSD_20121122_SELL,SHORT,1731.99,1730.91,1.0799999999999272,0.8507431180935422,2012-11-22 14:45:00+00:00,1730.38,2012-11-22 15:17:00+00:00,1731.57744,1731.7804800000001,1730.38,2012-11-22 15:36:00+00:00,1730.38,TP,19,5.897557131596335,5.092297084315411
2012-11-23,setup_or_fib_XAUUSD_20121123_BUY,LONG,1733.15,1731.6,1.550000000000182,1.0492692782699076,2012-11-23 15:10:00+00:00,1734.3,2012-11-23 15:43:00+00:00,1732.1921,1731.9007,1734.3,2012-11-23 15:44:00+00:00,1731.9007,SL,1,-1.0,-1.5610844200410516
2012-11-26,setup_or_fib_XAUUSD_20121126_BUY,LONG,1751.58,1749.55,2.0299999999999727,1.5070287460930318,2012-11-26 14:45:00+00:00,1751.77,2012-11-26 15:06:00+00:00,1750.32546,1749.94382,1751.77,2012-11-26 15:07:00+00:00,1749.94382,SL,1,-1.0,-1.4284142123466455
2012-11-27,setup_or_fib_XAUUSD_20121127_SELL,SHORT,1749.01,1746.94,2.0699999999999363,1.3534862807032695,2012-11-27 15:14:00+00:00,1743.55,2012-11-27 15:49:00+00:00,1748.21926,1748.60842,1743.55,2012-11-27 16:19:00+00:00,1743.55,TP,30,11.998304039471572,11.578168362629086
2012-11-29,setup_or_fib_XAUUSD_20121129_SELL,SHORT,1725.1,1721.18,3.9199999999998454,1.6634745724803195,2012-11-29 14:47:00+00:00,1720.86,2012-11-29 15:00:00+00:00,1723.60256,1724.33952,1720.86,2012-11-29 15:01:00+00:00,1724.33952,SL,1,-1.0,-1.2218573599652767
2012-11-30,setup_or_fib_XAUUSD_20121130_BUY,LONG,1725.84,1719.84,6.0,1.38952058630104,2012-11-30 16:03:00+00:00,1726.14,2012-11-30 16:50:00+00:00,1722.1319999999998,1721.0040000000001,1726.14,2012-11-30 16:51:00+00:00,1721.0040000000001,SL,1,-1.0,-1.1449468085106767
2012-12-03,setup_or_fib_XAUUSD_20121203_SELL,SHORT,1717.73,1715.99,1.740000000000009,1.8578885966209349,2012-12-03 14:52:00+00:00,1712.51,2012-12-03 15:53:00+00:00,1717.06532,1717.3924399999999,1712.51,2012-12-03 15:56:00+00:00,1717.3924399999999,SL,3,-1.0,-1.499816581071285
2012-12-04,setup_or_fib_XAUUSD_20121204_SELL,SHORT,1702.53,1693.97,8.559999999999945,2.172183510767805,2012-12-04 14:50:00+00:00,1691.21,2012-12-04 15:42:00+00:00,1699.26008,1700.86936,1691.21,2012-12-04 16:09:00+00:00,1700.86936,SL,27,-1.0,-1.1015982302644725
2012-12-06,setup_or_fib_XAUUSD_20121206_BUY,LONG,1689.6,1685.9,3.699999999999818,1.8687014402327655,2012-12-06 15:02:00+00:00,1691.77,2012-12-06 15:15:00+00:00,1687.3134,1686.6178,1691.77,2012-12-06 15:16:00+00:00,1686.6178,SL,1,-1.0,-1.2350488786658955
2012-12-12,setup_or_fib_XAUUSD_20121212_SELL,SHORT,1717.69,1715.66,2.0299999999999727,1.1037563580133485,2012-12-12 15:19:00+00:00,1715.02,2012-12-12 15:30:00+00:00,1716.91454,1717.29618,1715.02,2012-12-12 15:30:00+00:00,1717.29618,SL,0,-1.0,-1.4284142123466455
2012-12-13,setup_or_fib_XAUUSD_20121213_BUY,LONG,1694.29,1690.94,3.349999999999909,2.0504904870148506,2012-12-13 14:45:00+00:00,1695.91,2012-12-13 15:20:00+00:00,1692.2197,1691.5899,1695.91,2012-12-13 15:21:00+00:00,1691.5899,SL,1,-1.0,-1.2596062241980925
2012-12-14,setup_or_fib_XAUUSD_20121214_BUY,LONG,1696.54,1693.81,2.730000000000018,1.3979420816891528,2012-12-14 15:50:00+00:00,1697.96,2012-12-14 16:41:00+00:00,1694.85286,1694.33962,1697.96,2012-12-14 16:41:00+00:00,1694.33962,SL,0,-1.0,-1.3185644143090975
2012-12-18,setup_or_fib_XAUUSD_20121218_BUY,LONG,1697.77,1696.44,1.3299999999999272,1.149201907823841,2012-12-18 15:03:00+00:00,1698.46,2012-12-18 15:07:00+00:00,1696.94806,1696.69802,1698.46,2012-12-18 15:29:00+00:00,1696.69802,SL,22,-1.0,-1.6538953767399858
2012-12-19,setup_or_fib_XAUUSD_20121219_SELL,SHORT,1669.59,1665.03,4.559999999999945,2.237645177033043,2012-12-19 15:19:00+00:00,1664.26,2012-12-19 15:36:00+00:00,1667.84808,1668.70536,1664.26,2012-12-19 15:36:00+00:00,1668.70536,SL,0,-1.0,-1.1907194848824307
2012-12-24,setup_or_fib_XAUUSD_20121224_SELL,SHORT,1662.46,1659.56,2.900000000000091,1.7245829672658763,2012-12-24 15:38:00+00:00,1658.33,2012-12-24 16:05:00+00:00,1661.3522,1661.8974,1658.33,2012-12-24 16:48:00+00:00,1658.33,TP,43,5.543286867204671,5.2433969185619835
2012-12-27,setup_or_fib_XAUUSD_20121227_BUY,LONG,1656.8,1654.56,2.240000000000009,1.4366052705593693,2012-12-27 15:08:00+00:00,1657.75,2012-12-27 15:22:00+00:00,1655.4156799999998,1654.99456,1657.75,2012-12-27 15:22:00+00:00,1654.99456,SL,0,-1.0,-1.3882503799394437
2012-12-28,setup_or_fib_XAUUSD_20121228_BUY,LONG,1659.88,1658.04,1.8400000000001455,1.1966210565694706,2012-12-28 14:45:00+00:00,1662.57,2012-12-28 15:45:00+00:00,1658.74288,1658.3969599999998,1662.57,2012-12-28 15:45:00+00:00,1658.3969599999998,SL,0,-1.0,-1.4726526364474526
2012-12-31,setup_or_fib_XAUUSD_20121231_SELL,SHORT,1665.89,1661.24,4.650000000000091,1.758188733086524,2012-12-31 14:46:00+00:00,1659.98,2012-12-31 16:32:00+00:00,1664.12,1664.9879,1659.98,2012-12-31 17:00:00+00:00,1662.36,TIME,28,2.0278833967042336,1.8394976379763108
2013-01-02,setup_or_fib_XAUUSD_20130102_SELL,SHORT,1692.04,1687.8,4.240000000000009,2.209386777143675,2013-01-02 15:01:00+00:00,1685.5,2013-01-02 15:58:00+00:00,1690.42032,1691.2174400000001,1685.5,2013-01-02 15:58:00+00:00,1691.2174400000001,SL,0,-1.0,-1.2051134082697255
2013-01-03,setup_or_fib_XAUUSD_20130103_BUY,LONG,1678.74,1675.02,3.7200000000000273,2.0191613420430286,2013-01-03 15:08:00+00:00,1679.39,2013-01-03 15:35:00+00:00,1676.44104,1675.74168,1679.39,2013-01-03 15:58:00+00:00,1679.39,TP,23,4.21665522763789,3.982870052620679
2013-01-07,setup_or_fib_XAUUSD_20130107_SELL,SHORT,1649.8,1645.45,4.349999999999909,2.3150827457996432,2013-01-07 15:00:00+00:00,1642.67,2013-01-07 15:36:00+00:00,1648.1383,1648.9560999999999,1642.67,2013-01-07 15:57:00+00:00,1648.9560999999999,SL,21,-1.0,-1.199926632428514
2013-01-15,setup_or_fib_XAUUSD_20130115_SELL,SHORT,1684.12,1680.53,3.589999999999918,2.3985489281811865,2013-01-15 14:46:00+00:00,1679.46,2013-01-15 15:07:00+00:00,1682.7486199999998,1683.4235399999998,1679.46,2013-01-15 15:32:00+00:00,1679.46,TP,25,4.872607123807496,4.630356190363507
2013-01-16,setup_or_fib_XAUUSD_20130116_BUY,LONG,1678.04,1676.0,2.0399999999999636,1.8822090954590003,2013-01-16 15:00:00+00:00,1679.95,2013-01-16 15:28:00+00:00,1676.77928,1676.39576,1679.95,2013-01-16 15:32:00+00:00,1676.39576,SL,4,-1.0,-1.426314142678501
2013-01-17,setup_or_fib_XAUUSD_20130117_SELL,SHORT,1680.73,1671.27,9.460000000000036,1.3477393271533022,2013-01-17 14:55:00+00:00,1666.69,2013-01-17 16:05:00+00:00,1677.11628,1678.8947600000001,1666.69,2013-01-17 16:06:00+00:00,1678.8947600000001,SL,1,-1.0,-1.0919324366874996
2013-01-18,setup_or_fib_XAUUSD_20130118_BUY,LONG,1692.78,1690.48,2.2999999999999545,1.5327928563939535,2013-01-18 14:48:00+00:00,1695.17,2013-01-18 15:05:00+00:00,1691.3586,1690.9261999999999,1695.17,2013-01-18 15:08:00+00:00,1690.9261999999999,SL,3,-1.0,-1.3781221091580615
2013-01-22,setup_or_fib_XAUUSD_20130122_SELL,SHORT,1693.8,1690.89,2.9099999999998545,1.2476159302029306,2013-01-22 15:01:00+00:00,1686.59,2013-01-22 16:58:00+00:00,1692.68838,1693.2354599999999,1686.59,2013-01-22 17:00:00+00:00,1692.53,TIME,2,0.28950062148155725,-0.009358777509546001
2013-01-24,setup_or_fib_XAUUSD_20130124_BUY,LONG,1673.86,1669.39,4.4699999999998,1.883295252652078,2013-01-24 14:46:00+00:00,1674.7,2013-01-24 15:20:00+00:00,1671.09754,1670.25718,1674.7,2013-01-24 15:34:00+00:00,1674.7,TP,14,4.286805654719897,4.092246180208955
2013-01-29,setup_or_fib_XAUUSD_20130129_BUY,LONG,1663.76,1662.34,1.4200000000000728,1.1684349449879496,2013-01-29 14:50:00+00:00,1664.44,2013-01-29 15:11:00+00:00,1662.8824399999999,1662.61548,1664.44,2013-01-29 15:12:00+00:00,1662.61548,SL,1,-1.0,-1.6124513035662462
2013-02-01,setup_or_fib_XAUUSD_20130201_BUY,LONG,1675.05,1661.81,13.240000000000009,1.3044676221567104,2013-02-01 15:20:00+00:00,1682.11,2013-02-01 16:01:00+00:00,1666.8676799999998,1664.37856,1682.11,2013-02-01 16:01:00+00:00,1664.37856,SL,0,-1.0,-1.0656858648839822
2013-02-04,setup_or_fib_XAUUSD_20130204_SELL,SHORT,1665.7,1663.56,2.1400000000001,1.3914893759204645,2013-02-04 15:00:00+00:00,1661.48,2013-02-04 15:29:00+00:00,1664.88252,1665.28484,1661.48,2013-02-04 15:30:00+00:00,1665.28484,SL,1,-1.0,-1.4063929210579473
2013-02-05,setup_or_fib_XAUUSD_20130205_BUY,LONG,1680.57,1674.52,6.0499999999999545,1.8631148279206873,2013-02-05 14:47:00+00:00,1684.97,2013-02-05 15:45:00+00:00,1676.8310999999999,1675.6936999999998,1684.97,2013-02-05 15:46:00+00:00,1675.6936999999998,SL,1,-1.0,-1.143748901002277
2013-02-06,setup_or_fib_XAUUSD_20130206_SELL,SHORT,1678.02,1675.79,2.230000000000018,1.5637465751682726,2013-02-06 14:45:00+00:00,1672.23,2013-02-06 15:37:00+00:00,1677.16814,1677.58738,1672.23,2013-02-06 15:37:00+00:00,1677.58738,SL,0,-1.0,-1.3899914130331585
2013-02-07,setup_or_fib_XAUUSD_20130207_SELL,SHORT,1680.38,1674.29,6.0900000000001455,1.3793099287024817,2013-02-07 15:15:00+00:00,1664.16,2013-02-07 16:24:00+00:00,1678.0536200000001,1679.1985399999999,1664.16,2013-02-07 16:25:00+00:00,1679.1985399999999,SL,1,-1.0,-1.1428047374489385
2013-02-08,setup_or_fib_XAUUSD_20130208_SELL,SHORT,1670.94,1666.88,4.059999999999945,1.3519451930847761,2013-02-08 14:52:00+00:00,1665.9,2013-02-08 15:21:00+00:00,1669.3890800000001,1670.15236,1665.9,2013-02-08 15:37:00+00:00,1665.9,TP,16,4.571166544388085,4.356959438214698
2013-02-12,setup_or_fib_XAUUSD_20130212_SELL,SHORT,1646.56,1644.75,1.8099999999999454,2.101529008755443,2013-02-12 14:45:00+00:00,1643.27,2013-02-12 14:56:00+00:00,1645.86858,1646.20886,1643.27,2013-02-12 14:56:00+00:00,1646.20886,SL,0,-1.0,-1.4804866580464655
2013-02-14,setup_or_fib_XAUUSD_20130214_BUY,LONG,1648.1,1639.09,9.009999999999991,1.767563795468976,2013-02-14 15:04:00+00:00,1649.85,2013-02-14 16:34:00+00:00,1642.53182,1640.83794,1649.85,2013-02-14 16:41:00+00:00,1640.83794,SL,7,-1.0,-1.0965239568328315
2013-02-18,setup_or_fib_XAUUSD_20130218_SELL,SHORT,1611.98,1611.06,0.9200000000000728,1.5248537902209545,2013-02-18 14:45:00+00:00,1611.02,2013-02-18 14:47:00+00:00,1611.6285599999999,1611.80152,1611.02,2013-02-18 14:47:00+00:00,1611.80152,SL,0,-1.0,-1.9453052728949052
2013-02-21,setup_or_fib_XAUUSD_20130221_SELL,SHORT,1574.91,1570.06,4.850000000000136,2.60665469905268,2013-02-21 15:00:00+00:00,1567.9,2013-02-21 15:40:00+00:00,1573.0573,1573.9691,1567.9,2013-02-21 15:42:00+00:00,1573.9691,SL,2,-1.0,-1.1793156393945874
2013-02-22,setup_or_fib_XAUUSD_20130222_BUY,LONG,1577.05,1574.84,2.2100000000000364,2.0272343496550373,2013-02-22 14:47:00+00:00,1577.67,2013-02-22 14:56:00+00:00,1575.6842199999999,1575.26874,1577.67,2013-02-22 15:02:00+00:00,1575.26874,SL,6,-1.0,-1.3935207470878113
2013-02-26,setup_or_fib_XAUUSD_20130226_SELL,SHORT,1598.89,1595.56,3.3300000000001546,2.4373832845924492,2013-02-26 15:00:00+00:00,1595.14,2013-02-26 15:11:00+00:00,1597.61794,1598.2439800000002,1595.14,2013-02-26 15:22:00+00:00,1595.14,TP,11,3.958117692159579,3.696952271419733
2013-02-28,setup_or_fib_XAUUSD_20130228_BUY,LONG,1594.19,1590.22,3.9700000000000273,2.5607009953392654,2013-02-28 15:08:00+00:00,1596.89,2013-02-28 15:31:00+00:00,1591.73654,1590.99018,1596.89,2013-02-28 15:39:00+00:00,1590.99018,SL,8,-1.0,-1.2190631866659243
2013-03-04,setup_or_fib_XAUUSD_20130304_SELL,SHORT,1578.99,1576.0,2.990000000000009,2.20244515077744,2013-03-04 15:25:00+00:00,1572.85,2013-03-04 16:15:00+00:00,1577.84782,1578.40994,1572.85,2013-03-04 17:00:00+00:00,1575.21,TIME,45,4.692627908631049,4.401764747740162
2013-03-06,setup_or_fib_XAUUSD_20130306_SELL,SHORT,1578.96,1573.97,4.990000000000009,1.5543652899864404,2013-03-06 15:20:00+00:00,1567.39,2013-03-06 16:05:00+00:00,1577.05382,1577.9919399999999,1567.39,2013-03-06 16:05:00+00:00,1577.9919399999999,SL,0,-1.0,-1.1742847396921876
2013-03-12,setup_or_fib_XAUUSD_20130312_SELL,SHORT,1596.56,1593.75,2.8099999999999454,1.8719625877706458,2013-03-12 13:56:00+00:00,1592.12,2013-03-12 15:17:00+00:00,1595.48658,1596.01486,1592.12,2013-03-12 15:17:00+00:00,1596.01486,SL,0,-1.0,-1.3094949647914014
2013-03-13,setup_or_fib_XAUUSD_20130313_BUY,LONG,1595.15,1590.11,5.040000000000191,1.4338039571411783,2013-03-13 14:11:00+00:00,1599.35,2013-03-13 15:23:00+00:00,1592.03528,1591.0877600000001,1599.35,2013-03-13 15:23:00+00:00,1591.0877600000001,SL,0,-1.0,-1.1725557244174374
2013-03-15,setup_or_fib_XAUUSD_20130315_SELL,SHORT,1595.96,1592.0,3.9600000000000364,1.2707025204975095,2013-03-15 14:14:00+00:00,1590.36,2013-03-15 14:35:00+00:00,1594.44728,1595.19176,1590.36,2013-03-15 14:55:00+00:00,1595.19176,SL,20,-1.0,-1.2196163765313175
2013-03-18,setup_or_fib_XAUUSD_20130318_BUY,LONG,1609.15,1605.44,3.7100000000000364,1.7528965327565929,2013-03-18 14:28:00+00:00,1611.24,2013-03-18 15:20:00+00:00,1606.85722,1606.15974,1611.24,2013-03-18 15:25:00+00:00,1606.15974,SL,5,-1.0,-1.2344153237368674
2013-03-20,setup_or_fib_XAUUSD_20130320_SELL,SHORT,1609.21,1607.14,2.0699999999999363,1.3506413912259694,2013-03-20 13:46:00+00:00,1606.82,2013-03-20 13:50:00+00:00,1608.4192600000001,1608.80842,1606.82,2013-03-20 14:18:00+00:00,1608.80842,SL,28,-1.0,-1.420135676842487
2013-03-26,setup_or_fib_XAUUSD_20130326_SELL,SHORT,1599.3,1597.45,1.849999999999909,1.4017077903973683,2013-03-26 13:59:00+00:00,1596.71,2013-03-26 14:08:00+00:00,1598.5933,1598.9411,1596.71,2013-03-26 14:09:00+00:00,1598.9411,SL,1,-1.0,-1.470097757331791
2013-03-27,setup_or_fib_XAUUSD_20130327_BUY,LONG,1598.75,1597.34,1.4100000000000819,1.4973852978397435,2013-03-27 13:45:00+00:00,1600.07,2013-03-27 14:08:00+00:00,1597.87862,1597.61354,1600.07,2013-03-27 14:15:00+00:00,1597.61354,SL,7,-1.0,-1.6167949298327406
2013-04-01,setup_or_fib_XAUUSD_20130401_SELL,SHORT,1598.66,1597.55,1.1100000000001273,1.0355964290704445,2013-04-01 14:01:00+00:00,1596.97,2013-04-01 14:13:00+00:00,1598.23598,1598.44466,1596.97,2013-04-01 14:13:00+00:00,1598.44466,SL,0,-1.0,-1.7834962622189687
2013-04-03,setup_or_fib_XAUUSD_20130403_SELL,SHORT,1574.8,1572.87,1.9300000000000637,1.8659382983190522,2013-04-03 14:01:00+00:00,1571.12,2013-04-03 14:36:00+00:00,1574.0627399999998,1574.42558,1571.12,2013-04-03 14:43:00+00:00,1574.42558,SL,7,-1.0,-1.450611839929156
2013-04-04,setup_or_fib_XAUUSD_20130404_BUY,LONG,1553.53,1543.89,9.639999999999873,2.3862920367431117,2013-04-04 14:02:00+00:00,1554.28,2013-04-04 14:17:00+00:00,1547.57248,1545.76016,1554.28,2013-04-04 14:38:00+00:00,1545.76016,SL,21,-1.0,-1.0902158559194843
2013-04-08,setup_or_fib_XAUUSD_20130408_BUY,LONG,1575.1,1573.84,1.259999999999991,1.5088949408290413,2013-04-08 13:49:00+00:00,1576.01,2013-04-08 14:04:00+00:00,1574.32132,1574.0844399999999,1576.01,2013-04-08 14:08:00+00:00,1574.0844399999999,SL,4,-1.0,-1.6902228976692526
2013-04-09,setup_or_fib_XAUUSD_20130409_SELL,SHORT,1577.85,1574.32,3.5299999999999727,1.4647034582965277,2013-04-09 13:55:00+00:00,1574.26,2013-04-09 14:01:00+00:00,1576.50154,1577.16518,1574.26,2013-04-09 14:23:00+00:00,1574.26,TP,22,3.3776445060575484,3.1312759930083
2013-04-11,setup_or_fib_XAUUSD_20130411_BUY,LONG,1561.44,1556.05,5.3900000000001,1.998771292933731,2013-04-11 14:18:00+00:00,1562.1,2013-04-11 14:30:00+00:00,1558.10898,1557.09566,1562.1,2013-04-11 14:41:00+00:00,1562.1,TP,11,3.93855840208409,3.7772075948366295
2013-04-12,setup_or_fib_XAUUSD_20130412_BUY,LONG,1538.79,1533.4,5.389999999999873,3.0616132045513815,2013-04-12 14:08:00+00:00,1539.2,2013-04-12 14:21:00+00:00,1535.45898,1534.44566,1539.2,2013-04-12 14:48:00+00:00,1534.44566,SL,27,-1.0,-1.1613508072474603
2013-04-15,setup_or_fib_XAUUSD_20130415_BUY,LONG,1424.41,1415.69,8.720000000000027,10.522439857510943,2013-04-15 13:45:00+00:00,1427.99,2013-04-15 14:01:00+00:00,1419.02104,1417.38168,1427.99,2013-04-15 14:04:00+00:00,1417.38168,SL,3,-1.0,-1.0997340425531839
2013-04-16,setup_or_fib_XAUUSD_20130416_BUY,LONG,1394.62,1391.14,3.479999999999791,6.610803480109036,2013-04-16 13:45:00+00:00,1395.73,2013-04-16 13:51:00+00:00,1392.46936,1391.81512,1395.73,2013-04-16 13:57:00+00:00,1395.73,TP,6,4.983859134262052,4.733950843726497
2013-04-17,setup_or_fib_XAUUSD_20130417_BUY,LONG,1392.32,1381.87,10.450000000000045,5.066441881575777,2013-04-17 15:07:00+00:00,1395.12,2013-04-17 15:48:00+00:00,1385.8618999999999,1383.8972999999999,1395.12,2013-04-17 15:49:00+00:00,1383.8972999999999,SL,1,-1.0,-1.083223047948691
2013-04-18,setup_or_fib_XAUUSD_20130418_SELL,SHORT,1401.55,1390.75,10.799999999999955,4.029399796639336,2013-04-18 14:04:00+00:00,1381.54,2013-04-18 15:42:00+00:00,1397.4243999999999,1399.4547999999998,1381.54,2013-04-18 16:00:00+00:00,1394.74,TIME,18,1.322104018912548,1.2415780141844104
2013-04-19,setup_or_fib_XAUUSD_20130419_SELL,SHORT,1406.71,1402.96,3.75,4.032565069602936,2013-04-19 13:48:00+00:00,1399.22,2013-04-19 13:56:00+00:00,1405.2775000000001,1405.9825,1399.22,2013-04-19 14:07:00+00:00,1405.9825,SL,11,-1.0,-1.2319148936170452
2013-04-23,setup_or_fib_XAUUSD_20130423_SELL,SHORT,1419.74,1416.43,3.3099999999999454,3.9123905976583693,2013-04-23 13:58:00+00:00,1415.09,2013-04-23 14:05:00+00:00,1418.47558,1419.09786,1415.09,2013-04-23 14:14:00+00:00,1419.09786,SL,9,-1.0,-1.2627434595358809
2013-04-24,setup_or_fib_XAUUSD_20130424_BUY,LONG,1431.97,1425.62,6.350000000000136,2.78784307807413,2013-04-24 13:48:00+00:00,1433.37,2013-04-24 14:08:00+00:00,1428.0457,1426.8519,1433.37,2013-04-24 15:24:00+00:00,1426.8519,SL,76,-1.0,-1.1369576143407594
2013-04-25,setup_or_fib_XAUUSD_20130425_SELL,SHORT,1454.08,1451.62,2.4600000000000364,2.581302922112583,2013-04-25 14:00:00+00:00,1445.54,2013-04-25 15:10:00+00:00,1453.1402799999998,1453.6027599999998,1445.54,2013-04-25 15:12:00+00:00,1453.6027599999998,SL,2,-1.0,-1.3535288012455249
2013-04-26,setup_or_fib_XAUUSD_20130426_BUY,LONG,1473.12,1464.52,8.599999999999909,3.2742010676972577,2013-04-26 13:48:00+00:00,1474.14,2013-04-26 14:11:00+00:00,1467.8052,1466.1884,1474.14,2013-04-26 15:13:00+00:00,1474.14,TP,62,3.9181098466106135,3.816984166254355
2013-04-29,setup_or_fib_XAUUSD_20130429_SELL,SHORT,1473.62,1467.89,5.729999999999791,2.7801491527002558,2013-04-29 14:08:00+00:00,1466.8,2013-04-29 14:25:00+00:00,1471.43114,1472.5083799999998,1466.8,2013-04-29 14:36:00+00:00,1466.8,TP,11,4.299079128142862,4.147302365304476
2013-04-30,setup_or_fib_XAUUSD_20130430_SELL,SHORT,1472.68,1468.51,4.170000000000073,3.0256370612659422,2013-04-30 14:49:00+00:00,1464.78,2013-04-30 15:10:00+00:00,1471.08706,1471.87102,1464.78,2013-04-30 15:10:00+00:00,1471.87102,SL,0,-1.0,-1.2085565590081182
2013-05-01,setup_or_fib_XAUUSD_20130501_BUY,LONG,1466.8,1464.31,2.490000000000009,2.5567988854187487,2013-05-01 13:50:00+00:00,1467.24,2013-05-01 13:54:00+00:00,1465.26118,1464.79306,1467.24,2013-05-01 13:54:00+00:00,1464.79306,SL,0,-1.0,-1.3492694180979243
2013-05-07,setup_or_fib_XAUUSD_20130507_SELL,SHORT,1453.14,1448.92,4.220000000000027,2.860201294475134,2013-05-07 13:55:00+00:00,1447.58,2013-05-07 14:00:00+00:00,1451.5279600000001,1452.32132,1447.58,2013-05-07 14:03:00+00:00,1452.32132,SL,3,-1.0,-1.206085509730793
2013-05-08,setup_or_fib_XAUUSD_20130508_SELL,SHORT,1469.02,1466.26,2.759999999999991,2.5366476752890135,2013-05-08 13:53:00+00:00,1465.94,2013-05-08 13:55:00+00:00,1467.96568,1468.48456,1465.94,2013-05-08 13:59:00+00:00,1465.94,TP,4,3.9039469626881926,3.5888452050564195
2013-05-09,setup_or_fib_XAUUSD_20130509_BUY,LONG,1465.25,1461.35,3.900000000000091,1.997440776529786,2013-05-09 13:56:00+00:00,1465.9,2013-05-09 14:17:00+00:00,1462.8398,1462.1065999999998,1465.9,2013-05-09 14:19:00+00:00,1462.1065999999998,SL,2,-1.0,-1.2229950900163287
2013-05-10,setup_or_fib_XAUUSD_20130510_BUY,LONG,1434.14,1428.91,5.230000000000018,3.8894147495774396,2013-05-10 13:50:00+00:00,1436.55,2013-05-10 14:15:00+00:00,1430.90786,1429.9246200000002,1436.55,2013-05-10 14:25:00+00:00,1429.9246200000002,SL,10,-1.0,-1.1662869696107094
2013-05-17,setup_or_fib_XAUUSD_20130517_BUY,LONG,1374.28,1367.35,6.930000000000064,3.110840348438791,2013-05-17 13:51:00+00:00,1382.58,2013-05-17 14:56:00+00:00,1369.9972599999999,1368.69442,1382.58,2013-05-17 15:03:00+00:00,1368.69442,SL,7,-1.0,-1.125495072303599
2013-05-20,setup_or_fib_XAUUSD_20130520_SELL,SHORT,1365.17,1359.98,5.190000000000055,3.5224697548324424,2013-05-20 13:55:00+00:00,1351.07,2013-05-20 15:50:00+00:00,1363.18742,1364.16314,1351.07,2013-05-20 16:00:00+00:00,1359.71,TIME,10,3.563952773336047,3.396384208583888
2013-05-21,setup_or_fib_XAUUSD_20130521_SELL,SHORT,1377.07,1373.97,3.099999999999909,3.622108768689764,2013-05-21 13:45:00+00:00,1373.68,2013-05-21 13:47:00+00:00,1375.8858,1376.4686,1373.68,2013-05-21 13:49:00+00:00,1376.4686,SL,2,-1.0,-1.2805422100206352
2013-05-22,setup_or_fib_XAUUSD_20130522_SELL,SHORT,1396.57,1389.16,7.4099999999998545,3.4300779573484665,2013-05-22 14:23:00+00:00,1383.65,2013-05-22 15:00:00+00:00,1393.73938,1395.13246,1383.65,2013-05-22 15:00:00+00:00,1395.13246,SL,0,-1.0,-1.1173658368507147
2013-05-23,setup_or_fib_XAUUSD_20130523_SELL,SHORT,1395.14,1386.56,8.580000000000155,3.820500259793146,2013-05-23 13:55:00+00:00,1384.16,2013-05-23 14:05:00+00:00,1391.86244,1393.47548,1384.16,2013-05-23 14:05:00+00:00,1393.47548,SL,0,-1.0,-1.1013614045528968
2013-05-24,setup_or_fib_XAUUSD_20130524_BUY,LONG,1390.07,1385.88,4.189999999999827,2.91329825292997,2013-05-24 13:54:00+00:00,1393.35,2013-05-24 14:29:00+00:00,1387.4805800000001,1386.69286,1393.35,2013-05-24 14:32:00+00:00,1386.69286,SL,3,-1.0,-1.207561062306394
2013-05-27,setup_or_fib_XAUUSD_20130527_SELL,SHORT,1395.16,1394.08,1.0800000000001546,1.3067288798881291,2013-05-27 13:54:00+00:00,1393.31,2013-05-27 14:09:00+00:00,1394.74744,1394.95048,1393.31,2013-05-27 14:10:00+00:00,1394.95048,SL,1,-1.0,-1.8052600472818254
2013-05-28,setup_or_fib_XAUUSD_20130528_BUY,LONG,1378.06,1377.29,0.7699999999999818,2.5001119149265976,2013-05-28 13:47:00+00:00,1386.47,2013-05-28 15:06:00+00:00,1377.58414,1377.43938,1386.47,2013-05-28 15:06:00+00:00,1377.43938,SL,0,-1.0,-2.1294556507329827
2013-05-29,setup_or_fib_XAUUSD_20130529_SELL,SHORT,1390.0,1386.48,3.519999999999982,2.929304356239157,2013-05-29 13:45:00+00:00,1385.67,2013-05-29 13:55:00+00:00,1388.65536,1389.3171200000002,1385.67,2013-05-29 14:03:00+00:00,1385.67,TP,8,4.511242746613671,4.264174323016061
2013-06-03,setup_or_fib_XAUUSD_20130603_SELL,SHORT,1397.91,1395.2,2.7100000000000364,2.0995258865782844,2013-06-03 13:51:00+00:00,1390.67,2013-06-03 15:00:00+00:00,1396.87478,1397.38426,1390.67,2013-06-03 15:00:00+00:00,1397.38426,SL,0,-1.0,-1.3209154431970234
2013-06-04,setup_or_fib_XAUUSD_20130604_BUY,LONG,1397.34,1393.43,3.9099999999998545,2.027147402086736,2013-06-04 13:46:00+00:00,1398.02,2013-06-04 13:57:00+00:00,1394.92362,1394.18854,1398.02,2013-06-04 14:11:00+00:00,1398.02,TP,14,4.2123034227570715,3.989878652663998
2013-06-05,setup_or_fib_XAUUSD_20130605_SELL,SHORT,1406.18,1402.39,3.7899999999999636,2.642992272398784,2013-06-05 13:46:00+00:00,1399.92,2013-06-05 14:08:00+00:00,1404.73222,1405.4447400000001,1399.92,2013-06-05 14:31:00+00:00,1399.92,TP,23,6.753803402009419,6.524336158984675
2013-06-06,setup_or_fib_XAUUSD_20130606_SELL,SHORT,1407.16,1400.32,6.8400000000001455,2.4501841499697634,2013-06-06 13:49:00+00:00,1395.14,2013-06-06 15:46:00+00:00,1404.54712,1405.83304,1395.14,2013-06-06 15:55:00+00:00,1405.83304,SL,9,-1.0,-1.1271463232549426
2013-06-10,setup_or_fib_XAUUSD_20130610_BUY,LONG,1385.49,1382.7,2.7899999999999636,1.9032811801415448,2013-06-10 13:46:00+00:00,1386.25,2013-06-10 13:53:00+00:00,1383.76578,1383.24126,1386.25,2013-06-10 13:53:00+00:00,1383.24126,SL,0,-1.0,-1.3117135666895812
2013-06-11,setup_or_fib_XAUUSD_20130611_SELL,SHORT,1374.19,1368.36,5.830000000000155,2.750644683098448,2013-06-11 14:27:00+00:00,1365.29,2013-06-11 14:33:00+00:00,1371.96294,1373.05898,1365.29,2013-06-11 14:36:00+00:00,1373.05898,SL,3,-1.0,-1.1491733878325432
2013-06-12,setup_or_fib_XAUUSD_20130612_SELL,SHORT,1377.84,1376.05,1.7899999999999636,1.325230959972545,2013-06-12 14:01:00+00:00,1373.12,2013-06-12 14:37:00+00:00,1377.1562199999998,1377.4927400000001,1373.12,2013-06-12 14:37:00+00:00,1377.4927400000001,SL,0,-1.0,-1.4858552240575846
2013-06-13,setup_or_fib_XAUUSD_20130613_SELL,SHORT,1384.13,1379.84,4.290000000000191,1.9214086339326322,2013-06-13 14:00:00+00:00,1376.96,2013-06-13 15:01:00+00:00,1382.49122,1383.2977400000002,1376.96,2013-06-13 15:03:00+00:00,1383.2977400000002,SL,2,-1.0,-1.202722809105765
2013-06-18,setup_or_fib_XAUUSD_20130618_SELL,SHORT,1377.55,1372.55,5.0,1.9124837935990249,2013-06-18 14:19:00+00:00,1371.5,2013-06-18 14:47:00+00:00,1375.6399999999999,1376.58,1371.5,2013-06-18 14:55:00+00:00,1371.5,TP,8,4.404255319148545,4.230319148935789
2013-06-19,setup_or_fib_XAUUSD_20130619_BUY,LONG,1372.12,1370.3,1.8199999999999363,1.4711098653257095,2013-06-19 13:50:00+00:00,1372.8,2013-06-19 14:10:00+00:00,1370.99524,1370.65308,1372.8,2013-06-19 14:12:00+00:00,1370.65308,SL,2,-1.0,-1.4778466214637522
2013-06-20,setup_or_fib_XAUUSD_20130620_SELL,SHORT,1305.07,1299.47,5.599999999999909,5.8683735264624675,2013-06-20 13:52:00+00:00,1291.39,2013-06-20 14:40:00+00:00,1302.9307999999999,1303.9836,1291.39,2013-06-20 14:40:00+00:00,1303.9836,SL,0,-1.0,-1.15530015197566
2013-06-24,setup_or_fib_XAUUSD_20130624_BUY,LONG,1286.98,1282.03,4.9500000000000455,3.030393893004761,2013-06-24 13:49:00+00:00,1290.98,2013-06-24 15:17:00+00:00,1283.9209,1282.9903000000002,1290.98,2013-06-24 15:17:00+00:00,1282.9903000000002,SL,0,-1.0,-1.1756931012250325
2013-06-26,setup_or_fib_XAUUSD_20130626_BUY,LONG,1246.75,1235.58,11.170000000000073,4.680320530240149,2013-06-26 14:01:00+00:00,1248.59,2013-06-26 14:23:00+00:00,1239.84694,1237.74698,1248.59,2013-06-26 14:36:00+00:00,1237.74698,SL,13,-1.0,-1.0778586258785878
2013-06-27,setup_or_fib_XAUUSD_20130627_SELL,SHORT,1235.84,1231.41,4.429999999999836,3.472925653233497,2013-06-27 13:59:00+00:00,1230.74,2013-06-27 14:19:00+00:00,1234.1477399999999,1234.98058,1230.74,2013-06-27 14:37:00+00:00,1230.74,TP,18,4.091710292492846,3.895394073291086
2013-06-28,setup_or_fib_XAUUSD_20130628_SELL,SHORT,1198.93,1191.73,7.2000000000000455,3.2711198621817865,2013-06-28 13:46:00+00:00,1189.75,2013-06-28 14:35:00+00:00,1196.1796,1197.5332,1189.75,2013-06-28 14:42:00+00:00,1197.5332,SL,7,-1.0,-1.120789007092186
2013-07-01,setup_or_fib_XAUUSD_20130701_BUY,LONG,1237.12,1233.75,3.369999999999891,2.893452936723625,2013-07-01 14:01:00+00:00,1243.61,2013-07-01 15:00:00+00:00,1235.0373399999999,1234.40378,1243.61,2013-07-01 15:38:00+00:00,1243.61,TP,38,13.53093629648853,13.272870762048127
2013-07-02,setup_or_fib_XAUUSD_20130702_BUY,LONG,1254.68,1250.26,4.420000000000073,2.6323779321003884,2013-07-02 14:20:00+00:00,1256.98,2013-07-02 14:59:00+00:00,1251.9484400000001,1251.11748,1256.98,2013-07-02 15:00:00+00:00,1251.11748,SL,1,-1.0,-1.196760373543798
2013-07-08,setup_or_fib_XAUUSD_20130708_SELL,SHORT,1237.69,1235.74,1.9500000000000455,2.8225280559710915,2013-07-08 13:49:00+00:00,1230.53,2013-07-08 15:26:00+00:00,1236.9451000000001,1237.3117,1230.53,2013-07-08 15:27:00+00:00,1237.3117,SL,1,-1.0,-1.4459901800329342
2013-07-09,setup_or_fib_XAUUSD_20130709_SELL,SHORT,1255.45,1249.33,6.120000000000118,2.3585948294345713,2013-07-09 14:00:00+00:00,1248.41,2013-07-09 14:45:00+00:00,1253.11216,1254.26272,1248.41,2013-07-09 14:46:00+00:00,1254.26272,SL,1,-1.0,-1.142104714226111
2013-07-10,setup_or_fib_XAUUSD_20130710_SELL,SHORT,1256.89,1253.64,3.25,2.1493741972286986,2013-07-10 14:34:00+00:00,1251.78,2013-07-10 15:02:00+00:00,1255.6485,1256.2595000000001,1251.78,2013-07-10 15:20:00+00:00,1256.2595000000001,SL,18,-1.0,-1.2675941080195945
2013-07-19,setup_or_fib_XAUUSD_20130719_BUY,LONG,1292.72,1289.3,3.4200000000000728,2.0238705394513468,2013-07-19 14:01:00+00:00,1294.42,2013-07-19 14:44:00+00:00,1290.60644,1289.96348,1294.42,2013-07-19 15:00:00+00:00,1294.42,TP,16,5.931255443572354,5.676962797062513
2013-07-22,setup_or_fib_XAUUSD_20130722_SELL,SHORT,1325.37,1322.65,2.7199999999998,2.0528239528154786,2013-07-22 13:48:00+00:00,1320.4,2013-07-22 15:00:00+00:00,1324.33096,1324.84232,1320.4,2013-07-22 15:01:00+00:00,1324.84232,SL,1,-1.0,-1.3197356070087811
2013-07-23,setup_or_fib_XAUUSD_20130723_SELL,SHORT,1332.26,1330.01,2.25,2.04997817492546,2013-07-23 13:45:00+00:00,1329.49,2013-07-23 14:01:00+00:00,1331.4005,1331.8235,1329.49,2013-07-23 14:02:00+00:00,1331.8235,SL,1,-1.0,-1.3865248226950337
2013-07-24,setup_or_fib_XAUUSD_20130724_BUY,LONG,1338.11,1334.21,3.8999999999998636,2.1547491160891603,2013-07-24 14:58:00+00:00,1339.01,2013-07-24 15:02:00+00:00,1335.6998,1334.9666,1339.01,2013-07-24 15:03:00+00:00,1334.9666,SL,1,-1.0,-1.2229950900163287
2013-07-26,setup_or_fib_XAUUSD_20130726_BUY,LONG,1325.04,1320.7,4.339999999999918,2.1483093449777115,2013-07-26 14:13:00+00:00,1331.72,2013-07-26 15:49:00+00:00,1322.35788,1321.54196,1331.72,2013-07-26 15:50:00+00:00,1321.54196,SL,1,-1.0,-1.2003872928718489
2013-07-30,setup_or_fib_XAUUSD_20130730_BUY,LONG,1327.83,1322.34,5.490000000000009,1.934385402282076,2013-07-30 13:46:00+00:00,1329.03,2013-07-30 14:29:00+00:00,1324.43718,1323.40506,1329.03,2013-07-30 14:31:00+00:00,1323.40506,SL,2,-1.0,-1.1584118125799556
2013-08-05,setup_or_fib_XAUUSD_20130805_BUY,LONG,1307.16,1303.93,3.230000000000018,1.6587503871390956,2013-08-05 14:00:00+00:00,1310.89,2013-08-05 15:07:00+00:00,1305.16386,1304.55662,1310.89,2013-08-05 15:20:00+00:00,1304.55,SL,13,-1.0109017851263278,-1.2801528226073688
2013-08-06,setup_or_fib_XAUUSD_20130806_BUY,LONG,1289.62,1287.0,2.619999999999891,2.8043467249243497,2013-08-06 13:48:00+00:00,1291.74,2013-08-06 14:00:00+00:00,1288.00084,1287.50828,1291.74,2013-08-06 14:01:00+00:00,1287.50828,SL,1,-1.0,-1.331939256131292
2013-08-09,setup_or_fib_XAUUSD_20130809_SELL,SHORT,1312.93,1308.55,4.380000000000109,2.13928534599082,2013-08-09 14:01:00+00:00,1307.39,2013-08-09 15:10:00+00:00,1311.25684,1312.0802800000001,1307.39,2013-08-09 15:10:00+00:00,1312.0802800000001,SL,0,-1.0,-1.1985572719323525
2013-08-12,setup_or_fib_XAUUSD_20130812_SELL,SHORT,1330.71,1328.75,1.9600000000000364,2.230740923406984,2013-08-12 13:49:00+00:00,1328.59,2013-08-12 14:00:00+00:00,1329.96128,1330.32976,1328.59,2013-08-12 14:00:00+00:00,1330.32976,SL,0,-1.0,-1.4437147199304166
2013-08-13,setup_or_fib_XAUUSD_20130813_BUY,LONG,1334.22,1324.98,9.240000000000009,2.7331496849479007,2013-08-13 14:00:00+00:00,1335.88,2013-08-13 14:32:00+00:00,1328.5096800000001,1326.77256,1335.88,2013-08-13 14:37:00+00:00,1326.77256,SL,5,-1.0,-1.094121304227687
2013-08-14,setup_or_fib_XAUUSD_20130814_SELL,SHORT,1327.38,1323.27,4.110000000000127,1.9414722225882766,2013-08-14 13:50:00+00:00,1319.22,2013-08-14 14:55:00+00:00,1325.80998,1326.58266,1319.22,2013-08-14 14:55:00+00:00,1326.58266,SL,0,-1.0,-1.211601180307491
2013-08-16,setup_or_fib_XAUUSD_20130816_BUY,LONG,1368.89,1363.96,4.930000000000064,2.4339403691622055,2013-08-16 14:23:00+00:00,1374.07,2013-08-16 14:38:00+00:00,1365.84326,1364.91642,1374.07,2013-08-16 14:38:00+00:00,1364.91642,SL,0,-1.0,-1.1764058521427487
2013-08-19,setup_or_fib_XAUUSD_20130819_SELL,SHORT,1373.38,1371.03,2.3500000000001364,2.415764168729456,2013-08-19 14:00:00+00:00,1367.25,2013-08-19 14:18:00+00:00,1372.4823000000001,1372.9241000000002,1367.25,2013-08-19 15:00:00+00:00,1367.25,TP,42,11.843141693072527,11.473064735173073
2013-08-20,setup_or_fib_XAUUSD_20130820_SELL,SHORT,1371.03,1366.36,4.670000000000073,3.0073664112088636,2013-08-20 14:01:00+00:00,1364.62,2013-08-20 14:35:00+00:00,1369.24606,1370.12402,1364.62,2013-08-20 14:35:00+00:00,1370.12402,SL,0,-1.0,-1.1862271629686938
2013-08-21,setup_or_fib_XAUUSD_20130821_SELL,SHORT,1367.38,1366.02,1.3600000000001273,1.9620109317004029,2013-08-21 13:50:00+00:00,1365.47,2013-08-21 14:01:00+00:00,1366.86048,1367.11616,1365.47,2013-08-21 14:01:00+00:00,1367.11616,SL,0,-1.0,-1.6394712140175622
2013-08-23,setup_or_fib_XAUUSD_20130823_SELL,SHORT,1372.82,1371.44,1.3799999999998818,1.7307408013957635,2013-08-23 13:45:00+00:00,1368.66,2013-08-23 14:00:00+00:00,1372.29284,1372.5522799999999,1368.66,2013-08-23 14:00:00+00:00,1372.5522799999999,SL,0,-1.0,-1.6302035152640988
2013-08-26,setup_or_fib_XAUUSD_20130826_SELL,SHORT,1399.38,1394.4,4.980000000000018,1.8005629803135554,2013-08-26 14:19:00+00:00,1393.56,2013-08-26 15:03:00+00:00,1397.47764,1398.41388,1393.56,2013-08-26 16:00:00+00:00,1395.73,TIME,57,1.8666581218491525,1.6920234128001903
2013-08-27,setup_or_fib_XAUUSD_20130827_SELL,SHORT,1421.41,1418.73,2.6800000000000637,2.422023277259442,2013-08-27 13:48:00+00:00,1418.08,2013-08-27 13:57:00+00:00,1420.38624,1420.8900800000001,1418.08,2013-08-27 14:00:00+00:00,1420.8900800000001,SL,3,-1.0,-1.3245077802476448
2013-08-28,setup_or_fib_XAUUSD_20130828_BUY,LONG,1429.17,1425.99,3.1800000000000637,2.560346326313999,2013-08-28 14:00:00+00:00,1430.15,2013-08-28 14:12:00+00:00,1427.20476,1426.6069200000002,1430.15,2013-08-28 14:12:00+00:00,1426.6069200000002,SL,0,-1.0,-1.273484544359738
2013-08-29,setup_or_fib_XAUUSD_20130829_BUY,LONG,1413.6,1405.74,7.8599999999999,2.3212794497169607,2013-08-29 13:49:00+00:00,1415.75,2013-08-29 14:30:00+00:00,1408.74252,1407.2648399999998,1415.75,2013-08-29 14:30:00+00:00,1407.2648399999998,SL,0,-1.0,-1.1106464187103966
2013-08-30,setup_or_fib_XAUUSD_20130830_SELL,SHORT,1398.66,1393.52,5.1400000000001,1.9721977056784752,2013-08-30 14:30:00+00:00,1392.18,2013-08-30 15:09:00+00:00,1396.69652,1397.66284,1392.18,2013-08-30 15:10:00+00:00,1397.66284,SL,1,-1.0,-1.1691986091563877
2013-09-10,setup_or_fib_XAUUSD_20130910_BUY,LONG,1365.29,1362.92,2.369999999999891,2.194040603375015,2013-09-10 13:49:00+00:00,1366.46,2013-09-10 13:57:00+00:00,1363.82534,1363.3797800000002,1366.46,2013-09-10 14:01:00+00:00,1363.3797800000002,SL,4,-1.0,-1.366953945596646
2013-09-11,setup_or_fib_XAUUSD_20130911_BUY,LONG,1363.89,1360.87,3.020000000000209,2.141283001731455,2013-09-11 14:58:00+00:00,1365.05,2013-09-11 15:11:00+00:00,1362.02364,1361.4558799999998,1365.05,2013-09-11 15:12:00+00:00,1361.4558799999998,SL,1,-1.0,-1.2879737917429217
2013-09-19,setup_or_fib_XAUUSD_20130919_SELL,SHORT,1370.32,1362.74,7.579999999999927,3.214930973307248,2013-09-19 14:38:00+00:00,1359.69,2013-09-19 15:49:00+00:00,1367.42444,1368.8494799999999,1359.69,2013-09-19 16:00:00+00:00,1366.52,TIME,11,0.634676921349657,0.5199432998372666
2013-09-20,setup_or_fib_XAUUSD_20130920_BUY,LONG,1351.88,1349.58,2.300000000000182,2.5639271070710006,2013-09-20 13:53:00+00:00,1356.69,2013-09-20 14:47:00+00:00,1350.4586,1350.0262,1356.69,2013-09-20 14:48:00+00:00,1350.0262,SL,1,-1.0,-1.3781221091582605
2013-09-23,setup_or_fib_XAUUSD_20130923_SELL,SHORT,1324.39,1321.88,2.509999999999991,3.027067222642872,2013-09-23 13:52:00+00:00,1320.23,2013-09-23 14:07:00+00:00,1323.43118,1323.90306,1320.23,2013-09-23 14:11:00+00:00,1323.90306,SL,4,-1.0,-1.3464863948461065
2013-09-24,setup_or_fib_XAUUSD_20130924_SELL,SHORT,1318.95,1314.48,4.470000000000027,2.412981464284892,2013-09-24 13:52:00+00:00,1305.8,2013-09-24 15:56:00+00:00,1317.24246,1318.08282,1305.8,2013-09-24 16:00:00+00:00,1317.01,TIME,4,0.27661954400483835,0.08206006949394828
2013-09-26,setup_or_fib_XAUUSD_20130926_BUY,LONG,1335.05,1330.57,4.480000000000018,2.047815376107652,2013-09-26 13:57:00+00:00,1335.4,2013-09-26 14:01:00+00:00,1332.28136,1331.43912,1335.4,2013-09-26 14:12:00+00:00,1331.43912,SL,11,-1.0,-1.194125189969617
2013-09-27,setup_or_fib_XAUUSD_20130927_SELL,SHORT,1342.74,1338.86,3.880000000000109,2.9565958395919103,2013-09-27 13:52:00+00:00,1333.4,2013-09-27 15:02:00+00:00,1341.25784,1341.98728,1333.4,2013-09-27 15:04:00+00:00,1341.98728,SL,2,-1.0,-1.2241445492432343
2013-09-30,setup_or_fib_XAUUSD_20130930_SELL,SHORT,1333.17,1330.79,2.380000000000109,1.8131972643336176,2013-09-30 13:46:00+00:00,1322.6,2013-09-30 15:45:00+00:00,1332.2608400000001,1332.70828,1322.6,2013-09-30 15:45:00+00:00,1332.70828,SL,0,-1.0,-1.3654121222957962
2013-10-02,setup_or_fib_XAUUSD_20131002_BUY,LONG,1300.42,1297.62,2.800000000000182,2.819601591917615,2013-10-02 13:46:00+00:00,1303.65,2013-10-02 14:22:00+00:00,1298.6896,1298.1632,1303.65,2013-10-02 14:35:00+00:00,1298.1632,SL,13,-1.0,-1.3106003039513874
2013-10-07,setup_or_fib_XAUUSD_20131007_BUY,LONG,1320.34,1317.28,3.0599999999999454,1.825595153268434,2013-10-07 14:00:00+00:00,1320.45,2013-10-07 14:06:00+00:00,1318.44892,1317.8736399999998,1320.45,2013-10-07 14:07:00+00:00,1317.8736399999998,SL,1,-1.0,-1.2842094284521095
2013-10-09,setup_or_fib_XAUUSD_20131009_BUY,LONG,1306.91,1302.87,4.040000000000191,2.5123971128363287,2013-10-09 14:00:00+00:00,1310.33,2013-10-09 15:02:00+00:00,1304.41328,1303.65376,1310.33,2013-10-09 15:05:00+00:00,1303.65376,SL,3,-1.0,-1.2152675373920183
2013-10-14,setup_or_fib_XAUUSD_20131014_SELL,SHORT,1287.39,1284.65,2.740000000000009,2.185811801553432,2013-10-14 13:57:00+00:00,1281.86,2013-10-14 15:52:00+00:00,1286.3433200000002,1286.85844,1281.86,2013-10-14 16:00:00+00:00,1284.82,TIME,8,2.9572138530844074,2.6398120826230307
2013-10-15,setup_or_fib_XAUUSD_20131015_SELL,SHORT,1263.33,1257.4,5.929999999999836,3.315490551548904,2013-10-15 13:45:00+00:00,1256.52,2013-10-15 13:56:00+00:00,1261.06474,1262.17958,1256.52,2013-10-15 13:56:00+00:00,1262.17958,SL,0,-1.0,-1.1466578163682737
2013-10-16,setup_or_fib_XAUUSD_20131016_BUY,LONG,1281.41,1275.73,5.680000000000064,2.4905548318345314,2013-10-16 14:01:00+00:00,1282.54,2013-10-16 14:10:00+00:00,1277.89976,1276.83192,1282.54,2013-10-16 14:39:00+00:00,1276.83192,SL,29,-1.0,-1.153112825891529
2013-10-17,setup_or_fib_XAUUSD_20131017_SELL,SHORT,1320.49,1315.79,4.7000000000000455,4.530778222834773,2013-10-17 13:51:00+00:00,1313.17,2013-10-17 15:02:00+00:00,1318.6946,1319.5782000000002,1313.17,2013-10-17 15:04:00+00:00,1319.5782000000002,SL,2,-1.0,-1.185038478949727
2013-10-18,setup_or_fib_XAUUSD_20131018_SELL,SHORT,1320.51,1317.87,2.6400000000001,2.1443283535059314,2013-10-18 13:49:00+00:00,1316.77,2013-10-18 13:55:00+00:00,1319.50152,1319.99784,1316.77,2013-10-18 14:00:00+00:00,1319.99784,SL,5,-1.0,-1.329424564796926
2013-10-23,setup_or_fib_XAUUSD_20131023_BUY,LONG,1334.2,1332.42,1.7799999999999727,2.0570136232558895,2013-10-23 13:49:00+00:00,1336.0,2013-10-23 14:12:00+00:00,1333.09996,1332.7653200000002,1336.0,2013-10-23 14:12:00+00:00,1332.7653200000002,SL,0,-1.0,-1.4885847477889482
2013-10-24,setup_or_fib_XAUUSD_20131024_SELL,SHORT,1348.92,1342.41,6.509999999999991,2.2824190035980387,2013-10-24 13:45:00+00:00,1338.31,2013-10-24 15:55:00+00:00,1346.43318,1347.6570600000002,1338.31,2013-10-24 15:59:00+00:00,1347.6570600000002,SL,4,-1.0,-1.1335915285812077
2013-10-28,setup_or_fib_XAUUSD_20131028_SELL,SHORT,1353.15,1350.96,2.1900000000000546,1.3566910794194622,2013-10-28 13:47:00+00:00,1350.88,2013-10-28 13:53:00+00:00,1352.3134200000002,1352.72514,1350.88,2013-10-28 13:53:00+00:00,1352.72514,SL,0,-1.0,-1.3971145438649244
2013-10-30,setup_or_fib_XAUUSD_20131030_SELL,SHORT,1358.97,1354.05,4.920000000000073,2.0074660837622313,2013-10-30 13:55:00+00:00,1353.26,2013-10-30 14:35:00+00:00,1357.09056,1358.0155200000002,1353.26,2013-10-30 14:39:00+00:00,1358.0155200000002,SL,4,-1.0,-1.176764400622719
2013-10-31,setup_or_fib_XAUUSD_20131031_BUY,LONG,1328.69,1325.05,3.6400000000001,2.3539129658492395,2013-10-31 14:31:00+00:00,1331.41,2013-10-31 14:43:00+00:00,1326.44048,1325.7561600000001,1331.41,2013-10-31 14:44:00+00:00,1325.7561600000001,SL,1,-1.0,-1.238923310731876
2013-11-01,setup_or_fib_XAUUSD_20131101_SELL,SHORT,1315.02,1313.03,1.990000000000009,2.0738373760254945,2013-11-01 13:51:00+00:00,1312.9,2013-11-01 13:52:00+00:00,1314.25982,1314.63394,1312.9,2013-11-01 13:52:00+00:00,1314.63394,SL,0,-1.0,-1.4370255532984677
2013-11-04,setup_or_fib_XAUUSD_20131104_SELL,SHORT,1319.51,1317.69,1.8199999999999363,1.767415330508724,2013-11-04 15:18:00+00:00,1316.41,2013-11-04 15:44:00+00:00,1318.81476,1319.15692,1316.41,2013-11-04 15:51:00+00:00,1319.15692,SL,7,-1.0,-1.4778466214637522
2013-11-06,setup_or_fib_XAUUSD_20131106_SELL,SHORT,1318.9,1316.99,1.9100000000000819,1.5962420032571611,2013-11-06 14:48:00+00:00,1314.62,2013-11-06 15:41:00+00:00,1318.17038,1318.52946,1314.62,2013-11-06 15:46:00+00:00,1318.52946,SL,5,-1.0,-1.4553302885151589
2013-11-11,setup_or_fib_XAUUSD_20131111_BUY,LONG,1283.92,1282.58,1.3400000000001455,1.5813085213345726,2013-11-11 15:25:00+00:00,1284.58,2013-11-11 15:48:00+00:00,1283.09188,1282.8399599999998,1284.58,2013-11-11 15:50:00+00:00,1282.8399599999998,SL,2,-1.0,-1.649015560494997
2013-11-12,setup_or_fib_XAUUSD_20131112_SELL,SHORT,1282.95,1281.08,1.8700000000001182,1.9514251330742711,2013-11-12 14:50:00+00:00,1280.79,2013-11-12 15:04:00+00:00,1282.23566,1282.58722,1280.79,2013-11-12 15:10:00+00:00,1280.79,TP,6,4.1121287973625105,3.6470588235313683
2013-11-13,setup_or_fib_XAUUSD_20131113_BUY,LONG,1277.49,1275.83,1.6600000000000819,2.0422112403902637,2013-11-13 14:49:00+00:00,1279.66,2013-11-13 15:06:00+00:00,1276.4641199999999,1276.15204,1279.66,2013-11-13 15:09:00+00:00,1276.15204,SL,3,-1.0,-1.5239041271470137
2013-11-14,setup_or_fib_XAUUSD_20131114_SELL,SHORT,1287.28,1282.35,4.930000000000064,2.0175002737826917,2013-11-14 15:18:00+00:00,1281.51,2013-11-14 15:34:00+00:00,1285.39674,1286.32358,1281.51,2013-11-14 15:37:00+00:00,1286.32358,SL,3,-1.0,-1.1764058521427487
2013-11-18,setup_or_fib_XAUUSD_20131118_SELL,SHORT,1282.02,1280.16,1.8599999999999,1.7908497522429268,2013-11-18 14:45:00+00:00,1280.13,2013-11-18 14:49:00+00:00,1281.3094800000001,1281.65916,1280.13,2013-11-18 14:51:00+00:00,1281.65916,SL,2,-1.0,-1.4675703500345745
2013-11-19,setup_or_fib_XAUUSD_20131119_BUY,LONG,1276.8,1273.03,3.769999999999982,1.6500653611280647,2013-11-19 15:46:00+00:00,1278.79,2013-11-19 16:46:00+00:00,1274.47014,1273.76138,1278.79,2013-11-19 17:00:00+00:00,1274.9,TIME,14,0.6064958519106602,0.37581127603165504
2013-11-20,setup_or_fib_XAUUSD_20131120_SELL,SHORT,1263.55,1258.95,4.599999999999909,2.711748190090271,2013-11-20 15:42:00+00:00,1256.21,2013-11-20 16:21:00+00:00,1261.7928,1262.6576,1256.21,2013-11-20 16:22:00+00:00,1262.6576,SL,1,-1.0,-1.1890610545790805
2013-11-22,setup_or_fib_XAUUSD_20131122_BUY,LONG,1246.89,1244.47,2.4200000000000728,1.69194048006594,2013-11-22 15:25:00+00:00,1247.75,2013-11-22 16:32:00+00:00,1245.39444,1244.9394800000002,1247.75,2013-11-22 16:32:00+00:00,1244.9394800000002,SL,0,-1.0,-1.3593722525058722
2013-11-26,setup_or_fib_XAUUSD_20131126_SELL,SHORT,1247.85,1245.52,2.3299999999999272,1.6067936376999197,2013-11-26 14:45:00+00:00,1245.46,2013-11-26 14:49:00+00:00,1246.95994,1247.3979799999997,1245.46,2013-11-26 15:00:00+00:00,1245.46,TP,11,3.4242078349025196,3.05095425075476
2013-11-28,setup_or_fib_XAUUSD_20131128_SELL,SHORT,1244.73,1243.66,1.0699999999999363,1.199899607600167,2013-11-28 15:04:00+00:00,1243.23,2013-11-28 15:28:00+00:00,1244.32126,1244.52242,1243.23,2013-11-28 15:28:00+00:00,1244.52242,SL,0,-1.0,-1.8127858421154355
2013-11-29,setup_or_fib_XAUUSD_20131129_SELL,SHORT,1252.66,1250.86,1.800000000000182,1.5717609650424162,2013-11-29 15:23:00+00:00,1250.75,2013-11-29 15:32:00+00:00,1251.9724,1252.3108000000002,1250.75,2013-11-29 15:32:00+00:00,1252.3108000000002,SL,0,-1.0,-1.4831560283686624
2013-12-02,setup_or_fib_XAUUSD_20131202_BUY,LONG,1238.26,1236.24,2.019999999999982,1.5664015850645094,2013-12-02 15:14:00+00:00,1238.64,2013-12-02 15:21:00+00:00,1237.01164,1236.63188,1238.64,2013-12-02 15:25:00+00:00,1236.63188,SL,4,-1.0,-1.4305350747840369
2013-12-03,setup_or_fib_XAUUSD_20131203_BUY,LONG,1222.68,1221.31,1.3700000000001182,1.7777328837449033,2013-12-03 14:46:00+00:00,1223.41,2013-12-03 14:54:00+00:00,1221.83334,1221.5757800000001,1223.41,2013-12-03 14:54:00+00:00,1221.5757800000001,SL,0,-1.0,-1.6348035409230337
2013-12-09,setup_or_fib_XAUUSD_20131209_SELL,SHORT,1233.21,1231.72,1.490000000000009,1.3496125761887774,2013-12-09 14:58:00+00:00,1230.77,2013-12-09 15:16:00+00:00,1232.64082,1232.92094,1230.77,2013-12-09 15:17:00+00:00,1232.92094,SL,1,-1.0,-1.583678423532986
2013-12-11,setup_or_fib_XAUUSD_20131211_BUY,LONG,1259.59,1257.2,2.3899999999998727,1.630361406964907,2013-12-11 14:51:00+00:00,1263.28,2013-12-11 16:14:00+00:00,1258.11298,1257.66366,1263.28,2013-12-11 16:14:00+00:00,1257.66366,SL,0,-1.0,-1.363883201281799
2013-12-13,setup_or_fib_XAUUSD_20131213_BUY,LONG,1233.63,1229.94,3.6900000000000546,2.44551577199808,2013-12-13 14:52:00+00:00,1235.57,2013-12-13 16:11:00+00:00,1231.34958,1230.65586,1235.57,2013-12-13 16:26:00+00:00,1235.57,TP,15,6.083751369428543,5.848065501931565
2013-12-16,setup_or_fib_XAUUSD_20131216_SELL,SHORT,1237.04,1234.15,2.8899999999998727,1.7909871466355407,2013-12-16 14:56:00+00:00,1233.69,2013-12-16 15:06:00+00:00,1235.93602,1236.47934,1233.69,2013-12-16 15:11:00+00:00,1236.47934,SL,5,-1.0,-1.3009276301258959
2013-12-17,setup_or_fib_XAUUSD_20131217_BUY,LONG,1234.71,1231.87,2.8400000000001455,1.951575256602678,2013-12-17 15:32:00+00:00,1243.02,2013-12-17 16:05:00+00:00,1232.95488,1232.42096,1243.02,2013-12-17 16:05:00+00:00,1232.42096,SL,0,-1.0,-1.3062256517829927
2013-12-18,setup_or_fib_XAUUSD_20131218_BUY,LONG,1233.69,1230.81,2.880000000000109,1.5611323859028774,2013-12-18 15:09:00+00:00,1235.15,2013-12-18 15:42:00+00:00,1231.91016,1231.36872,1235.15,2013-12-18 15:44:00+00:00,1231.36872,SL,2,-1.0,-1.3019725177305155
2013-12-19,setup_or_fib_XAUUSD_20131219_SELL,SHORT,1206.6,1200.37,6.230000000000018,2.7978177153586157,2013-12-19 14:46:00+00:00,1197.84,2013-12-19 15:00:00+00:00,1204.22014,1205.39138,1197.84,2013-12-19 16:00:00+00:00,1197.84,TP,60,5.447337864143387,5.307742221918068
2013-12-23,setup_or_fib_XAUUSD_20131223_SELL,SHORT,1202.73,1201.21,1.5199999999999818,2.0115624572171584,2013-12-23 14:51:00+00:00,1197.64,2013-12-23 16:22:00+00:00,1202.1493600000001,1202.43512,1197.64,2013-12-23 16:22:00+00:00,1202.43512,SL,0,-1.0,-1.5721584546472924
2013-12-24,setup_or_fib_XAUUSD_20131224_SELL,SHORT,1201.56,1200.53,1.0299999999999727,1.3423633319324413,2013-12-24 14:47:00+00:00,1200.3,2013-12-24 14:59:00+00:00,1201.16654,1201.36018,1200.3,2013-12-24 15:01:00+00:00,1201.36018,SL,2,-1.0,-1.8443503408388469
2013-12-30,setup_or_fib_XAUUSD_20131230_BUY,LONG,1205.32,1203.76,1.5599999999999454,1.7373790502744406,2013-12-30 14:46:00+00:00,1208.46,2013-12-30 16:00:00+00:00,1204.35592,1204.06264,1208.46,2013-12-30 16:00:00+00:00,1204.06264,SL,0,-1.0,-1.5574877250411676
2013-12-31,setup_or_fib_XAUUSD_20131231_SELL,SHORT,1198.31,1196.36,1.9500000000000455,1.8063381369130613,2013-12-31 14:46:00+00:00,1182.42,2013-12-31 15:56:00+00:00,1197.5651,1197.9316999999999,1182.42,2013-12-31 15:56:00+00:00,1197.9316999999999,SL,0,-1.0,-1.4459901800329342
2014-01-02,setup_or_fib_XAUUSD_20140102_BUY,LONG,1222.3,1220.11,2.1900000000000546,3.099803636762365,2014-01-02 14:48:00+00:00,1226.75,2014-01-02 16:11:00+00:00,1220.9465799999998,1220.53486,1226.75,2014-01-02 17:00:00+00:00,1223.41,TIME,49,5.983241037601464,5.586126493736539
2014-01-06,setup_or_fib_XAUUSD_20140106_SELL,SHORT,1242.25,1240.54,1.7100000000000364,1.807931554790565,2014-01-06 15:10:00+00:00,1239.65,2014-01-06 15:26:00+00:00,1241.59678,1241.9182600000001,1239.65,2014-01-06 15:26:00+00:00,1241.9182600000001,SL,0,-1.0,-1.5085852930196806
2014-01-08,setup_or_fib_XAUUSD_20140108_SELL,SHORT,1227.29,1220.47,6.819999999999936,1.8794440617199104,2014-01-08 15:40:00+00:00,1219.16,2014-01-08 16:03:00+00:00,1224.68476,1225.96692,1219.16,2014-01-08 17:00:00+00:00,1223.46,TIME,57,0.9552317963437348,0.8277126099707368
2014-01-13,setup_or_fib_XAUUSD_20140113_SELL,SHORT,1245.95,1244.85,1.1000000000001364,1.327065432145341,2014-01-13 14:45:00+00:00,1244.54,2014-01-13 14:52:00+00:00,1245.5298,1245.7366,1244.54,2014-01-13 14:55:00+00:00,1245.7366,SL,3,-1.0,-1.7906189555128396
2014-01-15,setup_or_fib_XAUUSD_20140115_SELL,SHORT,1238.91,1234.79,4.120000000000118,1.3513138577744725,2014-01-15 15:20:00+00:00,1234.21,2014-01-15 15:52:00+00:00,1237.33616,1238.1107200000001,1234.21,2014-01-15 16:15:00+00:00,1238.1107200000001,SL,23,-1.0,-1.2110875852096497
2014-01-20,setup_or_fib_XAUUSD_20140120_SELL,SHORT,1256.37,1255.87,0.5,0.9611869864822724,2014-01-20 14:46:00+00:00,1255.45,2014-01-20 14:55:00+00:00,1256.1789999999999,1256.273,1255.45,2014-01-20 14:55:00+00:00,1256.273,SL,0,-1.0,-2.7393617021267174
2014-01-21,setup_or_fib_XAUUSD_20140121_BUY,LONG,1238.87,1237.51,1.3599999999999,1.787053512249656,2014-01-21 14:47:00+00:00,1239.14,2014-01-21 15:05:00+00:00,1238.02952,1237.77384,1239.14,2014-01-21 15:05:00+00:00,1237.77384,SL,0,-1.0,-1.6394712140175622
2014-01-24,setup_or_fib_XAUUSD_20140124_BUY,LONG,1267.24,1264.33,2.910000000000082,1.999768538903936,2014-01-24 14:56:00+00:00,1268.03,2014-01-24 15:24:00+00:00,1265.44162,1264.89454,1268.03,2014-01-24 15:25:00+00:00,1264.89454,SL,1,-1.0,-1.2988593989909791
2014-01-27,setup_or_fib_XAUUSD_20140127_BUY,LONG,1261.69,1259.83,1.8600000000001273,2.095924540898106,2014-01-27 15:07:00+00:00,1263.06,2014-01-27 15:31:00+00:00,1260.54052,1260.19084,1263.06,2014-01-27 15:31:00+00:00,1260.19084,SL,0,-1.0,-1.4675703500342705
2014-01-28,setup_or_fib_XAUUSD_20140128_BUY,LONG,1259.28,1253.55,5.730000000000018,1.5139476970717347,2014-01-28 14:49:00+00:00,1261.88,2014-01-28 15:47:00+00:00,1255.73886,1254.6616199999999,1261.88,2014-01-28 15:54:00+00:00,1254.6616199999999,SL,7,-1.0,-1.1517767628383542
2014-01-29,setup_or_fib_XAUUSD_20140129_BUY,LONG,1266.25,1263.31,2.9400000000000546,1.9210229343632088,2014-01-29 14:47:00+00:00,1269.03,2014-01-29 15:54:00+00:00,1264.43308,1263.8803599999999,1269.03,2014-01-29 15:54:00+00:00,1263.8803599999999,SL,0,-1.0,-1.2958098132869442
2014-01-30,setup_or_fib_XAUUSD_20140130_SELL,SHORT,1246.47,1241.68,4.789999999999964,2.2198836193848663,2014-01-30 14:46:00+00:00,1238.0,2014-01-30 15:46:00+00:00,1244.64022,1245.5407400000001,1238.0,2014-01-30 16:15:00+00:00,1245.5407400000001,SL,29,-1.0,-1.1815617643139233
2014-02-03,setup_or_fib_XAUUSD_20140203_SELL,SHORT,1246.93,1245.66,1.2699999999999818,1.5416979858844324,2014-02-03 14:45:00+00:00,1245.48,2014-02-03 14:48:00+00:00,1246.44486,1246.68362,1245.48,2014-02-03 14:49:00+00:00,1246.68362,SL,1,-1.0,-1.6847880717039276
2014-02-04,setup_or_fib_XAUUSD_20140204_SELL,SHORT,1251.33,1249.07,2.259999999999991,1.7885423864527121,2014-02-04 14:51:00+00:00,1247.21,2014-02-04 15:37:00+00:00,1250.46668,1250.89156,1247.21,2014-02-04 15:37:00+00:00,1250.89156,SL,0,-1.0,-1.384814535868924
2014-02-06,setup_or_fib_XAUUSD_20140206_BUY,LONG,1262.58,1256.63,5.949999999999818,1.5774675037689716,2014-02-06 14:49:00+00:00,1266.75,2014-02-06 15:23:00+00:00,1258.9029,1257.7843000000003,1266.75,2014-02-06 15:24:00+00:00,1257.7843000000003,SL,1,-1.0,-1.1461648489183185
2014-02-10,setup_or_fib_XAUUSD_20140210_SELL,SHORT,1276.3,1273.72,2.5799999999999272,1.2963387635166834,2014-02-10 14:51:00+00:00,1272.64,2014-02-10 15:59:00+00:00,1275.3144399999999,1275.79948,1272.64,2014-02-10 16:00:00+00:00,1275.79948,SL,1,-1.0,-1.3370856011875127
2014-02-12,setup_or_fib_XAUUSD_20140212_SELL,SHORT,1292.4,1290.14,2.259999999999991,1.3073766126598532,2014-02-12 14:46:00+00:00,1289.11,2014-02-12 15:30:00+00:00,1291.5366800000002,1291.9615600000002,1289.11,2014-02-12 15:33:00+00:00,1289.11,TP,3,5.7114479382415935,5.32663340237267
2014-02-13,setup_or_fib_XAUUSD_20140213_SELL,SHORT,1295.25,1292.38,2.869999999999891,1.4703041419044058,2014-02-13 15:00:00+00:00,1292.2,2014-02-13 15:10:00+00:00,1294.15366,1294.6932199999999,1292.2,2014-02-13 15:37:00+00:00,1294.6932199999999,SL,27,-1.0,-1.3030246867818573
2014-02-14,setup_or_fib_XAUUSD_20140214_BUY,LONG,1316.07,1314.02,2.0499999999999545,1.8642336354395161,2014-02-14 15:11:00+00:00,1321.1,2014-02-14 16:55:00+00:00,1314.8030999999999,1314.4177,1321.1,2014-02-14 17:00:00+00:00,1316.01,TIME,5,3.131551634666516,2.7073170731718443
2014-02-17,setup_or_fib_XAUUSD_20140217_BUY,LONG,1327.56,1326.21,1.349999999999909,1.4683775530790677,2014-02-17 14:59:00+00:00,1327.98,2014-02-17 15:11:00+00:00,1326.7257,1326.4719,1327.98,2014-02-17 15:16:00+00:00,1326.4719,SL,5,-1.0,-1.6442080378251718
2014-02-18,setup_or_fib_XAUUSD_20140218_SELL,SHORT,1320.14,1318.26,1.8800000000001091,1.833808075727019,2014-02-18 14:45:00+00:00,1317.63,2014-02-18 14:52:00+00:00,1319.42184,1319.7752800000003,1317.63,2014-02-18 14:52:00+00:00,1319.7752800000003,SL,0,-1.0,-1.4625961973739603
2014-02-19,setup_or_fib_XAUUSD_20140219_BUY,LONG,1320.92,1319.36,1.5600000000001728,1.4871446470845233,2014-02-19 14:47:00+00:00,1321.25,2014-02-19 14:51:00+00:00,1319.9559199999999,1319.66264,1321.25,2014-02-19 14:54:00+00:00,1319.66264,SL,3,-1.0,-1.5574877250411676
2014-02-20,setup_or_fib_XAUUSD_20140220_SELL,SHORT,1317.36,1312.58,4.779999999999973,1.600512655099802,2014-02-20 15:33:00+00:00,1311.19,2014-02-20 16:00:00+00:00,1315.66,1316.4326800000001,1311.19,2014-02-20 16:00:00+00:00,1316.4326800000001,SL,0,-1.0,-1.211601180307491
2014-02-21,setup_or_fib_XAUUSD_20140221_SELL,SHORT,1323.4,1322.11,1.290000000000191,1.445653934156525,2014-02-21 14:54:00+00:00,1321.26,2014-02-21 15:29:00+00:00,1322.90722,1323.1497399999998,1321.26,2014-02-21 15:29:00+00:00,1323.1497399999998,SL,0,-1.0,-1.6741712023756574
2014-02-24,setup_or_fib_XAUUSD_20140224_SELL,SHORT,1332.78,1331.08,1.7000000000000455,1.776996944866518,2014-02-24 14:51:00+00:00,1328.56,2014-02-24 15:09:00+00:00,1332.1306,1332.4502,1328.56,2014-02-24 15:09:00+00:00,1332.4502,SL,0,-1.0,-1.5115769712139588
2014-02-25,setup_or_fib_XAUUSD_20140225_SELL,SHORT,1337.5,1335.76,1.740000000000009,1.629933307598202,2014-02-25 14:46:00+00:00,1333.49,2014-02-25 15:40:00+00:00,1336.83532,1337.1624399999998,1333.49,2014-02-25 15:42:00+00:00,1337.1624399999998,SL,2,-1.0,-1.499816581071285
2014-02-26,setup_or_fib_XAUUSD_20140226_BUY,LONG,1334.12,1331.6,2.519999999999982,1.7158282582535582,2014-02-26 14:45:00+00:00,1334.83,2014-02-26 15:19:00+00:00,1332.5626399999999,1332.0888799999998,1334.83,2014-02-26 15:40:00+00:00,1332.0888799999998,SL,21,-1.0,-1.345111448834792
2014-02-27,setup_or_fib_XAUUSD_20140227_SELL,SHORT,1333.75,1330.43,3.3199999999999363,1.826703994268475,2014-02-27 15:37:00+00:00,1329.5,2014-02-27 15:59:00+00:00,1332.4817600000001,1333.10592,1329.5,2014-02-27 16:12:00+00:00,1333.10592,SL,13,-1.0,-1.2619520635735069
2014-02-28,setup_or_fib_XAUUSD_20140228_SELL,SHORT,1332.08,1330.31,1.7699999999999818,1.5709335157065523,2014-02-28 14:50:00+00:00,1328.97,2014-02-28 15:31:00+00:00,1331.40386,1331.73662,1328.97,2014-02-28 15:35:00+00:00,1328.97,TP,4,7.314160355811435,6.822815242216062
2014-03-03,setup_or_fib_XAUUSD_20140303_SELL,SHORT,1348.97,1345.58,3.3900000000001,1.8847842089877718,2014-03-03 15:13:00+00:00,1345.44,2014-03-03 15:20:00+00:00,1347.67502,1348.31234,1345.44,2014-03-03 15:29:00+00:00,1348.31234,SL,9,-1.0,-1.256543023912616
2014-03-04,setup_or_fib_XAUUSD_20140304_BUY,LONG,1333.74,1332.13,1.6099999999999,1.9180917777228965,2014-03-04 14:57:00+00:00,1334.73,2014-03-04 15:08:00+00:00,1332.74502,1332.44234,1334.73,2014-03-04 15:08:00+00:00,1332.44234,SL,0,-1.0,-1.540174441654536
2014-03-05,setup_or_fib_XAUUSD_20140305_SELL,SHORT,1338.25,1336.14,2.1099999999999,1.4483164953908174,2014-03-05 15:23:00+00:00,1334.02,2014-03-05 16:02:00+00:00,1337.44398,1337.84066,1334.02,2014-03-05 16:03:00+00:00,1337.84066,SL,1,-1.0,-1.412171019461468
2014-03-10,setup_or_fib_XAUUSD_20140310_SELL,SHORT,1338.68,1337.66,1.0199999999999818,1.6166829632129125,2014-03-10 13:55:00+00:00,1335.91,2014-03-10 14:37:00+00:00,1338.29036,1338.4821200000001,1335.91,2014-03-10 14:38:00+00:00,1338.4821200000001,SL,1,-1.0,-1.8526282853559914
2014-03-13,setup_or_fib_XAUUSD_20140313_SELL,SHORT,1368.53,1364.51,4.019999999999982,1.7283571820074604,2014-03-13 13:46:00+00:00,1364.44,2014-03-13 13:59:00+00:00,1366.99436,1367.75012,1364.44,2014-03-13 14:01:00+00:00,1367.75012,SL,2,-1.0,-1.2163385201651291
2014-03-17,setup_or_fib_XAUUSD_20140317_BUY,LONG,1379.89,1377.6,2.290000000000191,1.7730622030928616,2014-03-17 14:01:00+00:00,1380.27,2014-03-17 14:06:00+00:00,1378.47478,1378.04426,1380.27,2014-03-17 14:09:00+00:00,1378.04426,SL,3,-1.0,-1.3797732974076844
2014-03-18,setup_or_fib_XAUUSD_20140318_SELL,SHORT,1354.3,1351.45,2.849999999999909,2.0449026102340127,2014-03-18 13:49:00+00:00,1350.66,2014-03-18 14:03:00+00:00,1353.2113,1353.7471,1350.66,2014-03-18 14:06:00+00:00,1353.7471,SL,3,-1.0,-1.3051511758118084
2014-03-21,setup_or_fib_XAUUSD_20140321_BUY,LONG,1339.12,1336.52,2.599999999999909,2.059762633054383,2014-03-21 14:22:00+00:00,1339.83,2014-03-21 14:54:00+00:00,1337.5131999999999,1337.0244,1339.83,2014-03-21 14:55:00+00:00,1337.0244,SL,1,-1.0,-1.3344926350246489
2014-03-28,setup_or_fib_XAUUSD_20140328_BUY,LONG,1288.63,1287.07,1.5600000000001728,1.6591301065052129,2014-03-28 13:53:00+00:00,1291.43,2014-03-28 14:39:00+00:00,1287.66592,1287.37264,1291.43,2014-03-28 14:39:00+00:00,1287.37264,SL,0,-1.0,-1.5574877250411676
2014-03-31,setup_or_fib_XAUUSD_20140331_SELL,SHORT,1294.14,1292.2,1.9400000000000546,1.4052956583746794,2014-03-31 13:45:00+00:00,1288.52,2014-03-31 15:08:00+00:00,1293.39892,1293.7636400000001,1288.52,2014-03-31 15:08:00+00:00,1293.7636400000001,SL,0,-1.0,-1.4482890984864685
2014-04-01,setup_or_fib_XAUUSD_20140401_BUY,LONG,1285.83,1284.11,1.7200000000000273,1.4152555763684984,2014-04-01 13:45:00+00:00,1286.51,2014-04-01 13:51:00+00:00,1284.76704,1284.4436799999999,1286.51,2014-04-01 13:57:00+00:00,1284.4436799999999,SL,6,-1.0,-1.5056284017811503
2014-04-02,setup_or_fib_XAUUSD_20140402_BUY,LONG,1293.09,1289.82,3.269999999999982,1.607600636865404,2014-04-02 14:08:00+00:00,1294.16,2014-04-02 14:26:00+00:00,1291.0691399999998,1290.45438,1294.16,2014-04-02 14:54:00+00:00,1294.16,TP,28,5.027750666927883,4.761793220119343
2014-04-03,setup_or_fib_XAUUSD_20140403_SELL,SHORT,1286.3,1283.42,2.8799999999998818,1.4378996170168588,2014-04-03 13:45:00+00:00,1281.54,2014-04-03 13:56:00+00:00,1285.19984,1285.74128,1281.54,2014-04-03 14:31:00+00:00,1285.74128,SL,35,-1.0,-1.3019725177305155
2014-04-07,setup_or_fib_XAUUSD_20140407_BUY,LONG,1299.5,1298.1,1.400000000000091,1.175264980474593,2014-04-07 14:02:00+00:00,1299.97,2014-04-07 14:12:00+00:00,1298.6348,1298.3716,1299.97,2014-04-07 14:13:00+00:00,1298.3716,SL,1,-1.0,-1.6212006079025063
2014-04-09,setup_or_fib_XAUUSD_20140409_SELL,SHORT,1304.31,1303.1,1.2100000000000364,1.5394382145305852,2014-04-09 13:45:00+00:00,1301.61,2014-04-09 14:03:00+00:00,1303.8477799999998,1304.07526,1301.61,2014-04-09 14:10:00+00:00,1304.07526,SL,7,-1.0,-1.7187445050106667
2014-04-10,setup_or_fib_XAUUSD_20140410_SELL,SHORT,1323.03,1317.16,5.869999999999891,1.5155772343234473,2014-04-10 13:55:00+00:00,1316.03,2014-04-10 14:56:00+00:00,1320.78766,1321.89122,1316.03,2014-04-10 16:00:00+00:00,1320.09,TIME,64,0.632190365725499,0.48403349160900544
2014-04-11,setup_or_fib_XAUUSD_20140411_SELL,SHORT,1322.34,1318.9,3.439999999999827,1.5757143797220545,2014-04-11 13:47:00+00:00,1316.67,2014-04-11 14:51:00+00:00,1321.02592,1321.67264,1316.67,2014-04-11 15:43:00+00:00,1316.67,TP,52,6.735403265710421,6.482589064819757
2014-04-17,setup_or_fib_XAUUSD_20140417_BUY,LONG,1302.66,1300.2,2.4600000000000364,1.38365255583081,2014-04-17 14:37:00+00:00,1303.0,2014-04-17 14:42:00+00:00,1301.1397200000001,1300.6772400000002,1303.0,2014-04-17 15:00:00+00:00,1300.6772400000002,SL,18,-1.0,-1.3535288012455249
2014-04-21,setup_or_fib_XAUUSD_20140421_BUY,LONG,1287.83,1285.96,1.8699999999998909,1.849232760936492,2014-04-21 13:45:00+00:00,1293.91,2014-04-21 15:11:00+00:00,1286.67434,1286.32278,1293.91,2014-04-21 15:14:00+00:00,1286.32278,SL,3,-1.0,-1.4650699738308415
2014-04-23,setup_or_fib_XAUUSD_20140423_SELL,SHORT,1287.49,1284.06,3.4300000000000637,1.2566898848468107,2014-04-23 14:22:00+00:00,1283.43,2014-04-23 15:01:00+00:00,1286.17974,1286.82458,1283.43,2014-04-23 15:25:00+00:00,1283.43,TP,24,4.264220581850178,4.010669313318422
2014-04-25,setup_or_fib_XAUUSD_20140425_SELL,SHORT,1303.15,1300.46,2.6900000000000546,1.616651715119026,2014-04-25 13:57:00+00:00,1298.24,2014-04-25 14:59:00+00:00,1302.1224200000001,1302.62814,1298.24,2014-04-25 15:11:00+00:00,1302.62814,SL,12,-1.0,-1.3233014316223164
2014-04-28,setup_or_fib_XAUUSD_20140428_BUY,LONG,1302.58,1299.83,2.75,1.0973884296062562,2014-04-28 13:55:00+00:00,1303.65,2014-04-28 14:23:00+00:00,1300.8805,1300.3635,1303.65,2014-04-28 14:23:00+00:00,1300.3635,SL,0,-1.0,-1.3162475822049968
2014-05-05,setup_or_fib_XAUUSD_20140505_SELL,SHORT,1315.55,1313.82,1.7300000000000182,1.6293848520377199,2014-05-05 13:53:00+00:00,1312.91,2014-05-05 13:57:00+00:00,1314.88914,1315.21438,1312.91,2014-05-05 14:14:00+00:00,1312.91,TP,17,6.085167876031727,5.582462181775015
2014-05-06,setup_or_fib_XAUUSD_20140506_SELL,SHORT,1308.88,1306.61,2.270000000000209,1.6350800514279022,2014-05-06 13:58:00+00:00,1306.23,2014-05-06 14:03:00+00:00,1308.01286,1308.43962,1306.23,2014-05-06 14:27:00+00:00,1308.43962,SL,24,-1.0,-1.3831193176492118
2014-05-08,setup_or_fib_XAUUSD_20140508_SELL,SHORT,1292.2,1288.34,3.8600000000001273,1.378229285056876,2014-05-08 13:48:00+00:00,1284.91,2014-05-08 14:01:00+00:00,1290.72548,1291.45116,1284.91,2014-05-08 14:09:00+00:00,1291.45116,SL,8,-1.0,-1.2253059199647192
2014-05-09,setup_or_fib_XAUUSD_20140509_SELL,SHORT,1292.27,1290.7,1.5699999999999363,1.3912211238745407,2014-05-09 13:47:00+00:00,1289.49,2014-05-09 14:20:00+00:00,1291.67026,1291.96542,1289.49,2014-05-09 14:21:00+00:00,1291.96542,SL,1,-1.0,-1.5539368478115514
2014-05-20,setup_or_fib_XAUUSD_20140520_BUY,LONG,1288.88,1287.19,1.6900000000000546,1.5142544319313602,2014-05-20 14:00:00+00:00,1289.45,2014-05-20 14:06:00+00:00,1287.8355800000002,1287.5178600000002,1289.45,2014-05-20 14:06:00+00:00,1287.5178600000002,SL,0,-1.0,-1.5146040538839092
2014-05-21,setup_or_fib_XAUUSD_20140521_SELL,SHORT,1292.93,1289.57,3.3600000000001273,1.1428813205887638,2014-05-21 13:50:00+00:00,1286.32,2014-05-21 15:22:00+00:00,1291.64648,1292.27816,1286.32,2014-05-21 16:00:00+00:00,1289.97,TIME,38,2.6540020263427504,2.395168439716594
2014-05-26,setup_or_fib_XAUUSD_20140526_SELL,SHORT,1292.99,1292.44,0.5499999999999545,0.6025066580735124,2014-05-26 13:45:00+00:00,1291.8,2014-05-26 14:00:00+00:00,1292.7799,1292.8833,1291.8,2014-05-26 14:04:00+00:00,1292.8833,SL,4,-1.0,-2.581237911025679
2014-05-27,setup_or_fib_XAUUSD_20140527_BUY,LONG,1277.61,1273.78,3.8299999999999272,1.6685301075439707,2014-05-27 14:02:00+00:00,1278.79,2014-05-27 14:46:00+00:00,1275.24306,1274.5230199999999,1278.79,2014-05-27 15:12:00+00:00,1274.5230199999999,SL,26,-1.0,-1.2270707182933798
2014-05-28,setup_or_fib_XAUUSD_20140528_BUY,LONG,1265.68,1263.92,1.759999999999991,1.2896594781841464,2014-05-28 13:51:00+00:00,1267.1,2014-05-28 14:04:00+00:00,1264.59232,1264.26144,1267.1,2014-05-28 14:08:00+00:00,1264.26144,SL,4,-1.0,-1.4941368471953889
2014-05-30,setup_or_fib_XAUUSD_20140530_BUY,LONG,1255.44,1252.37,3.0700000000001637,1.378563067123511,2014-05-30 14:06:00+00:00,1256.27,2014-05-30 14:40:00+00:00,1253.5427399999999,1252.9655799999998,1256.27,2014-05-30 14:42:00+00:00,1252.66,SL,2,-1.5294545706558151,-1.8127382354974295
2014-06-02,setup_or_fib_XAUUSD_20140602_BUY,LONG,1246.61,1244.29,2.3199999999999363,1.129123027935282,2014-06-02 14:08:00+00:00,1247.9,2014-06-02 14:29:00+00:00,1245.17624,1244.74008,1247.9,2014-06-02 14:37:00+00:00,1244.74008,SL,8,-1.0,-1.3748624358033985
2014-06-03,setup_or_fib_XAUUSD_20140603_SELL,SHORT,1245.52,1244.34,1.1800000000000637,1.2081294496722657,2014-06-03 13:51:00+00:00,1240.56,2014-06-03 15:48:00+00:00,1245.06924,1245.29108,1240.56,2014-06-03 15:48:00+00:00,1245.29108,SL,0,-1.0,-1.7370176703933113
2014-06-11,setup_or_fib_XAUUSD_20140611_BUY,LONG,1264.43,1262.69,1.740000000000009,1.0243645482682537,2014-06-11 13:51:00+00:00,1265.2,2014-06-11 13:58:00+00:00,1263.3546800000001,1263.0275600000002,1265.2,2014-06-11 14:00:00+00:00,1263.0275600000002,SL,2,-1.0,-1.499816581071285
2014-06-13,setup_or_fib_XAUUSD_20140613_SELL,SHORT,1274.87,1272.88,1.9899999999997817,1.237511185349902,2014-06-13 13:47:00+00:00,1272.06,2014-06-13 14:34:00+00:00,1274.10982,1274.4839399999998,1272.06,2014-06-13 14:54:00+00:00,1274.4839399999998,SL,20,-1.0,-1.4370255532984677
2014-06-20,setup_or_fib_XAUUSD_20140620_SELL,SHORT,1313.93,1311.53,2.400000000000091,1.58580012449492,2014-06-20 14:10:00+00:00,1309.8,2014-06-20 14:44:00+00:00,1313.0132,1313.4644,1309.8,2014-06-20 14:46:00+00:00,1313.4644,SL,2,-1.0,-1.3623670212766186
2014-06-23,setup_or_fib_XAUUSD_20140623_BUY,LONG,1315.09,1313.62,1.4700000000000273,1.1935470779640456,2014-06-23 13:55:00+00:00,1316.67,2014-06-23 14:06:00+00:00,1314.1815399999998,1313.90518,1316.67,2014-06-23 14:12:00+00:00,1313.90518,SL,6,-1.0,-1.5916196265743752
2014-06-24,setup_or_fib_XAUUSD_20140624_SELL,SHORT,1323.0,1321.29,1.7100000000000364,1.7527858740509996,2014-06-24 13:49:00+00:00,1319.81,2014-06-24 14:10:00+00:00,1322.34678,1322.6682600000001,1319.81,2014-06-24 15:00:00+00:00,1319.81,TP,50,7.89094189374027,7.382356600720589
2014-06-26,setup_or_fib_XAUUSD_20140626_BUY,LONG,1316.08,1312.51,3.5699999999999363,1.7695834999920743,2014-06-26 13:48:00+00:00,1318.39,2014-06-26 15:01:00+00:00,1313.87374,1313.20258,1318.39,2014-06-26 15:02:00+00:00,1313.20258,SL,1,-1.0,-1.2436080815304482
2014-06-27,setup_or_fib_XAUUSD_20140627_SELL,SHORT,1318.13,1316.94,1.1900000000000546,1.5158693762235718,2014-06-27 13:51:00+00:00,1316.61,2014-06-27 14:00:00+00:00,1317.67542,1317.89914,1316.61,2014-06-27 14:01:00+00:00,1317.89914,SL,1,-1.0,-1.7308242445915925
2014-06-30,setup_or_fib_XAUUSD_20140630_BUY,LONG,1314.24,1312.89,1.349999999999909,1.4244743712517511,2014-06-30 13:46:00+00:00,1316.13,2014-06-30 14:17:00+00:00,1313.4057,1313.1519,1316.13,2014-06-30 14:19:00+00:00,1313.1519,SL,2,-1.0,-1.6442080378251718
2014-07-01,setup_or_fib_XAUUSD_20140701_BUY,LONG,1326.67,1325.18,1.490000000000009,1.307581771019661,2014-07-01 13:45:00+00:00,1327.21,2014-07-01 14:00:00+00:00,1325.74918,1325.4690600000001,1327.21,2014-07-01 14:05:00+00:00,1327.21,TP,5,5.214979294589994,4.631300871057007
2014-07-04,setup_or_fib_XAUUSD_20140704_BUY,LONG,1321.85,1321.66,0.1899999999998272,0.706193974441653,2014-07-04 13:45:00+00:00,1322.06,2014-07-04 13:59:00+00:00,1321.73258,1321.69686,1322.06,2014-07-04 14:00:00+00:00,1321.69686,SL,1,-1.0,-5.577267637167413
2014-07-08,setup_or_fib_XAUUSD_20140708_SELL,SHORT,1323.04,1321.89,1.1499999999998636,1.1379540482975703,2014-07-08 14:04:00+00:00,1321.79,2014-07-08 14:08:00+00:00,1322.6007,1322.8168999999998,1321.79,2014-07-08 14:08:00+00:00,1322.8168999999998,SL,0,-1.0,-1.7562442183169185
2014-07-09,setup_or_fib_XAUUSD_20140709_SELL,SHORT,1326.5,1325.07,1.4300000000000637,1.3397292863059684,2014-07-09 14:00:00+00:00,1323.71,2014-07-09 14:38:00+00:00,1325.95374,1326.22258,1323.71,2014-07-09 14:56:00+00:00,1323.71,TP,18,8.346005058764952,7.737836631448
2014-07-11,setup_or_fib_XAUUSD_20140711_SELL,SHORT,1337.06,1335.33,1.7300000000000182,1.1682345431680847,2014-07-11 14:09:00+00:00,1333.57,2014-07-11 14:41:00+00:00,1336.39914,1336.7243799999999,1333.57,2014-07-11 14:51:00+00:00,1336.7243799999999,SL,10,-1.0,-1.5027056942567123
2014-07-15,setup_or_fib_XAUUSD_20140715_SELL,SHORT,1310.41,1307.96,2.4500000000000455,1.3399351025414883,2014-07-15 13:54:00+00:00,1306.33,2014-07-15 15:00:00+00:00,1309.4741000000001,1309.9347,1306.33,2014-07-15 15:00:00+00:00,1309.9347,SL,0,-1.0,-1.3549717759445083
2014-07-17,setup_or_fib_XAUUSD_20140717_BUY,LONG,1305.11,1302.65,2.459999999999809,1.7413886731028245,2014-07-17 13:49:00+00:00,1307.46,2014-07-17 14:16:00+00:00,1303.58972,1303.12724,1307.46,2014-07-17 15:00:00+00:00,1303.12724,SL,44,-1.0,-1.3535288012455249
2014-07-23,setup_or_fib_XAUUSD_20140723_SELL,SHORT,1309.81,1308.29,1.5199999999999818,1.3083595058933266,2014-07-23 13:56:00+00:00,1304.7,2014-07-23 15:07:00+00:00,1309.22936,1309.51512,1304.7,2014-07-23 16:00:00+00:00,1306.57,TIME,53,9.306270996641494,8.734112541994202
2014-07-25,setup_or_fib_XAUUSD_20140725_SELL,SHORT,1295.71,1293.76,1.9500000000000455,0.9853601025292231,2014-07-25 14:01:00+00:00,1293.12,2014-07-25 14:35:00+00:00,1294.9651000000001,1295.3317,1293.12,2014-07-25 14:38:00+00:00,1295.3317,SL,3,-1.0,-1.4459901800329342
2014-07-28,setup_or_fib_XAUUSD_20140728_SELL,SHORT,1305.35,1304.45,0.8999999999998636,1.1449540285975772,2014-07-28 13:49:00+00:00,1301.59,2014-07-28 14:40:00+00:00,1305.0062,1305.1753999999999,1301.59,2014-07-28 14:40:00+00:00,1305.1753999999999,SL,0,-1.0,-1.9663120567386234
2014-07-29,setup_or_fib_XAUUSD_20140729_BUY,LONG,1308.63,1306.55,2.0800000000001546,1.263213249768659,2014-07-29 13:46:00+00:00,1310.46,2014-07-29 14:28:00+00:00,1307.34456,1306.95352,1310.46,2014-07-29 14:40:00+00:00,1306.95352,SL,12,-1.0,-1.4181157937807138
2014-07-30,setup_or_fib_XAUUSD_20140730_BUY,LONG,1297.59,1291.65,5.939999999999827,0.9873973289821821,2014-07-30 13:47:00+00:00,1303.48,2014-07-30 14:08:00+00:00,1293.9190800000001,1292.8023600000001,1303.48,2014-07-30 15:32:00+00:00,1292.8023600000001,SL,84,-1.0,-1.1464109176875152
2014-08-04,setup_or_fib_XAUUSD_20140804_SELL,SHORT,1291.72,1291.14,0.5799999999999272,1.1449447675814821,2014-08-04 13:46:00+00:00,1290.37,2014-08-04 13:56:00+00:00,1291.49844,1291.6074800000001,1290.37,2014-08-04 13:56:00+00:00,1291.6074800000001,SL,0,-1.0,-2.4994497432128124
2014-08-05,setup_or_fib_XAUUSD_20140805_SELL,SHORT,1289.47,1287.52,1.9500000000000455,0.962560713849105,2014-08-05 13:46:00+00:00,1286.91,2014-08-05 13:55:00+00:00,1288.7251,1289.0917,1286.91,2014-08-05 13:57:00+00:00,1289.0917,SL,2,-1.0,-1.4459901800329342
2014-08-11,setup_or_fib_XAUUSD_20140811_SELL,SHORT,1309.79,1308.27,1.5199999999999818,1.031146885771418,2014-08-11 13:46:00+00:00,1306.5,2014-08-11 14:45:00+00:00,1309.20936,1309.49512,1306.5,2014-08-11 15:56:00+00:00,1306.5,TP,71,9.48124300112063,8.909084546473338
2014-08-12,setup_or_fib_XAUUSD_20140812_SELL,SHORT,1315.79,1313.47,2.3199999999999363,1.4008052081618698,2014-08-12 14:27:00+00:00,1313.36,2014-08-12 14:49:00+00:00,1314.90376,1315.33992,1313.36,2014-08-12 14:52:00+00:00,1315.33992,SL,3,-1.0,-1.3748624358033985
2014-08-15,setup_or_fib_XAUUSD_20140815_SELL,SHORT,1304.98,1295.58,9.400000000000091,1.526741548215848,2014-08-15 14:03:00+00:00,1292.41,2014-08-15 15:53:00+00:00,1301.3892,1303.1564,1292.41,2014-08-15 15:54:00+00:00,1303.1564,SL,1,-1.0,-1.0925192394748753
2014-08-18,setup_or_fib_XAUUSD_20140818_BUY,LONG,1297.72,1295.93,1.7899999999999636,1.3318808303014844,2014-08-18 13:51:00+00:00,1298.14,2014-08-18 14:13:00+00:00,1296.6137800000001,1296.2772599999998,1298.14,2014-08-18 14:13:00+00:00,1296.2772599999998,SL,0,-1.0,-1.4858552240575846
2014-08-19,setup_or_fib_XAUUSD_20140819_SELL,SHORT,1301.37,1297.21,4.1599999999998545,0.8855545825474478,2014-08-19 14:00:00+00:00,1296.39,2014-08-19 14:07:00+00:00,1299.78088,1300.56296,1296.39,2014-08-19 14:46:00+00:00,1296.39,TP,39,4.3357201309330735,4.126662234042716
2014-08-20,setup_or_fib_XAUUSD_20140820_SELL,SHORT,1297.74,1295.81,1.9300000000000637,1.301583170503176,2014-08-20 13:45:00+00:00,1294.56,2014-08-20 14:30:00+00:00,1297.00274,1297.3655800000001,1294.56,2014-08-20 15:08:00+00:00,1294.56,TP,38,6.732278690327388,6.281666850398232
2014-08-21,setup_or_fib_XAUUSD_20140821_BUY,LONG,1277.26,1273.44,3.8199999999999363,1.5752193627594209,2014-08-21 14:37:00+00:00,1277.92,2014-08-21 15:00:00+00:00,1274.89924,1274.18108,1277.92,2014-08-21 15:06:00+00:00,1277.92,TP,6,4.206249303777067,3.978584159519488
2014-08-22,setup_or_fib_XAUUSD_20140822_SELL,SHORT,1279.45,1277.96,1.490000000000009,0.9722052480346661,2014-08-22 13:56:00+00:00,1277.36,2014-08-22 14:07:00+00:00,1278.88082,1279.16094,1277.36,2014-08-22 14:07:00+00:00,1279.16094,SL,0,-1.0,-1.583678423532986
2014-08-27,setup_or_fib_XAUUSD_20140827_SELL,SHORT,1286.12,1284.57,1.5499999999999545,0.9334579960519819,2014-08-27 13:45:00+00:00,1284.32,2014-08-27 13:55:00+00:00,1285.5278999999998,1285.8192999999999,1284.32,2014-08-27 14:07:00+00:00,1285.8192999999999,SL,12,-1.0,-1.5610844200410516
2014-08-29,setup_or_fib_XAUUSD_20140829_BUY,LONG,1285.84,1284.92,0.9199999999998454,1.0988805570525984,2014-08-29 13:54:00+00:00,1288.21,2014-08-29 14:36:00+00:00,1285.27144,1285.09848,1288.21,2014-08-29 15:20:00+00:00,1288.21,TP,44,16.989824236830298,16.04451896393415
2014-09-01,setup_or_fib_XAUUSD_20140901_SELL,SHORT,1287.03,1286.37,0.6600000000000819,0.765741757691397,2014-09-01 14:16:00+00:00,1285.64,2014-09-01 14:43:00+00:00,1286.7778799999999,1286.9019600000001,1285.64,2014-09-01 14:44:00+00:00,1286.9019600000001,SL,1,-1.0,-2.3176982591846853
2014-09-02,setup_or_fib_XAUUSD_20140902_BUY,LONG,1267.4,1265.04,2.3600000000001273,1.808972191225667,2014-09-02 13:54:00+00:00,1269.02,2014-09-02 15:00:00+00:00,1265.94152,1265.49784,1269.02,2014-09-02 15:15:00+00:00,1265.49784,SL,15,-1.0,-1.368508835196467
2014-09-03,setup_or_fib_XAUUSD_20140903_BUY,LONG,1266.87,1265.42,1.449999999999818,1.5871890782575326,2014-09-03 14:02:00+00:00,1267.54,2014-09-03 14:22:00+00:00,1265.9739,1265.7013,1267.54,2014-09-03 14:22:00+00:00,1265.7013,SL,0,-1.0,-1.5997798972853752
2014-09-04,setup_or_fib_XAUUSD_20140904_SELL,SHORT,1271.86,1268.65,3.209999999999809,1.7915134736427614,2014-09-04 13:55:00+00:00,1266.4,2014-09-04 14:29:00+00:00,1270.63378,1271.2372599999999,1266.4,2014-09-04 14:29:00+00:00,1271.2372599999999,SL,0,-1.0,-1.2709286140385805
2014-09-08,setup_or_fib_XAUUSD_20140908_SELL,SHORT,1265.81,1264.51,1.2999999999999545,0.9888523227138323,2014-09-08 13:45:00+00:00,1263.95,2014-09-08 13:51:00+00:00,1265.3134,1265.5578,1263.95,2014-09-08 14:17:00+00:00,1263.95,TP,26,5.578559738133079,4.909574468084093
2014-09-09,setup_or_fib_XAUUSD_20140909_SELL,SHORT,1256.4,1254.87,1.5300000000002,1.187974672967712,2014-09-09 13:48:00+00:00,1251.97,2014-09-09 14:37:00+00:00,1255.81554,1256.10318,1251.97,2014-09-09 14:37:00+00:00,1256.10318,SL,0,-1.0,-1.5684188569044435
2014-09-10,setup_or_fib_XAUUSD_20140910_SELL,SHORT,1249.47,1247.8,1.6700000000000728,1.590094564447031,2014-09-10 13:51:00+00:00,1247.33,2014-09-10 13:54:00+00:00,1248.83206,1249.1460200000001,1247.33,2014-09-10 13:54:00+00:00,1249.1460200000001,SL,0,-1.0,-1.5207669766846308
2014-09-11,setup_or_fib_XAUUSD_20140911_BUY,LONG,1244.7,1242.05,2.650000000000091,1.5854777374483449,2014-09-11 14:00:00+00:00,1246.78,2014-09-11 14:19:00+00:00,1243.0623,1242.5640999999998,1246.78,2014-09-11 14:25:00+00:00,1242.45,SL,6,-1.2290244881568222,-1.5572059413883081
2014-09-15,setup_or_fib_XAUUSD_20140915_SELL,SHORT,1235.61,1233.02,2.589999999999918,1.118314510631815,2014-09-15 14:01:00+00:00,1232.89,2014-09-15 14:15:00+00:00,1234.62062,1235.10754,1232.89,2014-09-15 14:16:00+00:00,1235.10754,SL,1,-1.0,-1.3357841123798193
2014-09-16,setup_or_fib_XAUUSD_20140916_SELL,SHORT,1237.06,1234.93,2.1299999999998818,1.2955480998764728,2014-09-16 13:56:00+00:00,1234.43,2014-09-16 14:14:00+00:00,1236.24634,1236.64678,1234.43,2014-09-16 14:45:00+00:00,1234.43,TP,31,4.535860553389582,4.127559684345649
2014-09-19,setup_or_fib_XAUUSD_20140919_BUY,LONG,1224.12,1222.54,1.5799999999999272,1.4597240808853713,2014-09-19 13:51:00+00:00,1225.65,2014-09-19 14:09:00+00:00,1223.14356,1222.8465199999998,1225.65,2014-09-19 14:25:00+00:00,1222.8465199999998,SL,16,-1.0,-1.5504309183945475
2014-09-24,setup_or_fib_XAUUSD_20140924_SELL,SHORT,1222.13,1219.53,2.6000000000001364,1.698794981734855,2014-09-24 14:04:00+00:00,1216.34,2014-09-24 15:11:00+00:00,1221.1368,1221.6256,1216.34,2014-09-24 15:34:00+00:00,1221.6256,SL,23,-1.0,-1.3344926350244932
2014-09-25,setup_or_fib_XAUUSD_20140925_SELL,SHORT,1213.5,1210.04,3.4600000000000364,1.4419836962078687,2014-09-25 14:08:00+00:00,1207.89,2014-09-25 14:47:00+00:00,1212.17828,1212.8287599999999,1207.89,2014-09-25 14:47:00+00:00,1212.8287599999999,SL,0,-1.0,-1.2513528471283561
2014-09-29,setup_or_fib_XAUUSD_20140929_BUY,LONG,1220.43,1217.96,2.4700000000000273,1.2026292157859655,2014-09-29 13:53:00+00:00,1221.67,2014-09-29 14:17:00+00:00,1218.90354,1218.4391799999999,1221.67,2014-09-29 14:57:00+00:00,1218.4391799999999,SL,40,-1.0,-1.3520975105520292
2014-09-30,setup_or_fib_XAUUSD_20140930_SELL,SHORT,1207.93,1206.46,1.4700000000000273,1.5872918740109747,2014-09-30 13:56:00+00:00,1205.56,2014-09-30 14:08:00+00:00,1207.3684600000001,1207.64482,1205.56,2014-09-30 14:09:00+00:00,1207.64482,SL,1,-1.0,-1.5916196265743752
2014-10-02,setup_or_fib_XAUUSD_20141002_BUY,LONG,1215.46,1209.45,6.009999999999991,1.9267394957466109,2014-10-02 14:14:00+00:00,1216.89,2014-10-02 14:42:00+00:00,1211.74582,1210.61594,1216.89,2014-10-02 15:18:00+00:00,1210.61594,SL,36,-1.0,-1.1447056324565204
2014-10-06,setup_or_fib_XAUUSD_20141006_BUY,LONG,1197.05,1195.63,1.4199999999998454,1.5337880000919908,2014-10-06 14:09:00+00:00,1198.68,2014-10-06 14:35:00+00:00,1196.17244,1195.9054800000001,1198.68,2014-10-06 14:35:00+00:00,1195.9054800000001,SL,0,-1.0,-1.6124513035662462
2014-10-07,setup_or_fib_XAUUSD_20141007_SELL,SHORT,1207.13,1205.88,1.25,1.765815302118543,2014-10-07 13:45:00+00:00,1204.96,2014-10-07 14:01:00+00:00,1206.6525000000001,1206.8875000000003,1204.96,2014-10-07 14:04:00+00:00,1206.8875000000003,SL,3,-1.0,-1.6957446808506869
2014-10-08,setup_or_fib_XAUUSD_20141008_BUY,LONG,1217.44,1215.56,1.8800000000001091,1.2384277267216828,2014-10-08 13:56:00+00:00,1217.65,2014-10-08 14:00:00+00:00,1216.27816,1215.9247199999998,1217.65,2014-10-08 14:03:00+00:00,1217.65,TP,3,3.881394296058122,3.4187980986841615
2014-10-09,setup_or_fib_XAUUSD_20141009_SELL,SHORT,1228.84,1226.52,2.3199999999999363,1.931560286460179,2014-10-09 14:00:00+00:00,1223.49,2014-10-09 15:10:00+00:00,1227.9537599999999,1228.3899199999998,1223.49,2014-10-09 15:18:00+00:00,1228.3899199999998,SL,8,-1.0,-1.3748624358033985
2014-10-10,setup_or_fib_XAUUSD_20141010_SELL,SHORT,1223.56,1222.1,1.4600000000000364,1.5322267758653039,2014-10-10 13:47:00+00:00,1220.94,2014-10-10 14:26:00+00:00,1223.00228,1223.27676,1220.94,2014-10-10 14:27:00+00:00,1223.27676,SL,1,-1.0,-1.5956718157970577
2014-10-13,setup_or_fib_XAUUSD_20141013_BUY,LONG,1228.11,1226.78,1.3299999999999272,1.538043411595337,2014-10-13 13:53:00+00:00,1229.33,2014-10-13 14:11:00+00:00,1227.2880599999999,1227.03802,1229.33,2014-10-13 14:14:00+00:00,1227.03802,SL,3,-1.0,-1.6538953767399858
2014-10-14,setup_or_fib_XAUUSD_20141014_BUY,LONG,1235.32,1232.6,2.7200000000000273,1.3374178349189951,2014-10-14 14:09:00+00:00,1235.6,2014-10-14 14:20:00+00:00,1233.63904,1233.1276799999998,1235.6,2014-10-14 14:26:00+00:00,1233.1276799999998,SL,6,-1.0,-1.319735607008639
2014-10-17,setup_or_fib_XAUUSD_20141017_SELL,SHORT,1239.97,1236.96,3.009999999999991,1.3404645953382672,2014-10-17 13:53:00+00:00,1235.95,2014-10-17 14:18:00+00:00,1238.82018,1239.3860599999998,1235.95,2014-10-17 14:55:00+00:00,1235.95,TP,37,5.072064748710865,4.783134233407205
2014-10-20,setup_or_fib_XAUUSD_20141020_SELL,SHORT,1246.75,1245.27,1.4800000000000182,1.354114537028979,2014-10-20 13:46:00+00:00,1243.64,2014-10-20 14:43:00+00:00,1246.18464,1246.46288,1243.64,2014-10-20 14:46:00+00:00,1246.46288,SL,3,-1.0,-1.5876221966645467
2014-10-21,setup_or_fib_XAUUSD_20141021_SELL,SHORT,1255.13,1250.27,4.860000000000127,1.6838504281246902,2014-10-21 15:00:00+00:00,1249.55,2014-10-21 15:36:00+00:00,1253.27348,1254.18716,1249.55,2014-10-21 16:00:00+00:00,1252.24,TIME,24,1.1311181157518861,0.9521714385782363
2014-10-23,setup_or_fib_XAUUSD_20141023_BUY,LONG,1235.24,1233.49,1.75,1.5400714389061394,2014-10-23 13:45:00+00:00,1235.9,2014-10-23 14:01:00+00:00,1234.1585,1233.8294999999998,1235.9,2014-10-23 14:03:00+00:00,1233.8294999999998,SL,2,-1.0,-1.4969604863219192
2014-10-24,setup_or_fib_XAUUSD_20141024_BUY,LONG,1233.35,1230.72,2.6299999999998818,1.0418967184836547,2014-10-24 14:25:00+00:00,1233.87,2014-10-24 14:42:00+00:00,1231.72466,1231.23022,1233.87,2014-10-24 15:35:00+00:00,1231.23022,SL,53,-1.0,-1.3306771296819524
2014-10-29,setup_or_fib_XAUUSD_20141029_SELL,SHORT,1226.62,1224.07,2.5499999999999545,0.7469482365659728,2014-10-29 13:46:00+00:00,1220.94,2014-10-29 14:50:00+00:00,1225.6459,1226.1253,1220.94,2014-10-29 14:50:00+00:00,1226.1253,SL,0,-1.0,-1.34105131414272
2014-10-30,setup_or_fib_XAUUSD_20141030_BUY,LONG,1205.03,1199.52,5.509999999999991,1.594196077562565,2014-10-30 13:50:00+00:00,1207.53,2014-10-30 14:58:00+00:00,1201.62482,1200.5889399999999,1207.53,2014-10-30 16:00:00+00:00,1202.43,TIME,62,0.7772908058848129,0.6194539908097281
2014-10-31,setup_or_fib_XAUUSD_20141031_SELL,SHORT,1170.25,1165.58,4.670000000000073,3.0135977123034947,2014-10-31 13:46:00+00:00,1161.77,2014-10-31 14:51:00+00:00,1168.46606,1169.34402,1161.77,2014-10-31 15:52:00+00:00,1161.77,TP,61,7.626839491548316,7.440612328579622
2014-11-03,setup_or_fib_XAUUSD_20141103_SELL,SHORT,1171.12,1170.06,1.0599999999999454,1.5823886191654908,2014-11-03 14:49:00+00:00,1169.51,2014-11-03 14:56:00+00:00,1170.71508,1170.9143599999998,1169.51,2014-11-03 14:58:00+00:00,1170.9143599999998,SL,2,-1.0,-1.8204536330798384
2014-11-04,setup_or_fib_XAUUSD_20141104_SELL,SHORT,1169.74,1167.99,1.75,1.7489170170443178,2014-11-04 15:11:00+00:00,1165.69,2014-11-04 16:30:00+00:00,1169.0715,1169.4005000000002,1165.69,2014-11-04 16:49:00+00:00,1169.4005000000002,SL,19,-1.0,-1.4969604863219192
2014-11-05,setup_or_fib_XAUUSD_20141105_SELL,SHORT,1147.02,1144.67,2.349999999999909,2.9257363702273764,2014-11-05 14:48:00+00:00,1142.01,2014-11-05 16:27:00+00:00,1146.1223,1146.5641,1142.01,2014-11-05 16:27:00+00:00,1146.5641,SL,0,-1.0,-1.3700769578994538
2014-11-10,setup_or_fib_XAUUSD_20141110_BUY,LONG,1167.97,1165.8,2.1700000000000728,1.7831024955851729,2014-11-10 14:49:00+00:00,1168.2,2014-11-10 15:05:00+00:00,1166.62894,1166.22098,1168.2,2014-11-10 15:09:00+00:00,1166.22098,SL,4,-1.0,-1.4007745857436977
2014-11-11,setup_or_fib_XAUUSD_20141111_SELL,SHORT,1156.78,1154.11,2.6700000000000728,1.8990837569973926,2014-11-11 14:56:00+00:00,1153.93,2014-11-11 15:01:00+00:00,1155.7600599999998,1156.26202,1153.93,2014-11-11 15:02:00+00:00,1156.26202,SL,1,-1.0,-1.3257231651924108
2014-11-17,setup_or_fib_XAUUSD_20141117_SELL,SHORT,1188.29,1185.84,2.4500000000000455,2.002560639695259,2014-11-17 14:51:00+00:00,1182.69,2014-11-17 15:15:00+00:00,1187.3541,1187.8147,1182.69,2014-11-17 15:15:00+00:00,1187.8147,SL,0,-1.0,-1.3549717759445083
2014-11-19,setup_or_fib_XAUUSD_20141119_SELL,SHORT,1199.07,1196.83,2.240000000000009,1.9390474695349058,2014-11-19 14:52:00+00:00,1196.51,2014-11-19 14:59:00+00:00,1198.21432,1198.6354399999998,1196.51,2014-11-19 15:28:00+00:00,1196.51,TP,29,4.047112462008643,3.6588620820691995
2014-11-20,setup_or_fib_XAUUSD_20141120_BUY,LONG,1192.03,1187.27,4.759999999999991,2.6724170292982556,2014-11-20 14:45:00+00:00,1196.05,2014-11-20 16:03:00+00:00,1189.08832,1188.19344,1196.05,2014-11-20 16:06:00+00:00,1188.19344,SL,3,-1.0,-1.1827060611478517
2014-11-21,setup_or_fib_XAUUSD_20141121_BUY,LONG,1204.02,1201.44,2.5799999999999272,3.2401231761674305,2014-11-21 15:03:00+00:00,1204.98,2014-11-21 15:20:00+00:00,1202.4255600000001,1201.94052,1204.98,2014-11-21 15:42:00+00:00,1204.98,TP,22,5.2664522513601915,4.929366650172679
2014-11-24,setup_or_fib_XAUUSD_20141124_SELL,SHORT,1199.05,1196.71,2.339999999999918,1.662080173880374,2014-11-24 15:09:00+00:00,1196.02,2014-11-24 15:30:00+00:00,1198.1561199999999,1198.5960400000001,1196.02,2014-11-24 15:31:00+00:00,1198.5960400000001,SL,1,-1.0,-1.3716584833603944
2014-11-26,setup_or_fib_XAUUSD_20141126_BUY,LONG,1199.32,1195.92,3.3999999999998636,1.4212306063750704,2014-11-26 15:31:00+00:00,1199.93,2014-11-26 15:45:00+00:00,1197.2188,1196.5796,1199.93,2014-11-26 16:38:00+00:00,1196.5796,SL,53,-1.0,-1.2557884856069794
2014-11-27,setup_or_fib_XAUUSD_20141127_BUY,LONG,1196.58,1194.83,1.75,1.31186839970066,2014-11-27 14:58:00+00:00,1196.83,2014-11-27 15:36:00+00:00,1195.4985,1195.1694999999997,1196.83,2014-11-27 15:39:00+00:00,1195.1694999999997,SL,3,-1.0,-1.4969604863219192
2014-12-01,setup_or_fib_XAUUSD_20141201_SELL,SHORT,1183.77,1179.55,4.220000000000027,3.927202220240122,2014-12-01 14:47:00+00:00,1178.85,2014-12-01 15:03:00+00:00,1182.15796,1182.95132,1178.85,2014-12-01 15:04:00+00:00,1182.95132,SL,1,-1.0,-1.206085509730793
2014-12-04,setup_or_fib_XAUUSD_20141204_BUY,LONG,1210.93,1205.16,5.769999999999982,1.7443072889509197,2014-12-04 14:53:00+00:00,1213.28,2014-12-04 15:17:00+00:00,1207.3641400000001,1206.2793800000002,1213.28,2014-12-04 15:18:00+00:00,1206.2793800000002,SL,1,-1.0,-1.1507245842398375
2014-12-08,setup_or_fib_XAUUSD_20141208_BUY,LONG,1194.73,1192.99,1.740000000000009,1.4142276429991494,2014-12-08 14:48:00+00:00,1194.91,2014-12-08 14:54:00+00:00,1193.65468,1193.3275600000002,1194.91,2014-12-08 15:05:00+00:00,1194.91,TP,11,3.8374908290544156,3.3376742479831307
2014-12-09,setup_or_fib_XAUUSD_20141209_SELL,SHORT,1219.02,1215.18,3.839999999999918,2.607608109172143,2014-12-09 14:52:00+00:00,1214.78,2014-12-09 14:56:00+00:00,1217.55312,1218.27504,1214.78,2014-12-09 15:03:00+00:00,1218.27504,SL,7,-1.0,-1.2264793882978866
2014-12-10,setup_or_fib_XAUUSD_20141210_SELL,SHORT,1232.99,1230.17,2.8199999999999363,2.3264389976641717,2014-12-10 14:45:00+00:00,1225.28,2014-12-10 15:50:00+00:00,1231.91276,1232.44292,1225.28,2014-12-10 15:54:00+00:00,1232.44292,SL,4,-1.0,-1.308397464916238
2014-12-11,setup_or_fib_XAUUSD_20141211_SELL,SHORT,1223.47,1217.54,5.930000000000064,1.7884782730070479,2014-12-11 14:58:00+00:00,1215.88,2014-12-11 16:26:00+00:00,1221.20474,1222.31958,1215.88,2014-12-11 16:30:00+00:00,1222.31958,SL,4,-1.0,-1.1466578163682437
2014-12-15,setup_or_fib_XAUUSD_20141215_BUY,LONG,1211.43,1207.97,3.4600000000000364,1.9487009734450214,2014-12-15 14:45:00+00:00,1212.14,2014-12-15 15:15:00+00:00,1209.02,1208.6412400000002,1212.14,2014-12-15 15:18:00+00:00,1208.6412400000002,SL,3,-1.0,-1.4316717710425433
2014-12-16,setup_or_fib_XAUUSD_20141216_BUY,LONG,1211.04,1207.25,3.7899999999999636,4.130483857156139,2014-12-16 14:58:00+00:00,1212.31,2014-12-16 15:19:00+00:00,1208.69778,1207.98526,1212.31,2014-12-16 15:31:00+00:00,1212.31,TP,12,5.0696401504516,4.840172907426856
2014-12-17,setup_or_fib_XAUUSD_20141217_SELL,SHORT,1199.17,1195.91,3.259999999999991,2.3944040882415267,2014-12-17 16:04:00+00:00,1190.54,2014-12-17 16:47:00+00:00,1197.92468,1198.53756,1190.54,2014-12-17 16:47:00+00:00,1198.53756,SL,0,-1.0,-1.2667732671975354
2014-12-19,setup_or_fib_XAUUSD_20141219_BUY,LONG,1197.84,1196.5,1.3399999999999181,1.737668420510672,2014-12-19 14:45:00+00:00,1200.39,2014-12-19 15:13:00+00:00,1197.01188,1196.7599599999999,1200.39,2014-12-19 15:13:00+00:00,1196.7599599999999,SL,0,-1.0,-1.649015560494997
2014-12-22,setup_or_fib_XAUUSD_20141222_BUY,LONG,1197.38,1196.02,1.3600000000001273,1.4080115140401575,2014-12-22 14:48:00+00:00,1198.01,2014-12-22 14:55:00+00:00,1196.53952,1196.28384,1198.01,2014-12-22 14:59:00+00:00,1196.28384,SL,4,-1.0,-1.6394712140175622
2014-12-23,setup_or_fib_XAUUSD_20141223_SELL,SHORT,1180.18,1177.3,2.880000000000109,1.748674197083047,2014-12-23 15:01:00+00:00,1174.79,2014-12-23 16:30:00+00:00,1179.07984,1179.62128,1174.79,2014-12-23 17:00:00+00:00,1179.16,TIME,30,-0.14804964539003965,-0.4500221631205551
2014-12-26,setup_or_fib_XAUUSD_20141226_BUY,LONG,1195.56,1194.2,1.3599999999999,2.283052776749717,2014-12-26 15:04:00+00:00,1197.75,2014-12-26 15:30:00+00:00,1194.71952,1194.4638400000001,1197.75,2014-12-26 15:33:00+00:00,1194.4638400000001,SL,3,-1.0,-1.6394712140175622
2014-12-30,setup_or_fib_XAUUSD_20141230_SELL,SHORT,1201.08,1197.1,3.980000000000018,2.7049570767500573,2014-12-30 15:01:00+00:00,1195.7,2014-12-30 15:47:00+00:00,1199.55964,1200.3078799999998,1195.7,2014-12-30 15:48:00+00:00,1200.3078799999998,SL,1,-1.0,-1.2185127766492339
2015-01-02,setup_or_fib_XAUUSD_20150102_BUY,LONG,1172.75,1169.0,3.75,3.0870167645494737,2015-01-02 14:46:00+00:00,1176.88,2015-01-02 15:03:00+00:00,1170.4325,1169.7275,1176.88,2015-01-02 15:08:00+00:00,1169.7275,SL,5,-1.0,-1.2319148936170452
2015-01-05,setup_or_fib_XAUUSD_20150105_SELL,SHORT,1199.19,1194.11,5.080000000000155,2.549474755719427,2015-01-05 15:00:00+00:00,1193.32,2015-01-05 15:33:00+00:00,1197.24944,1198.2044799999999,1193.32,2015-01-05 15:33:00+00:00,1198.2044799999999,SL,0,-1.0,-1.1711970179259819
2015-01-06,setup_or_fib_XAUUSD_20150106_BUY,LONG,1211.59,1210.38,1.209999999999809,2.138619685225549,2015-01-06 14:49:00+00:00,1212.0,2015-01-06 14:58:00+00:00,1210.84222,1210.61474,1212.0,2015-01-06 14:59:00+00:00,1210.61474,SL,1,-1.0,-1.718744505011385
2015-01-08,setup_or_fib_XAUUSD_20150108_BUY,LONG,1212.36,1209.35,3.009999999999991,1.587473125257086,2015-01-08 14:59:00+00:00,1213.72,2015-01-08 15:35:00+00:00,1210.49982,1209.9339400000001,1213.72,2015-01-08 15:54:00+00:00,1213.72,TP,19,5.690570438963588,5.401639923659928
2015-01-12,setup_or_fib_XAUUSD_20150112_BUY,LONG,1223.5,1222.02,1.4800000000000182,1.9503650716578806,2015-01-12 14:48:00+00:00,1224.61,2015-01-12 15:12:00+00:00,1222.58536,1222.30712,1224.61,2015-01-12 15:12:00+00:00,1222.30712,SL,0,-1.0,-1.5876221966645467
2015-01-13,setup_or_fib_XAUUSD_20150113_BUY,LONG,1239.48,1236.58,2.900000000000091,2.2909077129299193,2015-01-13 15:21:00+00:00,1239.61,2015-01-13 15:31:00+00:00,1237.6878,1237.1426,1239.61,2015-01-13 15:31:00+00:00,1237.1426,SL,0,-1.0,-1.2998899486426876
2015-01-14,setup_or_fib_XAUUSD_20150114_BUY,LONG,1239.61,1232.57,7.039999999999964,2.128742401571605,2015-01-14 14:46:00+00:00,1244.24,2015-01-14 16:06:00+00:00,1235.25928,1233.93576,1244.24,2015-01-14 17:00:00+00:00,1238.34,TIME,54,2.327671663443032,2.204137451644185
2015-01-15,setup_or_fib_XAUUSD_20150115_SELL,SHORT,1255.88,1253.16,2.7200000000000273,4.270752797133891,2015-01-15 15:09:00+00:00,1249.95,2015-01-15 15:35:00+00:00,1254.84096,1255.3523200000002,1249.95,2015-01-15 15:38:00+00:00,1255.3523200000002,SL,3,-1.0,-1.319735607008639
2015-01-16,setup_or_fib_XAUUSD_20150116_SELL,SHORT,1268.19,1264.98,3.2100000000000364,2.23146000521408,2015-01-16 14:51:00+00:00,1264.56,2015-01-16 15:12:00+00:00,1266.96378,1267.56726,1264.56,2015-01-16 15:13:00+00:00,1267.56726,SL,1,-1.0,-1.2709286140385805
2015-01-21,setup_or_fib_XAUUSD_20150121_SELL,SHORT,1304.95,1300.64,4.309999999999945,2.3245314051610224,2015-01-21 14:48:00+00:00,1299.58,2015-01-21 15:30:00+00:00,1303.30358,1304.11386,1299.58,2015-01-21 15:30:00+00:00,1304.11386,SL,0,-1.0,-1.2017821000148294
2015-01-28,setup_or_fib_XAUUSD_20150128_SELL,SHORT,1289.36,1287.94,1.4199999999998454,1.7234922950046165,2015-01-28 14:53:00+00:00,1283.21,2015-01-28 16:34:00+00:00,1288.81756,1289.0845199999999,1283.21,2015-01-28 17:00:00+00:00,1288.05,TIME,26,2.8751872939774303,2.2627359904111843
2015-01-29,setup_or_fib_XAUUSD_20150129_SELL,SHORT,1273.06,1268.88,4.179999999999836,3.1710474454601587,2015-01-29 14:46:00+00:00,1268.32,2015-01-29 14:53:00+00:00,1271.46324,1272.2490799999998,1268.32,2015-01-29 15:01:00+00:00,1272.2490799999998,SL,8,-1.0,-1.2080576198717878
2015-01-30,setup_or_fib_XAUUSD_20150130_SELL,SHORT,1266.53,1259.94,6.589999999999918,1.753200188302191,2015-01-30 15:39:00+00:00,1258.63,2015-01-30 16:18:00+00:00,1264.01262,1265.2515400000002,1258.63,2015-01-30 16:19:00+00:00,1265.2515400000002,SL,1,-1.0,-1.1319697801310569
2015-02-02,setup_or_fib_XAUUSD_20150202_SELL,SHORT,1273.13,1270.64,2.490000000000009,1.9027314403258955,2015-02-02 15:01:00+00:00,1266.3,2015-02-02 15:56:00+00:00,1272.17882,1272.64694,1266.3,2015-02-02 15:56:00+00:00,1272.64694,SL,0,-1.0,-1.3492694180979243
2015-02-03,setup_or_fib_XAUUSD_20150203_BUY,LONG,1268.76,1263.7,5.059999999999945,2.639956873345119,2015-02-03 15:19:00+00:00,1269.6,2015-02-03 15:34:00+00:00,1265.63292,1264.68164,1269.6,2015-02-03 15:37:00+00:00,1264.68164,SL,3,-1.0,-1.1718736859809946
2015-02-04,setup_or_fib_XAUUSD_20150204_SELL,SHORT,1269.69,1266.45,3.240000000000009,2.2996434910847667,2015-02-04 14:57:00+00:00,1265.39,2015-02-04 15:59:00+00:00,1268.45232,1269.0614400000002,1265.39,2015-02-04 15:59:00+00:00,1269.0614400000002,SL,0,-1.0,-1.268420015760408
2015-02-09,setup_or_fib_XAUUSD_20150209_SELL,SHORT,1240.39,1239.01,1.3800000000001091,1.5308168751686146,2015-02-09 14:51:00+00:00,1236.04,2015-02-09 16:06:00+00:00,1239.86284,1240.12228,1236.04,2015-02-09 16:06:00+00:00,1240.12228,SL,0,-1.0,-1.6302035152635463
2015-02-10,setup_or_fib_XAUUSD_20150210_SELL,SHORT,1238.02,1236.53,1.490000000000009,1.880728191517131,2015-02-10 14:47:00+00:00,1235.53,2015-02-10 14:56:00+00:00,1237.45082,1237.73094,1235.53,2015-02-10 14:56:00+00:00,1237.73094,SL,0,-1.0,-1.583678423532986
2015-02-16,setup_or_fib_XAUUSD_20150216_SELL,SHORT,1233.79,1232.79,1.0,1.1577373251982463,2015-02-16 14:50:00+00:00,1229.65,2015-02-16 16:31:00+00:00,1233.408,1233.596,1229.65,2015-02-16 16:31:00+00:00,1233.596,SL,0,-1.0,-1.8696808510633587
2015-02-17,setup_or_fib_XAUUSD_20150217_BUY,LONG,1224.07,1222.25,1.8199999999999363,1.9182153988325839,2015-02-17 15:00:00+00:00,1225.2,2015-02-17 15:06:00+00:00,1222.94524,1222.60308,1225.2,2015-02-17 15:08:00+00:00,1222.60308,SL,2,-1.0,-1.4778466214637522
2015-02-18,setup_or_fib_XAUUSD_20150218_BUY,LONG,1207.9,1205.14,2.759999999999991,1.453844830316355,2015-02-18 14:50:00+00:00,1211.39,2015-02-18 16:05:00+00:00,1206.19432,1205.67544,1211.39,2015-02-18 16:05:00+00:00,1205.67544,SL,0,-1.0,-1.3151017576317732
2015-02-20,setup_or_fib_XAUUSD_20150220_BUY,LONG,1213.38,1211.25,2.130000000000109,2.2968964597941843,2015-02-20 14:48:00+00:00,1215.29,2015-02-20 14:59:00+00:00,1212.06366,1211.6632200000001,1215.29,2015-02-20 14:59:00+00:00,1211.6632200000001,SL,0,-1.0,-1.4083008690441643
2015-02-23,setup_or_fib_XAUUSD_20150223_SELL,SHORT,1202.87,1200.19,2.6799999999998363,1.9076628299252176,2015-02-23 14:59:00+00:00,1197.43,2015-02-23 15:49:00+00:00,1201.8462399999999,1202.35008,1197.43,2015-02-23 15:50:00+00:00,1202.35008,SL,1,-1.0,-1.3245077802476448
2015-02-24,setup_or_fib_XAUUSD_20150224_SELL,SHORT,1200.72,1197.42,3.2999999999999545,1.4410782571975072,2015-02-24 14:46:00+00:00,1190.3,2015-02-24 16:15:00+00:00,1199.4594,1200.0798,1190.3,2015-02-24 16:15:00+00:00,1200.0798,SL,0,-1.0,-1.2635396518375166
2015-02-27,setup_or_fib_XAUUSD_20150227_SELL,SHORT,1210.4,1208.55,1.8500000000001364,1.2692288735789639,2015-02-27 14:55:00+00:00,1208.21,2015-02-27 15:12:00+00:00,1209.6933000000001,1210.0411000000001,1208.21,2015-02-27 15:13:00+00:00,1210.0411000000001,SL,1,-1.0,-1.470097757331791
2015-03-03,setup_or_fib_XAUUSD_20150303_BUY,LONG,1208.78,1205.48,3.2999999999999545,1.5527946494034999,2015-03-03 15:15:00+00:00,1214.76,2015-03-03 16:48:00+00:00,1206.7406,1206.1202,1214.76,2015-03-03 16:48:00+00:00,1206.1202,SL,0,-1.0,-1.2635396518375166
2015-03-05,setup_or_fib_XAUUSD_20150305_SELL,SHORT,1204.7,1202.08,2.6200000000001182,1.2658958779463196,2015-03-05 14:53:00+00:00,1201.01,2015-03-05 15:11:00+00:00,1203.69916,1204.19172,1201.01,2015-03-05 15:24:00+00:00,1201.01,TP,13,5.459558226407219,5.12761897027608
2015-03-10,setup_or_fib_XAUUSD_20150310_SELL,SHORT,1169.48,1167.36,2.1200000000001182,1.982621599093002,2015-03-10 14:00:00+00:00,1165.62,2015-03-10 14:31:00+00:00,1168.67016,1169.06872,1165.62,2015-03-10 14:35:00+00:00,1169.06872,SL,4,-1.0,-1.4102268165394511
2015-03-11,setup_or_fib_XAUUSD_20150311_BUY,LONG,1159.3,1156.78,2.519999999999982,1.5397919308598875,2015-03-11 14:02:00+00:00,1160.06,2015-03-11 14:35:00+00:00,1157.74264,1157.2688799999999,1160.06,2015-03-11 14:35:00+00:00,1157.2688799999999,SL,0,-1.0,-1.345111448834792
2015-03-13,setup_or_fib_XAUUSD_20150313_BUY,LONG,1158.66,1156.14,2.519999999999982,1.3711945233896994,2015-03-13 13:55:00+00:00,1159.31,2015-03-13 14:14:00+00:00,1157.10264,1156.62888,1159.31,2015-03-13 14:31:00+00:00,1156.62888,SL,17,-1.0,-1.345111448834792
2015-03-16,setup_or_fib_XAUUSD_20150316_SELL,SHORT,1155.72,1153.75,1.9700000000000273,1.4240064556640937,2015-03-16 13:59:00+00:00,1153.63,2015-03-16 14:01:00+00:00,1154.96746,1155.3378200000002,1153.63,2015-03-16 14:07:00+00:00,1155.3378200000002,SL,6,-1.0,-1.441462360945965
2015-03-17,setup_or_fib_XAUUSD_20150317_SELL,SHORT,1153.35,1150.91,2.439999999999827,1.121032621139086,2015-03-17 13:48:00+00:00,1142.7,2015-03-17 14:46:00+00:00,1152.4179199999999,1152.87664,1142.7,2015-03-17 14:46:00+00:00,1152.87664,SL,0,-1.0,-1.3564265783047824
2015-03-18,setup_or_fib_XAUUSD_20150318_BUY,LONG,1148.07,1147.06,1.009999999999991,1.1835831542641353,2015-03-18 13:50:00+00:00,1148.14,2015-03-18 13:54:00+00:00,1147.44582,1147.25594,1148.14,2015-03-18 13:54:00+00:00,1147.25594,SL,0,-1.0,-1.8610701495685893
2015-03-23,setup_or_fib_XAUUSD_20150323_SELL,SHORT,1183.34,1182.32,1.0199999999999818,1.5441605467229005,2015-03-23 13:50:00+00:00,1181.94,2015-03-23 13:52:00+00:00,1182.9503599999998,1183.14212,1181.94,2015-03-23 14:00:00+00:00,1183.14212,SL,8,-1.0,-1.8526282853559914
2015-03-24,setup_or_fib_XAUUSD_20150324_BUY,LONG,1192.79,1188.06,4.730000000000018,1.3831904504660801,2015-03-24 13:47:00+00:00,1194.26,2015-03-24 14:23:00+00:00,1189.8668599999999,1188.9776200000001,1194.26,2015-03-24 14:37:00+00:00,1188.9776200000001,SL,14,-1.0,-1.1838648733750696
2015-03-25,setup_or_fib_XAUUSD_20150325_BUY,LONG,1197.8,1194.35,3.4500000000000455,1.37473184154515,2015-03-25 14:10:00+00:00,1199.57,2015-03-25 15:41:00+00:00,1195.6679,1195.0193,1199.57,2015-03-25 15:41:00+00:00,1195.0193,SL,0,-1.0,-1.2520814061054626
2015-03-30,setup_or_fib_XAUUSD_20150330_SELL,SHORT,1186.23,1184.53,1.7000000000000455,1.5517027492961535,2015-03-30 13:46:00+00:00,1182.23,2015-03-30 14:21:00+00:00,1185.5806,1185.9002,1182.23,2015-03-30 14:26:00+00:00,1185.9002,SL,5,-1.0,-1.5115769712139588
2015-03-31,setup_or_fib_XAUUSD_20150331_BUY,LONG,1187.47,1185.77,1.7000000000000455,1.6197218461136085,2015-03-31 13:59:00+00:00,1189.09,2015-03-31 14:10:00+00:00,1186.4194,1186.0998,1189.09,2015-03-31 14:11:00+00:00,1186.0998,SL,1,-1.0,-1.5115769712139588
2015-04-01,setup_or_fib_XAUUSD_20150401_SELL,SHORT,1193.33,1191.86,1.4700000000000273,1.6480749439357165,2015-04-01 13:50:00+00:00,1191.48,2015-04-01 13:59:00+00:00,1192.76846,1193.0448199999998,1191.48,2015-04-01 13:59:00+00:00,1193.0448199999998,SL,0,-1.0,-1.5916196265743752
2015-04-02,setup_or_fib_XAUUSD_20150402_BUY,LONG,1204.64,1199.97,4.670000000000073,1.3479928262093084,2015-04-02 14:49:00+00:00,1205.62,2015-04-02 14:59:00+00:00,1201.75394,1200.87598,1205.62,2015-04-02 15:00:00+00:00,1200.87598,SL,1,-1.0,-1.1862271629686938
2015-04-06,setup_or_fib_XAUUSD_20150406_BUY,LONG,1220.3,1218.15,2.1499999999998636,1.3018671030786693,2015-04-06 13:58:00+00:00,1222.67,2015-04-06 14:42:00+00:00,1218.9713,1218.5671000000002,1222.67,2015-04-06 14:53:00+00:00,1218.5671000000002,SL,11,-1.0,-1.4045027214253185
2015-04-08,setup_or_fib_XAUUSD_20150408_BUY,LONG,1206.72,1204.69,2.0299999999999727,1.4232336945968804,2015-04-08 13:59:00+00:00,1209.79,2015-04-08 15:07:00+00:00,1205.4654600000001,1205.08382,1209.79,2015-04-08 15:45:00+00:00,1205.08382,SL,38,-1.0,-1.4284142123466455
2015-04-13,setup_or_fib_XAUUSD_20150413_BUY,LONG,1204.96,1199.76,5.2000000000000455,1.3807667272336772,2015-04-13 14:00:00+00:00,1206.81,2015-04-13 14:28:00+00:00,1201.7464,1200.7688,1206.81,2015-04-13 14:55:00+00:00,1200.7688,SL,27,-1.0,-1.1672463175122856
2015-04-17,setup_or_fib_XAUUSD_20150417_SELL,SHORT,1207.11,1201.35,5.759999999999991,1.6294206220843253,2015-04-17 14:35:00+00:00,1200.78,2015-04-17 14:58:00+00:00,1204.90968,1205.99256,1200.78,2015-04-17 15:04:00+00:00,1205.99256,SL,6,-1.0,-1.1509862588652577
2015-04-23,setup_or_fib_XAUUSD_20150423_SELL,SHORT,1191.43,1188.27,3.160000000000082,1.4128710663309758,2015-04-23 13:50:00+00:00,1187.77,2015-04-23 14:02:00+00:00,1190.22288,1190.81696,1187.77,2015-04-23 14:21:00+00:00,1187.77,TP,19,4.128871532453095,3.853656073255716
2015-04-27,setup_or_fib_XAUUSD_20150427_SELL,SHORT,1187.58,1186.4,1.1799999999998363,1.1989886209949252,2015-04-27 14:00:00+00:00,1184.88,2015-04-27 14:14:00+00:00,1187.12924,1187.35108,1184.88,2015-04-27 14:20:00+00:00,1187.35108,SL,6,-1.0,-1.7370176703933113
2015-04-28,setup_or_fib_XAUUSD_20150428_SELL,SHORT,1206.91,1203.21,3.7000000000000455,1.5251994577293304,2015-04-28 14:00:00+00:00,1201.51,2015-04-28 14:44:00+00:00,1205.4966000000002,1206.1922000000002,1201.51,2015-04-28 15:00:00+00:00,1206.1922000000002,SL,16,-1.0,-1.2350488786658955
2015-04-29,setup_or_fib_XAUUSD_20150429_SELL,SHORT,1213.99,1208.43,5.559999999999945,1.2411684579504842,2015-04-29 13:55:00+00:00,1205.24,2015-04-29 15:20:00+00:00,1211.86608,1212.91136,1205.24,2015-04-29 16:00:00+00:00,1210.22,TIME,40,1.5747742231745638,1.4183568039184866
2015-05-01,setup_or_fib_XAUUSD_20150501_BUY,LONG,1177.76,1169.66,8.099999999999909,1.4270320863615062,2015-05-01 14:59:00+00:00,1179.35,2015-05-01 15:19:00+00:00,1172.7542,1171.2314000000001,1179.35,2015-05-01 16:00:00+00:00,1173.59,TIME,41,0.5488573680062102,0.44148936170203096
2015-05-05,setup_or_fib_XAUUSD_20150505_BUY,LONG,1198.43,1194.5,3.9300000000000637,1.6163442734046463,2015-05-05 14:53:00+00:00,1199.86,2015-05-05 15:01:00+00:00,1196.00126,1195.26242,1199.86,2015-05-05 15:02:00+00:00,1195.26242,SL,1,-1.0,-1.2212928374208272
2015-05-06,setup_or_fib_XAUUSD_20150506_BUY,LONG,1195.62,1192.55,3.0699999999999363,1.8262546048886463,2015-05-06 13:47:00+00:00,1197.34,2015-05-06 14:12:00+00:00,1193.72274,1193.1455799999999,1197.34,2015-05-06 14:15:00+00:00,1193.1455799999999,SL,3,-1.0,-1.2832836648416144
2015-05-11,setup_or_fib_XAUUSD_20150511_SELL,SHORT,1190.84,1188.94,1.8999999999998636,1.358029564591096,2015-05-11 13:47:00+00:00,1188.36,2015-05-11 14:11:00+00:00,1190.1142,1190.4714,1188.36,2015-05-11 14:19:00+00:00,1190.4714,SL,8,-1.0,-1.4577267637179068
2015-05-12,setup_or_fib_XAUUSD_20150512_BUY,LONG,1194.89,1192.81,2.0800000000001546,1.6678485547699675,2015-05-12 13:47:00+00:00,1195.88,2015-05-12 14:01:00+00:00,1193.60456,1193.21352,1195.88,2015-05-12 14:02:00+00:00,1193.21352,SL,1,-1.0,-1.4181157937807138
2015-05-15,setup_or_fib_XAUUSD_20150515_SELL,SHORT,1217.67,1215.7,1.9700000000000273,1.6730576560774773,2015-05-15 14:02:00+00:00,1215.33,2015-05-15 14:11:00+00:00,1216.9174600000001,1217.28782,1215.33,2015-05-15 14:11:00+00:00,1217.28782,SL,0,-1.0,-1.441462360946236
2015-05-18,setup_or_fib_XAUUSD_20150518_BUY,LONG,1227.47,1224.83,2.6400000000001,1.3164711219159304,2015-05-18 13:54:00+00:00,1228.96,2015-05-18 14:38:00+00:00,1225.83848,1225.34216,1228.96,2015-05-18 14:39:00+00:00,1225.34216,SL,1,-1.0,-1.329424564796926
2015-05-20,setup_or_fib_XAUUSD_20150520_BUY,LONG,1210.32,1208.57,1.75,1.454769530235829,2015-05-20 14:05:00+00:00,1210.67,2015-05-20 14:17:00+00:00,1209.2385,1208.9094999999998,1210.67,2015-05-20 14:17:00+00:00,1208.9094999999998,SL,0,-1.0,-1.4969604863219192
2015-05-21,setup_or_fib_XAUUSD_20150521_SELL,SHORT,1209.61,1206.02,3.589999999999918,1.2646856843501009,2015-05-21 13:45:00+00:00,1201.38,2015-05-21 15:00:00+00:00,1208.2386199999999,1208.9135399999998,1201.38,2015-05-21 15:00:00+00:00,1208.9135399999998,SL,0,-1.0,-1.242250933443989
2015-05-26,setup_or_fib_XAUUSD_20150526_SELL,SHORT,1190.91,1187.12,3.790000000000191,1.4824049225443328,2015-05-26 13:52:00+00:00,1185.59,2015-05-26 14:32:00+00:00,1189.4622200000001,1190.1747400000002,1185.59,2015-05-26 14:32:00+00:00,1190.1747400000002,SL,0,-1.0,-1.2294672430247442
2015-05-27,setup_or_fib_XAUUSD_20150527_BUY,LONG,1186.51,1185.12,1.3900000000001,1.4352514926175295,2015-05-27 14:05:00+00:00,1187.15,2015-05-27 14:39:00+00:00,1185.65098,1185.3896599999998,1187.15,2015-05-27 14:40:00+00:00,1185.3896599999998,SL,1,-1.0,-1.6256696770241732
2015-05-28,setup_or_fib_XAUUSD_20150528_SELL,SHORT,1189.18,1186.18,3.0,1.4113457354306695,2015-05-28 14:35:00+00:00,1180.3,2015-05-28 15:16:00+00:00,1188.034,1188.598,1180.3,2015-05-28 16:00:00+00:00,1186.82,TIME,44,2.1524822695044152,1.862588652483062
2015-06-02,setup_or_fib_XAUUSD_20150602_SELL,SHORT,1191.34,1189.74,1.599999999999909,1.9267730090187773,2015-06-02 13:52:00+00:00,1187.94,2015-06-02 13:59:00+00:00,1190.7287999999999,1191.0295999999998,1187.94,2015-06-02 13:59:00+00:00,1191.0295999999998,SL,0,-1.0,-1.5435505319149279
2015-06-08,setup_or_fib_XAUUSD_20150608_SELL,SHORT,1172.42,1171.4,1.0199999999999818,1.3650308831919098,2015-06-08 13:46:00+00:00,1171.31,2015-06-08 13:48:00+00:00,1172.03036,1172.2221200000001,1171.31,2015-06-08 13:58:00+00:00,1172.2221200000001,SL,10,-1.0,-1.8526282853559914
2015-06-09,setup_or_fib_XAUUSD_20150609_SELL,SHORT,1181.0,1179.13,1.8699999999998909,1.343247133843859,2015-06-09 13:45:00+00:00,1178.66,2015-06-09 14:00:00+00:00,1180.28566,1180.63722,1178.66,2015-06-09 14:02:00+00:00,1180.63722,SL,2,-1.0,-1.4650699738308415
2015-06-10,setup_or_fib_XAUUSD_20150610_SELL,SHORT,1191.78,1190.29,1.490000000000009,1.8301819337466154,2015-06-10 13:48:00+00:00,1189.31,2015-06-10 14:00:00+00:00,1191.21082,1191.49094,1189.31,2015-06-10 14:17:00+00:00,1189.31,TP,17,6.785734685137673,6.202056261604687
2015-06-12,setup_or_fib_XAUUSD_20150612_SELL,SHORT,1180.88,1179.33,1.550000000000182,0.9464633552713138,2015-06-12 13:49:00+00:00,1176.96,2015-06-12 14:43:00+00:00,1180.2879,1180.5793,1176.96,2015-06-12 14:43:00+00:00,1180.5793,SL,0,-1.0,-1.5610844200410516
2015-06-15,setup_or_fib_XAUUSD_20150615_SELL,SHORT,1181.17,1179.52,1.650000000000091,1.740398768125024,2015-06-15 13:54:00+00:00,1177.99,2015-06-15 14:15:00+00:00,1180.5397,1180.8499,1177.99,2015-06-15 14:15:00+00:00,1180.8499,SL,0,-1.0,-1.5270793036752264
2015-06-17,setup_or_fib_XAUUSD_20150617_BUY,LONG,1178.98,1178.14,0.8399999999999181,0.8919602409883534,2015-06-17 13:45:00+00:00,1179.95,2015-06-17 14:14:00+00:00,1178.46088,1178.30296,1179.95,2015-06-17 14:14:00+00:00,1178.30296,SL,0,-1.0,-2.035334346503879
2015-06-19,setup_or_fib_XAUUSD_20150619_BUY,LONG,1202.65,1201.41,1.240000000000009,1.140838238469083,2015-06-19 13:55:00+00:00,1202.97,2015-06-19 14:13:00+00:00,1201.8836800000001,1201.6505600000003,1202.97,2015-06-19 14:17:00+00:00,1201.6505600000003,SL,4,-1.0,-1.701355525051862
2015-06-25,setup_or_fib_XAUUSD_20150625_SELL,SHORT,1173.93,1172.94,0.9900000000000091,1.1328266866382957,2015-06-25 13:48:00+00:00,1172.43,2015-06-25 13:55:00+00:00,1173.5518200000001,1173.73794,1172.43,2015-06-25 13:59:00+00:00,1173.73794,SL,4,-1.0,-1.8784655061258066
2015-06-26,setup_or_fib_XAUUSD_20150626_BUY,LONG,1173.19,1171.88,1.3099999999999454,1.232442228367088,2015-06-26 13:49:00+00:00,1173.53,2015-06-26 13:54:00+00:00,1172.3804200000002,1172.1341400000001,1173.53,2015-06-26 13:54:00+00:00,1172.1341400000001,SL,0,-1.0,-1.6638785122622775
2015-07-01,setup_or_fib_XAUUSD_20150701_BUY,LONG,1170.36,1169.22,1.1399999999998727,1.065506895169321,2015-07-01 13:47:00+00:00,1170.65,2015-07-01 14:01:00+00:00,1169.65548,1169.44116,1170.65,2015-07-01 14:01:00+00:00,1169.44116,SL,0,-1.0,-1.7628779395303302
2015-07-03,setup_or_fib_XAUUSD_20150703_SELL,SHORT,1169.61,1169.07,0.5399999999999636,0.8456744995917125,2015-07-03 13:49:00+00:00,1168.92,2015-07-03 13:59:00+00:00,1169.40372,1169.50524,1168.92,2015-07-03 13:59:00+00:00,1169.50524,SL,0,-1.0,-2.610520094563651
2015-07-06,setup_or_fib_XAUUSD_20150706_BUY,LONG,1165.71,1164.31,1.400000000000091,1.127415841521046,2015-07-06 13:50:00+00:00,1166.32,2015-07-06 14:00:00+00:00,1164.8448,1164.5816,1166.32,2015-07-06 14:01:00+00:00,1164.5816,SL,1,-1.0,-1.6212006079025063
2015-07-08,setup_or_fib_XAUUSD_20150708_SELL,SHORT,1155.48,1153.87,1.6100000000001273,1.7589768739409635,2015-07-08 13:52:00+00:00,1153.33,2015-07-08 14:00:00+00:00,1154.86498,1155.16766,1153.33,2015-07-08 14:02:00+00:00,1155.16766,SL,2,-1.0,-1.540174441654536
2015-07-10,setup_or_fib_XAUUSD_20150710_SELL,SHORT,1162.37,1159.73,2.6399999999998727,0.984286467033633,2015-07-10 13:50:00+00:00,1158.91,2015-07-10 14:42:00+00:00,1161.36152,1161.85784,1158.91,2015-07-10 15:00:00+00:00,1158.91,TP,18,4.9393939393939394,4.609969374597013
2015-07-14,setup_or_fib_XAUUSD_20150714_BUY,LONG,1158.93,1154.47,4.460000000000036,1.103554217083567,2015-07-14 14:19:00+00:00,1159.75,2015-07-14 15:30:00+00:00,1156.17372,1155.33524,1159.75,2015-07-14 15:51:00+00:00,1155.33524,SL,21,-1.0,-1.1949957065165793
2015-07-20,setup_or_fib_XAUUSD_20150720_SELL,SHORT,1114.4,1111.08,3.3200000000001637,2.204733758021293,2015-07-20 13:47:00+00:00,1108.39,2015-07-20 14:25:00+00:00,1113.13176,1113.75592,1108.39,2015-07-20 14:37:00+00:00,1108.39,TP,12,7.597026403485196,7.335074339911785
2015-07-21,setup_or_fib_XAUUSD_20150721_BUY,LONG,1105.49,1103.33,2.160000000000082,1.4939989744138495,2015-07-21 14:18:00+00:00,1105.68,2015-07-21 14:29:00+00:00,1104.15512,1103.74904,1105.68,2015-07-21 14:58:00+00:00,1105.68,TP,29,3.755122143420662,3.3524921197799746
2015-07-22,setup_or_fib_XAUUSD_20150722_BUY,LONG,1091.81,1090.08,1.7300000000000182,1.9924449208030803,2015-07-22 14:11:00+00:00,1092.52,2015-07-22 14:20:00+00:00,1090.7408599999999,1090.41562,1092.52,2015-07-22 14:22:00+00:00,1090.41562,SL,2,-1.0,-1.5027056942567123
2015-07-24,setup_or_fib_XAUUSD_20150724_BUY,LONG,1084.14,1081.85,2.290000000000191,1.8162840097452908,2015-07-24 14:00:00+00:00,1084.78,2015-07-24 14:05:00+00:00,1082.72478,1082.29426,1084.78,2015-07-24 14:12:00+00:00,1082.29426,SL,7,-1.0,-1.3797732974076844
2015-07-28,setup_or_fib_XAUUSD_20150728_SELL,SHORT,1095.33,1093.92,1.4099999999998545,1.382331820783019,2015-07-28 13:47:00+00:00,1093.68,2015-07-28 14:00:00+00:00,1094.79138,1095.05646,1093.68,2015-07-28 14:00:00+00:00,1095.05646,SL,0,-1.0,-1.6167949298322115
2015-07-29,setup_or_fib_XAUUSD_20150729_BUY,LONG,1095.79,1093.9,1.8899999999998727,1.20622117114678,2015-07-29 14:05:00+00:00,1096.42,2015-07-29 14:27:00+00:00,1094.6219800000001,1094.26666,1096.42,2015-07-29 14:28:00+00:00,1094.26666,SL,1,-1.0,-1.4601485984463158
2015-08-03,setup_or_fib_XAUUSD_20150803_BUY,LONG,1091.72,1090.06,1.6600000000000819,1.1883998039221462,2015-08-03 13:45:00+00:00,1092.75,2015-08-03 13:52:00+00:00,1090.6941199999999,1090.38204,1092.75,2015-08-03 13:53:00+00:00,1090.38204,SL,1,-1.0,-1.5239041271470137
2015-08-05,setup_or_fib_XAUUSD_20150805_BUY,LONG,1090.87,1088.99,1.8799999999998818,1.23171733289753,2015-08-05 13:45:00+00:00,1091.2,2015-08-05 13:51:00+00:00,1089.70816,1089.3547199999998,1091.2,2015-08-05 13:58:00+00:00,1089.3547199999998,SL,7,-1.0,-1.4625961973742578
2015-08-11,setup_or_fib_XAUUSD_20150811_SELL,SHORT,1109.27,1106.19,3.0799999999999272,2.3043954364276873,2015-08-11 14:05:00+00:00,1105.11,2015-08-11 14:23:00+00:00,1108.09344,1108.67248,1105.11,2015-08-11 14:23:00+00:00,1108.67248,SL,0,-1.0,-1.2823639126831348
2015-08-12,setup_or_fib_XAUUSD_20150812_BUY,LONG,1119.59,1116.85,2.740000000000009,1.9486589364887519,2015-08-12 14:05:00+00:00,1120.22,2015-08-12 14:10:00+00:00,1117.8966799999998,1117.3815599999998,1120.22,2015-08-12 14:10:00+00:00,1117.3815599999998,SL,0,-1.0,-1.3174017704612366
2015-08-14,setup_or_fib_XAUUSD_20150814_BUY,LONG,1117.86,1116.5,1.3599999999999,1.082970192649496,2015-08-14 13:58:00+00:00,1120.74,2015-08-14 15:53:00+00:00,1117.01952,1116.76384,1120.74,2015-08-14 15:53:00+00:00,1116.76384,SL,0,-1.0,-1.6394712140175622
2015-08-18,setup_or_fib_XAUUSD_20150818_SELL,SHORT,1118.98,1116.75,2.230000000000018,1.0346169495357986,2015-08-18 14:00:00+00:00,1109.63,2015-08-18 15:38:00+00:00,1118.12814,1118.54738,1109.63,2015-08-18 15:38:00+00:00,1118.54738,SL,0,-1.0,-1.3899914130331585
2015-08-20,setup_or_fib_XAUUSD_20150820_SELL,SHORT,1143.15,1141.11,2.040000000000191,1.4086637195760536,2015-08-20 13:57:00+00:00,1140.66,2015-08-20 14:12:00+00:00,1142.3707200000001,1142.75424,1140.66,2015-08-20 14:13:00+00:00,1142.75424,SL,1,-1.0,-1.426314142678501
2015-08-21,setup_or_fib_XAUUSD_20150821_BUY,LONG,1156.73,1154.58,2.150000000000091,1.9358097226655282,2015-08-21 13:52:00+00:00,1156.96,2015-08-21 13:55:00+00:00,1155.4013,1154.9971,1156.96,2015-08-21 13:56:00+00:00,1154.9971,SL,1,-1.0,-1.4045027214250911
2015-08-24,setup_or_fib_XAUUSD_20150824_SELL,SHORT,1161.47,1158.97,2.5,2.447526966457107,2015-08-24 13:51:00+00:00,1154.35,2015-08-24 14:11:00+00:00,1160.515,1160.985,1154.35,2015-08-24 14:11:00+00:00,1160.985,SL,0,-1.0,-1.34787234042568
2015-08-25,setup_or_fib_XAUUSD_20150825_SELL,SHORT,1152.61,1150.6,2.009999999999991,2.135854453609269,2015-08-25 13:50:00+00:00,1149.83,2015-08-25 14:00:00+00:00,1151.8421799999999,1152.2200599999999,1149.83,2015-08-25 14:00:00+00:00,1152.2200599999999,SL,0,-1.0,-1.4326770403302582
2015-08-27,setup_or_fib_XAUUSD_20150827_BUY,LONG,1122.81,1119.76,3.0499999999999545,1.4640435372548106,2015-08-27 14:11:00+00:00,1124.37,2015-08-27 14:28:00+00:00,1120.9251,1120.3517000000002,1124.37,2015-08-27 14:30:00+00:00,1120.3517000000002,SL,2,-1.0,-1.2851412626439955
2015-08-28,setup_or_fib_XAUUSD_20150828_BUY,LONG,1128.22,1125.97,2.25,1.5731587091023602,2015-08-28 13:57:00+00:00,1129.28,2015-08-28 14:04:00+00:00,1126.8295,1126.4065,1129.28,2015-08-28 14:11:00+00:00,1126.4065,SL,7,-1.0,-1.3865248226950337
2015-08-31,setup_or_fib_XAUUSD_20150831_BUY,LONG,1128.55,1127.3,1.25,1.455643497026594,2015-08-31 13:48:00+00:00,1128.88,2015-08-31 13:55:00+00:00,1127.7775,1127.5424999999998,1128.88,2015-08-31 13:56:00+00:00,1127.5424999999998,SL,1,-1.0,-1.6957446808506869
2015-09-01,setup_or_fib_XAUUSD_20150901_BUY,LONG,1141.76,1139.35,2.410000000000082,1.4505738982368679,2015-09-01 13:57:00+00:00,1147.85,2015-09-01 15:10:00+00:00,1140.27062,1139.81754,1147.85,2015-09-01 15:10:00+00:00,1139.81754,SL,0,-1.0,-1.3608634236779378
2015-09-02,setup_or_fib_XAUUSD_20150902_BUY,LONG,1138.83,1135.94,2.8899999999998727,1.3482853058868718,2015-09-02 14:41:00+00:00,1141.29,2015-09-02 15:07:00+00:00,1137.04398,1136.50066,1141.29,2015-09-02 15:09:00+00:00,1136.50066,SL,2,-1.0,-1.3009276301258959
2015-09-08,setup_or_fib_XAUUSD_20150908_SELL,SHORT,1124.08,1122.81,1.2699999999999818,0.9979101201667631,2015-09-08 13:52:00+00:00,1121.98,2015-09-08 14:11:00+00:00,1123.59486,1123.8336199999999,1121.98,2015-09-08 14:17:00+00:00,1123.8336199999999,SL,6,-1.0,-1.6847880717039276
2015-09-10,setup_or_fib_XAUUSD_20150910_BUY,LONG,1109.79,1108.82,0.9700000000000273,1.0937242540204228,2015-09-10 13:45:00+00:00,1114.97,2015-09-10 14:58:00+00:00,1109.19054,1109.00818,1114.97,2015-09-10 15:39:00+00:00,1109.00818,SL,41,-1.0,-1.896578196972937
2015-09-14,setup_or_fib_XAUUSD_20150914_BUY,LONG,1105.83,1104.72,1.1099999999999,1.0755670081132507,2015-09-14 13:46:00+00:00,1106.45,2015-09-14 13:47:00+00:00,1105.14402,1104.93534,1106.45,2015-09-14 13:49:00+00:00,1104.93534,SL,2,-1.0,-1.7834962622198225
2015-09-17,setup_or_fib_XAUUSD_20150917_SELL,SHORT,1117.9,1116.13,1.7699999999999818,0.9841628988810553,2015-09-17 14:06:00+00:00,1115.35,2015-09-17 14:13:00+00:00,1117.22386,1117.55662,1115.35,2015-09-17 14:19:00+00:00,1117.55662,SL,6,-1.0,-1.491345113595373
2015-09-18,setup_or_fib_XAUUSD_20150918_BUY,LONG,1140.47,1135.58,4.8900000000001,1.7501541705783294,2015-09-18 13:57:00+00:00,1141.68,2015-09-18 15:29:00+00:00,1137.29,1136.52866,1141.68,2015-09-18 15:29:00+00:00,1136.52866,SL,0,-1.0,-1.2147529356135183
2015-09-21,setup_or_fib_XAUUSD_20150921_SELL,SHORT,1134.59,1133.02,1.5699999999999363,1.357753761115937,2015-09-21 13:54:00+00:00,1132.8,2015-09-21 14:06:00+00:00,1133.99026,1134.28542,1132.8,2015-09-21 14:07:00+00:00,1134.28542,SL,1,-1.0,-1.5539368478115514
2015-09-29,setup_or_fib_XAUUSD_20150929_BUY,LONG,1131.03,1128.72,2.3099999999999454,1.3911305270263448,2015-09-29 14:04:00+00:00,1131.21,2015-09-29 14:08:00+00:00,1129.60242,1129.16814,1131.21,2015-09-29 14:21:00+00:00,1129.16814,SL,13,-1.0,-1.376485216910797
2015-10-05,setup_or_fib_XAUUSD_20151005_SELL,SHORT,1138.52,1135.37,3.150000000000091,1.4584433281978066,2015-10-05 13:48:00+00:00,1134.28,2015-10-05 14:25:00+00:00,1137.3166999999999,1137.9089000000001,1134.28,2015-10-05 14:25:00+00:00,1137.9089000000001,SL,0,-1.0,-1.276089159067754
2015-10-09,setup_or_fib_XAUUSD_20151009_BUY,LONG,1154.89,1152.96,1.9300000000000637,1.7915251828176528,2015-10-09 13:46:00+00:00,1157.3,2015-10-09 14:11:00+00:00,1153.6972600000001,1153.33442,1157.3,2015-10-09 14:12:00+00:00,1153.33442,SL,1,-1.0,-1.450611839929156
2015-10-12,setup_or_fib_XAUUSD_20151012_SELL,SHORT,1167.04,1163.8,3.240000000000009,1.506177288606844,2015-10-12 14:09:00+00:00,1163.58,2015-10-12 14:20:00+00:00,1165.80232,1166.41144,1163.58,2015-10-12 14:20:00+00:00,1166.41144,SL,0,-1.0,-1.268420015760408
2015-10-13,setup_or_fib_XAUUSD_20151013_SELL,SHORT,1161.09,1159.47,1.6199999999998909,1.5457754671368977,2015-10-13 14:00:00+00:00,1158.71,2015-10-13 14:05:00+00:00,1160.47116,1160.77572,1158.71,2015-10-13 14:05:00+00:00,1160.77572,SL,0,-1.0,-1.5368400315208162
2015-10-16,setup_or_fib_XAUUSD_20151016_BUY,LONG,1183.38,1181.01,2.3700000000001182,1.7566713237457858,2015-10-16 14:03:00+00:00,1184.21,2015-10-16 14:15:00+00:00,1181.91534,1181.4697800000001,1184.21,2015-10-16 14:15:00+00:00,1181.4697800000001,SL,0,-1.0,-1.366953945596646
2015-10-19,setup_or_fib_XAUUSD_20151019_BUY,LONG,1177.44,1174.62,2.8200000000001637,1.2496469360127391,2015-10-19 14:00:00+00:00,1178.13,2015-10-19 14:05:00+00:00,1175.69724,1175.16708,1178.13,2015-10-19 14:08:00+00:00,1175.16708,SL,3,-1.0,-1.308397464916238
2015-10-20,setup_or_fib_XAUUSD_20151020_SELL,SHORT,1174.73,1172.52,2.2100000000000364,1.3478953978305954,2015-10-20 13:48:00+00:00,1171.35,2015-10-20 13:58:00+00:00,1173.88578,1174.30126,1171.35,2015-10-20 14:31:00+00:00,1174.30126,SL,33,-1.0,-1.3935207470878113
2015-10-26,setup_or_fib_XAUUSD_20151026_SELL,SHORT,1167.06,1165.85,1.2100000000000364,1.1935542801222265,2015-10-26 13:45:00+00:00,1165.13,2015-10-26 13:47:00+00:00,1166.5977799999998,1166.82526,1165.13,2015-10-26 13:53:00+00:00,1165.13,TP,6,6.452347459109207,5.733602954098541
2015-10-27,setup_or_fib_XAUUSD_20151027_SELL,SHORT,1168.63,1164.48,4.150000000000091,1.0630815496549344,2015-10-27 13:46:00+00:00,1160.73,2015-10-27 14:45:00+00:00,1167.0447000000001,1167.8249,1160.73,2015-10-27 16:00:00+00:00,1166.31,TIME,74,0.9416816200977641,0.7321199692389891
2015-11-04,setup_or_fib_XAUUSD_20151104_BUY,LONG,1119.65,1116.07,3.5800000000001546,1.5904819016853275,2015-11-04 15:05:00+00:00,1120.8,2015-11-04 15:36:00+00:00,1117.43756,1116.76452,1120.8,2015-11-04 15:38:00+00:00,1116.76452,SL,2,-1.0,-1.2429276120289565
2015-11-10,setup_or_fib_XAUUSD_20151110_SELL,SHORT,1089.43,1087.88,1.5499999999999545,1.2616754204809886,2015-11-10 15:15:00+00:00,1085.22,2015-11-10 16:11:00+00:00,1088.8379,1089.1293,1085.22,2015-11-10 16:24:00+00:00,1089.1293,SL,13,-1.0,-1.5610844200410516
2015-11-11,setup_or_fib_XAUUSD_20151111_SELL,SHORT,1088.64,1086.82,1.8200000000001637,1.1533442688931672,2015-11-11 15:19:00+00:00,1086.27,2015-11-11 15:24:00+00:00,1087.94476,1088.28692,1086.27,2015-11-11 15:42:00+00:00,1086.27,TP,18,4.8946691606280375,4.4168225391642855
2015-11-12,setup_or_fib_XAUUSD_20151112_SELL,SHORT,1083.54,1080.15,3.3899999999998727,0.9921510565664108,2015-11-12 14:59:00+00:00,1074.08,2015-11-12 15:35:00+00:00,1082.24502,1082.88234,1074.08,2015-11-12 15:35:00+00:00,1082.88234,SL,0,-1.0,-1.256543023912616
2015-11-18,setup_or_fib_XAUUSD_20151118_BUY,LONG,1069.73,1067.22,2.509999999999991,1.2105650980019425,2015-11-18 15:23:00+00:00,1071.79,2015-11-18 15:53:00+00:00,1068.17882,1067.70694,1071.79,2015-11-18 16:08:00+00:00,1067.70694,SL,15,-1.0,-1.3464863948461065
2015-11-20,setup_or_fib_XAUUSD_20151120_SELL,SHORT,1083.99,1081.83,2.160000000000082,1.5427661711023903,2015-11-20 14:47:00+00:00,1081.0,2015-11-20 15:24:00+00:00,1083.16488,1083.57096,1081.0,2015-11-20 15:51:00+00:00,1081.0,TP,27,5.331166272656066,4.928536249015379
2015-11-25,setup_or_fib_XAUUSD_20151125_SELL,SHORT,1073.47,1068.91,4.559999999999945,1.1482283268854703,2015-11-25 15:42:00+00:00,1067.83,2015-11-25 16:45:00+00:00,1071.72808,1072.58536,1067.83,2015-11-25 17:00:00+00:00,1071.62,TIME,15,0.12607316162771418,-0.06464632325471664
2015-11-26,setup_or_fib_XAUUSD_20151126_BUY,LONG,1071.83,1070.54,1.2899999999999636,0.8355142075620354,2015-11-26 15:14:00+00:00,1071.98,2015-11-26 15:40:00+00:00,1071.03278,1070.79026,1071.98,2015-11-26 15:40:00+00:00,1070.79026,SL,0,-1.0,-1.6741712023750253
2015-11-27,setup_or_fib_XAUUSD_20151127_SELL,SHORT,1057.93,1055.13,2.7999999999999545,1.793060677629228,2015-11-27 15:01:00+00:00,1052.67,2015-11-27 15:33:00+00:00,1056.8604,1057.3868000000002,1052.67,2015-11-27 15:33:00+00:00,1057.3868000000002,SL,0,-1.0,-1.310600303951253
2015-11-30,setup_or_fib_XAUUSD_20151130_SELL,SHORT,1060.4,1058.59,1.8100000000001728,1.1168058269408319,2015-11-30 14:47:00+00:00,1058.1,2015-11-30 15:14:00+00:00,1059.70858,1060.04886,1058.1,2015-11-30 15:17:00+00:00,1060.04886,SL,3,-1.0,-1.4804866580461444
2015-12-01,setup_or_fib_XAUUSD_20151201_SELL,SHORT,1070.77,1067.25,3.519999999999982,1.410574242251937,2015-12-01 15:06:00+00:00,1066.48,2015-12-01 15:15:00+00:00,1069.42536,1070.0871200000001,1066.48,2015-12-01 15:15:00+00:00,1070.0871200000001,SL,0,-1.0,-1.2470684235976095
2015-12-03,setup_or_fib_XAUUSD_20151203_BUY,LONG,1061.68,1053.21,8.470000000000027,1.9897028646463286,2015-12-03 14:45:00+00:00,1062.39,2015-12-03 14:58:00+00:00,1056.44554,1054.85318,1062.39,2015-12-03 15:53:00+00:00,1054.85318,SL,55,-1.0,-1.1026777864302124
2015-12-07,setup_or_fib_XAUUSD_20151207_BUY,LONG,1081.0,1078.87,2.130000000000109,1.300810449593167,2015-12-07 15:05:00+00:00,1081.26,2015-12-07 15:21:00+00:00,1079.68366,1079.28322,1081.26,2015-12-07 15:29:00+00:00,1079.28322,SL,8,-1.0,-1.4083008690441643
2015-12-09,setup_or_fib_XAUUSD_20151209_BUY,LONG,1082.77,1078.63,4.139999999999873,1.5403703054933238,2015-12-09 14:45:00+00:00,1085.3,2015-12-09 15:48:00+00:00,1080.2114800000002,1079.4331600000003,1085.3,2015-12-09 16:20:00+00:00,1079.4331600000003,SL,32,-1.0,-1.2100678384212435
2015-12-21,setup_or_fib_XAUUSD_20151221_BUY,LONG,1074.82,1072.35,2.4700000000000273,1.7351307264647968,2015-12-21 14:52:00+00:00,1075.1,2015-12-21 14:55:00+00:00,1073.29354,1072.8291799999997,1075.1,2015-12-21 14:58:00+00:00,1075.1,TP,3,3.890214488757333,3.538116978205304
2015-12-23,setup_or_fib_XAUUSD_20151223_SELL,SHORT,1072.73,1070.32,2.410000000000082,1.0824008444647335,2015-12-23 14:47:00+00:00,1068.26,2015-12-23 16:40:00+00:00,1071.80938,1072.26246,1068.26,2015-12-23 17:00:00+00:00,1069.25,TIME,20,5.648847885582942,5.287984461905005
2015-12-24,setup_or_fib_XAUUSD_20151224_SELL,SHORT,1073.38,1072.02,1.3600000000001273,0.8131639406148332,2015-12-24 14:51:00+00:00,1071.7,2015-12-24 14:55:00+00:00,1072.86048,1073.11616,1071.7,2015-12-24 14:55:00+00:00,1073.11616,SL,0,-1.0,-1.6394712140175622
2015-12-28,setup_or_fib_XAUUSD_20151228_SELL,SHORT,1071.6,1070.6,1.0,0.8336746215891002,2015-12-28 15:22:00+00:00,1070.28,2015-12-28 15:30:00+00:00,1071.2179999999998,1071.406,1070.28,2015-12-28 15:40:00+00:00,1071.406,SL,10,-1.0,-1.8696808510633587
2015-12-29,setup_or_fib_XAUUSD_20151229_SELL,SHORT,1073.17,1070.31,2.8600000000001273,1.1537262550077503,2015-12-29 14:45:00+00:00,1069.43,2015-12-29 15:07:00+00:00,1072.07748,1072.61516,1069.43,2015-12-29 16:22:00+00:00,1069.43,TP,75,4.923895253680975,4.619811040022371
2015-12-31,setup_or_fib_XAUUSD_20151231_BUY,LONG,1062.09,1060.3,1.7899999999999636,1.0521802770695583,2015-12-31 15:42:00+00:00,1063.46,2015-12-31 16:17:00+00:00,1060.98378,1060.6472599999997,1063.46,2015-12-31 17:00:00+00:00,1061.35,TIME,43,1.088256270056958,0.6024010459993734
2016-01-04,setup_or_fib_XAUUSD_20160104_BUY,LONG,1078.18,1076.23,1.9500000000000455,1.773142869549482,2016-01-04 14:55:00+00:00,1083.44,2016-01-04 16:49:00+00:00,1076.9749,1076.6083,1083.44,2016-01-04 17:00:00+00:00,1077.81,TIME,11,2.2779596290245157,1.8319694489915814
2016-01-06,setup_or_fib_XAUUSD_20160106_BUY,LONG,1085.71,1083.45,2.259999999999991,1.9589806521547843,2016-01-06 14:54:00+00:00,1086.32,2016-01-06 14:59:00+00:00,1084.31332,1083.88844,1086.32,2016-01-06 15:11:00+00:00,1086.32,TP,12,4.722933534173927,4.338118998305003
2016-01-07,setup_or_fib_XAUUSD_20160107_SELL,SHORT,1104.35,1101.19,3.1599999999998545,1.786403211588972,2016-01-07 15:00:00+00:00,1100.18,2016-01-07 15:10:00+00:00,1103.1428799999999,1103.73696,1100.18,2016-01-07 15:26:00+00:00,1103.73696,SL,16,-1.0,-1.2752154591973792
2016-01-11,setup_or_fib_XAUUSD_20160111_SELL,SHORT,1102.94,1099.61,3.3300000000001546,1.6183164673217134,2016-01-11 14:53:00+00:00,1099.07,2016-01-11 15:04:00+00:00,1101.66794,1102.2939800000001,1099.07,2016-01-11 15:05:00+00:00,1102.2939800000001,SL,1,-1.0,-1.261165420739846
2016-01-12,setup_or_fib_XAUUSD_20160112_SELL,SHORT,1088.76,1086.77,1.990000000000009,1.7208600321540826,2016-01-12 14:48:00+00:00,1086.38,2016-01-12 14:52:00+00:00,1087.99982,1088.37394,1086.38,2016-01-12 14:54:00+00:00,1088.37394,SL,2,-1.0,-1.4370255532984677
2016-01-14,setup_or_fib_XAUUSD_20160114_SELL,SHORT,1087.3,1085.33,1.9700000000000273,1.5951936649675384,2016-01-14 14:46:00+00:00,1082.9,2016-01-14 15:37:00+00:00,1086.54746,1086.9178200000001,1082.9,2016-01-14 15:55:00+00:00,1086.9178200000001,SL,18,-1.0,-1.441462360945965
2016-01-15,setup_or_fib_XAUUSD_20160115_BUY,LONG,1094.06,1088.98,5.079999999999927,1.4739767879771835,2016-01-15 14:46:00+00:00,1097.34,2016-01-15 16:18:00+00:00,1090.92056,1089.96552,1097.34,2016-01-15 16:19:00+00:00,1089.96552,SL,1,-1.0,-1.1711970179259412
2016-01-19,setup_or_fib_XAUUSD_20160119_SELL,SHORT,1087.21,1085.67,1.5399999999999636,1.8053373993250474,2016-01-19 14:52:00+00:00,1085.25,2016-01-19 15:01:00+00:00,1086.62172,1086.9112400000001,1085.25,2016-01-19 15:01:00+00:00,1086.9112400000001,SL,0,-1.0,-1.564727825366048
2016-01-20,setup_or_fib_XAUUSD_20160120_SELL,SHORT,1102.99,1099.43,3.5599999999999454,1.8008167373066666,2016-01-20 15:31:00+00:00,1097.07,2016-01-20 15:50:00+00:00,1101.6300800000001,1102.2993600000002,1097.07,2016-01-20 16:02:00+00:00,1102.2993600000002,SL,12,-1.0,-1.2442923738943081
2016-01-22,setup_or_fib_XAUUSD_20160122_SELL,SHORT,1096.59,1094.48,2.1099999999999,1.2216527673804418,2016-01-22 15:20:00+00:00,1093.97,2016-01-22 15:27:00+00:00,1095.78398,1096.18066,1093.97,2016-01-22 15:27:00+00:00,1096.18066,SL,0,-1.0,-1.412171019461468
2016-01-26,setup_or_fib_XAUUSD_20160126_SELL,SHORT,1115.17,1112.1,3.0700000000001637,1.3487337252654001,2016-01-26 15:06:00+00:00,1109.68,2016-01-26 15:59:00+00:00,1113.99726,1114.5744200000001,1109.68,2016-01-26 16:20:00+00:00,1114.5744200000001,SL,21,-1.0,-1.2832836648416144
2016-01-29,setup_or_fib_XAUUSD_20160129_SELL,SHORT,1116.36,1113.85,2.509999999999991,1.4303168363613756,2016-01-29 14:53:00+00:00,1110.73,2016-01-29 16:35:00+00:00,1115.4011799999998,1115.87306,1110.73,2016-01-29 16:35:00+00:00,1115.87306,SL,0,-1.0,-1.3464863948461065
2016-02-03,setup_or_fib_XAUUSD_20160203_SELL,SHORT,1131.91,1126.48,5.430000000000064,1.4838873678800293,2016-02-03 14:55:00+00:00,1125.25,2016-02-03 15:44:00+00:00,1129.83574,1130.8565800000001,1125.25,2016-02-03 15:48:00+00:00,1130.8565800000001,SL,4,-1.0,-1.1601622193487504
2016-02-04,setup_or_fib_XAUUSD_20160204_BUY,LONG,1154.66,1150.26,4.400000000000091,1.592587141981959,2016-02-04 15:12:00+00:00,1156.64,2016-02-04 16:16:00+00:00,1151.9408,1151.1136000000001,1156.64,2016-02-04 16:25:00+00:00,1151.1136000000001,SL,9,-1.0,-1.1976547388781555
2016-02-09,setup_or_fib_XAUUSD_20160209_BUY,LONG,1198.38,1195.61,2.770000000000209,2.0445110978167436,2016-02-09 14:54:00+00:00,1198.76,2016-02-09 15:01:00+00:00,1196.66814,1196.1473799999999,1198.76,2016-02-09 15:03:00+00:00,1196.11,SL,2,-1.0717797065826422,-1.3857439127428037
2016-02-10,setup_or_fib_XAUUSD_20160210_BUY,LONG,1191.51,1185.57,5.940000000000055,1.8113032628898065,2016-02-10 15:28:00+00:00,1193.53,2016-02-10 16:15:00+00:00,1187.83908,1186.72236,1193.53,2016-02-10 16:16:00+00:00,1186.72236,SL,1,-1.0,-1.1464109176875152
2016-02-11,setup_or_fib_XAUUSD_20160211_BUY,LONG,1237.29,1230.58,6.710000000000036,4.10489791637259,2016-02-11 15:04:00+00:00,1243.62,2016-02-11 15:44:00+00:00,1233.14322,1231.88174,1243.62,2016-02-11 15:57:00+00:00,1231.88174,SL,13,-1.0,-1.1296096648381377
2016-02-16,setup_or_fib_XAUUSD_20160216_SELL,SHORT,1215.82,1212.3,3.519999999999982,2.8688942533224044,2016-02-16 15:21:00+00:00,1204.97,2016-02-16 16:51:00+00:00,1214.47536,1215.13712,1204.97,2016-02-16 16:55:00+00:00,1215.13712,SL,4,-1.0,-1.2470684235976095
2016-02-18,setup_or_fib_XAUUSD_20160218_SELL,SHORT,1207.51,1205.01,2.5,1.6868544773806988,2016-02-18 15:06:00+00:00,1204.61,2016-02-18 15:13:00+00:00,1206.555,1207.0249999999999,1204.61,2016-02-18 15:31:00+00:00,1207.0249999999999,SL,18,-1.0,-1.34787234042568
2016-02-19,setup_or_fib_XAUUSD_20160219_BUY,LONG,1229.41,1222.3,7.110000000000127,2.5527460672500486,2016-02-19 14:59:00+00:00,1231.23,2016-02-19 15:13:00+00:00,1225.01602,1223.67934,1231.23,2016-02-19 16:02:00+00:00,1231.23,TP,49,4.648816470658241,4.526498488792734
2016-02-22,setup_or_fib_XAUUSD_20160222_SELL,SHORT,1214.05,1210.45,3.599999999999909,2.5289013015553667,2016-02-22 14:48:00+00:00,1206.39,2016-02-22 16:11:00+00:00,1212.6748,1213.3516,1206.39,2016-02-22 16:11:00+00:00,1213.3516,SL,0,-1.0,-1.2415780141844124
2016-02-23,setup_or_fib_XAUUSD_20160223_SELL,SHORT,1224.22,1222.45,1.7699999999999818,2.387325850529123,2016-02-23 14:48:00+00:00,1216.33,2016-02-23 16:09:00+00:00,1223.54386,1223.87662,1216.33,2016-02-23 16:09:00+00:00,1223.87662,SL,0,-1.0,-1.491345113595373
2016-02-25,setup_or_fib_XAUUSD_20160225_BUY,LONG,1236.19,1232.64,3.5499999999999545,2.5149382785275263,2016-02-25 14:46:00+00:00,1236.64,2016-02-25 14:55:00+00:00,1233.9961,1233.3287000000003,1236.64,2016-02-25 14:57:00+00:00,1233.3287000000003,SL,2,-1.0,-1.2449805214264984
2016-03-07,setup_or_fib_XAUUSD_20160307_SELL,SHORT,1270.39,1266.77,3.6200000000001182,2.3378449934258274,2016-03-07 14:47:00+00:00,1265.25,2016-03-07 15:15:00+00:00,1269.00716,1269.6877200000001,1265.25,2016-03-07 15:18:00+00:00,1269.6877200000001,SL,3,-1.0,-1.2402433290231525
2016-03-08,setup_or_fib_XAUUSD_20160308_BUY,LONG,1274.12,1270.83,3.2899999999999636,2.1114116196686474,2016-03-08 15:01:00+00:00,1274.73,2016-03-08 15:12:00+00:00,1272.0867799999999,1271.4682599999999,1274.73,2016-03-08 15:14:00+00:00,1271.4682599999999,SL,2,-1.0,-1.2643406842139346
2016-03-09,setup_or_fib_XAUUSD_20160309_SELL,SHORT,1254.49,1251.74,2.75,2.0342101107217068,2016-03-09 15:09:00+00:00,1242.91,2016-03-09 16:38:00+00:00,1253.4395,1253.9565,1242.91,2016-03-09 16:38:00+00:00,1253.9565,SL,0,-1.0,-1.3162475822049968
2016-03-11,setup_or_fib_XAUUSD_20160311_BUY,LONG,1268.08,1263.57,4.509999999999991,2.6266704347235756,2016-03-11 14:54:00+00:00,1269.0,2016-03-11 15:09:00+00:00,1265.29282,1264.4449399999999,1269.0,2016-03-11 15:20:00+00:00,1269.0,TP,11,4.372293249044638,4.1794593574562136
2016-03-14,setup_or_fib_XAUUSD_20160314_BUY,LONG,1256.99,1254.59,2.400000000000091,1.7328804100519104,2016-03-14 14:01:00+00:00,1259.11,2016-03-14 14:36:00+00:00,1255.5067999999999,1255.0556,1259.11,2016-03-14 14:36:00+00:00,1255.0556,SL,0,-1.0,-1.3623670212766186
2016-03-16,setup_or_fib_XAUUSD_20160316_SELL,SHORT,1233.26,1227.37,5.8900000000001,1.0372268358496335,2016-03-16 14:27:00+00:00,1226.64,2016-03-16 15:01:00+00:00,1231.01002,1232.11734,1226.64,2016-03-16 15:09:00+00:00,1232.11734,SL,8,-1.0,-1.1476537947476695
2016-03-17,setup_or_fib_XAUUSD_20160317_BUY,LONG,1266.53,1262.17,4.3599999999999,2.4746693515957556,2016-03-17 14:03:00+00:00,1269.12,2016-03-17 14:43:00+00:00,1263.83552,1263.01584,1269.12,2016-03-17 14:44:00+00:00,1263.01584,SL,1,-1.0,-1.199468085106368
2016-03-21,setup_or_fib_XAUUSD_20160321_BUY,LONG,1243.83,1241.87,1.9600000000000364,1.7904293917219338,2016-03-21 13:50:00+00:00,1244.5,2016-03-21 14:01:00+00:00,1242.61872,1242.2502399999998,1244.5,2016-03-21 14:02:00+00:00,1242.2502399999998,SL,1,-1.0,-1.4437147199304166
2016-03-22,setup_or_fib_XAUUSD_20160322_SELL,SHORT,1255.12,1253.53,1.5899999999999181,2.3783779165212557,2016-03-22 14:00:00+00:00,1250.67,2016-03-22 14:45:00+00:00,1254.51262,1254.81154,1250.67,2016-03-22 14:46:00+00:00,1254.81154,SL,1,-1.0,-1.5469690887194762
2016-03-24,setup_or_fib_XAUUSD_20160324_SELL,SHORT,1223.71,1221.28,2.4300000000000637,1.7074002115553872,2016-03-24 14:01:00+00:00,1218.11,2016-03-24 15:31:00+00:00,1222.78174,1223.2385800000002,1218.11,2016-03-24 15:31:00+00:00,1223.2385800000002,SL,0,-1.0,-1.3578933543470326
2016-03-28,setup_or_fib_XAUUSD_20160328_SELL,SHORT,1221.98,1218.72,3.259999999999991,1.3864004516166673,2016-03-28 14:00:00+00:00,1217.55,2016-03-28 14:24:00+00:00,1220.73468,1221.34756,1217.55,2016-03-28 14:27:00+00:00,1221.34756,SL,3,-1.0,-1.2667732671975354
2016-03-31,setup_or_fib_XAUUSD_20160331_BUY,LONG,1236.6,1232.31,4.289999999999964,1.5519571684028002,2016-03-31 13:48:00+00:00,1240.32,2016-03-31 14:47:00+00:00,1233.94878,1233.1422599999999,1240.32,2016-03-31 15:43:00+00:00,1233.1422599999999,SL,56,-1.0,-1.202722809105765
2016-04-04,setup_or_fib_XAUUSD_20160404_BUY,LONG,1221.75,1219.69,2.0599999999999454,1.3701964854122048,2016-04-04 13:53:00+00:00,1222.54,2016-04-04 14:10:00+00:00,1220.47692,1220.0896400000001,1222.54,2016-04-04 14:12:00+00:00,1220.0896400000001,SL,2,-1.0,-1.4221751704194234
2016-04-07,setup_or_fib_XAUUSD_20160407_BUY,LONG,1238.99,1236.98,2.009999999999991,2.0821542831310333,2016-04-07 13:52:00+00:00,1240.01,2016-04-07 14:03:00+00:00,1237.74782,1237.36994,1240.01,2016-04-07 14:05:00+00:00,1237.36994,SL,2,-1.0,-1.4326770403302582
2016-04-11,setup_or_fib_XAUUSD_20160411_SELL,SHORT,1253.04,1251.15,1.8899999999998727,2.0200848401837477,2016-04-11 13:58:00+00:00,1249.12,2016-04-11 14:44:00+00:00,1252.31802,1252.67334,1249.12,2016-04-11 14:45:00+00:00,1252.67334,SL,1,-1.0,-1.4601485984463158
2016-04-13,setup_or_fib_XAUUSD_20160413_BUY,LONG,1248.26,1242.7,5.559999999999945,1.9979608543570833,2016-04-13 14:18:00+00:00,1250.4,2016-04-13 14:49:00+00:00,1244.82392,1243.77864,1250.4,2016-04-13 14:50:00+00:00,1243.77864,SL,1,-1.0,-1.1564174192560772
2016-04-15,setup_or_fib_XAUUSD_20160415_BUY,LONG,1230.89,1229.19,1.7000000000000455,1.496858336971839,2016-04-15 14:00:00+00:00,1232.55,2016-04-15 14:04:00+00:00,1229.8394,1229.5198,1232.55,2016-04-15 14:04:00+00:00,1229.5198,SL,0,-1.0,-1.5115769712139588
2016-04-18,setup_or_fib_XAUUSD_20160418_SELL,SHORT,1241.13,1239.34,1.790000000000191,1.5506117140888875,2016-04-18 13:47:00+00:00,1238.56,2016-04-18 14:03:00+00:00,1240.44622,1240.78274,1238.56,2016-04-18 14:05:00+00:00,1240.78274,SL,2,-1.0,-1.485855224057913
2016-04-19,setup_or_fib_XAUUSD_20160419_BUY,LONG,1251.13,1248.38,2.75,1.8118612761426323,2016-04-19 13:48:00+00:00,1251.47,2016-04-19 14:07:00+00:00,1249.4305000000002,1248.9135,1251.47,2016-04-19 14:15:00+00:00,1251.47,TP,8,3.944874274660839,3.628626692455842
2016-04-20,setup_or_fib_XAUUSD_20160420_BUY,LONG,1252.11,1249.81,2.2999999999999545,1.5803963206692329,2016-04-20 14:10:00+00:00,1254.51,2016-04-20 15:05:00+00:00,1250.6886,1250.2561999999998,1254.51,2016-04-20 15:05:00+00:00,1250.2561999999998,SL,0,-1.0,-1.3781221091580615
2016-04-21,setup_or_fib_XAUUSD_20160421_BUY,LONG,1269.46,1265.72,3.740000000000009,2.2278532270146862,2016-04-21 14:01:00+00:00,1270.19,2016-04-21 14:16:00+00:00,1267.14868,1266.44556,1270.19,2016-04-21 14:16:00+00:00,1266.44556,SL,0,-1.0,-1.2325349869154207
2016-04-25,setup_or_fib_XAUUSD_20160425_SELL,SHORT,1236.94,1235.39,1.5499999999999545,1.4102820132239888,2016-04-25 13:54:00+00:00,1234.2,2016-04-25 14:29:00+00:00,1236.3479,1236.6393,1234.2,2016-04-25 14:33:00+00:00,1236.6393,SL,4,-1.0,-1.5610844200410516
2016-04-27,setup_or_fib_XAUUSD_20160427_BUY,LONG,1250.32,1247.97,2.349999999999909,1.2060142641343554,2016-04-27 13:46:00+00:00,1251.04,2016-04-27 14:02:00+00:00,1248.8677,1248.4259,1251.04,2016-04-27 14:02:00+00:00,1248.4259,SL,0,-1.0,-1.3700769578994538
2016-04-28,setup_or_fib_XAUUSD_20160428_SELL,SHORT,1259.82,1253.43,6.389999999999873,1.8177545479450954,2016-04-28 14:39:00+00:00,1252.96,2016-04-28 15:15:00+00:00,1257.37902,1258.58034,1252.96,2016-04-28 16:00:00+00:00,1256.16,TIME,45,1.0147337928279776,0.8786335031466153
2016-05-04,setup_or_fib_XAUUSD_20160504_SELL,SHORT,1288.72,1286.0,2.7200000000000273,2.5893853040259125,2016-05-04 13:49:00+00:00,1283.99,2016-05-04 14:35:00+00:00,1287.68096,1288.19232,1283.99,2016-05-04 14:36:00+00:00,1288.19232,SL,1,-1.0,-1.319735607008639
2016-05-05,setup_or_fib_XAUUSD_20160505_BUY,LONG,1285.77,1281.54,4.230000000000018,1.9851657830812082,2016-05-05 14:08:00+00:00,1286.37,2016-05-05 14:20:00+00:00,1283.15586,1282.3606200000002,1286.37,2016-05-05 14:35:00+00:00,1282.3606200000002,SL,15,-1.0,-1.205598309944188
2016-05-09,setup_or_fib_XAUUSD_20160509_BUY,LONG,1273.19,1271.32,1.8700000000001182,1.9895010704228882,2016-05-09 13:48:00+00:00,1273.81,2016-05-09 14:01:00+00:00,1272.03434,1271.68278,1273.81,2016-05-09 14:01:00+00:00,1271.68278,SL,0,-1.0,-1.4650699738311423
2016-05-10,setup_or_fib_XAUUSD_20160510_SELL,SHORT,1264.73,1263.37,1.3600000000001273,1.8957780304603824,2016-05-10 13:50:00+00:00,1261.08,2016-05-10 14:30:00+00:00,1264.21048,1264.46616,1261.08,2016-05-10 14:30:00+00:00,1264.46616,SL,0,-1.0,-1.6394712140175622
2016-05-11,setup_or_fib_XAUUSD_20160511_SELL,SHORT,1278.51,1276.78,1.7300000000000182,1.77309740318497,2016-05-11 13:52:00+00:00,1274.02,2016-05-11 14:43:00+00:00,1277.84914,1278.17438,1274.02,2016-05-11 14:46:00+00:00,1278.17438,SL,3,-1.0,-1.5027056942567123
2016-05-13,setup_or_fib_XAUUSD_20160513_BUY,LONG,1268.57,1263.87,4.7000000000000455,1.5372019784468152,2016-05-13 14:07:00+00:00,1270.66,2016-05-13 14:41:00+00:00,1265.6653999999999,1264.7817999999997,1270.66,2016-05-13 15:00:00+00:00,1264.7817999999997,SL,19,-1.0,-1.185038478949727
2016-05-16,setup_or_fib_XAUUSD_20160516_BUY,LONG,1287.65,1283.67,3.980000000000018,1.3564846209852461,2016-05-16 13:45:00+00:00,1288.62,2016-05-16 14:38:00+00:00,1285.19036,1284.4421200000002,1288.62,2016-05-16 15:23:00+00:00,1284.4421200000002,SL,45,-1.0,-1.2185127766492339
2016-05-18,setup_or_fib_XAUUSD_20160518_BUY,LONG,1272.18,1270.24,1.9400000000000546,1.6952171975442183,2016-05-18 13:49:00+00:00,1272.66,2016-05-18 14:00:00+00:00,1270.98108,1270.61636,1272.66,2016-05-18 14:01:00+00:00,1270.61636,SL,1,-1.0,-1.4482890984864685
2016-05-19,setup_or_fib_XAUUSD_20160519_SELL,SHORT,1250.25,1245.03,5.220000000000027,1.719165777841741,2016-05-19 14:02:00+00:00,1243.66,2016-05-19 15:23:00+00:00,1248.25596,1249.23732,1243.66,2016-05-19 15:24:00+00:00,1249.23732,SL,1,-1.0,-1.166605527023723
2016-05-20,setup_or_fib_XAUUSD_20160520_BUY,LONG,1256.99,1255.08,1.9100000000000819,1.2623355336729747,2016-05-20 13:50:00+00:00,1260.12,2016-05-20 14:49:00+00:00,1255.80962,1255.45054,1260.12,2016-05-20 14:50:00+00:00,1255.45054,SL,1,-1.0,-1.4553302885151589
2016-05-23,setup_or_fib_XAUUSD_20160523_SELL,SHORT,1248.85,1246.41,2.439999999999827,1.3866860270607928,2016-05-23 13:45:00+00:00,1243.08,2016-05-23 15:25:00+00:00,1247.9179199999999,1248.37664,1243.08,2016-05-23 15:30:00+00:00,1248.37664,SL,5,-1.0,-1.3564265783047824
2016-05-24,setup_or_fib_XAUUSD_20160524_SELL,SHORT,1239.05,1237.93,1.1199999999998909,1.3246173089047995,2016-05-24 13:56:00+00:00,1237.74,2016-05-24 14:02:00+00:00,1238.62216,1238.83272,1237.74,2016-05-24 14:06:00+00:00,1238.83272,SL,4,-1.0,-1.7765007598776297
2016-05-26,setup_or_fib_XAUUSD_20160526_BUY,LONG,1227.53,1224.59,2.9400000000000546,1.3365169196996995,2016-05-26 13:45:00+00:00,1232.06,2016-05-26 14:40:00+00:00,1225.71308,1225.1603599999999,1232.06,2016-05-26 14:41:00+00:00,1225.1603599999999,SL,1,-1.0,-1.2958098132869442
2016-05-30,setup_or_fib_XAUUSD_20160530_BUY,LONG,1208.56,1207.96,0.599999999999909,1.4798358901326807,2016-05-30 13:49:00+00:00,1208.58,2016-05-30 13:52:00+00:00,1208.1892,1208.0764000000001,1208.58,2016-05-30 13:53:00+00:00,1208.0764000000001,SL,1,-1.0,-2.4494680851079353
2016-06-01,setup_or_fib_XAUUSD_20160601_SELL,SHORT,1217.48,1216.43,1.0499999999999545,1.3185113281286902,2016-06-01 13:47:00+00:00,1215.75,2016-06-01 13:52:00+00:00,1217.0789,1217.2763,1215.75,2016-06-01 13:54:00+00:00,1217.2763,SL,2,-1.0,-1.8282674772035803
2016-06-02,setup_or_fib_XAUUSD_20160602_BUY,LONG,1215.74,1213.46,2.2799999999999727,1.278809018245207,2016-06-02 13:45:00+00:00,1216.34,2016-06-02 13:51:00+00:00,1214.33096,1213.9023200000001,1216.34,2016-06-02 14:05:00+00:00,1213.9023200000001,SL,14,-1.0,-1.3814389697649627
2016-06-06,setup_or_fib_XAUUSD_20160606_BUY,LONG,1244.42,1242.74,1.6800000000000637,1.1515115635935946,2016-06-06 14:03:00+00:00,1245.77,2016-06-06 14:37:00+00:00,1243.38176,1243.06592,1245.77,2016-06-06 14:49:00+00:00,1243.06592,SL,12,-1.0,-1.5176671732523124
2016-06-10,setup_or_fib_XAUUSD_20160610_SELL,SHORT,1270.55,1268.96,1.5899999999999181,1.4665612890042934,2016-06-10 13:46:00+00:00,1268.82,2016-06-10 13:50:00+00:00,1269.94262,1270.24154,1268.82,2016-06-10 13:50:00+00:00,1270.24154,SL,0,-1.0,-1.5469690887194762
2016-06-13,setup_or_fib_XAUUSD_20160613_BUY,LONG,1286.57,1285.07,1.5,1.6902202004524718,2016-06-13 13:50:00+00:00,1287.09,2016-06-13 14:00:00+00:00,1285.643,1285.3609999999999,1287.09,2016-06-13 14:09:00+00:00,1285.3609999999999,SL,9,-1.0,-1.579787234042239
2016-06-15,setup_or_fib_XAUUSD_20160615_BUY,LONG,1284.26,1280.47,3.7899999999999636,1.439135375873595,2016-06-15 14:53:00+00:00,1284.85,2016-06-15 15:16:00+00:00,1281.91778,1281.20526,1284.85,2016-06-15 16:00:00+00:00,1283.08,TIME,44,1.6311401785211193,1.401672935496375
2016-06-17,setup_or_fib_XAUUSD_20160617_SELL,SHORT,1290.09,1288.53,1.5599999999999454,1.6535249517040378,2016-06-17 13:48:00+00:00,1286.59,2016-06-17 14:06:00+00:00,1289.49408,1289.7873599999998,1286.59,2016-06-17 14:07:00+00:00,1289.7873599999998,SL,1,-1.0,-1.5574877250411676
2016-06-20,setup_or_fib_XAUUSD_20160620_SELL,SHORT,1284.44,1282.91,1.5299999999999727,1.957471013377128,2016-06-20 13:46:00+00:00,1281.33,2016-06-20 14:03:00+00:00,1283.85554,1284.14318,1281.33,2016-06-20 14:09:00+00:00,1281.33,TP,6,8.780211375330278,8.211792518425835
2016-06-21,setup_or_fib_XAUUSD_20160621_BUY,LONG,1275.19,1271.32,3.8700000000001182,2.276368119436312,2016-06-21 14:34:00+00:00,1275.69,2016-06-21 14:45:00+00:00,1272.79834,1272.07078,1275.69,2016-06-21 14:46:00+00:00,1272.07078,SL,1,-1.0,-1.2247237341250083
2016-06-22,setup_or_fib_XAUUSD_20160622_SELL,SHORT,1268.52,1266.79,1.7300000000000182,1.5103844348031061,2016-06-22 13:45:00+00:00,1263.66,2016-06-22 14:38:00+00:00,1267.85914,1268.18438,1263.66,2016-06-22 14:39:00+00:00,1268.18438,SL,1,-1.0,-1.5027056942567123
2016-06-23,setup_or_fib_XAUUSD_20160623_SELL,SHORT,1261.03,1259.06,1.9700000000000273,2.2897279327497952,2016-06-23 13:55:00+00:00,1258.13,2016-06-23 14:01:00+00:00,1260.27746,1260.6478200000001,1258.13,2016-06-23 14:07:00+00:00,1260.6478200000001,SL,6,-1.0,-1.441462360945965
2016-06-24,setup_or_fib_XAUUSD_20160624_BUY,LONG,1324.92,1321.35,3.5700000000001637,6.0834946330385336,2016-06-24 13:52:00+00:00,1331.63,2016-06-24 14:31:00+00:00,1322.71374,1322.0425799999998,1331.63,2016-06-24 14:33:00+00:00,1322.0425799999998,SL,2,-1.0,-1.2436080815304482
2016-06-27,setup_or_fib_XAUUSD_20160627_BUY,LONG,1330.09,1327.93,2.1599999999998545,2.4183799188574717,2016-06-27 13:46:00+00:00,1330.79,2016-06-27 13:51:00+00:00,1328.75512,1328.34904,1330.79,2016-06-27 13:51:00+00:00,1328.34904,SL,0,-1.0,-1.4026300236406872
2016-06-28,setup_or_fib_XAUUSD_20160628_SELL,SHORT,1315.39,1312.21,3.1800000000000637,1.9845824623378006,2016-06-28 14:01:00+00:00,1311.43,2016-06-28 14:09:00+00:00,1314.17524,1314.77308,1311.43,2016-06-28 14:10:00+00:00,1314.77308,SL,1,-1.0,-1.273484544359738
2016-06-29,setup_or_fib_XAUUSD_20160629_BUY,LONG,1321.82,1319.59,2.230000000000018,1.7315276312934609,2016-06-29 13:45:00+00:00,1323.24,2016-06-29 14:05:00+00:00,1320.44186,1320.02262,1323.24,2016-06-29 14:18:00+00:00,1320.02262,SL,13,-1.0,-1.3899914130331585
2016-06-30,setup_or_fib_XAUUSD_20160630_BUY,LONG,1319.91,1316.92,2.990000000000009,1.7473621619028505,2016-06-30 14:32:00+00:00,1322.19,2016-06-30 15:11:00+00:00,1318.0621800000001,1317.50006,1322.19,2016-06-30 15:14:00+00:00,1317.50006,SL,3,-1.0,-1.2908631608908872
2016-07-01,setup_or_fib_XAUUSD_20160701_BUY,LONG,1334.68,1333.75,0.9300000000000637,2.011194966078737,2016-07-01 13:46:00+00:00,1336.7,2016-07-01 14:01:00+00:00,1334.10526,1333.93042,1336.7,2016-07-01 14:01:00+00:00,1333.93042,SL,0,-1.0,-1.935140700067933
2016-07-04,setup_or_fib_XAUUSD_20160704_BUY,LONG,1352.07,1350.07,2.0,2.195715287979998,2016-07-04 13:50:00+00:00,1352.78,2016-07-04 14:00:00+00:00,1350.8339999999998,1350.458,1352.78,2016-07-04 14:01:00+00:00,1350.458,SL,1,-1.0,-1.4348404255322051
2016-07-05,setup_or_fib_XAUUSD_20160705_BUY,LONG,1347.49,1345.78,1.7100000000000364,1.8102048530931256,2016-07-05 13:51:00+00:00,1352.75,2016-07-05 15:39:00+00:00,1346.43322,1346.1117399999998,1352.75,2016-07-05 15:39:00+00:00,1346.1117399999998,SL,0,-1.0,-1.5085852930196806
2016-07-06,setup_or_fib_XAUUSD_20160706_BUY,LONG,1370.44,1367.28,3.160000000000082,2.20090136194188,2016-07-06 13:53:00+00:00,1371.72,2016-07-06 14:17:00+00:00,1368.48712,1367.89304,1371.72,2016-07-06 14:24:00+00:00,1367.89304,SL,7,-1.0,-1.2752154591973792
2016-07-11,setup_or_fib_XAUUSD_20160711_SELL,SHORT,1357.29,1354.61,2.6800000000000637,1.893280059590999,2016-07-11 13:47:00+00:00,1350.57,2016-07-11 14:30:00+00:00,1356.26624,1356.77008,1350.57,2016-07-11 14:30:00+00:00,1356.77008,SL,0,-1.0,-1.3245077802476448
2016-07-12,setup_or_fib_XAUUSD_20160712_BUY,LONG,1348.33,1346.82,1.509999999999991,2.0966734075169398,2016-07-12 14:02:00+00:00,1349.57,2016-07-12 14:13:00+00:00,1347.39682,1347.11294,1349.57,2016-07-12 14:14:00+00:00,1347.11294,SL,1,-1.0,-1.5759475834860739
2016-07-13,setup_or_fib_XAUUSD_20160713_SELL,SHORT,1343.02,1341.03,1.990000000000009,1.6356534145126704,2016-07-13 13:49:00+00:00,1338.72,2016-07-13 14:39:00+00:00,1342.25982,1342.63394,1338.72,2016-07-13 14:40:00+00:00,1342.63394,SL,1,-1.0,-1.4370255532984677
2016-07-14,setup_or_fib_XAUUSD_20160714_SELL,SHORT,1325.31,1322.8,2.509999999999991,2.5518677349668,2016-07-14 13:52:00+00:00,1320.44,2016-07-14 14:19:00+00:00,1324.3511799999999,1324.82306,1320.44,2016-07-14 14:44:00+00:00,1320.44,TP,25,8.288505552257714,7.9420191574116075
2016-07-19,setup_or_fib_XAUUSD_20160719_SELL,SHORT,1332.23,1329.87,2.3600000000001273,1.4750333145832504,2016-07-19 13:47:00+00:00,1327.72,2016-07-19 14:58:00+00:00,1331.32848,1331.77216,1327.72,2016-07-19 15:05:00+00:00,1331.77216,SL,7,-1.0,-1.368508835196467
2016-07-20,setup_or_fib_XAUUSD_20160720_SELL,SHORT,1318.81,1316.07,2.740000000000009,1.764033035464991,2016-07-20 13:46:00+00:00,1314.42,2016-07-20 14:13:00+00:00,1317.76332,1318.27844,1314.42,2016-07-20 14:29:00+00:00,1314.42,TP,16,6.490371175647985,6.172969405186748
2016-07-21,setup_or_fib_XAUUSD_20160721_BUY,LONG,1322.08,1319.5,2.5799999999999272,1.7929521304249012,2016-07-21 13:46:00+00:00,1322.58,2016-07-21 13:51:00+00:00,1320.48556,1320.00052,1322.58,2016-07-21 13:53:00+00:00,1320.00052,SL,2,-1.0,-1.3370856011875127
2016-07-22,setup_or_fib_XAUUSD_20160722_BUY,LONG,1324.27,1322.58,1.6900000000000546,1.853902424863979,2016-07-22 13:47:00+00:00,1326.29,2016-07-22 14:26:00+00:00,1323.22558,1322.90786,1326.29,2016-07-22 14:45:00+00:00,1322.90786,SL,19,-1.0,-1.5146040538839092
2016-07-26,setup_or_fib_XAUUSD_20160726_BUY,LONG,1320.42,1318.99,1.4300000000000637,1.539350197608691,2016-07-26 13:55:00+00:00,1322.38,2016-07-26 14:36:00+00:00,1319.53626,1319.26742,1322.38,2016-07-26 14:37:00+00:00,1319.26742,SL,1,-1.0,-1.6081684273169516
2016-08-01,setup_or_fib_XAUUSD_20160801_BUY,LONG,1348.65,1347.4,1.25,1.229530922251315,2016-08-01 13:46:00+00:00,1349.05,2016-08-01 13:59:00+00:00,1347.8775,1347.6425,1349.05,2016-08-01 13:59:00+00:00,1347.6425,SL,0,-1.0,-1.6957446808506869
2016-08-02,setup_or_fib_XAUUSD_20160802_BUY,LONG,1363.28,1359.75,3.5299999999999727,1.4722847375989543,2016-08-02 13:47:00+00:00,1364.48,2016-08-02 14:36:00+00:00,1361.09846,1360.43482,1364.48,2016-08-02 14:55:00+00:00,1364.48,TP,19,5.095443312639615,4.849074799590366
2016-08-04,setup_or_fib_XAUUSD_20160804_BUY,LONG,1363.68,1360.26,3.4200000000000728,2.145584542922451,2016-08-04 13:47:00+00:00,1364.93,2016-08-04 14:22:00+00:00,1361.56644,1360.92348,1364.93,2016-08-04 14:41:00+00:00,1360.92348,SL,19,-1.0,-1.2542926465098403
2016-08-08,setup_or_fib_XAUUSD_20160808_BUY,LONG,1336.17,1334.95,1.2200000000000273,1.3074573132629457,2016-08-08 14:01:00+00:00,1336.77,2016-08-08 14:10:00+00:00,1335.41604,1335.18668,1336.77,2016-08-08 14:10:00+00:00,1335.18668,SL,0,-1.0,-1.7128531566095648
2016-08-10,setup_or_fib_XAUUSD_20160810_BUY,LONG,1356.52,1354.98,1.5399999999999636,1.513400585162042,2016-08-10 14:01:00+00:00,1357.11,2016-08-10 14:05:00+00:00,1355.56828,1355.27876,1357.11,2016-08-10 14:10:00+00:00,1355.27876,SL,5,-1.0,-1.564727825366048
2016-08-11,setup_or_fib_XAUUSD_20160811_BUY,LONG,1347.19,1344.52,2.6700000000000728,1.4025359494928074,2016-08-11 14:01:00+00:00,1348.57,2016-08-11 14:36:00+00:00,1345.5399400000001,1345.03798,1348.57,2016-08-11 14:36:00+00:00,1345.03798,SL,0,-1.0,-1.3257231651924108
2016-08-17,setup_or_fib_XAUUSD_20160817_BUY,LONG,1344.55,1342.89,1.6599999999998545,1.325258298627735,2016-08-17 13:45:00+00:00,1345.07,2016-08-17 14:00:00+00:00,1343.52412,1343.21204,1345.07,2016-08-17 14:01:00+00:00,1345.07,TP,1,4.953473468338727,4.429569341192095
2016-08-18,setup_or_fib_XAUUSD_20160818_BUY,LONG,1352.09,1348.94,3.1499999999998636,1.6162986925797866,2016-08-18 14:43:00+00:00,1352.82,2016-08-18 14:59:00+00:00,1350.1433,1349.5511,1352.82,2016-08-18 15:01:00+00:00,1349.5511,SL,2,-1.0,-1.27608915906786
2016-08-22,setup_or_fib_XAUUSD_20160822_BUY,LONG,1337.88,1336.33,1.550000000000182,1.382536291777084,2016-08-22 14:09:00+00:00,1338.6,2016-08-22 14:25:00+00:00,1336.9221,1336.6307,1338.6,2016-08-22 14:25:00+00:00,1336.6307,SL,0,-1.0,-1.5610844200410516
2016-08-26,setup_or_fib_XAUUSD_20160826_BUY,LONG,1330.61,1326.19,4.419999999999845,1.063280991503125,2016-08-26 13:45:00+00:00,1333.13,2016-08-26 15:00:00+00:00,1327.87844,1327.04748,1333.13,2016-08-26 15:00:00+00:00,1327.04748,SL,0,-1.0,-1.196760373543852
2016-08-29,setup_or_fib_XAUUSD_20160829_BUY,LONG,1320.9,1318.57,2.3300000000001546,1.44867927196233,2016-08-29 13:54:00+00:00,1321.47,2016-08-29 14:18:00+00:00,1319.4600599999999,1319.02202,1321.47,2016-08-29 14:31:00+00:00,1321.47,TP,13,4.588485069859332,4.2152314857115725
2016-08-31,setup_or_fib_XAUUSD_20160831_SELL,SHORT,1311.84,1308.16,3.6799999999998363,0.9531765693487892,2016-08-31 13:46:00+00:00,1304.16,2016-08-31 14:43:00+00:00,1310.43424,1311.12608,1304.16,2016-08-31 14:44:00+00:00,1311.12608,SL,1,-1.0,-1.2363263182238817
2016-09-05,setup_or_fib_XAUUSD_20160905_BUY,LONG,1326.35,1325.55,0.7999999999999545,0.8635227829449978,2016-09-05 13:50:00+00:00,1326.51,2016-09-05 13:58:00+00:00,1325.8555999999999,1325.7051999999999,1326.51,2016-09-05 13:58:00+00:00,1325.7051999999999,SL,0,-1.0,-2.0871010638298557
2016-09-06,setup_or_fib_XAUUSD_20160906_BUY,LONG,1335.39,1333.92,1.4700000000000273,1.1383903491547565,2016-09-06 13:45:00+00:00,1335.81,2016-09-06 13:51:00+00:00,1334.48154,1334.2051800000002,1335.81,2016-09-06 13:51:00+00:00,1334.2051800000002,SL,0,-1.0,-1.5916196265743752
2016-09-07,setup_or_fib_XAUUSD_20160907_BUY,LONG,1350.5,1349.16,1.3399999999999181,1.1926243433282002,2016-09-07 13:46:00+00:00,1351.36,2016-09-07 14:12:00+00:00,1349.67188,1349.41996,1351.36,2016-09-07 14:12:00+00:00,1349.41996,SL,0,-1.0,-1.649015560494997
2016-09-08,setup_or_fib_XAUUSD_20160908_BUY,LONG,1347.03,1343.86,3.1700000000000728,1.1741469135948146,2016-09-08 13:46:00+00:00,1348.02,2016-09-08 13:53:00+00:00,1345.0709399999998,1344.47498,1348.02,2016-09-08 14:05:00+00:00,1344.47498,SL,12,-1.0,-1.274347271629025
2016-09-12,setup_or_fib_XAUUSD_20160912_SELL,SHORT,1325.96,1324.0,1.9600000000000364,1.6288970853918232,2016-09-12 14:29:00+00:00,1321.8,2016-09-12 15:00:00+00:00,1325.21128,1325.57976,1321.8,2016-09-12 15:02:00+00:00,1325.57976,SL,2,-1.0,-1.4437147199304166
2016-09-13,setup_or_fib_XAUUSD_20160913_SELL,SHORT,1325.12,1322.98,2.1399999999998727,1.3673221890546428,2016-09-13 13:46:00+00:00,1322.13,2016-09-13 13:54:00+00:00,1324.30252,1324.7048399999999,1322.13,2016-09-13 14:00:00+00:00,1324.7048399999999,SL,6,-1.0,-1.4063929210579473
2016-09-14,setup_or_fib_XAUUSD_20160914_SELL,SHORT,1322.27,1320.28,1.990000000000009,1.124421535213503,2016-09-14 14:07:00+00:00,1319.43,2016-09-14 14:27:00+00:00,1321.50982,1321.88394,1319.43,2016-09-14 14:30:00+00:00,1321.88394,SL,3,-1.0,-1.4370255532984677
2016-09-16,setup_or_fib_XAUUSD_20160916_SELL,SHORT,1313.91,1308.66,5.25,1.1447169132387927,2016-09-16 14:19:00+00:00,1306.14,2016-09-16 15:51:00+00:00,1311.9045,1312.8915000000002,1306.14,2016-09-16 16:00:00+00:00,1310.4,TIME,9,1.5243161094223763,1.3586626139816602
2016-09-19,setup_or_fib_XAUUSD_20160919_BUY,LONG,1315.17,1312.01,3.160000000000082,1.206507257519735,2016-09-19 14:18:00+00:00,1316.65,2016-09-19 15:52:00+00:00,1313.21712,1312.62304,1316.65,2016-09-19 16:00:00+00:00,1313.57,TIME,8,0.5939940748718495,0.31877861567447036
2016-09-20,setup_or_fib_XAUUSD_20160920_SELL,SHORT,1316.07,1313.35,2.7200000000000273,0.6924327716337412,2016-09-20 14:20:00+00:00,1311.94,2016-09-20 15:50:00+00:00,1315.0309599999998,1315.54232,1311.94,2016-09-20 16:00:00+00:00,1313.95,TIME,10,2.1138923654555786,1.7941567584469396
2016-09-22,setup_or_fib_XAUUSD_20160922_BUY,LONG,1337.67,1335.85,1.8200000000001637,1.2348564630926244,2016-09-22 14:31:00+00:00,1338.42,2016-09-22 14:37:00+00:00,1336.54524,1336.20308,1338.42,2016-09-22 14:53:00+00:00,1338.42,TP,16,5.47919102174591,5.001344400282158
2016-09-27,setup_or_fib_XAUUSD_20160927_BUY,LONG,1333.26,1331.46,1.7999999999999545,1.5315123667073363,2016-09-27 13:58:00+00:00,1333.37,2016-09-27 14:02:00+00:00,1332.1476,1331.8092,1333.37,2016-09-27 14:02:00+00:00,1331.8092,SL,0,-1.0,-1.4831560283686624
2016-09-29,setup_or_fib_XAUUSD_20160929_BUY,LONG,1320.11,1316.38,3.729999999999791,1.0519371971820768,2016-09-29 14:47:00+00:00,1321.96,2016-09-29 15:55:00+00:00,1317.80486,1317.10362,1321.96,2016-09-29 16:00:00+00:00,1318.21,TIME,5,0.5777479892763515,0.3445895841653622
2016-09-30,setup_or_fib_XAUUSD_20160930_BUY,LONG,1325.87,1322.19,3.6799999999998363,1.1657363493465658,2016-09-30 13:45:00+00:00,1327.97,2016-09-30 14:46:00+00:00,1323.59576,1322.90392,1327.97,2016-09-30 14:46:00+00:00,1322.90392,SL,0,-1.0,-1.2363263182238817
2016-10-10,setup_or_fib_XAUUSD_20161010_BUY,LONG,1259.2,1257.67,1.5299999999999727,1.255200495251609,2016-10-10 13:48:00+00:00,1262.14,2016-10-10 15:13:00+00:00,1258.25446,1257.96682,1262.14,2016-10-10 15:14:00+00:00,1257.96682,SL,1,-1.0,-1.5684188569044435
2016-10-11,setup_or_fib_XAUUSD_20161011_SELL,SHORT,1257.06,1255.02,2.0399999999999636,1.450823304961234,2016-10-11 13:47:00+00:00,1254.76,2016-10-11 14:06:00+00:00,1256.28072,1256.6642399999998,1254.76,2016-10-11 14:15:00+00:00,1256.6642399999998,SL,9,-1.0,-1.426314142678501
2016-10-12,setup_or_fib_XAUUSD_20161012_BUY,LONG,1253.93,1252.26,1.6700000000000728,1.2696448085131604,2016-10-12 14:05:00+00:00,1258.82,2016-10-12 15:50:00+00:00,1252.89794,1252.5839799999999,1258.82,2016-10-12 15:53:00+00:00,1252.5839799999999,SL,3,-1.0,-1.5207669766846308
2016-10-19,setup_or_fib_XAUUSD_20161019_SELL,SHORT,1271.7,1270.18,1.5199999999999818,1.2166410699417933,2016-10-19 13:48:00+00:00,1268.69,2016-10-19 14:38:00+00:00,1271.1193600000001,1271.4051200000001,1268.69,2016-10-19 14:38:00+00:00,1271.4051200000001,SL,0,-1.0,-1.5721584546472924
2016-10-20,setup_or_fib_XAUUSD_20161020_SELL,SHORT,1272.43,1268.99,3.4400000000000546,0.8995029580928711,2016-10-20 13:45:00+00:00,1268.17,2016-10-20 14:03:00+00:00,1271.11592,1271.7626400000001,1268.17,2016-10-20 14:18:00+00:00,1271.7626400000001,SL,15,-1.0,-1.2528142008905752
2016-10-21,setup_or_fib_XAUUSD_20161021_BUY,LONG,1266.2,1265.38,0.8199999999999363,1.0332319875502347,2016-10-21 13:47:00+00:00,1266.79,2016-10-21 13:54:00+00:00,1265.69,1265.53908,1266.79,2016-10-21 13:58:00+00:00,1266.79,TP,4,7.288629737606703,6.20527431751689
2016-10-24,setup_or_fib_XAUUSD_20161024_BUY,LONG,1271.25,1265.58,5.670000000000073,1.249409044129703,2016-10-24 14:01:00+00:00,1271.81,2016-10-24 14:57:00+00:00,1267.74594,1266.67998,1271.81,2016-10-24 14:59:00+00:00,1266.67998,SL,2,-1.0,-1.1533828661488046
2016-10-25,setup_or_fib_XAUUSD_20161025_SELL,SHORT,1270.92,1269.71,1.2100000000000364,0.9721172434665653,2016-10-25 13:52:00+00:00,1266.81,2016-10-25 15:41:00+00:00,1270.45778,1270.6852600000002,1266.81,2016-10-25 15:45:00+00:00,1270.6852600000002,SL,4,-1.0,-1.7187445050106667
2016-10-26,setup_or_fib_XAUUSD_20161026_BUY,LONG,1271.74,1270.82,0.9200000000000728,1.0991424664834468,2016-10-26 13:45:00+00:00,1271.84,2016-10-26 13:47:00+00:00,1271.17144,1270.99848,1271.84,2016-10-26 13:54:00+00:00,1270.99848,SL,7,-1.0,-1.9453052728949052
2016-10-31,setup_or_fib_XAUUSD_20161031_BUY,LONG,1273.82,1272.65,1.1699999999998454,1.0126848774373531,2016-10-31 13:47:00+00:00,1274.34,2016-10-31 13:59:00+00:00,1273.0969400000001,1272.87698,1274.34,2016-10-31 14:00:00+00:00,1272.87698,SL,1,-1.0,-1.7433169667207886
2016-11-01,setup_or_fib_XAUUSD_20161101_BUY,LONG,1287.37,1285.95,1.4199999999998454,1.3278902195329472,2016-11-01 13:47:00+00:00,1288.24,2016-11-01 13:55:00+00:00,1286.49244,1286.22548,1288.24,2016-11-01 13:55:00+00:00,1286.22548,SL,0,-1.0,-1.6124513035662462
2016-11-02,setup_or_fib_XAUUSD_20161102_SELL,SHORT,1299.43,1298.11,1.3200000000001637,1.2678285220841217,2016-11-02 13:50:00+00:00,1296.65,2016-11-02 14:42:00+00:00,1298.92576,1299.17392,1296.65,2016-11-02 14:43:00+00:00,1299.17392,SL,1,-1.0,-1.6588491295941536
2016-11-03,setup_or_fib_XAUUSD_20161103_BUY,LONG,1293.81,1290.65,3.1599999999998545,2.2144630335777493,2016-11-03 14:02:00+00:00,1295.72,2016-11-03 14:16:00+00:00,1291.8571200000001,1291.26304,1295.72,2016-11-03 14:52:00+00:00,1295.72,TP,36,6.502289253971533,6.227073794774154
2016-11-07,setup_or_fib_XAUUSD_20161107_SELL,SHORT,1287.11,1285.62,1.490000000000009,1.5179648426506949,2016-11-07 15:07:00+00:00,1285.32,2016-11-07 15:18:00+00:00,1286.54082,1286.8209399999998,1285.32,2016-11-07 15:19:00+00:00,1286.8209399999998,SL,1,-1.0,-1.583678423532986
2016-11-08,setup_or_fib_XAUUSD_20161108_SELL,SHORT,1280.93,1280.02,0.9100000000000819,1.1354987160990127,2016-11-08 14:53:00+00:00,1279.77,2016-11-08 15:02:00+00:00,1280.58238,1280.7534600000001,1279.77,2016-11-08 15:02:00+00:00,1280.7534600000001,SL,0,-1.0,-1.9556932429268694
2016-11-11,setup_or_fib_XAUUSD_20161111_SELL,SHORT,1261.68,1258.58,3.1000000000001364,2.4959554324438997,2016-11-11 14:45:00+00:00,1257.95,2016-11-11 14:50:00+00:00,1260.4958,1261.0785999999998,1257.95,2016-11-11 14:52:00+00:00,1257.95,TP,2,4.368222374743103,4.087680164722467
2016-11-15,setup_or_fib_XAUUSD_20161115_SELL,SHORT,1227.66,1221.73,5.930000000000064,2.2358012969497514,2016-11-15 14:50:00+00:00,1218.77,2016-11-15 15:44:00+00:00,1225.39474,1226.5095800000001,1218.77,2016-11-15 15:45:00+00:00,1226.5095800000001,SL,1,-1.0,-1.1466578163682437
2016-11-16,setup_or_fib_XAUUSD_20161116_BUY,LONG,1228.27,1225.08,3.1900000000000546,1.7279798922898228,2016-11-16 14:53:00+00:00,1229.97,2016-11-16 16:21:00+00:00,1226.29858,1225.69886,1229.97,2016-11-16 16:28:00+00:00,1225.69886,SL,7,-1.0,-1.2726272260388483
2016-11-17,setup_or_fib_XAUUSD_20161117_SELL,SHORT,1227.78,1223.57,4.210000000000036,1.7070023961937817,2016-11-17 14:45:00+00:00,1222.62,2016-11-17 15:22:00+00:00,1226.17178,1226.96326,1222.62,2016-11-17 16:03:00+00:00,1226.96326,SL,41,-1.0,-1.206575024005636
2016-11-18,setup_or_fib_XAUUSD_20161118_SELL,SHORT,1215.47,1211.57,3.900000000000091,2.2885407857947637,2016-11-18 14:46:00+00:00,1209.97,2016-11-18 15:39:00+00:00,1213.9802,1214.7134,1209.97,2016-11-18 16:09:00+00:00,1209.97,TP,30,5.469448990724578,5.246453900708249
2016-11-21,setup_or_fib_XAUUSD_20161121_BUY,LONG,1214.55,1213.07,1.4800000000000182,1.4536974576280994,2016-11-21 14:49:00+00:00,1214.68,2016-11-21 15:00:00+00:00,1213.63536,1213.35712,1214.68,2016-11-21 15:04:00+00:00,1213.35712,SL,4,-1.0,-1.5876221966645467
2016-11-22,setup_or_fib_XAUUSD_20161122_BUY,LONG,1215.18,1213.0,2.1800000000000637,1.4199604535333523,2016-11-22 15:13:00+00:00,1215.6,2016-11-22 15:21:00+00:00,1213.83276,1213.42292,1215.6,2016-11-22 15:24:00+00:00,1213.42292,SL,3,-1.0,-1.3989361702127359
2016-11-24,setup_or_fib_XAUUSD_20161124_BUY,LONG,1186.59,1185.37,1.2200000000000273,1.7714102062266934,2016-11-24 14:50:00+00:00,1187.62,2016-11-24 15:06:00+00:00,1185.83604,1185.6066799999999,1187.62,2016-11-24 17:00:00+00:00,1185.87,TIME,114,0.14806417858376716,-0.5647889780257975
2016-11-25,setup_or_fib_XAUUSD_20161125_SELL,SHORT,1188.12,1186.36,1.759999999999991,2.132802714006172,2016-11-25 14:47:00+00:00,1185.51,2016-11-25 14:59:00+00:00,1187.44768,1187.77856,1185.51,2016-11-25 15:08:00+00:00,1187.77856,SL,9,-1.0,-1.4941368471953889
2016-11-28,setup_or_fib_XAUUSD_20161128_SELL,SHORT,1189.5,1187.77,1.7300000000000182,2.087640375078777,2016-11-28 14:46:00+00:00,1186.25,2016-11-28 15:17:00+00:00,1188.83914,1189.16438,1186.25,2016-11-28 15:33:00+00:00,1186.25,TP,16,7.960705940231474,7.458000245974762
2016-11-29,setup_or_fib_XAUUSD_20161129_SELL,SHORT,1183.36,1181.35,2.009999999999991,1.5771543591954023,2016-11-29 14:47:00+00:00,1180.98,2016-11-29 14:51:00+00:00,1182.5921799999999,1182.9700599999999,1180.98,2016-11-29 14:52:00+00:00,1182.9700599999999,SL,1,-1.0,-1.4326770403302582
2016-12-01,setup_or_fib_XAUUSD_20161201_BUY,LONG,1170.86,1168.33,2.5299999999999727,1.754605773716032,2016-12-01 14:53:00+00:00,1171.73,2016-12-01 15:07:00+00:00,1169.29646,1168.82082,1171.73,2016-12-01 15:07:00+00:00,1168.82082,SL,0,-1.0,-1.343747371961907
2016-12-02,setup_or_fib_XAUUSD_20161202_SELL,SHORT,1175.75,1169.09,6.660000000000082,1.6195633129198694,2016-12-02 14:48:00+00:00,1166.6,2016-12-02 15:02:00+00:00,1173.20588,1174.45796,1166.6,2016-12-02 15:15:00+00:00,1174.45796,SL,13,-1.0,-1.1305827103699466
2016-12-05,setup_or_fib_XAUUSD_20161205_BUY,LONG,1166.87,1164.34,2.5299999999999727,2.002651304851224,2016-12-05 15:08:00+00:00,1168.01,2016-12-05 15:37:00+00:00,1165.30646,1164.83082,1168.01,2016-12-05 15:41:00+00:00,1164.83082,SL,4,-1.0,-1.343747371961907
2016-12-06,setup_or_fib_XAUUSD_20161206_SELL,SHORT,1173.14,1171.38,1.759999999999991,1.3932807233684745,2016-12-06 14:53:00+00:00,1169.42,2016-12-06 15:31:00+00:00,1172.4676800000002,1172.7985600000002,1169.42,2016-12-06 15:32:00+00:00,1172.7985600000002,SL,1,-1.0,-1.4941368471953889
2016-12-08,setup_or_fib_XAUUSD_20161208_BUY,LONG,1172.59,1169.4,3.189999999999827,1.8931090144991507,2016-12-08 14:59:00+00:00,1175.14,2016-12-08 15:40:00+00:00,1170.61858,1170.0188600000001,1175.14,2016-12-08 15:42:00+00:00,1170.0188600000001,SL,2,-1.0,-1.2726272260388483
2016-12-12,setup_or_fib_XAUUSD_20161212_BUY,LONG,1160.84,1157.55,3.2899999999999636,1.6687503687658365,2016-12-12 15:15:00+00:00,1162.16,2016-12-12 15:45:00+00:00,1158.80678,1158.18826,1162.16,2016-12-12 16:00:00+00:00,1158.18826,SL,15,-1.0,-1.2643406842139346
2016-12-15,setup_or_fib_XAUUSD_20161215_BUY,LONG,1131.13,1128.01,3.1200000000001182,2.112069754816899,2016-12-15 14:56:00+00:00,1132.26,2016-12-15 15:17:00+00:00,1129.20184,1128.61528,1132.26,2016-12-15 15:18:00+00:00,1128.61528,SL,1,-1.0,-1.278743862520476
2016-12-16,setup_or_fib_XAUUSD_20161216_BUY,LONG,1133.67,1132.53,1.1400000000001,1.228266927199322,2016-12-16 14:45:00+00:00,1134.74,2016-12-16 15:14:00+00:00,1132.96548,1132.75116,1134.74,2016-12-16 15:29:00+00:00,1132.75116,SL,15,-1.0,-1.7628779395295209
2016-12-21,setup_or_fib_XAUUSD_20161221_BUY,LONG,1135.9,1134.59,1.3100000000001728,1.050581190430855,2016-12-21 14:59:00+00:00,1137.01,2016-12-21 15:41:00+00:00,1135.09042,1134.84414,1137.01,2016-12-21 15:45:00+00:00,1134.84414,SL,4,-1.0,-1.6638785122622775
2016-12-22,setup_or_fib_XAUUSD_20161222_SELL,SHORT,1131.26,1128.4,2.8599999999999,0.9153353351616569,2016-12-22 14:46:00+00:00,1127.73,2016-12-22 15:14:00+00:00,1130.16748,1130.70516,1127.73,2016-12-22 15:41:00+00:00,1130.70516,SL,27,-1.0,-1.304084213658733
2016-12-23,setup_or_fib_XAUUSD_20161223_SELL,SHORT,1131.48,1130.48,1.0,0.7047343948148469,2016-12-23 14:56:00+00:00,1129.53,2016-12-23 15:16:00+00:00,1131.098,1131.286,1129.53,2016-12-23 15:21:00+00:00,1131.286,SL,5,-1.0,-1.8696808510633587
2016-12-27,setup_or_fib_XAUUSD_20161227_SELL,SHORT,1142.01,1141.35,0.6600000000000819,1.009599903889857,2016-12-27 14:55:00+00:00,1141.31,2016-12-27 15:00:00+00:00,1141.75788,1141.8819600000002,1141.31,2016-12-27 15:01:00+00:00,1141.8819600000002,SL,1,-1.0,-2.3176982591846853
2016-12-28,setup_or_fib_XAUUSD_20161228_SELL,SHORT,1139.59,1138.24,1.349999999999909,0.8572593251998756,2016-12-28 15:23:00+00:00,1136.45,2016-12-28 15:43:00+00:00,1139.0743,1139.3281,1136.45,2016-12-28 15:43:00+00:00,1139.3281,SL,0,-1.0,-1.6442080378251718
2016-12-29,setup_or_fib_XAUUSD_20161229_BUY,LONG,1146.47,1144.87,1.6000000000001364,0.9567582179091756,2016-12-29 15:13:00+00:00,1146.73,2016-12-29 15:30:00+00:00,1145.4812,1145.1804,1146.73,2016-12-29 15:30:00+00:00,1145.1804,SL,0,-1.0,-1.5435505319149279
2016-12-30,setup_or_fib_XAUUSD_20161230_BUY,LONG,1156.95,1155.66,1.2899999999999636,1.2054484885445353,2016-12-30 14:52:00+00:00,1160.45,2016-12-30 16:32:00+00:00,1156.1527800000001,1155.91026,1160.45,2016-12-30 17:00:00+00:00,1157.16,TIME,28,4.153142008906096,3.4789708065310707
2017-01-03,setup_or_fib_XAUUSD_20170103_BUY,LONG,1150.74,1149.35,1.3900000000001,1.4489306287444361,2017-01-03 15:03:00+00:00,1150.92,2017-01-03 15:05:00+00:00,1149.88098,1149.6196599999998,1150.92,2017-01-03 15:07:00+00:00,1149.6196599999998,SL,2,-1.0,-1.6256696770241732
2017-01-04,setup_or_fib_XAUUSD_20170104_SELL,SHORT,1165.91,1164.34,1.5700000000001637,1.6203337761291547,2017-01-04 14:45:00+00:00,1162.96,2017-01-04 15:27:00+00:00,1165.31026,1165.60542,1162.96,2017-01-04 15:29:00+00:00,1165.60542,SL,2,-1.0,-1.5539368478111246
2017-01-09,setup_or_fib_XAUUSD_20170109_SELL,SHORT,1181.69,1180.38,1.3099999999999454,1.4273287993712762,2017-01-09 14:46:00+00:00,1180.27,2017-01-09 14:53:00+00:00,1181.18958,1181.43586,1180.27,2017-01-09 15:00:00+00:00,1180.27,TP,7,3.733880136429007,3.0700016241667294
2017-01-11,setup_or_fib_XAUUSD_20170111_BUY,LONG,1188.21,1186.94,1.2699999999999818,1.3371800141997345,2017-01-11 14:53:00+00:00,1188.62,2017-01-11 15:00:00+00:00,1187.42514,1187.18638,1188.62,2017-01-11 15:11:00+00:00,1187.18638,SL,11,-1.0,-1.6847880717039276
2017-01-12,setup_or_fib_XAUUSD_20170112_BUY,LONG,1202.72,1200.2,2.519999999999982,1.7901184765367353,2017-01-12 15:39:00+00:00,1205.86,2017-01-12 16:40:00+00:00,1201.16264,1200.68888,1205.86,2017-01-12 16:43:00+00:00,1200.68888,SL,3,-1.0,-1.345111448834792
2017-01-16,setup_or_fib_XAUUSD_20170116_SELL,SHORT,1203.68,1202.66,1.0199999999999818,1.266470786840345,2017-01-16 14:50:00+00:00,1201.73,2017-01-16 15:31:00+00:00,1203.29036,1203.4821200000001,1201.73,2017-01-16 15:32:00+00:00,1203.4821200000001,SL,1,-1.0,-1.8526282853559914
2017-01-20,setup_or_fib_XAUUSD_20170120_BUY,LONG,1203.56,1201.95,1.6099999999999,1.4016219953286817,2017-01-20 14:57:00+00:00,1204.13,2017-01-20 15:32:00+00:00,1202.56502,1202.26234,1204.13,2017-01-20 15:34:00+00:00,1202.26234,SL,2,-1.0,-1.540174441654536
2017-01-23,setup_or_fib_XAUUSD_20170123_SELL,SHORT,1215.46,1214.46,1.0,1.4644405799658071,2017-01-23 14:45:00+00:00,1209.19,2017-01-23 16:19:00+00:00,1215.078,1215.266,1209.19,2017-01-23 16:19:00+00:00,1215.266,SL,0,-1.0,-1.8696808510633587
2017-01-24,setup_or_fib_XAUUSD_20170124_BUY,LONG,1214.41,1213.42,0.9900000000000091,0.9577009026392584,2017-01-24 15:09:00+00:00,1214.65,2017-01-24 15:12:00+00:00,1213.79818,1213.6120600000002,1214.65,2017-01-24 15:16:00+00:00,1213.6120600000002,SL,4,-1.0,-1.8784655061258066
2017-01-26,setup_or_fib_XAUUSD_20170126_BUY,LONG,1190.27,1187.83,2.4400000000000546,1.75618675497378,2017-01-26 14:48:00+00:00,1190.82,2017-01-26 15:00:00+00:00,1188.76208,1188.3033599999999,1190.82,2017-01-26 15:01:00+00:00,1188.3033599999999,SL,1,-1.0,-1.3564265783047824
2017-01-27,setup_or_fib_XAUUSD_20170127_SELL,SHORT,1186.95,1181.76,5.190000000000055,1.340042754368323,2017-01-27 14:46:00+00:00,1180.48,2017-01-27 15:00:00+00:00,1184.96742,1185.94314,1180.48,2017-01-27 15:05:00+00:00,1185.94314,SL,5,-1.0,-1.1675685647521594
2017-01-30,setup_or_fib_XAUUSD_20170130_BUY,LONG,1193.01,1191.55,1.4600000000000364,1.075070202337089,2017-01-30 14:45:00+00:00,1194.21,2017-01-30 15:27:00+00:00,1192.10772,1191.83324,1194.21,2017-01-30 15:27:00+00:00,1191.83324,SL,0,-1.0,-1.5956718157970577
2017-02-02,setup_or_fib_XAUUSD_20170202_BUY,LONG,1224.89,1222.7,2.1900000000000546,1.6354058538260636,2017-02-02 14:47:00+00:00,1225.21,2017-02-02 14:53:00+00:00,1223.53658,1223.1248600000001,1225.21,2017-02-02 14:56:00+00:00,1223.1248600000001,SL,3,-1.0,-1.3971145438649244
2017-02-06,setup_or_fib_XAUUSD_20170206_SELL,SHORT,1229.85,1227.51,2.339999999999918,1.3204779485926315,2017-02-06 14:47:00+00:00,1227.22,2017-02-06 14:55:00+00:00,1228.9561199999998,1229.39604,1227.22,2017-02-06 14:57:00+00:00,1229.39604,SL,2,-1.0,-1.3716584833603944
2017-02-08,setup_or_fib_XAUUSD_20170208_SELL,SHORT,1240.59,1238.35,2.240000000000009,1.235816837732026,2017-02-08 14:46:00+00:00,1237.67,2017-02-08 15:06:00+00:00,1239.73432,1240.1554399999998,1237.67,2017-02-08 15:08:00+00:00,1240.1554399999998,SL,2,-1.0,-1.3882503799394437
2017-02-09,setup_or_fib_XAUUSD_20170209_BUY,LONG,1240.72,1238.61,2.1100000000001273,1.2995120167871734,2017-02-09 15:17:00+00:00,1244.44,2017-02-09 15:56:00+00:00,1239.41602,1239.0193399999998,1244.44,2017-02-09 15:56:00+00:00,1239.0193399999998,SL,0,-1.0,-1.412171019461468
2017-02-10,setup_or_fib_XAUUSD_20170210_SELL,SHORT,1227.02,1225.36,1.6600000000000819,1.1896859794941346,2017-02-10 15:00:00+00:00,1223.85,2017-02-10 15:33:00+00:00,1226.38588,1226.69796,1223.85,2017-02-10 15:35:00+00:00,1226.69796,SL,2,-1.0,-1.5239041271470137
2017-02-17,setup_or_fib_XAUUSD_20170217_SELL,SHORT,1242.96,1241.53,1.4300000000000637,1.3383509805193903,2017-02-17 14:53:00+00:00,1241.05,2017-02-17 15:01:00+00:00,1242.41374,1242.6825800000001,1241.05,2017-02-17 15:08:00+00:00,1241.05,TP,7,5.072682636509015,4.464514209192063
2017-02-20,setup_or_fib_XAUUSD_20170220_SELL,SHORT,1238.89,1237.92,0.9700000000000273,0.7916154021690004,2017-02-20 14:49:00+00:00,1237.43,2017-02-20 15:00:00+00:00,1238.51946,1238.70182,1237.43,2017-02-20 15:00:00+00:00,1238.70182,SL,0,-1.0,-1.896578196972937
2017-02-21,setup_or_fib_XAUUSD_20170221_SELL,SHORT,1229.36,1228.56,0.7999999999999545,1.0689174061041606,2017-02-21 14:45:00+00:00,1226.04,2017-02-21 15:48:00+00:00,1229.0544,1229.2048,1226.04,2017-02-21 15:48:00+00:00,1229.2048,SL,0,-1.0,-2.0871010638298557
2017-02-22,setup_or_fib_XAUUSD_20170222_BUY,LONG,1239.68,1238.52,1.1600000000000819,1.1086889913097404,2017-02-22 14:45:00+00:00,1240.31,2017-02-22 14:55:00+00:00,1238.9631200000001,1238.74504,1240.31,2017-02-22 14:56:00+00:00,1238.74504,SL,1,-1.0,-1.7497248716064062
2017-02-23,setup_or_fib_XAUUSD_20170223_BUY,LONG,1248.04,1245.75,2.2899999999999636,1.412164120701697,2017-02-23 14:52:00+00:00,1248.86,2017-02-23 15:10:00+00:00,1246.6247799999999,1246.19426,1248.86,2017-02-23 15:40:00+00:00,1248.86,TP,30,5.191907460746562,4.812134163338677
2017-02-24,setup_or_fib_XAUUSD_20170224_BUY,LONG,1259.49,1258.6,0.8900000000001,1.1401730778316501,2017-02-24 14:51:00+00:00,1260.05,2017-02-24 15:07:00+00:00,1258.9399799999999,1258.7726599999999,1260.05,2017-02-24 15:08:00+00:00,1258.7726599999999,SL,1,-1.0,-1.9771694955772323
2017-02-28,setup_or_fib_XAUUSD_20170228_BUY,LONG,1256.0,1253.55,2.4500000000000455,1.1140869322993527,2017-02-28 14:54:00+00:00,1257.41,2017-02-28 15:44:00+00:00,1254.4859,1254.0253,1257.41,2017-02-28 15:44:00+00:00,1254.0253,SL,0,-1.0,-1.3549717759445083
2017-03-01,setup_or_fib_XAUUSD_20170301_SELL,SHORT,1242.34,1240.7,1.6399999999998727,1.510516424082587,2017-03-01 14:48:00+00:00,1236.86,2017-03-01 15:59:00+00:00,1241.71352,1242.0218399999999,1236.86,2017-03-01 15:59:00+00:00,1242.0218399999999,SL,0,-1.0,-1.5302932018684179
2017-03-02,setup_or_fib_XAUUSD_20170302_BUY,LONG,1240.13,1235.34,4.790000000000191,1.227924070504441,2017-03-02 14:52:00+00:00,1240.47,2017-03-02 15:04:00+00:00,1237.16978,1236.2692599999998,1240.47,2017-03-02 15:25:00+00:00,1236.2692599999998,SL,21,-1.0,-1.1815617643139233
2017-03-09,setup_or_fib_XAUUSD_20170309_SELL,SHORT,1207.58,1205.75,1.8299999999999272,1.2386812519199903,2017-03-09 14:48:00+00:00,1204.77,2017-03-09 14:58:00+00:00,1206.88094,1207.22498,1204.77,2017-03-09 15:00:00+00:00,1207.22498,SL,2,-1.0,-1.4752354377398669
2017-03-13,setup_or_fib_XAUUSD_20170313_BUY,LONG,1204.36,1202.87,1.490000000000009,1.1270903880441774,2017-03-13 14:11:00+00:00,1204.85,2017-03-13 14:24:00+00:00,1203.4391799999999,1203.15906,1204.85,2017-03-13 14:31:00+00:00,1203.15906,SL,7,-1.0,-1.583678423532986
2017-03-14,setup_or_fib_XAUUSD_20170314_SELL,SHORT,1205.79,1204.39,1.3999999999998636,0.9970412023940061,2017-03-14 13:46:00+00:00,1201.78,2017-03-14 15:08:00+00:00,1205.2552,1205.5184,1201.78,2017-03-14 15:16:00+00:00,1205.5184,SL,8,-1.0,-1.621200607903043
2017-03-15,setup_or_fib_XAUUSD_20170315_BUY,LONG,1199.83,1198.64,1.1899999999998272,1.010163404312733,2017-03-15 13:59:00+00:00,1202.22,2017-03-15 15:03:00+00:00,1199.09458,1198.8708600000002,1202.22,2017-03-15 15:04:00+00:00,1198.8708600000002,SL,1,-1.0,-1.7308242445923352
2017-03-16,setup_or_fib_XAUUSD_20170316_BUY,LONG,1231.87,1230.56,1.3099999999999454,1.575648623644368,2017-03-16 13:48:00+00:00,1232.75,2017-03-16 13:57:00+00:00,1231.06042,1230.81414,1232.75,2017-03-16 13:59:00+00:00,1230.81414,SL,2,-1.0,-1.6638785122622775
2017-03-17,setup_or_fib_XAUUSD_20170317_BUY,LONG,1229.6,1228.47,1.1299999999998818,1.1616198953756651,2017-03-17 13:48:00+00:00,1231.32,2017-03-17 14:25:00+00:00,1228.90166,1228.68922,1231.32,2017-03-17 15:00:00+00:00,1231.32,TP,35,11.383637733005894,10.614008661268047
2017-03-20,setup_or_fib_XAUUSD_20170320_BUY,LONG,1232.17,1230.71,1.4600000000000364,0.8205456167393668,2017-03-20 13:45:00+00:00,1233.11,2017-03-20 14:50:00+00:00,1231.26772,1230.99324,1233.11,2017-03-20 15:00:00+00:00,1230.99324,SL,10,-1.0,-1.5956718157970577
2017-03-22,setup_or_fib_XAUUSD_20170322_BUY,LONG,1247.36,1246.49,0.8699999999998909,1.010519100093914,2017-03-22 13:46:00+00:00,1249.3,2017-03-22 14:35:00+00:00,1246.82234,1246.65878,1249.3,2017-03-22 14:35:00+00:00,1246.65878,SL,0,-1.0,-1.9996331621425698
2017-03-23,setup_or_fib_XAUUSD_20170323_BUY,LONG,1250.7,1248.78,1.9200000000000728,0.9659716500797868,2017-03-23 13:45:00+00:00,1253.22,2017-03-23 14:37:00+00:00,1249.51344,1249.15248,1253.22,2017-03-23 14:37:00+00:00,1249.15248,SL,0,-1.0,-1.4529587765957732
2017-03-24,setup_or_fib_XAUUSD_20170324_SELL,SHORT,1245.91,1244.49,1.4200000000000728,0.925634551569357,2017-03-24 14:30:00+00:00,1243.35,2017-03-24 14:45:00+00:00,1245.3675600000001,1245.63452,1243.35,2017-03-24 14:46:00+00:00,1245.63452,SL,1,-1.0,-1.6124513035662462
2017-03-27,setup_or_fib_XAUUSD_20170327_SELL,SHORT,1258.82,1258.01,0.8099999999999454,0.7604725421951978,2017-03-27 13:46:00+00:00,1257.61,2017-03-27 14:01:00+00:00,1258.51058,1258.66286,1257.61,2017-03-27 14:03:00+00:00,1258.66286,SL,2,-1.0,-2.0736800630416323
2017-03-28,setup_or_fib_XAUUSD_20170328_BUY,LONG,1257.75,1256.61,1.1400000000001,0.8580640586242805,2017-03-28 14:10:00+00:00,1258.13,2017-03-28 14:15:00+00:00,1257.04548,1256.83116,1258.13,2017-03-28 14:15:00+00:00,1256.83116,SL,0,-1.0,-1.7628779395295209
2017-03-29,setup_or_fib_XAUUSD_20170329_BUY,LONG,1253.4,1252.16,1.240000000000009,1.282502565676693,2017-03-29 13:50:00+00:00,1253.57,2017-03-29 13:59:00+00:00,1252.6336800000001,1252.4005600000003,1253.57,2017-03-29 14:00:00+00:00,1253.57,TP,1,4.016472203158508,3.315116678106646
2017-03-30,setup_or_fib_XAUUSD_20170330_SELL,SHORT,1250.34,1246.42,3.9199999999998454,0.8005504532611828,2017-03-30 14:13:00+00:00,1244.35,2017-03-30 14:35:00+00:00,1248.84256,1249.57952,1244.35,2017-03-30 14:36:00+00:00,1249.57952,SL,1,-1.0,-1.2218573599652767
2017-03-31,setup_or_fib_XAUUSD_20170331_SELL,SHORT,1241.83,1240.25,1.5799999999999272,0.8169462698286433,2017-03-31 13:47:00+00:00,1240.13,2017-03-31 13:59:00+00:00,1241.22644,1241.52348,1240.13,2017-03-31 14:06:00+00:00,1241.52348,SL,7,-1.0,-1.5504309183945475
2017-04-03,setup_or_fib_XAUUSD_20170403_SELL,SHORT,1247.58,1246.73,0.849999999999909,0.9241374962448542,2017-04-03 13:57:00+00:00,1245.55,2017-04-03 14:32:00+00:00,1247.2553,1247.4151,1245.55,2017-04-03 14:32:00+00:00,1247.4151,SL,0,-1.0,-2.023153942428645
2017-04-05,setup_or_fib_XAUUSD_20170405_BUY,LONG,1249.99,1247.89,2.099999999999909,1.0930980017310392,2017-04-05 14:00:00+00:00,1250.46,2017-04-05 14:17:00+00:00,1248.6922,1248.2974000000002,1250.46,2017-04-05 14:19:00+00:00,1248.2974000000002,SL,2,-1.0,-1.4141337386020287
2017-04-06,setup_or_fib_XAUUSD_20170406_BUY,LONG,1253.42,1250.88,2.5399999999999636,0.9735150378584918,2017-04-06 14:47:00+00:00,1254.16,2017-04-06 15:36:00+00:00,1251.85028,1251.3727600000002,1254.16,2017-04-06 16:00:00+00:00,1252.55,TIME,24,1.4653208242586073,1.1229267884066436
2017-04-12,setup_or_fib_XAUUSD_20170412_SELL,SHORT,1276.07,1274.96,1.1099999999999,1.1241646029600716,2017-04-12 13:46:00+00:00,1274.36,2017-04-12 13:54:00+00:00,1275.64598,1275.85466,1274.36,2017-04-12 13:57:00+00:00,1275.85466,SL,3,-1.0,-1.7834962622198225
2017-04-13,setup_or_fib_XAUUSD_20170413_BUY,LONG,1287.12,1285.61,1.509999999999991,1.0489896006557293,2017-04-13 13:56:00+00:00,1287.83,2017-04-13 14:38:00+00:00,1286.18682,1285.90294,1287.83,2017-04-13 14:38:00+00:00,1285.90294,SL,0,-1.0,-1.5759475834860739
2017-04-17,setup_or_fib_XAUUSD_20170417_SELL,SHORT,1287.38,1285.99,1.3900000000001,0.9778177189370347,2017-04-17 13:55:00+00:00,1285.65,2017-04-17 14:10:00+00:00,1286.84902,1287.1103400000002,1285.65,2017-04-17 14:10:00+00:00,1287.1103400000002,SL,0,-1.0,-1.6256696770241732
2017-04-18,setup_or_fib_XAUUSD_20170418_SELL,SHORT,1285.76,1284.79,0.9700000000000273,1.1413238211776606,2017-04-18 13:45:00+00:00,1283.61,2017-04-18 14:15:00+00:00,1285.3894599999999,1285.57182,1283.61,2017-04-18 14:16:00+00:00,1285.57182,SL,1,-1.0,-1.896578196972937
2017-04-19,setup_or_fib_XAUUSD_20170419_BUY,LONG,1284.95,1283.94,1.009999999999991,1.0607002663342218,2017-04-19 13:58:00+00:00,1285.92,2017-04-19 14:13:00+00:00,1284.32582,1284.1359400000001,1285.92,2017-04-19 14:15:00+00:00,1284.1359400000001,SL,2,-1.0,-1.8610701495685893
2017-04-20,setup_or_fib_XAUUSD_20170420_BUY,LONG,1280.85,1279.77,1.0799999999999272,1.147511307629136,2017-04-20 13:54:00+00:00,1282.01,2017-04-20 13:57:00+00:00,1280.18256,1279.9795199999999,1282.01,2017-04-20 13:57:00+00:00,1279.9795199999999,SL,0,-1.0,-1.8052600472809237
2017-04-21,setup_or_fib_XAUUSD_20170421_SELL,SHORT,1283.01,1282.02,0.9900000000000091,1.0488866040523837,2017-04-21 13:57:00+00:00,1281.66,2017-04-21 14:01:00+00:00,1282.63182,1282.81794,1281.66,2017-04-21 14:02:00+00:00,1282.81794,SL,1,-1.0,-1.8784655061258066
2017-04-24,setup_or_fib_XAUUSD_20170424_SELL,SHORT,1271.09,1268.68,2.4099999999998545,1.2433381355109032,2017-04-24 14:31:00+00:00,1267.99,2017-04-24 14:36:00+00:00,1270.16938,1270.6224599999998,1267.99,2017-04-24 14:37:00+00:00,1270.6224599999998,SL,1,-1.0,-1.360863423678119
2017-04-25,setup_or_fib_XAUUSD_20170425_SELL,SHORT,1268.51,1266.93,1.5799999999999272,1.0155209794057618,2017-04-25 13:54:00+00:00,1265.35,2017-04-25 14:33:00+00:00,1267.90644,1268.2034800000001,1265.35,2017-04-25 14:33:00+00:00,1268.2034800000001,SL,0,-1.0,-1.5504309183945475
2017-04-26,setup_or_fib_XAUUSD_20170426_BUY,LONG,1263.96,1261.27,2.6900000000000546,1.0197191337884388,2017-04-26 13:54:00+00:00,1265.05,2017-04-26 14:33:00+00:00,1262.29758,1261.79186,1265.05,2017-04-26 16:00:00+00:00,1263.28,TIME,87,1.9426164676110789,1.6193150359887625
2017-04-27,setup_or_fib_XAUUSD_20170427_BUY,LONG,1264.72,1262.94,1.7799999999999727,1.0323823045188407,2017-04-27 13:52:00+00:00,1266.86,2017-04-27 14:38:00+00:00,1263.61996,1263.2853200000002,1266.86,2017-04-27 14:39:00+00:00,1263.2853200000002,SL,1,-1.0,-1.4885847477889482
2017-04-28,setup_or_fib_XAUUSD_20170428_SELL,SHORT,1267.68,1264.7,2.980000000000018,0.86587557866903,2017-04-28 14:10:00+00:00,1264.08,2017-04-28 14:38:00+00:00,1266.5416400000001,1267.1018800000002,1264.08,2017-04-28 14:39:00+00:00,1267.1018800000002,SL,1,-1.0,-1.2918392117663746
2017-05-01,setup_or_fib_XAUUSD_20170501_BUY,LONG,1265.03,1263.51,1.5199999999999818,0.7368141350708437,2017-05-01 13:53:00+00:00,1265.15,2017-05-01 14:01:00+00:00,1264.09064,1263.80488,1265.15,2017-05-01 14:04:00+00:00,1263.80488,SL,3,-1.0,-1.5721584546472924
2017-05-04,setup_or_fib_XAUUSD_20170504_SELL,SHORT,1231.18,1228.32,2.8600000000001273,1.1891702040127319,2017-05-04 13:45:00+00:00,1225.68,2017-05-04 15:02:00+00:00,1230.08748,1230.62516,1225.68,2017-05-04 15:02:00+00:00,1230.62516,SL,0,-1.0,-1.3040842136586044
2017-05-10,setup_or_fib_XAUUSD_20170510_BUY,LONG,1222.63,1221.28,1.3500000000001364,1.0534967296880526,2017-05-10 13:53:00+00:00,1225.32,2017-05-10 15:48:00+00:00,1221.7957000000001,1221.5419,1225.32,2017-05-10 15:50:00+00:00,1221.5419,SL,2,-1.0,-1.6442080378245947
2017-05-11,setup_or_fib_XAUUSD_20170511_SELL,SHORT,1222.36,1220.43,1.9299999999998363,0.9040881405126326,2017-05-11 13:50:00+00:00,1220.1,2017-05-11 14:01:00+00:00,1221.62274,1221.98558,1220.1,2017-05-11 14:01:00+00:00,1221.98558,SL,0,-1.0,-1.4506118399294385
2017-05-12,setup_or_fib_XAUUSD_20170512_BUY,LONG,1231.13,1227.7,3.4300000000000637,0.8692140505375998,2017-05-12 13:53:00+00:00,1231.69,2017-05-12 14:49:00+00:00,1229.01026,1228.36542,1231.69,2017-05-12 16:00:00+00:00,1230.54,TIME,71,2.3722783946407024,2.1187271261089466
2017-05-15,setup_or_fib_XAUUSD_20170515_BUY,LONG,1235.87,1233.94,1.9299999999998363,1.1870823342822312,2017-05-15 13:55:00+00:00,1237.27,2017-05-15 14:31:00+00:00,1234.67726,1234.31442,1237.27,2017-05-15 14:34:00+00:00,1234.31442,SL,3,-1.0,-1.4506118399294385
2017-05-16,setup_or_fib_XAUUSD_20170516_SELL,SHORT,1235.93,1234.49,1.4400000000000546,0.8401603944738586,2017-05-16 14:15:00+00:00,1234.27,2017-05-16 14:22:00+00:00,1235.37992,1235.65064,1234.27,2017-05-16 14:24:00+00:00,1234.27,TP,2,4.0998817966909415,3.4959367612299106
2017-05-19,setup_or_fib_XAUUSD_20170519_SELL,SHORT,1253.96,1252.96,1.0,1.3092090597597708,2017-05-19 13:58:00+00:00,1252.56,2017-05-19 14:02:00+00:00,1253.578,1253.766,1252.56,2017-05-19 14:07:00+00:00,1253.766,SL,5,-1.0,-1.8696808510633587
2017-05-22,setup_or_fib_XAUUSD_20170522_SELL,SHORT,1259.34,1257.94,1.3999999999998636,0.9526175163984586,2017-05-22 14:02:00+00:00,1256.6,2017-05-22 14:45:00+00:00,1258.8052,1259.0683999999999,1256.6,2017-05-22 14:50:00+00:00,1259.0683999999999,SL,5,-1.0,-1.621200607903043
2017-05-23,setup_or_fib_XAUUSD_20170523_BUY,LONG,1261.92,1260.3,1.6200000000001182,0.9359752641936655,2017-05-23 14:14:00+00:00,1263.18,2017-05-23 14:41:00+00:00,1260.91884,1260.61428,1263.18,2017-05-23 15:07:00+00:00,1260.61428,SL,26,-1.0,-1.5368400315208162
2017-05-24,setup_or_fib_XAUUSD_20170524_SELL,SHORT,1254.4,1252.82,1.5800000000001546,0.9762084227381309,2017-05-24 13:48:00+00:00,1251.33,2017-05-24 15:04:00+00:00,1253.79644,1254.09348,1251.33,2017-05-24 15:24:00+00:00,1254.09348,SL,20,-1.0,-1.550430918394969
2017-05-25,setup_or_fib_XAUUSD_20170525_BUY,LONG,1257.24,1254.51,2.730000000000018,0.924207636421712,2017-05-25 14:51:00+00:00,1257.5,2017-05-25 15:17:00+00:00,1255.55286,1255.03962,1257.5,2017-05-25 15:30:00+00:00,1255.03962,SL,13,-1.0,-1.3185644143090975
2017-05-26,setup_or_fib_XAUUSD_20170526_BUY,LONG,1267.38,1264.44,2.9400000000000546,1.2182692606813241,2017-05-26 13:45:00+00:00,1267.63,2017-05-26 14:02:00+00:00,1265.5630800000001,1265.01036,1267.63,2017-05-26 14:03:00+00:00,1265.01036,SL,1,-1.0,-1.2958098132869442
2017-05-29,setup_or_fib_XAUUSD_20170529_SELL,SHORT,1266.97,1266.52,0.4500000000000455,0.5293232830298821,2017-05-29 13:54:00+00:00,1266.43,2017-05-29 14:05:00+00:00,1266.7981,1266.8827,1266.43,2017-05-29 14:07:00+00:00,1266.8827,SL,2,-1.0,-2.9326241134720528
2017-05-31,setup_or_fib_XAUUSD_20170531_BUY,LONG,1267.08,1265.96,1.1199999999998909,0.9411332008520726,2017-05-31 13:55:00+00:00,1267.35,2017-05-31 13:58:00+00:00,1266.38784,1266.1772799999999,1267.35,2017-05-31 13:58:00+00:00,1266.1772799999999,SL,0,-1.0,-1.7765007598776297
2017-06-01,setup_or_fib_XAUUSD_20170601_BUY,LONG,1264.01,1262.36,1.650000000000091,1.2148856373662797,2017-06-01 13:52:00+00:00,1264.53,2017-06-01 14:02:00+00:00,1262.9903,1262.6801,1264.53,2017-06-01 14:08:00+00:00,1262.6801,SL,6,-1.0,-1.5270793036752264
2017-06-06,setup_or_fib_XAUUSD_20170606_BUY,LONG,1291.92,1290.64,1.2799999999999727,1.1680522897645746,2017-06-06 13:50:00+00:00,1294.91,2017-06-06 15:14:00+00:00,1291.12896,1290.8883200000002,1294.91,2017-06-06 15:15:00+00:00,1290.8883200000002,SL,1,-1.0,-1.6794381648943018
2017-06-07,setup_or_fib_XAUUSD_20170607_SELL,SHORT,1291.75,1290.9,0.849999999999909,1.1378230351076084,2017-06-07 14:07:00+00:00,1288.88,2017-06-07 14:50:00+00:00,1291.4253,1291.5851,1288.88,2017-06-07 14:50:00+00:00,1291.5851,SL,0,-1.0,-2.023153942428645
2017-06-08,setup_or_fib_XAUUSD_20170608_BUY,LONG,1283.58,1281.73,1.849999999999909,1.24803264635971,2017-06-08 13:49:00+00:00,1284.08,2017-06-08 14:06:00+00:00,1282.4367,1282.0889,1284.08,2017-06-08 14:31:00+00:00,1282.0889,SL,25,-1.0,-1.470097757331791
2017-06-12,setup_or_fib_XAUUSD_20170612_SELL,SHORT,1267.3,1266.25,1.0499999999999545,0.9452012039689323,2017-06-12 13:48:00+00:00,1263.51,2017-06-12 14:43:00+00:00,1266.8989,1267.0963,1263.51,2017-06-12 14:43:00+00:00,1267.0963,SL,0,-1.0,-1.8282674772035803
2017-06-13,setup_or_fib_XAUUSD_20170613_SELL,SHORT,1263.71,1260.71,3.0,0.8018931473967545,2017-06-13 14:06:00+00:00,1259.11,2017-06-13 14:36:00+00:00,1262.564,1263.128,1259.11,2017-06-13 15:05:00+00:00,1263.128,SL,29,-1.0,-1.2898936170213533
2017-06-16,setup_or_fib_XAUUSD_20170616_SELL,SHORT,1256.99,1254.24,2.75,0.779713152129275,2017-06-16 15:18:00+00:00,1253.89,2017-06-16 15:28:00+00:00,1255.9395,1256.4565,1253.89,2017-06-16 16:00:00+00:00,1255.06,TIME,32,1.701160541585914,1.384912959380917
2017-06-19,setup_or_fib_XAUUSD_20170619_BUY,LONG,1249.75,1248.34,1.4100000000000819,1.0209478046097438,2017-06-19 13:47:00+00:00,1250.03,2017-06-19 13:54:00+00:00,1248.87862,1248.61354,1250.03,2017-06-19 14:01:00+00:00,1250.03,TP,7,4.343518937680927,3.7267240078481865
2017-06-21,setup_or_fib_XAUUSD_20170621_SELL,SHORT,1244.15,1243.25,0.900000000000091,0.9981247732535035,2017-06-21 13:59:00+00:00,1240.78,2017-06-21 15:20:00+00:00,1243.8062,1243.9754,1240.78,2017-06-21 15:20:00+00:00,1243.9754,SL,0,-1.0,-1.966312056737325
2017-06-22,setup_or_fib_XAUUSD_20170622_BUY,LONG,1253.15,1251.23,1.9200000000000728,0.9607284076551948,2017-06-22 13:57:00+00:00,1253.98,2017-06-22 14:34:00+00:00,1251.96344,1251.60248,1253.98,2017-06-22 14:47:00+00:00,1251.60248,SL,13,-1.0,-1.4529587765957732
2017-06-27,setup_or_fib_XAUUSD_20170627_SELL,SHORT,1249.83,1248.77,1.0599999999999454,1.2605026293449044,2017-06-27 13:52:00+00:00,1248.47,2017-06-27 14:00:00+00:00,1249.42508,1249.6243599999998,1248.47,2017-06-27 14:00:00+00:00,1249.6243599999998,SL,0,-1.0,-1.8204536330798384
2017-06-28,setup_or_fib_XAUUSD_20170628_BUY,LONG,1252.49,1250.31,2.1800000000000637,1.2106588469842925,2017-06-28 14:20:00+00:00,1253.1,2017-06-28 14:31:00+00:00,1251.14276,1250.73292,1253.1,2017-06-28 14:35:00+00:00,1250.73292,SL,4,-1.0,-1.3989361702127359
2017-06-29,setup_or_fib_XAUUSD_20170629_SELL,SHORT,1245.66,1241.92,3.740000000000009,1.2918276179315369,2017-06-29 13:51:00+00:00,1239.75,2017-06-29 15:05:00+00:00,1244.23132,1244.9344400000002,1239.75,2017-06-29 15:16:00+00:00,1244.9344400000002,SL,11,-1.0,-1.2325349869154207
2017-07-04,setup_or_fib_XAUUSD_20170704_BUY,LONG,1224.89,1224.22,0.6700000000000728,0.7960539017663716,2017-07-04 13:49:00+00:00,1225.04,2017-07-04 14:00:00+00:00,1224.47594,1224.34998,1225.04,2017-07-04 14:00:00+00:00,1224.34998,SL,0,-1.0,-2.298031120989994
2017-07-05,setup_or_fib_XAUUSD_20170705_SELL,SHORT,1219.53,1218.39,1.1399999999998727,1.4590582331935427,2017-07-05 13:45:00+00:00,1217.71,2017-07-05 14:17:00+00:00,1219.09452,1219.30884,1217.71,2017-07-05 14:20:00+00:00,1219.30884,SL,3,-1.0,-1.7628779395303302
2017-07-06,setup_or_fib_XAUUSD_20170706_BUY,LONG,1226.45,1224.08,2.3700000000001182,1.2282410549889544,2017-07-06 14:14:00+00:00,1226.78,2017-07-06 14:32:00+00:00,1224.98534,1224.53978,1226.78,2017-07-06 14:34:00+00:00,1224.53978,SL,2,-1.0,-1.366953945596646
2017-07-10,setup_or_fib_XAUUSD_20170710_SELL,SHORT,1211.41,1209.9,1.509999999999991,1.4476814147474621,2017-07-10 14:00:00+00:00,1207.47,2017-07-10 15:00:00+00:00,1210.83318,1211.11706,1207.47,2017-07-10 15:01:00+00:00,1211.11706,SL,1,-1.0,-1.5759475834860739
2017-07-11,setup_or_fib_XAUUSD_20170711_BUY,LONG,1211.38,1210.62,0.7600000000002183,0.8802253834333187,2017-07-11 13:51:00+00:00,1212.8,2017-07-11 14:55:00+00:00,1210.91032,1210.7674399999999,1212.8,2017-07-11 15:04:00+00:00,1210.7674399999999,SL,9,-1.0,-2.1443169092936745
2017-07-13,setup_or_fib_XAUUSD_20170713_SELL,SHORT,1221.85,1219.32,2.5299999999999727,0.9709340689769866,2017-07-13 13:46:00+00:00,1218.81,2017-07-13 13:58:00+00:00,1220.8835399999998,1221.35918,1218.81,2017-07-13 14:38:00+00:00,1218.81,TP,40,4.359473551424139,4.015726179462232
2017-07-17,setup_or_fib_XAUUSD_20170717_BUY,LONG,1234.56,1232.94,1.6199999999998909,0.9841734054311024,2017-07-17 14:13:00+00:00,1235.95,2017-07-17 15:52:00+00:00,1233.55884,1233.2542799999999,1235.95,2017-07-17 15:52:00+00:00,1233.2542799999999,SL,0,-1.0,-1.5368400315208162
2017-07-19,setup_or_fib_XAUUSD_20170719_BUY,LONG,1242.18,1240.78,1.400000000000091,0.9177777897175454,2017-07-19 13:45:00+00:00,1243.95,2017-07-19 15:13:00+00:00,1241.3148,1241.0516,1243.95,2017-07-19 15:13:00+00:00,1241.0516,SL,0,-1.0,-1.6212006079025063
2017-07-20,setup_or_fib_XAUUSD_20170720_BUY,LONG,1239.73,1237.22,2.509999999999991,0.982065232416091,2017-07-20 13:57:00+00:00,1242.07,2017-07-20 15:00:00+00:00,1238.17882,1237.70694,1242.07,2017-07-20 15:00:00+00:00,1237.70694,SL,0,-1.0,-1.3464863948461065
2017-07-21,setup_or_fib_XAUUSD_20170721_BUY,LONG,1250.14,1249.15,0.9900000000000091,0.9537964664254568,2017-07-21 13:45:00+00:00,1252.09,2017-07-21 14:53:00+00:00,1249.52818,1249.3420600000002,1252.09,2017-07-21 14:53:00+00:00,1249.3420600000002,SL,0,-1.0,-1.8784655061258066
2017-07-24,setup_or_fib_XAUUSD_20170724_BUY,LONG,1258.29,1257.16,1.1299999999998818,1.0570200483033327,2017-07-24 13:45:00+00:00,1258.74,2017-07-24 14:00:00+00:00,1257.59166,1257.37922,1258.74,2017-07-24 14:01:00+00:00,1257.37922,SL,1,-1.0,-1.7696290717378478
2017-07-25,setup_or_fib_XAUUSD_20170725_SELL,SHORT,1253.43,1252.53,0.900000000000091,1.1252060173538445,2017-07-25 13:48:00+00:00,1250.61,2017-07-25 14:35:00+00:00,1253.0862,1253.2554,1250.61,2017-07-25 14:36:00+00:00,1253.2554,SL,1,-1.0,-1.966312056737325
2017-07-26,setup_or_fib_XAUUSD_20170726_BUY,LONG,1247.61,1246.59,1.0199999999999818,1.0119759737951641,2017-07-26 14:04:00+00:00,1248.03,2017-07-26 14:11:00+00:00,1246.97964,1246.7878799999999,1248.03,2017-07-26 14:12:00+00:00,1246.7878799999999,SL,1,-1.0,-1.8526282853559914
2017-07-31,setup_or_fib_XAUUSD_20170731_SELL,SHORT,1268.92,1267.26,1.6600000000000819,0.8842915886485746,2017-07-31 13:45:00+00:00,1266.42,2017-07-31 15:10:00+00:00,1268.2858800000001,1268.59796,1266.42,2017-07-31 15:12:00+00:00,1268.59796,SL,2,-1.0,-1.5239041271470137
2017-08-01,setup_or_fib_XAUUSD_20170801_BUY,LONG,1267.0,1265.9,1.099999999999909,1.1526901830655345,2017-08-01 13:56:00+00:00,1267.77,2017-08-01 14:09:00+00:00,1266.3202,1266.1134000000002,1267.77,2017-08-01 14:10:00+00:00,1266.1134000000002,SL,1,-1.0,-1.7906189555128396
2017-08-02,setup_or_fib_XAUUSD_20170802_SELL,SHORT,1268.09,1264.85,3.240000000000009,1.0051765373903883,2017-08-02 13:45:00+00:00,1262.79,2017-08-02 14:13:00+00:00,1266.85232,1267.46144,1262.79,2017-08-02 14:19:00+00:00,1267.46144,SL,6,-1.0,-1.268420015760408
2017-08-03,setup_or_fib_XAUUSD_20170803_SELL,SHORT,1268.28,1266.25,2.0299999999999727,1.2592893415346833,2017-08-03 13:50:00+00:00,1265.22,2017-08-03 15:00:00+00:00,1267.59,1267.88618,1265.22,2017-08-03 15:00:00+00:00,1267.88618,SL,0,-1.0,-1.552029171449702
2017-08-07,setup_or_fib_XAUUSD_20170807_SELL,SHORT,1257.2,1256.53,0.6700000000000728,0.9266573301219636,2017-08-07 13:45:00+00:00,1256.09,2017-08-07 13:54:00+00:00,1256.94406,1257.07002,1256.09,2017-08-07 14:02:00+00:00,1256.09,TP,8,6.780406478243834,5.48237535725384
2017-08-14,setup_or_fib_XAUUSD_20170814_SELL,SHORT,1283.47,1282.26,1.2100000000000364,1.2527711387564429,2017-08-14 13:53:00+00:00,1281.4,2017-08-14 14:09:00+00:00,1283.00778,1283.2352600000002,1281.4,2017-08-14 14:19:00+00:00,1283.2352600000002,SL,10,-1.0,-1.7187445050106667
2017-08-15,setup_or_fib_XAUUSD_20170815_SELL,SHORT,1272.82,1267.75,5.069999999999936,1.0327986525778117,2017-08-15 14:00:00+00:00,1267.23,2017-08-15 14:48:00+00:00,1270.88326,1271.8364199999999,1267.23,2017-08-15 16:00:00+00:00,1271.1,TIME,72,-0.22739099416665734,-0.398925678794668
2017-08-16,setup_or_fib_XAUUSD_20170816_SELL,SHORT,1272.95,1271.08,1.8700000000001182,0.8122759347148789,2017-08-16 13:57:00+00:00,1267.7,2017-08-16 14:50:00+00:00,1272.23566,1272.58722,1267.7,2017-08-16 14:55:00+00:00,1272.58722,SL,5,-1.0,-1.4650699738311423
2017-08-17,setup_or_fib_XAUUSD_20170817_BUY,LONG,1285.88,1283.55,2.3300000000001546,1.2660532154552124,2017-08-17 14:08:00+00:00,1286.61,2017-08-17 14:42:00+00:00,1284.44006,1284.0020200000001,1286.61,2017-08-17 14:43:00+00:00,1284.0020200000001,SL,1,-1.0,-1.3732535841477596
2017-08-18,setup_or_fib_XAUUSD_20170818_SELL,SHORT,1296.04,1294.61,1.4300000000000637,1.1424510849839975,2017-08-18 13:45:00+00:00,1294.42,2017-08-18 13:52:00+00:00,1295.49374,1295.76258,1294.42,2017-08-18 13:53:00+00:00,1295.76258,SL,1,-1.0,-1.6081684273169516
2017-08-21,setup_or_fib_XAUUSD_20170821_BUY,LONG,1288.49,1287.29,1.2000000000000455,0.951266741212453,2017-08-21 13:53:00+00:00,1288.86,2017-08-21 13:57:00+00:00,1287.7484,1287.5228000000002,1288.86,2017-08-21 13:57:00+00:00,1287.5228000000002,SL,0,-1.0,-1.7247340425539677
2017-08-22,setup_or_fib_XAUUSD_20170822_BUY,LONG,1285.34,1284.27,1.0699999999999363,1.0303110051658337,2017-08-22 13:47:00+00:00,1290.93,2017-08-22 14:58:00+00:00,1284.67874,1284.47758,1290.93,2017-08-22 14:58:00+00:00,1284.47758,SL,0,-1.0,-1.8127858421154355
2017-08-24,setup_or_fib_XAUUSD_20170824_BUY,LONG,1287.47,1286.26,1.2100000000000364,1.1213526611634215,2017-08-24 14:02:00+00:00,1290.08,2017-08-24 15:35:00+00:00,1286.72222,1286.4947399999999,1290.08,2017-08-24 15:36:00+00:00,1286.4947399999999,SL,1,-1.0,-1.7187445050106667
2017-08-25,setup_or_fib_XAUUSD_20170825_BUY,LONG,1286.54,1285.46,1.0799999999999272,0.8378934892364005,2017-08-25 13:48:00+00:00,1294.52,2017-08-25 14:41:00+00:00,1285.87256,1285.66952,1294.52,2017-08-25 14:41:00+00:00,1285.66952,SL,0,-1.0,-1.8052600472809237
2017-08-28,setup_or_fib_XAUUSD_20170828_BUY,LONG,1298.73,1297.94,0.7899999999999636,1.060046760185048,2017-08-28 13:45:00+00:00,1298.95,2017-08-28 14:00:00+00:00,1298.24178,1298.09326,1298.95,2017-08-28 14:01:00+00:00,1298.09326,SL,1,-1.0,-2.100861836789938
2017-08-29,setup_or_fib_XAUUSD_20170829_SELL,SHORT,1323.97,1321.58,2.3900000000001,1.8293776287466446,2017-08-29 13:45:00+00:00,1321.03,2017-08-29 14:08:00+00:00,1323.05702,1323.5063400000001,1321.03,2017-08-29 14:15:00+00:00,1323.5063400000001,SL,7,-1.0,-1.363883201281799
2017-08-30,setup_or_fib_XAUUSD_20170830_BUY,LONG,1308.29,1305.11,3.1800000000000637,1.4831953677904985,2017-08-30 13:48:00+00:00,1311.11,2017-08-30 14:56:00+00:00,1306.32476,1305.72692,1311.11,2017-08-30 16:00:00+00:00,1308.01,TIME,64,2.818881306035541,2.545396761675803
2017-09-04,setup_or_fib_XAUUSD_20170904_BUY,LONG,1334.67,1333.92,0.75,1.1820678724801517,2017-09-04 14:01:00+00:00,1335.91,2017-09-04 14:34:00+00:00,1334.2065,1334.0655,1335.91,2017-09-04 14:59:00+00:00,1334.0655,SL,25,-1.0,-2.159574468084478
2017-09-05,setup_or_fib_XAUUSD_20170905_SELL,SHORT,1332.36,1330.96,1.3999999999998636,1.5288675357008175,2017-09-05 14:01:00+00:00,1329.67,2017-09-05 14:18:00+00:00,1331.8252,1332.0883999999999,1329.67,2017-09-05 14:18:00+00:00,1332.0883999999999,SL,0,-1.0,-1.621200607903043
2017-09-06,setup_or_fib_XAUUSD_20170906_SELL,SHORT,1340.27,1339.28,0.9900000000000091,1.1698357801345047,2017-09-06 13:48:00+00:00,1338.74,2017-09-06 13:54:00+00:00,1339.89182,1340.07794,1338.74,2017-09-06 14:14:00+00:00,1338.74,TP,20,6.1885880077422915,5.310122501616485
2017-09-11,setup_or_fib_XAUUSD_20170911_SELL,SHORT,1335.5,1332.69,2.8099999999999454,1.212742757695562,2017-09-11 13:50:00+00:00,1331.36,2017-09-11 14:39:00+00:00,1334.42658,1334.95486,1331.36,2017-09-11 14:48:00+00:00,1334.95486,SL,9,-1.0,-1.3094949647914014
2017-09-12,setup_or_fib_XAUUSD_20170912_SELL,SHORT,1328.7,1325.39,3.3099999999999454,1.326617368899998,2017-09-12 13:57:00+00:00,1324.87,2017-09-12 15:06:00+00:00,1327.43558,1328.0578600000001,1324.87,2017-09-12 15:13:00+00:00,1328.0578600000001,SL,7,-1.0,-1.2627434595358809
2017-09-15,setup_or_fib_XAUUSD_20170915_BUY,LONG,1326.39,1323.42,2.9700000000000273,1.6762717908709708,2017-09-15 13:56:00+00:00,1327.34,2017-09-15 14:33:00+00:00,1324.55454,1323.99618,1327.34,2017-09-15 14:36:00+00:00,1323.99618,SL,3,-1.0,-1.2928218353750305
2017-09-18,setup_or_fib_XAUUSD_20170918_SELL,SHORT,1312.42,1311.04,1.3800000000001091,1.2171835023813262,2017-09-18 14:02:00+00:00,1310.15,2017-09-18 14:28:00+00:00,1311.89284,1312.15228,1310.15,2017-09-18 14:29:00+00:00,1312.15228,SL,1,-1.0,-1.6302035152635463
2017-09-20,setup_or_fib_XAUUSD_20170920_SELL,SHORT,1312.88,1311.62,1.2600000000002183,0.8820122293332359,2017-09-20 13:50:00+00:00,1310.84,2017-09-20 14:31:00+00:00,1312.39868,1312.6355600000002,1310.84,2017-09-20 14:38:00+00:00,1310.84,TP,7,6.5800405268451145,5.8898176291758615
2017-09-21,setup_or_fib_XAUUSD_20170921_SELL,SHORT,1290.94,1288.39,2.5499999999999545,1.531245131185483,2017-09-21 13:56:00+00:00,1288.08,2017-09-21 14:00:00+00:00,1289.9659000000001,1290.4453,1288.08,2017-09-21 14:00:00+00:00,1290.4453,SL,0,-1.0,-1.34105131414272
2017-09-22,setup_or_fib_XAUUSD_20170922_BUY,LONG,1294.77,1293.31,1.4600000000000364,1.1049666228276465,2017-09-22 14:00:00+00:00,1295.27,2017-09-22 14:20:00+00:00,1293.86772,1293.59324,1295.27,2017-09-22 14:40:00+00:00,1295.27,TP,20,5.108860390556021,4.5131885747589635
2017-09-25,setup_or_fib_XAUUSD_20170925_BUY,LONG,1292.67,1290.69,1.9800000000000182,1.1855456430290725,2017-09-25 13:54:00+00:00,1293.22,2017-09-25 14:01:00+00:00,1291.4463600000001,1291.07412,1293.22,2017-09-25 14:49:00+00:00,1293.22,TP,48,4.764775413709396,4.325542660647029
2017-09-26,setup_or_fib_XAUUSD_20170926_SELL,SHORT,1301.5,1298.81,2.6900000000000546,1.4193181418264325,2017-09-26 13:54:00+00:00,1298.39,2017-09-26 14:12:00+00:00,1300.47242,1300.97814,1298.39,2017-09-26 14:13:00+00:00,1300.97814,SL,1,-1.0,-1.3233014316223164
2017-09-27,setup_or_fib_XAUUSD_20170927_SELL,SHORT,1287.62,1284.49,3.1299999999998818,1.4062123772447888,2017-09-27 13:48:00+00:00,1282.41,2017-09-27 15:35:00+00:00,1286.42434,1287.0127799999998,1282.41,2017-09-27 15:36:00+00:00,1287.0127799999998,SL,1,-1.0,-1.2778533070492584
2017-09-28,setup_or_fib_XAUUSD_20170928_SELL,SHORT,1285.63,1283.61,2.020000000000209,1.327616584697774,2017-09-28 13:54:00+00:00,1282.7,2017-09-28 14:19:00+00:00,1284.85836,1285.2381200000002,1282.7,2017-09-28 14:36:00+00:00,1285.2381200000002,SL,17,-1.0,-1.430535074783779
2017-09-29,setup_or_fib_XAUUSD_20170929_BUY,LONG,1289.74,1285.26,4.480000000000018,1.0686819560140035,2017-09-29 13:46:00+00:00,1290.25,2017-09-29 14:16:00+00:00,1286.97136,1286.12912,1290.25,2017-09-29 14:30:00+00:00,1286.12912,SL,14,-1.0,-1.194125189969617
2017-10-05,setup_or_fib_XAUUSD_20171005_BUY,LONG,1277.33,1275.66,1.6699999999998454,0.9431928973422534,2017-10-05 14:10:00+00:00,1277.69,2017-10-05 14:15:00+00:00,1276.29794,1275.98398,1277.69,2017-10-05 14:15:00+00:00,1275.98398,SL,0,-1.0,-1.520766976685008
2017-10-06,setup_or_fib_XAUUSD_20171006_SELL,SHORT,1271.15,1263.95,7.2000000000000455,0.9507429324588408,2017-10-06 13:45:00+00:00,1260.54,2017-10-06 15:37:00+00:00,1268.3996,1269.7532,1260.54,2017-10-06 15:48:00+00:00,1269.7532,SL,11,-1.0,-1.120789007092186
2017-10-09,setup_or_fib_XAUUSD_20171009_SELL,SHORT,1281.28,1280.09,1.1900000000000546,1.164171954856342,2017-10-09 13:46:00+00:00,1279.82,2017-10-09 13:51:00+00:00,1280.82542,1281.0491399999999,1279.82,2017-10-09 14:01:00+00:00,1281.0491399999999,SL,10,-1.0,-1.7308242445915925
2017-10-10,setup_or_fib_XAUUSD_20171010_SELL,SHORT,1291.04,1288.6,2.4400000000000546,1.017398898330163,2017-10-10 13:56:00+00:00,1288.16,2017-10-10 14:21:00+00:00,1290.10792,1290.56664,1288.16,2017-10-10 14:29:00+00:00,1290.56664,SL,8,-1.0,-1.3564265783047824
2017-10-11,setup_or_fib_XAUUSD_20171011_BUY,LONG,1290.94,1289.09,1.8500000000001364,0.9164017134983437,2017-10-11 13:59:00+00:00,1291.19,2017-10-11 14:06:00+00:00,1289.7966999999999,1289.4488999999999,1291.19,2017-10-11 14:06:00+00:00,1289.4488999999999,SL,0,-1.0,-1.470097757331791
2017-10-12,setup_or_fib_XAUUSD_20171012_SELL,SHORT,1294.61,1291.91,2.699999999999818,0.8820361312588864,2017-10-12 13:49:00+00:00,1290.62,2017-10-12 14:12:00+00:00,1293.5786,1294.0862,1290.62,2017-10-12 15:01:00+00:00,1290.62,TP,49,5.828605200946962,5.506501182034376
2017-10-16,setup_or_fib_XAUUSD_20171016_SELL,SHORT,1305.53,1303.93,1.599999999999909,0.8227553549003552,2017-10-16 14:29:00+00:00,1302.57,2017-10-16 15:33:00+00:00,1304.9188,1305.2196,1302.57,2017-10-16 16:00:00+00:00,1303.63,TIME,27,4.284574468084744,3.7410239361698165
2017-10-19,setup_or_fib_XAUUSD_20171019_SELL,SHORT,1288.21,1285.26,2.9500000000000455,1.5571094359488993,2017-10-19 13:48:00+00:00,1284.02,2017-10-19 14:35:00+00:00,1287.0831,1287.6377,1284.02,2017-10-19 14:40:00+00:00,1287.6377,SL,5,-1.0,-1.294807068157264
2017-10-20,setup_or_fib_XAUUSD_20171020_SELL,SHORT,1284.25,1283.35,0.900000000000091,1.174599081394545,2017-10-20 13:48:00+00:00,1280.27,2017-10-20 15:34:00+00:00,1283.9062,1284.0754,1280.27,2017-10-20 16:00:00+00:00,1282.2,TIME,26,10.083924349878176,9.117612293140851
2017-10-23,setup_or_fib_XAUUSD_20171023_SELL,SHORT,1274.29,1272.71,1.5799999999999272,0.9025611979136967,2017-10-23 14:18:00+00:00,1272.39,2017-10-23 14:30:00+00:00,1273.68644,1273.98348,1272.39,2017-10-23 14:30:00+00:00,1273.98348,SL,0,-1.0,-1.5504309183945475
2017-10-24,setup_or_fib_XAUUSD_20171024_BUY,LONG,1277.87,1276.49,1.3799999999998818,0.9730788549092741,2017-10-24 13:45:00+00:00,1278.27,2017-10-24 14:11:00+00:00,1277.0171599999999,1276.75772,1278.27,2017-10-24 14:12:00+00:00,1276.75772,SL,1,-1.0,-1.6302035152640988
2017-10-26,setup_or_fib_XAUUSD_20171026_BUY,LONG,1275.44,1273.68,1.759999999999991,1.2478640621728385,2017-10-26 13:47:00+00:00,1279.86,2017-10-26 14:35:00+00:00,1274.35232,1274.02144,1279.86,2017-10-26 14:48:00+00:00,1274.02144,SL,13,-1.0,-1.4941368471953889
2017-10-27,setup_or_fib_XAUUSD_20171027_BUY,LONG,1266.28,1263.62,2.660000000000082,0.9699388586846063,2017-10-27 13:48:00+00:00,1267.15,2017-10-27 13:55:00+00:00,1264.63612,1264.1360399999999,1267.15,2017-10-27 14:26:00+00:00,1267.15,TP,31,5.026955687090209,4.7000079987203645
2017-10-30,setup_or_fib_XAUUSD_20171030_SELL,SHORT,1271.46,1270.42,1.0399999999999636,0.8584356604799598,2017-10-30 13:58:00+00:00,1269.62,2017-10-30 14:05:00+00:00,1271.0627200000001,1271.2582400000001,1269.62,2017-10-30 14:05:00+00:00,1271.2582400000001,SL,0,-1.0,-1.8362315875614275
2017-11-01,setup_or_fib_XAUUSD_20171101_SELL,SHORT,1276.94,1275.14,1.7999999999999545,1.3808248249221453,2017-11-01 13:46:00+00:00,1272.21,2017-11-01 15:11:00+00:00,1276.2524,1276.5908000000002,1272.21,2017-11-01 15:13:00+00:00,1276.5908000000002,SL,2,-1.0,-1.4831560283686624
2017-11-03,setup_or_fib_XAUUSD_20171103_SELL,SHORT,1280.05,1275.71,4.339999999999918,0.8240580346362854,2017-11-03 13:46:00+00:00,1275.31,2017-11-03 14:33:00+00:00,1278.39212,1279.20804,1275.31,2017-11-03 15:01:00+00:00,1275.31,TP,28,3.777478184135713,3.577090891263864
2017-11-06,setup_or_fib_XAUUSD_20171106_SELL,SHORT,1272.0,1271.01,0.9900000000000091,0.9245963514636754,2017-11-06 15:01:00+00:00,1270.91,2017-11-06 15:06:00+00:00,1271.62182,1271.80794,1270.91,2017-11-06 15:06:00+00:00,1271.80794,SL,0,-1.0,-1.8784655061258066
2017-11-07,setup_or_fib_XAUUSD_20171107_BUY,LONG,1277.34,1276.29,1.0499999999999545,0.8846499447158344,2017-11-07 14:45:00+00:00,1279.94,2017-11-07 15:50:00+00:00,1276.6911,1276.4937,1279.94,2017-11-07 15:50:00+00:00,1276.4937,SL,0,-1.0,-1.8282674772035803
2017-11-08,setup_or_fib_XAUUSD_20171108_SELL,SHORT,1281.82,1280.64,1.1799999999998363,1.1313127211550527,2017-11-08 14:58:00+00:00,1280.35,2017-11-08 15:07:00+00:00,1281.36924,1281.59108,1280.35,2017-11-08 15:13:00+00:00,1280.35,TP,6,4.594482509918891,3.85746483952558
2017-11-10,setup_or_fib_XAUUSD_20171110_BUY,LONG,1284.59,1283.52,1.0699999999999363,0.9479561204938921,2017-11-10 15:00:00+00:00,1284.81,2017-11-10 15:09:00+00:00,1283.92874,1283.72758,1284.81,2017-11-10 15:11:00+00:00,1283.72758,SL,2,-1.0,-1.8127858421154355
2017-11-13,setup_or_fib_XAUUSD_20171113_BUY,LONG,1277.66,1276.56,1.1000000000001364,0.8469968788937277,2017-11-13 15:03:00+00:00,1278.72,2017-11-13 15:57:00+00:00,1276.9802,1276.7734,1278.72,2017-11-13 16:32:00+00:00,1278.72,TP,35,8.412959381047616,7.622340425534776
2017-11-14,setup_or_fib_XAUUSD_20171114_SELL,SHORT,1274.51,1272.73,1.7799999999999727,1.068541198657437,2017-11-14 14:47:00+00:00,1270.83,2017-11-14 16:00:00+00:00,1273.83004,1274.1646799999999,1270.83,2017-11-14 16:01:00+00:00,1274.1646799999999,SL,1,-1.0,-1.4885847477889482
2017-11-16,setup_or_fib_XAUUSD_20171116_SELL,SHORT,1281.22,1278.1,3.1200000000001182,0.8991440291945585,2017-11-16 15:15:00+00:00,1276.26,2017-11-16 15:44:00+00:00,1280.02816,1280.61472,1276.26,2017-11-16 15:51:00+00:00,1280.61472,SL,7,-1.0,-1.278743862520476
2017-11-17,setup_or_fib_XAUUSD_20171117_SELL,SHORT,1283.12,1282.0,1.1199999999998909,0.8587031810899106,2017-11-17 14:47:00+00:00,1281.48,2017-11-17 14:51:00+00:00,1282.6921599999998,1282.90272,1281.48,2017-11-17 14:51:00+00:00,1282.90272,SL,0,-1.0,-1.7765007598776297
2017-11-21,setup_or_fib_XAUUSD_20171121_SELL,SHORT,1278.39,1276.49,1.900000000000091,0.9749322221253318,2017-11-21 14:54:00+00:00,1276.18,2017-11-21 15:09:00+00:00,1277.6642000000002,1278.0214,1276.18,2017-11-21 15:09:00+00:00,1278.0214,SL,0,-1.0,-1.4577267637179068
2017-11-24,setup_or_fib_XAUUSD_20171124_BUY,LONG,1288.09,1287.31,0.7799999999999727,1.0522204767540253,2017-11-24 14:50:00+00:00,1291.19,2017-11-24 16:21:00+00:00,1287.60796,1287.46132,1291.19,2017-11-24 16:22:00+00:00,1287.46132,SL,1,-1.0,-2.114975450080607
2017-11-27,setup_or_fib_XAUUSD_20171127_BUY,LONG,1298.4,1294.98,3.4200000000000728,0.9929908398042135,2017-11-27 15:00:00+00:00,1299.08,2017-11-27 15:40:00+00:00,1296.28644,1295.64348,1299.08,2017-11-27 15:40:00+00:00,1295.64348,SL,0,-1.0,-1.2542926465098403
2017-11-28,setup_or_fib_XAUUSD_20171128_SELL,SHORT,1296.47,1295.13,1.3399999999999181,0.835781248804274,2017-11-28 14:56:00+00:00,1294.9,2017-11-28 15:16:00+00:00,1295.95812,1296.2100400000002,1294.9,2017-11-28 15:32:00+00:00,1294.9,TP,16,4.200222292788454,3.551206732293457
2017-11-29,setup_or_fib_XAUUSD_20171129_BUY,LONG,1288.39,1285.5,2.8900000000001,1.2777905609299167,2017-11-29 14:48:00+00:00,1288.53,2017-11-29 15:02:00+00:00,1286.60398,1286.0606599999999,1288.53,2017-11-29 15:32:00+00:00,1286.0606599999999,SL,30,-1.0,-1.30092763012577
2017-12-01,setup_or_fib_XAUUSD_20171201_SELL,SHORT,1274.87,1272.98,1.8899999999998727,1.019922835821753,2017-12-01 14:54:00+00:00,1272.17,2017-12-01 15:14:00+00:00,1274.1480199999999,1274.50334,1272.17,2017-12-01 15:47:00+00:00,1274.50334,SL,33,-1.0,-1.4601485984463158
2017-12-04,setup_or_fib_XAUUSD_20171204_SELL,SHORT,1274.93,1273.74,1.1900000000000546,1.0695858138695549,2017-12-04 14:55:00+00:00,1272.73,2017-12-04 15:03:00+00:00,1274.47542,1274.69914,1272.73,2017-12-04 15:15:00+00:00,1274.69914,SL,12,-1.0,-1.7308242445915925
2017-12-05,setup_or_fib_XAUUSD_20171205_BUY,LONG,1273.3,1271.89,1.4099999999998545,0.8460613955035746,2017-12-05 14:57:00+00:00,1273.89,2017-12-05 15:06:00+00:00,1272.4286200000001,1272.16354,1273.89,2017-12-05 15:06:00+00:00,1272.16354,SL,0,-1.0,-1.6167949298322115
2017-12-06,setup_or_fib_XAUUSD_20171206_SELL,SHORT,1266.51,1265.09,1.4200000000000728,1.0665359044315932,2017-12-06 14:53:00+00:00,1263.07,2017-12-06 15:47:00+00:00,1265.96756,1266.23452,1263.07,2017-12-06 15:47:00+00:00,1266.23452,SL,0,-1.0,-1.6124513035662462
2017-12-07,setup_or_fib_XAUUSD_20171207_BUY,LONG,1254.77,1253.42,1.349999999999909,1.0781969816571348,2017-12-07 14:59:00+00:00,1255.44,2017-12-07 15:10:00+00:00,1253.9357,1253.6819,1255.44,2017-12-07 15:10:00+00:00,1253.6819,SL,0,-1.0,-1.6442080378251718
2017-12-11,setup_or_fib_XAUUSD_20171211_SELL,SHORT,1248.86,1247.22,1.6399999999998727,0.8196113961647643,2017-12-11 14:55:00+00:00,1246.2,2017-12-11 15:43:00+00:00,1248.23352,1248.5418399999999,1246.2,2017-12-11 17:00:00+00:00,1247.36,TIME,77,2.8331603528816673,2.3028671510132495
2017-12-14,setup_or_fib_XAUUSD_20171214_SELL,SHORT,1256.36,1253.32,3.0399999999999636,0.957533662194014,2017-12-14 14:45:00+00:00,1252.81,2017-12-14 15:17:00+00:00,1255.1987199999999,1255.7702399999998,1252.81,2017-12-14 15:34:00+00:00,1252.81,TP,17,4.1795912653976615,3.8935120380740154
2017-12-18,setup_or_fib_XAUUSD_20171218_SELL,SHORT,1259.86,1258.92,0.9399999999998272,0.706796091212446,2017-12-18 14:56:00+00:00,1256.63,2017-12-18 15:26:00+00:00,1259.50092,1259.6776399999999,1256.63,2017-12-18 15:26:00+00:00,1259.6776399999999,SL,0,-1.0,-1.9251923947491107
2017-12-19,setup_or_fib_XAUUSD_20171219_SELL,SHORT,1262.03,1261.01,1.0199999999999818,0.8184756502158459,2017-12-19 14:55:00+00:00,1260.81,2017-12-19 14:57:00+00:00,1261.6403599999999,1261.83212,1260.81,2017-12-19 14:58:00+00:00,1261.83212,SL,1,-1.0,-1.8526282853559914
2017-12-21,setup_or_fib_XAUUSD_20171221_BUY,LONG,1266.2,1263.77,2.4300000000000637,0.7028738835844996,2017-12-21 14:47:00+00:00,1266.44,2017-12-21 15:00:00+00:00,1264.6982600000001,1264.2414199999998,1266.44,2017-12-21 15:01:00+00:00,1264.2414199999998,SL,1,-1.0,-1.3578933543470326
2017-12-26,setup_or_fib_XAUUSD_20171226_BUY,LONG,1280.89,1279.98,0.9100000000000819,0.6686356149819698,2017-12-26 14:55:00+00:00,1281.68,2017-12-26 15:27:00+00:00,1280.32762,1280.15654,1281.68,2017-12-26 15:30:00+00:00,1280.15654,SL,3,-1.0,-1.9556932429268694
2017-12-27,setup_or_fib_XAUUSD_20171227_SELL,SHORT,1285.1,1284.26,0.8399999999999181,0.8702639430159407,2017-12-27 14:45:00+00:00,1283.52,2017-12-27 14:55:00+00:00,1284.77912,1284.93704,1283.52,2017-12-27 15:16:00+00:00,1284.93704,SL,21,-1.0,-2.035334346503879
2017-12-29,setup_or_fib_XAUUSD_20171229_BUY,LONG,1299.76,1298.83,0.9300000000000637,0.7095165270674018,2017-12-29 14:46:00+00:00,1300.09,2017-12-29 14:55:00+00:00,1299.18526,1299.0104199999998,1300.09,2017-12-29 14:55:00+00:00,1299.0104199999998,SL,0,-1.0,-1.935140700067933
2018-01-02,setup_or_fib_XAUUSD_20180102_BUY,LONG,1313.96,1312.94,1.0199999999999818,1.0840176293701111,2018-01-02 15:01:00+00:00,1314.26,2018-01-02 15:15:00+00:00,1313.3296400000002,1313.13788,1314.26,2018-01-02 15:29:00+00:00,1313.13788,SL,14,-1.0,-1.8526282853559914
2018-01-03,setup_or_fib_XAUUSD_20180103_SELL,SHORT,1316.39,1315.08,1.3100000000001728,1.2188397979495798,2018-01-03 14:51:00+00:00,1314.89,2018-01-03 14:55:00+00:00,1315.88958,1316.13586,1314.89,2018-01-03 14:56:00+00:00,1316.13586,SL,1,-1.0,-1.6638785122622775
2018-01-08,setup_or_fib_XAUUSD_20180108_BUY,LONG,1320.43,1319.43,1.0,1.112169266940958,2018-01-08 15:01:00+00:00,1320.74,2018-01-08 15:05:00+00:00,1319.8120000000001,1319.624,1320.74,2018-01-08 15:06:00+00:00,1319.624,SL,1,-1.0,-1.8696808510633587
2018-01-11,setup_or_fib_XAUUSD_20180111_BUY,LONG,1322.44,1319.61,2.8300000000001546,1.2895384125357974,2018-01-11 15:57:00+00:00,1323.37,2018-01-11 16:24:00+00:00,1320.6910599999999,1320.15902,1323.37,2018-01-11 16:24:00+00:00,1320.15902,SL,0,-1.0,-1.3073077212240696
2018-01-15,setup_or_fib_XAUUSD_20180115_BUY,LONG,1341.71,1340.28,1.4300000000000637,1.114982578435555,2018-01-15 14:51:00+00:00,1342.22,2018-01-15 15:32:00+00:00,1340.82626,1340.5574199999999,1342.22,2018-01-15 15:56:00+00:00,1340.5574199999999,SL,24,-1.0,-1.6081684273169516
2018-01-16,setup_or_fib_XAUUSD_20180116_SELL,SHORT,1334.7,1333.71,0.9900000000000091,1.3342571743078633,2018-01-16 14:45:00+00:00,1333.41,2018-01-16 14:48:00+00:00,1334.3218200000001,1334.50794,1333.41,2018-01-16 14:54:00+00:00,1333.41,TP,6,4.899097356548398,4.020631850422592
2018-01-17,setup_or_fib_XAUUSD_20180117_BUY,LONG,1336.23,1334.89,1.3399999999999181,1.2008446240543853,2018-01-17 14:46:00+00:00,1336.63,2018-01-17 14:55:00+00:00,1335.4018800000001,1335.14996,1336.63,2018-01-17 14:57:00+00:00,1335.14996,SL,2,-1.0,-1.649015560494997
2018-01-19,setup_or_fib_XAUUSD_20180119_SELL,SHORT,1336.05,1333.78,2.269999999999982,1.0455119632316763,2018-01-19 14:56:00+00:00,1332.11,2018-01-19 16:04:00+00:00,1335.18286,1335.60962,1332.11,2018-01-19 17:00:00+00:00,1333.08,TIME,56,4.9275002343229835,4.544380916673772
2018-01-22,setup_or_fib_XAUUSD_20180122_BUY,LONG,1333.74,1332.58,1.1600000000000819,1.07323336153287,2018-01-22 14:59:00+00:00,1334.39,2018-01-22 15:22:00+00:00,1333.02312,1332.80504,1334.39,2018-01-22 15:23:00+00:00,1332.80504,SL,1,-1.0,-1.7497248716064062
2018-01-23,setup_or_fib_XAUUSD_20180123_SELL,SHORT,1337.13,1335.97,1.1600000000000819,0.8623623535679092,2018-01-23 15:02:00+00:00,1331.24,2018-01-23 16:27:00+00:00,1336.68688,1336.90496,1331.24,2018-01-23 16:35:00+00:00,1336.90496,SL,8,-1.0,-1.7497248716064062
2018-01-25,setup_or_fib_XAUUSD_20180125_BUY,LONG,1360.02,1358.25,1.7699999999999818,1.3343421994797795,2018-01-25 14:46:00+00:00,1360.27,2018-01-25 14:49:00+00:00,1358.92614,1358.59338,1360.27,2018-01-25 14:49:00+00:00,1358.59338,SL,0,-1.0,-1.491345113595373
2018-01-26,setup_or_fib_XAUUSD_20180126_SELL,SHORT,1353.85,1351.28,2.5699999999999363,1.3957721760478625,2018-01-26 14:48:00+00:00,1348.71,2018-01-26 15:46:00+00:00,1352.86826,1353.35142,1348.71,2018-01-26 15:47:00+00:00,1353.35142,SL,1,-1.0,-1.3383972183127757
2018-01-29,setup_or_fib_XAUUSD_20180129_BUY,LONG,1344.86,1342.99,1.8699999999998909,1.4899015996838298,2018-01-29 14:52:00+00:00,1345.55,2018-01-29 15:18:00+00:00,1343.70434,1343.35278,1345.55,2018-01-29 15:19:00+00:00,1343.35278,SL,1,-1.0,-1.4650699738308415
2018-01-30,setup_or_fib_XAUUSD_20180130_BUY,LONG,1345.08,1344.08,1.0,1.5827460805487805,2018-01-30 14:49:00+00:00,1348.9,2018-01-30 16:01:00+00:00,1344.462,1344.274,1348.9,2018-01-30 16:22:00+00:00,1344.274,SL,21,-1.0,-1.8696808510633587
2018-02-05,setup_or_fib_XAUUSD_20180205_BUY,LONG,1337.27,1336.24,1.0299999999999727,1.2545841375234768,2018-02-05 14:47:00+00:00,1337.63,2018-02-05 15:00:00+00:00,1336.63346,1336.43982,1337.63,2018-02-05 15:00:00+00:00,1336.43982,SL,0,-1.0,-1.8443503408388469
2018-02-07,setup_or_fib_XAUUSD_20180207_SELL,SHORT,1324.27,1322.74,1.5299999999999727,1.4626190605786267,2018-02-07 14:50:00+00:00,1320.05,2018-02-07 15:34:00+00:00,1323.68554,1323.97318,1320.05,2018-02-07 15:35:00+00:00,1323.97318,SL,1,-1.0,-1.5684188569044435
2018-02-08,setup_or_fib_XAUUSD_20180208_BUY,LONG,1314.89,1312.78,2.1100000000001273,1.8837281688241208,2018-02-08 14:51:00+00:00,1315.59,2018-02-08 15:04:00+00:00,1313.58602,1313.18934,1315.59,2018-02-08 15:15:00+00:00,1315.59,TP,11,5.051880609054279,4.639709589592811
2018-02-09,setup_or_fib_XAUUSD_20180209_SELL,SHORT,1316.09,1314.59,1.5,1.36311172801322,2018-02-09 14:45:00+00:00,1313.5,2018-02-09 14:50:00+00:00,1315.5169999999998,1315.799,1313.5,2018-02-09 14:55:00+00:00,1315.799,SL,5,-1.0,-1.579787234042239
2018-02-12,setup_or_fib_XAUUSD_20180212_BUY,LONG,1318.86,1317.39,1.4699999999998,1.3226648693137828,2018-02-12 14:46:00+00:00,1319.21,2018-02-12 14:53:00+00:00,1317.95154,1317.6751800000002,1319.21,2018-02-12 14:53:00+00:00,1317.6751800000002,SL,0,-1.0,-1.5916196265743752
2018-02-13,setup_or_fib_XAUUSD_20180213_SELL,SHORT,1326.9,1325.3,1.6000000000001364,1.217607933063612,2018-02-13 15:12:00+00:00,1322.88,2018-02-13 16:22:00+00:00,1326.2888,1326.5896,1322.88,2018-02-13 16:26:00+00:00,1326.5896,SL,4,-1.0,-1.5435505319149279
2018-02-15,setup_or_fib_XAUUSD_20180215_BUY,LONG,1353.89,1350.4,3.490000000000009,1.5062975095053055,2018-02-15 15:15:00+00:00,1354.36,2018-02-15 16:04:00+00:00,1351.7331800000002,1351.07706,1354.36,2018-02-15 16:07:00+00:00,1351.07706,SL,3,-1.0,-1.2491922209351565
2018-02-16,setup_or_fib_XAUUSD_20180216_BUY,LONG,1356.01,1354.29,1.7200000000000273,1.4286361445422202,2018-02-16 14:50:00+00:00,1356.3,2018-02-16 15:00:00+00:00,1354.94704,1354.62368,1356.3,2018-02-16 15:00:00+00:00,1354.62368,SL,0,-1.0,-1.5056284017811503
2018-02-19,setup_or_fib_XAUUSD_20180219_SELL,SHORT,1347.37,1346.03,1.3399999999999181,0.9310182370533201,2018-02-19 15:04:00+00:00,1345.78,2018-02-19 15:08:00+00:00,1346.8581199999999,1347.11004,1345.78,2018-02-19 15:09:00+00:00,1347.11004,SL,1,-1.0,-1.649015560494997
2018-02-20,setup_or_fib_XAUUSD_20180220_SELL,SHORT,1340.27,1338.74,1.5299999999999727,1.229002333219573,2018-02-20 14:48:00+00:00,1335.41,2018-02-20 15:15:00+00:00,1339.68554,1339.97318,1335.41,2018-02-20 15:18:00+00:00,1339.97318,SL,3,-1.0,-1.5684188569044435
2018-02-21,setup_or_fib_XAUUSD_20180221_BUY,LONG,1329.17,1327.94,1.2300000000000182,1.0401098530458524,2018-02-21 14:45:00+00:00,1332.88,2018-02-21 16:49:00+00:00,1328.40986,1328.1786200000001,1332.88,2018-02-21 17:00:00+00:00,1330.12,TIME,11,7.395519806266514,6.688462203775116
2018-02-23,setup_or_fib_XAUUSD_20180223_BUY,LONG,1329.58,1328.24,1.3399999999999181,1.0078677736769903,2018-02-23 14:45:00+00:00,1330.36,2018-02-23 15:01:00+00:00,1328.75188,1328.4999599999999,1330.36,2018-02-23 15:19:00+00:00,1330.36,TP,18,6.383455065095602,5.734439504600606
2018-02-28,setup_or_fib_XAUUSD_20180228_SELL,SHORT,1319.33,1316.72,2.6099999999999,0.9962662066835442,2018-02-28 14:45:00+00:00,1316.05,2018-02-28 15:02:00+00:00,1318.33298,1318.82366,1316.05,2018-02-28 15:02:00+00:00,1318.82366,SL,0,-1.0,-1.3332110540473687
2018-03-01,setup_or_fib_XAUUSD_20180301_BUY,LONG,1306.29,1304.68,1.6099999999999,1.316505950721293,2018-03-01 14:47:00+00:00,1311.44,2018-03-01 16:06:00+00:00,1305.29502,1304.99234,1311.44,2018-03-01 16:20:00+00:00,1304.99234,SL,14,-1.0,-1.540174441654536
2018-03-02,setup_or_fib_XAUUSD_20180302_BUY,LONG,1323.94,1321.84,2.1000000000001364,1.5694155570235315,2018-03-02 14:57:00+00:00,1325.42,2018-03-02 15:37:00+00:00,1322.6422,1322.2474,1325.42,2018-03-02 15:39:00+00:00,1322.2474,SL,2,-1.0,-1.41413373860179
2018-03-05,setup_or_fib_XAUUSD_20180305_SELL,SHORT,1323.23,1321.64,1.5899999999999181,0.8943392047397428,2018-03-05 14:48:00+00:00,1319.69,2018-03-05 16:29:00+00:00,1322.62262,1322.92154,1319.69,2018-03-05 16:29:00+00:00,1322.92154,SL,0,-1.0,-1.5469690887194762
2018-03-06,setup_or_fib_XAUUSD_20180306_BUY,LONG,1330.96,1329.17,1.7899999999999636,1.2434795526023,2018-03-06 14:51:00+00:00,1332.77,2018-03-06 15:37:00+00:00,1329.8537800000001,1329.5172599999999,1332.77,2018-03-06 16:04:00+00:00,1332.77,TP,27,8.665814810404473,8.17995958634689
2018-03-08,setup_or_fib_XAUUSD_20180308_SELL,SHORT,1326.7,1324.66,2.0399999999999636,1.0665397442356983,2018-03-08 14:48:00+00:00,1323.61,2018-03-08 15:05:00+00:00,1325.92072,1326.30424,1323.61,2018-03-08 15:35:00+00:00,1323.61,TP,30,6.025031289114008,5.598717146435506
2018-03-12,setup_or_fib_XAUUSD_20180312_SELL,SHORT,1317.46,1316.59,0.8700000000001182,1.1640466609630522,2018-03-12 13:46:00+00:00,1316.11,2018-03-12 13:52:00+00:00,1317.1276599999999,1317.29122,1316.11,2018-03-12 13:53:00+00:00,1317.29122,SL,1,-1.0,-1.99963316214118
2018-03-13,setup_or_fib_XAUUSD_20180313_BUY,LONG,1326.22,1313.73,12.490000000000009,0.9251088589206137,2018-03-13 14:10:00+00:00,1327.62,2018-03-13 15:19:00+00:00,1318.50118,1316.1530599999999,1327.62,2018-03-13 16:00:00+00:00,1323.24,TIME,41,2.0181336558607796,1.9485034836378983
2018-03-15,setup_or_fib_XAUUSD_20180315_SELL,SHORT,1320.75,1319.16,1.5899999999999181,1.0518853114368014,2018-03-15 14:02:00+00:00,1317.8,2018-03-15 14:35:00+00:00,1320.14262,1320.44154,1317.8,2018-03-15 14:44:00+00:00,1317.8,TP,9,7.836946340159557,7.289977251440081
2018-03-19,setup_or_fib_XAUUSD_20180319_BUY,LONG,1312.11,1311.17,0.9399999999998272,1.1036258181314387,2018-03-19 13:54:00+00:00,1312.65,2018-03-19 14:06:00+00:00,1311.52908,1311.35236,1312.65,2018-03-19 14:06:00+00:00,1311.35236,SL,0,-1.0,-1.9251923947491107
2018-03-20,setup_or_fib_XAUUSD_20180320_BUY,LONG,1311.25,1309.56,1.6900000000000546,0.9938054333149535,2018-03-20 13:50:00+00:00,1312.2,2018-03-20 14:09:00+00:00,1310.20558,1309.88786,1312.2,2018-03-20 14:46:00+00:00,1309.88786,SL,37,-1.0,-1.5146040538839092
2018-03-22,setup_or_fib_XAUUSD_20180322_SELL,SHORT,1332.3,1330.83,1.4700000000000273,1.3773850847664142,2018-03-22 13:51:00+00:00,1327.84,2018-03-22 14:17:00+00:00,1331.73846,1332.0148199999999,1327.84,2018-03-22 14:17:00+00:00,1332.0148199999999,SL,0,-1.0,-1.5916196265743752
2018-03-23,setup_or_fib_XAUUSD_20180323_BUY,LONG,1347.15,1345.06,2.0900000000001455,1.6600026520397448,2018-03-23 13:56:00+00:00,1347.23,2018-03-23 13:58:00+00:00,1345.85838,1345.4654600000001,1347.23,2018-03-23 13:59:00+00:00,1347.23,TP,1,3.490837829585925,3.074722589842229
2018-03-26,setup_or_fib_XAUUSD_20180326_BUY,LONG,1348.47,1347.45,1.0199999999999818,0.9475186208185509,2018-03-26 14:00:00+00:00,1349.44,2018-03-26 14:11:00+00:00,1347.8396400000001,1347.64788,1349.44,2018-03-26 14:26:00+00:00,1349.44,TP,15,8.345640383805732,7.49301209844974
2018-03-27,setup_or_fib_XAUUSD_20180327_SELL,SHORT,1343.15,1341.31,1.8400000000001455,1.8192978026908624,2018-03-27 14:39:00+00:00,1339.84,2018-03-27 14:46:00+00:00,1342.44712,1342.7930400000002,1339.84,2018-03-27 14:46:00+00:00,1342.7930400000002,SL,0,-1.0,-1.4726526364474526
2018-03-28,setup_or_fib_XAUUSD_20180328_BUY,LONG,1335.05,1332.93,2.119999999999891,1.317926678800629,2018-03-28 13:59:00+00:00,1336.3,2018-03-28 14:25:00+00:00,1333.73984,1333.34128,1336.3,2018-03-28 14:26:00+00:00,1333.34128,SL,1,-1.0,-1.4102268165396852
2018-03-29,setup_or_fib_XAUUSD_20180329_BUY,LONG,1324.31,1321.63,2.6799999999998363,1.06715674158553,2018-03-29 14:32:00+00:00,1325.23,2018-03-29 14:56:00+00:00,1322.6537600000001,1322.14992,1325.23,2018-03-29 15:34:00+00:00,1322.14992,SL,38,-1.0,-1.3245077802476448
2018-04-02,setup_or_fib_XAUUSD_20180402_BUY,LONG,1334.71,1333.63,1.0799999999999272,0.8689058231130912,2018-04-02 13:45:00+00:00,1336.52,2018-04-02 14:35:00+00:00,1334.04256,1333.83952,1336.52,2018-04-02 14:36:00+00:00,1333.83952,SL,1,-1.0,-1.8052600472809237
2018-04-04,setup_or_fib_XAUUSD_20180404_BUY,LONG,1346.99,1346.0,0.9900000000000091,1.9744166813035895,2018-04-04 13:49:00+00:00,1348.22,2018-04-04 14:02:00+00:00,1346.37818,1346.19206,1348.22,2018-04-04 14:07:00+00:00,1346.19206,SL,5,-1.0,-1.8784655061258066
2018-04-05,setup_or_fib_XAUUSD_20180405_SELL,SHORT,1327.92,1325.59,2.3300000000001546,1.211962593311446,2018-04-05 13:51:00+00:00,1322.72,2018-04-05 14:38:00+00:00,1327.0299400000001,1327.46798,1322.72,2018-04-05 14:38:00+00:00,1327.46798,SL,0,-1.0,-1.3732535841477596
2018-04-09,setup_or_fib_XAUUSD_20180409_BUY,LONG,1332.8,1332.08,0.7200000000000273,1.1897780665734485,2018-04-09 13:53:00+00:00,1334.53,2018-04-09 14:33:00+00:00,1332.35504,1332.21968,1334.53,2018-04-09 14:33:00+00:00,1332.21968,SL,0,-1.0,-2.207890070922062
2018-04-10,setup_or_fib_XAUUSD_20180410_SELL,SHORT,1338.78,1336.11,2.6700000000000728,1.2067991817406902,2018-04-10 13:51:00+00:00,1335.57,2018-04-10 13:55:00+00:00,1337.7600599999998,1338.26202,1335.57,2018-04-10 14:08:00+00:00,1338.26202,SL,13,-1.0,-1.3257231651924108
2018-04-11,setup_or_fib_XAUUSD_20180411_SELL,SHORT,1355.19,1351.57,3.6200000000001182,1.5770987459481525,2018-04-11 14:20:00+00:00,1349.72,2018-04-11 14:51:00+00:00,1353.80716,1354.48772,1349.72,2018-04-11 15:45:00+00:00,1354.48772,SL,54,-1.0,-1.2402433290231525
2018-04-12,setup_or_fib_XAUUSD_20180412_BUY,LONG,1344.94,1342.79,2.150000000000091,1.9605325987123365,2018-04-12 14:03:00+00:00,1345.56,2018-04-12 14:11:00+00:00,1343.6113,1343.2071,1345.56,2018-04-12 14:16:00+00:00,1343.2071,SL,5,-1.0,-1.4045027214250911
2018-04-13,setup_or_fib_XAUUSD_20180413_BUY,LONG,1339.7,1336.43,3.269999999999982,1.4810656190293936,2018-04-13 14:00:00+00:00,1340.44,2018-04-13 14:15:00+00:00,1337.67914,1337.06438,1340.44,2018-04-13 14:23:00+00:00,1340.44,TP,8,4.490955820158102,4.224998373349562
2018-04-17,setup_or_fib_XAUUSD_20180417_SELL,SHORT,1342.62,1338.72,3.8999999999998636,1.2478740302760012,2018-04-17 13:45:00+00:00,1337.65,2018-04-17 14:26:00+00:00,1341.1301999999998,1341.8634,1337.65,2018-04-17 14:40:00+00:00,1341.8634,SL,14,-1.0,-1.2229950900163287
2018-04-18,setup_or_fib_XAUUSD_20180418_SELL,SHORT,1353.38,1351.43,1.9500000000000455,1.4894469730018673,2018-04-18 14:02:00+00:00,1351.27,2018-04-18 14:06:00+00:00,1352.6351000000002,1353.0017,1351.27,2018-04-18 14:19:00+00:00,1353.0017,SL,13,-1.0,-1.4459901800329342
2018-04-23,setup_or_fib_XAUUSD_20180423_BUY,LONG,1325.7,1323.88,1.8199999999999363,1.3669008353340988,2018-04-23 13:53:00+00:00,1326.54,2018-04-23 14:47:00+00:00,1324.5752400000001,1324.2330800000002,1326.54,2018-04-23 14:47:00+00:00,1324.2330800000002,SL,0,-1.0,-1.4778466214637522
2018-04-24,setup_or_fib_XAUUSD_20180424_SELL,SHORT,1325.19,1323.82,1.3700000000001182,1.0721361147598107,2018-04-24 13:45:00+00:00,1323.4,2018-04-24 13:49:00+00:00,1324.66666,1324.9242199999999,1323.4,2018-04-24 13:52:00+00:00,1324.9242199999999,SL,3,-1.0,-1.6348035409230337
2018-04-25,setup_or_fib_XAUUSD_20180425_BUY,LONG,1320.25,1318.76,1.490000000000009,1.1879385601172985,2018-04-25 13:45:00+00:00,1322.85,2018-04-25 15:32:00+00:00,1319.32918,1319.04906,1322.85,2018-04-25 16:00:00+00:00,1319.93,TIME,28,2.144866485792993,1.561188062260007
2018-04-26,setup_or_fib_XAUUSD_20180426_BUY,LONG,1324.41,1321.7,2.7100000000000364,1.223647192780886,2018-04-26 13:55:00+00:00,1325.68,2018-04-26 14:10:00+00:00,1322.73522,1322.22574,1325.68,2018-04-26 14:11:00+00:00,1322.22574,SL,1,-1.0,-1.3209154431970234
2018-04-30,setup_or_fib_XAUUSD_20180430_BUY,LONG,1313.8,1312.6,1.2000000000000455,1.0952878009243159,2018-04-30 13:49:00+00:00,1314.9,2018-04-30 14:13:00+00:00,1313.0584,1312.8328000000001,1314.9,2018-04-30 14:17:00+00:00,1312.8328000000001,SL,4,-1.0,-1.7247340425539677
2018-05-04,setup_or_fib_XAUUSD_20180504_SELL,SHORT,1315.32,1310.16,5.1599999999998545,0.9015481909625978,2018-05-04 14:06:00+00:00,1307.93,2018-05-04 15:32:00+00:00,1313.34888,1314.31896,1307.93,2018-05-04 16:00:00+00:00,1311.23,TIME,28,2.1842322282697046,2.0156894276759485
2018-05-07,setup_or_fib_XAUUSD_20180507_BUY,LONG,1313.65,1312.02,1.6300000000001091,1.0691298832157696,2018-05-07 13:54:00+00:00,1314.04,2018-05-07 14:19:00+00:00,1312.64266,1312.33622,1314.04,2018-05-07 14:19:00+00:00,1312.33622,SL,0,-1.0,-1.5335465343948727
2018-05-10,setup_or_fib_XAUUSD_20180510_BUY,LONG,1322.47,1318.05,4.420000000000073,1.1870885183530766,2018-05-10 14:34:00+00:00,1322.82,2018-05-10 14:44:00+00:00,1319.73844,1318.9074799999999,1322.82,2018-05-10 14:44:00+00:00,1318.9074799999999,SL,0,-1.0,-1.196760373543798
2018-05-11,setup_or_fib_XAUUSD_20180511_BUY,LONG,1325.64,1324.31,1.3300000000001546,0.9633676701172162,2018-05-11 13:54:00+00:00,1325.76,2018-05-11 13:58:00+00:00,1324.81806,1324.5680200000002,1325.76,2018-05-11 13:59:00+00:00,1324.5680200000002,SL,1,-1.0,-1.6538953767399858
2018-05-16,setup_or_fib_XAUUSD_20180516_SELL,SHORT,1288.65,1287.13,1.5199999999999818,1.3572895443361193,2018-05-16 13:49:00+00:00,1286.59,2018-05-16 14:01:00+00:00,1288.09,1288.3551200000002,1286.59,2018-05-16 14:01:00+00:00,1288.3551200000002,SL,0,-1.0,-1.6167018708503496
2018-05-17,setup_or_fib_XAUUSD_20180517_SELL,SHORT,1289.08,1287.81,1.2699999999999818,1.281586330898553,2018-05-17 13:48:00+00:00,1287.18,2018-05-17 13:51:00+00:00,1288.59486,1288.8336199999999,1287.18,2018-05-17 13:51:00+00:00,1288.8336199999999,SL,0,-1.0,-1.6847880717039276
2018-05-18,setup_or_fib_XAUUSD_20180518_SELL,SHORT,1288.51,1286.26,2.25,0.9409039536399966,2018-05-18 13:51:00+00:00,1286.06,2018-05-18 14:13:00+00:00,1287.6505,1288.0735,1286.06,2018-05-18 14:13:00+00:00,1288.0735,SL,0,-1.0,-1.3865248226950337
2018-05-25,setup_or_fib_XAUUSD_20180525_BUY,LONG,1306.05,1303.19,2.8599999999999,1.0324600587868604,2018-05-25 13:47:00+00:00,1307.75,2018-05-25 14:35:00+00:00,1304.28252,1303.74484,1307.75,2018-05-25 14:45:00+00:00,1303.74484,SL,10,-1.0,-1.304084213658733
2018-05-28,setup_or_fib_XAUUSD_20180528_SELL,SHORT,1299.72,1298.58,1.1400000000001,0.9423347303989582,2018-05-28 13:45:00+00:00,1296.93,2018-05-28 15:31:00+00:00,1299.28452,1299.49884,1296.93,2018-05-28 16:00:00+00:00,1298.74,TIME,29,2.5406868234406974,1.7778088839111765
2018-05-29,setup_or_fib_XAUUSD_20180529_SELL,SHORT,1299.33,1296.93,2.3999999999998636,1.8451998524824247,2018-05-29 13:50:00+00:00,1292.48,2018-05-29 15:44:00+00:00,1298.4132,1298.8644,1292.48,2018-05-29 15:47:00+00:00,1298.8644,SL,3,-1.0,-1.3623670212766186
2018-06-04,setup_or_fib_XAUUSD_20180604_BUY,LONG,1297.34,1296.33,1.009999999999991,1.1062499755711732,2018-06-04 13:53:00+00:00,1297.5,2018-06-04 13:57:00+00:00,1296.71582,1296.52594,1297.5,2018-06-04 13:57:00+00:00,1296.52594,SL,0,-1.0,-1.8610701495685893
2018-06-05,setup_or_fib_XAUUSD_20180605_BUY,LONG,1293.49,1292.28,1.2100000000000364,0.9860336118700473,2018-06-05 14:00:00+00:00,1294.32,2018-06-05 14:33:00+00:00,1292.74222,1292.5147399999998,1294.32,2018-06-05 14:46:00+00:00,1292.5147399999998,SL,13,-1.0,-1.7187445050106667
2018-06-08,setup_or_fib_XAUUSD_20180608_SELL,SHORT,1299.44,1297.88,1.5599999999999454,1.2489819799449022,2018-06-08 14:01:00+00:00,1297.35,2018-06-08 14:28:00+00:00,1298.84408,1299.13736,1297.35,2018-06-08 14:33:00+00:00,1299.13736,SL,5,-1.0,-1.5574877250411676
2018-06-11,setup_or_fib_XAUUSD_20180611_BUY,LONG,1298.89,1298.07,0.8200000000001637,0.9266914423838567,2018-06-11 14:21:00+00:00,1300.73,2018-06-11 15:14:00+00:00,1298.38324,1298.22908,1300.73,2018-06-11 15:53:00+00:00,1300.73,TP,39,15.22288531397817,14.162298910240551
2018-06-14,setup_or_fib_XAUUSD_20180614_BUY,LONG,1308.3,1306.5,1.7999999999999545,1.3277405649132084,2018-06-14 13:47:00+00:00,1308.57,2018-06-14 13:53:00+00:00,1307.1876,1306.8491999999999,1308.57,2018-06-14 14:00:00+00:00,1306.8491999999999,SL,7,-1.0,-1.4831560283686624
2018-06-18,setup_or_fib_XAUUSD_20180618_BUY,LONG,1280.34,1278.83,1.509999999999991,0.9410718723885713,2018-06-18 14:04:00+00:00,1281.79,2018-06-18 15:26:00+00:00,1279.40682,1279.12294,1281.79,2018-06-18 15:26:00+00:00,1279.12294,SL,0,-1.0,-1.5759475834860739
2018-06-19,setup_or_fib_XAUUSD_20180619_SELL,SHORT,1274.53,1273.26,1.2699999999999818,1.4765977528424292,2018-06-19 13:57:00+00:00,1273.0,2018-06-19 14:00:00+00:00,1274.04486,1274.28362,1273.0,2018-06-19 14:00:00+00:00,1274.28362,SL,0,-1.0,-1.6847880717039276
2018-06-22,setup_or_fib_XAUUSD_20180622_SELL,SHORT,1268.9,1267.92,0.9800000000000182,0.8827688041216193,2018-06-22 14:06:00+00:00,1266.85,2018-06-22 14:19:00+00:00,1268.52564,1268.70988,1266.85,2018-06-22 14:20:00+00:00,1268.70988,SL,1,-1.0,-1.887429439860833
2018-06-26,setup_or_fib_XAUUSD_20180626_BUY,LONG,1256.9,1255.96,0.9400000000000546,1.1236978071300292,2018-06-26 13:51:00+00:00,1257.21,2018-06-26 14:01:00+00:00,1256.31908,1256.14236,1257.21,2018-06-26 14:01:00+00:00,1256.14236,SL,0,-1.0,-1.9251923947491107
2018-06-27,setup_or_fib_XAUUSD_20180627_SELL,SHORT,1256.81,1254.72,2.089999999999918,1.3838262516965782,2018-06-27 14:32:00+00:00,1253.6,2018-06-27 15:23:00+00:00,1256.01162,1256.40454,1253.6,2018-06-27 15:23:00+00:00,1256.40454,SL,0,-1.0,-1.4161152397434553
2018-06-28,setup_or_fib_XAUUSD_20180628_BUY,LONG,1252.98,1251.38,1.599999999999909,1.0390426739829173,2018-06-28 13:52:00+00:00,1254.24,2018-06-28 14:01:00+00:00,1251.9912000000002,1251.6904000000002,1254.24,2018-06-28 14:04:00+00:00,1251.6904000000002,SL,3,-1.0,-1.5435505319149279
2018-06-29,setup_or_fib_XAUUSD_20180629_BUY,LONG,1252.1,1250.0,2.099999999999909,0.8982228563679829,2018-06-29 13:48:00+00:00,1252.82,2018-06-29 14:11:00+00:00,1250.8021999999999,1250.4074,1252.82,2018-06-29 14:18:00+00:00,1250.4074,SL,7,-1.0,-1.4141337386020287
2018-07-02,setup_or_fib_XAUUSD_20180702_BUY,LONG,1249.48,1248.12,1.3600000000001273,0.7793379748128563,2018-07-02 13:48:00+00:00,1250.75,2018-07-02 13:58:00+00:00,1248.63952,1248.38384,1250.75,2018-07-02 13:58:00+00:00,1248.38384,SL,0,-1.0,-1.6394712140175622
2018-07-04,setup_or_fib_XAUUSD_20180704_BUY,LONG,1255.69,1254.82,0.8700000000001182,1.0417676860462095,2018-07-04 13:58:00+00:00,1256.32,2018-07-04 14:15:00+00:00,1255.15234,1254.98878,1256.32,2018-07-04 14:16:00+00:00,1254.98878,SL,1,-1.0,-1.99963316214118
2018-07-05,setup_or_fib_XAUUSD_20180705_BUY,LONG,1256.12,1255.02,1.099999999999909,0.9189654107624338,2018-07-05 13:47:00+00:00,1256.24,2018-07-05 13:51:00+00:00,1255.4402,1255.2334,1256.24,2018-07-05 14:00:00+00:00,1256.24,TP,9,3.867504835591271,3.0768858800784313
2018-07-09,setup_or_fib_XAUUSD_20180709_SELL,SHORT,1264.56,1263.35,1.2100000000000364,0.9382711933062006,2018-07-09 13:47:00+00:00,1262.51,2018-07-09 14:36:00+00:00,1264.0977799999998,1264.32526,1262.51,2018-07-09 14:45:00+00:00,1262.51,TP,9,6.979866361869849,6.261121856859183
2018-07-11,setup_or_fib_XAUUSD_20180711_BUY,LONG,1251.52,1249.03,2.490000000000009,1.134321682284596,2018-07-11 13:45:00+00:00,1252.55,2018-07-11 15:42:00+00:00,1249.98118,1249.51306,1252.55,2018-07-11 15:52:00+00:00,1249.51306,SL,10,-1.0,-1.3492694180979243
2018-07-13,setup_or_fib_XAUUSD_20180713_BUY,LONG,1241.71,1239.25,2.4600000000000364,1.236209305856552,2018-07-13 13:50:00+00:00,1243.68,2018-07-13 14:43:00+00:00,1240.18972,1239.7272400000002,1243.68,2018-07-13 16:00:00+00:00,1242.41,TIME,77,4.800813008130978,4.4472842068854535
2018-07-18,setup_or_fib_XAUUSD_20180718_BUY,LONG,1225.33,1224.1,1.2300000000000182,1.0883861310278433,2018-07-18 14:11:00+00:00,1225.64,2018-07-18 14:30:00+00:00,1224.5698599999998,1224.33862,1225.64,2018-07-18 14:33:00+00:00,1224.33862,SL,3,-1.0,-1.7070576024913975
2018-07-25,setup_or_fib_XAUUSD_20180725_BUY,LONG,1232.05,1231.05,1.0,1.1029848563065032,2018-07-25 13:59:00+00:00,1234.14,2018-07-25 14:53:00+00:00,1231.432,1231.244,1234.14,2018-07-25 14:53:00+00:00,1231.244,SL,0,-1.0,-1.8696808510633587
2018-07-26,setup_or_fib_XAUUSD_20180726_SELL,SHORT,1230.53,1228.29,2.240000000000009,0.9196958343182586,2018-07-26 13:46:00+00:00,1226.36,2018-07-26 14:43:00+00:00,1229.67432,1230.0954399999998,1226.36,2018-07-26 14:43:00+00:00,1230.0954399999998,SL,0,-1.0,-1.3882503799394437
2018-07-31,setup_or_fib_XAUUSD_20180731_SELL,SHORT,1225.13,1219.22,5.910000000000082,0.8381593004655902,2018-07-31 13:46:00+00:00,1213.93,2018-07-31 14:35:00+00:00,1222.87238,1223.98346,1213.93,2018-07-31 16:00:00+00:00,1221.34,TIME,85,1.3791806170574923,1.2320264967421104
2018-08-01,setup_or_fib_XAUUSD_20180801_SELL,SHORT,1222.4,1221.36,1.040000000000191,0.9307071707779689,2018-08-01 13:45:00+00:00,1220.99,2018-08-01 14:00:00+00:00,1222.00272,1222.1982400000002,1220.99,2018-08-01 14:01:00+00:00,1222.1982400000002,SL,1,-1.0,-1.836231587560455
2018-08-02,setup_or_fib_XAUUSD_20180802_BUY,LONG,1217.34,1214.84,2.5,1.165515073701141,2018-08-02 13:57:00+00:00,1218.32,2018-08-02 14:30:00+00:00,1215.7949999999998,1215.325,1218.32,2018-08-02 14:56:00+00:00,1215.325,SL,26,-1.0,-1.34787234042568
2018-08-07,setup_or_fib_XAUUSD_20180807_BUY,LONG,1213.67,1212.97,0.7000000000000455,0.9704149140419459,2018-08-07 14:00:00+00:00,1214.09,2018-08-07 14:09:00+00:00,1213.2374,1213.1058,1214.09,2018-08-07 14:10:00+00:00,1213.1058,SL,1,-1.0,-2.242401215806086
2018-08-13,setup_or_fib_XAUUSD_20180813_BUY,LONG,1201.48,1198.61,2.8700000000001182,1.608303774255083,2018-08-13 13:49:00+00:00,1202.87,2018-08-13 14:59:00+00:00,1199.70634,1199.16678,1202.87,2018-08-13 15:09:00+00:00,1199.16678,SL,10,-1.0,-1.3030246867818573
2018-08-14,setup_or_fib_XAUUSD_20180814_BUY,LONG,1196.33,1195.4,0.9299999999998363,0.898078687433458,2018-08-14 13:46:00+00:00,1196.6,2018-08-14 14:17:00+00:00,1195.7552600000001,1195.58042,1196.6,2018-08-14 14:18:00+00:00,1195.58042,SL,1,-1.0,-1.935140700067933
2018-08-15,setup_or_fib_XAUUSD_20180815_BUY,LONG,1187.19,1185.85,1.3400000000001455,1.1860293080609265,2018-08-15 13:45:00+00:00,1187.39,2018-08-15 13:56:00+00:00,1186.36188,1186.1099599999998,1187.39,2018-08-15 13:57:00+00:00,1186.1099599999998,SL,1,-1.0,-1.649015560494997
2018-08-16,setup_or_fib_XAUUSD_20180816_SELL,SHORT,1178.45,1176.32,2.130000000000109,1.5385922095334754,2018-08-16 13:47:00+00:00,1174.72,2018-08-16 14:30:00+00:00,1177.63634,1178.03678,1174.72,2018-08-16 14:35:00+00:00,1178.03678,SL,5,-1.0,-1.4083008690441643
2018-08-17,setup_or_fib_XAUUSD_20180817_BUY,LONG,1178.39,1177.18,1.2100000000000364,1.3141423307387927,2018-08-17 13:52:00+00:00,1179.9,2018-08-17 15:51:00+00:00,1177.6422200000002,1177.41474,1179.9,2018-08-17 15:51:00+00:00,1177.41474,SL,0,-1.0,-1.7187445050106667
2018-08-20,setup_or_fib_XAUUSD_20180820_BUY,LONG,1186.12,1185.09,1.0299999999999727,1.126159120487926,2018-08-20 13:47:00+00:00,1187.47,2018-08-20 14:46:00+00:00,1185.48346,1185.28982,1187.47,2018-08-20 14:58:00+00:00,1185.28982,SL,12,-1.0,-1.8443503408388469
2018-08-21,setup_or_fib_XAUUSD_20180821_BUY,LONG,1190.69,1189.38,1.3099999999999454,1.0881499578786846,2018-08-21 13:47:00+00:00,1191.67,2018-08-21 15:47:00+00:00,1189.8804200000002,1189.6341400000001,1191.67,2018-08-21 15:50:00+00:00,1189.6341400000001,SL,3,-1.0,-1.6638785122622775
2018-08-23,setup_or_fib_XAUUSD_20180823_SELL,SHORT,1192.85,1190.78,2.0699999999999363,1.2072517824586253,2018-08-23 14:00:00+00:00,1188.46,2018-08-23 15:00:00+00:00,1192.05926,1192.44842,1188.46,2018-08-23 16:00:00+00:00,1189.36,TIME,60,6.9361188200237995,6.515983143181312
2018-08-24,setup_or_fib_XAUUSD_20180824_BUY,LONG,1193.7,1192.8,0.900000000000091,1.0923691972929037,2018-08-24 13:54:00+00:00,1194.1,2018-08-24 14:01:00+00:00,1193.1438,1192.9746,1194.1,2018-08-24 14:06:00+00:00,1194.1,TP,5,5.65130023640421,4.6849881796668855
2018-08-27,setup_or_fib_XAUUSD_20180827_SELL,SHORT,1206.82,1205.5,1.3199999999999363,1.0590700848521313,2018-08-27 13:55:00+00:00,1205.39,2018-08-27 14:32:00+00:00,1206.31576,1206.5639199999998,1205.39,2018-08-27 14:39:00+00:00,1206.5639199999998,SL,7,-1.0,-1.6588491295941536
2018-08-28,setup_or_fib_XAUUSD_20180828_SELL,SHORT,1212.6,1211.19,1.4099999999998545,1.1236103362978098,2018-08-28 13:54:00+00:00,1210.78,2018-08-28 14:08:00+00:00,1212.0613799999999,1212.32646,1210.78,2018-08-28 14:13:00+00:00,1210.78,TP,5,4.833936924699309,4.217141994867097
2018-08-29,setup_or_fib_XAUUSD_20180829_BUY,LONG,1204.0,1202.33,1.6700000000000728,1.2393014955955233,2018-08-29 13:59:00+00:00,1206.68,2018-08-29 14:51:00+00:00,1202.96794,1202.6539799999998,1206.68,2018-08-29 14:51:00+00:00,1202.6539799999998,SL,0,-1.0,-1.5207669766846308
2018-08-31,setup_or_fib_XAUUSD_20180831_SELL,SHORT,1204.46,1202.28,2.1800000000000637,1.2506952708039842,2018-08-31 14:03:00+00:00,1200.64,2018-08-31 15:13:00+00:00,1203.62724,1204.03708,1200.64,2018-08-31 15:25:00+00:00,1204.03708,SL,12,-1.0,-1.3989361702127359
2018-09-03,setup_or_fib_XAUUSD_20180903_SELL,SHORT,1201.44,1200.53,0.9100000000000819,1.0494941358007,2018-09-03 13:53:00+00:00,1199.83,2018-09-03 15:10:00+00:00,1201.09238,1201.2634600000001,1199.83,2018-09-03 15:11:00+00:00,1201.2634600000001,SL,1,-1.0,-1.9556932429268694
2018-09-04,setup_or_fib_XAUUSD_20180904_BUY,LONG,1195.29,1194.15,1.1399999999998727,1.3726453947815742,2018-09-04 13:52:00+00:00,1195.56,2018-09-04 13:59:00+00:00,1194.58548,1194.3711600000001,1195.56,2018-09-04 13:59:00+00:00,1194.3711600000001,SL,0,-1.0,-1.7628779395303302
2018-09-06,setup_or_fib_XAUUSD_20180906_SELL,SHORT,1205.76,1204.19,1.5699999999999363,1.3010663918532464,2018-09-06 13:48:00+00:00,1202.53,2018-09-06 14:43:00+00:00,1205.16026,1205.45542,1202.53,2018-09-06 14:45:00+00:00,1205.45542,SL,2,-1.0,-1.5539368478115514
2018-09-12,setup_or_fib_XAUUSD_20180912_SELL,SHORT,1195.52,1193.88,1.6399999999998727,1.2881386431113502,2018-09-12 13:45:00+00:00,1193.48,2018-09-12 13:51:00+00:00,1194.89352,1195.20184,1193.48,2018-09-12 13:52:00+00:00,1195.20184,SL,1,-1.0,-1.5302932018684179
2018-09-13,setup_or_fib_XAUUSD_20180913_BUY,LONG,1210.03,1205.35,4.680000000000064,1.0536780020827952,2018-09-13 14:00:00+00:00,1212.6,2018-09-13 15:11:00+00:00,1207.1377599999998,1206.25792,1212.6,2018-09-13 15:16:00+00:00,1206.25792,SL,5,-1.0,-1.185829241680341
2018-09-18,setup_or_fib_XAUUSD_20180918_BUY,LONG,1201.5,1199.5,2.0,1.1669376137805432,2018-09-18 13:45:00+00:00,1203.48,2018-09-18 15:01:00+00:00,1200.264,1199.8880000000001,1203.48,2018-09-18 15:02:00+00:00,1199.8880000000001,SL,1,-1.0,-1.4348404255322051
2018-09-19,setup_or_fib_XAUUSD_20180919_SELL,SHORT,1205.75,1204.03,1.7200000000000273,1.0628809438291715,2018-09-19 13:45:00+00:00,1203.83,2018-09-19 13:48:00+00:00,1205.09296,1205.41632,1203.83,2018-09-19 13:49:00+00:00,1205.41632,SL,1,-1.0,-1.5056284017811503
2018-09-20,setup_or_fib_XAUUSD_20180920_SELL,SHORT,1207.55,1205.7,1.849999999999909,1.0452359275240866,2018-09-20 13:46:00+00:00,1205.31,2018-09-20 13:54:00+00:00,1206.8433,1207.1911,1205.31,2018-09-20 14:00:00+00:00,1207.1911,SL,6,-1.0,-1.470097757331791
2018-09-24,setup_or_fib_XAUUSD_20180924_SELL,SHORT,1199.45,1198.17,1.2799999999999727,1.0050082499998916,2018-09-24 13:59:00+00:00,1197.77,2018-09-24 14:03:00+00:00,1198.9610400000001,1199.20168,1197.77,2018-09-24 14:03:00+00:00,1199.20168,SL,0,-1.0,-1.6794381648943018
2018-09-25,setup_or_fib_XAUUSD_20180925_SELL,SHORT,1201.66,1200.6,1.0600000000001728,0.8774285876761809,2018-09-25 14:00:00+00:00,1200.13,2018-09-25 14:08:00+00:00,1201.25508,1201.45436,1200.13,2018-09-25 14:15:00+00:00,1201.45436,SL,7,-1.0,-1.8204536330789023
2018-09-26,setup_or_fib_XAUUSD_20180926_BUY,LONG,1195.12,1194.14,0.9799999999997908,0.9375400771949036,2018-09-26 13:54:00+00:00,1195.85,2018-09-26 14:36:00+00:00,1194.5143600000001,1194.33012,1195.85,2018-09-26 14:36:00+00:00,1194.33012,SL,0,-1.0,-1.887429439860833
2018-10-01,setup_or_fib_XAUUSD_20181001_BUY,LONG,1191.63,1188.48,3.150000000000091,1.1483865259092874,2018-10-01 13:47:00+00:00,1192.05,2018-10-01 14:05:00+00:00,1189.6833000000001,1189.0910999999999,1192.05,2018-10-01 14:10:00+00:00,1189.0910999999999,SL,5,-1.0,-1.276089159067754
2018-10-03,setup_or_fib_XAUUSD_20181003_BUY,LONG,1202.69,1201.24,1.4500000000000455,1.2425504717080773,2018-10-03 13:45:00+00:00,1205.18,2018-10-03 15:02:00+00:00,1201.7939000000001,1201.5213,1205.18,2018-10-03 15:02:00+00:00,1201.5213,SL,0,-1.0,-1.5997798972853752
2018-10-04,setup_or_fib_XAUUSD_20181004_BUY,LONG,1202.12,1200.52,1.599999999999909,1.1260387094564241,2018-10-04 13:46:00+00:00,1204.14,2018-10-04 14:17:00+00:00,1201.1312,1200.8304,1204.14,2018-10-04 14:33:00+00:00,1204.14,TP,16,10.002659574468929,9.459109042554001
2018-10-05,setup_or_fib_XAUUSD_20181005_BUY,LONG,1204.82,1199.48,5.339999999999918,1.0196450018412715,2018-10-05 15:03:00+00:00,1205.76,2018-10-05 15:25:00+00:00,1201.51988,1200.51596,1205.76,2018-10-05 16:00:00+00:00,1202.03,TIME,35,0.5081281377000765,0.34526655510387105
2018-10-08,setup_or_fib_XAUUSD_20181008_SELL,SHORT,1187.51,1184.68,2.8299999999999272,1.2574360387504047,2018-10-08 13:46:00+00:00,1184.04,2018-10-08 14:01:00+00:00,1186.42894,1186.9609799999998,1184.04,2018-10-08 14:04:00+00:00,1186.9609799999998,SL,3,-1.0,-1.3073077212240696
2018-10-09,setup_or_fib_XAUUSD_20181009_BUY,LONG,1187.32,1185.24,2.0799999999999272,1.0106131201181667,2018-10-09 14:01:00+00:00,1188.05,2018-10-09 14:37:00+00:00,1186.03456,1185.64352,1188.05,2018-10-09 14:40:00+00:00,1185.64352,SL,3,-1.0,-1.4181157937807138
2018-10-11,setup_or_fib_XAUUSD_20181011_BUY,LONG,1209.49,1203.41,6.079999999999927,1.5260200508264286,2018-10-11 13:45:00+00:00,1210.37,2018-10-11 14:25:00+00:00,1205.7325600000001,1204.5895200000002,1210.37,2018-10-11 15:21:00+00:00,1210.37,TP,56,4.057110862262068,3.9140712486002447
2018-10-12,setup_or_fib_XAUUSD_20181012_SELL,SHORT,1223.27,1219.7,3.5699999999999363,1.2930410612650154,2018-10-12 13:47:00+00:00,1218.32,2018-10-12 14:28:00+00:00,1221.90626,1222.57742,1218.32,2018-10-12 14:53:00+00:00,1222.57742,SL,25,-1.0,-1.2436080815304482
2018-10-15,setup_or_fib_XAUUSD_20181015_SELL,SHORT,1231.88,1230.13,1.75,1.3170108268963112,2018-10-15 14:00:00+00:00,1223.95,2018-10-15 14:55:00+00:00,1231.2115000000001,1231.5405000000003,1223.95,2018-10-15 16:00:00+00:00,1228.22,TIME,65,9.09270516716859,8.595744680846671
2018-10-16,setup_or_fib_XAUUSD_20181016_SELL,SHORT,1232.34,1230.62,1.7200000000000273,1.3041883448402574,2018-10-16 13:50:00+00:00,1228.24,2018-10-16 14:24:00+00:00,1231.6829599999999,1232.00632,1228.24,2018-10-16 14:24:00+00:00,1232.00632,SL,0,-1.0,-1.5056284017811503
2018-10-17,setup_or_fib_XAUUSD_20181017_BUY,LONG,1227.48,1225.37,2.1100000000001273,1.1529115395864484,2018-10-17 14:03:00+00:00,1228.27,2018-10-17 14:17:00+00:00,1226.1760199999999,1225.7793399999998,1228.27,2018-10-17 14:18:00+00:00,1225.7793399999998,SL,1,-1.0,-1.412171019461468
2018-10-18,setup_or_fib_XAUUSD_20181018_BUY,LONG,1226.03,1224.45,1.5799999999999272,1.178391883176526,2018-10-18 13:47:00+00:00,1226.27,2018-10-18 13:49:00+00:00,1225.05356,1224.75652,1226.27,2018-10-18 13:50:00+00:00,1224.75652,SL,1,-1.0,-1.5504309183945475
2018-10-23,setup_or_fib_XAUUSD_20181023_SELL,SHORT,1238.99,1237.31,1.6800000000000637,1.373052143198637,2018-10-23 14:03:00+00:00,1237.25,2018-10-23 14:07:00+00:00,1238.34824,1238.66408,1237.25,2018-10-23 14:07:00+00:00,1238.66408,SL,0,-1.0,-1.5176671732523124
2018-10-24,setup_or_fib_XAUUSD_20181024_SELL,SHORT,1229.41,1228.42,0.9900000000000091,1.3109365115745457,2018-10-24 13:51:00+00:00,1228.1,2018-10-24 13:53:00+00:00,1229.0318200000002,1229.21794,1228.1,2018-10-24 13:59:00+00:00,1229.21794,SL,6,-1.0,-1.8784655061258066
2018-10-25,setup_or_fib_XAUUSD_20181025_BUY,LONG,1232.64,1231.37,1.2700000000002092,1.2051150469515253,2018-10-25 13:55:00+00:00,1235.37,2018-10-25 14:19:00+00:00,1231.85514,1231.61638,1235.37,2018-10-25 14:21:00+00:00,1231.61638,SL,2,-1.0,-1.6847880717039276
2018-10-29,setup_or_fib_XAUUSD_20181029_SELL,SHORT,1231.85,1230.23,1.6199999999998909,1.2211412583887284,2018-10-29 13:57:00+00:00,1228.94,2018-10-29 15:34:00+00:00,1231.23116,1231.53572,1228.94,2018-10-29 15:48:00+00:00,1231.53572,SL,14,-1.0,-1.5368400315208162
2018-11-01,setup_or_fib_XAUUSD_20181101_SELL,SHORT,1230.13,1228.41,1.7200000000000273,1.474728693673678,2018-11-01 13:51:00+00:00,1228.08,2018-11-01 14:04:00+00:00,1229.47296,1229.7963200000002,1228.08,2018-11-01 14:04:00+00:00,1229.7963200000002,SL,0,-1.0,-1.5056284017811503
2018-11-02,setup_or_fib_XAUUSD_20181102_SELL,SHORT,1235.31,1230.43,4.879999999999882,1.3926241974801543,2018-11-02 13:57:00+00:00,1229.67,2018-11-02 14:11:00+00:00,1233.44584,1234.36328,1229.67,2018-11-02 15:02:00+00:00,1234.36328,SL,51,-1.0,-1.1782132891524353
2018-11-06,setup_or_fib_XAUUSD_20181106_BUY,LONG,1234.26,1232.93,1.3299999999999272,1.0437041238375062,2018-11-06 14:46:00+00:00,1234.45,2018-11-06 14:57:00+00:00,1233.43806,1233.18802,1234.45,2018-11-06 14:58:00+00:00,1233.18802,SL,1,-1.0,-1.6538953767399858
2018-11-08,setup_or_fib_XAUUSD_20181108_SELL,SHORT,1224.12,1220.54,3.5799999999999272,1.1525504985006993,2018-11-08 14:46:00+00:00,1219.98,2018-11-08 15:04:00+00:00,1222.75244,1223.4254799999999,1219.98,2018-11-08 15:22:00+00:00,1223.4254799999999,SL,18,-1.0,-1.2429276120290385
2018-11-12,setup_or_fib_XAUUSD_20181112_BUY,LONG,1205.93,1204.77,1.1600000000000819,1.0721035462078725,2018-11-12 14:47:00+00:00,1206.66,2018-11-12 15:01:00+00:00,1205.2131200000001,1204.99504,1206.66,2018-11-12 15:09:00+00:00,1204.99504,SL,8,-1.0,-1.7497248716064062
2018-11-13,setup_or_fib_XAUUSD_20181113_SELL,SHORT,1203.19,1202.18,1.009999999999991,1.31077321201961,2018-11-13 14:47:00+00:00,1198.95,2018-11-13 16:53:00+00:00,1202.80418,1202.99406,1198.95,2018-11-13 16:53:00+00:00,1202.99406,SL,0,-1.0,-1.8610701495685893
2018-11-14,setup_or_fib_XAUUSD_20181114_SELL,SHORT,1202.22,1199.77,2.4500000000000455,1.0159578948141328,2018-11-14 14:55:00+00:00,1198.45,2018-11-14 15:19:00+00:00,1201.2841,1201.7447,1198.45,2018-11-14 15:44:00+00:00,1201.7447,SL,25,-1.0,-1.3549717759445083
2018-11-19,setup_or_fib_XAUUSD_20181119_SELL,SHORT,1221.86,1220.35,1.509999999999991,1.0194256588260209,2018-11-19 14:46:00+00:00,1219.24,2018-11-19 15:32:00+00:00,1221.28318,1221.5670599999999,1219.24,2018-11-19 15:32:00+00:00,1221.5670599999999,SL,0,-1.0,-1.5759475834860739
2018-11-21,setup_or_fib_XAUUSD_20181121_SELL,SHORT,1227.01,1225.41,1.599999999999909,1.1015763954795557,2018-11-21 15:10:00+00:00,1224.91,2018-11-21 15:32:00+00:00,1226.3988,1226.6996,1224.91,2018-11-21 15:32:00+00:00,1226.6996,SL,0,-1.0,-1.5435505319149279
2018-11-22,setup_or_fib_XAUUSD_20181122_SELL,SHORT,1227.96,1227.61,0.3500000000001364,0.7004514006782827,2018-11-22 14:54:00+00:00,1227.52,2018-11-22 14:56:00+00:00,1227.8263,1227.8921,1227.52,2018-11-22 15:01:00+00:00,1227.8921,SL,5,-1.0,-3.484802431607879
2018-11-28,setup_or_fib_XAUUSD_20181128_SELL,SHORT,1214.43,1212.83,1.6000000000001364,0.9462161592857251,2018-11-28 15:05:00+00:00,1211.15,2018-11-28 15:31:00+00:00,1213.8188,1214.1196,1211.15,2018-11-28 15:31:00+00:00,1214.1196,SL,0,-1.0,-1.5435505319149279
2018-11-29,setup_or_fib_XAUUSD_20181129_SELL,SHORT,1227.74,1226.0,1.740000000000009,1.137108748560747,2018-11-29 14:50:00+00:00,1224.44,2018-11-29 15:25:00+00:00,1227.07532,1227.4024399999998,1224.44,2018-11-29 15:45:00+00:00,1227.4024399999998,SL,20,-1.0,-1.499816581071285
2018-12-03,setup_or_fib_XAUUSD_20181203_BUY,LONG,1232.86,1231.05,1.8099999999999454,1.3140694567534168,2018-12-03 15:09:00+00:00,1234.86,2018-12-03 16:00:00+00:00,1231.7414199999998,1231.40114,1234.86,2018-12-03 16:00:00+00:00,1231.40114,SL,0,-1.0,-1.4804866580464655
2018-12-04,setup_or_fib_XAUUSD_20181204_BUY,LONG,1240.14,1237.67,2.4700000000000273,1.0656619487261347,2018-12-04 15:05:00+00:00,1241.89,2018-12-04 16:25:00+00:00,1238.61354,1238.14918,1241.89,2018-12-04 16:49:00+00:00,1238.14918,SL,24,-1.0,-1.3520975105520292
2018-12-05,setup_or_fib_XAUUSD_20181205_BUY,LONG,1238.19,1237.45,0.7400000000000091,0.7542897728907114,2018-12-05 15:04:00+00:00,1238.67,2018-12-05 15:16:00+00:00,1237.73268,1237.59356,1238.67,2018-12-05 15:18:00+00:00,1237.59356,SL,2,-1.0,-2.1752443933290935
2018-12-10,setup_or_fib_XAUUSD_20181210_BUY,LONG,1245.08,1243.98,1.099999999999909,0.9888180661934001,2018-12-10 14:51:00+00:00,1245.58,2018-12-10 15:16:00+00:00,1244.4002,1244.1934,1245.58,2018-12-10 15:18:00+00:00,1244.1934,SL,2,-1.0,-1.7906189555128396
2018-12-11,setup_or_fib_XAUUSD_20181211_BUY,LONG,1247.3,1245.88,1.4199999999998454,0.9787999989258299,2018-12-11 14:52:00+00:00,1247.55,2018-12-11 15:00:00+00:00,1246.42244,1246.1554800000001,1247.55,2018-12-11 15:01:00+00:00,1246.1554800000001,SL,1,-1.0,-1.6124513035662462
2018-12-12,setup_or_fib_XAUUSD_20181212_SELL,SHORT,1246.41,1244.7,1.7100000000000364,0.9106311002365705,2018-12-12 14:52:00+00:00,1243.55,2018-12-12 15:40:00+00:00,1245.7567800000002,1246.0782600000002,1243.55,2018-12-12 15:44:00+00:00,1246.0782600000002,SL,4,-1.0,-1.5085852930196806
2018-12-13,setup_or_fib_XAUUSD_20181213_BUY,LONG,1243.37,1240.34,3.0299999999999727,0.8651477102401095,2018-12-13 15:10:00+00:00,1244.12,2018-12-13 15:47:00+00:00,1241.4974599999998,1240.9278199999999,1244.12,2018-12-13 15:48:00+00:00,1240.9278199999999,SL,1,-1.0,-1.2870233831894151
2018-12-14,setup_or_fib_XAUUSD_20181214_SELL,SHORT,1237.7,1234.16,3.5399999999999636,0.7589220788121698,2018-12-14 15:19:00+00:00,1232.89,2018-12-14 16:27:00+00:00,1236.34772,1237.01324,1232.89,2018-12-14 17:00:00+00:00,1236.02,TIME,33,0.49242697439594896,0.24675441759826244
2018-12-18,setup_or_fib_XAUUSD_20181218_BUY,LONG,1248.05,1246.88,1.1699999999998454,0.9475120006324098,2018-12-18 14:52:00+00:00,1248.39,2018-12-18 15:04:00+00:00,1247.3269400000001,1247.10698,1248.39,2018-12-18 15:05:00+00:00,1247.10698,SL,1,-1.0,-1.7433169667207886
2018-12-19,setup_or_fib_XAUUSD_20181219_BUY,LONG,1248.39,1247.49,0.900000000000091,0.7708287285422111,2018-12-19 14:46:00+00:00,1248.54,2018-12-19 14:54:00+00:00,1247.8338,1247.6646,1248.54,2018-12-19 14:56:00+00:00,1248.54,TP,2,4.173758865246221,3.207446808508896
2018-12-20,setup_or_fib_XAUUSD_20181220_BUY,LONG,1257.33,1255.09,2.240000000000009,1.3386535683763923,2018-12-20 15:05:00+00:00,1262.04,2018-12-20 16:47:00+00:00,1255.9456799999998,1255.52456,1262.04,2018-12-20 16:51:00+00:00,1255.52456,SL,4,-1.0,-1.3882503799394437
2018-12-26,setup_or_fib_XAUUSD_20181226_SELL,SHORT,1275.47,1273.81,1.6600000000000819,1.241805488789343,2018-12-26 14:53:00+00:00,1273.23,2018-12-26 15:01:00+00:00,1274.83588,1275.14796,1273.23,2018-12-26 15:06:00+00:00,1275.14796,SL,5,-1.0,-1.5239041271470137
2018-12-27,setup_or_fib_XAUUSD_20181227_BUY,LONG,1275.61,1273.89,1.7199999999998,1.273474676134125,2018-12-27 14:51:00+00:00,1276.37,2018-12-27 15:38:00+00:00,1274.54704,1274.22368,1276.37,2018-12-27 15:51:00+00:00,1276.37,TP,13,5.6375556655143555,5.13192726373285
2018-12-28,setup_or_fib_XAUUSD_20181228_BUY,LONG,1277.71,1276.51,1.2000000000000455,1.2958974635075438,2018-12-28 14:52:00+00:00,1278.56,2018-12-28 15:03:00+00:00,1276.9684,1276.7428,1278.56,2018-12-28 15:03:00+00:00,1276.7428,SL,0,-1.0,-1.7247340425532371
2018-12-31,setup_or_fib_XAUUSD_20181231_SELL,SHORT,1282.2,1279.81,2.3900000000001,0.9726095907605095,2018-12-31 14:46:00+00:00,1278.64,2018-12-31 16:04:00+00:00,1281.28702,1281.7363400000002,1278.64,2018-12-31 16:22:00+00:00,1278.64,TP,18,5.891168877412264,5.527285676130465
2019-01-02,setup_or_fib_XAUUSD_20190102_SELL,SHORT,1286.82,1283.27,3.5499999999999545,1.2863871671493958,2019-01-02 15:22:00+00:00,1282.0,2019-01-02 16:14:00+00:00,1285.4639,1286.1312999999998,1282.0,2019-01-02 16:15:00+00:00,1286.1312999999998,SL,1,-1.0,-1.2449805214264984
2019-01-03,setup_or_fib_XAUUSD_20190103_SELL,SHORT,1290.09,1287.09,3.0,1.331278190862249,2019-01-03 15:13:00+00:00,1286.76,2019-01-03 15:34:00+00:00,1288.944,1289.5079999999998,1286.76,2019-01-03 16:00:00+00:00,1289.5079999999998,SL,26,-1.0,-1.2898936170213533
2019-01-08,setup_or_fib_XAUUSD_20190108_SELL,SHORT,1281.65,1280.52,1.1300000000001091,1.0212704138047983,2019-01-08 14:45:00+00:00,1280.12,2019-01-08 14:57:00+00:00,1281.2183400000001,1281.4307800000001,1280.12,2019-01-08 15:12:00+00:00,1281.4307800000001,SL,15,-1.0,-1.7696290717378478
2019-01-09,setup_or_fib_XAUUSD_20190109_SELL,SHORT,1285.47,1284.18,1.2899999999999636,0.9627312045547315,2019-01-09 14:53:00+00:00,1284.09,2019-01-09 15:02:00+00:00,1284.97722,1285.21974,1284.09,2019-01-09 15:02:00+00:00,1285.21974,SL,0,-1.0,-1.6741712023750253
2019-01-10,setup_or_fib_XAUUSD_20190110_SELL,SHORT,1292.58,1291.46,1.1199999999998909,0.9800883056576881,2019-01-10 14:46:00+00:00,1289.04,2019-01-10 15:36:00+00:00,1292.1521599999999,1292.36272,1289.04,2019-01-10 17:00:00+00:00,1290.06,TIME,84,9.936170212755481,9.159669452877852
2019-01-14,setup_or_fib_XAUUSD_20190114_SELL,SHORT,1293.83,1288.59,5.240000000000009,0.9805818782364781,2019-01-14 14:52:00+00:00,1288.35,2019-01-14 15:17:00+00:00,1291.8283199999998,1292.81344,1288.35,2019-01-14 15:33:00+00:00,1292.81344,SL,16,-1.0,-1.1659696280656076
2019-01-18,setup_or_fib_XAUUSD_20190118_BUY,LONG,1283.57,1281.14,2.4299999999998363,1.1288070994111497,2019-01-18 14:46:00+00:00,1283.77,2019-01-18 15:20:00+00:00,1282.06826,1281.61142,1283.77,2019-01-18 16:00:00+00:00,1283.77,TP,40,3.7250240784514532,3.3671307241042423
2019-01-22,setup_or_fib_XAUUSD_20190122_BUY,LONG,1283.32,1282.24,1.0799999999999272,0.812048349991444,2019-01-22 15:05:00+00:00,1284.28,2019-01-22 15:23:00+00:00,1282.65256,1282.44952,1284.28,2019-01-22 15:23:00+00:00,1282.44952,SL,0,-1.0,-1.8052600472809237
2019-01-23,setup_or_fib_XAUUSD_20190123_SELL,SHORT,1282.25,1280.81,1.4400000000000546,0.8423501086927554,2019-01-23 14:51:00+00:00,1278.59,2019-01-23 16:40:00+00:00,1281.69992,1281.97064,1278.59,2019-01-23 16:40:00+00:00,1281.97064,SL,0,-1.0,-1.603945035461031
2019-01-28,setup_or_fib_XAUUSD_20190128_SELL,SHORT,1300.51,1299.29,1.2200000000000273,0.8711756593212291,2019-01-28 15:14:00+00:00,1297.56,2019-01-28 15:44:00+00:00,1300.04396,1300.27332,1297.56,2019-01-28 15:52:00+00:00,1300.27332,SL,8,-1.0,-1.7128531566095648
2019-01-29,setup_or_fib_XAUUSD_20190129_SELL,SHORT,1308.92,1308.12,0.8000000000001819,1.2447103772126635,2019-01-29 14:48:00+00:00,1307.9,2019-01-29 14:49:00+00:00,1308.6144,1308.7648000000002,1307.9,2019-01-29 14:49:00+00:00,1308.7648000000002,SL,0,-1.0,-2.087101063828212
2019-01-30,setup_or_fib_XAUUSD_20190130_BUY,LONG,1311.85,1310.42,1.4299999999998363,0.9260039937750941,2019-01-30 14:45:00+00:00,1312.0,2019-01-30 14:47:00+00:00,1310.96626,1310.69742,1312.0,2019-01-30 15:01:00+00:00,1310.69742,SL,14,-1.0,-1.608168427317466
2019-02-01,setup_or_fib_XAUUSD_20190201_BUY,LONG,1321.91,1317.19,4.720000000000027,0.7677725622624325,2019-02-01 14:45:00+00:00,1323.44,2019-02-01 16:02:00+00:00,1318.99304,1318.1056800000001,1323.44,2019-02-01 16:03:00+00:00,1318.1056800000001,SL,1,-1.0,-1.1842544175982805
2019-02-04,setup_or_fib_XAUUSD_20190204_SELL,SHORT,1312.27,1311.25,1.0199999999999818,0.8077293528300317,2019-02-04 14:48:00+00:00,1311.14,2019-02-04 15:01:00+00:00,1311.89,1312.07212,1311.14,2019-02-04 15:02:00+00:00,1312.07212,SL,1,-1.0,-1.8977597188669733
2019-02-05,setup_or_fib_XAUUSD_20190205_SELL,SHORT,1316.77,1314.97,1.7999999999999545,0.9747708274346565,2019-02-05 14:54:00+00:00,1313.15,2019-02-05 16:14:00+00:00,1316.0824,1316.4208,1313.15,2019-02-05 16:15:00+00:00,1316.4208,SL,1,-1.0,-1.4831560283686624
2019-02-06,setup_or_fib_XAUUSD_20190206_BUY,LONG,1314.06,1313.15,0.9099999999998545,0.777395757088496,2019-02-06 14:45:00+00:00,1314.84,2019-02-06 14:57:00+00:00,1313.49762,1313.32654,1314.84,2019-02-06 15:01:00+00:00,1313.32654,SL,4,-1.0,-1.9556932429268694
2019-02-07,setup_or_fib_XAUUSD_20190207_BUY,LONG,1309.49,1307.65,1.8399999999999181,1.015934941597854,2019-02-07 14:52:00+00:00,1311.9,2019-02-07 16:22:00+00:00,1308.3528800000001,1308.00696,1311.9,2019-02-07 16:23:00+00:00,1308.00696,SL,1,-1.0,-1.4726526364474526
2019-02-08,setup_or_fib_XAUUSD_20190208_SELL,SHORT,1314.94,1314.03,0.9100000000000819,0.8092192204979786,2019-02-08 15:05:00+00:00,1311.89,2019-02-08 15:53:00+00:00,1314.59238,1314.7634600000001,1311.89,2019-02-08 15:53:00+00:00,1314.7634600000001,SL,0,-1.0,-1.9556932429268694
2019-02-11,setup_or_fib_XAUUSD_20190211_SELL,SHORT,1306.1,1304.62,1.4800000000000182,0.9487487496437128,2019-02-11 15:19:00+00:00,1303.59,2019-02-11 15:40:00+00:00,1305.5346399999999,1305.81288,1303.59,2019-02-11 15:41:00+00:00,1305.81288,SL,1,-1.0,-1.5876221966645467
2019-02-13,setup_or_fib_XAUUSD_20190213_BUY,LONG,1310.7,1308.56,2.1400000000001,0.8328280508098095,2019-02-13 14:45:00+00:00,1311.52,2019-02-13 15:06:00+00:00,1309.3774799999999,1308.97516,1311.52,2019-02-13 15:40:00+00:00,1311.52,TP,34,5.325412606881442,4.9190196858234945
2019-02-15,setup_or_fib_XAUUSD_20190215_BUY,LONG,1317.56,1315.94,1.6199999999998909,1.0495083513805037,2019-02-15 14:58:00+00:00,1319.9,2019-02-15 15:49:00+00:00,1316.55884,1316.2542799999999,1319.9,2019-02-15 16:00:00+00:00,1316.2542799999999,SL,11,-1.0,-1.5368400315208162
2019-02-18,setup_or_fib_XAUUSD_20190218_BUY,LONG,1327.11,1325.62,1.490000000000009,0.764762116323529,2019-02-18 14:45:00+00:00,1327.61,2019-02-18 15:18:00+00:00,1326.1891799999999,1325.90906,1327.61,2019-02-18 15:19:00+00:00,1325.90906,SL,1,-1.0,-1.583678423532986
2019-02-20,setup_or_fib_XAUUSD_20190220_SELL,SHORT,1343.87,1342.97,0.8999999999998636,1.0742875904508133,2019-02-20 14:59:00+00:00,1342.08,2019-02-20 15:03:00+00:00,1343.5262,1343.6953999999998,1342.08,2019-02-20 15:04:00+00:00,1343.6953999999998,SL,1,-1.0,-1.9663120567386234
2019-02-25,setup_or_fib_XAUUSD_20190225_BUY,LONG,1330.4,1326.89,3.509999999999991,1.149880052493633,2019-02-25 14:45:00+00:00,1332.51,2019-02-25 16:54:00+00:00,1328.23082,1327.57094,1332.51,2019-02-25 17:00:00+00:00,1329.21,TIME,6,1.4838758562165029,1.2361035339760693
2019-02-26,setup_or_fib_XAUUSD_20190226_BUY,LONG,1327.17,1324.47,2.7000000000000455,1.0396704215399128,2019-02-26 14:48:00+00:00,1327.74,2019-02-26 15:40:00+00:00,1325.5014,1324.9938,1327.74,2019-02-26 15:40:00+00:00,1324.9938,SL,0,-1.0,-1.3221040189124416
2019-03-05,setup_or_fib_XAUUSD_20190305_SELL,SHORT,1286.87,1285.53,1.3399999999999181,1.0682851903859807,2019-03-05 14:53:00+00:00,1285.09,2019-03-05 15:00:00+00:00,1286.3581199999999,1286.61004,1285.09,2019-03-05 15:03:00+00:00,1286.61004,SL,3,-1.0,-1.649015560494997
2019-03-06,setup_or_fib_XAUUSD_20190306_SELL,SHORT,1286.68,1284.64,2.0399999999999636,1.09676670283366,2019-03-06 14:49:00+00:00,1284.01,2019-03-06 15:16:00+00:00,1285.90072,1286.28424,1284.01,2019-03-06 15:22:00+00:00,1286.28424,SL,6,-1.0,-1.426314142678501
2019-03-07,setup_or_fib_XAUUSD_20190307_SELL,SHORT,1285.38,1282.89,2.490000000000009,1.2442800414651591,2019-03-07 15:34:00+00:00,1282.76,2019-03-07 15:37:00+00:00,1284.42882,1284.89694,1282.76,2019-03-07 15:38:00+00:00,1284.89694,SL,1,-1.0,-1.3492694180979243
2019-03-11,setup_or_fib_XAUUSD_20190311_BUY,LONG,1295.54,1293.51,2.0299999999999727,0.8290221912795334,2019-03-11 14:04:00+00:00,1296.91,2019-03-11 14:48:00+00:00,1294.28546,1293.90382,1296.91,2019-03-11 14:58:00+00:00,1293.90382,SL,10,-1.0,-1.4284142123466455
2019-03-12,setup_or_fib_XAUUSD_20190312_BUY,LONG,1299.21,1296.63,2.5799999999999272,0.8866931637186678,2019-03-12 13:48:00+00:00,1299.55,2019-03-12 14:12:00+00:00,1297.6155600000002,1297.1305200000002,1299.55,2019-03-12 14:29:00+00:00,1297.1305200000002,SL,17,-1.0,-1.3370856011875127
2019-03-15,setup_or_fib_XAUUSD_20190315_SELL,SHORT,1303.11,1301.52,1.5899999999999181,1.052092208782993,2019-03-15 14:02:00+00:00,1300.59,2019-03-15 14:19:00+00:00,1302.50262,1302.80154,1300.59,2019-03-15 14:20:00+00:00,1302.80154,SL,1,-1.0,-1.5469690887194762
2019-03-18,setup_or_fib_XAUUSD_20190318_BUY,LONG,1305.9,1304.89,1.009999999999991,0.8519282058973656,2019-03-18 13:50:00+00:00,1306.67,2019-03-18 14:00:00+00:00,1305.27582,1305.0859400000002,1306.67,2019-03-18 14:00:00+00:00,1305.0859400000002,SL,0,-1.0,-1.8610701495685893
2019-03-19,setup_or_fib_XAUUSD_20190319_BUY,LONG,1309.31,1307.9,1.4099999999998545,0.8586836318981641,2019-03-19 14:03:00+00:00,1310.87,2019-03-19 15:23:00+00:00,1308.4386200000001,1308.17354,1310.87,2019-03-19 15:24:00+00:00,1308.17354,SL,1,-1.0,-1.6167949298322115
2019-03-20,setup_or_fib_XAUUSD_20190320_BUY,LONG,1308.17,1306.53,1.6400000000001,0.9510889382546932,2019-03-20 14:01:00+00:00,1309.57,2019-03-20 14:44:00+00:00,1307.15648,1306.84816,1309.57,2019-03-20 14:47:00+00:00,1306.84816,SL,3,-1.0,-1.5302932018680266
2019-03-22,setup_or_fib_XAUUSD_20190322_BUY,LONG,1311.71,1310.29,1.4200000000000728,1.349133885606556,2019-03-22 13:45:00+00:00,1312.21,2019-03-22 14:03:00+00:00,1310.83244,1310.56548,1312.21,2019-03-22 14:18:00+00:00,1310.56548,SL,15,-1.0,-1.6124513035662462
2019-03-25,setup_or_fib_XAUUSD_20190325_BUY,LONG,1319.12,1318.26,0.8599999999999,0.9081834024993363,2019-03-25 13:45:00+00:00,1320.04,2019-03-25 14:10:00+00:00,1318.58852,1318.4268399999999,1320.04,2019-03-25 14:11:00+00:00,1318.4268399999999,SL,1,-1.0,-2.01125680356159
2019-03-26,setup_or_fib_XAUUSD_20190326_BUY,LONG,1316.99,1314.65,2.339999999999918,1.1207169672362238,2019-03-26 14:06:00+00:00,1318.81,2019-03-26 14:45:00+00:00,1315.5438800000002,1315.10396,1318.81,2019-03-26 14:55:00+00:00,1315.10396,SL,10,-1.0,-1.3716584833603944
2019-03-27,setup_or_fib_XAUUSD_20190327_SELL,SHORT,1316.48,1314.27,2.2100000000000364,1.1136954555133338,2019-03-27 14:01:00+00:00,1313.89,2019-03-27 14:13:00+00:00,1315.63578,1316.05126,1313.89,2019-03-27 14:14:00+00:00,1316.05126,SL,1,-1.0,-1.3935207470878113
2019-03-29,setup_or_fib_XAUUSD_20190329_BUY,LONG,1297.85,1295.78,2.0699999999999363,1.2753555157619805,2019-03-29 13:54:00+00:00,1299.71,2019-03-29 15:17:00+00:00,1296.57074,1296.18158,1299.71,2019-03-29 15:19:00+00:00,1296.18158,SL,2,-1.0,-1.420135676842487
2019-04-01,setup_or_fib_XAUUSD_20190401_BUY,LONG,1295.3,1292.91,2.3899999999998727,1.1316990834829344,2019-04-01 13:52:00+00:00,1296.97,2019-04-01 15:00:00+00:00,1293.8229800000001,1293.37366,1296.97,2019-04-01 15:00:00+00:00,1293.37366,SL,0,-1.0,-1.363883201281799
2019-04-04,setup_or_fib_XAUUSD_20190404_SELL,SHORT,1286.79,1283.16,3.6299999999998818,0.9916740990597013,2019-04-04 14:08:00+00:00,1280.88,2019-04-04 15:33:00+00:00,1285.40334,1286.0857799999999,1280.88,2019-04-04 15:43:00+00:00,1286.0857799999999,SL,10,-1.0,-1.2395815016705414
2019-04-08,setup_or_fib_XAUUSD_20190408_BUY,LONG,1301.47,1299.29,2.1800000000000637,0.7638466884906198,2019-04-08 13:45:00+00:00,1303.66,2019-04-08 15:00:00+00:00,1300.12276,1299.71292,1303.66,2019-04-08 15:00:00+00:00,1299.71292,SL,0,-1.0,-1.3989361702127359
2019-04-09,setup_or_fib_XAUUSD_20190409_SELL,SHORT,1306.14,1304.53,1.6100000000001273,1.2030752655379278,2019-04-09 13:48:00+00:00,1303.93,2019-04-09 14:00:00+00:00,1305.5249800000001,1305.8276600000002,1303.93,2019-04-09 14:02:00+00:00,1305.8276600000002,SL,2,-1.0,-1.540174441654536
2019-04-11,setup_or_fib_XAUUSD_20190411_SELL,SHORT,1298.97,1295.69,3.2799999999999727,1.1682589845309164,2019-04-11 13:58:00+00:00,1294.7,2019-04-11 14:30:00+00:00,1297.71704,1298.33368,1294.7,2019-04-11 14:32:00+00:00,1298.33368,SL,2,-1.0,-1.265146600934111
2019-04-15,setup_or_fib_XAUUSD_20190415_SELL,SHORT,1285.13,1283.7,1.4300000000000637,1.2545679489811792,2019-04-15 13:47:00+00:00,1283.51,2019-04-15 13:54:00+00:00,1284.58374,1284.8525800000002,1283.51,2019-04-15 13:59:00+00:00,1284.8525800000002,SL,5,-1.0,-1.6081684273169516
2019-04-17,setup_or_fib_XAUUSD_20190417_BUY,LONG,1276.41,1275.09,1.3200000000001637,0.9911088567161931,2019-04-17 14:02:00+00:00,1276.63,2019-04-17 14:13:00+00:00,1275.59424,1275.34608,1276.63,2019-04-17 14:17:00+00:00,1275.34608,SL,4,-1.0,-1.6588491295941536
2019-04-24,setup_or_fib_XAUUSD_20190424_BUY,LONG,1272.57,1270.24,2.3299999999999272,1.0180461788051745,2019-04-24 13:47:00+00:00,1272.97,2019-04-24 13:59:00+00:00,1271.13006,1270.6920200000002,1272.97,2019-04-24 14:00:00+00:00,1270.6920200000002,SL,1,-1.0,-1.3732535841477596
2019-04-30,setup_or_fib_XAUUSD_20190430_SELL,SHORT,1283.48,1281.29,2.1900000000000546,0.8804770699147672,2019-04-30 13:50:00+00:00,1279.85,2019-04-30 14:37:00+00:00,1282.64342,1283.05514,1279.85,2019-04-30 14:39:00+00:00,1283.05514,SL,2,-1.0,-1.3971145438649244
2019-05-01,setup_or_fib_XAUUSD_20190501_SELL,SHORT,1282.33,1280.49,1.8399999999999181,0.8171760156172659,2019-05-01 13:46:00+00:00,1279.67,2019-05-01 14:04:00+00:00,1281.6271199999999,1281.97304,1279.67,2019-05-01 14:29:00+00:00,1281.97304,SL,25,-1.0,-1.4726526364474526
2019-05-02,setup_or_fib_XAUUSD_20190502_BUY,LONG,1270.63,1268.64,1.990000000000009,1.059713881410676,2019-05-02 13:53:00+00:00,1271.34,2019-05-02 13:58:00+00:00,1269.40018,1269.0260600000001,1271.34,2019-05-02 14:00:00+00:00,1269.0260600000001,SL,2,-1.0,-1.4370255532984677
2019-05-06,setup_or_fib_XAUUSD_20190506_SELL,SHORT,1279.68,1278.29,1.3900000000001,0.9695327273698097,2019-05-06 13:46:00+00:00,1276.93,2019-05-06 15:16:00+00:00,1279.14902,1279.4103400000001,1276.93,2019-05-06 15:58:00+00:00,1279.4103400000001,SL,42,-1.0,-1.6256696770241732
2019-05-07,setup_or_fib_XAUUSD_20190507_BUY,LONG,1280.21,1278.71,1.5,0.8288338779238842,2019-05-07 13:45:00+00:00,1280.69,2019-05-07 14:00:00+00:00,1279.2830000000001,1279.001,1280.69,2019-05-07 14:00:00+00:00,1279.001,SL,0,-1.0,-1.579787234042239
2019-05-08,setup_or_fib_XAUUSD_20190508_BUY,LONG,1291.1,1289.93,1.1699999999998454,1.0836244229100713,2019-05-08 13:45:00+00:00,1291.44,2019-05-08 13:49:00+00:00,1290.37694,1290.15698,1291.44,2019-05-08 13:49:00+00:00,1290.15698,SL,0,-1.0,-1.7433169667207886
2019-05-09,setup_or_fib_XAUUSD_20190509_BUY,LONG,1282.7,1281.4,1.2999999999999545,0.9153964887245639,2019-05-09 13:57:00+00:00,1283.5,2019-05-09 14:01:00+00:00,1281.8966,1281.6522,1283.5,2019-05-09 14:02:00+00:00,1281.6522,SL,1,-1.0,-1.6689852700489864
2019-05-10,setup_or_fib_XAUUSD_20190510_BUY,LONG,1288.54,1285.77,2.769999999999982,0.9226026151103851,2019-05-10 13:57:00+00:00,1288.71,2019-05-10 14:04:00+00:00,1286.82814,1286.30738,1288.71,2019-05-10 14:05:00+00:00,1286.30738,SL,1,-1.0,-1.3139642061601615
2019-05-14,setup_or_fib_XAUUSD_20190514_SELL,SHORT,1299.52,1298.64,0.8799999999998818,0.9496760065114187,2019-05-14 13:52:00+00:00,1297.98,2019-05-14 13:59:00+00:00,1299.18384,1299.34928,1297.98,2019-05-14 13:59:00+00:00,1299.34928,SL,0,-1.0,-1.9882736943907777
2019-05-15,setup_or_fib_XAUUSD_20190515_BUY,LONG,1300.69,1298.82,1.8700000000001182,0.9460766031011423,2019-05-15 13:48:00+00:00,1300.84,2019-05-15 13:59:00+00:00,1299.53434,1299.18278,1300.84,2019-05-15 13:59:00+00:00,1299.18278,SL,0,-1.0,-1.4650699738311423
2019-05-20,setup_or_fib_XAUUSD_20190520_BUY,LONG,1276.9,1275.41,1.490000000000009,1.1441726652737736,2019-05-20 13:46:00+00:00,1277.31,2019-05-20 14:02:00+00:00,1275.97918,1275.6990600000001,1277.31,2019-05-20 14:15:00+00:00,1275.6990600000001,SL,13,-1.0,-1.583678423532986
2019-05-21,setup_or_fib_XAUUSD_20190521_BUY,LONG,1272.4,1271.0,1.400000000000091,0.8797418776386583,2019-05-21 14:08:00+00:00,1273.31,2019-05-21 14:20:00+00:00,1271.5348000000001,1271.2716,1273.31,2019-05-21 14:31:00+00:00,1271.2716,SL,11,-1.0,-1.6212006079025063
2019-05-22,setup_or_fib_XAUUSD_20190522_SELL,SHORT,1277.26,1276.17,1.0899999999999181,0.8019818130823566,2019-05-22 13:46:00+00:00,1276.13,2019-05-22 13:48:00+00:00,1276.84362,1277.04854,1276.13,2019-05-22 13:51:00+00:00,1276.13,TP,3,3.4824321686528084,2.6845598282268943
2019-05-23,setup_or_fib_XAUUSD_20190523_SELL,SHORT,1283.58,1282.11,1.4700000000000273,1.1626325322328315,2019-05-23 13:45:00+00:00,1279.22,2019-05-23 14:45:00+00:00,1283.01846,1283.2948199999998,1279.22,2019-05-23 14:46:00+00:00,1283.2948199999998,SL,1,-1.0,-1.5916196265743752
2019-05-24,setup_or_fib_XAUUSD_20190524_SELL,SHORT,1284.4,1282.78,1.6200000000001182,0.7954598140353271,2019-05-24 14:30:00+00:00,1280.71,2019-05-24 15:33:00+00:00,1283.78116,1284.08572,1280.71,2019-05-24 16:00:00+00:00,1283.96,TIME,27,-0.5872077751510848,-1.1240478066719009
2019-05-27,setup_or_fib_XAUUSD_20190527_BUY,LONG,1285.69,1284.86,0.8300000000001546,0.4558312051184125,2019-05-27 14:05:00+00:00,1286.33,2019-05-27 15:30:00+00:00,1285.17706,1285.02102,1286.33,2019-05-27 16:00:00+00:00,1285.15,TIME,30,-0.17341707254472627,-1.2212253268379905
2019-05-28,setup_or_fib_XAUUSD_20190528_BUY,LONG,1278.94,1276.87,2.0700000000001637,1.1008339228018764,2019-05-28 13:53:00+00:00,1280.22,2019-05-28 14:37:00+00:00,1277.66074,1277.2715799999999,1280.22,2019-05-28 14:38:00+00:00,1277.2715799999999,SL,1,-1.0,-1.4201356768422415
2019-05-30,setup_or_fib_XAUUSD_20190530_BUY,LONG,1281.19,1279.4,1.7899999999999636,0.9770508365615935,2019-05-30 13:59:00+00:00,1282.73,2019-05-30 14:35:00+00:00,1280.0837800000002,1279.7472599999999,1282.73,2019-05-30 15:37:00+00:00,1282.73,TP,62,7.863485082603011,7.3776298585454265
2019-05-31,setup_or_fib_XAUUSD_20190531_BUY,LONG,1297.97,1295.37,2.6000000000001364,1.098830399903656,2019-05-31 14:08:00+00:00,1299.01,2019-05-31 15:00:00+00:00,1296.3632,1295.8744,1299.01,2019-05-31 15:00:00+00:00,1295.8744,SL,0,-1.0,-1.3344926350244932
2019-06-03,setup_or_fib_XAUUSD_20190603_SELL,SHORT,1318.13,1317.24,0.8900000000001,1.0742475581217477,2019-06-03 13:46:00+00:00,1312.69,2019-06-03 15:03:00+00:00,1317.7900200000001,1317.9573400000002,1312.69,2019-06-03 15:08:00+00:00,1317.9573400000002,SL,5,-1.0,-1.9771694955772323
2019-06-04,setup_or_fib_XAUUSD_20190604_BUY,LONG,1322.66,1321.33,1.3300000000001546,1.5265456701581903,2019-06-04 13:53:00+00:00,1323.62,2019-06-04 14:04:00+00:00,1321.83806,1321.5880200000001,1323.62,2019-06-04 14:04:00+00:00,1321.5880200000001,SL,0,-1.0,-1.6538953767399858
2019-06-06,setup_or_fib_XAUUSD_20190606_SELL,SHORT,1338.31,1335.85,2.4600000000000364,1.1423876819605934,2019-06-06 13:48:00+00:00,1334.73,2019-06-06 14:00:00+00:00,1337.3702799999999,1337.8327599999998,1334.73,2019-06-06 14:01:00+00:00,1337.8327599999998,SL,1,-1.0,-1.3535288012455249
2019-06-13,setup_or_fib_XAUUSD_20190613_SELL,SHORT,1337.09,1335.62,1.4700000000000273,1.0378381766558846,2019-06-13 13:45:00+00:00,1333.71,2019-06-13 14:54:00+00:00,1336.52846,1336.8048199999998,1333.71,2019-06-13 15:06:00+00:00,1336.8048199999998,SL,12,-1.0,-1.5916196265743752
2019-06-17,setup_or_fib_XAUUSD_20190617_BUY,LONG,1340.66,1337.35,3.310000000000173,1.309730459228935,2019-06-17 14:01:00+00:00,1343.19,2019-06-17 15:21:00+00:00,1338.6144199999999,1337.99214,1343.19,2019-06-17 15:21:00+00:00,1337.99214,SL,0,-1.0,-1.2627434595359768
2019-06-18,setup_or_fib_XAUUSD_20190618_SELL,SHORT,1354.57,1351.46,3.1099999999999,1.6207549035863476,2019-06-18 14:18:00+00:00,1351.0,2019-06-18 14:32:00+00:00,1353.3819799999999,1353.96666,1351.0,2019-06-18 14:40:00+00:00,1351.0,TP,8,4.073989190667073,3.7943490456305495
2019-06-19,setup_or_fib_XAUUSD_20190619_SELL,SHORT,1345.47,1343.39,2.0799999999999272,1.2168845509334862,2019-06-19 13:46:00+00:00,1342.25,2019-06-19 14:41:00+00:00,1344.67544,1345.06648,1342.25,2019-06-19 15:17:00+00:00,1345.06648,SL,36,-1.0,-1.4181157937807138
2019-06-21,setup_or_fib_XAUUSD_20190621_BUY,LONG,1395.67,1393.01,2.660000000000082,3.2404402416419447,2019-06-21 13:52:00+00:00,1399.96,2019-06-21 15:10:00+00:00,1394.02612,1393.52604,1399.96,2019-06-21 15:10:00+00:00,1393.52604,SL,0,-1.0,-1.3269476883698443
2019-06-24,setup_or_fib_XAUUSD_20190624_SELL,SHORT,1407.06,1405.14,1.9199999999998454,1.8346071213490178,2019-06-24 14:01:00+00:00,1404.43,2019-06-24 14:06:00+00:00,1406.32656,1406.68752,1404.43,2019-06-24 14:07:00+00:00,1406.68752,SL,1,-1.0,-1.4529587765957732
2019-06-25,setup_or_fib_XAUUSD_20190625_SELL,SHORT,1426.06,1424.38,1.6799999999998363,2.4943781505831626,2019-06-25 13:45:00+00:00,1423.98,2019-06-25 13:49:00+00:00,1425.41824,1425.73408,1423.98,2019-06-25 13:49:00+00:00,1425.73408,SL,0,-1.0,-1.5176671732523124
2019-06-26,setup_or_fib_XAUUSD_20190626_BUY,LONG,1411.5,1408.86,2.6400000000001,2.976451080223313,2019-06-26 13:45:00+00:00,1411.97,2019-06-26 13:55:00+00:00,1409.8684799999999,1409.37216,1411.97,2019-06-26 13:56:00+00:00,1409.37216,SL,1,-1.0,-1.329424564796926
2019-06-27,setup_or_fib_XAUUSD_20190627_SELL,SHORT,1406.74,1404.79,1.9500000000000455,1.5283039539712395,2019-06-27 13:45:00+00:00,1398.59,2019-06-27 15:08:00+00:00,1405.9951,1406.3617,1398.59,2019-06-27 15:08:00+00:00,1406.3617,SL,0,-1.0,-1.4459901800329342
2019-07-01,setup_or_fib_XAUUSD_20190701_SELL,SHORT,1395.19,1392.87,2.3200000000001637,1.6697267270534917,2019-07-01 14:11:00+00:00,1391.97,2019-07-01 14:25:00+00:00,1394.30376,1394.73992,1391.97,2019-07-01 14:57:00+00:00,1391.97,TP,32,5.350696991929866,4.975834556126468
2019-07-02,setup_or_fib_XAUUSD_20190702_BUY,LONG,1391.75,1389.83,1.9200000000000728,1.5137867563428726,2019-07-02 13:48:00+00:00,1393.19,2019-07-02 14:00:00+00:00,1390.56344,1390.20248,1393.19,2019-07-02 14:03:00+00:00,1390.20248,SL,3,-1.0,-1.4529587765957732
2019-07-03,setup_or_fib_XAUUSD_20190703_SELL,SHORT,1421.27,1418.37,2.900000000000091,2.722199206525132,2019-07-03 13:46:00+00:00,1411.96,2019-07-03 15:12:00+00:00,1420.1622,1420.7074,1411.96,2019-07-03 15:12:00+00:00,1420.7074,SL,0,-1.0,-1.2998899486426876
2019-07-09,setup_or_fib_XAUUSD_20190709_SELL,SHORT,1394.76,1392.45,2.3099999999999454,1.7894797680502594,2019-07-09 13:45:00+00:00,1391.05,2019-07-09 14:30:00+00:00,1393.87758,1394.31186,1391.05,2019-07-09 14:30:00+00:00,1394.31186,SL,0,-1.0,-1.376485216910797
2019-07-15,setup_or_fib_XAUUSD_20190715_SELL,SHORT,1414.32,1410.66,3.6599999999998545,1.2776111783248882,2019-07-15 14:22:00+00:00,1410.31,2019-07-15 14:38:00+00:00,1412.92188,1413.60996,1410.31,2019-07-15 14:39:00+00:00,1413.60996,SL,1,-1.0,-1.2376177188699335
2019-07-16,setup_or_fib_XAUUSD_20190716_SELL,SHORT,1414.5,1408.56,5.940000000000055,1.1059774907124655,2019-07-16 13:50:00+00:00,1407.09,2019-07-16 14:30:00+00:00,1412.23092,1413.34764,1407.09,2019-07-16 16:00:00+00:00,1410.11,TIME,90,1.8992406332832712,1.752829715595756
2019-07-19,setup_or_fib_XAUUSD_20190719_SELL,SHORT,1437.71,1434.72,2.990000000000009,1.8018156329986041,2019-07-19 13:53:00+00:00,1433.57,2019-07-19 14:07:00+00:00,1436.56782,1437.12994,1433.57,2019-07-19 14:14:00+00:00,1437.12994,SL,7,-1.0,-1.2908631608908872
2019-07-22,setup_or_fib_XAUUSD_20190722_SELL,SHORT,1427.66,1426.29,1.3700000000001182,1.3764825739255264,2019-07-22 13:45:00+00:00,1424.75,2019-07-22 14:17:00+00:00,1427.1366600000001,1427.39422,1424.75,2019-07-22 14:35:00+00:00,1427.39422,SL,18,-1.0,-1.6348035409230337
2019-07-23,setup_or_fib_XAUUSD_20190723_BUY,LONG,1425.96,1423.73,2.230000000000018,1.5407713279948791,2019-07-23 13:53:00+00:00,1427.06,2019-07-23 14:12:00+00:00,1424.58186,1424.16262,1427.06,2019-07-23 14:12:00+00:00,1424.16262,SL,0,-1.0,-1.3899914130331585
2019-07-24,setup_or_fib_XAUUSD_20190724_SELL,SHORT,1426.53,1424.72,1.8099999999999454,1.3245816754659234,2019-07-24 14:02:00+00:00,1424.37,2019-07-24 14:07:00+00:00,1425.83858,1426.17886,1424.37,2019-07-24 14:09:00+00:00,1426.17886,SL,2,-1.0,-1.4804866580464655
2019-07-29,setup_or_fib_XAUUSD_20190729_SELL,SHORT,1421.08,1420.24,0.8399999999999181,0.9745870700294835,2019-07-29 13:47:00+00:00,1419.44,2019-07-29 14:08:00+00:00,1420.75912,1420.91704,1419.44,2019-07-29 14:09:00+00:00,1420.91704,SL,1,-1.0,-2.035334346503879
2019-07-31,setup_or_fib_XAUUSD_20190731_BUY,LONG,1431.06,1429.34,1.7200000000000273,0.8671185784028088,2019-07-31 13:55:00+00:00,1434.47,2019-07-31 14:47:00+00:00,1429.99704,1429.6736799999999,1434.47,2019-07-31 14:47:00+00:00,1429.6736799999999,SL,0,-1.0,-1.5056284017811503
2019-08-01,setup_or_fib_XAUUSD_20190801_BUY,LONG,1406.15,1402.69,3.4600000000000364,1.7198907995900192,2019-08-01 13:46:00+00:00,1407.73,2019-08-01 14:03:00+00:00,1404.01172,1403.3612400000002,1407.73,2019-08-01 14:10:00+00:00,1403.3612400000002,SL,7,-1.0,-1.2513528471283561
2019-08-02,setup_or_fib_XAUUSD_20190802_SELL,SHORT,1441.88,1432.39,9.490000000000009,1.7577889278887155,2019-08-02 14:00:00+00:00,1430.91,2019-08-02 14:31:00+00:00,1438.25482,1440.0389400000001,1430.91,2019-08-02 14:35:00+00:00,1440.0389400000001,SL,4,-1.0,-1.0916418178149436
2019-08-06,setup_or_fib_XAUUSD_20190806_BUY,LONG,1467.08,1464.45,2.6299999999998818,2.149567313092641,2019-08-06 14:05:00+00:00,1468.06,2019-08-06 14:12:00+00:00,1465.45466,1464.96022,1468.06,2019-08-06 14:14:00+00:00,1464.96022,SL,2,-1.0,-1.3306771296819524
2019-08-08,setup_or_fib_XAUUSD_20190808_SELL,SHORT,1497.17,1493.49,3.6800000000000637,2.097295280962135,2019-08-08 13:58:00+00:00,1489.97,2019-08-08 14:50:00+00:00,1495.76424,1496.45608,1489.97,2019-08-08 14:50:00+00:00,1496.45608,SL,0,-1.0,-1.2363263182238817
2019-08-09,setup_or_fib_XAUUSD_20190809_BUY,LONG,1499.5,1495.57,3.9300000000000637,1.727954120369612,2019-08-09 13:59:00+00:00,1499.82,2019-08-09 14:04:00+00:00,1497.07126,1496.33242,1499.82,2019-08-09 14:31:00+00:00,1496.33242,SL,27,-1.0,-1.2212928374208272
2019-08-12,setup_or_fib_XAUUSD_20190812_SELL,SHORT,1505.79,1503.56,2.230000000000018,2.367436536309488,2019-08-12 13:52:00+00:00,1499.78,2019-08-12 14:45:00+00:00,1504.93814,1505.35738,1499.78,2019-08-12 14:46:00+00:00,1505.35738,SL,1,-1.0,-1.3899914130331585
2019-08-14,setup_or_fib_XAUUSD_20190814_BUY,LONG,1513.27,1510.83,2.4400000000000546,2.8534064644746358,2019-08-14 13:48:00+00:00,1515.59,2019-08-14 13:58:00+00:00,1511.76208,1511.3033599999999,1515.59,2019-08-14 14:03:00+00:00,1515.59,TP,5,8.34478549005764,7.988358911752858
2019-08-15,setup_or_fib_XAUUSD_20190815_BUY,LONG,1512.99,1508.82,4.170000000000073,3.5993885242399433,2019-08-15 13:50:00+00:00,1514.06,2019-08-15 13:57:00+00:00,1510.41294,1509.62898,1514.06,2019-08-15 14:15:00+00:00,1514.06,TP,18,4.652099596918347,4.443543037910229
2019-08-16,setup_or_fib_XAUUSD_20190816_BUY,LONG,1514.36,1509.77,4.589999999999918,2.172422669937034,2019-08-16 14:45:00+00:00,1516.27,2019-08-16 15:21:00+00:00,1511.5233799999999,1510.66046,1516.27,2019-08-16 15:39:00+00:00,1510.66046,SL,18,-1.0,-1.189472952301531
2019-08-19,setup_or_fib_XAUUSD_20190819_SELL,SHORT,1499.68,1497.7,1.9800000000000182,2.258921193255889,2019-08-19 13:47:00+00:00,1496.93,2019-08-19 14:00:00+00:00,1498.92364,1499.2958800000001,1496.93,2019-08-19 14:04:00+00:00,1499.2958800000001,SL,4,-1.0,-1.4392327530623668
2019-08-20,setup_or_fib_XAUUSD_20190820_BUY,LONG,1504.68,1502.99,1.6900000000000546,1.5859649565379152,2019-08-20 13:48:00+00:00,1505.23,2019-08-20 14:00:00+00:00,1503.6355800000001,1503.31786,1505.23,2019-08-20 14:00:00+00:00,1503.31786,SL,0,-1.0,-1.5146040538839092
2019-08-21,setup_or_fib_XAUUSD_20190821_BUY,LONG,1501.02,1499.02,2.0,1.37763698278206,2019-08-21 13:46:00+00:00,1501.25,2019-08-21 14:02:00+00:00,1499.7839999999999,1499.4080000000001,1501.25,2019-08-21 14:04:00+00:00,1501.25,TP,2,3.898936170215693,3.4640957446834877
2019-08-23,setup_or_fib_XAUUSD_20190823_SELL,SHORT,1504.95,1502.34,2.6100000000001273,1.626452652652528,2019-08-23 13:49:00+00:00,1501.13,2019-08-23 14:08:00+00:00,1503.95298,1504.4436600000001,1501.13,2019-08-23 14:08:00+00:00,1504.4436600000001,SL,0,-1.0,-1.3332110540473687
2019-08-26,setup_or_fib_XAUUSD_20190826_SELL,SHORT,1531.03,1528.63,2.3999999999998636,3.0270588118162873,2019-08-26 13:57:00+00:00,1526.05,2019-08-26 14:02:00+00:00,1530.1132,1530.5644,1526.05,2019-08-26 14:04:00+00:00,1530.5644,SL,2,-1.0,-1.3623670212766186
2019-08-27,setup_or_fib_XAUUSD_20190827_BUY,LONG,1530.93,1528.74,2.1900000000000546,1.4822838606097397,2019-08-27 14:10:00+00:00,1531.4,2019-08-27 14:16:00+00:00,1529.57658,1529.16486,1531.4,2019-08-27 14:16:00+00:00,1529.16486,SL,0,-1.0,-1.3971145438649244
2019-08-28,setup_or_fib_XAUUSD_20190828_BUY,LONG,1543.67,1540.82,2.8500000000001364,1.8768470854034482,2019-08-28 14:34:00+00:00,1544.72,2019-08-28 14:40:00+00:00,1541.9087,1541.3728999999998,1544.72,2019-08-28 14:40:00+00:00,1541.3728999999998,SL,0,-1.0,-1.3051511758118084
2019-08-29,setup_or_fib_XAUUSD_20190829_BUY,LONG,1540.09,1537.51,2.5799999999999272,2.196673646162702,2019-08-29 13:45:00+00:00,1545.18,2019-08-29 14:45:00+00:00,1538.49556,1538.01052,1545.18,2019-08-29 14:46:00+00:00,1538.01052,SL,1,-1.0,-1.3370856011875127
2019-08-30,setup_or_fib_XAUUSD_20190830_SELL,SHORT,1530.68,1526.2,4.480000000000018,1.734900898924312,2019-08-30 14:17:00+00:00,1524.67,2019-08-30 14:31:00+00:00,1528.96864,1529.81088,1524.67,2019-08-30 15:21:00+00:00,1529.81088,SL,50,-1.0,-1.194125189969617
2019-09-02,setup_or_fib_XAUUSD_20190902_SELL,SHORT,1524.97,1524.18,0.7899999999999636,1.3854276378035582,2019-09-02 13:55:00+00:00,1523.27,2019-09-02 14:04:00+00:00,1524.66822,1524.81674,1523.27,2019-09-02 14:04:00+00:00,1524.81674,SL,0,-1.0,-2.100861836789938
2019-09-03,setup_or_fib_XAUUSD_20190903_SELL,SHORT,1534.72,1532.22,2.5,1.8222662223027528,2019-09-03 13:46:00+00:00,1531.01,2019-09-03 14:02:00+00:00,1533.765,1534.235,1531.01,2019-09-03 14:05:00+00:00,1534.235,SL,3,-1.0,-1.34787234042568
2019-09-09,setup_or_fib_XAUUSD_20190909_BUY,LONG,1514.9,1511.98,2.9200000000000728,1.5548872212457958,2019-09-09 14:00:00+00:00,1515.43,2019-09-09 14:02:00+00:00,1513.09544,1512.5464800000002,1515.43,2019-09-09 14:09:00+00:00,1512.5464800000002,SL,7,-1.0,-1.2978359078986523
2019-09-10,setup_or_fib_XAUUSD_20190910_BUY,LONG,1495.55,1492.45,3.099999999999909,2.113954571288648,2019-09-10 13:45:00+00:00,1496.92,2019-09-10 14:01:00+00:00,1493.6342,1493.0514,1496.92,2019-09-10 14:04:00+00:00,1493.0514,SL,3,-1.0,-1.2805422100206352
2019-09-11,setup_or_fib_XAUUSD_20190911_BUY,LONG,1492.98,1489.83,3.150000000000091,1.4597038800074187,2019-09-11 13:46:00+00:00,1493.3,2019-09-11 14:04:00+00:00,1491.0333,1490.4410999999998,1493.3,2019-09-11 14:04:00+00:00,1490.4410999999998,SL,0,-1.0,-1.276089159067754
2019-09-13,setup_or_fib_XAUUSD_20190913_BUY,LONG,1505.66,1496.94,8.720000000000027,1.8822481584942272,2019-09-13 14:44:00+00:00,1506.08,2019-09-13 15:21:00+00:00,1500.27104,1498.63168,1506.08,2019-09-13 15:24:00+00:00,1498.63168,SL,3,-1.0,-1.0997340425531839
2019-09-17,setup_or_fib_XAUUSD_20190917_SELL,SHORT,1505.13,1503.47,1.6600000000000819,1.6921180399007785,2019-09-17 13:50:00+00:00,1501.71,2019-09-17 14:13:00+00:00,1504.4958800000002,1504.80796,1501.71,2019-09-17 14:13:00+00:00,1504.80796,SL,0,-1.0,-1.5239041271470137
2019-09-19,setup_or_fib_XAUUSD_20190919_BUY,LONG,1502.34,1499.02,3.3199999999999363,1.5906504705308593,2019-09-19 13:46:00+00:00,1504.45,2019-09-19 15:00:00+00:00,1500.2882399999999,1499.66408,1504.45,2019-09-19 15:50:00+00:00,1499.66408,SL,50,-1.0,-1.2619520635735069
2019-09-20,setup_or_fib_XAUUSD_20190920_BUY,LONG,1500.83,1499.32,1.509999999999991,1.3582322992522426,2019-09-20 13:54:00+00:00,1501.93,2019-09-20 14:05:00+00:00,1499.89682,1499.61294,1501.93,2019-09-20 14:05:00+00:00,1499.61294,SL,0,-1.0,-1.5759475834860739
2019-09-23,setup_or_fib_XAUUSD_20190923_BUY,LONG,1518.86,1517.6,1.259999999999991,1.6036489488573418,2019-09-23 13:46:00+00:00,1519.75,2019-09-23 14:00:00+00:00,1518.08132,1517.8444399999998,1519.75,2019-09-23 14:01:00+00:00,1517.8444399999998,SL,1,-1.0,-1.6902228976692526
2019-09-24,setup_or_fib_XAUUSD_20190924_BUY,LONG,1522.46,1520.51,1.9500000000000455,1.1880622736524507,2019-09-24 13:46:00+00:00,1523.04,2019-09-24 14:05:00+00:00,1521.2549,1520.8883,1523.04,2019-09-24 14:05:00+00:00,1520.8883,SL,0,-1.0,-1.4459901800329342
2019-09-25,setup_or_fib_XAUUSD_20190925_BUY,LONG,1527.47,1526.14,1.3299999999999272,1.45297992368826,2019-09-25 13:47:00+00:00,1529.16,2019-09-25 14:00:00+00:00,1526.64806,1526.39802,1529.16,2019-09-25 14:00:00+00:00,1526.39802,SL,0,-1.0,-1.6538953767399858
2019-09-30,setup_or_fib_XAUUSD_20190930_SELL,SHORT,1486.01,1482.69,3.3199999999999363,2.124481717855779,2019-09-30 14:04:00+00:00,1481.63,2019-09-30 14:40:00+00:00,1484.74176,1485.36592,1481.63,2019-09-30 14:40:00+00:00,1485.36592,SL,0,-1.0,-1.2619520635735069
2019-10-01,setup_or_fib_XAUUSD_20191001_BUY,LONG,1465.67,1462.64,3.0299999999999727,2.226515142614596,2019-10-01 14:02:00+00:00,1466.85,2019-10-01 14:32:00+00:00,1463.79746,1463.22782,1466.85,2019-10-01 14:35:00+00:00,1463.22782,SL,3,-1.0,-1.2870233831894151
2019-10-03,setup_or_fib_XAUUSD_20191003_BUY,LONG,1501.76,1498.71,3.0499999999999545,1.995921309993812,2019-10-03 13:51:00+00:00,1502.81,2019-10-03 14:00:00+00:00,1499.8751,1499.3017000000002,1502.81,2019-10-03 14:20:00+00:00,1499.3017000000002,SL,20,-1.0,-1.2851412626439955
2019-10-07,setup_or_fib_XAUUSD_20191007_SELL,SHORT,1499.73,1497.74,1.990000000000009,1.4587391511878365,2019-10-07 13:47:00+00:00,1495.71,2019-10-07 14:36:00+00:00,1498.96982,1499.34394,1495.71,2019-10-07 14:37:00+00:00,1499.34394,SL,1,-1.0,-1.4370255532984677
2019-10-08,setup_or_fib_XAUUSD_20191008_BUY,LONG,1506.37,1502.63,3.7399999999997817,2.143222152119894,2019-10-08 14:12:00+00:00,1508.68,2019-10-08 15:13:00+00:00,1504.05868,1503.35556,1508.68,2019-10-08 15:55:00+00:00,1503.35556,SL,42,-1.0,-1.2325349869154207
2019-10-09,setup_or_fib_XAUUSD_20191009_SELL,SHORT,1507.17,1506.23,0.9400000000000546,1.931627139897554,2019-10-09 13:50:00+00:00,1504.54,2019-10-09 14:01:00+00:00,1506.91,1506.98764,1504.54,2019-10-09 14:01:00+00:00,1506.98764,SL,0,-1.0,-3.1058732612062707
2019-10-11,setup_or_fib_XAUUSD_20191011_SELL,SHORT,1485.92,1483.43,2.490000000000009,2.6338365498102028,2019-10-11 13:56:00+00:00,1482.97,2019-10-11 14:00:00+00:00,1484.96882,1485.43694,1482.97,2019-10-11 14:00:00+00:00,1485.43694,SL,0,-1.0,-1.3492694180979243
2019-10-14,setup_or_fib_XAUUSD_20191014_SELL,SHORT,1492.96,1490.83,2.130000000000109,1.6673986767113034,2019-10-14 14:01:00+00:00,1488.58,2019-10-14 14:37:00+00:00,1492.14634,1492.54678,1488.58,2019-10-14 14:38:00+00:00,1492.54678,SL,1,-1.0,-1.4083008690441643
2019-10-16,setup_or_fib_XAUUSD_20191016_BUY,LONG,1487.54,1480.51,7.029999999999973,1.863304991043632,2019-10-16 13:50:00+00:00,1491.51,2019-10-16 15:18:00+00:00,1483.19546,1481.87382,1491.51,2019-10-16 16:00:00+00:00,1485.36,TIME,42,1.6377682273540228,1.514058291214065
2019-10-17,setup_or_fib_XAUUSD_20191017_BUY,LONG,1493.65,1488.07,5.580000000000155,1.829067418252648,2019-10-17 14:35:00+00:00,1494.35,2019-10-17 15:23:00+00:00,1490.20156,1489.15252,1494.35,2019-10-17 16:00:00+00:00,1491.33,TIME,37,1.0756882483032937,0.9198314649585031
2019-10-18,setup_or_fib_XAUUSD_20191018_BUY,LONG,1491.17,1489.85,1.3200000000001637,1.4954649111093161,2019-10-18 13:57:00+00:00,1493.41,2019-10-18 14:16:00+00:00,1490.35424,1490.10608,1493.41,2019-10-18 14:16:00+00:00,1490.10608,SL,0,-1.0,-1.6588491295941536
2019-10-21,setup_or_fib_XAUUSD_20191021_BUY,LONG,1492.57,1490.09,2.480000000000018,1.1229014886933568,2019-10-21 14:02:00+00:00,1495.17,2019-10-21 14:36:00+00:00,1491.03736,1490.5711199999998,1495.17,2019-10-21 14:36:00+00:00,1490.5711199999998,SL,0,-1.0,-1.3506777625255888
2019-10-22,setup_or_fib_XAUUSD_20191022_BUY,LONG,1486.19,1484.25,1.9400000000000546,1.2026524588056688,2019-10-22 13:47:00+00:00,1488.85,2019-10-22 15:06:00+00:00,1484.99108,1484.62636,1488.85,2019-10-22 15:08:00+00:00,1484.62636,SL,2,-1.0,-1.4482890984864685
2019-10-23,setup_or_fib_XAUUSD_20191023_BUY,LONG,1492.99,1491.23,1.759999999999991,1.1948360876185184,2019-10-23 13:51:00+00:00,1494.41,2019-10-23 14:11:00+00:00,1491.90232,1491.57144,1494.41,2019-10-23 14:16:00+00:00,1491.57144,SL,5,-1.0,-1.4941368471953889
2019-10-25,setup_or_fib_XAUUSD_20191025_BUY,LONG,1514.41,1512.49,1.9200000000000728,1.4521583169360126,2019-10-25 14:02:00+00:00,1517.93,2019-10-25 14:37:00+00:00,1513.22344,1512.86248,1517.93,2019-10-25 14:44:00+00:00,1512.86248,SL,7,-1.0,-1.4529587765957732
2019-10-29,setup_or_fib_XAUUSD_20191029_BUY,LONG,1489.33,1488.01,1.3199999999999363,1.6100534213524749,2019-10-29 13:50:00+00:00,1490.43,2019-10-29 14:10:00+00:00,1488.51424,1488.26608,1490.43,2019-10-29 14:11:00+00:00,1488.26608,SL,1,-1.0,-1.6588491295941536
2019-10-30,setup_or_fib_XAUUSD_20191030_BUY,LONG,1493.62,1489.64,3.979999999999791,1.070291188535682,2019-10-30 15:03:00+00:00,1495.65,2019-10-30 15:07:00+00:00,1491.16036,1490.41212,1495.65,2019-10-30 16:00:00+00:00,1491.81,TIME,53,0.8682240992191754,0.649711322570008
2019-10-31,setup_or_fib_XAUUSD_20191031_SELL,SHORT,1509.68,1506.72,2.9600000000000364,1.4337390183700396,2019-10-31 14:25:00+00:00,1505.77,2019-10-31 14:42:00+00:00,1508.54928,1509.10576,1505.77,2019-10-31 14:43:00+00:00,1509.10576,SL,1,-1.0,-1.2938110983323934
2019-11-04,setup_or_fib_XAUUSD_20191104_SELL,SHORT,1511.48,1509.63,1.849999999999909,1.5313345752746657,2019-11-04 15:14:00+00:00,1508.53,2019-11-04 15:44:00+00:00,1510.7733,1511.1211,1508.53,2019-11-04 15:47:00+00:00,1511.1211,SL,3,-1.0,-1.470097757331791
2019-11-06,setup_or_fib_XAUUSD_20191106_BUY,LONG,1488.6,1486.83,1.7699999999999818,1.4083550394059277,2019-11-06 14:45:00+00:00,1489.77,2019-11-06 15:09:00+00:00,1487.50614,1487.17338,1489.77,2019-11-06 15:15:00+00:00,1487.17338,SL,6,-1.0,-1.491345113595373
2019-11-07,setup_or_fib_XAUUSD_20191107_BUY,LONG,1484.95,1481.29,3.660000000000082,1.6352698826294345,2019-11-07 14:51:00+00:00,1488.09,2019-11-07 16:17:00+00:00,1482.68812,1482.00004,1488.09,2019-11-07 16:24:00+00:00,1482.00004,SL,7,-1.0,-1.237617718869855
2019-11-08,setup_or_fib_XAUUSD_20191108_BUY,LONG,1461.65,1458.65,3.0,2.1287064965946345,2019-11-08 15:20:00+00:00,1462.93,2019-11-08 15:37:00+00:00,1459.796,1459.2320000000002,1462.93,2019-11-08 15:38:00+00:00,1459.2320000000002,SL,1,-1.0,-1.2898936170213533
2019-11-11,setup_or_fib_XAUUSD_20191111_SELL,SHORT,1462.18,1460.33,1.8500000000001364,1.2181434936977813,2019-11-11 14:51:00+00:00,1459.84,2019-11-11 15:32:00+00:00,1461.4733,1461.8211000000001,1459.84,2019-11-11 15:34:00+00:00,1459.84,TP,2,4.696089706728463,4.225991949396672
2019-11-12,setup_or_fib_XAUUSD_20191112_BUY,LONG,1452.67,1450.02,2.650000000000091,1.7101895044652033,2019-11-12 14:55:00+00:00,1455.47,2019-11-12 16:31:00+00:00,1451.0323,1450.5340999999999,1455.47,2019-11-12 16:34:00+00:00,1450.5340999999999,SL,3,-1.0,-1.328181453231486
2019-11-13,setup_or_fib_XAUUSD_20191113_SELL,SHORT,1464.29,1461.55,2.740000000000009,1.576294067701797,2019-11-13 15:01:00+00:00,1460.32,2019-11-13 15:12:00+00:00,1463.24332,1463.75844,1460.32,2019-11-13 15:30:00+00:00,1463.75844,SL,18,-1.0,-1.3174017704612366
2019-11-14,setup_or_fib_XAUUSD_20191114_SELL,SHORT,1470.1,1467.69,2.4099999999998545,1.3288539383837596,2019-11-14 15:36:00+00:00,1467.09,2019-11-14 15:43:00+00:00,1469.17938,1469.6324599999998,1467.09,2019-11-14 15:44:00+00:00,1469.6324599999998,SL,1,-1.0,-1.360863423678119
2019-11-15,setup_or_fib_XAUUSD_20191115_SELL,SHORT,1468.41,1466.07,2.3400000000001455,1.3344114819788355,2019-11-15 15:22:00+00:00,1464.61,2019-11-15 16:25:00+00:00,1467.51612,1467.95604,1464.61,2019-11-15 16:28:00+00:00,1467.95604,SL,3,-1.0,-1.3716584833605863
2019-11-18,setup_or_fib_XAUUSD_20191118_SELL,SHORT,1466.13,1464.14,1.990000000000009,1.6045197340756552,2019-11-18 14:52:00+00:00,1463.83,2019-11-18 15:05:00+00:00,1465.3698200000001,1465.74394,1463.83,2019-11-18 15:05:00+00:00,1465.74394,SL,0,-1.0,-1.4370255532984677
2019-11-19,setup_or_fib_XAUUSD_20191119_SELL,SHORT,1470.06,1468.67,1.3899999999998727,1.2728303131669936,2019-11-19 14:57:00+00:00,1465.75,2019-11-19 15:45:00+00:00,1469.52902,1469.79034,1465.75,2019-11-19 15:45:00+00:00,1469.79034,SL,0,-1.0,-1.6256696770241732
2019-11-20,setup_or_fib_XAUUSD_20191120_BUY,LONG,1471.75,1470.33,1.4200000000000728,1.492628674351474,2019-11-20 14:49:00+00:00,1472.46,2019-11-20 15:08:00+00:00,1470.8724399999999,1470.60548,1472.46,2019-11-20 15:09:00+00:00,1470.60548,SL,1,-1.0,-1.6124513035662462
2019-11-21,setup_or_fib_XAUUSD_20191121_SELL,SHORT,1471.39,1468.39,3.0,1.5567839743815168,2019-11-21 15:24:00+00:00,1468.06,2019-11-21 15:42:00+00:00,1470.2440000000001,1470.808,1468.06,2019-11-21 15:56:00+00:00,1468.06,TP,14,3.872340425533287,3.582446808511934
2019-11-22,setup_or_fib_XAUUSD_20191122_SELL,SHORT,1470.27,1468.53,1.740000000000009,1.3171085211747828,2019-11-22 14:55:00+00:00,1467.68,2019-11-22 15:34:00+00:00,1469.60532,1469.9324399999998,1467.68,2019-11-22 15:45:00+00:00,1467.68,TP,11,5.885668867694682,5.385852286623398
2019-11-25,setup_or_fib_XAUUSD_20191125_SELL,SHORT,1457.48,1455.19,2.2899999999999636,1.2055165735621536,2019-11-25 14:47:00+00:00,1454.0,2019-11-25 15:13:00+00:00,1456.6052200000001,1457.03574,1454.0,2019-11-25 15:18:00+00:00,1457.03574,SL,5,-1.0,-1.3797732974078851
2019-11-26,setup_or_fib_XAUUSD_20191126_BUY,LONG,1455.83,1453.62,2.2100000000000364,1.0395521615444538,2019-11-26 15:03:00+00:00,1456.5,2019-11-26 15:21:00+00:00,1454.4642199999998,1454.04874,1456.5,2019-11-26 15:23:00+00:00,1454.04874,SL,2,-1.0,-1.3935207470878113
2019-11-27,setup_or_fib_XAUUSD_20191127_SELL,SHORT,1456.08,1453.79,2.2899999999999636,1.0479447816879286,2019-11-27 15:05:00+00:00,1453.04,2019-11-27 16:00:00+00:00,1455.20522,1455.63574,1453.04,2019-11-27 16:01:00+00:00,1455.63574,SL,1,-1.0,-1.3797732974078851
2019-11-28,setup_or_fib_XAUUSD_20191128_BUY,LONG,1456.09,1455.27,0.8199999999999363,0.7238626122554055,2019-11-28 14:49:00+00:00,1456.53,2019-11-28 15:17:00+00:00,1455.58324,1455.4290799999999,1456.53,2019-11-28 15:18:00+00:00,1455.4290799999999,SL,1,-1.0,-2.0605864037360533
2019-11-29,setup_or_fib_XAUUSD_20191129_SELL,SHORT,1455.32,1453.99,1.3299999999999272,0.9641945473657825,2019-11-29 14:49:00+00:00,1453.15,2019-11-29 15:11:00+00:00,1454.81194,1455.06198,1453.15,2019-11-29 15:12:00+00:00,1455.06198,SL,1,-1.0,-1.6538953767399858
2019-12-02,setup_or_fib_XAUUSD_20191202_SELL,SHORT,1461.65,1459.51,2.1400000000001,1.1546119591059518,2019-12-02 14:50:00+00:00,1457.06,2019-12-02 16:00:00+00:00,1460.8325200000002,1461.23484,1457.06,2019-12-02 16:00:00+00:00,1461.23484,SL,0,-1.0,-1.4063929210579473
2019-12-04,setup_or_fib_XAUUSD_20191204_SELL,SHORT,1478.97,1476.13,2.839999999999918,1.7909721523285005,2019-12-04 15:08:00+00:00,1475.58,2019-12-04 15:25:00+00:00,1477.8851200000001,1478.4190400000002,1475.58,2019-12-04 15:26:00+00:00,1478.4190400000002,SL,1,-1.0,-1.3062256517829927
2019-12-05,setup_or_fib_XAUUSD_20191205_SELL,SHORT,1476.1,1473.5,2.599999999999909,1.3319086459676,2019-12-05 15:18:00+00:00,1472.86,2019-12-05 15:35:00+00:00,1475.1068,1475.5955999999999,1472.86,2019-12-05 15:38:00+00:00,1475.5955999999999,SL,3,-1.0,-1.3344926350246489
2019-12-09,setup_or_fib_XAUUSD_20191209_BUY,LONG,1465.03,1461.93,3.099999999999909,0.8921675841513745,2019-12-09 14:45:00+00:00,1465.35,2019-12-09 15:08:00+00:00,1463.1142,1462.5314,1465.35,2019-12-09 15:33:00+00:00,1462.5314,SL,25,-1.0,-1.2805422100206352
2019-12-10,setup_or_fib_XAUUSD_20191210_BUY,LONG,1467.45,1463.65,3.7999999999999545,0.9978251164481046,2019-12-10 15:00:00+00:00,1469.17,2019-12-10 15:53:00+00:00,1465.1016,1464.3872000000001,1469.17,2019-12-10 15:54:00+00:00,1464.3872000000001,SL,1,-1.0,-1.2288633818589534
2019-12-12,setup_or_fib_XAUUSD_20191212_BUY,LONG,1483.33,1478.68,4.649999999999864,1.0911781793248436,2019-12-12 14:52:00+00:00,1486.69,2019-12-12 15:36:00+00:00,1480.4563,1479.5820999999999,1486.69,2019-12-12 15:36:00+00:00,1479.5820999999999,SL,0,-1.0,-1.187028140013684
2019-12-13,setup_or_fib_XAUUSD_20191213_SELL,SHORT,1473.56,1468.57,4.990000000000009,1.652502754250968,2019-12-13 14:57:00+00:00,1467.59,2019-12-13 15:07:00+00:00,1471.65382,1472.5919399999998,1467.59,2019-12-13 15:41:00+00:00,1472.5919399999998,SL,34,-1.0,-1.1742847396921876
2019-12-16,setup_or_fib_XAUUSD_20191216_BUY,LONG,1479.23,1476.99,2.240000000000009,1.0030594041495002,2019-12-16 16:12:00+00:00,1479.85,2019-12-16 16:26:00+00:00,1477.84568,1477.4245600000002,1479.85,2019-12-16 16:27:00+00:00,1477.4245600000002,SL,1,-1.0,-1.3882503799394437
2019-12-17,setup_or_fib_XAUUSD_20191217_SELL,SHORT,1477.46,1476.51,0.9500000000000455,0.8809989254904894,2019-12-17 14:46:00+00:00,1474.7,2019-12-17 15:40:00+00:00,1477.0971,1477.2757000000001,1474.7,2019-12-17 15:41:00+00:00,1477.2757000000001,SL,1,-1.0,-1.9154535274346483
2019-12-20,setup_or_fib_XAUUSD_20191220_BUY,LONG,1479.61,1477.85,1.759999999999991,0.6322233829367746,2019-12-20 14:51:00+00:00,1480.94,2019-12-20 16:00:00+00:00,1478.5223199999998,1478.1914399999998,1480.94,2019-12-20 16:04:00+00:00,1478.1914399999998,SL,4,-1.0,-1.4941368471953889
2019-12-23,setup_or_fib_XAUUSD_20191223_BUY,LONG,1483.59,1481.63,1.959999999999809,0.9141850216142634,2019-12-23 14:55:00+00:00,1483.94,2019-12-23 15:16:00+00:00,1482.37872,1482.01024,1483.94,2019-12-23 15:18:00+00:00,1482.01024,SL,2,-1.0,-1.4437147199306901
2019-12-27,setup_or_fib_XAUUSD_20191227_SELL,SHORT,1511.65,1510.94,0.7100000000000364,1.1841260386176633,2019-12-27 14:49:00+00:00,1510.04,2019-12-27 15:11:00+00:00,1511.37878,1511.5122600000002,1510.04,2019-12-27 15:40:00+00:00,1510.04,TP,29,10.029817201064812,8.804914593934406
2019-12-31,setup_or_fib_XAUUSD_20191231_BUY,LONG,1521.37,1519.84,1.5299999999999727,1.0150386627350578,2019-12-31 15:02:00+00:00,1523.25,2019-12-31 15:23:00+00:00,1520.42446,1520.13682,1523.25,2019-12-31 15:32:00+00:00,1520.13682,SL,9,-1.0,-1.5684188569044435
2020-01-06,setup_or_fib_XAUUSD_20200106_SELL,SHORT,1575.31,1572.22,3.089999999999918,1.9040565338777675,2020-01-06 14:45:00+00:00,1571.37,2020-01-06 14:52:00+00:00,1574.12962,1574.7105399999998,1571.37,2020-01-06 14:53:00+00:00,1574.7105399999998,SL,1,-1.0,-1.2814501136129488
2020-01-07,setup_or_fib_XAUUSD_20200107_BUY,LONG,1567.45,1565.43,2.019999999999982,2.07631162083851,2020-01-07 14:45:00+00:00,1571.64,2020-01-07 16:00:00+00:00,1566.20164,1565.82188,1571.64,2020-01-07 16:00:00+00:00,1565.82188,SL,0,-1.0,-1.4305350747840369
2020-01-08,setup_or_fib_XAUUSD_20200108_BUY,LONG,1573.23,1568.99,4.240000000000009,3.230385843370394,2020-01-08 14:45:00+00:00,1578.31,2020-01-08 16:34:00+00:00,1570.60968,1569.8125599999998,1578.31,2020-01-08 17:00:00+00:00,1573.48,TIME,26,3.600863107185059,3.3957496989153335
2020-01-10,setup_or_fib_XAUUSD_20200110_SELL,SHORT,1556.58,1548.54,8.039999999999964,1.29235147758735,2020-01-10 14:54:00+00:00,1546.82,2020-01-10 15:27:00+00:00,1553.50872,1555.02024,1546.82,2020-01-10 16:13:00+00:00,1555.02024,SL,46,-1.0,-1.1081692600825646
2020-01-13,setup_or_fib_XAUUSD_20200113_BUY,LONG,1555.22,1552.78,2.4400000000000546,1.4024575037661153,2020-01-13 14:45:00+00:00,1556.09,2020-01-13 15:30:00+00:00,1553.71208,1553.25336,1556.09,2020-01-13 15:37:00+00:00,1553.25336,SL,7,-1.0,-1.3564265783047824
2020-01-14,setup_or_fib_XAUUSD_20200114_SELL,SHORT,1546.71,1543.39,3.3199999999999363,1.4337658961075161,2020-01-14 14:45:00+00:00,1542.09,2020-01-14 15:31:00+00:00,1545.4417600000002,1546.06592,1542.09,2020-01-14 15:51:00+00:00,1546.06592,SL,20,-1.0,-1.2619520635735069
2020-01-15,setup_or_fib_XAUUSD_20200115_BUY,LONG,1553.27,1548.45,4.819999999999936,1.2999812938035131,2020-01-15 14:55:00+00:00,1557.0,2020-01-15 15:49:00+00:00,1550.29124,1549.38508,1557.0,2020-01-15 15:50:00+00:00,1549.38508,SL,1,-1.0,-1.180431711838969
2020-01-16,setup_or_fib_XAUUSD_20200116_SELL,SHORT,1555.27,1552.48,2.7899999999999636,1.1032708940924536,2020-01-16 15:32:00+00:00,1550.66,2020-01-16 16:02:00+00:00,1554.20422,1554.72874,1550.66,2020-01-16 16:02:00+00:00,1554.72874,SL,0,-1.0,-1.3117135666895812
2020-01-17,setup_or_fib_XAUUSD_20200117_SELL,SHORT,1558.62,1555.67,2.949999999999818,1.3516400863865292,2020-01-17 14:51:00+00:00,1554.41,2020-01-17 15:37:00+00:00,1557.4931,1558.0476999999998,1554.41,2020-01-17 15:39:00+00:00,1558.0476999999998,SL,2,-1.0,-1.294807068157264
2020-01-20,setup_or_fib_XAUUSD_20200120_SELL,SHORT,1560.96,1559.79,1.1700000000000728,0.7695538380828266,2020-01-20 14:46:00+00:00,1559.63,2020-01-20 14:55:00+00:00,1560.51306,1560.7330200000001,1559.63,2020-01-20 15:47:00+00:00,1559.63,TP,52,4.014639025274467,3.271322058553678
2020-01-21,setup_or_fib_XAUUSD_20200121_SELL,SHORT,1555.26,1552.14,3.119999999999891,1.9114776696988658,2020-01-21 14:53:00+00:00,1546.3,2020-01-21 16:15:00+00:00,1554.06816,1554.65472,1546.3,2020-01-21 16:17:00+00:00,1554.65472,SL,2,-1.0,-1.278743862520476
2020-01-22,setup_or_fib_XAUUSD_20200122_BUY,LONG,1557.17,1554.57,2.6000000000001364,1.1094163939533326,2020-01-22 15:16:00+00:00,1558.98,2020-01-22 16:11:00+00:00,1555.5632,1555.0744,1558.98,2020-01-22 16:19:00+00:00,1555.0744,SL,8,-1.0,-1.3344926350244932
2020-01-27,setup_or_fib_XAUUSD_20200127_SELL,SHORT,1583.72,1581.67,2.0499999999999545,1.8805857656521459,2020-01-27 14:50:00+00:00,1580.66,2020-01-27 15:04:00+00:00,1582.9369000000002,1583.3223,1580.66,2020-01-27 15:15:00+00:00,1583.3223,SL,11,-1.0,-1.4242345614946716
2020-01-28,setup_or_fib_XAUUSD_20200128_BUY,LONG,1575.35,1573.29,2.0599999999999454,1.7129606449440569,2020-01-28 15:03:00+00:00,1578.0,2020-01-28 16:01:00+00:00,1574.07692,1573.68964,1578.0,2020-01-28 16:03:00+00:00,1573.68964,SL,2,-1.0,-1.4221751704194234
2020-01-29,setup_or_fib_XAUUSD_20200129_SELL,SHORT,1572.26,1569.45,2.8099999999999454,1.3375757878617849,2020-01-29 15:08:00+00:00,1567.79,2020-01-29 15:50:00+00:00,1571.18658,1571.71486,1567.79,2020-01-29 15:57:00+00:00,1571.71486,SL,7,-1.0,-1.3094949647914014
2020-01-30,setup_or_fib_XAUUSD_20200130_BUY,LONG,1579.87,1576.83,3.0399999999999636,1.485819120353074,2020-01-30 14:46:00+00:00,1580.83,2020-01-30 14:56:00+00:00,1577.99128,1577.41976,1580.83,2020-01-30 15:33:00+00:00,1577.41976,SL,37,-1.0,-1.286079227323646
2020-02-03,setup_or_fib_XAUUSD_20200203_BUY,LONG,1578.36,1576.39,1.9699999999998,1.7550556267881048,2020-02-03 14:50:00+00:00,1580.41,2020-02-03 15:45:00+00:00,1577.14254,1576.7721800000002,1580.41,2020-02-03 15:47:00+00:00,1576.7721800000002,SL,2,-1.0,-1.441462360946236
2020-02-05,setup_or_fib_XAUUSD_20200205_BUY,LONG,1554.06,1552.15,1.9099999999998545,2.2185959570334313,2020-02-05 14:45:00+00:00,1556.86,2020-02-05 16:02:00+00:00,1552.87962,1552.5205400000002,1556.86,2020-02-05 16:26:00+00:00,1556.86,TP,24,11.08493928930337,10.629609000787921
2020-02-06,setup_or_fib_XAUUSD_20200206_BUY,LONG,1564.8,1562.91,1.8899999999998727,1.711719487096943,2020-02-06 14:47:00+00:00,1566.56,2020-02-06 14:58:00+00:00,1563.63198,1563.27666,1566.56,2020-02-06 15:04:00+00:00,1563.27666,SL,6,-1.0,-1.4601485984463158
2020-02-10,setup_or_fib_XAUUSD_20200210_SELL,SHORT,1573.73,1572.7,1.0299999999999727,1.2353269595054759,2020-02-10 14:49:00+00:00,1572.01,2020-02-10 15:03:00+00:00,1573.33654,1573.53018,1572.01,2020-02-10 15:05:00+00:00,1573.53018,SL,2,-1.0,-1.8443503408388469
2020-02-12,setup_or_fib_XAUUSD_20200212_BUY,LONG,1566.07,1564.77,1.2999999999999545,1.2310734703152626,2020-02-12 14:51:00+00:00,1567.24,2020-02-12 15:33:00+00:00,1565.2666,1565.0221999999999,1567.24,2020-02-12 15:33:00+00:00,1565.0221999999999,SL,0,-1.0,-1.6689852700489864
2020-02-13,setup_or_fib_XAUUSD_20200213_BUY,LONG,1574.88,1572.33,2.550000000000182,1.3364596113578926,2020-02-13 14:45:00+00:00,1575.78,2020-02-13 15:10:00+00:00,1573.3041,1572.8247000000001,1575.78,2020-02-13 15:45:00+00:00,1572.8247000000001,SL,35,-1.0,-1.34105131414272
2020-02-17,setup_or_fib_XAUUSD_20200217_BUY,LONG,1581.61,1580.97,0.6399999999998727,0.7075472476990395,2020-02-17 14:57:00+00:00,1582.58,2020-02-17 15:54:00+00:00,1581.2144799999999,1581.09416,1582.58,2020-02-17 15:55:00+00:00,1581.09416,SL,1,-1.0,-2.3588763297898874
2020-02-18,setup_or_fib_XAUUSD_20200218_BUY,LONG,1591.51,1587.97,3.5399999999999636,1.1688091433877734,2020-02-18 14:53:00+00:00,1593.35,2020-02-18 15:41:00+00:00,1589.32228,1588.65676,1593.35,2020-02-18 15:42:00+00:00,1588.65676,SL,1,-1.0,-1.2456725567976865
2020-02-19,setup_or_fib_XAUUSD_20200219_SELL,SHORT,1607.67,1604.39,3.2799999999999727,1.4092605499892377,2020-02-19 14:46:00+00:00,1602.38,2020-02-19 16:22:00+00:00,1606.41704,1607.03368,1602.38,2020-02-19 16:25:00+00:00,1607.03368,SL,3,-1.0,-1.265146600934111
2020-02-20,setup_or_fib_XAUUSD_20200220_SELL,SHORT,1619.15,1615.2,3.9500000000000455,1.6732964564380766,2020-02-20 15:18:00+00:00,1613.66,2020-02-20 16:00:00+00:00,1617.6411,1618.3837,1613.66,2020-02-20 16:02:00+00:00,1618.3837,SL,2,-1.0,-1.2201723673579201
2020-02-21,setup_or_fib_XAUUSD_20200221_BUY,LONG,1643.18,1641.08,2.1000000000001364,2.0280200765142196,2020-02-21 14:45:00+00:00,1645.5,2020-02-21 14:57:00+00:00,1641.8822,1641.4874,1645.5,2020-02-21 15:00:00+00:00,1641.4874,SL,3,-1.0,-1.41413373860179
2020-02-24,setup_or_fib_XAUUSD_20200224_SELL,SHORT,1679.54,1674.74,4.7999999999999545,3.650251909381284,2020-02-24 14:45:00+00:00,1674.31,2020-02-24 15:00:00+00:00,1677.7064,1678.6088,1674.31,2020-02-24 15:01:00+00:00,1678.6088,SL,1,-1.0,-1.1811835106383093
2020-02-25,setup_or_fib_XAUUSD_20200225_SELL,SHORT,1652.38,1650.1,2.2800000000002,3.9616477492668696,2020-02-25 14:55:00+00:00,1649.74,2020-02-25 15:00:00+00:00,1651.5090400000001,1651.93768,1649.74,2020-02-25 15:02:00+00:00,1651.93768,SL,2,-1.0,-1.3814389697649627
2020-02-27,setup_or_fib_XAUUSD_20200227_SELL,SHORT,1651.93,1648.58,3.3500000000001364,2.90571742841504,2020-02-27 14:46:00+00:00,1647.66,2020-02-27 14:50:00+00:00,1650.6503,1651.2801,1647.66,2020-02-27 14:52:00+00:00,1651.2801,SL,2,-1.0,-1.2596062241981862
2020-02-28,setup_or_fib_XAUUSD_20200228_BUY,LONG,1624.56,1619.85,4.710000000000036,4.9544504950309785,2020-02-28 14:47:00+00:00,1629.23,2020-02-28 15:30:00+00:00,1621.64922,1620.7637399999999,1629.23,2020-02-28 15:32:00+00:00,1620.7637399999999,SL,2,-1.0,-1.184645615937089
2020-03-02,setup_or_fib_XAUUSD_20200302_SELL,SHORT,1597.5,1592.85,4.650000000000091,3.941372332641074,2020-03-02 14:56:00+00:00,1592.37,2020-03-02 14:58:00+00:00,1595.7237,1596.5979,1592.37,2020-03-02 15:12:00+00:00,1592.37,TP,14,3.8363074811258513,3.649279341112119
2020-03-04,setup_or_fib_XAUUSD_20200304_BUY,LONG,1643.37,1636.99,6.379999999999882,3.173133314677316,2020-03-04 15:44:00+00:00,1646.57,2020-03-04 16:19:00+00:00,1639.42716,1638.2277199999999,1646.57,2020-03-04 16:24:00+00:00,1638.2277199999999,SL,5,-1.0,-1.1363136130193983
2020-03-05,setup_or_fib_XAUUSD_20200305_SELL,SHORT,1656.53,1652.05,4.480000000000018,2.5193093538118543,2020-03-05 14:46:00+00:00,1651.55,2020-03-05 14:55:00+00:00,1654.81864,1655.66088,1651.55,2020-03-05 15:00:00+00:00,1655.66088,SL,5,-1.0,-1.194125189969617
2020-03-06,setup_or_fib_XAUUSD_20200306_SELL,SHORT,1684.06,1671.05,13.009999999999991,4.276774601006366,2020-03-06 14:48:00+00:00,1668.53,2020-03-06 15:06:00+00:00,1679.09018,1681.53606,1668.53,2020-03-06 15:07:00+00:00,1681.53606,SL,1,-1.0,-1.0668471061540226
2020-03-09,setup_or_fib_XAUUSD_20200309_BUY,LONG,1678.27,1671.41,6.8599999999999,6.166464701061559,2020-03-09 13:50:00+00:00,1685.8,2020-03-09 14:52:00+00:00,1674.03052,1672.7408400000002,1685.8,2020-03-09 14:52:00+00:00,1672.7408400000002,SL,0,-1.0,-1.126775634265878
2020-03-10,setup_or_fib_XAUUSD_20200310_SELL,SHORT,1665.8,1661.82,3.980000000000018,4.007430193131584,2020-03-10 13:48:00+00:00,1659.65,2020-03-10 14:05:00+00:00,1664.27964,1665.0278799999999,1659.65,2020-03-10 14:15:00+00:00,1665.0278799999999,SL,10,-1.0,-1.2185127766492339
2020-03-11,setup_or_fib_XAUUSD_20200311_SELL,SHORT,1668.56,1664.21,4.349999999999909,2.9095558797519763,2020-03-11 13:51:00+00:00,1663.06,2020-03-11 14:01:00+00:00,1666.8983,1667.7160999999999,1663.06,2020-03-11 14:22:00+00:00,1663.06,TP,21,4.693445830277605,4.493519197849092
2020-03-13,setup_or_fib_XAUUSD_20200313_BUY,LONG,1594.19,1584.42,9.769999999999982,5.523530396546418,2020-03-13 13:53:00+00:00,1597.91,2020-03-13 14:13:00+00:00,1588.1521400000001,1586.31538,1597.91,2020-03-13 14:16:00+00:00,1586.31538,SL,3,-1.0,-1.0890154402317056
2020-03-16,setup_or_fib_XAUUSD_20200316_SELL,SHORT,1474.69,1459.58,15.110000000000127,10.842335752280343,2020-03-16 13:51:00+00:00,1451.13,2020-03-16 14:52:00+00:00,1468.91798,1471.7586600000002,1451.13,2020-03-16 14:57:00+00:00,1471.7586600000002,SL,5,-1.0,-1.0575566413675548
2020-03-17,setup_or_fib_XAUUSD_20200317_SELL,SHORT,1487.48,1480.78,6.7000000000000455,5.926145702275139,2020-03-17 13:48:00+00:00,1480.06,2020-03-17 13:58:00+00:00,1484.9206,1486.1802,1480.06,2020-03-17 14:07:00+00:00,1486.1802,SL,9,-1.0,-1.1298031120990697
2020-03-18,setup_or_fib_XAUUSD_20200318_SELL,SHORT,1516.3,1500.98,15.319999999999936,9.658427640091286,2020-03-18 13:45:00+00:00,1493.81,2020-03-18 14:30:00+00:00,1510.44776,1513.32792,1493.81,2020-03-18 14:40:00+00:00,1513.32792,SL,10,-1.0,-1.0567676795733583
2020-03-19,setup_or_fib_XAUUSD_20200319_BUY,LONG,1477.13,1466.67,10.460000000000036,6.88449816796921,2020-03-19 14:05:00+00:00,1479.63,2020-03-19 14:34:00+00:00,1470.6657200000002,1468.6992400000001,1479.63,2020-03-19 14:42:00+00:00,1468.6992400000001,SL,8,-1.0,-1.0831434848053354
2020-03-20,setup_or_fib_XAUUSD_20200320_SELL,SHORT,1501.41,1495.84,5.570000000000164,5.754993023775865,2020-03-20 13:46:00+00:00,1485.71,2020-03-20 15:11:00+00:00,1499.28226,1500.32942,1485.71,2020-03-20 15:19:00+00:00,1500.32942,SL,8,-1.0,-1.156136598036583
2020-03-24,setup_or_fib_XAUUSD_20200324_BUY,LONG,1598.29,1585.58,12.710000000000036,17.62596181790271,2020-03-24 13:51:00+00:00,1614.28,2020-03-24 14:45:00+00:00,1590.4352199999998,1588.0457399999998,1614.28,2020-03-24 15:34:00+00:00,1588.0457399999998,SL,49,-1.0,-1.0684249292733132
2020-03-25,setup_or_fib_XAUUSD_20200325_SELL,SHORT,1610.85,1606.02,4.829999999999927,9.714420583187307,2020-03-25 13:45:00+00:00,1600.65,2020-03-25 14:00:00+00:00,1609.00494,1609.91298,1600.65,2020-03-25 14:00:00+00:00,1609.91298,SL,0,-1.0,-1.1800581472181786
2020-03-27,setup_or_fib_XAUUSD_20200327_BUY,LONG,1620.95,1617.27,3.6800000000000637,4.562740027828136,2020-03-27 13:46:00+00:00,1629.2,2020-03-27 14:43:00+00:00,1618.67576,1617.9839200000001,1629.2,2020-03-27 15:06:00+00:00,1617.9839200000001,SL,23,-1.0,-1.2363263182238817
2020-03-31,setup_or_fib_XAUUSD_20200331_SELL,SHORT,1608.68,1603.86,4.820000000000164,3.911780831305656,2020-03-31 14:03:00+00:00,1603.48,2020-03-31 14:14:00+00:00,1606.83876,1607.7449199999999,1603.48,2020-03-31 14:14:00+00:00,1607.7449199999999,SL,0,-1.0,-1.1804317118390142
2020-04-01,setup_or_fib_XAUUSD_20200401_SELL,SHORT,1586.09,1581.01,5.079999999999927,3.6981920213034027,2020-04-01 14:18:00+00:00,1571.8,2020-04-01 15:16:00+00:00,1584.14944,1585.10448,1571.8,2020-04-01 15:17:00+00:00,1585.10448,SL,1,-1.0,-1.1711970179259412
2020-04-02,setup_or_fib_XAUUSD_20200402_SELL,SHORT,1610.44,1602.17,8.269999999999982,3.6467176852103966,2020-04-02 13:56:00+00:00,1600.37,2020-04-02 14:16:00+00:00,1607.28086,1608.83562,1600.37,2020-04-02 14:20:00+00:00,1608.83562,SL,4,-1.0,-1.1051609251588679
2020-04-03,setup_or_fib_XAUUSD_20200403_SELL,SHORT,1621.73,1611.35,10.38000000000011,3.8411702999633426,2020-04-03 13:55:00+00:00,1605.85,2020-04-03 14:30:00+00:00,1617.76484,1619.7162799999999,1605.85,2020-04-03 14:34:00+00:00,1619.7162799999999,SL,4,-1.0,-1.0837842823760993
2020-04-06,setup_or_fib_XAUUSD_20200406_BUY,LONG,1642.75,1638.11,4.6400000000001,3.6778546479544687,2020-04-06 13:53:00+00:00,1644.52,2020-04-06 14:12:00+00:00,1639.88248,1639.01016,1644.52,2020-04-06 14:18:00+00:00,1639.01016,SL,6,-1.0,-1.1874312179016993
2020-04-08,setup_or_fib_XAUUSD_20200408_BUY,LONG,1650.83,1645.93,4.899999999999864,3.498300545433602,2020-04-08 13:46:00+00:00,1656.87,2020-04-08 15:04:00+00:00,1647.8018,1646.8806000000002,1656.87,2020-04-08 15:05:00+00:00,1646.8806000000002,SL,1,-1.0,-1.1774858879722543
2020-04-13,setup_or_fib_XAUUSD_20200413_BUY,LONG,1691.99,1686.71,5.279999999999973,3.410501516108493,2020-04-13 14:02:00+00:00,1693.16,2020-04-13 14:14:00+00:00,1688.72696,1687.73432,1693.16,2020-04-13 14:14:00+00:00,1687.73432,SL,0,-1.0,-1.164712282398463
2020-04-14,setup_or_fib_XAUUSD_20200414_SELL,SHORT,1731.15,1725.83,5.320000000000164,4.191459052617058,2020-04-14 13:45:00+00:00,1725.04,2020-04-14 13:56:00+00:00,1729.11776,1730.11792,1725.04,2020-04-14 13:58:00+00:00,1730.11792,SL,2,-1.0,-1.1634738441849592
2020-04-15,setup_or_fib_XAUUSD_20200415_SELL,SHORT,1722.51,1714.01,8.5,4.3181305219779285,2020-04-15 13:47:00+00:00,1712.39,2020-04-15 14:17:00+00:00,1719.263,1720.861,1712.39,2020-04-15 14:18:00+00:00,1720.861,SL,1,-1.0,-1.1023153942427917
2020-04-16,setup_or_fib_XAUUSD_20200416_SELL,SHORT,1737.68,1724.73,12.950000000000045,3.4018058449414474,2020-04-16 13:52:00+00:00,1717.38,2020-04-16 15:11:00+00:00,1732.7331000000001,1735.1677,1717.38,2020-04-16 16:00:00+00:00,1725.62,TIME,49,2.9216709110329373,2.854514088556961
2020-04-17,setup_or_fib_XAUUSD_20200417_SELL,SHORT,1699.07,1694.75,4.319999999999936,4.777233598535838,2020-04-17 13:57:00+00:00,1692.09,2020-04-17 14:06:00+00:00,1697.41976,1698.23192,1692.09,2020-04-17 14:06:00+00:00,1698.23192,SL,0,-1.0,-1.2013150118203437
2020-04-20,setup_or_fib_XAUUSD_20200420_SELL,SHORT,1688.44,1684.98,3.4600000000000364,4.027618393034433,2020-04-20 14:07:00+00:00,1680.31,2020-04-20 14:31:00+00:00,1687.1182800000001,1687.76876,1680.31,2020-04-20 14:31:00+00:00,1687.76876,SL,0,-1.0,-1.2513528471283561
2020-04-24,setup_or_fib_XAUUSD_20200424_SELL,SHORT,1735.44,1731.39,4.0499999999999545,3.342379902039876,2020-04-24 13:54:00+00:00,1729.52,2020-04-24 14:08:00+00:00,1733.8929,1734.6543,1729.52,2020-04-24 14:17:00+00:00,1734.6543,SL,9,-1.0,-1.2147360126083906
2020-04-27,setup_or_fib_XAUUSD_20200427_BUY,LONG,1720.88,1717.39,3.490000000000009,3.1117457858533575,2020-04-27 13:51:00+00:00,1721.45,2020-04-27 13:55:00+00:00,1718.7231800000002,1718.06706,1721.45,2020-04-27 14:03:00+00:00,1721.45,TP,8,4.155977565078708,3.9067853441435516
2020-05-01,setup_or_fib_XAUUSD_20200501_SELL,SHORT,1682.43,1677.28,5.150000000000091,3.8417925953910173,2020-05-01 13:51:00+00:00,1676.34,2020-05-01 13:59:00+00:00,1680.4627,1681.4309,1676.34,2020-05-01 14:23:00+00:00,1681.4309,SL,24,-1.0,-1.1688700681677298
2020-05-05,setup_or_fib_XAUUSD_20200505_SELL,SHORT,1699.09,1696.44,2.6499999999998636,2.9720333881788634,2020-05-05 13:47:00+00:00,1693.28,2020-05-05 14:11:00+00:00,1698.0777,1698.5758999999998,1693.28,2020-05-05 14:16:00+00:00,1698.73,SL,5,-1.3093135287038737,-1.6374949819356592
2020-05-06,setup_or_fib_XAUUSD_20200506_SELL,SHORT,1700.43,1694.03,6.400000000000091,2.725673320349477,2020-05-06 14:02:00+00:00,1685.14,2020-05-06 14:45:00+00:00,1697.9852,1699.1884,1685.14,2020-05-06 15:40:00+00:00,1685.14,TP,55,10.67586436170278,10.53997672872405
2020-05-07,setup_or_fib_XAUUSD_20200507_BUY,LONG,1696.9,1693.38,3.519999999999982,2.704227679880094,2020-05-07 13:53:00+00:00,1699.54,2020-05-07 14:11:00+00:00,1694.7246400000001,1694.06288,1699.54,2020-05-07 14:21:00+00:00,1694.06288,SL,10,-1.0,-1.2470684235976095
2020-05-08,setup_or_fib_XAUUSD_20200508_SELL,SHORT,1719.53,1710.53,9.0,3.000511277697953,2020-05-08 13:46:00+00:00,1705.99,2020-05-08 14:37:00+00:00,1716.0919999999999,1717.784,1705.99,2020-05-08 14:42:00+00:00,1717.784,SL,5,-1.0,-1.0966312056737455
2020-05-11,setup_or_fib_XAUUSD_20200511_BUY,LONG,1706.4,1703.22,3.1800000000000637,3.4329975532757397,2020-05-11 13:58:00+00:00,1707.88,2020-05-11 14:02:00+00:00,1704.43476,1703.8369200000002,1707.88,2020-05-11 14:03:00+00:00,1703.8369200000002,SL,1,-1.0,-1.273484544359738
2020-05-13,setup_or_fib_XAUUSD_20200513_BUY,LONG,1713.05,1710.17,2.8799999999998818,2.0875690423344326,2020-05-13 14:00:00+00:00,1717.94,2020-05-13 14:21:00+00:00,1711.27016,1710.72872,1717.94,2020-05-13 14:21:00+00:00,1710.72872,SL,0,-1.0,-1.3019725177305155
2020-05-14,setup_or_fib_XAUUSD_20200514_BUY,LONG,1717.1,1713.29,3.8099999999999454,2.408248566770441,2020-05-14 13:46:00+00:00,1719.61,2020-05-14 14:18:00+00:00,1714.74542,1714.0291399999999,1719.61,2020-05-14 14:18:00+00:00,1714.0291399999999,SL,0,-1.0,-1.2282626905679035
2020-05-15,setup_or_fib_XAUUSD_20200515_BUY,LONG,1743.61,1735.28,8.329999999999927,2.788689850871652,2020-05-15 13:52:00+00:00,1745.28,2020-05-15 14:34:00+00:00,1738.4620599999998,1736.89602,1745.28,2020-05-15 15:00:00+00:00,1736.89602,SL,26,-1.0,-1.1044034635130695
2020-05-20,setup_or_fib_XAUUSD_20200520_BUY,LONG,1750.82,1742.3,8.519999999999982,2.513935441406157,2020-05-20 14:52:00+00:00,1752.18,2020-05-20 15:32:00+00:00,1745.5546399999998,1743.95288,1752.18,2020-05-20 15:42:00+00:00,1743.95288,SL,10,-1.0,-1.1020752172610266
2020-05-22,setup_or_fib_XAUUSD_20200522_SELL,SHORT,1738.31,1736.28,2.0299999999999727,2.894604486785892,2020-05-22 13:55:00+00:00,1730.16,2020-05-22 14:39:00+00:00,1737.5345399999999,1737.91618,1730.16,2020-05-22 16:00:00+00:00,1735.62,TIME,81,5.016612514410651,4.588198302064006
2020-05-25,setup_or_fib_XAUUSD_20200525_BUY,LONG,1728.27,1726.98,1.2899999999999636,1.598832949965876,2020-05-25 13:54:00+00:00,1728.36,2020-05-25 14:01:00+00:00,1727.47278,1727.23026,1728.36,2020-05-25 14:02:00+00:00,1727.23026,SL,1,-1.0,-1.6741712023750253
2020-05-26,setup_or_fib_XAUUSD_20200526_SELL,SHORT,1729.03,1725.84,3.1900000000000546,2.2597823386003726,2020-05-26 13:45:00+00:00,1722.98,2020-05-26 14:29:00+00:00,1727.81142,1728.41114,1722.98,2020-05-26 14:29:00+00:00,1728.41114,SL,0,-1.0,-1.2726272260388483
2020-05-27,setup_or_fib_XAUUSD_20200527_SELL,SHORT,1701.11,1698.66,2.449999999999818,2.616310115899092,2020-05-27 14:00:00+00:00,1693.62,2020-05-27 14:36:00+00:00,1700.1741,1700.6346999999998,1693.62,2020-05-27 14:37:00+00:00,1700.6346999999998,SL,1,-1.0,-1.3549717759445083
2020-05-28,setup_or_fib_XAUUSD_20200528_BUY,LONG,1724.25,1719.52,4.730000000000018,2.352705568281932,2020-05-28 14:15:00+00:00,1727.57,2020-05-28 14:58:00+00:00,1721.32686,1720.4376200000002,1727.57,2020-05-28 15:00:00+00:00,1720.4376200000002,SL,2,-1.0,-1.1838648733750696
2020-05-29,setup_or_fib_XAUUSD_20200529_SELL,SHORT,1733.03,1730.01,3.019999999999982,2.4843176285022386,2020-05-29 13:47:00+00:00,1726.2,2020-05-29 15:25:00+00:00,1731.87636,1732.44412,1726.2,2020-05-29 15:26:00+00:00,1732.44412,SL,1,-1.0,-1.2879737917429217
2020-06-01,setup_or_fib_XAUUSD_20200601_SELL,SHORT,1735.77,1732.74,3.0299999999999727,2.809489461965895,2020-06-01 14:00:00+00:00,1728.54,2020-06-01 14:37:00+00:00,1734.61254,1735.18218,1728.54,2020-06-01 14:37:00+00:00,1735.18218,SL,0,-1.0,-1.2870233831894151
2020-06-04,setup_or_fib_XAUUSD_20200604_BUY,LONG,1716.04,1706.43,9.6099999999999,2.6836930668606858,2020-06-04 13:54:00+00:00,1718.27,2020-06-04 14:46:00+00:00,1710.10102,1708.2943400000001,1718.27,2020-06-04 14:52:00+00:00,1708.2943400000001,SL,6,-1.0,-1.0904974871034205
2020-06-08,setup_or_fib_XAUUSD_20200608_BUY,LONG,1693.23,1690.76,2.4700000000000273,2.3306598696010163,2020-06-08 13:46:00+00:00,1693.63,2020-06-08 13:52:00+00:00,1691.70354,1691.2391799999998,1693.63,2020-06-08 13:53:00+00:00,1691.2391799999998,SL,1,-1.0,-1.3520975105520292
2020-06-09,setup_or_fib_XAUUSD_20200609_BUY,LONG,1716.11,1711.59,4.519999999999982,3.052170238512527,2020-06-09 13:45:00+00:00,1717.87,2020-06-09 14:29:00+00:00,1713.31664,1712.46688,1717.87,2020-06-09 14:50:00+00:00,1717.9,TP,21,5.393711165505271,5.201303897570809
2020-06-10,setup_or_fib_XAUUSD_20200610_BUY,LONG,1724.78,1720.86,3.9200000000000728,2.1429252434779076,2020-06-10 14:35:00+00:00,1725.38,2020-06-10 14:37:00+00:00,1722.35744,1721.6204799999998,1725.38,2020-06-10 14:39:00+00:00,1721.6204799999998,SL,2,-1.0,-1.2218573599652083
2020-06-12,setup_or_fib_XAUUSD_20200612_SELL,SHORT,1739.9,1737.24,2.660000000000082,2.4858508027645376,2020-06-12 14:00:00+00:00,1736.35,2020-06-12 14:07:00+00:00,1738.88388,1739.3839600000001,1736.35,2020-06-12 14:22:00+00:00,1736.35,TP,15,5.066949288114007,4.740001599744162
2020-06-15,setup_or_fib_XAUUSD_20200615_SELL,SHORT,1711.75,1705.8,5.9500000000000455,2.990171891324421,2020-06-15 13:54:00+00:00,1704.79,2020-06-15 14:07:00+00:00,1709.4771,1710.5956999999999,1704.79,2020-06-15 14:40:00+00:00,1704.79,TP,33,4.190148399786332,4.043983550868013
2020-06-16,setup_or_fib_XAUUSD_20200616_BUY,LONG,1726.38,1719.44,6.940000000000055,3.138865356318184,2020-06-16 13:48:00+00:00,1728.69,2020-06-16 14:10:00+00:00,1722.0910800000001,1720.78636,1728.69,2020-06-16 14:10:00+00:00,1720.78636,SL,0,-1.0,-1.1253142436691312
2020-06-18,setup_or_fib_XAUUSD_20200618_BUY,LONG,1726.47,1721.03,5.440000000000055,3.547006921898108,2020-06-18 14:08:00+00:00,1727.14,2020-06-18 14:19:00+00:00,1723.10808,1722.08536,1727.14,2020-06-18 14:22:00+00:00,1722.08536,SL,3,-1.0,-1.1598678035043906
2020-06-19,setup_or_fib_XAUUSD_20200619_SELL,SHORT,1736.58,1733.45,3.1299999999998818,1.976459147264303,2020-06-19 14:21:00+00:00,1731.88,2020-06-19 14:52:00+00:00,1735.38434,1735.9727799999998,1731.88,2020-06-19 15:11:00+00:00,1735.9727799999998,SL,19,-1.0,-1.2778533070492584
2020-06-22,setup_or_fib_XAUUSD_20200622_BUY,LONG,1755.1,1751.07,4.029999999999973,2.5566264627862285,2020-06-22 13:45:00+00:00,1763.2,2020-06-22 15:52:00+00:00,1752.60946,1751.8518199999999,1763.2,2020-06-22 15:55:00+00:00,1751.8518199999999,SL,3,-1.0,-1.2158017000158279
2020-06-23,setup_or_fib_XAUUSD_20200623_SELL,SHORT,1761.74,1758.94,2.7999999999999545,2.2860684419347037,2020-06-23 14:05:00+00:00,1758.18,2020-06-23 14:09:00+00:00,1760.6704,1761.1968000000002,1758.18,2020-06-23 14:11:00+00:00,1761.1968000000002,SL,2,-1.0,-1.310600303951253
2020-06-24,setup_or_fib_XAUUSD_20200624_SELL,SHORT,1774.43,1768.62,5.810000000000173,2.7362097490262514,2020-06-24 13:47:00+00:00,1761.84,2020-06-24 14:45:00+00:00,1772.21058,1773.30286,1761.84,2020-06-24 15:42:00+00:00,1773.30286,SL,57,-1.0,-1.1496868934705287
2020-06-25,setup_or_fib_XAUUSD_20200625_BUY,LONG,1760.53,1755.72,4.809999999999945,2.6450721611117265,2020-06-25 13:45:00+00:00,1766.51,2020-06-25 15:09:00+00:00,1757.55742,1756.6531400000001,1766.51,2020-06-25 16:00:00+00:00,1759.82,TIME,51,2.502079002078908,2.3212721723359024
2020-06-30,setup_or_fib_XAUUSD_20200630_BUY,LONG,1769.59,1767.98,1.6099999999999,1.922792772678351,2020-06-30 14:00:00+00:00,1770.5,2020-06-30 14:04:00+00:00,1768.59502,1768.29234,1770.5,2020-06-30 14:04:00+00:00,1768.29234,SL,0,-1.0,-1.540174441654536
2020-07-02,setup_or_fib_XAUUSD_20200702_SELL,SHORT,1770.2,1762.87,7.330000000000155,1.8900979074960051,2020-07-02 13:58:00+00:00,1757.43,2020-07-02 14:18:00+00:00,1767.39994,1768.77798,1757.43,2020-07-02 14:30:00+00:00,1768.77798,SL,12,-1.0,-1.1186467736785533
2020-07-03,setup_or_fib_XAUUSD_20200703_SELL,SHORT,1776.26,1774.78,1.4800000000000182,1.54155361896967,2020-07-03 14:31:00+00:00,1774.7,2020-07-03 14:43:00+00:00,1775.69464,1775.97288,1774.7,2020-07-03 14:53:00+00:00,1774.7,TP,10,3.57475560666887,2.987133410004323
2020-07-06,setup_or_fib_XAUUSD_20200706_BUY,LONG,1785.4,1782.53,2.8700000000001182,1.7635262894596675,2020-07-06 14:29:00+00:00,1787.0,2020-07-06 14:57:00+00:00,1783.62634,1783.08678,1787.0,2020-07-06 15:00:00+00:00,1783.08678,SL,3,-1.0,-1.3030246867818573
2020-07-09,setup_or_fib_XAUUSD_20200709_BUY,LONG,1812.25,1804.88,7.369999999999891,2.2643428987686263,2020-07-09 14:12:00+00:00,1815.41,2020-07-09 15:45:00+00:00,1807.69534,1806.30978,1815.41,2020-07-09 15:50:00+00:00,1806.30978,SL,5,-1.0,-1.118002829180986
2020-07-10,setup_or_fib_XAUUSD_20200710_SELL,SHORT,1810.43,1807.93,2.5,1.6351429538407276,2020-07-10 13:51:00+00:00,1806.73,2020-07-10 14:08:00+00:00,1809.4750000000001,1809.945,1806.73,2020-07-10 14:32:00+00:00,1809.945,SL,24,-1.0,-1.34787234042568
2020-07-13,setup_or_fib_XAUUSD_20200713_BUY,LONG,1809.71,1806.84,2.8700000000001182,1.7466417314673983,2020-07-13 14:11:00+00:00,1813.31,2020-07-13 14:48:00+00:00,1807.93634,1807.39678,1813.31,2020-07-13 14:48:00+00:00,1807.39678,SL,0,-1.0,-1.3030246867818573
2020-07-14,setup_or_fib_XAUUSD_20200714_SELL,SHORT,1805.24,1798.47,6.769999999999982,2.5027051231722344,2020-07-14 14:07:00+00:00,1795.16,2020-07-14 15:10:00+00:00,1802.6538600000001,1803.92662,1795.16,2020-07-14 15:21:00+00:00,1803.92662,SL,11,-1.0,-1.128460982431897
2020-07-15,setup_or_fib_XAUUSD_20200715_BUY,LONG,1807.4,1805.26,2.1400000000001,2.0653937308479215,2020-07-15 13:52:00+00:00,1808.5,2020-07-15 14:15:00+00:00,1806.07748,1805.67516,1808.5,2020-07-15 14:16:00+00:00,1805.67516,SL,1,-1.0,-1.4063929210579473
2020-07-17,setup_or_fib_XAUUSD_20200717_SELL,SHORT,1807.64,1805.66,1.9800000000000182,1.161163239393034,2020-07-17 13:51:00+00:00,1805.23,2020-07-17 14:10:00+00:00,1806.88364,1807.2558800000002,1805.23,2020-07-17 14:14:00+00:00,1807.2558800000002,SL,4,-1.0,-1.4392327530623668
2020-07-20,setup_or_fib_XAUUSD_20200720_SELL,SHORT,1818.1,1814.96,3.1399999999998727,1.5014922073832635,2020-07-20 13:45:00+00:00,1813.52,2020-07-20 14:30:00+00:00,1816.90052,1817.49084,1813.52,2020-07-20 14:32:00+00:00,1817.49084,SL,2,-1.0,-1.2769684239056691
2020-07-21,setup_or_fib_XAUUSD_20200721_SELL,SHORT,1841.23,1837.16,4.069999999999936,2.360050291336873,2020-07-21 14:12:00+00:00,1833.97,2020-07-21 15:02:00+00:00,1839.67526,1840.4404200000001,1833.97,2020-07-21 15:03:00+00:00,1840.4404200000001,SL,1,-1.0,-1.2136807987871396
2020-07-22,setup_or_fib_XAUUSD_20200722_SELL,SHORT,1858.4,1853.32,5.080000000000155,3.2404175964558113,2020-07-22 13:45:00+00:00,1847.37,2020-07-22 14:55:00+00:00,1856.45944,1857.41448,1847.37,2020-07-22 15:18:00+00:00,1857.41448,SL,23,-1.0,-1.1711970179259819
2020-07-23,setup_or_fib_XAUUSD_20200723_SELL,SHORT,1879.9,1875.23,4.670000000000073,3.5071338665659315,2020-07-23 13:52:00+00:00,1869.72,2020-07-23 14:53:00+00:00,1878.11606,1878.99402,1869.72,2020-07-23 14:54:00+00:00,1878.99402,SL,1,-1.0,-1.1862271629686938
2020-07-28,setup_or_fib_XAUUSD_20200728_BUY,LONG,1938.65,1929.64,9.009999999999991,6.722593370888976,2020-07-28 13:59:00+00:00,1941.62,2020-07-28 14:37:00+00:00,1933.08182,1931.38794,1941.62,2020-07-28 14:38:00+00:00,1931.38794,SL,1,-1.0,-1.0965239568328315
2020-07-29,setup_or_fib_XAUUSD_20200729_BUY,LONG,1958.32,1953.67,4.649999999999864,2.6351832970337545,2020-07-29 13:45:00+00:00,1961.8,2020-07-29 14:41:00+00:00,1955.4463,1954.5720999999999,1961.8,2020-07-29 14:41:00+00:00,1954.5720999999999,SL,0,-1.0,-1.187028140013684
2020-07-30,setup_or_fib_XAUUSD_20200730_SELL,SHORT,1954.03,1948.86,5.170000000000073,3.666361864263367,2020-07-30 13:47:00+00:00,1944.89,2020-07-30 13:58:00+00:00,1952.05506,1953.02702,1944.89,2020-07-30 13:59:00+00:00,1953.02702,SL,1,-1.0,-1.1682167990452141
2020-08-03,setup_or_fib_XAUUSD_20200803_SELL,SHORT,1971.88,1966.99,4.8900000000001,2.4512138519407416,2020-08-03 14:07:00+00:00,1965.79,2020-08-03 14:30:00+00:00,1970.0120200000001,1970.93134,1965.79,2020-08-03 14:31:00+00:00,1970.93134,SL,1,-1.0,-1.1778488447983348
2020-08-04,setup_or_fib_XAUUSD_20200804_SELL,SHORT,1977.73,1973.41,4.319999999999936,2.5598199231665038,2020-08-04 13:45:00+00:00,1971.58,2020-08-04 14:15:00+00:00,1976.07976,1976.89192,1971.58,2020-08-04 14:19:00+00:00,1976.89192,SL,4,-1.0,-1.2013150118203437
2020-08-05,setup_or_fib_XAUUSD_20200805_SELL,SHORT,2040.49,2035.77,4.720000000000027,3.6797110221198945,2020-08-05 13:50:00+00:00,2030.24,2020-08-05 14:15:00+00:00,2038.68696,2039.57432,2030.24,2020-08-05 14:20:00+00:00,2039.57432,SL,5,-1.0,-1.1842544175982805
2020-08-06,setup_or_fib_XAUUSD_20200806_BUY,LONG,2061.57,2052.32,9.25,3.7939486411323062,2020-08-06 14:29:00+00:00,2069.74,2020-08-06 15:42:00+00:00,2055.8535,2054.1145,2069.74,2020-08-06 15:44:00+00:00,2054.1145,SL,2,-1.0,-1.0940195514663582
2020-08-07,setup_or_fib_XAUUSD_20200807_BUY,LONG,2061.29,2041.62,19.670000000000073,3.765800330866118,2020-08-07 13:47:00+00:00,2063.81,2020-08-07 14:38:00+00:00,2049.1339399999997,2045.43598,2063.81,2020-08-07 14:45:00+00:00,2045.43598,SL,7,-1.0,-1.0442135663987744
2020-08-12,setup_or_fib_XAUUSD_20200812_BUY,LONG,1937.61,1929.39,8.2199999999998,9.332492755578643,2020-08-12 14:00:00+00:00,1942.1,2020-08-12 14:08:00+00:00,1932.53004,1930.9846800000003,1942.1,2020-08-12 14:13:00+00:00,1942.1,TP,5,6.192705906714788,6.086905316561027
2020-08-14,setup_or_fib_XAUUSD_20200814_BUY,LONG,1949.05,1941.85,7.2000000000000455,4.317652668199251,2020-08-14 13:47:00+00:00,1950.17,2020-08-14 13:59:00+00:00,1944.6004,1943.2468,1950.17,2020-08-14 14:11:00+00:00,1950.17,TP,12,4.114657210401486,3.9938682033093
2020-08-18,setup_or_fib_XAUUSD_20200818_BUY,LONG,2014.3,2009.0,5.2999999999999545,3.6317939993348034,2020-08-18 13:47:00+00:00,2014.87,2020-08-18 14:04:00+00:00,2011.0246,2010.0282,2014.87,2020-08-18 14:04:00+00:00,2010.0282,SL,0,-1.0,-1.164090726615818
2020-08-19,setup_or_fib_XAUUSD_20200819_BUY,LONG,1990.77,1987.81,2.9600000000000364,4.125276774944852,2020-08-19 13:48:00+00:00,1993.88,2020-08-19 14:02:00+00:00,1988.94072,1988.38424,1993.88,2020-08-19 14:07:00+00:00,1993.88,TP,5,8.875934445084036,8.582123346751644
2020-08-20,setup_or_fib_XAUUSD_20200820_SELL,SHORT,1947.46,1937.45,10.009999999999991,5.032192183160147,2020-08-20 13:55:00+00:00,1925.96,2020-08-20 15:54:00+00:00,1943.63618,1945.51806,1925.96,2020-08-20 15:54:00+00:00,1945.51806,SL,0,-1.0,-1.0868812039024742
2020-08-21,setup_or_fib_XAUUSD_20200821_BUY,LONG,1934.17,1924.98,9.190000000000055,5.46252026423335,2020-08-21 13:48:00+00:00,1941.04,2020-08-21 14:50:00+00:00,1928.4905800000001,1926.76286,1941.04,2020-08-21 14:51:00+00:00,1926.76286,SL,1,-1.0,-1.0946333896696174
2020-08-25,setup_or_fib_XAUUSD_20200825_BUY,LONG,1926.64,1922.97,3.6700000000000728,3.890010262831604,2020-08-25 14:01:00+00:00,1930.91,2020-08-25 14:39:00+00:00,1924.37194,1923.68198,1930.91,2020-08-25 14:40:00+00:00,1923.68198,SL,1,-1.0,-1.2369702591454823
2020-08-27,setup_or_fib_XAUUSD_20200827_BUY,LONG,1941.91,1932.18,9.730000000000018,3.0919445093954927,2020-08-27 13:52:00+00:00,1976.53,2020-08-27 14:46:00+00:00,1935.89686,1934.06762,1976.53,2020-08-27 14:46:00+00:00,1934.06762,SL,0,-1.0,-1.0893813824320469
2020-08-28,setup_or_fib_XAUUSD_20200828_SELL,SHORT,1964.59,1952.71,11.879999999999882,4.40361236330338,2020-08-28 14:03:00+00:00,1950.7,2020-08-28 14:33:00+00:00,1960.0518399999999,1962.2852799999998,1950.7,2020-08-28 15:49:00+00:00,1962.2852799999998,SL,76,-1.0,-1.0732054588437576
2020-09-07,setup_or_fib_XAUUSD_20200907_SELL,SHORT,1930.97,1929.92,1.0499999999999545,2.215102091201699,2020-09-07 13:47:00+00:00,1927.69,2020-09-07 14:05:00+00:00,1930.5689,1930.7663,1927.69,2020-09-07 14:05:00+00:00,1930.7663,SL,0,-1.0,-1.8282674772035803
2020-09-08,setup_or_fib_XAUUSD_20200908_SELL,SHORT,1920.32,1913.7,6.619999999999891,4.658265090281805,2020-09-08 13:50:00+00:00,1906.54,2020-09-08 15:12:00+00:00,1917.79116,1919.0357199999999,1906.54,2020-09-08 15:16:00+00:00,1919.0357199999999,SL,4,-1.0,-1.1313717297679644
2020-09-10,setup_or_fib_XAUUSD_20200910_BUY,LONG,1958.32,1950.74,7.579999999999927,2.655090868043276,2020-09-10 14:07:00+00:00,1966.53,2020-09-10 15:58:00+00:00,1953.63556,1952.21052,1966.53,2020-09-10 16:00:00+00:00,1955.25,TIME,2,1.132908549935598,1.0181749284232076
2020-09-15,setup_or_fib_XAUUSD_20200915_SELL,SHORT,1969.18,1966.51,2.6700000000000728,2.4386890069276066,2020-09-15 13:45:00+00:00,1964.83,2020-09-15 13:57:00+00:00,1968.16006,1968.66202,1964.83,2020-09-15 14:01:00+00:00,1968.66202,SL,4,-1.0,-1.3257231651924108
2020-09-16,setup_or_fib_XAUUSD_20200916_SELL,SHORT,1970.62,1965.68,4.939999999999827,2.3643633697670223,2020-09-16 13:49:00+00:00,1965.04,2020-09-16 14:03:00+00:00,1968.73292,1969.6616399999998,1965.04,2020-09-16 14:04:00+00:00,1969.6616399999998,SL,1,-1.0,-1.1760487552761008
2020-09-17,setup_or_fib_XAUUSD_20200917_SELL,SHORT,1946.43,1941.65,4.779999999999973,2.946928487924636,2020-09-17 14:03:00+00:00,1932.87,2020-09-17 15:21:00+00:00,1944.6040400000002,1945.5026800000003,1932.87,2020-09-17 15:43:00+00:00,1945.5026800000003,SL,22,-1.0,-1.1819416006409456
2020-09-18,setup_or_fib_XAUUSD_20200918_BUY,LONG,1951.32,1946.97,4.349999999999909,2.1439524568520056,2020-09-18 13:56:00+00:00,1952.87,2020-09-18 14:20:00+00:00,1948.6317,1947.8139,1952.87,2020-09-18 14:32:00+00:00,1947.8139,SL,12,-1.0,-1.199926632428514
2020-09-21,setup_or_fib_XAUUSD_20200921_SELL,SHORT,1923.74,1919.75,3.990000000000009,3.379670260198723,2020-09-21 13:46:00+00:00,1919.36,2020-09-21 13:51:00+00:00,1922.21582,1922.96594,1919.36,2020-09-21 13:54:00+00:00,1922.96594,SL,3,-1.0,-1.2179651255798631
2020-09-22,setup_or_fib_XAUUSD_20200922_BUY,LONG,1911.74,1906.75,4.990000000000009,3.514421024098001,2020-09-22 13:53:00+00:00,1917.55,2020-09-22 14:50:00+00:00,1908.65618,1907.7180600000002,1917.55,2020-09-22 14:51:00+00:00,1907.7180600000002,SL,1,-1.0,-1.1742847396921876
2020-09-23,setup_or_fib_XAUUSD_20200923_SELL,SHORT,1884.54,1878.98,5.559999999999945,4.0836829256211935,2020-09-23 13:46:00+00:00,1877.63,2020-09-23 14:00:00+00:00,1882.41608,1883.46136,1877.63,2020-09-23 14:05:00+00:00,1883.46136,SL,5,-1.0,-1.1564174192560772
2020-09-24,setup_or_fib_XAUUSD_20200924_SELL,SHORT,1860.78,1853.18,7.599999999999909,3.713684820191332,2020-09-24 13:45:00+00:00,1851.78,2020-09-24 14:10:00+00:00,1857.8768,1859.3056000000001,1851.78,2020-09-24 14:31:00+00:00,1859.3056000000001,SL,21,-1.0,-1.1144316909294403
2020-09-25,setup_or_fib_XAUUSD_20200925_BUY,LONG,1859.36,1855.01,4.349999999999909,3.866332643792979,2020-09-25 13:46:00+00:00,1864.29,2020-09-25 15:08:00+00:00,1856.6716999999999,1855.8539,1864.29,2020-09-25 15:08:00+00:00,1855.8539,SL,0,-1.0,-1.199926632428514
2020-09-28,setup_or_fib_XAUUSD_20200928_BUY,LONG,1872.44,1866.48,5.960000000000036,3.641940097310543,2020-09-28 14:12:00+00:00,1877.02,2020-09-28 14:53:00+00:00,1868.75672,1867.63624,1877.02,2020-09-28 14:55:00+00:00,1867.63624,SL,2,-1.0,-1.1459196058831873
2020-09-30,setup_or_fib_XAUUSD_20200930_BUY,LONG,1897.1,1886.91,10.189999999999827,2.797767438121281,2020-09-30 13:46:00+00:00,1900.19,2020-09-30 14:33:00+00:00,1890.80258,1888.88686,1900.19,2020-09-30 14:38:00+00:00,1888.88686,SL,5,-1.0,-1.0853465015764323
2020-10-05,setup_or_fib_XAUUSD_20201005_SELL,SHORT,1908.4,1905.61,2.790000000000191,2.236029092181744,2020-10-05 13:50:00+00:00,1904.34,2020-10-05 14:00:00+00:00,1907.33422,1907.8587400000001,1904.34,2020-10-05 14:02:00+00:00,1907.8587400000001,SL,2,-1.0,-1.3117135666894462
2020-10-06,setup_or_fib_XAUUSD_20201006_BUY,LONG,1919.05,1913.59,5.460000000000036,2.4643713103583598,2020-10-06 14:33:00+00:00,1921.09,2020-10-06 14:47:00+00:00,1915.67572,1914.6492399999997,1921.09,2020-10-06 14:54:00+00:00,1914.6492399999997,SL,7,-1.0,-1.1592822071545135
2020-10-08,setup_or_fib_XAUUSD_20201008_BUY,LONG,1899.36,1895.83,3.5299999999999727,2.1980581924894285,2020-10-08 13:50:00+00:00,1899.97,2020-10-08 14:02:00+00:00,1897.1784599999999,1896.5148199999999,1899.97,2020-10-08 14:04:00+00:00,1896.5148199999999,SL,2,-1.0,-1.2463685130492486
2020-10-09,setup_or_fib_XAUUSD_20201009_BUY,LONG,1918.74,1915.38,3.3599999999999,2.2594306998081906,2020-10-09 13:46:00+00:00,1923.11,2020-10-09 14:38:00+00:00,1916.66352,1916.03184,1923.11,2020-10-09 14:57:00+00:00,1923.11,TP,19,10.205293819655907,9.94646023302975
2020-10-12,setup_or_fib_XAUUSD_20201012_BUY,LONG,1926.66,1923.39,3.269999999999982,2.4591694909278115,2020-10-12 13:46:00+00:00,1928.38,2020-10-12 14:00:00+00:00,1924.63914,1924.02438,1928.38,2020-10-12 14:00:00+00:00,1924.02438,SL,0,-1.0,-1.2659574468085397
2020-10-14,setup_or_fib_XAUUSD_20201014_BUY,LONG,1907.53,1904.45,3.0799999999999272,2.527344715735202,2020-10-14 13:46:00+00:00,1909.7,2020-10-14 14:32:00+00:00,1905.62656,1905.04752,1909.7,2020-10-14 14:33:00+00:00,1905.04752,SL,1,-1.0,-1.2823639126831348
2020-10-15,setup_or_fib_XAUUSD_20201015_SELL,SHORT,1896.57,1893.52,3.0499999999999545,3.413711745051907,2020-10-15 13:50:00+00:00,1893.11,2020-10-15 13:52:00+00:00,1895.4049,1895.9782999999998,1893.11,2020-10-15 13:53:00+00:00,1895.9782999999998,SL,1,-1.0,-1.2851412626439955
2020-10-16,setup_or_fib_XAUUSD_20201016_SELL,SHORT,1910.51,1907.27,3.240000000000009,2.332037372099235,2020-10-16 13:45:00+00:00,1904.72,2020-10-16 14:29:00+00:00,1909.31,1909.88144,1904.72,2020-10-16 14:31:00+00:00,1909.88144,SL,2,-1.0,-1.2861192776143646
2020-10-20,setup_or_fib_XAUUSD_20201020_BUY,LONG,1905.71,1901.55,4.160000000000082,2.096033318645351,2020-10-20 13:45:00+00:00,1907.29,2020-10-20 14:04:00+00:00,1903.13912,1902.3570399999999,1907.29,2020-10-20 14:04:00+00:00,1902.3570399999999,SL,0,-1.0,-1.209057896890296
2020-10-21,setup_or_fib_XAUUSD_20201021_BUY,LONG,1924.26,1921.17,3.089999999999918,2.320289225438203,2020-10-21 13:52:00+00:00,1926.26,2020-10-21 14:03:00+00:00,1922.35038,1921.7694600000002,1926.26,2020-10-21 14:57:00+00:00,1926.26,TP,54,6.7300488879720515,6.448598774359103
2020-10-22,setup_or_fib_XAUUSD_20201022_BUY,LONG,1907.49,1902.32,5.170000000000073,2.3608694281526326,2020-10-22 13:51:00+00:00,1908.3,2020-10-22 14:15:00+00:00,1904.29494,1903.32298,1908.3,2020-10-22 14:45:00+00:00,1903.32298,SL,30,-1.0,-1.1682167990452141
2020-10-26,setup_or_fib_XAUUSD_20201026_SELL,SHORT,1906.21,1902.87,3.3400000000001455,2.276871592833635,2020-10-26 13:47:00+00:00,1900.06,2020-10-26 14:32:00+00:00,1904.93412,1905.56204,1900.06,2020-10-26 14:53:00+00:00,1905.56204,SL,21,-1.0,-1.2603834883424097
2020-10-29,setup_or_fib_XAUUSD_20201029_SELL,SHORT,1869.92,1865.14,4.779999999999973,3.017246219820553,2020-10-29 13:47:00+00:00,1859.92,2020-10-29 14:32:00+00:00,1868.0940400000002,1868.9926800000003,1859.92,2020-10-29 14:33:00+00:00,1868.9926800000003,SL,1,-1.0,-1.1819416006409456
2020-10-30,setup_or_fib_XAUUSD_20201030_BUY,LONG,1883.06,1878.94,4.119999999999891,2.7881876324132464,2020-10-30 13:45:00+00:00,1889.79,2020-10-30 15:34:00+00:00,1880.51384,1879.73928,1889.79,2020-10-30 15:35:00+00:00,1879.73928,SL,1,-1.0,-1.2110875852096497
2020-11-02,setup_or_fib_XAUUSD_20201102_SELL,SHORT,1892.81,1889.9,2.9099999999998545,2.4334062999973587,2020-11-02 14:58:00+00:00,1885.78,2020-11-02 15:30:00+00:00,1891.69838,1892.2454599999999,1885.78,2020-11-02 16:54:00+00:00,1892.2454599999999,SL,84,-1.0,-1.2988593989911033
2020-11-03,setup_or_fib_XAUUSD_20201103_SELL,SHORT,1908.03,1905.18,2.849999999999909,2.3119037262945197,2020-11-03 14:46:00+00:00,1904.73,2020-11-03 14:54:00+00:00,1906.9413,1907.4771,1904.73,2020-11-03 14:55:00+00:00,1907.4771,SL,1,-1.0,-1.3051511758118084
2020-11-04,setup_or_fib_XAUUSD_20201104_SELL,SHORT,1909.78,1907.23,2.5499999999999545,4.364597098818145,2020-11-04 14:54:00+00:00,1904.54,2020-11-04 15:07:00+00:00,1908.8059,1909.2853,1904.54,2020-11-04 15:20:00+00:00,1909.2853,SL,13,-1.0,-1.34105131414272
2020-11-05,setup_or_fib_XAUUSD_20201105_BUY,LONG,1930.28,1926.99,3.2899999999999636,3.090385727576539,2020-11-05 14:45:00+00:00,1932.91,2020-11-05 15:09:00+00:00,1928.24678,1927.62826,1932.91,2020-11-05 15:10:00+00:00,1927.62826,SL,1,-1.0,-1.2643406842139346
2020-11-06,setup_or_fib_XAUUSD_20201106_BUY,LONG,1959.46,1949.74,9.720000000000027,3.4635559610121156,2020-11-06 14:46:00+00:00,1960.29,2020-11-06 15:21:00+00:00,1953.45304,1951.6256799999999,1960.29,2020-11-06 15:31:00+00:00,1951.6256799999999,SL,10,-1.0,-1.0894733385868027
2020-11-11,setup_or_fib_XAUUSD_20201111_SELL,SHORT,1870.81,1861.73,9.079999999999927,3.1144547863483587,2020-11-11 14:55:00+00:00,1856.43,2020-11-11 15:35:00+00:00,1867.34144,1869.04848,1856.43,2020-11-11 17:00:00+00:00,1862.62,TIME,85,2.765863717311845,2.6700838878995294
2020-11-13,setup_or_fib_XAUUSD_20201113_BUY,LONG,1893.03,1887.95,5.079999999999927,2.42290775038171,2020-11-13 14:50:00+00:00,1896.75,2020-11-13 16:11:00+00:00,1889.89056,1888.93552,1896.75,2020-11-13 16:12:00+00:00,1888.93552,SL,1,-1.0,-1.1711970179259412
2020-11-17,setup_or_fib_XAUUSD_20201117_BUY,LONG,1890.2,1886.38,3.8199999999999363,2.0201689064808654,2020-11-17 14:46:00+00:00,1893.43,2020-11-17 15:21:00+00:00,1887.83924,1887.1210800000001,1893.43,2020-11-17 15:21:00+00:00,1887.1210800000001,SL,0,-1.0,-1.2276651442575794
2020-11-20,setup_or_fib_XAUUSD_20201120_SELL,SHORT,1868.18,1866.39,1.7899999999999636,2.1722938242224474,2020-11-20 14:48:00+00:00,1865.66,2020-11-20 14:50:00+00:00,1867.49622,1867.8327400000003,1865.66,2020-11-20 14:51:00+00:00,1867.8327400000003,SL,1,-1.0,-1.4858552240575846
2020-11-23,setup_or_fib_XAUUSD_20201123_BUY,LONG,1867.31,1863.2,4.1099999999999,2.559310410260758,2020-11-23 14:46:00+00:00,1868.15,2020-11-23 15:45:00+00:00,1864.77002,1863.99734,1868.15,2020-11-23 15:45:00+00:00,1863.99734,SL,0,-1.0,-1.211601180307491
2020-11-24,setup_or_fib_XAUUSD_20201124_BUY,LONG,1809.28,1804.36,4.920000000000073,3.6365317224854206,2020-11-24 14:45:00+00:00,1810.19,2020-11-24 14:58:00+00:00,1806.2394399999998,1805.3144799999998,1810.19,2020-11-24 14:59:00+00:00,1805.3144799999998,SL,1,-1.0,-1.176764400622719
2020-11-25,setup_or_fib_XAUUSD_20201125_SELL,SHORT,1816.67,1812.36,4.310000000000173,2.5889745086350935,2020-11-25 15:17:00+00:00,1810.44,2020-11-25 15:41:00+00:00,1815.02358,1815.83386,1810.44,2020-11-25 15:46:00+00:00,1815.83386,SL,5,-1.0,-1.2017821000148294
2020-11-26,setup_or_fib_XAUUSD_20201126_BUY,LONG,1814.01,1812.92,1.0899999999999181,1.6722249539534253,2020-11-26 14:50:00+00:00,1814.47,2020-11-26 15:09:00+00:00,1813.33638,1813.13146,1814.47,2020-11-26 15:09:00+00:00,1813.13146,SL,0,-1.0,-1.797872340425914
2020-11-30,setup_or_fib_XAUUSD_20201130_SELL,SHORT,1771.56,1767.86,3.7000000000000455,3.340578062636458,2020-11-30 14:48:00+00:00,1766.81,2020-11-30 14:53:00+00:00,1770.1466,1770.8422,1766.81,2020-11-30 14:54:00+00:00,1770.8422,SL,1,-1.0,-1.2350488786658955
2020-12-01,setup_or_fib_XAUUSD_20201201_BUY,LONG,1810.63,1807.38,3.25,3.045843026478747,2020-12-01 14:53:00+00:00,1815.15,2020-12-01 15:30:00+00:00,1808.6215000000002,1808.0105,1815.15,2020-12-01 15:30:00+00:00,1808.0105,SL,0,-1.0,-1.2675941080195945
2020-12-02,setup_or_fib_XAUUSD_20201202_SELL,SHORT,1824.66,1817.81,6.850000000000136,3.219140689779425,2020-12-02 14:45:00+00:00,1812.71,2020-12-02 16:01:00+00:00,1822.0433,1823.3311,1812.71,2020-12-02 16:19:00+00:00,1823.3311,SL,18,-1.0,-1.1269607081844946
2020-12-03,setup_or_fib_XAUUSD_20201203_BUY,LONG,1840.79,1835.56,5.230000000000018,2.7307977301785265,2020-12-03 15:06:00+00:00,1843.31,2020-12-03 15:34:00+00:00,1837.55786,1836.57462,1843.31,2020-12-03 15:36:00+00:00,1836.57462,SL,2,-1.0,-1.1662869696107094
2020-12-08,setup_or_fib_XAUUSD_20201208_BUY,LONG,1870.25,1864.91,5.339999999999918,2.764187476388705,2020-12-08 14:51:00+00:00,1872.54,2020-12-08 14:59:00+00:00,1866.9498800000001,1865.94596,1872.54,2020-12-08 14:59:00+00:00,1865.94596,SL,0,-1.0,-1.1628615825962054
2020-12-09,setup_or_fib_XAUUSD_20201209_BUY,LONG,1861.74,1858.77,2.9700000000000273,3.321515616510439,2020-12-09 14:45:00+00:00,1864.12,2020-12-09 14:52:00+00:00,1859.90454,1859.34618,1864.12,2020-12-09 14:52:00+00:00,1859.34618,SL,0,-1.0,-1.2928218353750305
2020-12-10,setup_or_fib_XAUUSD_20201210_BUY,LONG,1845.85,1838.17,7.679999999999836,3.0120720425250456,2020-12-10 14:50:00+00:00,1847.66,2020-12-10 15:07:00+00:00,1841.10376,1839.6599199999998,1847.66,2020-12-10 15:39:00+00:00,1847.66,TP,32,4.540835549645041,4.427595855496116
2020-12-11,setup_or_fib_XAUUSD_20201211_BUY,LONG,1839.73,1835.92,3.8099999999999454,3.1512264275619644,2020-12-11 14:52:00+00:00,1842.47,2020-12-11 15:23:00+00:00,1837.37542,1836.65914,1842.47,2020-12-11 15:27:00+00:00,1836.65914,SL,4,-1.0,-1.2282626905679035
2020-12-14,setup_or_fib_XAUUSD_20201214_BUY,LONG,1827.55,1823.63,3.9199999999998454,2.9103108059629186,2020-12-14 14:46:00+00:00,1839.02,2020-12-14 16:19:00+00:00,1825.12744,1824.39048,1839.02,2020-12-14 16:22:00+00:00,1824.39048,SL,3,-1.0,-1.2218573599652767
2020-12-15,setup_or_fib_XAUUSD_20201215_SELL,SHORT,1855.23,1849.48,5.75,2.8241753920758246,2020-12-15 15:13:00+00:00,1846.93,2020-12-15 15:56:00+00:00,1853.0335,1854.1145000000001,1846.93,2020-12-15 15:58:00+00:00,1854.1145000000001,SL,2,-1.0,-1.1512488436632564
2020-12-16,setup_or_fib_XAUUSD_20201216_BUY,LONG,1854.98,1850.74,4.240000000000009,3.22811181096799,2020-12-16 15:07:00+00:00,1858.87,2020-12-16 16:00:00+00:00,1852.35968,1851.5625599999998,1858.87,2020-12-16 16:00:00+00:00,1851.5625599999998,SL,0,-1.0,-1.2051134082697255
2020-12-18,setup_or_fib_XAUUSD_20201218_SELL,SHORT,1889.58,1884.79,4.789999999999964,2.5357437840728574,2020-12-18 14:55:00+00:00,1882.64,2020-12-18 15:18:00+00:00,1887.75022,1888.65074,1882.64,2020-12-18 15:25:00+00:00,1882.64,TP,7,5.674743481542877,5.493181717228953
2020-12-21,setup_or_fib_XAUUSD_20201221_BUY,LONG,1883.51,1877.58,5.930000000000064,6.651136386750313,2020-12-21 14:48:00+00:00,1884.38,2020-12-21 15:22:00+00:00,1879.84526,1878.7304199999999,1884.38,2020-12-21 15:22:00+00:00,1878.7304199999999,SL,0,-1.0,-1.1466578163682437
2020-12-22,setup_or_fib_XAUUSD_20201222_BUY,LONG,1878.8,1875.4,3.3999999999998636,2.7192367477624915,2020-12-22 14:58:00+00:00,1881.45,2020-12-22 15:33:00+00:00,1876.6988000000001,1876.0596,1881.45,2020-12-22 15:39:00+00:00,1876.0596,SL,6,-1.0,-1.2557884856069794
2020-12-24,setup_or_fib_XAUUSD_20201224_BUY,LONG,1874.9,1872.31,2.5900000000001455,2.339572777767816,2020-12-24 14:54:00+00:00,1875.18,2020-12-24 15:13:00+00:00,1873.29938,1872.81246,1875.18,2020-12-24 15:13:00+00:00,1872.81246,SL,0,-1.0,-1.3357841123799763
2020-12-28,setup_or_fib_XAUUSD_20201228_BUY,LONG,1887.85,1882.39,5.459999999999809,3.207534561900775,2020-12-28 15:00:00+00:00,1896.47,2020-12-28 16:51:00+00:00,1884.4757200000001,1883.44924,1896.47,2020-12-28 16:51:00+00:00,1883.44924,SL,0,-1.0,-1.1592822071545135
2020-12-29,setup_or_fib_XAUUSD_20201229_SELL,SHORT,1880.04,1877.04,3.0,2.822222238470176,2020-12-29 14:46:00+00:00,1876.54,2020-12-29 14:50:00+00:00,1878.894,1879.4579999999999,1876.54,2020-12-29 14:50:00+00:00,1879.4579999999999,SL,0,-1.0,-1.2898936170213533
2020-12-30,setup_or_fib_XAUUSD_20201230_BUY,LONG,1882.97,1880.7,2.269999999999982,2.1517198853129686,2020-12-30 14:55:00+00:00,1885.27,2020-12-30 15:12:00+00:00,1881.56714,1881.14038,1885.27,2020-12-30 15:12:00+00:00,1881.14038,SL,0,-1.0,-1.3831193176492118
2020-12-31,setup_or_fib_XAUUSD_20201231_SELL,SHORT,1898.11,1896.34,1.7699999999999818,1.8611129498976604,2020-12-31 14:50:00+00:00,1895.67,2020-12-31 14:57:00+00:00,1897.4338599999999,1897.7666199999999,1895.67,2020-12-31 14:57:00+00:00,1897.7666199999999,SL,0,-1.0,-1.491345113595373
2021-01-04,setup_or_fib_XAUUSD_20210104_BUY,LONG,1942.01,1937.06,4.9500000000000455,2.9032169225402282,2021-01-04 15:42:00+00:00,1944.43,2021-01-04 16:08:00+00:00,1938.9509,1938.0203000000001,1944.43,2021-01-04 16:08:00+00:00,1938.0203000000001,SL,0,-1.0,-1.1756931012250325
2021-01-05,setup_or_fib_XAUUSD_20210105_BUY,LONG,1950.74,1946.23,4.509999999999991,2.7523769107580254,2021-01-05 14:54:00+00:00,1951.9,2021-01-05 15:04:00+00:00,1947.95282,1947.10494,1951.9,2021-01-05 15:16:00+00:00,1951.9,TP,12,4.655352172477199,4.462518280888775
2021-01-06,setup_or_fib_XAUUSD_20210106_SELL,SHORT,1938.91,1935.12,3.790000000000191,5.290865323658424,2021-01-06 14:47:00+00:00,1934.17,2021-01-06 14:49:00+00:00,1937.4622200000001,1938.1747400000002,1934.17,2021-01-06 14:49:00+00:00,1938.1747400000002,SL,0,-1.0,-1.2294672430247442
2021-01-07,setup_or_fib_XAUUSD_20210107_SELL,SHORT,1918.82,1915.32,3.5,3.5279008903441613,2021-01-07 14:45:00+00:00,1910.39,2021-01-07 15:22:00+00:00,1917.483,1918.1409999999998,1910.39,2021-01-07 15:22:00+00:00,1918.1409999999998,SL,0,-1.0,-1.2484802431611313
2021-01-08,setup_or_fib_XAUUSD_20210108_BUY,LONG,1889.23,1876.3,12.930000000000064,3.756439329207293,2021-01-08 14:58:00+00:00,1892.75,2021-01-08 15:37:00+00:00,1881.23926,1878.8084199999998,1892.75,2021-01-08 15:40:00+00:00,1878.8084199999998,SL,3,-1.0,-1.0672607000049306
2021-01-11,setup_or_fib_XAUUSD_20210111_SELL,SHORT,1839.27,1832.86,6.410000000000082,3.7836116142088816,2021-01-11 14:51:00+00:00,1831.92,2021-01-11 14:56:00+00:00,1836.8213799999999,1838.02646,1831.92,2021-01-11 15:18:00+00:00,1831.92,TP,22,4.06726524380046,3.9315896040089306
2021-01-12,setup_or_fib_XAUUSD_20210112_SELL,SHORT,1851.21,1842.76,8.450000000000045,3.346378262496665,2021-01-12 15:06:00+00:00,1836.7,2021-01-12 15:31:00+00:00,1847.9821,1849.5707000000002,1836.7,2021-01-12 17:00:00+00:00,1841.74,TIME,89,3.929308825380132,3.826388014603365
2021-01-13,setup_or_fib_XAUUSD_20210113_BUY,LONG,1859.11,1853.49,5.619999999999891,3.0113061862896835,2021-01-13 15:06:00+00:00,1861.19,2021-01-13 15:26:00+00:00,1855.63684,1854.58028,1861.19,2021-01-13 15:29:00+00:00,1854.58028,SL,3,-1.0,-1.1547474823957007
2021-01-18,setup_or_fib_XAUUSD_20210118_SELL,SHORT,1834.99,1833.54,1.4500000000000455,2.795840038556351,2021-01-18 14:45:00+00:00,1832.82,2021-01-18 14:49:00+00:00,1834.4361,1834.7087,1832.82,2021-01-18 14:49:00+00:00,1834.7087,SL,0,-1.0,-1.5997798972853752
2021-01-19,setup_or_fib_XAUUSD_20210119_BUY,LONG,1838.98,1835.83,3.150000000000091,2.4752481778764657,2021-01-19 14:47:00+00:00,1843.36,2021-01-19 15:39:00+00:00,1837.0333,1836.4410999999998,1843.36,2021-01-19 15:43:00+00:00,1836.4410999999998,SL,4,-1.0,-1.276089159067754
2021-01-22,setup_or_fib_XAUUSD_20210122_BUY,LONG,1843.19,1837.4,5.789999999999964,3.2616596805749998,2021-01-22 14:46:00+00:00,1845.03,2021-01-22 15:32:00+00:00,1839.6117800000002,1838.52326,1845.03,2021-01-22 15:37:00+00:00,1838.52326,SL,5,-1.0,-1.1502039466431149
2021-01-27,setup_or_fib_XAUUSD_20210127_BUY,LONG,1843.96,1839.26,4.7000000000000455,2.8873146683085977,2021-01-27 15:02:00+00:00,1844.91,2021-01-27 15:21:00+00:00,1841.0554,1840.1717999999998,1844.91,2021-01-27 15:33:00+00:00,1840.1717999999998,SL,12,-1.0,-1.185038478949727
2021-01-29,setup_or_fib_XAUUSD_20210129_BUY,LONG,1872.24,1865.0,7.240000000000009,3.969045227934766,2021-01-29 14:45:00+00:00,1875.69,2021-01-29 15:28:00+00:00,1867.76568,1866.40456,1875.69,2021-01-29 15:28:00+00:00,1866.40456,SL,0,-1.0,-1.1201216645115761
2021-02-01,setup_or_fib_XAUUSD_20210201_BUY,LONG,1867.69,1861.6,6.0900000000001455,4.168902552756672,2021-02-01 14:46:00+00:00,1868.73,2021-02-01 15:00:00+00:00,1863.9263799999999,1862.7814600000002,1868.73,2021-02-01 15:31:00+00:00,1862.7814600000002,SL,31,-1.0,-1.1428047374489385
2021-02-02,setup_or_fib_XAUUSD_20210202_SELL,SHORT,1835.36,1831.2,4.1599999999998545,4.036204275442771,2021-02-02 14:46:00+00:00,1829.89,2021-02-02 14:52:00+00:00,1833.77088,1834.55296,1829.89,2021-02-02 14:54:00+00:00,1834.55296,SL,2,-1.0,-1.209057896890357
2021-02-03,setup_or_fib_XAUUSD_20210203_BUY,LONG,1840.08,1836.57,3.509999999999991,2.485240120058924,2021-02-03 15:34:00+00:00,1840.8,2021-02-03 15:37:00+00:00,1837.9108199999998,1837.25094,1840.8,2021-02-03 15:39:00+00:00,1837.25094,SL,2,-1.0,-1.2477723222404336
2021-02-05,setup_or_fib_XAUUSD_20210205_SELL,SHORT,1806.4,1797.25,9.150000000000091,2.8910821738712915,2021-02-05 15:06:00+00:00,1795.61,2021-02-05 15:25:00+00:00,1802.9047,1804.6249,1795.61,2021-02-05 15:45:00+00:00,1804.6249,SL,20,-1.0,-1.0950470875479608
2021-02-09,setup_or_fib_XAUUSD_20210209_BUY,LONG,1846.14,1841.24,4.900000000000091,2.417265850136044,2021-02-09 14:46:00+00:00,1847.56,2021-02-09 15:06:00+00:00,1843.1118000000001,1842.1906000000001,1847.56,2021-02-09 15:09:00+00:00,1842.1906000000001,SL,3,-1.0,-1.1774858879722103
2021-02-16,setup_or_fib_XAUUSD_20210216_SELL,SHORT,1806.74,1798.68,8.059999999999945,3.5249424392242275,2021-02-16 14:46:00+00:00,1789.48,2021-02-16 16:14:00+00:00,1803.66108,1805.17636,1789.48,2021-02-16 16:14:00+00:00,1805.17636,SL,0,-1.0,-1.1079008500079301
2021-02-17,setup_or_fib_XAUUSD_20210217_BUY,LONG,1780.25,1774.01,6.240000000000009,3.3276438047887305,2021-02-17 14:54:00+00:00,1781.86,2021-02-17 15:06:00+00:00,1776.39368,1775.22056,1781.86,2021-02-17 15:25:00+00:00,1781.86,TP,19,4.659642662302526,4.520270731042289
2021-02-18,setup_or_fib_XAUUSD_20210218_BUY,LONG,1785.48,1781.92,3.5599999999999454,2.90446110064952,2021-02-18 14:58:00+00:00,1787.22,2021-02-18 15:01:00+00:00,1783.27992,1782.6106399999999,1787.22,2021-02-18 15:04:00+00:00,1782.6106399999999,SL,3,-1.0,-1.2442923738943081
2021-02-23,setup_or_fib_XAUUSD_20210223_SELL,SHORT,1811.31,1808.54,2.769999999999982,2.5817589284605122,2021-02-23 14:48:00+00:00,1795.6,2021-02-23 16:41:00+00:00,1810.2518599999999,1810.77262,1795.6,2021-02-23 16:42:00+00:00,1810.77262,SL,1,-1.0,-1.3139642061601615
2021-02-25,setup_or_fib_XAUUSD_20210225_BUY,LONG,1784.26,1779.46,4.7999999999999545,3.858562094047359,2021-02-25 14:47:00+00:00,1784.87,2021-02-25 14:55:00+00:00,1781.2936,1780.3912,1784.87,2021-02-25 14:55:00+00:00,1780.3912,SL,0,-1.0,-1.1811835106383093
2021-03-01,setup_or_fib_XAUUSD_20210301_BUY,LONG,1738.63,1730.82,7.810000000000173,3.330716001858559,2021-03-01 14:51:00+00:00,1743.01,2021-03-01 15:50:00+00:00,1733.80342,1732.3351400000001,1743.01,2021-03-01 17:00:00+00:00,1738.83,TIME,70,3.4234478437359193,3.3120930612693464
2021-03-02,setup_or_fib_XAUUSD_20210302_SELL,SHORT,1729.17,1725.92,3.25,3.6399678577682297,2021-03-02 14:46:00+00:00,1724.09,2021-03-02 14:50:00+00:00,1727.9285,1728.5395,1724.09,2021-03-02 14:51:00+00:00,1728.5395,SL,1,-1.0,-1.2675941080195945
2021-03-03,setup_or_fib_XAUUSD_20210303_SELL,SHORT,1716.37,1710.75,5.619999999999891,3.339728046650387,2021-03-03 15:08:00+00:00,1708.51,2021-03-03 15:22:00+00:00,1714.22316,1715.27972,1708.51,2021-03-03 15:24:00+00:00,1715.27972,SL,2,-1.0,-1.1547474823957007
2021-03-04,setup_or_fib_XAUUSD_20210304_SELL,SHORT,1718.68,1713.89,4.789999999999964,3.55338688634385,2021-03-04 15:11:00+00:00,1712.29,2021-03-04 15:33:00+00:00,1716.85022,1717.7507400000002,1712.29,2021-03-04 16:09:00+00:00,1712.29,TP,36,5.063985252964233,4.88242348865031
2021-03-08,setup_or_fib_XAUUSD_20210308_BUY,LONG,1695.14,1689.85,5.290000000000191,3.5673608831243224,2021-03-08 15:11:00+00:00,1696.57,2021-03-08 15:30:00+00:00,1691.87078,1690.87626,1696.57,2021-03-08 15:32:00+00:00,1690.87626,SL,2,-1.0,-1.1644009170253042
2021-03-11,setup_or_fib_XAUUSD_20210311_SELL,SHORT,1733.61,1728.59,5.019999999999982,2.788847065836119,2021-03-11 14:45:00+00:00,1727.3,2021-03-11 14:56:00+00:00,1731.69236,1732.63612,1727.3,2021-03-11 15:22:00+00:00,1727.3,TP,26,4.654106976350549,4.480863778927454
2021-03-12,setup_or_fib_XAUUSD_20210312_SELL,SHORT,1707.41,1703.93,3.480000000000018,3.0634751871218646,2021-03-12 14:48:00+00:00,1700.5,2021-03-12 14:57:00+00:00,1706.0806400000001,1706.7348800000002,1700.5,2021-03-12 15:51:00+00:00,1706.7348800000002,SL,54,-1.0,-1.2499082905355556
2021-03-15,setup_or_fib_XAUUSD_20210315_BUY,LONG,1732.05,1728.78,3.269999999999982,2.3063252905784606,2021-03-15 13:55:00+00:00,1733.04,2021-03-15 14:00:00+00:00,1730.0291399999999,1729.41438,1733.04,2021-03-15 14:02:00+00:00,1729.41438,SL,2,-1.0,-1.2659574468085397
2021-03-17,setup_or_fib_XAUUSD_20210317_BUY,LONG,1730.92,1728.48,2.4400000000000546,2.0586884762233626,2021-03-17 13:45:00+00:00,1731.84,2021-03-17 13:53:00+00:00,1729.41208,1728.95336,1731.84,2021-03-17 13:59:00+00:00,1728.95336,SL,6,-1.0,-1.3564265783047824
2021-03-22,setup_or_fib_XAUUSD_20210322_BUY,LONG,1733.73,1730.61,3.1200000000001182,2.4388734425560767,2021-03-22 14:34:00+00:00,1735.07,2021-03-22 14:45:00+00:00,1731.8018399999999,1731.21528,1735.07,2021-03-22 14:45:00+00:00,1731.21528,SL,0,-1.0,-1.278743862520476
2021-03-23,setup_or_fib_XAUUSD_20210323_SELL,SHORT,1741.02,1739.3,1.7200000000000273,2.120889126452834,2021-03-23 13:51:00+00:00,1738.93,2021-03-23 13:56:00+00:00,1740.36296,1740.68632,1738.93,2021-03-23 13:56:00+00:00,1740.68632,SL,0,-1.0,-1.5056284017811503
2021-03-24,setup_or_fib_XAUUSD_20210324_SELL,SHORT,1733.31,1731.03,2.2799999999999727,1.811041124658273,2021-03-24 13:47:00+00:00,1730.58,2021-03-24 13:51:00+00:00,1732.43904,1732.8676799999998,1730.58,2021-03-24 13:53:00+00:00,1732.91,SL,2,-1.0987308697281148,-1.4801698394930776
2021-03-26,setup_or_fib_XAUUSD_20210326_SELL,SHORT,1728.83,1724.71,4.119999999999891,2.0955824812399015,2021-03-26 13:52:00+00:00,1724.23,2021-03-26 14:31:00+00:00,1727.25616,1728.03072,1724.23,2021-03-26 14:40:00+00:00,1728.03072,SL,9,-1.0,-1.2110875852096497
2021-03-29,setup_or_fib_XAUUSD_20210329_SELL,SHORT,1726.12,1724.45,1.6699999999998454,1.7581264402619823,2021-03-29 13:45:00+00:00,1721.87,2021-03-29 14:04:00+00:00,1725.48206,1725.79602,1721.87,2021-03-29 14:04:00+00:00,1725.79602,SL,0,-1.0,-1.520766976685008
2021-04-05,setup_or_fib_XAUUSD_20210405_SELL,SHORT,1729.61,1726.29,3.3199999999999363,2.0239810861254535,2021-04-05 13:47:00+00:00,1722.39,2021-04-05 15:01:00+00:00,1728.34176,1728.9659199999999,1722.39,2021-04-05 15:12:00+00:00,1728.9659199999999,SL,11,-1.0,-1.2619520635735069
2021-04-06,setup_or_fib_XAUUSD_20210406_SELL,SHORT,1739.03,1735.07,3.9600000000000364,1.9982243708733793,2021-04-06 14:03:00+00:00,1734.17,2021-04-06 14:23:00+00:00,1737.51728,1738.2617599999999,1734.17,2021-04-06 14:24:00+00:00,1738.2617599999999,SL,1,-1.0,-1.2196163765313175
2021-04-07,setup_or_fib_XAUUSD_20210407_BUY,LONG,1736.7,1734.6,2.1000000000001364,2.235148751139163,2021-04-07 13:55:00+00:00,1739.05,2021-04-07 14:19:00+00:00,1735.4022,1735.0074,1739.05,2021-04-07 14:34:00+00:00,1735.0074,SL,15,-1.0,-1.41413373860179
2021-04-09,setup_or_fib_XAUUSD_20210409_SELL,SHORT,1740.73,1737.84,2.8900000000001,2.1016379182723735,2021-04-09 13:45:00+00:00,1731.26,2021-04-09 14:45:00+00:00,1739.62602,1740.1693400000001,1731.26,2021-04-09 14:46:00+00:00,1740.1693400000001,SL,1,-1.0,-1.30092763012577
2021-04-16,setup_or_fib_XAUUSD_20210416_SELL,SHORT,1783.79,1779.85,3.9400000000000546,2.4589072177052436,2021-04-16 13:57:00+00:00,1779.28,2021-04-16 14:00:00+00:00,1782.28492,1783.02564,1779.28,2021-04-16 14:06:00+00:00,1779.28,TP,6,4.056755589156554,3.8360244086835036
2021-04-19,setup_or_fib_XAUUSD_20210419_BUY,LONG,1778.4,1776.23,2.1700000000000728,2.779357775840079,2021-04-19 13:48:00+00:00,1778.61,2021-04-19 13:56:00+00:00,1777.0589400000001,1776.6509800000001,1778.61,2021-04-19 13:57:00+00:00,1776.6509800000001,SL,1,-1.0,-1.4007745857436977
2021-04-21,setup_or_fib_XAUUSD_20210421_SELL,SHORT,1787.77,1785.06,2.7100000000000364,1.9502044398147853,2021-04-21 14:11:00+00:00,1783.34,2021-04-21 14:33:00+00:00,1786.73478,1787.24426,1783.34,2021-04-21 14:33:00+00:00,1787.24426,SL,0,-1.0,-1.3209154431970234
2021-04-22,setup_or_fib_XAUUSD_20210422_SELL,SHORT,1787.28,1783.1,4.180000000000064,2.5319351107420265,2021-04-22 14:13:00+00:00,1780.93,2021-04-22 14:18:00+00:00,1785.6832399999998,1786.4690799999998,1780.93,2021-04-22 14:21:00+00:00,1780.93,TP,3,6.048610404153178,5.84055278428145
2021-04-23,setup_or_fib_XAUUSD_20210423_BUY,LONG,1794.94,1793.31,1.6300000000001091,1.9973828341898112,2021-04-23 13:46:00+00:00,1795.13,2021-04-23 13:51:00+00:00,1793.93266,1793.6262199999999,1795.13,2021-04-23 13:59:00+00:00,1793.6262199999999,SL,8,-1.0,-1.5335465343948727
2021-04-27,setup_or_fib_XAUUSD_20210427_SELL,SHORT,1785.01,1780.95,4.059999999999945,2.0988571820394624,2021-04-27 14:31:00+00:00,1777.88,2021-04-27 14:52:00+00:00,1783.45908,1784.22236,1777.88,2021-04-27 15:15:00+00:00,1784.22236,SL,23,-1.0,-1.2142071061733866
2021-04-29,setup_or_fib_XAUUSD_20210429_BUY,LONG,1780.53,1775.78,4.75,2.170547093225701,2021-04-29 13:49:00+00:00,1781.41,2021-04-29 14:05:00+00:00,1777.5945,1776.7015,1781.41,2021-04-29 14:06:00+00:00,1776.7015,SL,1,-1.0,-1.183090705487116
2021-04-30,setup_or_fib_XAUUSD_20210430_BUY,LONG,1771.09,1765.53,5.559999999999945,2.0502226284833722,2021-04-30 14:04:00+00:00,1771.98,2021-04-30 14:49:00+00:00,1767.65392,1766.60864,1771.98,2021-04-30 14:51:00+00:00,1766.60864,SL,2,-1.0,-1.1564174192560772
2021-05-03,setup_or_fib_XAUUSD_20210503_BUY,LONG,1786.41,1783.61,2.800000000000182,2.3584706681075773,2021-05-03 13:50:00+00:00,1786.97,2021-05-03 13:57:00+00:00,1784.6796,1784.1532,1786.97,2021-05-03 14:01:00+00:00,1786.97,TP,4,4.351063829787679,4.040463525836292
2021-05-06,setup_or_fib_XAUUSD_20210506_SELL,SHORT,1796.25,1791.9,4.349999999999909,1.9673072834989411,2021-05-06 14:07:00+00:00,1790.78,2021-05-06 14:32:00+00:00,1794.5883000000001,1795.4061,1790.78,2021-05-06 14:33:00+00:00,1795.4061,SL,1,-1.0,-1.199926632428514
2021-05-10,setup_or_fib_XAUUSD_20210510_BUY,LONG,1842.59,1839.43,3.1599999999998545,2.1154939201034137,2021-05-10 14:02:00+00:00,1844.52,2021-05-10 14:05:00+00:00,1840.63712,1840.04304,1844.52,2021-05-10 14:05:00+00:00,1840.04304,SL,0,-1.0,-1.2752154591973792
2021-05-12,setup_or_fib_XAUUSD_20210512_BUY,LONG,1835.4,1821.5,13.900000000000091,1.7631155857175727,2021-05-12 13:45:00+00:00,1843.68,2021-05-12 15:30:00+00:00,1826.8098,1824.1966,1843.68,2021-05-12 15:32:00+00:00,1824.1966,SL,2,-1.0,-1.0625669677024336
2021-05-14,setup_or_fib_XAUUSD_20210514_BUY,LONG,1839.66,1833.45,6.210000000000036,2.0225331464495193,2021-05-14 14:38:00+00:00,1841.21,2021-05-14 15:00:00+00:00,1835.82222,1834.6547400000002,1841.21,2021-05-14 16:00:00+00:00,1838.02,TIME,60,1.882499057799932,1.7424538321857699
2021-05-17,setup_or_fib_XAUUSD_20210517_SELL,SHORT,1848.55,1846.17,2.3799999999998818,1.8055229392537102,2021-05-17 13:48:00+00:00,1845.2,2021-05-17 13:52:00+00:00,1847.64084,1848.0882800000002,1845.2,2021-05-17 13:57:00+00:00,1845.2,TP,5,5.455122474519944,5.089710352224333
2021-05-20,setup_or_fib_XAUUSD_20210520_BUY,LONG,1871.83,1868.5,3.3299999999999272,2.3766598173935636,2021-05-20 14:00:00+00:00,1872.96,2021-05-20 14:10:00+00:00,1869.77206,1869.14602,1872.96,2021-05-20 14:17:00+00:00,1872.96,TP,7,5.092230528399947,4.831065107660101
2021-05-21,setup_or_fib_XAUUSD_20210521_BUY,LONG,1887.31,1884.09,3.2200000000000273,1.979983073885078,2021-05-21 13:52:00+00:00,1889.41,2021-05-21 14:23:00+00:00,1885.3200399999998,1884.71468,1889.41,2021-05-21 14:28:00+00:00,1884.71468,SL,5,-1.0,-1.2700872208273695
2021-05-24,setup_or_fib_XAUUSD_20210524_SELL,SHORT,1886.26,1882.51,3.75,1.8780521488315762,2021-05-24 13:45:00+00:00,1877.97,2021-05-24 14:40:00+00:00,1884.8275,1885.5325,1877.97,2021-05-24 15:05:00+00:00,1877.97,TP,25,9.726950354611036,9.495035460993991
2021-05-25,setup_or_fib_XAUUSD_20210525_SELL,SHORT,1884.79,1881.68,3.1099999999999,1.9965565681850317,2021-05-25 14:08:00+00:00,1879.91,2021-05-25 14:44:00+00:00,1883.60198,1884.18666,1879.91,2021-05-25 14:44:00+00:00,1884.18666,SL,0,-1.0,-1.2796401450365238
2021-05-27,setup_or_fib_XAUUSD_20210527_BUY,LONG,1898.09,1892.46,5.629999999999882,2.570239339384457,2021-05-27 13:57:00+00:00,1898.87,2021-05-27 14:18:00+00:00,1894.61066,1893.55222,1898.87,2021-05-27 14:19:00+00:00,1893.55222,SL,1,-1.0,-1.1544726200823827
2021-05-31,setup_or_fib_XAUUSD_20210531_SELL,SHORT,1906.21,1905.45,0.7599999999999909,1.5562947509989111,2021-05-31 14:07:00+00:00,1903.66,2021-05-31 14:55:00+00:00,1905.91968,1906.06256,1903.66,2021-05-31 14:55:00+00:00,1906.06256,SL,0,-1.0,-2.1443169092936745
2021-06-01,setup_or_fib_XAUUSD_20210601_BUY,LONG,1909.5,1907.51,1.990000000000009,2.170449496216782,2021-06-01 13:49:00+00:00,1910.69,2021-06-01 14:03:00+00:00,1908.27018,1907.89606,1910.69,2021-06-01 14:03:00+00:00,1907.89606,SL,0,-1.0,-1.4370255532984677
2021-06-02,setup_or_fib_XAUUSD_20210602_SELL,SHORT,1906.97,1903.96,3.009999999999991,2.2100630949078734,2021-06-02 13:55:00+00:00,1903.07,2021-06-02 14:00:00+00:00,1905.82018,1906.3860599999998,1903.07,2021-06-02 14:35:00+00:00,1906.3860599999998,SL,35,-1.0,-1.2889305153036597
2021-06-09,setup_or_fib_XAUUSD_20210609_BUY,LONG,1895.86,1893.18,2.6799999999998363,1.9872796808418767,2021-06-09 14:31:00+00:00,1897.11,2021-06-09 14:34:00+00:00,1894.20376,1893.69992,1897.11,2021-06-09 14:34:00+00:00,1893.69992,SL,0,-1.0,-1.3245077802476448
2021-06-14,setup_or_fib_XAUUSD_20210614_SELL,SHORT,1852.48,1847.73,4.75,2.6778750664028945,2021-06-14 13:46:00+00:00,1844.77,2021-06-14 14:06:00+00:00,1850.6655,1851.5585,1844.77,2021-06-14 14:35:00+00:00,1851.5585,SL,29,-1.0,-1.183090705487116
2021-06-15,setup_or_fib_XAUUSD_20210615_BUY,LONG,1866.62,1861.21,5.4099999999998545,1.9346788418486482,2021-06-15 14:25:00+00:00,1868.11,2021-06-15 15:05:00+00:00,1863.27662,1862.25954,1868.11,2021-06-15 15:10:00+00:00,1862.25954,SL,5,-1.0,-1.1607543162779599
2021-06-16,setup_or_fib_XAUUSD_20210616_BUY,LONG,1857.67,1855.24,2.4300000000000637,1.8214286106627036,2021-06-16 13:58:00+00:00,1859.26,2021-06-16 14:34:00+00:00,1856.1682600000001,1855.7114199999999,1859.26,2021-06-16 15:46:00+00:00,1855.7114199999999,SL,39,-1.0,-1.3578933543470326
2021-06-17,setup_or_fib_XAUUSD_20210617_BUY,LONG,1785.15,1776.76,8.3900000000001,4.303544467041063,2021-06-17 13:53:00+00:00,1786.89,2021-06-17 14:07:00+00:00,1779.96498,1778.38766,1786.89,2021-06-17 14:31:00+00:00,1786.89,TP,24,4.390371009053769,4.286714173408489
2021-06-21,setup_or_fib_XAUUSD_20210621_BUY,LONG,1777.01,1773.94,3.0699999999999363,2.7835150584918043,2021-06-21 14:05:00+00:00,1779.76,2021-06-21 14:41:00+00:00,1775.11274,1774.53558,1779.76,2021-06-21 14:41:00+00:00,1774.53558,SL,0,-1.0,-1.2832836648416144
2021-06-22,setup_or_fib_XAUUSD_20210622_BUY,LONG,1778.23,1772.44,5.789999999999964,2.554555743004703,2021-06-22 14:05:00+00:00,1781.06,2021-06-22 14:35:00+00:00,1774.6517800000001,1773.56326,1781.06,2021-06-22 14:35:00+00:00,1773.56326,SL,0,-1.0,-1.1502039466431149
2021-06-23,setup_or_fib_XAUUSD_20210623_BUY,LONG,1783.71,1779.97,3.740000000000009,2.243950588250479,2021-06-23 14:01:00+00:00,1784.9,2021-06-23 14:18:00+00:00,1781.39868,1780.69556,1784.9,2021-06-23 14:33:00+00:00,1784.9,TP,15,4.97969052224293,4.74715553532751
2021-06-24,setup_or_fib_XAUUSD_20210624_SELL,SHORT,1787.18,1782.88,4.2999999999999545,1.9966303000588348,2021-06-24 13:53:00+00:00,1782.36,2021-06-24 14:08:00+00:00,1785.5374000000002,1786.3458,1782.36,2021-06-24 14:16:00+00:00,1786.3458,SL,8,-1.0,-1.2022513607125456
2021-06-30,setup_or_fib_XAUUSD_20210630_BUY,LONG,1759.08,1755.02,4.059999999999945,2.4323031637571875,2021-06-30 14:00:00+00:00,1759.09,2021-06-30 14:15:00+00:00,1756.57092,1755.80764,1759.09,2021-06-30 14:17:00+00:00,1755.80764,SL,2,-1.0,-1.2142071061733866
2021-07-01,setup_or_fib_XAUUSD_20210701_BUY,LONG,1776.81,1772.38,4.429999999999836,2.1027228213765397,2021-07-01 13:47:00+00:00,1782.78,2021-07-01 15:42:00+00:00,1774.0722600000001,1773.23942,1782.78,2021-07-01 15:42:00+00:00,1773.23942,SL,0,-1.0,-1.1963162192017598
2021-07-02,setup_or_fib_XAUUSD_20210702_BUY,LONG,1793.86,1775.84,18.019999999999982,2.3154939360493723,2021-07-02 14:07:00+00:00,1795.04,2021-07-02 14:50:00+00:00,1782.72364,1779.3358799999999,1795.04,2021-07-02 15:15:00+00:00,1779.3358799999999,SL,25,-1.0,-1.0482619784164158
2021-07-05,setup_or_fib_XAUUSD_20210705_BUY,LONG,1792.29,1790.82,1.4700000000000273,1.7434343799889995,2021-07-05 13:53:00+00:00,1792.47,2021-07-05 14:00:00+00:00,1791.3815399999999,1791.10518,1792.47,2021-07-05 14:06:00+00:00,1792.47,TP,6,3.93855840208712,3.346938775512745
2021-07-08,setup_or_fib_XAUUSD_20210708_BUY,LONG,1817.75,1815.12,2.630000000000109,3.190511474763913,2021-07-08 13:45:00+00:00,1818.33,2021-07-08 13:49:00+00:00,1816.12466,1815.63022,1818.33,2021-07-08 13:49:00+00:00,1815.63022,SL,0,-1.0,-1.3306771296821043
2021-07-09,setup_or_fib_XAUUSD_20210709_SELL,SHORT,1803.5,1799.62,3.880000000000109,2.4587851103105614,2021-07-09 13:45:00+00:00,1798.48,2021-07-09 13:58:00+00:00,1802.01784,1802.74728,1798.48,2021-07-09 14:00:00+00:00,1802.74728,SL,2,-1.0,-1.2241445492432343
2021-07-12,setup_or_fib_XAUUSD_20210712_SELL,SHORT,1803.0,1800.96,2.0399999999999636,2.0124482370812857,2021-07-12 13:47:00+00:00,1800.15,2021-07-12 13:51:00+00:00,1802.22072,1802.60424,1800.15,2021-07-12 13:51:00+00:00,1802.60424,SL,0,-1.0,-1.426314142678501
2021-07-13,setup_or_fib_XAUUSD_20210713_SELL,SHORT,1817.14,1803.12,14.02000000000021,1.8354371267461163,2021-07-13 13:56:00+00:00,1798.6,2021-07-13 14:30:00+00:00,1811.78436,1814.4201200000002,1798.6,2021-07-13 14:50:00+00:00,1814.4201200000002,SL,20,-1.0,-1.0620314444410692
2021-07-15,setup_or_fib_XAUUSD_20210715_SELL,SHORT,1828.59,1824.49,4.099999999999909,2.4010936525276088,2021-07-15 13:45:00+00:00,1822.3,2021-07-15 14:50:00+00:00,1827.0238,1827.7946,1822.3,2021-07-15 15:11:00+00:00,1822.3,TP,21,6.128437986507436,5.916320705760162
2021-07-16,setup_or_fib_XAUUSD_20210716_BUY,LONG,1824.53,1817.69,6.839999999999918,2.313316769964872,2021-07-16 13:47:00+00:00,1826.68,2021-07-16 15:10:00+00:00,1820.30288,1819.0169600000002,1826.68,2021-07-16 15:11:00+00:00,1819.0169600000002,SL,1,-1.0,-1.1271463232549652
2021-07-20,setup_or_fib_XAUUSD_20210720_BUY,LONG,1823.05,1816.91,6.139999999999873,2.1479441444921137,2021-07-20 13:47:00+00:00,1824.92,2021-07-20 15:30:00+00:00,1819.25548,1818.10116,1824.92,2021-07-20 15:40:00+00:00,1818.10116,SL,10,-1.0,-1.141641832420807
2021-07-21,setup_or_fib_XAUUSD_20210721_SELL,SHORT,1802.37,1796.45,5.919999999999845,2.4124722211598555,2021-07-21 13:45:00+00:00,1794.68,2021-07-21 14:00:00+00:00,1800.10856,1801.22152,1794.68,2021-07-21 14:36:00+00:00,1801.22152,SL,36,-1.0,-1.1469055491661666
2021-07-23,setup_or_fib_XAUUSD_20210723_BUY,LONG,1803.34,1796.87,6.470000000000027,2.552936246145219,2021-07-23 13:45:00+00:00,1804.92,2021-07-23 14:31:00+00:00,1799.34154,1798.1251799999998,1804.92,2021-07-23 14:35:00+00:00,1798.1251799999998,SL,4,-1.0,-1.134417442204597
2021-07-26,setup_or_fib_XAUUSD_20210726_SELL,SHORT,1804.61,1801.11,3.5,1.8399538691343917,2021-07-26 14:31:00+00:00,1799.45,2021-07-26 14:39:00+00:00,1803.273,1803.9309999999998,1799.45,2021-07-26 14:43:00+00:00,1803.9309999999998,SL,4,-1.0,-1.2484802431611313
2021-07-27,setup_or_fib_XAUUSD_20210727_SELL,SHORT,1805.22,1803.45,1.7699999999999818,1.9255050708094077,2021-07-27 13:55:00+00:00,1801.72,2021-07-27 14:16:00+00:00,1804.54386,1804.87662,1801.72,2021-07-27 14:42:00+00:00,1801.72,TP,26,8.48617622310345,7.994831109508078
2021-07-28,setup_or_fib_XAUUSD_20210728_SELL,SHORT,1800.22,1798.9,1.3199999999999363,1.8315802837748103,2021-07-28 13:45:00+00:00,1797.77,2021-07-28 14:01:00+00:00,1799.71576,1799.96392,1797.77,2021-07-28 14:01:00+00:00,1799.96392,SL,0,-1.0,-1.6588491295941536
2021-07-29,setup_or_fib_XAUUSD_20210729_SELL,SHORT,1827.06,1823.79,3.269999999999982,2.1371785050347674,2021-07-29 14:04:00+00:00,1823.24,2021-07-29 14:22:00+00:00,1825.81086,1826.42562,1823.24,2021-07-29 14:36:00+00:00,1826.42562,SL,14,-1.0,-1.2659574468085397
2021-08-02,setup_or_fib_XAUUSD_20210802_SELL,SHORT,1810.96,1807.48,3.480000000000018,1.924681331099832,2021-08-02 13:59:00+00:00,1806.11,2021-08-02 14:20:00+00:00,1809.63064,1810.2848800000002,1806.11,2021-08-02 14:30:00+00:00,1810.2848800000002,SL,10,-1.0,-1.2499082905355556
2021-08-04,setup_or_fib_XAUUSD_20210804_BUY,LONG,1825.27,1823.04,2.230000000000018,2.012460694165511,2021-08-04 13:47:00+00:00,1831.65,2021-08-04 15:02:00+00:00,1823.89186,1823.47262,1831.65,2021-08-04 15:03:00+00:00,1823.47262,SL,1,-1.0,-1.3899914130331585
2021-08-05,setup_or_fib_XAUUSD_20210805_BUY,LONG,1812.22,1808.57,3.650000000000091,1.770944702841591,2021-08-05 13:48:00+00:00,1812.64,2021-08-05 13:56:00+00:00,1809.9642999999999,1809.2780999999998,1812.64,2021-08-05 13:58:00+00:00,1809.2780999999998,SL,2,-1.0,-1.238268726318823
2021-08-09,setup_or_fib_XAUUSD_20210809_SELL,SHORT,1744.86,1739.85,5.009999999999991,3.856686443129899,2021-08-09 13:49:00+00:00,1737.85,2021-08-09 14:01:00+00:00,1742.94618,1743.88806,1737.85,2021-08-09 14:03:00+00:00,1743.88806,SL,2,-1.0,-1.173588992228294
2021-08-11,setup_or_fib_XAUUSD_20210811_BUY,LONG,1747.02,1735.51,11.509999999999991,1.9558856543498053,2021-08-11 13:48:00+00:00,1747.44,2021-08-11 13:55:00+00:00,1739.90682,1737.74294,1747.44,2021-08-11 16:00:00+00:00,1745.77,TIME,125,2.709567998225642,2.6340092796275623
2021-08-12,setup_or_fib_XAUUSD_20210812_BUY,LONG,1748.94,1743.79,5.150000000000091,2.07978913615779,2021-08-12 13:48:00+00:00,1750.29,2021-08-12 14:36:00+00:00,1745.7573,1744.7891,1750.29,2021-08-12 14:36:00+00:00,1744.7891,SL,0,-1.0,-1.1688700681677298
2021-08-17,setup_or_fib_XAUUSD_20210817_SELL,SHORT,1794.57,1788.04,6.529999999999973,1.6519064936229864,2021-08-17 14:15:00+00:00,1786.69,2021-08-17 14:41:00+00:00,1792.07554,1793.3031799999999,1786.69,2021-08-17 15:12:00+00:00,1786.69,TP,31,4.386904955850823,4.253722589684828
2021-08-18,setup_or_fib_XAUUSD_20210818_SELL,SHORT,1791.17,1788.29,2.880000000000109,1.7550270607700105,2021-08-18 13:47:00+00:00,1787.18,2021-08-18 14:04:00+00:00,1790.06984,1790.61128,1787.18,2021-08-18 14:22:00+00:00,1787.18,TP,18,5.337322695035888,5.035350177305372
2021-08-19,setup_or_fib_XAUUSD_20210819_BUY,LONG,1789.86,1786.34,3.519999999999982,2.490496750893131,2021-08-19 14:06:00+00:00,1792.44,2021-08-19 14:21:00+00:00,1787.68464,1787.0228799999998,1792.44,2021-08-19 14:31:00+00:00,1787.0228799999998,SL,10,-1.0,-1.2470684235976095
2021-08-23,setup_or_fib_XAUUSD_20210823_BUY,LONG,1799.57,1793.43,6.139999999999873,1.7242751405617323,2021-08-23 13:50:00+00:00,1806.42,2021-08-23 15:19:00+00:00,1795.77548,1794.62116,1806.42,2021-08-23 16:00:00+00:00,1804.1,TIME,41,7.211622427055918,7.069980594635111
2021-08-24,setup_or_fib_XAUUSD_20210824_SELL,SHORT,1809.39,1803.42,5.970000000000027,1.7482763610092718,2021-08-24 14:34:00+00:00,1801.48,2021-08-24 14:50:00+00:00,1807.1094600000001,1808.2318200000002,1801.48,2021-08-24 15:02:00+00:00,1808.2318200000002,SL,12,-1.0,-1.145675184432793
2021-08-25,setup_or_fib_XAUUSD_20210825_BUY,LONG,1794.63,1790.42,4.210000000000036,2.006272474501776,2021-08-25 13:45:00+00:00,1797.74,2021-08-25 14:33:00+00:00,1792.0282200000001,1791.23674,1797.74,2021-08-25 14:34:00+00:00,1791.23674,SL,1,-1.0,-1.206575024005636
2021-08-26,setup_or_fib_XAUUSD_20210826_SELL,SHORT,1790.86,1781.41,9.449999999999818,1.5837275787777982,2021-08-26 14:05:00+00:00,1780.07,2021-08-26 14:19:00+00:00,1787.2501,1789.0267000000001,1780.07,2021-08-26 15:15:00+00:00,1789.0267000000001,SL,56,-1.0,-1.0920297196892867
2021-08-27,setup_or_fib_XAUUSD_20210827_BUY,LONG,1798.09,1794.06,4.029999999999973,1.6203167217476637,2021-08-27 13:45:00+00:00,1800.57,2021-08-27 14:06:00+00:00,1795.59946,1794.8418199999999,1800.57,2021-08-27 14:06:00+00:00,1794.8418199999999,SL,0,-1.0,-1.2158017000158279
2021-08-31,setup_or_fib_XAUUSD_20210831_SELL,SHORT,1813.05,1810.48,2.5699999999999363,1.5381845587245482,2021-08-31 13:56:00+00:00,1801.71,2021-08-31 14:37:00+00:00,1812.06826,1812.55142,1801.71,2021-08-31 14:37:00+00:00,1812.55142,SL,0,-1.0,-1.3383972183127757
2021-09-01,setup_or_fib_XAUUSD_20210901_BUY,LONG,1818.04,1813.95,4.089999999999918,1.732950963107249,2021-09-01 13:47:00+00:00,1820.03,2021-09-01 14:12:00+00:00,1815.5123800000001,1814.7434600000001,1820.03,2021-09-01 14:12:00+00:00,1814.7434600000001,SL,0,-1.0,-1.2126359049055875
2021-09-02,setup_or_fib_XAUUSD_20210902_BUY,LONG,1812.9,1809.5,3.400000000000091,1.3331526715389492,2021-09-02 13:56:00+00:00,1813.88,2021-09-02 14:31:00+00:00,1810.7988,1810.1596,1813.88,2021-09-02 14:33:00+00:00,1810.1596,SL,2,-1.0,-1.2557884856069794
2021-09-06,setup_or_fib_XAUUSD_20210906_SELL,SHORT,1823.76,1822.69,1.0699999999999363,1.128024768254237,2021-09-06 13:55:00+00:00,1822.38,2021-09-06 14:00:00+00:00,1823.35126,1823.55242,1822.38,2021-09-06 14:02:00+00:00,1823.55242,SL,2,-1.0,-1.8127858421154355
2021-09-07,setup_or_fib_XAUUSD_20210907_SELL,SHORT,1813.14,1810.26,2.880000000000109,1.8299465147983642,2021-09-07 13:49:00+00:00,1808.49,2021-09-07 14:20:00+00:00,1812.0398400000001,1812.58128,1808.49,2021-09-07 14:29:00+00:00,1812.58128,SL,9,-1.0,-1.3019725177305155
2021-09-09,setup_or_fib_XAUUSD_20210909_BUY,LONG,1796.92,1791.5,5.420000000000073,1.7798148471443211,2021-09-09 14:13:00+00:00,1799.18,2021-09-09 14:48:00+00:00,1793.57044,1792.5514799999999,1799.18,2021-09-09 14:53:00+00:00,1792.5514799999999,SL,5,-1.0,-1.1604577215984757
2021-09-13,setup_or_fib_XAUUSD_20210913_SELL,SHORT,1789.08,1786.74,2.339999999999918,1.6636750407909922,2021-09-13 13:48:00+00:00,1785.15,2021-09-13 14:09:00+00:00,1788.1861199999998,1788.62604,1785.15,2021-09-13 14:11:00+00:00,1788.62604,SL,2,-1.0,-1.3716584833603944
2021-09-20,setup_or_fib_XAUUSD_20210920_SELL,SHORT,1760.38,1756.81,3.5700000000001637,2.0005043760558068,2021-09-20 13:48:00+00:00,1756.54,2021-09-20 13:54:00+00:00,1759.01626,1759.6874200000002,1756.54,2021-09-20 13:55:00+00:00,1759.6874200000002,SL,1,-1.0,-1.2436080815304482
2021-09-22,setup_or_fib_XAUUSD_20210922_SELL,SHORT,1775.1,1773.1,2.0,1.6975531621449393,2021-09-22 13:59:00+00:00,1772.68,2021-09-22 14:05:00+00:00,1774.336,1774.7119999999998,1772.68,2021-09-22 14:09:00+00:00,1772.68,TP,4,4.404255319151741,3.9694148936195353
2021-09-24,setup_or_fib_XAUUSD_20210924_SELL,SHORT,1749.39,1745.11,4.2800000000002,1.9245076558817131,2021-09-24 13:49:00+00:00,1740.49,2021-09-24 15:31:00+00:00,1747.75504,1748.55968,1740.49,2021-09-24 15:35:00+00:00,1748.55968,SL,4,-1.0,-1.2031964605289163
2021-09-27,setup_or_fib_XAUUSD_20210927_BUY,LONG,1753.54,1748.58,4.960000000000036,2.061628880518096,2021-09-27 13:51:00+00:00,1755.04,2021-09-27 14:38:00+00:00,1750.47472,1749.5422399999998,1755.04,2021-09-27 14:49:00+00:00,1755.04,TP,11,4.895847632119942,4.720508750857105
2021-09-28,setup_or_fib_XAUUSD_20210928_SELL,SHORT,1736.36,1729.12,7.240000000000009,2.721712694826966,2021-09-28 13:48:00+00:00,1728.1,2021-09-28 14:03:00+00:00,1733.59432,1734.95544,1728.1,2021-09-28 14:06:00+00:00,1734.95544,SL,3,-1.0,-1.1201216645115761
2021-09-29,setup_or_fib_XAUUSD_20210929_SELL,SHORT,1739.81,1737.0,2.8099999999999454,1.9257637076031373,2021-09-29 14:09:00+00:00,1735.97,2021-09-29 14:15:00+00:00,1738.73658,1739.26486,1735.97,2021-09-29 14:21:00+00:00,1739.26486,SL,6,-1.0,-1.3094949647914014
2021-10-01,setup_or_fib_XAUUSD_20211001_BUY,LONG,1757.19,1752.24,4.9500000000000455,2.3897206450342767,2021-10-01 13:45:00+00:00,1759.87,2021-10-01 15:00:00+00:00,1754.1309,1753.2003000000002,1759.87,2021-10-01 15:02:00+00:00,1753.2003000000002,SL,2,-1.0,-1.1756931012250325
2021-10-04,setup_or_fib_XAUUSD_20211004_SELL,SHORT,1758.3,1751.73,6.569999999999936,1.9838498359573993,2021-10-04 14:09:00+00:00,1748.5,2021-10-04 15:05:00+00:00,1755.79026,1757.02542,1748.5,2021-10-04 15:10:00+00:00,1757.02542,SL,5,-1.0,-1.1323715146215927
2021-10-06,setup_or_fib_XAUUSD_20211006_SELL,SHORT,1761.2,1757.97,3.230000000000018,2.8790023851686524,2021-10-06 13:55:00+00:00,1756.29,2021-10-06 14:03:00+00:00,1759.96614,1760.57338,1756.29,2021-10-06 14:03:00+00:00,1760.57338,SL,0,-1.0,-1.269251037481041
2021-10-07,setup_or_fib_XAUUSD_20211007_SELL,SHORT,1759.66,1754.16,5.5,1.8941652264554099,2021-10-07 14:06:00+00:00,1751.97,2021-10-07 14:45:00+00:00,1757.559,1758.593,1751.97,2021-10-07 14:56:00+00:00,1758.593,SL,11,-1.0,-1.1581237911024984
2021-10-08,setup_or_fib_XAUUSD_20211008_BUY,LONG,1776.79,1760.06,16.730000000000018,1.8588025276415987,2021-10-08 14:04:00+00:00,1781.27,2021-10-08 15:10:00+00:00,1766.45086,1763.30562,1781.27,2021-10-08 15:20:00+00:00,1763.30562,SL,10,-1.0,-1.051983314468851
2021-10-11,setup_or_fib_XAUUSD_20211011_SELL,SHORT,1755.46,1752.44,3.019999999999982,1.7143945874304127,2021-10-11 13:46:00+00:00,1750.18,2021-10-11 14:15:00+00:00,1754.30636,1754.8741200000002,1750.18,2021-10-11 14:16:00+00:00,1754.8741200000002,SL,1,-1.0,-1.2879737917429217
2021-10-14,setup_or_fib_XAUUSD_20211014_SELL,SHORT,1799.73,1796.03,3.7000000000000455,2.015316440386604,2021-10-14 14:39:00+00:00,1793.96,2021-10-14 15:03:00+00:00,1798.3166,1799.0122000000001,1793.96,2021-10-14 15:04:00+00:00,1799.0122000000001,SL,1,-1.0,-1.2350488786658955
2021-10-15,setup_or_fib_XAUUSD_20211015_SELL,SHORT,1774.4,1770.3,4.100000000000136,2.1561798207172287,2021-10-15 13:51:00+00:00,1764.93,2021-10-15 14:46:00+00:00,1772.8338,1773.6046000000001,1764.93,2021-10-15 14:46:00+00:00,1773.6046000000001,SL,0,-1.0,-1.2121172807472733
2021-10-18,setup_or_fib_XAUUSD_20211018_BUY,LONG,1766.36,1762.08,4.279999999999973,2.587912593249967,2021-10-18 14:18:00+00:00,1769.89,2021-10-18 14:43:00+00:00,1763.71496,1762.91032,1769.89,2021-10-18 14:43:00+00:00,1762.91032,SL,0,-1.0,-1.2031964605289163
2021-10-19,setup_or_fib_XAUUSD_20211019_BUY,LONG,1781.03,1777.61,3.4200000000000728,2.1889827324151074,2021-10-19 13:45:00+00:00,1785.11,2021-10-19 14:14:00+00:00,1778.91644,1778.2734799999998,1785.11,2021-10-19 14:34:00+00:00,1778.2734799999998,SL,20,-1.0,-1.2542926465098403
2021-10-21,setup_or_fib_XAUUSD_20211021_BUY,LONG,1784.31,1780.81,3.5,2.365446263358756,2021-10-21 13:48:00+00:00,1785.99,2021-10-21 13:56:00+00:00,1782.147,1781.489,1785.99,2021-10-21 13:58:00+00:00,1781.489,SL,2,-1.0,-1.2484802431611313
2021-10-25,setup_or_fib_XAUUSD_20211025_BUY,LONG,1804.27,1801.51,2.759999999999991,1.7862476312939004,2021-10-25 13:53:00+00:00,1804.69,2021-10-25 13:58:00+00:00,1802.56432,1802.0454399999999,1804.69,2021-10-25 13:58:00+00:00,1802.0454399999999,SL,0,-1.0,-1.3151017576317732
2021-10-26,setup_or_fib_XAUUSD_20211026_BUY,LONG,1800.31,1795.41,4.899999999999864,2.1750593402862357,2021-10-26 14:03:00+00:00,1800.99,2021-10-26 14:25:00+00:00,1797.2818,1796.3606000000002,1800.99,2021-10-26 14:29:00+00:00,1796.3606000000002,SL,4,-1.0,-1.1774858879722543
2021-10-27,setup_or_fib_XAUUSD_20211027_BUY,LONG,1795.99,1789.84,6.150000000000091,2.2118921152839084,2021-10-27 14:35:00+00:00,1798.21,2021-10-27 15:01:00+00:00,1792.1893,1791.0330999999999,1798.21,2021-10-27 15:07:00+00:00,1791.0330999999999,SL,6,-1.0,-1.1414115204981683
2021-10-28,setup_or_fib_XAUUSD_20211028_SELL,SHORT,1805.21,1798.41,6.7999999999999545,2.0359479211508713,2021-10-28 13:47:00+00:00,1797.2,2021-10-28 14:13:00+00:00,1802.6124,1803.8908000000001,1797.2,2021-10-28 14:13:00+00:00,1803.8908000000001,SL,0,-1.0,-1.1278942428034897
2021-11-01,setup_or_fib_XAUUSD_20211101_BUY,LONG,1790.31,1787.74,2.5699999999999363,2.047758677677692,2021-11-01 13:46:00+00:00,1790.75,2021-11-01 13:50:00+00:00,1788.72174,1788.23858,1790.75,2021-11-01 14:01:00+00:00,1788.23858,SL,11,-1.0,-1.3383972183127757
2021-11-02,setup_or_fib_XAUUSD_20211102_BUY,LONG,1792.23,1788.25,3.980000000000018,2.1036006446501947,2021-11-02 14:43:00+00:00,1793.48,2021-11-02 15:05:00+00:00,1789.77036,1789.02212,1793.48,2021-11-02 15:07:00+00:00,1789.02212,SL,2,-1.0,-1.2185127766492339
2021-11-09,setup_or_fib_XAUUSD_20211109_BUY,LONG,1829.88,1824.43,5.4500000000000455,2.1778318252264404,2021-11-09 14:47:00+00:00,1830.36,2021-11-09 15:11:00+00:00,1826.5119,1825.4873000000002,1830.36,2021-11-09 16:01:00+00:00,1825.4873000000002,SL,50,-1.0,-1.1595744680851474
2021-11-11,setup_or_fib_XAUUSD_20211111_BUY,LONG,1862.57,1859.58,2.990000000000009,2.773833990680493,2021-11-11 14:46:00+00:00,1866.0,2021-11-11 15:14:00+00:00,1860.72218,1860.16006,1866.0,2021-11-11 15:14:00+00:00,1860.16006,SL,0,-1.0,-1.2908631608908872
2021-11-16,setup_or_fib_XAUUSD_20211116_BUY,LONG,1872.65,1869.47,3.1800000000000637,2.5141869217913237,2021-11-16 14:50:00+00:00,1874.15,2021-11-16 14:56:00+00:00,1870.68476,1870.0869200000002,1874.15,2021-11-16 14:58:00+00:00,1870.0869200000002,SL,2,-1.0,-1.273484544359738
2021-11-17,setup_or_fib_XAUUSD_20211117_BUY,LONG,1864.24,1860.04,4.2000000000000455,2.0309513492942854,2021-11-17 15:07:00+00:00,1867.98,2021-11-17 16:45:00+00:00,1861.6444,1860.8547999999998,1867.98,2021-11-17 16:46:00+00:00,1860.8547999999998,SL,1,-1.0,-1.207066869300895
2021-11-18,setup_or_fib_XAUUSD_20211118_BUY,LONG,1866.26,1855.11,11.150000000000091,2.531451494946063,2021-11-18 14:46:00+00:00,1866.98,2021-11-18 16:01:00+00:00,1859.3692999999998,1857.2730999999999,1866.98,2021-11-18 17:00:00+00:00,1860.15,TIME,59,0.372435836275293,0.29443755366866975
2021-11-19,setup_or_fib_XAUUSD_20211119_SELL,SHORT,1863.61,1860.15,3.459999999999809,2.6087950845855374,2021-11-19 14:46:00+00:00,1857.84,2021-11-19 15:02:00+00:00,1862.28828,1862.9387599999998,1857.84,2021-11-19 15:03:00+00:00,1862.9387599999998,SL,1,-1.0,-1.2513528471283561
2021-11-23,setup_or_fib_XAUUSD_20211123_BUY,LONG,1789.29,1784.2,5.089999999999918,3.260869950176756,2021-11-23 15:10:00+00:00,1793.19,2021-11-23 16:16:00+00:00,1786.14438,1785.18746,1793.19,2021-11-23 16:30:00+00:00,1785.18746,SL,14,-1.0,-1.170860678008637
2021-11-25,setup_or_fib_XAUUSD_20211125_BUY,LONG,1791.05,1790.01,1.0399999999999636,1.2603821706688254,2021-11-25 14:58:00+00:00,1792.07,2021-11-25 15:49:00+00:00,1790.40728,1790.21176,1792.07,2021-11-25 15:49:00+00:00,1790.21176,SL,0,-1.0,-1.8362315875614275
2021-11-26,setup_or_fib_XAUUSD_20211126_BUY,LONG,1805.59,1798.95,6.639999999999873,3.756188208171331,2021-11-26 14:49:00+00:00,1808.07,2021-11-26 15:35:00+00:00,1801.48648,1800.2381599999999,1808.07,2021-11-26 15:35:00+00:00,1800.2381599999999,SL,0,-1.0,-1.1309760317867057
2021-11-30,setup_or_fib_XAUUSD_20211130_BUY,LONG,1796.5,1791.26,5.240000000000009,2.391861528737959,2021-11-30 14:45:00+00:00,1808.74,2021-11-30 16:37:00+00:00,1793.26168,1792.27656,1808.74,2021-11-30 16:37:00+00:00,1792.27656,SL,0,-1.0,-1.1659696280656076
2021-12-01,setup_or_fib_XAUUSD_20211201_SELL,SHORT,1790.46,1787.22,3.240000000000009,2.913638379651907,2021-12-01 14:46:00+00:00,1786.75,2021-12-01 14:51:00+00:00,1789.22232,1789.8314400000002,1786.75,2021-12-01 14:52:00+00:00,1789.8314400000002,SL,1,-1.0,-1.268420015760408
2021-12-02,setup_or_fib_XAUUSD_20211202_BUY,LONG,1777.65,1773.54,4.110000000000127,2.4281195622394725,2021-12-02 15:12:00+00:00,1779.03,2021-12-02 15:30:00+00:00,1775.11002,1774.33734,1779.03,2021-12-02 15:30:00+00:00,1774.33734,SL,0,-1.0,-1.211601180307491
2021-12-06,setup_or_fib_XAUUSD_20211206_SELL,SHORT,1782.2,1779.47,2.730000000000018,2.101278466270603,2021-12-06 14:59:00+00:00,1775.74,2021-12-06 16:05:00+00:00,1781.15714,1781.67038,1775.74,2021-12-06 17:00:00+00:00,1778.32,TIME,55,5.527901176837565,5.2093367625284674
2021-12-08,setup_or_fib_XAUUSD_20211208_SELL,SHORT,1785.66,1781.67,3.990000000000009,2.3129892425976895,2021-12-08 15:04:00+00:00,1779.64,2021-12-08 16:01:00+00:00,1784.13582,1784.8859400000001,1779.64,2021-12-08 16:02:00+00:00,1784.8859400000001,SL,1,-1.0,-1.2179651255798631
2021-12-09,setup_or_fib_XAUUSD_20211209_BUY,LONG,1778.23,1773.79,4.440000000000055,2.165037798713793,2021-12-09 15:20:00+00:00,1783.1,2021-12-09 15:46:00+00:00,1775.48608,1774.65136,1783.1,2021-12-09 15:47:00+00:00,1774.65136,SL,1,-1.0,-1.1958740655549556
2021-12-13,setup_or_fib_XAUUSD_20211213_SELL,SHORT,1784.96,1783.09,1.8700000000001182,1.761202644007835,2021-12-13 14:58:00+00:00,1781.83,2021-12-13 15:12:00+00:00,1784.24566,1784.5972199999999,1781.83,2021-12-13 15:13:00+00:00,1784.5972199999999,SL,1,-1.0,-1.4650699738311423
2021-12-14,setup_or_fib_XAUUSD_20211214_SELL,SHORT,1781.38,1773.06,8.320000000000164,1.5910750724128504,2021-12-14 14:48:00+00:00,1766.43,2021-12-14 15:56:00+00:00,1778.2017600000001,1779.76592,1766.43,2021-12-14 17:00:00+00:00,1774.26,TIME,64,2.520049099836594,2.4155201513914153
2021-12-16,setup_or_fib_XAUUSD_20211216_BUY,LONG,1789.58,1786.14,3.439999999999827,2.0906716347882335,2021-12-16 15:00:00+00:00,1791.01,2021-12-16 15:19:00+00:00,1787.45408,1786.80736,1791.01,2021-12-16 15:42:00+00:00,1791.01,TP,23,5.498391885205712,5.245577684315048
2021-12-20,setup_or_fib_XAUUSD_20211220_SELL,SHORT,1798.4,1794.21,4.190000000000055,1.9331629224886206,2021-12-20 15:56:00+00:00,1791.74,2021-12-20 16:05:00+00:00,1796.79942,1797.58714,1791.74,2021-12-20 16:07:00+00:00,1797.58714,SL,2,-1.0,-1.207561062306394
2021-12-22,setup_or_fib_XAUUSD_20211222_BUY,LONG,1793.29,1790.8,2.490000000000009,1.3593152933317516,2021-12-22 14:49:00+00:00,1794.9,2021-12-22 15:41:00+00:00,1791.75118,1791.28306,1794.9,2021-12-22 15:47:00+00:00,1791.28306,SL,6,-1.0,-1.3492694180979243
2021-12-29,setup_or_fib_XAUUSD_20211229_SELL,SHORT,1793.73,1791.19,2.5399999999999636,1.9907379121844073,2021-12-29 14:50:00+00:00,1789.59,2021-12-29 15:22:00+00:00,1792.75972,1793.23724,1789.59,2021-12-29 15:34:00+00:00,1793.23724,SL,12,-1.0,-1.3423940358519637
2021-12-31,setup_or_fib_XAUUSD_20211231_SELL,SHORT,1827.47,1824.64,2.8299999999999272,1.5089283964670215,2021-12-31 14:56:00+00:00,1823.76,2021-12-31 15:07:00+00:00,1826.38894,1826.9209799999999,1823.76,2021-12-31 15:35:00+00:00,1823.76,TP,28,4.941245019173229,4.633937297949159
2022-01-03,setup_or_fib_XAUUSD_20220103_SELL,SHORT,1813.07,1807.42,5.649999999999864,2.0530247152013343,2022-01-03 14:47:00+00:00,1805.71,2022-01-03 15:11:00+00:00,1810.9116999999999,1811.9739,1805.71,2022-01-03 15:33:00+00:00,1805.71,TP,22,4.897100357747578,4.743174543400008
2022-01-05,setup_or_fib_XAUUSD_20220105_BUY,LONG,1827.38,1821.14,6.240000000000009,1.9732748024080258,2022-01-05 15:40:00+00:00,1829.6,2022-01-05 16:23:00+00:00,1823.52368,1822.35056,1829.6,2022-01-05 16:31:00+00:00,1822.35056,SL,8,-1.0,-1.139371931260238
2022-01-06,setup_or_fib_XAUUSD_20220106_SELL,SHORT,1793.23,1787.73,5.5,2.927176071845177,2022-01-06 15:00:00+00:00,1787.1,2022-01-06 15:32:00+00:00,1791.129,1792.163,1787.1,2022-01-06 15:32:00+00:00,1792.163,SL,0,-1.0,-1.1581237911024984
2022-01-10,setup_or_fib_XAUUSD_20220110_SELL,SHORT,1795.38,1792.87,2.5100000000002183,2.3484031916968733,2022-01-10 14:53:00+00:00,1790.36,2022-01-10 15:34:00+00:00,1794.42118,1794.8930599999999,1790.36,2022-01-10 15:41:00+00:00,1794.8930599999999,SL,7,-1.0,-1.3464863948462735
2022-01-11,setup_or_fib_XAUUSD_20220111_SELL,SHORT,1808.3,1804.65,3.6499999999998636,1.5710268932456253,2022-01-11 15:00:00+00:00,1801.79,2022-01-11 15:57:00+00:00,1806.9057,1807.5919000000001,1801.79,2022-01-11 16:02:00+00:00,1807.5919000000001,SL,5,-1.0,-1.238268726318823
2022-01-17,setup_or_fib_XAUUSD_20220117_SELL,SHORT,1821.12,1819.93,1.1899999999998272,1.0722903791944403,2022-01-17 14:49:00+00:00,1819.68,2022-01-17 14:56:00+00:00,1820.66542,1820.8891399999998,1819.68,2022-01-17 14:58:00+00:00,1820.8891399999998,SL,2,-1.0,-1.7308242445923352
2022-01-19,setup_or_fib_XAUUSD_20220119_BUY,LONG,1825.1,1822.08,3.019999999999982,1.810937038350319,2022-01-19 14:51:00+00:00,1825.57,2022-01-19 15:30:00+00:00,1823.23364,1822.6658799999998,1825.57,2022-01-19 15:30:00+00:00,1822.6658799999998,SL,0,-1.0,-1.2879737917429217
2022-01-20,setup_or_fib_XAUUSD_20220120_BUY,LONG,1846.92,1841.95,4.970000000000027,1.7242316433464522,2022-01-20 16:02:00+00:00,1847.92,2022-01-20 16:43:00+00:00,1843.84854,1842.91418,1847.92,2022-01-20 17:00:00+00:00,1846.83,TIME,17,3.190911426002897,3.0159253392697263
2022-01-21,setup_or_fib_XAUUSD_20220121_BUY,LONG,1840.52,1837.56,2.9600000000000364,2.216361449488879,2022-01-21 14:52:00+00:00,1843.24,2022-01-21 16:00:00+00:00,1838.69072,1838.13424,1843.24,2022-01-21 16:01:00+00:00,1838.13424,SL,1,-1.0,-1.2938110983323934
2022-01-24,setup_or_fib_XAUUSD_20220124_SELL,SHORT,1843.1,1837.83,5.269999999999982,1.9964875670878648,2022-01-24 14:45:00+00:00,1834.66,2022-01-24 15:19:00+00:00,1841.08686,1842.0776199999998,1834.66,2022-01-24 15:36:00+00:00,1834.66,TP,17,6.486798013646488,6.321773184222596
2022-01-25,setup_or_fib_XAUUSD_20220125_BUY,LONG,1842.57,1840.42,2.1499999999998636,1.934475009173467,2022-01-25 14:47:00+00:00,1843.06,2022-01-25 14:52:00+00:00,1841.2413,1840.8371000000002,1843.06,2022-01-25 15:00:00+00:00,1843.06,TP,8,4.4995051954510155,4.095002474025697
2022-01-27,setup_or_fib_XAUUSD_20220127_SELL,SHORT,1806.52,1802.42,4.099999999999909,2.704176349318508,2022-01-27 14:51:00+00:00,1797.43,2022-01-27 15:35:00+00:00,1804.9538,1805.7246,1797.43,2022-01-27 15:37:00+00:00,1805.7246,SL,2,-1.0,-1.2121172807472733
2022-01-28,setup_or_fib_XAUUSD_20220128_SELL,SHORT,1791.12,1785.5,5.619999999999891,2.9388861838992053,2022-01-28 14:48:00+00:00,1780.72,2022-01-28 15:51:00+00:00,1788.97316,1790.02972,1780.72,2022-01-28 16:09:00+00:00,1790.02972,SL,18,-1.0,-1.1547474823957007
2022-02-01,setup_or_fib_XAUUSD_20220201_BUY,LONG,1805.18,1802.2,2.980000000000018,1.9999567436394685,2022-02-01 15:10:00+00:00,1806.02,2022-02-01 15:35:00+00:00,1803.33836,1802.77812,1806.02,2022-02-01 15:42:00+00:00,1802.77812,SL,7,-1.0,-1.2918392117663746
2022-02-02,setup_or_fib_XAUUSD_20220202_SELL,SHORT,1805.89,1802.17,3.7200000000000273,1.7023555850381875,2022-02-02 14:59:00+00:00,1800.58,2022-02-02 15:33:00+00:00,1804.4689600000002,1805.16832,1800.58,2022-02-02 15:35:00+00:00,1805.16832,SL,2,-1.0,-1.2337851750172113
2022-02-03,setup_or_fib_XAUUSD_20220203_BUY,LONG,1804.37,1801.86,2.509999999999991,1.757803800218995,2022-02-03 15:03:00+00:00,1805.19,2022-02-03 15:23:00+00:00,1802.81882,1802.34694,1805.19,2022-02-03 15:27:00+00:00,1802.34694,SL,4,-1.0,-1.3464863948461065
2022-02-04,setup_or_fib_XAUUSD_20220204_SELL,SHORT,1813.51,1796.53,16.980000000000018,1.566693036042198,2022-02-04 14:59:00+00:00,1792.14,2022-02-04 15:47:00+00:00,1807.02364,1810.21588,1792.14,2022-02-04 16:06:00+00:00,1810.21588,SL,19,-1.0,-1.0512179535373267
2022-02-07,setup_or_fib_XAUUSD_20220207_SELL,SHORT,1816.98,1813.78,3.2000000000000455,1.6164333752172984,2022-02-07 14:54:00+00:00,1811.66,2022-02-07 15:03:00+00:00,1815.7576,1816.3592,1811.66,2022-02-07 16:22:00+00:00,1816.3592,SL,79,-1.0,-1.2717752659573611
2022-02-08,setup_or_fib_XAUUSD_20220208_BUY,LONG,1823.01,1819.18,3.8299999999999272,1.3903514761911089,2022-02-08 14:52:00+00:00,1824.7,2022-02-08 15:34:00+00:00,1820.64306,1819.92302,1824.7,2022-02-08 16:13:00+00:00,1824.7,TP,39,5.634325870783671,5.407255152490292
2022-02-09,setup_or_fib_XAUUSD_20220209_SELL,SHORT,1831.36,1827.48,3.8799999999998818,1.4667967372602435,2022-02-09 14:52:00+00:00,1824.73,2022-02-09 15:45:00+00:00,1829.8778399999999,1830.60728,1824.73,2022-02-09 15:46:00+00:00,1830.60728,SL,1,-1.0,-1.2241445492432343
2022-02-11,setup_or_fib_XAUUSD_20220211_SELL,SHORT,1828.89,1826.51,2.380000000000109,1.977738910899024,2022-02-11 14:45:00+00:00,1824.96,2022-02-11 14:55:00+00:00,1827.9808400000002,1828.42828,1824.96,2022-02-11 14:55:00+00:00,1828.42828,SL,0,-1.0,-1.3654121222957962
2022-02-15,setup_or_fib_XAUUSD_20220215_BUY,LONG,1853.72,1844.64,9.079999999999927,3.360975626430664,2022-02-15 15:07:00+00:00,1857.13,2022-02-15 15:35:00+00:00,1848.1085600000001,1846.4015200000001,1857.13,2022-02-15 17:00:00+00:00,1848.0,TIME,85,-0.06359546349243404,-0.15937529290474975
2022-02-17,setup_or_fib_XAUUSD_20220217_SELL,SHORT,1897.57,1891.45,6.119999999999891,2.9222634981032565,2022-02-17 15:01:00+00:00,1885.81,2022-02-17 16:07:00+00:00,1895.23216,1896.3827199999998,1885.81,2022-02-17 17:00:00+00:00,1895.36,TIME,53,-0.11111111111102329,-0.25321582533716225
2022-02-21,setup_or_fib_XAUUSD_20220221_BUY,LONG,1897.06,1894.62,2.4400000000000546,2.3710945851466203,2022-02-21 14:57:00+00:00,1897.49,2022-02-21 15:00:00+00:00,1895.55208,1895.0933599999998,1897.49,2022-02-21 15:01:00+00:00,1895.0933599999998,SL,1,-1.0,-1.3564265783047824
2022-02-22,setup_or_fib_XAUUSD_20220222_BUY,LONG,1906.0,1900.67,5.329999999999927,3.1087967695630723,2022-02-22 15:36:00+00:00,1907.15,2022-02-22 15:43:00+00:00,1902.70606,1901.70402,1907.15,2022-02-22 15:45:00+00:00,1901.70402,SL,2,-1.0,-1.163167139036353
2022-02-25,setup_or_fib_XAUUSD_20220225_SELL,SHORT,1895.16,1888.73,6.430000000000064,5.081755723742388,2022-02-25 14:49:00+00:00,1885.09,2022-02-25 15:18:00+00:00,1892.7037400000002,1893.9125800000002,1885.09,2022-02-25 16:04:00+00:00,1885.09,TP,46,6.2983852288145465,6.163131597233859
2022-02-28,setup_or_fib_XAUUSD_20220228_BUY,LONG,1916.01,1910.1,5.910000000000082,3.5409530048075637,2022-02-28 14:53:00+00:00,1918.25,2022-02-28 15:10:00+00:00,1912.35762,1911.24654,1918.25,2022-02-28 15:32:00+00:00,1911.24654,SL,22,-1.0,-1.1471541203153819
2022-03-01,setup_or_fib_XAUUSD_20220301_SELL,SHORT,1919.4,1913.47,5.930000000000064,3.7366438031003346,2022-03-01 14:46:00+00:00,1912.36,2022-03-01 14:58:00+00:00,1917.13474,1918.2495800000002,1912.36,2022-03-01 15:02:00+00:00,1918.2495800000002,SL,4,-1.0,-1.1466578163682437
2022-03-02,setup_or_fib_XAUUSD_20220302_BUY,LONG,1934.58,1926.52,8.059999999999945,4.827704445384177,2022-03-02 15:05:00+00:00,1934.87,2022-03-02 15:19:00+00:00,1929.59892,1928.08364,1934.87,2022-03-02 15:20:00+00:00,1928.08364,SL,1,-1.0,-1.1079008500079301
2022-03-03,setup_or_fib_XAUUSD_20220303_SELL,SHORT,1931.88,1926.95,4.930000000000064,3.345039006551096,2022-03-03 14:55:00+00:00,1924.24,2022-03-03 15:10:00+00:00,1929.99674,1930.9235800000001,1924.24,2022-03-03 15:17:00+00:00,1930.9235800000001,SL,7,-1.0,-1.1764058521427487
2022-03-04,setup_or_fib_XAUUSD_20220304_BUY,LONG,1947.04,1942.33,4.710000000000036,3.2317838204103895,2022-03-04 14:53:00+00:00,1959.26,2022-03-04 16:02:00+00:00,1944.12922,1943.24374,1959.26,2022-03-04 16:02:00+00:00,1943.24374,SL,0,-1.0,-1.184645615937089
2022-03-09,setup_or_fib_XAUUSD_20220309_SELL,SHORT,1998.95,1992.0,6.9500000000000455,7.478643794998484,2022-03-09 14:51:00+00:00,1976.04,2022-03-09 15:18:00+00:00,1996.2951,1997.6017,1976.04,2022-03-09 15:18:00+00:00,1997.6017,SL,0,-1.0,-1.1251339354048782
2022-03-10,setup_or_fib_XAUUSD_20220310_SELL,SHORT,2009.03,2000.47,8.559999999999945,5.583811252608078,2022-03-10 14:50:00+00:00,1991.69,2022-03-10 15:35:00+00:00,2005.76008,2007.36936,1991.69,2022-03-10 16:11:00+00:00,1991.69,TP,36,8.743090077550734,8.641491847286261
2022-03-11,setup_or_fib_XAUUSD_20220311_SELL,SHORT,1972.86,1963.45,9.409999999999854,6.6589678546302515,2022-03-11 14:46:00+00:00,1958.56,2022-03-11 15:07:00+00:00,1969.26538,1971.03446,1958.56,2022-03-11 15:35:00+00:00,1971.03446,SL,28,-1.0,-1.092420919347908
2022-03-15,setup_or_fib_XAUUSD_20220315_SELL,SHORT,1925.71,1919.33,6.380000000000109,4.279320421298891,2022-03-15 14:10:00+00:00,1913.74,2022-03-15 14:39:00+00:00,1923.27284,1924.47228,1913.74,2022-03-15 14:39:00+00:00,1924.47228,SL,0,-1.0,-1.136313613019424
2022-03-16,setup_or_fib_XAUUSD_20220316_BUY,LONG,1919.83,1915.43,4.399999999999864,3.2321668025585293,2022-03-16 13:53:00+00:00,1922.05,2022-03-16 14:31:00+00:00,1917.1108,1916.2836,1922.05,2022-03-16 14:39:00+00:00,1916.2836,SL,8,-1.0,-1.1976547388781555
2022-03-21,setup_or_fib_XAUUSD_20220321_BUY,LONG,1925.91,1923.54,2.3700000000001182,2.4095449748071402,2022-03-21 13:55:00+00:00,1926.34,2022-03-21 14:00:00+00:00,1924.44534,1923.99978,1926.34,2022-03-21 14:01:00+00:00,1923.99978,SL,1,-1.0,-1.366953945596646
2022-03-22,setup_or_fib_XAUUSD_20220322_BUY,LONG,1929.24,1925.25,3.990000000000009,2.535247014844262,2022-03-22 13:47:00+00:00,1930.93,2022-03-22 14:01:00+00:00,1926.7741800000001,1926.02406,1930.93,2022-03-22 14:02:00+00:00,1926.02406,SL,1,-1.0,-1.2179651255798631
2022-03-28,setup_or_fib_XAUUSD_20220328_BUY,LONG,1943.81,1940.01,3.7999999999999545,3.883057769607743,2022-03-28 13:49:00+00:00,1944.84,2022-03-28 13:54:00+00:00,1941.4615999999999,1940.7472,1944.84,2022-03-28 13:55:00+00:00,1940.7472,SL,1,-1.0,-1.2288633818589534
2022-03-30,setup_or_fib_XAUUSD_20220330_SELL,SHORT,1929.71,1924.18,5.529999999999973,2.9721059437445403,2022-03-30 14:20:00+00:00,1922.56,2022-03-30 14:30:00+00:00,1927.59754,1928.63718,1922.56,2022-03-30 14:34:00+00:00,1928.63718,SL,4,-1.0,-1.1572659766842424
2022-03-31,setup_or_fib_XAUUSD_20220331_SELL,SHORT,1935.85,1932.35,3.5,2.6932654299425294,2022-03-31 13:47:00+00:00,1931.23,2022-03-31 14:00:00+00:00,1934.513,1935.1709999999998,1931.23,2022-03-31 14:09:00+00:00,1935.1709999999998,SL,9,-1.0,-1.2484802431611313
2022-04-01,setup_or_fib_XAUUSD_20220401_BUY,LONG,1932.88,1925.46,7.420000000000073,2.8816544451001773,2022-04-01 13:46:00+00:00,1933.95,2022-04-01 13:54:00+00:00,1928.2944400000001,1926.89948,1933.95,2022-04-01 14:00:00+00:00,1926.89948,SL,6,-1.0,-1.1172076618684337
2022-04-04,setup_or_fib_XAUUSD_20220404_SELL,SHORT,1936.03,1930.96,5.069999999999936,2.471066091561993,2022-04-04 14:19:00+00:00,1929.57,2022-04-04 14:39:00+00:00,1934.09326,1935.04642,1929.57,2022-04-04 14:39:00+00:00,1935.04642,SL,0,-1.0,-1.1715346846280106
2022-04-05,setup_or_fib_XAUUSD_20220405_BUY,LONG,1933.01,1929.27,3.740000000000009,2.3569709293860823,2022-04-05 13:46:00+00:00,1944.58,2022-04-05 15:21:00+00:00,1930.69868,1929.9955599999998,1944.58,2022-04-05 15:21:00+00:00,1929.9955599999998,SL,0,-1.0,-1.2325349869154207
2022-04-06,setup_or_fib_XAUUSD_20220406_SELL,SHORT,1928.44,1924.29,4.150000000000091,3.257242990080585,2022-04-06 14:14:00+00:00,1923.69,2022-04-06 14:21:00+00:00,1926.8547,1927.6349,1923.69,2022-04-06 14:21:00+00:00,1927.6349,SL,0,-1.0,-1.209561650858775
2022-04-07,setup_or_fib_XAUUSD_20220407_SELL,SHORT,1930.09,1926.47,3.619999999999891,2.393582475504994,2022-04-07 13:47:00+00:00,1924.74,2022-04-07 14:01:00+00:00,1928.70716,1929.38772,1924.74,2022-04-07 14:01:00+00:00,1929.38772,SL,0,-1.0,-1.2402433290231525
2022-04-08,setup_or_fib_XAUUSD_20220408_SELL,SHORT,1935.45,1930.35,5.100000000000136,2.251983654451783,2022-04-08 13:46:00+00:00,1929.21,2022-04-08 14:03:00+00:00,1933.5018,1934.4606,1929.21,2022-04-08 14:03:00+00:00,1934.4606,SL,0,-1.0,-1.1705256570713196
2022-04-13,setup_or_fib_XAUUSD_20220413_BUY,LONG,1978.97,1972.66,6.309999999999945,2.956445604573003,2022-04-13 14:32:00+00:00,1980.64,2022-04-13 14:45:00+00:00,1975.07042,1973.8841400000001,1980.64,2022-04-13 14:46:00+00:00,1973.8841400000001,SL,1,-1.0,-1.1378258084094937
2022-04-14,setup_or_fib_XAUUSD_20220414_BUY,LONG,1975.52,1970.64,4.879999999999882,2.740566788527937,2022-04-14 14:06:00+00:00,1977.89,2022-04-14 14:34:00+00:00,1972.50416,1971.58672,1977.89,2022-04-14 14:37:00+00:00,1971.58672,SL,3,-1.0,-1.1782132891524353
2022-04-20,setup_or_fib_XAUUSD_20220420_BUY,LONG,1949.02,1944.7,4.319999999999936,2.7463872864639622,2022-04-20 13:53:00+00:00,1950.25,2022-04-20 14:20:00+00:00,1946.35024,1945.53808,1950.25,2022-04-20 14:37:00+00:00,1945.53808,SL,17,-1.0,-1.2013150118203437
2022-04-21,setup_or_fib_XAUUSD_20220421_BUY,LONG,1948.34,1941.92,6.419999999999845,3.10762699979326,2022-04-21 13:52:00+00:00,1949.63,2022-04-21 14:37:00+00:00,1944.37244,1943.16548,1949.63,2022-04-21 15:05:00+00:00,1943.16548,SL,28,-1.0,-1.1354643070192647
2022-04-22,setup_or_fib_XAUUSD_20220422_SELL,SHORT,1939.66,1934.61,5.050000000000182,3.262376184598244,2022-04-22 14:03:00+00:00,1931.33,2022-04-22 14:35:00+00:00,1937.7309,1938.6803000000002,1931.33,2022-04-22 14:36:00+00:00,1938.6803000000002,SL,1,-1.0,-1.1722140299135941
2022-04-25,setup_or_fib_XAUUSD_20220425_SELL,SHORT,1901.21,1896.6,4.610000000000127,3.9901017912350802,2022-04-25 13:45:00+00:00,1891.43,2022-04-25 14:15:00+00:00,1899.44898,1900.31566,1891.43,2022-04-25 14:15:00+00:00,1900.31566,SL,0,-1.0,-1.1886509438316142
2022-04-26,setup_or_fib_XAUUSD_20220426_BUY,LONG,1904.88,1900.45,4.430000000000064,2.9050100462897106,2022-04-26 14:08:00+00:00,1911.27,2022-04-26 15:23:00+00:00,1902.14226,1901.30942,1911.27,2022-04-26 15:25:00+00:00,1901.30942,SL,2,-1.0,-1.1963162192017598
2022-04-29,setup_or_fib_XAUUSD_20220429_SELL,SHORT,1913.9,1907.53,6.370000000000118,2.7518769743618843,2022-04-29 14:35:00+00:00,1902.53,2022-04-29 14:55:00+00:00,1911.46666,1912.6642200000001,1902.53,2022-04-29 15:40:00+00:00,1912.6642200000001,SL,45,-1.0,-1.1365276061324616
2022-05-04,setup_or_fib_XAUUSD_20220504_BUY,LONG,1868.52,1864.78,3.740000000000009,2.375230360381037,2022-05-04 13:45:00+00:00,1869.95,2022-05-04 14:10:00+00:00,1866.20868,1865.5055599999998,1869.95,2022-05-04 14:18:00+00:00,1869.95,TP,8,5.321026282852735,5.088491295937314
2022-05-05,setup_or_fib_XAUUSD_20220505_BUY,LONG,1906.29,1900.98,5.309999999999945,2.885935999282717,2022-05-05 13:47:00+00:00,1909.77,2022-05-05 14:19:00+00:00,1903.00842,1902.01014,1909.77,2022-05-05 14:20:00+00:00,1902.01014,SL,1,-1.0,-1.1637817045318284
2022-05-06,setup_or_fib_XAUUSD_20220506_SELL,SHORT,1890.07,1883.19,6.879999999999882,2.556565126195296,2022-05-06 13:46:00+00:00,1874.53,2022-05-06 15:56:00+00:00,1887.44184,1888.7352799999999,1874.53,2022-05-06 16:00:00+00:00,1885.62,TIME,4,1.4085230084118168,1.2821159079664848
2022-05-09,setup_or_fib_XAUUSD_20220509_SELL,SHORT,1868.95,1864.98,3.9700000000000273,3.29852449098009,2022-05-09 13:59:00+00:00,1863.94,2022-05-09 14:03:00+00:00,1867.43346,1868.17982,1863.94,2022-05-09 14:06:00+00:00,1868.17982,SL,3,-1.0,-1.2190631866659243
2022-05-10,setup_or_fib_XAUUSD_20220510_BUY,LONG,1862.4,1858.46,3.9400000000000546,2.562609031864703,2022-05-10 13:46:00+00:00,1864.49,2022-05-10 14:38:00+00:00,1859.96508,1859.22436,1864.49,2022-05-10 14:38:00+00:00,1859.22436,SL,0,-1.0,-1.2207311804730503
2022-05-12,setup_or_fib_XAUUSD_20220512_SELL,SHORT,1847.67,1843.65,4.019999999999982,3.403580339499189,2022-05-12 14:03:00+00:00,1842.66,2022-05-12 14:13:00+00:00,1846.13436,1846.89012,1842.66,2022-05-12 14:14:00+00:00,1846.89012,SL,1,-1.0,-1.2163385201651291
2022-05-13,setup_or_fib_XAUUSD_20220513_SELL,SHORT,1815.19,1812.08,3.1100000000001273,2.9657358730151095,2022-05-13 13:46:00+00:00,1799.06,2022-05-13 15:07:00+00:00,1814.00198,1814.5866600000002,1799.06,2022-05-13 15:07:00+00:00,1814.5866600000002,SL,0,-1.0,-1.2796401450365238
2022-05-16,setup_or_fib_XAUUSD_20220516_BUY,LONG,1808.66,1804.14,4.519999999999982,3.581545806524765,2022-05-16 13:54:00+00:00,1810.58,2022-05-16 14:15:00+00:00,1805.8666400000002,1805.0168800000001,1810.58,2022-05-16 14:16:00+00:00,1805.0168800000001,SL,1,-1.0,-1.192407267934462
2022-05-17,setup_or_fib_XAUUSD_20220517_BUY,LONG,1831.75,1828.05,3.7000000000000455,2.743620978312341,2022-05-17 13:45:00+00:00,1834.27,2022-05-17 14:01:00+00:00,1829.4633999999999,1828.7677999999999,1834.27,2022-05-17 14:15:00+00:00,1828.7677999999999,SL,14,-1.0,-1.2350488786658955
2022-05-18,setup_or_fib_XAUUSD_20220518_BUY,LONG,1814.63,1809.33,5.300000000000182,2.6449889444105428,2022-05-18 14:08:00+00:00,1815.81,2022-05-18 14:54:00+00:00,1811.3546,1810.3582,1815.81,2022-05-18 14:56:00+00:00,1810.3582,SL,2,-1.0,-1.164090726615818
2022-05-19,setup_or_fib_XAUUSD_20220519_BUY,LONG,1841.19,1831.37,9.820000000000164,2.9689237168054943,2022-05-19 14:20:00+00:00,1841.5,2022-05-19 14:33:00+00:00,1835.12124,1833.27508,1841.5,2022-05-19 14:37:00+00:00,1833.27508,SL,4,-1.0,-1.088562204792648
2022-05-26,setup_or_fib_XAUUSD_20220526_SELL,SHORT,1846.32,1843.11,3.2100000000000364,2.4478736255582274,2022-05-26 13:57:00+00:00,1842.64,2022-05-26 14:05:00+00:00,1845.09378,1845.69726,1842.64,2022-05-26 14:07:00+00:00,1845.69726,SL,2,-1.0,-1.2709286140385805
2022-05-27,setup_or_fib_XAUUSD_20220527_BUY,LONG,1857.6,1850.56,7.039999999999964,2.2629376774429053,2022-05-27 14:03:00+00:00,1861.34,2022-05-27 15:02:00+00:00,1853.24928,1851.92576,1861.34,2022-05-27 16:00:00+00:00,1854.77,TIME,58,1.1489966150871,1.0254624032882529
2022-05-30,setup_or_fib_XAUUSD_20220530_SELL,SHORT,1856.25,1855.31,0.9400000000000546,1.580312398821102,2022-05-30 13:59:00+00:00,1855.07,2022-05-30 14:02:00+00:00,1855.89092,1856.06764,1855.07,2022-05-30 14:03:00+00:00,1856.06764,SL,1,-1.0,-1.9251923947491107
2022-05-31,setup_or_fib_XAUUSD_20220531_BUY,LONG,1851.31,1847.35,3.9600000000000364,2.6092416094026363,2022-05-31 14:15:00+00:00,1855.39,2022-05-31 15:00:00+00:00,1848.8627199999999,1848.11824,1855.39,2022-05-31 15:00:00+00:00,1848.11824,SL,0,-1.0,-1.2196163765313175
2022-06-06,setup_or_fib_XAUUSD_20220606_BUY,LONG,1854.21,1850.8,3.410000000000082,2.067303498350797,2022-06-06 13:50:00+00:00,1854.57,2022-06-06 14:09:00+00:00,1852.10262,1851.46154,1854.57,2022-06-06 14:37:00+00:00,1851.46154,SL,28,-1.0,-1.255038372746041
2022-06-07,setup_or_fib_XAUUSD_20220607_SELL,SHORT,1845.66,1842.73,2.9300000000000637,2.0622742749350054,2022-06-07 14:19:00+00:00,1842.42,2022-06-07 14:25:00+00:00,1844.5407400000001,1845.0915800000002,1842.42,2022-06-07 14:26:00+00:00,1845.0915800000002,SL,1,-1.0,-1.2968194030933993
2022-06-09,setup_or_fib_XAUUSD_20220609_SELL,SHORT,1852.56,1848.54,4.019999999999982,2.2968082172750455,2022-06-09 13:47:00+00:00,1847.37,2022-06-09 14:00:00+00:00,1851.02436,1851.78012,1847.37,2022-06-09 14:14:00+00:00,1847.37,TP,14,4.835344553826548,4.619006033661419
2022-06-14,setup_or_fib_XAUUSD_20220614_SELL,SHORT,1822.34,1819.45,2.8899999999998727,3.1478944218260385,2022-06-14 13:45:00+00:00,1817.57,2022-06-14 13:47:00+00:00,1821.23602,1821.77934,1817.57,2022-06-14 13:47:00+00:00,1821.77934,SL,0,-1.0,-1.3009276301258959
2022-06-15,setup_or_fib_XAUUSD_20220615_BUY,LONG,1835.17,1830.24,4.930000000000064,3.070471623064799,2022-06-15 13:49:00+00:00,1836.54,2022-06-15 13:55:00+00:00,1832.12326,1831.19642,1836.54,2022-06-15 13:55:00+00:00,1831.19642,SL,0,-1.0,-1.1764058521427487
2022-06-17,setup_or_fib_XAUUSD_20220617_BUY,LONG,1851.12,1848.3,2.8199999999999363,2.4395459407606888,2022-06-17 13:52:00+00:00,1853.05,2022-06-17 14:08:00+00:00,1849.37724,1848.84708,1853.05,2022-06-17 14:09:00+00:00,1848.84708,SL,1,-1.0,-1.308397464916238
2022-06-20,setup_or_fib_XAUUSD_20220620_BUY,LONG,1839.63,1838.37,1.2600000000002183,2.013664437041467,2022-06-20 14:05:00+00:00,1843.21,2022-06-20 15:00:00+00:00,1838.85132,1838.6144399999998,1843.21,2022-06-20 15:00:00+00:00,1838.6144399999998,SL,0,-1.0,-1.6902228976692526
2022-06-21,setup_or_fib_XAUUSD_20220621_SELL,SHORT,1839.57,1835.62,3.9500000000000455,2.3085452066618237,2022-06-21 14:20:00+00:00,1832.88,2022-06-21 14:46:00+00:00,1838.0611,1838.8037,1832.88,2022-06-21 14:52:00+00:00,1838.8037,SL,6,-1.0,-1.2201723673579201
2022-06-22,setup_or_fib_XAUUSD_20220622_BUY,LONG,1843.17,1839.8,3.3700000000001182,3.064947391488922,2022-06-22 13:45:00+00:00,1846.78,2022-06-22 14:24:00+00:00,1841.08734,1840.45378,1846.78,2022-06-22 14:24:00+00:00,1840.45378,SL,0,-1.0,-1.2580655344403102
2022-06-24,setup_or_fib_XAUUSD_20220624_BUY,LONG,1824.57,1821.98,2.589999999999918,2.365611946652347,2022-06-24 13:49:00+00:00,1825.42,2022-06-24 13:56:00+00:00,1822.96938,1822.48246,1825.42,2022-06-24 13:57:00+00:00,1822.48246,SL,1,-1.0,-1.3357841123798193
2022-06-27,setup_or_fib_XAUUSD_20220627_BUY,LONG,1831.98,1828.34,3.6400000000001,2.278484652545994,2022-06-27 13:50:00+00:00,1834.53,2022-06-27 14:27:00+00:00,1829.73048,1829.04616,1834.53,2022-06-27 14:32:00+00:00,1829.04616,SL,5,-1.0,-1.238923310731876
2022-06-28,setup_or_fib_XAUUSD_20220628_SELL,SHORT,1825.3,1822.38,2.9199999999998454,2.059693407688289,2022-06-28 13:56:00+00:00,1821.22,2022-06-28 14:09:00+00:00,1824.18456,1824.7335199999998,1821.22,2022-06-28 14:16:00+00:00,1824.7335199999998,SL,7,-1.0,-1.2978359078986523
2022-07-01,setup_or_fib_XAUUSD_20220701_SELL,SHORT,1788.51,1785.47,3.0399999999999636,2.862525346286741,2022-07-01 13:48:00+00:00,1784.45,2022-07-01 13:51:00+00:00,1787.34872,1787.92024,1784.45,2022-07-01 13:53:00+00:00,1787.92024,SL,2,-1.0,-1.286079227323646
2022-07-06,setup_or_fib_XAUUSD_20220706_BUY,LONG,1764.03,1759.47,4.559999999999945,2.632139158809232,2022-07-06 13:49:00+00:00,1767.96,2022-07-06 14:47:00+00:00,1761.21192,1760.35464,1767.96,2022-07-06 14:48:00+00:00,1760.35464,SL,1,-1.0,-1.1907194848824307
2022-07-07,setup_or_fib_XAUUSD_20220707_SELL,SHORT,1742.13,1739.89,2.240000000000009,2.2890451277415624,2022-07-07 13:48:00+00:00,1738.0,2022-07-07 14:12:00+00:00,1741.2743200000002,1741.69544,1738.0,2022-07-07 14:13:00+00:00,1741.69544,SL,1,-1.0,-1.3882503799394437
2022-07-11,setup_or_fib_XAUUSD_20220711_SELL,SHORT,1736.53,1734.88,1.6499999999998636,1.9008270132304566,2022-07-11 13:46:00+00:00,1734.3,2022-07-11 13:50:00+00:00,1735.8997,1736.2098999999998,1734.3,2022-07-11 13:50:00+00:00,1736.2098999999998,SL,0,-1.0,-1.5270793036752264
2022-07-12,setup_or_fib_XAUUSD_20220712_SELL,SHORT,1734.76,1731.61,3.150000000000091,2.7680301928574145,2022-07-12 13:48:00+00:00,1730.86,2022-07-12 14:05:00+00:00,1733.5566999999999,1734.1489000000001,1730.86,2022-07-12 14:15:00+00:00,1730.86,TP,10,4.553698074972493,4.277608915904739
2022-07-15,setup_or_fib_XAUUSD_20220715_BUY,LONG,1710.85,1700.04,10.809999999999945,2.233979323323083,2022-07-15 14:13:00+00:00,1714.11,2022-07-15 14:39:00+00:00,1704.16942,1702.1371399999998,1714.11,2022-07-15 14:52:00+00:00,1702.1371399999998,SL,13,-1.0,-1.0804515125868432
2022-07-19,setup_or_fib_XAUUSD_20220719_BUY,LONG,1711.44,1708.78,2.660000000000082,2.095383926956388,2022-07-19 14:26:00+00:00,1714.56,2022-07-19 15:25:00+00:00,1709.79612,1709.29604,1714.56,2022-07-19 16:00:00+00:00,1712.96,TIME,35,6.326747720364546,5.999800031994702
2022-07-20,setup_or_fib_XAUUSD_20220720_SELL,SHORT,1712.45,1708.56,3.8900000000001,2.1775933373609107,2022-07-20 14:03:00+00:00,1707.86,2022-07-20 14:17:00+00:00,1710.9640200000001,1711.69534,1707.86,2022-07-20 14:28:00+00:00,1711.69534,SL,11,-1.0,-1.2235683421758319
2022-07-21,setup_or_fib_XAUUSD_20220721_BUY,LONG,1700.51,1689.02,11.490000000000009,2.8030839460770034,2022-07-21 13:48:00+00:00,1710.51,2022-07-21 14:26:00+00:00,1693.4091799999999,1691.2490599999999,1710.51,2022-07-21 15:51:00+00:00,1710.51,TP,85,7.916606484824946,7.840916245393804
2022-07-22,setup_or_fib_XAUUSD_20220722_BUY,LONG,1725.63,1723.4,2.230000000000018,2.4891713099494113,2022-07-22 14:03:00+00:00,1727.08,2022-07-22 14:11:00+00:00,1724.25186,1723.8326200000001,1727.08,2022-07-22 14:24:00+00:00,1723.8326200000001,SL,13,-1.0,-1.3899914130331585
2022-07-25,setup_or_fib_XAUUSD_20220725_SELL,SHORT,1726.75,1724.62,2.130000000000109,2.3381444729133034,2022-07-25 13:45:00+00:00,1724.17,2022-07-25 13:49:00+00:00,1725.93634,1726.3367799999999,1724.17,2022-07-25 13:56:00+00:00,1724.17,TP,7,4.410997902308429,4.002697033264265
2022-07-26,setup_or_fib_XAUUSD_20220726_BUY,LONG,1720.99,1716.78,4.210000000000036,2.074256132181797,2022-07-26 14:31:00+00:00,1721.93,2022-07-26 15:04:00+00:00,1718.38822,1717.59674,1721.93,2022-07-26 15:46:00+00:00,1717.59674,SL,42,-1.0,-1.206575024005636
2022-07-28,setup_or_fib_XAUUSD_20220728_BUY,LONG,1748.22,1737.05,11.170000000000073,2.4114891862924477,2022-07-28 13:48:00+00:00,1749.88,2022-07-28 14:05:00+00:00,1741.31694,1739.21698,1749.88,2022-07-28 14:23:00+00:00,1749.88,TP,18,4.077725290005589,3.9998666641270018
2022-07-29,setup_or_fib_XAUUSD_20220729_SELL,SHORT,1761.65,1755.78,5.870000000000118,2.721629059704901,2022-07-29 14:37:00+00:00,1751.98,2022-07-29 15:37:00+00:00,1759.40766,1760.51122,1751.98,2022-07-29 15:45:00+00:00,1760.51122,SL,8,-1.0,-1.1481568741164936
2022-08-01,setup_or_fib_XAUUSD_20220801_BUY,LONG,1772.54,1765.76,6.779999999999973,2.204497214464789,2022-08-01 14:12:00+00:00,1774.77,2022-08-01 15:02:00+00:00,1768.34996,1767.07532,1774.77,2022-08-01 15:27:00+00:00,1767.07532,SL,25,-1.0,-1.128271511956308
2022-08-03,setup_or_fib_XAUUSD_20220803_BUY,LONG,1771.77,1768.34,3.4300000000000637,2.5464415010446744,2022-08-03 13:55:00+00:00,1772.8,2022-08-03 14:14:00+00:00,1769.65026,1769.00542,1772.8,2022-08-03 14:16:00+00:00,1769.00542,SL,2,-1.0,-1.2535512685317558
2022-08-04,setup_or_fib_XAUUSD_20220804_SELL,SHORT,1786.37,1782.2,4.169999999999845,2.2534367754699405,2022-08-04 13:47:00+00:00,1774.3,2022-08-04 15:05:00+00:00,1784.77706,1785.5610199999999,1774.3,2022-08-04 15:09:00+00:00,1785.5610199999999,SL,4,-1.0,-1.2085565590081182
2022-08-08,setup_or_fib_XAUUSD_20220808_SELL,SHORT,1785.58,1781.43,4.149999999999864,1.8721607095477983,2022-08-08 14:14:00+00:00,1780.7,2022-08-08 14:45:00+00:00,1783.9947,1784.7749000000001,1780.7,2022-08-08 14:59:00+00:00,1784.7749000000001,SL,14,-1.0,-1.209561650858714
2022-08-09,setup_or_fib_XAUUSD_20220809_BUY,LONG,1793.28,1789.88,3.3999999999998636,2.1920937552855593,2022-08-09 13:46:00+00:00,1800.45,2022-08-09 15:59:00+00:00,1791.1788000000001,1790.5396,1800.45,2022-08-09 15:59:00+00:00,1790.5396,SL,0,-1.0,-1.2557884856069794
2022-08-11,setup_or_fib_XAUUSD_20220811_SELL,SHORT,1799.31,1792.75,6.559999999999945,1.8187462739015128,2022-08-11 14:26:00+00:00,1791.14,2022-08-11 14:46:00+00:00,1796.8040799999999,1798.03736,1791.14,2022-08-11 14:51:00+00:00,1798.03736,SL,5,-1.0,-1.132573300467031
2022-08-12,setup_or_fib_XAUUSD_20220812_BUY,LONG,1791.92,1789.75,2.1700000000000728,2.338227100795552,2022-08-12 13:51:00+00:00,1798.72,2022-08-12 15:39:00+00:00,1790.57894,1790.17098,1798.72,2022-08-12 16:00:00+00:00,1793.13,TIME,21,6.2532110991273395,5.852436513383642
2022-08-17,setup_or_fib_XAUUSD_20220817_BUY,LONG,1772.69,1764.75,7.940000000000055,1.9947210984832662,2022-08-17 14:26:00+00:00,1773.65,2022-08-17 14:37:00+00:00,1767.78308,1766.2903600000002,1773.65,2022-08-17 14:38:00+00:00,1766.2903600000002,SL,1,-1.0,-1.1095315933329954
2022-08-18,setup_or_fib_XAUUSD_20220818_SELL,SHORT,1771.18,1766.61,4.570000000000164,1.7718167041142643,2022-08-18 14:02:00+00:00,1762.75,2022-08-18 14:37:00+00:00,1769.43426,1770.29342,1762.75,2022-08-18 15:46:00+00:00,1762.75,TP,69,7.779994413147952,7.58969225755411
2022-08-22,setup_or_fib_XAUUSD_20220822_SELL,SHORT,1731.36,1728.34,3.019999999999982,2.3685400254845534,2022-08-22 13:45:00+00:00,1727.77,2022-08-22 13:55:00+00:00,1730.20636,1730.77412,1727.77,2022-08-22 14:00:00+00:00,1730.77412,SL,5,-1.0,-1.2879737917429217
2022-08-25,setup_or_fib_XAUUSD_20220825_BUY,LONG,1760.52,1757.0,3.519999999999982,1.914636905953895,2022-08-25 13:56:00+00:00,1761.79,2022-08-25 14:32:00+00:00,1758.34464,1757.6828799999998,1761.79,2022-08-25 14:34:00+00:00,1757.6828799999998,SL,2,-1.0,-1.2470684235976095
2022-08-26,setup_or_fib_XAUUSD_20220826_SELL,SHORT,1751.98,1745.79,6.190000000000055,1.7629435281705257,2022-08-26 13:46:00+00:00,1744.58,2022-08-26 14:10:00+00:00,1749.61542,1750.77914,1744.58,2022-08-26 14:11:00+00:00,1750.77914,SL,1,-1.0,-1.1404977142267885
2022-08-30,setup_or_fib_XAUUSD_20220830_SELL,SHORT,1733.22,1729.68,3.5399999999999636,2.0550475993014388,2022-08-30 13:49:00+00:00,1728.13,2022-08-30 14:03:00+00:00,1731.86772,1732.53324,1728.13,2022-08-30 14:11:00+00:00,1732.53324,SL,8,-1.0,-1.2456725567976865
2022-08-31,setup_or_fib_XAUUSD_20220831_SELL,SHORT,1713.81,1710.75,3.0599999999999454,2.484084214986179,2022-08-31 13:50:00+00:00,1709.78,2022-08-31 14:00:00+00:00,1712.6410799999999,1713.2163600000001,1709.78,2022-08-31 14:00:00+00:00,1713.2163600000001,SL,0,-1.0,-1.2842094284521095
2022-09-05,setup_or_fib_XAUUSD_20220905_BUY,LONG,1713.62,1712.31,1.3099999999999454,1.5565287052371404,2022-09-05 13:49:00+00:00,1713.8,2022-09-05 13:53:00+00:00,1712.81042,1712.56414,1713.8,2022-09-05 13:55:00+00:00,1712.56414,SL,2,-1.0,-1.6638785122622775
2022-09-07,setup_or_fib_XAUUSD_20220907_SELL,SHORT,1703.48,1700.14,3.339999999999918,2.053564215901225,2022-09-07 13:45:00+00:00,1697.09,2022-09-07 14:48:00+00:00,1702.20412,1702.83204,1697.09,2022-09-07 14:50:00+00:00,1702.83204,SL,2,-1.0,-1.260383488342504
2022-09-12,setup_or_fib_XAUUSD_20220912_BUY,LONG,1731.67,1727.1,4.570000000000164,2.3801875628067757,2022-09-12 14:11:00+00:00,1732.63,2022-09-12 14:21:00+00:00,1728.84574,1727.98658,1732.63,2022-09-12 14:25:00+00:00,1727.98658,SL,4,-1.0,-1.1903021555938416
2022-09-15,setup_or_fib_XAUUSD_20220915_BUY,LONG,1688.29,1682.22,6.069999999999936,2.1815673617955396,2022-09-15 13:46:00+00:00,1692.29,2022-09-15 14:20:00+00:00,1684.53874,1683.39758,1692.29,2022-09-15 14:27:00+00:00,1683.39758,SL,7,-1.0,-1.143275263766706
2022-09-16,setup_or_fib_XAUUSD_20220916_SELL,SHORT,1664.49,1661.25,3.240000000000009,2.610194161737875,2022-09-16 13:50:00+00:00,1657.16,2022-09-16 14:57:00+00:00,1663.25232,1663.8614400000001,1657.16,2022-09-16 14:58:00+00:00,1663.8614400000001,SL,1,-1.0,-1.268420015760408
2022-09-19,setup_or_fib_XAUUSD_20220919_SELL,SHORT,1667.34,1665.05,2.2899999999999636,2.487970993990085,2022-09-19 13:55:00+00:00,1664.64,2022-09-19 14:02:00+00:00,1666.46522,1666.89574,1664.64,2022-09-19 14:04:00+00:00,1666.89574,SL,2,-1.0,-1.3797732974078851
2022-09-20,setup_or_fib_XAUUSD_20220920_BUY,LONG,1667.81,1665.2,2.6099999999999,2.1114452943494038,2022-09-20 13:45:00+00:00,1668.87,2022-09-20 14:12:00+00:00,1666.19702,1665.70634,1668.87,2022-09-20 14:18:00+00:00,1665.70634,SL,6,-1.0,-1.3332110540473687
2022-09-21,setup_or_fib_XAUUSD_20220921_SELL,SHORT,1675.93,1672.76,3.1700000000000728,1.9848500814089955,2022-09-21 14:02:00+00:00,1672.53,2022-09-21 14:25:00+00:00,1674.7190600000001,1675.31502,1672.53,2022-09-21 14:32:00+00:00,1672.53,TP,7,3.673165984295263,3.3988187126662384
2022-09-22,setup_or_fib_XAUUSD_20220922_BUY,LONG,1684.21,1672.56,11.650000000000091,3.6262968487737455,2022-09-22 13:47:00+00:00,1684.91,2022-09-22 14:19:00+00:00,1677.0103,1674.8201,1684.91,2022-09-22 14:42:00+00:00,1674.8201,SL,23,-1.0,-1.0746507168295132
2022-09-23,setup_or_fib_XAUUSD_20220923_BUY,LONG,1648.43,1643.01,5.420000000000073,3.600836989980622,2022-09-23 14:02:00+00:00,1657.88,2022-09-23 14:45:00+00:00,1645.08044,1644.0614799999998,1657.88,2022-09-23 14:50:00+00:00,1644.0614799999998,SL,5,-1.0,-1.1604577215984757
2022-09-27,setup_or_fib_XAUUSD_20220927_SELL,SHORT,1640.49,1636.74,3.75,2.4176913423693227,2022-09-27 13:53:00+00:00,1634.59,2022-09-27 14:39:00+00:00,1639.0575000000001,1639.7625,1634.59,2022-09-27 14:41:00+00:00,1639.7625,SL,2,-1.0,-1.2319148936170452
2022-09-28,setup_or_fib_XAUUSD_20220928_SELL,SHORT,1638.28,1635.82,2.4600000000000364,4.045933010763959,2022-09-28 13:49:00+00:00,1633.87,2022-09-28 14:06:00+00:00,1637.34028,1637.8027599999998,1633.87,2022-09-28 14:06:00+00:00,1637.8027599999998,SL,0,-1.0,-1.3535288012455249
2022-09-29,setup_or_fib_XAUUSD_20220929_BUY,LONG,1655.95,1647.82,8.13000000000011,2.853339126503215,2022-09-29 14:18:00+00:00,1658.16,2022-09-29 14:44:00+00:00,1650.9256599999999,1649.3972199999998,1658.16,2022-09-29 15:16:00+00:00,1649.3972199999998,SL,32,-1.0,-1.106971814398992
2022-09-30,setup_or_fib_XAUUSD_20220930_SELL,SHORT,1669.48,1662.42,7.059999999999945,2.7098462764574394,2022-09-30 14:13:00+00:00,1661.99,2022-09-30 14:30:00+00:00,1666.78308,1668.1103600000001,1661.99,2022-09-30 14:33:00+00:00,1668.1103600000001,SL,3,-1.0,-1.123184256524603
2022-10-03,setup_or_fib_XAUUSD_20221003_SELL,SHORT,1670.04,1666.73,3.3099999999999454,2.497687429039336,2022-10-03 13:54:00+00:00,1665.35,2022-10-03 14:14:00+00:00,1668.77558,1669.39786,1665.35,2022-10-03 14:14:00+00:00,1669.39786,SL,0,-1.0,-1.2627434595358809
2022-10-04,setup_or_fib_XAUUSD_20221004_BUY,LONG,1710.02,1707.43,2.589999999999918,2.9450817602648356,2022-10-04 13:49:00+00:00,1713.99,2022-10-04 14:30:00+00:00,1708.41938,1707.93246,1713.99,2022-10-04 14:31:00+00:00,1707.93246,SL,1,-1.0,-1.3357841123798193
2022-10-05,setup_or_fib_XAUUSD_20221005_SELL,SHORT,1713.33,1710.1,3.230000000000018,3.3910373807127625,2022-10-05 13:45:00+00:00,1709.26,2022-10-05 13:50:00+00:00,1712.0961399999999,1712.70338,1709.26,2022-10-05 13:51:00+00:00,1712.70338,SL,1,-1.0,-1.269251037481041
2022-10-10,setup_or_fib_XAUUSD_20221010_SELL,SHORT,1679.18,1676.13,3.0499999999999545,2.820223423148623,2022-10-10 13:50:00+00:00,1675.38,2022-10-10 14:00:00+00:00,1678.0149000000001,1678.5883,1675.38,2022-10-10 14:01:00+00:00,1678.5883,SL,1,-1.0,-1.2851412626439955
2022-10-11,setup_or_fib_XAUUSD_20221011_SELL,SHORT,1671.98,1669.41,2.5699999999999363,2.6381436253651307,2022-10-11 13:45:00+00:00,1668.93,2022-10-11 13:51:00+00:00,1670.99826,1671.48142,1668.93,2022-10-11 13:57:00+00:00,1668.93,TP,6,4.2806937660402715,3.942296547727496
2022-10-14,setup_or_fib_XAUUSD_20221014_BUY,LONG,1656.2,1651.79,4.410000000000082,2.9711488040907805,2022-10-14 13:46:00+00:00,1663.97,2022-10-14 14:33:00+00:00,1653.47462,1652.64554,1663.97,2022-10-14 14:34:00+00:00,1652.64554,SL,1,-1.0,-1.1972065421913503
2022-10-17,setup_or_fib_XAUUSD_20221017_BUY,LONG,1667.01,1663.24,3.769999999999982,2.5822398483203837,2022-10-17 13:49:00+00:00,1668.19,2022-10-17 14:11:00+00:00,1664.68014,1663.97138,1668.19,2022-10-17 14:23:00+00:00,1663.97138,SL,12,-1.0,-1.2306845758790053
2022-10-18,setup_or_fib_XAUUSD_20221018_SELL,SHORT,1657.39,1654.67,2.7200000000000273,2.2833158512463174,2022-10-18 14:06:00+00:00,1653.55,2022-10-18 14:32:00+00:00,1656.35096,1656.8623200000002,1653.55,2022-10-18 14:48:00+00:00,1653.55,TP,16,5.477471839797721,5.157736232789082
2022-10-19,setup_or_fib_XAUUSD_20221019_BUY,LONG,1636.64,1630.44,6.2000000000000455,2.5050609118929983,2022-10-19 14:39:00+00:00,1637.5,2022-10-19 14:48:00+00:00,1632.8084000000001,1631.6428,1637.5,2022-10-19 14:49:00+00:00,1631.6428,SL,1,-1.0,-1.1402711050102903
2022-10-20,setup_or_fib_XAUUSD_20221020_SELL,SHORT,1640.1,1632.32,7.779999999999973,2.3407170300853677,2022-10-20 13:58:00+00:00,1630.44,2022-10-20 15:11:00+00:00,1637.1280399999998,1638.59068,1630.44,2022-10-20 15:11:00+00:00,1638.59068,SL,0,-1.0,-1.111784171087881
2022-10-24,setup_or_fib_XAUUSD_20221024_SELL,SHORT,1651.52,1647.47,4.0499999999999545,2.598034003367318,2022-10-24 14:08:00+00:00,1644.74,2022-10-24 14:45:00+00:00,1649.9729,1650.7342999999998,1644.74,2022-10-24 14:45:00+00:00,1650.7342999999998,SL,0,-1.0,-1.2147360126083906
2022-10-26,setup_or_fib_XAUUSD_20221026_SELL,SHORT,1666.47,1663.11,3.3600000000001273,2.341927020842797,2022-10-26 13:45:00+00:00,1660.67,2022-10-26 14:36:00+00:00,1665.18648,1665.81816,1660.67,2022-10-26 14:37:00+00:00,1665.81816,SL,1,-1.0,-1.2588335866261562
2022-10-27,setup_or_fib_XAUUSD_20221027_SELL,SHORT,1662.21,1657.59,4.620000000000118,2.533096578115365,2022-10-27 13:48:00+00:00,1655.92,2022-10-27 13:58:00+00:00,1660.44516,1661.31372,1655.92,2022-10-27 14:10:00+00:00,1661.31372,SL,12,-1.0,-1.1882426084553492
2022-10-31,setup_or_fib_XAUUSD_20221031_SELL,SHORT,1639.44,1635.68,3.759999999999991,2.0818829311129528,2022-10-31 14:18:00+00:00,1633.47,2022-10-31 14:45:00+00:00,1638.00368,1638.71056,1633.47,2022-10-31 14:45:00+00:00,1638.71056,SL,0,-1.0,-1.2312980986872033
2022-11-03,setup_or_fib_XAUUSD_20221103_SELL,SHORT,1622.49,1619.58,2.910000000000082,2.946931715661082,2022-11-03 13:46:00+00:00,1618.78,2022-11-03 13:50:00+00:00,1621.3783799999999,1621.92546,1618.78,2022-11-03 13:58:00+00:00,1618.78,TP,8,4.749543028441297,4.450683629450318
2022-11-07,setup_or_fib_XAUUSD_20221107_SELL,SHORT,1678.25,1676.33,1.9200000000000728,2.239762969267141,2022-11-07 14:54:00+00:00,1676.14,2022-11-07 14:56:00+00:00,1677.51656,1677.87752,1676.14,2022-11-07 14:56:00+00:00,1677.87752,SL,0,-1.0,-1.4529587765957732
2022-11-09,setup_or_fib_XAUUSD_20221109_BUY,LONG,1709.26,1706.87,2.3900000000001,2.2511298525009877,2022-11-09 14:45:00+00:00,1722.37,2022-11-09 16:41:00+00:00,1707.78298,1707.3336599999998,1722.37,2022-11-09 17:00:00+00:00,1711.6,TIME,19,8.495103712273005,8.131220510991206
2022-11-11,setup_or_fib_XAUUSD_20221111_BUY,LONG,1763.97,1759.99,3.980000000000018,3.0378699569565204,2022-11-11 14:45:00+00:00,1766.13,2022-11-11 15:22:00+00:00,1761.51036,1760.76212,1766.13,2022-11-11 15:22:00+00:00,1760.76212,SL,0,-1.0,-1.2185127766492339
2022-11-16,setup_or_fib_XAUUSD_20221116_BUY,LONG,1780.66,1774.54,6.120000000000118,2.383034128951846,2022-11-16 14:45:00+00:00,1781.5,2022-11-16 14:53:00+00:00,1776.87784,1775.72728,1781.5,2022-11-16 15:36:00+00:00,1775.72728,SL,43,-1.0,-1.142104714226111
2022-11-21,setup_or_fib_XAUUSD_20221121_SELL,SHORT,1746.29,1742.44,3.849999999999909,2.055573625287305,2022-11-21 14:49:00+00:00,1741.63,2022-11-21 15:15:00+00:00,1744.8193,1745.5431,1741.63,2022-11-21 15:15:00+00:00,1745.5431,SL,0,-1.0,-1.2258911301464546
2022-11-22,setup_or_fib_XAUUSD_20221122_BUY,LONG,1745.25,1744.15,1.099999999999909,1.8062673684627892,2022-11-22 14:47:00+00:00,1746.12,2022-11-22 14:54:00+00:00,1744.5702,1744.3634000000002,1746.12,2022-11-22 14:54:00+00:00,1744.3634000000002,SL,0,-1.0,-1.7906189555128396
2022-11-24,setup_or_fib_XAUUSD_20221124_BUY,LONG,1756.73,1755.54,1.1900000000000546,1.5019445107645268,2022-11-24 14:45:00+00:00,1757.4,2022-11-24 15:13:00+00:00,1755.99458,1755.77086,1757.4,2022-11-24 15:35:00+00:00,1755.77086,SL,22,-1.0,-1.7308242445915925
2022-11-25,setup_or_fib_XAUUSD_20221125_SELL,SHORT,1748.25,1746.61,1.6400000000001,1.8024280507840074,2022-11-25 14:45:00+00:00,1746.05,2022-11-25 14:52:00+00:00,1747.6235199999999,1747.93184,1746.05,2022-11-25 14:53:00+00:00,1747.93184,SL,1,-1.0,-1.5302932018680266
2022-11-28,setup_or_fib_XAUUSD_20221128_BUY,LONG,1755.82,1752.95,2.869999999999891,2.2446364779882524,2022-11-28 14:45:00+00:00,1756.77,2022-11-28 14:56:00+00:00,1754.04634,1753.5067800000002,1756.77,2022-11-28 14:57:00+00:00,1753.5067800000002,SL,1,-1.0,-1.3030246867818573
2022-11-29,setup_or_fib_XAUUSD_20221129_BUY,LONG,1752.97,1751.27,1.7000000000000455,2.161158034939653,2022-11-29 14:47:00+00:00,1753.47,2022-11-29 14:50:00+00:00,1751.9194,1751.5998,1753.47,2022-11-29 14:50:00+00:00,1751.5998,SL,0,-1.0,-1.5115769712139588
2022-11-30,setup_or_fib_XAUUSD_20221130_SELL,SHORT,1764.79,1755.12,9.670000000000073,2.011603612536727,2022-11-30 14:58:00+00:00,1754.09,2022-11-30 15:42:00+00:00,1761.0960599999999,1762.9140200000002,1754.09,2022-11-30 15:42:00+00:00,1762.9140200000002,SL,0,-1.0,-1.0899359721885915
2022-12-07,setup_or_fib_XAUUSD_20221207_BUY,LONG,1778.85,1776.01,2.839999999999918,1.9765993736619483,2022-12-07 14:57:00+00:00,1779.41,2022-12-07 15:11:00+00:00,1777.0948799999999,1776.5609599999998,1779.41,2022-12-07 15:11:00+00:00,1776.5609599999998,SL,0,-1.0,-1.3062256517829927
2022-12-08,setup_or_fib_XAUUSD_20221208_SELL,SHORT,1791.99,1787.16,4.829999999999927,1.8788291547157627,2022-12-08 14:45:00+00:00,1786.69,2022-12-08 15:00:00+00:00,1790.1449400000001,1791.0529800000002,1786.69,2022-12-08 15:36:00+00:00,1786.69,TP,36,3.8048323862384605,3.6247742390202817
2022-12-12,setup_or_fib_XAUUSD_20221212_SELL,SHORT,1790.79,1788.59,2.2000000000000455,1.768630436087009,2022-12-12 14:55:00+00:00,1785.14,2022-12-12 16:13:00+00:00,1789.9496,1790.3632,1785.14,2022-12-12 16:37:00+00:00,1785.14,TP,24,11.628626692453576,11.233317214697374
2022-12-14,setup_or_fib_XAUUSD_20221214_BUY,LONG,1809.11,1807.59,1.5199999999999818,1.9166783975230492,2022-12-14 14:52:00+00:00,1809.81,2022-12-14 15:07:00+00:00,1808.1706399999998,1807.8848799999998,1809.81,2022-12-14 15:07:00+00:00,1807.8848799999998,SL,0,-1.0,-1.5721584546472924
2022-12-15,setup_or_fib_XAUUSD_20221215_BUY,LONG,1781.54,1773.87,7.670000000000073,2.734990678798723,2022-12-15 15:13:00+00:00,1786.14,2022-12-15 16:26:00+00:00,1776.7999399999999,1775.35798,1786.14,2022-12-15 16:31:00+00:00,1775.35798,SL,5,-1.0,-1.1133873339066365
2022-12-16,setup_or_fib_XAUUSD_20221216_BUY,LONG,1786.17,1783.58,2.5900000000001455,2.1047060035861924,2022-12-16 14:45:00+00:00,1787.93,2022-12-16 15:08:00+00:00,1784.56938,1784.08246,1787.93,2022-12-16 15:13:00+00:00,1784.08246,SL,5,-1.0,-1.3357841123799763
2022-12-19,setup_or_fib_XAUUSD_20221219_SELL,SHORT,1794.36,1792.23,2.1299999999998818,1.6016580618670722,2022-12-19 14:49:00+00:00,1788.87,2022-12-19 16:20:00+00:00,1793.5463399999999,1793.94678,1788.87,2022-12-19 16:21:00+00:00,1793.94678,SL,1,-1.0,-1.4083008690439323
2022-12-21,setup_or_fib_XAUUSD_20221221_SELL,SHORT,1819.8,1817.77,2.0299999999999727,1.6644060197934736,2022-12-21 14:48:00+00:00,1815.66,2022-12-21 15:48:00+00:00,1819.02454,1819.40618,1815.66,2022-12-21 15:52:00+00:00,1819.40618,SL,4,-1.0,-1.4284142123466455
2022-12-23,setup_or_fib_XAUUSD_20221223_SELL,SHORT,1800.29,1794.28,6.009999999999991,1.5615181433636791,2022-12-23 15:01:00+00:00,1791.18,2022-12-23 16:18:00+00:00,1797.99418,1799.12406,1791.18,2022-12-23 16:30:00+00:00,1799.12406,SL,12,-1.0,-1.1447056324565204
2022-12-27,setup_or_fib_XAUUSD_20221227_SELL,SHORT,1808.26,1806.0,2.259999999999991,1.4416716896228972,2022-12-27 15:00:00+00:00,1802.31,2022-12-27 15:37:00+00:00,1807.39668,1807.82156,1802.31,2022-12-27 15:39:00+00:00,1807.82156,SL,2,-1.0,-1.384814535868924
2022-12-28,setup_or_fib_XAUUSD_20221228_SELL,SHORT,1807.62,1805.5,2.119999999999891,2.021422543389643,2022-12-28 14:51:00+00:00,1803.35,2022-12-28 15:20:00+00:00,1806.81016,1807.2087199999999,1803.35,2022-12-28 15:36:00+00:00,1807.2087199999999,SL,16,-1.0,-1.4102268165396852
2022-12-29,setup_or_fib_XAUUSD_20221229_BUY,LONG,1812.12,1807.0,5.119999999999891,1.6549356580454424,2022-12-29 15:03:00+00:00,1812.62,2022-12-29 15:15:00+00:00,1808.9558399999999,1807.99328,1812.62,2022-12-29 15:33:00+00:00,1812.62,TP,18,3.8066821808513427,3.636822639627928
2022-12-30,setup_or_fib_XAUUSD_20221230_BUY,LONG,1821.88,1817.28,4.600000000000136,1.8068951021889177,2022-12-30 15:04:00+00:00,1825.27,2022-12-30 15:28:00+00:00,1819.0372,1818.1724,1825.27,2022-12-30 15:51:00+00:00,1818.1724,SL,23,-1.0,-1.1890610545790805
2023-01-03,setup_or_fib_XAUUSD_20230103_BUY,LONG,1840.41,1837.04,3.3700000000001182,2.866481823473331,2023-01-03 14:51:00+00:00,1841.02,2023-01-03 15:02:00+00:00,1838.32734,1837.69378,1841.02,2023-01-03 15:02:00+00:00,1837.69378,SL,0,-1.0,-1.2580655344403102
2023-01-09,setup_or_fib_XAUUSD_20230109_BUY,LONG,1877.64,1874.26,3.380000000000109,2.1063037090054157,2023-01-09 14:54:00+00:00,1879.56,2023-01-09 15:20:00+00:00,1875.55116,1874.91572,1879.56,2023-01-09 15:30:00+00:00,1874.91572,SL,10,-1.0,-1.2573020269419546
2023-01-10,setup_or_fib_XAUUSD_20230110_SELL,SHORT,1873.49,1871.42,2.0699999999999363,2.0471881733655004,2023-01-10 14:47:00+00:00,1870.87,2023-01-10 14:55:00+00:00,1872.69926,1873.08842,1870.87,2023-01-10 14:56:00+00:00,1873.08842,SL,1,-1.0,-1.420135676842487
2023-01-12,setup_or_fib_XAUUSD_20230112_BUY,LONG,1899.13,1875.3,23.830000000000155,1.8997206997958649,2023-01-12 14:52:00+00:00,1901.61,2023-01-12 15:44:00+00:00,1884.40306,1879.92302,1901.61,2023-01-12 15:55:00+00:00,1879.92302,SL,11,-1.0,-1.0364952098641964
2023-01-17,setup_or_fib_XAUUSD_20230117_BUY,LONG,1914.24,1910.68,3.5599999999999454,2.4018285658559186,2023-01-17 15:11:00+00:00,1916.65,2023-01-17 15:38:00+00:00,1912.03992,1911.3706399999999,1916.65,2023-01-17 16:19:00+00:00,1911.3706399999999,SL,41,-1.0,-1.2442923738943081
2023-01-18,setup_or_fib_XAUUSD_20230118_BUY,LONG,1924.28,1916.22,8.059999999999945,2.179513329363249,2023-01-18 15:15:00+00:00,1925.89,2023-01-18 15:45:00+00:00,1919.29892,1917.78364,1925.89,2023-01-18 16:04:00+00:00,1917.78364,SL,19,-1.0,-1.1079008500079301
2023-01-20,setup_or_fib_XAUUSD_20230120_SELL,SHORT,1929.33,1925.5,3.8299999999999272,2.224729300833531,2023-01-20 14:52:00+00:00,1920.69,2023-01-20 16:22:00+00:00,1927.8669399999999,1928.58698,1920.69,2023-01-20 16:25:00+00:00,1928.58698,SL,3,-1.0,-1.2270707182933798
2023-01-23,setup_or_fib_XAUUSD_20230123_SELL,SHORT,1925.49,1918.64,6.849999999999909,2.123591269203599,2023-01-23 15:07:00+00:00,1911.4,2023-01-23 16:55:00+00:00,1922.8733,1924.1611,1911.4,2023-01-23 16:56:00+00:00,1924.1611,SL,1,-1.0,-1.1269607081844946
2023-01-24,setup_or_fib_XAUUSD_20230124_SELL,SHORT,1936.83,1933.43,3.3999999999998636,1.9205248412541165,2023-01-24 14:47:00+00:00,1917.17,2023-01-24 16:46:00+00:00,1935.5312,1936.1704,1917.17,2023-01-24 16:57:00+00:00,1936.1704,SL,11,-1.0,-1.2557884856069794
2023-01-25,setup_or_fib_XAUUSD_20230125_SELL,SHORT,1926.79,1924.05,2.740000000000009,2.362554331693871,2023-01-25 14:48:00+00:00,1919.88,2023-01-25 15:10:00+00:00,1925.74332,1926.25844,1919.88,2023-01-25 15:10:00+00:00,1926.25844,SL,0,-1.0,-1.3174017704612366
2023-01-26,setup_or_fib_XAUUSD_20230126_BUY,LONG,1938.03,1931.25,6.779999999999973,2.1444238665726667,2023-01-26 14:52:00+00:00,1942.41,2023-01-26 15:48:00+00:00,1933.83996,1932.56532,1942.41,2023-01-26 15:48:00+00:00,1932.56532,SL,0,-1.0,-1.128271511956308
2023-01-30,setup_or_fib_XAUUSD_20230130_BUY,LONG,1929.62,1926.03,3.589999999999918,2.284049411016624,2023-01-30 14:45:00+00:00,1930.37,2023-01-30 15:20:00+00:00,1927.40138,1926.72646,1930.37,2023-01-30 15:30:00+00:00,1926.72646,SL,10,-1.0,-1.242250933443989
2023-02-01,setup_or_fib_XAUUSD_20230201_BUY,LONG,1930.92,1926.83,4.0900000000001455,1.9699263493602048,2023-02-01 14:47:00+00:00,1931.38,2023-02-01 15:03:00+00:00,1928.39238,1927.62346,1931.38,2023-02-01 15:18:00+00:00,1931.38,TP,15,3.885475732196046,3.6728398272904585
2023-02-06,setup_or_fib_XAUUSD_20230206_BUY,LONG,1873.41,1869.86,3.550000000000182,2.3256124435596996,2023-02-06 15:21:00+00:00,1875.32,2023-02-06 15:41:00+00:00,1871.2160999999999,1870.5487,1875.32,2023-02-06 15:42:00+00:00,1870.5487,SL,1,-1.0,-1.2449805214264984
2023-02-07,setup_or_fib_XAUUSD_20230207_BUY,LONG,1869.43,1865.67,3.759999999999991,2.6565524944940853,2023-02-07 14:47:00+00:00,1872.14,2023-02-07 16:16:00+00:00,1867.10632,1866.3994400000001,1872.14,2023-02-07 16:35:00+00:00,1872.14,TP,19,7.12098234495292,6.889684246265717
2023-02-08,setup_or_fib_XAUUSD_20230208_BUY,LONG,1876.42,1873.33,3.0900000000001455,2.711619787028125,2023-02-08 14:48:00+00:00,1883.16,2023-02-08 15:45:00+00:00,1874.51038,1873.92946,1883.16,2023-02-08 15:48:00+00:00,1873.92946,SL,3,-1.0,-1.2814501136129488
2023-02-09,setup_or_fib_XAUUSD_20230209_BUY,LONG,1883.99,1879.72,4.269999999999982,2.2303451130295313,2023-02-09 14:49:00+00:00,1890.31,2023-02-09 15:36:00+00:00,1881.35114,1880.5483800000002,1890.31,2023-02-09 15:36:00+00:00,1880.5483800000002,SL,0,-1.0,-1.2036723304599621
2023-02-10,setup_or_fib_XAUUSD_20230210_BUY,LONG,1864.55,1861.8,2.75,2.584929845980811,2023-02-10 14:49:00+00:00,1868.67,2023-02-10 15:39:00+00:00,1862.8505,1862.3335,1868.67,2023-02-10 15:39:00+00:00,1862.3335,SL,0,-1.0,-1.3162475822049968
2023-02-13,setup_or_fib_XAUUSD_20230213_BUY,LONG,1858.11,1855.87,2.240000000000009,2.375322945413373,2023-02-13 15:06:00+00:00,1858.99,2023-02-13 15:12:00+00:00,1856.7256799999998,1856.30456,1858.99,2023-02-13 15:13:00+00:00,1856.30456,SL,1,-1.0,-1.3882503799394437
2023-02-14,setup_or_fib_XAUUSD_20230214_SELL,SHORT,1870.66,1850.4,20.25999999999999,2.4131970907641276,2023-02-14 15:28:00+00:00,1843.29,2023-02-14 16:05:00+00:00,1862.9206800000002,1866.72956,1843.29,2023-02-14 17:00:00+00:00,1852.3,TIME,55,2.7883997395561764,2.745473735061415
2023-02-15,setup_or_fib_XAUUSD_20230215_BUY,LONG,1836.35,1831.83,4.519999999999982,2.3626584447605126,2023-02-15 14:49:00+00:00,1838.94,2023-02-15 15:07:00+00:00,1833.55664,1832.70688,1838.94,2023-02-15 15:24:00+00:00,1832.70688,SL,17,-1.0,-1.192407267934462
2023-02-16,setup_or_fib_XAUUSD_20230216_SELL,SHORT,1837.97,1830.87,7.100000000000136,2.0937792479635253,2023-02-16 14:47:00+00:00,1827.7,2023-02-16 15:09:00+00:00,1835.2577999999999,1836.5926,1827.7,2023-02-16 15:11:00+00:00,1836.5926,SL,2,-1.0,-1.1224902607132075
2023-02-17,setup_or_fib_XAUUSD_20230217_BUY,LONG,1829.05,1825.74,3.3099999999999454,2.3775738884043984,2023-02-17 14:46:00+00:00,1830.36,2023-02-17 14:50:00+00:00,1827.00442,1826.38214,1830.36,2023-02-17 14:52:00+00:00,1826.38214,SL,2,-1.0,-1.2627434595358809
2023-02-20,setup_or_fib_XAUUSD_20230220_BUY,LONG,1846.64,1844.47,2.1700000000000728,1.626531308795433,2023-02-20 14:55:00+00:00,1846.87,2023-02-20 15:03:00+00:00,1845.2989400000001,1844.8909800000001,1846.87,2023-02-20 15:03:00+00:00,1844.8909800000001,SL,0,-1.0,-1.4007745857436977
2023-02-21,setup_or_fib_XAUUSD_20230221_BUY,LONG,1837.13,1834.88,2.25,2.0908646556833004,2023-02-21 15:00:00+00:00,1843.84,2023-02-21 15:51:00+00:00,1835.7395000000001,1835.3165000000001,1843.84,2023-02-21 15:51:00+00:00,1835.3165000000001,SL,0,-1.0,-1.3865248226950337
2023-02-22,setup_or_fib_XAUUSD_20230222_BUY,LONG,1837.28,1835.12,2.160000000000082,2.527920324009421,2023-02-22 14:45:00+00:00,1839.1,2023-02-22 15:31:00+00:00,1835.9451199999999,1835.5390399999999,1839.1,2023-02-22 15:42:00+00:00,1835.5390399999999,SL,11,-1.0,-1.4026300236406872
2023-02-23,setup_or_fib_XAUUSD_20230223_BUY,LONG,1825.7,1817.46,8.240000000000009,1.9500882686887417,2023-02-23 15:10:00+00:00,1830.16,2023-02-23 16:50:00+00:00,1820.60768,1819.05856,1830.16,2023-02-23 17:00:00+00:00,1823.61,TIME,10,1.93808097500489,1.8325371824000651
2023-02-24,setup_or_fib_XAUUSD_20230224_SELL,SHORT,1818.37,1811.7,6.669999999999845,2.2397608260064024,2023-02-24 15:24:00+00:00,1808.93,2023-02-24 15:57:00+00:00,1815.82206,1817.07602,1808.93,2023-02-24 17:00:00+00:00,1810.5,TIME,63,4.244202366901606,4.113815432709128
2023-03-01,setup_or_fib_XAUUSD_20230301_BUY,LONG,1837.02,1833.88,3.1399999999998727,2.478223118583562,2023-03-01 14:58:00+00:00,1844.55,2023-03-01 16:10:00+00:00,1835.07948,1834.48916,1844.55,2023-03-01 16:11:00+00:00,1834.48916,SL,1,-1.0,-1.2769684239056691
2023-03-02,setup_or_fib_XAUUSD_20230302_SELL,SHORT,1834.53,1830.57,3.9600000000000364,2.1605598520515157,2023-03-02 14:53:00+00:00,1830.08,2023-03-02 15:01:00+00:00,1833.01728,1833.7617599999999,1830.08,2023-03-02 15:02:00+00:00,1833.7617599999999,SL,1,-1.0,-1.2196163765313175
2023-03-03,setup_or_fib_XAUUSD_20230303_BUY,LONG,1847.86,1846.02,1.8399999999999181,1.7363423747912274,2023-03-03 14:50:00+00:00,1848.02,2023-03-03 14:56:00+00:00,1846.72288,1846.3769599999998,1848.02,2023-03-03 15:04:00+00:00,1848.02,TP,8,3.7497687326525755,3.277116096205123
2023-03-06,setup_or_fib_XAUUSD_20230306_BUY,LONG,1852.18,1850.23,1.9500000000000455,1.677688323369119,2023-03-06 15:10:00+00:00,1853.87,2023-03-06 16:00:00+00:00,1850.9749,1850.6083,1853.87,2023-03-06 16:01:00+00:00,1850.6083,SL,1,-1.0,-1.4459901800329342
2023-03-13,setup_or_fib_XAUUSD_20230313_BUY,LONG,1899.87,1894.44,5.429999999999836,4.221579996023134,2023-03-13 13:48:00+00:00,1902.9,2023-03-13 14:01:00+00:00,1896.51426,1895.49342,1902.9,2023-03-13 14:04:00+00:00,1895.49342,SL,3,-1.0,-1.1601622193487862
2023-03-14,setup_or_fib_XAUUSD_20230314_SELL,SHORT,1911.99,1899.29,12.700000000000045,2.528801893321073,2023-03-14 14:44:00+00:00,1895.42,2023-03-14 15:51:00+00:00,1907.1386,1909.5262,1895.42,2023-03-14 16:00:00+00:00,1907.62,TIME,9,-0.20162506282454767,-0.2701038699949274
2023-03-15,setup_or_fib_XAUUSD_20230315_BUY,LONG,1925.57,1919.32,6.25,4.640112073312957,2023-03-15 13:50:00+00:00,1930.39,2023-03-15 14:30:00+00:00,1921.7075,1920.5325,1930.39,2023-03-15 14:34:00+00:00,1920.5325,SL,4,-1.0,-1.139148936170218
2023-03-16,setup_or_fib_XAUUSD_20230316_BUY,LONG,1931.84,1924.34,7.5,3.0017545169267468,2023-03-16 14:21:00+00:00,1933.51,2023-03-16 14:35:00+00:00,1927.205,1925.7949999999998,1933.51,2023-03-16 14:36:00+00:00,1925.7949999999998,SL,1,-1.0,-1.1159574468085038
2023-03-20,setup_or_fib_XAUUSD_20230320_SELL,SHORT,1986.42,1976.26,10.160000000000082,5.229402715775056,2023-03-20 13:49:00+00:00,1972.45,2023-03-20 14:31:00+00:00,1982.53888,1984.44896,1972.45,2023-03-20 14:37:00+00:00,1984.44896,SL,6,-1.0,-1.0855985089629807
2023-03-21,setup_or_fib_XAUUSD_20230321_SELL,SHORT,1966.62,1962.77,3.849999999999909,3.0183758983766587,2023-03-21 13:45:00+00:00,1958.82,2023-03-21 14:22:00+00:00,1965.1493,1965.8731,1958.82,2023-03-21 14:26:00+00:00,1965.8731,SL,4,-1.0,-1.2258911301464546
2023-03-22,setup_or_fib_XAUUSD_20230322_SELL,SHORT,1941.83,1938.01,3.8199999999999363,2.7461807359918398,2023-03-22 13:57:00+00:00,1937.12,2023-03-22 14:06:00+00:00,1940.37076,1941.08892,1937.12,2023-03-22 14:31:00+00:00,1941.08892,SL,25,-1.0,-1.2276651442575794
2023-03-23,setup_or_fib_XAUUSD_20230323_SELL,SHORT,1978.47,1967.29,11.180000000000064,2.8852657195368208,2023-03-23 13:48:00+00:00,1966.55,2023-03-23 14:05:00+00:00,1974.19924,1976.30108,1966.55,2023-03-23 14:19:00+00:00,1976.30108,SL,14,-1.0,-1.0777889848894289
2023-03-27,setup_or_fib_XAUUSD_20230327_SELL,SHORT,1958.25,1950.23,8.019999999999982,3.531532449723933,2023-03-27 13:45:00+00:00,1944.04,2023-03-27 15:28:00+00:00,1955.18636,1956.6941199999999,1944.04,2023-03-27 16:00:00+00:00,1954.17,TIME,32,0.6740860614420565,0.5656470525812272
2023-03-28,setup_or_fib_XAUUSD_20230328_SELL,SHORT,1967.39,1962.93,4.460000000000036,2.4792443877138544,2023-03-28 14:01:00+00:00,1960.76,2023-03-28 14:37:00+00:00,1965.6862800000001,1966.52476,1960.76,2023-03-28 15:08:00+00:00,1960.76,TP,31,5.875250453201957,5.680254746685378
2023-03-29,setup_or_fib_XAUUSD_20230329_SELL,SHORT,1967.67,1962.5,5.170000000000073,2.6379387481969196,2023-03-29 14:18:00+00:00,1961.06,2023-03-29 14:39:00+00:00,1965.69506,1966.66702,1961.06,2023-03-29 14:47:00+00:00,1966.66702,SL,8,-1.0,-1.1682167990452141
2023-03-31,setup_or_fib_XAUUSD_20230331_SELL,SHORT,1987.63,1976.45,11.180000000000064,2.1510130905247893,2023-03-31 14:08:00+00:00,1974.82,2023-03-31 14:39:00+00:00,1983.35924,1985.46108,1974.82,2023-03-31 16:00:00+00:00,1977.95,TIME,81,2.5735736307234878,2.495784645834059
2023-04-03,setup_or_fib_XAUUSD_20230403_SELL,SHORT,1979.88,1976.19,3.6900000000000546,2.6353729345429815,2023-04-03 14:31:00+00:00,1972.4,2023-04-03 14:43:00+00:00,1978.47042,1979.16414,1972.4,2023-04-03 14:43:00+00:00,1979.16414,SL,0,-1.0,-1.235685867496978
2023-04-05,setup_or_fib_XAUUSD_20230405_BUY,LONG,2031.91,2028.42,3.490000000000009,2.198106391456237,2023-04-05 14:00:00+00:00,2032.26,2023-04-05 14:18:00+00:00,2029.7531800000002,2029.09706,2032.26,2023-04-05 14:20:00+00:00,2029.09706,SL,2,-1.0,-1.2491922209351565
2023-04-11,setup_or_fib_XAUUSD_20230411_SELL,SHORT,2001.53,1999.46,2.0699999999999363,2.0198798432655503,2023-04-11 13:46:00+00:00,1995.58,2023-04-11 14:31:00+00:00,2000.73926,2001.12842,1995.58,2023-04-11 14:32:00+00:00,2001.12842,SL,1,-1.0,-1.420135676842487
2023-04-18,setup_or_fib_XAUUSD_20230418_SELL,SHORT,2005.92,2002.14,3.7799999999999727,1.9073399898072014,2023-04-18 13:49:00+00:00,1991.19,2023-04-18 15:08:00+00:00,2004.47604,2005.18668,1991.19,2023-04-18 15:08:00+00:00,2005.18668,SL,0,-1.0,-1.2300742992232314
2023-04-20,setup_or_fib_XAUUSD_20230420_BUY,LONG,2011.44,1999.11,12.330000000000155,2.5524829400297757,2023-04-20 15:08:00+00:00,2012.39,2023-04-20 15:50:00+00:00,2003.82006,2001.50202,2012.39,2023-04-20 15:55:00+00:00,2001.50202,SL,5,-1.0,-1.0705337267691637
2023-04-21,setup_or_fib_XAUUSD_20230421_SELL,SHORT,1991.08,1987.36,3.7200000000000273,3.273898317997879,2023-04-21 13:49:00+00:00,1986.34,2023-04-21 14:00:00+00:00,1989.65896,1990.3583199999998,1986.34,2023-04-21 14:01:00+00:00,1990.3583199999998,SL,1,-1.0,-1.2337851750172113
2023-04-24,setup_or_fib_XAUUSD_20230424_BUY,LONG,1984.0,1981.99,2.009999999999991,2.1716509412161913,2023-04-24 13:53:00+00:00,1985.04,2023-04-24 14:15:00+00:00,1982.75782,1982.37994,1985.04,2023-04-24 14:16:00+00:00,1982.37994,SL,1,-1.0,-1.4326770403302582
2023-04-25,setup_or_fib_XAUUSD_20230425_BUY,LONG,1989.75,1984.0,5.75,2.988571689492757,2023-04-25 13:46:00+00:00,1994.49,2023-04-25 14:37:00+00:00,1986.1965,1985.1154999999999,1994.49,2023-04-25 14:37:00+00:00,1985.1154999999999,SL,0,-1.0,-1.1512488436632564
2023-05-01,setup_or_fib_XAUUSD_20230501_BUY,LONG,2004.75,1996.66,8.089999999999918,2.5961774436693443,2023-05-01 13:54:00+00:00,2006.0,2023-05-01 14:35:00+00:00,1999.75038,1998.22946,2006.0,2023-05-01 14:52:00+00:00,1998.22946,SL,17,-1.0,-1.1075007232464609
2023-05-02,setup_or_fib_XAUUSD_20230502_BUY,LONG,1987.38,1985.16,2.2200000000000273,1.9592578116518355,2023-05-02 14:08:00+00:00,1987.96,2023-05-02 14:10:00+00:00,1986.0080400000002,1985.59068,1987.96,2023-05-02 14:11:00+00:00,1985.59068,SL,1,-1.0,-1.3917481311096978
2023-05-04,setup_or_fib_XAUUSD_20230504_SELL,SHORT,2041.24,2033.67,7.569999999999936,2.8073690636979745,2023-05-04 14:21:00+00:00,2032.05,2023-05-04 14:39:00+00:00,2038.34826,2039.77142,2032.05,2023-05-04 14:44:00+00:00,2039.77142,SL,5,-1.0,-1.114885185081083
2023-05-08,setup_or_fib_XAUUSD_20230508_BUY,LONG,2025.97,2022.18,3.7899999999999636,1.7637898879494691,2023-05-08 13:45:00+00:00,2027.01,2023-05-08 14:05:00+00:00,2023.62778,2022.91526,2027.01,2023-05-08 14:08:00+00:00,2022.91526,SL,3,-1.0,-1.2294672430247442
2023-05-09,setup_or_fib_XAUUSD_20230509_SELL,SHORT,2030.22,2027.19,3.0299999999999727,1.7987943345367707,2023-05-09 13:58:00+00:00,2022.9,2023-05-09 14:52:00+00:00,2029.0625400000001,2029.63218,2022.9,2023-05-09 14:52:00+00:00,2029.63218,SL,0,-1.0,-1.2870233831894151
2023-05-12,setup_or_fib_XAUUSD_20230512_BUY,LONG,2015.09,2007.58,7.509999999999991,2.430305258547459,2023-05-12 13:50:00+00:00,2022.59,2023-05-12 15:33:00+00:00,2010.4488199999998,2009.03694,2022.59,2023-05-12 16:00:00+00:00,2011.23,TIME,27,0.5532906479305901,0.43748760517907187
2023-05-15,setup_or_fib_XAUUSD_20230515_BUY,LONG,2019.28,2013.61,5.670000000000073,1.9182233996270455,2023-05-15 14:48:00+00:00,2022.21,2023-05-15 15:21:00+00:00,2015.77594,2014.7099799999999,2022.21,2023-05-15 15:25:00+00:00,2014.7099799999999,SL,4,-1.0,-1.1533828661488046
2023-05-17,setup_or_fib_XAUUSD_20230517_BUY,LONG,1986.25,1982.84,3.410000000000082,1.8611355885959262,2023-05-17 14:02:00+00:00,1988.06,2023-05-17 14:16:00+00:00,1984.1426199999999,1983.50154,1988.06,2023-05-17 14:17:00+00:00,1983.50154,SL,1,-1.0,-1.255038372746041
2023-05-19,setup_or_fib_XAUUSD_20230519_BUY,LONG,1962.93,1960.28,2.650000000000091,2.0344290625540573,2023-05-19 14:03:00+00:00,1963.88,2023-05-19 14:11:00+00:00,1961.2923,1960.7940999999998,1963.88,2023-05-19 14:12:00+00:00,1960.7940999999998,SL,1,-1.0,-1.328181453231486
2023-05-22,setup_or_fib_XAUUSD_20230522_SELL,SHORT,1978.6,1974.89,3.709999999999809,2.392314460732817,2023-05-22 13:45:00+00:00,1970.26,2023-05-22 15:08:00+00:00,1977.18278,1977.88026,1970.26,2023-05-22 15:09:00+00:00,1977.88026,SL,1,-1.0,-1.2344153237369437
2023-05-29,setup_or_fib_XAUUSD_20230529_BUY,LONG,1948.07,1946.05,2.019999999999982,1.3111526235697153,2023-05-29 13:46:00+00:00,1949.71,2023-05-29 14:40:00+00:00,1946.82164,1946.4418799999999,1949.71,2023-05-29 14:40:00+00:00,1946.4418799999999,SL,0,-1.0,-1.4305350747840369
2023-05-30,setup_or_fib_XAUUSD_20230530_SELL,SHORT,1960.03,1956.62,3.410000000000082,2.8500964609750232,2023-05-30 13:59:00+00:00,1951.01,2023-05-30 15:30:00+00:00,1958.72738,1959.36846,1951.01,2023-05-30 15:34:00+00:00,1959.36846,SL,4,-1.0,-1.255038372746041
2023-05-31,setup_or_fib_XAUUSD_20230531_BUY,LONG,1962.12,1960.75,1.3699999999998909,2.064905972595601,2023-05-31 13:49:00+00:00,1973.72,2023-05-31 15:00:00+00:00,1961.27334,1961.01578,1973.72,2023-05-31 15:00:00+00:00,1961.01578,SL,0,-1.0,-1.6348035409224733
2023-06-02,setup_or_fib_XAUUSD_20230602_SELL,SHORT,1979.1,1971.91,7.189999999999827,1.7606442046958395,2023-06-02 13:49:00+00:00,1968.65,2023-06-02 14:27:00+00:00,1976.35342,1977.70514,1968.65,2023-06-02 14:40:00+00:00,1968.65,TP,13,5.6989761193140405,5.57801911638445
2023-06-06,setup_or_fib_XAUUSD_20230606_BUY,LONG,1963.62,1960.03,3.589999999999918,1.8906615480336244,2023-06-06 14:12:00+00:00,1964.75,2023-06-06 14:37:00+00:00,1961.40138,1960.72646,1964.75,2023-06-06 14:37:00+00:00,1960.72646,SL,0,-1.0,-1.242250933443989
2023-06-07,setup_or_fib_XAUUSD_20230607_SELL,SHORT,1960.25,1957.45,2.7999999999999545,1.81200590100645,2023-06-07 13:51:00+00:00,1957.19,2023-06-07 14:00:00+00:00,1959.1804,1959.7068000000002,1957.19,2023-06-07 14:05:00+00:00,1959.7068000000002,SL,5,-1.0,-1.310600303951253
2023-06-12,setup_or_fib_XAUUSD_20230612_BUY,LONG,1963.78,1961.13,2.6499999999998636,1.7731219822441253,2023-06-12 14:01:00+00:00,1964.26,2023-06-12 14:03:00+00:00,1962.1423,1961.6441,1964.26,2023-06-12 14:07:00+00:00,1961.6441,SL,4,-1.0,-1.3281814532316358
2023-06-16,setup_or_fib_XAUUSD_20230616_SELL,SHORT,1967.2,1964.18,3.019999999999982,1.8053971960717192,2023-06-16 13:45:00+00:00,1956.44,2023-06-16 15:04:00+00:00,1966.04636,1966.6141200000002,1956.44,2023-06-16 15:20:00+00:00,1956.44,TP,16,16.91975482597878,16.63178103423586
2023-06-19,setup_or_fib_XAUUSD_20230619_BUY,LONG,1952.11,1950.45,1.6599999999998545,1.5602521805332734,2023-06-19 13:59:00+00:00,1953.34,2023-06-19 15:01:00+00:00,1951.08412,1950.7720399999998,1953.34,2023-06-19 15:15:00+00:00,1950.7720399999998,SL,14,-1.0,-1.5239041271466323
2023-06-21,setup_or_fib_XAUUSD_20230621_SELL,SHORT,1933.77,1925.96,7.809999999999945,2.081821098685709,2023-06-21 14:37:00+00:00,1919.19,2023-06-21 14:57:00+00:00,1930.78658,1932.2548599999998,1919.19,2023-06-21 15:30:00+00:00,1932.2548599999998,SL,33,-1.0,-1.111354782466573
2023-06-27,setup_or_fib_XAUUSD_20230627_SELL,SHORT,1930.44,1925.5,4.940000000000055,1.8148099235456263,2023-06-27 13:49:00+00:00,1923.87,2023-06-27 14:12:00+00:00,1928.55292,1929.48164,1923.87,2023-06-27 14:30:00+00:00,1929.48164,SL,18,-1.0,-1.1760487552761008
2023-06-28,setup_or_fib_XAUUSD_20230628_BUY,LONG,1908.15,1905.58,2.5700000000001637,1.6669772609272517,2023-06-28 13:48:00+00:00,1908.52,2023-06-28 13:53:00+00:00,1906.56174,1906.0785799999999,1908.52,2023-06-28 14:10:00+00:00,1906.0785799999999,SL,17,-1.0,-1.3383972183126165
2023-06-29,setup_or_fib_XAUUSD_20230629_SELL,SHORT,1911.12,1898.17,12.949999999999818,1.6857409808669641,2023-06-29 13:50:00+00:00,1892.95,2023-06-29 15:11:00+00:00,1906.1731,1908.6077,1892.95,2023-06-29 15:12:00+00:00,1908.6077,SL,1,-1.0,-1.0671568224759702
2023-07-04,setup_or_fib_XAUUSD_20230704_SELL,SHORT,1928.18,1926.21,1.9700000000000273,1.3720381724182376,2023-07-04 14:10:00+00:00,1926.12,2023-07-04 14:21:00+00:00,1927.42746,1927.7978200000002,1926.12,2023-07-04 14:23:00+00:00,1927.7978200000002,SL,2,-1.0,-1.441462360945965
2023-07-05,setup_or_fib_XAUUSD_20230705_BUY,LONG,1929.92,1925.09,4.830000000000155,1.4861104129222582,2023-07-05 14:12:00+00:00,1935.05,2023-07-05 14:40:00+00:00,1926.93506,1926.0270199999998,1935.05,2023-07-05 14:41:00+00:00,1926.0270199999998,SL,1,-1.0,-1.1800581472181335
2023-07-06,setup_or_fib_XAUUSD_20230706_SELL,SHORT,1911.39,1902.84,8.550000000000182,2.9184121814321635,2023-07-06 13:52:00+00:00,1902.59,2023-07-06 14:00:00+00:00,1908.1239,1909.7313000000001,1902.59,2023-07-06 14:00:00+00:00,1909.7313000000001,SL,0,-1.0,-1.1017170586039504
2023-07-07,setup_or_fib_XAUUSD_20230707_SELL,SHORT,1928.27,1918.47,9.799999999999955,1.8286449738639625,2023-07-07 14:00:00+00:00,1915.47,2023-07-07 14:33:00+00:00,1924.5264,1926.3688,1915.47,2023-07-07 14:46:00+00:00,1926.3688,SL,13,-1.0,-1.0887429439861052
2023-07-10,setup_or_fib_XAUUSD_20230710_SELL,SHORT,1918.59,1914.5,4.089999999999918,1.8135812715865198,2023-07-10 13:46:00+00:00,1912.69,2023-07-10 14:07:00+00:00,1917.0276199999998,1917.7965399999998,1912.69,2023-07-10 14:13:00+00:00,1917.7965399999998,SL,6,-1.0,-1.2126359049055875
2023-07-11,setup_or_fib_XAUUSD_20230711_BUY,LONG,1933.35,1929.44,3.9099999999998545,1.9561243076649373,2023-07-11 13:51:00+00:00,1934.07,2023-07-11 14:39:00+00:00,1930.93362,1930.19854,1934.07,2023-07-11 14:40:00+00:00,1930.19854,SL,1,-1.0,-1.2224247700930737
2023-07-14,setup_or_fib_XAUUSD_20230714_SELL,SHORT,1962.75,1956.91,5.839999999999918,1.720803516721265,2023-07-14 14:00:00+00:00,1954.44,2023-07-14 14:50:00+00:00,1960.51912,1961.61704,1954.44,2023-07-14 15:01:00+00:00,1954.44,TP,11,5.536942582336599,5.388024628387335
2023-07-17,setup_or_fib_XAUUSD_20230717_SELL,SHORT,1955.98,1950.71,5.269999999999982,1.9779507614392906,2023-07-17 13:46:00+00:00,1945.77,2023-07-17 15:56:00+00:00,1953.96686,1954.95762,1945.77,2023-07-17 16:00:00+00:00,1954.06,TIME,4,-0.09400863983200473,-0.2590334692558965
2023-07-18,setup_or_fib_XAUUSD_20230718_BUY,LONG,1971.19,1960.68,10.509999999999991,2.2907861688728524,2023-07-18 14:15:00+00:00,1972.15,2023-07-18 14:32:00+00:00,1964.6948200000002,1962.71894,1972.15,2023-07-18 15:00:00+00:00,1972.15,TP,28,3.7730935077025007,3.6903455675441994
2023-07-19,setup_or_fib_XAUUSD_20230719_BUY,LONG,1979.16,1975.48,3.6800000000000637,1.8883081711535958,2023-07-19 13:46:00+00:00,1979.41,2023-07-19 13:51:00+00:00,1976.8857600000001,1976.1939200000002,1979.41,2023-07-19 14:24:00+00:00,1976.1939200000002,SL,33,-1.0,-1.2363263182238817
2023-07-20,setup_or_fib_XAUUSD_20230720_BUY,LONG,1978.21,1972.4,5.809999999999945,1.8999665071269152,2023-07-20 14:16:00+00:00,1980.18,2023-07-20 14:36:00+00:00,1974.61942,1973.5271400000001,1980.18,2023-07-20 14:40:00+00:00,1973.5271400000001,SL,4,-1.0,-1.1496868934705597
2023-07-21,setup_or_fib_XAUUSD_20230721_SELL,SHORT,1966.31,1962.44,3.869999999999891,1.9385119278391028,2023-07-21 14:04:00+00:00,1958.05,2023-07-21 15:38:00+00:00,1964.83166,1965.5592199999999,1958.05,2023-07-21 16:00:00+00:00,1959.76,TIME,22,6.970779042280189,6.7460553081551105
2023-07-24,setup_or_fib_XAUUSD_20230724_SELL,SHORT,1967.68,1965.66,2.019999999999982,1.7278931297281794,2023-07-24 13:48:00+00:00,1964.22,2023-07-24 13:55:00+00:00,1966.9083600000001,1967.2881200000002,1964.22,2023-07-24 13:55:00+00:00,1967.2881200000002,SL,0,-1.0,-1.4305350747840369
2023-07-25,setup_or_fib_XAUUSD_20230725_BUY,LONG,1959.13,1956.18,2.9500000000000455,2.2854544610121383,2023-07-25 13:53:00+00:00,1960.42,2023-07-25 14:02:00+00:00,1957.3069,1956.7523,1960.42,2023-07-25 14:02:00+00:00,1956.7523,SL,0,-1.0,-1.294807068157264
2023-07-28,setup_or_fib_XAUUSD_20230728_SELL,SHORT,1961.24,1954.18,7.059999999999945,2.173797879794422,2023-07-28 14:03:00+00:00,1952.24,2023-07-28 15:07:00+00:00,1958.54308,1959.8703600000001,1952.24,2023-07-28 15:10:00+00:00,1959.8703600000001,SL,3,-1.0,-1.123184256524603
2023-07-31,setup_or_fib_XAUUSD_20230731_BUY,LONG,1966.09,1961.93,4.1599999999998545,1.844410889554311,2023-07-31 13:52:00+00:00,1967.05,2023-07-31 14:21:00+00:00,1963.51912,1962.73704,1967.05,2023-07-31 14:32:00+00:00,1967.05,TP,11,4.514729950900479,4.305672054010122
2023-08-01,setup_or_fib_XAUUSD_20230801_SELL,SHORT,1952.1,1947.88,4.2199999999998,2.0322658364736883,2023-08-01 13:46:00+00:00,1944.43,2023-08-01 15:00:00+00:00,1950.48796,1951.2813199999998,1944.43,2023-08-01 15:00:00+00:00,1951.2813199999998,SL,0,-1.0,-1.206085509730793
2023-08-07,setup_or_fib_XAUUSD_20230807_BUY,LONG,1937.12,1935.27,1.849999999999909,1.6320036085534528,2023-08-07 13:50:00+00:00,1941.68,2023-08-07 14:55:00+00:00,1935.9767,1935.6289,1941.68,2023-08-07 14:56:00+00:00,1935.6289,SL,1,-1.0,-1.470097757331791
2023-08-08,setup_or_fib_XAUUSD_20230808_SELL,SHORT,1930.0,1924.89,5.1099999999999,2.1821923919891297,2023-08-08 14:29:00+00:00,1922.73,2023-08-08 15:18:00+00:00,1928.04798,1929.00866,1922.73,2023-08-08 15:26:00+00:00,1929.00866,SL,8,-1.0,-1.1701919473706281
2023-08-09,setup_or_fib_XAUUSD_20230809_SELL,SHORT,1926.42,1923.47,2.9500000000000455,1.4778970213168505,2023-08-09 14:25:00+00:00,1923.19,2023-08-09 14:30:00+00:00,1925.2931,1925.8477,1923.19,2023-08-09 14:36:00+00:00,1923.19,TP,6,3.7921024161562937,3.49729534799903
2023-08-11,setup_or_fib_XAUUSD_20230811_SELL,SHORT,1920.02,1914.9,5.119999999999891,1.257903053873761,2023-08-11 13:46:00+00:00,1912.89,2023-08-11 15:00:00+00:00,1918.0641600000001,1919.02672,1912.89,2023-08-11 15:00:00+00:00,1919.02672,SL,0,-1.0,-1.169859541223415
2023-08-14,setup_or_fib_XAUUSD_20230814_BUY,LONG,1910.45,1906.12,4.330000000000155,1.687830461318639,2023-08-14 13:51:00+00:00,1912.17,2023-08-14 14:17:00+00:00,1907.77406,1906.9600199999998,1912.17,2023-08-14 14:24:00+00:00,1906.9600199999998,SL,7,-1.0,-1.2008500810770464
2023-08-16,setup_or_fib_XAUUSD_20230816_SELL,SHORT,1904.21,1900.84,3.3700000000001182,1.2629279117962224,2023-08-16 13:50:00+00:00,1899.24,2023-08-16 14:22:00+00:00,1902.92266,1903.55622,1899.24,2023-08-16 14:25:00+00:00,1903.55622,SL,3,-1.0,-1.2580655344403102
2023-08-17,setup_or_fib_XAUUSD_20230817_BUY,LONG,1902.51,1896.31,6.2000000000000455,1.6089385199453354,2023-08-17 14:10:00+00:00,1903.49,2023-08-17 14:34:00+00:00,1898.6784,1897.5128,1903.49,2023-08-17 14:47:00+00:00,1897.5128,SL,13,-1.0,-1.1402711050102903
2023-08-21,setup_or_fib_XAUUSD_20230821_BUY,LONG,1897.53,1892.8,4.730000000000018,1.6485226100245853,2023-08-21 13:56:00+00:00,1898.78,2023-08-21 14:30:00+00:00,1894.6068599999999,1893.7176200000001,1898.78,2023-08-21 14:36:00+00:00,1893.7176200000001,SL,6,-1.0,-1.1838648733750696
2023-08-23,setup_or_fib_XAUUSD_20230823_SELL,SHORT,1908.68,1905.73,2.9500000000000455,1.6465477099131363,2023-08-23 13:55:00+00:00,1902.97,2023-08-23 14:21:00+00:00,1907.5531,1908.1077,1902.97,2023-08-23 14:22:00+00:00,1908.1077,SL,1,-1.0,-1.294807068157264
2023-08-25,setup_or_fib_XAUUSD_20230825_SELL,SHORT,1918.82,1916.85,1.9700000000000273,1.4264047796422432,2023-08-25 13:46:00+00:00,1911.46,2023-08-25 15:03:00+00:00,1918.06746,1918.43782,1911.46,2023-08-25 15:03:00+00:00,1918.43782,SL,0,-1.0,-1.441462360945965
2023-08-28,setup_or_fib_XAUUSD_20230828_BUY,LONG,1916.77,1913.4,3.369999999999891,1.0922989743466238,2023-08-28 13:45:00+00:00,1918.0,2023-08-28 14:27:00+00:00,1914.68734,1914.0537800000002,1918.0,2023-08-28 14:31:00+00:00,1914.0537800000002,SL,4,-1.0,-1.2580655344404028
2023-09-05,setup_or_fib_XAUUSD_20230905_BUY,LONG,1933.54,1927.96,5.579999999999927,1.3527089415252835,2023-09-05 13:52:00+00:00,1934.78,2023-09-05 14:14:00+00:00,1930.09156,1929.04252,1934.78,2023-09-05 14:53:00+00:00,1929.04252,SL,39,-1.0,-1.1558567833447568
2023-09-06,setup_or_fib_XAUUSD_20230906_SELL,SHORT,1926.4,1924.46,1.9400000000000546,1.2126247804186074,2023-09-06 13:47:00+00:00,1921.17,2023-09-06 14:41:00+00:00,1925.65892,1926.0236400000001,1921.17,2023-09-06 14:45:00+00:00,1926.0236400000001,SL,4,-1.0,-1.4482890984864685
2023-09-07,setup_or_fib_XAUUSD_20230907_BUY,LONG,1921.48,1916.25,5.230000000000018,1.1439815619428206,2023-09-07 13:53:00+00:00,1923.58,2023-09-07 14:51:00+00:00,1918.24786,1917.2646200000001,1923.58,2023-09-07 15:31:00+00:00,1917.2646200000001,SL,40,-1.0,-1.1662869696107094
2023-09-08,setup_or_fib_XAUUSD_20230908_SELL,SHORT,1926.11,1922.61,3.5,1.0652886609994774,2023-09-08 13:53:00+00:00,1920.21,2023-09-08 14:39:00+00:00,1924.773,1925.4309999999998,1920.21,2023-09-08 14:53:00+00:00,1925.4309999999998,SL,14,-1.0,-1.2484802431611313
2023-09-11,setup_or_fib_XAUUSD_20230911_BUY,LONG,1926.32,1924.24,2.0799999999999272,1.2884025101238834,2023-09-11 13:57:00+00:00,1930.14,2023-09-11 14:48:00+00:00,1925.03456,1924.64352,1930.14,2023-09-11 14:48:00+00:00,1924.64352,SL,0,-1.0,-1.4181157937807138
2023-09-12,setup_or_fib_XAUUSD_20230912_SELL,SHORT,1912.91,1909.18,3.730000000000018,1.542566504460267,2023-09-12 14:00:00+00:00,1907.59,2023-09-12 14:36:00+00:00,1911.48514,1912.18638,1907.59,2023-09-12 15:30:00+00:00,1912.18638,SL,54,-1.0,-1.2331584051109137
2023-09-18,setup_or_fib_XAUUSD_20230918_SELL,SHORT,1927.25,1925.5,1.75,1.173124778458154,2023-09-18 13:45:00+00:00,1923.57,2023-09-18 14:13:00+00:00,1926.5815,1926.9105000000002,1923.57,2023-09-18 14:14:00+00:00,1926.9105000000002,SL,1,-1.0,-1.4969604863219192
2023-09-19,setup_or_fib_XAUUSD_20230919_SELL,SHORT,1936.38,1934.32,2.060000000000173,1.0223659511115564,2023-09-19 14:14:00+00:00,1933.05,2023-09-19 14:31:00+00:00,1935.59308,1935.98036,1933.05,2023-09-19 14:38:00+00:00,1933.05,TP,7,6.566515182815221,6.144340012395797
2023-09-20,setup_or_fib_XAUUSD_20230920_BUY,LONG,1932.82,1930.88,1.9399999999998272,1.1052589811111062,2023-09-20 13:45:00+00:00,1933.57,2023-09-20 13:52:00+00:00,1931.6210800000001,1931.25636,1933.57,2023-09-20 14:30:00+00:00,1933.57,TP,38,5.343606053958201,4.895316955471732
2023-09-21,setup_or_fib_XAUUSD_20230921_SELL,SHORT,1918.03,1914.85,3.1800000000000637,1.6422239422442741,2023-09-21 13:51:00+00:00,1914.11,2023-09-21 14:00:00+00:00,1916.81524,1917.4130799999998,1914.11,2023-09-21 14:00:00+00:00,1917.4130799999998,SL,0,-1.0,-1.273484544359738
2023-09-22,setup_or_fib_XAUUSD_20230922_BUY,LONG,1926.34,1924.16,2.1799999999998363,1.2526115132551559,2023-09-22 13:56:00+00:00,1928.47,2023-09-22 14:51:00+00:00,1924.99276,1924.58292,1928.47,2023-09-22 15:39:00+00:00,1928.47,TP,48,8.484384149911365,8.08544797969863
2023-09-25,setup_or_fib_XAUUSD_20230925_BUY,LONG,1926.53,1923.84,2.6900000000000546,1.1882205210336094,2023-09-25 13:49:00+00:00,1926.84,2023-09-25 14:14:00+00:00,1924.8675799999999,1924.36186,1926.84,2023-09-25 14:15:00+00:00,1924.36186,SL,1,-1.0,-1.3233014316223164
2023-09-26,setup_or_fib_XAUUSD_20230926_BUY,LONG,1910.75,1905.22,5.529999999999973,1.4200140103457748,2023-09-26 13:55:00+00:00,1911.31,2023-09-26 14:09:00+00:00,1907.33246,1906.2928200000001,1911.31,2023-09-26 14:10:00+00:00,1906.2928200000001,SL,1,-1.0,-1.1572659766842424
2023-09-29,setup_or_fib_XAUUSD_20230929_BUY,LONG,1873.72,1868.06,5.660000000000082,1.5189207453544293,2023-09-29 13:51:00+00:00,1879.88,2023-09-29 15:00:00+00:00,1870.22212,1869.15804,1879.88,2023-09-29 15:02:00+00:00,1869.15804,SL,2,-1.0,-1.153653860612002
2023-10-02,setup_or_fib_XAUUSD_20231002_BUY,LONG,1837.11,1834.26,2.849999999999909,2.260907857685991,2023-10-02 14:08:00+00:00,1838.44,2023-10-02 14:28:00+00:00,1835.3487,1834.8129,1838.44,2023-10-02 14:30:00+00:00,1834.8129,SL,2,-1.0,-1.3051511758118084
2023-10-03,setup_or_fib_XAUUSD_20231003_SELL,SHORT,1827.25,1824.36,2.8900000000001,2.085084238908617,2023-10-03 14:28:00+00:00,1823.27,2023-10-03 14:37:00+00:00,1826.14602,1826.6893400000001,1823.27,2023-10-03 14:38:00+00:00,1826.6893400000001,SL,1,-1.0,-1.30092763012577
2023-10-04,setup_or_fib_XAUUSD_20231004_BUY,LONG,1828.3,1825.14,3.1599999999998545,2.2155430668744387,2023-10-04 13:49:00+00:00,1829.27,2023-10-04 14:01:00+00:00,1826.3471200000001,1825.75304,1829.27,2023-10-04 14:02:00+00:00,1825.75304,SL,1,-1.0,-1.2752154591973792
2023-10-09,setup_or_fib_XAUUSD_20231009_BUY,LONG,1848.77,1845.26,3.509999999999991,1.5685754209775842,2023-10-09 14:02:00+00:00,1849.48,2023-10-09 14:09:00+00:00,1846.6008199999999,1845.94094,1849.48,2023-10-09 14:15:00+00:00,1845.94094,SL,6,-1.0,-1.2477723222404336
2023-10-10,setup_or_fib_XAUUSD_20231010_BUY,LONG,1856.32,1853.0,3.3199999999999363,1.711758919645274,2023-10-10 14:18:00+00:00,1857.21,2023-10-10 14:38:00+00:00,1854.2682399999999,1853.64408,1857.21,2023-10-10 14:59:00+00:00,1857.21,TP,21,4.713150474238784,4.451198410665277
2023-10-11,setup_or_fib_XAUUSD_20231011_BUY,LONG,1872.08,1867.33,4.75,1.728071811756479,2023-10-11 13:45:00+00:00,1875.06,2023-10-11 14:38:00+00:00,1869.1444999999999,1868.2514999999999,1875.06,2023-10-11 14:45:00+00:00,1868.2514999999999,SL,7,-1.0,-1.183090705487116
2023-10-16,setup_or_fib_XAUUSD_20231016_SELL,SHORT,1923.15,1918.05,5.100000000000136,2.5037593225172725,2023-10-16 13:45:00+00:00,1914.42,2023-10-16 14:49:00+00:00,1921.2018,1922.1606000000002,1914.42,2023-10-16 16:00:00+00:00,1918.16,TIME,71,3.1725073007922577,3.001981643720938
2023-10-17,setup_or_fib_XAUUSD_20231017_BUY,LONG,1926.6,1919.15,7.449999999999818,1.9337538537791086,2023-10-17 13:53:00+00:00,1927.88,2023-10-17 14:30:00+00:00,1921.9959000000001,1920.5953000000002,1927.88,2023-10-17 14:46:00+00:00,1927.88,TP,16,4.2011280879624735,4.084392403255914
2023-10-18,setup_or_fib_XAUUSD_20231018_BUY,LONG,1948.73,1944.82,3.910000000000082,2.1508172067502187,2023-10-18 13:53:00+00:00,1962.67,2023-10-18 15:46:00+00:00,1946.31362,1945.57854,1962.67,2023-10-18 15:46:00+00:00,1945.57854,SL,0,-1.0,-1.2224247700930737
2023-10-19,setup_or_fib_XAUUSD_20231019_SELL,SHORT,1957.13,1951.37,5.760000000000218,2.089459122183597,2023-10-19 14:30:00+00:00,1950.02,2023-10-19 14:39:00+00:00,1954.92968,1956.0125600000001,1950.02,2023-10-19 14:48:00+00:00,1956.0125600000001,SL,9,-1.0,-1.150986258865226
2023-10-24,setup_or_fib_XAUUSD_20231024_BUY,LONG,1965.64,1962.53,3.1100000000001273,2.9802009855891223,2023-10-24 14:00:00+00:00,1966.21,2023-10-24 14:21:00+00:00,1963.71802,1963.1333399999999,1966.21,2023-10-24 14:25:00+00:00,1963.1333399999999,SL,4,-1.0,-1.2796401450365238
2023-10-27,setup_or_fib_XAUUSD_20231027_SELL,SHORT,1986.2,1981.66,4.539999999999964,1.89542246804511,2023-10-27 13:54:00+00:00,1976.78,2023-10-27 14:37:00+00:00,1984.4657200000001,1985.31924,1976.78,2023-10-27 15:09:00+00:00,1985.31924,SL,32,-1.0,-1.1915596588246569
2023-10-30,setup_or_fib_XAUUSD_20231030_BUY,LONG,2000.07,1994.94,5.129999999999882,2.136933666657239,2023-10-30 14:12:00+00:00,2002.57,2023-10-30 14:43:00+00:00,1996.89966,1995.93522,2002.57,2023-10-30 15:38:00+00:00,1995.93522,SL,55,-1.0,-1.1695284310066
2023-10-31,setup_or_fib_XAUUSD_20231031_SELL,SHORT,2000.35,1996.44,3.9099999999998545,1.6341796505280954,2023-10-31 13:56:00+00:00,1994.58,2023-10-31 14:45:00+00:00,1998.85638,1999.5914599999999,1994.58,2023-10-31 14:45:00+00:00,1999.5914599999999,SL,0,-1.0,-1.2224247700930737
2023-11-01,setup_or_fib_XAUUSD_20231101_SELL,SHORT,1988.58,1985.31,3.269999999999982,1.8334903612919664,2023-11-01 14:03:00+00:00,1981.09,2023-11-01 15:00:00+00:00,1987.33086,1987.94562,1981.09,2023-11-01 15:00:00+00:00,1987.94562,SL,0,-1.0,-1.2659574468085397
2023-11-03,setup_or_fib_XAUUSD_20231103_BUY,LONG,2003.83,1988.86,14.970000000000027,1.616725909959798,2023-11-03 13:47:00+00:00,2004.11,2023-11-03 14:22:00+00:00,1994.57854,1991.76418,2004.11,2023-11-03 14:25:00+00:00,1991.76418,SL,3,-1.0,-1.0580949132307151
2023-11-07,setup_or_fib_XAUUSD_20231107_BUY,LONG,1963.71,1959.52,4.190000000000055,2.129503927549737,2023-11-07 14:46:00+00:00,1967.3,2023-11-07 15:48:00+00:00,1961.12058,1960.33286,1967.3,2023-11-07 15:56:00+00:00,1960.33286,SL,8,-1.0,-1.207561062306394
2023-11-08,setup_or_fib_XAUUSD_20231108_BUY,LONG,1965.2,1963.0,2.2000000000000455,1.8813876336530981,2023-11-08 15:01:00+00:00,1966.39,2023-11-08 15:09:00+00:00,1963.8404,1963.4268,1966.39,2023-11-08 15:21:00+00:00,1963.4268,SL,12,-1.0,-1.3953094777562025
2023-11-10,setup_or_fib_XAUUSD_20231110_BUY,LONG,1946.1,1944.19,1.9099999999998545,2.3184206664008142,2023-11-10 14:46:00+00:00,1947.65,2023-11-10 15:23:00+00:00,1944.91962,1944.5605400000002,1947.65,2023-11-10 15:23:00+00:00,1944.5605400000002,SL,0,-1.0,-1.455330288515447
2023-11-13,setup_or_fib_XAUUSD_20231113_SELL,SHORT,1938.09,1935.52,2.5699999999999363,1.6323923317144662,2023-11-13 14:56:00+00:00,1931.6,2023-11-13 16:47:00+00:00,1937.10826,1937.59142,1931.6,2023-11-13 16:51:00+00:00,1937.59142,SL,4,-1.0,-1.3383972183127757
2023-11-22,setup_or_fib_XAUUSD_20231122_BUY,LONG,2001.91,1996.74,5.170000000000073,1.7940081141027884,2023-11-22 15:42:00+00:00,2002.38,2023-11-22 16:01:00+00:00,1998.71494,1997.74298,2002.38,2023-11-22 16:02:00+00:00,1997.74298,SL,1,-1.0,-1.1682167990452141
2023-11-23,setup_or_fib_XAUUSD_20231123_BUY,LONG,1993.26,1991.97,1.2899999999999636,1.2854016779763002,2023-11-23 15:02:00+00:00,1993.49,2023-11-23 15:09:00+00:00,1992.46278,1992.22026,1993.49,2023-11-23 15:09:00+00:00,1992.22026,SL,0,-1.0,-1.6741712023750253
2023-11-24,setup_or_fib_XAUUSD_20231124_BUY,LONG,2001.94,1996.3,5.6400000000001,1.443341780721964,2023-11-24 15:31:00+00:00,2003.58,2023-11-24 16:32:00+00:00,1998.45448,1997.3941599999998,2003.58,2023-11-24 16:33:00+00:00,1997.3941599999998,SL,1,-1.0,-1.154198732458086
2023-11-27,setup_or_fib_XAUUSD_20231127_SELL,SHORT,2016.38,2009.73,6.650000000000091,1.7440937230475384,2023-11-27 16:06:00+00:00,2008.75,2023-11-27 16:17:00+00:00,2013.8397,2015.0899000000002,2008.75,2023-11-27 16:56:00+00:00,2008.75,TP,39,4.071108622619799,3.9403295472718733
2023-11-29,setup_or_fib_XAUUSD_20231129_BUY,LONG,2042.85,2037.25,5.599999999999909,1.820952908486248,2023-11-29 15:36:00+00:00,2046.88,2023-11-29 16:34:00+00:00,2039.3892,2038.3364,2046.88,2023-11-29 17:00:00+00:00,2042.96,TIME,26,3.391717325227409,3.236417173251749
2023-12-06,setup_or_fib_XAUUSD_20231206_BUY,LONG,2031.42,2028.5,2.9200000000000728,2.663218025340016,2023-12-06 14:47:00+00:00,2031.83,2023-12-06 14:50:00+00:00,2029.61544,2029.0664800000002,2031.83,2023-12-06 15:12:00+00:00,2029.0664800000002,SL,22,-1.0,-1.2978359078986523
2023-12-11,setup_or_fib_XAUUSD_20231211_SELL,SHORT,1994.85,1992.01,2.839999999999918,2.202917034133713,2023-12-11 14:46:00+00:00,1990.14,2023-12-11 14:59:00+00:00,1993.76512,1994.29904,1990.14,2023-12-11 15:02:00+00:00,1994.29904,SL,3,-1.0,-1.3062256517829927
2023-12-18,setup_or_fib_XAUUSD_20231218_BUY,LONG,2025.62,2022.7,2.9199999999998454,1.982574325595324,2023-12-18 14:49:00+00:00,2026.95,2023-12-18 15:14:00+00:00,2023.81544,2023.2664800000002,2026.95,2023-12-18 15:15:00+00:00,2023.2664800000002,SL,1,-1.0,-1.2978359078986523
2023-12-20,setup_or_fib_XAUUSD_20231220_BUY,LONG,2033.6,2029.46,4.139999999999873,2.041791656482191,2023-12-20 14:46:00+00:00,2039.92,2023-12-20 16:25:00+00:00,2031.04148,2030.2631600000002,2039.92,2023-12-20 17:00:00+00:00,2032.41,TIME,35,1.7582999280503848,1.5482320896291413
2023-12-22,setup_or_fib_XAUUSD_20231222_BUY,LONG,2063.65,2057.52,6.130000000000109,2.8604334715801385,2023-12-22 14:45:00+00:00,2070.7,2023-12-22 16:53:00+00:00,2059.86166,2058.7092199999997,2070.7,2023-12-22 17:00:00+00:00,2060.67,TIME,7,0.7014161257851476,0.559543230016207
2023-12-27,setup_or_fib_XAUUSD_20231227_BUY,LONG,2068.41,2065.96,2.449999999999818,2.00380059979013,2023-12-27 15:00:00+00:00,2071.88,2023-12-27 15:41:00+00:00,2066.8959,2066.4353,2071.88,2023-12-27 16:13:00+00:00,2071.88,TP,32,10.820885801131919,10.465914025187411
2023-12-28,setup_or_fib_XAUUSD_20231228_SELL,SHORT,2079.11,2076.04,3.0700000000001637,2.4920066208593736,2023-12-28 14:45:00+00:00,2071.87,2023-12-28 15:53:00+00:00,2077.93726,2078.51442,2071.87,2023-12-28 15:56:00+00:00,2078.51442,SL,3,-1.0,-1.283283664841726
2023-12-29,setup_or_fib_XAUUSD_20231229_SELL,SHORT,2065.45,2063.07,2.3799999999996544,2.0791518596376406,2023-12-29 14:51:00+00:00,2058.07,2023-12-29 15:47:00+00:00,2064.54084,2064.9882799999996,2058.07,2023-12-29 15:48:00+00:00,2064.9882799999996,SL,1,-1.0,-1.3654121222961675
2024-01-02,setup_or_fib_XAUUSD_20240102_SELL,SHORT,2071.18,2066.85,4.329999999999927,2.7284347660022834,2024-01-02 14:51:00+00:00,2064.52,2024-01-02 15:35:00+00:00,2069.52594,2070.3399799999997,2064.52,2024-01-02 15:42:00+00:00,2064.52,TP,7,6.149501253011581,5.948651171934423
2024-01-03,setup_or_fib_XAUUSD_20240103_SELL,SHORT,2045.03,2041.35,3.6800000000000637,3.1884208406612697,2024-01-03 14:47:00+00:00,2031.66,2024-01-03 16:00:00+00:00,2043.6242399999999,2044.3160799999998,2031.66,2024-01-03 16:00:00+00:00,2044.3160799999998,SL,0,-1.0,-1.2363263182238817
2024-01-04,setup_or_fib_XAUUSD_20240104_SELL,SHORT,2044.74,2038.68,6.059999999999945,2.1974486422751482,2024-01-04 15:05:00+00:00,2037.31,2024-01-04 15:21:00+00:00,2042.42508,2043.56436,2037.31,2024-01-04 15:46:00+00:00,2037.31,TP,25,4.48974791096095,4.346236219366271
2024-01-08,setup_or_fib_XAUUSD_20240108_SELL,SHORT,2023.29,2019.5,3.7899999999999636,3.0498554152240605,2024-01-08 14:53:00+00:00,2018.31,2024-01-08 15:10:00+00:00,2021.84222,2022.55474,2018.31,2024-01-08 15:35:00+00:00,2022.55474,SL,25,-1.0,-1.2294672430247442
2024-01-10,setup_or_fib_XAUUSD_20240110_SELL,SHORT,2032.78,2030.3,2.480000000000018,2.2017111970798866,2024-01-10 14:56:00+00:00,2028.54,2024-01-10 15:32:00+00:00,2031.8326399999999,2032.29888,2028.54,2024-01-10 15:32:00+00:00,2032.29888,SL,0,-1.0,-1.3506777625255888
2024-01-12,setup_or_fib_XAUUSD_20240112_BUY,LONG,2056.1,2048.49,7.610000000000127,2.702175175671611,2024-01-12 14:58:00+00:00,2062.33,2024-01-12 16:45:00+00:00,2051.39702,2049.96634,2062.33,2024-01-12 17:00:00+00:00,2053.71,TIME,15,1.6166997511674532,1.5024184303969057
2024-01-15,setup_or_fib_XAUUSD_20240115_BUY,LONG,2053.72,2052.01,1.7099999999995816,1.7237564863314465,2024-01-15 14:50:00+00:00,2054.46,2024-01-15 15:27:00+00:00,2052.66322,2052.3417400000003,2054.46,2024-01-15 15:28:00+00:00,2052.3417400000003,SL,1,-1.0,-1.5085852930204
2024-01-22,setup_or_fib_XAUUSD_20240122_SELL,SHORT,2025.4,2022.49,2.910000000000082,2.4132546910904384,2024-01-22 14:50:00+00:00,2021.18,2024-01-22 14:55:00+00:00,2024.28838,2024.83546,2021.18,2024-01-22 14:55:00+00:00,2024.83546,SL,0,-1.0,-1.2988593989909791
2024-01-29,setup_or_fib_XAUUSD_20240129_BUY,LONG,2035.92,2031.09,4.830000000000155,1.8732626365026281,2024-01-29 14:47:00+00:00,2037.46,2024-01-29 15:25:00+00:00,2032.93506,2032.0270199999998,2037.46,2024-01-29 15:30:00+00:00,2032.0270199999998,SL,5,-1.0,-1.1800581472181335
2024-01-30,setup_or_fib_XAUUSD_20240130_BUY,LONG,2036.77,2034.82,1.9500000000000455,2.0510370402782847,2024-01-30 14:46:00+00:00,2048.64,2024-01-30 16:14:00+00:00,2035.5648999999999,2035.1983,2048.64,2024-01-30 16:15:00+00:00,2035.1983,SL,1,-1.0,-1.4459901800329342
2024-02-05,setup_or_fib_XAUUSD_20240205_SELL,SHORT,2019.46,2016.56,2.900000000000091,2.2072320859381622,2024-02-05 14:51:00+00:00,2014.76,2024-02-05 15:30:00+00:00,2018.3522,2018.8974,2014.76,2024-02-05 15:31:00+00:00,2018.8974,SL,1,-1.0,-1.2998899486426876
2024-02-06,setup_or_fib_XAUUSD_20240206_BUY,LONG,2028.63,2026.36,2.270000000000209,2.036362294991633,2024-02-06 14:48:00+00:00,2031.26,2024-02-06 15:36:00+00:00,2027.22714,2026.80038,2031.26,2024-02-06 15:36:00+00:00,2026.80038,SL,0,-1.0,-1.3831193176492118
2024-02-07,setup_or_fib_XAUUSD_20240207_SELL,SHORT,2036.72,2034.1,2.6200000000001182,1.5888954454691195,2024-02-07 14:49:00+00:00,2033.97,2024-02-07 14:54:00+00:00,2035.7191599999999,2036.21172,2033.97,2024-02-07 14:59:00+00:00,2036.21172,SL,5,-1.0,-1.3319392561311387
2024-02-08,setup_or_fib_XAUUSD_20240208_SELL,SHORT,2025.86,2021.65,4.209999999999809,2.2112555331317325,2024-02-08 14:55:00+00:00,2020.08,2024-02-08 15:16:00+00:00,2024.25178,2025.04326,2020.08,2024-02-08 15:25:00+00:00,2025.04326,SL,9,-1.0,-1.2065750240056956
2024-02-14,setup_or_fib_XAUUSD_20240214_SELL,SHORT,1993.19,1990.42,2.769999999999982,1.958718330365612,2024-02-14 14:46:00+00:00,1988.58,2024-02-14 15:38:00+00:00,1992.13186,1992.65262,1988.58,2024-02-14 15:52:00+00:00,1988.58,TP,14,6.820531530838174,6.506567324678013
2024-02-20,setup_or_fib_XAUUSD_20240220_BUY,LONG,2030.22,2027.41,2.8099999999999454,1.5824039785074726,2024-02-20 14:46:00+00:00,2030.87,2024-02-20 15:04:00+00:00,2028.48342,2027.95514,2030.87,2024-02-20 15:08:00+00:00,2027.95514,SL,4,-1.0,-1.3094949647914014
2024-02-21,setup_or_fib_XAUUSD_20240221_SELL,SHORT,2031.02,2028.44,2.5799999999999272,1.6249755265612675,2024-02-21 14:56:00+00:00,2027.88,2024-02-21 15:04:00+00:00,2030.03444,2030.51948,2027.88,2024-02-21 15:31:00+00:00,2027.88,TP,27,4.441777997690248,4.1046923965027355
2024-02-22,setup_or_fib_XAUUSD_20240222_SELL,SHORT,2027.96,2022.85,5.110000000000127,1.7768786280449784,2024-02-22 15:41:00+00:00,2021.89,2024-02-22 15:47:00+00:00,2026.00798,2026.96866,2021.89,2024-02-22 16:03:00+00:00,2021.89,TP,16,4.286526210601209,4.116334263230581
2024-02-23,setup_or_fib_XAUUSD_20240223_SELL,SHORT,2027.51,2025.69,1.8199999999999363,2.061574781357637,2024-02-23 14:53:00+00:00,2024.03,2024-02-23 15:55:00+00:00,2026.81476,2027.15692,2024.03,2024-02-23 15:55:00+00:00,2027.15692,SL,0,-1.0,-1.4778466214637522
2024-02-27,setup_or_fib_XAUUSD_20240227_SELL,SHORT,2038.47,2035.51,2.9600000000000364,1.5019686222664017,2024-02-27 14:45:00+00:00,2033.54,2024-02-27 16:00:00+00:00,2037.33928,2037.8957599999999,2033.54,2024-02-27 16:05:00+00:00,2033.54,TP,5,6.827343300747901,6.533532202415508
2024-02-28,setup_or_fib_XAUUSD_20240228_BUY,LONG,2036.15,2031.98,4.170000000000073,1.5317595830262818,2024-02-28 15:03:00+00:00,2037.94,2024-02-28 15:20:00+00:00,2033.57294,2032.78898,2037.94,2024-02-28 15:38:00+00:00,2032.78898,SL,18,-1.0,-1.2085565590081182
2024-03-01,setup_or_fib_XAUUSD_20240301_BUY,LONG,2054.63,2050.59,4.039999999999964,2.126426561133199,2024-03-01 15:15:00+00:00,2056.75,2024-03-01 15:35:00+00:00,2052.13328,2051.37376,2056.75,2024-03-01 15:35:00+00:00,2051.37376,SL,0,-1.0,-1.2152675373920183
2024-03-05,setup_or_fib_XAUUSD_20240305_SELL,SHORT,2141.81,2124.98,16.829999999999927,2.887046571936849,2024-03-05 14:50:00+00:00,2122.32,2024-03-05 16:00:00+00:00,2135.38094,2138.54498,2122.32,2024-03-05 16:01:00+00:00,2138.54498,SL,1,-1.0,-1.0516744415367676
2024-03-06,setup_or_fib_XAUUSD_20240306_BUY,LONG,2136.57,2131.39,5.180000000000291,2.418314044133994,2024-03-06 14:53:00+00:00,2149.21,2024-03-06 16:04:00+00:00,2133.36876,2132.39492,2149.21,2024-03-06 16:04:00+00:00,2132.39492,SL,0,-1.0,-1.1678920561899881
2024-03-11,setup_or_fib_XAUUSD_20240311_SELL,SHORT,2180.75,2176.53,4.2199999999998,2.1865707705222346,2024-03-11 14:09:00+00:00,2174.72,2024-03-11 14:25:00+00:00,2179.13796,2179.93132,2174.72,2024-03-11 14:32:00+00:00,2179.93132,SL,7,-1.0,-1.206085509730734
2024-03-13,setup_or_fib_XAUUSD_20240313_BUY,LONG,2164.18,2162.35,1.8299999999999272,1.828906261342987,2024-03-13 13:46:00+00:00,2164.81,2024-03-13 14:00:00+00:00,2163.04906,2162.70502,2164.81,2024-03-13 14:06:00+00:00,2162.70502,SL,6,-1.0,-1.4752354377398669
2024-03-14,setup_or_fib_XAUUSD_20240314_SELL,SHORT,2170.42,2161.72,8.700000000000273,1.6829710130917652,2024-03-14 14:10:00+00:00,2160.44,2024-03-14 14:21:00+00:00,2167.0966,2168.7322,2160.44,2024-03-14 14:35:00+00:00,2160.44,TP,14,4.06982147224231,3.969858156028081
2024-03-15,setup_or_fib_XAUUSD_20240315_SELL,SHORT,2165.02,2158.48,6.539999999999964,2.311100323032413,2024-03-15 13:45:00+00:00,2157.58,2024-03-15 14:00:00+00:00,2162.52172,2163.75124,2157.58,2024-03-15 14:30:00+00:00,2157.58,TP,30,4.0192270154213015,3.8862482920170316
2024-03-20,setup_or_fib_XAUUSD_20240320_BUY,LONG,2154.31,2149.78,4.529999999999745,1.5921817655049817,2024-03-20 14:07:00+00:00,2155.91,2024-03-20 14:28:00+00:00,2151.51046,2150.65882,2155.91,2024-03-20 14:30:00+00:00,2150.65882,SL,2,-1.0,-1.1919825278286913
2024-03-22,setup_or_fib_XAUUSD_20240322_BUY,LONG,2176.16,2171.91,4.25,2.590565967269541,2024-03-22 14:46:00+00:00,2180.09,2024-03-22 15:17:00+00:00,2173.5335,2172.7345,2180.09,2024-03-22 15:22:00+00:00,2172.7345,SL,5,-1.0,-1.2046307884856127
2024-03-25,setup_or_fib_XAUUSD_20240325_SELL,SHORT,2177.07,2175.08,1.9900000000002365,2.427421646758157,2024-03-25 13:55:00+00:00,2172.97,2024-03-25 14:33:00+00:00,2176.30982,2176.6839400000003,2172.97,2024-03-25 14:34:00+00:00,2176.6839400000003,SL,1,-1.0,-1.4370255532979364
2024-03-26,setup_or_fib_XAUUSD_20240326_SELL,SHORT,2194.29,2189.48,4.809999999999945,2.9405813889309975,2024-03-26 13:46:00+00:00,2185.69,2024-03-26 14:16:00+00:00,2192.45258,2193.35686,2185.69,2024-03-26 14:40:00+00:00,2185.69,TP,24,7.478413765650002,7.297606935906951
2024-03-27,setup_or_fib_XAUUSD_20240327_SELL,SHORT,2188.92,2185.37,3.550000000000182,3.554293996941093,2024-03-27 14:00:00+00:00,2183.5,2024-03-27 14:32:00+00:00,2187.5639,2188.2313,2183.5,2024-03-27 14:33:00+00:00,2188.2313,SL,1,-1.0,-1.2449805214264984
2024-03-28,setup_or_fib_XAUUSD_20240328_BUY,LONG,2211.45,2206.45,5.0,3.5895795317826678,2024-03-28 13:55:00+00:00,2217.09,2024-03-28 14:30:00+00:00,2208.3599999999997,2207.42,2217.09,2024-03-28 14:32:00+00:00,2207.42,SL,2,-1.0,-1.1739361702128401
2024-04-01,setup_or_fib_XAUUSD_20240401_BUY,LONG,2252.22,2247.78,4.4399999999996,3.1473887045661164,2024-04-01 13:59:00+00:00,2257.9,2024-04-01 14:42:00+00:00,2249.47608,2248.64136,2257.9,2024-04-01 14:43:00+00:00,2248.64136,SL,1,-1.0,-1.1958740655549556
2024-04-02,setup_or_fib_XAUUSD_20240402_BUY,LONG,2256.82,2253.34,3.480000000000018,3.311697330994484,2024-04-02 13:51:00+00:00,2258.84,2024-04-02 14:10:00+00:00,2254.6693600000003,2254.0151200000005,2258.84,2024-04-02 14:14:00+00:00,2258.84,TP,4,6.374786011250929,6.124877720715287
2024-04-04,setup_or_fib_XAUUSD_20240404_BUY,LONG,2288.51,2282.87,5.640000000000327,2.604117176839179,2024-04-04 13:55:00+00:00,2291.1,2024-04-04 14:56:00+00:00,2285.02448,2283.96416,2291.1,2024-04-04 15:01:00+00:00,2291.1,TP,5,5.729892862531688,5.575694130073569
2024-04-08,setup_or_fib_XAUUSD_20240408_BUY,LONG,2329.77,2324.79,4.980000000000018,4.820295523291168,2024-04-08 13:50:00+00:00,2335.03,2024-04-08 14:15:00+00:00,2326.69236,2325.75612,2335.03,2024-04-08 14:34:00+00:00,2335.03,TP,19,8.905451593608701,8.730816884559738
2024-04-09,setup_or_fib_XAUUSD_20240409_BUY,LONG,2350.24,2345.91,4.329999999999927,4.124029344969704,2024-04-09 13:47:00+00:00,2364.2,2024-04-09 15:41:00+00:00,2347.5640599999997,2346.75002,2364.2,2024-04-09 15:42:00+00:00,2346.75002,SL,1,-1.0,-1.2008500810771587
2024-04-10,setup_or_fib_XAUUSD_20240410_BUY,LONG,2344.79,2327.82,16.9699999999998,2.6895569330947025,2024-04-10 13:53:00+00:00,2346.35,2024-04-10 14:01:00+00:00,2334.30254,2331.11218,2346.35,2024-04-10 14:05:00+00:00,2331.11218,SL,4,-1.0,-1.0512481350067069
2024-04-11,setup_or_fib_XAUUSD_20240411_BUY,LONG,2344.36,2332.9,11.460000000000036,3.4055335118496406,2024-04-11 14:21:00+00:00,2347.39,2024-04-11 15:16:00+00:00,2337.27772,2335.12324,2347.39,2024-04-11 15:17:00+00:00,2335.12324,SL,1,-1.0,-1.075888381419177
2024-04-12,setup_or_fib_XAUUSD_20240412_SELL,SHORT,2397.28,2393.56,3.7200000000002547,3.5841442906609813,2024-04-12 13:47:00+00:00,2392.19,2024-04-12 13:54:00+00:00,2395.85896,2396.55832,2392.19,2024-04-12 13:55:00+00:00,2396.55832,SL,1,-1.0,-1.2337851750171351
2024-04-15,setup_or_fib_XAUUSD_20240415_BUY,LONG,2358.79,2350.87,7.920000000000073,4.112534167213965,2024-04-15 14:00:00+00:00,2361.07,2024-04-15 14:10:00+00:00,2353.89544,2352.40648,2361.07,2024-04-15 14:23:00+00:00,2352.40648,SL,13,-1.0,-1.1098081882656587
2024-04-16,setup_or_fib_XAUUSD_20240416_SELL,SHORT,2376.81,2371.04,5.769999999999982,3.8137982912348063,2024-04-16 14:06:00+00:00,2370.56,2024-04-16 14:11:00+00:00,2374.60586,2375.6906200000003,2370.56,2024-04-16 14:22:00+00:00,2375.6906200000003,SL,11,-1.0,-1.1507245842398057
2024-04-18,setup_or_fib_XAUUSD_20240418_BUY,LONG,2384.42,2380.68,3.7400000000002365,2.9619604566044346,2024-04-18 13:47:00+00:00,2392.76,2024-04-18 14:35:00+00:00,2382.10868,2381.40556,2392.76,2024-04-18 14:35:00+00:00,2381.40556,SL,0,-1.0,-1.232534986915571
2024-04-19,setup_or_fib_XAUUSD_20240419_BUY,LONG,2383.96,2380.5,3.4600000000000364,4.583592817217416,2024-04-19 13:47:00+00:00,2384.4,2024-04-19 13:51:00+00:00,2381.82172,2381.17124,2384.4,2024-04-19 13:53:00+00:00,2381.17124,SL,2,-1.0,-1.2513528471283561
2024-04-24,setup_or_fib_XAUUSD_20240424_BUY,LONG,2322.92,2314.24,8.680000000000291,2.8742220462160133,2024-04-24 13:54:00+00:00,2325.69,2024-04-24 14:19:00+00:00,2317.5557599999997,2315.9239199999997,2325.69,2024-04-24 14:36:00+00:00,2325.69,TP,17,4.984704382782787,4.884510736346862
2024-04-25,setup_or_fib_XAUUSD_20240425_BUY,LONG,2331.8,2323.12,8.680000000000291,2.7152786738956727,2024-04-25 13:51:00+00:00,2334.72,2024-04-25 14:03:00+00:00,2326.43576,2324.80392,2334.72,2024-04-25 14:06:00+00:00,2324.80392,SL,3,-1.0,-1.1001936464359243
2024-04-26,setup_or_fib_XAUUSD_20240426_SELL,SHORT,2351.53,2343.94,7.5900000000001455,2.7263785186905793,2024-04-26 13:48:00+00:00,2340.63,2024-04-26 14:04:00+00:00,2348.6306200000004,2350.0575400000002,2340.63,2024-04-26 14:04:00+00:00,2350.0575400000002,SL,0,-1.0,-1.1145824573206722
2024-04-29,setup_or_fib_XAUUSD_20240429_SELL,SHORT,2334.18,2329.21,4.9699999999998,2.8187911252570235,2024-04-29 13:45:00+00:00,2328.39,2024-04-29 13:53:00+00:00,2332.2814599999997,2333.21582,2328.39,2024-04-29 13:55:00+00:00,2333.21582,SL,2,-1.0,-1.174986086733128
2024-04-30,setup_or_fib_XAUUSD_20240430_BUY,LONG,2309.12,2304.55,4.569999999999709,2.912672449016333,2024-04-30 13:45:00+00:00,2310.0,2024-04-30 13:56:00+00:00,2306.29574,2305.4365800000005,2310.0,2024-04-30 13:59:00+00:00,2305.4365800000005,SL,3,-1.0,-1.1903021555939421
2024-05-01,setup_or_fib_XAUUSD_20240501_BUY,LONG,2298.25,2294.21,4.039999999999964,2.608375057285915,2024-05-01 13:47:00+00:00,2299.97,2024-05-01 14:10:00+00:00,2295.75328,2294.99376,2299.97,2024-05-01 14:23:00+00:00,2299.97,TP,13,5.551822203496326,5.336554666104307
2024-05-02,setup_or_fib_XAUUSD_20240502_BUY,LONG,2303.64,2298.18,5.460000000000036,3.3882056225565256,2024-05-02 13:45:00+00:00,2304.44,2024-05-02 13:53:00+00:00,2300.26572,2299.23924,2304.44,2024-05-02 13:54:00+00:00,2299.23924,SL,1,-1.0,-1.1592822071545488
2024-05-06,setup_or_fib_XAUUSD_20240506_BUY,LONG,2325.02,2315.62,9.400000000000091,2.9279242375424306,2024-05-06 13:45:00+00:00,2331.99,2024-05-06 15:44:00+00:00,2319.2108,2317.4435999999996,2331.99,2024-05-06 16:00:00+00:00,2320.9,TIME,16,0.9558623811679694,0.8633431416931059
2024-05-07,setup_or_fib_XAUUSD_20240507_BUY,LONG,2317.24,2312.45,4.789999999999964,2.5466819560655476,2024-05-07 14:02:00+00:00,2323.63,2024-05-07 15:58:00+00:00,2314.27978,2313.3792599999997,2323.63,2024-05-07 15:58:00+00:00,2313.3792599999997,SL,0,-1.0,-1.1815617643139233
2024-05-08,setup_or_fib_XAUUSD_20240508_SELL,SHORT,2318.1,2314.4,3.699999999999818,2.794470817632289,2024-05-08 13:55:00+00:00,2306.89,2024-05-08 15:24:00+00:00,2316.6866,2317.3822,2306.89,2024-05-08 15:52:00+00:00,2317.3822,SL,28,-1.0,-1.2350488786658955
2024-05-09,setup_or_fib_XAUUSD_20240509_BUY,LONG,2328.7,2317.79,10.909999999999854,2.5929050701476175,2024-05-09 13:45:00+00:00,2329.33,2024-05-09 14:10:00+00:00,2321.95762,2319.90654,2329.33,2024-05-09 14:10:00+00:00,2319.90654,SL,0,-1.0,-1.079714101839024
2024-05-10,setup_or_fib_XAUUSD_20240510_SELL,SHORT,2369.89,2364.7,5.190000000000055,3.388022058526929,2024-05-10 13:52:00+00:00,2361.8,2024-05-10 13:56:00+00:00,2367.90742,2368.88314,2361.8,2024-05-10 14:03:00+00:00,2361.8,TP,7,6.259398188005147,6.0918296232529485
2024-05-13,setup_or_fib_XAUUSD_20240513_BUY,LONG,2347.23,2343.7,3.5300000000002,3.0911581922301687,2024-05-13 13:47:00+00:00,2349.32,2024-05-13 14:38:00+00:00,2345.04846,2344.3848199999998,2349.32,2024-05-13 14:38:00+00:00,2344.3848199999998,SL,0,-1.0,-1.2463685130491642
2024-05-21,setup_or_fib_XAUUSD_20240521_SELL,SHORT,2429.97,2425.65,4.319999999999709,3.4992801025184304,2024-05-21 13:46:00+00:00,2420.61,2024-05-21 14:12:00+00:00,2428.31976,2429.13192,2420.61,2024-05-21 14:15:00+00:00,2429.13192,SL,3,-1.0,-1.2013150118203437
2024-05-23,setup_or_fib_XAUUSD_20240523_SELL,SHORT,2367.64,2361.84,5.799999999999727,2.9665083571369375,2024-05-23 13:54:00+00:00,2360.64,2024-05-23 14:05:00+00:00,2365.4244,2366.5148,2360.64,2024-05-23 14:06:00+00:00,2366.5148,SL,1,-1.0,-1.1499449743213437
2024-05-24,setup_or_fib_XAUUSD_20240524_BUY,LONG,2340.74,2335.94,4.799999999999727,2.9553470931541157,2024-05-24 14:05:00+00:00,2347.37,2024-05-24 14:56:00+00:00,2337.7736,2336.8712,2347.37,2024-05-24 14:59:00+00:00,2336.8712,SL,3,-1.0,-1.1811835106383093
2024-05-27,setup_or_fib_XAUUSD_20240527_SELL,SHORT,2349.67,2347.68,1.9900000000002365,2.26230888935618,2024-05-27 13:47:00+00:00,2344.67,2024-05-27 14:18:00+00:00,2348.90982,2349.2839400000003,2344.67,2024-05-27 14:18:00+00:00,2349.2839400000003,SL,0,-1.0,-1.4370255532979364
2024-05-28,setup_or_fib_XAUUSD_20240528_SELL,SHORT,2357.22,2353.36,3.8599999999996726,2.574760485735175,2024-05-28 13:58:00+00:00,2352.32,2024-05-28 14:11:00+00:00,2355.74548,2356.47116,2352.32,2024-05-28 14:12:00+00:00,2356.47116,SL,1,-1.0,-1.2253059199647192
2024-05-29,setup_or_fib_XAUUSD_20240529_SELL,SHORT,2343.81,2341.58,2.230000000000018,2.9066656998245044,2024-05-29 13:50:00+00:00,2334.61,2024-05-29 14:07:00+00:00,2342.9581399999997,2343.37738,2334.61,2024-05-29 14:08:00+00:00,2343.37738,SL,1,-1.0,-1.389991413032947
2024-05-31,setup_or_fib_XAUUSD_20240531_BUY,LONG,2352.46,2342.34,10.11999999999989,2.0091255933112833,2024-05-31 13:48:00+00:00,2359.8,2024-05-31 14:54:00+00:00,2346.20584,2344.30328,2359.8,2024-05-31 14:55:00+00:00,2344.30328,SL,1,-1.0,-1.0859368429904972
2024-06-03,setup_or_fib_XAUUSD_20240603_BUY,LONG,2333.98,2331.53,2.449999999999818,3.0854425274141013,2024-06-03 13:51:00+00:00,2335.29,2024-06-03 14:07:00+00:00,2332.4659,2332.0053000000003,2335.29,2024-06-03 14:07:00+00:00,2332.0053000000003,SL,0,-1.0,-1.3549717759445083
2024-06-04,setup_or_fib_XAUUSD_20240604_BUY,LONG,2334.4,2331.68,2.7200000000002547,3.019585854169289,2024-06-04 13:55:00+00:00,2336.8,2024-06-04 14:08:00+00:00,2332.71904,2332.20768,2336.8,2024-06-04 14:08:00+00:00,2332.20768,SL,0,-1.0,-1.3197356070087811
2024-06-05,setup_or_fib_XAUUSD_20240605_BUY,LONG,2338.61,2334.16,4.450000000000273,2.6592593843179047,2024-06-05 13:45:00+00:00,2345.93,2024-06-05 15:10:00+00:00,2335.8599,2335.0233,2345.93,2024-06-05 15:15:00+00:00,2335.0233,SL,5,-1.0,-1.1954338991154465
2024-06-06,setup_or_fib_XAUUSD_20240606_SELL,SHORT,2365.06,2357.29,7.769999999999982,2.413258704857129,2024-06-06 13:51:00+00:00,2353.44,2024-06-06 14:30:00+00:00,2362.09186,2363.55262,2353.44,2024-06-06 14:32:00+00:00,2363.55262,SL,2,-1.0,-1.1119280374599572
2024-06-07,setup_or_fib_XAUUSD_20240607_BUY,LONG,2326.04,2313.31,12.730000000000018,4.813355661952523,2024-06-07 14:18:00+00:00,2328.08,2024-06-07 14:43:00+00:00,2318.17286,2315.77962,2328.08,2024-06-07 14:45:00+00:00,2315.77962,SL,2,-1.0,-1.0683174274205585
2024-06-10,setup_or_fib_XAUUSD_20240610_BUY,LONG,2307.41,2304.84,2.569999999999709,3.007343507104685,2024-06-10 14:17:00+00:00,2307.77,2024-06-10 14:20:00+00:00,2305.82174,2305.33858,2307.77,2024-06-10 14:22:00+00:00,2307.77,TP,2,4.032328835170634,3.6939316168576988
2024-06-11,setup_or_fib_XAUUSD_20240611_BUY,LONG,2319.75,2314.41,5.3400000000001455,2.5976843905858167,2024-06-11 13:53:00+00:00,2319.94,2024-06-11 14:00:00+00:00,2316.44988,2315.44596,2319.94,2024-06-11 14:01:00+00:00,2315.44596,SL,1,-1.0,-1.1628615825962054
2024-06-12,setup_or_fib_XAUUSD_20240612_BUY,LONG,2330.57,2322.34,8.230000000000018,1.9763474584336245,2024-06-12 13:45:00+00:00,2341.66,2024-06-12 14:45:00+00:00,2325.4838600000003,2323.93662,2341.66,2024-06-12 15:05:00+00:00,2323.93662,SL,20,-1.0,-1.105672035366178
2024-06-14,setup_or_fib_XAUUSD_20240614_BUY,LONG,2332.83,2327.32,5.5099999999997635,3.7001273205964265,2024-06-14 13:50:00+00:00,2333.39,2024-06-14 14:00:00+00:00,2329.42482,2328.38894,2333.39,2024-06-14 14:12:00+00:00,2328.38894,SL,12,-1.0,-1.1578368150750502
2024-06-18,setup_or_fib_XAUUSD_20240618_BUY,LONG,2322.44,2311.81,10.63000000000011,2.4095990900420436,2024-06-18 13:46:00+00:00,2324.24,2024-06-18 13:54:00+00:00,2315.87066,2313.87222,2324.24,2024-06-18 13:56:00+00:00,2313.87222,SL,2,-1.0,-1.0818138147755312
2024-06-19,setup_or_fib_XAUUSD_20240619_BUY,LONG,2327.72,2325.29,2.4299999999998363,2.0739378279876592,2024-06-19 13:46:00+00:00,2331.47,2024-06-19 15:01:00+00:00,2326.21826,2325.76142,2331.47,2024-06-19 15:01:00+00:00,2325.76142,SL,0,-1.0,-1.3578933543470326
2024-06-21,setup_or_fib_XAUUSD_20240621_SELL,SHORT,2364.54,2361.94,2.599999999999909,2.377376491146976,2024-06-21 13:54:00+00:00,2359.31,2024-06-21 14:14:00+00:00,2363.5468,2364.0356,2359.31,2024-06-21 14:21:00+00:00,2359.31,TP,7,8.667757774139549,8.333265139115056
2024-06-25,setup_or_fib_XAUUSD_20240625_SELL,SHORT,2329.68,2325.28,4.399999999999636,2.460810226384609,2024-06-25 13:48:00+00:00,2319.59,2024-06-25 15:23:00+00:00,2327.9992,2328.8264,2319.59,2024-06-25 16:00:00+00:00,2327.25,TIME,37,0.9057059961320767,0.7080512572538669
2024-07-01,setup_or_fib_XAUUSD_20240701_SELL,SHORT,2335.17,2329.91,5.260000000000218,2.4754836260323754,2024-07-01 13:45:00+00:00,2325.51,2024-07-01 14:43:00+00:00,2333.16068,2334.14956,2325.51,2024-07-01 15:06:00+00:00,2334.14956,SL,23,-1.0,-1.1653385648410521
2024-07-03,setup_or_fib_XAUUSD_20240703_SELL,SHORT,2356.12,2348.12,8.0,2.681932417978002,2024-07-03 14:03:00+00:00,2347.65,2024-07-03 14:12:00+00:00,2353.064,2354.5679999999998,2347.65,2024-07-03 14:40:00+00:00,2354.5679999999998,SL,28,-1.0,-1.1087101063829856
2024-07-08,setup_or_fib_XAUUSD_20240708_BUY,LONG,2374.94,2370.35,4.5900000000001455,2.3393509542872426,2024-07-08 14:10:00+00:00,2377.14,2024-07-08 14:48:00+00:00,2372.10338,2371.24046,2377.14,2024-07-08 14:49:00+00:00,2371.24046,SL,1,-1.0,-1.189472952301481
2024-07-09,setup_or_fib_XAUUSD_20240709_BUY,LONG,2359.16,2356.14,3.019999999999982,2.3529547967824387,2024-07-09 13:56:00+00:00,2371.33,2024-07-09 15:05:00+00:00,2357.29364,2356.72588,2371.33,2024-07-09 15:57:00+00:00,2356.72588,SL,52,-1.0,-1.287973791743037
2024-07-10,setup_or_fib_XAUUSD_20240710_SELL,SHORT,2381.82,2379.25,2.5700000000001637,1.9483683173849125,2024-07-10 13:55:00+00:00,2376.39,2024-07-10 14:30:00+00:00,2380.83826,2381.3214199999998,2376.39,2024-07-10 14:42:00+00:00,2381.3214199999998,SL,12,-1.0,-1.338397218312935
2024-07-11,setup_or_fib_XAUUSD_20240711_BUY,LONG,2408.44,2389.56,18.88000000000011,2.098282608292168,2024-07-11 13:57:00+00:00,2412.98,2024-07-11 14:42:00+00:00,2396.77216,2393.22272,2412.98,2024-07-11 15:50:00+00:00,2412.98,TP,68,4.566309051568995,4.520245447169424
2024-07-15,setup_or_fib_XAUUSD_20240715_SELL,SHORT,2417.87,2413.74,4.130000000000109,2.698771474658917,2024-07-15 14:07:00+00:00,2411.53,2024-07-15 14:30:00+00:00,2416.29234,2417.06878,2411.53,2024-07-15 14:32:00+00:00,2417.06878,SL,2,-1.0,-1.2105764772551393
2024-07-16,setup_or_fib_XAUUSD_20240716_SELL,SHORT,2441.96,2431.93,10.0300000000002,2.7275763331998446,2024-07-16 13:50:00+00:00,2429.41,2024-07-16 14:28:00+00:00,2438.12854,2440.01418,2429.41,2024-07-16 14:37:00+00:00,2440.01418,SL,9,-1.0,-1.0867079612227164
2024-07-17,setup_or_fib_XAUUSD_20240717_BUY,LONG,2474.95,2471.53,3.419999999999618,3.605146105413542,2024-07-17 14:03:00+00:00,2479.27,2024-07-17 14:31:00+00:00,2472.83644,2472.19348,2479.27,2024-07-17 14:31:00+00:00,2472.19348,SL,0,-1.0,-1.2542926465098403
2024-07-18,setup_or_fib_XAUUSD_20240718_SELL,SHORT,2468.73,2463.5,5.230000000000018,2.486620347728701,2024-07-18 13:50:00+00:00,2457.49,2024-07-18 15:44:00+00:00,2466.73214,2467.71538,2457.49,2024-07-18 15:46:00+00:00,2467.71538,SL,2,-1.0,-1.166286969610671
2024-07-19,setup_or_fib_XAUUSD_20240719_SELL,SHORT,2407.87,2402.98,4.889999999999873,3.501882031859581,2024-07-19 13:47:00+00:00,2393.71,2024-07-19 14:43:00+00:00,2406.00202,2406.92134,2393.71,2024-07-19 16:00:00+00:00,2397.93,TIME,77,8.780424661706832,8.602575816908496
2024-07-22,setup_or_fib_XAUUSD_20240722_BUY,LONG,2397.19,2388.7,8.490000000000236,3.1726059134476823,2024-07-22 14:02:00+00:00,2400.03,2024-07-22 14:46:00+00:00,2391.9431799999998,2390.3470599999996,2400.03,2024-07-22 15:22:00+00:00,2390.3470599999996,SL,36,-1.0,-1.1024359070746461
2024-07-23,setup_or_fib_XAUUSD_20240723_SELL,SHORT,2408.81,2403.56,5.25,3.0532328012701617,2024-07-23 14:24:00+00:00,2399.45,2024-07-23 15:33:00+00:00,2406.8044999999997,2407.7915,2399.45,2024-07-23 16:00:00+00:00,2402.88,TIME,27,3.976190476189774,3.810536980749058
2024-07-24,setup_or_fib_XAUUSD_20240724_BUY,LONG,2420.36,2416.32,4.039999999999964,2.650147744443639,2024-07-24 13:54:00+00:00,2422.95,2024-07-24 14:14:00+00:00,2417.86328,2417.10376,2422.95,2024-07-24 14:15:00+00:00,2417.10376,SL,1,-1.0,-1.2152675373920183
2024-07-26,setup_or_fib_XAUUSD_20240726_BUY,LONG,2378.71,2371.27,7.440000000000055,2.769554092645853,2024-07-26 14:01:00+00:00,2379.49,2024-07-26 14:11:00+00:00,2374.11208,2372.71336,2379.49,2024-07-26 14:24:00+00:00,2379.49,TP,13,3.8448867536040923,3.7279941660954865
2024-07-29,setup_or_fib_XAUUSD_20240729_BUY,LONG,2393.43,2389.82,3.6099999999996726,3.047116702437779,2024-07-29 13:57:00+00:00,2396.62,2024-07-29 14:45:00+00:00,2391.19902,2390.52034,2396.62,2024-07-29 14:48:00+00:00,2390.52034,SL,3,-1.0,-1.2409088230093763
2024-07-31,setup_or_fib_XAUUSD_20240731_SELL,SHORT,2422.69,2418.6,4.0900000000001455,2.8350718115990197,2024-07-31 14:16:00+00:00,2417.76,2024-07-31 14:31:00+00:00,2421.12762,2421.8965399999997,2417.76,2024-07-31 14:33:00+00:00,2421.8965399999997,SL,2,-1.0,-1.2126359049057132
2024-08-01,setup_or_fib_XAUUSD_20240801_BUY,LONG,2454.72,2443.7,11.019999999999982,3.031416015292413,2024-08-01 14:33:00+00:00,2462.17,2024-08-01 15:11:00+00:00,2447.90964,2445.8378799999996,2462.17,2024-08-01 15:23:00+00:00,2445.8378799999996,SL,12,-1.0,-1.0789184075375424
2024-08-06,setup_or_fib_XAUUSD_20240806_SELL,SHORT,2403.15,2392.57,10.579999999999927,4.038729411229057,2024-08-06 13:50:00+00:00,2391.7,2024-08-06 14:02:00+00:00,2399.10844,2401.0974800000004,2391.7,2024-08-06 14:05:00+00:00,2391.7,TP,3,3.7246309777574687,3.642430519244835
2024-08-07,setup_or_fib_XAUUSD_20240807_BUY,LONG,2403.11,2398.89,4.220000000000255,3.409113902355743,2024-08-07 13:45:00+00:00,2406.9,2024-08-07 14:29:00+00:00,2400.50204,2399.7086799999997,2406.9,2024-08-07 14:41:00+00:00,2399.7086799999997,SL,12,-1.0,-1.206085509730734
2024-08-08,setup_or_fib_XAUUSD_20240808_SELL,SHORT,2413.33,2407.14,6.190000000000055,3.515020997401521,2024-08-08 14:00:00+00:00,2402.24,2024-08-08 14:28:00+00:00,2410.96542,2412.1291399999996,2402.24,2024-08-08 14:36:00+00:00,2412.1291399999996,SL,8,-1.0,-1.1404977142268433
2024-08-09,setup_or_fib_XAUUSD_20240809_BUY,LONG,2429.31,2425.55,3.7599999999997635,2.7900468729089805,2024-08-09 13:57:00+00:00,2433.03,2024-08-09 14:38:00+00:00,2426.98632,2426.2794400000002,2433.03,2024-08-09 14:39:00+00:00,2426.2794400000002,SL,1,-1.0,-1.2312980986872777
2024-08-12,setup_or_fib_XAUUSD_20240812_SELL,SHORT,2445.3,2443.13,2.1700000000000728,2.288718321648375,2024-08-12 14:01:00+00:00,2442.02,2024-08-12 14:12:00+00:00,2444.4710600000003,2444.8790200000003,2442.02,2024-08-12 14:12:00+00:00,2444.8790200000003,SL,0,-1.0,-1.4007745857436977
2024-08-13,setup_or_fib_XAUUSD_20240813_SELL,SHORT,2472.42,2464.46,7.960000000000036,2.457713489376698,2024-08-13 14:21:00+00:00,2458.86,2024-08-13 14:34:00+00:00,2469.37928,2470.87576,2458.86,2024-08-13 14:39:00+00:00,2470.87576,SL,5,-1.0,-1.109256388324617
2024-08-16,setup_or_fib_XAUUSD_20240816_SELL,SHORT,2476.43,2473.29,3.1399999999998727,2.955501985861738,2024-08-16 13:45:00+00:00,2472.65,2024-08-16 13:47:00+00:00,2475.23052,2475.82084,2472.65,2024-08-16 13:47:00+00:00,2475.82084,SL,0,-1.0,-1.2769684239057757
2024-08-19,setup_or_fib_XAUUSD_20240819_SELL,SHORT,2493.27,2491.09,2.1799999999998363,3.342876793567382,2024-08-19 13:52:00+00:00,2487.41,2024-08-19 14:33:00+00:00,2492.43724,2492.84708,2487.41,2024-08-19 14:34:00+00:00,2492.84708,SL,1,-1.0,-1.398936170212957
2024-08-20,setup_or_fib_XAUUSD_20240820_BUY,LONG,2526.95,2521.55,5.399999999999636,3.2057655445028175,2024-08-20 13:48:00+00:00,2529.11,2024-08-20 14:07:00+00:00,2523.6128,2522.5976,2529.11,2024-08-20 14:09:00+00:00,2522.5976,SL,2,-1.0,-1.1610520094562928
2024-08-21,setup_or_fib_XAUUSD_20240821_SELL,SHORT,2510.91,2507.53,3.3799999999996544,2.8390466461541624,2024-08-21 13:49:00+00:00,2507.02,2024-08-21 13:53:00+00:00,2509.61884,2510.2542799999997,2507.02,2024-08-21 13:56:00+00:00,2510.2542799999997,SL,3,-1.0,-1.2573020269421389
2024-08-23,setup_or_fib_XAUUSD_20240823_BUY,LONG,2501.35,2498.74,2.6100000000001273,2.3619859874162303,2024-08-23 13:47:00+00:00,2501.9,2024-08-23 14:00:00+00:00,2499.73702,2499.2463399999997,2501.9,2024-08-23 14:03:00+00:00,2499.2463399999997,SL,3,-1.0,-1.3332110540472144
2024-08-26,setup_or_fib_XAUUSD_20240826_SELL,SHORT,2526.38,2522.41,3.9700000000002547,2.5480311294321,2024-08-26 14:01:00+00:00,2520.9,2024-08-26 14:10:00+00:00,2524.86346,2525.60982,2520.9,2024-08-26 14:10:00+00:00,2525.60982,SL,0,-1.0,-1.2190631866659243
2024-08-27,setup_or_fib_XAUUSD_20240827_BUY,LONG,2510.63,2507.66,2.9700000000002547,2.7553088816804863,2024-08-27 13:54:00+00:00,2511.89,2024-08-27 14:10:00+00:00,2508.79454,2508.23618,2511.89,2024-08-27 14:13:00+00:00,2508.23618,SL,3,-1.0,-1.2928218353750305
2024-08-29,setup_or_fib_XAUUSD_20240829_SELL,SHORT,2519.48,2504.56,14.920000000000073,2.71530529213014,2024-08-29 13:47:00+00:00,2503.55,2024-08-29 14:18:00+00:00,2513.78056,2516.58552,2503.55,2024-08-29 14:52:00+00:00,2516.58552,SL,34,-1.0,-1.0582896012777379
2024-09-02,setup_or_fib_XAUUSD_20240902_SELL,SHORT,2503.1,2501.02,2.0799999999999272,2.4811772026589884,2024-09-02 14:01:00+00:00,2497.64,2024-09-02 15:57:00+00:00,2502.30544,2502.69648,2497.64,2024-09-02 16:00:00+00:00,2501.91,TIME,3,1.011252045827179,0.5931362520464653
2024-09-04,setup_or_fib_XAUUSD_20240904_SELL,SHORT,2490.99,2485.77,5.2199999999998,3.328260639803681,2024-09-04 13:57:00+00:00,2485.07,2024-09-04 14:17:00+00:00,2488.9959599999997,2489.97732,2485.07,2024-09-04 14:47:00+00:00,2485.07,TP,30,4.000529876904181,3.8339243498804962
2024-09-09,setup_or_fib_XAUUSD_20240909_SELL,SHORT,2504.02,2501.57,2.449999999999818,2.6773910203671214,2024-09-09 13:55:00+00:00,2499.29,2024-09-09 14:11:00+00:00,2503.0841,2503.5447,2499.29,2024-09-09 14:13:00+00:00,2503.5447,SL,2,-1.0,-1.3549717759445083
2024-09-10,setup_or_fib_XAUUSD_20240910_BUY,LONG,2510.36,2506.53,3.8299999999999272,2.059851068103026,2024-09-10 13:45:00+00:00,2515.23,2024-09-10 14:50:00+00:00,2507.9930600000002,2507.27302,2515.23,2024-09-10 14:52:00+00:00,2507.27302,SL,2,-1.0,-1.2270707182933798
2024-09-12,setup_or_fib_XAUUSD_20240912_BUY,LONG,2530.29,2518.84,11.449999999999818,2.438779219737321,2024-09-12 13:45:00+00:00,2535.14,2024-09-12 14:00:00+00:00,2523.2139,2521.0613000000003,2535.14,2024-09-12 14:09:00+00:00,2535.14,TP,9,5.540323329926727,5.4643686704451655
2024-09-16,setup_or_fib_XAUUSD_20240916_BUY,LONG,2582.76,2578.39,4.370000000000346,2.6643284579962785,2024-09-16 13:57:00+00:00,2589.22,2024-09-16 15:17:00+00:00,2580.05934,2579.23778,2589.22,2024-09-16 15:20:00+00:00,2579.23778,SL,3,-1.0,-1.1990116363990788
2024-09-17,setup_or_fib_XAUUSD_20240917_BUY,LONG,2578.91,2568.29,10.61999999999989,3.1204603457977313,2024-09-17 14:52:00+00:00,2582.11,2024-09-17 15:42:00+00:00,2572.3468399999997,2570.35028,2582.11,2024-09-17 16:00:00+00:00,2576.36,TIME,18,2.010037264094868,1.9281464118289537
2024-09-18,setup_or_fib_XAUUSD_20240918_BUY,LONG,2576.12,2573.44,2.6799999999998363,2.4398899597454977,2024-09-18 13:48:00+00:00,2576.77,2024-09-18 13:53:00+00:00,2574.46376,2573.95992,2576.77,2024-09-18 14:00:00+00:00,2576.77,TP,7,4.57732613527801,4.252818355030512
2024-09-20,setup_or_fib_XAUUSD_20240920_SELL,SHORT,2618.33,2614.37,3.9600000000000364,3.0174333376918177,2024-09-20 14:01:00+00:00,2602.54,2024-09-20 15:46:00+00:00,2616.8172799999998,2617.56176,2602.54,2024-09-20 16:00:00+00:00,2613.97,TIME,14,3.8245218138819443,3.604905437350761
2024-09-24,setup_or_fib_XAUUSD_20240924_SELL,SHORT,2629.89,2626.9,2.9899999999997817,3.387948948275435,2024-09-24 13:47:00+00:00,2626.18,2024-09-24 13:50:00+00:00,2628.74782,2629.30994,2626.18,2024-09-24 13:51:00+00:00,2629.30994,SL,1,-1.0,-1.2908631608908872
2024-09-25,setup_or_fib_XAUUSD_20240925_BUY,LONG,2660.72,2657.64,3.0799999999999272,2.8466101946011944,2024-09-25 14:03:00+00:00,2667.38,2024-09-25 15:47:00+00:00,2658.8165599999998,2658.2375199999997,2667.38,2024-09-25 15:51:00+00:00,2658.2375199999997,SL,4,-1.0,-1.282363912683024
2024-09-27,setup_or_fib_XAUUSD_20240927_BUY,LONG,2672.31,2663.55,8.759999999999764,2.7998177913589495,2024-09-27 13:46:00+00:00,2674.2,2024-09-27 14:06:00+00:00,2666.8963200000003,2665.24944,2674.2,2024-09-27 14:28:00+00:00,2665.24944,SL,22,-1.0,-1.0992786359661764
2024-09-30,setup_or_fib_XAUUSD_20240930_BUY,LONG,2639.19,2634.94,4.25,3.655236060707005,2024-09-30 14:01:00+00:00,2642.02,2024-09-30 14:41:00+00:00,2636.5635,2635.7645,2642.02,2024-09-30 14:42:00+00:00,2635.7645,SL,1,-1.0,-1.2046307884856127
2024-10-01,setup_or_fib_XAUUSD_20241001_SELL,SHORT,2655.79,2653.05,2.7399999999997817,2.561697786280515,2024-10-01 13:48:00+00:00,2652.92,2024-10-01 13:50:00+00:00,2654.74332,2655.25844,2652.92,2024-10-01 13:53:00+00:00,2652.92,TP,3,3.5396024227362175,3.2222006522749806
2024-10-02,setup_or_fib_XAUUSD_20241002_BUY,LONG,2652.88,2644.94,7.940000000000055,3.0396560073578325,2024-10-02 14:05:00+00:00,2663.26,2024-10-02 15:59:00+00:00,2647.97308,2646.48036,2663.26,2024-10-02 16:00:00+00:00,2647.98,TIME,1,0.004635832573964439,-0.10489576075899765
2024-10-03,setup_or_fib_XAUUSD_20241003_SELL,SHORT,2653.93,2644.35,9.579999999999927,2.8966876244647928,2024-10-03 13:51:00+00:00,2641.52,2024-10-03 14:33:00+00:00,2650.27044,2652.07148,2641.52,2024-10-03 15:00:00+00:00,2641.52,TP,27,4.858548394260214,4.767767512103252
2024-10-04,setup_or_fib_XAUUSD_20241004_SELL,SHORT,2656.82,2637.8,19.019999999999982,2.2100989344749085,2024-10-04 13:53:00+00:00,2631.91,2024-10-04 14:15:00+00:00,2649.55436,2653.1301200000003,2631.91,2024-10-04 14:27:00+00:00,2653.1301200000003,SL,12,-1.0,-1.0457245452714925
2024-10-07,setup_or_fib_XAUUSD_20241007_SELL,SHORT,2649.53,2641.39,8.140000000000327,3.018920547965061,2024-10-07 13:48:00+00:00,2637.74,2024-10-07 14:07:00+00:00,2646.42052,2647.95084,2637.74,2024-10-07 14:11:00+00:00,2647.95084,SL,4,-1.0,-1.1068403993936016
2024-10-09,setup_or_fib_XAUUSD_20241009_BUY,LONG,2619.13,2615.51,3.619999999999891,2.973864134007975,2024-10-09 14:00:00+00:00,2620.72,2024-10-09 14:06:00+00:00,2616.89284,2616.21228,2620.72,2024-10-09 14:09:00+00:00,2616.21228,SL,3,-1.0,-1.2402433290232326
2024-10-10,setup_or_fib_XAUUSD_20241010_BUY,LONG,2624.43,2611.74,12.690000000000055,2.3210599803731204,2024-10-10 13:47:00+00:00,2627.68,2024-10-10 14:31:00+00:00,2616.58758,2614.2018599999997,2627.68,2024-10-10 14:54:00+00:00,2627.68,TP,23,4.649506228727146,4.580973458745763
2024-10-11,setup_or_fib_XAUUSD_20241011_SELL,SHORT,2650.07,2641.79,8.2800000000002,2.5144184832749175,2024-10-11 13:47:00+00:00,2639.91,2024-10-11 14:13:00+00:00,2646.90704,2648.46368,2639.91,2024-10-11 14:17:00+00:00,2648.46368,SL,4,-1.0,-1.1050339192106218
2024-10-14,setup_or_fib_XAUUSD_20241014_SELL,SHORT,2654.51,2649.19,5.320000000000164,2.863283639952247,2024-10-14 14:12:00+00:00,2647.69,2024-10-14 14:25:00+00:00,2652.47776,2653.4779200000003,2647.69,2024-10-14 14:29:00+00:00,2653.4779200000003,SL,4,-1.0,-1.1634738441849222
2024-10-15,setup_or_fib_XAUUSD_20241015_SELL,SHORT,2657.34,2653.68,3.6600000000003092,3.1048352614788906,2024-10-15 13:47:00+00:00,2646.09,2024-10-15 15:16:00+00:00,2655.94188,2656.6299599999998,2646.09,2024-10-15 15:19:00+00:00,2656.6299599999998,SL,3,-1.0,-1.2376177188699335
2024-10-16,setup_or_fib_XAUUSD_20241016_BUY,LONG,2681.36,2677.14,4.220000000000255,2.791578687829052,2024-10-16 13:55:00+00:00,2685.24,2024-10-16 14:50:00+00:00,2678.75204,2677.9586799999997,2685.24,2024-10-16 14:50:00+00:00,2677.9586799999997,SL,0,-1.0,-1.206085509730734
2024-10-18,setup_or_fib_XAUUSD_20241018_SELL,SHORT,2716.97,2713.63,3.3399999999996908,2.9391297688841416,2024-10-18 13:46:00+00:00,2704.99,2024-10-18 14:57:00+00:00,2715.69412,2716.32204,2704.99,2024-10-18 15:15:00+00:00,2716.32204,SL,18,-1.0,-1.260383488342504
2024-10-21,setup_or_fib_XAUUSD_20241021_SELL,SHORT,2739.48,2736.81,2.6700000000000728,2.9658816183967938,2024-10-21 13:55:00+00:00,2736.53,2024-10-21 13:58:00+00:00,2738.46006,2738.96202,2736.53,2024-10-21 13:59:00+00:00,2738.96202,SL,1,-1.0,-1.3257231651924108
2024-10-22,setup_or_fib_XAUUSD_20241022_BUY,LONG,2737.83,2732.95,4.880000000000109,2.9084942658646655,2024-10-22 14:05:00+00:00,2742.02,2024-10-22 15:02:00+00:00,2734.81416,2733.8967199999997,2742.02,2024-10-22 15:02:00+00:00,2733.8967199999997,SL,0,-1.0,-1.178213289152391
2024-10-24,setup_or_fib_XAUUSD_20241024_BUY,LONG,2741.59,2734.39,7.200000000000273,2.3578018355539694,2024-10-24 14:20:00+00:00,2743.19,2024-10-24 14:45:00+00:00,2736.56,2735.7868,2743.19,2024-10-24 14:45:00+00:00,2735.7868,SL,0,-1.0,-1.211458872219324
2024-10-25,setup_or_fib_XAUUSD_20241025_BUY,LONG,2729.02,2725.02,4.0,3.0515440885278786,2024-10-25 13:47:00+00:00,2732.52,2024-10-25 14:14:00+00:00,2726.548,2725.7960000000003,2732.52,2024-10-25 14:16:00+00:00,2725.7960000000003,SL,2,-1.0,-1.2174202127661027
2024-10-29,setup_or_fib_XAUUSD_20241029_BUY,LONG,2752.74,2749.57,3.169999999999618,3.002925868342135,2024-10-29 13:45:00+00:00,2753.31,2024-10-29 13:57:00+00:00,2750.78094,2750.18498,2753.31,2024-10-29 13:58:00+00:00,2750.18498,SL,1,-1.0,-1.2743472716289204
2024-10-30,setup_or_fib_XAUUSD_20241030_BUY,LONG,2782.39,2776.29,6.099999999999909,2.8173648142585903,2024-10-30 13:50:00+00:00,2787.54,2024-10-30 14:30:00+00:00,2778.6202,2777.4734000000003,2787.54,2024-10-30 14:30:00+00:00,2777.4734000000003,SL,0,-1.0,-1.1425706313219977
2024-11-01,setup_or_fib_XAUUSD_20241101_BUY,LONG,2759.87,2748.88,10.989999999999782,2.8602318711920702,2024-11-01 14:04:00+00:00,2762.26,2024-11-01 14:31:00+00:00,2753.07818,2751.01206,2762.26,2024-11-01 15:24:00+00:00,2751.01206,SL,53,-1.0,-1.079133835401624
2024-11-04,setup_or_fib_XAUUSD_20241104_BUY,LONG,2744.93,2738.77,6.1599999999998545,3.0838344843799637,2024-11-04 14:47:00+00:00,2748.16,2024-11-04 15:36:00+00:00,2741.1231199999997,2739.96504,2748.16,2024-11-04 15:36:00+00:00,2739.96504,SL,0,-1.0,-1.1411819563415675
2024-11-05,setup_or_fib_XAUUSD_20241105_BUY,LONG,2744.53,2741.32,3.2100000000000364,2.8472600405528863,2024-11-05 14:48:00+00:00,2749.88,2024-11-05 15:48:00+00:00,2742.54622,2741.9427400000004,2749.88,2024-11-05 15:48:00+00:00,2741.9427400000004,SL,0,-1.0,-1.2709286140386826
2024-11-06,setup_or_fib_XAUUSD_20241106_SELL,SHORT,2676.51,2659.14,17.370000000000346,8.00643178793393,2024-11-06 15:04:00+00:00,2657.05,2024-11-06 15:14:00+00:00,2669.87466,2673.14022,2657.05,2024-11-06 15:30:00+00:00,2657.05,TP,16,3.927246781562328,3.8771787993479494
2024-11-08,setup_or_fib_XAUUSD_20241108_BUY,LONG,2696.5,2690.58,5.920000000000073,3.6454849883740397,2024-11-08 14:47:00+00:00,2704.1,2024-11-08 15:43:00+00:00,2692.84144,2691.72848,2704.1,2024-11-08 15:44:00+00:00,2691.72848,SL,1,-1.0,-1.1469055491661968
2024-11-12,setup_or_fib_XAUUSD_20241112_BUY,LONG,2614.73,2605.9,8.829999999999927,5.3651171814021925,2024-11-12 15:19:00+00:00,2616.96,2024-11-12 16:00:00+00:00,2609.27306,2607.6130200000002,2616.96,2024-11-12 16:02:00+00:00,2607.6130200000002,SL,2,-1.0,-1.098491602612
2024-11-13,setup_or_fib_XAUUSD_20241113_SELL,SHORT,2618.81,2609.26,9.549999999999727,2.8344490646345326,2024-11-13 14:46:00+00:00,2608.1,2024-11-13 15:11:00+00:00,2615.1619,2616.9573,2608.1,2024-11-13 15:37:00+00:00,2608.1,TP,26,3.933329620140503,3.842263562437483
2024-11-15,setup_or_fib_XAUUSD_20241115_BUY,LONG,2571.84,2561.31,10.5300000000002,3.6848825827044873,2024-11-15 15:12:00+00:00,2576.05,2024-11-15 16:44:00+00:00,2565.33246,2563.35282,2576.05,2024-11-15 17:00:00+00:00,2570.76,TIME,16,2.741680305510137,2.6590895314300016
2024-11-19,setup_or_fib_XAUUSD_20241119_BUY,LONG,2636.25,2629.27,6.980000000000018,3.795899492019037,2024-11-19 14:55:00+00:00,2636.92,2024-11-19 15:06:00+00:00,2631.93636,2630.62412,2636.92,2024-11-19 15:07:00+00:00,2630.62412,SL,1,-1.0,-1.1245961104675783
2024-11-20,setup_or_fib_XAUUSD_20241120_SELL,SHORT,2639.45,2634.94,4.5099999999997635,3.328293193941462,2024-11-20 14:46:00+00:00,2633.39,2024-11-20 15:10:00+00:00,2637.72718,2638.57506,2633.39,2024-11-20 15:12:00+00:00,2638.57506,SL,2,-1.0,-1.1928338915883734
2024-11-21,setup_or_fib_XAUUSD_20241121_BUY,LONG,2667.26,2662.04,5.220000000000255,3.5977834401522073,2024-11-21 15:01:00+00:00,2671.56,2024-11-21 15:50:00+00:00,2664.03404,2663.05268,2671.56,2024-11-21 15:52:00+00:00,2663.05268,SL,2,-1.0,-1.1666055270236844
2024-11-22,setup_or_fib_XAUUSD_20241122_SELL,SHORT,2695.66,2690.32,5.339999999999691,4.79243040882687,2024-11-22 14:46:00+00:00,2689.4,2024-11-22 14:51:00+00:00,2693.62012,2694.62404,2689.4,2024-11-22 14:52:00+00:00,2694.62404,SL,1,-1.0,-1.1628615825962054
2024-11-26,setup_or_fib_XAUUSD_20241126_SELL,SHORT,2634.21,2629.8,4.4099999999998545,4.602565160957511,2024-11-26 14:47:00+00:00,2624.03,2024-11-26 15:13:00+00:00,2632.52538,2633.35446,2624.03,2024-11-26 15:21:00+00:00,2633.35446,SL,8,-1.0,-1.1972065421913503
2024-11-27,setup_or_fib_XAUUSD_20241127_BUY,LONG,2652.98,2648.16,4.820000000000164,3.4577237452249903,2024-11-27 14:46:00+00:00,2658.2,2024-11-27 15:09:00+00:00,2650.00124,2649.09508,2658.2,2024-11-27 16:00:00+00:00,2649.09508,SL,51,-1.0,-1.180431711838969
2024-11-28,setup_or_fib_XAUUSD_20241128_BUY,LONG,2647.06,2642.79,4.269999999999982,2.583324188341547,2024-11-28 14:47:00+00:00,2647.95,2024-11-28 15:36:00+00:00,2644.42114,2643.61838,2647.95,2024-11-28 15:43:00+00:00,2643.61838,SL,7,-1.0,-1.2036723304599044
2024-11-29,setup_or_fib_XAUUSD_20241129_SELL,SHORT,2662.84,2657.59,5.25,3.589248715551532,2024-11-29 14:45:00+00:00,2656.22,2024-11-29 15:01:00+00:00,2660.8345,2661.8215,2656.22,2024-11-29 15:09:00+00:00,2661.8215,SL,8,-1.0,-1.165653495440716
2024-12-02,setup_or_fib_XAUUSD_20241202_BUY,LONG,2648.81,2643.05,5.7599999999997635,4.218563578569646,2024-12-02 15:13:00+00:00,2651.5,2024-12-02 15:40:00+00:00,2645.25032,2644.16744,2651.5,2024-12-02 15:45:00+00:00,2644.16744,SL,5,-1.0,-1.1509862588652577
2024-12-03,setup_or_fib_XAUUSD_20241203_BUY,LONG,2647.79,2643.93,3.8600000000001273,2.989670923480524,2024-12-03 14:46:00+00:00,2655.56,2024-12-03 16:00:00+00:00,2645.40452,2644.6788399999996,2655.56,2024-12-03 16:00:00+00:00,2644.6788399999996,SL,0,-1.0,-1.2253059199645782
2024-12-06,setup_or_fib_XAUUSD_20241206_SELL,SHORT,2643.34,2631.01,12.329999999999927,3.232193644821594,2024-12-06 15:07:00+00:00,2624.03,2024-12-06 16:04:00+00:00,2638.6299400000003,2640.94798,2624.03,2024-12-06 17:00:00+00:00,2637.59,TIME,56,0.4486290141672576,0.37809528739808007
2024-12-11,setup_or_fib_XAUUSD_20241211_BUY,LONG,2701.96,2693.4,8.559999999999945,3.9539383540548902,2024-12-11 15:01:00+00:00,2703.99,2024-12-11 15:32:00+00:00,2696.6699200000003,2695.0606399999997,2703.99,2024-12-11 15:51:00+00:00,2703.99,TP,19,4.548667727180394,4.447069496915964
2024-12-16,setup_or_fib_XAUUSD_20241216_SELL,SHORT,2662.96,2659.29,3.6700000000000728,2.919174735522688,2024-12-16 14:47:00+00:00,2658.94,2024-12-16 14:52:00+00:00,2661.55806,2662.2480200000005,2658.94,2024-12-16 14:52:00+00:00,2662.2480200000005,SL,0,-1.0,-1.236970259145248
2024-12-17,setup_or_fib_XAUUSD_20241217_SELL,SHORT,2644.64,2638.72,5.920000000000073,3.081122682342201,2024-12-17 14:50:00+00:00,2633.03,2024-12-17 16:17:00+00:00,2642.3785599999997,2643.4915199999996,2633.03,2024-12-17 17:00:00+00:00,2640.17,TIME,43,1.9844019551463827,1.837496405980186
2024-12-18,setup_or_fib_XAUUSD_20241218_SELL,SHORT,2646.13,2642.71,3.4200000000000728,2.3224127331620297,2024-12-18 14:45:00+00:00,2641.8,2024-12-18 14:53:00+00:00,2644.8235600000003,2645.4665200000004,2641.8,2024-12-18 14:54:00+00:00,2645.4665200000004,SL,1,-1.0,-1.2542926465098403
2024-12-23,setup_or_fib_XAUUSD_20241223_BUY,LONG,2619.62,2614.49,5.130000000000109,2.822892642755028,2024-12-23 14:47:00+00:00,2619.82,2024-12-23 15:45:00+00:00,2616.4496599999998,2615.4852199999996,2619.82,2024-12-23 15:45:00+00:00,2615.4852199999996,SL,0,-1.0,-1.1695284310065601
2024-12-24,setup_or_fib_XAUUSD_20241224_BUY,LONG,2613.34,2611.29,2.050000000000182,2.107741854018616,2024-12-24 14:53:00+00:00,2617.25,2024-12-24 15:47:00+00:00,2612.0731,2611.6877,2617.25,2024-12-24 15:48:00+00:00,2611.6877,SL,1,-1.0,-1.4242345614944214
2024-12-26,setup_or_fib_XAUUSD_20241226_SELL,SHORT,2627.79,2623.75,4.039999999999964,2.1183014112259504,2024-12-26 14:46:00+00:00,2621.73,2024-12-26 15:20:00+00:00,2626.24672,2627.00624,2621.73,2024-12-26 15:23:00+00:00,2627.00624,SL,3,-1.0,-1.2152675373920183
2024-12-27,setup_or_fib_XAUUSD_20241227_BUY,LONG,2621.87,2618.05,3.819999999999709,2.869743412328331,2024-12-27 14:47:00+00:00,2622.69,2024-12-27 14:54:00+00:00,2619.50924,2618.7910800000004,2622.69,2024-12-27 14:59:00+00:00,2618.7910800000004,SL,5,-1.0,-1.2276651442577236
2024-12-31,setup_or_fib_XAUUSD_20241231_SELL,SHORT,2616.13,2612.21,3.9200000000000728,2.8895678256557265,2024-12-31 14:45:00+00:00,2611.29,2024-12-31 15:33:00+00:00,2614.63256,2615.36952,2611.29,2024-12-31 15:36:00+00:00,2615.36952,SL,3,-1.0,-1.2218573599652083
2025-01-03,setup_or_fib_XAUUSD_20250103_BUY,LONG,2651.2,2643.48,7.7199999999998,2.8777496571916172,2025-01-03 14:54:00+00:00,2651.42,2025-01-03 15:22:00+00:00,2646.42904,2644.97768,2651.42,2025-01-03 15:34:00+00:00,2651.42,TP,12,3.438816007055458,3.3261630470730985
2025-01-06,setup_or_fib_XAUUSD_20250106_SELL,SHORT,2642.52,2624.34,18.179999999999836,3.8991984909349946,2025-01-06 14:45:00+00:00,2614.45,2025-01-06 16:24:00+00:00,2635.57524,2638.99308,2614.45,2025-01-06 16:28:00+00:00,2638.99308,SL,4,-1.0,-1.0478372305315629
2025-01-07,setup_or_fib_XAUUSD_20250107_BUY,LONG,2662.0,2657.21,4.789999999999964,3.103174761363884,2025-01-07 14:46:00+00:00,2664.33,2025-01-07 15:09:00+00:00,2659.03978,2658.13926,2664.33,2025-01-07 15:15:00+00:00,2658.13926,SL,6,-1.0,-1.1815617643139233
2025-01-13,setup_or_fib_XAUUSD_20250113_BUY,LONG,2670.2,2663.87,6.329999999999927,3.9065503253226694,2025-01-13 15:11:00+00:00,2670.95,2025-01-13 15:39:00+00:00,2666.28806,2665.09802,2670.95,2025-01-13 15:40:00+00:00,2665.09802,SL,1,-1.0,-1.1373903398205156
2025-01-14,setup_or_fib_XAUUSD_20250114_SELL,SHORT,2674.35,2660.66,13.690000000000055,2.859375044831881,2025-01-14 15:11:00+00:00,2659.86,2025-01-14 16:05:00+00:00,2669.1204199999997,2671.69414,2659.86,2025-01-14 16:20:00+00:00,2671.69414,SL,15,-1.0,-1.063526723963749
2025-01-15,setup_or_fib_XAUUSD_20250115_BUY,LONG,2693.28,2684.47,8.8100000000004,2.5250149579001073,2025-01-15 14:58:00+00:00,2696.04,2025-01-15 15:13:00+00:00,2687.83542,2686.17914,2696.04,2025-01-15 15:21:00+00:00,2686.17914,SL,8,-1.0,-1.0987151930833132
2025-01-17,setup_or_fib_XAUUSD_20250117_SELL,SHORT,2709.02,2705.3,3.7199999999998,2.8343776535575773,2025-01-17 14:56:00+00:00,2703.68,2025-01-17 15:12:00+00:00,2707.5989600000003,2708.29832,2703.68,2025-01-17 15:32:00+00:00,2703.68,TP,20,5.603637611534235,5.369852436516948
2025-01-21,setup_or_fib_XAUUSD_20250121_SELL,SHORT,2729.47,2726.28,3.1899999999996,3.234840215066475,2025-01-21 14:58:00+00:00,2724.61,2025-01-21 15:11:00+00:00,2728.25142,2728.8511399999998,2724.61,2025-01-21 15:11:00+00:00,2728.8511399999998,SL,0,-1.0,-1.2726272260389515
2025-01-22,setup_or_fib_XAUUSD_20250122_BUY,LONG,2755.17,2750.89,4.2800000000002,3.3986198862799677,2025-01-22 14:51:00+00:00,2758.24,2025-01-22 15:21:00+00:00,2752.5249599999997,2751.72032,2758.24,2025-01-22 15:33:00+00:00,2751.72032,SL,12,-1.0,-1.2031964605289738
2025-01-24,setup_or_fib_XAUUSD_20250124_SELL,SHORT,2784.34,2780.4,3.9400000000000546,2.676947963620628,2025-01-24 15:12:00+00:00,2773.87,2025-01-24 16:14:00+00:00,2782.8349200000002,2783.57564,2773.87,2025-01-24 16:15:00+00:00,2783.57564,SL,1,-1.0,-1.220731180473118
2025-01-29,setup_or_fib_XAUUSD_20250129_BUY,LONG,2758.07,2754.14,3.930000000000291,2.286802573288225,2025-01-29 14:52:00+00:00,2761.07,2025-01-29 16:24:00+00:00,2755.6,2754.90242,2761.07,2025-01-29 16:24:00+00:00,2754.90242,SL,0,-1.0,-1.2343817196593885
2025-01-30,setup_or_fib_XAUUSD_20250130_BUY,LONG,2784.64,2778.25,6.389999999999873,2.2443206301582004,2025-01-30 14:52:00+00:00,2788.2,2025-01-30 15:36:00+00:00,2780.69098,2779.4896599999997,2788.2,2025-01-30 15:55:00+00:00,2788.2,TP,19,6.250640961608225,6.114540671926888
2025-01-31,setup_or_fib_XAUUSD_20250131_BUY,LONG,2808.65,2803.59,5.059999999999945,2.78639519807106,2025-01-31 15:34:00+00:00,2809.46,2025-01-31 15:47:00+00:00,2805.5229200000003,2804.57164,2809.46,2025-01-31 15:55:00+00:00,2809.46,TP,8,4.13871835842104,3.9668446724400868
2025-02-04,setup_or_fib_XAUUSD_20250204_SELL,SHORT,2837.13,2833.47,3.6600000000003092,3.828223498226852,2025-02-04 14:50:00+00:00,2829.07,2025-02-04 15:27:00+00:00,2835.73188,2836.4199599999997,2829.07,2025-02-04 15:29:00+00:00,2836.4199599999997,SL,2,-1.0,-1.2376177188699335
2025-02-05,setup_or_fib_XAUUSD_20250205_SELL,SHORT,2867.19,2860.08,7.110000000000127,3.3911307668777,2025-02-05 14:48:00+00:00,2858.73,2025-02-05 15:10:00+00:00,2864.47398,2865.81066,2858.73,2025-02-05 15:30:00+00:00,2865.81066,SL,20,-1.0,-1.1223179818655278
2025-02-10,setup_or_fib_XAUUSD_20250210_SELL,SHORT,2904.33,2899.79,4.539999999999964,3.850954568575933,2025-02-10 15:01:00+00:00,2896.36,2025-02-10 15:19:00+00:00,2902.59572,2903.44924,2896.36,2025-02-10 15:19:00+00:00,2903.44924,SL,0,-1.0,-1.1915596588246058
2025-02-11,setup_or_fib_XAUUSD_20250211_BUY,LONG,2896.5,2887.96,8.539999999999964,5.451239882171424,2025-02-11 14:45:00+00:00,2904.28,2025-02-11 16:03:00+00:00,2891.22228,2889.6167600000003,2904.28,2025-02-11 16:43:00+00:00,2904.28,TP,40,8.133016094476169,8.031179929246187
2025-02-13,setup_or_fib_XAUUSD_20250213_SELL,SHORT,2917.51,2908.03,9.480000000000018,3.526842683917528,2025-02-13 14:52:00+00:00,2905.89,2025-02-13 15:38:00+00:00,2913.88864,2915.6708800000006,2905.89,2025-02-13 15:41:00+00:00,2915.6708800000006,SL,3,-1.0,-1.0917384863991146
2025-02-14,setup_or_fib_XAUUSD_20250214_SELL,SHORT,2933.32,2917.85,15.470000000000255,3.2723823441776076,2025-02-14 15:01:00+00:00,2913.82,2025-02-14 15:25:00+00:00,2927.41046,2930.3188200000004,2913.82,2025-02-14 16:16:00+00:00,2913.82,TP,51,4.6728946897901995,4.6166774402062485
2025-02-17,setup_or_fib_XAUUSD_20250217_SELL,SHORT,2899.08,2896.15,2.9299999999998363,3.4715878460002854,2025-02-17 14:52:00+00:00,2895.51,2025-02-17 15:01:00+00:00,2897.96074,2898.51158,2895.51,2025-02-17 15:05:00+00:00,2898.51158,SL,4,-1.0,-1.2968194030935218
2025-02-18,setup_or_fib_XAUUSD_20250218_BUY,LONG,2920.47,2915.87,4.599999999999909,3.008482534163379,2025-02-18 14:45:00+00:00,2921.35,2025-02-18 14:48:00+00:00,2917.6272,2916.7623999999996,2921.35,2025-02-18 15:10:00+00:00,2921.35,TP,22,4.3048103607756385,4.115749306196608
2025-02-19,setup_or_fib_XAUUSD_20250219_SELL,SHORT,2941.44,2937.69,3.75,3.7176802462585052,2025-02-19 14:49:00+00:00,2930.28,2025-02-19 15:56:00+00:00,2940.0075,2940.7125,2930.28,2025-02-19 16:58:00+00:00,2930.28,TP,62,13.797872340426904,13.56595744680986
2025-02-21,setup_or_fib_XAUUSD_20250221_BUY,LONG,2932.91,2926.84,6.069999999999709,3.6375444245551196,2025-02-21 15:10:00+00:00,2935.61,2025-02-21 15:35:00+00:00,2929.15874,2928.01758,2935.61,2025-02-21 15:46:00+00:00,2935.61,TP,11,5.653247572647242,5.509972308880507
2025-02-24,setup_or_fib_XAUUSD_20250224_BUY,LONG,2952.41,2948.93,3.480000000000018,3.445061540626574,2025-02-24 14:51:00+00:00,2956.18,2025-02-24 15:14:00+00:00,2950.25936,2949.60512,2956.18,2025-02-24 15:15:00+00:00,2949.60512,SL,1,-1.0,-1.2499082905356425
2025-02-25,setup_or_fib_XAUUSD_20250225_BUY,LONG,2935.5,2927.71,7.789999999999964,4.056913907771231,2025-02-25 14:47:00+00:00,2944.84,2025-02-25 16:08:00+00:00,2930.68578,2929.22126,2944.84,2025-02-25 16:09:00+00:00,2929.22126,SL,1,-1.0,-1.111640674077514
2025-02-26,setup_or_fib_XAUUSD_20250226_SELL,SHORT,2913.48,2909.43,4.050000000000182,3.238781122144964,2025-02-26 14:50:00+00:00,2890.77,2025-02-26 16:27:00+00:00,2911.9329,2912.6943,2890.77,2025-02-26 16:53:00+00:00,2912.6943,SL,26,-1.0,-1.2147360126082623
2025-02-27,setup_or_fib_XAUUSD_20250227_BUY,LONG,2889.84,2881.13,8.710000000000036,4.670176362783148,2025-02-27 14:54:00+00:00,2892.31,2025-02-27 15:39:00+00:00,2884.4572200000002,2882.8197400000004,2892.31,2025-02-27 15:41:00+00:00,2882.8197400000004,SL,2,-1.0,-1.0998485477685305
2025-03-03,setup_or_fib_XAUUSD_20250303_BUY,LONG,2874.97,2870.29,4.679999999999836,3.5307117888852466,2025-03-03 15:07:00+00:00,2875.28,2025-03-03 15:13:00+00:00,2872.07776,2871.1979199999996,2875.28,2025-03-03 15:30:00+00:00,2875.28,TP,17,3.6395708310581547,3.4537415893779575
2025-03-05,setup_or_fib_XAUUSD_20250305_SELL,SHORT,2913.83,2898.21,15.61999999999989,3.933125031154163,2025-03-05 14:49:00+00:00,2894.3,2025-03-05 15:31:00+00:00,2907.86316,2910.7997199999995,2894.3,2025-03-05 15:36:00+00:00,2910.7997199999995,SL,5,-1.0,-1.0556773912332864
2025-03-07,setup_or_fib_XAUUSD_20250307_SELL,SHORT,2926.37,2911.85,14.519999999999982,3.3032687751144274,2025-03-07 15:01:00+00:00,2903.5,2025-03-07 15:37:00+00:00,2920.82336,2923.5531199999996,2903.5,2025-03-07 15:51:00+00:00,2923.5531199999996,SL,14,-1.0,-1.0598953754176255
2025-03-10,setup_or_fib_XAUUSD_20250310_SELL,SHORT,2907.56,2904.51,3.049999999999727,4.808715049856446,2025-03-10 13:47:00+00:00,2903.24,2025-03-10 13:57:00+00:00,2906.3949000000002,2906.9683,2903.24,2025-03-10 13:58:00+00:00,2906.9683,SL,1,-1.0,-1.2851412626439955
2025-03-11,setup_or_fib_XAUUSD_20250311_SELL,SHORT,2915.91,2912.25,3.6599999999998545,2.7301344212549923,2025-03-11 13:58:00+00:00,2906.95,2025-03-11 14:34:00+00:00,2914.51188,2915.19996,2906.95,2025-03-11 14:35:00+00:00,2915.19996,SL,1,-1.0,-1.2376177188699335
2025-03-12,setup_or_fib_XAUUSD_20250312_SELL,SHORT,2923.12,2916.28,6.839999999999691,2.9511539052155635,2025-03-12 14:10:00+00:00,2905.97,2025-03-12 15:54:00+00:00,2920.50712,2921.7930399999996,2905.97,2025-03-12 15:58:00+00:00,2921.7930399999996,SL,4,-1.0,-1.12714632325501
2025-03-13,setup_or_fib_XAUUSD_20250313_SELL,SHORT,2948.08,2941.54,6.539999999999964,3.12035316394077,2025-03-13 14:00:00+00:00,2939.27,2025-03-13 14:11:00+00:00,2945.58172,2946.81124,2939.27,2025-03-13 14:33:00+00:00,2946.81124,SL,22,-1.0,-1.1329787234042699
2025-03-17,setup_or_fib_XAUUSD_20250317_SELL,SHORT,2994.42,2989.68,4.7400000000002365,3.713471835810242,2025-03-17 13:48:00+00:00,2984.61,2025-03-17 15:06:00+00:00,2992.60932,2993.50044,2984.61,2025-03-17 15:13:00+00:00,2993.50044,SL,7,-1.0,-1.183476972798323
2025-03-18,setup_or_fib_XAUUSD_20250318_BUY,LONG,3034.69,3027.62,7.070000000000164,3.978913362000981,2025-03-18 13:50:00+00:00,3038.47,2025-03-18 14:39:00+00:00,3030.32074,3028.99158,3038.47,2025-03-18 14:39:00+00:00,3028.99158,SL,0,-1.0,-1.1230100213668572
2025-03-19,setup_or_fib_XAUUSD_20250319_BUY,LONG,3040.39,3036.19,4.199999999999818,3.5551122655483534,2025-03-19 13:45:00+00:00,3041.29,2025-03-19 13:54:00+00:00,3037.7943999999998,3037.0048,3041.29,2025-03-19 13:56:00+00:00,3037.0048,SL,2,-1.0,-1.2070668693010143
2025-03-20,setup_or_fib_XAUUSD_20250320_BUY,LONG,3042.01,3035.36,6.650000000000091,4.231522047142098,2025-03-20 13:53:00+00:00,3042.44,2025-03-20 14:02:00+00:00,3037.9003000000002,3036.6501000000003,3042.44,2025-03-20 14:04:00+00:00,3036.6501000000003,SL,2,-1.0,-1.1307790753479496
2025-03-21,setup_or_fib_XAUUSD_20250321_BUY,LONG,3036.2,3033.39,2.8099999999999454,3.493409522034858,2025-03-21 13:47:00+00:00,3038.33,2025-03-21 13:56:00+00:00,3034.46342,3033.93514,3038.33,2025-03-21 13:56:00+00:00,3033.93514,SL,0,-1.0,-1.3094949647914014
2025-03-24,setup_or_fib_XAUUSD_20250324_SELL,SHORT,3027.73,3024.93,2.800000000000182,3.231340655742653,2025-03-24 13:45:00+00:00,3022.33,2025-03-24 14:11:00+00:00,3026.6603999999998,3027.1868,3022.33,2025-03-24 14:11:00+00:00,3027.1868,SL,0,-1.0,-1.310600303951253
2025-03-26,setup_or_fib_XAUUSD_20250326_BUY,LONG,3029.0,3024.91,4.0900000000001455,3.1556899260217204,2025-03-26 13:45:00+00:00,3030.1,2025-03-26 13:57:00+00:00,3026.4723799999997,3025.70346,3030.1,2025-03-26 14:01:00+00:00,3025.70346,SL,4,-1.0,-1.2126359049057132
2025-03-27,setup_or_fib_XAUUSD_20250327_SELL,SHORT,3052.27,3047.04,5.230000000000018,4.316154466271677,2025-03-27 14:11:00+00:00,3033.37,2025-03-27 15:20:00+00:00,3050.27214,3051.25538,3033.37,2025-03-27 15:31:00+00:00,3051.25538,SL,11,-1.0,-1.166286969610671
2025-03-28,setup_or_fib_XAUUSD_20250328_SELL,SHORT,3081.27,3073.69,7.579999999999927,3.8815931936600827,2025-03-28 14:10:00+00:00,3070.71,2025-03-28 14:30:00+00:00,3078.37444,3079.79948,3070.71,2025-03-28 14:50:00+00:00,3079.79948,SL,20,-1.0,-1.114733621512372
2025-03-31,setup_or_fib_XAUUSD_20250331_SELL,SHORT,3119.51,3103.61,15.900000000000091,5.4941546530282706,2025-03-31 13:45:00+00:00,3099.79,2025-03-31 13:58:00+00:00,3113.4362,3116.4254000000005,3099.79,2025-03-31 14:10:00+00:00,3116.4254000000005,SL,12,-1.0,-1.054696908871931
2025-04-01,setup_or_fib_XAUUSD_20250401_SELL,SHORT,3135.18,3128.12,7.059999999999945,4.790050298864021,2025-04-01 14:13:00+00:00,3123.74,2025-04-01 15:06:00+00:00,3132.48308,3133.81036,3123.74,2025-04-01 15:41:00+00:00,3123.74,TP,35,6.5872159604607665,6.464031703936143
2025-04-02,setup_or_fib_XAUUSD_20250402_SELL,SHORT,3132.24,3124.72,7.519999999999982,5.232413117053596,2025-04-02 13:45:00+00:00,3116.64,2025-04-02 14:48:00+00:00,3129.3673599999997,3130.7811199999996,3116.64,2025-04-02 16:00:00+00:00,3125.69,TIME,72,2.6011204164779818,2.48547136713438
2025-04-07,setup_or_fib_XAUUSD_20250407_BUY,LONG,3026.75,3001.91,24.840000000000146,10.000809736347167,2025-04-07 14:12:00+00:00,3038.16,2025-04-07 14:27:00+00:00,3011.3988799999997,3006.72896,3038.16,2025-04-07 14:27:00+00:00,3006.72896,SL,0,-1.0,-1.0350113064035371
2025-04-08,setup_or_fib_XAUUSD_20250408_SELL,SHORT,3017.35,3006.18,11.170000000000073,7.517272242007404,2025-04-08 13:49:00+00:00,3004.12,2025-04-08 14:00:00+00:00,3013.08306,3015.18302,3004.12,2025-04-08 14:04:00+00:00,3015.18302,SL,4,-1.0,-1.0778586258785878
2025-04-09,setup_or_fib_XAUUSD_20250409_BUY,LONG,3078.12,3059.99,18.13000000000011,9.425746055648341,2025-04-09 14:16:00+00:00,3084.84,2025-04-09 15:02:00+00:00,3066.9156599999997,3063.50722,3084.84,2025-04-09 15:21:00+00:00,3084.84,TP,19,5.258810482215342,5.21084132330393
2025-04-10,setup_or_fib_XAUUSD_20250410_SELL,SHORT,3133.15,3119.3,13.849999999999909,8.140391930342085,2025-04-10 13:58:00+00:00,3115.95,2025-04-10 14:01:00+00:00,3127.8593,3130.4631,3115.95,2025-04-10 14:02:00+00:00,3130.4631,SL,1,-1.0,-1.0627928412320486
2025-04-11,setup_or_fib_XAUUSD_20250411_SELL,SHORT,3244.3,3230.12,14.180000000000291,9.457191600824315,2025-04-11 13:48:00+00:00,3219.51,2025-04-11 15:12:00+00:00,3238.88324,3241.5490800000002,3219.51,2025-04-11 15:53:00+00:00,3241.5490800000002,SL,41,-1.0,-1.0613315127689558
2025-04-14,setup_or_fib_XAUUSD_20250414_BUY,LONG,3208.12,3194.71,13.409999999999854,8.632548794918568,2025-04-14 13:45:00+00:00,3209.95,2025-04-14 14:03:00+00:00,3199.83262,3197.31154,3209.95,2025-04-14 14:06:00+00:00,3197.31154,SL,3,-1.0,-1.0648531581703085
2025-04-15,setup_or_fib_XAUUSD_20250415_SELL,SHORT,3224.53,3214.83,9.700000000000273,5.202865929548157,2025-04-15 13:51:00+00:00,3211.45,2025-04-15 14:05:00+00:00,3220.8246,3222.6482,3211.45,2025-04-15 14:18:00+00:00,3222.6482,SL,13,-1.0,-1.0896578196972937
2025-04-21,setup_or_fib_XAUUSD_20250421_BUY,LONG,3420.65,3405.18,15.470000000000255,6.880763467346776,2025-04-21 13:49:00+00:00,3430.51,2025-04-21 14:50:00+00:00,3411.08954,3408.1811799999996,3430.51,2025-04-21 15:09:00+00:00,3408.1811799999996,SL,19,-1.0,-1.056217249583951
2025-04-23,setup_or_fib_XAUUSD_20250423_SELL,SHORT,3304.68,3280.94,23.73999999999978,11.124238746973141,2025-04-23 13:49:00+00:00,3259.84,2025-04-23 14:49:00+00:00,3295.61132,3300.07444,3259.84,2025-04-23 16:00:00+00:00,3280.66,TIME,71,3.3499704242772976,3.313336858520606
2025-04-24,setup_or_fib_XAUUSD_20250424_SELL,SHORT,3333.46,3316.07,17.389999999999873,7.528724643482873,2025-04-24 13:49:00+00:00,3306.48,2025-04-24 14:44:00+00:00,3326.81702,3330.0863400000003,3306.48,2025-04-24 14:46:00+00:00,3330.0863400000003,SL,2,-1.0,-1.0500103997161438
2025-04-25,setup_or_fib_XAUUSD_20250425_BUY,LONG,3280.15,3265.19,14.960000000000036,8.977026052602913,2025-04-25 13:45:00+00:00,3287.41,2025-04-25 15:21:00+00:00,3270.90472,3268.09224,3287.41,2025-04-25 16:00:00+00:00,3283.13,TIME,39,4.346797132779573,4.288663386050708
2025-04-28,setup_or_fib_XAUUSD_20250428_SELL,SHORT,3301.36,3289.89,11.470000000000255,6.4983778099688925,2025-04-28 13:48:00+00:00,3286.91,2025-04-28 14:00:00+00:00,3296.97846,3299.13482,3286.91,2025-04-28 14:06:00+00:00,3299.13482,SL,6,-1.0,-1.0758222189244697
2025-04-29,setup_or_fib_XAUUSD_20250429_SELL,SHORT,3321.48,3310.71,10.769999999999982,6.487904906051687,2025-04-29 13:45:00+00:00,3299.52,2025-04-29 14:39:00+00:00,3317.36586,3319.39062,3299.52,2025-04-29 16:00:00+00:00,3312.19,TIME,81,2.556283213812605,2.475532902664627
2025-04-30,setup_or_fib_XAUUSD_20250430_SELL,SHORT,3319.93,3303.84,16.08999999999969,8.877417675399327,2025-04-30 14:01:00+00:00,3298.45,2025-04-30 14:24:00+00:00,3313.78362,3316.80854,3298.45,2025-04-30 14:33:00+00:00,3298.45,TP,9,5.069099348082315,5.01504833185709
2025-05-01,setup_or_fib_XAUUSD_20250501_SELL,SHORT,3233.46,3220.31,13.150000000000091,8.214951234909647,2025-05-01 13:47:00+00:00,3214.39,2025-05-01 14:13:00+00:00,3228.4367,3230.9089,3214.39,2025-05-01 14:23:00+00:00,3214.39,TP,10,5.681862308875504,5.615726882939082
2025-05-02,setup_or_fib_XAUUSD_20250502_SELL,SHORT,3259.75,3248.12,11.63000000000011,7.363063157933734,2025-05-02 13:46:00+00:00,3242.02,2025-05-02 14:23:00+00:00,3255.30734,3257.49378,3242.02,2025-05-02 14:25:00+00:00,3257.49378,SL,2,-1.0,-1.0747790929547594
2025-05-05,setup_or_fib_XAUUSD_20250505_SELL,SHORT,3319.26,3311.78,7.480000000000018,5.931843109535816,2025-05-05 14:00:00+00:00,3309.84,2025-05-05 14:04:00+00:00,3316.4026400000002,3317.8088800000005,3309.84,2025-05-05 14:04:00+00:00,3317.8088800000005,SL,0,-1.0,-1.1162674934577104
2025-05-06,setup_or_fib_XAUUSD_20250506_BUY,LONG,3397.39,3387.72,9.670000000000073,6.9557299940606505,2025-05-06 14:07:00+00:00,3398.2,2025-05-06 14:21:00+00:00,3391.41394,3389.5959799999996,3398.2,2025-05-06 14:25:00+00:00,3389.5959799999996,SL,4,-1.0,-1.0899359721885915
2025-05-07,setup_or_fib_XAUUSD_20250507_BUY,LONG,3393.26,3383.05,10.210000000000036,7.425400794825179,2025-05-07 13:45:00+00:00,3398.29,2025-05-07 14:08:00+00:00,3386.95022,3385.03074,3398.29,2025-05-07 14:09:00+00:00,3385.03074,SL,1,-1.0,-1.085179319399003
2025-05-09,setup_or_fib_XAUUSD_20250509_SELL,SHORT,3340.07,3332.75,7.320000000000164,6.518379195274492,2025-05-09 13:56:00+00:00,3320.24,2025-05-09 14:27:00+00:00,3337.27376,3338.6499200000003,3320.24,2025-05-09 14:28:00+00:00,3338.6499200000003,SL,1,-1.0,-1.1188088594349275
2025-05-12,setup_or_fib_XAUUSD_20250512_BUY,LONG,3244.28,3231.86,12.420000000000073,9.050450629805882,2025-05-12 13:47:00+00:00,3248.39,2025-05-12 14:01:00+00:00,3236.60444,3234.2694800000004,3248.39,2025-05-12 14:03:00+00:00,3234.2694800000004,SL,2,-1.0,-1.070022612807081
2025-05-13,setup_or_fib_XAUUSD_20250513_SELL,SHORT,3245.56,3232.06,13.5,6.037082539498933,2025-05-13 13:51:00+00:00,3225.49,2025-05-13 14:21:00+00:00,3240.403,3242.941,3225.49,2025-05-13 14:34:00+00:00,3242.941,SL,13,-1.0,-1.0644208037825056
2025-05-14,setup_or_fib_XAUUSD_20250514_BUY,LONG,3193.9,3183.68,10.220000000000255,8.654561783671134,2025-05-14 13:52:00+00:00,3198.19,2025-05-14 14:08:00+00:00,3187.5840399999997,3185.66268,3198.19,2025-05-14 14:13:00+00:00,3185.66268,SL,5,-1.0,-1.085095973685314
2025-05-15,setup_or_fib_XAUUSD_20250515_SELL,SHORT,3196.78,3189.24,7.540000000000418,7.249345391340977,2025-05-15 13:45:00+00:00,3187.79,2025-05-15 13:51:00+00:00,3193.89972,3195.31724,3187.79,2025-05-15 13:57:00+00:00,3195.31724,SL,6,-1.0,-1.1153422879395025
2025-05-16,setup_or_fib_XAUUSD_20250516_SELL,SHORT,3186.53,3170.29,16.240000000000236,9.469797605727646,2025-05-16 14:37:00+00:00,3166.32,2025-05-16 15:21:00+00:00,3180.32632,3183.37944,3166.32,2025-05-16 15:48:00+00:00,3183.37944,SL,27,-1.0,-1.0535517765433386
2025-05-19,setup_or_fib_XAUUSD_20250519_BUY,LONG,3233.22,3224.87,8.349999999999909,6.6150264912620536,2025-05-19 13:45:00+00:00,3234.44,2025-05-19 13:50:00+00:00,3228.0597,3226.4899,3234.44,2025-05-19 13:50:00+00:00,3226.4899,SL,0,-1.0,-1.1041533953370015
2025-05-21,setup_or_fib_XAUUSD_20250521_SELL,SHORT,3309.36,3300.97,8.390000000000327,6.659943899226667,2025-05-21 13:46:00+00:00,3295.54,2025-05-21 14:25:00+00:00,3306.15502,3307.73234,3295.54,2025-05-21 15:06:00+00:00,3307.73234,SL,41,-1.0,-1.10365683564528
2025-05-26,setup_or_fib_XAUUSD_20250526_BUY,LONG,3338.68,3334.52,4.1599999999998545,4.346440168473167,2025-05-26 14:00:00+00:00,3341.69,2025-05-26 14:34:00+00:00,3336.10912,3335.32704,3341.69,2025-05-26 16:00:00+00:00,3337.88,TIME,86,2.264320785597567,2.0552628887072104
2025-05-27,setup_or_fib_XAUUSD_20250527_SELL,SHORT,3305.0,3294.67,10.329999999999927,5.847573269912239,2025-05-27 13:56:00+00:00,3285.1,2025-05-27 14:51:00+00:00,3301.0539400000002,3302.99598,3285.1,2025-05-27 14:57:00+00:00,3302.99598,SL,6,-1.0,-1.0841898210129595
2025-05-29,setup_or_fib_XAUUSD_20250529_SELL,SHORT,3321.91,3312.32,9.58999999999969,6.19171370557777,2025-05-29 13:46:00+00:00,3311.79,2025-05-29 13:52:00+00:00,3318.24662,3320.04954,3311.79,2025-05-29 13:54:00+00:00,3320.04954,SL,2,-1.0,-1.090686220131782
2025-06-10,setup_or_fib_XAUUSD_20250610_BUY,LONG,3347.95,3342.42,5.529999999999745,5.305551827560319,2025-06-10 13:45:00+00:00,3349.29,2025-06-10 13:58:00+00:00,3344.53246,3343.49282,3349.29,2025-06-10 13:59:00+00:00,3343.49282,SL,1,-1.0,-1.1572659766842424
2025-06-11,setup_or_fib_XAUUSD_20250611_SELL,SHORT,3339.82,3332.78,7.039999999999964,7.836334631567124,2025-06-11 13:45:00+00:00,3327.73,2025-06-11 14:41:00+00:00,3337.13072,3338.4542400000005,3327.73,2025-06-11 14:42:00+00:00,3338.4542400000005,SL,1,-1.0,-1.1235342117988047
2025-06-19,setup_or_fib_XAUUSD_20250619_BUY,LONG,3369.29,3361.61,7.679999999999836,5.183093662229497,2025-06-19 13:46:00+00:00,3373.1,2025-06-19 14:21:00+00:00,3364.54376,3363.09992,3373.1,2025-06-19 14:27:00+00:00,3363.09992,SL,6,-1.0,-1.1132396941489433
2025-06-23,setup_or_fib_XAUUSD_20250623_BUY,LONG,3384.71,3368.31,16.40000000000009,5.690618748840423,2025-06-23 13:51:00+00:00,3387.75,2025-06-23 14:05:00+00:00,3374.5748,3371.4916,3387.75,2025-06-23 14:06:00+00:00,3371.4916,SL,1,-1.0,-1.0530293201868184
2025-06-25,setup_or_fib_XAUUSD_20250625_BUY,LONG,3315.99,3311.92,4.069999999999709,4.754400504104232,2025-06-25 13:46:00+00:00,3317.66,2025-06-25 13:51:00+00:00,3313.47474,3312.70958,3317.66,2025-06-25 14:00:00+00:00,3312.70958,SL,9,-1.0,-1.2136807987872031
2025-06-26,setup_or_fib_XAUUSD_20250626_BUY,LONG,3321.73,3309.9,11.829999999999927,6.061047970280293,2025-06-26 13:46:00+00:00,3328.88,2025-06-26 14:29:00+00:00,3314.41906,3312.19502,3328.88,2025-06-26 14:39:00+00:00,3312.19502,SL,10,-1.0,-1.0735148648405586
2025-06-30,setup_or_fib_XAUUSD_20250630_BUY,LONG,3283.88,3277.81,6.070000000000164,5.1580773657395405,2025-06-30 13:45:00+00:00,3288.78,2025-06-30 14:15:00+00:00,3280.12874,3278.98758,3288.78,2025-06-30 14:35:00+00:00,3288.78,TP,20,7.581110449016027,7.437835185249349
2025-07-01,setup_or_fib_XAUUSD_20250701_BUY,LONG,3350.72,3345.48,5.239999999999782,4.670749717995385,2025-07-01 13:56:00+00:00,3352.74,2025-07-01 14:00:00+00:00,3347.48168,3346.49656,3352.74,2025-07-01 14:05:00+00:00,3352.74,TP,5,5.337745655352495,5.171776027286849
2025-07-02,setup_or_fib_XAUUSD_20250702_SELL,SHORT,3345.69,3339.24,6.450000000000273,4.600558961330167,2025-07-02 13:47:00+00:00,3333.76,2025-07-02 14:57:00+00:00,3343.2261,3344.4386999999997,3333.76,2025-07-02 16:00:00+00:00,3340.85,TIME,63,1.9595084941450336,1.8246742536700031
2025-07-04,setup_or_fib_XAUUSD_20250704_BUY,LONG,3337.96,3333.73,4.230000000000018,3.402595498388413,2025-07-04 13:45:00+00:00,3338.18,2025-07-04 13:52:00+00:00,3335.34586,3334.55062,3338.18,2025-07-04 13:54:00+00:00,3334.55062,SL,2,-1.0,-1.205598309944188
2025-07-14,setup_or_fib_XAUUSD_20250714_BUY,LONG,3358.25,3354.68,3.5700000000001637,4.815175876857728,2025-07-14 13:50:00+00:00,3359.17,2025-07-14 13:56:00+00:00,3356.04374,3355.37258,3359.17,2025-07-14 13:57:00+00:00,3355.37258,SL,1,-1.0,-1.2436080815305308
2025-07-15,setup_or_fib_XAUUSD_20250715_BUY,LONG,3342.38,3334.35,8.0300000000002,5.117283952749298,2025-07-15 13:51:00+00:00,3352.24,2025-07-15 15:28:00+00:00,3337.41746,3335.90782,3352.24,2025-07-15 15:28:00+00:00,3335.90782,SL,0,-1.0,-1.108303966508556
2025-07-16,setup_or_fib_XAUUSD_20250716_SELL,SHORT,3335.03,3326.61,8.420000000000073,3.8297710878191946,2025-07-16 13:45:00+00:00,3319.55,2025-07-16 14:54:00+00:00,3331.81356,3333.3965200000002,3319.55,2025-07-16 14:54:00+00:00,3333.3965200000002,SL,0,-1.0,-1.103287512002818
2025-07-18,setup_or_fib_XAUUSD_20250718_SELL,SHORT,3358.42,3352.16,6.260000000000218,3.667618224751219,2025-07-18 14:15:00+00:00,3351.06,2025-07-18 14:35:00+00:00,3356.02868,3357.20556,3351.06,2025-07-18 14:36:00+00:00,3357.20556,SL,1,-1.0,-1.1389266535245754
2025-07-22,setup_or_fib_XAUUSD_20250722_BUY,LONG,3417.99,3413.01,4.979999999999563,4.295270421626744,2025-07-22 13:45:00+00:00,3420.02,2025-07-22 13:55:00+00:00,3414.9123600000003,3413.9761200000003,3420.02,2025-07-22 13:58:00+00:00,3413.9761200000003,SL,3,-1.0,-1.1746347090489622
2025-07-23,setup_or_fib_XAUUSD_20250723_BUY,LONG,3412.62,3405.64,6.980000000000018,4.517626589382712,2025-07-23 13:45:00+00:00,3419.7,2025-07-23 15:47:00+00:00,3408.30636,3406.99412,3419.7,2025-07-23 15:55:00+00:00,3406.99412,SL,8,-1.0,-1.1245961104675783
2025-07-30,setup_or_fib_XAUUSD_20250730_SELL,SHORT,3307.99,3301.15,6.839999999999691,4.908021683017018,2025-07-30 13:55:00+00:00,3298.5,2025-07-30 14:09:00+00:00,3305.37712,3306.6630399999995,3298.5,2025-07-30 14:09:00+00:00,3306.6630399999995,SL,0,-1.0,-1.12714632325501
2025-08-01,setup_or_fib_XAUUSD_20250801_SELL,SHORT,3353.12,3342.31,10.809999999999945,6.738822414798316,2025-08-01 13:51:00+00:00,3338.88,2025-08-01 14:00:00+00:00,3348.99058,3351.0228599999996,3338.88,2025-08-01 14:00:00+00:00,3351.0228599999996,SL,0,-1.0,-1.08045151258687
2025-08-04,setup_or_fib_XAUUSD_20250804_BUY,LONG,3378.18,3373.27,4.9099999999998545,4.126392484625238,2025-08-04 13:46:00+00:00,3385.12,2025-08-04 14:20:00+00:00,3375.14562,3374.22254,3385.12,2025-08-04 14:49:00+00:00,3374.22254,SL,29,-1.0,-1.1771244095853834
2025-08-07,setup_or_fib_XAUUSD_20250807_BUY,LONG,3391.4,3385.82,5.579999999999927,5.252033709138541,2025-08-07 13:46:00+00:00,3393.85,2025-08-07 13:49:00+00:00,3387.95156,3386.90252,3393.85,2025-08-07 13:49:00+00:00,3386.90252,SL,0,-1.0,-1.1558567833447906
2025-08-08,setup_or_fib_XAUUSD_20250808_BUY,LONG,3398.09,3389.78,8.309999999999945,6.036667274967705,2025-08-08 13:47:00+00:00,3401.47,2025-08-08 14:06:00+00:00,3392.95442,3391.39214,3401.47,2025-08-08 14:08:00+00:00,3391.39214,SL,2,-1.0,-1.1046547353867358
2025-08-11,setup_or_fib_XAUUSD_20250811_BUY,LONG,3358.21,3349.58,8.63000000000011,5.685731176941196,2025-08-11 13:45:00+00:00,3362.59,2025-08-11 14:29:00+00:00,3352.87666,3351.2542200000003,3362.59,2025-08-11 14:30:00+00:00,3351.2542200000003,SL,1,-1.0,-1.1007741426493651
2025-08-12,setup_or_fib_XAUUSD_20250812_SELL,SHORT,3355.32,3340.28,15.039999999999964,6.095176504243702,2025-08-12 14:11:00+00:00,3331.25,2025-08-12 15:27:00+00:00,3349.57472,3352.4022400000003,3331.25,2025-08-12 15:28:00+00:00,3352.4022400000003,SL,1,-1.0,-1.0578245246717914
2025-08-13,setup_or_fib_XAUUSD_20250813_BUY,LONG,3362.39,3356.37,6.019999999999982,3.950917964644776,2025-08-13 13:45:00+00:00,3370.49,2025-08-13 15:12:00+00:00,3358.66964,3357.5378800000003,3370.49,2025-08-13 15:15:00+00:00,3357.5378800000003,SL,3,-1.0,-1.14446525765183
2025-08-15,setup_or_fib_XAUUSD_20250815_SELL,SHORT,3340.08,3334.79,5.289999999999964,4.055572856284232,2025-08-15 13:46:00+00:00,3332.98,2025-08-15 14:05:00+00:00,3338.05922,3339.05374,3332.98,2025-08-15 14:05:00+00:00,3339.05374,SL,0,-1.0,-1.164400917025342
2025-08-19,setup_or_fib_XAUUSD_20250819_BUY,LONG,3338.39,3331.37,7.019999999999982,3.3329392629059376,2025-08-19 13:45:00+00:00,3339.36,2025-08-19 13:59:00+00:00,3334.0516399999997,3332.7318800000003,3339.36,2025-08-19 14:01:00+00:00,3332.7318800000003,SL,2,-1.0,-1.1238861611202595
2025-08-20,setup_or_fib_XAUUSD_20250820_SELL,SHORT,3348.52,3340.33,8.190000000000055,3.428260077148572,2025-08-20 14:16:00+00:00,3339.8,2025-08-20 14:30:00+00:00,3345.39142,3346.9311399999997,3339.8,2025-08-20 14:47:00+00:00,3346.9311399999997,SL,17,-1.0,-1.1061881381030483
2025-08-21,setup_or_fib_XAUUSD_20250821_SELL,SHORT,3347.54,3344.71,2.8299999999999272,4.167826525782136,2025-08-21 13:45:00+00:00,3336.03,2025-08-21 14:38:00+00:00,3346.45894,3346.99098,3336.03,2025-08-21 14:38:00+00:00,3346.99098,SL,0,-1.0,-1.3073077212239381
2025-08-26,setup_or_fib_XAUUSD_20250826_SELL,SHORT,3378.19,3373.4,4.789999999999964,4.045535432692967,2025-08-26 13:48:00+00:00,3372.6,2025-08-26 13:53:00+00:00,3376.36022,3377.26074,3372.6,2025-08-26 13:53:00+00:00,3377.26074,SL,0,-1.0,-1.1815617643139233
2025-08-27,setup_or_fib_XAUUSD_20250827_SELL,SHORT,3382.31,3377.31,5.0,3.268491357731032,2025-08-27 13:45:00+00:00,3375.39,2025-08-27 14:15:00+00:00,3380.4,3381.3399999999997,3375.39,2025-08-27 14:20:00+00:00,3381.3399999999997,SL,5,-1.0,-1.1739361702128401
2025-09-01,setup_or_fib_XAUUSD_20250901_SELL,SHORT,3478.85,3475.32,3.5299999999997453,4.521695475443531,2025-09-01 13:59:00+00:00,3474.21,2025-09-01 14:12:00+00:00,3477.50154,3478.16518,3474.21,2025-09-01 14:13:00+00:00,3478.16518,SL,1,-1.0,-1.246368513049333
2025-09-02,setup_or_fib_XAUUSD_20250902_BUY,LONG,3490.18,3478.81,11.36999999999989,6.477806640773608,2025-09-02 13:45:00+00:00,3493.38,2025-09-02 13:51:00+00:00,3483.15334,3481.0157799999997,3493.38,2025-09-02 14:01:00+00:00,3493.38,TP,10,4.784268043937801,4.707778962929553
2025-09-05,setup_or_fib_XAUUSD_20250905_BUY,LONG,3585.29,3575.59,9.699999999999818,7.069804197927621,2025-09-05 13:46:00+00:00,3597.86,2025-09-05 14:29:00+00:00,3579.2954,3577.4718000000003,3597.86,2025-09-05 14:29:00+00:00,3577.4718000000003,SL,0,-1.0,-1.0896578196973161
2025-09-09,setup_or_fib_XAUUSD_20250909_BUY,LONG,3667.52,3658.07,9.449999999999818,5.602462596562669,2025-09-09 13:57:00+00:00,3674.24,2025-09-09 14:03:00+00:00,3661.6799,3659.9033000000004,3674.24,2025-09-09 14:03:00+00:00,3659.9033000000004,SL,0,-1.0,-1.0920297196893103
2025-09-10,setup_or_fib_XAUUSD_20250910_BUY,LONG,3654.18,3646.86,7.319999999999709,5.2342420056973955,2025-09-10 14:17:00+00:00,3655.44,2025-09-10 14:42:00+00:00,3649.65624,3648.28008,3655.44,2025-09-10 14:45:00+00:00,3648.28008,SL,3,-1.0,-1.1188088594349668
2025-09-12,setup_or_fib_XAUUSD_20250912_BUY,LONG,3652.57,3646.52,6.050000000000182,4.48675932699984,2025-09-12 14:04:00+00:00,3654.2,2025-09-12 14:36:00+00:00,3648.8311,3647.6937,3654.2,2025-09-12 14:48:00+00:00,3647.6937,SL,12,-1.0,-1.143748901002277
2025-09-16,setup_or_fib_XAUUSD_20250916_BUY,LONG,3698.65,3691.85,6.800000000000182,4.3645594910277685,2025-09-16 14:14:00+00:00,3703.06,2025-09-16 14:28:00+00:00,3694.4476,3693.1692,3703.06,2025-09-16 14:29:00+00:00,3693.1692,SL,1,-1.0,-1.1278942428034897
2025-09-22,setup_or_fib_XAUUSD_20250922_SELL,SHORT,3725.28,3715.98,9.300000000000182,5.110216299657101,2025-09-22 13:46:00+00:00,3713.65,2025-09-22 13:57:00+00:00,3721.7274,3723.4758,3713.65,2025-09-22 14:00:00+00:00,3723.4758,SL,3,-1.0,-1.0935140700068662
2025-09-24,setup_or_fib_XAUUSD_20250924_SELL,SHORT,3768.21,3760.97,7.2400000000002365,4.645546217468809,2025-09-24 13:45:00+00:00,3759.0,2025-09-24 13:51:00+00:00,3765.44432,3766.80544,3759.0,2025-09-24 14:00:00+00:00,3759.0,TP,9,4.734571529328735,4.614449864817159
2025-09-25,setup_or_fib_XAUUSD_20250925_SELL,SHORT,3743.13,3724.57,18.559999999999945,7.340414440196067,2025-09-25 13:47:00+00:00,3721.71,2025-09-25 14:23:00+00:00,3736.04008,3739.52936,3721.71,2025-09-25 16:00:00+00:00,3736.03,TIME,97,0.0028888481291317785,-0.04396895634629303
2025-09-29,setup_or_fib_XAUUSD_20250929_BUY,LONG,3827.93,3818.26,9.669999999999618,6.540623737129188,2025-09-29 14:10:00+00:00,3830.46,2025-09-29 14:17:00+00:00,3821.95394,3820.13598,3830.46,2025-09-29 14:19:00+00:00,3820.13598,SL,2,-1.0,-1.0899359721886142
2025-10-01,setup_or_fib_XAUUSD_20251001_BUY,LONG,3877.25,3869.09,8.159999999999854,6.949033476095607,2025-10-01 14:33:00+00:00,3878.93,2025-10-01 14:46:00+00:00,3872.20712,3870.67304,3878.93,2025-10-01 14:46:00+00:00,3870.67304,SL,0,-1.0,-1.1065785356695936
2025-10-03,setup_or_fib_XAUUSD_20251003_SELL,SHORT,3887.53,3872.42,15.110000000000127,5.4812841084894846,2025-10-03 14:13:00+00:00,3866.17,2025-10-03 15:01:00+00:00,3881.7579800000003,3884.59866,3866.17,2025-10-03 15:23:00+00:00,3884.59866,SL,22,-1.0,-1.057556641367564
2025-10-07,setup_or_fib_XAUUSD_20251007_BUY,LONG,3983.13,3970.39,12.740000000000236,6.768732696970796,2025-10-07 14:35:00+00:00,3991.15,2025-10-07 15:40:00+00:00,3975.25668,3972.86156,3991.15,2025-10-07 15:42:00+00:00,3972.86156,SL,2,-1.0,-1.0682638030662308
2025-10-10,setup_or_fib_XAUUSD_20251010_SELL,SHORT,3998.35,3988.53,9.819999999999709,8.35459992770371,2025-10-10 13:48:00+00:00,3970.18,2025-10-10 15:00:00+00:00,3994.59876,3996.44492,3970.18,2025-10-10 15:01:00+00:00,3996.44492,SL,1,-1.0,-1.088562204792648
2025-10-15,setup_or_fib_XAUUSD_20251015_BUY,LONG,4198.59,4183.13,15.460000000000036,10.21102497930849,2025-10-15 14:01:00+00:00,4212.15,2025-10-15 15:34:00+00:00,4189.03572,4186.12924,4212.15,2025-10-15 15:35:00+00:00,4186.12924,SL,1,-1.0,-1.056253612617331
2025-10-20,setup_or_fib_XAUUSD_20251020_SELL,SHORT,4320.45,4302.58,17.86999999999989,11.846040626034972,2025-10-20 13:59:00+00:00,4292.43,2025-10-20 14:12:00+00:00,4313.62366,4316.98322,4292.43,2025-10-20 14:15:00+00:00,4316.98322,SL,3,-1.0,-1.0486670873566795
2025-10-23,setup_or_fib_XAUUSD_20251023_BUY,LONG,4149.52,4131.88,17.640000000000327,12.04326645133355,2025-10-23 14:06:00+00:00,4154.75,2025-10-23 14:15:00+00:00,4138.61848,4135.30216,4154.75,2025-10-23 16:00:00+00:00,4141.89,TIME,105,0.9864910503209372,0.9371894147730996
2025-10-27,setup_or_fib_XAUUSD_20251027_BUY,LONG,4037.6,4029.84,7.7599999999997635,11.847992043670542,2025-10-27 13:47:00+00:00,4050.0,2025-10-27 14:28:00+00:00,4032.80432,4031.34544,4050.0,2025-10-27 14:30:00+00:00,4031.34544,SL,2,-1.0,-1.1120722746216172
2025-10-28,setup_or_fib_XAUUSD_20251028_SELL,SHORT,3926.16,3914.99,11.170000000000073,11.718474700985446,2025-10-28 13:45:00+00:00,3905.34,2025-10-28 14:02:00+00:00,3921.89306,3923.99302,3905.34,2025-10-28 14:03:00+00:00,3923.99302,SL,1,-1.0,-1.0778586258785878
2025-10-30,setup_or_fib_XAUUSD_20251030_SELL,SHORT,3980.32,3966.54,13.7800000000002,11.685117771210729,2025-10-30 13:58:00+00:00,3959.75,2025-10-30 14:04:00+00:00,3975.05604,3977.6466800000003,3959.75,2025-10-30 14:13:00+00:00,3977.6466800000003,SL,9,-1.0,-1.0631118179291519
2025-10-31,setup_or_fib_XAUUSD_20251031_BUY,LONG,4032.81,4015.87,16.940000000000055,8.326093873300675,2025-10-31 13:47:00+00:00,4036.24,2025-10-31 13:57:00+00:00,4022.3410799999997,4019.15636,4036.24,2025-10-31 14:37:00+00:00,4019.15636,SL,40,-1.0,-1.0513388932151062
2025-11-03,setup_or_fib_XAUUSD_20251103_BUY,LONG,4013.89,4001.12,12.769999999999982,7.622555902692929,2025-11-03 14:45:00+00:00,4030.86,2025-11-03 15:36:00+00:00,4005.9981399999997,4003.5973799999997,4030.86,2025-11-03 15:58:00+00:00,4003.5973799999997,SL,22,-1.0,-1.0681034339125945
2025-11-05,setup_or_fib_XAUUSD_20251105_SELL,SHORT,3985.62,3975.55,10.069999999999709,7.48012871311535,2025-11-05 14:47:00+00:00,3963.46,2025-11-05 15:31:00+00:00,3981.77326,3983.66642,3963.46,2025-11-05 15:32:00+00:00,3983.66642,SL,1,-1.0,-1.0863635403241105
2025-11-10,setup_or_fib_XAUUSD_20251110_BUY,LONG,4086.1,4074.76,11.33999999999969,6.8124646515039275,2025-11-10 14:56:00+00:00,4094.4,2025-11-10 15:49:00+00:00,4079.09188,4076.95996,4094.4,2025-11-10 16:30:00+00:00,4094.4,TP,41,7.1804382903680795,7.103746857293661
2025-11-17,setup_or_fib_XAUUSD_20251117_SELL,SHORT,4082.07,4065.64,16.43000000000029,9.997430404655276,2025-11-17 15:08:00+00:00,4060.83,2025-11-17 15:29:00+00:00,4075.79374,4078.88258,4060.83,2025-11-17 16:01:00+00:00,4060.83,TP,32,4.844452933787658,4.791520441330941
2025-11-19,setup_or_fib_XAUUSD_20251119_BUY,LONG,4117.56,4101.92,15.640000000000327,8.451374769069826,2025-11-19 14:54:00+00:00,4132.64,2025-11-19 15:45:00+00:00,4107.89448,4104.95416,4132.64,2025-11-19 15:45:00+00:00,4104.95416,SL,0,-1.0,-1.0556061925232685
2025-11-20,setup_or_fib_XAUUSD_20251120_BUY,LONG,4091.39,4074.31,17.079999999999927,11.638573324783414,2025-11-20 14:46:00+00:00,4107.24,2025-11-20 15:34:00+00:00,4080.83456,4077.6235199999996,4107.24,2025-11-20 15:35:00+00:00,4077.6235199999996,SL,1,-1.0,-1.0509180826149762
2025-11-21,setup_or_fib_XAUUSD_20251121_BUY,LONG,4070.59,4061.53,9.059999999999945,10.29257769813183,2025-11-21 14:50:00+00:00,4076.99,2025-11-21 15:35:00+00:00,4064.99092,4063.28764,4076.99,2025-11-21 15:38:00+00:00,4063.28764,SL,3,-1.0,-1.0959912639143201
2025-11-25,setup_or_fib_XAUUSD_20251125_SELL,SHORT,4137.72,4117.64,20.079999999999927,8.79767234561611,2025-11-25 14:46:00+00:00,4111.19,2025-11-25 15:09:00+00:00,4130.049440000001,4133.82448,4111.19,2025-11-25 16:16:00+00:00,4133.82448,SL,67,-1.0,-1.0433107993557738
2025-11-26,setup_or_fib_XAUUSD_20251126_SELL,SHORT,4154.27,4141.77,12.5,8.132616571463455,2025-11-26 15:00:00+00:00,4136.36,2025-11-26 15:12:00+00:00,4149.495000000001,4151.845,4136.36,2025-11-26 15:14:00+00:00,4151.845,SL,2,-1.0,-1.0695744680851225
2025-11-27,setup_or_fib_XAUUSD_20251127_BUY,LONG,4159.09,4152.69,6.400000000000546,4.455822215305303,2025-11-27 15:20:00+00:00,4161.82,2025-11-27 16:06:00+00:00,4155.1348,4153.9316,4161.82,2025-11-27 16:12:00+00:00,4153.9316,SL,6,-1.0,-1.135887632978732
2025-11-28,setup_or_fib_XAUUSD_20251128_SELL,SHORT,4207.35,4193.35,14.0,8.097015383988987,2025-11-28 15:01:00+00:00,4184.11,2025-11-28 15:57:00+00:00,4202.002,4204.634,4184.11,2025-11-28 16:01:00+00:00,4204.634,SL,4,-1.0,-1.0621200607902828
2025-12-02,setup_or_fib_XAUUSD_20251202_SELL,SHORT,4229.52,4215.34,14.180000000000291,7.73249143792358,2025-12-02 14:45:00+00:00,4214.4,2025-12-02 14:48:00+00:00,4224.10324,4226.76908,4214.4,2025-12-02 15:02:00+00:00,4214.4,TP,14,3.6398433514396826,3.5785118386707166
2025-12-04,setup_or_fib_XAUUSD_20251204_SELL,SHORT,4213.61,4193.82,19.789999999999964,7.003108103301448,2025-12-04 15:07:00+00:00,4191.17,2025-12-04 15:29:00+00:00,4206.05022,4209.77074,4191.17,2025-12-04 15:35:00+00:00,4209.77074,SL,6,-1.0,-1.043945469988068
2025-12-05,setup_or_fib_XAUUSD_20251205_BUY,LONG,4236.85,4228.38,8.470000000000255,5.742652401456005,2025-12-05 14:46:00+00:00,4259.26,2025-12-05 16:09:00+00:00,4231.61554,4230.02318,4259.26,2025-12-05 16:09:00+00:00,4230.02318,SL,0,-1.0,-1.102677786430227
2025-12-09,setup_or_fib_XAUUSD_20251209_BUY,LONG,4206.57,4192.67,13.899999999999636,5.675477153340446,2025-12-09 14:46:00+00:00,4210.29,2025-12-09 15:02:00+00:00,4197.9798,4195.366599999999,4210.29,2025-12-09 15:09:00+00:00,4195.366599999999,SL,7,-1.0,-1.0625669677024172
2025-12-10,setup_or_fib_XAUUSD_20251210_BUY,LONG,4199.62,4191.45,8.170000000000073,5.321640506599524,2025-12-10 14:49:00+00:00,4202.0,2025-12-10 14:56:00+00:00,4194.57094,4193.034979999999,4202.0,2025-12-10 14:59:00+00:00,4193.034979999999,SL,3,-1.0,-1.1064480845855251
2025-12-11,setup_or_fib_XAUUSD_20251211_SELL,SHORT,4243.76,4230.25,13.510000000000218,6.610449412621183,2025-12-11 14:59:00+00:00,4226.18,2025-12-11 15:13:00+00:00,4238.59918,4241.13906,4226.18,2025-12-11 15:20:00+00:00,4241.13906,SL,7,-1.0,-1.064373119989914
2025-12-12,setup_or_fib_XAUUSD_20251212_BUY,LONG,4345.7,4330.66,15.039999999999964,7.2559005393300655,2025-12-12 14:51:00+00:00,4353.61,2025-12-12 15:16:00+00:00,4336.40528,4333.57776,4353.61,2025-12-12 15:18:00+00:00,4333.57776,SL,2,-1.0,-1.0578245246718008
2025-12-16,setup_or_fib_XAUUSD_20251216_BUY,LONG,4331.99,4321.87,10.11999999999989,7.346068797517592,2025-12-16 15:06:00+00:00,4335.01,2025-12-16 15:13:00+00:00,4325.73584,4323.83328,4335.01,2025-12-16 15:14:00+00:00,4323.83328,SL,1,-1.0,-1.0859368429904768
2025-12-17,setup_or_fib_XAUUSD_20251217_BUY,LONG,4338.42,4325.84,12.579999999999927,7.680967428928199,2025-12-17 14:45:00+00:00,4348.78,2025-12-17 15:39:00+00:00,4330.64556,4328.28052,4348.78,2025-12-17 15:53:00+00:00,4328.28052,SL,14,-1.0,-1.0691320231370387
2025-12-18,setup_or_fib_XAUUSD_20251218_SELL,SHORT,4341.15,4311.56,29.589999999999236,6.042176211012945,2025-12-18 14:45:00+00:00,4308.55,2025-12-18 14:59:00+00:00,4329.84662,4335.40954,4308.55,2025-12-18 15:06:00+00:00,4335.40954,SL,7,-1.0,-1.0293910392383887
2025-12-19,setup_or_fib_XAUUSD_20251219_SELL,SHORT,4337.81,4326.68,11.13000000000011,5.184615186533939,2025-12-19 14:46:00+00:00,4319.86,2025-12-19 14:57:00+00:00,4333.5583400000005,4335.650780000001,4319.86,2025-12-19 15:00:00+00:00,4335.650780000001,SL,3,-1.0,-1.078138441245614
2025-12-22,setup_or_fib_XAUUSD_20251222_BUY,LONG,4426.51,4414.87,11.640000000000327,6.141508897145789,2025-12-22 14:46:00+00:00,4429.45,2025-12-22 14:58:00+00:00,4419.31648,4417.12816,4429.45,2025-12-22 15:12:00+00:00,4417.12816,SL,14,-1.0,-1.0747148497477448
2025-12-23,setup_or_fib_XAUUSD_20251223_SELL,SHORT,4464.72,4447.73,16.99000000000069,8.10819198327893,2025-12-23 14:58:00+00:00,4430.43,2025-12-23 15:57:00+00:00,4458.22982,4461.42394,4430.43,2025-12-23 16:11:00+00:00,4461.42394,SL,14,-1.0,-1.0511878075964567
2025-12-26,setup_or_fib_XAUUSD_20251226_SELL,SHORT,4533.09,4519.22,13.86999999999989,6.918941499136455,2025-12-26 14:47:00+00:00,4512.79,2025-12-26 15:06:00+00:00,4527.79166,4530.39922,4512.79,2025-12-26 15:24:00+00:00,4530.39922,SL,18,-1.0,-1.0627022963996904
2025-12-31,setup_or_fib_XAUUSD_20251231_BUY,LONG,4348.15,4333.04,15.109999999999673,11.084078714636073,2025-12-31 14:55:00+00:00,4353.32,2025-12-31 15:03:00+00:00,4338.812019999999,4335.97134,4353.32,2025-12-31 15:08:00+00:00,4335.97134,SL,5,-1.0,-1.0575566413675732
2026-01-06,setup_or_fib_XAUUSD_20260106_BUY,LONG,4483.0,4465.08,17.920000000000073,7.538317675636608,2026-01-06 14:45:00+00:00,4490.97,2026-01-06 15:33:00+00:00,4471.92544,4468.55648,4490.97,2026-01-06 15:33:00+00:00,4468.55648,SL,0,-1.0,-1.0485312974924044
2026-01-07,setup_or_fib_XAUUSD_20260107_SELL,SHORT,4452.37,4435.76,16.609999999999673,9.209033119991936,2026-01-07 15:11:00+00:00,4423.67,2026-01-07 15:31:00+00:00,4446.02498,4449.14766,4423.67,2026-01-07 15:32:00+00:00,4449.14766,SL,1,-1.0,-1.0523588712260068
2026-01-09,setup_or_fib_XAUUSD_20260109_SELL,SHORT,4498.1,4482.79,15.3100000000004,9.2479874533116,2026-01-09 14:50:00+00:00,4479.34,2026-01-09 14:55:00+00:00,4492.25158,4495.12986,4479.34,2026-01-09 14:59:00+00:00,4495.12986,SL,4,-1.0,-1.056804758397378
2026-01-13,setup_or_fib_XAUUSD_20260113_BUY,LONG,4625.89,4611.53,14.360000000000582,8.62894440558211,2026-01-13 14:45:00+00:00,4634.36,2026-01-13 15:03:00+00:00,4617.01552,4614.31584,4634.36,2026-01-13 15:04:00+00:00,4614.31584,SL,1,-1.0,-1.0605627333609973
2026-01-15,setup_or_fib_XAUUSD_20260115_BUY,LONG,4611.83,4601.69,10.140000000000327,8.230514284993108,2026-01-15 14:54:00+00:00,4615.34,2026-01-15 15:07:00+00:00,4605.56348,4603.65716,4615.34,2026-01-15 15:15:00+00:00,4615.34,TP,8,5.128477905073695,5.04271056275971
2026-01-16,setup_or_fib_XAUUSD_20260116_BUY,LONG,4611.57,4596.19,15.38000000000011,8.039062121283788,2026-01-16 14:47:00+00:00,4620.62,2026-01-16 15:19:00+00:00,4602.065159999999,4599.17372,4620.62,2026-01-16 15:23:00+00:00,4599.17372,SL,4,-1.0,-1.0565462191849158
2026-01-20,setup_or_fib_XAUUSD_20260120_SELL,SHORT,4750.61,4728.67,21.9399999999996,7.96251869879693,2026-01-20 15:25:00+00:00,4722.39,2026-01-20 16:11:00+00:00,4742.22892,4746.353639999999,4722.39,2026-01-20 16:45:00+00:00,4746.353639999999,SL,34,-1.0,-1.0396390542873233
2026-01-21,setup_or_fib_XAUUSD_20260121_SELL,SHORT,4872.43,4850.26,22.170000000000073,12.924153875912282,2026-01-21 14:51:00+00:00,4846.57,2026-01-21 15:03:00+00:00,4863.9610600000005,4868.12902,4846.57,2026-01-21 15:06:00+00:00,4868.12902,SL,3,-1.0,-1.0392278236835308
2026-01-23,setup_or_fib_XAUUSD_20260123_BUY,LONG,4949.81,4933.01,16.800000000000182,10.320485580656909,2026-01-23 14:46:00+00:00,4956.44,2026-01-23 15:00:00+00:00,4939.4276,4936.2692,4956.44,2026-01-23 15:41:00+00:00,4956.44,TP,41,5.386398176291235,5.334631458966011
2026-01-26,setup_or_fib_XAUUSD_20260126_BUY,LONG,5090.84,5074.7,16.140000000000327,11.878342006587815,2026-01-26 14:52:00+00:00,5097.37,2026-01-26 15:34:00+00:00,5080.86548,5077.83116,5097.37,2026-01-26 15:34:00+00:00,5077.83116,SL,0,-1.0,-1.0538835719370285
2026-01-27,setup_or_fib_XAUUSD_20260127_SELL,SHORT,5082.48,5059.21,23.269999999999527,12.32944953109126,2026-01-27 14:51:00+00:00,5047.28,2026-01-27 15:18:00+00:00,5073.590859999999,5077.96562,5047.28,2026-01-27 15:33:00+00:00,5077.96562,SL,15,-1.0,-1.0373734787736875
2026-01-28,setup_or_fib_XAUUSD_20260128_BUY,LONG,5284.11,5250.38,33.72999999999956,14.632272979736491,2026-01-28 14:58:00+00:00,5298.06,2026-01-28 15:07:00+00:00,5263.26486,5256.92362,5298.06,2026-01-28 15:08:00+00:00,5256.92362,SL,1,-1.0,-1.0257836006837753
2026-02-05,setup_or_fib_XAUUSD_20260205_BUY,LONG,4865.74,4804.6,61.13999999999942,32.13086641987217,2026-02-05 14:51:00+00:00,4870.24,2026-02-05 15:02:00+00:00,4827.9554800000005,4816.461160000001,4870.24,2026-02-05 15:27:00+00:00,4816.461160000001,SL,25,-1.0,-1.0142244169294055
2026-02-11,setup_or_fib_XAUUSD_20260211_BUY,LONG,5076.03,5034.65,41.38000000000011,19.893641227043325,2026-02-11 15:05:00+00:00,5082.12,2026-02-11 15:24:00+00:00,5050.45716,5042.67772,5082.12,2026-02-11 15:37:00+00:00,5042.67772,SL,13,-1.0,-1.0210169369517594
2026-02-12,setup_or_fib_XAUUSD_20260212_SELL,SHORT,5071.89,5053.15,18.74000000000069,11.121306105346765,2026-02-12 14:52:00+00:00,5038.4,2026-02-12 15:13:00+00:00,5064.73132,5068.25444,5038.4,2026-02-12 15:17:00+00:00,5068.25444,SL,4,-1.0,-1.0464077295124798
2026-02-13,setup_or_fib_XAUUSD_20260213_BUY,LONG,5011.35,4964.09,47.26000000000022,15.481509493090195,2026-02-13 15:36:00+00:00,5020.31,2026-02-13 15:56:00+00:00,4982.14332,4973.2584400000005,5020.31,2026-02-13 16:26:00+00:00,5020.31,TP,30,4.295688855674127,4.277286806349881
2026-02-17,setup_or_fib_XAUUSD_20260217_SELL,SHORT,4907.59,4866.71,40.88000000000011,18.609999332704746,2026-02-17 14:49:00+00:00,4848.11,2026-02-17 16:07:00+00:00,4891.97384,4899.659280000001,4848.11,2026-02-17 17:00:00+00:00,4868.29,TIME,53,3.0816504975637407,3.0603765041424174
2026-02-20,setup_or_fib_XAUUSD_20260220_BUY,LONG,5055.08,5037.11,17.970000000000255,10.597521065104216,2026-02-20 14:45:00+00:00,5064.56,2026-02-20 15:02:00+00:00,5043.97454,5040.59618,5064.56,2026-02-20 15:02:00+00:00,5040.59618,SL,0,-1.0,-1.0483962632756634
2026-02-23,setup_or_fib_XAUUSD_20260223_BUY,LONG,5190.64,5165.26,25.38000000000011,10.371525473117417,2026-02-23 14:45:00+00:00,5205.27,2026-02-23 16:04:00+00:00,5174.95516,5170.18372,5205.27,2026-02-23 16:16:00+00:00,5205.27,TP,12,6.35339436312669,6.319127978135999
2026-02-26,setup_or_fib_XAUUSD_20260226_SELL,SHORT,5175.4,5139.98,35.42000000000007,9.8937665234155,2026-02-26 15:27:00+00:00,5130.39,2026-02-26 15:35:00+00:00,5161.869559999999,5168.52852,5130.39,2026-02-26 15:39:00+00:00,5168.52852,SL,4,-1.0,-1.0245533837115681
2026-02-27,setup_or_fib_XAUUSD_20260227_BUY,LONG,5233.89,5213.93,19.960000000000036,11.293158255215042,2026-02-27 15:08:00+00:00,5240.64,2026-02-27 15:19:00+00:00,5221.55472,5217.802240000001,5240.64,2026-02-27 15:22:00+00:00,5217.802240000001,SL,3,-1.0,-1.043571184923047
2026-03-03,setup_or_fib_XAUUSD_20260303_SELL,SHORT,5145.8,5061.63,84.17000000000007,36.34743401874229,2026-03-03 14:45:00+00:00,4995.95,2026-03-03 16:05:00+00:00,5113.64706,5129.47102,4995.95,2026-03-03 16:37:00+00:00,5129.47102,SL,32,-1.0,-1.0103324325895668
2026-03-09,setup_or_fib_XAUUSD_20260309_SELL,SHORT,5112.14,5103.87,8.270000000000437,13.943218866803614,2026-03-09 13:46:00+00:00,5084.59,2026-03-09 14:34:00+00:00,5108.980860000001,5110.53562,5084.59,2026-03-09 14:35:00+00:00,5110.53562,SL,1,-1.0,-1.1051609251589294
2026-03-10,setup_or_fib_XAUUSD_20260310_BUY,LONG,5185.58,5178.47,7.109999999999673,10.839655495655006,2026-03-10 13:45:00+00:00,5189.46,2026-03-10 13:53:00+00:00,5181.18602,5179.84934,5189.46,2026-03-10 14:00:00+00:00,5189.46,TP,7,6.189948229941212,6.067630248075726
2026-03-11,setup_or_fib_XAUUSD_20260311_SELL,SHORT,5196.19,5173.18,23.00999999999931,10.223567488422646,2026-03-11 13:47:00+00:00,5149.29,2026-03-11 15:05:00+00:00,5187.40018,5191.726059999999,5149.29,2026-03-11 15:28:00+00:00,5191.726059999999,SL,23,-1.0,-1.037795777968881
2026-03-12,setup_or_fib_XAUUSD_20260312_BUY,LONG,5176.34,5168.49,7.850000000000364,7.565626033597872,2026-03-12 13:47:00+00:00,5186.16,2026-03-12 14:20:00+00:00,5171.4887,5170.0129,5186.16,2026-03-12 14:22:00+00:00,5170.0129,SL,2,-1.0,-1.110787369562259
2026-03-13,setup_or_fib_XAUUSD_20260313_BUY,LONG,5116.56,5108.13,8.430000000000291,10.394588592152822,2026-03-13 13:45:00+00:00,5121.71,2026-03-13 14:10:00+00:00,5111.35026,5109.765420000001,5121.71,2026-03-13 14:18:00+00:00,5109.765420000001,SL,8,-1.0,-1.1031649882638301
2026-03-16,setup_or_fib_XAUUSD_20260316_SELL,SHORT,5025.69,5018.93,6.759999999999309,13.297472307594973,2026-03-16 13:48:00+00:00,5012.26,2026-03-16 14:12:00+00:00,5023.10768,5024.378559999999,5012.26,2026-03-16 14:15:00+00:00,5024.378559999999,SL,3,-1.0,-1.1286510134710694
2026-03-17,setup_or_fib_XAUUSD_20260317_SELL,SHORT,5023.92,5016.02,7.899999999999636,9.183624298234186,2026-03-17 13:46:00+00:00,5009.65,2026-03-17 14:32:00+00:00,5020.9022,5022.3874000000005,5009.65,2026-03-17 14:32:00+00:00,5022.3874000000005,SL,0,-1.0,-1.1100861836789602
2026-03-18,setup_or_fib_XAUUSD_20260318_SELL,SHORT,4901.94,4874.07,27.86999999999989,14.555365378429313,2026-03-18 13:50:00+00:00,4870.74,2026-03-18 13:53:00+00:00,4891.293659999999,4896.533219999999,4870.74,2026-03-18 14:00:00+00:00,4870.74,TP,7,3.922783592515335,3.8915786821793525
2026-03-19,setup_or_fib_XAUUSD_20260319_SELL,SHORT,4617.81,4560.04,57.77000000000044,25.301539300262224,2026-03-19 13:45:00+00:00,4502.52,2026-03-19 14:54:00+00:00,4595.74186,4606.60262,4502.52,2026-03-19 14:56:00+00:00,4606.60262,SL,2,-1.0,-1.015054195102369
2026-03-24,setup_or_fib_XAUUSD_20260324_SELL,SHORT,4406.54,4362.07,44.470000000000255,24.713631358303875,2026-03-24 14:29:00+00:00,4349.8,2026-03-24 15:01:00+00:00,4389.55246,4397.91282,4349.8,2026-03-24 15:10:00+00:00,4397.91282,SL,9,-1.0,-1.0195565741188186
2026-03-25,setup_or_fib_XAUUSD_20260325_BUY,LONG,4554.61,4522.15,32.460000000000036,14.585196380927995,2026-03-25 14:03:00+00:00,4576.56,2026-03-25 15:00:00+00:00,4534.54972,4528.4472399999995,4576.56,2026-03-25 15:50:00+00:00,4576.56,TP,50,6.884132352747931,6.857339966701604
2026-03-26,setup_or_fib_XAUUSD_20260326_SELL,SHORT,4444.91,4432.01,12.899999999999636,17.6469883205721,2026-03-26 13:56:00+00:00,4420.29,2026-03-26 14:05:00+00:00,4439.9822,4442.4074,4420.29,2026-03-26 14:11:00+00:00,4442.4074,SL,6,-1.0,-1.0674171202375151
2026-03-27,setup_or_fib_XAUUSD_20260327_BUY,LONG,4437.35,4424.66,12.69000000000051,11.664211528686117,2026-03-27 13:49:00+00:00,4445.32,2026-03-27 14:09:00+00:00,4429.50758,4427.121859999999,4445.32,2026-03-27 14:10:00+00:00,4427.121859999999,SL,1,-1.0,-1.068532769981357
2026-04-01,setup_or_fib_XAUUSD_20260401_SELL,SHORT,4749.58,4730.71,18.86999999999989,15.063550634120915,2026-04-01 14:00:00+00:00,4724.21,2026-04-01 14:04:00+00:00,4742.37166,4745.919220000001,4724.21,2026-04-01 14:05:00+00:00,4745.919220000001,SL,1,-1.0,-1.0460880154246748
2026-04-06,setup_or_fib_XAUUSD_20260406_BUY,LONG,4678.81,4661.14,17.670000000000073,11.547592133840453,2026-04-06 13:56:00+00:00,4690.45,2026-04-06 14:05:00+00:00,4667.88994,4664.567980000001,4690.45,2026-04-06 14:10:00+00:00,4664.567980000001,SL,5,-1.0,-1.04921793158257
2026-04-07,setup_or_fib_XAUUSD_20260407_SELL,SHORT,4663.15,4635.68,27.469999999999345,14.844108973267133,2026-04-07 14:01:00+00:00,4607.31,2026-04-07 14:33:00+00:00,4652.65646,4657.82082,4607.31,2026-04-07 14:37:00+00:00,4657.82082,SL,4,-1.0,-1.0316592956339232
2026-04-08,setup_or_fib_XAUUSD_20260408_SELL,SHORT,4794.6,4773.61,20.99000000000069,14.152061923406626,2026-04-08 13:54:00+00:00,4768.06,2026-04-08 14:00:00+00:00,4786.58182,4790.52794,4768.06,2026-04-08 14:04:00+00:00,4790.52794,SL,4,-1.0,-1.0414331039096674
2026-04-09,setup_or_fib_XAUUSD_20260409_SELL,SHORT,4777.01,4750.49,26.520000000000437,10.438487148055087,2026-04-09 14:36:00+00:00,4747.25,2026-04-09 14:55:00+00:00,4766.87936,4771.8651199999995,4747.25,2026-04-09 15:15:00+00:00,4771.8651199999995,SL,20,-1.0,-1.032793395590645
2026-04-10,setup_or_fib_XAUUSD_20260410_BUY,LONG,4778.66,4765.15,13.510000000000218,9.738631180283386,2026-04-10 14:06:00+00:00,4780.5,2026-04-10 14:10:00+00:00,4770.31082,4767.770939999999,4780.5,2026-04-10 14:11:00+00:00,4767.770939999999,SL,1,-1.0,-1.064373119989914
2026-04-13,setup_or_fib_XAUUSD_20260413_SELL,SHORT,4737.23,4724.45,12.779999999999745,9.87162294225731,2026-04-13 13:47:00+00:00,4722.87,2026-04-13 13:48:00+00:00,4732.34804,4734.75068,4722.87,2026-04-13 13:49:00+00:00,4734.75068,SL,1,-1.0,-1.0680501448406683
2026-04-15,setup_or_fib_XAUUSD_20260415_BUY,LONG,4825.51,4815.86,9.650000000000546,8.736622514944756,2026-04-15 13:50:00+00:00,4830.63,2026-04-15 14:32:00+00:00,4819.5463,4817.732099999999,4830.63,2026-04-15 14:34:00+00:00,4817.732099999999,SL,2,-1.0,-1.0901223679858538
2026-04-17,setup_or_fib_XAUUSD_20260417_BUY,LONG,4873.55,4848.57,24.980000000000473,14.274141792995112,2026-04-17 13:54:00+00:00,4885.48,2026-04-17 15:44:00+00:00,4858.11236,4853.41612,4885.48,2026-04-17 16:00:00+00:00,4867.55,TIME,16,2.009616203601108,1.9748011174896671
2026-04-20,setup_or_fib_XAUUSD_20260420_SELL,SHORT,4826.29,4816.06,10.229999999999563,9.636233750572798,2026-04-20 14:00:00+00:00,4807.01,2026-04-20 14:23:00+00:00,4822.38214,4824.30538,4807.01,2026-04-20 14:24:00+00:00,4824.30538,SL,1,-1.0,-1.0850127909153269
2026-04-22,setup_or_fib_XAUUSD_20260422_BUY,LONG,4756.82,4742.05,14.769999999999527,7.864589697452962,2026-04-22 13:45:00+00:00,4760.98,2026-04-22 14:04:00+00:00,4747.69214,4744.91538,4760.98,2026-04-22 14:05:00+00:00,4744.91538,SL,1,-1.0,-1.0588815742087956
2026-04-23,setup_or_fib_XAUUSD_20260423_BUY,LONG,4735.59,4724.52,11.069999999999709,10.056822513442729,2026-04-23 13:46:00+00:00,4741.24,2026-04-23 13:58:00+00:00,4728.74874,4726.66758,4741.24,2026-04-23 13:59:00+00:00,4726.66758,SL,1,-1.0,-1.0785619558323345
2026-04-28,setup_or_fib_XAUUSD_20260428_SELL,SHORT,4591.64,4570.82,20.82000000000062,14.586924481163312,2026-04-28 14:02:00+00:00,4557.29,2026-04-28 15:50:00+00:00,4583.6867600000005,4587.60092,4557.29,2026-04-28 16:00:00+00:00,4586.57,TIME,10,-0.7366178183824063,-0.778389232938793
2026-04-29,setup_or_fib_XAUUSD_20260429_SELL,SHORT,4539.75,4513.51,26.23999999999978,9.686478997163368,2026-04-29 13:45:00+00:00,4510.02,2026-04-29 13:56:00+00:00,4529.72632,4534.65944,4510.02,2026-04-29 14:17:00+00:00,4534.65944,SL,21,-1.0,-1.0331433251167579
2026-05-04,setup_or_fib_XAUUSD_20260504_SELL,SHORT,4570.94,4555.55,15.389999999999418,11.05076807690737,2026-05-04 14:09:00+00:00,4553.58,2026-05-04 14:16:00+00:00,4565.06102,4567.954339999999,4553.58,2026-05-04 14:16:00+00:00,4567.954339999999,SL,0,-1.0,-1.0565094770022134
2026-05-05,setup_or_fib_XAUUSD_20260505_BUY,LONG,4581.79,4571.64,10.149999999999636,8.942269047580206,2026-05-05 13:53:00+00:00,4584.31,2026-05-05 14:13:00+00:00,4575.5173,4573.6091,4584.31,2026-05-05 14:13:00+00:00,4573.6091,SL,0,-1.0,-1.0856828424693086
2026-05-07,setup_or_fib_XAUUSD_20260507_SELL,SHORT,4758.39,4743.31,15.079999999999927,10.521100319506424,2026-05-07 13:45:00+00:00,4737.44,2026-05-07 14:12:00+00:00,4752.629440000001,4755.464480000001,4737.44,2026-05-07 14:20:00+00:00,4755.464480000001,SL,8,-1.0,-1.0576711439697513
2026-05-08,setup_or_fib_XAUUSD_20260508_BUY,LONG,4744.42,4726.72,17.699999999999818,10.263327632734576,2026-05-08 13:57:00+00:00,4749.51,2026-05-08 14:06:00+00:00,4733.481400000001,4730.1538,4749.51,2026-05-08 14:07:00+00:00,4730.1538,SL,1,-1.0,-1.0491345113595305
2026-05-11,setup_or_fib_XAUUSD_20260511_BUY,LONG,4745.54,4728.08,17.460000000000036,10.878553828226496,2026-05-11 13:45:00+00:00,4748.62,2026-05-11 14:00:00+00:00,4734.74972,4731.46724,4748.62,2026-05-11 14:02:00+00:00,4731.46724,SL,2,-1.0,-1.0498098998318368
2026-05-12,setup_or_fib_XAUUSD_20260512_SELL,SHORT,4701.67,4683.57,18.100000000000364,10.872101457979541,2026-05-12 13:58:00+00:00,4675.94,2026-05-12 14:13:00+00:00,4694.7558,4698.1586,4675.94,2026-05-12 14:33:00+00:00,4675.94,TP,20,5.52950511343634,5.4814564476317065
2026-05-13,setup_or_fib_XAUUSD_20260513_SELL,SHORT,4690.92,4673.06,17.859999999999673,7.799470922092377,2026-05-13 13:48:00+00:00,4669.45,2026-05-13 14:25:00+00:00,4684.09748,4687.45516,4669.45,2026-05-13 14:31:00+00:00,4687.45516,SL,6,-1.0,-1.0486943365657229
2026-05-15,setup_or_fib_XAUUSD_20260515_SELL,SHORT,4551.21,4519.91,31.300000000000182,12.65076003968207,2026-05-15 13:45:00+00:00,4511.76,2026-05-15 13:56:00+00:00,4539.2534,4545.1378,4511.76,2026-05-15 14:12:00+00:00,4545.1378,SL,16,-1.0,-1.0277853307049107
2026-05-18,setup_or_fib_XAUUSD_20260518_BUY,LONG,4579.95,4564.76,15.1899999999996,12.277717109349615,2026-05-18 13:53:00+00:00,4584.27,2026-05-18 14:01:00+00:00,4570.56258,4567.70686,4584.27,2026-05-18 14:03:00+00:00,4567.70686,SL,2,-1.0,-1.0572535122491087
2026-05-20,setup_or_fib_XAUUSD_20260520_SELL,SHORT,4493.05,4483.01,10.039999999999964,9.202915663444443,2026-05-20 13:58:00+00:00,4467.02,2026-05-20 14:16:00+00:00,4489.21472,4491.10224,4467.02,2026-05-20 14:16:00+00:00,4491.10224,SL,0,-1.0,-1.0866215987115266
2026-05-22,setup_or_fib_XAUUSD_20260522_SELL,SHORT,4527.15,4511.18,15.969999999999345,8.860767374366379,2026-05-22 13:49:00+00:00,4491.82,2026-05-22 15:30:00+00:00,4521.04946,4524.05182,4491.82,2026-05-22 16:00:00+00:00,4520.12,TIME,30,0.3095764665131581,0.2551193061459712
2026-05-25,setup_or_fib_XAUUSD_20260525_SELL,SHORT,4565.58,4561.51,4.069999999999709,6.450519635005301,2026-05-25 13:47:00+00:00,4560.13,2026-05-25 13:55:00+00:00,4564.02526,4564.79042,4560.13,2026-05-25 13:56:00+00:00,4564.79042,SL,1,-1.0,-1.2136807987872031
2026-05-28,setup_or_fib_XAUUSD_20260528_BUY,LONG,4430.97,4418.19,12.780000000000655,11.407274538373649,2026-05-28 13:50:00+00:00,4434.27,2026-05-28 14:03:00+00:00,4423.07196,4420.669319999999,4434.27,2026-05-28 14:09:00+00:00,4434.27,TP,6,4.660723204472926,4.592673059632284
2026-05-29,setup_or_fib_XAUUSD_20260529_BUY,LONG,4535.47,4522.36,13.110000000000582,9.020191529562942,2026-05-29 13:48:00+00:00,4552.54,2026-05-29 14:29:00+00:00,4527.36802,4524.90334,4552.54,2026-05-29 14:52:00+00:00,4552.54,TP,23,10.213082428550411,10.146745216417397
2026-06-01,setup_or_fib_XAUUSD_20260601_SELL,SHORT,4478.62,4458.88,19.73999999999978,10.922826105500441,2026-06-01 13:53:00+00:00,4447.68,2026-06-01 15:30:00+00:00,4471.07932,4474.79044,4447.68,2026-06-01 15:30:00+00:00,4474.79044,SL,0,-1.0,-1.0440567807023224
2026-06-03,setup_or_fib_XAUUSD_20260603_BUY,LONG,4453.27,4427.53,25.74000000000069,10.345660260498484,2026-06-03 14:10:00+00:00,4459.6,2026-06-03 15:37:00+00:00,4437.36268,4432.52356,4459.6,2026-06-03 16:00:00+00:00,4442.25,TIME,23,1.0099604886837408,0.9761733538327799
2026-06-08,setup_or_fib_XAUUSD_20260608_SELL,SHORT,4346.62,4331.16,15.460000000000036,12.246313892103977,2026-06-08 13:50:00+00:00,4314.69,2026-06-08 15:45:00+00:00,4340.71428,4343.62076,4314.69,2026-06-08 15:56:00+00:00,4343.62076,SL,11,-1.0,-1.056253612617331
2026-06-09,setup_or_fib_XAUUSD_20260609_BUY,LONG,4334.42,4325.07,9.350000000000364,7.396084039052262,2026-06-09 13:46:00+00:00,4363.5,2026-06-09 13:56:00+00:00,4328.6417,4326.8839,4363.5,2026-06-09 13:57:00+00:00,4326.8839,SL,1,-1.0,-1.0930139947661683
2026-06-10,setup_or_fib_XAUUSD_20260610_BUY,LONG,4177.74,4141.99,35.75,15.586273883168998,2026-06-10 13:45:00+00:00,4186.31,2026-06-10 14:31:00+00:00,4155.6465,4148.925499999999,4186.31,2026-06-10 14:45:00+00:00,4148.925499999999,SL,14,-1.0,-1.024326737092693
2026-06-11,setup_or_fib_XAUUSD_20260611_BUY,LONG,4082.64,4067.13,15.509999999999764,11.804456460743442,2026-06-11 13:46:00+00:00,4092.57,2026-06-11 14:05:00+00:00,4073.05482,4070.1389400000003,4092.57,2026-06-11 14:08:00+00:00,4070.1389400000003,SL,3,-1.0,-1.0560722663484179
2026-06-12,setup_or_fib_XAUUSD_20260612_SELL,SHORT,4210.21,4182.76,27.449999999999818,11.154814967821496,2026-06-12 14:32:00+00:00,4177.16,2026-06-12 14:52:00+00:00,4199.7241,4204.8847,4177.16,2026-06-12 14:54:00+00:00,4204.8847,SL,2,-1.0,-1.0316823625159912
2026-06-16,setup_or_fib_XAUUSD_20260616_SELL,SHORT,4340.59,4333.78,6.8100000000004,7.202933981921395,2026-06-16 13:56:00+00:00,4331.5,2026-06-16 14:01:00+00:00,4337.98858,4339.26886,4331.5,2026-06-16 14:16:00+00:00,4331.5,TP,15,5.068094479332996,4.940388040116569
2026-06-17,setup_or_fib_XAUUSD_20260617_BUY,LONG,4341.9,4332.67,9.229999999999563,5.987116451007527,2026-06-17 13:46:00+00:00,4345.33,2026-06-17 14:02:00+00:00,4336.19586,4334.460620000001,4345.33,2026-06-17 14:07:00+00:00,4345.33,TP,5,5.263905857405908,5.169682579934153
2026-06-22,setup_or_fib_XAUUSD_20260622_BUY,LONG,4194.61,4182.88,11.729999999999563,7.73595308973618,2026-06-22 13:46:00+00:00,4210.74,2026-06-22 14:35:00+00:00,4187.36086,4185.15562,4210.74,2026-06-22 15:35:00+00:00,4185.15562,SL,60,-1.0,-1.0741415900310398
2026-06-25,setup_or_fib_XAUUSD_20260625_SELL,SHORT,4028.55,4011.01,17.539999999999964,11.575026819711828,2026-06-25 13:45:00+00:00,3999.02,2026-06-25 14:21:00+00:00,4021.84972,4025.1472400000002,3999.02,2026-06-25 14:28:00+00:00,4025.1472400000002,SL,7,-1.0,-1.049582716708313
2026-07-02,setup_or_fib_XAUUSD_20260702_BUY,LONG,4138.25,4110.08,28.170000000000073,13.726639879506699,2026-07-02 13:48:00+00:00,4144.04,2026-07-02 14:25:00+00:00,4120.84094,4115.54498,4144.04,2026-07-02 14:28:00+00:00,4115.54498,SL,3,-1.0,-1.0308725896721251
2026-07-03,setup_or_fib_XAUUSD_20260703_SELL,SHORT,4171.8,4165.05,6.75,6.556920828849498,2026-07-03 13:48:00+00:00,4155.36,2026-07-03 14:57:00+00:00,4169.221500000001,4170.490500000001,4155.36,2026-07-03 14:59:00+00:00,4170.490500000001,SL,2,-1.0,-1.128841607564988
2026-07-06,setup_or_fib_XAUUSD_20260706_SELL,SHORT,4150.45,4141.97,8.479999999999563,7.847633788014532,2026-07-06 13:58:00+00:00,4128.4,2026-07-06 15:29:00+00:00,4147.21064,4148.80488,4128.4,2026-07-06 15:29:00+00:00,4148.80488,SL,0,-1.0,-1.1025567041349214
2026-07-09,setup_or_fib_XAUUSD_20260709_SELL,SHORT,4129.54,4119.64,9.899999999999636,8.643239239293607,2026-07-09 13:54:00+00:00,4117.73,2026-07-09 14:00:00+00:00,4125.7582,4127.6194000000005,4117.73,2026-07-09 14:00:00+00:00,4127.6194000000005,SL,0,-1.0,-1.0878465506124948
2026-07-10,setup_or_fib_XAUUSD_20260710_BUY,LONG,4102.56,4086.94,15.620000000000346,8.321201502082731,2026-07-10 13:51:00+00:00,4108.91,2026-07-10 14:32:00+00:00,4092.90684,4089.9702800000005,4108.91,2026-07-10 14:32:00+00:00,4089.9702800000005,SL,0,-1.0,-1.0556773912332864
2026-07-14,setup_or_fib_XAUUSD_20260714_SELL,SHORT,4088.57,4075.83,12.740000000000236,12.647316369588772,2026-07-14 13:52:00+00:00,4072.58,2026-07-14 14:13:00+00:00,4083.70332,4086.09844,4072.58,2026-07-14 14:16:00+00:00,4072.58,TP,3,4.6441597915760084,4.575895988509777
2026-07-15,setup_or_fib_XAUUSD_20260715_BUY,LONG,4063.17,4055.56,7.610000000000127,8.442131935352098,2026-07-15 13:57:00+00:00,4066.36,2026-07-15 14:23:00+00:00,4058.46702,4057.03634,4066.36,2026-07-15 14:24:00+00:00,4057.03634,SL,1,-1.0,-1.1142813207705475
2026-07-20,setup_or_fib_XAUUSD_20260720_SELL,SHORT,4017.43,4008.22,9.210000000000036,7.283296225596675,2026-07-20 13:58:00+00:00,3998.28,2026-07-20 15:09:00+00:00,4013.91178,4015.64326,3998.28,2026-07-20 15:09:00+00:00,4015.64326,SL,0,-1.0,-1.0944278882805505
2026-07-28,setup_or_fib_XAUUSD_20260728_SELL,SHORT,4032.87,4020.25,12.61999999999989,6.989169676917192,2026-07-28 14:19:00+00:00,4011.55,2026-07-28 14:49:00+00:00,4028.04916,4030.42172,4011.55,2026-07-28 15:10:00+00:00,4030.42172,SL,21,-1.0,-1.068912904204747
2026-07-30,setup_or_fib_XAUUSD_20260730_BUY,LONG,4098.71,4074.91,23.800000000000182,9.47513128804285,2026-07-30 13:48:00+00:00,4120.21,2026-07-30 15:13:00+00:00,4084.0016,4079.5272,4120.21,2026-07-30 16:00:00+00:00,4108.16,TIME,47,5.399249061326542,5.36270784909697
2026-07-31,setup_or_fib_XAUUSD_20260731_SELL,SHORT,4043.85,4022.59,21.259999999999764,6.937893339781788,2026-07-31 14:08:00+00:00,4020.86,2026-07-31 14:21:00+00:00,4035.72868,4039.7255600000003,4020.86,2026-07-31 14:26:00+00:00,4039.7255600000003,SL,5,-1.0,-1.040906907387761
2026-08-04,setup_or_fib_XAUUSD_20260804_BUY,LONG,4091.69,4076.03,15.659999999999854,9.822667498217905,2026-08-04 13:48:00+00:00,4094.09,2026-08-04 14:20:00+00:00,4082.0121200000003,4079.06804,4094.09,2026-08-04 14:34:00+00:00,4079.06804,SL,14,-1.0,-1.0555351756745701
2026-08-05,setup_or_fib_XAUUSD_20260805_SELL,SHORT,4204.48,4192.63,11.849999999999454,10.291208537446378,2026-08-05 13:48:00+00:00,4189.62,2026-08-05 13:53:00+00:00,4199.9533,4202.1811,4189.62,2026-08-05 13:56:00+00:00,4202.1811,SL,3,-1.0,-1.0733907891193217
2026-08-06,setup_or_fib_XAUUSD_20260806_BUY,LONG,4274.24,4245.83,28.409999999999854,10.609968700433463,2026-08-06 14:12:00+00:00,4275.25,2026-08-06 15:17:00+00:00,4256.68262,4251.34154,4275.25,2026-08-06 15:23:00+00:00,4251.34154,SL,6,-1.0,-1.030611786380287
2026-08-10,setup_or_fib_XAUUSD_20260810_SELL,SHORT,4339.91,4330.08,9.829999999999927,6.936807405783358,2026-08-10 13:46:00+00:00,4316.73,2026-08-10 14:18:00+00:00,4336.154939999999,4338.00298,4316.73,2026-08-10 14:22:00+00:00,4338.00298,SL,4,-1.0,-1.0884721109932318
2026-08-11,setup_or_fib_XAUUSD_20260811_BUY,LONG,4401.88,4388.95,12.930000000000291,8.459429391171911,2026-08-11 13:45:00+00:00,4404.19,2026-08-11 13:48:00+00:00,4393.88926,4391.45842,4404.19,2026-08-11 13:51:00+00:00,4391.45842,SL,3,-1.0,-1.0672607000049368
2026-08-12,setup_or_fib_XAUUSD_20260812_BUY,LONG,4420.87,4408.49,12.38000000000011,12.477494969541699,2026-08-12 13:46:00+00:00,4439.73,2026-08-12 15:51:00+00:00,4413.21916,4410.8917200000005,4439.73,2026-08-12 16:00:00+00:00,4421.1,TIME,9,3.386055064793814,3.3158062076803922
2026-08-13,setup_or_fib_XAUUSD_20260813_SELL,SHORT,4389.88,4375.26,14.61999999999989,8.31216100166477,2026-08-13 13:51:00+00:00,4357.61,2026-08-13 14:48:00+00:00,4384.295160000001,4387.043720000001,4357.61,2026-08-13 15:34:00+00:00,4357.61,TP,46,9.708778414879403,9.649292720552191
2026-08-14,setup_or_fib_XAUUSD_20260814_SELL,SHORT,4397.01,4383.77,13.239999999999782,7.799691308481197,2026-08-14 14:42:00+00:00,4378.82,2026-08-14 15:13:00+00:00,4391.95232,4394.4414400000005,4378.82,2026-08-14 15:47:00+00:00,4394.4414400000005,SL,34,-1.0,-1.0656858648839702
2026-08-24,setup_or_fib_XAUUSD_20260824_SELL,SHORT,4680.96,4658.38,22.579999999999927,11.742482601696183,2026-08-24 14:16:00+00:00,4655.48,2026-08-24 14:27:00+00:00,4672.33444,4676.57948,4655.48,2026-08-24 14:34:00+00:00,4676.57948,SL,7,-1.0,-1.03851553813391
2026-08-25,setup_or_fib_XAUUSD_20260825_SELL,SHORT,4623.57,4609.18,14.389999999999418,9.71191362632821,2026-08-25 13:47:00+00:00,4605.33,2026-08-25 14:00:00+00:00,4618.07302,4620.77834,4605.33,2026-08-25 14:02:00+00:00,4620.77834,SL,2,-1.0,-1.060436473319237
2026-08-26,setup_or_fib_XAUUSD_20260826_BUY,LONG,4623.02,4610.26,12.760000000000218,8.991436000340842,2026-08-26 13:48:00+00:00,4633.46,2026-08-26 14:32:00+00:00,4615.13432,4612.73544,4633.46,2026-08-26 14:47:00+00:00,4612.73544,SL,15,-1.0,-1.068156806509712
2026-08-27,setup_or_fib_XAUUSD_20260827_SELL,SHORT,4592.98,4572.33,20.649999999999636,8.226942096863572,2026-08-27 13:48:00+00:00,4565.36,2026-08-27 14:30:00+00:00,4585.0917,4588.973899999999,4565.36,2026-08-27 14:36:00+00:00,4588.973899999999,SL,6,-1.0,-1.0421152954510426
2026-08-28,setup_or_fib_XAUUSD_20260828_BUY,LONG,4607.95,4598.9,9.050000000000182,7.987404281765387,2026-08-28 13:46:00+00:00,4627.26,2026-08-28 14:00:00+00:00,4602.357099999999,4600.6557,4627.26,2026-08-28 14:00:00+00:00,4600.6557,SL,0,-1.0,-1.0960973316093188
2026-09-02,setup_or_fib_XAUUSD_20260902_BUY,LONG,4379.43,4356.97,22.460000000000036,10.119884690006952,2026-09-02 13:58:00+00:00,4397.65,2026-09-02 15:45:00+00:00,4365.54972,4361.3272400000005,4397.65,2026-09-02 16:00:00+00:00,4373.12,TIME,15,1.7928515943239274,1.7541302741518907
2026-09-03,setup_or_fib_XAUUSD_20260903_SELL,SHORT,4482.35,4468.05,14.300000000000182,11.316015279110939,2026-09-03 13:45:00+00:00,4456.79,2026-09-03 14:19:00+00:00,4476.8874000000005,4479.5758000000005,4456.79,2026-09-03 14:20:00+00:00,4479.5758000000005,SL,1,-1.0,-1.0608168427317364
2026-09-04,setup_or_fib_XAUUSD_20260904_BUY,LONG,4424.11,4405.2,18.909999999999854,15.74759468398358,2026-09-04 13:46:00+00:00,4434.76,2026-09-04 14:03:00+00:00,4412.42362,4408.8685399999995,4434.76,2026-09-04 14:14:00+00:00,4434.76,TP,11,6.282947219190591,6.236956692957708
2026-09-07,setup_or_fib_XAUUSD_20260907_SELL,SHORT,4407.54,4401.75,5.789999999999964,6.89230140301601,2026-09-07 13:58:00+00:00,4401.19,2026-09-07 14:00:00+00:00,4405.32822,4406.41674,4401.19,2026-09-07 14:01:00+00:00,4406.41674,SL,1,-1.0,-1.1502039466432403
2026-09-08,setup_or_fib_XAUUSD_20260908_BUY,LONG,4405.82,4390.38,15.4399999999996,10.053940199278165,2026-09-08 13:55:00+00:00,4407.44,2026-09-08 13:59:00+00:00,4396.27808,4393.37536,4407.44,2026-09-08 14:14:00+00:00,4393.37536,SL,15,-1.0,-1.0563264799911798
2026-09-09,setup_or_fib_XAUUSD_20260909_SELL,SHORT,4434.04,4412.95,21.090000000000146,8.261660356383464,2026-09-09 13:56:00+00:00,4410.75,2026-09-09 14:05:00+00:00,4425.98362,4429.94854,4410.75,2026-09-09 14:24:00+00:00,4410.75,TP,19,3.8421002189195845,3.8008635735396057
2026-09-10,setup_or_fib_XAUUSD_20260910_BUY,LONG,4373.38,4352.38,21.0,12.687488222577445,2026-09-10 13:48:00+00:00,4375.9,2026-09-10 14:12:00+00:00,4360.402,4356.454,4375.9,2026-09-10 14:17:00+00:00,4356.454,SL,5,-1.0,-1.041413373860179
2026-09-11,setup_or_fib_XAUUSD_20260911_BUY,LONG,4400.36,4381.65,18.710000000000036,14.612791646353669,2026-09-11 13:59:00+00:00,4402.42,2026-09-11 14:01:00+00:00,4388.7972199999995,4385.279739999999,4402.42,2026-09-11 14:01:00+00:00,4385.279739999999,SL,0,-1.0,-1.046482140623395
2026-09-14,setup_or_fib_XAUUSD_20260914_BUY,LONG,4278.52,4266.85,11.670000000000073,10.914234690743582,2026-09-14 13:47:00+00:00,4281.24,2026-09-14 13:54:00+00:00,4271.307940000001,4269.11398,4281.24,2026-09-14 14:03:00+00:00,4269.11398,SL,9,-1.0,-1.0745227807252464
2026-09-15,setup_or_fib_XAUUSD_20260915_BUY,LONG,4294.2,4284.13,10.069999999999709,8.05330922370215,2026-09-15 13:49:00+00:00,4300.63,2026-09-15 14:21:00+00:00,4287.97674,4286.08358,4300.63,2026-09-15 14:23:00+00:00,4286.08358,SL,2,-1.0,-1.0863635403241312
2026-09-16,setup_or_fib_XAUUSD_20260916_SELL,SHORT,4354.32,4340.39,13.929999999999382,7.9462394905434985,2026-09-16 13:52:00+00:00,4324.15,2026-09-16 14:48:00+00:00,4348.99874,4351.617579999999,4324.15,2026-09-16 14:50:00+00:00,4351.617579999999,SL,2,-1.0,-1.062432221899792
2026-09-17,setup_or_fib_XAUUSD_20260917_BUY,LONG,4374.09,4356.25,17.840000000000146,12.33614401793583,2026-09-17 14:06:00+00:00,4379.96,2026-09-17 14:32:00+00:00,4363.06488,4359.71096,4379.96,2026-09-17 14:43:00+00:00,4359.71096,SL,11,-1.0,-1.0487489266291448
2026-09-18,setup_or_fib_XAUUSD_20260918_SELL,SHORT,4367.44,4352.13,15.30999999999949,9.38035949122083,2026-09-18 13:53:00+00:00,4342.64,2026-09-18 14:52:00+00:00,4361.59158,4364.46986,4342.64,2026-09-18 16:00:00+00:00,4356.69,TIME,68,1.7029545422963757,1.6461497838989976
