day,direction,fvg_confirm_time,entry_time,entry_price,stop,target,exit_time,exit_price,exit_reason,r_multiple,pnl_usd
2021-08-27,LONG,2021-08-27 10:15:00-04:00,2021-08-27 10:30:00-04:00,15384.7,15314.6,15559.95,2021-08-27 16:45:00-04:00,15435.7,EOD,0.7275,727.53
2021-08-31,LONG,2021-08-31 12:30:00-04:00,2021-08-31 12:45:00-04:00,15599.3,15583.1,15639.799999999996,2021-08-31 13:15:00-04:00,15583.1,SL,-1.0,-1000.0
2021-09-02,SHORT,2021-09-02 10:15:00-04:00,2021-09-02 10:30:00-04:00,15647.4,15659.4,15617.4,2021-09-02 11:15:00-04:00,15659.4,SL,-1.0,-1000.0
2021-09-03,LONG,2021-09-03 10:00:00-04:00,2021-09-03 10:15:00-04:00,15640.0,15599.5,15741.25,2021-09-03 16:45:00-04:00,15664.3,EOD,0.6,600.0
2021-09-06,LONG,2021-09-06 10:00:00-04:00,2021-09-06 10:15:00-04:00,15713.9,15701.8,15744.150000000001,2021-09-06 19:45:00-04:00,15701.8,SL,-1.0,-1000.0
2021-09-07,LONG,2021-09-07 10:45:00-04:00,2021-09-07 11:00:00-04:00,15671.2,15643.8,15739.700000000004,2021-09-07 23:45:00-04:00,15688.5,EOD,0.6314,631.39
2021-09-08,SHORT,2021-09-08 10:45:00-04:00,2021-09-08 11:00:00-04:00,15592.6,15640.9,15471.850000000002,2021-09-08 23:45:00-04:00,15596.9,EOD,-0.089,-89.03
2021-09-09,SHORT,2021-09-09 11:30:00-04:00,2021-09-09 11:45:00-04:00,15641.9,15659.4,15598.15,2021-09-09 13:15:00-04:00,15598.15,TP,2.5,2500.0
2021-09-13,SHORT,2021-09-13 10:15:00-04:00,2021-09-13 10:30:00-04:00,15411.1,15459.8,15289.350000000002,2021-09-13 10:45:00-04:00,15459.8,SL,-1.0,-1000.0
2021-09-14,SHORT,2021-09-14 10:00:00-04:00,2021-09-14 10:15:00-04:00,15462.0,15489.9,15392.25,2021-09-14 11:30:00-04:00,15489.9,SL,-1.0,-1000.0
2021-09-15,SHORT,2021-09-15 10:15:00-04:00,2021-09-15 10:30:00-04:00,15358.4,15375.5,15315.649999999998,2021-09-15 10:30:00-04:00,15375.5,SL,-1.0,-1000.0
2021-09-16,SHORT,2021-09-16 10:00:00-04:00,2021-09-16 12:15:00-04:00,15436.0,15450.5,15399.75,2021-09-16 12:30:00-04:00,15450.5,SL,-1.0,-1000.0
2021-09-20,SHORT,2021-09-20 10:15:00-04:00,2021-09-20 20:30:00-04:00,15082.6,15128.0,14969.100000000002,2021-09-20 23:45:00-04:00,15102.4,EOD,-0.4361,-436.12
2021-09-21,SHORT,2021-09-21 10:15:00-04:00,2021-09-21 11:00:00-04:00,15077.6,15087.4,15053.100000000002,2021-09-21 11:00:00-04:00,15087.4,SL,-1.0,-1000.0
2021-09-23,LONG,2021-09-23 10:00:00-04:00,2021-09-23 11:15:00-04:00,15294.7,15277.2,15338.45,2021-09-23 13:00:00-04:00,15338.45,TP,2.5,2500.0
2021-09-27,LONG,2021-09-27 10:30:00-04:00,2021-09-27 10:45:00-04:00,15200.2,15163.5,15291.950000000003,2021-09-27 11:30:00-04:00,15163.5,SL,-1.0,-1000.0
2021-09-29,LONG,2021-09-29 10:00:00-04:00,2021-09-29 10:30:00-04:00,14870.7,14816.7,15005.7,2021-09-29 11:30:00-04:00,14816.7,SL,-1.0,-1000.0
2021-09-30,SHORT,2021-09-30 11:45:00-04:00,2021-09-30 13:00:00-04:00,14776.3,14847.8,14597.55,2021-09-30 21:00:00-04:00,14597.55,TP,2.5,2500.0
2021-10-01,SHORT,2021-10-01 10:30:00-04:00,2021-10-01 10:45:00-04:00,14599.1,14632.6,14515.35,2021-10-01 10:45:00-04:00,14632.6,SL,-1.0,-1000.0
2021-10-05,LONG,2021-10-05 10:00:00-04:00,2021-10-05 21:45:00-04:00,14590.2,14553.2,14682.7,2021-10-05 23:45:00-04:00,14605.4,EOD,0.4108,410.81
2021-10-06,LONG,2021-10-06 10:30:00-04:00,2021-10-06 10:45:00-04:00,14643.3,14596.8,14759.55,2021-10-06 11:15:00-04:00,14596.8,SL,-1.0,-1000.0
2021-10-07,LONG,2021-10-07 10:15:00-04:00,2021-10-07 11:00:00-04:00,14987.0,14970.0,15029.5,2021-10-07 11:15:00-04:00,14970.0,SL,-1.0,-1000.0
2021-10-08,SHORT,2021-10-08 10:45:00-04:00,2021-10-08 11:00:00-04:00,14885.9,14905.6,14836.649999999998,2021-10-08 11:30:00-04:00,14836.649999999998,TP,2.5,2500.0
2021-10-11,LONG,2021-10-11 10:00:00-04:00,2021-10-11 10:30:00-04:00,14874.2,14839.0,14962.200000000003,2021-10-11 12:00:00-04:00,14839.0,SL,-1.0,-1000.0
2021-10-12,LONG,2021-10-12 12:00:00-04:00,2021-10-12 12:15:00-04:00,14718.5,14678.0,14819.75,2021-10-12 12:45:00-04:00,14678.0,SL,-1.0,-1000.0
2021-10-13,LONG,2021-10-13 12:00:00-04:00,2021-10-13 12:15:00-04:00,14726.9,14712.2,14763.649999999998,2021-10-13 13:30:00-04:00,14763.649999999998,TP,2.5,2500.0
2021-10-14,LONG,2021-10-14 10:15:00-04:00,2021-10-14 10:30:00-04:00,14982.4,14960.7,15036.649999999998,2021-10-14 12:00:00-04:00,15036.649999999998,TP,2.5,2500.0
2021-10-15,LONG,2021-10-15 10:45:00-04:00,2021-10-15 11:30:00-04:00,15099.6,15068.4,15177.600000000002,2021-10-15 16:45:00-04:00,15161.0,EOD,1.9679,1967.95
2021-10-18,LONG,2021-10-18 10:00:00-04:00,2021-10-18 10:30:00-04:00,15144.0,15126.7,15187.249999999998,2021-10-18 11:00:00-04:00,15187.249999999998,TP,2.5,2500.0
2021-10-19,LONG,2021-10-19 11:00:00-04:00,2021-10-19 11:15:00-04:00,15381.5,15353.2,15452.249999999998,2021-10-19 23:45:00-04:00,15404.3,EOD,0.8057,805.65
2021-10-20,LONG,2021-10-20 10:30:00-04:00,2021-10-20 10:45:00-04:00,15437.6,15427.9,15461.850000000002,2021-10-20 10:45:00-04:00,15427.9,SL,-1.0,-1000.0
2021-10-21,LONG,2021-10-21 10:15:00-04:00,2021-10-21 11:30:00-04:00,15415.8,15394.9,15468.05,2021-10-21 15:00:00-04:00,15468.05,TP,2.5,2500.0
2021-10-25,LONG,2021-10-25 11:15:00-04:00,2021-10-25 11:30:00-04:00,15427.7,15423.0,15439.450000000003,2021-10-25 11:30:00-04:00,15439.450000000003,TP,2.5,2500.0
2021-10-26,LONG,2021-10-26 10:15:00-04:00,2021-10-26 10:45:00-04:00,15688.7,15653.7,15776.2,2021-10-26 11:30:00-04:00,15653.7,SL,-1.0,-1000.0
2021-10-27,LONG,2021-10-27 12:15:00-04:00,2021-10-27 15:00:00-04:00,15679.1,15669.3,15703.600000000002,2021-10-27 15:00:00-04:00,15669.3,SL,-1.0,-1000.0
2021-10-28,LONG,2021-10-28 10:45:00-04:00,2021-10-28 11:00:00-04:00,15725.9,15713.3,15757.400000000001,2021-10-28 11:15:00-04:00,15757.400000000001,TP,2.5,2500.0
2021-11-01,LONG,2021-11-01 11:30:00-04:00,2021-11-01 13:15:00-04:00,15853.0,15839.8,15886.000000000002,2021-11-01 13:30:00-04:00,15839.8,SL,-1.0,-1000.0
2021-11-02,SHORT,2021-11-02 12:00:00-04:00,2021-11-02 12:15:00-04:00,15956.8,15986.9,15881.55,2021-11-02 15:30:00-04:00,15986.9,SL,-1.0,-1000.0
2021-11-03,LONG,2021-11-03 12:00:00-04:00,2021-11-03 12:15:00-04:00,15987.9,15982.5,16001.399999999998,2021-11-03 12:30:00-04:00,16001.399999999998,TP,2.5,2500.0
2021-11-08,SHORT,2021-11-08 12:00:00-05:00,2021-11-08 12:30:00-05:00,16353.1,16360.6,16334.35,2021-11-08 12:30:00-05:00,16334.35,TP,2.5,2500.0
2021-11-09,SHORT,2021-11-09 10:00:00-05:00,2021-11-09 10:15:00-05:00,16253.2,16375.6,15947.2,2021-11-09 23:45:00-05:00,16168.6,EOD,0.6912,691.18
2021-11-10,LONG,2021-11-10 10:00:00-05:00,2021-11-10 11:15:00-05:00,16164.3,16118.3,16279.3,2021-11-10 12:30:00-05:00,16118.3,SL,-1.0,-1000.0
2021-11-11,SHORT,2021-11-11 12:15:00-05:00,2021-11-11 12:30:00-05:00,16059.1,16084.5,15995.600000000002,2021-11-11 14:30:00-05:00,16084.5,SL,-1.0,-1000.0
2021-11-15,SHORT,2021-11-15 10:15:00-05:00,2021-11-15 10:30:00-05:00,16190.4,16236.6,16074.899999999998,2021-11-15 23:45:00-05:00,16197.9,EOD,-0.1623,-162.34
2021-11-16,LONG,2021-11-16 11:15:00-05:00,2021-11-16 12:00:00-05:00,16288.1,16236.3,16417.600000000002,2021-11-16 23:45:00-05:00,16297.4,EOD,0.1795,179.54
2021-11-17,LONG,2021-11-17 10:45:00-05:00,2021-11-17 12:15:00-05:00,16327.6,16316.5,16355.350000000002,2021-11-17 12:15:00-05:00,16316.5,SL,-1.0,-1000.0
2021-11-18,SHORT,2021-11-18 10:15:00-05:00,2021-11-18 10:30:00-05:00,16355.4,16401.9,16239.149999999994,2021-11-18 11:30:00-05:00,16401.9,SL,-1.0,-1000.0
2021-11-19,LONG,2021-11-19 10:00:00-05:00,2021-11-19 10:15:00-05:00,16578.9,16569.9,16601.4,2021-11-19 10:15:00-05:00,16569.9,SL,-1.0,-1000.0
2021-11-22,LONG,2021-11-22 10:00:00-05:00,2021-11-22 10:45:00-05:00,16736.1,16723.1,16768.6,2021-11-22 10:45:00-05:00,16723.1,SL,-1.0,-1000.0
2021-11-23,SHORT,2021-11-23 10:15:00-05:00,2021-11-23 15:45:00-05:00,16320.1,16411.3,16092.100000000002,2021-11-23 23:45:00-05:00,16288.4,EOD,0.3476,347.59
2021-11-24,LONG,2021-11-24 11:15:00-05:00,2021-11-24 14:00:00-05:00,16278.1,16259.0,16325.850000000002,2021-11-24 14:00:00-05:00,16325.850000000002,TP,2.5,2500.0
2021-11-25,LONG,2021-11-25 10:00:00-05:00,2021-11-25 10:45:00-05:00,16418.6,16410.4,16439.09999999999,2021-11-25 10:45:00-05:00,16410.4,SL,-1.0,-1000.0
2021-11-26,SHORT,2021-11-26 11:00:00-05:00,2021-11-26 12:15:00-05:00,16132.6,16146.4,16098.100000000002,2021-11-26 12:15:00-05:00,16098.100000000002,TP,2.5,2500.0
2021-11-30,LONG,2021-11-30 10:00:00-05:00,2021-11-30 10:15:00-05:00,16416.4,16368.9,16535.150000000005,2021-11-30 10:30:00-05:00,16368.9,SL,-1.0,-1000.0
2021-12-01,LONG,2021-12-01 11:00:00-05:00,2021-12-01 11:45:00-05:00,16363.0,16337.5,16426.75,2021-12-01 12:15:00-05:00,16337.5,SL,-1.0,-1000.0
2021-12-02,LONG,2021-12-02 11:15:00-05:00,2021-12-02 11:30:00-05:00,15948.2,15903.3,16060.450000000004,2021-12-02 11:30:00-05:00,15903.3,SL,-1.0,-1000.0
2021-12-06,LONG,2021-12-06 10:15:00-05:00,2021-12-06 10:30:00-05:00,15750.7,15679.0,15929.950000000003,2021-12-06 10:45:00-05:00,15679.0,SL,-1.0,-1000.0
2021-12-08,LONG,2021-12-08 11:30:00-05:00,2021-12-08 12:15:00-05:00,16315.5,16310.0,16329.25,2021-12-08 12:15:00-05:00,16310.0,SL,-1.0,-1000.0
2021-12-09,SHORT,2021-12-09 10:30:00-05:00,2021-12-09 10:45:00-05:00,16307.4,16341.8,16221.400000000001,2021-12-09 11:15:00-05:00,16341.8,SL,-1.0,-1000.0
2021-12-10,SHORT,2021-12-10 10:45:00-05:00,2021-12-10 11:30:00-05:00,16237.7,16311.7,16052.7,2021-12-10 15:30:00-05:00,16311.7,SL,-1.0,-1000.0
2021-12-13,SHORT,2021-12-13 10:30:00-05:00,2021-12-13 10:45:00-05:00,16238.1,16316.1,16043.1,2021-12-13 23:45:00-05:00,16117.0,EOD,1.5526,1552.56
2021-12-14,SHORT,2021-12-14 11:00:00-05:00,2021-12-14 11:15:00-05:00,15830.7,15882.3,15701.700000000004,2021-12-14 14:45:00-05:00,15882.3,SL,-1.0,-1000.0
2021-12-15,SHORT,2021-12-15 11:15:00-05:00,2021-12-15 13:45:00-05:00,15849.8,15866.3,15808.55,2021-12-15 14:00:00-05:00,15866.3,SL,-1.0,-1000.0
2021-12-16,SHORT,2021-12-16 10:00:00-05:00,2021-12-16 10:15:00-05:00,16189.8,16247.0,16046.799999999997,2021-12-16 11:00:00-05:00,16046.799999999997,TP,2.5,2500.0
2021-12-17,LONG,2021-12-17 10:45:00-05:00,2021-12-17 11:30:00-05:00,15825.0,15752.3,16006.750000000002,2021-12-17 16:45:00-05:00,15844.7,EOD,0.271,270.98
2021-12-20,LONG,2021-12-20 15:00:00-05:00,2021-12-20 15:30:00-05:00,15613.6,15594.6,15661.1,2021-12-20 15:30:00-05:00,15594.6,SL,-1.0,-1000.0
2021-12-21,SHORT,2021-12-21 10:00:00-05:00,2021-12-21 10:15:00-05:00,15708.7,15739.7,15631.2,2021-12-21 10:15:00-05:00,15631.2,TP,2.5,2500.0
2021-12-22,LONG,2021-12-22 10:45:00-05:00,2021-12-22 13:30:00-05:00,16071.0,16017.5,16204.75,2021-12-22 18:00:00-05:00,16204.75,TP,2.5,2500.0
2021-12-23,LONG,2021-12-23 10:15:00-05:00,2021-12-23 10:30:00-05:00,16260.9,16252.2,16282.649999999998,2021-12-23 10:30:00-05:00,16282.649999999998,TP,2.5,2500.0
2021-12-28,SHORT,2021-12-28 11:30:00-05:00,2021-12-28 11:45:00-05:00,16547.8,16551.3,16539.05,2021-12-28 11:45:00-05:00,16551.3,SL,-1.0,-1000.0
2021-12-29,SHORT,2021-12-29 10:15:00-05:00,2021-12-29 10:30:00-05:00,16460.5,16526.3,16296.000000000002,2021-12-29 15:30:00-05:00,16526.3,SL,-1.0,-1000.0
2021-12-30,LONG,2021-12-30 10:15:00-05:00,2021-12-30 10:45:00-05:00,16556.2,16515.4,16658.199999999997,2021-12-30 15:00:00-05:00,16515.4,SL,-1.0,-1000.0
2022-01-05,SHORT,2022-01-05 11:45:00-05:00,2022-01-05 12:00:00-05:00,16152.7,16182.2,16078.95,2022-01-05 12:30:00-05:00,16078.95,TP,2.5,2500.0
2022-01-06,LONG,2022-01-06 10:30:00-05:00,2022-01-06 15:30:00-05:00,15765.0,15663.7,16018.249999999998,2022-01-06 23:45:00-05:00,15798.3,EOD,0.3287,328.73
2022-01-10,SHORT,2022-01-10 10:00:00-05:00,2022-01-10 11:15:00-05:00,15282.9,15331.2,15162.149999999998,2022-01-10 11:15:00-05:00,15331.2,SL,-1.0,-1000.0
2022-01-11,LONG,2022-01-11 10:15:00-05:00,2022-01-11 10:30:00-05:00,15594.9,15560.7,15680.399999999998,2022-01-11 10:30:00-05:00,15560.7,SL,-1.0,-1000.0
2022-01-12,SHORT,2022-01-12 10:45:00-05:00,2022-01-12 11:30:00-05:00,15919.5,15989.1,15745.5,2022-01-12 23:45:00-05:00,15861.1,EOD,0.8391,839.08
2022-01-13,SHORT,2022-01-13 10:15:00-05:00,2022-01-13 10:30:00-05:00,15888.1,15951.9,15728.600000000002,2022-01-13 12:15:00-05:00,15728.600000000002,TP,2.5,2500.0
2022-01-14,LONG,2022-01-14 11:45:00-05:00,2022-01-14 12:00:00-05:00,15549.6,15483.8,15714.100000000002,2022-01-14 12:45:00-05:00,15483.8,SL,-1.0,-1000.0
2022-01-17,LONG,2022-01-17 18:45:00-05:00,2022-01-17 21:45:00-05:00,15582.5,15576.7,15596.999999999998,2022-01-17 21:45:00-05:00,15576.7,SL,-1.0,-1000.0
2022-01-18,LONG,2022-01-18 10:15:00-05:00,2022-01-18 10:30:00-05:00,15392.9,15345.4,15511.65,2022-01-18 10:45:00-05:00,15345.4,SL,-1.0,-1000.0
2022-01-19,SHORT,2022-01-19 10:30:00-05:00,2022-01-19 12:15:00-05:00,15307.2,15370.4,15149.200000000004,2022-01-19 15:15:00-05:00,15149.200000000004,TP,2.5,2500.0
2022-01-20,LONG,2022-01-20 10:45:00-05:00,2022-01-20 11:15:00-05:00,15298.1,15287.1,15325.6,2022-01-20 11:15:00-05:00,15287.1,SL,-1.0,-1000.0
2022-01-21,LONG,2022-01-21 10:45:00-05:00,2022-01-21 11:45:00-05:00,14702.6,14644.4,14848.100000000002,2022-01-21 12:15:00-05:00,14644.4,SL,-1.0,-1000.0
2022-01-24,SHORT,2022-01-24 11:45:00-05:00,2022-01-24 12:45:00-05:00,13950.1,14034.3,13739.600000000002,2022-01-24 13:00:00-05:00,14034.3,SL,-1.0,-1000.0
2022-01-25,SHORT,2022-01-25 10:00:00-05:00,2022-01-25 10:15:00-05:00,14148.8,14224.0,13960.799999999997,2022-01-25 10:30:00-05:00,14224.0,SL,-1.0,-1000.0
2022-01-26,SHORT,2022-01-26 10:30:00-05:00,2022-01-26 11:00:00-05:00,14432.3,14459.3,14364.8,2022-01-26 11:00:00-05:00,14364.8,TP,2.5,2500.0
2022-01-27,SHORT,2022-01-27 10:30:00-05:00,2022-01-27 10:45:00-05:00,14280.0,14416.2,13939.499999999998,2022-01-27 23:45:00-05:00,14108.6,EOD,1.2584,1258.44
2022-01-28,LONG,2022-01-28 11:00:00-05:00,2022-01-28 14:15:00-05:00,14098.7,13971.5,14416.700000000003,2022-01-28 15:45:00-05:00,14416.700000000003,TP,2.5,2500.0
2022-02-02,SHORT,2022-02-02 10:30:00-05:00,2022-02-02 10:45:00-05:00,15096.8,15112.8,15056.8,2022-02-02 10:45:00-05:00,15112.8,SL,-1.0,-1000.0
2022-02-03,LONG,2022-02-03 10:15:00-05:00,2022-02-03 10:45:00-05:00,14771.0,14724.1,14888.25,2022-02-03 11:15:00-05:00,14724.1,SL,-1.0,-1000.0
2022-02-04,SHORT,2022-02-04 10:45:00-05:00,2022-02-04 11:15:00-05:00,14554.4,14574.4,14504.4,2022-02-04 11:15:00-05:00,14504.4,TP,2.5,2500.0
2022-02-07,SHORT,2022-02-07 11:45:00-05:00,2022-02-07 12:00:00-05:00,14629.4,14682.7,14496.149999999998,2022-02-07 13:45:00-05:00,14682.7,SL,-1.0,-1000.0
2022-02-09,LONG,2022-02-09 12:45:00-05:00,2022-02-09 13:00:00-05:00,14983.2,14963.4,15032.700000000004,2022-02-09 14:30:00-05:00,15032.700000000004,TP,2.5,2500.0
2022-02-10,LONG,2022-02-10 10:00:00-05:00,2022-02-10 11:00:00-05:00,14906.9,14840.1,15073.899999999998,2022-02-10 12:45:00-05:00,14840.1,SL,-1.0,-1000.0
2022-02-14,LONG,2022-02-14 11:30:00-05:00,2022-02-14 11:45:00-05:00,14326.7,14282.1,14438.2,2022-02-14 13:30:00-05:00,14282.1,SL,-1.0,-1000.0
2022-02-15,LONG,2022-02-15 10:45:00-05:00,2022-02-15 11:00:00-05:00,14525.9,14509.6,14566.649999999998,2022-02-15 11:30:00-05:00,14566.649999999998,TP,2.5,2500.0
2022-02-16,LONG,2022-02-16 10:45:00-05:00,2022-02-16 11:15:00-05:00,14441.0,14436.4,14452.5,2022-02-16 11:15:00-05:00,14436.4,SL,-1.0,-1000.0
2022-02-18,SHORT,2022-02-18 10:30:00-05:00,2022-02-18 14:30:00-05:00,14102.5,14149.4,13985.25,2022-02-18 15:00:00-05:00,14149.4,SL,-1.0,-1000.0
2022-02-25,LONG,2022-02-25 10:45:00-05:00,2022-02-25 11:00:00-05:00,14037.8,13996.6,14140.799999999996,2022-02-25 11:15:00-05:00,14140.799999999996,TP,2.5,2500.0
2022-02-28,LONG,2022-02-28 10:45:00-05:00,2022-02-28 12:00:00-05:00,14188.8,14099.6,14411.799999999996,2022-02-28 12:30:00-05:00,14099.6,SL,-1.0,-1000.0
2022-03-01,SHORT,2022-03-01 11:45:00-05:00,2022-03-01 12:45:00-05:00,14091.6,14151.1,13942.85,2022-03-01 15:45:00-05:00,13942.85,TP,2.5,2500.0
2022-03-04,LONG,2022-03-04 12:15:00-05:00,2022-03-04 12:30:00-05:00,13831.4,13790.3,13934.150000000001,2022-03-04 13:00:00-05:00,13934.150000000001,TP,2.5,2500.0
2022-03-08,LONG,2022-03-08 11:00:00-05:00,2022-03-08 11:15:00-05:00,13235.8,13186.5,13359.049999999997,2022-03-08 11:15:00-05:00,13186.5,SL,-1.0,-1000.0
2022-03-09,LONG,2022-03-09 12:45:00-05:00,2022-03-09 13:00:00-05:00,13718.6,13676.7,13823.349999999999,2022-03-09 13:45:00-05:00,13676.7,SL,-1.0,-1000.0
2022-03-10,SHORT,2022-03-10 10:45:00-05:00,2022-03-10 13:45:00-05:00,13516.4,13518.9,13510.15,2022-03-10 13:45:00-05:00,13518.9,SL,-1.0,-1000.0
2022-03-16,LONG,2022-03-16 10:15:00-04:00,2022-03-16 12:45:00-04:00,13755.3,13726.3,13827.8,2022-03-16 12:45:00-04:00,13726.3,SL,-1.0,-1000.0
2022-03-17,LONG,2022-03-17 10:00:00-04:00,2022-03-17 10:15:00-04:00,13959.9,13895.7,14120.399999999998,2022-03-17 10:30:00-04:00,13895.7,SL,-1.0,-1000.0
2022-03-18,LONG,2022-03-18 10:00:00-04:00,2022-03-18 10:30:00-04:00,14148.1,14073.6,14334.35,2022-03-18 14:30:00-04:00,14334.35,TP,2.5,2500.0
2022-03-21,SHORT,2022-03-21 10:00:00-04:00,2022-03-21 10:45:00-04:00,14322.7,14443.7,14020.2,2022-03-21 11:15:00-04:00,14443.7,SL,-1.0,-1000.0
2022-03-23,LONG,2022-03-23 10:15:00-04:00,2022-03-23 10:45:00-04:00,14556.9,14495.4,14710.65,2022-03-23 14:00:00-04:00,14495.4,SL,-1.0,-1000.0
2022-03-25,SHORT,2022-03-25 11:15:00-04:00,2022-03-25 12:15:00-04:00,14663.7,14751.7,14443.7,2022-03-25 14:45:00-04:00,14751.7,SL,-1.0,-1000.0
2022-03-28,SHORT,2022-03-28 11:45:00-04:00,2022-03-28 12:30:00-04:00,14778.6,14834.0,14640.100000000002,2022-03-28 13:15:00-04:00,14834.0,SL,-1.0,-1000.0
2022-03-29,SHORT,2022-03-29 10:15:00-04:00,2022-03-29 10:30:00-04:00,15107.15,15156.9,14982.775,2022-03-29 11:15:00-04:00,15156.9,SL,-1.0,-1000.0
2022-03-30,SHORT,2022-03-30 11:00:00-04:00,2022-03-30 12:00:00-04:00,15165.65,15210.9,15052.525,2022-03-30 15:15:00-04:00,15052.525,TP,2.5,2500.0
2022-03-31,SHORT,2022-03-31 12:15:00-04:00,2022-03-31 13:45:00-04:00,15021.1,15050.6,14947.35,2022-03-31 15:00:00-04:00,15050.6,SL,-1.0,-1000.0
2022-04-01,SHORT,2022-04-01 11:30:00-04:00,2022-04-01 14:30:00-04:00,14837.15,14857.4,14786.525,2022-04-01 14:45:00-04:00,14857.4,SL,-1.0,-1000.0
2022-04-04,LONG,2022-04-04 10:00:00-04:00,2022-04-04 10:15:00-04:00,15031.15,14995.45,15120.399999999998,2022-04-04 11:45:00-04:00,15120.399999999998,TP,2.5,2500.0
2022-04-05,SHORT,2022-04-05 10:15:00-04:00,2022-04-05 10:45:00-04:00,14977.6,15071.9,14741.850000000002,2022-04-05 23:45:00-04:00,14795.95,EOD,1.9263,1926.3
2022-04-06,SHORT,2022-04-06 10:00:00-04:00,2022-04-06 10:30:00-04:00,14514.3,14537.55,14456.175,2022-04-06 11:00:00-04:00,14456.175,TP,2.5,2500.0
2022-04-07,SHORT,2022-04-07 10:45:00-04:00,2022-04-07 11:00:00-04:00,14487.05,14515.3,14416.425,2022-04-07 11:15:00-04:00,14416.425,TP,2.5,2500.0
2022-04-08,LONG,2022-04-08 11:00:00-04:00,2022-04-08 11:15:00-04:00,14453.45,14386.2,14621.575,2022-04-08 13:45:00-04:00,14386.2,SL,-1.0,-1000.0
2022-04-11,SHORT,2022-04-11 10:30:00-04:00,2022-04-11 13:00:00-04:00,14119.7,14144.55,14057.575000000004,2022-04-11 14:15:00-04:00,14057.575000000004,TP,2.5,2500.0
2022-04-12,LONG,2022-04-12 10:00:00-04:00,2022-04-12 10:15:00-04:00,14222.95,14177.55,14336.450000000004,2022-04-12 10:30:00-04:00,14177.55,SL,-1.0,-1000.0
2022-04-13,LONG,2022-04-13 11:15:00-04:00,2022-04-13 11:45:00-04:00,14143.8,14069.05,14330.675,2022-04-13 23:45:00-04:00,14262.05,EOD,1.5819,1581.94
2022-04-14,SHORT,2022-04-14 10:15:00-04:00,2022-04-14 10:30:00-04:00,14082.55,14118.55,13992.55,2022-04-14 12:15:00-04:00,13992.55,TP,2.5,2500.0
2022-04-18,LONG,2022-04-18 10:15:00-04:00,2022-04-18 10:45:00-04:00,13935.3,13869.25,14100.424999999997,2022-04-18 11:15:00-04:00,13869.25,SL,-1.0,-1000.0
2022-04-20,SHORT,2022-04-20 10:00:00-04:00,2022-04-20 10:15:00-04:00,14114.25,14130.2,14074.374999999998,2022-04-20 10:15:00-04:00,14074.374999999998,TP,2.5,2500.0
2022-04-21,SHORT,2022-04-21 10:15:00-04:00,2022-04-21 10:30:00-04:00,14182.4,14209.85,14113.774999999998,2022-04-21 10:45:00-04:00,14113.774999999998,TP,2.5,2500.0
2022-04-22,SHORT,2022-04-22 11:45:00-04:00,2022-04-22 12:30:00-04:00,13551.85,13623.1,13373.725,2022-04-22 15:45:00-04:00,13373.725,TP,2.5,2500.0
2022-04-25,LONG,2022-04-25 10:30:00-04:00,2022-04-25 10:45:00-04:00,13385.6,13311.15,13571.725000000002,2022-04-25 11:00:00-04:00,13311.15,SL,-1.0,-1000.0
2022-04-27,SHORT,2022-04-27 10:15:00-04:00,2022-04-27 10:30:00-04:00,13040.3,13181.7,12686.799999999996,2022-04-27 12:15:00-04:00,13181.7,SL,-1.0,-1000.0
2022-04-29,SHORT,2022-04-29 10:30:00-04:00,2022-04-29 11:45:00-04:00,13257.65,13355.65,13012.65,2022-04-29 14:30:00-04:00,13012.65,TP,2.5,2500.0
2022-05-02,LONG,2022-05-02 10:30:00-04:00,2022-05-02 10:45:00-04:00,12971.85,12826.85,13334.35,2022-05-02 12:45:00-04:00,12826.85,SL,-1.0,-1000.0
2022-05-03,LONG,2022-05-03 11:15:00-04:00,2022-05-03 11:45:00-04:00,13081.8,13035.15,13198.425,2022-05-03 12:00:00-04:00,13035.15,SL,-1.0,-1000.0
2022-05-04,SHORT,2022-05-04 10:00:00-04:00,2022-05-04 12:15:00-04:00,13033.65,13090.65,12891.15,2022-05-04 12:30:00-04:00,13090.65,SL,-1.0,-1000.0
2022-05-06,LONG,2022-05-06 10:15:00-04:00,2022-05-06 10:30:00-04:00,12670.15,12555.05,12957.900000000001,2022-05-06 16:45:00-04:00,12666.2,EOD,-0.0343,-34.32
2022-05-09,SHORT,2022-05-09 10:30:00-04:00,2022-05-09 10:45:00-04:00,12350.55,12425.8,12162.425,2022-05-09 15:45:00-04:00,12162.425,TP,2.5,2500.0
2022-05-10,SHORT,2022-05-10 10:45:00-04:00,2022-05-10 13:30:00-04:00,12360.8,12433.3,12179.55,2022-05-10 13:30:00-04:00,12433.3,SL,-1.0,-1000.0
2022-05-11,SHORT,2022-05-11 11:00:00-04:00,2022-05-11 11:15:00-04:00,12319.45,12406.95,12100.7,2022-05-11 13:00:00-04:00,12100.7,TP,2.5,2500.0
2022-05-12,LONG,2022-05-12 11:00:00-04:00,2022-05-12 11:15:00-04:00,12030.25,11940.05,12255.750000000002,2022-05-12 11:45:00-04:00,11940.05,SL,-1.0,-1000.0
2022-05-13,LONG,2022-05-13 10:00:00-04:00,2022-05-13 14:00:00-04:00,12241.6,12198.35,12349.725,2022-05-13 14:45:00-04:00,12349.725,TP,2.5,2500.0
2022-05-16,SHORT,2022-05-16 10:45:00-04:00,2022-05-16 11:30:00-04:00,12284.15,12367.4,12076.025,2022-05-16 14:15:00-04:00,12367.4,SL,-1.0,-1000.0
2022-05-17,SHORT,2022-05-17 10:45:00-04:00,2022-05-17 11:00:00-04:00,12367.65,12407.25,12268.649999999998,2022-05-17 11:15:00-04:00,12407.25,SL,-1.0,-1000.0
2022-05-19,LONG,2022-05-19 11:45:00-04:00,2022-05-19 12:15:00-04:00,12004.3,11945.95,12150.174999999996,2022-05-19 12:30:00-04:00,11945.95,SL,-1.0,-1000.0
2022-05-23,LONG,2022-05-23 10:30:00-04:00,2022-05-23 10:45:00-04:00,11873.0,11842.1,11950.25,2022-05-23 10:45:00-04:00,11842.1,SL,-1.0,-1000.0
2022-05-24,SHORT,2022-05-24 10:00:00-04:00,2022-05-24 11:45:00-04:00,11678.45,11744.5,11513.325000000003,2022-05-24 12:00:00-04:00,11744.5,SL,-1.0,-1000.0
2022-05-25,LONG,2022-05-25 10:30:00-04:00,2022-05-25 10:45:00-04:00,11865.45,11834.3,11943.325000000004,2022-05-25 11:30:00-04:00,11834.3,SL,-1.0,-1000.0
2022-05-27,LONG,2022-05-27 10:15:00-04:00,2022-05-27 10:45:00-04:00,12551.6,12520.55,12629.225000000002,2022-05-27 11:00:00-04:00,12520.55,SL,-1.0,-1000.0
2022-05-30,LONG,2022-05-30 11:30:00-04:00,2022-05-30 11:45:00-04:00,12804.2,12787.8,12845.200000000004,2022-05-30 12:00:00-04:00,12787.8,SL,-1.0,-1000.0
2022-05-31,LONG,2022-05-31 10:45:00-04:00,2022-05-31 11:00:00-04:00,12603.45,12565.4,12698.575000000004,2022-05-31 11:30:00-04:00,12565.4,SL,-1.0,-1000.0
2022-06-03,SHORT,2022-06-03 10:45:00-04:00,2022-06-03 12:45:00-04:00,12610.55,12634.15,12551.55,2022-06-03 13:00:00-04:00,12634.15,SL,-1.0,-1000.0
2022-06-06,LONG,2022-06-06 10:15:00-04:00,2022-06-06 11:00:00-04:00,12750.55,12750.05,12751.8,2022-06-06 11:00:00-04:00,12750.05,SL,-1.0,-1000.0
2022-06-07,LONG,2022-06-07 10:30:00-04:00,2022-06-07 11:30:00-04:00,12582.15,12513.15,12754.65,2022-06-07 23:45:00-04:00,12656.1,EOD,1.0717,1071.74
2022-06-09,SHORT,2022-06-09 11:00:00-04:00,2022-06-09 11:30:00-04:00,12586.75,12627.2,12485.624999999998,2022-06-09 14:15:00-04:00,12485.624999999998,TP,2.5,2500.0
2022-06-10,SHORT,2022-06-10 10:00:00-04:00,2022-06-10 14:45:00-04:00,11946.8,12048.3,11693.05,2022-06-10 16:45:00-04:00,11857.3,EOD,0.8818,881.77
2022-06-13,SHORT,2022-06-13 10:15:00-04:00,2022-06-13 12:00:00-04:00,11445.9,11486.9,11343.4,2022-06-13 12:30:00-04:00,11486.9,SL,-1.0,-1000.0
2022-06-14,LONG,2022-06-14 13:15:00-04:00,2022-06-14 13:30:00-04:00,11362.95,11330.95,11442.95,2022-06-14 13:30:00-04:00,11330.95,SL,-1.0,-1000.0
2022-06-15,SHORT,2022-06-15 10:45:00-04:00,2022-06-15 11:00:00-04:00,11477.05,11499.8,11420.175,2022-06-15 11:30:00-04:00,11499.8,SL,-1.0,-1000.0
2022-06-16,SHORT,2022-06-16 10:15:00-04:00,2022-06-16 22:30:00-04:00,11224.7,11237.45,11192.825,2022-06-16 22:30:00-04:00,11237.45,SL,-1.0,-1000.0
2022-06-17,SHORT,2022-06-17 10:30:00-04:00,2022-06-17 11:00:00-04:00,11183.5,11246.35,11026.375,2022-06-17 11:15:00-04:00,11246.35,SL,-1.0,-1000.0
2022-06-21,LONG,2022-06-21 10:00:00-04:00,2022-06-21 11:45:00-04:00,11588.5,11559.8,11660.250000000002,2022-06-21 14:00:00-04:00,11559.8,SL,-1.0,-1000.0
2022-06-22,LONG,2022-06-22 10:00:00-04:00,2022-06-22 15:30:00-04:00,11534.05,11495.15,11631.3,2022-06-22 19:00:00-04:00,11495.15,SL,-1.0,-1000.0
2022-06-23,LONG,2022-06-23 10:45:00-04:00,2022-06-23 11:00:00-04:00,11665.95,11632.55,11749.450000000004,2022-06-23 11:30:00-04:00,11632.55,SL,-1.0,-1000.0
2022-06-24,LONG,2022-06-24 10:00:00-04:00,2022-06-24 11:15:00-04:00,11944.9,11929.4,11983.65,2022-06-24 11:45:00-04:00,11983.65,TP,2.5,2500.0
2022-06-27,SHORT,2022-06-27 12:15:00-04:00,2022-06-27 13:00:00-04:00,12069.7,12092.35,12013.075,2022-06-27 13:45:00-04:00,12013.075,TP,2.5,2500.0
2022-06-29,SHORT,2022-06-29 12:15:00-04:00,2022-06-29 13:00:00-04:00,11637.15,11668.15,11559.65,2022-06-29 13:45:00-04:00,11668.15,SL,-1.0,-1000.0
2022-06-30,SHORT,2022-06-30 10:00:00-04:00,2022-06-30 10:30:00-04:00,11384.45,11415.45,11306.95,2022-06-30 10:30:00-04:00,11415.45,SL,-1.0,-1000.0
2022-07-01,SHORT,2022-07-01 10:30:00-04:00,2022-07-01 10:45:00-04:00,11434.7,11451.45,11392.825,2022-07-01 10:45:00-04:00,11451.45,SL,-1.0,-1000.0
2022-07-04,SHORT,2022-07-04 10:15:00-04:00,2022-07-04 10:30:00-04:00,11518.35,11525.1,11501.475,2022-07-04 11:00:00-04:00,11525.1,SL,-1.0,-1000.0
2022-07-05,SHORT,2022-07-05 11:15:00-04:00,2022-07-05 11:30:00-04:00,11486.55,11505.15,11440.05,2022-07-05 11:30:00-04:00,11505.15,SL,-1.0,-1000.0
2022-07-06,LONG,2022-07-06 13:15:00-04:00,2022-07-06 14:00:00-04:00,11808.1,11796.5,11837.100000000002,2022-07-06 14:00:00-04:00,11796.5,SL,-1.0,-1000.0
2022-07-07,LONG,2022-07-07 12:00:00-04:00,2022-07-07 12:15:00-04:00,12051.65,12037.4,12087.275,2022-07-07 13:45:00-04:00,12087.275,TP,2.5,2500.0
2022-07-08,LONG,2022-07-08 10:30:00-04:00,2022-07-08 10:45:00-04:00,12088.9,12037.65,12217.025,2022-07-08 12:30:00-04:00,12037.65,SL,-1.0,-1000.0
2022-07-11,LONG,2022-07-11 13:15:00-04:00,2022-07-11 14:00:00-04:00,11933.95,11904.85,12006.7,2022-07-11 14:30:00-04:00,11904.85,SL,-1.0,-1000.0
2022-07-12,SHORT,2022-07-12 10:00:00-04:00,2022-07-12 10:15:00-04:00,11831.65,11943.05,11553.150000000001,2022-07-12 23:45:00-04:00,11785.1,EOD,0.4179,417.86
2022-07-13,LONG,2022-07-13 10:45:00-04:00,2022-07-13 11:00:00-04:00,11751.45,11643.7,12020.825,2022-07-13 19:30:00-04:00,11643.7,SL,-1.0,-1000.0
2022-07-14,LONG,2022-07-14 11:45:00-04:00,2022-07-14 12:00:00-04:00,11651.5,11628.9,11708.0,2022-07-14 12:15:00-04:00,11628.9,SL,-1.0,-1000.0
2022-07-15,LONG,2022-07-15 11:15:00-04:00,2022-07-15 11:30:00-04:00,11948.8,11922.3,12015.05,2022-07-15 12:00:00-04:00,11922.3,SL,-1.0,-1000.0
2022-07-18,LONG,2022-07-18 11:45:00-04:00,2022-07-18 12:45:00-04:00,12130.05,12114.8,12168.175,2022-07-18 13:00:00-04:00,12114.8,SL,-1.0,-1000.0
2022-07-20,LONG,2022-07-20 10:30:00-04:00,2022-07-20 13:00:00-04:00,12361.55,12318.2,12469.924999999996,2022-07-20 15:00:00-04:00,12469.924999999996,TP,2.5,2500.0
2022-07-21,LONG,2022-07-21 11:00:00-04:00,2022-07-21 11:15:00-04:00,12443.85,12418.15,12508.100000000002,2022-07-21 11:30:00-04:00,12508.100000000002,TP,2.5,2500.0
2022-07-25,SHORT,2022-07-25 10:15:00-04:00,2022-07-25 10:30:00-04:00,12334.35,12365.35,12256.85,2022-07-25 11:45:00-04:00,12365.35,SL,-1.0,-1000.0
2022-07-26,SHORT,2022-07-26 10:30:00-04:00,2022-07-26 10:45:00-04:00,12165.6,12195.85,12089.975,2022-07-26 11:45:00-04:00,12089.975,TP,2.5,2500.0
2022-07-27,LONG,2022-07-27 10:15:00-04:00,2022-07-27 10:30:00-04:00,12381.2,12367.35,12415.825,2022-07-27 11:00:00-04:00,12415.825,TP,2.5,2500.0
2022-07-29,SHORT,2022-07-29 11:00:00-04:00,2022-07-29 12:00:00-04:00,12848.35,12899.1,12721.475,2022-07-29 13:30:00-04:00,12899.1,SL,-1.0,-1000.0
2022-08-01,LONG,2022-08-01 10:00:00-04:00,2022-08-01 10:15:00-04:00,12950.65,12931.9,12997.525,2022-08-01 10:15:00-04:00,12997.525,TP,2.5,2500.0
2022-08-02,LONG,2022-08-02 10:45:00-04:00,2022-08-02 13:30:00-04:00,12901.0,12888.0,12933.5,2022-08-02 13:30:00-04:00,12933.5,TP,2.5,2500.0
2022-08-04,SHORT,2022-08-04 10:30:00-04:00,2022-08-04 10:45:00-04:00,13225.9,13257.35,13147.274999999998,2022-08-04 11:45:00-04:00,13257.35,SL,-1.0,-1000.0
2022-08-05,LONG,2022-08-05 10:15:00-04:00,2022-08-05 10:30:00-04:00,13239.45,13162.7,13431.325,2022-08-05 11:00:00-04:00,13162.7,SL,-1.0,-1000.0
2022-08-09,SHORT,2022-08-09 10:00:00-04:00,2022-08-09 10:15:00-04:00,12993.45,13061.25,12823.950000000003,2022-08-09 23:45:00-04:00,12995.1,EOD,-0.0243,-24.34
2022-08-10,LONG,2022-08-10 10:45:00-04:00,2022-08-10 12:15:00-04:00,13297.6,13263.85,13381.975,2022-08-10 15:30:00-04:00,13381.975,TP,2.5,2500.0
2022-08-11,LONG,2022-08-11 10:15:00-04:00,2022-08-11 10:30:00-04:00,13504.45,13475.55,13576.700000000004,2022-08-11 10:30:00-04:00,13475.55,SL,-1.0,-1000.0
2022-08-16,SHORT,2022-08-16 10:30:00-04:00,2022-08-16 10:45:00-04:00,13546.35,13571.6,13483.225,2022-08-16 11:00:00-04:00,13571.6,SL,-1.0,-1000.0
2022-08-18,LONG,2022-08-18 11:30:00-04:00,2022-08-18 12:00:00-04:00,13522.6,13513.1,13546.35,2022-08-18 12:00:00-04:00,13546.35,TP,2.5,2500.0
2022-08-23,SHORT,2022-08-23 11:00:00-04:00,2022-08-23 11:15:00-04:00,12906.9,12936.65,12832.525,2022-08-23 13:15:00-04:00,12936.65,SL,-1.0,-1000.0
2022-08-24,LONG,2022-08-24 11:15:00-04:00,2022-08-24 11:30:00-04:00,12954.05,12917.4,13045.675,2022-08-24 12:45:00-04:00,12917.4,SL,-1.0,-1000.0
2022-08-25,LONG,2022-08-25 10:00:00-04:00,2022-08-25 11:00:00-04:00,13026.5,12959.75,13193.375,2022-08-25 23:45:00-04:00,13138.6,EOD,1.6794,1679.4
2022-08-29,SHORT,2022-08-29 10:45:00-04:00,2022-08-29 12:00:00-04:00,12510.7,12553.7,12403.2,2022-08-29 12:15:00-04:00,12553.7,SL,-1.0,-1000.0
2022-09-01,SHORT,2022-09-01 10:45:00-04:00,2022-09-01 11:30:00-04:00,12084.2,12155.95,11904.825,2022-09-01 14:15:00-04:00,12155.95,SL,-1.0,-1000.0
2022-09-02,LONG,2022-09-02 10:30:00-04:00,2022-09-02 10:45:00-04:00,12394.7,12354.6,12494.95,2022-09-02 12:15:00-04:00,12354.6,SL,-1.0,-1000.0
2022-09-05,LONG,2022-09-05 12:15:00-04:00,2022-09-05 12:30:00-04:00,12150.5,12134.75,12189.875,2022-09-05 12:30:00-04:00,12134.75,SL,-1.0,-1000.0
2022-09-06,SHORT,2022-09-06 10:00:00-04:00,2022-09-06 10:30:00-04:00,12038.55,12087.55,11916.05,2022-09-06 10:45:00-04:00,12087.55,SL,-1.0,-1000.0
2022-09-07,LONG,2022-09-07 11:15:00-04:00,2022-09-07 11:30:00-04:00,12120.3,12071.6,12242.049999999996,2022-09-07 14:00:00-04:00,12242.049999999996,TP,2.5,2500.0
2022-09-08,LONG,2022-09-08 10:45:00-04:00,2022-09-08 12:00:00-04:00,12290.05,12246.55,12398.8,2022-09-08 12:00:00-04:00,12246.55,SL,-1.0,-1000.0
2022-09-09,LONG,2022-09-09 10:00:00-04:00,2022-09-09 10:15:00-04:00,12495.25,12442.1,12628.125,2022-09-09 16:45:00-04:00,12585.75,EOD,1.7027,1702.73
2022-09-12,LONG,2022-09-12 10:00:00-04:00,2022-09-12 10:30:00-04:00,12722.85,12684.85,12817.85,2022-09-12 11:00:00-04:00,12684.85,SL,-1.0,-1000.0
2022-09-13,SHORT,2022-09-13 10:45:00-04:00,2022-09-13 13:15:00-04:00,12251.7,12298.5,12134.700000000003,2022-09-13 14:45:00-04:00,12134.700000000003,TP,2.5,2500.0
2022-09-14,SHORT,2022-09-14 13:45:00-04:00,2022-09-14 15:45:00-04:00,12122.45,12141.7,12074.325,2022-09-14 15:45:00-04:00,12141.7,SL,-1.0,-1000.0
2022-09-15,LONG,2022-09-15 10:00:00-04:00,2022-09-15 10:15:00-04:00,12107.0,12093.0,12142.0,2022-09-15 10:15:00-04:00,12093.0,SL,-1.0,-1000.0
2022-09-16,SHORT,2022-09-16 11:00:00-04:00,2022-09-16 11:15:00-04:00,11769.45,11787.1,11725.325,2022-09-16 11:30:00-04:00,11725.325,TP,2.5,2500.0
2022-09-19,LONG,2022-09-19 10:45:00-04:00,2022-09-19 11:15:00-04:00,11865.15,11843.9,11918.275,2022-09-19 11:15:00-04:00,11843.9,SL,-1.0,-1000.0
2022-09-20,LONG,2022-09-20 12:00:00-04:00,2022-09-20 12:15:00-04:00,11921.5,11889.25,12002.125,2022-09-20 12:30:00-04:00,11889.25,SL,-1.0,-1000.0
2022-09-21,LONG,2022-09-21 12:30:00-04:00,2022-09-21 12:45:00-04:00,11917.1,11906.85,11942.725,2022-09-21 13:00:00-04:00,11906.85,SL,-1.0,-1000.0
2022-09-22,SHORT,2022-09-22 11:00:00-04:00,2022-09-22 11:30:00-04:00,11501.85,11520.1,11456.225,2022-09-22 11:45:00-04:00,11520.1,SL,-1.0,-1000.0
2022-09-23,SHORT,2022-09-23 11:45:00-04:00,2022-09-23 13:00:00-04:00,11305.5,11313.75,11284.875,2022-09-23 13:00:00-04:00,11284.875,TP,2.5,2500.0
2022-09-27,LONG,2022-09-27 10:45:00-04:00,2022-09-27 11:00:00-04:00,11413.4,11372.4,11515.9,2022-09-27 11:15:00-04:00,11372.4,SL,-1.0,-1000.0
2022-09-29,SHORT,2022-09-29 10:15:00-04:00,2022-09-29 10:30:00-04:00,11151.5,11193.5,11046.5,2022-09-29 11:45:00-04:00,11193.5,SL,-1.0,-1000.0
2022-09-30,LONG,2022-09-30 11:15:00-04:00,2022-09-30 11:30:00-04:00,11265.65,11236.65,11338.15,2022-09-30 11:30:00-04:00,11236.65,SL,-1.0,-1000.0
2022-10-04,LONG,2022-10-04 10:00:00-04:00,2022-10-04 12:15:00-04:00,11559.0,11500.75,11704.625,2022-10-04 13:00:00-04:00,11500.75,SL,-1.0,-1000.0
2022-10-05,SHORT,2022-10-05 10:15:00-04:00,2022-10-05 11:15:00-04:00,11370.45,11418.7,11249.825,2022-10-05 12:00:00-04:00,11418.7,SL,-1.0,-1000.0
2022-10-06,SHORT,2022-10-06 10:15:00-04:00,2022-10-06 10:30:00-04:00,11527.75,11579.0,11399.625,2022-10-06 10:45:00-04:00,11579.0,SL,-1.0,-1000.0
2022-10-07,SHORT,2022-10-07 10:00:00-04:00,2022-10-07 10:15:00-04:00,11189.75,11217.0,11121.625,2022-10-07 10:15:00-04:00,11217.0,SL,-1.0,-1000.0
2022-10-10,SHORT,2022-10-10 10:45:00-04:00,2022-10-10 11:15:00-04:00,10924.35,10989.85,10760.6,2022-10-10 13:45:00-04:00,10989.85,SL,-1.0,-1000.0
2022-10-11,SHORT,2022-10-11 10:00:00-04:00,2022-10-11 10:15:00-04:00,10791.65,10823.9,10711.025,2022-10-11 10:30:00-04:00,10823.9,SL,-1.0,-1000.0
2022-10-12,LONG,2022-10-12 11:15:00-04:00,2022-10-12 11:30:00-04:00,10823.15,10789.4,10907.525,2022-10-12 13:30:00-04:00,10789.4,SL,-1.0,-1000.0
2022-10-17,LONG,2022-10-17 11:30:00-04:00,2022-10-17 12:45:00-04:00,11035.45,11001.2,11121.075,2022-10-17 18:00:00-04:00,11121.075,TP,2.5,2500.0
2022-10-18,SHORT,2022-10-18 10:00:00-04:00,2022-10-18 10:15:00-04:00,11296.0,11323.5,11227.25,2022-10-18 10:15:00-04:00,11227.25,TP,2.5,2500.0
2022-10-19,LONG,2022-10-19 10:15:00-04:00,2022-10-19 10:45:00-04:00,11167.05,11092.8,11352.675,2022-10-19 12:30:00-04:00,11092.8,SL,-1.0,-1000.0
2022-10-20,LONG,2022-10-20 10:00:00-04:00,2022-10-20 12:15:00-04:00,11154.2,11120.95,11237.325,2022-10-20 12:45:00-04:00,11120.95,SL,-1.0,-1000.0
2022-10-21,LONG,2022-10-21 10:00:00-04:00,2022-10-21 10:15:00-04:00,11101.85,11042.1,11251.225,2022-10-21 10:30:00-04:00,11042.1,SL,-1.0,-1000.0
2022-10-24,SHORT,2022-10-24 10:15:00-04:00,2022-10-24 10:30:00-04:00,11240.25,11323.75,11031.5,2022-10-24 11:00:00-04:00,11323.75,SL,-1.0,-1000.0
2022-10-25,LONG,2022-10-25 10:00:00-04:00,2022-10-25 10:30:00-04:00,11581.75,11523.25,11728.0,2022-10-25 16:15:00-04:00,11523.25,SL,-1.0,-1000.0
2022-10-26,LONG,2022-10-26 10:30:00-04:00,2022-10-26 12:45:00-04:00,11525.9,11511.15,11562.775,2022-10-26 12:45:00-04:00,11511.15,SL,-1.0,-1000.0
2022-10-31,SHORT,2022-10-31 10:00:00-04:00,2022-10-31 11:15:00-04:00,11418.55,11439.3,11366.675,2022-10-31 11:30:00-04:00,11439.3,SL,-1.0,-1000.0
2022-11-02,SHORT,2022-11-02 11:15:00-04:00,2022-11-02 11:30:00-04:00,11210.25,11237.25,11142.75,2022-11-02 13:45:00-04:00,11237.25,SL,-1.0,-1000.0
2022-11-03,SHORT,2022-11-03 11:15:00-04:00,2022-11-03 12:15:00-04:00,10787.7,10836.2,10666.45,2022-11-03 18:00:00-04:00,10666.45,TP,2.5,2500.0
2022-11-04,LONG,2022-11-04 10:15:00-04:00,2022-11-04 10:45:00-04:00,10842.6,10814.1,10913.85,2022-11-04 10:45:00-04:00,10913.85,TP,2.5,2500.0
2022-11-07,LONG,2022-11-07 13:15:00-05:00,2022-11-07 13:30:00-05:00,10884.95,10872.2,10916.825,2022-11-07 14:00:00-05:00,10916.825,TP,2.5,2500.0
2022-11-08,LONG,2022-11-08 10:30:00-05:00,2022-11-08 13:30:00-05:00,11061.4,11036.9,11122.65,2022-11-08 13:45:00-05:00,11036.9,SL,-1.0,-1000.0
2022-11-09,SHORT,2022-11-09 10:45:00-05:00,2022-11-09 11:00:00-05:00,10951.55,10966.3,10914.675,2022-11-09 11:00:00-05:00,10966.3,SL,-1.0,-1000.0
2022-11-10,LONG,2022-11-10 10:00:00-05:00,2022-11-10 10:15:00-05:00,11396.4,11289.65,11663.275,2022-11-10 23:45:00-05:00,11628.35,EOD,2.1728,2172.83
2022-11-11,LONG,2022-11-11 10:15:00-05:00,2022-11-11 10:30:00-05:00,11683.35,11615.1,11853.975,2022-11-11 11:30:00-05:00,11615.1,SL,-1.0,-1000.0
2022-11-14,LONG,2022-11-14 10:15:00-05:00,2022-11-14 10:30:00-05:00,11738.1,11722.6,11776.85,2022-11-14 10:30:00-05:00,11776.85,TP,2.5,2500.0
2022-11-15,LONG,2022-11-15 11:45:00-05:00,2022-11-15 12:00:00-05:00,11993.45,11961.45,12073.45,2022-11-15 12:30:00-05:00,11961.45,SL,-1.0,-1000.0
2022-11-16,LONG,2022-11-16 11:30:00-05:00,2022-11-16 12:00:00-05:00,11730.0,11717.25,11761.875,2022-11-16 12:30:00-05:00,11761.875,TP,2.5,2500.0
2022-11-17,LONG,2022-11-17 10:30:00-05:00,2022-11-17 10:45:00-05:00,11609.8,11590.05,11659.175,2022-11-17 10:45:00-05:00,11590.05,SL,-1.0,-1000.0
2022-11-18,SHORT,2022-11-18 10:15:00-05:00,2022-11-18 10:30:00-05:00,11701.25,11729.0,11631.875,2022-11-18 11:00:00-05:00,11631.875,TP,2.5,2500.0
2022-11-22,LONG,2022-11-22 10:15:00-05:00,2022-11-22 10:30:00-05:00,11577.25,11530.5,11694.125,2022-11-22 15:00:00-05:00,11694.125,TP,2.5,2500.0
2022-11-23,LONG,2022-11-23 10:00:00-05:00,2022-11-23 11:45:00-05:00,11785.8,11774.55,11813.925,2022-11-23 11:45:00-05:00,11774.55,SL,-1.0,-1000.0
2022-11-24,LONG,2022-11-24 11:00:00-05:00,2022-11-24 11:15:00-05:00,11901.25,11898.25,11908.75,2022-11-24 11:30:00-05:00,11898.25,SL,-1.0,-1000.0
2022-11-25,SHORT,2022-11-25 11:30:00-05:00,2022-11-25 11:45:00-05:00,11779.2,11791.45,11748.575,2022-11-25 13:00:00-05:00,11766.95,EOD,1.0,1000.0
2022-11-28,SHORT,2022-11-28 10:30:00-05:00,2022-11-28 12:00:00-05:00,11703.8,11739.05,11615.675,2022-11-28 13:45:00-05:00,11615.675,TP,2.5,2500.0
2022-11-30,SHORT,2022-11-30 12:15:00-05:00,2022-11-30 13:00:00-05:00,11532.6,11548.35,11493.225,2022-11-30 13:00:00-05:00,11548.35,SL,-1.0,-1000.0
2022-12-01,SHORT,2022-12-01 10:15:00-05:00,2022-12-01 10:45:00-05:00,12001.35,12121.1,11701.975,2022-12-01 23:45:00-05:00,12012.5,EOD,-0.0931,-93.11
2022-12-02,LONG,2022-12-02 11:30:00-05:00,2022-12-02 12:30:00-05:00,11904.0,11878.25,11968.375,2022-12-02 14:45:00-05:00,11968.375,TP,2.5,2500.0
2022-12-05,SHORT,2022-12-05 10:15:00-05:00,2022-12-05 10:30:00-05:00,11907.55,11892.05,11868.8,2022-12-05 10:30:00-05:00,11892.05,SL,1.0,1000.0
2022-12-07,SHORT,2022-12-07 11:30:00-05:00,2022-12-07 11:45:00-05:00,11491.1,11524.1,11408.6,2022-12-07 12:45:00-05:00,11524.1,SL,-1.0,-1000.0
2022-12-08,LONG,2022-12-08 10:00:00-05:00,2022-12-08 11:15:00-05:00,11592.55,11481.55,11870.05,2022-12-08 23:45:00-05:00,11671.85,EOD,0.7144,714.41
2022-12-12,LONG,2022-12-12 11:15:00-05:00,2022-12-12 11:30:00-05:00,11581.45,11561.95,11630.2,2022-12-12 14:45:00-05:00,11630.2,TP,2.5,2500.0
2022-12-14,LONG,2022-12-14 10:15:00-05:00,2022-12-14 10:30:00-05:00,11907.35,11899.6,11926.725,2022-12-14 10:30:00-05:00,11899.6,SL,-1.0,-1000.0
2022-12-15,SHORT,2022-12-15 10:00:00-05:00,2022-12-15 10:15:00-05:00,11462.45,11538.95,11271.2,2022-12-15 23:45:00-05:00,11337.2,EOD,1.6373,1637.25
2022-12-16,SHORT,2022-12-16 10:15:00-05:00,2022-12-16 15:30:00-05:00,11276.7,11346.45,11102.325,2022-12-16 16:45:00-05:00,11210.35,EOD,0.9513,951.25
2022-12-19,SHORT,2022-12-19 10:00:00-05:00,2022-12-19 10:15:00-05:00,11162.9,11205.65,11056.025,2022-12-19 14:00:00-05:00,11056.025,TP,2.5,2500.0
2022-12-20,LONG,2022-12-20 10:00:00-05:00,2022-12-20 11:00:00-05:00,11052.7,10977.2,11241.45,2022-12-20 23:45:00-05:00,11106.65,EOD,0.7146,714.57
2022-12-22,SHORT,2022-12-22 10:15:00-05:00,2022-12-22 15:45:00-05:00,10951.0,11017.5,10784.75,2022-12-22 23:45:00-05:00,10956.3,EOD,-0.0797,-79.7
2022-12-23,LONG,2022-12-23 10:30:00-05:00,2022-12-23 10:45:00-05:00,10937.05,10870.8,11102.675,2022-12-23 16:45:00-05:00,10968.0,EOD,0.4672,467.17
2022-12-27,LONG,2022-12-27 10:30:00-05:00,2022-12-27 11:00:00-05:00,10863.6,10844.45,10911.474999999999,2022-12-27 12:45:00-05:00,10844.45,SL,-1.0,-1000.0
2022-12-30,SHORT,2022-12-30 13:30:00-05:00,2022-12-30 15:00:00-05:00,10841.1,10849.85,10819.225,2022-12-30 15:00:00-05:00,10849.85,SL,-1.0,-1000.0
2023-01-04,SHORT,2023-01-04 10:15:00-05:00,2023-01-04 10:30:00-05:00,10848.05,10893.05,10735.55,2023-01-04 11:00:00-05:00,10893.05,SL,-1.0,-1000.0
2023-01-05,LONG,2023-01-05 13:30:00-05:00,2023-01-05 13:45:00-05:00,10803.45,10744.45,10950.95,2023-01-05 15:45:00-05:00,10744.45,SL,-1.0,-1000.0
2023-01-09,LONG,2023-01-09 10:00:00-05:00,2023-01-09 10:15:00-05:00,11211.5,11166.75,11323.375,2023-01-09 14:45:00-05:00,11166.75,SL,-1.0,-1000.0
2023-01-10,LONG,2023-01-10 12:45:00-05:00,2023-01-10 13:15:00-05:00,11135.45,11119.95,11174.2,2023-01-10 14:00:00-05:00,11174.2,TP,2.5,2500.0
2023-01-11,LONG,2023-01-11 12:15:00-05:00,2023-01-11 12:30:00-05:00,11320.85,11299.85,11373.35,2023-01-11 15:15:00-05:00,11373.35,TP,2.5,2500.0
2023-01-12,LONG,2023-01-12 10:15:00-05:00,2023-01-12 10:30:00-05:00,11380.05,11285.05,11617.55,2023-01-12 23:45:00-05:00,11417.6,EOD,0.3953,395.26
2023-01-13,LONG,2023-01-13 10:15:00-05:00,2023-01-13 11:00:00-05:00,11411.6,11375.1,11502.85,2023-01-13 14:30:00-05:00,11502.85,TP,2.5,2500.0
2023-01-16,SHORT,2023-01-16 10:15:00-05:00,2023-01-16 10:30:00-05:00,11521.8,11530.55,11499.925,2023-01-16 10:30:00-05:00,11530.55,SL,-1.0,-1000.0
2023-01-17,LONG,2023-01-17 10:15:00-05:00,2023-01-17 10:30:00-05:00,11583.15,11547.35,11672.649999999998,2023-01-17 10:30:00-05:00,11547.35,SL,-1.0,-1000.0
2023-01-19,LONG,2023-01-19 12:15:00-05:00,2023-01-19 12:30:00-05:00,11275.85,11265.35,11302.1,2023-01-19 13:00:00-05:00,11302.1,TP,2.5,2500.0
2023-01-24,SHORT,2023-01-24 12:45:00-05:00,2023-01-24 13:00:00-05:00,11847.05,11865.3,11801.425,2023-01-24 13:30:00-05:00,11865.3,SL,-1.0,-1000.0
2023-01-26,SHORT,2023-01-26 10:00:00-05:00,2023-01-26 10:15:00-05:00,11943.75,11955.75,11913.75,2023-01-26 10:15:00-05:00,11955.75,SL,-1.0,-1000.0
2023-01-27,LONG,2023-01-27 10:00:00-05:00,2023-01-27 10:45:00-05:00,12051.5,12042.0,12075.25,2023-01-27 10:45:00-05:00,12042.0,SL,-1.0,-1000.0
2023-01-30,SHORT,2023-01-30 10:30:00-05:00,2023-01-30 11:00:00-05:00,11999.55,12055.3,11860.175,2023-01-30 23:45:00-05:00,11885.95,EOD,2.0377,2037.67
2023-01-31,LONG,2023-01-31 10:30:00-05:00,2023-01-31 12:00:00-05:00,11996.95,11979.95,12039.45,2023-01-31 12:30:00-05:00,12039.45,TP,2.5,2500.0
2023-02-01,SHORT,2023-02-01 11:00:00-05:00,2023-02-01 11:15:00-05:00,12057.1,12069.1,12027.1,2023-02-01 11:15:00-05:00,12069.1,SL,-1.0,-1000.0
2023-02-02,LONG,2023-02-02 10:30:00-05:00,2023-02-02 14:45:00-05:00,12684.7,12637.95,12801.575,2023-02-02 15:45:00-05:00,12801.575,TP,2.5,2500.0
2023-02-03,LONG,2023-02-03 10:30:00-05:00,2023-02-03 12:45:00-05:00,12710.35,12705.95,12721.349999999999,2023-02-03 12:45:00-05:00,12705.95,SL,-1.0,-1000.0
2023-02-06,SHORT,2023-02-06 10:30:00-05:00,2023-02-06 10:45:00-05:00,12455.6,12501.85,12339.975,2023-02-06 10:45:00-05:00,12501.85,SL,-1.0,-1000.0
2023-02-07,LONG,2023-02-07 11:15:00-05:00,2023-02-07 12:15:00-05:00,12497.85,12470.85,12565.35,2023-02-07 12:30:00-05:00,12565.35,TP,2.5,2500.0
2023-02-09,SHORT,2023-02-09 12:45:00-05:00,2023-02-09 13:15:00-05:00,12502.6,12541.1,12406.35,2023-02-09 15:00:00-05:00,12406.35,TP,2.5,2500.0
2023-02-10,SHORT,2023-02-10 10:45:00-05:00,2023-02-10 11:00:00-05:00,12314.35,12344.1,12239.975,2023-02-10 11:45:00-05:00,12239.975,TP,2.5,2500.0
2023-02-13,LONG,2023-02-13 11:00:00-05:00,2023-02-13 14:30:00-05:00,12457.6,12425.85,12536.975,2023-02-13 23:45:00-05:00,12487.45,EOD,0.9402,940.16
2023-02-14,LONG,2023-02-14 10:00:00-05:00,2023-02-14 10:30:00-05:00,12549.45,12464.45,12761.95,2023-02-14 10:30:00-05:00,12464.45,SL,-1.0,-1000.0
2023-02-16,LONG,2023-02-16 10:30:00-05:00,2023-02-16 12:15:00-05:00,12571.05,12538.3,12652.925,2023-02-16 12:45:00-05:00,12652.925,TP,2.5,2500.0
2023-02-17,SHORT,2023-02-17 12:45:00-05:00,2023-02-17 13:00:00-05:00,12264.55,12272.8,12243.925,2023-02-17 13:00:00-05:00,12272.8,SL,-1.0,-1000.0
2023-02-20,SHORT,2023-02-20 10:15:00-05:00,2023-02-20 10:30:00-05:00,12346.5,12354.5,12326.5,2023-02-20 11:15:00-05:00,12354.5,SL,-1.0,-1000.0
2023-02-21,SHORT,2023-02-21 10:15:00-05:00,2023-02-21 10:30:00-05:00,12189.25,12198.25,12166.75,2023-02-21 10:30:00-05:00,12198.25,SL,-1.0,-1000.0
2023-02-22,SHORT,2023-02-22 10:15:00-05:00,2023-02-22 10:45:00-05:00,12058.3,12092.8,11972.05,2023-02-22 12:15:00-05:00,12092.8,SL,-1.0,-1000.0
2023-02-23,SHORT,2023-02-23 10:15:00-05:00,2023-02-23 10:30:00-05:00,12171.05,12209.55,12074.8,2023-02-23 10:45:00-05:00,12074.8,TP,2.5,2500.0
2023-02-24,SHORT,2023-02-24 12:45:00-05:00,2023-02-24 13:15:00-05:00,11925.2,11945.2,11875.2,2023-02-24 13:45:00-05:00,11945.2,SL,-1.0,-1000.0
2023-02-27,LONG,2023-02-27 10:15:00-05:00,2023-02-27 10:30:00-05:00,12133.2,12126.7,12149.45,2023-02-27 10:30:00-05:00,12126.7,SL,-1.0,-1000.0
2023-02-28,LONG,2023-02-28 11:15:00-05:00,2023-02-28 11:30:00-05:00,12074.6,12057.35,12117.725,2023-02-28 11:30:00-05:00,12057.35,SL,-1.0,-1000.0
2023-03-01,SHORT,2023-03-01 10:15:00-05:00,2023-03-01 10:30:00-05:00,11968.55,12041.05,11787.3,2023-03-01 23:45:00-05:00,11886.5,EOD,1.1317,1131.72
2023-03-02,LONG,2023-03-02 10:00:00-05:00,2023-03-02 10:15:00-05:00,11875.25,11854.0,11928.375,2023-03-02 13:30:00-05:00,11928.375,TP,2.5,2500.0
2023-03-06,LONG,2023-03-06 10:15:00-05:00,2023-03-06 12:45:00-05:00,12390.05,12368.8,12443.175,2023-03-06 13:00:00-05:00,12368.8,SL,-1.0,-1000.0
2023-03-07,SHORT,2023-03-07 10:15:00-05:00,2023-03-07 10:30:00-05:00,12249.55,12318.8,12076.425,2023-03-07 23:45:00-05:00,12153.8,EOD,1.3827,1382.67
2023-03-08,SHORT,2023-03-08 12:15:00-05:00,2023-03-08 15:30:00-05:00,12205.8,12238.17,12124.874999999996,2023-03-08 23:45:00-05:00,12194.95,EOD,0.3352,335.19
2023-03-09,LONG,2023-03-09 10:00:00-05:00,2023-03-09 10:15:00-05:00,12306.57,12268.7,12401.244999999997,2023-03-09 12:00:00-05:00,12268.7,SL,-1.0,-1000.0
2023-03-10,LONG,2023-03-10 11:00:00-05:00,2023-03-10 11:15:00-05:00,11977.85,11918.1,12127.225,2023-03-10 12:45:00-05:00,11918.1,SL,-1.0,-1000.0
2023-03-13,LONG,2023-03-13 11:00:00-04:00,2023-03-13 11:45:00-04:00,11839.3,11715.75,12148.174999999997,2023-03-13 23:45:00-04:00,11991.15,EOD,1.2291,1229.06
2023-03-14,LONG,2023-03-14 10:45:00-04:00,2023-03-14 14:15:00-04:00,12104.15,12079.4,12166.025,2023-03-14 15:00:00-04:00,12079.4,SL,-1.0,-1000.0
2023-03-15,LONG,2023-03-15 10:30:00-04:00,2023-03-15 11:00:00-04:00,12065.8,12035.55,12141.425,2023-03-15 11:45:00-04:00,12035.55,SL,-1.0,-1000.0
2023-03-17,LONG,2023-03-17 10:15:00-04:00,2023-03-17 10:30:00-04:00,12565.15,12548.9,12605.775,2023-03-17 10:30:00-04:00,12605.775,TP,2.5,2500.0
2023-03-20,SHORT,2023-03-20 10:15:00-04:00,2023-03-20 12:00:00-04:00,12531.2,12547.2,12491.2,2023-03-20 12:15:00-04:00,12547.2,SL,-1.0,-1000.0
2023-03-21,SHORT,2023-03-21 11:30:00-04:00,2023-03-21 11:45:00-04:00,12636.12,12649.75,12602.045000000002,2023-03-21 11:45:00-04:00,12602.045000000002,TP,2.5,2500.0
2023-03-22,LONG,2023-03-22 10:15:00-04:00,2023-03-22 10:30:00-04:00,12739.3,12728.05,12767.425,2023-03-22 10:30:00-04:00,12728.05,SL,-1.0,-1000.0
2023-03-23,LONG,2023-03-23 10:30:00-04:00,2023-03-23 15:15:00-04:00,12721.2,12702.45,12768.075,2023-03-23 15:15:00-04:00,12702.45,SL,-1.0,-1000.0
2023-03-24,SHORT,2023-03-24 12:15:00-04:00,2023-03-24 12:30:00-04:00,12638.47,12678.6,12538.144999999997,2023-03-24 12:45:00-04:00,12678.6,SL,-1.0,-1000.0
2023-03-28,SHORT,2023-03-28 10:45:00-04:00,2023-03-28 11:00:00-04:00,12550.45,12583.3,12468.325000000004,2023-03-28 11:15:00-04:00,12583.3,SL,-1.0,-1000.0
2023-03-29,SHORT,2023-03-29 10:30:00-04:00,2023-03-29 11:15:00-04:00,12780.8,12789.55,12758.925,2023-03-29 11:15:00-04:00,12758.925,TP,2.5,2500.0
2023-03-30,SHORT,2023-03-30 13:45:00-04:00,2023-03-30 14:00:00-04:00,12920.85,12934.85,12885.85,2023-03-30 14:15:00-04:00,12934.85,SL,-1.0,-1000.0
2023-04-03,SHORT,2023-04-03 11:00:00-04:00,2023-04-03 11:15:00-04:00,13078.35,13123.6,12965.225,2023-04-03 15:00:00-04:00,13123.6,SL,-1.0,-1000.0
2023-04-04,SHORT,2023-04-04 11:15:00-04:00,2023-04-04 11:30:00-04:00,13128.57,13151.95,13070.119999999997,2023-04-04 14:45:00-04:00,13070.119999999997,TP,2.5,2500.0
2023-04-05,SHORT,2023-04-05 10:45:00-04:00,2023-04-05 11:30:00-04:00,12950.97,12978.35,12882.519999999997,2023-04-05 15:45:00-04:00,12978.35,SL,-1.0,-1000.0
2023-04-06,LONG,2023-04-06 10:15:00-04:00,2023-04-06 10:30:00-04:00,12907.37,12877.5,12982.045000000002,2023-04-06 11:30:00-04:00,12982.045000000002,TP,2.5,2500.0
2023-04-10,LONG,2023-04-10 11:15:00-04:00,2023-04-10 11:45:00-04:00,12951.87,12915.62,13042.495,2023-04-10 12:00:00-04:00,12915.62,SL,-1.0,-1000.0
2023-04-11,LONG,2023-04-11 13:45:00-04:00,2023-04-11 14:00:00-04:00,13007.27,12998.52,13029.145,2023-04-11 14:30:00-04:00,13029.145,TP,2.5,2500.0
2023-04-12,SHORT,2023-04-12 10:45:00-04:00,2023-04-12 11:45:00-04:00,12976.5,13017.5,12874.0,2023-04-12 15:00:00-04:00,12874.0,TP,2.5,2500.0
2023-04-13,LONG,2023-04-13 10:15:00-04:00,2023-04-13 10:30:00-04:00,13017.85,12967.17,13144.550000000001,2023-04-13 23:45:00-04:00,13100.15,EOD,1.6239,1623.91
2023-04-14,SHORT,2023-04-14 10:15:00-04:00,2023-04-14 16:15:00-04:00,13094.9,13133.85,12997.524999999998,2023-04-14 16:45:00-04:00,13101.3,EOD,-0.1643,-164.31
2023-04-17,SHORT,2023-04-17 10:45:00-04:00,2023-04-17 11:00:00-04:00,13048.35,13060.72,13017.425000000003,2023-04-17 11:30:00-04:00,13017.425000000003,TP,2.5,2500.0
2023-04-19,LONG,2023-04-19 10:45:00-04:00,2023-04-19 23:00:00-04:00,13034.25,13027.87,13050.199999999997,2023-04-19 23:30:00-04:00,13050.199999999997,TP,2.5,2500.0
2023-04-20,LONG,2023-04-20 10:15:00-04:00,2023-04-20 10:30:00-04:00,13042.55,13028.55,13077.55,2023-04-20 11:00:00-04:00,13028.55,SL,-1.0,-1000.0
2023-04-21,SHORT,2023-04-21 10:00:00-04:00,2023-04-21 10:15:00-04:00,12945.75,12976.8,12868.125000000002,2023-04-21 10:15:00-04:00,12976.8,SL,-1.0,-1000.0
2023-04-24,SHORT,2023-04-24 10:45:00-04:00,2023-04-24 11:00:00-04:00,12948.72,13012.22,12789.97,2023-04-24 23:45:00-04:00,12931.85,EOD,0.2657,265.67
2023-04-25,SHORT,2023-04-25 10:15:00-04:00,2023-04-25 10:45:00-04:00,12878.22,12900.6,12822.269999999997,2023-04-25 12:30:00-04:00,12822.269999999997,TP,2.5,2500.0
2023-04-26,LONG,2023-04-26 11:15:00-04:00,2023-04-26 11:30:00-04:00,12895.72,12865.35,12971.644999999997,2023-04-26 13:30:00-04:00,12865.35,SL,-1.0,-1000.0
2023-04-28,LONG,2023-04-28 10:15:00-04:00,2023-04-28 10:30:00-04:00,13184.85,13132.47,13315.800000000003,2023-04-28 10:45:00-04:00,13132.47,SL,-1.0,-1000.0
2023-05-01,SHORT,2023-05-01 11:30:00-04:00,2023-05-01 11:45:00-04:00,13217.47,13230.22,13185.595,2023-05-01 12:00:00-04:00,13230.22,SL,-1.0,-1000.0
2023-05-03,LONG,2023-05-03 12:00:00-04:00,2023-05-03 12:15:00-04:00,13139.47,13125.35,13174.769999999997,2023-05-03 14:00:00-04:00,13125.35,SL,-1.0,-1000.0
2023-05-04,LONG,2023-05-04 11:00:00-04:00,2023-05-04 11:45:00-04:00,12973.77,12958.52,13011.895,2023-05-04 12:30:00-04:00,13011.895,TP,2.5,2500.0
2023-05-08,LONG,2023-05-08 11:00:00-04:00,2023-05-08 11:30:00-04:00,13231.27,13224.15,13249.070000000003,2023-05-08 11:30:00-04:00,13249.070000000003,TP,2.5,2500.0
2023-05-09,SHORT,2023-05-09 12:00:00-04:00,2023-05-09 12:15:00-04:00,13212.92,13222.8,13188.220000000001,2023-05-09 12:45:00-04:00,13222.8,SL,-1.0,-1000.0
2023-05-10,SHORT,2023-05-10 10:45:00-04:00,2023-05-10 11:15:00-04:00,13293.52,13338.77,13180.395,2023-05-10 14:30:00-04:00,13338.77,SL,-1.0,-1000.0
2023-05-11,LONG,2023-05-11 11:00:00-04:00,2023-05-11 11:15:00-04:00,13358.37,13321.12,13451.495,2023-05-11 23:45:00-04:00,13427.85,EOD,1.8652,1865.23
2023-05-15,SHORT,2023-05-15 10:00:00-04:00,2023-05-15 10:30:00-04:00,13339.47,13367.72,13268.845,2023-05-15 11:00:00-04:00,13367.72,SL,-1.0,-1000.0
2023-05-16,SHORT,2023-05-16 13:30:00-04:00,2023-05-16 13:45:00-04:00,13491.4,13496.52,13478.599999999999,2023-05-16 13:45:00-04:00,13496.52,SL,-1.0,-1000.0
2023-05-19,SHORT,2023-05-19 14:00:00-04:00,2023-05-19 14:15:00-04:00,13797.6,13810.1,13766.35,2023-05-19 15:15:00-04:00,13810.1,SL,-1.0,-1000.0
2023-05-22,SHORT,2023-05-22 11:45:00-04:00,2023-05-22 12:00:00-04:00,13861.52,13873.4,13831.820000000003,2023-05-22 13:15:00-04:00,13831.820000000003,TP,2.5,2500.0
2023-05-23,SHORT,2023-05-23 12:45:00-04:00,2023-05-23 13:00:00-04:00,13765.05,13797.42,13684.124999999996,2023-05-23 14:15:00-04:00,13684.124999999996,TP,2.5,2500.0
2023-05-24,LONG,2023-05-24 13:45:00-04:00,2023-05-24 14:00:00-04:00,13589.27,13567.4,13643.945000000003,2023-05-24 14:15:00-04:00,13567.4,SL,-1.0,-1000.0
2023-05-29,LONG,2023-05-29 12:30:00-04:00,2023-05-29 19:45:00-04:00,14354.67,14350.67,14364.67,2023-05-29 19:45:00-04:00,14364.67,TP,2.5,2500.0
2023-05-30,SHORT,2023-05-30 10:00:00-04:00,2023-05-30 10:15:00-04:00,14433.62,14495.37,14279.245,2023-05-30 23:45:00-04:00,14354.9,EOD,1.2748,1274.82
2023-05-31,SHORT,2023-05-31 10:15:00-04:00,2023-05-31 13:30:00-04:00,14310.45,14350.2,14211.075,2023-05-31 23:45:00-04:00,14251.45,EOD,1.4843,1484.28
2023-06-01,LONG,2023-06-01 10:45:00-04:00,2023-06-01 11:00:00-04:00,14323.07,14272.95,14448.369999999997,2023-06-01 13:45:00-04:00,14448.369999999997,TP,2.5,2500.0
2023-06-02,SHORT,2023-06-02 10:00:00-04:00,2023-06-02 10:15:00-04:00,14512.02,14580.32,14341.270000000002,2023-06-02 11:00:00-04:00,14580.32,SL,-1.0,-1000.0
2023-06-05,LONG,2023-06-05 10:45:00-04:00,2023-06-05 13:30:00-04:00,14613.65,14586.9,14680.525,2023-06-05 14:00:00-04:00,14586.9,SL,-1.0,-1000.0
2023-06-06,LONG,2023-06-06 11:00:00-04:00,2023-06-06 11:15:00-04:00,14562.72,14559.1,14571.769999999997,2023-06-06 11:15:00-04:00,14559.1,SL,-1.0,-1000.0
2023-06-09,LONG,2023-06-09 10:00:00-04:00,2023-06-09 10:30:00-04:00,14629.32,14609.07,14679.945,2023-06-09 10:30:00-04:00,14609.07,SL,-1.0,-1000.0
2023-06-13,SHORT,2023-06-13 10:00:00-04:00,2023-06-13 10:45:00-04:00,14872.35,14909.22,14780.175000000003,2023-06-13 11:00:00-04:00,14909.22,SL,-1.0,-1000.0
2023-06-14,LONG,2023-06-14 10:00:00-04:00,2023-06-14 14:00:00-04:00,14928.8,14920.67,14949.124999999996,2023-06-14 14:00:00-04:00,14920.67,SL,-1.0,-1000.0
2023-06-20,SHORT,2023-06-20 10:15:00-04:00,2023-06-20 12:15:00-04:00,15043.9,15054.9,15016.4,2023-06-20 12:15:00-04:00,15054.9,SL,-1.0,-1000.0
2023-06-21,SHORT,2023-06-21 10:00:00-04:00,2023-06-21 10:15:00-04:00,14963.12,15014.62,14834.37,2023-06-21 11:15:00-04:00,14834.37,TP,2.5,2500.0
2023-06-22,LONG,2023-06-22 10:00:00-04:00,2023-06-22 10:30:00-04:00,14902.8,14884.92,14947.499999999996,2023-06-22 10:30:00-04:00,14947.499999999996,TP,2.5,2500.0
2023-06-23,LONG,2023-06-23 11:45:00-04:00,2023-06-23 14:45:00-04:00,14886.37,14855.25,14964.170000000002,2023-06-23 16:45:00-04:00,14889.9,EOD,0.1134,113.43
2023-06-26,LONG,2023-06-26 10:00:00-04:00,2023-06-26 10:15:00-04:00,14960.72,14927.85,15042.894999999997,2023-06-26 10:30:00-04:00,14927.85,SL,-1.0,-1000.0
2023-06-28,LONG,2023-06-28 10:30:00-04:00,2023-06-28 11:15:00-04:00,14984.1,14913.85,15159.725,2023-06-28 12:45:00-04:00,14913.85,SL,-1.0,-1000.0
2023-06-29,LONG,2023-06-29 11:15:00-04:00,2023-06-29 12:00:00-04:00,14953.75,14920.87,15035.949999999997,2023-06-29 13:00:00-04:00,14920.87,SL,-1.0,-1000.0
2023-06-30,LONG,2023-06-30 10:00:00-04:00,2023-06-30 11:30:00-04:00,15162.7,15150.32,15193.650000000003,2023-06-30 11:30:00-04:00,15150.32,SL,-1.0,-1000.0
2023-07-03,SHORT,2023-07-03 10:45:00-04:00,2023-07-03 11:15:00-04:00,15193.07,15211.82,15146.195,2023-07-03 12:45:00-04:00,15211.82,SL,-1.0,-1000.0
2023-07-04,SHORT,2023-07-04 10:30:00-04:00,2023-07-04 11:15:00-04:00,15209.4,15218.02,15187.849999999999,2023-07-04 23:45:00-04:00,15203.0,EOD,0.7425,742.46
2023-07-05,LONG,2023-07-05 10:30:00-04:00,2023-07-05 10:45:00-04:00,15262.45,15242.37,15312.650000000001,2023-07-05 11:00:00-04:00,15242.37,SL,-1.0,-1000.0
2023-07-07,LONG,2023-07-07 10:00:00-04:00,2023-07-07 10:15:00-04:00,15113.97,15089.35,15175.519999999997,2023-07-07 10:15:00-04:00,15089.35,SL,-1.0,-1000.0
2023-07-10,SHORT,2023-07-10 12:00:00-04:00,2023-07-10 12:30:00-04:00,14987.97,15007.1,14940.144999999997,2023-07-10 12:45:00-04:00,15007.1,SL,-1.0,-1000.0
2023-07-11,LONG,2023-07-11 10:30:00-04:00,2023-07-11 11:15:00-04:00,15039.0,14988.25,15165.875,2023-07-11 23:45:00-04:00,15149.35,EOD,2.1744,2174.38
2023-07-12,LONG,2023-07-12 10:00:00-04:00,2023-07-12 10:45:00-04:00,15329.85,15305.72,15390.175000000003,2023-07-12 11:30:00-04:00,15305.72,SL,-1.0,-1000.0
2023-07-14,LONG,2023-07-14 10:15:00-04:00,2023-07-14 10:30:00-04:00,15692.67,15682.3,15718.595000000001,2023-07-14 10:30:00-04:00,15682.3,SL,-1.0,-1000.0
2023-07-17,LONG,2023-07-17 10:15:00-04:00,2023-07-17 10:30:00-04:00,15625.37,15619.62,15639.745,2023-07-17 10:30:00-04:00,15619.62,SL,-1.0,-1000.0
2023-07-19,SHORT,2023-07-19 12:30:00-04:00,2023-07-19 15:15:00-04:00,15875.4,15921.52,15760.099999999999,2023-07-19 18:15:00-04:00,15760.099999999999,TP,2.5,2500.0
2023-07-21,SHORT,2023-07-21 10:00:00-04:00,2023-07-21 10:15:00-04:00,15533.5,15567.62,15448.199999999997,2023-07-21 10:15:00-04:00,15448.199999999997,TP,2.5,2500.0
2023-07-24,SHORT,2023-07-24 10:00:00-04:00,2023-07-24 10:15:00-04:00,15451.12,15500.5,15327.670000000002,2023-07-24 23:45:00-04:00,15462.35,EOD,-0.2274,-227.42
2023-07-25,LONG,2023-07-25 11:15:00-04:00,2023-07-25 16:00:00-04:00,15535.47,15513.97,15589.22,2023-07-25 16:00:00-04:00,15513.97,SL,-1.0,-1000.0
2023-07-26,SHORT,2023-07-26 11:00:00-04:00,2023-07-26 11:15:00-04:00,15452.2,15504.52,15321.400000000001,2023-07-26 14:00:00-04:00,15504.52,SL,-1.0,-1000.0
2023-07-27,SHORT,2023-07-27 10:15:00-04:00,2023-07-27 12:30:00-04:00,15759.45,15777.45,15714.45,2023-07-27 13:00:00-04:00,15714.45,TP,2.5,2500.0
2023-07-28,LONG,2023-07-28 11:15:00-04:00,2023-07-28 13:00:00-04:00,15740.8,15720.42,15791.749999999996,2023-07-28 13:30:00-04:00,15720.42,SL,-1.0,-1000.0
2023-07-31,SHORT,2023-07-31 11:30:00-04:00,2023-07-31 11:45:00-04:00,15767.37,15783.75,15726.420000000002,2023-07-31 13:00:00-04:00,15726.420000000002,TP,2.5,2500.0
2023-08-01,LONG,2023-08-01 10:45:00-04:00,2023-08-01 11:00:00-04:00,15718.7,15695.57,15776.525000000003,2023-08-01 12:30:00-04:00,15695.57,SL,-1.0,-1000.0
2023-08-03,LONG,2023-08-03 11:15:00-04:00,2023-08-03 14:00:00-04:00,15360.32,15345.95,15396.244999999997,2023-08-03 14:15:00-04:00,15396.244999999997,TP,2.5,2500.0
2023-08-04,SHORT,2023-08-04 10:00:00-04:00,2023-08-04 10:15:00-04:00,15378.4,15425.45,15260.774999999998,2023-08-04 10:30:00-04:00,15425.45,SL,-1.0,-1000.0
2023-08-07,SHORT,2023-08-07 11:00:00-04:00,2023-08-07 11:45:00-04:00,15329.8,15336.55,15312.925,2023-08-07 11:45:00-04:00,15336.55,SL,-1.0,-1000.0
2023-08-08,SHORT,2023-08-08 10:00:00-04:00,2023-08-08 14:00:00-04:00,15239.2,15257.57,15193.275000000003,2023-08-08 14:15:00-04:00,15257.57,SL,-1.0,-1000.0
2023-08-09,SHORT,2023-08-09 11:00:00-04:00,2023-08-09 13:00:00-04:00,15161.95,15203.57,15057.900000000003,2023-08-09 14:00:00-04:00,15203.57,SL,-1.0,-1000.0
2023-08-10,LONG,2023-08-10 10:00:00-04:00,2023-08-10 10:15:00-04:00,15339.07,15251.0,15559.244999999999,2023-08-10 10:45:00-04:00,15251.0,SL,-1.0,-1000.0
2023-08-11,LONG,2023-08-11 10:15:00-04:00,2023-08-11 10:30:00-04:00,15057.95,14996.15,15212.450000000004,2023-08-11 11:00:00-04:00,14996.15,SL,-1.0,-1000.0
2023-08-15,SHORT,2023-08-15 10:00:00-04:00,2023-08-15 11:30:00-04:00,15128.0,15153.3,15064.750000000002,2023-08-15 12:00:00-04:00,15153.3,SL,-1.0,-1000.0
2023-08-17,LONG,2023-08-17 12:30:00-04:00,2023-08-17 12:45:00-04:00,14856.12,14846.5,14880.170000000002,2023-08-17 12:45:00-04:00,14880.170000000002,TP,2.5,2500.0
2023-08-18,LONG,2023-08-18 12:00:00-04:00,2023-08-18 12:15:00-04:00,14665.35,14626.35,14762.85,2023-08-18 13:15:00-04:00,14626.35,SL,-1.0,-1000.0
2023-08-21,LONG,2023-08-21 10:00:00-04:00,2023-08-21 10:15:00-04:00,14841.6,14821.1,14892.85,2023-08-21 10:15:00-04:00,14821.1,SL,-1.0,-1000.0
2023-08-22,LONG,2023-08-22 11:00:00-04:00,2023-08-22 11:15:00-04:00,14970.7,14952.95,15015.075,2023-08-22 11:30:00-04:00,14952.95,SL,-1.0,-1000.0
2023-08-25,SHORT,2023-08-25 10:45:00-04:00,2023-08-25 11:00:00-04:00,14789.25,14849.0,14639.875,2023-08-25 12:30:00-04:00,14849.0,SL,-1.0,-1000.0
2023-08-28,LONG,2023-08-28 12:45:00-04:00,2023-08-28 13:45:00-04:00,15006.6,14975.85,15083.475,2023-08-28 13:45:00-04:00,14975.85,SL,-1.0,-1000.0
2023-08-30,LONG,2023-08-30 10:00:00-04:00,2023-08-30 10:15:00-04:00,15437.25,15387.5,15561.625,2023-08-30 10:15:00-04:00,15387.5,SL,-1.0,-1000.0
2023-08-31,LONG,2023-08-31 10:30:00-04:00,2023-08-31 10:45:00-04:00,15561.0,15557.3,15570.250000000002,2023-08-31 10:45:00-04:00,15557.3,SL,-1.0,-1000.0
2023-09-05,LONG,2023-09-05 11:00:00-04:00,2023-09-05 11:30:00-04:00,15510.2,15495.2,15547.7,2023-09-05 11:30:00-04:00,15495.2,SL,-1.0,-1000.0
2023-09-07,LONG,2023-09-07 12:15:00-04:00,2023-09-07 12:45:00-04:00,15230.45,15198.07,15311.400000000003,2023-09-07 23:45:00-04:00,15285.75,EOD,1.7078,1707.84
2023-09-08,SHORT,2023-09-08 10:45:00-04:00,2023-09-08 11:15:00-04:00,15349.75,15373.75,15289.75,2023-09-08 14:00:00-04:00,15289.75,TP,2.5,2500.0
2023-09-11,LONG,2023-09-11 11:30:00-04:00,2023-09-11 11:45:00-04:00,15377.77,15374.9,15384.945000000003,2023-09-11 11:45:00-04:00,15374.9,SL,-1.0,-1000.0
2023-09-12,SHORT,2023-09-12 10:30:00-04:00,2023-09-12 13:15:00-04:00,15411.85,15460.92,15289.175000000001,2023-09-12 22:30:00-04:00,15289.175000000001,TP,2.5,2500.0
2023-09-13,LONG,2023-09-13 10:45:00-04:00,2023-09-13 14:45:00-04:00,15351.57,15340.32,15379.695,2023-09-13 14:45:00-04:00,15340.32,SL,-1.0,-1000.0
2023-09-14,LONG,2023-09-14 10:45:00-04:00,2023-09-14 11:30:00-04:00,15457.72,15393.6,15618.019999999997,2023-09-14 23:45:00-04:00,15528.6,EOD,1.1054,1105.43
2023-09-15,SHORT,2023-09-15 11:00:00-04:00,2023-09-15 12:30:00-04:00,15264.62,15292.5,15194.920000000002,2023-09-15 13:15:00-04:00,15194.920000000002,TP,2.5,2500.0
2023-09-18,LONG,2023-09-18 11:30:00-04:00,2023-09-18 14:45:00-04:00,15236.97,15222.22,15273.845,2023-09-18 14:45:00-04:00,15222.22,SL,-1.0,-1000.0
2023-09-19,SHORT,2023-09-19 10:00:00-04:00,2023-09-19 10:15:00-04:00,15135.05,15180.1,15022.424999999996,2023-09-19 13:45:00-04:00,15180.1,SL,-1.0,-1000.0
2023-09-20,SHORT,2023-09-20 10:15:00-04:00,2023-09-20 10:30:00-04:00,15201.35,15234.1,15119.475,2023-09-20 14:00:00-04:00,15119.475,TP,2.5,2500.0
2023-09-21,LONG,2023-09-21 13:15:00-04:00,2023-09-21 13:30:00-04:00,14804.55,14778.1,14870.674999999996,2023-09-21 14:15:00-04:00,14778.1,SL,-1.0,-1000.0
2023-09-22,LONG,2023-09-22 10:45:00-04:00,2023-09-22 11:00:00-04:00,14814.12,14781.7,14895.170000000002,2023-09-22 13:15:00-04:00,14781.7,SL,-1.0,-1000.0
2023-09-25,LONG,2023-09-25 11:15:00-04:00,2023-09-25 12:45:00-04:00,14718.95,14657.85,14871.7,2023-09-25 23:45:00-04:00,14713.2,EOD,-0.0941,-94.11
2023-09-26,SHORT,2023-09-26 10:00:00-04:00,2023-09-26 10:30:00-04:00,14631.85,14671.35,14533.1,2023-09-26 15:15:00-04:00,14533.1,TP,2.5,2500.0
2023-09-27,SHORT,2023-09-27 11:45:00-04:00,2023-09-27 14:30:00-04:00,14542.6,14585.6,14435.1,2023-09-27 14:30:00-04:00,14585.6,SL,-1.0,-1000.0
2023-09-28,LONG,2023-09-28 10:00:00-04:00,2023-09-28 10:15:00-04:00,14586.6,14518.6,14756.6,2023-09-28 11:45:00-04:00,14756.6,TP,2.5,2500.0
2023-09-29,LONG,2023-09-29 10:00:00-04:00,2023-09-29 10:15:00-04:00,14858.8,14840.1,14905.549999999996,2023-09-29 10:15:00-04:00,14840.1,SL,-1.0,-1000.0
2023-10-02,LONG,2023-10-02 11:15:00-04:00,2023-10-02 11:30:00-04:00,14839.85,14791.85,14959.85,2023-10-02 11:45:00-04:00,14791.85,SL,-1.0,-1000.0
2023-10-04,LONG,2023-10-04 11:30:00-04:00,2023-10-04 13:30:00-04:00,14686.1,14669.97,14726.425000000003,2023-10-04 14:00:00-04:00,14669.97,SL,-1.0,-1000.0
2023-10-05,SHORT,2023-10-05 10:00:00-04:00,2023-10-05 13:30:00-04:00,14700.95,14735.7,14614.075,2023-10-05 14:00:00-04:00,14735.7,SL,-1.0,-1000.0
2023-10-09,SHORT,2023-10-09 10:45:00-04:00,2023-10-09 11:15:00-04:00,14890.17,14902.55,14859.220000000001,2023-10-09 11:15:00-04:00,14902.55,SL,-1.0,-1000.0
2023-10-11,LONG,2023-10-11 11:00:00-04:00,2023-10-11 11:15:00-04:00,15223.9,15199.65,15284.525,2023-10-11 11:15:00-04:00,15199.65,SL,-1.0,-1000.0
2023-10-12,LONG,2023-10-12 10:15:00-04:00,2023-10-12 10:30:00-04:00,15284.15,15263.2,15336.524999999998,2023-10-12 11:15:00-04:00,15336.524999999998,TP,2.5,2500.0
2023-10-16,LONG,2023-10-16 10:15:00-04:00,2023-10-16 13:15:00-04:00,15132.65,15113.77,15179.849999999999,2023-10-16 13:15:00-04:00,15113.77,SL,-1.0,-1000.0
2023-10-18,SHORT,2023-10-18 10:45:00-04:00,2023-10-18 11:15:00-04:00,15027.45,15044.07,14985.900000000003,2023-10-18 11:15:00-04:00,15044.07,SL,-1.0,-1000.0
2023-10-19,LONG,2023-10-19 11:45:00-04:00,2023-10-19 12:00:00-04:00,14923.67,14903.05,14975.220000000001,2023-10-19 12:00:00-04:00,14903.05,SL,-1.0,-1000.0
2023-10-23,LONG,2023-10-23 11:15:00-04:00,2023-10-23 15:30:00-04:00,14623.35,14603.85,14672.1,2023-10-23 15:45:00-04:00,14603.85,SL,-1.0,-1000.0
2023-10-24,SHORT,2023-10-24 11:30:00-04:00,2023-10-24 11:45:00-04:00,14715.05,14747.55,14633.8,2023-10-24 12:30:00-04:00,14633.8,TP,2.5,2500.0
2023-10-25,SHORT,2023-10-25 12:00:00-04:00,2023-10-25 12:15:00-04:00,14492.7,14518.2,14428.95,2023-10-25 13:00:00-04:00,14428.95,TP,2.5,2500.0
2023-10-26,SHORT,2023-10-26 10:00:00-04:00,2023-10-26 10:45:00-04:00,14253.1,14325.47,14072.175000000003,2023-10-26 12:30:00-04:00,14072.175000000003,TP,2.5,2500.0
2023-10-27,LONG,2023-10-27 11:15:00-04:00,2023-10-27 11:30:00-04:00,14288.7,14252.2,14379.95,2023-10-27 11:45:00-04:00,14252.2,SL,-1.0,-1000.0
2023-10-30,LONG,2023-10-30 10:45:00-04:00,2023-10-30 11:00:00-04:00,14355.97,14286.35,14530.019999999997,2023-10-30 11:15:00-04:00,14286.35,SL,-1.0,-1000.0
2023-10-31,SHORT,2023-10-31 10:45:00-04:00,2023-10-31 11:00:00-04:00,14278.92,14340.67,14124.545,2023-10-31 11:45:00-04:00,14340.67,SL,-1.0,-1000.0
2023-11-02,SHORT,2023-11-02 10:15:00-04:00,2023-11-02 10:30:00-04:00,14851.95,14869.2,14808.825,2023-11-02 10:30:00-04:00,14869.2,SL,-1.0,-1000.0
2023-11-03,LONG,2023-11-03 10:45:00-04:00,2023-11-03 11:00:00-04:00,15018.4,14977.52,15120.599999999999,2023-11-03 14:45:00-04:00,15120.599999999999,TP,2.5,2500.0
2023-11-06,SHORT,2023-11-06 13:15:00-05:00,2023-11-06 14:30:00-05:00,15112.3,15136.37,15052.124999999996,2023-11-06 14:45:00-05:00,15136.37,SL,-1.0,-1000.0
2023-11-07,LONG,2023-11-07 10:30:00-05:00,2023-11-07 12:30:00-05:00,15270.35,15227.4,15377.725000000002,2023-11-07 23:45:00-05:00,15300.25,EOD,0.6962,696.16
2023-11-08,SHORT,2023-11-08 10:15:00-05:00,2023-11-08 11:45:00-05:00,15314.75,15335.5,15262.875,2023-11-08 12:00:00-05:00,15262.875,TP,2.5,2500.0
2023-11-09,LONG,2023-11-09 11:00:00-05:00,2023-11-09 12:30:00-05:00,15332.45,15321.45,15359.95,2023-11-09 12:45:00-05:00,15359.95,TP,2.5,2500.0
2023-11-10,SHORT,2023-11-10 10:15:00-05:00,2023-11-10 10:45:00-05:00,15305.0,15299.4,15291.0,2023-11-10 10:45:00-05:00,15299.4,SL,1.0,1000.0
2023-11-13,LONG,2023-11-13 11:45:00-05:00,2023-11-13 12:00:00-05:00,15512.9,15512.52,15513.849999999999,2023-11-13 12:00:00-05:00,15512.52,SL,-1.0,-1000.0
2023-11-14,LONG,2023-11-14 12:45:00-05:00,2023-11-14 13:45:00-05:00,15807.3,15787.42,15856.999999999996,2023-11-14 14:00:00-05:00,15787.42,SL,-1.0,-1000.0
2023-11-15,SHORT,2023-11-15 10:00:00-05:00,2023-11-15 10:15:00-05:00,15880.02,15890.9,15852.820000000003,2023-11-15 10:15:00-05:00,15890.9,SL,-1.0,-1000.0
2023-11-16,LONG,2023-11-16 10:00:00-05:00,2023-11-16 10:15:00-05:00,15816.65,15800.15,15857.9,2023-11-16 10:15:00-05:00,15800.15,SL,-1.0,-1000.0
2023-11-21,SHORT,2023-11-21 10:30:00-05:00,2023-11-21 10:45:00-05:00,15903.9,15946.1,15798.399999999998,2023-11-21 12:45:00-05:00,15946.1,SL,-1.0,-1000.0
2023-11-22,LONG,2023-11-22 13:15:00-05:00,2023-11-22 14:30:00-05:00,16041.45,16033.45,16061.45,2023-11-22 14:30:00-05:00,16033.45,SL,-1.0,-1000.0
2023-11-23,LONG,2023-11-23 10:45:00-05:00,2023-11-23 11:00:00-05:00,16028.72,16021.22,16047.47,2023-11-23 23:45:00-05:00,16026.5,EOD,-0.296,-296.0
2023-11-27,LONG,2023-11-27 10:45:00-05:00,2023-11-27 11:00:00-05:00,16003.6,15987.0,16045.100000000002,2023-11-27 11:00:00-05:00,15987.0,SL,-1.0,-1000.0
2023-11-28,LONG,2023-11-28 11:30:00-05:00,2023-11-28 12:30:00-05:00,16013.4,15993.15,16064.025,2023-11-28 12:30:00-05:00,15993.15,SL,-1.0,-1000.0
2023-11-29,SHORT,2023-11-29 10:15:00-05:00,2023-11-29 10:30:00-05:00,16094.15,16170.4,15903.525,2023-11-29 23:45:00-05:00,16031.05,EOD,0.8275,827.54
2023-11-30,SHORT,2023-11-30 10:45:00-05:00,2023-11-30 11:00:00-05:00,15897.15,15925.65,15825.9,2023-11-30 15:45:00-05:00,15925.65,SL,-1.0,-1000.0
2023-12-04,SHORT,2023-12-04 10:30:00-05:00,2023-12-04 11:15:00-05:00,15749.15,15818.22,15576.475,2023-12-04 12:15:00-05:00,15818.22,SL,-1.0,-1000.0
2023-12-05,LONG,2023-12-05 10:00:00-05:00,2023-12-05 11:45:00-05:00,15838.2,15829.7,15859.45,2023-12-05 11:45:00-05:00,15829.7,SL,-1.0,-1000.0
2023-12-06,SHORT,2023-12-06 11:30:00-05:00,2023-12-06 11:45:00-05:00,15903.9,15934.77,15826.724999999999,2023-12-06 15:15:00-05:00,15826.724999999999,TP,2.5,2500.0
2023-12-07,LONG,2023-12-07 10:15:00-05:00,2023-12-07 11:15:00-05:00,15947.02,15896.9,16072.320000000003,2023-12-07 23:45:00-05:00,16019.7,EOD,1.4501,1450.12
2023-12-08,LONG,2023-12-08 10:15:00-05:00,2023-12-08 10:30:00-05:00,16073.95,15986.15,16293.450000000004,2023-12-08 16:45:00-05:00,16099.0,EOD,0.2853,285.31
2023-12-13,SHORT,2023-12-13 12:45:00-05:00,2023-12-13 13:45:00-05:00,16406.77,16409.02,16401.145,2023-12-13 13:45:00-05:00,16409.02,SL,-1.0,-1000.0
2023-12-15,SHORT,2023-12-15 12:45:00-05:00,2023-12-15 13:30:00-05:00,16644.12,16669.75,16580.045,2023-12-15 13:45:00-05:00,16580.045,TP,2.5,2500.0
2023-12-18,LONG,2023-12-18 11:30:00-05:00,2023-12-18 11:45:00-05:00,16718.82,16699.95,16765.994999999995,2023-12-18 13:15:00-05:00,16765.994999999995,TP,2.5,2500.0
2023-12-19,SHORT,2023-12-19 12:00:00-05:00,2023-12-19 12:15:00-05:00,16803.27,16824.9,16749.195,2023-12-19 14:00:00-05:00,16824.9,SL,-1.0,-1000.0
2023-12-20,LONG,2023-12-20 10:15:00-05:00,2023-12-20 11:15:00-05:00,16849.15,16836.95,16879.65,2023-12-20 12:45:00-05:00,16879.65,TP,2.5,2500.0
2023-12-21,SHORT,2023-12-21 12:00:00-05:00,2023-12-21 13:45:00-05:00,16701.27,16722.65,16647.82,2023-12-21 14:30:00-05:00,16722.65,SL,-1.0,-1000.0
2023-12-22,SHORT,2023-12-22 11:00:00-05:00,2023-12-22 11:15:00-05:00,16826.17,16850.92,16764.295,2023-12-22 14:15:00-05:00,16764.295,TP,2.5,2500.0
2023-12-27,SHORT,2023-12-27 10:15:00-05:00,2023-12-27 11:30:00-05:00,16915.07,16942.77,16845.82,2023-12-27 13:00:00-05:00,16942.77,SL,-1.0,-1000.0
2023-12-28,SHORT,2023-12-28 15:15:00-05:00,2023-12-28 15:30:00-05:00,16939.47,16944.65,16926.52,2023-12-28 15:30:00-05:00,16944.65,SL,-1.0,-1000.0
2023-12-29,SHORT,2023-12-29 10:45:00-05:00,2023-12-29 14:45:00-05:00,16873.57,16927.22,16739.444999999996,2023-12-29 16:45:00-05:00,16837.2,EOD,0.6779,677.91
2024-01-02,SHORT,2024-01-02 10:30:00-05:00,2024-01-02 10:45:00-05:00,16564.65,16589.9,16501.525,2024-01-02 11:00:00-05:00,16589.9,SL,-1.0,-1000.0
2024-01-03,SHORT,2024-01-03 10:15:00-05:00,2024-01-03 10:45:00-05:00,16434.82,16457.45,16378.244999999997,2024-01-03 11:00:00-05:00,16457.45,SL,-1.0,-1000.0
2024-01-04,LONG,2024-01-04 10:15:00-05:00,2024-01-04 12:45:00-05:00,16343.92,16308.17,16433.295,2024-01-04 15:45:00-05:00,16308.17,SL,-1.0,-1000.0
2024-01-05,LONG,2024-01-05 10:15:00-05:00,2024-01-05 11:30:00-05:00,16358.85,16323.35,16447.6,2024-01-05 12:00:00-05:00,16323.35,SL,-1.0,-1000.0
2024-01-09,LONG,2024-01-09 10:15:00-05:00,2024-01-09 10:30:00-05:00,16575.25,16562.25,16607.75,2024-01-09 10:30:00-05:00,16607.75,TP,2.5,2500.0
2024-01-10,LONG,2024-01-10 10:45:00-05:00,2024-01-10 11:00:00-05:00,16736.05,16717.55,16782.3,2024-01-10 11:00:00-05:00,16717.55,SL,-1.0,-1000.0
2024-01-11,SHORT,2024-01-11 10:00:00-05:00,2024-01-11 14:45:00-05:00,16822.9,16849.52,16756.350000000006,2024-01-11 23:45:00-05:00,16808.0,EOD,0.5597,559.73
2024-01-12,SHORT,2024-01-12 10:15:00-05:00,2024-01-12 10:30:00-05:00,16845.62,16848.62,16838.12,2024-01-12 10:30:00-05:00,16848.62,SL,-1.0,-1000.0
2024-01-15,LONG,2024-01-15 10:45:00-05:00,2024-01-15 11:15:00-05:00,16832.97,16827.47,16846.72,2024-01-15 11:30:00-05:00,16846.72,TP,2.5,2500.0
2024-01-16,LONG,2024-01-16 10:15:00-05:00,2024-01-16 12:00:00-05:00,16805.52,16787.27,16851.145,2024-01-16 12:00:00-05:00,16787.27,SL,-1.0,-1000.0
2024-01-17,LONG,2024-01-17 11:15:00-05:00,2024-01-17 12:15:00-05:00,16665.17,16644.67,16716.42,2024-01-17 13:15:00-05:00,16644.67,SL,-1.0,-1000.0
2024-01-18,LONG,2024-01-18 10:45:00-05:00,2024-01-18 11:00:00-05:00,16919.62,16908.12,16948.37,2024-01-18 11:00:00-05:00,16908.12,SL,-1.0,-1000.0
2024-01-19,LONG,2024-01-19 11:15:00-05:00,2024-01-19 11:30:00-05:00,17126.37,17104.5,17181.045,2024-01-19 12:30:00-05:00,17181.045,TP,2.5,2500.0
2024-01-22,SHORT,2024-01-22 10:30:00-05:00,2024-01-22 11:15:00-05:00,17373.17,17421.67,17251.92,2024-01-22 23:45:00-05:00,17362.3,EOD,0.2241,224.12
2024-01-23,LONG,2024-01-23 12:00:00-05:00,2024-01-23 12:15:00-05:00,17339.35,17336.72,17345.924999999992,2024-01-23 12:15:00-05:00,17336.72,SL,-1.0,-1000.0
2024-01-24,LONG,2024-01-24 10:15:00-05:00,2024-01-24 14:00:00-05:00,17577.02,17558.77,17622.645,2024-01-24 14:15:00-05:00,17558.77,SL,-1.0,-1000.0
2024-01-26,LONG,2024-01-26 10:30:00-05:00,2024-01-26 11:30:00-05:00,17474.17,17437.3,17566.344999999994,2024-01-26 12:30:00-05:00,17437.3,SL,-1.0,-1000.0
2024-01-30,SHORT,2024-01-30 12:30:00-05:00,2024-01-30 13:15:00-05:00,17496.9,17535.65,17400.025,2024-01-30 16:30:00-05:00,17400.025,TP,2.5,2500.0
2024-01-31,SHORT,2024-01-31 10:30:00-05:00,2024-01-31 11:00:00-05:00,17241.77,17245.27,17233.02,2024-01-31 11:00:00-05:00,17245.27,SL,-1.0,-1000.0
2024-02-01,SHORT,2024-02-01 11:00:00-05:00,2024-02-01 11:15:00-05:00,17203.07,17254.45,17074.619999999995,2024-02-01 12:00:00-05:00,17254.45,SL,-1.0,-1000.0
2024-02-02,LONG,2024-02-02 10:45:00-05:00,2024-02-02 11:00:00-05:00,17546.87,17497.32,17670.744999999995,2024-02-02 14:00:00-05:00,17670.744999999995,TP,2.5,2500.0
2024-02-05,SHORT,2024-02-05 10:15:00-05:00,2024-02-05 11:45:00-05:00,17581.55,17623.2,17477.424999999996,2024-02-05 12:30:00-05:00,17623.2,SL,-1.0,-1000.0
2024-02-06,SHORT,2024-02-06 10:00:00-05:00,2024-02-06 10:15:00-05:00,17576.8,17648.05,17398.675,2024-02-06 23:45:00-05:00,17584.0,EOD,-0.1011,-101.05
2024-02-07,LONG,2024-02-07 10:15:00-05:00,2024-02-07 12:30:00-05:00,17725.25,17669.12,17865.575000000004,2024-02-07 23:45:00-05:00,17776.85,EOD,0.9193,919.29
2024-02-08,LONG,2024-02-08 11:00:00-05:00,2024-02-08 11:15:00-05:00,17798.97,17782.22,17840.845,2024-02-08 12:45:00-05:00,17782.22,SL,-1.0,-1000.0
2024-02-12,LONG,2024-02-12 10:45:00-05:00,2024-02-12 13:15:00-05:00,17991.67,17967.05,18053.219999999994,2024-02-12 13:30:00-05:00,17967.05,SL,-1.0,-1000.0
2024-02-13,LONG,2024-02-13 10:30:00-05:00,2024-02-13 10:45:00-05:00,17675.87,17589.25,17892.42,2024-02-13 13:45:00-05:00,17589.25,SL,-1.0,-1000.0
2024-02-14,SHORT,2024-02-14 11:00:00-05:00,2024-02-14 11:15:00-05:00,17680.5,17727.87,17562.075000000004,2024-02-14 13:00:00-05:00,17727.87,SL,-1.0,-1000.0
2024-02-15,LONG,2024-02-15 12:30:00-05:00,2024-02-15 12:45:00-05:00,17798.52,17785.9,17830.07,2024-02-15 13:00:00-05:00,17830.07,TP,2.5,2500.0
2024-02-16,SHORT,2024-02-16 10:00:00-05:00,2024-02-16 10:15:00-05:00,17720.5,17820.1,17471.500000000004,2024-02-16 11:30:00-05:00,17820.1,SL,-1.0,-1000.0
2024-02-20,LONG,2024-02-20 11:00:00-05:00,2024-02-20 11:15:00-05:00,17508.12,17475.87,17588.745,2024-02-20 11:30:00-05:00,17475.87,SL,-1.0,-1000.0
2024-02-21,LONG,2024-02-21 11:15:00-05:00,2024-02-21 11:30:00-05:00,17439.67,17421.92,17484.045,2024-02-21 12:00:00-05:00,17421.92,SL,-1.0,-1000.0
2024-02-22,LONG,2024-02-22 11:15:00-05:00,2024-02-22 11:45:00-05:00,17901.15,17865.9,17989.275,2024-02-22 13:30:00-05:00,17989.275,TP,2.5,2500.0
2024-02-26,LONG,2024-02-26 11:45:00-05:00,2024-02-26 12:00:00-05:00,18001.15,17980.4,18053.025,2024-02-26 12:45:00-05:00,17980.4,SL,-1.0,-1000.0
2024-02-27,LONG,2024-02-27 12:00:00-05:00,2024-02-27 12:15:00-05:00,17962.1,17941.22,18014.299999999992,2024-02-27 12:15:00-05:00,17941.22,SL,-1.0,-1000.0
2024-02-28,LONG,2024-02-28 11:00:00-05:00,2024-02-28 12:15:00-05:00,17895.47,17889.72,17909.845,2024-02-28 12:15:00-05:00,17909.845,TP,2.5,2500.0
2024-02-29,SHORT,2024-02-29 10:15:00-05:00,2024-02-29 10:30:00-05:00,17995.72,18018.85,17937.895000000008,2024-02-29 11:00:00-05:00,17937.895000000008,TP,2.5,2500.0
2024-03-01,LONG,2024-03-01 10:15:00-05:00,2024-03-01 10:30:00-05:00,18115.42,18106.3,18138.219999999994,2024-03-01 10:30:00-05:00,18138.219999999994,TP,2.5,2500.0
2024-03-04,LONG,2024-03-04 10:45:00-05:00,2024-03-04 11:00:00-05:00,18285.67,18266.42,18333.795,2024-03-04 11:30:00-05:00,18266.42,SL,-1.0,-1000.0
2024-03-06,SHORT,2024-03-06 10:00:00-05:00,2024-03-06 10:45:00-05:00,18034.05,18085.55,17905.3,2024-03-06 11:00:00-05:00,18085.55,SL,-1.0,-1000.0
2024-03-07,LONG,2024-03-07 10:30:00-05:00,2024-03-07 16:15:00-05:00,18203.95,18197.82,18219.275,2024-03-07 16:15:00-05:00,18197.82,SL,-1.0,-1000.0
2024-03-08,LONG,2024-03-08 10:00:00-05:00,2024-03-08 10:30:00-05:00,18370.42,18299.42,18547.92,2024-03-08 11:00:00-05:00,18299.42,SL,-1.0,-1000.0
2024-03-11,LONG,2024-03-11 10:15:00-04:00,2024-03-11 10:30:00-04:00,17961.35,17952.85,17982.6,2024-03-11 10:30:00-04:00,17952.85,SL,-1.0,-1000.0
2024-03-13,SHORT,2024-03-13 10:45:00-04:00,2024-03-13 11:30:00-04:00,18133.7,18188.2,17997.45,2024-03-13 23:45:00-04:00,18132.4,EOD,0.0239,23.85
2024-03-14,SHORT,2024-03-14 11:00:00-04:00,2024-03-14 11:15:00-04:00,18074.52,18126.02,17945.77,2024-03-14 16:00:00-04:00,17945.77,TP,2.5,2500.0
2024-03-19,LONG,2024-03-19 10:15:00-04:00,2024-03-19 10:30:00-04:00,17912.7,17909.2,17921.45,2024-03-19 10:30:00-04:00,17909.2,SL,-1.0,-1000.0
2024-03-20,SHORT,2024-03-20 10:45:00-04:00,2024-03-20 11:15:00-04:00,18050.4,18094.72,17939.600000000002,2024-03-20 15:00:00-04:00,18094.72,SL,-1.0,-1000.0
2024-03-21,LONG,2024-03-21 12:45:00-04:00,2024-03-21 13:00:00-04:00,18454.97,18434.35,18506.520000000008,2024-03-21 14:30:00-04:00,18434.35,SL,-1.0,-1000.0
2024-03-22,LONG,2024-03-22 10:00:00-04:00,2024-03-22 10:15:00-04:00,18310.95,18304.45,18327.2,2024-03-22 10:15:00-04:00,18304.45,SL,-1.0,-1000.0
2024-03-25,LONG,2024-03-25 11:15:00-04:00,2024-03-25 11:30:00-04:00,18297.77,18268.52,18370.895,2024-03-25 23:45:00-04:00,18328.2,EOD,1.0403,1040.34
2024-03-26,SHORT,2024-03-26 11:30:00-04:00,2024-03-26 11:45:00-04:00,18355.82,18385.82,18280.82,2024-03-26 16:30:00-04:00,18280.82,TP,2.5,2500.0
2024-03-27,LONG,2024-03-27 10:00:00-04:00,2024-03-27 10:30:00-04:00,18340.75,18328.87,18370.450000000004,2024-03-27 10:30:00-04:00,18328.87,SL,-1.0,-1000.0
2024-03-28,SHORT,2024-03-28 11:15:00-04:00,2024-03-28 11:30:00-04:00,18295.07,18310.95,18255.369999999995,2024-03-28 11:30:00-04:00,18310.95,SL,-1.0,-1000.0
2024-04-02,LONG,2024-04-02 11:15:00-04:00,2024-04-02 11:45:00-04:00,18062.55,18026.67,18152.25,2024-04-02 15:45:00-04:00,18152.25,TP,2.5,2500.0
2024-04-03,LONG,2024-04-03 10:15:00-04:00,2024-04-03 15:00:00-04:00,18180.8,18079.05,18435.175,2024-04-03 23:45:00-04:00,18266.75,EOD,0.8447,844.72
2024-04-04,LONG,2024-04-04 11:45:00-04:00,2024-04-04 13:45:00-04:00,18324.0,18313.5,18350.25,2024-04-04 13:45:00-04:00,18313.5,SL,-1.0,-1000.0
2024-04-05,LONG,2024-04-05 11:00:00-04:00,2024-04-05 11:15:00-04:00,18081.1,18048.72,18162.049999999992,2024-04-05 11:45:00-04:00,18162.049999999992,TP,2.5,2500.0
2024-04-08,LONG,2024-04-08 10:30:00-04:00,2024-04-08 11:00:00-04:00,18163.85,18134.47,18237.299999999992,2024-04-08 11:30:00-04:00,18134.47,SL,-1.0,-1000.0
2024-04-09,SHORT,2024-04-09 10:30:00-04:00,2024-04-09 12:00:00-04:00,18110.5,18185.75,17922.375,2024-04-09 15:45:00-04:00,18185.75,SL,-1.0,-1000.0
2024-04-10,SHORT,2024-04-10 11:00:00-04:00,2024-04-10 11:15:00-04:00,17999.27,18029.27,17924.27,2024-04-10 12:45:00-04:00,18029.27,SL,-1.0,-1000.0
2024-04-11,SHORT,2024-04-11 10:15:00-04:00,2024-04-11 10:30:00-04:00,18049.72,18093.22,17940.97,2024-04-11 10:45:00-04:00,18093.22,SL,-1.0,-1000.0
2024-04-12,SHORT,2024-04-12 10:45:00-04:00,2024-04-12 11:15:00-04:00,18069.72,18112.85,17961.895000000008,2024-04-12 11:30:00-04:00,18112.85,SL,-1.0,-1000.0
2024-04-16,LONG,2024-04-16 15:00:00-04:00,2024-04-16 15:15:00-04:00,17765.42,17750.92,17801.67,2024-04-16 15:30:00-04:00,17750.92,SL,-1.0,-1000.0
2024-04-18,LONG,2024-04-18 10:45:00-04:00,2024-04-18 11:30:00-04:00,17540.25,17506.25,17625.25,2024-04-18 12:30:00-04:00,17506.25,SL,-1.0,-1000.0
2024-04-22,SHORT,2024-04-22 10:15:00-04:00,2024-04-22 12:15:00-04:00,17143.7,17149.57,17129.025,2024-04-22 12:15:00-04:00,17149.57,SL,-1.0,-1000.0
2024-04-23,LONG,2024-04-23 10:30:00-04:00,2024-04-23 10:45:00-04:00,17434.47,17379.72,17571.345,2024-04-23 19:30:00-04:00,17571.345,TP,2.5,2500.0
2024-04-24,SHORT,2024-04-24 11:15:00-04:00,2024-04-24 11:30:00-04:00,17535.32,17564.95,17461.244999999995,2024-04-24 12:00:00-04:00,17461.244999999995,TP,2.5,2500.0
2024-04-25,LONG,2024-04-25 10:15:00-04:00,2024-04-25 10:30:00-04:00,17279.9,17231.65,17400.525,2024-04-25 10:30:00-04:00,17231.65,SL,-1.0,-1000.0
2024-04-29,LONG,2024-04-29 10:15:00-04:00,2024-04-29 10:30:00-04:00,17764.32,17754.7,17788.369999999995,2024-04-29 10:30:00-04:00,17788.369999999995,TP,2.5,2500.0
2024-05-01,LONG,2024-05-01 10:45:00-04:00,2024-05-01 11:00:00-04:00,17378.0,17361.75,17418.625,2024-05-01 11:00:00-04:00,17361.75,SL,-1.0,-1000.0
2024-05-02,SHORT,2024-05-02 10:00:00-04:00,2024-05-02 10:15:00-04:00,17395.0,17434.5,17296.25,2024-05-02 11:00:00-04:00,17434.5,SL,-1.0,-1000.0
2024-05-03,SHORT,2024-05-03 10:15:00-04:00,2024-05-03 10:30:00-04:00,17859.45,17900.45,17756.95,2024-05-03 11:45:00-04:00,17900.45,SL,-1.0,-1000.0
2024-05-06,LONG,2024-05-06 11:45:00-04:00,2024-05-06 12:00:00-04:00,18012.0,18001.37,18038.575000000004,2024-05-06 12:00:00-04:00,18001.37,SL,-1.0,-1000.0
2024-05-07,LONG,2024-05-07 11:00:00-04:00,2024-05-07 11:30:00-04:00,18144.05,18108.55,18232.8,2024-05-07 13:45:00-04:00,18108.55,SL,-1.0,-1000.0
2024-05-08,LONG,2024-05-08 10:00:00-04:00,2024-05-08 13:00:00-04:00,18058.35,18032.1,18123.975,2024-05-08 23:45:00-04:00,18067.35,EOD,0.3429,342.86
2024-05-09,LONG,2024-05-09 10:45:00-04:00,2024-05-09 11:45:00-04:00,18093.47,18058.22,18181.595,2024-05-09 23:45:00-04:00,18124.9,EOD,0.8916,891.63
2024-05-13,LONG,2024-05-13 12:00:00-04:00,2024-05-13 13:00:00-04:00,18208.35,18195.6,18240.225,2024-05-13 13:00:00-04:00,18195.6,SL,-1.0,-1000.0
2024-05-14,LONG,2024-05-14 11:15:00-04:00,2024-05-14 11:30:00-04:00,18258.27,18256.9,18261.695,2024-05-14 11:30:00-04:00,18256.9,SL,-1.0,-1000.0
2024-05-16,LONG,2024-05-16 11:00:00-04:00,2024-05-16 11:15:00-04:00,18650.45,18641.82,18672.025,2024-05-16 11:15:00-04:00,18641.82,SL,-1.0,-1000.0
2024-05-17,LONG,2024-05-17 10:30:00-04:00,2024-05-17 11:00:00-04:00,18577.4,18556.52,18629.600000000006,2024-05-17 11:00:00-04:00,18556.52,SL,-1.0,-1000.0
2024-05-20,LONG,2024-05-20 10:00:00-04:00,2024-05-20 11:15:00-04:00,18661.77,18636.4,18725.195,2024-05-20 23:45:00-04:00,18683.15,EOD,0.8427,842.73
2024-05-22,LONG,2024-05-22 11:15:00-04:00,2024-05-22 11:30:00-04:00,18762.92,18755.17,18782.295,2024-05-22 11:45:00-04:00,18755.17,SL,-1.0,-1000.0
2024-05-23,SHORT,2024-05-23 10:00:00-04:00,2024-05-23 10:15:00-04:00,18846.05,18866.0,18796.174999999996,2024-05-23 10:45:00-04:00,18796.174999999996,TP,2.5,2500.0
2024-05-27,LONG,2024-05-27 10:45:00-04:00,2024-05-27 20:00:00-04:00,18845.82,18832.27,18879.695,2024-05-27 23:30:00-04:00,18879.695,TP,2.5,2500.0
2024-05-28,LONG,2024-05-28 10:45:00-04:00,2024-05-28 11:00:00-04:00,18864.07,18850.95,18896.869999999995,2024-05-28 12:45:00-04:00,18896.869999999995,TP,2.5,2500.0
2024-05-29,LONG,2024-05-29 10:30:00-04:00,2024-05-29 10:45:00-04:00,18813.4,18798.4,18850.9,2024-05-29 11:00:00-04:00,18798.4,SL,-1.0,-1000.0
2024-05-30,SHORT,2024-05-30 10:45:00-04:00,2024-05-30 11:30:00-04:00,18649.47,18685.72,18558.845,2024-05-30 13:00:00-04:00,18685.72,SL,-1.0,-1000.0
2024-05-31,SHORT,2024-05-31 10:00:00-04:00,2024-05-31 15:45:00-04:00,18517.25,18586.57,18343.95,2024-05-31 16:00:00-04:00,18586.57,SL,-1.0,-1000.0
2024-06-03,SHORT,2024-06-03 10:45:00-04:00,2024-06-03 15:45:00-04:00,18631.22,18674.6,18522.770000000008,2024-06-03 23:45:00-04:00,18633.25,EOD,-0.0468,-46.8
2024-06-04,LONG,2024-06-04 14:15:00-04:00,2024-06-04 15:00:00-04:00,18638.0,18607.25,18714.875,2024-06-04 19:00:00-04:00,18714.875,TP,2.5,2500.0
2024-06-06,SHORT,2024-06-06 10:00:00-04:00,2024-06-06 10:15:00-04:00,19062.12,19086.12,19002.12,2024-06-06 10:30:00-04:00,19086.12,SL,-1.0,-1000.0
2024-06-07,LONG,2024-06-07 10:45:00-04:00,2024-06-07 11:00:00-04:00,19047.52,19022.65,19109.695,2024-06-07 11:00:00-04:00,19022.65,SL,-1.0,-1000.0
2024-06-11,LONG,2024-06-11 10:30:00-04:00,2024-06-11 11:30:00-04:00,19074.75,19051.87,19131.950000000004,2024-06-11 13:00:00-04:00,19131.950000000004,TP,2.5,2500.0
2024-06-12,LONG,2024-06-12 10:15:00-04:00,2024-06-12 10:30:00-04:00,19503.77,19489.27,19540.02,2024-06-12 10:30:00-04:00,19540.02,TP,2.5,2500.0
2024-06-13,SHORT,2024-06-13 10:15:00-04:00,2024-06-13 11:30:00-04:00,19600.52,19633.9,19517.07,2024-06-13 12:15:00-04:00,19517.07,TP,2.5,2500.0
2024-06-14,LONG,2024-06-14 13:15:00-04:00,2024-06-14 13:45:00-04:00,19648.1,19634.52,19682.049999999996,2024-06-14 14:15:00-04:00,19634.52,SL,-1.0,-1000.0
2024-06-17,LONG,2024-06-17 11:15:00-04:00,2024-06-17 11:30:00-04:00,19753.6,19726.72,19820.799999999992,2024-06-17 12:15:00-04:00,19820.799999999992,TP,2.5,2500.0
2024-06-18,LONG,2024-06-18 11:45:00-04:00,2024-06-18 14:00:00-04:00,19919.47,19907.47,19949.47,2024-06-18 14:00:00-04:00,19949.47,TP,2.5,2500.0
2024-06-19,SHORT,2024-06-19 12:15:00-04:00,2024-06-19 12:30:00-04:00,19994.37,19999.62,19981.245,2024-06-19 20:00:00-04:00,19999.62,SL,-1.0,-1000.0
2024-06-20,SHORT,2024-06-20 10:15:00-04:00,2024-06-20 10:30:00-04:00,19935.37,19998.12,19778.495,2024-06-20 12:30:00-04:00,19778.495,TP,2.5,2500.0
2024-06-21,LONG,2024-06-21 11:00:00-04:00,2024-06-21 11:15:00-04:00,19764.12,19720.25,19873.795,2024-06-21 13:30:00-04:00,19720.25,SL,-1.0,-1000.0
2024-06-25,LONG,2024-06-25 10:15:00-04:00,2024-06-25 13:00:00-04:00,19624.32,19603.7,19675.869999999995,2024-06-25 13:30:00-04:00,19675.869999999995,TP,2.5,2500.0
2024-06-26,LONG,2024-06-26 10:00:00-04:00,2024-06-26 10:15:00-04:00,19737.47,19723.72,19771.845,2024-06-26 10:15:00-04:00,19723.72,SL,-1.0,-1000.0
2024-06-27,SHORT,2024-06-27 11:00:00-04:00,2024-06-27 12:15:00-04:00,19817.47,19844.72,19749.345,2024-06-27 16:00:00-04:00,19844.72,SL,-1.0,-1000.0
2024-06-28,LONG,2024-06-28 10:00:00-04:00,2024-06-28 10:45:00-04:00,19931.85,19886.1,20046.225,2024-06-28 11:00:00-04:00,19886.1,SL,-1.0,-1000.0
2024-07-02,SHORT,2024-07-02 12:00:00-04:00,2024-07-02 12:15:00-04:00,19891.67,19932.05,19790.719999999994,2024-07-02 13:00:00-04:00,19932.05,SL,-1.0,-1000.0
2024-07-03,LONG,2024-07-03 11:15:00-04:00,2024-07-03 11:30:00-04:00,20126.67,20104.92,20181.045,2024-07-03 12:00:00-04:00,20181.045,TP,2.5,2500.0
2024-07-04,SHORT,2024-07-04 10:00:00-04:00,2024-07-04 11:00:00-04:00,20180.2,20187.95,20160.825,2024-07-04 19:15:00-04:00,20187.95,SL,-1.0,-1000.0
2024-07-05,LONG,2024-07-05 10:45:00-04:00,2024-07-05 11:00:00-04:00,20317.22,20311.97,20330.345,2024-07-05 11:00:00-04:00,20311.97,SL,-1.0,-1000.0
2024-07-08,LONG,2024-07-08 11:15:00-04:00,2024-07-08 12:00:00-04:00,20428.7,20414.32,20464.65,2024-07-08 12:00:00-04:00,20464.65,TP,2.5,2500.0
2024-07-09,SHORT,2024-07-09 12:45:00-04:00,2024-07-09 13:00:00-04:00,20485.95,20509.07,20428.15,2024-07-09 13:15:00-04:00,20428.15,TP,2.5,2500.0
2024-07-12,LONG,2024-07-12 10:00:00-04:00,2024-07-12 10:15:00-04:00,20348.5,20255.92,20579.950000000004,2024-07-12 16:45:00-04:00,20353.1,EOD,0.0497,49.69
2024-07-15,LONG,2024-07-15 10:15:00-04:00,2024-07-15 12:00:00-04:00,20472.2,20448.7,20530.95,2024-07-15 12:15:00-04:00,20448.7,SL,-1.0,-1000.0
2024-07-16,SHORT,2024-07-16 10:00:00-04:00,2024-07-16 11:00:00-04:00,20416.45,20453.82,20323.025,2024-07-16 12:00:00-04:00,20323.025,TP,2.5,2500.0
2024-07-17,SHORT,2024-07-17 10:15:00-04:00,2024-07-17 10:30:00-04:00,19987.45,20038.32,19860.275,2024-07-17 12:00:00-04:00,19860.275,TP,2.5,2500.0
2024-07-19,SHORT,2024-07-19 10:30:00-04:00,2024-07-19 10:45:00-04:00,19661.6,19691.35,19587.225,2024-07-19 11:00:00-04:00,19691.35,SL,-1.0,-1000.0
2024-07-22,SHORT,2024-07-22 11:15:00-04:00,2024-07-22 12:45:00-04:00,19777.4,19796.27,19730.225000000006,2024-07-22 12:45:00-04:00,19796.27,SL,-1.0,-1000.0
2024-07-23,SHORT,2024-07-23 10:45:00-04:00,2024-07-23 11:00:00-04:00,19828.65,19865.15,19737.4,2024-07-23 11:00:00-04:00,19865.15,SL,-1.0,-1000.0
2024-07-25,SHORT,2024-07-25 10:00:00-04:00,2024-07-25 10:15:00-04:00,18894.75,18999.75,18632.25,2024-07-25 10:45:00-04:00,18999.75,SL,-1.0,-1000.0
2024-07-26,LONG,2024-07-26 11:45:00-04:00,2024-07-26 13:30:00-04:00,19016.8,18969.05,19136.175,2024-07-26 13:30:00-04:00,19136.175,TP,2.5,2500.0
2024-07-29,SHORT,2024-07-29 11:00:00-04:00,2024-07-29 11:45:00-04:00,19101.45,19175.2,18917.075,2024-07-29 12:00:00-04:00,19175.2,SL,-1.0,-1000.0
2024-07-30,SHORT,2024-07-30 10:00:00-04:00,2024-07-30 10:15:00-04:00,19115.3,19134.55,19067.175,2024-07-30 10:15:00-04:00,19067.175,TP,2.5,2500.0
2024-07-31,LONG,2024-07-31 10:15:00-04:00,2024-07-31 10:45:00-04:00,19290.32,19265.7,19351.869999999995,2024-07-31 11:00:00-04:00,19351.869999999995,TP,2.5,2500.0
2024-08-05,LONG,2024-08-05 11:15:00-04:00,2024-08-05 11:30:00-04:00,17994.15,17840.15,18379.15,2024-08-05 14:30:00-04:00,17840.15,SL,-1.0,-1000.0
2024-08-06,LONG,2024-08-06 10:45:00-04:00,2024-08-06 11:15:00-04:00,18144.65,18057.4,18362.775,2024-08-06 14:30:00-04:00,18362.775,TP,2.5,2500.0
2024-08-09,LONG,2024-08-09 11:00:00-04:00,2024-08-09 11:15:00-04:00,18428.75,18358.25,18605.0,2024-08-09 16:45:00-04:00,18508.5,EOD,1.1312,1131.21
2024-08-12,LONG,2024-08-12 10:15:00-04:00,2024-08-12 11:15:00-04:00,18563.8,18452.3,18842.55,2024-08-12 23:45:00-04:00,18583.45,EOD,0.1762,176.23
2024-08-14,LONG,2024-08-14 11:00:00-04:00,2024-08-14 12:15:00-04:00,18967.2,18907.25,19117.075000000004,2024-08-14 22:30:00-04:00,19117.075000000004,TP,2.5,2500.0
2024-08-16,LONG,2024-08-16 10:15:00-04:00,2024-08-16 10:30:00-04:00,19467.17,19408.8,19613.094999999994,2024-08-16 16:45:00-04:00,19516.0,EOD,0.8366,836.56
2024-08-19,LONG,2024-08-19 11:00:00-04:00,2024-08-19 11:15:00-04:00,19572.32,19524.95,19690.744999999995,2024-08-19 14:30:00-04:00,19690.744999999995,TP,2.5,2500.0
2024-08-20,SHORT,2024-08-20 10:15:00-04:00,2024-08-20 11:45:00-04:00,19774.37,19843.5,19601.545,2024-08-20 23:45:00-04:00,19759.85,EOD,0.21,210.04
2024-08-21,SHORT,2024-08-21 12:00:00-04:00,2024-08-21 12:15:00-04:00,19752.6,19780.1,19683.85,2024-08-21 12:30:00-04:00,19780.1,SL,-1.0,-1000.0
2024-08-23,LONG,2024-08-23 10:15:00-04:00,2024-08-23 10:45:00-04:00,19713.45,19686.45,19780.95,2024-08-23 10:45:00-04:00,19686.45,SL,-1.0,-1000.0
2024-08-27,LONG,2024-08-27 10:30:00-04:00,2024-08-27 11:30:00-04:00,19570.75,19520.75,19695.75,2024-08-27 19:15:00-04:00,19520.75,SL,-1.0,-1000.0
2024-08-28,SHORT,2024-08-28 10:00:00-04:00,2024-08-28 10:15:00-04:00,19508.8,19537.3,19437.55,2024-08-28 10:15:00-04:00,19537.3,SL,-1.0,-1000.0
2024-08-29,LONG,2024-08-29 10:45:00-04:00,2024-08-29 11:00:00-04:00,19580.8,19553.05,19650.175,2024-08-29 11:15:00-04:00,19553.05,SL,-1.0,-1000.0
2024-08-30,SHORT,2024-08-30 11:00:00-04:00,2024-08-30 14:30:00-04:00,19459.3,19507.55,19338.675,2024-08-30 15:15:00-04:00,19507.55,SL,-1.0,-1000.0
2024-09-02,SHORT,2024-09-02 10:15:00-04:00,2024-09-02 10:30:00-04:00,19574.95,19586.95,19544.95,2024-09-02 10:30:00-04:00,19586.95,SL,-1.0,-1000.0
2024-09-03,SHORT,2024-09-03 10:45:00-04:00,2024-09-03 11:15:00-04:00,19201.22,19287.35,18985.895000000008,2024-09-03 15:30:00-04:00,18985.895000000008,TP,2.5,2500.0
2024-09-04,LONG,2024-09-04 10:45:00-04:00,2024-09-04 11:30:00-04:00,18977.32,18958.4,19024.619999999995,2024-09-04 11:30:00-04:00,18958.4,SL,-1.0,-1000.0
2024-09-05,SHORT,2024-09-05 11:00:00-04:00,2024-09-05 13:45:00-04:00,18963.55,19040.2,18771.924999999996,2024-09-05 21:00:00-04:00,18771.924999999996,TP,2.5,2500.0
2024-09-09,SHORT,2024-09-09 10:30:00-04:00,2024-09-09 11:45:00-04:00,18605.65,18681.65,18415.65,2024-09-09 12:30:00-04:00,18681.65,SL,-1.0,-1000.0
2024-09-10,LONG,2024-09-10 11:15:00-04:00,2024-09-10 11:30:00-04:00,18726.37,18714.25,18756.67,2024-09-10 11:30:00-04:00,18714.25,SL,-1.0,-1000.0
2024-09-11,SHORT,2024-09-11 10:15:00-04:00,2024-09-11 11:15:00-04:00,18688.3,18781.8,18454.55,2024-09-11 11:30:00-04:00,18781.8,SL,-1.0,-1000.0
2024-09-12,LONG,2024-09-12 10:15:00-04:00,2024-09-12 10:30:00-04:00,19286.15,19247.65,19382.4,2024-09-12 11:45:00-04:00,19247.65,SL,-1.0,-1000.0
2024-09-13,SHORT,2024-09-13 12:15:00-04:00,2024-09-13 12:45:00-04:00,19501.27,19526.15,19439.07,2024-09-13 12:45:00-04:00,19526.15,SL,-1.0,-1000.0
2024-09-16,SHORT,2024-09-16 10:30:00-04:00,2024-09-16 11:15:00-04:00,19387.1,19453.85,19220.225,2024-09-16 18:15:00-04:00,19453.85,SL,-1.0,-1000.0
2024-09-18,SHORT,2024-09-18 11:15:00-04:00,2024-09-18 12:45:00-04:00,19444.3,19459.8,19405.55,2024-09-18 12:45:00-04:00,19459.8,SL,-1.0,-1000.0
2024-09-19,LONG,2024-09-19 10:30:00-04:00,2024-09-19 10:45:00-04:00,19881.65,19841.15,19982.9,2024-09-19 10:45:00-04:00,19841.15,SL,-1.0,-1000.0
2024-09-20,SHORT,2024-09-20 10:00:00-04:00,2024-09-20 12:45:00-04:00,19808.6,19827.6,19761.1,2024-09-20 14:00:00-04:00,19761.1,TP,2.5,2500.0
2024-09-23,SHORT,2024-09-23 12:15:00-04:00,2024-09-23 14:00:00-04:00,19868.87,19894.0,19806.045,2024-09-23 23:45:00-04:00,19843.5,EOD,1.0096,1009.55
2024-09-24,SHORT,2024-09-24 10:00:00-04:00,2024-09-24 11:00:00-04:00,19884.0,19898.75,19847.125,2024-09-24 11:00:00-04:00,19898.75,SL,-1.0,-1000.0
2024-09-25,LONG,2024-09-25 10:00:00-04:00,2024-09-25 10:30:00-04:00,20018.65,19972.35,20134.40000000001,2024-09-25 12:00:00-04:00,19972.35,SL,-1.0,-1000.0
2024-09-26,SHORT,2024-09-26 10:30:00-04:00,2024-09-26 18:00:00-04:00,20164.4,20199.15,20077.525,2024-09-26 23:45:00-04:00,20118.7,EOD,1.3151,1315.11
2024-09-27,SHORT,2024-09-27 11:15:00-04:00,2024-09-27 11:30:00-04:00,20077.7,20105.7,20007.7,2024-09-27 14:15:00-04:00,20007.7,TP,2.5,2500.0
2024-09-30,SHORT,2024-09-30 10:15:00-04:00,2024-09-30 10:30:00-04:00,19992.2,20010.2,19947.2,2024-09-30 10:30:00-04:00,20010.2,SL,-1.0,-1000.0
2024-10-01,SHORT,2024-10-01 11:15:00-04:00,2024-10-01 11:30:00-04:00,19708.4,19735.65,19640.275,2024-10-01 11:30:00-04:00,19735.65,SL,-1.0,-1000.0
2024-10-02,LONG,2024-10-02 10:15:00-04:00,2024-10-02 23:30:00-04:00,19754.5,19722.25,19835.125,2024-10-02 23:45:00-04:00,19760.85,EOD,0.1969,196.9
2024-10-03,LONG,2024-10-03 11:30:00-04:00,2024-10-03 12:30:00-04:00,19802.15,19782.15,19852.15,2024-10-03 12:30:00-04:00,19782.15,SL,-1.0,-1000.0
2024-10-04,SHORT,2024-10-04 10:00:00-04:00,2024-10-04 10:15:00-04:00,19933.35,20016.35,19725.85,2024-10-04 15:15:00-04:00,20016.35,SL,-1.0,-1000.0
2024-10-08,LONG,2024-10-08 10:00:00-04:00,2024-10-08 10:15:00-04:00,19982.05,19927.8,20117.675,2024-10-08 15:15:00-04:00,20117.675,TP,2.5,2500.0
2024-10-10,LONG,2024-10-10 12:00:00-04:00,2024-10-10 12:15:00-04:00,20301.55,20279.55,20356.55,2024-10-10 12:30:00-04:00,20279.55,SL,-1.0,-1000.0
2024-10-11,LONG,2024-10-11 10:15:00-04:00,2024-10-11 10:45:00-04:00,20267.5,20191.85,20456.625000000004,2024-10-11 16:45:00-04:00,20246.8,EOD,-0.2736,-273.63
2024-10-14,LONG,2024-10-14 10:00:00-04:00,2024-10-14 10:15:00-04:00,20466.25,20447.85,20512.250000000004,2024-10-14 10:15:00-04:00,20447.85,SL,-1.0,-1000.0
2024-10-16,LONG,2024-10-16 10:15:00-04:00,2024-10-16 10:30:00-04:00,20131.15,20072.35,20278.15000000001,2024-10-16 23:45:00-04:00,20148.0,EOD,0.2866,286.56
2024-10-17,LONG,2024-10-17 11:30:00-04:00,2024-10-17 14:00:00-04:00,20296.75,20293.25,20305.5,2024-10-17 14:00:00-04:00,20293.25,SL,-1.0,-1000.0
2024-10-18,SHORT,2024-10-18 11:45:00-04:00,2024-10-18 12:30:00-04:00,20341.55,20367.05,20277.8,2024-10-18 12:45:00-04:00,20367.05,SL,-1.0,-1000.0
2024-10-21,SHORT,2024-10-21 10:45:00-04:00,2024-10-21 11:45:00-04:00,20301.95,20369.2,20133.825,2024-10-21 15:45:00-04:00,20369.2,SL,-1.0,-1000.0
2024-10-23,SHORT,2024-10-23 11:15:00-04:00,2024-10-23 11:45:00-04:00,20226.35,20260.6,20140.725,2024-10-23 12:15:00-04:00,20140.725,TP,2.5,2500.0
2024-10-24,LONG,2024-10-24 12:45:00-04:00,2024-10-24 14:00:00-04:00,20212.5,20197.0,20251.25,2024-10-24 14:15:00-04:00,20251.25,TP,2.5,2500.0
2024-10-25,LONG,2024-10-25 10:00:00-04:00,2024-10-25 10:15:00-04:00,20516.05,20458.65,20659.549999999996,2024-10-25 13:15:00-04:00,20458.65,SL,-1.0,-1000.0
2024-10-30,SHORT,2024-10-30 10:00:00-04:00,2024-10-30 11:15:00-04:00,20579.25,20595.5,20538.625,2024-10-30 11:45:00-04:00,20538.625,TP,2.5,2500.0
2024-11-01,SHORT,2024-11-01 10:15:00-04:00,2024-11-01 10:30:00-04:00,19992.3,20006.55,19956.675,2024-11-01 10:30:00-04:00,20006.55,SL,-1.0,-1000.0
2024-11-04,LONG,2024-11-04 10:30:00-05:00,2024-11-04 11:30:00-05:00,20062.25,20031.75,20138.5,2024-11-04 11:30:00-05:00,20031.75,SL,-1.0,-1000.0
2024-11-05,LONG,2024-11-05 10:00:00-05:00,2024-11-05 10:15:00-05:00,20164.45,20121.45,20271.95,2024-11-05 12:15:00-05:00,20271.95,TP,2.5,2500.0
2024-11-06,LONG,2024-11-06 11:30:00-05:00,2024-11-06 11:45:00-05:00,20678.45,20671.45,20695.95,2024-11-06 11:45:00-05:00,20695.95,TP,2.5,2500.0
2024-11-07,LONG,2024-11-07 10:00:00-05:00,2024-11-07 10:30:00-05:00,20996.7,20977.45,21044.825,2024-11-07 10:45:00-05:00,21044.825,TP,2.5,2500.0
2024-11-08,LONG,2024-11-08 12:45:00-05:00,2024-11-08 13:00:00-05:00,21120.65,21109.35,21148.90000000001,2024-11-08 13:30:00-05:00,21148.90000000001,TP,2.5,2500.0
2024-11-11,SHORT,2024-11-11 10:00:00-05:00,2024-11-11 10:30:00-05:00,21120.2,21125.95,21105.825,2024-11-11 10:30:00-05:00,21125.95,SL,-1.0,-1000.0
2024-11-12,SHORT,2024-11-12 13:00:00-05:00,2024-11-12 13:15:00-05:00,21022.5,21055.25,20940.625,2024-11-12 13:30:00-05:00,21055.25,SL,-1.0,-1000.0
2024-11-13,SHORT,2024-11-13 10:15:00-05:00,2024-11-13 10:30:00-05:00,21031.9,21058.15,20966.275,2024-11-13 11:15:00-05:00,21058.15,SL,-1.0,-1000.0
2024-11-14,SHORT,2024-11-14 12:15:00-05:00,2024-11-14 12:30:00-05:00,21001.55,21021.3,20952.175,2024-11-14 12:30:00-05:00,20952.175,TP,2.5,2500.0
2024-11-18,LONG,2024-11-18 10:15:00-05:00,2024-11-18 14:15:00-05:00,20529.65,20462.15,20698.4,2024-11-18 23:45:00-05:00,20619.25,EOD,1.3274,1327.41
2024-11-20,SHORT,2024-11-20 10:15:00-05:00,2024-11-20 10:30:00-05:00,20479.85,20554.85,20292.35,2024-11-20 10:45:00-05:00,20554.85,SL,-1.0,-1000.0
2024-11-22,LONG,2024-11-22 10:45:00-05:00,2024-11-22 11:00:00-05:00,20756.35,20685.6,20933.225,2024-11-22 11:15:00-05:00,20685.6,SL,-1.0,-1000.0
2024-11-25,SHORT,2024-11-25 12:15:00-05:00,2024-11-25 12:45:00-05:00,20801.85,20854.85,20669.35,2024-11-25 16:15:00-05:00,20854.85,SL,-1.0,-1000.0
2024-11-26,LONG,2024-11-26 12:45:00-05:00,2024-11-26 13:00:00-05:00,20913.55,20896.8,20955.425,2024-11-26 13:15:00-05:00,20896.8,SL,-1.0,-1000.0
2024-11-27,SHORT,2024-11-27 10:15:00-05:00,2024-11-27 13:45:00-05:00,20772.25,20812.5,20671.625,2024-11-27 22:30:00-05:00,20812.5,SL,-1.0,-1000.0
2024-11-28,SHORT,2024-11-28 11:30:00-05:00,2024-11-28 12:15:00-05:00,20851.35,20864.35,20818.85,2024-11-28 19:30:00-05:00,20818.85,TP,2.5,2500.0
2024-12-02,LONG,2024-12-02 10:00:00-05:00,2024-12-02 10:45:00-05:00,21105.95,21072.85,21188.700000000004,2024-12-02 11:30:00-05:00,21188.700000000004,TP,2.5,2500.0
2024-12-03,LONG,2024-12-03 11:15:00-05:00,2024-12-03 11:30:00-05:00,21180.85,21173.85,21198.35,2024-12-03 11:30:00-05:00,21173.85,SL,-1.0,-1000.0
2024-12-04,LONG,2024-12-04 10:45:00-05:00,2024-12-04 11:30:00-05:00,21428.7,21422.95,21443.075,2024-12-04 11:30:00-05:00,21422.95,SL,-1.0,-1000.0
2024-12-05,LONG,2024-12-05 12:15:00-05:00,2024-12-05 12:30:00-05:00,21518.8,21499.05,21568.175,2024-12-05 13:15:00-05:00,21499.05,SL,-1.0,-1000.0
2024-12-06,LONG,2024-12-06 10:00:00-05:00,2024-12-06 11:00:00-05:00,21561.75,21521.15,21663.249999999996,2024-12-06 16:45:00-05:00,21603.65,EOD,1.032,1032.02
2024-12-11,LONG,2024-12-11 10:00:00-05:00,2024-12-11 10:45:00-05:00,21663.8,21621.3,21770.05,2024-12-11 12:15:00-05:00,21770.05,TP,2.5,2500.0
2024-12-12,LONG,2024-12-12 10:30:00-05:00,2024-12-12 11:45:00-05:00,21684.3,21643.8,21785.55,2024-12-12 15:45:00-05:00,21643.8,SL,-1.0,-1000.0
2024-12-16,LONG,2024-12-16 10:00:00-05:00,2024-12-16 10:15:00-05:00,21982.0,21942.2,22081.5,2024-12-16 12:30:00-05:00,22081.5,TP,2.5,2500.0
2024-12-17,SHORT,2024-12-17 10:15:00-05:00,2024-12-17 10:30:00-05:00,22017.2,22041.3,21956.950000000004,2024-12-17 10:45:00-05:00,22041.3,SL,-1.0,-1000.0
2024-12-18,LONG,2024-12-18 10:45:00-05:00,2024-12-18 11:00:00-05:00,22057.6,22050.35,22075.725,2024-12-18 11:00:00-05:00,22050.35,SL,-1.0,-1000.0
2024-12-19,LONG,2024-12-19 11:30:00-05:00,2024-12-19 11:45:00-05:00,21302.15,21224.25,21496.900000000005,2024-12-19 12:15:00-05:00,21224.25,SL,-1.0,-1000.0
2024-12-24,LONG,2024-12-24 10:00:00-05:00,2024-12-24 10:15:00-05:00,21656.6,21624.35,21737.225,2024-12-24 11:15:00-05:00,21737.225,TP,2.5,2500.0
2024-12-26,LONG,2024-12-26 14:45:00-05:00,2024-12-26 15:00:00-05:00,21790.55,21767.8,21847.425,2024-12-26 15:45:00-05:00,21767.8,SL,-1.0,-1000.0
2024-12-27,SHORT,2024-12-27 10:15:00-05:00,2024-12-27 10:45:00-05:00,21369.5,21458.4,21147.249999999996,2024-12-27 14:45:00-05:00,21458.4,SL,-1.0,-1000.0
2024-12-30,LONG,2024-12-30 11:30:00-05:00,2024-12-30 16:00:00-05:00,21167.85,21137.9,21242.72499999999,2024-12-30 16:00:00-05:00,21137.9,SL,-1.0,-1000.0
2024-12-31,SHORT,2024-12-31 11:15:00-05:00,2024-12-31 11:45:00-05:00,21123.15,21155.75,21041.650000000005,2024-12-31 12:15:00-05:00,21041.650000000005,TP,2.5,2500.0
2025-01-02,SHORT,2025-01-02 10:30:00-05:00,2025-01-02 10:45:00-05:00,21079.6,21203.85,20768.975,2025-01-02 12:45:00-05:00,20768.975,TP,2.5,2500.0
2025-01-08,SHORT,2025-01-08 12:15:00-05:00,2025-01-08 13:00:00-05:00,21094.95,21178.05,20887.200000000004,2025-01-08 13:15:00-05:00,21178.05,SL,-1.0,-1000.0
2025-01-09,SHORT,2025-01-09 18:15:00-05:00,2025-01-09 21:45:00-05:00,21047.05,21075.3,20976.425,2025-01-09 22:45:00-05:00,21075.3,SL,-1.0,-1000.0
2025-01-10,SHORT,2025-01-10 10:00:00-05:00,2025-01-10 10:30:00-05:00,20826.9,20892.45,20663.025,2025-01-10 10:45:00-05:00,20892.45,SL,-1.0,-1000.0
2025-01-13,SHORT,2025-01-13 11:15:00-05:00,2025-01-13 11:30:00-05:00,20560.4,20579.65,20512.275,2025-01-13 11:30:00-05:00,20579.65,SL,-1.0,-1000.0
2025-01-14,SHORT,2025-01-14 11:00:00-05:00,2025-01-14 11:15:00-05:00,20728.77,20800.52,20549.395,2025-01-14 23:45:00-05:00,20734.15,EOD,-0.075,-74.98
2025-01-15,LONG,2025-01-15 10:00:00-05:00,2025-01-15 10:45:00-05:00,21116.85,21086.98,21191.524999999994,2025-01-15 11:30:00-05:00,21086.98,SL,-1.0,-1000.0
2025-01-16,LONG,2025-01-16 11:00:00-05:00,2025-01-16 11:15:00-05:00,21209.27,21166.77,21315.52,2025-01-16 11:30:00-05:00,21166.77,SL,-1.0,-1000.0
2025-01-17,LONG,2025-01-17 12:30:00-05:00,2025-01-17 15:00:00-05:00,21402.98,21400.11,21410.155,2025-01-17 15:00:00-05:00,21400.11,SL,-1.0,-1000.0
2025-01-20,SHORT,2025-01-20 10:15:00-05:00,2025-01-20 11:45:00-05:00,21534.96,21550.34,21496.509999999995,2025-01-20 12:00:00-05:00,21496.509999999995,TP,2.5,2500.0
2025-01-21,LONG,2025-01-21 12:00:00-05:00,2025-01-21 12:15:00-05:00,21468.42,21419.92,21589.67,2025-01-21 16:00:00-05:00,21589.67,TP,2.5,2500.0
2025-01-22,LONG,2025-01-22 11:30:00-05:00,2025-01-22 13:00:00-05:00,21861.5,21820.87,21963.075000000004,2025-01-22 15:30:00-05:00,21820.87,SL,-1.0,-1000.0
2025-01-23,LONG,2025-01-23 10:45:00-05:00,2025-01-23 11:00:00-05:00,21738.83,21720.58,21784.455,2025-01-23 11:00:00-05:00,21720.58,SL,-1.0,-1000.0
2025-01-24,SHORT,2025-01-24 10:15:00-05:00,2025-01-24 11:30:00-05:00,21842.28,21880.91,21745.704999999994,2025-01-24 13:00:00-05:00,21745.704999999994,TP,2.5,2500.0
2025-01-27,LONG,2025-01-27 10:30:00-05:00,2025-01-27 10:45:00-05:00,21184.94,21124.82,21335.239999999998,2025-01-27 11:00:00-05:00,21124.82,SL,-1.0,-1000.0
2025-01-29,LONG,2025-01-29 12:15:00-05:00,2025-01-29 12:45:00-05:00,21353.12,21325.37,21422.495,2025-01-29 12:45:00-05:00,21325.37,SL,-1.0,-1000.0
2025-01-30,SHORT,2025-01-30 10:15:00-05:00,2025-01-30 11:45:00-05:00,21449.82,21518.32,21278.57,2025-01-30 15:00:00-05:00,21518.32,SL,-1.0,-1000.0
2025-01-31,LONG,2025-01-31 10:00:00-05:00,2025-01-31 12:00:00-05:00,21713.05,21666.55,21829.3,2025-01-31 13:15:00-05:00,21666.55,SL,-1.0,-1000.0
2025-02-04,LONG,2025-02-04 10:00:00-05:00,2025-02-04 12:15:00-05:00,21421.63,21367.63,21556.63,2025-02-04 23:45:00-05:00,21427.28,EOD,0.1046,104.63
2025-02-06,SHORT,2025-02-06 10:45:00-05:00,2025-02-06 11:00:00-05:00,21650.46,21661.96,21621.71,2025-02-06 11:00:00-05:00,21661.96,SL,-1.0,-1000.0
2025-02-07,SHORT,2025-02-07 10:15:00-05:00,2025-02-07 10:30:00-05:00,21653.26,21776.26,21345.76,2025-02-07 16:45:00-05:00,21447.06,EOD,1.6764,1676.42
2025-02-10,LONG,2025-02-10 10:15:00-05:00,2025-02-10 12:00:00-05:00,21715.8,21673.8,21820.8,2025-02-10 18:00:00-05:00,21673.8,SL,-1.0,-1000.0
2025-02-11,LONG,2025-02-11 10:30:00-05:00,2025-02-11 11:15:00-05:00,21708.52,21684.4,21768.82,2025-02-11 11:45:00-05:00,21684.4,SL,-1.0,-1000.0
2025-02-12,LONG,2025-02-12 10:30:00-05:00,2025-02-12 10:45:00-05:00,21582.63,21480.75,21837.33,2025-02-12 23:45:00-05:00,21797.39,EOD,2.108,2107.97
2025-02-13,LONG,2025-02-13 10:15:00-05:00,2025-02-13 13:15:00-05:00,21825.59,21809.96,21864.665,2025-02-13 13:15:00-05:00,21809.96,SL,-1.0,-1000.0
2025-02-14,LONG,2025-02-14 13:00:00-05:00,2025-02-14 13:15:00-05:00,22042.59,22000.84,22146.965,2025-02-14 16:45:00-05:00,22094.02,EOD,1.2319,1231.86
2025-02-17,LONG,2025-02-17 10:30:00-05:00,2025-02-17 12:00:00-05:00,22129.88,22118.51,22158.305000000008,2025-02-17 18:15:00-05:00,22118.51,SL,-1.0,-1000.0
2025-02-18,SHORT,2025-02-18 10:00:00-05:00,2025-02-18 10:15:00-05:00,22111.63,22127.38,22072.255,2025-02-18 10:15:00-05:00,22072.255,TP,2.5,2500.0
2025-02-19,LONG,2025-02-19 14:15:00-05:00,2025-02-19 15:00:00-05:00,22171.45,22141.7,22245.825,2025-02-19 15:15:00-05:00,22141.7,SL,-1.0,-1000.0
2025-02-20,SHORT,2025-02-20 10:00:00-05:00,2025-02-20 10:15:00-05:00,21960.08,22082.96,21652.88000000001,2025-02-20 18:30:00-05:00,22082.96,SL,-1.0,-1000.0
2025-02-21,SHORT,2025-02-21 10:30:00-05:00,2025-02-21 11:00:00-05:00,21932.73,21990.86,21787.405,2025-02-21 12:30:00-05:00,21787.405,TP,2.5,2500.0
2025-02-24,SHORT,2025-02-24 10:00:00-05:00,2025-02-24 10:15:00-05:00,21503.36,21635.48,21173.060000000005,2025-02-24 23:45:00-05:00,21348.1,EOD,1.1751,1175.14
2025-02-25,SHORT,2025-02-25 10:00:00-05:00,2025-02-25 13:00:00-05:00,21190.55,21240.43,21065.85,2025-02-25 14:15:00-05:00,21065.85,TP,2.5,2500.0
2025-02-26,LONG,2025-02-26 11:00:00-05:00,2025-02-26 11:30:00-05:00,21281.56,21265.06,21322.81,2025-02-26 11:30:00-05:00,21322.81,TP,2.5,2500.0
2025-02-27,SHORT,2025-02-27 10:00:00-05:00,2025-02-27 10:15:00-05:00,21019.78,21124.65,20757.604999999992,2025-02-27 14:30:00-05:00,20757.604999999992,TP,2.5,2500.0
2025-02-28,SHORT,2025-02-28 12:45:00-05:00,2025-02-28 13:30:00-05:00,20565.43,20632.43,20397.93,2025-02-28 14:30:00-05:00,20632.43,SL,-1.0,-1000.0
2025-03-03,SHORT,2025-03-03 10:00:00-05:00,2025-03-03 10:15:00-05:00,20844.25,20918.87,20657.700000000004,2025-03-03 10:30:00-05:00,20918.87,SL,-1.0,-1000.0
2025-03-04,SHORT,2025-03-04 10:00:00-05:00,2025-03-04 10:45:00-05:00,20204.51,20277.76,20021.385,2025-03-04 11:45:00-05:00,20277.76,SL,-1.0,-1000.0
2025-03-05,SHORT,2025-03-05 11:15:00-05:00,2025-03-05 11:45:00-05:00,20261.0,20343.75,20054.125,2025-03-05 12:00:00-05:00,20343.75,SL,-1.0,-1000.0
2025-03-06,LONG,2025-03-06 10:15:00-05:00,2025-03-06 10:45:00-05:00,20351.15,20237.28,20635.825000000008,2025-03-06 11:45:00-05:00,20237.28,SL,-1.0,-1000.0
2025-03-07,SHORT,2025-03-07 10:15:00-05:00,2025-03-07 13:30:00-05:00,20086.18,20095.43,20063.055,2025-03-07 13:30:00-05:00,20095.43,SL,-1.0,-1000.0
2025-03-10,SHORT,2025-03-10 11:45:00-04:00,2025-03-10 12:30:00-04:00,19612.12,19633.12,19559.62,2025-03-10 12:30:00-04:00,19633.12,SL,-1.0,-1000.0
2025-03-11,LONG,2025-03-11 10:45:00-04:00,2025-03-11 11:00:00-04:00,19460.59,19390.24,19636.464999999997,2025-03-11 11:00:00-04:00,19390.24,SL,-1.0,-1000.0
2025-03-12,SHORT,2025-03-12 11:45:00-04:00,2025-03-12 12:30:00-04:00,19541.8,19602.67,19389.625,2025-03-12 12:45:00-04:00,19602.67,SL,-1.0,-1000.0
2025-03-13,SHORT,2025-03-13 10:45:00-04:00,2025-03-13 11:15:00-04:00,19484.2,19546.97,19327.275,2025-03-13 12:15:00-04:00,19327.275,TP,2.5,2500.0
2025-03-14,SHORT,2025-03-14 10:15:00-04:00,2025-03-14 10:30:00-04:00,19458.48,19472.61,19423.155,2025-03-14 10:30:00-04:00,19472.61,SL,-1.0,-1000.0
2025-03-17,SHORT,2025-03-17 10:15:00-04:00,2025-03-17 10:30:00-04:00,19723.94,19738.19,19688.315,2025-03-17 10:30:00-04:00,19738.19,SL,-1.0,-1000.0
2025-03-18,SHORT,2025-03-18 10:00:00-04:00,2025-03-18 10:15:00-04:00,19702.72,19732.47,19628.345,2025-03-18 10:30:00-04:00,19628.345,TP,2.5,2500.0
2025-03-19,LONG,2025-03-19 11:00:00-04:00,2025-03-19 11:30:00-04:00,19610.22,19513.6,19851.770000000008,2025-03-19 16:00:00-04:00,19851.770000000008,TP,2.5,2500.0
2025-03-20,SHORT,2025-03-20 10:00:00-04:00,2025-03-20 10:30:00-04:00,19615.13,19637.63,19558.88,2025-03-20 10:30:00-04:00,19637.63,SL,-1.0,-1000.0
2025-03-21,SHORT,2025-03-21 10:00:00-04:00,2025-03-21 10:30:00-04:00,19471.47,19484.59,19438.670000000006,2025-03-21 10:30:00-04:00,19484.59,SL,-1.0,-1000.0
2025-03-24,SHORT,2025-03-24 19:15:00-04:00,2025-03-24 19:30:00-04:00,20150.81,20163.56,20118.935,2025-03-24 20:30:00-04:00,20163.56,SL,-1.0,-1000.0
2025-03-25,LONG,2025-03-25 11:45:00-04:00,2025-03-25 12:30:00-04:00,20263.01,20254.64,20283.934999999998,2025-03-25 12:30:00-04:00,20254.64,SL,-1.0,-1000.0
2025-03-27,LONG,2025-03-27 11:30:00-04:00,2025-03-27 12:30:00-04:00,19913.64,19896.52,19956.439999999995,2025-03-27 12:30:00-04:00,19896.52,SL,-1.0,-1000.0
2025-03-28,LONG,2025-03-28 10:15:00-04:00,2025-03-28 10:30:00-04:00,19709.06,19672.44,19800.610000000008,2025-03-28 10:30:00-04:00,19672.44,SL,-1.0,-1000.0
2025-03-31,LONG,2025-03-31 14:15:00-04:00,2025-03-31 20:30:00-04:00,19134.85,19040.85,19369.85,2025-03-31 23:45:00-04:00,19181.15,EOD,0.4926,492.55
2025-04-01,SHORT,2025-04-01 10:15:00-04:00,2025-04-01 10:30:00-04:00,19181.15,19202.75,19127.150000000005,2025-04-01 10:30:00-04:00,19202.75,SL,-1.0,-1000.0
2025-04-02,LONG,2025-04-02 11:30:00-04:00,2025-04-02 11:45:00-04:00,19489.95,19408.35,19693.950000000004,2025-04-02 13:00:00-04:00,19693.950000000004,TP,2.5,2500.0
2025-04-03,SHORT,2025-04-03 11:00:00-04:00,2025-04-03 11:15:00-04:00,18649.75,18674.35,18588.250000000004,2025-04-03 11:15:00-04:00,18674.35,SL,-1.0,-1000.0
2025-04-04,SHORT,2025-04-04 10:30:00-04:00,2025-04-04 11:00:00-04:00,17813.65,17847.85,17728.15000000001,2025-04-04 11:00:00-04:00,17847.85,SL,-1.0,-1000.0
2025-04-07,LONG,2025-04-07 10:00:00-04:00,2025-04-07 10:30:00-04:00,17025.75,16614.35,18054.250000000004,2025-04-07 23:45:00-04:00,17633.75,EOD,1.4779,1477.88
2025-04-08,LONG,2025-04-08 10:00:00-04:00,2025-04-08 10:45:00-04:00,18082.55,17994.65,18302.299999999996,2025-04-08 10:45:00-04:00,17994.65,SL,-1.0,-1000.0
2025-04-09,SHORT,2025-04-09 11:00:00-04:00,2025-04-09 11:15:00-04:00,17262.75,17280.55,17218.25,2025-04-09 11:15:00-04:00,17280.55,SL,-1.0,-1000.0
2025-04-10,SHORT,2025-04-10 11:30:00-04:00,2025-04-10 13:00:00-04:00,18346.05,18441.15,18108.299999999996,2025-04-10 13:00:00-04:00,18108.299999999996,TP,2.5,2500.0
2025-04-14,SHORT,2025-04-14 11:15:00-04:00,2025-04-14 15:00:00-04:00,18919.75,18991.05,18741.5,2025-04-14 16:15:00-04:00,18741.5,TP,2.5,2500.0
2025-04-16,SHORT,2025-04-16 12:00:00-04:00,2025-04-16 12:15:00-04:00,18463.85,18516.45,18332.34999999999,2025-04-16 13:30:00-04:00,18332.34999999999,TP,2.5,2500.0
2025-04-17,SHORT,2025-04-17 10:30:00-04:00,2025-04-17 10:45:00-04:00,18234.45,18283.45,18111.95,2025-04-17 11:00:00-04:00,18283.45,SL,-1.0,-1000.0
2025-04-21,SHORT,2025-04-21 10:00:00-04:00,2025-04-21 19:45:00-04:00,17884.95,17969.95,17672.45,2025-04-21 23:45:00-04:00,17867.95,EOD,0.2,200.0
2025-04-22,LONG,2025-04-22 10:00:00-04:00,2025-04-22 13:30:00-04:00,18128.55,18097.05,18207.3,2025-04-22 13:45:00-04:00,18097.05,SL,-1.0,-1000.0
2025-04-23,SHORT,2025-04-23 11:30:00-04:00,2025-04-23 13:15:00-04:00,18835.45,18947.85,18554.450000000004,2025-04-23 23:45:00-04:00,18643.45,EOD,1.7082,1708.19
2025-04-25,LONG,2025-04-25 12:30:00-04:00,2025-04-25 13:45:00-04:00,19306.55,19274.75,19386.049999999996,2025-04-25 13:45:00-04:00,19274.75,SL,-1.0,-1000.0
2025-04-28,SHORT,2025-04-28 11:15:00-04:00,2025-04-28 15:00:00-04:00,19336.55,19367.55,19259.05,2025-04-28 15:00:00-04:00,19367.55,SL,-1.0,-1000.0
2025-04-29,SHORT,2025-04-29 13:00:00-04:00,2025-04-29 13:15:00-04:00,19417.25,19471.45,19281.75,2025-04-29 13:15:00-04:00,19471.45,SL,-1.0,-1000.0
2025-05-01,LONG,2025-05-01 10:30:00-04:00,2025-05-01 11:45:00-04:00,19874.55,19825.55,19997.05,2025-05-01 12:15:00-04:00,19825.55,SL,-1.0,-1000.0
2025-05-02,LONG,2025-05-02 12:00:00-04:00,2025-05-02 13:15:00-04:00,20098.35,20089.75,20119.849999999995,2025-05-02 13:15:00-04:00,20119.849999999995,TP,2.5,2500.0
2025-05-05,LONG,2025-05-05 14:15:00-04:00,2025-05-05 14:45:00-04:00,20065.45,20052.55,20097.700000000004,2025-05-05 14:45:00-04:00,20097.700000000004,TP,2.5,2500.0
2025-05-06,LONG,2025-05-06 10:30:00-04:00,2025-05-06 12:45:00-04:00,19793.35,19729.75,19952.349999999995,2025-05-06 16:15:00-04:00,19729.75,SL,-1.0,-1000.0
2025-05-07,SHORT,2025-05-07 11:00:00-04:00,2025-05-07 11:30:00-04:00,19764.15,19873.55,19490.65000000001,2025-05-07 15:30:00-04:00,19873.55,SL,-1.0,-1000.0
2025-05-08,LONG,2025-05-08 11:30:00-04:00,2025-05-08 15:45:00-04:00,20063.25,19999.65,20222.249999999996,2025-05-08 23:45:00-04:00,20103.55,EOD,0.6336,633.65
2025-05-09,SHORT,2025-05-09 10:30:00-04:00,2025-05-09 11:00:00-04:00,20069.25,20171.85,19812.750000000004,2025-05-09 16:45:00-04:00,20068.5,EOD,0.0073,7.31
2025-05-14,LONG,2025-05-14 11:30:00-04:00,2025-05-14 11:45:00-04:00,21285.85,21266.25,21334.849999999995,2025-05-14 12:30:00-04:00,21334.849999999995,TP,2.5,2500.0
2025-05-15,LONG,2025-05-15 11:00:00-04:00,2025-05-15 15:15:00-04:00,21244.15,21216.25,21313.900000000005,2025-05-15 15:15:00-04:00,21313.900000000005,TP,2.5,2500.0
2025-05-16,SHORT,2025-05-16 10:45:00-04:00,2025-05-16 11:00:00-04:00,21324.25,21330.55,21308.5,2025-05-16 11:00:00-04:00,21308.5,TP,2.5,2500.0
2025-05-20,LONG,2025-05-20 12:45:00-04:00,2025-05-20 13:00:00-04:00,21382.95,21357.35,21446.950000000004,2025-05-20 13:30:00-04:00,21357.35,SL,-1.0,-1000.0
2025-05-21,LONG,2025-05-21 11:00:00-04:00,2025-05-21 13:00:00-04:00,21374.35,21312.55,21528.85,2025-05-21 13:15:00-04:00,21312.55,SL,-1.0,-1000.0
2025-05-22,LONG,2025-05-22 10:00:00-04:00,2025-05-22 10:15:00-04:00,21190.35,21093.25,21433.099999999995,2025-05-22 18:45:00-04:00,21093.25,SL,-1.0,-1000.0
2025-05-23,LONG,2025-05-23 10:15:00-04:00,2025-05-23 10:45:00-04:00,20853.65,20826.45,20921.65,2025-05-23 10:45:00-04:00,20921.65,TP,2.5,2500.0
2025-05-26,SHORT,2025-05-26 10:45:00-04:00,2025-05-26 11:15:00-04:00,21186.15,21209.95,21126.65,2025-05-26 11:30:00-04:00,21209.95,SL,-1.0,-1000.0
2025-05-28,SHORT,2025-05-28 10:00:00-04:00,2025-05-28 13:15:00-04:00,21431.25,21485.25,21296.25,2025-05-28 15:45:00-04:00,21296.25,TP,2.5,2500.0
2025-05-29,SHORT,2025-05-29 10:15:00-04:00,2025-05-29 10:30:00-04:00,21413.25,21465.65,21282.249999999996,2025-05-29 10:45:00-04:00,21465.65,SL,-1.0,-1000.0
2025-05-30,LONG,2025-05-30 10:15:00-04:00,2025-05-30 10:45:00-04:00,21306.05,21208.75,21549.299999999996,2025-05-30 12:15:00-04:00,21208.75,SL,-1.0,-1000.0
2025-06-03,LONG,2025-06-03 11:00:00-04:00,2025-06-03 14:00:00-04:00,21611.85,21571.85,21711.85,2025-06-03 23:45:00-04:00,21640.15,EOD,0.7075,707.5
2025-06-04,LONG,2025-06-04 13:00:00-04:00,2025-06-04 15:45:00-04:00,21713.05,21694.55,21759.3,2025-06-04 18:00:00-04:00,21694.55,SL,-1.0,-1000.0
2025-06-05,LONG,2025-06-05 10:45:00-04:00,2025-06-05 12:30:00-04:00,21765.25,21762.55,21772.0,2025-06-05 12:30:00-04:00,21762.55,SL,-1.0,-1000.0
2025-06-06,SHORT,2025-06-06 11:30:00-04:00,2025-06-06 11:45:00-04:00,21774.15,21807.05,21691.90000000001,2025-06-06 12:45:00-04:00,21691.90000000001,TP,2.5,2500.0
2025-06-09,LONG,2025-06-09 10:15:00-04:00,2025-06-09 10:45:00-04:00,21810.95,21755.95,21948.45,2025-06-09 23:45:00-04:00,21913.85,EOD,1.8709,1870.91
2025-06-10,LONG,2025-06-10 12:00:00-04:00,2025-06-10 13:30:00-04:00,21846.95,21817.95,21919.45,2025-06-10 14:00:00-04:00,21817.95,SL,-1.0,-1000.0
2025-06-11,LONG,2025-06-11 10:15:00-04:00,2025-06-11 11:00:00-04:00,21978.35,21955.35,22035.85,2025-06-11 11:00:00-04:00,22035.85,TP,2.5,2500.0
2025-06-12,LONG,2025-06-12 10:15:00-04:00,2025-06-12 11:15:00-04:00,21880.05,21834.85,21993.050000000003,2025-06-12 19:45:00-04:00,21834.85,SL,-1.0,-1000.0
2025-06-13,SHORT,2025-06-13 10:15:00-04:00,2025-06-13 10:30:00-04:00,21681.45,21741.35,21531.700000000004,2025-06-13 10:45:00-04:00,21741.35,SL,-1.0,-1000.0
2025-06-16,LONG,2025-06-16 10:00:00-04:00,2025-06-16 12:30:00-04:00,21907.45,21845.95,22061.2,2025-06-16 18:45:00-04:00,21845.95,SL,-1.0,-1000.0
2025-06-18,LONG,2025-06-18 10:15:00-04:00,2025-06-18 11:30:00-04:00,21808.75,21770.35,21904.750000000004,2025-06-18 13:15:00-04:00,21770.35,SL,-1.0,-1000.0
2025-06-19,SHORT,2025-06-19 10:00:00-04:00,2025-06-19 10:15:00-04:00,21483.75,21492.15,21462.749999999996,2025-06-19 10:15:00-04:00,21492.15,SL,-1.0,-1000.0
2025-06-23,LONG,2025-06-23 10:00:00-04:00,2025-06-23 11:30:00-04:00,21708.85,21666.05,21815.85,2025-06-23 12:15:00-04:00,21666.05,SL,-1.0,-1000.0
2025-06-25,SHORT,2025-06-25 11:15:00-04:00,2025-06-25 16:00:00-04:00,22250.95,22272.15,22197.949999999997,2025-06-25 23:15:00-04:00,22272.15,SL,-1.0,-1000.0
2025-06-26,LONG,2025-06-26 12:00:00-04:00,2025-06-26 12:30:00-04:00,22385.65,22372.85,22417.65000000001,2025-06-26 13:30:00-04:00,22417.65000000001,TP,2.5,2500.0
2025-06-27,LONG,2025-06-27 10:00:00-04:00,2025-06-27 10:30:00-04:00,22545.95,22514.85,22623.700000000004,2025-06-27 13:30:00-04:00,22514.85,SL,-1.0,-1000.0
2025-06-30,LONG,2025-06-30 11:45:00-04:00,2025-06-30 12:15:00-04:00,22617.65,22599.65,22662.65,2025-06-30 13:30:00-04:00,22599.65,SL,-1.0,-1000.0
2025-07-04,LONG,2025-07-04 10:30:00-04:00,2025-07-04 11:00:00-04:00,22726.95,22713.45,22760.7,2025-07-04 11:15:00-04:00,22713.45,SL,-1.0,-1000.0
2025-07-07,SHORT,2025-07-07 12:30:00-04:00,2025-07-07 13:30:00-04:00,22724.15,22748.95,22662.15,2025-07-07 13:30:00-04:00,22662.15,TP,2.5,2500.0
2025-07-08,LONG,2025-07-08 12:00:00-04:00,2025-07-08 12:30:00-04:00,22702.65,22684.15,22748.9,2025-07-08 12:30:00-04:00,22748.9,TP,2.5,2500.0
2025-07-09,LONG,2025-07-09 10:00:00-04:00,2025-07-09 10:15:00-04:00,22883.25,22860.05,22941.25,2025-07-09 10:15:00-04:00,22860.05,SL,-1.0,-1000.0
2025-07-10,SHORT,2025-07-10 10:00:00-04:00,2025-07-10 10:15:00-04:00,22769.15,22837.65,22597.9,2025-07-10 13:30:00-04:00,22837.65,SL,-1.0,-1000.0
2025-07-11,LONG,2025-07-11 10:15:00-04:00,2025-07-11 10:45:00-04:00,22786.55,22780.45,22801.799999999996,2025-07-11 10:45:00-04:00,22780.45,SL,-1.0,-1000.0
2025-07-15,LONG,2025-07-15 13:45:00-04:00,2025-07-15 14:45:00-04:00,22957.45,22942.95,22993.7,2025-07-15 14:45:00-04:00,22942.95,SL,-1.0,-1000.0
2025-07-16,SHORT,2025-07-16 10:00:00-04:00,2025-07-16 10:15:00-04:00,22830.75,22840.05,22807.5,2025-07-16 10:15:00-04:00,22807.5,TP,2.5,2500.0
2025-07-17,LONG,2025-07-17 10:00:00-04:00,2025-07-17 10:15:00-04:00,22971.05,22952.55,23017.3,2025-07-17 10:15:00-04:00,22952.55,SL,-1.0,-1000.0
2025-07-18,SHORT,2025-07-18 10:15:00-04:00,2025-07-18 11:45:00-04:00,23069.85,23096.95,23002.09999999999,2025-07-18 16:45:00-04:00,23058.75,EOD,0.4096,409.59
2025-07-21,LONG,2025-07-21 10:00:00-04:00,2025-07-21 12:00:00-04:00,23215.85,23177.05,23312.85,2025-07-21 15:45:00-04:00,23177.05,SL,-1.0,-1000.0
2025-07-22,SHORT,2025-07-22 10:00:00-04:00,2025-07-22 10:15:00-04:00,23030.05,23119.85,22805.550000000003,2025-07-22 23:45:00-04:00,23085.85,EOD,-0.6214,-621.38
2025-07-23,LONG,2025-07-23 12:00:00-04:00,2025-07-23 12:15:00-04:00,23071.25,23060.05,23099.25,2025-07-23 12:15:00-04:00,23060.05,SL,-1.0,-1000.0
2025-07-24,SHORT,2025-07-24 10:15:00-04:00,2025-07-24 10:30:00-04:00,23189.65,23212.45,23132.65,2025-07-24 10:45:00-04:00,23212.45,SL,-1.0,-1000.0
2025-07-30,LONG,2025-07-30 10:30:00-04:00,2025-07-30 11:00:00-04:00,23367.15,23342.15,23429.65,2025-07-30 11:00:00-04:00,23342.15,SL,-1.0,-1000.0
2025-07-31,SHORT,2025-07-31 11:00:00-04:00,2025-07-31 11:45:00-04:00,23447.65,23483.95,23356.9,2025-07-31 13:15:00-04:00,23356.9,TP,2.5,2500.0
2025-08-01,LONG,2025-08-01 10:30:00-04:00,2025-08-01 10:45:00-04:00,22824.65,22775.35,22947.90000000001,2025-08-01 11:00:00-04:00,22775.35,SL,-1.0,-1000.0
2025-08-04,LONG,2025-08-04 10:00:00-04:00,2025-08-04 10:45:00-04:00,23097.55,23074.95,23154.049999999996,2025-08-04 11:00:00-04:00,23074.95,SL,-1.0,-1000.0
2025-08-07,SHORT,2025-08-07 13:30:00-04:00,2025-08-07 13:45:00-04:00,23316.95,23334.15,23273.949999999997,2025-08-07 14:00:00-04:00,23273.949999999997,TP,2.5,2500.0
2025-08-08,LONG,2025-08-08 10:00:00-04:00,2025-08-08 10:15:00-04:00,23529.65,23500.65,23602.15,2025-08-08 14:00:00-04:00,23602.15,TP,2.5,2500.0
2025-08-11,LONG,2025-08-11 12:00:00-04:00,2025-08-11 12:30:00-04:00,23651.95,23623.85,23722.200000000004,2025-08-11 13:15:00-04:00,23623.85,SL,-1.0,-1000.0
2025-08-12,LONG,2025-08-12 10:30:00-04:00,2025-08-12 10:45:00-04:00,23641.85,23620.15,23696.09999999999,2025-08-12 11:00:00-04:00,23696.09999999999,TP,2.5,2500.0
2025-08-14,LONG,2025-08-14 10:30:00-04:00,2025-08-14 10:45:00-04:00,23853.95,23813.45,23955.2,2025-08-14 11:15:00-04:00,23813.45,SL,-1.0,-1000.0
2025-08-15,SHORT,2025-08-15 10:45:00-04:00,2025-08-15 11:15:00-04:00,23739.15,23761.85,23682.40000000001,2025-08-15 11:30:00-04:00,23682.40000000001,TP,2.5,2500.0
2025-08-18,SHORT,2025-08-18 11:30:00-04:00,2025-08-18 11:45:00-04:00,23666.35,23670.45,23656.09999999999,2025-08-18 11:45:00-04:00,23670.45,SL,-1.0,-1000.0
2025-08-20,SHORT,2025-08-20 10:00:00-04:00,2025-08-20 11:15:00-04:00,23133.45,23242.25,22861.450000000004,2025-08-20 15:15:00-04:00,23242.25,SL,-1.0,-1000.0
2025-08-21,LONG,2025-08-21 10:15:00-04:00,2025-08-21 10:30:00-04:00,23193.25,23106.35,23410.500000000004,2025-08-21 12:00:00-04:00,23106.35,SL,-1.0,-1000.0
2025-08-25,LONG,2025-08-25 10:15:00-04:00,2025-08-25 15:45:00-04:00,23449.45,23449.15,23450.199999999997,2025-08-25 15:45:00-04:00,23449.15,SL,-1.0,-1000.0
2025-08-26,LONG,2025-08-26 12:15:00-04:00,2025-08-26 12:45:00-04:00,23470.85,23450.35,23522.1,2025-08-26 13:00:00-04:00,23450.35,SL,-1.0,-1000.0
2025-08-27,LONG,2025-08-27 10:15:00-04:00,2025-08-27 12:15:00-04:00,23500.65,23469.85,23577.65000000001,2025-08-27 14:00:00-04:00,23577.65000000001,TP,2.5,2500.0
2025-08-28,LONG,2025-08-28 10:45:00-04:00,2025-08-28 11:15:00-04:00,23624.45,23569.75,23761.200000000004,2025-08-28 23:45:00-04:00,23665.95,EOD,0.7587,758.68
2025-09-01,LONG,2025-09-01 10:00:00-04:00,2025-09-01 10:15:00-04:00,23436.25,23432.45,23445.75,2025-09-01 10:15:00-04:00,23432.45,SL,-1.0,-1000.0
2025-09-02,LONG,2025-09-02 10:00:00-04:00,2025-09-02 10:15:00-04:00,23150.35,23104.05,23266.1,2025-09-02 10:45:00-04:00,23104.05,SL,-1.0,-1000.0
2025-09-03,LONG,2025-09-03 10:45:00-04:00,2025-09-03 11:00:00-04:00,23453.15,23388.15,23615.65,2025-09-03 11:15:00-04:00,23388.15,SL,-1.0,-1000.0
2025-09-08,SHORT,2025-09-08 12:30:00-04:00,2025-09-08 22:15:00-04:00,23798.75,23803.55,23786.75,2025-09-08 22:30:00-04:00,23803.55,SL,-1.0,-1000.0
2025-09-09,LONG,2025-09-09 13:15:00-04:00,2025-09-09 13:30:00-04:00,23804.55,23786.75,23849.049999999996,2025-09-09 15:45:00-04:00,23849.049999999996,TP,2.5,2500.0
2025-09-10,SHORT,2025-09-10 11:30:00-04:00,2025-09-10 11:45:00-04:00,23924.15,23937.55,23890.65000000001,2025-09-10 11:45:00-04:00,23937.55,SL,-1.0,-1000.0
2025-09-11,SHORT,2025-09-11 12:45:00-04:00,2025-09-11 13:00:00-04:00,23987.95,23995.05,23970.200000000004,2025-09-11 13:00:00-04:00,23995.05,SL,-1.0,-1000.0
2025-09-15,LONG,2025-09-15 10:00:00-04:00,2025-09-15 10:15:00-04:00,24218.05,24183.35,24304.800000000003,2025-09-15 22:15:00-04:00,24304.800000000003,TP,2.5,2500.0
2025-09-16,LONG,2025-09-16 14:45:00-04:00,2025-09-16 15:15:00-04:00,24283.85,24277.85,24298.85,2025-09-16 15:15:00-04:00,24298.85,TP,2.5,2500.0
2025-09-17,LONG,2025-09-17 13:30:00-04:00,2025-09-17 14:00:00-04:00,24159.25,24151.25,24179.25,2025-09-17 14:00:00-04:00,24151.25,SL,-1.0,-1000.0
2025-09-18,LONG,2025-09-18 10:15:00-04:00,2025-09-18 10:45:00-04:00,24498.35,24448.65,24622.59999999999,2025-09-18 15:45:00-04:00,24448.65,SL,-1.0,-1000.0
2025-09-24,SHORT,2025-09-24 11:45:00-04:00,2025-09-24 20:00:00-04:00,24521.85,24551.65,24447.34999999999,2025-09-24 21:45:00-04:00,24551.65,SL,-1.0,-1000.0
2025-09-25,LONG,2025-09-25 10:15:00-04:00,2025-09-25 13:15:00-04:00,24336.25,24211.45,24648.25,2025-09-25 23:45:00-04:00,24363.95,EOD,0.222,221.96
2025-09-26,SHORT,2025-09-26 10:15:00-04:00,2025-09-26 10:30:00-04:00,24383.65,24475.45,24154.15,2025-09-26 13:00:00-04:00,24475.45,SL,-1.0,-1000.0
2025-09-29,LONG,2025-09-29 10:00:00-04:00,2025-09-29 10:15:00-04:00,24695.05,24688.85,24710.550000000003,2025-09-29 10:15:00-04:00,24710.550000000003,TP,2.5,2500.0
2025-09-30,LONG,2025-09-30 11:00:00-04:00,2025-09-30 11:15:00-04:00,24601.85,24566.05,24691.35,2025-09-30 11:15:00-04:00,24566.05,SL,-1.0,-1000.0
2025-10-02,SHORT,2025-10-02 11:00:00-04:00,2025-10-02 11:15:00-04:00,24835.15,24848.75,24801.150000000005,2025-10-02 11:30:00-04:00,24801.150000000005,TP,2.5,2500.0
2025-10-03,SHORT,2025-10-03 10:00:00-04:00,2025-10-03 10:15:00-04:00,24894.45,24926.65,24813.949999999997,2025-10-03 11:15:00-04:00,24926.65,SL,-1.0,-1000.0
2025-10-06,LONG,2025-10-06 11:45:00-04:00,2025-10-06 15:45:00-04:00,24971.85,24956.95,25009.09999999999,2025-10-06 18:30:00-04:00,24956.95,SL,-1.0,-1000.0
2025-10-08,LONG,2025-10-08 10:00:00-04:00,2025-10-08 10:45:00-04:00,24975.25,24933.15,25080.499999999996,2025-10-08 14:00:00-04:00,25080.499999999996,TP,2.5,2500.0
2025-10-09,SHORT,2025-10-09 10:30:00-04:00,2025-10-09 10:45:00-04:00,25051.65,25070.45,25004.65,2025-10-09 10:45:00-04:00,25004.65,TP,2.5,2500.0
2025-10-13,LONG,2025-10-13 10:00:00-04:00,2025-10-13 10:15:00-04:00,24689.45,24636.05,24822.950000000004,2025-10-13 10:15:00-04:00,24636.05,SL,-1.0,-1000.0
2025-10-15,LONG,2025-10-15 10:00:00-04:00,2025-10-15 11:30:00-04:00,24859.7,24765.05,25096.325000000004,2025-10-15 11:30:00-04:00,24765.05,SL,-1.0,-1000.0
2025-10-17,SHORT,2025-10-17 10:45:00-04:00,2025-10-17 11:45:00-04:00,24698.85,24740.35,24595.1,2025-10-17 12:00:00-04:00,24740.35,SL,-1.0,-1000.0
2025-10-21,LONG,2025-10-21 11:00:00-04:00,2025-10-21 11:15:00-04:00,25103.95,25081.45,25160.2,2025-10-21 11:15:00-04:00,25081.45,SL,-1.0,-1000.0
2025-10-22,SHORT,2025-10-22 10:30:00-04:00,2025-10-22 10:45:00-04:00,24979.05,25048.65,24805.049999999996,2025-10-22 12:30:00-04:00,24805.049999999996,TP,2.5,2500.0
2025-10-23,LONG,2025-10-23 10:00:00-04:00,2025-10-23 10:15:00-04:00,24947.75,24935.55,24978.25,2025-10-23 10:15:00-04:00,24935.55,SL,-1.0,-1000.0
2025-10-24,LONG,2025-10-24 11:30:00-04:00,2025-10-24 11:45:00-04:00,25364.65,25355.05,25388.65000000001,2025-10-24 12:00:00-04:00,25388.65000000001,TP,2.5,2500.0
2025-10-27,LONG,2025-10-27 14:45:00-04:00,2025-10-27 15:00:00-04:00,25773.75,25754.25,25822.5,2025-10-27 16:45:00-04:00,25822.5,TP,2.5,2500.0
2025-10-28,LONG,2025-10-28 10:15:00-04:00,2025-10-28 10:45:00-04:00,25890.05,25868.35,25944.300000000003,2025-10-28 11:45:00-04:00,25868.35,SL,-1.0,-1000.0
2025-10-29,SHORT,2025-10-29 19:15:00-04:00,2025-10-29 20:15:00-04:00,26073.35,26066.25,26055.600000000002,2025-10-29 20:15:00-04:00,26066.25,SL,1.0,1000.0
2025-10-30,SHORT,2025-10-30 12:45:00-04:00,2025-10-30 13:00:00-04:00,25872.85,25917.35,25761.6,2025-10-30 13:00:00-04:00,25917.35,SL,-1.0,-1000.0
2025-10-31,SHORT,2025-10-31 10:45:00-04:00,2025-10-31 11:30:00-04:00,25996.15,26061.35,25833.15000000001,2025-10-31 13:15:00-04:00,25833.15000000001,TP,2.5,2500.0
2025-11-03,SHORT,2025-11-03 10:00:00-05:00,2025-11-03 12:45:00-05:00,26019.45,26032.25,25987.450000000004,2025-11-03 14:00:00-05:00,25987.450000000004,TP,2.5,2500.0
2025-11-04,LONG,2025-11-04 10:00:00-05:00,2025-11-04 10:45:00-05:00,25698.45,25645.15,25831.699999999997,2025-11-04 10:45:00-05:00,25645.15,SL,-1.0,-1000.0
2025-11-05,LONG,2025-11-05 10:00:00-05:00,2025-11-05 10:15:00-05:00,25515.95,25399.45,25807.2,2025-11-05 23:45:00-05:00,25614.15,EOD,0.8429,842.92
2025-11-06,SHORT,2025-11-06 10:00:00-05:00,2025-11-06 10:15:00-05:00,25388.95,25482.75,25154.450000000004,2025-11-06 11:30:00-05:00,25154.450000000004,TP,2.5,2500.0
2025-11-07,SHORT,2025-11-07 10:45:00-05:00,2025-11-07 13:15:00-05:00,24780.85,24857.05,24590.35,2025-11-07 14:15:00-05:00,24857.05,SL,-1.0,-1000.0
2025-11-10,SHORT,2025-11-10 11:00:00-05:00,2025-11-10 12:00:00-05:00,25433.75,25513.25,25235.0,2025-11-10 12:45:00-05:00,25513.25,SL,-1.0,-1000.0
2025-11-12,LONG,2025-11-12 15:30:00-05:00,2025-11-12 15:45:00-05:00,25491.75,25458.45,25575.0,2025-11-12 18:00:00-05:00,25458.45,SL,-1.0,-1000.0
2025-11-17,LONG,2025-11-17 11:45:00-05:00,2025-11-17 12:15:00-05:00,25044.55,24982.45,25199.799999999996,2025-11-17 12:45:00-05:00,24982.45,SL,-1.0,-1000.0
2025-11-18,SHORT,2025-11-18 10:00:00-05:00,2025-11-18 10:15:00-05:00,24484.15,24569.05,24271.90000000001,2025-11-18 11:15:00-05:00,24569.05,SL,-1.0,-1000.0
2025-11-19,LONG,2025-11-19 10:00:00-05:00,2025-11-19 10:45:00-05:00,24797.65,24659.85,25142.15000000001,2025-11-19 11:00:00-05:00,24659.85,SL,-1.0,-1000.0
2025-11-25,LONG,2025-11-25 11:30:00-05:00,2025-11-25 11:45:00-05:00,24773.15,24712.35,24925.15000000001,2025-11-25 12:15:00-05:00,24925.15000000001,TP,2.5,2500.0
2025-11-28,LONG,2025-11-28 11:00:00-05:00,2025-11-28 11:15:00-05:00,25337.15,25327.75,25360.650000000005,2025-11-28 11:15:00-05:00,25327.75,SL,-1.0,-1000.0
2025-12-01,LONG,2025-12-01 10:00:00-05:00,2025-12-01 10:15:00-05:00,25281.15,25195.15,25496.15,2025-12-01 23:45:00-05:00,25321.35,EOD,0.4674,467.44
2025-12-02,SHORT,2025-12-02 11:15:00-05:00,2025-12-02 12:00:00-05:00,25502.55,25597.15,25266.049999999996,2025-12-02 20:30:00-05:00,25597.15,SL,-1.0,-1000.0
2025-12-03,LONG,2025-12-03 15:00:00-05:00,2025-12-03 15:45:00-05:00,25611.95,25610.25,25616.200000000004,2025-12-03 15:45:00-05:00,25610.25,SL,-1.0,-1000.0
2025-12-04,LONG,2025-12-04 12:00:00-05:00,2025-12-04 12:15:00-05:00,25554.45,25524.75,25628.700000000004,2025-12-04 14:15:00-05:00,25524.75,SL,-1.0,-1000.0
2025-12-05,LONG,2025-12-05 10:15:00-05:00,2025-12-05 10:30:00-05:00,25785.15,25747.95,25878.15,2025-12-05 10:45:00-05:00,25747.95,SL,-1.0,-1000.0
2025-12-08,SHORT,2025-12-08 10:30:00-05:00,2025-12-08 18:00:00-05:00,25686.05,25703.65,25642.049999999996,2025-12-08 21:00:00-05:00,25642.049999999996,TP,2.5,2500.0
2025-12-09,LONG,2025-12-09 11:15:00-05:00,2025-12-09 11:30:00-05:00,25653.65,25649.65,25663.65,2025-12-09 11:30:00-05:00,25649.65,SL,-1.0,-1000.0
2025-12-10,LONG,2025-12-10 11:30:00-05:00,2025-12-10 11:45:00-05:00,25589.35,25579.05,25615.1,2025-12-10 11:45:00-05:00,25579.05,SL,-1.0,-1000.0
2025-12-11,LONG,2025-12-11 12:30:00-05:00,2025-12-11 12:45:00-05:00,25577.45,25543.65,25661.949999999997,2025-12-11 14:15:00-05:00,25661.949999999997,TP,2.5,2500.0
2025-12-15,SHORT,2025-12-15 10:00:00-05:00,2025-12-15 11:15:00-05:00,25213.47,25265.92,25082.34500000001,2025-12-15 12:45:00-05:00,25082.34500000001,TP,2.5,2500.0
2025-12-16,SHORT,2025-12-16 10:30:00-05:00,2025-12-16 10:45:00-05:00,25018.97,25053.1,24933.645000000008,2025-12-16 10:45:00-05:00,25053.1,SL,-1.0,-1000.0
2025-12-18,LONG,2025-12-18 10:30:00-05:00,2025-12-18 12:00:00-05:00,25067.72,24953.47,25353.345,2025-12-18 12:15:00-05:00,24953.47,SL,-1.0,-1000.0
2025-12-19,LONG,2025-12-19 11:15:00-05:00,2025-12-19 11:45:00-05:00,25270.72,25237.72,25353.22,2025-12-19 16:45:00-05:00,25350.65,EOD,2.4221,2422.12
2025-12-22,LONG,2025-12-22 11:15:00-05:00,2025-12-22 11:30:00-05:00,25454.97,25427.22,25524.345,2025-12-22 13:15:00-05:00,25427.22,SL,-1.0,-1000.0
2025-12-26,SHORT,2025-12-26 12:00:00-05:00,2025-12-26 12:15:00-05:00,25643.72,25656.22,25612.47,2025-12-26 13:45:00-05:00,25656.22,SL,-1.0,-1000.0
2025-12-29,SHORT,2025-12-29 11:00:00-05:00,2025-12-29 11:30:00-05:00,25497.97,25535.85,25403.270000000008,2025-12-29 14:45:00-05:00,25535.85,SL,-1.0,-1000.0
2025-12-30,LONG,2025-12-30 11:00:00-05:00,2025-12-30 11:30:00-05:00,25523.22,25476.72,25639.47,2025-12-30 15:00:00-05:00,25476.72,SL,-1.0,-1000.0
2025-12-31,SHORT,2025-12-31 11:00:00-05:00,2025-12-31 11:15:00-05:00,25354.72,25373.22,25308.47,2025-12-31 11:15:00-05:00,25373.22,SL,-1.0,-1000.0
2026-01-05,SHORT,2026-01-05 12:30:00-05:00,2026-01-05 12:45:00-05:00,25435.97,25475.22,25337.845,2026-01-05 23:45:00-05:00,25453.4,EOD,-0.4441,-444.08
2026-01-06,LONG,2026-01-06 10:00:00-05:00,2026-01-06 10:30:00-05:00,25533.72,25473.05,25685.395000000004,2026-01-06 11:00:00-05:00,25473.05,SL,-1.0,-1000.0
2026-01-07,LONG,2026-01-07 11:00:00-05:00,2026-01-07 11:15:00-05:00,25711.97,25661.85,25837.270000000008,2026-01-07 15:15:00-05:00,25661.85,SL,-1.0,-1000.0
2026-01-08,SHORT,2026-01-08 13:15:00-05:00,2026-01-08 13:45:00-05:00,25484.72,25496.72,25454.72,2026-01-08 13:45:00-05:00,25454.72,TP,2.5,2500.0
2026-01-09,LONG,2026-01-09 10:30:00-05:00,2026-01-09 10:45:00-05:00,25602.47,25569.22,25685.595,2026-01-09 11:00:00-05:00,25685.595,TP,2.5,2500.0
2026-01-12,LONG,2026-01-12 11:15:00-05:00,2026-01-12 11:45:00-05:00,25754.47,25740.22,25790.095,2026-01-12 11:45:00-05:00,25790.095,TP,2.5,2500.0
2026-01-13,SHORT,2026-01-13 10:15:00-05:00,2026-01-13 11:15:00-05:00,25743.47,25775.47,25663.47,2026-01-13 11:30:00-05:00,25775.47,SL,-1.0,-1000.0
2026-01-14,SHORT,2026-01-14 10:45:00-05:00,2026-01-14 11:15:00-05:00,25402.47,25444.72,25296.845,2026-01-14 11:45:00-05:00,25296.845,TP,2.5,2500.0
2026-01-15,SHORT,2026-01-15 12:30:00-05:00,2026-01-15 12:45:00-05:00,25725.72,25745.47,25676.345,2026-01-15 13:30:00-05:00,25745.47,SL,-1.0,-1000.0
2026-01-19,LONG,2026-01-19 10:00:00-05:00,2026-01-19 10:15:00-05:00,25149.22,25081.67,25318.09500000001,2026-01-19 23:45:00-05:00,25218.28,EOD,1.0224,1022.35
2026-01-20,LONG,2026-01-20 10:30:00-05:00,2026-01-20 10:45:00-05:00,25186.72,25120.97,25351.095,2026-01-20 12:45:00-05:00,25120.97,SL,-1.0,-1000.0
2026-01-21,LONG,2026-01-21 10:00:00-05:00,2026-01-21 11:30:00-05:00,25140.47,25046.55,25375.270000000004,2026-01-21 12:00:00-05:00,25046.55,SL,-1.0,-1000.0
2026-01-22,SHORT,2026-01-22 10:00:00-05:00,2026-01-22 10:15:00-05:00,25425.22,25491.92,25258.47000000001,2026-01-22 10:45:00-05:00,25491.92,SL,-1.0,-1000.0
2026-01-26,LONG,2026-01-26 11:30:00-05:00,2026-01-26 11:45:00-05:00,25757.22,25746.22,25784.72,2026-01-26 12:00:00-05:00,25784.72,TP,2.5,2500.0
2026-01-28,SHORT,2026-01-28 10:45:00-05:00,2026-01-28 11:00:00-05:00,26055.47,26085.35,25980.770000000008,2026-01-28 11:45:00-05:00,25980.770000000008,TP,2.5,2500.0
2026-01-29,SHORT,2026-01-29 10:00:00-05:00,2026-01-29 12:30:00-05:00,25733.6,25817.67,25523.425,2026-01-29 15:45:00-05:00,25817.67,SL,-1.0,-1000.0
2026-01-30,SHORT,2026-01-30 12:00:00-05:00,2026-01-30 12:15:00-05:00,25634.22,25706.85,25452.645000000008,2026-01-30 13:15:00-05:00,25452.645000000008,TP,2.5,2500.0
2026-02-04,SHORT,2026-02-04 12:30:00-05:00,2026-02-04 13:15:00-05:00,24831.72,24917.72,24616.72,2026-02-04 14:30:00-05:00,24917.72,SL,-1.0,-1000.0
2026-02-05,SHORT,2026-02-05 10:15:00-05:00,2026-02-05 10:30:00-05:00,24554.11,24661.97,24284.46,2026-02-05 11:15:00-05:00,24661.97,SL,-1.0,-1000.0
2026-02-11,SHORT,2026-02-11 10:15:00-05:00,2026-02-11 10:45:00-05:00,25108.22,25214.47,24842.595,2026-02-11 12:30:00-05:00,25214.47,SL,-1.0,-1000.0
2026-02-12,SHORT,2026-02-12 10:00:00-05:00,2026-02-12 10:15:00-05:00,25167.72,25225.67,25022.84500000001,2026-02-12 10:30:00-05:00,25022.84500000001,TP,2.5,2500.0
2026-02-13,SHORT,2026-02-13 15:30:00-05:00,2026-02-13 15:45:00-05:00,24699.1,24735.72,24607.549999999992,2026-02-13 16:00:00-05:00,24735.72,SL,-1.0,-1000.0
2026-02-16,SHORT,2026-02-16 10:30:00-05:00,2026-02-16 10:45:00-05:00,24644.97,24680.35,24556.520000000008,2026-02-16 12:30:00-05:00,24680.35,SL,-1.0,-1000.0
2026-02-17,SHORT,2026-02-17 10:00:00-05:00,2026-02-17 10:15:00-05:00,24494.97,24612.17,24201.97000000001,2026-02-17 11:00:00-05:00,24612.17,SL,-1.0,-1000.0
2026-02-18,LONG,2026-02-18 10:00:00-05:00,2026-02-18 14:30:00-05:00,24870.47,24767.92,25126.84500000001,2026-02-18 23:45:00-05:00,24885.9,EOD,0.1505,150.46
2026-02-19,SHORT,2026-02-19 11:45:00-05:00,2026-02-19 12:15:00-05:00,24800.72,24811.97,24772.595,2026-02-19 12:15:00-05:00,24811.97,SL,-1.0,-1000.0
2026-02-20,LONG,2026-02-20 11:00:00-05:00,2026-02-20 11:15:00-05:00,25005.1,24998.1,25022.6,2026-02-20 11:15:00-05:00,24998.1,SL,-1.0,-1000.0
2026-02-23,SHORT,2026-02-23 10:45:00-05:00,2026-02-23 21:15:00-05:00,24789.72,24809.47,24740.345,2026-02-23 21:15:00-05:00,24809.47,SL,-1.0,-1000.0
2026-02-24,LONG,2026-02-24 10:30:00-05:00,2026-02-24 10:45:00-05:00,24932.72,24811.97,25234.595,2026-02-24 23:45:00-05:00,24996.4,EOD,0.5274,527.37
2026-02-25,LONG,2026-02-25 10:00:00-05:00,2026-02-25 10:15:00-05:00,25249.47,25217.92,25328.34500000001,2026-02-25 10:45:00-05:00,25217.92,SL,-1.0,-1000.0
2026-02-27,LONG,2026-02-27 15:15:00-05:00,2026-02-27 15:30:00-05:00,24913.47,24842.22,25091.595,2026-02-27 16:45:00-05:00,24902.15,EOD,-0.1589,-158.88
2026-03-02,LONG,2026-03-02 11:45:00-05:00,2026-03-02 13:45:00-05:00,24952.22,24824.97,25270.345,2026-03-02 21:00:00-05:00,24824.97,SL,-1.0,-1000.0
2026-03-03,LONG,2026-03-03 11:15:00-05:00,2026-03-03 11:30:00-05:00,24534.65,24409.15,24848.4,2026-03-03 23:45:00-05:00,24552.05,EOD,0.1386,138.65
2026-03-05,LONG,2026-03-05 10:00:00-05:00,2026-03-05 10:15:00-05:00,25091.05,25024.25,25258.049999999996,2026-03-05 10:15:00-05:00,25024.25,SL,-1.0,-1000.0
2026-03-06,LONG,2026-03-06 10:15:00-05:00,2026-03-06 10:45:00-05:00,24727.85,24659.85,24897.85,2026-03-06 15:15:00-05:00,24659.85,SL,-1.0,-1000.0
2026-03-09,LONG,2026-03-09 10:15:00-04:00,2026-03-09 10:30:00-04:00,24363.85,24355.55,24384.6,2026-03-09 10:30:00-04:00,24355.55,SL,-1.0,-1000.0
2026-03-10,LONG,2026-03-10 11:30:00-04:00,2026-03-10 15:15:00-04:00,24974.15,24903.05,25151.90000000001,2026-03-10 23:45:00-04:00,25067.95,EOD,1.3193,1319.27
2026-03-11,LONG,2026-03-11 10:15:00-04:00,2026-03-11 11:30:00-04:00,24934.85,24918.45,24975.84999999999,2026-03-11 11:30:00-04:00,24975.84999999999,TP,2.5,2500.0
2026-03-12,SHORT,2026-03-12 11:30:00-04:00,2026-03-12 11:45:00-04:00,24624.45,24714.35,24399.700000000004,2026-03-12 23:45:00-04:00,24585.45,EOD,0.4338,433.82
2026-03-13,LONG,2026-03-13 10:45:00-04:00,2026-03-13 11:00:00-04:00,24703.05,24627.25,24892.549999999996,2026-03-13 11:15:00-04:00,24627.25,SL,-1.0,-1000.0
2026-03-16,SHORT,2026-03-16 11:45:00-04:00,2026-03-16 12:00:00-04:00,24680.45,24703.45,24622.95,2026-03-16 12:15:00-04:00,24703.45,SL,-1.0,-1000.0
2026-03-17,LONG,2026-03-17 10:15:00-04:00,2026-03-17 10:30:00-04:00,24736.35,24703.05,24819.6,2026-03-17 10:30:00-04:00,24819.6,TP,2.5,2500.0
2026-03-18,SHORT,2026-03-18 11:15:00-04:00,2026-03-18 12:00:00-04:00,24696.15,24741.55,24582.65000000001,2026-03-18 14:00:00-04:00,24582.65000000001,TP,2.5,2500.0
2026-03-19,LONG,2026-03-19 11:00:00-04:00,2026-03-19 11:15:00-04:00,24244.95,24206.95,24339.95,2026-03-19 11:15:00-04:00,24206.95,SL,-1.0,-1000.0
2026-03-20,SHORT,2026-03-20 11:00:00-04:00,2026-03-20 12:15:00-04:00,24109.75,24236.75,23792.25,2026-03-20 16:30:00-04:00,23792.25,TP,2.5,2500.0
2026-03-24,SHORT,2026-03-24 14:15:00-04:00,2026-03-24 14:30:00-04:00,23989.35,24067.15,23794.84999999999,2026-03-24 15:30:00-04:00,24067.15,SL,-1.0,-1000.0
2026-03-25,SHORT,2026-03-25 12:15:00-04:00,2026-03-25 12:30:00-04:00,24217.15,24273.15,24077.15,2026-03-25 14:30:00-04:00,24273.15,SL,-1.0,-1000.0
2026-03-26,LONG,2026-03-26 10:15:00-04:00,2026-03-26 10:30:00-04:00,23917.15,23908.95,23937.65,2026-03-26 10:30:00-04:00,23908.95,SL,-1.0,-1000.0
2026-03-27,SHORT,2026-03-27 13:15:00-04:00,2026-03-27 14:00:00-04:00,23326.15,23358.55,23245.15000000001,2026-03-27 14:15:00-04:00,23245.15000000001,TP,2.5,2500.0
2026-03-30,LONG,2026-03-30 11:45:00-04:00,2026-03-30 12:00:00-04:00,23186.05,23147.25,23283.049999999996,2026-03-30 12:00:00-04:00,23147.25,SL,-1.0,-1000.0
2026-03-31,LONG,2026-03-31 10:00:00-04:00,2026-03-31 10:30:00-04:00,23313.25,23233.85,23511.750000000004,2026-03-31 10:45:00-04:00,23233.85,SL,-1.0,-1000.0
2026-04-01,LONG,2026-04-01 10:15:00-04:00,2026-04-01 10:30:00-04:00,23971.55,23937.25,24057.299999999996,2026-04-01 10:30:00-04:00,24057.299999999996,TP,2.5,2500.0
2026-04-06,SHORT,2026-04-06 10:45:00-04:00,2026-04-06 11:00:00-04:00,24152.95,24191.95,24055.45,2026-04-06 13:00:00-04:00,24055.45,TP,2.5,2500.0
2026-04-07,SHORT,2026-04-07 10:00:00-04:00,2026-04-07 10:15:00-04:00,23958.35,24026.55,23787.85,2026-04-07 11:00:00-04:00,23787.85,TP,2.5,2500.0
2026-04-08,SHORT,2026-04-08 10:45:00-04:00,2026-04-08 11:00:00-04:00,24865.25,24882.55,24822.0,2026-04-08 11:00:00-04:00,24822.0,TP,2.5,2500.0
2026-04-09,SHORT,2026-04-09 10:30:00-04:00,2026-04-09 10:45:00-04:00,24824.25,24839.75,24785.5,2026-04-09 10:45:00-04:00,24839.75,SL,-1.0,-1000.0
2026-04-10,SHORT,2026-04-10 11:45:00-04:00,2026-04-10 16:30:00-04:00,25148.55,25182.25,25064.299999999996,2026-04-10 16:45:00-04:00,25168.05,EOD,-0.5786,-578.64
2026-04-13,LONG,2026-04-13 10:00:00-04:00,2026-04-13 10:15:00-04:00,25110.85,25017.05,25345.35,2026-04-13 15:45:00-04:00,25345.35,TP,2.5,2500.0
2026-04-14,LONG,2026-04-14 10:15:00-04:00,2026-04-14 11:00:00-04:00,25603.15,25559.85,25711.40000000001,2026-04-14 11:45:00-04:00,25711.40000000001,TP,2.5,2500.0
2026-04-16,LONG,2026-04-16 10:45:00-04:00,2026-04-16 14:15:00-04:00,26224.05,26191.15,26306.299999999996,2026-04-16 15:30:00-04:00,26306.299999999996,TP,2.5,2500.0
2026-04-17,LONG,2026-04-17 10:00:00-04:00,2026-04-17 10:15:00-04:00,26570.35,26550.25,26620.599999999995,2026-04-17 10:30:00-04:00,26620.599999999995,TP,2.5,2500.0
2026-04-20,SHORT,2026-04-20 11:00:00-04:00,2026-04-20 11:15:00-04:00,26503.25,26538.95,26414.0,2026-04-20 11:15:00-04:00,26538.95,SL,-1.0,-1000.0
2026-04-21,SHORT,2026-04-21 11:00:00-04:00,2026-04-21 11:15:00-04:00,26615.25,26668.55,26482.0,2026-04-21 13:00:00-04:00,26482.0,TP,2.5,2500.0
2026-04-22,LONG,2026-04-22 10:15:00-04:00,2026-04-22 20:15:00-04:00,26769.55,26712.05,26913.3,2026-04-22 20:15:00-04:00,26712.05,SL,-1.0,-1000.0
2026-04-23,LONG,2026-04-23 10:45:00-04:00,2026-04-23 13:00:00-04:00,26883.95,26864.65,26932.199999999997,2026-04-23 13:00:00-04:00,26864.65,SL,-1.0,-1000.0
2026-04-27,SHORT,2026-04-27 14:45:00-04:00,2026-04-27 15:00:00-04:00,27271.53,27286.77,27233.429999999993,2026-04-27 15:15:00-04:00,27286.77,SL,-1.0,-1000.0
2026-04-28,SHORT,2026-04-28 10:45:00-04:00,2026-04-28 11:00:00-04:00,26975.66,27032.02,26834.76,2026-04-28 14:15:00-04:00,27032.02,SL,-1.0,-1000.0
2026-04-29,LONG,2026-04-29 10:30:00-04:00,2026-04-29 11:00:00-04:00,27114.29,27080.91,27197.740000000005,2026-04-29 11:45:00-04:00,27080.91,SL,-1.0,-1000.0
2026-04-30,LONG,2026-04-30 11:00:00-04:00,2026-04-30 11:30:00-04:00,27224.39,27113.06,27502.714999999997,2026-04-30 18:00:00-04:00,27502.714999999997,TP,2.5,2500.0
2026-05-01,LONG,2026-05-01 10:00:00-04:00,2026-05-01 10:30:00-04:00,27718.41,27653.68,27880.235,2026-05-01 10:30:00-04:00,27653.68,SL,-1.0,-1000.0
2026-05-05,LONG,2026-05-05 11:15:00-04:00,2026-05-05 11:30:00-04:00,27989.53,27969.95,28038.479999999996,2026-05-05 12:15:00-04:00,27969.95,SL,-1.0,-1000.0
2026-05-06,LONG,2026-05-06 10:45:00-04:00,2026-05-06 12:45:00-04:00,28396.79,28297.23,28645.690000000002,2026-05-06 16:00:00-04:00,28645.690000000002,TP,2.5,2500.0
2026-05-07,LONG,2026-05-07 10:15:00-04:00,2026-05-07 11:45:00-04:00,28700.37,28659.98,28801.344999999998,2026-05-07 11:45:00-04:00,28659.98,SL,-1.0,-1000.0
2026-05-08,LONG,2026-05-08 10:00:00-04:00,2026-05-08 10:30:00-04:00,28953.4,28873.33,29153.575,2026-05-08 13:00:00-04:00,29153.575,TP,2.5,2500.0
2026-05-11,LONG,2026-05-11 12:00:00-04:00,2026-05-11 12:15:00-04:00,29341.1,29305.01,29431.324999999997,2026-05-11 12:30:00-04:00,29305.01,SL,-1.0,-1000.0
2026-05-12,SHORT,2026-05-12 11:15:00-04:00,2026-05-12 14:15:00-04:00,28857.22,28902.72,28743.47,2026-05-12 15:00:00-04:00,28902.72,SL,-1.0,-1000.0
2026-05-14,LONG,2026-05-14 11:15:00-04:00,2026-05-14 11:30:00-04:00,29623.14,29565.29,29767.764999999996,2026-05-14 13:00:00-04:00,29565.29,SL,-1.0,-1000.0
2026-05-15,LONG,2026-05-15 12:30:00-04:00,2026-05-15 12:45:00-04:00,29209.33,29179.89,29282.930000000008,2026-05-15 12:45:00-04:00,29179.89,SL,-1.0,-1000.0
2026-05-18,SHORT,2026-05-18 10:45:00-04:00,2026-05-18 11:00:00-04:00,29010.26,29055.72,28896.609999999993,2026-05-18 11:15:00-04:00,28896.609999999993,TP,2.5,2500.0
2026-05-19,SHORT,2026-05-19 10:15:00-04:00,2026-05-19 10:30:00-04:00,28655.55,28838.45,28198.299999999996,2026-05-19 12:30:00-04:00,28838.45,SL,-1.0,-1000.0
2026-05-20,LONG,2026-05-20 10:30:00-04:00,2026-05-20 18:00:00-04:00,29080.98,28994.83,29296.354999999996,2026-05-20 23:45:00-04:00,29267.37,EOD,2.1636,2163.55
2026-05-21,LONG,2026-05-21 13:15:00-04:00,2026-05-21 14:45:00-04:00,29242.7,29163.83,29439.875,2026-05-21 18:45:00-04:00,29439.875,TP,2.5,2500.0
2026-05-22,LONG,2026-05-22 10:45:00-04:00,2026-05-22 15:00:00-04:00,29520.73,29477.2,29629.554999999997,2026-05-22 15:15:00-04:00,29477.2,SL,-1.0,-1000.0
2026-05-25,SHORT,2026-05-25 10:15:00-04:00,2026-05-25 11:00:00-04:00,29876.45,29912.06,29787.425,2026-05-25 19:15:00-04:00,29787.425,TP,2.5,2500.0
2026-05-26,LONG,2026-05-26 10:00:00-04:00,2026-05-26 11:30:00-04:00,29895.48,29852.77,30002.254999999997,2026-05-26 11:45:00-04:00,29852.77,SL,-1.0,-1000.0
2026-05-27,LONG,2026-05-27 12:15:00-04:00,2026-05-27 12:30:00-04:00,29902.21,29859.74,30008.384999999995,2026-05-27 13:00:00-04:00,29859.74,SL,-1.0,-1000.0
2026-05-29,SHORT,2026-05-29 10:30:00-04:00,2026-05-29 11:15:00-04:00,30359.6,30381.82,30304.049999999996,2026-05-29 11:15:00-04:00,30304.049999999996,TP,2.5,2500.0
2026-06-01,LONG,2026-06-01 11:30:00-04:00,2026-06-01 12:00:00-04:00,30410.13,30377.09,30492.730000000003,2026-06-01 12:45:00-04:00,30492.730000000003,TP,2.5,2500.0
2026-06-02,LONG,2026-06-02 10:00:00-04:00,2026-06-02 10:15:00-04:00,30510.35,30442.05,30681.1,2026-06-02 16:00:00-04:00,30681.1,TP,2.5,2500.0
2026-06-03,LONG,2026-06-03 10:15:00-04:00,2026-06-03 10:45:00-04:00,30612.16,30510.66,30865.91,2026-06-03 12:15:00-04:00,30510.66,SL,-1.0,-1000.0
2026-06-04,LONG,2026-06-04 10:30:00-04:00,2026-06-04 10:45:00-04:00,30236.16,30220.91,30274.285,2026-06-04 10:45:00-04:00,30274.285,TP,2.5,2500.0
2026-06-05,SHORT,2026-06-05 10:00:00-04:00,2026-06-05 10:15:00-04:00,29809.35,29870.01,29657.699999999997,2026-06-05 10:15:00-04:00,29870.01,SL,-1.0,-1000.0
2026-06-08,LONG,2026-06-08 10:30:00-04:00,2026-06-08 13:00:00-04:00,29455.35,29390.22,29618.174999999992,2026-06-08 15:00:00-04:00,29390.22,SL,-1.0,-1000.0
2026-06-11,LONG,2026-06-11 10:00:00-04:00,2026-06-11 10:15:00-04:00,28789.22,28698.14,29016.920000000006,2026-06-11 10:45:00-04:00,28698.14,SL,-1.0,-1000.0
2026-06-12,LONG,2026-06-12 10:15:00-04:00,2026-06-12 10:30:00-04:00,29459.22,29323.85,29797.645000000008,2026-06-12 10:45:00-04:00,29323.85,SL,-1.0,-1000.0
2026-06-15,LONG,2026-06-15 11:00:00-04:00,2026-06-15 18:15:00-04:00,30449.6,30393.22,30590.549999999992,2026-06-15 23:45:00-04:00,30507.11,EOD,1.02,1020.04
2026-06-17,SHORT,2026-06-17 13:00:00-04:00,2026-06-17 13:15:00-04:00,30079.6,30100.44,30027.5,2026-06-17 13:15:00-04:00,30027.5,TP,2.5,2500.0
2026-06-18,LONG,2026-06-18 12:00:00-04:00,2026-06-18 21:00:00-04:00,30310.35,30218.22,30540.674999999992,2026-06-18 23:30:00-04:00,30218.22,SL,-1.0,-1000.0
2026-06-19,LONG,2026-06-19 11:00:00-04:00,2026-06-19 11:15:00-04:00,30369.72,30362.6,30387.520000000008,2026-06-19 11:30:00-04:00,30362.6,SL,-1.0,-1000.0
2026-06-23,LONG,2026-06-23 10:00:00-04:00,2026-06-23 10:30:00-04:00,29608.93,29443.68,30022.055,2026-06-23 11:15:00-04:00,29443.68,SL,-1.0,-1000.0
2026-06-24,LONG,2026-06-24 10:45:00-04:00,2026-06-24 11:00:00-04:00,29480.08,29403.85,29670.65500000001,2026-06-24 11:15:00-04:00,29403.85,SL,-1.0,-1000.0
2026-06-25,SHORT,2026-06-25 10:00:00-04:00,2026-06-25 10:30:00-04:00,29381.47,29459.92,29185.34500000001,2026-06-25 10:45:00-04:00,29459.92,SL,-1.0,-1000.0
2026-06-26,LONG,2026-06-26 10:00:00-04:00,2026-06-26 11:15:00-04:00,29122.99,29039.18,29332.515000000007,2026-06-26 11:30:00-04:00,29332.515000000007,TP,2.5,2500.0
2026-06-29,SHORT,2026-06-29 10:15:00-04:00,2026-06-29 10:30:00-04:00,29253.6,29321.83,29083.02499999999,2026-06-29 10:30:00-04:00,29321.83,SL,-1.0,-1000.0
2026-07-01,SHORT,2026-07-01 10:45:00-04:00,2026-07-01 11:00:00-04:00,29964.35,30007.35,29856.85,2026-07-01 11:15:00-04:00,30007.35,SL,-1.0,-1000.0
2026-07-06,SHORT,2026-07-06 12:30:00-04:00,2026-07-06 15:15:00-04:00,29790.03,29816.85,29722.98,2026-07-06 15:45:00-04:00,29722.98,TP,2.5,2500.0
2026-07-07,SHORT,2026-07-07 10:15:00-04:00,2026-07-07 11:45:00-04:00,29132.23,29224.58,28901.354999999996,2026-07-07 12:00:00-04:00,29224.58,SL,-1.0,-1000.0
2026-07-09,SHORT,2026-07-09 10:15:00-04:00,2026-07-09 10:45:00-04:00,29577.85,29684.28,29311.774999999998,2026-07-09 12:00:00-04:00,29684.28,SL,-1.0,-1000.0
2026-07-14,LONG,2026-07-14 11:15:00-04:00,2026-07-14 11:30:00-04:00,29616.26,29564.97,29744.484999999993,2026-07-14 11:45:00-04:00,29564.97,SL,-1.0,-1000.0
2026-07-15,SHORT,2026-07-15 10:30:00-04:00,2026-07-15 14:15:00-04:00,29529.98,29602.35,29349.055,2026-07-15 23:45:00-04:00,29538.4,EOD,-0.1163,-116.35
2026-07-16,LONG,2026-07-16 10:15:00-04:00,2026-07-16 10:45:00-04:00,29193.23,29138.06,29331.154999999995,2026-07-16 11:00:00-04:00,29138.06,SL,-1.0,-1000.0
2026-07-17,LONG,2026-07-17 10:15:00-04:00,2026-07-17 10:30:00-04:00,28581.33,28479.12,28836.85500000001,2026-07-17 11:00:00-04:00,28479.12,SL,-1.0,-1000.0
2026-07-20,LONG,2026-07-20 12:15:00-04:00,2026-07-20 12:30:00-04:00,28882.01,28862.97,28929.609999999993,2026-07-20 12:30:00-04:00,28862.97,SL,-1.0,-1000.0
2026-07-21,LONG,2026-07-21 11:15:00-04:00,2026-07-21 11:30:00-04:00,29092.14,29057.97,29177.564999999995,2026-07-21 13:45:00-04:00,29177.564999999995,TP,2.5,2500.0
2026-07-22,LONG,2026-07-22 10:00:00-04:00,2026-07-22 10:15:00-04:00,29042.91,29003.98,29140.235,2026-07-22 10:30:00-04:00,29003.98,SL,-1.0,-1000.0
2026-07-23,SHORT,2026-07-23 10:45:00-04:00,2026-07-23 12:15:00-04:00,28495.85,28555.07,28347.799999999996,2026-07-23 12:30:00-04:00,28555.07,SL,-1.0,-1000.0
2026-07-24,SHORT,2026-07-24 10:00:00-04:00,2026-07-24 10:45:00-04:00,28283.1,28316.8,28198.85,2026-07-24 10:45:00-04:00,28198.85,TP,2.5,2500.0
2026-07-28,LONG,2026-07-28 10:45:00-04:00,2026-07-28 19:00:00-04:00,27587.85,27549.47,27683.799999999992,2026-07-28 19:00:00-04:00,27683.799999999992,TP,2.5,2500.0
2026-07-29,SHORT,2026-07-29 10:00:00-04:00,2026-07-29 14:00:00-04:00,27672.76,27763.68,27445.459999999992,2026-07-29 14:30:00-04:00,27763.68,SL,-1.0,-1000.0
2026-07-30,LONG,2026-07-30 10:00:00-04:00,2026-07-30 10:45:00-04:00,27923.37,27832.28,28151.095,2026-07-30 15:15:00-04:00,28151.095,TP,2.5,2500.0
2026-07-31,SHORT,2026-07-31 10:00:00-04:00,2026-07-31 13:00:00-04:00,28258.46,28287.67,28185.435,2026-07-31 13:15:00-04:00,28287.67,SL,-1.0,-1000.0
2026-08-06,LONG,2026-08-06 10:00:00-04:00,2026-08-06 12:00:00-04:00,29362.72,29330.55,29443.145000000004,2026-08-06 12:15:00-04:00,29330.55,SL,-1.0,-1000.0
2026-08-07,LONG,2026-08-07 11:15:00-04:00,2026-08-07 12:15:00-04:00,29625.89,29599.38,29692.164999999994,2026-08-07 12:15:00-04:00,29599.38,SL,-1.0,-1000.0
2026-08-10,SHORT,2026-08-10 11:00:00-04:00,2026-08-10 11:45:00-04:00,29703.89,29748.66,29591.964999999997,2026-08-10 19:15:00-04:00,29591.964999999997,TP,2.5,2500.0
2026-08-11,LONG,2026-08-11 10:15:00-04:00,2026-08-11 10:30:00-04:00,29624.14,29617.32,29641.19,2026-08-11 10:30:00-04:00,29617.32,SL,-1.0,-1000.0
2026-08-12,LONG,2026-08-12 12:15:00-04:00,2026-08-12 12:30:00-04:00,29746.92,29721.52,29810.41999999999,2026-08-12 13:00:00-04:00,29810.41999999999,TP,2.5,2500.0
2026-08-13,LONG,2026-08-13 10:00:00-04:00,2026-08-13 11:30:00-04:00,30050.26,29905.62,30411.859999999997,2026-08-13 23:45:00-04:00,30046.7,EOD,-0.0246,-24.61
2026-08-17,LONG,2026-08-17 11:00:00-04:00,2026-08-17 11:30:00-04:00,30133.33,30104.04,30206.555000000004,2026-08-17 12:00:00-04:00,30104.04,SL,-1.0,-1000.0
2026-08-18,SHORT,2026-08-18 11:00:00-04:00,2026-08-18 11:15:00-04:00,29478.64,29521.22,29372.189999999995,2026-08-18 11:45:00-04:00,29521.22,SL,-1.0,-1000.0
2026-08-19,SHORT,2026-08-19 10:00:00-04:00,2026-08-19 10:30:00-04:00,29419.4,29515.34,29179.550000000003,2026-08-19 10:45:00-04:00,29515.34,SL,-1.0,-1000.0
2026-08-20,LONG,2026-08-20 12:45:00-04:00,2026-08-20 13:00:00-04:00,29262.29,29246.62,29301.465000000004,2026-08-20 13:00:00-04:00,29246.62,SL,-1.0,-1000.0
2026-08-24,LONG,2026-08-24 10:45:00-04:00,2026-08-24 11:00:00-04:00,28993.64,28928.44,29156.64,2026-08-24 23:45:00-04:00,29082.83,EOD,1.3679,1367.94
2026-08-25,SHORT,2026-08-25 10:15:00-04:00,2026-08-25 11:15:00-04:00,29187.86,29230.62,29080.960000000006,2026-08-25 16:15:00-04:00,29230.62,SL,-1.0,-1000.0
2026-08-26,LONG,2026-08-26 11:00:00-04:00,2026-08-26 11:15:00-04:00,29174.39,29149.6,29236.365,2026-08-26 11:30:00-04:00,29149.6,SL,-1.0,-1000.0
