day,direction,or_high,or_low,breakout_time,entry_time,entry_price,stop,target,exit_time,exit_price,exit_reason,r_multiple
2021-02-01,LONG,13114.2,13059.7,2021-02-01 10:42:00-05:00,2021-02-01 10:43:00-05:00,13115.4,13059.7,13282.499999999996,2021-02-01 11:01:00-05:00,13059.7,SL,-1.0359
2021-02-02,LONG,13415.9,13357.4,2021-02-02 09:48:00-05:00,2021-02-02 09:49:00-05:00,13428.5,13357.4,13641.800000000001,2021-02-04 00:09:00-05:00,13357.4,SL,-1.0281
2021-02-04,LONG,13490.3,13422.8,2021-02-04 12:37:00-05:00,2021-02-04 12:38:00-05:00,13492.9,13422.8,13703.2,2021-02-09 09:56:00-05:00,13703.2,TP,2.9715
2021-02-09,LONG,13691.2,13652.3,2021-02-09 09:57:00-05:00,2021-02-09 09:58:00-05:00,13703.1,13652.3,13855.500000000004,2021-02-10 10:21:00-05:00,13652.3,SL,-1.0394
2021-02-11,LONG,13744.2,13709.4,2021-02-11 10:50:00-05:00,2021-02-11 10:51:00-05:00,13747.3,13709.4,13860.999999999998,2021-02-11 10:59:00-05:00,13709.4,SL,-1.0528
2021-02-12,LONG,13704.2,13655.2,2021-02-12 09:46:00-05:00,2021-02-12 09:47:00-05:00,13712.7,13655.2,13885.2,2021-02-15 12:50:00-05:00,13885.2,TP,2.9652
2021-02-15,LONG,13867.6,13857.0,2021-02-15 12:51:00-05:00,2021-02-15 12:52:00-05:00,13886.1,13857.0,13973.400000000001,2021-02-16 03:37:00-05:00,13857.0,SL,-1.0687
2021-02-16,LONG,13867.8,13820.8,2021-02-16 09:47:00-05:00,2021-02-16 09:48:00-05:00,13870.4,13820.8,14019.2,2021-02-16 11:08:00-05:00,13820.8,SL,-1.0403
2021-02-17,LONG,13675.5,13616.7,2021-02-17 09:50:00-05:00,2021-02-17 09:51:00-05:00,13689.0,13616.7,13905.899999999998,2021-02-17 10:21:00-05:00,13616.7,SL,-1.0277
2021-02-18,LONG,13574.5,13528.2,2021-02-18 09:46:00-05:00,2021-02-18 09:47:00-05:00,13574.7,13528.2,13714.2,2021-02-18 10:05:00-05:00,13528.2,SL,-1.043
2021-02-22,LONG,13429.0,13363.7,2021-02-22 09:48:00-05:00,2021-02-22 09:49:00-05:00,13430.3,13363.7,13630.099999999995,2021-02-22 10:22:00-05:00,13363.7,SL,-1.03
2021-02-23,LONG,13022.3,12831.6,2021-02-23 10:26:00-05:00,2021-02-23 10:27:00-05:00,13026.3,12831.6,13610.399999999996,2021-02-25 13:02:00-05:00,12831.6,SL,-1.0103
2021-02-26,LONG,13036.2,12935.0,2021-02-26 12:08:00-05:00,2021-02-26 12:09:00-05:00,13037.2,12935.0,13343.800000000003,2021-02-26 14:05:00-05:00,12935.0,SL,-1.0196
2021-03-01,LONG,13120.4,13046.2,2021-03-01 10:17:00-05:00,2021-03-01 10:18:00-05:00,13123.9,13046.2,13356.999999999996,2021-03-03 08:33:00-05:00,13046.2,SL,-1.0257
2021-03-04,LONG,12768.9,12654.3,2021-03-04 11:40:00-05:00,2021-03-04 11:41:00-05:00,12782.2,12654.3,13165.900000000005,2021-03-04 12:21:00-05:00,12654.3,SL,-1.0156
2021-03-05,LONG,12610.2,12451.6,2021-03-05 13:37:00-05:00,2021-03-05 13:38:00-05:00,12613.5,12451.6,13099.199999999999,2021-03-08 03:04:00-05:00,12451.6,SL,-1.0124
2021-03-08,LONG,12690.1,12532.3,2021-03-08 09:46:00-05:00,2021-03-08 09:47:00-05:00,12695.1,12532.3,13183.500000000004,2021-03-08 11:50:00-05:00,12532.3,SL,-1.0123
2021-03-09,LONG,12657.4,12592.4,2021-03-09 09:49:00-05:00,2021-03-09 09:50:00-05:00,12663.4,12592.4,12876.4,2021-03-10 08:34:00-05:00,12876.4,TP,2.9718
2021-03-10,LONG,12974.3,12876.1,2021-03-10 09:50:00-05:00,2021-03-10 09:51:00-05:00,12974.6,12876.1,13270.1,2021-03-10 10:21:00-05:00,12876.1,SL,-1.0203
2021-03-11,LONG,13010.6,12936.3,2021-03-11 10:49:00-05:00,2021-03-11 10:50:00-05:00,13013.6,12936.3,13245.500000000004,2021-03-12 02:14:00-05:00,12936.3,SL,-1.0259
2021-03-12,LONG,12876.8,12802.1,2021-03-12 09:51:00-05:00,2021-03-12 09:52:00-05:00,12885.9,12802.1,13137.299999999997,2021-03-12 10:27:00-05:00,12802.1,SL,-1.0239
2021-03-15,LONG,12957.0,12904.8,2021-03-15 09:52:00-04:00,2021-03-15 09:53:00-04:00,12973.3,12904.8,13178.8,2021-03-15 11:32:00-04:00,12904.8,SL,-1.0292
2021-03-16,LONG,13206.7,13149.2,2021-03-16 09:45:00-04:00,2021-03-16 09:46:00-04:00,13218.0,13149.2,13424.399999999998,2021-03-16 14:25:00-04:00,13149.2,SL,-1.0291
2021-03-17,LONG,13032.1,12952.1,2021-03-17 09:49:00-04:00,2021-03-17 09:50:00-04:00,13036.2,12952.1,13288.500000000002,2021-03-18 09:46:00-04:00,12952.1,SL,-1.0238
2021-03-19,LONG,12851.7,12740.8,2021-03-19 10:52:00-04:00,2021-03-19 10:53:00-04:00,12854.6,12740.8,13196.000000000004,2021-03-25 08:29:00-04:00,12740.8,SL,-1.0176
2021-03-25,LONG,12820.2,12706.1,2021-03-25 10:01:00-04:00,2021-03-25 10:02:00-04:00,12822.3,12706.1,13170.899999999996,2021-03-25 10:49:00-04:00,12706.1,SL,-1.0172
2021-03-26,LONG,12837.9,12771.0,2021-03-26 09:47:00-04:00,2021-03-26 09:48:00-04:00,12842.1,12771.0,13055.400000000001,2021-03-26 14:09:00-04:00,12771.0,SL,-1.0281
2021-03-29,LONG,12995.1,12934.5,2021-03-29 13:02:00-04:00,2021-03-29 13:03:00-04:00,12999.6,12934.5,13194.900000000001,2021-03-29 14:31:00-04:00,12934.5,SL,-1.0307
2021-03-30,LONG,12904.7,12831.6,2021-03-30 11:32:00-04:00,2021-03-30 11:33:00-04:00,12921.4,12831.6,13190.799999999997,2021-04-01 02:43:00-04:00,13190.799999999997,TP,2.9777
2021-04-01,LONG,13310.7,13259.1,2021-04-01 09:55:00-04:00,2021-04-01 09:56:00-04:00,13310.4,13259.1,13464.299999999997,2021-04-05 09:45:00-04:00,13464.299999999997,TP,2.961
2021-04-05,LONG,13461.7,13425.3,2021-04-05 09:46:00-04:00,2021-04-05 09:47:00-04:00,13476.4,13425.3,13629.7,2021-04-05 14:40:00-04:00,13629.7,TP,2.9609
2021-04-06,LONG,13600.8,13553.8,2021-04-06 09:54:00-04:00,2021-04-06 09:55:00-04:00,13605.2,13553.8,13759.400000000005,2021-04-07 08:49:00-04:00,13553.8,SL,-1.0389
2021-04-07,LONG,13575.1,13528.5,2021-04-07 09:45:00-04:00,2021-04-07 09:46:00-04:00,13577.7,13528.5,13725.300000000003,2021-04-08 01:36:00-04:00,13725.300000000003,TP,2.9593
2021-04-08,LONG,13761.4,13726.6,2021-04-08 09:57:00-04:00,2021-04-08 09:58:00-04:00,13763.2,13726.6,13873.000000000002,2021-04-08 10:09:00-04:00,13726.6,SL,-1.0546
2021-04-09,LONG,13717.5,13673.7,2021-04-09 09:48:00-04:00,2021-04-09 09:49:00-04:00,13718.4,13673.7,13852.499999999996,2021-04-13 08:32:00-04:00,13852.499999999996,TP,2.9553
2021-04-13,LONG,13951.8,13880.7,2021-04-13 09:53:00-04:00,2021-04-13 09:54:00-04:00,13955.8,13880.7,14181.099999999995,2021-04-14 11:22:00-04:00,13880.7,SL,-1.0266
2021-04-15,LONG,13990.6,13936.5,2021-04-15 10:15:00-04:00,2021-04-15 10:16:00-04:00,13990.8,13936.5,14153.699999999997,2021-04-19 10:07:00-04:00,13936.5,SL,-1.0368
2021-04-20,LONG,13920.1,13866.3,2021-04-20 09:45:00-04:00,2021-04-20 09:46:00-04:00,13926.3,13866.3,14106.3,2021-04-20 10:40:00-04:00,13866.3,SL,-1.0333
2021-04-21,LONG,13777.6,13713.3,2021-04-21 09:48:00-04:00,2021-04-21 09:49:00-04:00,13792.8,13713.3,14031.3,2021-04-26 14:46:00-04:00,14031.3,TP,2.9748
2021-04-26,LONG,13964.9,13933.2,2021-04-26 14:47:00-04:00,2021-04-26 14:48:00-04:00,14029.5,13933.2,14318.399999999998,2021-04-27 10:16:00-04:00,13933.2,SL,-1.0208
2021-04-28,LONG,13956.7,13899.5,2021-04-28 09:49:00-04:00,2021-04-28 09:50:00-04:00,13958.7,13899.5,14136.300000000003,2021-04-28 12:00:00-04:00,13899.5,SL,-1.0338
2021-04-30,LONG,13905.2,13853.4,2021-04-30 09:57:00-04:00,2021-04-30 09:58:00-04:00,13906.9,13853.4,14067.4,2021-04-30 13:53:00-04:00,13853.4,SL,-1.0374
2021-05-03,LONG,13927.9,13867.9,2021-05-03 10:07:00-04:00,2021-05-03 10:08:00-04:00,13937.1,13867.9,14144.700000000003,2021-05-03 10:52:00-04:00,13867.9,SL,-1.0289
2021-05-06,LONG,13520.1,13436.0,2021-05-06 11:34:00-04:00,2021-05-06 11:35:00-04:00,13535.7,13436.0,13834.800000000003,2021-05-10 14:14:00-04:00,13436.0,SL,-1.0201
2021-05-11,LONG,13235.4,13094.2,2021-05-11 09:52:00-04:00,2021-05-11 09:53:00-04:00,13245.0,13094.2,13697.399999999998,2021-05-12 10:36:00-04:00,13094.2,SL,-1.0133
2021-05-13,LONG,13176.7,13119.3,2021-05-13 10:00:00-04:00,2021-05-13 10:01:00-04:00,13186.2,13119.3,13386.900000000005,2021-05-13 11:25:00-04:00,13119.3,SL,-1.0299
2021-05-14,LONG,13264.9,13216.9,2021-05-14 09:58:00-04:00,2021-05-14 09:59:00-04:00,13269.6,13216.9,13427.700000000003,2021-05-14 14:52:00-04:00,13427.700000000003,TP,2.962
2021-05-17,LONG,13349.0,13271.8,2021-05-17 20:19:00-04:00,2021-05-17 20:20:00-04:00,13350.6,13271.8,13587.000000000004,2021-05-18 14:37:00-04:00,13271.8,SL,-1.0254
2021-05-19,LONG,13069.5,12975.1,2021-05-19 09:50:00-04:00,2021-05-19 09:51:00-04:00,13079.6,12975.1,13393.1,2021-05-20 09:43:00-04:00,13393.1,TP,2.9809
2021-05-20,LONG,13397.2,13287.2,2021-05-20 09:47:00-04:00,2021-05-20 09:48:00-04:00,13400.4,13287.2,13739.999999999996,2021-05-25 02:40:00-04:00,13739.999999999996,TP,2.9823
2021-05-26,LONG,13713.1,13676.9,2021-05-26 10:54:00-04:00,2021-05-26 10:55:00-04:00,13713.2,13676.9,13822.100000000004,2021-05-26 21:21:00-04:00,13676.9,SL,-1.0551
2021-05-27,LONG,13699.0,13657.2,2021-05-27 10:17:00-04:00,2021-05-27 10:18:00-04:00,13700.8,13657.2,13831.599999999995,2021-05-27 14:25:00-04:00,13657.2,SL,-1.0459
2021-05-28,LONG,13742.9,13699.9,2021-05-28 11:41:00-04:00,2021-05-28 11:42:00-04:00,13748.5,13699.9,13894.300000000001,2021-05-28 15:54:00-04:00,13699.9,SL,-1.0412
2021-05-31,LONG,13683.9,13672.9,2021-05-31 18:30:00-04:00,2021-05-31 18:31:00-04:00,13685.4,13672.9,13722.9,2021-06-01 04:00:00-04:00,13722.9,TP,2.84
2021-06-02,LONG,13690.2,13654.8,2021-06-02 09:45:00-04:00,2021-06-02 09:46:00-04:00,13698.6,13654.8,13830.000000000004,2021-06-02 13:22:00-04:00,13654.8,SL,-1.0457
2021-06-03,LONG,13570.4,13492.2,2021-06-03 10:59:00-04:00,2021-06-03 11:00:00-04:00,13580.7,13492.2,13846.2,2021-06-03 20:09:00-04:00,13492.2,SL,-1.0226
2021-06-04,LONG,13684.0,13607.5,2021-06-04 09:45:00-04:00,2021-06-04 09:46:00-04:00,13692.8,13607.5,13948.699999999997,2021-06-10 09:54:00-04:00,13948.699999999997,TP,2.9766
2021-06-10,LONG,13921.6,13811.0,2021-06-10 09:55:00-04:00,2021-06-10 09:56:00-04:00,13960.3,13811.0,14408.199999999997,2021-06-24 10:06:00-04:00,14408.199999999997,TP,2.9866
2021-06-24,LONG,14401.2,14359.5,2021-06-24 10:07:00-04:00,2021-06-24 10:08:00-04:00,14406.9,14359.5,14549.099999999999,2021-06-24 13:20:00-04:00,14359.5,SL,-1.0422
2021-06-28,LONG,14473.1,14406.0,2021-06-28 10:01:00-04:00,2021-06-28 10:02:00-04:00,14477.1,14406.0,14690.400000000001,2021-07-02 12:35:00-04:00,14690.400000000001,TP,2.9719
2021-07-02,LONG,14672.9,14632.1,2021-07-02 12:36:00-04:00,2021-07-02 12:37:00-04:00,14685.9,14632.1,14847.299999999997,2021-07-07 03:58:00-04:00,14847.299999999997,TP,2.9628
2021-07-08,LONG,14653.4,14580.6,2021-07-08 10:05:00-04:00,2021-07-08 10:06:00-04:00,14655.2,14580.6,14879.000000000002,2021-07-08 11:01:00-04:00,14580.6,SL,-1.0268
2021-07-09,LONG,14734.1,14680.6,2021-07-09 10:08:00-04:00,2021-07-09 10:09:00-04:00,14736.9,14680.6,14905.799999999997,2021-07-13 04:52:00-04:00,14905.799999999997,TP,2.9645
2021-07-13,LONG,14892.9,14854.3,2021-07-13 09:47:00-04:00,2021-07-13 09:48:00-04:00,14899.2,14854.3,15033.900000000005,2021-07-13 14:03:00-04:00,14854.3,SL,-1.0445
2021-07-14,LONG,15003.5,14949.6,2021-07-14 10:04:00-04:00,2021-07-14 10:05:00-04:00,15004.8,14949.6,15170.399999999996,2021-07-14 11:27:00-04:00,14949.6,SL,-1.0362
2021-07-19,LONG,14581.6,14501.6,2021-07-19 11:35:00-04:00,2021-07-19 11:36:00-04:00,14581.8,14501.6,14822.399999999996,2021-07-19 12:32:00-04:00,14501.6,SL,-1.0249
2021-07-20,LONG,14612.4,14528.7,2021-07-20 10:20:00-04:00,2021-07-20 10:21:00-04:00,14620.2,14528.7,14894.7,2021-07-22 09:42:00-04:00,14894.7,TP,2.9781
2021-07-22,LONG,14906.5,14853.2,2021-07-22 10:03:00-04:00,2021-07-22 10:04:00-04:00,14907.0,14853.2,15068.399999999998,2021-07-23 11:28:00-04:00,15068.399999999998,TP,2.9628
2021-07-23,LONG,15004.9,14945.5,2021-07-23 11:29:00-04:00,2021-07-23 11:30:00-04:00,15069.6,14945.5,15441.900000000001,2021-07-27 10:34:00-04:00,14945.5,SL,-1.0161
2021-07-28,LONG,15033.6,14913.4,2021-07-28 10:17:00-04:00,2021-07-28 10:18:00-04:00,15050.1,14913.4,15460.200000000003,2021-07-29 19:09:00-04:00,14913.4,SL,-1.0146
2021-07-30,LONG,14931.3,14877.4,2021-07-30 09:45:00-04:00,2021-07-30 09:46:00-04:00,14932.7,14877.4,15098.600000000004,2021-08-03 10:09:00-04:00,14877.4,SL,-1.0362
2021-08-03,LONG,15009.6,14963.7,2021-08-03 11:50:00-04:00,2021-08-03 11:51:00-04:00,15011.1,14963.7,15153.3,2021-08-05 10:51:00-04:00,15153.3,TP,2.9578
2021-08-05,LONG,15127.9,15086.7,2021-08-05 10:52:00-04:00,2021-08-05 10:53:00-04:00,15162.9,15086.7,15391.499999999996,2021-08-06 10:55:00-04:00,15086.7,SL,-1.0262
2021-08-09,LONG,15150.4,15080.8,2021-08-09 14:31:00-04:00,2021-08-09 14:32:00-04:00,15152.5,15080.8,15367.600000000002,2021-08-10 10:32:00-04:00,15080.8,SL,-1.0279
2021-08-12,LONG,15013.6,14961.6,2021-08-12 10:19:00-04:00,2021-08-12 10:20:00-04:00,15017.7,14961.6,15186.000000000002,2021-08-16 10:18:00-04:00,14961.6,SL,-1.0357
2021-08-16,LONG,15119.0,15084.7,2021-08-16 15:23:00-04:00,2021-08-16 15:24:00-04:00,15121.2,15084.7,15230.7,2021-08-17 03:09:00-04:00,15084.7,SL,-1.0548
2021-08-17,LONG,15047.2,14979.8,2021-08-17 10:43:00-04:00,2021-08-17 10:44:00-04:00,15057.0,14979.8,15288.600000000002,2021-08-17 11:40:00-04:00,14979.8,SL,-1.0259
2021-08-18,LONG,15015.4,14970.3,2021-08-18 09:51:00-04:00,2021-08-18 09:52:00-04:00,15017.4,14970.3,15158.7,2021-08-18 11:36:00-04:00,14970.3,SL,-1.0425
2021-08-19,LONG,14839.6,14768.2,2021-08-19 10:01:00-04:00,2021-08-19 10:02:00-04:00,14850.6,14768.2,15097.8,2021-08-20 10:35:00-04:00,15097.8,TP,2.9757
2021-08-20,LONG,14999.9,14964.0,2021-08-20 10:36:00-04:00,2021-08-20 10:37:00-04:00,15097.2,14964.0,15496.800000000003,2021-08-30 09:33:00-04:00,15496.800000000003,TP,2.985
2021-08-30,LONG,15520.6,15460.0,2021-08-30 09:53:00-04:00,2021-08-30 09:54:00-04:00,15525.4,15460.0,15721.599999999999,2021-09-10 15:46:00-04:00,15460.0,SL,-1.0306
2021-09-15,LONG,15447.0,15346.6,2021-09-15 12:55:00-04:00,2021-09-15 12:56:00-04:00,15453.9,15346.6,15775.799999999997,2021-09-17 11:06:00-04:00,15346.6,SL,-1.0186
2021-09-20,LONG,15161.1,15054.4,2021-09-20 09:45:00-04:00,2021-09-20 09:46:00-04:00,15165.3,15054.4,15497.999999999998,2021-09-20 10:18:00-04:00,15054.4,SL,-1.018
2021-09-21,LONG,15113.5,15046.2,2021-09-21 09:45:00-04:00,2021-09-21 09:46:00-04:00,15129.8,15046.2,15380.599999999995,2021-09-21 10:06:00-04:00,15046.2,SL,-1.0239
2021-09-22,LONG,15087.6,15032.5,2021-09-22 09:59:00-04:00,2021-09-22 10:00:00-04:00,15094.8,15032.5,15281.699999999997,2021-09-23 04:07:00-04:00,15281.699999999997,TP,2.9679
2021-09-23,LONG,15285.0,15200.7,2021-09-23 09:47:00-04:00,2021-09-23 09:48:00-04:00,15287.4,15200.7,15547.499999999996,2021-09-24 08:48:00-04:00,15200.7,SL,-1.0231
2021-09-24,LONG,15260.1,15208.1,2021-09-24 09:59:00-04:00,2021-09-24 10:00:00-04:00,15265.2,15208.1,15436.500000000002,2021-09-27 08:23:00-04:00,15208.1,SL,-1.035
2021-09-27,LONG,15231.2,15101.7,2021-09-27 11:04:00-04:00,2021-09-27 11:05:00-04:00,15239.1,15101.7,15651.3,2021-09-28 02:36:00-04:00,15101.7,SL,-1.0146
2021-09-29,LONG,14869.3,14805.6,2021-09-29 09:49:00-04:00,2021-09-29 09:50:00-04:00,14887.1,14805.6,15131.6,2021-09-29 11:35:00-04:00,14805.6,SL,-1.0245
2021-09-30,LONG,14889.3,14825.1,2021-09-30 09:50:00-04:00,2021-09-30 09:51:00-04:00,14891.4,14825.1,15090.299999999997,2021-09-30 10:07:00-04:00,14825.1,SL,-1.0302
2021-10-01,LONG,14752.0,14648.6,2021-10-01 13:49:00-04:00,2021-10-01 13:50:00-04:00,14757.6,14648.6,15084.6,2021-10-04 09:40:00-04:00,14648.6,SL,-1.0183
2021-10-05,LONG,14586.3,14511.5,2021-10-05 09:49:00-04:00,2021-10-05 09:50:00-04:00,14590.0,14511.5,14825.5,2021-10-06 03:35:00-04:00,14511.5,SL,-1.0255
2021-10-06,LONG,14652.4,14526.0,2021-10-06 10:23:00-04:00,2021-10-06 10:24:00-04:00,14661.4,14526.0,15067.599999999999,2021-10-14 18:30:00-04:00,15067.599999999999,TP,2.9852
2021-10-14,LONG,14964.7,14905.0,2021-10-14 18:31:00-04:00,2021-10-14 18:32:00-04:00,15078.0,14905.0,15597.0,2021-10-25 21:21:00-04:00,15597.0,TP,2.9884
2021-10-25,LONG,15446.8,15337.3,2021-10-25 21:22:00-04:00,2021-10-25 21:23:00-04:00,15595.3,15337.3,16369.3,2021-11-04 14:24:00-04:00,16369.3,TP,2.9922
2021-11-04,LONG,16217.4,16169.3,2021-11-04 14:25:00-04:00,2021-11-04 14:26:00-04:00,16376.1,16169.3,16996.500000000004,2021-11-09 21:34:00-05:00,16169.3,SL,-1.0097
2021-11-10,LONG,16134.2,16050.7,2021-11-10 09:45:00-05:00,2021-11-10 09:46:00-05:00,16135.0,16050.7,16387.899999999998,2021-11-10 13:15:00-05:00,16050.7,SL,-1.0237
2021-11-12,LONG,16085.2,16015.7,2021-11-12 10:46:00-05:00,2021-11-12 10:47:00-05:00,16092.9,16015.7,16324.499999999996,2021-11-16 14:01:00-05:00,16324.499999999996,TP,2.9741
2021-11-16,LONG,16258.6,16156.2,2021-11-16 14:02:00-05:00,2021-11-16 14:03:00-05:00,16325.8,16156.2,16834.599999999995,2021-11-23 11:02:00-05:00,16156.2,SL,-1.0118
2021-11-24,LONG,16210.3,16117.8,2021-11-24 10:01:00-05:00,2021-11-24 10:02:00-05:00,16219.6,16117.8,16525.000000000004,2021-11-26 10:55:00-05:00,16117.8,SL,-1.0196
2021-11-29,LONG,16283.0,16213.1,2021-11-29 09:52:00-05:00,2021-11-29 09:53:00-05:00,16284.1,16213.1,16497.1,2021-11-30 10:53:00-05:00,16213.1,SL,-1.0282
2021-11-30,LONG,16374.4,16321.7,2021-11-30 23:43:00-05:00,2021-11-30 23:44:00-05:00,16375.0,16321.7,16534.899999999998,2021-12-01 03:32:00-05:00,16321.7,SL,-1.0375
2021-12-01,LONG,16355.4,16272.7,2021-12-01 10:01:00-05:00,2021-12-01 10:02:00-05:00,16358.2,16272.7,16614.7,2021-12-01 12:55:00-05:00,16272.7,SL,-1.0234
2021-12-02,LONG,15978.3,15789.9,2021-12-02 09:48:00-05:00,2021-12-02 09:49:00-05:00,15985.3,15789.9,16571.5,2021-12-02 10:43:00-05:00,15789.9,SL,-1.0102
2021-12-06,LONG,15761.5,15560.7,2021-12-06 10:15:00-05:00,2021-12-06 10:16:00-05:00,15769.3,15560.7,16395.099999999995,2021-12-07 21:17:00-05:00,16395.099999999995,TP,2.9904
2021-12-07,LONG,16178.5,16121.7,2021-12-07 21:18:00-05:00,2021-12-07 21:19:00-05:00,16397.4,16121.7,17224.500000000004,2021-12-13 15:53:00-05:00,16121.7,SL,-1.0073
2021-12-15,LONG,15944.2,15877.2,2021-12-15 14:05:00-05:00,2021-12-15 14:06:00-05:00,15963.4,15877.2,16221.999999999996,2021-12-15 15:22:00-05:00,16221.999999999996,TP,2.9768
2021-12-17,LONG,15806.0,15673.4,2021-12-17 09:49:00-05:00,2021-12-17 09:50:00-05:00,15811.9,15673.4,16227.4,2021-12-17 10:22:00-05:00,15673.4,SL,-1.0144
2021-12-20,LONG,15658.3,15560.3,2021-12-20 15:21:00-05:00,2021-12-20 15:22:00-05:00,15662.7,15560.3,15969.900000000005,2021-12-21 14:50:00-05:00,15969.900000000005,TP,2.9805
2021-12-21,LONG,15812.8,15723.0,2021-12-21 14:51:00-05:00,2021-12-21 14:52:00-05:00,15971.7,15723.0,16717.800000000003,2022-01-05 22:52:00-05:00,15723.0,SL,-1.008
2022-01-06,LONG,15860.4,15683.7,2022-01-06 10:57:00-05:00,2022-01-06 10:58:00-05:00,15876.8,15683.7,16456.099999999995,2022-01-07 03:42:00-05:00,15683.7,SL,-1.0104
2022-01-07,LONG,15822.5,15684.3,2022-01-07 09:45:00-05:00,2022-01-07 09:46:00-05:00,15825.8,15684.3,16250.3,2022-01-07 10:20:00-05:00,15684.3,SL,-1.0141
2022-01-10,LONG,15425.1,15301.6,2022-01-10 13:51:00-05:00,2022-01-10 13:52:00-05:00,15425.7,15301.6,15798.000000000002,2022-01-11 11:39:00-05:00,15798.000000000002,TP,2.9839
2022-01-11,LONG,15603.5,15486.7,2022-01-11 11:40:00-05:00,2022-01-11 11:41:00-05:00,15811.1,15486.7,16784.3,2022-01-13 15:54:00-05:00,15486.7,SL,-1.0062
2022-01-14,LONG,15546.0,15393.8,2022-01-14 09:45:00-05:00,2022-01-14 09:46:00-05:00,15549.1,15393.8,16015.000000000004,2022-01-18 03:11:00-05:00,15393.8,SL,-1.0129
2022-01-18,LONG,15385.8,15287.1,2022-01-18 10:06:00-05:00,2022-01-18 10:07:00-05:00,15406.9,15287.1,15766.299999999997,2022-01-18 11:31:00-05:00,15287.1,SL,-1.0167
2022-01-19,LONG,15351.2,15264.2,2022-01-19 09:46:00-05:00,2022-01-19 09:47:00-05:00,15357.2,15264.2,15636.2,2022-01-19 10:32:00-05:00,15264.2,SL,-1.0215
2022-01-20,LONG,15268.9,15173.2,2022-01-20 09:46:00-05:00,2022-01-20 09:47:00-05:00,15269.6,15173.2,15558.8,2022-01-20 14:12:00-05:00,15173.2,SL,-1.0207
2022-01-21,LONG,14830.0,14680.9,2022-01-21 11:21:00-05:00,2022-01-21 11:22:00-05:00,14854.9,14680.9,15376.9,2022-01-21 11:48:00-05:00,14680.9,SL,-1.0115
2022-01-24,LONG,14276.8,14130.7,2022-01-24 15:15:00-05:00,2022-01-24 15:16:00-05:00,14289.2,14130.7,14764.7,2022-01-25 09:46:00-05:00,14130.7,SL,-1.0126
2022-01-25,LONG,14315.7,14197.2,2022-01-25 14:20:00-05:00,2022-01-25 14:21:00-05:00,14329.0,14197.2,14724.399999999998,2022-01-25 15:36:00-05:00,14197.2,SL,-1.0152
2022-01-26,LONG,14512.4,14366.6,2022-01-26 10:03:00-05:00,2022-01-26 10:04:00-05:00,14525.8,14366.6,15003.399999999996,2022-01-26 10:44:00-05:00,14366.6,SL,-1.0126
2022-01-27,LONG,14368.4,14246.8,2022-01-27 09:47:00-05:00,2022-01-27 09:48:00-05:00,14367.8,14246.8,14730.8,2022-01-27 10:31:00-05:00,14246.8,SL,-1.0165
2022-01-28,LONG,14114.3,13907.1,2022-01-28 10:54:00-05:00,2022-01-28 10:55:00-05:00,14122.3,13907.1,14767.899999999996,2022-01-31 11:51:00-05:00,14767.899999999996,TP,2.9907
2022-01-31,LONG,14597.2,14430.8,2022-01-31 11:52:00-05:00,2022-01-31 11:53:00-05:00,14782.2,14430.8,15836.400000000005,2022-02-04 08:59:00-05:00,14430.8,SL,-1.0057
2022-02-04,LONG,14588.7,14445.4,2022-02-04 09:45:00-05:00,2022-02-04 09:46:00-05:00,14603.7,14445.4,15078.600000000004,2022-02-11 13:33:00-05:00,14445.4,SL,-1.0126
2022-02-14,LONG,14296.7,14191.8,2022-02-14 09:50:00-05:00,2022-02-14 09:51:00-05:00,14303.0,14191.8,14636.600000000002,2022-02-14 13:53:00-05:00,14191.8,SL,-1.018
2022-02-15,LONG,14531.0,14456.8,2022-02-15 10:41:00-05:00,2022-02-15 10:42:00-05:00,14535.0,14456.8,14769.600000000002,2022-02-15 12:47:00-05:00,14456.8,SL,-1.0256
2022-02-16,LONG,14521.8,14438.6,2022-02-16 14:21:00-05:00,2022-02-16 14:22:00-05:00,14537.8,14438.6,14835.399999999996,2022-02-17 09:46:00-05:00,14438.6,SL,-1.0202
2022-02-22,LONG,13991.8,13868.6,2022-02-22 09:45:00-05:00,2022-02-22 09:46:00-05:00,13998.3,13868.6,14387.399999999996,2022-02-22 11:53:00-05:00,13868.6,SL,-1.0154
2022-02-24,LONG,13307.8,13064.0,2022-02-24 09:49:00-05:00,2022-02-24 09:50:00-05:00,13337.2,13064.0,14156.800000000003,2022-02-25 11:55:00-05:00,14156.800000000003,TP,2.9927
2022-02-25,LONG,14017.5,13877.2,2022-02-25 11:56:00-05:00,2022-02-25 11:57:00-05:00,14159.8,13877.2,15007.599999999995,2022-02-27 18:30:00-05:00,13877.2,SL,-1.0071
2022-02-28,LONG,14116.4,14032.9,2022-02-28 09:57:00-05:00,2022-02-28 09:58:00-05:00,14122.1,14032.9,14389.700000000003,2022-02-28 14:08:00-05:00,14032.9,SL,-1.0224
2022-03-01,LONG,14257.5,14159.0,2022-03-01 10:21:00-05:00,2022-03-01 10:22:00-05:00,14266.0,14159.0,14587.0,2022-03-01 10:46:00-05:00,14159.0,SL,-1.0187
2022-03-02,LONG,14115.0,14015.3,2022-03-02 09:47:00-05:00,2022-03-02 09:48:00-05:00,14118.2,14015.3,14426.900000000005,2022-03-02 10:08:00-05:00,14015.3,SL,-1.0194
2022-03-08,LONG,13374.3,13223.5,2022-03-08 12:10:00-05:00,2022-03-08 12:11:00-05:00,13374.5,13223.5,13827.5,2022-03-11 06:26:00-05:00,13827.5,TP,2.9868
2022-03-14,LONG,13326.9,13203.6,2022-03-14 10:08:00-04:00,2022-03-14 10:09:00-04:00,13334.9,13203.6,13728.799999999997,2022-03-14 11:43:00-04:00,13203.6,SL,-1.0152
2022-03-15,LONG,13211.1,13094.2,2022-03-15 10:04:00-04:00,2022-03-15 10:05:00-04:00,13220.6,13094.2,13599.8,2022-03-16 03:00:00-04:00,13599.8,TP,2.9842
2022-03-16,LONG,13721.5,13616.5,2022-03-16 09:46:00-04:00,2022-03-16 09:47:00-04:00,13739.8,13616.5,14109.699999999997,2022-03-16 14:05:00-04:00,13616.5,SL,-1.0162
2022-03-17,LONG,13904.2,13822.4,2022-03-17 09:45:00-04:00,2022-03-17 09:46:00-04:00,13908.6,13822.4,14167.200000000003,2022-03-18 10:00:00-04:00,14167.200000000003,TP,2.9768
2022-03-18,LONG,14081.8,13999.8,2022-03-18 10:01:00-04:00,2022-03-18 10:02:00-04:00,14171.1,13999.8,14685.000000000004,2022-03-22 11:26:00-04:00,14685.000000000004,TP,2.9883
2022-03-22,LONG,14494.0,14380.0,2022-03-22 11:27:00-04:00,2022-03-22 11:28:00-04:00,14684.2,14380.0,15596.800000000003,2022-04-07 11:52:00-04:00,14380.0,SL,-1.0066
2022-04-07,LONG,14580.1,14460.9,2022-04-07 15:01:00-04:00,2022-04-07 15:02:00-04:00,14591.8,14460.9,14984.499999999998,2022-04-08 09:30:00-04:00,14460.9,SL,-1.0153
2022-04-08,LONG,14477.4,14364.9,2022-04-08 11:01:00-04:00,2022-04-08 11:02:00-04:00,14479.9,14364.9,14824.9,2022-04-08 14:25:00-04:00,14364.9,SL,-1.0174
2022-04-11,LONG,14179.0,14101.1,2022-04-11 09:47:00-04:00,2022-04-11 09:48:00-04:00,14182.4,14101.1,14426.299999999997,2022-04-11 10:26:00-04:00,14101.1,SL,-1.0246
2022-04-12,LONG,14201.5,14114.4,2022-04-12 09:47:00-04:00,2022-04-12 09:48:00-04:00,14209.9,14114.4,14496.4,2022-04-12 10:48:00-04:00,14114.4,SL,-1.0209
2022-04-13,LONG,14030.8,13924.8,2022-04-13 09:45:00-04:00,2022-04-13 09:46:00-04:00,14034.5,13924.8,14363.600000000002,2022-04-14 15:32:00-04:00,13924.8,SL,-1.0182
2022-04-18,LONG,13935.8,13852.6,2022-04-18 10:12:00-04:00,2022-04-18 10:13:00-04:00,13944.7,13852.6,14221.000000000002,2022-04-18 11:48:00-04:00,13852.6,SL,-1.0217
2022-04-19,LONG,13930.4,13838.2,2022-04-19 09:47:00-04:00,2022-04-19 09:48:00-04:00,13944.7,13838.2,14264.2,2022-04-20 07:55:00-04:00,14264.2,TP,2.9812
2022-04-25,LONG,13371.0,13267.2,2022-04-25 10:25:00-04:00,2022-04-25 10:26:00-04:00,13391.5,13267.2,13764.399999999998,2022-04-25 11:46:00-04:00,13267.2,SL,-1.0161
2022-04-27,LONG,13209.1,13015.8,2022-04-27 09:47:00-04:00,2022-04-27 09:48:00-04:00,13217.4,13015.8,13822.2,2022-04-27 10:14:00-04:00,13015.8,SL,-1.0099
2022-04-28,LONG,13286.2,13123.0,2022-04-28 12:35:00-04:00,2022-04-28 12:36:00-04:00,13292.9,13123.0,13802.599999999999,2022-04-29 12:08:00-04:00,13123.0,SL,-1.0118
2022-05-02,LONG,12940.1,12748.6,2022-05-02 09:56:00-04:00,2022-05-02 09:57:00-04:00,12952.0,12748.6,13562.199999999999,2022-05-02 13:49:00-04:00,12748.6,SL,-1.0098
2022-05-03,LONG,13085.8,12996.9,2022-05-03 09:59:00-04:00,2022-05-03 10:00:00-04:00,13117.2,12996.9,13478.100000000004,2022-05-03 10:45:00-04:00,12996.9,SL,-1.0166
2022-05-04,LONG,13120.0,13063.8,2022-05-04 13:01:00-04:00,2022-05-04 13:02:00-04:00,13124.8,13063.8,13307.8,2022-05-04 14:07:00-04:00,13063.8,SL,-1.0328
2022-05-06,LONG,12794.4,12585.4,2022-05-06 10:18:00-04:00,2022-05-06 10:19:00-04:00,12818.9,12585.4,13519.4,2022-05-06 15:18:00-04:00,12585.4,SL,-1.0086
2022-05-11,LONG,12348.8,12149.8,2022-05-11 09:47:00-04:00,2022-05-11 09:48:00-04:00,12351.8,12149.8,12957.8,2022-05-11 12:56:00-04:00,12149.8,SL,-1.0099
2022-05-12,LONG,11875.1,11695.0,2022-05-12 09:48:00-04:00,2022-05-12 09:49:00-04:00,11884.6,11695.0,12453.400000000001,2022-05-12 14:43:00-04:00,11695.0,SL,-1.0105
2022-05-13,LONG,12199.5,12067.2,2022-05-13 09:46:00-04:00,2022-05-13 09:47:00-04:00,12210.2,12067.2,12639.2,2022-05-18 12:23:00-04:00,12067.2,SL,-1.014
2022-05-19,LONG,11976.3,11863.8,2022-05-19 10:20:00-04:00,2022-05-19 10:21:00-04:00,11985.2,11863.8,12349.400000000005,2022-05-19 13:10:00-04:00,11863.8,SL,-1.0165
2022-05-23,LONG,11927.8,11818.1,2022-05-23 09:45:00-04:00,2022-05-23 09:46:00-04:00,11935.9,11818.1,12289.299999999997,2022-05-23 10:01:00-04:00,11818.1,SL,-1.017
2022-05-24,LONG,11846.1,11742.5,2022-05-24 18:33:00-04:00,2022-05-24 18:34:00-04:00,11846.2,11742.5,12157.300000000003,2022-05-25 05:13:00-04:00,11742.5,SL,-1.0193
2022-05-25,LONG,11842.7,11708.1,2022-05-25 10:18:00-04:00,2022-05-25 10:19:00-04:00,11855.2,11708.1,12296.500000000002,2022-05-26 12:24:00-04:00,12296.500000000002,TP,2.9864
2022-05-26,LONG,12058.0,11899.2,2022-05-26 12:25:00-04:00,2022-05-26 12:26:00-04:00,12294.6,11899.2,13480.8,2022-06-10 10:02:00-04:00,11899.2,SL,-1.0051
2022-06-14,LONG,11413.3,11267.2,2022-06-14 13:22:00-04:00,2022-06-14 13:23:00-04:00,11421.2,11267.2,11883.2,2022-06-14 15:00:00-04:00,11267.2,SL,-1.013
2022-06-15,LONG,11517.5,11431.7,2022-06-15 10:04:00-04:00,2022-06-15 10:05:00-04:00,11519.8,11431.7,11784.099999999995,2022-06-15 14:04:00-04:00,11431.7,SL,-1.0227
2022-06-17,LONG,11298.8,11158.5,2022-06-17 09:51:00-04:00,2022-06-17 09:52:00-04:00,11306.0,11158.5,11748.5,2022-06-17 10:22:00-04:00,11158.5,SL,-1.0136
2022-06-20,LONG,11349.9,11314.0,2022-06-20 10:11:00-04:00,2022-06-20 10:12:00-04:00,11350.8,11314.0,11461.199999999997,2022-06-20 23:12:00-04:00,11461.199999999997,TP,2.9457
2022-06-21,LONG,11576.8,11451.9,2022-06-21 09:58:00-04:00,2022-06-21 09:59:00-04:00,11589.5,11451.9,12002.300000000001,2022-06-21 22:51:00-04:00,11451.9,SL,-1.0145
2022-06-22,LONG,11501.6,11423.1,2022-06-22 09:45:00-04:00,2022-06-22 09:46:00-04:00,11506.1,11423.1,11755.1,2022-06-23 21:45:00-04:00,11755.1,TP,2.9759
2022-06-23,LONG,11659.2,11537.5,2022-06-23 21:46:00-04:00,2022-06-23 21:47:00-04:00,11753.0,11537.5,12399.5,2022-06-30 02:10:00-04:00,11537.5,SL,-1.0093
2022-06-30,LONG,11563.2,11412.2,2022-06-30 11:26:00-04:00,2022-06-30 11:27:00-04:00,11563.6,11412.2,12017.8,2022-06-30 23:08:00-04:00,11412.2,SL,-1.0132
2022-07-01,LONG,11513.0,11395.8,2022-07-01 09:46:00-04:00,2022-07-01 09:47:00-04:00,11521.0,11395.8,11896.600000000002,2022-07-01 10:34:00-04:00,11395.8,SL,-1.016
2022-07-04,LONG,11550.7,11524.3,2022-07-04 18:30:00-04:00,2022-07-04 18:31:00-04:00,11584.8,11524.3,11766.3,2022-07-05 04:40:00-04:00,11524.3,SL,-1.0331
2022-07-05,LONG,11439.8,11365.9,2022-07-05 09:48:00-04:00,2022-07-05 09:49:00-04:00,11447.3,11365.9,11691.499999999998,2022-07-05 14:27:00-04:00,11691.499999999998,TP,2.9754
2022-07-06,LONG,11858.5,11743.5,2022-07-06 14:06:00-04:00,2022-07-06 14:07:00-04:00,11862.7,11743.5,12220.300000000003,2022-07-12 03:34:00-04:00,11743.5,SL,-1.0168
2022-07-13,LONG,11640.1,11503.0,2022-07-13 09:48:00-04:00,2022-07-13 09:49:00-04:00,11659.8,11503.0,12130.199999999997,2022-07-14 10:04:00-04:00,11503.0,SL,-1.0128
2022-07-14,LONG,11660.5,11524.9,2022-07-14 11:41:00-04:00,2022-07-14 11:42:00-04:00,11661.7,11524.9,12072.100000000004,2022-07-17 23:24:00-04:00,12072.100000000004,TP,2.9854
2022-07-18,LONG,12133.7,12067.0,2022-07-18 09:46:00-04:00,2022-07-18 09:47:00-04:00,12138.1,12067.0,12351.400000000001,2022-07-18 13:33:00-04:00,12067.0,SL,-1.0281
2022-07-19,LONG,12056.9,11978.1,2022-07-19 10:27:00-04:00,2022-07-19 10:28:00-04:00,12059.4,11978.1,12303.299999999997,2022-07-19 20:26:00-04:00,12303.299999999997,TP,2.9754
2022-07-20,LONG,12307.5,12235.1,2022-07-20 09:45:00-04:00,2022-07-20 09:46:00-04:00,12310.5,12235.1,12536.699999999999,2022-07-21 12:03:00-04:00,12536.699999999999,TP,2.9735
2022-07-21,LONG,12487.7,12388.3,2022-07-21 12:04:00-04:00,2022-07-21 12:05:00-04:00,12539.5,12388.3,12993.100000000002,2022-07-22 12:27:00-04:00,12388.3,SL,-1.0132
2022-07-26,LONG,12270.8,12197.5,2022-07-26 19:51:00-04:00,2022-07-26 19:52:00-04:00,12271.7,12197.5,12494.300000000003,2022-07-27 14:36:00-04:00,12494.300000000003,TP,2.973
2022-07-27,LONG,12360.0,12262.5,2022-07-27 14:37:00-04:00,2022-07-27 14:38:00-04:00,12472.7,12262.5,13103.300000000003,2022-08-03 09:56:00-04:00,13103.300000000003,TP,2.9905
2022-08-03,LONG,13078.0,12979.3,2022-08-03 09:57:00-04:00,2022-08-03 09:58:00-04:00,13105.2,12979.3,13482.900000000005,2022-08-09 10:00:00-04:00,12979.3,SL,-1.0159
2022-08-10,LONG,13342.0,13256.3,2022-08-10 11:01:00-04:00,2022-08-10 11:02:00-04:00,13342.4,13256.3,13600.7,2022-08-15 09:54:00-04:00,13600.7,TP,2.9768
2022-08-15,LONG,13594.8,13524.0,2022-08-15 09:55:00-04:00,2022-08-15 09:56:00-04:00,13605.1,13524.0,13848.400000000001,2022-08-16 10:33:00-04:00,13524.0,SL,-1.0247
2022-08-16,LONG,13648.9,13598.4,2022-08-16 11:52:00-04:00,2022-08-16 11:53:00-04:00,13648.6,13598.4,13799.200000000003,2022-08-16 14:45:00-04:00,13598.4,SL,-1.0398
2022-08-17,LONG,13546.4,13466.0,2022-08-17 14:14:00-04:00,2022-08-17 14:15:00-04:00,13560.9,13466.0,13845.599999999999,2022-08-17 15:51:00-04:00,13466.0,SL,-1.0211
2022-08-18,LONG,13479.6,13418.8,2022-08-18 10:40:00-04:00,2022-08-18 10:41:00-04:00,13497.2,13418.8,13732.400000000005,2022-08-19 02:40:00-04:00,13418.8,SL,-1.0255
2022-08-23,LONG,12935.9,12851.7,2022-08-23 09:50:00-04:00,2022-08-23 09:51:00-04:00,12956.6,12851.7,13271.3,2022-08-23 21:43:00-04:00,12851.7,SL,-1.0191
2022-08-24,LONG,12892.2,12840.7,2022-08-24 09:51:00-04:00,2022-08-24 09:52:00-04:00,12899.2,12840.7,13074.7,2022-08-25 10:24:00-04:00,13074.7,TP,2.9658
2022-08-25,LONG,12999.6,12953.5,2022-08-25 10:25:00-04:00,2022-08-25 10:26:00-04:00,13078.3,12953.5,13452.699999999997,2022-08-26 10:27:00-04:00,12953.5,SL,-1.016
2022-08-31,LONG,12481.7,12381.8,2022-08-31 09:47:00-04:00,2022-08-31 09:48:00-04:00,12484.5,12381.8,12792.600000000002,2022-08-31 10:28:00-04:00,12381.8,SL,-1.0195
2022-09-01,LONG,12213.9,12131.5,2022-09-01 15:07:00-04:00,2022-09-01 15:08:00-04:00,12215.6,12131.5,12467.900000000001,2022-09-02 13:25:00-04:00,12131.5,SL,-1.0238
2022-09-05,LONG,12137.6,12098.7,2022-09-05 10:10:00-04:00,2022-09-05 10:11:00-04:00,12140.7,12098.7,12266.7,2022-09-06 09:33:00-04:00,12098.7,SL,-1.0476
2022-09-07,LONG,12119.8,12031.7,2022-09-07 09:48:00-04:00,2022-09-07 09:49:00-04:00,12120.7,12031.7,12387.7,2022-09-07 10:15:00-04:00,12031.7,SL,-1.0225
2022-09-08,LONG,12218.5,12113.6,2022-09-08 09:51:00-04:00,2022-09-08 09:52:00-04:00,12233.4,12113.6,12592.799999999997,2022-09-09 13:32:00-04:00,12592.799999999997,TP,2.9833
2022-09-09,LONG,12476.4,12411.9,2022-09-09 13:33:00-04:00,2022-09-09 13:34:00-04:00,12593.8,12411.9,13139.499999999998,2022-09-13 08:54:00-04:00,12411.9,SL,-1.011
2022-09-14,LONG,12110.5,12026.5,2022-09-14 09:45:00-04:00,2022-09-14 09:46:00-04:00,12121.9,12026.5,12408.099999999999,2022-09-14 10:30:00-04:00,12026.5,SL,-1.021
2022-09-15,LONG,12105.0,12038.6,2022-09-15 09:49:00-04:00,2022-09-15 09:50:00-04:00,12130.4,12038.6,12405.799999999997,2022-09-15 10:29:00-04:00,12038.6,SL,-1.0218
2022-09-16,LONG,11800.7,11735.2,2022-09-16 10:13:00-04:00,2022-09-16 10:14:00-04:00,11811.1,11735.2,12038.8,2022-09-16 11:38:00-04:00,11735.2,SL,-1.0264
2022-09-19,LONG,11837.0,11748.5,2022-09-19 09:45:00-04:00,2022-09-19 09:46:00-04:00,11846.6,11748.5,12140.900000000001,2022-09-21 14:04:00-04:00,11748.5,SL,-1.0204
2022-09-21,LONG,11908.4,11871.2,2022-09-21 14:42:00-04:00,2022-09-21 14:43:00-04:00,11934.4,11871.2,12123.999999999996,2022-09-21 15:10:00-04:00,11871.2,SL,-1.0316
2022-09-26,LONG,11395.8,11277.5,2022-09-26 09:50:00-04:00,2022-09-26 09:51:00-04:00,11404.8,11277.5,11786.699999999997,2022-09-26 12:25:00-04:00,11277.5,SL,-1.0157
2022-09-28,LONG,11279.3,11203.0,2022-09-28 09:51:00-04:00,2022-09-28 09:52:00-04:00,11281.6,11203.0,11517.400000000001,2022-09-28 15:30:00-04:00,11517.400000000001,TP,2.9746
2022-09-30,LONG,11182.6,11081.0,2022-09-30 09:55:00-04:00,2022-09-30 09:56:00-04:00,11188.5,11081.0,11511.0,2022-09-30 14:43:00-04:00,11081.0,SL,-1.0186
2022-10-03,LONG,11066.5,10980.7,2022-10-03 10:00:00-04:00,2022-10-03 10:01:00-04:00,11074.5,10980.7,11355.899999999998,2022-10-04 00:37:00-04:00,11355.899999999998,TP,2.9787
2022-10-04,LONG,11511.7,11452.0,2022-10-04 09:48:00-04:00,2022-10-04 09:49:00-04:00,11519.0,11452.0,11720.0,2022-10-05 04:29:00-04:00,11452.0,SL,-1.0299
2022-10-05,LONG,11476.3,11404.9,2022-10-05 12:47:00-04:00,2022-10-05 12:48:00-04:00,11486.4,11404.9,11730.9,2022-10-07 02:28:00-04:00,11404.9,SL,-1.0245
2022-10-11,LONG,10892.4,10809.1,2022-10-11 11:36:00-04:00,2022-10-11 11:37:00-04:00,10898.1,10809.1,11165.1,2022-10-11 14:52:00-04:00,10809.1,SL,-1.0225
2022-10-13,LONG,10506.5,10438.2,2022-10-13 09:46:00-04:00,2022-10-13 09:47:00-04:00,10514.0,10438.2,10741.399999999998,2022-10-13 11:14:00-04:00,10741.399999999998,TP,2.9736
2022-10-17,LONG,11070.5,10956.0,2022-10-17 10:14:00-04:00,2022-10-17 10:15:00-04:00,11085.0,10956.0,11472.0,2022-10-20 20:11:00-04:00,10956.0,SL,-1.0155
2022-10-21,LONG,11047.6,10955.7,2022-10-21 09:45:00-04:00,2022-10-21 09:46:00-04:00,11072.3,10955.7,11422.099999999995,2022-10-23 18:30:00-04:00,11422.099999999995,TP,2.9828
2022-10-24,LONG,11360.5,11263.3,2022-10-24 09:45:00-04:00,2022-10-24 09:46:00-04:00,11371.1,11263.3,11694.500000000004,2022-10-24 10:02:00-04:00,11263.3,SL,-1.0186
2022-10-25,LONG,11534.4,11479.7,2022-10-25 09:45:00-04:00,2022-10-25 09:46:00-04:00,11546.0,11479.7,11744.899999999998,2022-10-25 18:30:00-04:00,11479.7,SL,-1.0302
2022-10-26,LONG,11472.8,11397.8,2022-10-26 09:48:00-04:00,2022-10-26 09:49:00-04:00,11493.3,11397.8,11779.8,2022-10-27 04:07:00-04:00,11397.8,SL,-1.0209
2022-10-28,LONG,11328.6,11172.1,2022-10-28 10:25:00-04:00,2022-10-28 10:26:00-04:00,11336.5,11172.1,11829.699999999999,2022-11-02 12:29:00-04:00,11172.1,SL,-1.0122
2022-11-02,LONG,11308.4,11239.8,2022-11-02 14:00:00-04:00,2022-11-02 14:01:00-04:00,11322.6,11239.8,11571.000000000004,2022-11-02 14:36:00-04:00,11239.8,SL,-1.0242
2022-11-03,LONG,10816.2,10755.5,2022-11-03 10:46:00-04:00,2022-11-03 10:47:00-04:00,10817.5,10755.5,11003.5,2022-11-03 11:17:00-04:00,10755.5,SL,-1.0323
2022-11-04,LONG,10926.9,10705.4,2022-11-04 10:41:00-04:00,2022-11-04 10:42:00-04:00,10929.7,10705.4,11602.600000000004,2022-11-04 11:50:00-04:00,10705.4,SL,-1.0089
2022-11-07,LONG,10937.7,10834.1,2022-11-07 14:15:00-05:00,2022-11-07 14:16:00-05:00,10949.2,10834.1,11294.500000000002,2022-11-09 13:37:00-05:00,10834.1,SL,-1.0174
2022-11-10,LONG,11363.8,11239.2,2022-11-10 09:53:00-05:00,2022-11-10 09:54:00-05:00,11367.8,11239.2,11753.599999999995,2022-11-11 13:02:00-05:00,11753.599999999995,TP,2.9844
2022-11-11,LONG,11615.2,11541.1,2022-11-11 13:03:00-05:00,2022-11-11 13:04:00-05:00,11748.8,11541.1,12371.899999999996,2022-11-17 08:42:00-05:00,11541.1,SL,-1.0096
2022-11-17,LONG,11586.4,11516.9,2022-11-17 09:45:00-05:00,2022-11-17 09:46:00-05:00,11595.4,11516.9,11830.9,2022-11-22 03:38:00-05:00,11516.9,SL,-1.0255
2022-11-22,LONG,11606.2,11506.1,2022-11-22 10:48:00-05:00,2022-11-22 10:49:00-05:00,11613.7,11506.1,11936.500000000002,2022-11-29 11:09:00-05:00,11506.1,SL,-1.0186
2022-11-30,LONG,11564.8,11503.5,2022-11-30 13:30:00-05:00,2022-11-30 13:31:00-05:00,11608.5,11503.5,11923.5,2022-11-30 15:16:00-05:00,11923.5,TP,2.981
2022-12-01,LONG,12087.3,12015.7,2022-12-01 09:45:00-05:00,2022-12-01 09:46:00-05:00,12095.0,12015.7,12332.899999999998,2022-12-01 10:12:00-05:00,12015.7,SL,-1.0252
2022-12-02,LONG,11900.2,11830.4,2022-12-02 10:12:00-05:00,2022-12-02 10:13:00-05:00,11907.7,11830.4,12139.600000000004,2022-12-05 12:03:00-05:00,11830.4,SL,-1.0259
2022-12-08,LONG,11564.4,11480.8,2022-12-08 09:56:00-05:00,2022-12-08 09:57:00-05:00,11568.4,11480.8,11831.2,2022-12-13 08:26:00-05:00,11831.2,TP,2.9772
2022-12-14,LONG,11888.0,11816.7,2022-12-14 09:57:00-05:00,2022-12-14 09:58:00-05:00,11891.0,11816.7,12113.899999999998,2022-12-14 14:00:00-05:00,11816.7,SL,-1.0269
2022-12-16,LONG,11347.5,11296.4,2022-12-16 09:49:00-05:00,2022-12-16 09:50:00-05:00,11377.6,11296.4,11621.200000000003,2022-12-16 10:06:00-05:00,11296.4,SL,-1.0246
2022-12-20,LONG,11043.4,10976.6,2022-12-20 09:57:00-05:00,2022-12-20 09:58:00-05:00,11052.5,10976.6,11280.199999999999,2022-12-21 14:12:00-05:00,11280.199999999999,TP,2.9736
2022-12-21,LONG,11133.4,11076.1,2022-12-21 14:13:00-05:00,2022-12-21 14:14:00-05:00,11273.8,11076.1,11866.899999999996,2022-12-22 09:31:00-05:00,11076.1,SL,-1.0101
2022-12-23,LONG,10948.9,10824.6,2022-12-23 10:30:00-05:00,2022-12-23 10:31:00-05:00,10957.7,10824.6,11357.000000000002,2022-12-27 09:45:00-05:00,10824.6,SL,-1.015
2022-12-29,LONG,10876.7,10764.8,2022-12-29 09:58:00-05:00,2022-12-29 09:59:00-05:00,10877.8,10764.8,11216.8,2023-01-03 12:47:00-05:00,10764.8,SL,-1.0177
2023-01-04,LONG,10970.1,10885.4,2023-01-04 11:37:00-05:00,2023-01-04 11:38:00-05:00,10973.2,10885.4,11236.600000000004,2023-01-04 14:02:00-05:00,10885.4,SL,-1.0228
2023-01-06,LONG,10870.2,10704.2,2023-01-06 10:36:00-05:00,2023-01-06 10:37:00-05:00,10870.5,10704.2,11369.399999999998,2023-01-11 13:14:00-05:00,11369.399999999998,TP,2.988
2023-01-11,LONG,11288.6,11222.3,2023-01-11 13:15:00-05:00,2023-01-11 13:16:00-05:00,11348.6,11222.3,11727.500000000004,2023-01-23 09:47:00-05:00,11727.500000000004,TP,2.9842
2023-01-23,LONG,11698.4,11619.6,2023-01-23 09:48:00-05:00,2023-01-23 09:49:00-05:00,11731.1,11619.6,12065.6,2023-01-25 09:32:00-05:00,11619.6,SL,-1.0179
2023-01-25,LONG,11673.5,11609.0,2023-01-25 11:19:00-05:00,2023-01-25 11:20:00-05:00,11680.0,11609.0,11893.0,2023-01-26 01:06:00-05:00,11893.0,TP,2.9718
2023-01-26,LONG,12026.5,11954.2,2023-01-26 15:24:00-05:00,2023-01-26 15:25:00-05:00,12032.7,11954.2,12268.2,2023-01-30 10:40:00-05:00,11954.2,SL,-1.0255
2023-01-31,LONG,11995.2,11927.2,2023-01-31 09:48:00-05:00,2023-01-31 09:49:00-05:00,11998.4,11927.2,12211.999999999996,2023-02-01 14:40:00-05:00,12211.999999999996,TP,2.9719
2023-02-01,LONG,12115.1,12061.1,2023-02-01 14:41:00-05:00,2023-02-01 14:42:00-05:00,12221.8,12061.1,12703.899999999996,2023-02-02 09:48:00-05:00,12703.899999999996,TP,2.9876
2023-02-02,LONG,12695.4,12631.4,2023-02-02 10:26:00-05:00,2023-02-02 10:27:00-05:00,12695.9,12631.4,12889.4,2023-02-02 14:00:00-05:00,12889.4,TP,2.969
2023-02-03,LONG,12653.3,12520.8,2023-02-03 09:46:00-05:00,2023-02-03 09:47:00-05:00,12674.8,12520.8,13136.8,2023-02-05 18:03:00-05:00,12520.8,SL,-1.013
2023-02-06,LONG,12530.0,12467.5,2023-02-06 10:02:00-05:00,2023-02-06 10:03:00-05:00,12535.5,12467.5,12739.5,2023-02-06 10:20:00-05:00,12467.5,SL,-1.0294
2023-02-07,LONG,12506.3,12454.8,2023-02-07 11:08:00-05:00,2023-02-07 11:09:00-05:00,12509.0,12454.8,12671.600000000002,2023-02-07 12:52:00-05:00,12671.600000000002,TP,2.9631
2023-02-10,LONG,12356.8,12275.8,2023-02-10 10:18:00-05:00,2023-02-10 10:19:00-05:00,12364.6,12275.8,12631.000000000004,2023-02-10 10:53:00-05:00,12275.8,SL,-1.0225
2023-02-13,LONG,12397.1,12320.3,2023-02-13 09:50:00-05:00,2023-02-13 09:51:00-05:00,12401.3,12320.3,12644.3,2023-02-14 08:33:00-05:00,12644.3,TP,2.9753
2023-02-14,LONG,12478.9,12360.0,2023-02-14 09:45:00-05:00,2023-02-14 09:46:00-05:00,12502.6,12360.0,12930.400000000001,2023-02-17 01:22:00-05:00,12360.0,SL,-1.014
2023-02-22,LONG,12138.8,12092.6,2023-02-22 09:45:00-05:00,2023-02-22 09:46:00-05:00,12144.8,12092.6,12301.399999999996,2023-02-22 10:00:00-05:00,12092.6,SL,-1.0383
2023-02-27,LONG,12121.4,12088.4,2023-02-27 09:58:00-05:00,2023-02-27 09:59:00-05:00,12124.6,12088.4,12233.200000000003,2023-02-27 10:36:00-05:00,12088.4,SL,-1.0552
2023-02-28,LONG,12078.0,12021.8,2023-02-28 09:46:00-05:00,2023-02-28 09:47:00-05:00,12087.5,12021.8,12284.600000000002,2023-02-28 18:01:00-05:00,12021.8,SL,-1.0304
2023-03-01,LONG,12040.2,11985.0,2023-03-01 09:49:00-05:00,2023-03-01 09:50:00-05:00,12056.5,11985.0,12271.0,2023-03-01 10:05:00-05:00,11985.0,SL,-1.028
2023-03-02,LONG,11862.6,11826.3,2023-03-02 09:48:00-05:00,2023-03-02 09:49:00-05:00,11863.1,11826.3,11973.500000000004,2023-03-02 13:58:00-05:00,11973.500000000004,TP,2.9457
2023-03-03,LONG,12127.7,12094.2,2023-03-03 09:45:00-05:00,2023-03-03 09:46:00-05:00,12140.2,12094.2,12278.2,2023-03-03 14:26:00-05:00,12278.2,TP,2.9565
2023-03-06,LONG,12382.2,12339.4,2023-03-06 10:08:00-05:00,2023-03-06 10:09:00-05:00,12385.7,12339.4,12524.600000000004,2023-03-06 14:21:00-05:00,12339.4,SL,-1.0432
2023-03-08,LONG,12205.0,12146.0,2023-03-08 10:33:00-05:00,2023-03-08 10:34:00-05:00,12207.0,12146.0,12390.0,2023-03-08 13:28:00-05:00,12146.0,SL,-1.0328
2023-03-09,LONG,12280.3,12220.0,2023-03-09 09:45:00-05:00,2023-03-09 09:46:00-05:00,12280.8,12220.0,12463.199999999997,2023-03-09 12:48:00-05:00,12220.0,SL,-1.0329
2023-03-10,LONG,12023.3,11893.3,2023-03-10 11:26:00-05:00,2023-03-10 11:27:00-05:00,12038.4,11893.3,12473.7,2023-03-10 12:58:00-05:00,11893.3,SL,-1.0138
2023-03-13,LONG,11804.6,11694.8,2023-03-13 09:48:00-04:00,2023-03-13 09:49:00-04:00,11827.6,11694.8,12226.000000000004,2023-03-14 22:08:00-04:00,12226.000000000004,TP,2.9849
2023-03-14,LONG,12151.2,12071.7,2023-03-14 22:09:00-04:00,2023-03-14 22:10:00-04:00,12223.1,12071.7,12677.3,2023-03-15 06:28:00-04:00,12071.7,SL,-1.0132
2023-03-15,LONG,12144.7,12065.3,2023-03-15 11:45:00-04:00,2023-03-15 11:46:00-04:00,12155.0,12065.3,12424.100000000002,2023-03-15 12:57:00-04:00,12065.3,SL,-1.0223
2023-03-16,LONG,12252.3,12186.8,2023-03-16 09:53:00-04:00,2023-03-16 09:54:00-04:00,12257.3,12186.8,12468.8,2023-03-16 11:26:00-04:00,12468.8,TP,2.9716
2023-03-17,LONG,12636.7,12564.7,2023-03-17 10:00:00-04:00,2023-03-17 10:01:00-04:00,12644.4,12564.7,12883.499999999996,2023-03-17 10:26:00-04:00,12564.7,SL,-1.0251
2023-03-20,LONG,12510.8,12431.3,2023-03-20 10:49:00-04:00,2023-03-20 10:50:00-04:00,12512.3,12431.3,12755.3,2023-03-21 15:39:00-04:00,12755.3,TP,2.9753
2023-03-21,LONG,12691.6,12651.3,2023-03-21 15:40:00-04:00,2023-03-21 15:41:00-04:00,12769.6,12651.3,13124.500000000004,2023-03-22 15:52:00-04:00,12651.3,SL,-1.0169
2023-03-23,LONG,12771.9,12727.8,2023-03-23 10:00:00-04:00,2023-03-23 10:01:00-04:00,12788.4,12727.8,12970.2,2023-03-23 14:25:00-04:00,12727.8,SL,-1.033
2023-03-24,LONG,12725.5,12626.2,2023-03-24 12:01:00-04:00,2023-03-24 12:02:00-04:00,12729.2,12626.2,13038.2,2023-03-28 09:33:00-04:00,12626.2,SL,-1.0194
2023-03-28,LONG,12665.1,12571.6,2023-03-28 20:45:00-04:00,2023-03-28 20:46:00-04:00,12666.5,12571.6,12951.199999999999,2023-03-30 08:38:00-04:00,12951.199999999999,TP,2.9789
2023-03-30,LONG,12967.2,12928.2,2023-03-30 09:59:00-04:00,2023-03-30 10:00:00-04:00,12970.5,12928.2,13097.399999999998,2023-03-30 10:12:00-04:00,12928.2,SL,-1.0473
2023-03-31,LONG,13032.2,12971.5,2023-03-31 09:46:00-04:00,2023-03-31 09:47:00-04:00,13032.6,12971.5,13215.900000000001,2023-04-04 05:41:00-04:00,13215.900000000001,TP,2.9673
2023-04-04,LONG,13189.4,13127.0,2023-04-04 10:00:00-04:00,2023-04-04 10:01:00-04:00,13208.3,13127.0,13452.199999999997,2023-04-04 11:09:00-04:00,13127.0,SL,-1.0246
2023-04-06,LONG,12909.2,12854.4,2023-04-06 10:02:00-04:00,2023-04-06 10:03:00-04:00,12911.2,12854.4,13081.600000000004,2023-04-06 14:16:00-04:00,13081.600000000004,TP,2.9648
2023-04-10,LONG,12947.3,12890.7,2023-04-10 11:06:00-04:00,2023-04-10 11:07:00-04:00,12949.0,12890.7,13123.899999999998,2023-04-12 08:33:00-04:00,13123.899999999998,TP,2.9657
2023-04-13,LONG,12981.4,12921.0,2023-04-13 10:05:00-04:00,2023-04-13 10:06:00-04:00,12983.9,12921.0,13172.599999999999,2023-04-18 05:20:00-04:00,13172.599999999999,TP,2.9682
2023-04-18,LONG,13193.0,13168.1,2023-04-18 09:47:00-04:00,2023-04-18 09:48:00-04:00,13196.9,13168.1,13283.299999999997,2023-04-18 09:58:00-04:00,13168.1,SL,-1.0694
2023-04-19,LONG,13042.9,12991.2,2023-04-19 10:39:00-04:00,2023-04-19 10:40:00-04:00,13046.0,12991.2,13210.399999999998,2023-04-20 03:36:00-04:00,12991.2,SL,-1.0365
2023-04-20,LONG,13023.5,12958.8,2023-04-20 09:45:00-04:00,2023-04-20 09:46:00-04:00,13025.8,12958.8,13226.8,2023-04-20 15:16:00-04:00,12958.8,SL,-1.0299
2023-04-21,LONG,12987.9,12953.6,2023-04-21 10:26:00-04:00,2023-04-21 10:27:00-04:00,12990.5,12953.6,13101.199999999999,2023-04-21 10:41:00-04:00,12953.6,SL,-1.0542
2023-04-26,LONG,12879.9,12822.6,2023-04-26 09:58:00-04:00,2023-04-26 09:59:00-04:00,12883.7,12822.6,13067.000000000002,2023-04-26 10:22:00-04:00,12822.6,SL,-1.0327
2023-04-27,LONG,12977.7,12940.0,2023-04-27 10:09:00-04:00,2023-04-27 10:10:00-04:00,12977.8,12940.0,13091.199999999997,2023-04-27 12:43:00-04:00,13091.199999999997,TP,2.9471
2023-04-28,LONG,13169.9,13099.7,2023-04-28 10:09:00-04:00,2023-04-28 10:10:00-04:00,13170.0,13099.7,13380.899999999998,2023-05-02 10:37:00-04:00,13099.7,SL,-1.0284
2023-05-03,LONG,13153.7,13120.1,2023-05-03 09:45:00-04:00,2023-05-03 09:46:00-04:00,13162.2,13120.1,13288.500000000002,2023-05-03 11:02:00-04:00,13120.1,SL,-1.0475
2023-05-04,LONG,13018.7,12969.1,2023-05-04 11:09:00-04:00,2023-05-04 11:10:00-04:00,13022.7,12969.1,13183.500000000002,2023-05-04 11:51:00-04:00,12969.1,SL,-1.0373
2023-05-05,LONG,13104.0,13059.0,2023-05-05 09:49:00-04:00,2023-05-05 09:50:00-04:00,13111.6,13059.0,13269.400000000001,2023-05-05 14:44:00-04:00,13269.400000000001,TP,2.962
2023-05-08,LONG,13251.3,13213.0,2023-05-08 11:46:00-04:00,2023-05-08 11:47:00-04:00,13252.3,13213.0,13370.199999999997,2023-05-09 09:14:00-04:00,13213.0,SL,-1.0509
2023-05-09,LONG,13239.0,13217.9,2023-05-09 09:56:00-04:00,2023-05-09 09:57:00-04:00,13239.9,13217.9,13305.9,2023-05-09 10:29:00-04:00,13217.9,SL,-1.0909
2023-05-10,LONG,13360.8,13266.2,2023-05-10 10:06:00-04:00,2023-05-10 10:07:00-04:00,13365.9,13266.2,13664.999999999996,2023-05-10 10:46:00-04:00,13266.2,SL,-1.0201
2023-05-11,LONG,13377.7,13323.2,2023-05-11 11:28:00-04:00,2023-05-11 11:29:00-04:00,13379.0,13323.2,13546.399999999998,2023-05-12 11:27:00-04:00,13323.2,SL,-1.0358
2023-05-15,LONG,13368.5,13341.4,2023-05-15 09:45:00-04:00,2023-05-15 09:46:00-04:00,13372.9,13341.4,13467.4,2023-05-15 09:51:00-04:00,13341.4,SL,-1.0635
2023-05-16,LONG,13455.9,13388.1,2023-05-16 09:45:00-04:00,2023-05-16 09:46:00-04:00,13461.0,13388.1,13679.699999999999,2023-05-18 10:06:00-04:00,13679.699999999999,TP,2.9726
2023-05-18,LONG,13660.9,13604.4,2023-05-18 10:07:00-04:00,2023-05-18 10:08:00-04:00,13679.9,13604.4,13906.4,2023-05-18 18:14:00-04:00,13906.4,TP,2.9735
2023-05-22,LONG,13882.0,13806.0,2023-05-22 09:49:00-04:00,2023-05-22 09:50:00-04:00,13886.1,13806.0,14126.400000000001,2023-05-23 08:50:00-04:00,13806.0,SL,-1.025
2023-05-23,LONG,13827.4,13783.5,2023-05-23 09:51:00-04:00,2023-05-23 09:52:00-04:00,13827.2,13783.5,13958.300000000003,2023-05-23 12:35:00-04:00,13783.5,SL,-1.0458
2023-05-24,LONG,13636.1,13582.5,2023-05-24 15:20:00-04:00,2023-05-24 15:21:00-04:00,13636.3,13582.5,13797.699999999997,2023-05-24 18:01:00-04:00,13797.699999999997,TP,2.9628
2023-05-25,LONG,13929.2,13828.0,2023-05-25 11:12:00-04:00,2023-05-25 11:13:00-04:00,13931.7,13828.0,14242.800000000003,2023-05-26 11:43:00-04:00,14242.800000000003,TP,2.9807
2023-05-26,LONG,14054.0,13979.8,2023-05-26 11:44:00-04:00,2023-05-26 11:45:00-04:00,14248.2,13979.8,15053.400000000005,2023-06-15 10:06:00-04:00,15053.400000000005,TP,2.9925
2023-06-15,LONG,15013.4,14938.9,2023-06-15 10:07:00-04:00,2023-06-15 10:08:00-04:00,15062.7,14938.9,15434.100000000004,2023-06-21 10:01:00-04:00,14938.9,SL,-1.0162
2023-06-22,LONG,14888.2,14803.9,2023-06-22 09:45:00-04:00,2023-06-22 09:46:00-04:00,14889.9,14803.9,15147.9,2023-06-26 12:05:00-04:00,14803.9,SL,-1.0233
2023-06-27,LONG,14819.7,14748.2,2023-06-27 11:28:00-04:00,2023-06-27 11:29:00-04:00,14829.7,14748.2,15074.2,2023-06-30 08:30:00-04:00,15074.2,TP,2.9755
2023-06-30,LONG,15155.8,15095.7,2023-06-30 09:45:00-04:00,2023-06-30 09:46:00-04:00,15167.5,15095.7,15382.899999999998,2023-07-06 08:32:00-04:00,15095.7,SL,-1.0279
2023-07-06,LONG,15078.1,15014.9,2023-07-06 12:58:00-04:00,2023-07-06 12:59:00-04:00,15081.1,15014.9,15279.700000000003,2023-07-09 20:30:00-04:00,15014.9,SL,-1.0302
2023-07-11,LONG,15105.4,15022.6,2023-07-11 11:59:00-04:00,2023-07-11 12:00:00-04:00,15109.4,15022.6,15369.799999999997,2023-07-12 10:18:00-04:00,15369.799999999997,TP,2.977
2023-07-12,LONG,15321.8,15282.9,2023-07-12 10:19:00-04:00,2023-07-12 10:20:00-04:00,15376.3,15282.9,15656.499999999998,2023-07-12 11:39:00-04:00,15282.9,SL,-1.0214
2023-07-13,LONG,15490.5,15428.0,2023-07-13 09:54:00-04:00,2023-07-13 09:55:00-04:00,15494.8,15428.0,15695.199999999997,2023-07-14 10:03:00-04:00,15695.199999999997,TP,2.9701
2023-07-14,LONG,15681.0,15598.8,2023-07-14 10:04:00-04:00,2023-07-14 10:05:00-04:00,15680.5,15598.8,15925.600000000002,2023-07-14 14:25:00-04:00,15598.8,SL,-1.0245
2023-07-17,LONG,15663.5,15610.4,2023-07-17 11:28:00-04:00,2023-07-17 11:29:00-04:00,15666.5,15610.4,15834.800000000001,2023-07-18 13:34:00-04:00,15834.800000000001,TP,2.9643
2023-07-18,LONG,15701.6,15638.8,2023-07-18 13:35:00-04:00,2023-07-18 13:36:00-04:00,15824.1,15638.8,16380.000000000004,2023-07-20 10:26:00-04:00,15638.8,SL,-1.0108
2023-07-25,LONG,15537.8,15491.6,2023-07-25 09:45:00-04:00,2023-07-25 09:46:00-04:00,15549.2,15491.6,15722.000000000002,2023-07-26 09:33:00-04:00,15491.6,SL,-1.0347
2023-07-26,LONG,15543.6,15471.2,2023-07-26 14:39:00-04:00,2023-07-26 14:40:00-04:00,15564.4,15471.2,15843.999999999996,2023-07-26 15:08:00-04:00,15471.2,SL,-1.0215
2023-07-27,LONG,15801.9,15730.7,2023-07-27 09:45:00-04:00,2023-07-27 09:46:00-04:00,15808.6,15730.7,16042.3,2023-07-27 10:24:00-04:00,15730.7,SL,-1.0257
2023-07-28,LONG,15703.6,15624.9,2023-07-28 09:48:00-04:00,2023-07-28 09:49:00-04:00,15707.2,15624.9,15954.100000000004,2023-08-01 18:01:00-04:00,15624.9,SL,-1.0243
2023-08-03,LONG,15336.1,15274.4,2023-08-03 09:47:00-04:00,2023-08-03 09:48:00-04:00,15358.6,15274.4,15611.200000000003,2023-08-04 15:40:00-04:00,15274.4,SL,-1.0238
2023-08-07,LONG,15402.2,15316.5,2023-08-07 15:51:00-04:00,2023-08-07 15:52:00-04:00,15404.9,15316.5,15670.099999999999,2023-08-08 07:07:00-04:00,15316.5,SL,-1.0226
2023-08-08,LONG,15309.7,15249.9,2023-08-08 20:32:00-04:00,2023-08-08 20:33:00-04:00,15311.7,15249.9,15497.100000000004,2023-08-09 09:39:00-04:00,15249.9,SL,-1.0324
2023-08-10,LONG,15289.1,15206.5,2023-08-10 09:46:00-04:00,2023-08-10 09:47:00-04:00,15305.1,15206.5,15600.900000000001,2023-08-10 11:20:00-04:00,15206.5,SL,-1.0203
2023-08-11,LONG,15049.8,14990.8,2023-08-11 10:02:00-04:00,2023-08-11 10:03:00-04:00,15052.5,14990.8,15237.600000000002,2023-08-11 11:25:00-04:00,14990.8,SL,-1.0324
2023-08-14,LONG,15047.3,14976.2,2023-08-14 09:45:00-04:00,2023-08-14 09:46:00-04:00,15051.1,14976.2,15275.8,2023-08-14 21:26:00-04:00,15275.8,TP,2.9733
2023-08-16,LONG,15049.3,14992.2,2023-08-16 09:47:00-04:00,2023-08-16 09:48:00-04:00,15051.6,14992.2,15229.8,2023-08-16 11:50:00-04:00,14992.2,SL,-1.0337
2023-08-18,LONG,14617.5,14567.5,2023-08-18 09:48:00-04:00,2023-08-18 09:49:00-04:00,14621.2,14567.5,14782.300000000003,2023-08-18 10:03:00-04:00,14567.5,SL,-1.0372
2023-08-21,LONG,14838.8,14756.5,2023-08-21 09:56:00-04:00,2023-08-21 09:57:00-04:00,14846.6,14756.5,15116.900000000001,2023-08-21 11:10:00-04:00,14756.5,SL,-1.0222
2023-08-23,LONG,14994.1,14955.9,2023-08-23 09:45:00-04:00,2023-08-23 09:46:00-04:00,15002.6,14955.9,15142.700000000003,2023-08-23 11:14:00-04:00,15142.700000000003,TP,2.9572
2023-08-25,LONG,14907.0,14851.9,2023-08-25 09:53:00-04:00,2023-08-25 09:54:00-04:00,14912.4,14851.9,15093.9,2023-08-25 10:08:00-04:00,14851.9,SL,-1.0331
2023-08-29,LONG,15102.6,15031.5,2023-08-29 09:45:00-04:00,2023-08-29 09:46:00-04:00,15123.8,15031.5,15400.699999999997,2023-08-29 18:03:00-04:00,15400.699999999997,TP,2.9783
2023-08-30,LONG,15416.7,15356.4,2023-08-30 09:54:00-04:00,2023-08-30 09:55:00-04:00,15433.0,15356.4,15662.800000000001,2023-08-30 10:26:00-04:00,15356.4,SL,-1.0261
2023-08-31,LONG,15522.1,15458.1,2023-08-31 09:45:00-04:00,2023-08-31 09:46:00-04:00,15523.4,15458.1,15719.299999999997,2023-09-01 10:56:00-04:00,15458.1,SL,-1.0306
2023-09-04,LONG,15551.8,15531.5,2023-09-04 09:52:00-04:00,2023-09-04 09:53:00-04:00,15554.0,15531.5,15621.5,2023-09-04 10:14:00-04:00,15531.5,SL,-1.0889
2023-09-05,LONG,15485.0,15429.5,2023-09-05 10:24:00-04:00,2023-09-05 10:25:00-04:00,15489.3,15429.5,15668.699999999997,2023-09-06 03:16:00-04:00,15429.5,SL,-1.0334
2023-09-06,LONG,15487.4,15442.5,2023-09-06 09:52:00-04:00,2023-09-06 09:53:00-04:00,15490.1,15442.5,15632.900000000001,2023-09-06 10:00:00-04:00,15442.5,SL,-1.042
2023-09-07,LONG,15222.8,15140.0,2023-09-07 10:40:00-04:00,2023-09-07 10:41:00-04:00,15234.1,15140.0,15516.400000000001,2023-09-14 12:54:00-04:00,15516.400000000001,TP,2.9787
2023-09-14,LONG,15453.3,15398.1,2023-09-14 12:55:00-04:00,2023-09-14 12:56:00-04:00,15517.8,15398.1,15876.899999999996,2023-09-15 09:33:00-04:00,15398.1,SL,-1.0167
2023-09-18,LONG,15259.1,15168.4,2023-09-18 10:17:00-04:00,2023-09-18 10:18:00-04:00,15258.9,15168.4,15530.4,2023-09-19 09:30:00-04:00,15168.4,SL,-1.0221
2023-09-19,LONG,15199.2,15151.4,2023-09-19 13:48:00-04:00,2023-09-19 13:49:00-04:00,15201.4,15151.4,15351.4,2023-09-20 14:00:00-04:00,15151.4,SL,-1.04
2023-09-22,LONG,14773.1,14720.7,2023-09-22 09:47:00-04:00,2023-09-22 09:48:00-04:00,14774.9,14720.7,14937.499999999996,2023-09-22 14:12:00-04:00,14720.7,SL,-1.0369
2023-09-25,LONG,14706.1,14621.9,2023-09-25 09:46:00-04:00,2023-09-25 09:47:00-04:00,14708.9,14621.9,14969.9,2023-09-26 09:51:00-04:00,14621.9,SL,-1.023
2023-09-27,LONG,14640.2,14597.2,2023-09-27 09:46:00-04:00,2023-09-27 09:47:00-04:00,14643.7,14597.2,14783.2,2023-09-27 10:01:00-04:00,14597.2,SL,-1.043
2023-09-28,LONG,14560.5,14507.7,2023-09-28 09:52:00-04:00,2023-09-28 09:53:00-04:00,14561.2,14507.7,14721.7,2023-09-28 11:43:00-04:00,14721.7,TP,2.9626
2023-09-29,LONG,14865.6,14828.9,2023-09-29 09:48:00-04:00,2023-09-29 09:49:00-04:00,14879.7,14828.9,15032.100000000004,2023-09-29 10:24:00-04:00,14828.9,SL,-1.0394
2023-10-02,LONG,14818.2,14705.4,2023-10-02 10:02:00-04:00,2023-10-02 10:03:00-04:00,14832.6,14705.4,15214.200000000003,2023-10-03 08:55:00-04:00,14705.4,SL,-1.0157
2023-10-03,LONG,14781.2,14730.6,2023-10-03 09:49:00-04:00,2023-10-03 09:50:00-04:00,14786.9,14730.6,14955.799999999997,2023-10-03 10:02:00-04:00,14730.6,SL,-1.0355
2023-10-04,LONG,14695.1,14610.1,2023-10-04 10:41:00-04:00,2023-10-04 10:42:00-04:00,14703.2,14610.1,14982.500000000002,2023-10-05 10:38:00-04:00,14610.1,SL,-1.0215
2023-10-06,LONG,14664.9,14567.6,2023-10-06 10:23:00-04:00,2023-10-06 10:24:00-04:00,14671.1,14567.6,14981.6,2023-10-06 14:28:00-04:00,14981.6,TP,2.9807
2023-10-09,LONG,14907.7,14820.7,2023-10-09 09:45:00-04:00,2023-10-09 09:46:00-04:00,14908.2,14820.7,15170.7,2023-10-10 10:32:00-04:00,15170.7,TP,2.9771
2023-10-10,LONG,15099.0,15054.0,2023-10-10 10:33:00-04:00,2023-10-10 10:34:00-04:00,15179.5,15054.0,15556.0,2023-10-13 11:07:00-04:00,15054.0,SL,-1.0159
2023-10-16,LONG,15146.1,15055.5,2023-10-16 10:12:00-04:00,2023-10-16 10:13:00-04:00,15149.0,15055.5,15429.5,2023-10-17 08:59:00-04:00,15055.5,SL,-1.0214
2023-10-17,LONG,15030.4,14991.8,2023-10-17 10:09:00-04:00,2023-10-17 10:10:00-04:00,15030.4,14991.8,15146.2,2023-10-17 11:32:00-04:00,15146.2,TP,2.9482
2023-10-18,LONG,15089.5,15017.1,2023-10-18 10:19:00-04:00,2023-10-18 10:20:00-04:00,15092.6,15017.1,15319.1,2023-10-18 10:35:00-04:00,15017.1,SL,-1.0265
2023-10-19,LONG,15001.8,14914.7,2023-10-19 12:02:00-04:00,2023-10-19 12:03:00-04:00,15006.0,14914.7,15279.899999999998,2023-10-19 12:31:00-04:00,14914.7,SL,-1.0219
2023-10-23,LONG,14531.9,14417.4,2023-10-23 09:55:00-04:00,2023-10-23 09:56:00-04:00,14532.6,14417.4,14878.200000000003,2023-10-25 13:28:00-04:00,14417.4,SL,-1.0174
2023-10-27,LONG,14264.9,14218.7,2023-10-27 10:06:00-04:00,2023-10-27 10:07:00-04:00,14267.7,14218.7,14414.7,2023-10-27 10:09:00-04:00,14218.7,SL,-1.0408
2023-10-30,LONG,14358.5,14256.5,2023-10-30 09:45:00-04:00,2023-10-30 09:46:00-04:00,14368.8,14256.5,14705.699999999997,2023-10-30 10:28:00-04:00,14256.5,SL,-1.0178
2023-10-31,LONG,14351.9,14251.4,2023-10-31 11:00:00-04:00,2023-10-31 11:01:00-04:00,14356.5,14251.4,14671.800000000001,2023-11-01 15:25:00-04:00,14671.800000000001,TP,2.981
2023-11-01,LONG,14494.4,14441.3,2023-11-01 15:26:00-04:00,2023-11-01 15:27:00-04:00,14654.3,14441.3,15293.3,2023-11-07 10:38:00-05:00,15293.3,TP,2.9906
2023-11-07,LONG,15222.3,15159.9,2023-11-07 10:39:00-05:00,2023-11-07 10:40:00-05:00,15293.9,15159.9,15695.9,2023-11-09 19:08:00-05:00,15159.9,SL,-1.0149
2023-11-10,LONG,15317.7,15243.2,2023-11-10 09:52:00-05:00,2023-11-10 09:53:00-05:00,15320.8,15243.2,15553.599999999995,2023-11-14 08:30:00-05:00,15553.599999999995,TP,2.9742
2023-11-14,LONG,15798.7,15734.0,2023-11-14 09:45:00-05:00,2023-11-14 09:46:00-05:00,15802.2,15734.0,16006.800000000003,2023-11-20 13:05:00-05:00,16006.800000000003,TP,2.9707
2023-11-20,LONG,15932.2,15846.2,2023-11-20 13:06:00-05:00,2023-11-20 13:07:00-05:00,16001.2,15846.2,16466.2,2023-11-30 11:46:00-05:00,15846.2,SL,-1.0129
2023-12-01,LONG,15905.5,15844.8,2023-12-01 09:45:00-05:00,2023-12-01 09:46:00-05:00,15907.2,15844.8,16094.400000000005,2023-12-01 10:26:00-05:00,15844.8,SL,-1.0321
2023-12-04,LONG,15852.1,15808.8,2023-12-04 15:50:00-05:00,2023-12-04 15:51:00-05:00,15856.0,15808.8,15997.600000000002,2023-12-04 21:38:00-05:00,15808.8,SL,-1.0424
2023-12-05,LONG,15825.5,15762.3,2023-12-05 09:50:00-05:00,2023-12-05 09:51:00-05:00,15826.5,15762.3,16019.100000000002,2023-12-06 09:30:00-05:00,16019.100000000002,TP,2.9688
2023-12-07,LONG,15962.4,15889.0,2023-12-07 10:21:00-05:00,2023-12-07 10:22:00-05:00,15969.5,15889.0,16211.0,2023-12-08 08:30:00-05:00,15889.0,SL,-1.0248
2023-12-08,LONG,16006.6,15931.9,2023-12-08 10:00:00-05:00,2023-12-08 10:01:00-05:00,16015.2,15931.9,16265.100000000004,2023-12-11 19:20:00-05:00,16265.100000000004,TP,2.976
2023-12-11,LONG,16157.9,16080.7,2023-12-11 19:21:00-05:00,2023-12-11 19:22:00-05:00,16278.3,16080.7,16871.099999999995,2023-12-20 10:21:00-05:00,16871.099999999995,TP,2.9899
2023-12-20,LONG,16841.7,16794.0,2023-12-20 10:22:00-05:00,2023-12-20 10:23:00-05:00,16870.0,16794.0,17098.0,2023-12-20 14:39:00-05:00,16794.0,SL,-1.0263
2023-12-21,LONG,16783.0,16725.9,2023-12-21 15:52:00-05:00,2023-12-21 15:53:00-05:00,16785.6,16725.9,16964.69999999999,2023-12-22 00:58:00-05:00,16725.9,SL,-1.0335
2023-12-22,LONG,16861.8,16816.9,2023-12-22 09:50:00-05:00,2023-12-22 09:51:00-05:00,16867.7,16816.9,17020.1,2023-12-22 11:00:00-05:00,16816.9,SL,-1.0394
2023-12-26,LONG,16888.9,16843.1,2023-12-26 10:25:00-05:00,2023-12-26 10:26:00-05:00,16888.8,16843.1,17025.9,2023-12-29 10:47:00-05:00,16843.1,SL,-1.0438
2024-01-03,LONG,16485.2,16425.7,2024-01-03 09:48:00-05:00,2024-01-03 09:49:00-05:00,16484.9,16425.7,16662.500000000004,2024-01-03 10:12:00-05:00,16425.7,SL,-1.0338
2024-01-04,LONG,16345.8,16289.7,2024-01-04 10:08:00-05:00,2024-01-04 10:09:00-05:00,16353.2,16289.7,16543.7,2024-01-04 15:55:00-05:00,16289.7,SL,-1.0315
2024-01-05,LONG,16341.5,16285.6,2024-01-05 10:00:00-05:00,2024-01-05 10:01:00-05:00,16348.5,16285.6,16537.199999999997,2024-01-05 13:16:00-05:00,16285.6,SL,-1.0318
2024-01-08,LONG,16432.7,16361.9,2024-01-08 09:45:00-05:00,2024-01-08 09:46:00-05:00,16442.3,16361.9,16683.5,2024-01-09 11:56:00-05:00,16683.5,TP,2.9751
2024-01-09,LONG,16571.9,16518.7,2024-01-09 11:57:00-05:00,2024-01-09 11:58:00-05:00,16682.7,16518.7,17174.7,2024-01-19 12:27:00-05:00,17174.7,TP,2.9878
2024-01-19,LONG,17091.2,17049.2,2024-01-19 12:28:00-05:00,2024-01-19 12:29:00-05:00,17165.2,17049.2,17513.2,2024-01-24 01:23:00-05:00,17513.2,TP,2.9828
2024-01-24,LONG,17589.7,17532.1,2024-01-24 10:15:00-05:00,2024-01-24 10:16:00-05:00,17597.5,17532.1,17793.700000000004,2024-01-24 14:23:00-05:00,17532.1,SL,-1.0306
2024-01-25,LONG,17621.6,17571.9,2024-01-25 10:22:00-05:00,2024-01-25 10:23:00-05:00,17625.1,17571.9,17784.69999999999,2024-01-25 12:08:00-05:00,17571.9,SL,-1.0376
2024-01-26,LONG,17469.2,17428.4,2024-01-26 10:28:00-05:00,2024-01-26 10:29:00-05:00,17477.7,17428.4,17625.6,2024-01-26 12:49:00-05:00,17428.4,SL,-1.0406
2024-01-29,LONG,17487.1,17433.2,2024-01-29 12:00:00-05:00,2024-01-29 12:01:00-05:00,17487.8,17433.2,17651.599999999995,2024-01-30 18:01:00-05:00,17433.2,SL,-1.0366
2024-01-31,LONG,17334.7,17264.2,2024-01-31 14:40:00-05:00,2024-01-31 14:41:00-05:00,17337.8,17264.2,17558.599999999995,2024-01-31 15:01:00-05:00,17264.2,SL,-1.0272
2024-02-01,LONG,17247.2,17203.5,2024-02-01 10:08:00-05:00,2024-02-01 10:09:00-05:00,17252.2,17203.5,17398.300000000003,2024-02-01 10:54:00-05:00,17203.5,SL,-1.0411
2024-02-02,LONG,17490.2,17378.6,2024-02-02 09:45:00-05:00,2024-02-02 09:46:00-05:00,17511.5,17378.6,17910.200000000004,2024-02-09 10:34:00-05:00,17910.200000000004,TP,2.985
2024-02-09,LONG,17838.1,17802.9,2024-02-09 10:35:00-05:00,2024-02-09 10:36:00-05:00,17913.3,17802.9,18244.499999999993,2024-02-13 04:47:00-05:00,17802.9,SL,-1.0181
2024-02-13,LONG,17605.2,17527.1,2024-02-13 09:54:00-05:00,2024-02-13 09:55:00-05:00,17617.9,17527.1,17890.30000000001,2024-02-13 14:52:00-05:00,17527.1,SL,-1.022
2024-02-14,LONG,17754.5,17679.2,2024-02-14 10:19:00-05:00,2024-02-14 10:20:00-05:00,17761.2,17679.2,18007.2,2024-02-14 11:00:00-05:00,17679.2,SL,-1.0244
2024-02-15,LONG,17840.2,17776.3,2024-02-15 13:18:00-05:00,2024-02-15 13:19:00-05:00,17846.4,17776.3,18056.700000000008,2024-02-16 09:51:00-05:00,17776.3,SL,-1.0285
2024-02-21,LONG,17463.3,17408.1,2024-02-21 10:04:00-05:00,2024-02-21 10:05:00-05:00,17474.8,17408.1,17674.9,2024-02-21 10:31:00-05:00,17408.1,SL,-1.03
2024-02-22,LONG,17870.5,17817.0,2024-02-22 09:45:00-05:00,2024-02-22 09:46:00-05:00,17883.4,17817.0,18082.600000000006,2024-02-23 09:31:00-05:00,18082.600000000006,TP,2.9699
2024-02-26,LONG,18012.6,17953.4,2024-02-26 11:52:00-05:00,2024-02-26 11:53:00-05:00,18015.9,17953.4,18203.4,2024-02-26 13:34:00-05:00,17953.4,SL,-1.032
2024-02-27,LONG,17993.4,17908.1,2024-02-27 10:19:00-05:00,2024-02-27 10:20:00-05:00,17994.6,17908.1,18254.1,2024-02-27 12:52:00-05:00,17908.1,SL,-1.0231
2024-02-28,LONG,17913.4,17868.6,2024-02-28 11:01:00-05:00,2024-02-28 11:02:00-05:00,17918.6,17868.6,18068.6,2024-02-28 12:39:00-05:00,17868.6,SL,-1.04
2024-02-29,LONG,18036.7,17986.2,2024-02-29 15:48:00-05:00,2024-02-29 15:49:00-05:00,18039.1,17986.2,18197.799999999992,2024-03-01 11:08:00-05:00,18197.799999999992,TP,2.9622
2024-03-01,LONG,18113.5,18063.5,2024-03-01 11:09:00-05:00,2024-03-01 11:10:00-05:00,18193.9,18063.5,18585.100000000006,2024-03-05 09:33:00-05:00,18063.5,SL,-1.0153
2024-03-06,LONG,18109.5,18054.3,2024-03-06 11:56:00-05:00,2024-03-06 11:57:00-05:00,18111.0,18054.3,18281.100000000002,2024-03-06 13:33:00-05:00,18054.3,SL,-1.0353
2024-03-07,LONG,18207.9,18145.9,2024-03-07 10:15:00-05:00,2024-03-07 10:16:00-05:00,18212.9,18145.9,18413.9,2024-03-08 10:13:00-05:00,18413.9,TP,2.9701
2024-03-08,LONG,18343.0,18278.8,2024-03-08 10:14:00-05:00,2024-03-08 10:15:00-05:00,18411.1,18278.8,18807.999999999996,2024-03-08 11:08:00-05:00,18278.8,SL,-1.0151
2024-03-11,LONG,17999.3,17908.9,2024-03-11 10:54:00-04:00,2024-03-11 10:55:00-04:00,18007.1,17908.9,18301.69999999999,2024-03-15 09:28:00-04:00,17908.9,SL,-1.0204
2024-03-18,LONG,18119.5,18052.0,2024-03-18 09:46:00-04:00,2024-03-18 09:47:00-04:00,18124.5,18052.0,18342.0,2024-03-18 11:53:00-04:00,18052.0,SL,-1.0276
2024-03-19,LONG,17930.0,17832.6,2024-03-19 11:32:00-04:00,2024-03-19 11:33:00-04:00,17931.6,17832.6,18228.6,2024-03-20 15:05:00-04:00,18228.6,TP,2.9798
2024-03-20,LONG,18110.6,18027.3,2024-03-20 15:06:00-04:00,2024-03-20 15:07:00-04:00,18242.2,18027.3,18886.900000000005,2024-04-02 10:00:00-04:00,18027.3,SL,-1.0093
2024-04-02,LONG,18101.9,18033.2,2024-04-02 13:02:00-04:00,2024-04-02 13:03:00-04:00,18103.0,18033.2,18312.399999999998,2024-04-04 08:48:00-04:00,18312.399999999998,TP,2.9713
2024-04-05,LONG,18000.9,17920.9,2024-04-05 09:49:00-04:00,2024-04-05 09:50:00-04:00,18003.7,17920.9,18252.1,2024-04-10 08:29:00-04:00,18252.1,TP,2.9758
2024-04-10,LONG,18028.2,17952.4,2024-04-10 09:56:00-04:00,2024-04-10 09:57:00-04:00,18033.4,17952.4,18276.4,2024-04-10 13:08:00-04:00,17952.4,SL,-1.0247
2024-04-11,LONG,18106.1,18056.0,2024-04-11 11:22:00-04:00,2024-04-11 11:23:00-04:00,18108.5,18056.0,18266.0,2024-04-11 13:45:00-04:00,18266.0,TP,2.9619
2024-04-12,LONG,18165.2,18119.5,2024-04-12 09:46:00-04:00,2024-04-12 09:47:00-04:00,18168.2,18119.5,18314.300000000003,2024-04-12 10:07:00-04:00,18119.5,SL,-1.0411
2024-04-16,LONG,17735.1,17682.7,2024-04-16 09:57:00-04:00,2024-04-16 09:58:00-04:00,17744.6,17682.7,17930.299999999992,2024-04-16 10:37:00-04:00,17682.7,SL,-1.0323
2024-04-18,LONG,17531.0,17406.6,2024-04-18 10:35:00-04:00,2024-04-18 10:36:00-04:00,17538.7,17406.6,17935.000000000007,2024-04-18 13:24:00-04:00,17406.6,SL,-1.0151
2024-04-19,LONG,17358.0,17290.0,2024-04-19 09:46:00-04:00,2024-04-19 09:47:00-04:00,17366.0,17290.0,17594.0,2024-04-19 09:52:00-04:00,17290.0,SL,-1.0263
2024-04-22,LONG,17173.5,17130.2,2024-04-22 09:48:00-04:00,2024-04-22 09:49:00-04:00,17189.5,17130.2,17367.399999999998,2024-04-22 10:14:00-04:00,17130.2,SL,-1.0337
2024-04-23,LONG,17346.6,17282.9,2024-04-23 09:45:00-04:00,2024-04-23 09:46:00-04:00,17383.4,17282.9,17684.9,2024-04-25 02:31:00-04:00,17282.9,SL,-1.0199
2024-04-25,LONG,17249.8,17184.1,2024-04-25 09:46:00-04:00,2024-04-25 09:47:00-04:00,17252.8,17184.1,17458.9,2024-04-25 15:18:00-04:00,17458.9,TP,2.9709
2024-04-26,LONG,17640.2,17544.5,2024-04-26 09:50:00-04:00,2024-04-26 09:51:00-04:00,17659.0,17544.5,18002.5,2024-04-30 15:52:00-04:00,17544.5,SL,-1.0175
2024-05-01,LONG,17411.5,17362.2,2024-05-01 14:04:00-04:00,2024-05-01 14:05:00-04:00,17411.6,17362.2,17559.799999999992,2024-05-01 14:10:00-04:00,17362.2,SL,-1.0405
2024-05-02,LONG,17493.4,17411.0,2024-05-02 13:28:00-04:00,2024-05-02 13:29:00-04:00,17495.5,17411.0,17749.0,2024-05-03 08:30:00-04:00,17749.0,TP,2.9763
2024-05-03,LONG,17874.1,17817.1,2024-05-03 09:45:00-04:00,2024-05-03 09:46:00-04:00,17888.2,17817.1,18101.500000000007,2024-05-03 10:13:00-04:00,17817.1,SL,-1.0281
2024-05-06,LONG,18003.3,17945.6,2024-05-06 09:51:00-04:00,2024-05-06 09:52:00-04:00,18004.8,17945.6,18182.4,2024-05-10 03:03:00-04:00,18182.4,TP,2.9662
2024-05-10,LONG,18238.4,18164.5,2024-05-10 09:48:00-04:00,2024-05-10 09:49:00-04:00,18246.5,18164.5,18492.5,2024-05-10 10:19:00-04:00,18164.5,SL,-1.0244
2024-05-14,LONG,18234.5,18183.6,2024-05-14 09:45:00-04:00,2024-05-14 09:46:00-04:00,18237.5,18183.6,18399.200000000004,2024-05-15 08:30:00-04:00,18399.200000000004,TP,2.9629
2024-05-15,LONG,18448.5,18408.5,2024-05-15 10:20:00-04:00,2024-05-15 10:21:00-04:00,18450.5,18408.5,18576.5,2024-05-15 13:37:00-04:00,18576.5,TP,2.9524
2024-05-16,LONG,18617.6,18590.1,2024-05-16 09:47:00-04:00,2024-05-16 09:48:00-04:00,18618.3,18590.1,18702.9,2024-05-16 13:25:00-04:00,18590.1,SL,-1.0709
2024-05-17,LONG,18587.7,18559.6,2024-05-17 10:33:00-04:00,2024-05-17 10:34:00-04:00,18590.9,18559.6,18684.80000000001,2024-05-17 11:04:00-04:00,18559.6,SL,-1.0639
2024-05-20,LONG,18640.4,18565.4,2024-05-20 09:45:00-04:00,2024-05-20 09:46:00-04:00,18640.4,18565.4,18865.4,2024-05-22 22:56:00-04:00,18865.4,TP,2.9733
2024-05-22,LONG,18761.0,18724.0,2024-05-22 22:57:00-04:00,2024-05-22 22:58:00-04:00,18868.5,18724.0,19302.0,2024-05-23 13:38:00-04:00,18724.0,SL,-1.0138
2024-05-24,LONG,18720.2,18677.7,2024-05-24 09:45:00-04:00,2024-05-24 09:46:00-04:00,18724.0,18677.7,18862.899999999998,2024-05-24 09:54:00-04:00,18677.7,SL,-1.0432
2024-05-27,LONG,18863.4,18830.6,2024-05-27 10:58:00-04:00,2024-05-27 10:59:00-04:00,18864.1,18830.6,18964.6,2024-05-28 09:44:00-04:00,18830.6,SL,-1.0597
2024-05-28,LONG,18891.7,18824.9,2024-05-28 12:45:00-04:00,2024-05-28 12:46:00-04:00,18892.9,18824.9,19096.9,2024-05-28 14:30:00-04:00,18824.9,SL,-1.0294
2024-05-29,LONG,18778.1,18722.1,2024-05-29 09:50:00-04:00,2024-05-29 09:51:00-04:00,18795.6,18722.1,19016.1,2024-05-29 18:01:00-04:00,18722.1,SL,-1.0272
2024-06-04,LONG,18629.0,18561.2,2024-06-04 10:01:00-04:00,2024-06-04 10:02:00-04:00,18639.2,18561.2,18873.2,2024-06-04 10:14:00-04:00,18561.2,SL,-1.0256
2024-06-05,LONG,18832.4,18794.9,2024-06-05 09:52:00-04:00,2024-06-05 09:53:00-04:00,18837.4,18794.9,18964.9,2024-06-05 10:00:00-04:00,18794.9,SL,-1.0471
2024-06-07,LONG,19025.6,18978.6,2024-06-07 09:51:00-04:00,2024-06-07 09:52:00-04:00,19042.3,18978.6,19233.4,2024-06-10 05:21:00-04:00,18978.6,SL,-1.0314
2024-06-10,LONG,19016.2,18971.5,2024-06-10 10:21:00-04:00,2024-06-10 10:22:00-04:00,19017.5,18971.5,19155.5,2024-06-11 13:54:00-04:00,19155.5,TP,2.9565
2024-06-11,LONG,19083.7,19042.9,2024-06-11 13:55:00-04:00,2024-06-11 13:56:00-04:00,19156.2,19042.9,19496.1,2024-06-12 09:50:00-04:00,19496.1,TP,2.9823
2024-06-12,LONG,19479.3,19373.8,2024-06-12 09:51:00-04:00,2024-06-12 09:52:00-04:00,19499.1,19373.8,19874.999999999996,2024-06-17 13:15:00-04:00,19874.999999999996,TP,2.984
2024-06-17,LONG,19723.0,19678.5,2024-06-17 13:16:00-04:00,2024-06-17 13:17:00-04:00,19889.3,19678.5,20521.699999999997,2024-06-21 09:52:00-04:00,19678.5,SL,-1.0095
2024-06-21,LONG,19790.1,19735.6,2024-06-21 11:19:00-04:00,2024-06-21 11:20:00-04:00,19796.5,19735.6,19979.200000000004,2024-06-21 13:20:00-04:00,19735.6,SL,-1.0328
2024-06-24,LONG,19731.8,19655.7,2024-06-24 10:01:00-04:00,2024-06-24 10:02:00-04:00,19754.2,19655.7,20049.7,2024-06-24 10:29:00-04:00,19655.7,SL,-1.0203
2024-06-25,LONG,19611.2,19563.9,2024-06-25 09:47:00-04:00,2024-06-25 09:48:00-04:00,19616.9,19563.9,19775.9,2024-06-25 21:25:00-04:00,19775.9,TP,2.9623
2024-06-26,LONG,19730.7,19695.6,2024-06-26 09:45:00-04:00,2024-06-26 09:46:00-04:00,19734.8,19695.6,19852.4,2024-06-26 11:11:00-04:00,19695.6,SL,-1.051
2024-06-27,LONG,19877.5,19767.5,2024-06-27 10:14:00-04:00,2024-06-27 10:15:00-04:00,19890.2,19767.5,20258.300000000003,2024-06-27 11:28:00-04:00,19767.5,SL,-1.0163
2024-06-28,LONG,19887.4,19822.9,2024-06-28 09:45:00-04:00,2024-06-28 09:46:00-04:00,19892.5,19822.9,20101.299999999996,2024-06-28 12:16:00-04:00,19822.9,SL,-1.0287
2024-07-01,LONG,19774.6,19701.3,2024-07-01 12:08:00-04:00,2024-07-01 12:09:00-04:00,19778.7,19701.3,20010.900000000005,2024-07-02 14:06:00-04:00,20010.900000000005,TP,2.9742
2024-07-02,LONG,19876.1,19772.3,2024-07-02 14:07:00-04:00,2024-07-02 14:08:00-04:00,20004.7,19772.3,20701.900000000005,2024-07-10 15:48:00-04:00,20701.900000000005,TP,2.9914
2024-07-10,LONG,20576.6,20530.2,2024-07-10 15:49:00-04:00,2024-07-10 15:50:00-04:00,20706.1,20530.2,21233.799999999992,2024-07-11 10:18:00-04:00,20530.2,SL,-1.0114
2024-07-12,LONG,20289.3,20237.0,2024-07-12 09:48:00-04:00,2024-07-12 09:49:00-04:00,20295.0,20237.0,20469.0,2024-07-12 10:52:00-04:00,20469.0,TP,2.9655
2024-07-15,LONG,20486.4,20416.1,2024-07-15 10:09:00-04:00,2024-07-15 10:10:00-04:00,20492.2,20416.1,20720.500000000007,2024-07-15 13:01:00-04:00,20416.1,SL,-1.0263
2024-07-22,LONG,19819.6,19723.6,2024-07-22 09:46:00-04:00,2024-07-22 09:47:00-04:00,19838.8,19723.6,20184.4,2024-07-22 11:16:00-04:00,19723.6,SL,-1.0174
2024-07-23,LONG,19877.6,19779.0,2024-07-23 10:21:00-04:00,2024-07-23 10:22:00-04:00,19887.8,19779.0,20214.199999999997,2024-07-23 10:51:00-04:00,19779.0,SL,-1.0184
2024-07-25,LONG,19080.0,18962.5,2024-07-25 11:12:00-04:00,2024-07-25 11:13:00-04:00,19089.9,18962.5,19472.100000000006,2024-07-25 15:46:00-04:00,18962.5,SL,-1.0157
2024-07-26,LONG,19025.8,18940.8,2024-07-26 10:00:00-04:00,2024-07-26 10:01:00-04:00,19026.1,18940.8,19281.999999999996,2024-07-26 10:06:00-04:00,18940.8,SL,-1.0234
2024-07-29,LONG,19213.9,19093.9,2024-07-29 09:45:00-04:00,2024-07-29 09:46:00-04:00,19229.1,19093.9,19634.69999999999,2024-07-29 10:59:00-04:00,19093.9,SL,-1.0148
2024-07-31,LONG,19287.7,19187.4,2024-07-31 10:01:00-04:00,2024-07-31 10:02:00-04:00,19294.9,19187.4,19617.4,2024-08-01 11:01:00-04:00,19187.4,SL,-1.0186
2024-08-05,LONG,17767.4,17400.7,2024-08-05 09:47:00-04:00,2024-08-05 09:48:00-04:00,17801.4,17400.7,19003.500000000004,2024-08-13 15:48:00-04:00,19003.500000000004,TP,2.995
2024-08-13,LONG,18799.0,18730.0,2024-08-13 15:49:00-04:00,2024-08-13 15:50:00-04:00,19011.1,18730.0,19854.399999999994,2024-08-20 03:36:00-04:00,19854.399999999994,TP,2.9929
2024-08-20,LONG,19801.8,19743.0,2024-08-20 09:48:00-04:00,2024-08-20 09:49:00-04:00,19807.8,19743.0,20002.199999999997,2024-08-20 10:17:00-04:00,19743.0,SL,-1.0309
2024-08-21,LONG,19788.8,19742.8,2024-08-21 09:46:00-04:00,2024-08-21 09:47:00-04:00,19798.1,19742.8,19963.999999999996,2024-08-21 10:52:00-04:00,19742.8,SL,-1.0362
2024-08-23,LONG,19696.1,19640.4,2024-08-23 10:00:00-04:00,2024-08-23 10:01:00-04:00,19753.2,19640.4,20091.6,2024-08-23 10:48:00-04:00,19640.4,SL,-1.0177
2024-08-27,LONG,19484.7,19401.7,2024-08-27 09:53:00-04:00,2024-08-27 09:54:00-04:00,19499.9,19401.7,19794.500000000004,2024-08-28 11:00:00-04:00,19401.7,SL,-1.0204
2024-08-29,LONG,19565.2,19430.5,2024-08-29 09:49:00-04:00,2024-08-29 09:50:00-04:00,19566.2,19430.5,19973.300000000003,2024-08-29 14:30:00-04:00,19430.5,SL,-1.0147
2024-08-30,LONG,19532.7,19470.2,2024-08-30 09:45:00-04:00,2024-08-30 09:46:00-04:00,19538.7,19470.2,19744.2,2024-08-30 10:57:00-04:00,19470.2,SL,-1.0292
2024-09-02,LONG,19610.4,19580.5,2024-09-02 09:45:00-04:00,2024-09-02 09:46:00-04:00,19612.4,19580.5,19708.100000000006,2024-09-02 10:02:00-04:00,19580.5,SL,-1.0627
2024-09-04,LONG,18933.2,18827.7,2024-09-04 09:45:00-04:00,2024-09-04 09:46:00-04:00,18935.6,18827.7,19259.299999999992,2024-09-04 10:00:00-04:00,18827.7,SL,-1.0185
2024-09-05,LONG,19002.7,18855.8,2024-09-05 09:54:00-04:00,2024-09-05 09:55:00-04:00,19006.2,18855.8,19457.400000000005,2024-09-05 11:25:00-04:00,18855.8,SL,-1.0133
2024-09-09,LONG,18657.4,18589.4,2024-09-09 09:58:00-04:00,2024-09-09 09:59:00-04:00,18675.2,18589.4,18932.6,2024-09-09 10:30:00-04:00,18589.4,SL,-1.0233
2024-09-10,LONG,18806.3,18706.7,2024-09-10 14:01:00-04:00,2024-09-10 14:02:00-04:00,18814.6,18706.7,19138.299999999992,2024-09-11 01:19:00-04:00,18706.7,SL,-1.0185
2024-09-11,LONG,18891.1,18795.8,2024-09-11 12:28:00-04:00,2024-09-11 12:29:00-04:00,18892.6,18795.8,19182.999999999996,2024-09-11 15:25:00-04:00,19182.999999999996,TP,2.9793
2024-09-12,LONG,19280.2,19201.6,2024-09-12 10:12:00-04:00,2024-09-12 10:13:00-04:00,19288.3,19201.6,19548.4,2024-09-13 12:01:00-04:00,19548.4,TP,2.9769
2024-09-13,LONG,19491.8,19389.6,2024-09-13 12:02:00-04:00,2024-09-13 12:03:00-04:00,19540.6,19389.6,19993.6,2024-09-16 09:32:00-04:00,19389.6,SL,-1.0132
2024-09-16,LONG,19438.5,19327.0,2024-09-16 09:54:00-04:00,2024-09-16 09:55:00-04:00,19439.5,19327.0,19777.0,2024-09-16 10:34:00-04:00,19327.0,SL,-1.0178
2024-09-17,LONG,19593.2,19524.8,2024-09-17 10:45:00-04:00,2024-09-17 10:46:00-04:00,19604.8,19524.8,19844.8,2024-09-17 10:59:00-04:00,19524.8,SL,-1.025
2024-09-18,LONG,19504.5,19437.7,2024-09-18 14:00:00-04:00,2024-09-18 14:01:00-04:00,19618.9,19437.7,20162.500000000004,2024-09-18 15:01:00-04:00,19437.7,SL,-1.011
2024-09-19,LONG,19853.6,19784.8,2024-09-19 10:18:00-04:00,2024-09-19 10:19:00-04:00,19862.8,19784.8,20096.8,2024-09-20 06:07:00-04:00,19784.8,SL,-1.0256
2024-09-23,LONG,19873.9,19820.2,2024-09-23 09:49:00-04:00,2024-09-23 09:50:00-04:00,19890.3,19820.2,20100.599999999995,2024-09-23 13:01:00-04:00,19820.2,SL,-1.0285
2024-09-24,LONG,19944.1,19889.4,2024-09-24 11:46:00-04:00,2024-09-24 11:47:00-04:00,19948.9,19889.4,20127.4,2024-09-25 01:48:00-04:00,19889.4,SL,-1.0336
2024-09-25,LONG,19999.8,19933.3,2024-09-25 09:56:00-04:00,2024-09-25 09:57:00-04:00,20016.0,19933.3,20264.100000000002,2024-09-26 03:00:00-04:00,20264.100000000002,TP,2.9758
2024-09-30,LONG,20064.6,19974.9,2024-09-30 15:55:00-04:00,2024-09-30 15:56:00-04:00,20078.9,19974.9,20390.9,2024-10-01 09:34:00-04:00,19974.9,SL,-1.0192
2024-10-02,LONG,19773.7,19644.2,2024-10-02 10:11:00-04:00,2024-10-02 10:12:00-04:00,19777.7,19644.2,20178.2,2024-10-09 10:27:00-04:00,20178.2,TP,2.985
2024-10-09,LONG,20128.8,20069.3,2024-10-09 10:28:00-04:00,2024-10-09 10:29:00-04:00,20181.5,20069.3,20518.100000000002,2024-10-14 10:00:00-04:00,20518.100000000002,TP,2.9822
2024-10-14,LONG,20452.7,20385.3,2024-10-14 10:01:00-04:00,2024-10-14 10:02:00-04:00,20504.4,20385.3,20861.700000000008,2024-10-14 11:01:00-04:00,20385.3,SL,-1.0168
2024-10-16,LONG,20207.4,20088.7,2024-10-16 14:22:00-04:00,2024-10-16 14:23:00-04:00,20210.1,20088.7,20574.299999999992,2024-10-23 13:02:00-04:00,20088.7,SL,-1.0165
2024-10-24,LONG,20246.9,20183.7,2024-10-24 13:04:00-04:00,2024-10-24 13:05:00-04:00,20249.9,20183.7,20448.500000000004,2024-10-25 09:43:00-04:00,20448.500000000004,TP,2.9698
2024-10-25,LONG,20459.6,20363.5,2024-10-25 09:45:00-04:00,2024-10-25 09:46:00-04:00,20464.3,20363.5,20766.699999999997,2024-10-25 13:44:00-04:00,20363.5,SL,-1.0198
2024-10-29,LONG,20413.5,20321.5,2024-10-29 10:03:00-04:00,2024-10-29 10:04:00-04:00,20422.3,20321.5,20724.699999999997,2024-10-30 18:24:00-04:00,20321.5,SL,-1.0198
2024-11-01,LONG,20056.5,19950.3,2024-11-01 09:55:00-04:00,2024-11-01 09:56:00-04:00,20061.8,19950.3,20396.3,2024-11-04 09:34:00-05:00,19950.3,SL,-1.0179
2024-11-04,LONG,20043.5,19916.2,2024-11-04 10:01:00-05:00,2024-11-04 10:02:00-05:00,20046.7,19916.2,20438.2,2024-11-05 21:38:00-05:00,20438.2,TP,2.9847
2024-11-05,LONG,20146.4,20052.4,2024-11-05 21:39:00-05:00,2024-11-05 21:40:00-05:00,20449.4,20052.4,21640.4,2024-12-06 13:11:00-05:00,21640.4,TP,2.995
2024-12-06,LONG,21536.9,21469.4,2024-12-06 13:12:00-05:00,2024-12-06 13:13:00-05:00,21640.7,21469.4,22154.6,2024-12-09 11:06:00-05:00,21469.4,SL,-1.0117
2024-12-10,LONG,21571.1,21500.6,2024-12-10 09:45:00-05:00,2024-12-10 09:46:00-05:00,21578.9,21500.6,21813.80000000001,2024-12-10 10:58:00-05:00,21500.6,SL,-1.0255
2024-12-11,LONG,21636.6,21570.6,2024-12-11 09:45:00-05:00,2024-12-11 09:46:00-05:00,21651.4,21570.6,21893.80000000001,2024-12-13 09:43:00-05:00,21893.80000000001,TP,2.9752
2024-12-13,LONG,21908.9,21806.1,2024-12-13 09:45:00-05:00,2024-12-13 09:46:00-05:00,21915.1,21806.1,22242.1,2024-12-13 10:38:00-05:00,21806.1,SL,-1.0183
2024-12-16,LONG,22009.4,21955.6,2024-12-16 09:53:00-05:00,2024-12-16 09:54:00-05:00,22016.2,21955.6,22198.000000000007,2024-12-16 14:17:00-05:00,22198.000000000007,TP,2.967
2024-12-17,LONG,22139.4,22055.8,2024-12-17 11:35:00-05:00,2024-12-17 11:36:00-05:00,22142.4,22055.8,22402.200000000008,2024-12-17 14:24:00-05:00,22055.8,SL,-1.0231
2024-12-18,LONG,22082.1,21992.8,2024-12-18 10:05:00-05:00,2024-12-18 10:06:00-05:00,22084.8,21992.8,22360.8,2024-12-18 14:01:00-05:00,21992.8,SL,-1.0217
2024-12-20,LONG,21098.3,20974.8,2024-12-20 10:05:00-05:00,2024-12-20 10:06:00-05:00,21108.8,20974.8,21510.8,2024-12-20 11:36:00-05:00,21510.8,TP,2.9851
2024-12-23,LONG,21468.6,21401.6,2024-12-23 11:43:00-05:00,2024-12-23 11:44:00-05:00,21473.1,21401.6,21687.6,2024-12-24 09:56:00-05:00,21687.6,TP,2.972
2024-12-24,LONG,21671.1,21595.8,2024-12-24 09:57:00-05:00,2024-12-24 09:58:00-05:00,21687.6,21595.8,21962.999999999996,2024-12-27 09:33:00-05:00,21595.8,SL,-1.0218
2024-12-30,LONG,21229.5,21126.4,2024-12-30 11:20:00-05:00,2024-12-30 11:21:00-05:00,21235.9,21126.4,21564.4,2024-12-31 11:19:00-05:00,21126.4,SL,-1.0183
2025-01-02,LONG,21192.9,20989.6,2025-01-02 09:54:00-05:00,2025-01-02 09:55:00-05:00,21200.6,20989.6,21833.6,2025-01-02 12:29:00-05:00,20989.6,SL,-1.0095
2025-01-03,LONG,21251.2,21099.6,2025-01-03 11:30:00-05:00,2025-01-03 11:31:00-05:00,21257.3,21099.6,21730.4,2025-01-08 07:20:00-05:00,21099.6,SL,-1.0127
2025-01-08,LONG,21219.5,21126.2,2025-01-08 10:02:00-05:00,2025-01-08 10:03:00-05:00,21226.9,21126.2,21529.000000000004,2025-01-08 10:12:00-05:00,21126.2,SL,-1.0199
2025-01-13,LONG,20637.9,20555.6,2025-01-13 09:53:00-05:00,2025-01-13 09:54:00-05:00,20642.6,20555.6,20903.6,2025-01-13 18:12:00-05:00,20903.6,TP,2.977
2025-01-15,LONG,21161.4,21041.7,2025-01-15 09:46:00-05:00,2025-01-15 09:47:00-05:00,21161.7,21041.7,21521.7,2025-01-16 16:21:00-05:00,21041.7,SL,-1.0167
2025-01-17,LONG,21502.6,21349.3,2025-01-17 13:11:00-05:00,2025-01-17 13:12:00-05:00,21512.3,21349.3,22001.3,2025-01-20 19:58:00-05:00,21349.3,SL,-1.0123
2025-01-21,LONG,21586.2,21458.7,2025-01-21 12:46:00-05:00,2025-01-21 12:47:00-05:00,21587.5,21458.7,21973.899999999998,2025-01-26 19:57:00-05:00,21458.7,SL,-1.0155
2025-01-27,LONG,21186.9,20996.4,2025-01-27 09:47:00-05:00,2025-01-27 09:48:00-05:00,21192.9,20996.4,21782.4,2025-01-27 14:50:00-05:00,20996.4,SL,-1.0102
2025-01-28,LONG,21209.1,21064.1,2025-01-28 10:01:00-05:00,2025-01-28 10:02:00-05:00,21230.1,21064.1,21728.1,2025-01-31 09:31:00-05:00,21728.1,TP,2.988
2025-01-31,LONG,21732.0,21660.3,2025-01-31 09:52:00-05:00,2025-01-31 09:53:00-05:00,21734.8,21660.3,21958.3,2025-01-31 13:34:00-05:00,21660.3,SL,-1.0268
2025-02-03,LONG,21217.8,21083.5,2025-02-03 10:25:00-05:00,2025-02-03 10:26:00-05:00,21233.2,21083.5,21682.300000000003,2025-02-05 16:00:00-05:00,21682.300000000003,TP,2.9866
2025-02-05,LONG,21496.3,21428.6,2025-02-05 16:01:00-05:00,2025-02-05 16:02:00-05:00,21669.1,21428.6,22390.6,2025-02-09 18:01:00-05:00,21428.6,SL,-1.0083
2025-02-10,LONG,21720.1,21662.3,2025-02-10 09:46:00-05:00,2025-02-10 09:47:00-05:00,21721.6,21662.3,21899.499999999996,2025-02-11 02:58:00-05:00,21662.3,SL,-1.0337
2025-02-11,LONG,21716.2,21620.9,2025-02-11 09:52:00-05:00,2025-02-11 09:53:00-05:00,21717.7,21620.9,22008.1,2025-02-12 08:30:00-05:00,21620.9,SL,-1.0207
2025-02-12,LONG,21591.5,21460.5,2025-02-12 09:46:00-05:00,2025-02-12 09:47:00-05:00,21600.0,21460.5,22018.5,2025-02-13 15:20:00-05:00,22018.5,TP,2.9857
2025-02-13,LONG,21876.7,21761.7,2025-02-13 15:21:00-05:00,2025-02-13 15:22:00-05:00,22014.0,21761.7,22770.899999999998,2025-02-21 13:03:00-05:00,21761.7,SL,-1.0079
2025-02-26,LONG,21225.8,21142.6,2025-02-26 09:49:00-05:00,2025-02-26 09:50:00-05:00,21228.2,21142.6,21485.000000000007,2025-02-26 13:29:00-05:00,21142.6,SL,-1.0234
2025-02-28,LONG,20597.7,20421.6,2025-02-28 10:10:00-05:00,2025-02-28 10:11:00-05:00,20617.3,20421.6,21204.4,2025-03-03 15:12:00-05:00,20421.6,SL,-1.0102
2025-03-04,LONG,20405.9,20237.7,2025-03-04 13:10:00-05:00,2025-03-04 13:11:00-05:00,20435.8,20237.7,21030.099999999995,2025-03-05 11:11:00-05:00,20237.7,SL,-1.0101
2025-03-05,LONG,20430.0,20292.7,2025-03-05 12:23:00-05:00,2025-03-05 12:24:00-05:00,20433.5,20292.7,20855.899999999998,2025-03-06 08:19:00-05:00,20292.7,SL,-1.0142
2025-03-06,LONG,20296.1,20206.3,2025-03-06 09:50:00-05:00,2025-03-06 09:51:00-05:00,20299.8,20206.3,20580.3,2025-03-06 12:03:00-05:00,20206.3,SL,-1.0214
2025-03-07,LONG,20163.4,19998.2,2025-03-07 09:48:00-05:00,2025-03-07 09:49:00-05:00,20168.9,19998.2,20681.000000000004,2025-03-07 10:31:00-05:00,19998.2,SL,-1.0117
2025-03-11,LONG,19544.1,19381.7,2025-03-11 09:48:00-04:00,2025-03-11 09:49:00-04:00,19561.6,19381.7,20101.299999999992,2025-03-11 10:04:00-04:00,19381.7,SL,-1.0111
2025-03-14,LONG,19590.5,19446.3,2025-03-14 09:50:00-04:00,2025-03-14 09:51:00-04:00,19607.5,19446.3,20091.100000000002,2025-03-14 10:00:00-04:00,19446.3,SL,-1.0124
2025-03-17,LONG,19855.6,19692.9,2025-03-17 14:11:00-04:00,2025-03-17 14:12:00-04:00,19863.0,19692.9,20373.299999999996,2025-03-18 09:00:00-04:00,19692.9,SL,-1.0118
2025-03-19,LONG,19613.5,19506.8,2025-03-19 09:54:00-04:00,2025-03-19 09:55:00-04:00,19631.0,19506.8,20003.600000000002,2025-03-21 08:43:00-04:00,19506.8,SL,-1.0161
2025-03-21,LONG,19519.9,19415.4,2025-03-21 09:50:00-04:00,2025-03-21 09:51:00-04:00,19526.6,19415.4,19860.19999999999,2025-03-23 18:15:00-04:00,19860.19999999999,TP,2.982
2025-03-24,LONG,20104.1,20042.4,2025-03-24 09:46:00-04:00,2025-03-24 09:47:00-04:00,20111.8,20042.4,20319.999999999993,2025-03-25 16:07:00-04:00,20319.999999999993,TP,2.9712
2025-03-25,LONG,20242.7,20184.2,2025-03-25 16:08:00-04:00,2025-03-25 16:09:00-04:00,20320.0,20184.2,20727.399999999998,2025-03-26 09:53:00-04:00,20184.2,SL,-1.0147
2025-03-27,LONG,19892.6,19761.6,2025-03-27 09:55:00-04:00,2025-03-27 09:56:00-04:00,19897.7,19761.6,20306.000000000007,2025-03-27 20:04:00-04:00,19761.6,SL,-1.0147
2025-03-31,LONG,19023.0,18838.1,2025-03-31 11:22:00-04:00,2025-03-31 11:23:00-04:00,19026.0,18838.1,19589.700000000004,2025-04-02 12:29:00-04:00,19589.700000000004,TP,2.9894
2025-04-02,LONG,19368.4,19153.5,2025-04-02 12:30:00-04:00,2025-04-02 12:31:00-04:00,19600.5,19153.5,20941.5,2025-04-02 16:36:00-04:00,19153.5,SL,-1.0045
2025-04-07,LONG,16844.0,16540.5,2025-04-07 09:50:00-04:00,2025-04-07 09:51:00-04:00,16841.2,16540.5,17743.300000000003,2025-04-07 10:13:00-04:00,17743.300000000003,TP,2.9933
2025-04-08,LONG,18064.8,17924.5,2025-04-08 09:46:00-04:00,2025-04-08 09:47:00-04:00,18068.3,17924.5,18499.699999999997,2025-04-08 11:12:00-04:00,17924.5,SL,-1.0139
2025-04-09,LONG,17429.0,17076.1,2025-04-09 10:02:00-04:00,2025-04-09 10:03:00-04:00,17429.4,17076.1,18489.30000000001,2025-04-09 13:26:00-04:00,18489.30000000001,TP,2.9943
2025-04-11,LONG,18435.0,18221.0,2025-04-11 09:46:00-04:00,2025-04-11 09:47:00-04:00,18458.5,18221.0,19171.0,2025-04-11 10:21:00-04:00,18221.0,SL,-1.0084
2025-04-15,LONG,18955.1,18839.6,2025-04-15 09:48:00-04:00,2025-04-15 09:49:00-04:00,18969.1,18839.6,19357.6,2025-04-15 10:19:00-04:00,18839.6,SL,-1.0154
2025-04-16,LONG,18551.6,18448.8,2025-04-16 11:24:00-04:00,2025-04-16 11:25:00-04:00,18580.4,18448.8,18975.200000000008,2025-04-16 12:00:00-04:00,18448.8,SL,-1.0152
2025-04-17,LONG,18388.0,18265.8,2025-04-17 14:20:00-04:00,2025-04-17 14:21:00-04:00,18390.8,18265.8,18765.8,2025-04-17 15:13:00-04:00,18265.8,SL,-1.016
2025-04-22,LONG,18104.0,17994.8,2025-04-22 09:45:00-04:00,2025-04-22 09:46:00-04:00,18136.3,17994.8,18560.8,2025-04-22 18:01:00-04:00,18560.8,TP,2.9859
2025-04-23,LONG,19002.3,18810.6,2025-04-23 09:51:00-04:00,2025-04-23 09:52:00-04:00,19007.8,18810.6,19599.4,2025-04-23 11:23:00-04:00,18810.6,SL,-1.0101
2025-04-24,LONG,18853.3,18739.8,2025-04-24 09:45:00-04:00,2025-04-24 09:46:00-04:00,18858.1,18739.8,19212.999999999996,2025-04-24 14:50:00-04:00,19212.999999999996,TP,2.9831
2025-04-25,LONG,19254.5,19151.0,2025-04-25 10:09:00-04:00,2025-04-25 10:10:00-04:00,19267.5,19151.0,19617.0,2025-04-25 10:23:00-04:00,19151.0,SL,-1.0172
2025-04-28,LONG,19497.0,19382.5,2025-04-28 09:45:00-04:00,2025-04-28 09:46:00-04:00,19500.3,19382.5,19853.699999999997,2025-04-28 09:58:00-04:00,19382.5,SL,-1.017
2025-04-29,LONG,19378.9,19306.2,2025-04-29 09:45:00-04:00,2025-04-29 09:46:00-04:00,19396.9,19306.2,19669.000000000004,2025-04-30 08:31:00-04:00,19306.2,SL,-1.0221
2025-04-30,LONG,19204.2,19038.0,2025-04-30 10:29:00-04:00,2025-04-30 10:30:00-04:00,19207.5,19038.0,19716.0,2025-04-30 16:24:00-04:00,19716.0,TP,2.9882
2025-05-01,LONG,19890.7,19789.5,2025-05-01 09:51:00-04:00,2025-05-01 09:52:00-04:00,19893.0,19789.5,20203.5,2025-05-01 09:59:00-04:00,19789.5,SL,-1.0193
2025-05-02,LONG,20027.2,19933.7,2025-05-02 10:05:00-04:00,2025-05-02 10:06:00-04:00,20029.9,19933.7,20318.500000000004,2025-05-04 21:45:00-04:00,19933.7,SL,-1.0208
2025-05-05,LONG,19963.8,19895.8,2025-05-05 09:56:00-04:00,2025-05-05 09:57:00-04:00,19964.7,19895.8,20171.400000000005,2025-05-05 20:26:00-04:00,19895.8,SL,-1.029
2025-05-06,LONG,19778.7,19692.2,2025-05-06 10:19:00-04:00,2025-05-06 10:20:00-04:00,19782.2,19692.2,20052.2,2025-05-07 14:06:00-04:00,19692.2,SL,-1.0222
2025-05-07,LONG,19853.2,19783.5,2025-05-07 15:42:00-04:00,2025-05-07 15:43:00-04:00,19929.2,19783.5,20366.300000000003,2025-05-07 15:50:00-04:00,19783.5,SL,-1.0137
2025-05-08,LONG,20094.1,20015.7,2025-05-08 11:28:00-04:00,2025-05-08 11:29:00-04:00,20113.8,20015.7,20408.099999999995,2025-05-08 20:28:00-04:00,20015.7,SL,-1.0204
2025-05-12,LONG,20841.2,20670.0,2025-05-12 13:08:00-04:00,2025-05-12 13:09:00-04:00,20845.0,20670.0,21370.0,2025-05-15 11:44:00-04:00,21370.0,TP,2.9886
2025-05-15,LONG,21265.3,21202.1,2025-05-15 11:45:00-04:00,2025-05-15 11:46:00-04:00,21368.1,21202.1,21866.1,2025-05-18 20:43:00-04:00,21202.1,SL,-1.012
2025-05-19,LONG,21267.7,21137.7,2025-05-19 09:45:00-04:00,2025-05-19 09:46:00-04:00,21271.2,21137.7,21671.7,2025-05-21 13:29:00-04:00,21137.7,SL,-1.015
2025-05-22,LONG,21168.0,21064.5,2025-05-22 09:52:00-04:00,2025-05-22 09:53:00-04:00,21189.0,21064.5,21562.5,2025-05-23 02:10:00-04:00,21064.5,SL,-1.0161
2025-05-23,LONG,20903.8,20772.8,2025-05-23 10:12:00-04:00,2025-05-23 10:13:00-04:00,20925.5,20772.8,21383.600000000002,2025-05-27 12:23:00-04:00,21383.600000000002,TP,2.9869
2025-05-27,LONG,21245.1,21157.1,2025-05-27 12:24:00-04:00,2025-05-27 12:25:00-04:00,21382.4,21157.1,22058.30000000001,2025-05-30 12:28:00-04:00,21157.1,SL,-1.0089
2025-05-30,LONG,21356.6,21260.6,2025-05-30 15:26:00-04:00,2025-05-30 15:27:00-04:00,21360.6,21260.6,21660.6,2025-06-01 19:30:00-04:00,21260.6,SL,-1.02
2025-06-02,LONG,21427.9,21260.7,2025-06-02 13:01:00-04:00,2025-06-02 13:02:00-04:00,21442.7,21260.7,21988.7,2025-06-10 19:17:00-04:00,21988.7,TP,2.989
2025-06-10,LONG,21879.1,21810.1,2025-06-10 19:18:00-04:00,2025-06-10 19:19:00-04:00,21966.6,21810.1,22436.1,2025-06-11 14:15:00-04:00,21810.1,SL,-1.0128
2025-06-12,LONG,21879.1,21815.3,2025-06-12 09:48:00-04:00,2025-06-12 09:49:00-04:00,21879.8,21815.3,22073.3,2025-06-12 19:59:00-04:00,21815.3,SL,-1.031
2025-06-13,LONG,21783.5,21659.3,2025-06-13 11:22:00-04:00,2025-06-13 11:23:00-04:00,21798.5,21659.3,22216.100000000002,2025-06-13 14:30:00-04:00,21659.3,SL,-1.0144
2025-06-16,LONG,21880.3,21794.8,2025-06-16 09:45:00-04:00,2025-06-16 09:46:00-04:00,21884.8,21794.8,22154.8,2025-06-16 20:03:00-04:00,21794.8,SL,-1.0222
2025-06-17,LONG,21895.8,21814.6,2025-06-17 10:11:00-04:00,2025-06-17 10:12:00-04:00,21899.6,21814.6,22154.6,2025-06-17 12:59:00-04:00,21814.6,SL,-1.0235
2025-06-18,LONG,21779.3,21710.6,2025-06-18 09:47:00-04:00,2025-06-18 09:48:00-04:00,21780.8,21710.6,21991.4,2025-06-18 14:57:00-04:00,21710.6,SL,-1.0285
2025-06-19,LONG,21572.5,21504.5,2025-06-19 18:01:00-04:00,2025-06-19 18:02:00-04:00,21605.8,21504.5,21909.699999999997,2025-06-20 09:40:00-04:00,21909.699999999997,TP,2.9803
2025-06-23,LONG,21683.2,21555.2,2025-06-23 09:47:00-04:00,2025-06-23 09:48:00-04:00,21696.7,21555.2,22121.2,2025-06-23 12:37:00-04:00,21555.2,SL,-1.0141
2025-06-24,LONG,22120.4,22053.6,2025-06-24 09:47:00-04:00,2025-06-24 09:48:00-04:00,22122.6,22053.6,22329.6,2025-06-25 09:36:00-04:00,22329.6,TP,2.971
2025-06-26,LONG,22363.5,22290.3,2025-06-26 10:20:00-04:00,2025-06-26 10:21:00-04:00,22364.9,22290.3,22588.700000000008,2025-06-27 10:00:00-04:00,22588.700000000008,TP,2.9732
2025-06-27,LONG,22544.4,22487.1,2025-06-27 10:01:00-04:00,2025-06-27 10:02:00-04:00,22587.9,22487.1,22890.30000000001,2025-06-27 14:19:00-04:00,22487.1,SL,-1.0198
2025-06-30,LONG,22680.4,22610.9,2025-06-30 15:21:00-04:00,2025-06-30 15:22:00-04:00,22683.1,22610.9,22899.69999999999,2025-07-01 08:10:00-04:00,22610.9,SL,-1.0277
2025-07-01,LONG,22627.2,22583.7,2025-07-01 09:50:00-04:00,2025-07-01 09:51:00-04:00,22636.9,22583.7,22796.500000000004,2025-07-01 10:22:00-04:00,22583.7,SL,-1.0376
2025-07-02,LONG,22513.3,22456.1,2025-07-02 09:45:00-04:00,2025-07-02 09:46:00-04:00,22525.3,22456.1,22732.9,2025-07-03 08:34:00-04:00,22732.9,TP,2.9711
2025-07-03,LONG,22789.4,22736.4,2025-07-03 09:51:00-04:00,2025-07-03 09:52:00-04:00,22795.2,22736.4,22971.6,2025-07-04 04:15:00-04:00,22736.4,SL,-1.034
2025-07-04,LONG,22744.2,22701.7,2025-07-04 09:55:00-04:00,2025-07-04 09:56:00-04:00,22745.5,22701.7,22876.899999999998,2025-07-07 10:57:00-04:00,22701.7,SL,-1.0457
2025-07-08,LONG,22764.1,22709.9,2025-07-08 12:23:00-04:00,2025-07-08 12:24:00-04:00,22763.4,22709.9,22923.9,2025-07-08 13:17:00-04:00,22709.9,SL,-1.0374
2025-07-09,LONG,22890.7,22802.0,2025-07-09 09:45:00-04:00,2025-07-09 09:46:00-04:00,22899.0,22802.0,23190.0,2025-07-09 10:36:00-04:00,22802.0,SL,-1.0206
2025-07-11,LONG,22786.7,22701.2,2025-07-11 09:58:00-04:00,2025-07-11 09:59:00-04:00,22789.4,22701.2,23054.000000000004,2025-07-13 18:01:00-04:00,22701.2,SL,-1.0227
2025-07-14,LONG,22815.5,22691.0,2025-07-14 10:21:00-04:00,2025-07-14 10:22:00-04:00,22814.5,22691.0,23185.0,2025-07-16 11:37:00-04:00,22691.0,SL,-1.0162
2025-07-16,LONG,22930.5,22845.5,2025-07-16 15:39:00-04:00,2025-07-16 15:40:00-04:00,22931.5,22845.5,23189.5,2025-07-21 09:40:00-04:00,23189.5,TP,2.9767
2025-07-21,LONG,23204.6,23110.4,2025-07-21 09:45:00-04:00,2025-07-21 09:46:00-04:00,23221.6,23110.4,23555.19999999999,2025-07-22 09:46:00-04:00,23110.4,SL,-1.018
2025-07-23,LONG,23124.8,23043.3,2025-07-23 11:54:00-04:00,2025-07-23 11:55:00-04:00,23128.2,23043.3,23382.900000000005,2025-07-27 18:01:00-04:00,23382.900000000005,TP,2.9764
2025-07-28,LONG,23381.9,23343.6,2025-07-28 09:45:00-04:00,2025-07-28 09:46:00-04:00,23387.9,23343.6,23520.80000000001,2025-07-28 11:19:00-04:00,23343.6,SL,-1.0451
2025-07-30,LONG,23390.4,23329.9,2025-07-30 09:45:00-04:00,2025-07-30 09:46:00-04:00,23400.4,23329.9,23611.9,2025-07-30 14:56:00-04:00,23329.9,SL,-1.0284
2025-08-04,LONG,23088.2,22981.3,2025-08-04 09:45:00-04:00,2025-08-04 09:46:00-04:00,23105.2,22981.3,23476.900000000005,2025-08-05 18:04:00-04:00,22981.3,SL,-1.0161
2025-08-06,LONG,23128.2,23050.4,2025-08-06 09:48:00-04:00,2025-08-06 09:49:00-04:00,23133.7,23050.4,23383.6,2025-08-06 18:32:00-04:00,23383.6,TP,2.976
2025-08-07,LONG,23552.1,23487.1,2025-08-07 09:56:00-04:00,2025-08-07 09:57:00-04:00,23552.3,23487.1,23747.9,2025-08-07 10:10:00-04:00,23487.1,SL,-1.0307
2025-08-08,LONG,23519.4,23435.9,2025-08-08 09:45:00-04:00,2025-08-08 09:46:00-04:00,23533.1,23435.9,23824.69999999999,2025-08-12 13:46:00-04:00,23824.69999999999,TP,2.9794
2025-08-12,LONG,23719.1,23625.1,2025-08-12 13:47:00-04:00,2025-08-12 13:48:00-04:00,23822.4,23625.1,24414.30000000001,2025-08-19 09:32:00-04:00,23625.1,SL,-1.0101
2025-08-21,LONG,23223.9,23132.7,2025-08-21 10:12:00-04:00,2025-08-21 10:13:00-04:00,23227.7,23132.7,23512.7,2025-08-21 11:55:00-04:00,23132.7,SL,-1.0211
2025-08-22,LONG,23259.2,23140.9,2025-08-22 09:45:00-04:00,2025-08-22 09:46:00-04:00,23265.7,23140.9,23640.1,2025-08-28 09:30:00-04:00,23640.1,TP,2.984
2025-08-28,LONG,23696.3,23584.3,2025-08-28 11:16:00-04:00,2025-08-28 11:17:00-04:00,23699.5,23584.3,24045.100000000002,2025-08-29 05:02:00-04:00,23584.3,SL,-1.0174
2025-09-01,LONG,23447.7,23404.4,2025-09-01 09:50:00-04:00,2025-09-01 09:51:00-04:00,23448.2,23404.4,23579.6,2025-09-01 19:20:00-04:00,23404.4,SL,-1.0457
2025-09-02,LONG,23147.7,22995.4,2025-09-02 09:46:00-04:00,2025-09-02 09:47:00-04:00,23149.5,22995.4,23611.799999999996,2025-09-02 11:52:00-04:00,22995.4,SL,-1.013
2025-09-03,LONG,23405.4,23339.6,2025-09-03 10:04:00-04:00,2025-09-03 10:05:00-04:00,23406.1,23339.6,23605.6,2025-09-03 13:45:00-04:00,23339.6,SL,-1.0301
2025-09-04,LONG,23521.5,23429.2,2025-09-04 11:27:00-04:00,2025-09-04 11:28:00-04:00,23523.5,23429.2,23806.399999999998,2025-09-05 08:35:00-04:00,23806.399999999998,TP,2.9788
2025-09-08,LONG,23828.5,23751.7,2025-09-08 09:49:00-04:00,2025-09-08 09:50:00-04:00,23829.0,23751.7,24060.899999999998,2025-09-08 13:52:00-04:00,23751.7,SL,-1.0259
2025-09-09,LONG,23846.3,23804.8,2025-09-09 15:33:00-04:00,2025-09-09 15:34:00-04:00,23847.8,23804.8,23976.8,2025-09-10 08:30:00-04:00,23976.8,TP,2.9535
2025-09-11,LONG,23992.1,23904.8,2025-09-11 10:08:00-04:00,2025-09-11 10:09:00-04:00,23997.8,23904.8,24276.8,2025-09-15 09:59:00-04:00,24276.8,TP,2.9785
2025-09-15,LONG,24241.1,24185.1,2025-09-15 10:00:00-04:00,2025-09-15 10:01:00-04:00,24271.6,24185.1,24531.1,2025-09-17 11:05:00-04:00,24185.1,SL,-1.0231
2025-09-17,LONG,24319.3,24244.0,2025-09-17 18:42:00-04:00,2025-09-17 18:43:00-04:00,24321.0,24244.0,24552.0,2025-09-18 10:20:00-04:00,24552.0,TP,2.974
2025-09-18,LONG,24489.2,24398.7,2025-09-18 10:21:00-04:00,2025-09-18 10:22:00-04:00,24545.2,24398.7,24984.7,2025-09-25 07:48:00-04:00,24398.7,SL,-1.0137
2025-09-25,LONG,24369.6,24214.9,2025-09-25 10:10:00-04:00,2025-09-25 10:11:00-04:00,24375.1,24214.9,24855.69999999999,2025-10-01 20:24:00-04:00,24855.69999999999,TP,2.9875
2025-10-01,LONG,24649.9,24551.9,2025-10-01 20:25:00-04:00,2025-10-01 20:26:00-04:00,24857.6,24551.9,25774.69999999999,2025-10-10 11:32:00-04:00,24551.9,SL,-1.0065
2025-10-13,LONG,24682.1,24563.3,2025-10-13 09:50:00-04:00,2025-10-13 09:51:00-04:00,24694.1,24563.3,25086.499999999996,2025-10-14 01:39:00-04:00,24563.3,SL,-1.0153
2025-10-14,LONG,24482.7,24272.9,2025-10-14 10:20:00-04:00,2025-10-14 10:21:00-04:00,24485.9,24272.9,25124.9,2025-10-17 04:06:00-04:00,24272.9,SL,-1.0094
2025-10-17,LONG,24669.8,24523.1,2025-10-17 09:53:00-04:00,2025-10-17 09:54:00-04:00,24695.8,24523.1,25213.9,2025-10-20 21:20:00-04:00,25213.9,TP,2.9884
2025-10-20,LONG,25084.8,24975.4,2025-10-20 21:21:00-04:00,2025-10-20 21:22:00-04:00,25212.3,24975.4,25922.999999999993,2025-10-22 10:30:00-04:00,24975.4,SL,-1.0084
2025-10-23,LONG,24963.4,24869.4,2025-10-23 09:45:00-04:00,2025-10-23 09:46:00-04:00,24992.4,24869.4,25361.4,2025-10-24 08:30:00-04:00,25361.4,TP,2.9837
2025-10-24,LONG,25406.0,25302.8,2025-10-24 10:07:00-04:00,2025-10-24 10:08:00-04:00,25410.8,25302.8,25734.8,2025-10-27 09:30:00-04:00,25734.8,TP,2.9815
2025-10-27,LONG,25740.8,25676.5,2025-10-27 10:02:00-04:00,2025-10-27 10:03:00-04:00,25741.3,25676.5,25935.699999999997,2025-10-28 09:05:00-04:00,25935.699999999997,TP,2.9691
2025-10-28,LONG,25977.1,25924.9,2025-10-28 12:30:00-04:00,2025-10-28 12:31:00-04:00,25998.4,25924.9,26218.9,2025-10-29 16:02:00-04:00,26218.9,TP,2.9728
2025-10-29,LONG,26175.6,26138.1,2025-10-29 16:04:00-04:00,2025-10-29 16:05:00-04:00,26204.7,26138.1,26404.500000000007,2025-10-29 16:05:00-04:00,26138.1,SL,-1.03
2025-10-30,LONG,26013.0,25829.8,2025-10-30 09:54:00-04:00,2025-10-30 09:55:00-04:00,26023.0,25829.8,26602.600000000002,2025-10-30 15:16:00-04:00,25829.8,SL,-1.0104
2025-11-04,LONG,25693.8,25573.3,2025-11-04 09:50:00-05:00,2025-11-04 09:51:00-05:00,25702.0,25573.3,26088.100000000002,2025-11-04 12:19:00-05:00,25573.3,SL,-1.0155
2025-11-05,LONG,25490.1,25400.8,2025-11-05 09:47:00-05:00,2025-11-05 09:48:00-05:00,25511.3,25400.8,25842.8,2025-11-06 10:00:00-05:00,25400.8,SL,-1.0181
2025-11-07,LONG,25034.1,24843.2,2025-11-07 14:59:00-05:00,2025-11-07 15:00:00-05:00,25033.4,24843.2,25604.000000000004,2025-11-10 13:36:00-05:00,25604.000000000004,TP,2.9895
2025-11-10,LONG,25572.0,25457.2,2025-11-10 13:37:00-05:00,2025-11-10 13:38:00-05:00,25597.0,25457.2,26016.399999999998,2025-11-11 10:33:00-05:00,25457.2,SL,-1.0143
2025-11-11,LONG,25581.9,25523.6,2025-11-11 13:18:00-05:00,2025-11-11 13:19:00-05:00,25580.5,25523.6,25751.200000000004,2025-11-12 04:39:00-05:00,25751.200000000004,TP,2.9649
2025-11-14,LONG,24786.0,24568.5,2025-11-14 09:45:00-05:00,2025-11-14 09:46:00-05:00,24785.0,24568.5,25434.5,2025-11-17 23:20:00-05:00,24568.5,SL,-1.0092
2025-11-19,LONG,24710.7,24524.9,2025-11-19 09:45:00-05:00,2025-11-19 09:46:00-05:00,24716.2,24524.9,25290.1,2025-11-19 12:33:00-05:00,24524.9,SL,-1.0105
2025-11-20,LONG,25199.1,25101.8,2025-11-20 09:47:00-05:00,2025-11-20 09:48:00-05:00,25219.6,25101.8,25572.999999999996,2025-11-20 11:00:00-05:00,25101.8,SL,-1.017
2025-11-21,LONG,24229.1,24101.8,2025-11-21 11:53:00-05:00,2025-11-21 11:54:00-05:00,24227.0,24101.8,24602.600000000002,2025-11-24 09:33:00-05:00,24602.600000000002,TP,2.984
2025-11-24,LONG,24675.1,24471.6,2025-11-24 10:02:00-05:00,2025-11-24 10:03:00-05:00,24686.3,24471.6,25330.4,2025-11-26 11:41:00-05:00,25330.4,TP,2.9907
2025-11-26,LONG,25233.9,25150.8,2025-11-26 11:42:00-05:00,2025-11-26 11:43:00-05:00,25335.4,25150.8,25889.200000000008,2025-12-12 11:38:00-05:00,25150.8,SL,-1.0108
2025-12-16,LONG,25132.6,24991.9,2025-12-16 09:50:00-05:00,2025-12-16 09:51:00-05:00,25156.9,24991.9,25651.9,2025-12-16 10:25:00-05:00,24991.9,SL,-1.0121
2025-12-18,LONG,25113.2,24957.8,2025-12-18 10:28:00-05:00,2025-12-18 10:29:00-05:00,25120.7,24957.8,25609.400000000005,2025-12-23 15:56:00-05:00,25609.400000000005,TP,2.9877
2025-12-23,LONG,25529.7,25432.5,2025-12-23 15:57:00-05:00,2025-12-23 15:58:00-05:00,25612.5,25432.5,26152.5,2025-12-30 19:53:00-05:00,25432.5,SL,-1.0111
2026-01-02,LONG,25560.4,25464.6,2026-01-02 09:47:00-05:00,2026-01-02 09:48:00-05:00,25581.1,25464.6,25930.6,2026-01-02 10:12:00-05:00,25464.6,SL,-1.0172
2026-01-05,LONG,25505.1,25368.7,2026-01-05 10:28:00-05:00,2026-01-05 10:29:00-05:00,25509.4,25368.7,25931.500000000004,2026-01-06 03:31:00-05:00,25368.7,SL,-1.0142
2026-01-06,LONG,25515.1,25443.8,2026-01-06 09:45:00-05:00,2026-01-06 09:46:00-05:00,25527.6,25443.8,25778.999999999996,2026-01-07 11:43:00-05:00,25778.999999999996,TP,2.9761
2026-01-07,LONG,25703.2,25609.7,2026-01-07 11:44:00-05:00,2026-01-07 11:45:00-05:00,25779.7,25609.7,26289.7,2026-01-08 00:14:00-05:00,25609.7,SL,-1.0118
2026-01-09,LONG,25635.5,25493.0,2026-01-09 10:22:00-05:00,2026-01-09 10:23:00-05:00,25647.3,25493.0,26110.199999999997,2026-01-12 03:40:00-05:00,25493.0,SL,-1.013
2026-01-12,LONG,25744.0,25601.7,2026-01-12 09:50:00-05:00,2026-01-12 09:51:00-05:00,25760.0,25601.7,26234.899999999998,2026-01-14 05:34:00-05:00,25601.7,SL,-1.0126
2026-01-19,LONG,25166.3,25108.8,2026-01-19 09:56:00-05:00,2026-01-19 09:57:00-05:00,25172.5,25108.8,25363.600000000002,2026-01-20 03:06:00-05:00,25108.8,SL,-1.0314
2026-01-20,LONG,25228.6,25105.5,2026-01-20 09:51:00-05:00,2026-01-20 09:52:00-05:00,25233.3,25105.5,25616.699999999997,2026-01-20 13:33:00-05:00,25105.5,SL,-1.0156
2026-01-21,LONG,25097.7,25001.2,2026-01-21 09:47:00-05:00,2026-01-21 09:48:00-05:00,25108.0,25001.2,25428.399999999998,2026-01-21 14:42:00-05:00,25428.399999999998,TP,2.9813
2026-01-23,LONG,25530.6,25440.4,2026-01-23 09:58:00-05:00,2026-01-23 09:59:00-05:00,25534.6,25440.4,25817.19999999999,2026-01-25 18:01:00-05:00,25440.4,SL,-1.0212
2026-01-26,LONG,25716.6,25592.8,2026-01-26 09:46:00-05:00,2026-01-26 09:47:00-05:00,25719.6,25592.8,26099.999999999996,2026-01-27 20:00:00-05:00,26099.999999999996,TP,2.9842
2026-01-27,LONG,25903.1,25807.6,2026-01-27 20:01:00-05:00,2026-01-27 20:02:00-05:00,26106.8,25807.6,27004.4,2026-01-29 09:46:00-05:00,25807.6,SL,-1.0067
2026-02-02,LONG,25634.3,25444.3,2026-02-02 09:46:00-05:00,2026-02-02 09:47:00-05:00,25639.6,25444.3,26225.499999999996,2026-02-03 10:13:00-05:00,25444.3,SL,-1.0102
2026-02-06,LONG,24848.1,24620.6,2026-02-06 09:45:00-05:00,2026-02-06 09:46:00-05:00,24853.8,24620.6,25553.4,2026-02-13 01:25:00-05:00,24620.6,SL,-1.0086
2026-02-13,LONG,24730.9,24509.1,2026-02-13 09:45:00-05:00,2026-02-13 09:46:00-05:00,24732.8,24509.1,25403.9,2026-02-17 00:20:00-05:00,24509.1,SL,-1.0089
2026-02-17,LONG,24756.4,24545.4,2026-02-17 13:39:00-05:00,2026-02-17 13:40:00-05:00,24759.9,24545.4,25403.4,2026-02-25 16:31:00-05:00,25403.4,TP,2.9907
2026-02-25,LONG,25241.7,25119.2,2026-02-25 16:32:00-05:00,2026-02-25 16:33:00-05:00,25387.8,25119.2,26193.599999999995,2026-02-26 10:01:00-05:00,25119.2,SL,-1.0074
2026-02-27,LONG,24874.8,24746.5,2026-02-27 09:48:00-05:00,2026-02-27 09:49:00-05:00,24888.8,24746.5,25315.699999999997,2026-03-01 18:01:00-05:00,24746.5,SL,-1.0141
2026-03-02,LONG,24859.4,24579.6,2026-03-02 09:49:00-05:00,2026-03-02 09:50:00-05:00,24866.8,24579.6,25728.4,2026-03-03 03:28:00-05:00,24579.6,SL,-1.007
2026-03-03,LONG,24640.3,24481.8,2026-03-03 11:45:00-05:00,2026-03-03 11:46:00-05:00,24653.4,24481.8,25168.200000000008,2026-03-04 01:20:00-05:00,24481.8,SL,-1.0117
2026-03-04,LONG,24952.2,24819.2,2026-03-04 10:01:00-05:00,2026-03-04 10:02:00-05:00,24952.3,24819.2,25351.599999999995,2026-03-05 12:45:00-05:00,24819.2,SL,-1.015
2026-03-05,LONG,25112.1,24972.7,2026-03-05 23:42:00-05:00,2026-03-05 23:43:00-05:00,25118.1,24972.7,25554.299999999992,2026-03-06 04:17:00-05:00,24972.7,SL,-1.0138
2026-03-06,LONG,24719.1,24596.5,2026-03-06 10:00:00-05:00,2026-03-06 10:01:00-05:00,24725.0,24596.5,25110.5,2026-03-06 15:37:00-05:00,24596.5,SL,-1.0156
2026-03-09,LONG,24518.7,24344.4,2026-03-09 10:44:00-04:00,2026-03-09 10:45:00-04:00,24526.5,24344.4,25072.799999999996,2026-03-10 04:00:00-04:00,25072.799999999996,TP,2.989
2026-03-10,LONG,25073.6,24955.5,2026-03-10 10:39:00-04:00,2026-03-10 10:40:00-04:00,25085.9,24955.5,25477.100000000006,2026-03-10 15:36:00-04:00,24955.5,SL,-1.0153
2026-03-11,LONG,25110.9,25031.7,2026-03-11 10:00:00-04:00,2026-03-11 10:01:00-04:00,25165.8,25031.7,25568.099999999995,2026-03-11 10:23:00-04:00,25031.7,SL,-1.0149
2026-03-13,LONG,24768.7,24610.2,2026-03-13 09:45:00-04:00,2026-03-13 09:46:00-04:00,24795.9,24610.2,25353.000000000004,2026-03-13 10:42:00-04:00,24610.2,SL,-1.0108
2026-03-16,LONG,24726.3,24630.8,2026-03-16 09:45:00-04:00,2026-03-16 09:46:00-04:00,24732.8,24630.8,25038.8,2026-03-16 10:50:00-04:00,24630.8,SL,-1.0196
2026-03-17,LONG,24871.9,24762.2,2026-03-17 09:45:00-04:00,2026-03-17 09:46:00-04:00,24880.7,24762.2,25236.2,2026-03-17 11:36:00-04:00,24762.2,SL,-1.0169
2026-03-18,LONG,24789.0,24703.7,2026-03-18 09:46:00-04:00,2026-03-18 09:47:00-04:00,24797.5,24703.7,25078.899999999998,2026-03-18 10:13:00-04:00,24703.7,SL,-1.0213
2026-03-19,LONG,24259.8,24131.4,2026-03-19 09:49:00-04:00,2026-03-19 09:50:00-04:00,24263.4,24131.4,24659.4,2026-03-20 06:10:00-04:00,24131.4,SL,-1.0152
2026-03-23,LONG,24375.5,24241.4,2026-03-23 09:49:00-04:00,2026-03-23 09:50:00-04:00,24381.0,24241.4,24799.799999999996,2026-03-23 11:52:00-04:00,24241.4,SL,-1.0143
2026-03-24,LONG,24129.9,23952.7,2026-03-24 10:56:00-04:00,2026-03-24 10:57:00-04:00,24135.5,23952.7,24683.899999999998,2026-03-26 05:30:00-04:00,23952.7,SL,-1.0109
2026-03-26,LONG,23976.4,23884.0,2026-03-26 09:45:00-04:00,2026-03-26 09:46:00-04:00,23988.8,23884.0,24303.199999999997,2026-03-26 10:55:00-04:00,23884.0,SL,-1.0191
2026-03-31,LONG,23305.6,23216.8,2026-03-31 09:46:00-04:00,2026-03-31 09:47:00-04:00,23313.7,23216.8,23604.400000000005,2026-03-31 10:56:00-04:00,23216.8,SL,-1.0206
2026-04-01,LONG,24033.1,23882.8,2026-04-01 10:22:00-04:00,2026-04-01 10:23:00-04:00,24042.1,23882.8,24519.999999999996,2026-04-01 21:17:00-04:00,23882.8,SL,-1.0126
2026-04-02,LONG,23654.8,23515.1,2026-04-02 09:53:00-04:00,2026-04-02 09:54:00-04:00,23671.0,23515.1,24138.700000000004,2026-04-05 22:19:00-04:00,24138.700000000004,TP,2.9872
2026-04-06,LONG,24221.8,24092.8,2026-04-06 09:50:00-04:00,2026-04-06 09:51:00-04:00,24230.0,24092.8,24641.600000000002,2026-04-06 13:12:00-04:00,24092.8,SL,-1.0146
2026-04-07,LONG,24155.9,24042.4,2026-04-07 15:45:00-04:00,2026-04-07 15:46:00-04:00,24184.2,24042.4,24609.6,2026-04-07 18:37:00-04:00,24609.6,TP,2.9859
2026-04-09,LONG,24965.1,24875.1,2026-04-09 11:32:00-04:00,2026-04-09 11:33:00-04:00,24983.5,24875.1,25308.700000000004,2026-04-12 18:01:00-04:00,24875.1,SL,-1.0185
2026-04-13,LONG,25101.0,25037.5,2026-04-13 09:49:00-04:00,2026-04-13 09:50:00-04:00,25134.3,25037.5,25424.699999999997,2026-04-13 16:20:00-04:00,25424.699999999997,TP,2.9793
2026-04-14,LONG,25621.7,25527.2,2026-04-14 09:45:00-04:00,2026-04-14 09:46:00-04:00,25626.5,25527.2,25924.399999999998,2026-04-15 09:40:00-04:00,25924.399999999998,TP,2.9799
2026-04-15,LONG,25927.2,25849.9,2026-04-15 09:57:00-04:00,2026-04-15 09:58:00-04:00,25930.2,25849.9,26171.1,2026-04-15 14:55:00-04:00,26171.1,TP,2.9751
2026-04-16,LONG,26321.6,26213.9,2026-04-16 11:08:00-04:00,2026-04-16 11:09:00-04:00,26324.6,26213.9,26656.69999999999,2026-04-17 09:10:00-04:00,26656.69999999999,TP,2.9819
2026-04-17,LONG,26589.8,26499.8,2026-04-17 09:51:00-04:00,2026-04-17 09:52:00-04:00,26600.6,26499.8,26902.999999999996,2026-04-19 18:01:00-04:00,26499.8,SL,-1.0198
2026-04-20,LONG,26700.9,26608.4,2026-04-20 20:47:00-04:00,2026-04-20 20:48:00-04:00,26700.5,26608.4,26976.799999999996,2026-04-21 09:35:00-04:00,26608.4,SL,-1.0217
2026-04-21,LONG,26704.3,26604.2,2026-04-21 09:59:00-04:00,2026-04-21 10:00:00-04:00,26716.5,26604.2,27053.399999999998,2026-04-21 11:00:00-04:00,26604.2,SL,-1.0178
2026-04-22,LONG,26772.9,26694.4,2026-04-22 10:01:00-04:00,2026-04-22 10:02:00-04:00,26774.2,26694.4,27013.6,2026-04-22 16:08:00-04:00,27013.6,TP,2.9749
2026-04-23,LONG,26944.1,26839.6,2026-04-23 09:46:00-04:00,2026-04-23 09:47:00-04:00,26947.8,26839.6,27272.4,2026-04-23 13:09:00-04:00,26839.6,SL,-1.0185
2026-04-24,LONG,27139.3,27056.1,2026-04-24 10:46:00-04:00,2026-04-24 10:47:00-04:00,27149.5,27056.1,27429.700000000004,2026-04-28 07:21:00-04:00,27056.1,SL,-1.0214
2026-04-28,LONG,27126.5,26957.4,2026-04-28 09:48:00-04:00,2026-04-28 09:49:00-04:00,27132.3,26957.4,27656.999999999993,2026-04-28 10:38:00-04:00,26957.4,SL,-1.0114
2026-04-29,LONG,27105.3,27012.5,2026-04-29 09:53:00-04:00,2026-04-29 09:54:00-04:00,27104.6,27012.5,27380.899999999994,2026-04-29 16:14:00-04:00,27012.5,SL,-1.0217
2026-04-30,LONG,27378.3,27160.8,2026-04-30 13:30:00-04:00,2026-04-30 13:31:00-04:00,27384.8,27160.8,28056.8,2026-05-05 13:51:00-04:00,28056.8,TP,2.9911
2026-05-05,LONG,27980.7,27870.6,2026-05-05 13:52:00-04:00,2026-05-05 13:53:00-04:00,28064.5,27870.6,28646.200000000004,2026-05-06 16:07:00-04:00,28646.200000000004,TP,2.9897
2026-05-06,LONG,28384.3,28241.1,2026-05-06 16:08:00-04:00,2026-05-06 16:09:00-04:00,28649.1,28241.1,29873.1,2026-05-24 20:49:00-04:00,29873.1,TP,2.9951
2026-05-25,LONG,29927.3,29891.7,2026-05-25 09:46:00-04:00,2026-05-25 09:47:00-04:00,29926.6,29891.7,30031.299999999992,2026-05-25 10:29:00-04:00,29891.7,SL,-1.0573
2026-05-26,LONG,29890.8,29780.5,2026-05-26 09:45:00-04:00,2026-05-26 09:46:00-04:00,29913.7,29780.5,30313.300000000003,2026-05-27 08:22:00-04:00,30313.300000000003,TP,2.985
2026-05-28,LONG,30072.7,29903.7,2026-05-28 10:12:00-04:00,2026-05-28 10:13:00-04:00,30100.9,29903.7,30692.500000000004,2026-06-02 12:08:00-04:00,30692.500000000004,TP,2.9899
2026-06-02,LONG,30546.2,30405.9,2026-06-02 12:09:00-04:00,2026-06-02 12:10:00-04:00,30683.6,30405.9,31516.69999999999,2026-06-03 18:20:00-04:00,30405.9,SL,-1.0072
2026-06-04,LONG,30354.0,30201.2,2026-06-04 11:00:00-04:00,2026-06-04 11:01:00-04:00,30371.0,30201.2,30880.399999999998,2026-06-04 20:12:00-04:00,30201.2,SL,-1.0118
2026-06-08,LONG,29582.5,29399.2,2026-06-08 10:36:00-04:00,2026-06-08 10:37:00-04:00,29592.3,29399.2,30171.599999999995,2026-06-08 15:23:00-04:00,29399.2,SL,-1.0104
2026-06-09,LONG,29771.8,29635.9,2026-06-09 09:45:00-04:00,2026-06-09 09:46:00-04:00,29786.8,29635.9,30239.499999999993,2026-06-09 10:00:00-04:00,29635.9,SL,-1.0133
2026-06-10,LONG,29094.5,28777.1,2026-06-10 09:47:00-04:00,2026-06-10 09:48:00-04:00,29105.3,28777.1,30089.9,2026-06-10 11:11:00-04:00,28777.1,SL,-1.0061
2026-06-11,LONG,28793.8,28661.1,2026-06-11 09:45:00-04:00,2026-06-11 09:46:00-04:00,28828.6,28661.1,29331.1,2026-06-11 10:58:00-04:00,28661.1,SL,-1.0119
2026-06-12,LONG,29515.3,29276.8,2026-06-12 10:06:00-04:00,2026-06-12 10:07:00-04:00,29520.5,29276.8,30251.600000000002,2026-06-15 00:33:00-04:00,30251.600000000002,TP,2.9918
2026-06-15,LONG,30466.2,30338.5,2026-06-15 09:45:00-04:00,2026-06-15 09:46:00-04:00,30474.5,30338.5,30882.5,2026-06-16 10:33:00-04:00,30338.5,SL,-1.0147
2026-06-17,LONG,30263.5,30136.4,2026-06-17 10:24:00-04:00,2026-06-17 10:25:00-04:00,30276.6,30136.4,30697.19999999999,2026-06-17 10:40:00-04:00,30136.4,SL,-1.0143
2026-06-18,LONG,30354.8,30136.7,2026-06-18 10:23:00-04:00,2026-06-18 10:24:00-04:00,30369.9,30136.7,31069.500000000004,2026-06-19 01:42:00-04:00,30136.7,SL,-1.0086
2026-06-19,LONG,30422.9,30378.2,2026-06-19 09:56:00-04:00,2026-06-19 09:57:00-04:00,30432.1,30378.2,30593.799999999992,2026-06-21 18:01:00-04:00,30378.2,SL,-1.0371
2026-06-22,LONG,30679.7,30510.3,2026-06-22 09:58:00-04:00,2026-06-22 09:59:00-04:00,30684.6,30510.3,31207.499999999996,2026-06-22 10:27:00-04:00,30510.3,SL,-1.0115
2026-06-23,LONG,29564.6,29372.3,2026-06-23 09:47:00-04:00,2026-06-23 09:48:00-04:00,29575.8,29372.3,30186.3,2026-06-23 14:45:00-04:00,29372.3,SL,-1.0098
2026-06-24,LONG,29603.2,29364.5,2026-06-24 10:46:00-04:00,2026-06-24 10:47:00-04:00,29608.8,29364.5,30341.699999999997,2026-06-24 12:55:00-04:00,29364.5,SL,-1.0082
2026-06-26,LONG,29139.1,28951.6,2026-06-26 09:56:00-04:00,2026-06-26 09:57:00-04:00,29184.6,28951.6,29883.6,2026-06-29 23:36:00-04:00,29883.6,TP,2.9914
2026-06-29,LONG,29575.3,29338.6,2026-06-29 23:37:00-04:00,2026-06-29 23:38:00-04:00,29891.1,29338.6,31548.6,2026-07-02 12:23:00-04:00,29338.6,SL,-1.0036
2026-07-06,LONG,29729.6,29571.0,2026-07-06 09:45:00-04:00,2026-07-06 09:46:00-04:00,29747.2,29571.0,30275.800000000003,2026-07-06 21:21:00-04:00,29571.0,SL,-1.0114
2026-07-08,LONG,29186.6,29011.2,2026-07-08 09:46:00-04:00,2026-07-08 09:47:00-04:00,29191.2,29011.2,29731.2,2026-07-08 10:43:00-04:00,29011.2,SL,-1.0111
2026-07-09,LONG,29672.7,29475.7,2026-07-09 09:45:00-04:00,2026-07-09 09:46:00-04:00,29684.0,29475.7,30308.899999999998,2026-07-09 10:20:00-04:00,29475.7,SL,-1.0096
2026-07-10,LONG,29743.3,29604.2,2026-07-10 09:49:00-04:00,2026-07-10 09:50:00-04:00,29748.5,29604.2,30181.399999999998,2026-07-10 10:32:00-04:00,29604.2,SL,-1.0139
2026-07-13,LONG,29555.5,29372.2,2026-07-13 11:00:00-04:00,2026-07-13 11:01:00-04:00,29564.3,29372.2,30140.599999999995,2026-07-13 12:26:00-04:00,29372.2,SL,-1.0104
2026-07-14,LONG,29636.2,29506.9,2026-07-14 11:06:00-04:00,2026-07-14 11:07:00-04:00,29643.7,29506.9,30054.1,2026-07-15 10:24:00-04:00,29506.9,SL,-1.0146
2026-07-17,LONG,28517.8,28244.1,2026-07-17 10:00:00-04:00,2026-07-17 10:01:00-04:00,28568.6,28244.1,29542.1,2026-07-24 09:52:00-04:00,28244.1,SL,-1.0062
2026-07-24,LONG,28482.5,28319.2,2026-07-24 12:10:00-04:00,2026-07-24 12:11:00-04:00,28490.3,28319.2,29003.599999999995,2026-07-24 13:06:00-04:00,28319.2,SL,-1.0117
2026-07-28,LONG,27864.9,27599.8,2026-07-28 11:26:00-04:00,2026-07-28 11:27:00-04:00,27871.5,27599.8,28686.600000000002,2026-07-28 23:51:00-04:00,27599.8,SL,-1.0074
2026-07-29,LONG,27871.9,27712.0,2026-07-29 14:47:00-04:00,2026-07-29 14:48:00-04:00,27898.3,27712.0,28457.199999999997,2026-07-29 15:18:00-04:00,27712.0,SL,-1.0107
2026-07-30,LONG,27878.6,27697.0,2026-07-30 09:45:00-04:00,2026-07-30 09:46:00-04:00,27896.0,27697.0,28493.0,2026-07-31 02:14:00-04:00,28493.0,TP,2.9899
2026-08-03,LONG,28431.3,28206.3,2026-08-03 09:55:00-04:00,2026-08-03 09:56:00-04:00,28449.5,28206.3,29179.100000000002,2026-08-04 09:30:00-04:00,29179.100000000002,TP,2.9918
2026-08-04,LONG,29349.4,29106.5,2026-08-04 09:49:00-04:00,2026-08-04 09:50:00-04:00,29358.9,29106.5,30116.100000000006,2026-08-13 10:11:00-04:00,30116.100000000006,TP,2.9921
2026-08-13,LONG,29970.5,29781.1,2026-08-13 10:12:00-04:00,2026-08-13 10:13:00-04:00,30124.5,29781.1,31154.700000000004,2026-08-17 23:31:00-04:00,29781.1,SL,-1.0058
2026-08-21,LONG,29403.9,29245.7,2026-08-21 11:52:00-04:00,2026-08-21 11:53:00-04:00,29410.1,29245.7,29903.299999999992,2026-08-23 18:01:00-04:00,29245.7,SL,-1.0122
2026-08-25,LONG,29321.6,29224.7,2026-08-25 09:46:00-04:00,2026-08-25 09:47:00-04:00,29328.9,29224.7,29641.500000000004,2026-08-25 10:01:00-04:00,29224.7,SL,-1.0192
2026-08-26,LONG,29261.4,29128.3,2026-08-26 09:45:00-04:00,2026-08-26 09:46:00-04:00,29261.4,29128.3,29660.700000000008,2026-08-26 10:26:00-04:00,29128.3,SL,-1.015
2026-08-27,LONG,29544.2,29401.2,2026-08-27 09:45:00-04:00,2026-08-27 09:46:00-04:00,29545.5,29401.2,29978.399999999998,2026-08-27 09:57:00-04:00,29401.2,SL,-1.0139
2026-08-28,LONG,29657.0,29520.6,2026-08-28 10:38:00-04:00,2026-08-28 10:39:00-04:00,29658.0,29520.6,30070.200000000004,2026-08-28 11:56:00-04:00,29520.6,SL,-1.0146
2026-08-31,LONG,29484.5,29359.5,2026-08-31 15:51:00-04:00,2026-08-31 15:52:00-04:00,29495.3,29359.5,29902.699999999997,2026-09-01 04:06:00-04:00,29359.5,SL,-1.0147
