day,direction,or_high,or_low,breakout_time,entry_time,entry_price,stop,target,exit_time,exit_price,exit_reason,r_multiple
2021-09-20,LONG,15153.6,15067.6,2021-09-20 19:57:00-04:00,2021-09-20 19:58:00-04:00,15157.4,15067.6,15516.599999999997,2021-09-22 11:50:00-04:00,15516.599999999997,TP,4.0
2021-09-22,LONG,15467.6,15452.6,2021-09-22 11:51:00-04:00,2021-09-22 11:52:00-04:00,15516.2,15452.6,15770.600000000002,2021-09-28 03:29:00-04:00,15452.6,SL,-1.0
2021-09-29,LONG,15360.6,15309.1,2021-09-29 10:19:00-04:00,2021-09-29 10:20:00-04:00,15369.6,15309.1,15611.6,2021-09-30 06:24:00-04:00,15309.1,SL,-1.0
2021-09-30,LONG,15312.5,15245.5,2021-09-30 09:49:00-04:00,2021-09-30 09:50:00-04:00,15315.5,15245.5,15595.5,2021-09-30 11:34:00-04:00,15245.5,SL,-1.0
2021-10-01,LONG,15246.0,15167.5,2021-10-01 14:53:00-04:00,2021-10-01 14:54:00-04:00,15249.5,15167.5,15577.5,2021-10-03 21:38:00-04:00,15167.5,SL,-1.0
2021-10-05,LONG,15108.0,15070.0,2021-10-05 10:01:00-04:00,2021-10-05 10:02:00-04:00,15109.0,15070.0,15265.0,2021-10-05 21:52:00-04:00,15070.0,SL,-1.0
2021-10-06,LONG,15011.0,14944.0,2021-10-06 10:58:00-04:00,2021-10-06 10:59:00-04:00,15012.0,14944.0,15284.0,2021-10-13 09:33:00-04:00,15284.0,TP,4.0
2021-10-13,LONG,15304.0,15268.0,2021-10-13 20:10:00-04:00,2021-10-13 20:11:00-04:00,15308.8,15268.0,15471.999999999996,2021-10-14 11:59:00-04:00,15471.999999999996,TP,4.0
2021-10-14,LONG,15443.0,15416.0,2021-10-14 12:00:00-04:00,2021-10-14 12:01:00-04:00,15473.5,15416.0,15703.5,2021-10-18 09:36:00-04:00,15416.0,SL,-1.0
2021-10-18,LONG,15446.0,15416.0,2021-10-18 09:47:00-04:00,2021-10-18 09:48:00-04:00,15447.5,15416.0,15573.5,2021-10-21 03:00:00-04:00,15416.0,SL,-1.0
2021-10-21,LONG,15509.5,15488.5,2021-10-21 20:30:00-04:00,2021-10-21 20:31:00-04:00,15514.0,15488.5,15616.0,2021-10-22 03:10:00-04:00,15488.5,SL,-1.0
2021-10-22,LONG,15605.0,15571.0,2021-10-22 09:45:00-04:00,2021-10-22 09:46:00-04:00,15605.5,15571.0,15743.5,2021-10-22 11:16:00-04:00,15571.0,SL,-1.0
2021-10-25,LONG,15604.5,15571.0,2021-10-25 11:12:00-04:00,2021-10-25 11:13:00-04:00,15606.5,15571.0,15748.5,2021-10-26 04:05:00-04:00,15748.5,TP,4.0
2021-10-27,LONG,15708.0,15694.0,2021-10-27 09:45:00-04:00,2021-10-27 09:46:00-04:00,15712.5,15694.0,15786.5,2021-10-27 10:27:00-04:00,15694.0,SL,-1.0
2021-10-28,LONG,15690.5,15663.5,2021-10-28 11:34:00-04:00,2021-10-28 11:35:00-04:00,15691.5,15663.5,15803.5,2021-10-28 12:57:00-04:00,15663.5,SL,-1.0
2021-10-29,LONG,15617.5,15579.0,2021-10-29 09:47:00-04:00,2021-10-29 09:48:00-04:00,15620.5,15579.0,15786.5,2021-11-01 05:00:00-04:00,15786.5,TP,4.0
2021-11-01,LONG,15793.0,15780.0,2021-11-01 11:59:00-04:00,2021-11-01 12:00:00-04:00,15796.0,15780.0,15860.0,2021-11-01 23:34:00-04:00,15780.0,SL,-1.0
2021-11-02,LONG,15916.0,15904.0,2021-11-02 10:00:00-04:00,2021-11-02 10:01:00-04:00,15916.0,15904.0,15964.0,2021-11-02 10:09:00-04:00,15904.0,SL,-1.0
2021-11-03,LONG,15951.0,15938.0,2021-11-03 10:12:00-04:00,2021-11-03 10:13:00-04:00,15951.0,15938.0,16003.0,2021-11-03 10:33:00-04:00,15938.0,SL,-1.0
2021-11-04,LONG,16048.7,16035.7,2021-11-04 10:59:00-04:00,2021-11-04 11:00:00-04:00,16048.2,16035.7,16098.2,2021-11-04 12:02:00-04:00,16035.7,SL,-1.0
2021-11-08,LONG,16063.8,16052.8,2021-11-08 09:53:00-05:00,2021-11-08 09:54:00-05:00,16065.8,16052.8,16117.8,2021-11-08 10:04:00-05:00,16052.8,SL,-1.0
2021-11-10,LONG,16041.4,16022.2,2021-11-10 09:52:00-05:00,2021-11-10 09:53:00-05:00,16045.2,16022.2,16137.2,2021-11-10 13:53:00-05:00,16022.2,SL,-1.0
2021-11-11,LONG,16086.7,16066.7,2021-11-11 11:21:00-05:00,2021-11-11 11:22:00-05:00,16089.7,16066.7,16181.7,2021-11-16 03:00:00-05:00,16181.7,TP,4.0
2021-11-16,LONG,16256.4,16233.4,2021-11-16 09:53:00-05:00,2021-11-16 09:54:00-05:00,16259.2,16233.4,16362.400000000005,2021-11-16 16:33:00-05:00,16233.4,SL,-1.0
2021-11-17,LONG,16274.2,16260.2,2021-11-17 09:45:00-05:00,2021-11-17 09:46:00-05:00,16277.2,16260.2,16345.2,2021-11-17 09:53:00-05:00,16260.2,SL,-1.0
2021-11-18,LONG,16246.9,16226.1,2021-11-18 09:47:00-05:00,2021-11-18 09:48:00-05:00,16247.2,16226.1,16331.600000000002,2021-11-18 10:09:00-05:00,16226.1,SL,-1.0
2021-11-19,LONG,16181.6,16144.6,2021-11-19 09:48:00-05:00,2021-11-19 09:49:00-05:00,16185.6,16144.6,16349.6,2021-11-19 10:26:00-05:00,16144.6,SL,-1.0
2021-11-22,LONG,16156.7,16131.5,2021-11-22 10:00:00-05:00,2021-11-22 10:01:00-05:00,16162.7,16131.5,16287.500000000004,2021-11-22 11:34:00-05:00,16131.5,SL,-1.0
2021-11-23,LONG,16038.5,15982.5,2021-11-23 09:45:00-05:00,2021-11-23 09:46:00-05:00,16041.5,15982.5,16277.5,2021-11-23 10:27:00-05:00,15982.5,SL,-1.0
2021-11-24,LONG,15803.8,15744.8,2021-11-24 10:00:00-05:00,2021-11-24 10:01:00-05:00,15815.3,15744.8,16097.3,2021-11-25 20:22:00-05:00,15744.8,SL,-1.0
2021-11-29,LONG,15399.0,15366.7,2021-11-29 19:23:00-05:00,2021-11-29 19:24:00-05:00,15403.3,15366.7,15549.699999999993,2021-11-29 21:26:00-05:00,15366.7,SL,-1.0
2021-11-30,LONG,15253.0,15196.0,2021-11-30 10:06:00-05:00,2021-11-30 10:07:00-05:00,15260.8,15196.0,15519.999999999996,2021-11-30 10:50:00-05:00,15196.0,SL,-1.0
2021-12-01,LONG,15386.8,15366.8,2021-12-01 09:58:00-05:00,2021-12-01 09:59:00-05:00,15385.9,15366.8,15462.300000000001,2021-12-01 11:10:00-05:00,15462.300000000001,TP,4.0
2021-12-02,LONG,15257.8,15179.1,2021-12-02 09:47:00-05:00,2021-12-02 09:48:00-05:00,15259.9,15179.1,15583.099999999997,2021-12-03 10:09:00-05:00,15179.1,SL,-1.0
2021-12-06,LONG,15328.4,15265.5,2021-12-06 10:05:00-05:00,2021-12-06 10:06:00-05:00,15331.0,15265.5,15593.0,2021-12-07 03:20:00-05:00,15593.0,TP,4.0
2021-12-07,LONG,15714.1,15697.2,2021-12-07 09:48:00-05:00,2021-12-07 09:49:00-05:00,15716.8,15697.2,15795.199999999993,2021-12-07 10:45:00-05:00,15795.199999999993,TP,4.0
2021-12-08,LONG,15730.1,15687.7,2021-12-08 09:50:00-05:00,2021-12-08 09:51:00-05:00,15734.6,15687.7,15922.199999999999,2021-12-08 10:29:00-05:00,15687.7,SL,-1.0
2021-12-09,LONG,15648.3,15625.6,2021-12-09 10:02:00-05:00,2021-12-09 10:03:00-05:00,15651.0,15625.6,15752.599999999999,2021-12-09 10:34:00-05:00,15625.6,SL,-1.0
2021-12-14,LONG,15553.6,15496.6,2021-12-14 09:45:00-05:00,2021-12-14 09:46:00-05:00,15556.1,15496.6,15794.1,2021-12-14 10:13:00-05:00,15496.6,SL,-1.0
2021-12-15,LONG,15506.9,15466.5,2021-12-15 14:03:00-05:00,2021-12-15 14:04:00-05:00,15525.8,15466.5,15762.999999999996,2021-12-16 03:37:00-05:00,15762.999999999996,TP,4.0
2021-12-16,LONG,15679.5,15639.5,2021-12-16 10:30:00-05:00,2021-12-16 10:31:00-05:00,15686.1,15639.5,15872.500000000002,2021-12-16 11:03:00-05:00,15639.5,SL,-1.0
2021-12-17,LONG,15492.1,15443.4,2021-12-17 10:38:00-05:00,2021-12-17 10:39:00-05:00,15496.3,15443.4,15707.899999999998,2021-12-19 18:12:00-05:00,15443.4,SL,-1.0
2021-12-20,LONG,15259.6,15214.3,2021-12-20 10:02:00-05:00,2021-12-20 10:03:00-05:00,15266.5,15214.3,15475.300000000003,2021-12-21 02:17:00-05:00,15475.300000000003,TP,4.0
2021-12-21,LONG,15445.5,15415.1,2021-12-21 10:15:00-05:00,2021-12-21 10:16:00-05:00,15447.1,15415.1,15575.1,2021-12-21 10:25:00-05:00,15415.1,SL,-1.0
2021-12-22,LONG,15504.0,15464.0,2021-12-22 09:53:00-05:00,2021-12-22 09:54:00-05:00,15504.0,15464.0,15664.0,2021-12-23 03:01:00-05:00,15664.0,TP,4.0
2021-12-23,LONG,15734.6,15696.7,2021-12-23 09:52:00-05:00,2021-12-23 09:53:00-05:00,15735.9,15696.7,15892.699999999995,2021-12-27 02:28:00-05:00,15696.7,SL,-1.0
2021-12-27,LONG,15825.1,15809.1,2021-12-27 10:24:00-05:00,2021-12-27 10:25:00-05:00,15824.8,15809.1,15887.599999999995,2021-12-27 15:55:00-05:00,15887.599999999995,TP,4.0
2021-12-28,LONG,15944.9,15911.8,2021-12-28 09:45:00-05:00,2021-12-28 09:46:00-05:00,15946.8,15911.8,16086.8,2021-12-29 05:37:00-05:00,15911.8,SL,-1.0
2021-12-29,LONG,15884.0,15863.2,2021-12-29 15:51:00-05:00,2021-12-29 15:52:00-05:00,15886.3,15863.2,15978.699999999993,2021-12-29 15:59:00-05:00,15863.2,SL,-1.0
2022-01-03,LONG,16059.6,16026.7,2022-01-03 10:25:00-05:00,2022-01-03 10:26:00-05:00,16064.3,16026.7,16214.699999999993,2022-01-03 10:45:00-05:00,16026.7,SL,-1.0
2022-01-05,LONG,16255.6,16230.9,2022-01-05 10:09:00-05:00,2022-01-05 10:10:00-05:00,16257.9,16230.9,16365.9,2022-01-05 12:45:00-05:00,16230.9,SL,-1.0
2022-01-10,LONG,15862.5,15809.9,2022-01-10 14:27:00-05:00,2022-01-10 14:28:00-05:00,15862.1,15809.9,16070.900000000003,2022-01-12 02:38:00-05:00,16070.900000000003,TP,4.0
2022-01-12,LONG,16034.2,15997.5,2022-01-12 09:52:00-05:00,2022-01-12 09:53:00-05:00,16034.9,15997.5,16184.499999999998,2022-01-12 10:41:00-05:00,15997.5,SL,-1.0
2022-01-14,LONG,15938.1,15869.8,2022-01-14 09:46:00-05:00,2022-01-14 09:47:00-05:00,15943.3,15869.8,16237.3,2022-01-14 11:15:00-05:00,15869.8,SL,-1.0
2022-01-17,LONG,15950.3,15936.6,2022-01-17 10:38:00-05:00,2022-01-17 10:39:00-05:00,15951.4,15936.6,16010.599999999997,2022-01-17 11:12:00-05:00,15936.6,SL,-1.0
2022-01-18,LONG,15784.0,15743.1,2022-01-18 09:59:00-05:00,2022-01-18 10:00:00-05:00,15786.7,15743.1,15961.100000000002,2022-01-18 19:15:00-05:00,15743.1,SL,-1.0
2022-01-19,LONG,15892.0,15860.3,2022-01-19 09:54:00-05:00,2022-01-19 09:55:00-05:00,15895.2,15860.3,16034.800000000007,2022-01-19 10:08:00-05:00,15860.3,SL,-1.0
2022-01-20,LONG,15848.9,15814.9,2022-01-20 09:52:00-05:00,2022-01-20 09:53:00-05:00,15851.5,15814.9,15997.900000000001,2022-01-20 15:25:00-05:00,15814.9,SL,-1.0
2022-01-21,LONG,15572.6,15521.0,2022-01-21 11:15:00-05:00,2022-01-21 11:16:00-05:00,15577.6,15521.0,15804.000000000002,2022-01-21 12:20:00-05:00,15521.0,SL,-1.0
2022-01-24,LONG,15157.8,15091.1,2022-01-24 15:16:00-05:00,2022-01-24 15:17:00-05:00,15164.6,15091.1,15458.6,2022-01-25 03:05:00-05:00,15091.1,SL,-1.0
2022-01-25,LONG,15153.3,15098.6,2022-01-25 10:48:00-05:00,2022-01-25 10:49:00-05:00,15156.3,15098.6,15387.099999999995,2022-01-25 11:01:00-05:00,15098.6,SL,-1.0
2022-01-26,LONG,15483.1,15436.5,2022-01-26 09:48:00-05:00,2022-01-26 09:49:00-05:00,15489.4,15436.5,15700.999999999998,2022-01-26 10:25:00-05:00,15436.5,SL,-1.0
2022-01-27,LONG,15567.8,15507.6,2022-01-27 09:48:00-05:00,2022-01-27 09:49:00-05:00,15581.1,15507.6,15875.1,2022-01-27 10:27:00-05:00,15507.6,SL,-1.0
2022-01-28,LONG,15286.0,15199.3,2022-01-28 10:59:00-05:00,2022-01-28 11:00:00-05:00,15287.9,15199.3,15642.300000000001,2022-02-01 03:08:00-05:00,15642.300000000001,TP,4.0
2022-02-01,LONG,15663.4,15605.9,2022-02-01 15:50:00-05:00,2022-02-01 15:51:00-05:00,15665.8,15605.9,15905.399999999998,2022-02-02 10:35:00-05:00,15605.9,SL,-1.0
2022-02-03,LONG,15463.0,15424.4,2022-02-03 10:14:00-05:00,2022-02-03 10:15:00-05:00,15462.6,15424.4,15615.400000000003,2022-02-03 10:47:00-05:00,15424.4,SL,-1.0
2022-02-04,LONG,15145.0,15085.0,2022-02-04 10:15:00-05:00,2022-02-04 10:16:00-05:00,15151.1,15085.0,15415.500000000002,2022-02-04 10:45:00-05:00,15085.0,SL,-1.0
2022-02-07,LONG,15216.6,15178.3,2022-02-07 09:51:00-05:00,2022-02-07 09:52:00-05:00,15221.3,15178.3,15393.3,2022-02-07 11:39:00-05:00,15178.3,SL,-1.0
2022-02-08,LONG,15212.0,15166.4,2022-02-08 09:48:00-05:00,2022-02-08 09:49:00-05:00,15215.1,15166.4,15409.900000000003,2022-02-08 10:01:00-05:00,15166.4,SL,-1.0
2022-02-09,LONG,15511.0,15488.8,2022-02-09 14:17:00-05:00,2022-02-09 14:18:00-05:00,15511.6,15488.8,15602.800000000005,2022-02-09 15:06:00-05:00,15488.8,SL,-1.0
2022-02-10,LONG,15488.5,15417.9,2022-02-10 09:45:00-05:00,2022-02-10 09:46:00-05:00,15498.4,15417.9,15820.4,2022-02-10 13:32:00-05:00,15417.9,SL,-1.0
2022-02-11,LONG,15480.8,15448.2,2022-02-11 09:45:00-05:00,2022-02-11 09:46:00-05:00,15495.4,15448.2,15684.199999999995,2022-02-11 09:56:00-05:00,15448.2,SL,-1.0
2022-02-14,LONG,15115.1,15047.7,2022-02-14 11:35:00-05:00,2022-02-14 11:36:00-05:00,15128.6,15047.7,15452.199999999999,2022-02-14 13:50:00-05:00,15047.7,SL,-1.0
2022-02-15,LONG,15386.2,15340.8,2022-02-15 10:38:00-05:00,2022-02-15 10:39:00-05:00,15386.6,15340.8,15569.800000000005,2022-02-16 09:12:00-05:00,15340.8,SL,-1.0
2022-02-16,LONG,15378.9,15351.3,2022-02-16 10:51:00-05:00,2022-02-16 10:52:00-05:00,15379.3,15351.3,15491.3,2022-02-16 11:44:00-05:00,15351.3,SL,-1.0
2022-02-17,LONG,15313.4,15269.5,2022-02-17 22:47:00-05:00,2022-02-17 22:48:00-05:00,15315.2,15269.5,15498.000000000004,2022-02-18 02:00:00-05:00,15269.5,SL,-1.0
2022-02-18,LONG,15125.0,15058.8,2022-02-18 09:50:00-05:00,2022-02-18 09:51:00-05:00,15129.9,15058.8,15414.300000000001,2022-02-18 10:31:00-05:00,15058.8,SL,-1.0
2022-02-21,LONG,14816.4,14725.9,2022-02-21 10:15:00-05:00,2022-02-21 10:16:00-05:00,14817.6,14725.9,15184.400000000003,2022-02-21 11:29:00-05:00,14725.9,SL,-1.0
2022-02-22,LONG,14754.8,14675.9,2022-02-22 09:53:00-05:00,2022-02-22 09:54:00-05:00,14775.9,14675.9,15175.9,2022-02-22 11:14:00-05:00,14675.9,SL,-1.0
2022-02-24,LONG,13980.8,13879.7,2022-02-24 09:50:00-05:00,2022-02-24 09:51:00-05:00,14010.9,13879.7,14535.699999999995,2022-02-25 11:11:00-05:00,14535.699999999995,TP,4.0
2022-02-25,LONG,14489.2,14415.6,2022-02-25 11:12:00-05:00,2022-02-25 11:13:00-05:00,14549.4,14415.6,15084.599999999997,2022-02-27 19:15:00-05:00,14415.6,SL,-1.0
2022-02-28,LONG,14275.5,14219.6,2022-02-28 09:53:00-05:00,2022-02-28 09:54:00-05:00,14282.6,14219.6,14534.6,2022-02-28 14:08:00-05:00,14219.6,SL,-1.0
2022-03-02,LONG,13957.5,13891.3,2022-03-02 09:46:00-05:00,2022-03-02 09:47:00-05:00,13968.3,13891.3,14276.3,2022-03-03 03:42:00-05:00,13891.3,SL,-1.0
2022-03-08,LONG,12969.0,12836.1,2022-03-08 12:02:00-05:00,2022-03-08 12:03:00-05:00,12973.7,12836.1,13524.100000000002,2022-03-09 05:43:00-05:00,13524.100000000002,TP,4.0
2022-03-09,LONG,13648.1,13582.6,2022-03-09 10:12:00-05:00,2022-03-09 10:13:00-05:00,13652.4,13582.6,13931.599999999997,2022-03-09 12:01:00-05:00,13931.599999999997,TP,4.0
2022-03-10,LONG,13473.2,13387.3,2022-03-10 09:53:00-05:00,2022-03-10 09:54:00-05:00,13487.2,13387.3,13886.800000000007,2022-03-10 20:24:00-05:00,13387.3,SL,-1.0
2022-03-14,LONG,13939.8,13850.6,2022-03-14 09:48:00-04:00,2022-03-14 09:49:00-04:00,13940.8,13850.6,14301.599999999995,2022-03-14 14:32:00-04:00,13850.6,SL,-1.0
2022-03-15,LONG,13879.2,13812.8,2022-03-15 10:11:00-04:00,2022-03-15 10:12:00-04:00,13884.3,13812.8,14170.3,2022-03-15 10:42:00-04:00,13812.8,SL,-1.0
2022-03-16,LONG,14369.1,14307.9,2022-03-16 11:14:00-04:00,2022-03-16 11:15:00-04:00,14373.4,14307.9,14635.4,2022-03-16 15:10:00-04:00,14307.9,SL,-1.0
2022-03-17,LONG,14305.6,14271.9,2022-03-17 10:45:00-04:00,2022-03-17 10:46:00-04:00,14310.8,14271.9,14466.399999999998,2022-03-17 11:48:00-04:00,14271.9,SL,-1.0
2022-03-18,LONG,14272.0,14212.6,2022-03-18 10:45:00-04:00,2022-03-18 10:46:00-04:00,14273.5,14212.6,14517.099999999999,2022-03-22 14:15:00-04:00,14517.099999999999,TP,4.0
2022-03-22,LONG,14425.3,14403.2,2022-03-22 14:16:00-04:00,2022-03-22 14:17:00-04:00,14507.7,14403.2,14925.7,2022-03-23 06:47:00-04:00,14403.2,SL,-1.0
2022-03-23,LONG,14318.1,14296.1,2022-03-23 11:15:00-04:00,2022-03-23 11:16:00-04:00,14321.2,14296.1,14421.600000000002,2022-03-23 11:42:00-04:00,14296.1,SL,-1.0
2022-03-24,LONG,14274.4,14237.0,2022-03-24 12:07:00-04:00,2022-03-24 12:08:00-04:00,14275.0,14237.0,14427.0,2022-03-25 11:48:00-04:00,14427.0,TP,4.0
2022-03-25,LONG,14415.2,14384.6,2022-03-25 11:49:00-04:00,2022-03-25 11:50:00-04:00,14422.5,14384.6,14574.099999999999,2022-03-25 12:00:00-04:00,14384.6,SL,-1.0
2022-03-28,LONG,14550.7,14494.8,2022-03-28 20:40:00-04:00,2022-03-28 20:41:00-04:00,14556.2,14494.8,14801.800000000007,2022-03-29 07:52:00-04:00,14801.800000000007,TP,4.0
2022-03-30,LONG,14633.5,14584.2,2022-03-30 20:40:00-04:00,2022-03-30 20:41:00-04:00,14638.1,14584.2,14853.699999999999,2022-03-31 04:38:00-04:00,14584.2,SL,-1.0
2022-04-04,LONG,14479.8,14445.3,2022-04-04 09:50:00-04:00,2022-04-04 09:51:00-04:00,14489.2,14445.3,14664.800000000007,2022-04-05 06:09:00-04:00,14445.3,SL,-1.0
2022-04-05,LONG,14453.7,14407.4,2022-04-05 09:46:00-04:00,2022-04-05 09:47:00-04:00,14458.7,14407.4,14663.900000000005,2022-04-05 10:07:00-04:00,14407.4,SL,-1.0
2022-04-06,LONG,14126.6,14060.9,2022-04-06 11:20:00-04:00,2022-04-06 11:21:00-04:00,14130.7,14060.9,14409.900000000005,2022-04-07 11:30:00-04:00,14060.9,SL,-1.0
2022-04-07,LONG,14220.4,14169.7,2022-04-07 15:00:00-04:00,2022-04-07 15:01:00-04:00,14221.9,14169.7,14430.699999999995,2022-04-07 20:29:00-04:00,14169.7,SL,-1.0
2022-04-08,LONG,14212.1,14182.4,2022-04-08 10:03:00-04:00,2022-04-08 10:04:00-04:00,14220.6,14182.4,14373.400000000003,2022-04-10 20:10:00-04:00,14182.4,SL,-1.0
2022-04-11,LONG,14212.1,14145.2,2022-04-11 09:50:00-04:00,2022-04-11 09:51:00-04:00,14216.9,14145.2,14503.699999999995,2022-04-11 14:19:00-04:00,14145.2,SL,-1.0
2022-04-12,LONG,14129.1,14078.2,2022-04-12 09:46:00-04:00,2022-04-12 09:47:00-04:00,14132.7,14078.2,14350.7,2022-04-12 11:00:00-04:00,14078.2,SL,-1.0
2022-04-13,LONG,14040.6,13972.5,2022-04-13 10:15:00-04:00,2022-04-13 10:16:00-04:00,14042.9,13972.5,14324.499999999998,2022-04-20 05:46:00-04:00,14324.499999999998,TP,4.0
2022-04-20,LONG,14354.1,14308.9,2022-04-20 10:41:00-04:00,2022-04-20 10:42:00-04:00,14354.1,14308.9,14534.900000000003,2022-04-20 14:52:00-04:00,14308.9,SL,-1.0
2022-04-25,LONG,14014.2,13965.1,2022-04-25 10:36:00-04:00,2022-04-25 10:37:00-04:00,14019.9,13965.1,14239.099999999997,2022-04-25 10:51:00-04:00,13965.1,SL,-1.0
2022-04-27,LONG,13828.9,13753.3,2022-04-27 09:47:00-04:00,2022-04-27 09:48:00-04:00,13835.1,13753.3,14162.300000000005,2022-04-27 10:03:00-04:00,13753.3,SL,-1.0
2022-04-28,LONG,13993.8,13931.3,2022-04-28 12:17:00-04:00,2022-04-28 12:18:00-04:00,13996.4,13931.3,14256.800000000001,2022-04-29 15:47:00-04:00,13931.3,SL,-1.0
2022-05-02,LONG,14004.7,13910.8,2022-05-02 10:31:00-04:00,2022-05-02 10:32:00-04:00,14010.2,13910.8,14407.800000000007,2022-05-02 11:03:00-04:00,13910.8,SL,-1.0
2022-05-03,LONG,13968.4,13928.0,2022-05-03 10:00:00-04:00,2022-05-03 10:01:00-04:00,13972.2,13928.0,14149.000000000004,2022-05-04 14:54:00-04:00,14149.000000000004,TP,4.0
2022-05-04,LONG,14067.8,14043.0,2022-05-04 14:55:00-04:00,2022-05-04 14:56:00-04:00,14145.0,14043.0,14553.0,2022-05-05 10:04:00-04:00,14043.0,SL,-1.0
2022-05-06,LONG,13724.0,13620.5,2022-05-06 10:58:00-04:00,2022-05-06 10:59:00-04:00,13731.5,13620.5,14175.5,2022-05-06 11:47:00-04:00,13620.5,SL,-1.0
2022-05-11,LONG,13712.7,13607.0,2022-05-11 09:46:00-04:00,2022-05-11 09:47:00-04:00,13723.7,13607.0,14190.500000000004,2022-05-11 15:50:00-04:00,13607.0,SL,-1.0
2022-05-12,LONG,13596.7,13529.7,2022-05-12 09:46:00-04:00,2022-05-12 09:47:00-04:00,13598.5,13529.7,13873.699999999997,2022-05-12 21:21:00-04:00,13873.699999999997,TP,4.0
2022-05-13,LONG,13930.4,13899.2,2022-05-13 09:52:00-04:00,2022-05-13 09:53:00-04:00,13934.0,13899.2,14073.199999999997,2022-05-15 19:15:00-04:00,14073.199999999997,TP,4.0
2022-05-16,LONG,13929.0,13876.2,2022-05-16 10:11:00-04:00,2022-05-16 10:12:00-04:00,13931.1,13876.2,14150.699999999999,2022-05-17 03:47:00-04:00,14150.699999999999,TP,4.0
2022-05-17,LONG,14202.8,14168.4,2022-05-17 12:35:00-04:00,2022-05-17 12:36:00-04:00,14202.1,14168.4,14336.900000000003,2022-05-17 14:20:00-04:00,14168.4,SL,-1.0
2022-05-19,LONG,13833.5,13758.6,2022-05-19 10:05:00-04:00,2022-05-19 10:06:00-04:00,13835.7,13758.6,14144.100000000002,2022-05-20 05:16:00-04:00,14144.100000000002,TP,4.0
2022-05-23,LONG,14099.3,14055.1,2022-05-23 09:45:00-04:00,2022-05-23 09:46:00-04:00,14100.2,14055.1,14280.600000000002,2022-05-23 10:02:00-04:00,14055.1,SL,-1.0
2022-05-24,LONG,14061.9,14009.4,2022-05-24 19:15:00-04:00,2022-05-24 19:16:00-04:00,14068.4,14009.4,14304.4,2022-05-24 20:15:00-04:00,14009.4,SL,-1.0
2022-05-25,LONG,13988.4,13934.5,2022-05-25 09:45:00-04:00,2022-05-25 09:46:00-04:00,13995.9,13934.5,14241.499999999998,2022-05-26 11:16:00-04:00,14241.499999999998,TP,4.0
2022-05-26,LONG,14189.6,14104.0,2022-05-26 11:17:00-04:00,2022-05-26 11:18:00-04:00,14244.8,14104.0,14807.999999999996,2022-06-09 15:46:00-04:00,14104.0,SL,-1.0
2022-06-13,LONG,13511.4,13439.9,2022-06-13 12:33:00-04:00,2022-06-13 12:34:00-04:00,13521.3,13439.9,13846.899999999998,2022-06-13 15:30:00-04:00,13439.9,SL,-1.0
2022-06-14,LONG,13446.0,13363.4,2022-06-14 09:58:00-04:00,2022-06-14 09:59:00-04:00,13451.9,13363.4,13805.9,2022-06-14 10:20:00-04:00,13363.4,SL,-1.0
2022-06-15,LONG,13544.2,13497.3,2022-06-15 09:50:00-04:00,2022-06-15 09:51:00-04:00,13546.5,13497.3,13743.300000000003,2022-06-15 11:19:00-04:00,13497.3,SL,-1.0
2022-06-16,LONG,13105.4,13053.8,2022-06-16 22:44:00-04:00,2022-06-16 22:45:00-04:00,13109.7,13053.8,13333.300000000007,2022-06-17 03:11:00-04:00,13053.8,SL,-1.0
2022-06-17,LONG,13158.3,13093.8,2022-06-17 09:45:00-04:00,2022-06-17 09:46:00-04:00,13157.3,13093.8,13411.3,2022-06-17 10:20:00-04:00,13093.8,SL,-1.0
2022-06-20,LONG,13211.1,13194.5,2022-06-20 09:55:00-04:00,2022-06-20 09:56:00-04:00,13214.5,13194.5,13294.5,2022-06-20 22:01:00-04:00,13294.5,TP,4.0
2022-06-21,LONG,13316.6,13269.6,2022-06-21 09:59:00-04:00,2022-06-21 10:00:00-04:00,13319.3,13269.6,13518.099999999995,2022-06-21 11:40:00-04:00,13269.6,SL,-1.0
2022-06-22,LONG,13077.6,13027.2,2022-06-22 09:52:00-04:00,2022-06-22 09:53:00-04:00,13080.8,13027.2,13295.199999999993,2022-06-23 03:16:00-04:00,13027.2,SL,-1.0
2022-06-23,LONG,12997.4,12954.2,2022-06-23 21:15:00-04:00,2022-06-23 21:16:00-04:00,12999.6,12954.2,13181.199999999999,2022-06-24 03:02:00-04:00,12954.2,SL,-1.0
2022-06-24,LONG,13049.1,13017.4,2022-06-24 09:45:00-04:00,2022-06-24 09:46:00-04:00,13052.9,13017.4,13194.9,2022-06-24 15:53:00-04:00,13194.9,TP,4.0
2022-06-27,LONG,13202.5,13141.5,2022-06-27 11:24:00-04:00,2022-06-27 11:25:00-04:00,13202.2,13141.5,13445.000000000004,2022-06-27 13:45:00-04:00,13141.5,SL,-1.0
2022-06-30,LONG,12705.7,12641.1,2022-06-30 10:37:00-04:00,2022-06-30 10:38:00-04:00,12705.3,12641.1,12962.099999999995,2022-07-01 03:00:00-04:00,12641.1,SL,-1.0
2022-07-01,LONG,12828.2,12763.5,2022-07-01 09:45:00-04:00,2022-07-01 09:46:00-04:00,12834.1,12763.5,13116.500000000002,2022-07-01 10:38:00-04:00,12763.5,SL,-1.0
2022-07-04,LONG,12826.7,12798.8,2022-07-04 19:15:00-04:00,2022-07-04 19:16:00-04:00,12868.5,12798.8,13147.300000000003,2022-07-05 04:06:00-04:00,12798.8,SL,-1.0
2022-07-05,LONG,12481.3,12434.5,2022-07-05 09:47:00-04:00,2022-07-05 09:48:00-04:00,12487.2,12434.5,12698.000000000004,2022-07-05 11:00:00-04:00,12434.5,SL,-1.0
2022-07-06,LONG,12628.8,12595.4,2022-07-06 10:03:00-04:00,2022-07-06 10:04:00-04:00,12632.0,12595.4,12778.400000000001,2022-07-06 11:03:00-04:00,12595.4,SL,-1.0
2022-07-07,LONG,12863.8,12797.5,2022-07-07 09:49:00-04:00,2022-07-07 09:50:00-04:00,12863.9,12797.5,13129.499999999998,2022-07-07 10:21:00-04:00,12797.5,SL,-1.0
2022-07-08,LONG,12971.0,12923.7,2022-07-08 10:27:00-04:00,2022-07-08 10:28:00-04:00,12982.8,12923.7,13219.199999999993,2022-07-10 21:21:00-04:00,12923.7,SL,-1.0
2022-07-12,LONG,12826.3,12768.1,2022-07-12 10:19:00-04:00,2022-07-12 10:20:00-04:00,12829.1,12768.1,13073.1,2022-07-13 03:17:00-04:00,12768.1,SL,-1.0
2022-07-13,LONG,12747.2,12671.0,2022-07-13 10:51:00-04:00,2022-07-13 10:52:00-04:00,12747.4,12671.0,13052.999999999998,2022-07-14 04:31:00-04:00,12671.0,SL,-1.0
2022-07-14,LONG,12570.0,12483.6,2022-07-14 11:57:00-04:00,2022-07-14 11:58:00-04:00,12570.0,12483.6,12915.599999999999,2022-07-14 12:48:00-04:00,12483.6,SL,-1.0
2022-07-15,LONG,12800.1,12756.2,2022-07-15 10:16:00-04:00,2022-07-15 10:17:00-04:00,12806.8,12756.2,13009.199999999993,2022-07-18 03:34:00-04:00,13009.199999999993,TP,4.0
2022-07-19,LONG,13074.8,13039.1,2022-07-19 09:57:00-04:00,2022-07-19 09:58:00-04:00,13079.8,13039.1,13242.599999999995,2022-07-19 10:17:00-04:00,13242.599999999995,TP,4.0
2022-07-20,LONG,13246.5,13191.1,2022-07-20 10:24:00-04:00,2022-07-20 10:25:00-04:00,13251.9,13191.1,13495.099999999997,2022-07-20 13:09:00-04:00,13191.1,SL,-1.0
2022-07-21,LONG,13164.4,13107.9,2022-07-21 09:48:00-04:00,2022-07-21 09:49:00-04:00,13180.5,13107.9,13470.900000000001,2022-07-26 06:22:00-04:00,13107.9,SL,-1.0
2022-07-26,LONG,13116.6,13078.9,2022-07-26 10:04:00-04:00,2022-07-26 10:05:00-04:00,13123.2,13078.9,13300.400000000005,2022-07-26 10:24:00-04:00,13078.9,SL,-1.0
2022-07-27,LONG,13154.3,13116.8,2022-07-27 09:45:00-04:00,2022-07-27 09:46:00-04:00,13156.2,13116.8,13313.800000000007,2022-07-27 13:06:00-04:00,13116.8,SL,-1.0
2022-07-28,LONG,13259.8,13213.3,2022-07-28 11:05:00-04:00,2022-07-28 11:06:00-04:00,13264.4,13213.3,13468.800000000001,2022-07-29 09:41:00-04:00,13468.800000000001,TP,4.0
2022-07-29,LONG,13481.4,13423.5,2022-07-29 09:45:00-04:00,2022-07-29 09:46:00-04:00,13487.8,13423.5,13744.999999999996,2022-08-01 01:40:00-04:00,13423.5,SL,-1.0
2022-08-01,LONG,13512.5,13465.6,2022-08-01 09:50:00-04:00,2022-08-01 09:51:00-04:00,13517.1,13465.6,13723.1,2022-08-01 11:19:00-04:00,13465.6,SL,-1.0
2022-08-02,LONG,13466.2,13426.3,2022-08-02 10:52:00-04:00,2022-08-02 10:53:00-04:00,13473.1,13426.3,13660.300000000005,2022-08-02 13:36:00-04:00,13426.3,SL,-1.0
2022-08-03,LONG,13525.5,13500.3,2022-08-03 10:04:00-04:00,2022-08-03 10:05:00-04:00,13532.5,13500.3,13661.300000000003,2022-08-03 10:19:00-04:00,13500.3,SL,-1.0
2022-08-05,LONG,13633.0,13595.9,2022-08-05 10:13:00-04:00,2022-08-05 10:14:00-04:00,13639.3,13595.9,13812.899999999998,2022-08-05 11:08:00-04:00,13595.9,SL,-1.0
2022-08-09,LONG,13573.8,13536.5,2022-08-09 10:48:00-04:00,2022-08-09 10:49:00-04:00,13575.2,13536.5,13730.000000000004,2022-08-09 11:00:00-04:00,13536.5,SL,-1.0
2022-08-10,LONG,13682.0,13639.4,2022-08-10 11:00:00-04:00,2022-08-10 11:01:00-04:00,13687.1,13639.4,13877.900000000003,2022-08-11 14:53:00-04:00,13639.4,SL,-1.0
2022-08-12,LONG,13781.7,13745.8,2022-08-12 09:45:00-04:00,2022-08-12 09:46:00-04:00,13783.1,13745.8,13932.300000000005,2022-08-15 08:37:00-04:00,13745.8,SL,-1.0
2022-08-15,LONG,13785.8,13762.0,2022-08-15 09:46:00-04:00,2022-08-15 09:47:00-04:00,13791.2,13762.0,13908.000000000004,2022-08-16 04:10:00-04:00,13908.000000000004,TP,4.0
2022-08-16,LONG,13864.9,13834.8,2022-08-16 10:51:00-04:00,2022-08-16 10:52:00-04:00,13869.3,13834.8,14007.3,2022-08-17 05:35:00-04:00,13834.8,SL,-1.0
2022-08-17,LONG,13700.1,13661.3,2022-08-17 14:14:00-04:00,2022-08-17 14:15:00-04:00,13701.5,13661.3,13862.300000000003,2022-08-17 15:11:00-04:00,13661.3,SL,-1.0
2022-08-18,LONG,13684.4,13647.4,2022-08-18 10:48:00-04:00,2022-08-18 10:49:00-04:00,13685.5,13647.4,13837.900000000001,2022-08-18 21:32:00-04:00,13647.4,SL,-1.0
2022-08-22,LONG,13249.2,13208.5,2022-08-22 12:03:00-04:00,2022-08-22 12:04:00-04:00,13249.4,13208.5,13412.999999999998,2022-08-22 13:34:00-04:00,13208.5,SL,-1.0
2022-08-23,LONG,13234.3,13192.7,2022-08-23 09:48:00-04:00,2022-08-23 09:49:00-04:00,13236.2,13192.7,13410.2,2022-08-23 11:01:00-04:00,13192.7,SL,-1.0
2022-08-24,LONG,13216.2,13162.5,2022-08-24 10:25:00-04:00,2022-08-24 10:26:00-04:00,13226.5,13162.5,13482.5,2022-08-26 10:01:00-04:00,13162.5,SL,-1.0
2022-08-29,LONG,12891.5,12843.0,2022-08-29 09:55:00-04:00,2022-08-29 09:56:00-04:00,12904.0,12843.0,13148.0,2022-08-30 06:08:00-04:00,13148.0,TP,4.0
2022-08-31,LONG,12964.8,12916.3,2022-08-31 09:47:00-04:00,2022-08-31 09:48:00-04:00,12980.2,12916.3,13235.800000000007,2022-08-31 10:04:00-04:00,12916.3,SL,-1.0
2022-09-01,LONG,12686.7,12643.6,2022-09-01 13:24:00-04:00,2022-09-01 13:25:00-04:00,12704.5,12643.6,12948.099999999999,2022-09-02 09:23:00-04:00,12948.099999999999,TP,4.0
2022-09-02,LONG,12953.3,12878.6,2022-09-02 09:50:00-04:00,2022-09-02 09:51:00-04:00,12958.8,12878.6,13279.599999999995,2022-09-02 12:30:00-04:00,12878.6,SL,-1.0
2022-09-05,LONG,12788.0,12759.0,2022-09-05 09:49:00-04:00,2022-09-05 09:50:00-04:00,12795.1,12759.0,12939.500000000002,2022-09-05 10:06:00-04:00,12759.0,SL,-1.0
2022-09-06,LONG,12905.9,12849.4,2022-09-06 11:08:00-04:00,2022-09-06 11:09:00-04:00,12913.7,12849.4,13170.900000000005,2022-09-06 11:31:00-04:00,12849.4,SL,-1.0
2022-09-07,LONG,12878.8,12810.6,2022-09-07 09:47:00-04:00,2022-09-07 09:48:00-04:00,12880.2,12810.6,13158.600000000002,2022-09-08 07:37:00-04:00,12810.6,SL,-1.0
2022-09-08,LONG,12793.5,12686.3,2022-09-08 09:54:00-04:00,2022-09-08 09:55:00-04:00,12795.6,12686.3,13232.800000000005,2022-09-12 03:26:00-04:00,13232.800000000005,TP,4.0
2022-09-12,LONG,13364.7,13343.0,2022-09-12 09:49:00-04:00,2022-09-12 09:50:00-04:00,13365.9,13343.0,13457.499999999998,2022-09-12 11:56:00-04:00,13343.0,SL,-1.0
2022-09-13,LONG,13285.9,13239.3,2022-09-13 09:47:00-04:00,2022-09-13 09:48:00-04:00,13290.1,13239.3,13493.300000000005,2022-09-13 10:32:00-04:00,13239.3,SL,-1.0
2022-09-14,LONG,13038.5,12977.9,2022-09-14 09:45:00-04:00,2022-09-14 09:46:00-04:00,13041.9,12977.9,13297.9,2022-09-14 10:26:00-04:00,12977.9,SL,-1.0
2022-09-15,LONG,12987.6,12926.3,2022-09-15 09:49:00-04:00,2022-09-15 09:50:00-04:00,12994.4,12926.3,13266.800000000001,2022-09-15 15:12:00-04:00,12926.3,SL,-1.0
2022-09-16,LONG,12753.6,12719.9,2022-09-16 10:06:00-04:00,2022-09-16 10:07:00-04:00,12757.7,12719.9,12908.900000000005,2022-09-16 11:29:00-04:00,12719.9,SL,-1.0
2022-09-19,LONG,12745.2,12668.4,2022-09-19 09:45:00-04:00,2022-09-19 09:46:00-04:00,12750.2,12668.4,13077.400000000005,2022-09-20 09:38:00-04:00,12668.4,SL,-1.0
2022-09-20,LONG,12697.7,12646.4,2022-09-20 11:56:00-04:00,2022-09-20 11:57:00-04:00,12703.3,12646.4,12930.899999999998,2022-09-20 12:33:00-04:00,12646.4,SL,-1.0
2022-09-21,LONG,12699.8,12659.9,2022-09-21 09:47:00-04:00,2022-09-21 09:48:00-04:00,12705.3,12659.9,12886.899999999998,2022-09-21 14:04:00-04:00,12659.9,SL,-1.0
2022-09-26,LONG,12341.0,12282.3,2022-09-26 10:16:00-04:00,2022-09-26 10:17:00-04:00,12355.2,12282.3,12646.800000000007,2022-09-26 11:05:00-04:00,12282.3,SL,-1.0
2022-09-28,LONG,12122.9,12050.8,2022-09-28 09:51:00-04:00,2022-09-28 09:52:00-04:00,12123.9,12050.8,12416.300000000001,2022-09-29 03:17:00-04:00,12050.8,SL,-1.0
2022-09-29,LONG,12010.0,11938.1,2022-09-29 11:53:00-04:00,2022-09-29 11:54:00-04:00,12012.2,11938.1,12308.600000000002,2022-09-29 13:53:00-04:00,11938.1,SL,-1.0
2022-09-30,LONG,12061.4,11996.9,2022-09-30 09:53:00-04:00,2022-09-30 09:54:00-04:00,12074.7,11996.9,12385.900000000005,2022-09-30 14:06:00-04:00,11996.9,SL,-1.0
2022-10-03,LONG,12154.4,12099.3,2022-10-03 09:46:00-04:00,2022-10-03 09:47:00-04:00,12162.6,12099.3,12415.800000000005,2022-10-04 03:12:00-04:00,12415.800000000005,TP,4.0
2022-10-04,LONG,12580.3,12543.6,2022-10-04 09:48:00-04:00,2022-10-04 09:49:00-04:00,12587.6,12543.6,12763.6,2022-10-05 04:23:00-04:00,12543.6,SL,-1.0
2022-10-05,LONG,12544.1,12506.2,2022-10-05 11:37:00-04:00,2022-10-05 11:38:00-04:00,12545.0,12506.2,12700.199999999997,2022-10-05 20:47:00-04:00,12700.199999999997,TP,4.0
2022-10-11,LONG,12205.5,12155.9,2022-10-11 11:03:00-04:00,2022-10-11 11:04:00-04:00,12217.2,12155.9,12462.400000000005,2022-10-11 14:56:00-04:00,12155.9,SL,-1.0
2022-10-13,LONG,12052.3,11993.9,2022-10-13 09:47:00-04:00,2022-10-13 09:48:00-04:00,12054.9,11993.9,12298.9,2022-10-13 11:17:00-04:00,12298.9,TP,4.0
2022-10-17,LONG,12708.8,12647.8,2022-10-17 09:48:00-04:00,2022-10-17 09:49:00-04:00,12708.4,12647.8,12950.800000000001,2022-10-17 10:51:00-04:00,12647.8,SL,-1.0
2022-10-18,LONG,12934.6,12892.0,2022-10-18 19:15:00-04:00,2022-10-18 19:16:00-04:00,12939.1,12892.0,13127.500000000002,2022-10-18 20:11:00-04:00,12892.0,SL,-1.0
2022-10-19,LONG,12780.2,12721.5,2022-10-19 10:21:00-04:00,2022-10-19 10:22:00-04:00,12785.7,12721.5,13042.500000000004,2022-10-19 12:41:00-04:00,12721.5,SL,-1.0
2022-10-20,LONG,12732.7,12693.0,2022-10-20 09:46:00-04:00,2022-10-20 09:47:00-04:00,12741.5,12693.0,12935.5,2022-10-20 12:45:00-04:00,12693.0,SL,-1.0
2022-10-21,LONG,12671.9,12610.3,2022-10-21 09:45:00-04:00,2022-10-21 09:46:00-04:00,12680.7,12610.3,12962.300000000007,2022-10-24 07:47:00-04:00,12962.300000000007,TP,4.0
2022-10-24,LONG,12985.7,12940.4,2022-10-24 09:45:00-04:00,2022-10-24 09:46:00-04:00,13012.8,12940.4,13302.399999999998,2022-10-24 10:01:00-04:00,12940.4,SL,-1.0
2022-10-25,LONG,12922.5,12881.7,2022-10-25 09:45:00-04:00,2022-10-25 09:46:00-04:00,12929.5,12881.7,13120.699999999997,2022-10-26 04:04:00-04:00,13120.699999999997,TP,4.0
2022-10-26,LONG,13100.0,13050.0,2022-10-26 09:48:00-04:00,2022-10-26 09:49:00-04:00,13108.9,13050.0,13344.499999999998,2022-10-28 03:54:00-04:00,13050.0,SL,-1.0
2022-10-28,LONG,13210.8,13149.3,2022-10-28 09:51:00-04:00,2022-10-28 09:52:00-04:00,13219.9,13149.3,13502.300000000001,2022-11-02 16:52:00-04:00,13149.3,SL,-1.0
2022-11-03,LONG,13064.1,13027.5,2022-11-03 10:33:00-04:00,2022-11-03 10:34:00-04:00,13071.4,13027.5,13246.999999999998,2022-11-04 06:00:00-04:00,13246.999999999998,TP,4.0
2022-11-04,LONG,13397.5,13252.3,2022-11-04 09:59:00-04:00,2022-11-04 10:00:00-04:00,13400.2,13252.3,13991.800000000007,2022-11-10 08:31:00-05:00,13991.800000000007,TP,4.0
2022-11-10,LONG,14065.3,13981.3,2022-11-10 09:58:00-05:00,2022-11-10 09:59:00-05:00,14066.8,13981.3,14408.8,2022-11-14 10:15:00-05:00,14408.8,TP,4.0
2022-11-14,LONG,14328.3,14308.7,2022-11-14 10:16:00-05:00,2022-11-14 10:17:00-05:00,14425.0,14308.7,14890.199999999997,2022-11-14 11:13:00-05:00,14308.7,SL,-1.0
2022-11-15,LONG,14388.8,14342.8,2022-11-15 11:38:00-05:00,2022-11-15 11:39:00-05:00,14394.6,14342.8,14601.800000000005,2022-11-15 13:20:00-05:00,14342.8,SL,-1.0
2022-11-17,LONG,14216.8,14176.2,2022-11-17 09:50:00-05:00,2022-11-17 09:51:00-05:00,14217.8,14176.2,14384.199999999993,2022-11-18 04:04:00-05:00,14384.199999999993,TP,4.0
2022-11-18,LONG,14424.3,14386.7,2022-11-18 11:28:00-05:00,2022-11-18 11:29:00-05:00,14427.1,14386.7,14588.699999999999,2022-11-18 12:16:00-05:00,14386.7,SL,-1.0
2022-11-21,LONG,14402.7,14370.2,2022-11-21 09:47:00-05:00,2022-11-21 09:48:00-05:00,14411.9,14370.2,14578.699999999995,2022-11-21 10:21:00-05:00,14370.2,SL,-1.0
2022-11-22,LONG,14434.5,14403.7,2022-11-22 10:01:00-05:00,2022-11-22 10:02:00-05:00,14437.7,14403.7,14573.7,2022-11-23 03:29:00-05:00,14403.7,SL,-1.0
2022-11-23,LONG,14419.8,14397.1,2022-11-23 09:45:00-05:00,2022-11-23 09:46:00-05:00,14424.4,14397.1,14533.599999999997,2022-11-23 11:55:00-05:00,14397.1,SL,-1.0
2022-11-24,LONG,14523.9,14513.0,2022-11-24 10:04:00-05:00,2022-11-24 10:05:00-05:00,14524.3,14513.0,14569.499999999996,2022-11-25 02:27:00-05:00,14569.499999999996,TP,4.0
2022-11-25,LONG,14535.8,14521.3,2022-11-25 09:52:00-05:00,2022-11-25 09:53:00-05:00,14536.8,14521.3,14598.8,2022-11-25 10:02:00-05:00,14521.3,SL,-1.0
2022-11-29,LONG,14391.8,14349.5,2022-11-29 10:26:00-05:00,2022-11-29 10:27:00-05:00,14395.0,14349.5,14577.0,2022-11-29 11:18:00-05:00,14349.5,SL,-1.0
2022-11-30,LONG,14406.2,14380.2,2022-11-30 11:22:00-05:00,2022-11-30 11:23:00-05:00,14408.9,14380.2,14523.699999999995,2022-11-30 12:07:00-05:00,14380.2,SL,-1.0
2022-12-02,LONG,14503.5,14476.7,2022-12-02 09:58:00-05:00,2022-12-02 09:59:00-05:00,14506.2,14476.7,14624.2,2022-12-05 03:04:00-05:00,14476.7,SL,-1.0
2022-12-05,LONG,14468.7,14425.3,2022-12-05 11:06:00-05:00,2022-12-05 11:07:00-05:00,14472.8,14425.3,14662.8,2022-12-05 13:23:00-05:00,14425.3,SL,-1.0
2022-12-07,LONG,14323.2,14271.8,2022-12-07 10:29:00-05:00,2022-12-07 10:30:00-05:00,14328.0,14271.8,14552.800000000003,2022-12-07 11:29:00-05:00,14271.8,SL,-1.0
2022-12-08,LONG,14236.2,14201.1,2022-12-08 09:51:00-05:00,2022-12-08 09:52:00-05:00,14242.1,14201.1,14406.1,2022-12-13 05:33:00-05:00,14406.1,TP,4.0
2022-12-13,LONG,14663.5,14598.2,2022-12-13 09:54:00-05:00,2022-12-13 09:55:00-05:00,14666.4,14598.2,14939.199999999995,2022-12-13 10:24:00-05:00,14598.2,SL,-1.0
2022-12-14,LONG,14437.9,14415.1,2022-12-14 09:51:00-05:00,2022-12-14 09:52:00-05:00,14442.9,14415.1,14554.099999999997,2022-12-14 14:02:00-05:00,14415.1,SL,-1.0
2022-12-16,LONG,13936.1,13905.3,2022-12-16 09:49:00-05:00,2022-12-16 09:50:00-05:00,13937.2,13905.3,14064.800000000007,2022-12-16 10:00:00-05:00,13905.3,SL,-1.0
2022-12-20,LONG,13885.9,13851.6,2022-12-20 10:02:00-05:00,2022-12-20 10:03:00-05:00,13888.1,13851.6,14034.1,2022-12-21 09:42:00-05:00,14034.1,TP,4.0
2022-12-21,LONG,14036.1,14009.8,2022-12-21 09:47:00-05:00,2022-12-21 09:48:00-05:00,14037.2,14009.8,14146.800000000007,2022-12-22 03:17:00-05:00,14146.800000000007,TP,4.0
2022-12-23,LONG,13926.3,13869.3,2022-12-23 10:16:00-05:00,2022-12-23 10:17:00-05:00,13929.8,13869.3,14171.8,2022-12-28 19:17:00-05:00,13869.3,SL,-1.0
2022-12-29,LONG,14027.5,13995.4,2022-12-29 09:49:00-05:00,2022-12-29 09:50:00-05:00,14027.3,13995.4,14154.899999999998,2022-12-30 02:25:00-05:00,13995.4,SL,-1.0
2023-01-04,LONG,14482.3,14442.1,2023-01-04 11:25:00-05:00,2023-01-04 11:26:00-05:00,14482.6,14442.1,14644.6,2023-01-04 14:29:00-05:00,14442.1,SL,-1.0
2023-01-05,LONG,14446.8,14416.6,2023-01-05 10:07:00-05:00,2023-01-05 10:08:00-05:00,14454.3,14416.6,14605.099999999995,2023-01-06 03:15:00-05:00,14416.6,SL,-1.0
2023-01-06,LONG,14505.1,14444.4,2023-01-06 10:17:00-05:00,2023-01-06 10:18:00-05:00,14507.6,14444.4,14760.400000000003,2023-01-09 09:23:00-05:00,14760.400000000003,TP,4.0
2023-01-09,LONG,14768.2,14741.8,2023-01-09 09:45:00-05:00,2023-01-09 09:46:00-05:00,14769.5,14741.8,14880.300000000003,2023-01-09 15:13:00-05:00,14741.8,SL,-1.0
2023-01-10,LONG,14776.1,14741.5,2023-01-10 10:12:00-05:00,2023-01-10 10:13:00-05:00,14776.6,14741.5,14917.000000000002,2023-01-11 05:08:00-05:00,14917.000000000002,TP,4.0
2023-01-11,LONG,14946.0,14909.1,2023-01-11 10:07:00-05:00,2023-01-11 10:08:00-05:00,14948.4,14909.1,15105.599999999997,2023-01-12 12:17:00-05:00,15105.599999999997,TP,4.0
2023-01-12,LONG,15039.1,14983.7,2023-01-12 12:18:00-05:00,2023-01-12 12:19:00-05:00,15110.7,14983.7,15618.7,2023-01-19 05:35:00-05:00,14983.7,SL,-1.0
2023-01-19,LONG,14989.7,14957.1,2023-01-19 13:40:00-05:00,2023-01-19 13:41:00-05:00,14995.5,14957.1,15149.099999999999,2023-01-20 03:23:00-05:00,14957.1,SL,-1.0
2023-01-20,LONG,14996.8,14961.5,2023-01-20 09:56:00-05:00,2023-01-20 09:57:00-05:00,14996.8,14961.5,15137.999999999996,2023-01-23 03:08:00-05:00,15137.999999999996,TP,4.0
2023-01-23,LONG,15037.1,15020.5,2023-01-23 09:45:00-05:00,2023-01-23 09:46:00-05:00,15039.8,15020.5,15116.999999999996,2023-01-23 11:19:00-05:00,15116.999999999996,TP,4.0
2023-01-24,LONG,15056.5,15038.8,2023-01-24 09:47:00-05:00,2023-01-24 09:48:00-05:00,15059.4,15038.8,15141.800000000001,2023-01-24 09:58:00-05:00,15038.8,SL,-1.0
2023-01-25,LONG,15058.8,15025.0,2023-01-25 11:14:00-05:00,2023-01-25 11:15:00-05:00,15060.8,15025.0,15203.999999999996,2023-01-26 01:04:00-05:00,15203.999999999996,TP,4.0
2023-01-26,LONG,15133.9,15103.0,2023-01-26 10:26:00-05:00,2023-01-26 10:27:00-05:00,15136.4,15103.0,15269.999999999998,2023-01-27 08:02:00-05:00,15103.0,SL,-1.0
2023-01-27,LONG,15113.5,15090.6,2023-01-27 09:47:00-05:00,2023-01-27 09:48:00-05:00,15115.6,15090.6,15215.6,2023-01-30 01:51:00-05:00,15090.6,SL,-1.0
2023-01-30,LONG,15123.5,15095.0,2023-01-30 09:45:00-05:00,2023-01-30 09:46:00-05:00,15128.8,15095.0,15263.999999999996,2023-01-30 15:15:00-05:00,15095.0,SL,-1.0
2023-01-31,LONG,15085.6,15067.1,2023-01-31 09:53:00-05:00,2023-01-31 09:54:00-05:00,15084.9,15067.1,15156.099999999997,2023-01-31 14:50:00-05:00,15156.099999999997,TP,4.0
2023-02-01,LONG,15209.6,15178.3,2023-02-01 09:52:00-05:00,2023-02-01 09:53:00-05:00,15212.7,15178.3,15350.300000000007,2023-02-01 10:07:00-05:00,15178.3,SL,-1.0
2023-02-02,LONG,15472.3,15426.0,2023-02-02 10:30:00-05:00,2023-02-02 10:31:00-05:00,15473.6,15426.0,15664.000000000002,2023-02-02 16:30:00-05:00,15426.0,SL,-1.0
2023-02-03,LONG,15414.3,15368.9,2023-02-03 09:46:00-05:00,2023-02-03 09:47:00-05:00,15414.7,15368.9,15597.900000000005,2023-02-05 21:46:00-05:00,15368.9,SL,-1.0
2023-02-06,LONG,15369.5,15326.5,2023-02-06 19:16:00-05:00,2023-02-06 19:17:00-05:00,15371.1,15326.5,15549.500000000002,2023-02-07 03:07:00-05:00,15326.5,SL,-1.0
2023-02-07,LONG,15307.1,15271.3,2023-02-07 09:50:00-05:00,2023-02-07 09:51:00-05:00,15307.6,15271.3,15452.800000000005,2023-02-07 22:27:00-05:00,15452.800000000005,TP,4.0
2023-02-08,LONG,15487.8,15431.6,2023-02-08 20:48:00-05:00,2023-02-08 20:49:00-05:00,15487.6,15431.6,15711.6,2023-02-09 15:04:00-05:00,15431.6,SL,-1.0
2023-02-13,LONG,15385.2,15364.5,2023-02-13 09:50:00-05:00,2023-02-13 09:51:00-05:00,15386.1,15364.5,15472.500000000002,2023-02-14 08:25:00-05:00,15472.500000000002,TP,4.0
2023-02-14,LONG,15436.9,15374.0,2023-02-14 09:45:00-05:00,2023-02-14 09:46:00-05:00,15444.3,15374.0,15725.499999999996,2023-02-14 10:45:00-05:00,15374.0,SL,-1.0
2023-02-15,LONG,15483.2,15450.1,2023-02-15 09:47:00-05:00,2023-02-15 09:48:00-05:00,15485.0,15450.1,15624.599999999999,2023-02-16 03:15:00-05:00,15624.599999999999,TP,4.0
2023-02-16,LONG,15460.0,15413.0,2023-02-16 10:07:00-05:00,2023-02-16 10:08:00-05:00,15458.8,15413.0,15641.999999999996,2023-02-17 03:00:00-05:00,15413.0,SL,-1.0
2023-02-17,LONG,15468.8,15441.4,2023-02-17 10:03:00-05:00,2023-02-17 10:04:00-05:00,15474.6,15441.4,15607.400000000003,2023-02-20 04:35:00-05:00,15441.4,SL,-1.0
2023-02-22,LONG,15382.0,15353.5,2023-02-22 09:45:00-05:00,2023-02-22 09:46:00-05:00,15384.2,15353.5,15507.000000000004,2023-02-22 10:00:00-05:00,15353.5,SL,-1.0
2023-02-23,LONG,15527.0,15502.3,2023-02-23 09:47:00-05:00,2023-02-23 09:48:00-05:00,15539.9,15502.3,15690.300000000001,2023-02-23 10:47:00-05:00,15502.3,SL,-1.0
2023-02-28,LONG,15387.7,15364.2,2023-02-28 09:46:00-05:00,2023-02-28 09:47:00-05:00,15391.3,15364.2,15499.699999999993,2023-02-28 09:51:00-05:00,15364.2,SL,-1.0
2023-03-01,LONG,15406.6,15377.0,2023-03-01 09:55:00-05:00,2023-03-01 09:56:00-05:00,15410.5,15377.0,15544.5,2023-03-01 10:07:00-05:00,15377.0,SL,-1.0
2023-03-02,LONG,15290.1,15253.5,2023-03-02 09:51:00-05:00,2023-03-02 09:52:00-05:00,15302.3,15253.5,15497.499999999996,2023-03-03 06:14:00-05:00,15497.499999999996,TP,4.0
2023-03-03,LONG,15546.7,15532.9,2023-03-03 09:52:00-05:00,2023-03-03 09:53:00-05:00,15548.0,15532.9,15608.400000000001,2023-03-03 10:02:00-05:00,15532.9,SL,-1.0
2023-03-06,LONG,15664.2,15644.3,2023-03-06 10:08:00-05:00,2023-03-06 10:09:00-05:00,15667.5,15644.3,15760.300000000003,2023-03-06 13:08:00-05:00,15644.3,SL,-1.0
2023-03-08,LONG,15622.5,15592.9,2023-03-08 10:10:00-05:00,2023-03-08 10:11:00-05:00,15626.8,15592.9,15762.399999999998,2023-03-09 03:12:00-05:00,15592.9,SL,-1.0
2023-03-09,LONG,15622.8,15593.6,2023-03-09 09:46:00-05:00,2023-03-09 09:47:00-05:00,15628.7,15593.6,15769.100000000002,2023-03-09 13:11:00-05:00,15593.6,SL,-1.0
2023-03-13,LONG,15022.6,14935.8,2023-03-13 10:56:00-04:00,2023-03-13 10:57:00-04:00,15031.0,14935.8,15411.800000000003,2023-03-13 11:50:00-04:00,14935.8,SL,-1.0
2023-03-14,LONG,15144.7,15028.3,2023-03-14 09:46:00-04:00,2023-03-14 09:47:00-04:00,15150.4,15028.3,15638.800000000001,2023-03-15 06:40:00-04:00,15028.3,SL,-1.0
2023-03-15,LONG,14865.2,14763.6,2023-03-15 10:42:00-04:00,2023-03-15 10:43:00-04:00,14866.9,14763.6,15280.099999999997,2023-03-15 11:49:00-04:00,14763.6,SL,-1.0
2023-03-16,LONG,14839.8,14748.8,2023-03-16 10:54:00-04:00,2023-03-16 10:55:00-04:00,14840.9,14748.8,15209.300000000001,2023-03-16 11:19:00-04:00,14748.8,SL,-1.0
2023-03-20,LONG,14868.8,14835.0,2023-03-20 09:49:00-04:00,2023-03-20 09:50:00-04:00,14873.3,14835.0,15026.499999999996,2023-03-20 10:36:00-04:00,14835.0,SL,-1.0
2023-03-21,LONG,15208.2,15188.4,2023-03-21 09:50:00-04:00,2023-03-21 09:51:00-04:00,15211.2,15188.4,15302.400000000005,2023-03-21 11:25:00-04:00,15188.4,SL,-1.0
2023-03-22,LONG,15278.5,15267.4,2023-03-22 09:52:00-04:00,2023-03-22 09:53:00-04:00,15280.8,15267.4,15334.399999999998,2023-03-22 10:07:00-04:00,15267.4,SL,-1.0
2023-03-23,LONG,15180.7,15159.9,2023-03-23 09:47:00-04:00,2023-03-23 09:48:00-04:00,15183.6,15159.9,15278.400000000003,2023-03-23 10:02:00-04:00,15159.9,SL,-1.0
2023-03-24,LONG,14876.8,14831.6,2023-03-24 09:52:00-04:00,2023-03-24 09:53:00-04:00,14882.7,14831.6,15087.100000000002,2023-03-26 20:15:00-04:00,15087.100000000002,TP,4.0
2023-03-27,LONG,15179.5,15152.4,2023-03-27 09:46:00-04:00,2023-03-27 09:47:00-04:00,15183.5,15152.4,15307.900000000001,2023-03-27 09:57:00-04:00,15152.4,SL,-1.0
2023-03-28,LONG,15129.9,15100.4,2023-03-28 09:45:00-04:00,2023-03-28 09:46:00-04:00,15133.4,15100.4,15265.4,2023-03-28 13:33:00-04:00,15100.4,SL,-1.0
2023-03-29,LONG,15327.0,15305.8,2023-03-29 09:50:00-04:00,2023-03-29 09:51:00-04:00,15329.9,15305.8,15426.300000000001,2023-03-29 10:41:00-04:00,15305.8,SL,-1.0
2023-03-30,LONG,15489.4,15466.7,2023-03-30 09:47:00-04:00,2023-03-30 09:48:00-04:00,15491.4,15466.7,15590.199999999995,2023-03-31 06:24:00-04:00,15590.199999999995,TP,4.0
2023-03-31,LONG,15639.5,15591.5,2023-03-31 10:40:00-04:00,2023-03-31 10:41:00-04:00,15641.3,15591.5,15840.499999999996,2023-04-03 01:47:00-04:00,15591.5,SL,-1.0
2023-04-03,LONG,15606.3,15591.5,2023-04-03 09:47:00-04:00,2023-04-03 09:48:00-04:00,15609.9,15591.5,15683.499999999998,2023-04-03 10:01:00-04:00,15591.5,SL,-1.0
2023-04-05,LONG,15538.9,15518.4,2023-04-05 09:53:00-04:00,2023-04-05 09:54:00-04:00,15542.5,15518.4,15638.900000000001,2023-04-05 10:02:00-04:00,15518.4,SL,-1.0
2023-04-06,LONG,15563.6,15542.0,2023-04-06 09:59:00-04:00,2023-04-06 10:00:00-04:00,15568.2,15542.0,15673.000000000004,2023-04-10 19:15:00-04:00,15673.000000000004,TP,4.0
2023-04-11,LONG,15658.4,15639.8,2023-04-11 10:16:00-04:00,2023-04-11 10:17:00-04:00,15659.0,15639.8,15735.800000000003,2023-04-12 08:30:00-04:00,15735.800000000003,TP,4.0
2023-04-12,LONG,15734.8,15704.9,2023-04-12 11:57:00-04:00,2023-04-12 11:58:00-04:00,15737.2,15704.9,15866.400000000005,2023-04-12 14:48:00-04:00,15704.9,SL,-1.0
2023-04-13,LONG,15699.1,15676.4,2023-04-13 10:09:00-04:00,2023-04-13 10:10:00-04:00,15699.4,15676.4,15791.4,2023-04-14 03:24:00-04:00,15791.4,TP,4.0
2023-04-17,LONG,15791.1,15778.2,2023-04-17 10:00:00-04:00,2023-04-17 10:01:00-04:00,15796.9,15778.2,15871.699999999995,2023-04-17 11:41:00-04:00,15778.2,SL,-1.0
2023-04-18,LONG,15902.0,15889.9,2023-04-18 09:45:00-04:00,2023-04-18 09:46:00-04:00,15903.1,15889.9,15955.900000000003,2023-04-18 09:57:00-04:00,15889.9,SL,-1.0
2023-04-19,LONG,15869.8,15860.1,2023-04-19 09:51:00-04:00,2023-04-19 09:52:00-04:00,15873.5,15860.1,15927.099999999999,2023-04-20 03:07:00-04:00,15860.1,SL,-1.0
2023-04-20,LONG,15767.0,15748.2,2023-04-20 09:45:00-04:00,2023-04-20 09:46:00-04:00,15770.9,15748.2,15861.699999999995,2023-04-21 03:30:00-04:00,15748.2,SL,-1.0
2023-04-21,LONG,15824.3,15796.2,2023-04-21 09:46:00-04:00,2023-04-21 09:47:00-04:00,15824.0,15796.2,15935.199999999997,2023-04-25 04:21:00-04:00,15796.2,SL,-1.0
2023-04-25,LONG,15875.8,15852.4,2023-04-25 11:10:00-04:00,2023-04-25 11:11:00-04:00,15877.9,15852.4,15979.9,2023-04-25 12:25:00-04:00,15852.4,SL,-1.0
2023-04-26,LONG,15792.0,15768.7,2023-04-26 11:07:00-04:00,2023-04-26 11:08:00-04:00,15796.3,15768.7,15906.699999999993,2023-04-26 13:49:00-04:00,15768.7,SL,-1.0
2023-04-27,LONG,15841.4,15804.5,2023-04-27 13:48:00-04:00,2023-04-27 13:49:00-04:00,15847.7,15804.5,16020.500000000004,2023-04-28 04:01:00-04:00,15804.5,SL,-1.0
2023-04-28,LONG,15845.8,15829.2,2023-04-28 09:46:00-04:00,2023-04-28 09:47:00-04:00,15850.1,15829.2,15933.699999999999,2023-04-28 11:59:00-04:00,15933.699999999999,TP,4.0
2023-05-03,LONG,15832.4,15814.4,2023-05-03 09:49:00-04:00,2023-05-03 09:50:00-04:00,15836.7,15814.4,15925.900000000005,2023-05-03 10:09:00-04:00,15814.4,SL,-1.0
2023-05-04,LONG,15741.4,15704.5,2023-05-04 09:57:00-04:00,2023-05-04 09:58:00-04:00,15747.0,15704.5,15917.0,2023-05-04 10:17:00-04:00,15704.5,SL,-1.0
2023-05-05,LONG,15911.4,15889.9,2023-05-05 09:49:00-04:00,2023-05-05 09:50:00-04:00,15914.5,15889.9,16012.900000000001,2023-05-05 10:03:00-04:00,15889.9,SL,-1.0
2023-05-08,LONG,15966.8,15949.1,2023-05-08 14:51:00-04:00,2023-05-08 14:52:00-04:00,15966.5,15949.1,16036.099999999999,2023-05-08 19:18:00-04:00,15949.1,SL,-1.0
2023-05-09,LONG,15906.5,15881.7,2023-05-09 09:56:00-04:00,2023-05-09 09:57:00-04:00,15911.1,15881.7,16028.699999999999,2023-05-10 03:58:00-04:00,15881.7,SL,-1.0
2023-05-11,LONG,15810.8,15774.8,2023-05-11 11:00:00-04:00,2023-05-11 11:01:00-04:00,15812.5,15774.8,15963.300000000003,2023-05-15 02:00:00-04:00,15963.300000000003,TP,4.0
2023-05-15,LONG,15895.8,15877.0,2023-05-15 10:33:00-04:00,2023-05-15 10:34:00-04:00,15896.6,15877.0,15975.000000000002,2023-05-16 03:00:00-04:00,15877.0,SL,-1.0
2023-05-16,LONG,15913.3,15893.2,2023-05-16 11:46:00-04:00,2023-05-16 11:47:00-04:00,15916.7,15893.2,16010.7,2023-05-16 13:39:00-04:00,15893.2,SL,-1.0
2023-05-17,LONG,15990.9,15958.9,2023-05-17 12:40:00-04:00,2023-05-17 12:41:00-04:00,15992.3,15958.9,16125.899999999998,2023-05-18 03:40:00-04:00,16125.899999999998,TP,4.0
2023-05-18,LONG,16136.9,16120.0,2023-05-18 10:34:00-04:00,2023-05-18 10:35:00-04:00,16141.4,16120.0,16226.999999999998,2023-05-18 18:07:00-04:00,16226.999999999998,TP,4.0
2023-05-19,LONG,16305.0,16273.4,2023-05-19 09:50:00-04:00,2023-05-19 09:51:00-04:00,16306.1,16273.4,16436.9,2023-05-19 11:34:00-04:00,16273.4,SL,-1.0
2023-05-22,LONG,16229.6,16210.1,2023-05-22 11:55:00-04:00,2023-05-22 11:56:00-04:00,16231.9,16210.1,16319.099999999997,2023-05-22 13:15:00-04:00,16210.1,SL,-1.0
2023-05-23,LONG,16171.7,16154.7,2023-05-23 09:49:00-04:00,2023-05-23 09:50:00-04:00,16171.8,16154.7,16240.199999999993,2023-05-23 10:50:00-04:00,16154.7,SL,-1.0
2023-05-24,LONG,15877.9,15827.8,2023-05-24 16:20:00-04:00,2023-05-24 16:21:00-04:00,15886.9,15827.8,16123.300000000001,2023-05-24 18:37:00-04:00,15827.8,SL,-1.0
2023-05-25,LONG,15831.6,15810.7,2023-05-25 10:00:00-04:00,2023-05-25 10:01:00-04:00,15832.5,15810.7,15919.699999999997,2023-05-25 10:10:00-04:00,15810.7,SL,-1.0
2023-05-26,LONG,15930.7,15878.9,2023-05-26 09:47:00-04:00,2023-05-26 09:48:00-04:00,15930.7,15878.9,16137.900000000005,2023-05-30 22:10:00-04:00,15878.9,SL,-1.0
2023-06-01,LONG,15777.9,15752.0,2023-06-01 10:14:00-04:00,2023-06-01 10:15:00-04:00,15786.5,15752.0,15924.5,2023-06-01 23:54:00-04:00,15924.5,TP,4.0
2023-06-02,LONG,16030.3,16002.7,2023-06-02 10:40:00-04:00,2023-06-02 10:41:00-04:00,16031.4,16002.7,16146.199999999995,2023-06-05 09:57:00-04:00,16002.7,SL,-1.0
2023-06-06,LONG,15984.6,15950.2,2023-06-06 09:47:00-04:00,2023-06-06 09:48:00-04:00,15984.3,15950.2,16120.699999999993,2023-06-07 03:39:00-04:00,15950.2,SL,-1.0
2023-06-08,LONG,15969.1,15950.6,2023-06-08 10:05:00-04:00,2023-06-08 10:06:00-04:00,15971.1,15950.6,16053.1,2023-06-09 03:19:00-04:00,15950.6,SL,-1.0
2023-06-09,LONG,15977.0,15958.5,2023-06-09 09:57:00-04:00,2023-06-09 09:58:00-04:00,15978.7,15958.5,16059.500000000004,2023-06-09 10:41:00-04:00,15958.5,SL,-1.0
2023-06-12,LONG,16091.0,16052.5,2023-06-12 09:52:00-04:00,2023-06-12 09:53:00-04:00,16094.0,16052.5,16260.0,2023-06-14 03:21:00-04:00,16260.0,TP,4.0
2023-06-14,LONG,16298.0,16280.0,2023-06-14 09:45:00-04:00,2023-06-14 09:46:00-04:00,16303.0,16280.0,16395.0,2023-06-14 13:16:00-04:00,16280.0,SL,-1.0
2023-06-15,LONG,16242.9,16211.4,2023-06-15 09:51:00-04:00,2023-06-15 09:52:00-04:00,16244.1,16211.4,16374.900000000003,2023-06-16 08:33:00-04:00,16374.900000000003,TP,4.0
2023-06-21,LONG,16045.0,16022.6,2023-06-21 09:47:00-04:00,2023-06-21 09:48:00-04:00,16046.6,16022.6,16142.6,2023-06-21 10:01:00-04:00,16022.6,SL,-1.0
2023-06-22,LONG,15945.4,15921.1,2023-06-22 09:55:00-04:00,2023-06-22 09:56:00-04:00,15947.4,15921.1,16052.599999999997,2023-06-22 21:40:00-04:00,15921.1,SL,-1.0
2023-06-23,LONG,15778.4,15743.2,2023-06-23 09:47:00-04:00,2023-06-23 09:48:00-04:00,15780.2,15743.2,15928.2,2023-06-26 03:30:00-04:00,15743.2,SL,-1.0
2023-06-26,LONG,15856.1,15809.1,2023-06-26 09:51:00-04:00,2023-06-26 09:52:00-04:00,15856.0,15809.1,16043.599999999999,2023-06-26 10:33:00-04:00,15809.1,SL,-1.0
2023-06-27,LONG,15799.8,15775.6,2023-06-27 09:58:00-04:00,2023-06-27 09:59:00-04:00,15801.1,15775.6,15903.1,2023-06-27 13:46:00-04:00,15903.1,TP,4.0
2023-06-28,LONG,15987.8,15949.3,2023-06-28 10:18:00-04:00,2023-06-28 10:19:00-04:00,15993.3,15949.3,16169.3,2023-06-28 11:02:00-04:00,15949.3,SL,-1.0
2023-06-29,LONG,15960.2,15932.3,2023-06-29 15:59:00-04:00,2023-06-29 16:00:00-04:00,15961.7,15932.3,16079.300000000007,2023-06-30 05:03:00-04:00,16079.300000000007,TP,4.0
2023-06-30,LONG,16151.8,16135.1,2023-06-30 09:48:00-04:00,2023-06-30 09:49:00-04:00,16152.2,16135.1,16220.600000000002,2023-06-30 11:30:00-04:00,16135.1,SL,-1.0
2023-07-04,LONG,16046.2,16036.8,2023-07-04 10:01:00-04:00,2023-07-04 10:02:00-04:00,16045.4,16036.8,16079.800000000001,2023-07-04 10:11:00-04:00,16036.8,SL,-1.0
2023-07-07,LONG,15619.2,15567.4,2023-07-07 12:17:00-04:00,2023-07-07 12:18:00-04:00,15618.3,15567.4,15821.899999999998,2023-07-10 01:41:00-04:00,15567.4,SL,-1.0
2023-07-10,LONG,15681.1,15649.3,2023-07-10 10:01:00-04:00,2023-07-10 10:02:00-04:00,15689.5,15649.3,15850.300000000003,2023-07-10 11:19:00-04:00,15649.3,SL,-1.0
2023-07-11,LONG,15803.9,15774.3,2023-07-11 12:01:00-04:00,2023-07-11 12:02:00-04:00,15804.4,15774.3,15924.800000000001,2023-07-12 06:37:00-04:00,15924.800000000001,TP,4.0
2023-07-12,LONG,15994.6,15950.3,2023-07-12 10:08:00-04:00,2023-07-12 10:09:00-04:00,15997.0,15950.3,16183.800000000003,2023-07-13 10:01:00-04:00,16183.800000000003,TP,4.0
2023-07-13,LONG,16168.7,16134.0,2023-07-13 10:02:00-04:00,2023-07-13 10:03:00-04:00,16173.7,16134.0,16332.500000000004,2023-07-13 13:09:00-04:00,16134.0,SL,-1.0
2023-07-17,LONG,16054.58,16024.72,2023-07-17 09:55:00-04:00,2023-07-17 09:56:00-04:00,16056.95,16024.72,16185.870000000006,2023-07-19 02:14:00-04:00,16185.870000000006,TP,4.0
2023-07-19,LONG,16132.78,16110.66,2023-07-19 09:56:00-04:00,2023-07-19 09:57:00-04:00,16133.97,16110.66,16227.209999999997,2023-07-19 12:30:00-04:00,16110.66,SL,-1.0
2023-07-20,LONG,16186.54,16162.07,2023-07-20 09:46:00-04:00,2023-07-20 09:47:00-04:00,16189.27,16162.07,16298.070000000003,2023-07-20 10:26:00-04:00,16162.07,SL,-1.0
2023-07-21,LONG,16166.85,16135.66,2023-07-21 10:14:00-04:00,2023-07-21 10:15:00-04:00,16169.48,16135.66,16304.759999999998,2023-07-24 01:46:00-04:00,16135.66,SL,-1.0
2023-07-24,LONG,16170.86,16153.06,2023-07-24 10:12:00-04:00,2023-07-24 10:13:00-04:00,16174.69,16153.06,16261.210000000005,2023-07-25 03:03:00-04:00,16153.06,SL,-1.0
2023-07-25,LONG,16179.44,16150.62,2023-07-25 09:45:00-04:00,2023-07-25 09:46:00-04:00,16183.38,16150.62,16314.419999999993,2023-07-26 04:05:00-04:00,16150.62,SL,-1.0
2023-07-26,LONG,16075.16,16002.6,2023-07-26 09:50:00-04:00,2023-07-26 09:51:00-04:00,16079.67,16002.6,16387.949999999997,2023-07-27 09:36:00-04:00,16387.949999999997,TP,4.0
2023-07-27,LONG,16410.38,16351.98,2023-07-27 11:35:00-04:00,2023-07-27 11:36:00-04:00,16413.43,16351.98,16659.230000000003,2023-07-27 14:27:00-04:00,16351.98,SL,-1.0
2023-07-28,LONG,16445.5,16420.73,2023-07-28 09:48:00-04:00,2023-07-28 09:49:00-04:00,16452.52,16420.73,16579.680000000004,2023-08-01 03:00:00-04:00,16420.73,SL,-1.0
2023-08-03,LONG,15869.99,15835.57,2023-08-03 09:53:00-04:00,2023-08-03 09:54:00-04:00,15873.13,15835.57,16023.369999999997,2023-08-03 10:29:00-04:00,15835.57,SL,-1.0
2023-08-04,LONG,15896.44,15848.44,2023-08-04 09:46:00-04:00,2023-08-04 09:47:00-04:00,15902.63,15848.44,16119.389999999994,2023-08-04 15:22:00-04:00,15848.44,SL,-1.0
2023-08-07,LONG,15947.12,15912.4,2023-08-07 10:35:00-04:00,2023-08-07 10:36:00-04:00,15949.28,15912.4,16096.800000000005,2023-08-08 01:53:00-04:00,15912.4,SL,-1.0
2023-08-08,LONG,15790.96,15764.96,2023-08-08 13:01:00-04:00,2023-08-08 13:02:00-04:00,15790.7,15764.96,15893.660000000007,2023-08-09 02:41:00-04:00,15893.660000000007,TP,4.0
2023-08-09,LONG,15891.65,15859.47,2023-08-09 09:46:00-04:00,2023-08-09 09:47:00-04:00,15896.67,15859.47,16045.470000000003,2023-08-09 11:14:00-04:00,15859.47,SL,-1.0
2023-08-10,LONG,15990.59,15964.09,2023-08-10 09:46:00-04:00,2023-08-10 09:47:00-04:00,15994.53,15964.09,16116.290000000003,2023-08-10 11:48:00-04:00,15964.09,SL,-1.0
2023-08-14,LONG,15853.65,15829.43,2023-08-14 10:06:00-04:00,2023-08-14 10:07:00-04:00,15855.23,15829.43,15958.429999999997,2023-08-15 02:04:00-04:00,15958.429999999997,TP,4.0
2023-08-16,LONG,15793.31,15751.41,2023-08-16 09:45:00-04:00,2023-08-16 09:46:00-04:00,15794.33,15751.41,15966.01,2023-08-16 12:21:00-04:00,15751.41,SL,-1.0
2023-08-18,LONG,15519.93,15466.97,2023-08-18 10:37:00-04:00,2023-08-18 10:38:00-04:00,15522.15,15466.97,15742.87,2023-08-22 03:42:00-04:00,15742.87,TP,4.0
2023-08-23,LONG,15712.83,15689.02,2023-08-23 09:45:00-04:00,2023-08-23 09:46:00-04:00,15717.74,15689.02,15832.619999999997,2023-08-24 02:49:00-04:00,15832.619999999997,TP,4.0
2023-08-24,LONG,15712.51,15685.62,2023-08-24 09:48:00-04:00,2023-08-24 09:49:00-04:00,15713.21,15685.62,15823.569999999992,2023-08-24 10:10:00-04:00,15685.62,SL,-1.0
2023-08-25,LONG,15705.88,15681.34,2023-08-25 10:16:00-04:00,2023-08-25 10:17:00-04:00,15708.65,15681.34,15817.889999999998,2023-08-25 10:18:00-04:00,15681.34,SL,-1.0
2023-08-28,LONG,15794.37,15774.23,2023-08-28 09:46:00-04:00,2023-08-28 09:47:00-04:00,15794.71,15774.23,15876.629999999997,2023-08-28 10:51:00-04:00,15774.23,SL,-1.0
2023-08-29,LONG,15884.82,15835.69,2023-08-29 09:45:00-04:00,2023-08-29 09:46:00-04:00,15891.3,15835.69,16113.739999999994,2023-08-30 05:28:00-04:00,15835.69,SL,-1.0
2023-08-30,LONG,15913.2,15893.37,2023-08-30 09:45:00-04:00,2023-08-30 09:46:00-04:00,15920.41,15893.37,16028.569999999996,2023-08-30 10:20:00-04:00,15893.37,SL,-1.0
2023-08-31,LONG,16028.57,16000.36,2023-08-31 09:57:00-04:00,2023-08-31 09:58:00-04:00,16035.25,16000.36,16174.809999999998,2023-08-31 10:51:00-04:00,16000.36,SL,-1.0
2023-09-06,LONG,15761.15,15744.03,2023-09-06 09:54:00-04:00,2023-09-06 09:55:00-04:00,15760.7,15744.03,15827.380000000001,2023-09-06 10:28:00-04:00,15744.03,SL,-1.0
2023-09-08,LONG,15737.03,15703.89,2023-09-08 10:06:00-04:00,2023-09-08 10:07:00-04:00,15742.32,15703.89,15896.04,2023-09-12 07:45:00-04:00,15703.89,SL,-1.0
2023-09-13,LONG,15677.16,15640.8,2023-09-13 09:46:00-04:00,2023-09-13 09:47:00-04:00,15678.02,15640.8,15826.900000000005,2023-09-13 10:14:00-04:00,15640.8,SL,-1.0
2023-09-14,LONG,15785.08,15734.61,2023-09-14 10:46:00-04:00,2023-09-14 10:47:00-04:00,15789.33,15734.61,16008.209999999997,2023-09-18 09:40:00-04:00,15734.61,SL,-1.0
2023-09-20,LONG,15798.66,15769.14,2023-09-20 09:47:00-04:00,2023-09-20 09:48:00-04:00,15801.59,15769.14,15931.390000000003,2023-09-20 10:42:00-04:00,15769.14,SL,-1.0
2023-09-21,LONG,15610.49,15585.82,2023-09-21 10:10:00-04:00,2023-09-21 10:11:00-04:00,15618.5,15585.82,15749.220000000001,2023-09-21 10:55:00-04:00,15585.82,SL,-1.0
2023-09-22,LONG,15572.88,15546.02,2023-09-22 10:05:00-04:00,2023-09-22 10:06:00-04:00,15573.75,15546.02,15684.669999999998,2023-09-22 11:06:00-04:00,15546.02,SL,-1.0
2023-09-25,LONG,15370.84,15331.95,2023-09-25 09:50:00-04:00,2023-09-25 09:51:00-04:00,15373.44,15331.95,15539.4,2023-09-25 10:55:00-04:00,15331.95,SL,-1.0
2023-09-27,LONG,15281.45,15232.43,2023-09-27 21:29:00-04:00,2023-09-27 21:30:00-04:00,15281.96,15232.43,15480.079999999994,2023-09-28 00:07:00-04:00,15232.43,SL,-1.0
2023-09-28,LONG,15248.62,15209.85,2023-09-28 10:00:00-04:00,2023-09-28 10:01:00-04:00,15251.64,15209.85,15418.799999999996,2023-09-29 03:17:00-04:00,15418.799999999996,TP,4.0
2023-10-03,LONG,15159.6,15128.32,2023-10-03 09:49:00-04:00,2023-10-03 09:50:00-04:00,15166.23,15128.32,15317.869999999999,2023-10-03 10:00:00-04:00,15128.32,SL,-1.0
2023-10-04,LONG,15144.14,15120.42,2023-10-04 15:32:00-04:00,2023-10-04 15:33:00-04:00,15145.75,15120.42,15247.07,2023-10-04 20:15:00-04:00,15120.42,SL,-1.0
2023-10-05,LONG,15124.39,15087.67,2023-10-05 09:57:00-04:00,2023-10-05 09:58:00-04:00,15127.89,15087.67,15288.769999999997,2023-10-05 10:38:00-04:00,15087.67,SL,-1.0
2023-10-06,LONG,15154.26,15116.11,2023-10-06 11:02:00-04:00,2023-10-06 11:03:00-04:00,15154.55,15116.11,15308.309999999994,2023-10-09 03:13:00-04:00,15116.11,SL,-1.0
2023-10-09,LONG,15156.24,15110.22,2023-10-09 09:57:00-04:00,2023-10-09 09:58:00-04:00,15162.05,15110.22,15369.369999999999,2023-10-09 10:35:00-04:00,15110.22,SL,-1.0
2023-10-10,LONG,15385.45,15360.28,2023-10-10 10:00:00-04:00,2023-10-10 10:01:00-04:00,15389.97,15360.28,15508.729999999994,2023-10-11 03:01:00-04:00,15360.28,SL,-1.0
2023-10-11,LONG,15484.92,15462.36,2023-10-11 16:01:00-04:00,2023-10-11 16:02:00-04:00,15491.89,15462.36,15610.009999999995,2023-10-12 09:09:00-04:00,15462.36,SL,-1.0
2023-10-16,LONG,15212.51,15190.57,2023-10-16 09:50:00-04:00,2023-10-16 09:51:00-04:00,15214.83,15190.57,15311.87,2023-10-17 04:40:00-04:00,15190.57,SL,-1.0
2023-10-17,LONG,15168.02,15117.15,2023-10-17 10:08:00-04:00,2023-10-17 10:09:00-04:00,15175.36,15117.15,15408.200000000004,2023-10-18 09:37:00-04:00,15117.15,SL,-1.0
2023-10-19,LONG,15072.38,15045.39,2023-10-19 10:12:00-04:00,2023-10-19 10:13:00-04:00,15075.19,15045.39,15194.390000000005,2023-10-19 10:22:00-04:00,15045.39,SL,-1.0
2023-10-20,LONG,14907.23,14870.78,2023-10-20 09:48:00-04:00,2023-10-20 09:49:00-04:00,14914.42,14870.78,15088.979999999998,2023-10-20 10:06:00-04:00,14870.78,SL,-1.0
2023-10-23,LONG,14714.49,14663.36,2023-10-23 09:49:00-04:00,2023-10-23 09:50:00-04:00,14715.67,14663.36,14924.909999999998,2023-10-24 16:00:00-04:00,14924.909999999998,TP,4.0
2023-10-24,LONG,14848.78,14816.41,2023-10-24 16:01:00-04:00,2023-10-24 16:02:00-04:00,14940.03,14816.41,15434.510000000004,2023-10-25 04:18:00-04:00,14816.41,SL,-1.0
2023-10-25,LONG,14862.61,14825.76,2023-10-25 10:46:00-04:00,2023-10-25 10:47:00-04:00,14867.88,14825.76,15036.359999999995,2023-10-25 13:40:00-04:00,14825.76,SL,-1.0
2023-10-30,LONG,14767.17,14746.38,2023-10-30 10:44:00-04:00,2023-10-30 10:45:00-04:00,14768.08,14746.38,14854.880000000003,2023-10-30 10:58:00-04:00,14746.38,SL,-1.0
2023-10-31,LONG,14821.24,14787.03,2023-10-31 11:16:00-04:00,2023-10-31 11:17:00-04:00,14825.48,14787.03,14979.279999999995,2023-10-31 11:28:00-04:00,14787.03,SL,-1.0
2023-11-01,LONG,14873.53,14836.71,2023-11-01 09:46:00-04:00,2023-11-01 09:47:00-04:00,14875.78,14836.71,15032.060000000007,2023-11-02 05:00:00-04:00,15032.060000000007,TP,4.0
2023-11-02,LONG,15173.36,15155.02,2023-11-02 10:36:00-04:00,2023-11-02 10:37:00-04:00,15176.56,15155.02,15262.719999999996,2023-11-02 10:44:00-04:00,15155.02,SL,-1.0
2023-11-03,LONG,15219.68,15164.83,2023-11-03 09:45:00-04:00,2023-11-03 09:46:00-04:00,15224.57,15164.83,15463.529999999999,2023-11-06 04:19:00-05:00,15164.83,SL,-1.0
2023-11-07,LONG,15132.42,15111.0,2023-11-07 09:50:00-05:00,2023-11-07 09:51:00-05:00,15135.51,15111.0,15233.550000000001,2023-11-07 22:45:00-05:00,15111.0,SL,-1.0
2023-11-08,LONG,15275.52,15240.89,2023-11-08 09:49:00-05:00,2023-11-08 09:50:00-05:00,15280.19,15240.89,15437.390000000005,2023-11-08 10:35:00-05:00,15240.89,SL,-1.0
2023-11-09,LONG,15337.55,15317.56,2023-11-09 11:03:00-05:00,2023-11-09 11:04:00-05:00,15340.04,15317.56,15429.960000000006,2023-11-09 13:03:00-05:00,15317.56,SL,-1.0
2023-11-10,LONG,15259.3,15224.62,2023-11-10 12:01:00-05:00,2023-11-10 12:02:00-05:00,15262.61,15224.62,15414.57,2023-11-14 04:10:00-05:00,15414.57,TP,4.0
2023-11-14,LONG,15590.05,15565.56,2023-11-14 10:10:00-05:00,2023-11-14 10:11:00-05:00,15594.28,15565.56,15709.160000000005,2023-11-15 03:57:00-05:00,15709.160000000005,TP,4.0
2023-11-15,LONG,15734.45,15705.68,2023-11-15 10:04:00-05:00,2023-11-15 10:05:00-05:00,15737.24,15705.68,15863.479999999998,2023-11-15 21:37:00-05:00,15705.68,SL,-1.0
2023-11-16,LONG,15840.04,15817.92,2023-11-16 09:46:00-05:00,2023-11-16 09:47:00-05:00,15842.29,15817.92,15939.770000000004,2023-11-16 10:15:00-05:00,15817.92,SL,-1.0
2023-11-17,LONG,15934.9,15904.19,2023-11-17 12:01:00-05:00,2023-11-17 12:02:00-05:00,15937.8,15904.19,16072.239999999994,2023-11-20 01:48:00-05:00,15904.19,SL,-1.0
2023-11-20,LONG,15890.7,15868.96,2023-11-20 09:58:00-05:00,2023-11-20 09:59:00-05:00,15892.25,15868.96,15985.410000000003,2023-11-22 08:09:00-05:00,15985.410000000003,TP,4.0
2023-11-23,LONG,16004.31,15992.15,2023-11-23 19:30:00-05:00,2023-11-23 19:31:00-05:00,16004.47,15992.15,16053.749999999998,2023-11-24 01:11:00-05:00,15992.15,SL,-1.0
2023-11-24,LONG,16027.53,16010.72,2023-11-24 10:00:00-05:00,2023-11-24 10:01:00-05:00,16028.2,16010.72,16098.120000000006,2023-11-26 18:01:00-05:00,16010.72,SL,-1.0
2023-11-27,LONG,16010.01,15995.68,2023-11-27 10:15:00-05:00,2023-11-27 10:16:00-05:00,16009.82,15995.68,16066.379999999997,2023-11-27 10:23:00-05:00,15995.68,SL,-1.0
2023-11-28,LONG,15948.73,15935.13,2023-11-28 09:48:00-05:00,2023-11-28 09:49:00-05:00,15950.9,15935.13,16013.980000000001,2023-11-29 01:32:00-05:00,16013.980000000001,TP,4.0
2023-11-29,LONG,16182.89,16162.36,2023-11-29 10:44:00-05:00,2023-11-29 10:45:00-05:00,16182.38,16162.36,16262.459999999994,2023-11-29 11:29:00-05:00,16162.36,SL,-1.0
2023-11-30,LONG,16237.14,16201.83,2023-11-30 14:33:00-05:00,2023-11-30 14:34:00-05:00,16236.94,16201.83,16377.380000000003,2023-12-01 11:11:00-05:00,16377.380000000003,TP,4.0
2023-12-01,LONG,16323.45,16290.39,2023-12-01 11:12:00-05:00,2023-12-01 11:13:00-05:00,16383.32,16290.39,16755.04,2023-12-08 10:16:00-05:00,16755.04,TP,4.0
2023-12-08,LONG,16750.49,16705.75,2023-12-08 10:17:00-05:00,2023-12-08 10:18:00-05:00,16755.8,16705.75,16955.999999999996,2023-12-13 23:06:00-05:00,16955.999999999996,TP,4.0
2023-12-13,LONG,16812.88,16798.09,2023-12-13 23:07:00-05:00,2023-12-13 23:08:00-05:00,16955.74,16798.09,17586.340000000007,2023-12-14 09:38:00-05:00,16798.09,SL,-1.0
2023-12-15,LONG,16753.5,16722.5,2023-12-15 10:06:00-05:00,2023-12-15 10:07:00-05:00,16754.0,16722.5,16880.0,2023-12-15 13:46:00-05:00,16722.5,SL,-1.0
2023-12-18,LONG,16676.83,16656.44,2023-12-18 14:23:00-05:00,2023-12-18 14:24:00-05:00,16680.36,16656.44,16776.040000000008,2023-12-19 01:40:00-05:00,16656.44,SL,-1.0
2023-12-19,LONG,16730.42,16704.47,2023-12-19 09:52:00-05:00,2023-12-19 09:53:00-05:00,16730.49,16704.47,16834.570000000003,2023-12-20 04:09:00-05:00,16704.47,SL,-1.0
2023-12-20,LONG,16732.22,16707.58,2023-12-20 10:01:00-05:00,2023-12-20 10:02:00-05:00,16734.75,16707.58,16843.429999999993,2023-12-20 14:39:00-05:00,16707.58,SL,-1.0
2023-12-21,LONG,16697.12,16667.51,2023-12-21 15:24:00-05:00,2023-12-21 15:25:00-05:00,16697.11,16667.51,16815.51000000001,2023-12-22 00:04:00-05:00,16667.51,SL,-1.0
2023-12-27,LONG,16749.11,16723.47,2023-12-27 11:41:00-05:00,2023-12-27 11:42:00-05:00,16750.9,16723.47,16860.620000000003,2023-12-28 04:02:00-05:00,16723.47,SL,-1.0
2023-12-28,LONG,16727.83,16705.27,2023-12-28 10:12:00-05:00,2023-12-28 10:13:00-05:00,16727.68,16705.27,16817.32,2023-12-28 10:58:00-05:00,16705.27,SL,-1.0
2023-12-29,LONG,16774.0,16756.0,2023-12-29 10:01:00-05:00,2023-12-29 10:02:00-05:00,16775.5,16756.0,16853.5,2023-12-29 11:07:00-05:00,16756.0,SL,-1.0
2024-01-02,LONG,16752.72,16728.38,2024-01-02 09:46:00-05:00,2024-01-02 09:47:00-05:00,16753.49,16728.38,16853.930000000004,2024-01-02 14:59:00-05:00,16728.38,SL,-1.0
2024-01-03,LONG,16566.89,16527.39,2024-01-03 13:15:00-05:00,2024-01-03 13:16:00-05:00,16567.7,16527.39,16728.940000000006,2024-01-03 15:08:00-05:00,16527.39,SL,-1.0
2024-01-04,LONG,16577.52,16540.91,2024-01-04 10:12:00-05:00,2024-01-04 10:13:00-05:00,16581.48,16540.91,16743.76,2024-01-05 00:22:00-05:00,16540.91,SL,-1.0
2024-01-05,LONG,16561.13,16525.19,2024-01-05 09:45:00-05:00,2024-01-05 09:46:00-05:00,16563.64,16525.19,16717.440000000002,2024-01-08 04:31:00-05:00,16525.19,SL,-1.0
2024-01-08,LONG,16686.45,16657.22,2024-01-08 09:57:00-05:00,2024-01-08 09:58:00-05:00,16694.99,16657.22,16846.070000000003,2024-01-09 03:41:00-05:00,16657.22,SL,-1.0
2024-01-09,LONG,16652.17,16623.35,2024-01-09 10:01:00-05:00,2024-01-09 10:02:00-05:00,16653.82,16623.35,16775.700000000004,2024-01-09 22:29:00-05:00,16623.35,SL,-1.0
2024-01-10,LONG,16698.31,16678.44,2024-01-10 12:30:00-05:00,2024-01-10 12:31:00-05:00,16697.88,16678.44,16775.64000000001,2024-01-10 22:13:00-05:00,16775.64000000001,TP,4.0
2024-01-12,LONG,16741.28,16712.65,2024-01-12 09:47:00-05:00,2024-01-12 09:48:00-05:00,16743.89,16712.65,16868.84999999999,2024-01-12 09:59:00-05:00,16712.65,SL,-1.0
2024-01-15,LONG,16635.36,16609.05,2024-01-15 10:09:00-05:00,2024-01-15 10:10:00-05:00,16635.84,16609.05,16743.000000000004,2024-01-15 18:50:00-05:00,16609.05,SL,-1.0
2024-01-16,LONG,16530.46,16496.72,2024-01-16 09:57:00-05:00,2024-01-16 09:58:00-05:00,16535.33,16496.72,16689.770000000004,2024-01-16 20:43:00-05:00,16496.72,SL,-1.0
2024-01-17,LONG,16390.52,16365.86,2024-01-17 10:26:00-05:00,2024-01-17 10:27:00-05:00,16395.89,16365.86,16516.009999999995,2024-01-18 06:10:00-05:00,16516.009999999995,TP,4.0
2024-01-18,LONG,16549.71,16525.33,2024-01-18 09:58:00-05:00,2024-01-18 09:59:00-05:00,16549.88,16525.33,16648.079999999998,2024-01-18 12:34:00-05:00,16525.33,SL,-1.0
2024-01-19,LONG,16549.49,16518.35,2024-01-19 09:57:00-05:00,2024-01-19 09:58:00-05:00,16550.64,16518.35,16679.800000000003,2024-01-19 10:34:00-05:00,16518.35,SL,-1.0
2024-01-22,LONG,16672.39,16639.83,2024-01-22 10:00:00-05:00,2024-01-22 10:01:00-05:00,16673.61,16639.83,16808.729999999996,2024-01-23 05:15:00-05:00,16639.83,SL,-1.0
2024-01-23,LONG,16659.45,16629.68,2024-01-23 09:54:00-05:00,2024-01-23 09:55:00-05:00,16659.79,16629.68,16780.230000000003,2024-01-23 11:31:00-05:00,16629.68,SL,-1.0
2024-01-25,LONG,16912.8,16861.52,2024-01-25 10:20:00-05:00,2024-01-25 10:21:00-05:00,16914.39,16861.52,17125.869999999995,2024-01-25 18:28:00-05:00,16861.52,SL,-1.0
2024-01-26,LONG,16951.09,16933.43,2024-01-26 10:54:00-05:00,2024-01-26 10:55:00-05:00,16954.56,16933.43,17039.080000000005,2024-01-26 12:38:00-05:00,16933.43,SL,-1.0
2024-01-29,LONG,16923.9,16896.49,2024-01-29 09:50:00-05:00,2024-01-29 09:51:00-05:00,16927.3,16896.49,17050.53999999999,2024-01-30 18:00:00-05:00,16896.49,SL,-1.0
2024-02-01,LONG,16890.68,16866.0,2024-02-01 09:46:00-05:00,2024-02-01 09:47:00-05:00,16892.96,16866.0,17000.799999999996,2024-02-01 10:00:00-05:00,16866.0,SL,-1.0
2024-02-05,LONG,16909.89,16893.32,2024-02-05 09:47:00-05:00,2024-02-05 09:48:00-05:00,16912.75,16893.32,16990.47,2024-02-05 10:07:00-05:00,16893.32,SL,-1.0
2024-02-06,LONG,16994.12,16942.02,2024-02-06 09:45:00-05:00,2024-02-06 09:46:00-05:00,16999.03,16942.02,17227.069999999992,2024-02-07 09:55:00-05:00,16942.02,SL,-1.0
2024-02-09,LONG,16938.23,16928.09,2024-02-09 12:49:00-05:00,2024-02-09 12:50:00-05:00,16939.64,16928.09,16985.839999999997,2024-02-12 02:05:00-05:00,16985.839999999997,TP,4.0
2024-02-12,LONG,16986.92,16972.4,2024-02-12 09:50:00-05:00,2024-02-12 09:51:00-05:00,16989.32,16972.4,17056.999999999993,2024-02-13 03:14:00-05:00,16972.4,SL,-1.0
2024-02-13,LONG,16884.45,16849.85,2024-02-13 09:46:00-05:00,2024-02-13 09:47:00-05:00,16886.78,16849.85,17034.5,2024-02-13 09:56:00-05:00,16849.85,SL,-1.0
2024-02-14,LONG,16923.19,16903.49,2024-02-14 09:54:00-05:00,2024-02-14 09:55:00-05:00,16923.86,16903.49,17005.339999999997,2024-02-14 12:05:00-05:00,16903.49,SL,-1.0
2024-02-15,LONG,17039.41,17004.85,2024-02-15 09:51:00-05:00,2024-02-15 09:52:00-05:00,17040.53,17004.85,17183.25,2024-02-16 04:28:00-05:00,17183.25,TP,4.0
2024-02-16,LONG,17121.61,17095.48,2024-02-16 11:57:00-05:00,2024-02-16 11:58:00-05:00,17122.07,17095.48,17228.43,2024-02-16 13:05:00-05:00,17095.48,SL,-1.0
2024-02-19,LONG,17073.66,17057.89,2024-02-19 09:58:00-05:00,2024-02-19 09:59:00-05:00,17074.38,17057.89,17140.340000000007,2024-02-19 18:28:00-05:00,17057.89,SL,-1.0
2024-02-20,LONG,17046.1,17032.76,2024-02-20 09:57:00-05:00,2024-02-20 09:58:00-05:00,17046.0,17032.76,17098.960000000006,2024-02-20 10:03:00-05:00,17032.76,SL,-1.0
2024-02-21,LONG,17108.88,17085.99,2024-02-21 09:46:00-05:00,2024-02-21 09:47:00-05:00,17110.32,17085.99,17207.639999999992,2024-02-21 16:20:00-05:00,17207.639999999992,TP,4.0
2024-02-22,LONG,17404.6,17377.3,2024-02-22 09:50:00-05:00,2024-02-22 09:51:00-05:00,17410.25,17377.3,17542.050000000003,2024-02-22 10:15:00-05:00,17377.3,SL,-1.0
2024-02-23,LONG,17420.89,17399.03,2024-02-23 09:45:00-05:00,2024-02-23 09:46:00-05:00,17421.94,17399.03,17513.579999999998,2024-02-23 11:04:00-05:00,17399.03,SL,-1.0
2024-02-26,LONG,17445.61,17434.16,2024-02-26 09:53:00-05:00,2024-02-26 09:54:00-05:00,17446.49,17434.16,17495.81000000001,2024-02-26 10:34:00-05:00,17434.16,SL,-1.0
2024-02-27,LONG,17517.25,17499.54,2024-02-27 09:50:00-05:00,2024-02-27 09:51:00-05:00,17518.07,17499.54,17592.189999999995,2024-02-27 16:54:00-05:00,17592.189999999995,TP,4.0
2024-02-28,LONG,17593.61,17576.09,2024-02-28 10:58:00-05:00,2024-02-28 10:59:00-05:00,17594.36,17576.09,17667.440000000002,2024-02-28 16:02:00-05:00,17576.09,SL,-1.0
2024-02-29,LONG,17727.7,17706.52,2024-02-29 09:55:00-05:00,2024-02-29 09:56:00-05:00,17730.08,17706.52,17824.320000000007,2024-02-29 10:10:00-05:00,17706.52,SL,-1.0
2024-03-04,LONG,17707.44,17687.25,2024-03-04 10:59:00-05:00,2024-03-04 11:00:00-05:00,17708.26,17687.25,17792.299999999992,2024-03-04 16:22:00-05:00,17687.25,SL,-1.0
2024-03-05,LONG,17732.05,17706.44,2024-03-05 09:48:00-05:00,2024-03-05 09:49:00-05:00,17735.02,17706.44,17849.340000000007,2024-03-05 10:32:00-05:00,17706.44,SL,-1.0
2024-03-06,LONG,17733.37,17716.02,2024-03-06 12:21:00-05:00,2024-03-06 12:22:00-05:00,17734.61,17716.02,17808.97,2024-03-06 13:33:00-05:00,17716.02,SL,-1.0
2024-03-07,LONG,17825.53,17793.37,2024-03-07 09:52:00-05:00,2024-03-07 09:53:00-05:00,17825.31,17793.37,17953.07000000001,2024-03-08 08:30:00-05:00,17793.37,SL,-1.0
2024-03-11,LONG,17701.25,17686.75,2024-03-11 09:53:00-04:00,2024-03-11 09:54:00-04:00,17703.25,17686.75,17769.25,2024-03-11 11:39:00-04:00,17686.75,SL,-1.0
2024-03-12,LONG,17843.34,17745.24,2024-03-12 09:47:00-04:00,2024-03-12 09:48:00-04:00,17843.67,17745.24,18237.389999999985,2024-03-22 14:48:00-04:00,18237.389999999985,TP,4.0
2024-03-22,LONG,18204.77,18186.54,2024-03-22 14:49:00-04:00,2024-03-22 14:50:00-04:00,18239.45,18186.54,18451.09,2024-03-25 07:01:00-04:00,18186.54,SL,-1.0
2024-03-25,LONG,18213.2,18197.53,2024-03-25 10:19:00-04:00,2024-03-25 10:20:00-04:00,18214.16,18197.53,18280.680000000004,2024-03-25 11:13:00-04:00,18280.680000000004,TP,4.0
2024-03-26,LONG,18399.76,18378.73,2024-03-26 09:53:00-04:00,2024-03-26 09:54:00-04:00,18401.99,18378.73,18495.03000000001,2024-03-26 10:15:00-04:00,18378.73,SL,-1.0
2024-03-27,LONG,18494.23,18481.06,2024-03-27 09:53:00-04:00,2024-03-27 09:54:00-04:00,18494.91,18481.06,18550.309999999994,2024-03-27 10:54:00-04:00,18481.06,SL,-1.0
2024-03-28,LONG,18496.71,18476.64,2024-03-28 10:15:00-04:00,2024-03-28 10:16:00-04:00,18497.2,18476.64,18579.440000000006,2024-04-02 04:42:00-04:00,18476.64,SL,-1.0
2024-04-03,LONG,18331.86,18301.1,2024-04-03 09:53:00-04:00,2024-04-03 09:54:00-04:00,18331.54,18301.1,18453.30000000001,2024-04-04 14:27:00-04:00,18301.1,SL,-1.0
2024-04-05,LONG,18173.3,18131.66,2024-04-05 09:53:00-04:00,2024-04-05 09:54:00-04:00,18174.63,18131.66,18346.510000000006,2024-04-05 10:07:00-04:00,18131.66,SL,-1.0
2024-04-10,LONG,18053.15,18003.24,2024-04-10 09:55:00-04:00,2024-04-10 09:56:00-04:00,18054.0,18003.24,18257.039999999994,2024-04-11 06:05:00-04:00,18003.24,SL,-1.0
2024-04-12,LONG,18017.04,17951.0,2024-04-12 09:45:00-04:00,2024-04-12 09:46:00-04:00,18020.04,17951.0,18296.200000000004,2024-04-12 10:02:00-04:00,17951.0,SL,-1.0
2024-04-16,LONG,17810.84,17731.19,2024-04-16 14:08:00-04:00,2024-04-16 14:09:00-04:00,17813.0,17731.19,18140.240000000005,2024-04-17 02:11:00-04:00,17731.19,SL,-1.0
2024-04-18,LONG,17780.84,17715.18,2024-04-18 09:50:00-04:00,2024-04-18 09:51:00-04:00,17782.66,17715.18,18052.579999999998,2024-04-18 19:53:00-04:00,17715.18,SL,-1.0
2024-04-19,LONG,17752.56,17713.75,2024-04-19 09:45:00-04:00,2024-04-19 09:46:00-04:00,17761.45,17713.75,17952.250000000004,2024-04-19 12:13:00-04:00,17713.75,SL,-1.0
2024-04-22,LONG,17875.58,17844.23,2024-04-22 10:01:00-04:00,2024-04-22 10:02:00-04:00,17879.9,17844.23,18022.58000000001,2024-04-22 10:30:00-04:00,17844.23,SL,-1.0
2024-04-23,LONG,18068.83,18047.6,2024-04-23 09:45:00-04:00,2024-04-23 09:46:00-04:00,18073.32,18047.6,18176.200000000004,2024-04-23 16:22:00-04:00,18176.200000000004,TP,4.0
2024-04-25,LONG,17864.88,17813.1,2024-04-25 10:20:00-04:00,2024-04-25 10:21:00-04:00,17865.82,17813.1,18076.700000000004,2024-04-25 16:05:00-04:00,18076.700000000004,TP,4.0
2024-04-26,LONG,18128.9,18066.46,2024-04-26 09:49:00-04:00,2024-04-26 09:50:00-04:00,18132.94,18066.46,18398.859999999997,2024-04-30 03:55:00-04:00,18066.46,SL,-1.0
2024-04-30,LONG,18038.65,17998.95,2024-04-30 10:07:00-04:00,2024-04-30 10:08:00-04:00,18043.85,17998.95,18223.44999999999,2024-04-30 10:34:00-04:00,17998.95,SL,-1.0
2024-05-02,LONG,17983.93,17943.93,2024-05-02 16:44:00-04:00,2024-05-02 16:45:00-04:00,17988.44,17943.93,18166.479999999992,2024-05-03 01:00:00-04:00,17943.93,SL,-1.0
2024-05-03,LONG,18042.33,18005.04,2024-05-03 09:53:00-04:00,2024-05-03 09:54:00-04:00,18043.64,18005.04,18198.039999999994,2024-05-03 10:04:00-04:00,18005.04,SL,-1.0
2024-05-06,LONG,18140.85,18109.48,2024-05-06 10:01:00-04:00,2024-05-06 10:02:00-04:00,18142.27,18109.48,18273.430000000004,2024-05-07 04:49:00-04:00,18273.430000000004,TP,4.0
2024-05-07,LONG,18385.32,18359.06,2024-05-07 10:32:00-04:00,2024-05-07 10:33:00-04:00,18387.29,18359.06,18500.21,2024-05-08 03:01:00-04:00,18500.21,TP,4.0
2024-05-08,LONG,18471.55,18444.06,2024-05-08 09:46:00-04:00,2024-05-08 09:47:00-04:00,18471.74,18444.06,18582.460000000003,2024-05-09 07:05:00-04:00,18582.460000000003,TP,4.0
2024-05-09,LONG,18671.85,18650.9,2024-05-09 10:05:00-04:00,2024-05-09 10:06:00-04:00,18674.7,18650.9,18769.899999999998,2024-05-10 03:02:00-04:00,18769.899999999998,TP,4.0
2024-05-13,LONG,18727.35,18703.61,2024-05-13 09:47:00-04:00,2024-05-13 09:48:00-04:00,18729.45,18703.61,18832.81,2024-05-14 03:31:00-04:00,18703.61,SL,-1.0
2024-05-14,LONG,18716.84,18701.69,2024-05-14 09:58:00-04:00,2024-05-14 09:59:00-04:00,18720.48,18701.69,18795.640000000003,2024-05-14 23:31:00-04:00,18795.640000000003,TP,4.0
2024-05-15,LONG,18864.21,18826.57,2024-05-15 10:01:00-04:00,2024-05-15 10:02:00-04:00,18866.67,18826.57,19027.069999999992,2024-05-15 10:26:00-04:00,18826.57,SL,-1.0
2024-05-17,LONG,18699.89,18682.17,2024-05-17 09:51:00-04:00,2024-05-17 09:52:00-04:00,18702.31,18682.17,18782.870000000014,2024-05-20 07:00:00-04:00,18782.870000000014,TP,4.0
2024-05-20,LONG,18763.95,18746.4,2024-05-20 09:50:00-04:00,2024-05-20 09:51:00-04:00,18769.57,18746.4,18862.249999999993,2024-05-20 13:27:00-04:00,18746.4,SL,-1.0
2024-05-21,LONG,18688.21,18678.35,2024-05-21 10:05:00-04:00,2024-05-21 10:06:00-04:00,18689.81,18678.35,18735.650000000012,2024-05-21 13:55:00-04:00,18735.650000000012,TP,4.0
2024-05-22,LONG,18716.65,18677.99,2024-05-22 22:59:00-04:00,2024-05-22 23:00:00-04:00,18720.35,18677.99,18889.789999999986,2024-05-23 09:48:00-04:00,18677.99,SL,-1.0
2024-05-24,LONG,18617.46,18593.07,2024-05-24 10:00:00-04:00,2024-05-24 10:01:00-04:00,18623.74,18593.07,18746.42000000001,2024-05-27 08:09:00-04:00,18746.42000000001,TP,4.0
2024-05-27,LONG,18766.72,18754.26,2024-05-27 11:34:00-04:00,2024-05-27 11:35:00-04:00,18772.44,18754.26,18845.16,2024-05-28 04:42:00-04:00,18845.16,TP,4.0
2024-05-29,LONG,18469.28,18434.2,2024-05-29 09:47:00-04:00,2024-05-29 09:48:00-04:00,18468.82,18434.2,18607.299999999996,2024-05-29 16:50:00-04:00,18434.2,SL,-1.0
2024-05-30,LONG,18530.82,18508.11,2024-05-30 13:01:00-04:00,2024-05-30 13:02:00-04:00,18531.2,18508.11,18623.56,2024-05-30 14:16:00-04:00,18508.11,SL,-1.0
2024-05-31,LONG,18533.06,18493.9,2024-05-31 15:41:00-04:00,2024-05-31 15:42:00-04:00,18535.02,18493.9,18699.499999999996,2024-06-04 03:30:00-04:00,18493.9,SL,-1.0
2024-06-04,LONG,18512.3,18483.28,2024-06-04 09:45:00-04:00,2024-06-04 09:46:00-04:00,18518.7,18483.28,18660.38000000001,2024-06-04 10:22:00-04:00,18483.28,SL,-1.0
2024-06-05,LONG,18607.51,18563.84,2024-06-05 14:27:00-04:00,2024-06-05 14:28:00-04:00,18608.03,18563.84,18784.789999999994,2024-06-07 04:22:00-04:00,18563.84,SL,-1.0
2024-06-07,LONG,18530.16,18479.18,2024-06-07 09:46:00-04:00,2024-06-07 09:47:00-04:00,18531.21,18479.18,18739.329999999994,2024-06-10 02:02:00-04:00,18479.18,SL,-1.0
2024-06-10,LONG,18425.81,18396.86,2024-06-10 09:50:00-04:00,2024-06-10 09:51:00-04:00,18429.33,18396.86,18559.210000000006,2024-06-11 05:52:00-04:00,18396.86,SL,-1.0
2024-06-11,LONG,18385.56,18323.34,2024-06-11 10:41:00-04:00,2024-06-11 10:42:00-04:00,18387.83,18323.34,18645.790000000008,2024-06-12 09:51:00-04:00,18645.790000000008,TP,4.0
2024-06-12,LONG,18625.93,18576.66,2024-06-12 09:52:00-04:00,2024-06-12 09:53:00-04:00,18642.28,18576.66,18904.759999999995,2024-06-12 15:42:00-04:00,18576.66,SL,-1.0
2024-06-17,LONG,18079.44,18045.64,2024-06-17 11:07:00-04:00,2024-06-17 11:08:00-04:00,18078.65,18045.64,18210.69000000001,2024-06-20 10:32:00-04:00,18210.69000000001,TP,4.0
2024-06-20,LONG,18182.22,18127.85,2024-06-20 10:33:00-04:00,2024-06-20 10:34:00-04:00,18203.16,18127.85,18504.400000000005,2024-06-20 16:00:00-04:00,18127.85,SL,-1.0
2024-06-21,LONG,18152.45,18087.49,2024-06-21 10:12:00-04:00,2024-06-21 10:13:00-04:00,18160.37,18087.49,18451.88999999999,2024-06-25 03:49:00-04:00,18087.49,SL,-1.0
2024-06-25,LONG,18128.38,18101.71,2024-06-25 09:47:00-04:00,2024-06-25 09:48:00-04:00,18128.26,18101.71,18234.459999999995,2024-06-25 22:06:00-04:00,18234.459999999995,TP,4.0
2024-06-26,LONG,18105.27,18073.83,2024-06-26 09:45:00-04:00,2024-06-26 09:46:00-04:00,18107.27,18073.83,18241.029999999995,2024-06-27 10:05:00-04:00,18241.029999999995,TP,4.0
2024-06-27,LONG,18235.71,18193.16,2024-06-27 10:06:00-04:00,2024-06-27 10:07:00-04:00,18245.65,18193.16,18455.610000000008,2024-06-27 11:02:00-04:00,18193.16,SL,-1.0
2024-06-28,LONG,18274.82,18213.0,2024-06-28 10:08:00-04:00,2024-06-28 10:09:00-04:00,18276.98,18213.0,18532.899999999998,2024-06-28 11:08:00-04:00,18213.0,SL,-1.0
2024-07-02,LONG,18115.51,18084.41,2024-07-02 09:51:00-04:00,2024-07-02 09:52:00-04:00,18118.47,18084.41,18254.710000000006,2024-07-03 02:06:00-04:00,18254.710000000006,TP,4.0
2024-07-03,LONG,18354.43,18325.72,2024-07-03 10:10:00-04:00,2024-07-03 10:11:00-04:00,18357.32,18325.72,18483.719999999994,2024-07-05 01:54:00-04:00,18483.719999999994,TP,4.0
2024-07-10,LONG,18384.78,18361.31,2024-07-10 10:01:00-04:00,2024-07-10 10:02:00-04:00,18390.45,18361.31,18507.01,2024-07-11 03:00:00-04:00,18507.01,TP,4.0
2024-07-11,LONG,18536.54,18498.25,2024-07-11 10:07:00-04:00,2024-07-11 10:08:00-04:00,18537.45,18498.25,18694.250000000004,2024-07-12 10:14:00-04:00,18694.250000000004,TP,4.0
2024-07-12,LONG,18644.75,18610.79,2024-07-12 10:15:00-04:00,2024-07-12 10:16:00-04:00,18711.98,18610.79,19116.739999999994,2024-07-15 09:16:00-04:00,18610.79,SL,-1.0
2024-07-16,LONG,18496.34,18465.14,2024-07-16 10:00:00-04:00,2024-07-16 10:01:00-04:00,18499.28,18465.14,18635.839999999997,2024-07-17 03:00:00-04:00,18465.14,SL,-1.0
2024-07-17,LONG,18471.74,18426.38,2024-07-17 09:45:00-04:00,2024-07-17 09:46:00-04:00,18480.37,18426.38,18696.32999999999,2024-07-17 12:09:00-04:00,18426.38,SL,-1.0
2024-07-22,LONG,18468.34,18440.07,2024-07-22 15:38:00-04:00,2024-07-22 15:39:00-04:00,18468.24,18440.07,18580.92000000001,2024-07-23 05:30:00-04:00,18580.92000000001,TP,4.0
2024-07-23,LONG,18542.94,18516.87,2024-07-23 09:49:00-04:00,2024-07-23 09:50:00-04:00,18544.4,18516.87,18654.52000000001,2024-07-23 09:53:00-04:00,18516.87,SL,-1.0
2024-07-24,LONG,18429.23,18403.36,2024-07-24 10:27:00-04:00,2024-07-24 10:28:00-04:00,18436.63,18403.36,18569.710000000003,2024-07-24 10:44:00-04:00,18403.36,SL,-1.0
2024-07-25,LONG,18247.28,18210.71,2024-07-25 09:45:00-04:00,2024-07-25 09:46:00-04:00,18248.23,18210.71,18398.31,2024-07-25 10:00:00-04:00,18210.71,SL,-1.0
2024-07-26,LONG,18369.1,18340.44,2024-07-26 09:55:00-04:00,2024-07-26 09:56:00-04:00,18371.34,18340.44,18494.940000000006,2024-07-28 18:25:00-04:00,18494.940000000006,TP,4.0
2024-07-29,LONG,18410.25,18387.0,2024-07-29 10:00:00-04:00,2024-07-29 10:01:00-04:00,18415.13,18387.0,18527.650000000005,2024-07-29 10:07:00-04:00,18387.0,SL,-1.0
2024-07-31,LONG,18493.48,18445.78,2024-07-31 10:15:00-04:00,2024-07-31 10:16:00-04:00,18500.53,18445.78,18719.53,2024-08-01 02:36:00-04:00,18445.78,SL,-1.0
2024-08-05,LONG,17154.41,17099.71,2024-08-05 09:45:00-04:00,2024-08-05 09:46:00-04:00,17168.38,17099.71,17443.06000000001,2024-08-05 18:05:00-04:00,17443.06000000001,TP,4.0
2024-08-06,LONG,17315.57,17253.16,2024-08-06 09:52:00-04:00,2024-08-06 09:53:00-04:00,17342.91,17253.16,17701.91,2024-08-08 14:05:00-04:00,17701.91,TP,4.0
2024-08-08,LONG,17628.63,17594.46,2024-08-08 14:06:00-04:00,2024-08-08 14:07:00-04:00,17702.88,17594.46,18136.56000000001,2024-08-15 08:52:00-04:00,18136.56000000001,TP,4.0
2024-08-15,LONG,18187.0,18156.17,2024-08-15 09:49:00-04:00,2024-08-15 09:50:00-04:00,18191.98,18156.17,18335.220000000005,2024-08-15 10:04:00-04:00,18156.17,SL,-1.0
2024-08-16,LONG,18291.54,18260.73,2024-08-16 09:49:00-04:00,2024-08-16 09:50:00-04:00,18296.54,18260.73,18439.780000000006,2024-08-19 10:27:00-04:00,18439.780000000006,TP,4.0
2024-08-19,LONG,18416.93,18379.56,2024-08-19 10:28:00-04:00,2024-08-19 10:29:00-04:00,18440.98,18379.56,18686.659999999993,2024-08-20 09:05:00-04:00,18379.56,SL,-1.0
2024-08-20,LONG,18403.23,18378.44,2024-08-20 09:53:00-04:00,2024-08-20 09:54:00-04:00,18402.67,18378.44,18499.589999999997,2024-08-20 10:18:00-04:00,18378.44,SL,-1.0
2024-08-21,LONG,18459.29,18424.28,2024-08-21 13:52:00-04:00,2024-08-21 13:53:00-04:00,18459.48,18424.28,18600.280000000002,2024-08-23 05:35:00-04:00,18600.280000000002,TP,4.0
2024-08-23,LONG,18599.47,18578.0,2024-08-23 10:00:00-04:00,2024-08-23 10:01:00-04:00,18604.98,18578.0,18712.899999999998,2024-08-23 12:17:00-04:00,18578.0,SL,-1.0
2024-08-26,LONG,18620.29,18594.5,2024-08-26 09:48:00-04:00,2024-08-26 09:49:00-04:00,18622.19,18594.5,18732.949999999993,2024-08-28 02:58:00-04:00,18732.949999999993,TP,4.0
2024-08-28,LONG,18841.41,18815.3,2024-08-28 09:53:00-04:00,2024-08-28 09:54:00-04:00,18844.65,18815.3,18962.05000000001,2024-08-28 10:32:00-04:00,18815.3,SL,-1.0
2024-08-29,LONG,18918.68,18870.29,2024-08-29 11:35:00-04:00,2024-08-29 11:36:00-04:00,18920.01,18870.29,19118.88999999999,2024-08-29 14:38:00-04:00,18870.29,SL,-1.0
2024-09-02,LONG,18898.87,18875.37,2024-09-02 09:55:00-04:00,2024-09-02 09:56:00-04:00,18902.49,18875.37,19010.970000000012,2024-09-03 05:13:00-04:00,18875.37,SL,-1.0
2024-09-04,LONG,18620.34,18571.23,2024-09-04 10:16:00-04:00,2024-09-04 10:17:00-04:00,18621.32,18571.23,18821.68,2024-09-04 11:42:00-04:00,18571.23,SL,-1.0
2024-09-05,LONG,18646.4,18592.3,2024-09-05 10:00:00-04:00,2024-09-05 10:01:00-04:00,18650.76,18592.3,18884.599999999995,2024-09-05 11:27:00-04:00,18592.3,SL,-1.0
2024-09-09,LONG,18415.19,18385.3,2024-09-09 09:50:00-04:00,2024-09-09 09:51:00-04:00,18417.34,18385.3,18545.500000000004,2024-09-10 05:05:00-04:00,18385.3,SL,-1.0
2024-09-11,LONG,18406.52,18349.29,2024-09-11 12:39:00-04:00,2024-09-11 12:40:00-04:00,18407.6,18349.29,18640.83999999999,2024-09-13 03:28:00-04:00,18640.83999999999,TP,4.0
2024-09-13,LONG,18658.6,18626.76,2024-09-13 09:46:00-04:00,2024-09-13 09:47:00-04:00,18660.21,18626.76,18794.010000000002,2024-09-16 02:58:00-04:00,18626.76,SL,-1.0
2024-09-16,LONG,18647.05,18601.22,2024-09-16 09:54:00-04:00,2024-09-16 09:55:00-04:00,18650.89,18601.22,18849.569999999992,2024-09-18 14:00:00-04:00,18849.569999999992,TP,4.0
2024-09-18,LONG,18758.42,18730.7,2024-09-18 14:01:00-04:00,2024-09-18 14:02:00-04:00,18894.21,18730.7,19548.249999999993,2024-09-20 10:00:00-04:00,18730.7,SL,-1.0
2024-09-23,LONG,18841.59,18817.33,2024-09-23 09:49:00-04:00,2024-09-23 09:50:00-04:00,18845.34,18817.33,18957.379999999994,2024-09-23 10:34:00-04:00,18817.33,SL,-1.0
2024-09-24,LONG,18968.22,18925.5,2024-09-24 09:46:00-04:00,2024-09-24 09:47:00-04:00,18970.39,18925.5,19149.949999999997,2024-09-24 10:01:00-04:00,18925.5,SL,-1.0
2024-09-25,LONG,18921.37,18891.84,2024-09-25 10:05:00-04:00,2024-09-25 10:06:00-04:00,18921.68,18891.84,19041.04,2024-09-25 13:35:00-04:00,18891.84,SL,-1.0
2024-09-26,LONG,19251.39,19214.27,2024-09-26 09:45:00-04:00,2024-09-26 09:46:00-04:00,19251.69,19214.27,19401.36999999999,2024-09-26 09:49:00-04:00,19214.27,SL,-1.0
2024-09-27,LONG,19446.72,19420.7,2024-09-27 10:09:00-04:00,2024-09-27 10:10:00-04:00,19448.61,19420.7,19560.25,2024-09-27 13:06:00-04:00,19420.7,SL,-1.0
2024-09-30,LONG,19361.67,19320.41,2024-09-30 10:34:00-04:00,2024-09-30 10:35:00-04:00,19366.51,19320.41,19550.909999999993,2024-09-30 11:39:00-04:00,19320.41,SL,-1.0
2024-10-02,LONG,19113.39,19057.24,2024-10-02 09:48:00-04:00,2024-10-02 09:49:00-04:00,19113.51,19057.24,19338.589999999986,2024-10-03 00:43:00-04:00,19057.24,SL,-1.0
2024-10-03,LONG,19042.39,19000.24,2024-10-03 10:10:00-04:00,2024-10-03 10:11:00-04:00,19052.36,19000.24,19260.839999999997,2024-10-03 10:14:00-04:00,19000.24,SL,-1.0
2024-10-04,LONG,19123.27,19079.63,2024-10-04 09:46:00-04:00,2024-10-04 09:47:00-04:00,19124.32,19079.63,19303.079999999994,2024-10-07 03:19:00-04:00,19079.63,SL,-1.0
2024-10-08,LONG,19088.94,19057.54,2024-10-08 10:00:00-04:00,2024-10-08 10:01:00-04:00,19095.95,19057.54,19249.59,2024-10-08 10:12:00-04:00,19057.54,SL,-1.0
2024-10-09,LONG,19142.94,19098.35,2024-10-09 09:45:00-04:00,2024-10-09 09:46:00-04:00,19146.29,19098.35,19338.05000000001,2024-10-11 10:07:00-04:00,19338.05000000001,TP,4.0
2024-10-11,LONG,19287.58,19259.6,2024-10-11 10:08:00-04:00,2024-10-11 10:09:00-04:00,19326.88,19259.6,19596.00000000001,2024-10-15 03:00:00-04:00,19596.00000000001,TP,4.0
2024-10-16,LONG,19467.98,19431.03,2024-10-16 09:48:00-04:00,2024-10-16 09:49:00-04:00,19472.34,19431.03,19637.580000000005,2024-10-16 11:35:00-04:00,19431.03,SL,-1.0
2024-10-18,LONG,19642.52,19601.0,2024-10-18 10:30:00-04:00,2024-10-18 10:31:00-04:00,19644.72,19601.0,19819.600000000006,2024-10-21 01:32:00-04:00,19601.0,SL,-1.0
2024-10-21,LONG,19549.35,19517.64,2024-10-21 10:01:00-04:00,2024-10-21 10:02:00-04:00,19552.71,19517.64,19692.989999999998,2024-10-21 10:29:00-04:00,19517.64,SL,-1.0
2024-10-22,LONG,19462.52,19429.09,2024-10-22 10:14:00-04:00,2024-10-22 10:15:00-04:00,19468.82,19429.09,19627.739999999998,2024-10-22 11:32:00-04:00,19429.09,SL,-1.0
2024-10-23,LONG,19425.63,19379.45,2024-10-23 09:46:00-04:00,2024-10-23 09:47:00-04:00,19432.0,19379.45,19642.199999999997,2024-10-23 11:32:00-04:00,19379.45,SL,-1.0
2024-10-25,LONG,19490.94,19439.82,2024-10-25 10:07:00-04:00,2024-10-25 10:08:00-04:00,19496.72,19439.82,19724.320000000007,2024-10-25 13:21:00-04:00,19439.82,SL,-1.0
2024-10-28,LONG,19462.42,19405.28,2024-10-28 09:49:00-04:00,2024-10-28 09:50:00-04:00,19462.21,19405.28,19689.93,2024-10-30 02:04:00-04:00,19405.28,SL,-1.0
2024-10-30,LONG,19253.49,19221.27,2024-10-30 10:37:00-04:00,2024-10-30 10:38:00-04:00,19256.95,19221.27,19399.670000000002,2024-10-30 20:00:00-04:00,19221.27,SL,-1.0
2024-10-31,LONG,19177.22,19151.29,2024-10-31 09:45:00-04:00,2024-10-31 09:46:00-04:00,19179.58,19151.29,19292.740000000005,2024-10-31 10:36:00-04:00,19151.29,SL,-1.0
2024-11-01,LONG,19201.22,19171.08,2024-11-01 09:54:00-04:00,2024-11-01 09:55:00-04:00,19202.28,19171.08,19327.079999999987,2024-11-04 09:21:00-05:00,19171.08,SL,-1.0
2024-11-04,LONG,19191.77,19156.31,2024-11-04 10:10:00-05:00,2024-11-04 10:11:00-05:00,19195.44,19156.31,19351.95999999999,2024-11-04 11:30:00-05:00,19156.31,SL,-1.0
2024-11-05,LONG,19197.35,19145.31,2024-11-05 10:23:00-05:00,2024-11-05 10:24:00-05:00,19198.84,19145.31,19412.959999999995,2024-11-05 22:02:00-05:00,19412.959999999995,TP,4.0
2024-11-07,LONG,19407.48,19349.07,2024-11-07 09:51:00-05:00,2024-11-07 09:52:00-05:00,19411.33,19349.07,19660.37000000001,2024-11-08 03:06:00-05:00,19349.07,SL,-1.0
2024-11-08,LONG,19235.48,19178.56,2024-11-08 14:38:00-05:00,2024-11-08 14:39:00-05:00,19236.05,19178.56,19466.00999999999,2024-11-11 05:21:00-05:00,19466.00999999999,TP,4.0
2024-11-13,LONG,18954.54,18919.3,2024-11-13 11:06:00-05:00,2024-11-13 11:07:00-05:00,18955.69,18919.3,19101.249999999996,2024-11-14 03:10:00-05:00,19101.249999999996,TP,4.0
2024-11-15,LONG,19254.39,19217.07,2024-11-15 09:49:00-05:00,2024-11-15 09:50:00-05:00,19258.62,19217.07,19424.819999999996,2024-11-15 10:09:00-05:00,19217.07,SL,-1.0
2024-11-18,LONG,19156.78,19104.57,2024-11-18 10:30:00-05:00,2024-11-18 10:31:00-05:00,19160.41,19104.57,19383.77,2024-11-19 03:36:00-05:00,19104.57,SL,-1.0
2024-11-19,LONG,18931.89,18874.01,2024-11-19 10:06:00-05:00,2024-11-19 10:07:00-05:00,18945.49,18874.01,19231.410000000014,2024-11-22 03:00:00-05:00,19231.410000000014,TP,4.0
2024-11-22,LONG,19316.94,19236.12,2024-11-22 09:45:00-05:00,2024-11-22 09:46:00-05:00,19327.23,19236.12,19691.670000000002,2024-11-25 19:59:00-05:00,19236.12,SL,-1.0
2024-11-27,LONG,19264.86,19226.38,2024-11-27 10:14:00-05:00,2024-11-27 10:15:00-05:00,19265.3,19226.38,19420.979999999992,2024-11-27 10:37:00-05:00,19226.38,SL,-1.0
2024-11-28,LONG,19421.54,19404.37,2024-11-28 09:53:00-05:00,2024-11-28 09:54:00-05:00,19423.66,19404.37,19500.820000000003,2024-11-28 10:10:00-05:00,19404.37,SL,-1.0
2024-11-29,LONG,19513.92,19464.22,2024-11-29 10:03:00-05:00,2024-11-29 10:04:00-05:00,19516.09,19464.22,19723.569999999996,2024-12-02 05:17:00-05:00,19723.569999999996,TP,4.0
2024-12-02,LONG,19895.63,19864.42,2024-12-02 11:10:00-05:00,2024-12-02 11:11:00-05:00,19900.1,19864.42,20042.82,2024-12-03 18:48:00-05:00,20042.82,TP,4.0
2024-12-03,LONG,19955.01,19928.21,2024-12-03 18:49:00-05:00,2024-12-03 18:50:00-05:00,20042.32,19928.21,20498.760000000002,2024-12-13 03:25:00-05:00,20498.760000000002,TP,4.0
2024-12-16,LONG,20337.23,20317.27,2024-12-16 10:00:00-05:00,2024-12-16 10:01:00-05:00,20341.4,20317.27,20437.920000000006,2024-12-16 11:02:00-05:00,20317.27,SL,-1.0
2024-12-18,LONG,20281.62,20246.51,2024-12-18 09:45:00-05:00,2024-12-18 09:46:00-05:00,20281.14,20246.51,20419.660000000003,2024-12-18 11:15:00-05:00,20246.51,SL,-1.0
2024-12-20,LONG,19771.27,19713.63,2024-12-20 09:45:00-05:00,2024-12-20 09:46:00-05:00,19771.1,19713.63,20000.97999999999,2024-12-29 20:52:00-05:00,20000.97999999999,TP,4.0
2024-12-30,LONG,19844.0,19806.0,2024-12-30 11:15:00-05:00,2024-12-30 11:16:00-05:00,19848.5,19806.0,20018.5,2025-01-01 19:16:00-05:00,19806.0,SL,-1.0
2025-01-02,LONG,19958.14,19912.61,2025-01-02 09:46:00-05:00,2025-01-02 09:47:00-05:00,19959.12,19912.61,20145.159999999993,2025-01-02 12:38:00-05:00,19912.61,SL,-1.0
2025-01-06,LONG,20074.26,20035.01,2025-01-06 09:45:00-05:00,2025-01-06 09:46:00-05:00,20079.51,20035.01,20257.51,2025-01-07 04:24:00-05:00,20257.51,TP,4.0
2025-01-08,LONG,20302.59,20244.63,2025-01-08 10:51:00-05:00,2025-01-08 10:52:00-05:00,20304.55,20244.63,20544.229999999992,2025-01-10 10:06:00-05:00,20244.63,SL,-1.0
2025-01-13,LONG,20124.15,20071.98,2025-01-13 09:47:00-05:00,2025-01-13 09:48:00-05:00,20126.25,20071.98,20343.33,2025-01-14 08:30:00-05:00,20343.33,TP,4.0
2025-01-15,LONG,20593.89,20538.86,2025-01-15 10:21:00-05:00,2025-01-15 10:22:00-05:00,20597.26,20538.86,20830.85999999999,2025-01-17 04:06:00-05:00,20830.85999999999,TP,4.0
2025-01-17,LONG,20902.91,20877.18,2025-01-17 09:47:00-05:00,2025-01-17 09:48:00-05:00,20905.49,20877.18,21018.730000000007,2025-01-17 14:18:00-05:00,20877.18,SL,-1.0
2025-01-21,LONG,21016.53,20988.36,2025-01-21 11:05:00-05:00,2025-01-21 11:06:00-05:00,21020.52,20988.36,21149.16,2025-01-21 18:00:00-05:00,21149.16,TP,4.0
2025-01-23,LONG,21338.25,21318.39,2025-01-23 10:12:00-05:00,2025-01-23 10:13:00-05:00,21340.91,21318.39,21430.99,2025-01-23 11:45:00-05:00,21430.99,TP,4.0
2025-01-27,LONG,21263.37,21213.24,2025-01-27 09:52:00-05:00,2025-01-27 09:53:00-05:00,21265.83,21213.24,21476.190000000002,2025-01-28 13:07:00-05:00,21476.190000000002,TP,4.0
2025-01-28,LONG,21447.7,21387.77,2025-01-28 13:08:00-05:00,2025-01-28 13:09:00-05:00,21473.98,21387.77,21818.819999999996,2025-02-02 18:05:00-05:00,21387.77,SL,-1.0
2025-02-03,LONG,21380.58,21342.88,2025-02-03 10:23:00-05:00,2025-02-03 10:24:00-05:00,21385.69,21342.88,21556.92999999999,2025-02-03 18:00:00-05:00,21556.92999999999,TP,4.0
2025-02-04,LONG,21488.23,21452.07,2025-02-04 09:54:00-05:00,2025-02-04 09:55:00-05:00,21488.07,21452.07,21632.07,2025-02-04 10:27:00-05:00,21452.07,SL,-1.0
2025-02-05,LONG,21543.88,21528.5,2025-02-05 11:26:00-05:00,2025-02-05 11:27:00-05:00,21543.98,21528.5,21605.899999999998,2025-02-05 11:51:00-05:00,21605.899999999998,TP,4.0
2025-02-06,LONG,21837.37,21784.85,2025-02-06 09:55:00-05:00,2025-02-06 09:56:00-05:00,21845.94,21784.85,22090.3,2025-02-07 10:53:00-05:00,21784.85,SL,-1.0
2025-02-10,LONG,21901.16,21866.67,2025-02-10 09:52:00-05:00,2025-02-10 09:53:00-05:00,21903.91,21866.67,22052.870000000006,2025-02-11 14:32:00-05:00,22052.870000000006,TP,4.0
2025-02-11,LONG,21970.7,21945.32,2025-02-11 14:33:00-05:00,2025-02-11 14:34:00-05:00,22053.7,21945.32,22487.220000000005,2025-02-13 06:02:00-05:00,22487.220000000005,TP,4.0
2025-02-13,LONG,22532.02,22471.39,2025-02-13 09:55:00-05:00,2025-02-13 09:56:00-05:00,22534.93,22471.39,22789.090000000004,2025-02-13 13:42:00-05:00,22471.39,SL,-1.0
2025-02-14,LONG,22558.5,22534.5,2025-02-14 09:50:00-05:00,2025-02-14 09:51:00-05:00,22560.0,22534.5,22662.0,2025-02-14 10:04:00-05:00,22534.5,SL,-1.0
2025-02-17,LONG,22740.05,22705.65,2025-02-17 09:45:00-05:00,2025-02-17 09:46:00-05:00,22742.08,22705.65,22887.800000000003,2025-02-19 03:07:00-05:00,22887.800000000003,TP,4.0
2025-02-24,LONG,22431.69,22361.11,2025-02-24 12:22:00-05:00,2025-02-24 12:23:00-05:00,22431.92,22361.11,22715.15999999999,2025-02-24 14:19:00-05:00,22361.11,SL,-1.0
2025-02-25,LONG,22538.95,22495.3,2025-02-25 13:40:00-05:00,2025-02-25 13:41:00-05:00,22547.23,22495.3,22754.95,2025-02-25 14:16:00-05:00,22495.3,SL,-1.0
2025-02-26,LONG,22707.23,22659.85,2025-02-26 09:48:00-05:00,2025-02-26 09:49:00-05:00,22711.66,22659.85,22918.900000000005,2025-02-26 13:05:00-05:00,22659.85,SL,-1.0
2025-02-28,LONG,22449.62,22368.09,2025-02-28 09:51:00-05:00,2025-02-28 09:52:00-05:00,22453.39,22368.09,22794.589999999997,2025-02-28 13:22:00-05:00,22368.09,SL,-1.0
2025-03-04,LONG,22506.93,22421.19,2025-03-04 13:08:00-05:00,2025-03-04 13:09:00-05:00,22568.92,22421.19,23159.839999999997,2025-03-05 05:01:00-05:00,23159.839999999997,TP,4.0
2025-03-05,LONG,23080.35,22988.94,2025-03-05 10:04:00-05:00,2025-03-05 10:05:00-05:00,23084.96,22988.94,23469.04,2025-03-06 11:18:00-05:00,23469.04,TP,4.0
2025-03-06,LONG,23226.62,23103.83,2025-03-06 11:19:00-05:00,2025-03-06 11:20:00-05:00,23459.82,23103.83,24883.77999999999,2025-03-07 03:26:00-05:00,23103.83,SL,-1.0
2025-03-07,LONG,23005.96,22876.77,2025-03-07 09:47:00-05:00,2025-03-07 09:48:00-05:00,23023.36,22876.77,23609.72,2025-03-10 05:52:00-04:00,22876.77,SL,-1.0
2025-03-10,LONG,22708.45,22635.2,2025-03-10 09:47:00-04:00,2025-03-10 09:48:00-04:00,22714.93,22635.2,23033.85,2025-03-10 11:08:00-04:00,22635.2,SL,-1.0
2025-03-11,LONG,22685.25,22645.01,2025-03-11 10:01:00-04:00,2025-03-11 10:02:00-04:00,22686.71,22645.01,22853.510000000002,2025-03-11 10:14:00-04:00,22645.01,SL,-1.0
2025-03-13,LONG,22539.79,22480.36,2025-03-13 10:01:00-04:00,2025-03-13 10:02:00-04:00,22550.97,22480.36,22833.410000000003,2025-03-13 10:50:00-04:00,22480.36,SL,-1.0
2025-03-14,LONG,23021.95,22952.17,2025-03-14 13:53:00-04:00,2025-03-14 13:54:00-04:00,23023.0,22952.17,23306.320000000007,2025-03-17 03:28:00-04:00,22952.17,SL,-1.0
2025-03-17,LONG,23074.99,23019.43,2025-03-17 10:34:00-04:00,2025-03-17 10:35:00-04:00,23082.94,23019.43,23336.979999999992,2025-03-18 05:17:00-04:00,23336.979999999992,TP,4.0
2025-03-19,LONG,23238.88,23194.42,2025-03-19 09:46:00-04:00,2025-03-19 09:47:00-04:00,23242.05,23194.42,23432.570000000003,2025-03-19 10:04:00-04:00,23194.42,SL,-1.0
2025-03-20,LONG,22944.2,22906.5,2025-03-20 09:53:00-04:00,2025-03-20 09:54:00-04:00,22956.9,22906.5,23158.500000000007,2025-03-20 10:08:00-04:00,22906.5,SL,-1.0
2025-03-21,LONG,22838.33,22775.03,2025-03-21 12:00:00-04:00,2025-03-21 12:01:00-04:00,22841.4,22775.03,23106.880000000012,2025-03-21 12:53:00-04:00,22775.03,SL,-1.0
2025-03-24,LONG,22902.43,22834.69,2025-03-24 10:31:00-04:00,2025-03-24 10:32:00-04:00,22902.42,22834.69,23173.339999999997,2025-03-24 13:43:00-04:00,22834.69,SL,-1.0
2025-03-25,LONG,23149.66,23112.66,2025-03-25 09:45:00-04:00,2025-03-25 09:46:00-04:00,23153.79,23112.66,23318.310000000005,2025-03-25 09:51:00-04:00,23112.66,SL,-1.0
2025-03-26,LONG,22995.78,22967.5,2025-03-26 09:45:00-04:00,2025-03-26 09:46:00-04:00,22999.38,22967.5,23126.900000000005,2025-03-26 10:02:00-04:00,22967.5,SL,-1.0
2025-03-27,LONG,22651.32,22607.3,2025-03-27 11:13:00-04:00,2025-03-27 11:14:00-04:00,22652.69,22607.3,22834.249999999996,2025-03-28 02:24:00-04:00,22607.3,SL,-1.0
2025-03-28,LONG,22556.4,22479.4,2025-03-28 10:11:00-04:00,2025-03-28 10:12:00-04:00,22563.4,22479.4,22899.4,2025-03-28 10:57:00-04:00,22479.4,SL,-1.0
2025-03-31,LONG,22126.14,22026.9,2025-03-31 10:01:00-04:00,2025-03-31 10:02:00-04:00,22132.06,22026.9,22552.7,2025-04-01 11:11:00-04:00,22552.7,TP,4.0
2025-04-01,LONG,22462.35,22355.91,2025-04-01 11:12:00-04:00,2025-04-01 11:13:00-04:00,22548.53,22355.91,23319.009999999995,2025-04-02 03:16:00-04:00,22355.91,SL,-1.0
2025-04-02,LONG,22268.86,22168.79,2025-04-02 09:52:00-04:00,2025-04-02 09:53:00-04:00,22280.01,22168.79,22724.88999999999,2025-04-02 16:28:00-04:00,22168.79,SL,-1.0
2025-04-07,LONG,19739.55,19545.85,2025-04-07 09:48:00-04:00,2025-04-07 09:49:00-04:00,19767.25,19545.85,20652.850000000006,2025-04-07 10:13:00-04:00,20652.850000000006,TP,4.0
2025-04-08,LONG,20385.36,20271.46,2025-04-08 09:58:00-04:00,2025-04-08 09:59:00-04:00,20385.27,20271.46,20840.510000000006,2025-04-08 11:12:00-04:00,20271.46,SL,-1.0
2025-04-09,LONG,19796.45,19622.54,2025-04-09 09:55:00-04:00,2025-04-09 09:56:00-04:00,19805.89,19622.54,20539.289999999994,2025-04-09 10:52:00-04:00,19622.54,SL,-1.0
2025-04-10,LONG,20739.34,20568.52,2025-04-10 10:32:00-04:00,2025-04-10 10:33:00-04:00,20740.65,20568.52,21429.170000000006,2025-04-10 11:30:00-04:00,20568.52,SL,-1.0
2025-04-11,LONG,20361.62,20176.76,2025-04-11 09:46:00-04:00,2025-04-11 09:47:00-04:00,20371.9,20176.76,21152.460000000014,2025-04-15 03:08:00-04:00,21152.460000000014,TP,4.0
2025-04-15,LONG,21236.51,21167.42,2025-04-15 09:46:00-04:00,2025-04-15 09:47:00-04:00,21248.69,21167.42,21573.77,2025-04-15 10:19:00-04:00,21167.42,SL,-1.0
2025-04-16,LONG,21198.82,21127.1,2025-04-16 10:59:00-04:00,2025-04-16 11:00:00-04:00,21203.16,21127.1,21507.400000000005,2025-04-16 13:47:00-04:00,21127.1,SL,-1.0
2025-04-17,LONG,21236.51,21151.09,2025-04-17 10:11:00-04:00,2025-04-17 10:12:00-04:00,21238.73,21151.09,21589.289999999997,2025-04-17 10:59:00-04:00,21151.09,SL,-1.0
2025-04-22,LONG,21177.01,21108.01,2025-04-22 10:10:00-04:00,2025-04-22 10:11:00-04:00,21181.99,21108.01,21477.910000000014,2025-04-22 14:56:00-04:00,21477.910000000014,TP,4.0
2025-04-24,LONG,21944.79,21889.75,2025-04-24 09:46:00-04:00,2025-04-24 09:47:00-04:00,21948.02,21889.75,22181.100000000002,2025-04-24 16:01:00-04:00,22181.100000000002,TP,4.0
2025-04-25,LONG,22273.58,22214.97,2025-04-25 11:55:00-04:00,2025-04-25 11:56:00-04:00,22276.46,22214.97,22522.41999999999,2025-04-29 15:46:00-04:00,22522.41999999999,TP,4.0
2025-04-29,LONG,22404.46,22353.42,2025-04-29 15:47:00-04:00,2025-04-29 15:48:00-04:00,22519.68,22353.42,23184.72000000001,2025-04-30 08:45:00-04:00,22353.42,SL,-1.0
2025-04-30,LONG,22360.15,22247.95,2025-04-30 10:29:00-04:00,2025-04-30 10:30:00-04:00,22361.27,22247.95,22814.55,2025-05-02 00:01:00-04:00,22814.55,TP,4.0
2025-05-02,LONG,23034.08,22979.56,2025-05-02 10:24:00-04:00,2025-05-02 10:25:00-04:00,23049.89,22979.56,23331.209999999992,2025-05-04 19:46:00-04:00,22979.56,SL,-1.0
2025-05-05,LONG,23280.36,23240.45,2025-05-05 09:56:00-04:00,2025-05-05 09:57:00-04:00,23283.68,23240.45,23456.6,2025-05-06 03:59:00-04:00,23240.45,SL,-1.0
2025-05-06,LONG,23211.4,23161.76,2025-05-06 10:15:00-04:00,2025-05-06 10:16:00-04:00,23222.43,23161.76,23465.110000000008,2025-05-06 14:00:00-04:00,23161.76,SL,-1.0
2025-05-07,LONG,23155.34,23107.25,2025-05-07 09:56:00-04:00,2025-05-07 09:57:00-04:00,23161.77,23107.25,23379.850000000002,2025-05-07 11:50:00-04:00,23107.25,SL,-1.0
2025-05-08,LONG,23341.9,23280.4,2025-05-08 10:33:00-04:00,2025-05-08 10:34:00-04:00,23343.2,23280.4,23594.399999999998,2025-05-08 10:55:00-04:00,23280.4,SL,-1.0
2025-05-09,LONG,23538.21,23488.24,2025-05-09 10:08:00-04:00,2025-05-09 10:09:00-04:00,23538.92,23488.24,23741.639999999985,2025-05-09 10:26:00-04:00,23488.24,SL,-1.0
2025-05-12,LONG,23555.58,23454.04,2025-05-12 11:13:00-04:00,2025-05-12 11:14:00-04:00,23559.02,23454.04,23978.94,2025-05-14 05:13:00-04:00,23454.04,SL,-1.0
2025-05-15,LONG,23586.38,23546.27,2025-05-15 09:52:00-04:00,2025-05-15 09:53:00-04:00,23587.21,23546.27,23750.969999999994,2025-05-16 02:01:00-04:00,23750.969999999994,TP,4.0
2025-05-16,LONG,23697.49,23662.21,2025-05-16 09:55:00-04:00,2025-05-16 09:56:00-04:00,23702.21,23662.21,23862.21,2025-05-19 10:52:00-04:00,23862.21,TP,4.0
2025-05-19,LONG,23799.54,23750.87,2025-05-19 10:53:00-04:00,2025-05-19 10:54:00-04:00,23864.51,23750.87,24319.069999999996,2025-05-23 07:44:00-04:00,23750.87,SL,-1.0
2025-05-23,LONG,23611.7,23506.23,2025-05-23 10:01:00-04:00,2025-05-23 10:02:00-04:00,23611.55,23506.23,24032.829999999998,2025-05-26 03:05:00-04:00,24032.829999999998,TP,4.0
2025-05-26,LONG,24008.54,23972.16,2025-05-26 10:47:00-04:00,2025-05-26 10:48:00-04:00,24009.26,23972.16,24157.659999999993,2025-05-26 11:05:00-04:00,23972.16,SL,-1.0
2025-05-27,LONG,24198.53,24159.26,2025-05-27 09:50:00-04:00,2025-05-27 09:51:00-04:00,24208.49,24159.26,24405.410000000014,2025-05-28 05:03:00-04:00,24159.26,SL,-1.0
2025-05-28,LONG,24159.91,24131.8,2025-05-28 18:48:00-04:00,2025-05-28 18:49:00-04:00,24163.6,24131.8,24290.799999999996,2025-05-28 19:11:00-04:00,24290.799999999996,TP,4.0
2025-06-02,LONG,23914.61,23830.34,2025-06-02 10:36:00-04:00,2025-06-02 10:37:00-04:00,23925.24,23830.34,24304.840000000007,2025-06-03 03:25:00-04:00,23830.34,SL,-1.0
2025-06-03,LONG,24019.79,23950.65,2025-06-03 10:28:00-04:00,2025-06-03 10:29:00-04:00,24035.09,23950.65,24372.849999999995,2025-06-05 04:28:00-04:00,24372.849999999995,TP,4.0
2025-06-05,LONG,24300.36,24243.84,2025-06-05 10:37:00-04:00,2025-06-05 10:38:00-04:00,24304.19,24243.84,24545.589999999993,2025-06-05 12:49:00-04:00,24243.84,SL,-1.0
2025-06-09,LONG,24171.01,24125.63,2025-06-09 09:45:00-04:00,2025-06-09 09:46:00-04:00,24172.05,24125.63,24357.729999999992,2025-06-10 01:33:00-04:00,24125.63,SL,-1.0
2025-06-10,LONG,24100.03,24061.68,2025-06-10 09:47:00-04:00,2025-06-10 09:48:00-04:00,24101.3,24061.68,24259.779999999995,2025-06-10 10:18:00-04:00,24061.68,SL,-1.0
2025-06-11,LONG,24024.97,23962.98,2025-06-11 10:00:00-04:00,2025-06-11 10:01:00-04:00,24029.83,23962.98,24297.23000000001,2025-06-11 11:08:00-04:00,23962.98,SL,-1.0
2025-06-12,LONG,23787.29,23744.8,2025-06-12 10:02:00-04:00,2025-06-12 10:03:00-04:00,23787.32,23744.8,23957.4,2025-06-12 11:46:00-04:00,23744.8,SL,-1.0
2025-06-13,LONG,23510.78,23452.57,2025-06-13 11:30:00-04:00,2025-06-13 11:31:00-04:00,23512.93,23452.57,23754.370000000003,2025-06-13 14:27:00-04:00,23452.57,SL,-1.0
2025-06-16,LONG,23595.89,23545.33,2025-06-16 09:54:00-04:00,2025-06-16 09:55:00-04:00,23603.32,23545.33,23835.27999999999,2025-06-16 18:32:00-04:00,23545.33,SL,-1.0
2025-06-18,LONG,23307.66,23259.1,2025-06-18 09:53:00-04:00,2025-06-18 09:54:00-04:00,23316.99,23259.1,23548.550000000014,2025-06-18 20:16:00-04:00,23259.1,SL,-1.0
2025-06-19,LONG,23177.11,23130.9,2025-06-19 20:46:00-04:00,2025-06-19 20:47:00-04:00,23178.12,23130.9,23366.99999999999,2025-06-20 07:44:00-04:00,23366.99999999999,TP,4.0
2025-06-23,LONG,23234.75,23186.82,2025-06-23 09:52:00-04:00,2025-06-23 09:53:00-04:00,23237.47,23186.82,23440.070000000007,2025-06-23 12:25:00-04:00,23186.82,SL,-1.0
2025-06-24,LONG,23662.98,23620.53,2025-06-24 10:33:00-04:00,2025-06-24 10:34:00-04:00,23664.79,23620.53,23841.83000000001,2025-06-24 11:14:00-04:00,23620.53,SL,-1.0
2025-06-26,LONG,23603.62,23563.83,2025-06-26 10:16:00-04:00,2025-06-26 10:17:00-04:00,23605.91,23563.83,23774.229999999992,2025-06-26 20:20:00-04:00,23774.229999999992,TP,4.0
2025-06-27,LONG,23860.03,23830.13,2025-06-27 09:49:00-04:00,2025-06-27 09:50:00-04:00,23860.73,23830.13,23983.129999999994,2025-06-27 10:38:00-04:00,23983.129999999994,TP,4.0
2025-06-30,LONG,23956.53,23898.02,2025-06-30 15:53:00-04:00,2025-06-30 15:54:00-04:00,23957.17,23898.02,24193.76999999999,2025-07-01 03:14:00-04:00,23898.02,SL,-1.0
2025-07-01,LONG,23753.07,23702.85,2025-07-01 09:45:00-04:00,2025-07-01 09:46:00-04:00,23752.64,23702.85,23951.800000000003,2025-07-01 10:46:00-04:00,23702.85,SL,-1.0
2025-07-02,LONG,23744.51,23685.63,2025-07-02 10:10:00-04:00,2025-07-02 10:11:00-04:00,23748.92,23685.63,24002.079999999987,2025-07-07 08:02:00-04:00,24002.079999999987,TP,4.0
2025-07-07,LONG,24004.59,23967.56,2025-07-07 09:48:00-04:00,2025-07-07 09:49:00-04:00,24019.92,23967.56,24229.359999999986,2025-07-07 14:20:00-04:00,23967.56,SL,-1.0
2025-07-08,LONG,24163.84,24137.31,2025-07-08 09:45:00-04:00,2025-07-08 09:46:00-04:00,24180.78,24137.31,24354.65999999999,2025-07-09 04:04:00-04:00,24354.65999999999,TP,4.0
2025-07-09,LONG,24585.3,24553.18,2025-07-09 09:48:00-04:00,2025-07-09 09:49:00-04:00,24586.25,24553.18,24718.53,2025-07-09 10:13:00-04:00,24553.18,SL,-1.0
2025-07-14,LONG,24058.51,24016.29,2025-07-14 09:48:00-04:00,2025-07-14 09:49:00-04:00,24062.62,24016.29,24247.93999999999,2025-07-14 21:50:00-04:00,24247.93999999999,TP,4.0
2025-07-17,LONG,24285.01,24236.95,2025-07-17 09:45:00-04:00,2025-07-17 09:46:00-04:00,24288.57,24236.95,24495.049999999996,2025-07-18 03:58:00-04:00,24495.049999999996,TP,4.0
2025-07-21,LONG,24253.71,24186.74,2025-07-21 10:04:00-04:00,2025-07-21 10:05:00-04:00,24264.16,24186.74,24573.839999999993,2025-07-22 00:11:00-04:00,24186.74,SL,-1.0
2025-07-22,LONG,24114.55,24050.73,2025-07-22 21:02:00-04:00,2025-07-22 21:03:00-04:00,24114.83,24050.73,24371.23000000001,2025-07-23 11:54:00-04:00,24371.23000000001,TP,4.0
2025-07-23,LONG,24201.6,24177.84,2025-07-23 11:55:00-04:00,2025-07-23 11:56:00-04:00,24365.76,24177.84,25117.43999999999,2025-07-25 02:40:00-04:00,24177.84,SL,-1.0
2025-07-25,LONG,24147.64,24111.27,2025-07-25 09:48:00-04:00,2025-07-25 09:49:00-04:00,24155.52,24111.27,24332.52,2025-07-27 18:00:00-04:00,24332.52,TP,4.0
2025-07-30,LONG,24270.98,24243.66,2025-07-30 09:54:00-04:00,2025-07-30 09:55:00-04:00,24274.29,24243.66,24396.810000000005,2025-07-30 14:56:00-04:00,24243.66,SL,-1.0
2025-08-01,LONG,23507.82,23415.76,2025-08-01 10:34:00-04:00,2025-08-01 10:35:00-04:00,23510.74,23415.76,23890.660000000014,2025-08-01 11:34:00-04:00,23415.76,SL,-1.0
2025-08-04,LONG,23761.51,23717.68,2025-08-04 10:38:00-04:00,2025-08-04 10:39:00-04:00,23767.13,23717.68,23964.930000000004,2025-08-04 10:51:00-04:00,23717.68,SL,-1.0
2025-08-06,LONG,23887.11,23839.49,2025-08-06 10:02:00-04:00,2025-08-06 10:03:00-04:00,23887.52,23839.49,24079.639999999996,2025-08-07 01:29:00-04:00,24079.639999999996,TP,4.0
2025-08-08,LONG,24162.41,24138.99,2025-08-08 09:45:00-04:00,2025-08-08 09:46:00-04:00,24173.96,24138.99,24313.83999999999,2025-08-08 09:48:00-04:00,24138.99,SL,-1.0
2025-08-11,LONG,24074.96,24048.91,2025-08-11 10:10:00-04:00,2025-08-11 10:11:00-04:00,24081.71,24048.91,24212.909999999996,2025-08-11 10:46:00-04:00,24048.91,SL,-1.0
2025-08-12,LONG,24035.4,23966.11,2025-08-12 10:36:00-04:00,2025-08-12 10:37:00-04:00,24037.76,23966.11,24324.35999999999,2025-08-14 07:14:00-04:00,24324.35999999999,TP,4.0
2025-08-14,LONG,24325.53,24265.97,2025-08-14 09:59:00-04:00,2025-08-14 10:00:00-04:00,24331.62,24265.97,24594.21999999999,2025-08-18 03:26:00-04:00,24265.97,SL,-1.0
2025-08-18,LONG,24340.65,24300.84,2025-08-18 14:53:00-04:00,2025-08-18 14:54:00-04:00,24341.32,24300.84,24503.239999999998,2025-08-19 03:28:00-04:00,24300.84,SL,-1.0
2025-08-21,LONG,24236.23,24204.17,2025-08-21 09:54:00-04:00,2025-08-21 09:55:00-04:00,24238.09,24204.17,24373.770000000008,2025-08-22 02:42:00-04:00,24204.17,SL,-1.0
2025-08-22,LONG,24328.72,24291.65,2025-08-22 09:51:00-04:00,2025-08-22 09:52:00-04:00,24334.03,24291.65,24503.54999999999,2025-08-24 21:37:00-04:00,24291.65,SL,-1.0
2025-08-26,LONG,24224.07,24205.75,2025-08-26 09:45:00-04:00,2025-08-26 09:46:00-04:00,24228.31,24205.75,24318.550000000007,2025-08-26 09:50:00-04:00,24205.75,SL,-1.0
2025-08-27,LONG,24080.96,24043.9,2025-08-27 21:45:00-04:00,2025-08-27 21:46:00-04:00,24081.5,24043.9,24231.899999999994,2025-08-28 05:46:00-04:00,24043.9,SL,-1.0
2025-08-28,LONG,24088.51,24051.48,2025-08-28 10:06:00-04:00,2025-08-28 10:07:00-04:00,24090.08,24051.48,24244.48000000001,2025-08-28 10:50:00-04:00,24051.48,SL,-1.0
2025-09-01,LONG,24006.16,23974.91,2025-09-01 09:46:00-04:00,2025-09-01 09:47:00-04:00,24005.19,23974.91,24126.309999999994,2025-09-02 01:08:00-04:00,23974.91,SL,-1.0
2025-09-02,LONG,23632.48,23550.4,2025-09-02 09:45:00-04:00,2025-09-02 09:46:00-04:00,23638.12,23550.4,23988.99999999999,2025-09-02 10:48:00-04:00,23550.4,SL,-1.0
2025-09-03,LONG,23600.49,23555.28,2025-09-03 10:32:00-04:00,2025-09-03 10:33:00-04:00,23601.59,23555.28,23786.830000000005,2025-09-03 12:03:00-04:00,23555.28,SL,-1.0
2025-09-04,LONG,23772.0,23730.5,2025-09-04 09:47:00-04:00,2025-09-04 09:48:00-04:00,23778.0,23730.5,23968.0,2025-09-04 10:15:00-04:00,23730.5,SL,-1.0
2025-09-08,LONG,23747.71,23703.56,2025-09-08 09:48:00-04:00,2025-09-08 09:49:00-04:00,23758.14,23703.56,23976.459999999992,2025-09-09 01:22:00-04:00,23703.56,SL,-1.0
2025-09-09,LONG,23691.8,23654.13,2025-09-09 10:27:00-04:00,2025-09-09 10:28:00-04:00,23692.04,23654.13,23843.68,2025-09-10 02:01:00-04:00,23843.68,TP,4.0
2025-09-11,LONG,23713.3,23667.64,2025-09-11 09:45:00-04:00,2025-09-11 09:46:00-04:00,23718.87,23667.64,23923.789999999997,2025-09-11 10:48:00-04:00,23667.64,SL,-1.0
2025-09-12,LONG,23720.72,23693.78,2025-09-12 12:36:00-04:00,2025-09-12 12:37:00-04:00,23720.74,23693.78,23828.580000000013,2025-09-12 15:41:00-04:00,23693.78,SL,-1.0
2025-09-15,LONG,23718.79,23663.64,2025-09-15 10:14:00-04:00,2025-09-15 10:15:00-04:00,23720.6,23663.64,23948.439999999995,2025-09-16 03:09:00-04:00,23663.64,SL,-1.0
2025-09-17,LONG,23450.78,23399.41,2025-09-17 20:58:00-04:00,2025-09-17 20:59:00-04:00,23454.29,23399.41,23673.810000000005,2025-09-18 04:45:00-04:00,23673.810000000005,TP,4.0
2025-09-18,LONG,23606.35,23572.35,2025-09-18 09:49:00-04:00,2025-09-18 09:50:00-04:00,23611.77,23572.35,23769.450000000008,2025-09-19 04:06:00-04:00,23769.450000000008,TP,4.0
2025-09-19,LONG,23681.58,23652.31,2025-09-19 10:33:00-04:00,2025-09-19 10:34:00-04:00,23685.57,23652.31,23818.609999999993,2025-09-19 11:02:00-04:00,23652.31,SL,-1.0
2025-09-22,LONG,23487.73,23459.81,2025-09-22 09:54:00-04:00,2025-09-22 09:55:00-04:00,23487.82,23459.81,23599.859999999993,2025-09-23 01:31:00-04:00,23599.859999999993,TP,4.0
2025-09-23,LONG,23672.99,23620.06,2025-09-23 09:47:00-04:00,2025-09-23 09:48:00-04:00,23673.32,23620.06,23886.359999999993,2025-09-23 11:30:00-04:00,23620.06,SL,-1.0
2025-09-24,LONG,23697.5,23667.0,2025-09-24 10:30:00-04:00,2025-09-24 10:31:00-04:00,23698.0,23667.0,23822.0,2025-09-24 11:33:00-04:00,23667.0,SL,-1.0
2025-09-25,LONG,23478.59,23441.04,2025-09-25 09:47:00-04:00,2025-09-25 09:48:00-04:00,23481.18,23441.04,23641.739999999998,2025-09-26 03:27:00-04:00,23641.739999999998,TP,4.0
2025-09-26,LONG,23748.53,23711.22,2025-09-26 15:53:00-04:00,2025-09-26 15:54:00-04:00,23748.93,23711.22,23899.769999999997,2025-09-29 08:15:00-04:00,23711.22,SL,-1.0
2025-09-29,LONG,23733.05,23699.71,2025-09-29 10:14:00-04:00,2025-09-29 10:15:00-04:00,23734.58,23699.71,23874.060000000012,2025-09-30 03:07:00-04:00,23699.71,SL,-1.0
2025-09-30,LONG,23822.65,23799.03,2025-09-30 10:55:00-04:00,2025-09-30 10:56:00-04:00,23826.7,23799.03,23937.38000000001,2025-09-30 15:51:00-04:00,23937.38000000001,TP,4.0
2025-10-01,LONG,24061.72,24011.92,2025-10-01 09:45:00-04:00,2025-10-01 09:46:00-04:00,24066.46,24011.92,24284.620000000003,2025-10-02 02:37:00-04:00,24284.620000000003,TP,4.0
2025-10-02,LONG,24501.12,24456.54,2025-10-02 20:53:00-04:00,2025-10-02 20:54:00-04:00,24501.77,24456.54,24682.69,2025-10-03 03:24:00-04:00,24456.54,SL,-1.0
2025-10-03,LONG,24385.66,24367.41,2025-10-03 10:46:00-04:00,2025-10-03 10:47:00-04:00,24390.7,24367.41,24483.860000000004,2025-10-03 11:01:00-04:00,24367.41,SL,-1.0
2025-10-08,LONG,24572.92,24552.6,2025-10-08 10:00:00-04:00,2025-10-08 10:01:00-04:00,24585.41,24552.6,24716.650000000005,2025-10-08 21:37:00-04:00,24552.6,SL,-1.0
2025-10-13,LONG,24306.15,24256.61,2025-10-13 09:57:00-04:00,2025-10-13 09:58:00-04:00,24318.34,24256.61,24565.26,2025-10-14 01:39:00-04:00,24256.61,SL,-1.0
2025-10-14,LONG,24189.12,24120.4,2025-10-14 10:04:00-04:00,2025-10-14 10:05:00-04:00,24189.13,24120.4,24464.05,2025-10-15 13:00:00-04:00,24120.4,SL,-1.0
2025-10-16,LONG,24201.53,24140.83,2025-10-16 10:34:00-04:00,2025-10-16 10:35:00-04:00,24205.49,24140.83,24464.13,2025-10-16 12:30:00-04:00,24140.83,SL,-1.0
2025-10-17,LONG,23910.41,23828.42,2025-10-17 09:48:00-04:00,2025-10-17 09:49:00-04:00,23916.55,23828.42,24269.070000000003,2025-10-17 11:34:00-04:00,23828.42,SL,-1.0
2025-10-20,LONG,24234.92,24203.08,2025-10-20 09:47:00-04:00,2025-10-20 09:48:00-04:00,24237.33,24203.08,24374.33,2025-10-21 06:19:00-04:00,24203.08,SL,-1.0
2025-10-21,LONG,24292.11,24267.78,2025-10-21 10:21:00-04:00,2025-10-21 10:22:00-04:00,24295.4,24267.78,24405.880000000012,2025-10-21 21:00:00-04:00,24267.78,SL,-1.0
2025-10-23,LONG,24174.02,24110.23,2025-10-23 09:50:00-04:00,2025-10-23 09:51:00-04:00,24181.29,24110.23,24465.530000000006,2025-10-29 11:49:00-04:00,24110.23,SL,-1.0
2025-10-30,LONG,24096.8,24066.3,2025-10-30 10:11:00-04:00,2025-10-30 10:12:00-04:00,24100.3,24066.3,24236.3,2025-10-30 10:18:00-04:00,24066.3,SL,-1.0
2025-11-04,LONG,23893.05,23837.05,2025-11-04 09:46:00-05:00,2025-11-04 09:47:00-05:00,23895.05,23837.05,24127.05,2025-11-04 19:04:00-05:00,23837.05,SL,-1.0
2025-11-05,LONG,23929.48,23901.21,2025-11-05 09:47:00-05:00,2025-11-05 09:48:00-05:00,23940.31,23901.21,24096.71000000001,2025-11-05 10:24:00-05:00,24096.71000000001,TP,4.0
2025-11-07,LONG,23511.03,23451.52,2025-11-07 09:45:00-05:00,2025-11-07 09:46:00-05:00,23510.19,23451.52,23744.86999999999,2025-11-07 14:40:00-05:00,23744.86999999999,TP,4.0
2025-11-10,LONG,23996.52,23968.72,2025-11-10 10:17:00-05:00,2025-11-10 10:18:00-05:00,23995.72,23968.72,24103.72,2025-11-10 10:40:00-05:00,23968.72,SL,-1.0
2025-11-11,LONG,24061.66,24026.9,2025-11-11 09:46:00-05:00,2025-11-11 09:47:00-05:00,24061.19,24026.9,24198.349999999988,2025-11-11 19:17:00-05:00,24198.349999999988,TP,4.0
2025-11-12,LONG,24407.75,24351.62,2025-11-12 09:58:00-05:00,2025-11-12 09:59:00-05:00,24416.11,24351.62,24674.070000000007,2025-11-12 10:54:00-05:00,24351.62,SL,-1.0
2025-11-14,LONG,23759.55,23657.05,2025-11-14 09:45:00-05:00,2025-11-14 09:46:00-05:00,23766.05,23657.05,24202.05,2025-11-17 08:46:00-05:00,23657.05,SL,-1.0
2025-11-17,LONG,23702.59,23642.11,2025-11-17 09:46:00-05:00,2025-11-17 09:47:00-05:00,23708.77,23642.11,23975.41,2025-11-17 10:20:00-05:00,23642.11,SL,-1.0
2025-11-18,LONG,23255.68,23170.27,2025-11-18 12:56:00-05:00,2025-11-18 12:57:00-05:00,23255.6,23170.27,23596.91999999999,2025-11-18 16:01:00-05:00,23170.27,SL,-1.0
2025-11-19,LONG,23308.33,23267.22,2025-11-19 09:48:00-05:00,2025-11-19 09:49:00-05:00,23317.47,23267.22,23518.47,2025-11-19 10:50:00-05:00,23267.22,SL,-1.0
2025-11-20,LONG,23440.74,23403.93,2025-11-20 09:47:00-05:00,2025-11-20 09:48:00-05:00,23449.08,23403.93,23629.680000000008,2025-11-20 11:04:00-05:00,23403.93,SL,-1.0
2025-11-21,LONG,23237.44,23181.72,2025-11-21 12:09:00-05:00,2025-11-21 12:10:00-05:00,23238.17,23181.72,23463.969999999987,2025-11-21 13:04:00-05:00,23181.72,SL,-1.0
2025-11-24,LONG,23267.92,23204.18,2025-11-24 10:02:00-05:00,2025-11-24 10:03:00-05:00,23267.87,23204.18,23522.629999999994,2025-11-24 11:47:00-05:00,23204.18,SL,-1.0
2025-11-25,LONG,23459.66,23359.46,2025-11-25 10:44:00-05:00,2025-11-25 10:45:00-05:00,23472.1,23359.46,23922.659999999996,2025-12-04 07:47:00-05:00,23922.659999999996,TP,4.0
2025-12-04,LONG,23922.56,23882.96,2025-12-04 11:22:00-05:00,2025-12-04 11:23:00-05:00,23919.26,23882.96,24064.459999999995,2025-12-04 11:34:00-05:00,23882.96,SL,-1.0
2025-12-05,LONG,24102.75,24063.16,2025-12-05 10:00:00-05:00,2025-12-05 10:01:00-05:00,24115.32,24063.16,24323.96,2025-12-05 10:46:00-05:00,24063.16,SL,-1.0
2025-12-09,LONG,24130.07,24088.23,2025-12-09 09:48:00-05:00,2025-12-09 09:49:00-05:00,24132.24,24088.23,24308.28000000001,2025-12-09 20:30:00-05:00,24088.23,SL,-1.0
2025-12-10,LONG,24070.27,24043.35,2025-12-10 09:53:00-05:00,2025-12-10 09:54:00-05:00,24072.79,24043.35,24190.55000000001,2025-12-10 15:00:00-05:00,24190.55000000001,TP,4.0
2025-12-11,LONG,24285.34,24244.58,2025-12-11 10:10:00-05:00,2025-12-11 10:11:00-05:00,24285.44,24244.58,24448.879999999986,2025-12-12 03:27:00-05:00,24448.879999999986,TP,4.0
2025-12-16,LONG,24110.27,24066.31,2025-12-16 11:49:00-05:00,2025-12-16 11:50:00-05:00,24113.41,24066.31,24301.809999999994,2025-12-16 12:58:00-05:00,24066.31,SL,-1.0
2025-12-17,LONG,24084.75,24040.28,2025-12-17 09:52:00-05:00,2025-12-17 09:53:00-05:00,24086.24,24040.28,24270.080000000013,2025-12-17 10:35:00-05:00,24040.28,SL,-1.0
2025-12-18,LONG,24106.32,24060.88,2025-12-18 10:24:00-05:00,2025-12-18 10:25:00-05:00,24108.67,24060.88,24299.829999999987,2025-12-19 11:12:00-05:00,24299.829999999987,TP,4.0
2025-12-19,LONG,24260.73,24230.71,2025-12-19 11:13:00-05:00,2025-12-19 11:14:00-05:00,24288.56,24230.71,24519.96000000001,2025-12-22 08:40:00-05:00,24230.71,SL,-1.0
2025-12-22,LONG,24267.38,24223.58,2025-12-22 10:53:00-05:00,2025-12-22 10:54:00-05:00,24268.64,24223.58,24448.87999999999,2025-12-30 06:41:00-05:00,24448.87999999999,TP,4.0
2025-12-30,LONG,24532.15,24516.05,2025-12-30 09:49:00-05:00,2025-12-30 09:50:00-05:00,24542.05,24516.05,24646.05,2026-01-01 19:22:00-05:00,24516.05,SL,-1.0
2026-01-05,LONG,24785.18,24739.38,2026-01-05 09:45:00-05:00,2026-01-05 09:46:00-05:00,24787.17,24739.38,24978.329999999987,2026-01-06 15:23:00-05:00,24978.329999999987,TP,4.0
2026-01-06,LONG,24957.25,24917.9,2026-01-06 15:24:00-05:00,2026-01-06 15:25:00-05:00,24978.73,24917.9,25222.049999999992,2026-01-09 06:53:00-05:00,25222.049999999992,TP,4.0
2026-01-09,LONG,25265.91,25229.4,2026-01-09 11:21:00-05:00,2026-01-09 11:22:00-05:00,25269.98,25229.4,25432.299999999992,2026-01-11 19:38:00-05:00,25229.4,SL,-1.0
2026-01-12,LONG,25406.8,25359.68,2026-01-12 09:47:00-05:00,2026-01-12 09:48:00-05:00,25407.38,25359.68,25598.180000000004,2026-01-13 05:04:00-05:00,25359.68,SL,-1.0
2026-01-14,LONG,25324.95,25287.08,2026-01-14 10:11:00-05:00,2026-01-14 10:12:00-05:00,25328.28,25287.08,25493.079999999987,2026-01-14 10:31:00-05:00,25287.08,SL,-1.0
2026-01-15,LONG,25336.38,25306.66,2026-01-15 10:57:00-05:00,2026-01-15 10:58:00-05:00,25348.43,25306.66,25515.510000000002,2026-01-15 12:30:00-05:00,25306.66,SL,-1.0
2026-01-16,LONG,25279.87,25244.69,2026-01-16 11:10:00-05:00,2026-01-16 11:11:00-05:00,25283.38,25244.69,25438.14000000001,2026-01-18 18:06:00-05:00,25244.69,SL,-1.0
2026-01-19,LONG,24999.16,24965.34,2026-01-19 09:53:00-05:00,2026-01-19 09:54:00-05:00,25003.11,24965.34,25154.190000000002,2026-01-19 10:23:00-05:00,24965.34,SL,-1.0
2026-01-20,LONG,24692.46,24628.87,2026-01-20 09:51:00-05:00,2026-01-20 09:52:00-05:00,24694.47,24628.87,24956.87000000001,2026-01-20 10:20:00-05:00,24628.87,SL,-1.0
2026-01-21,LONG,24530.1,24479.33,2026-01-21 09:45:00-05:00,2026-01-21 09:46:00-05:00,24539.45,24479.33,24779.929999999997,2026-01-21 11:56:00-05:00,24479.33,SL,-1.0
2026-01-23,LONG,24846.04,24801.11,2026-01-23 09:56:00-05:00,2026-01-23 09:57:00-05:00,24847.78,24801.11,25034.459999999992,2026-01-25 18:05:00-05:00,24801.11,SL,-1.0
2026-01-26,LONG,24986.56,24934.22,2026-01-26 23:10:00-05:00,2026-01-26 23:11:00-05:00,24991.59,24934.22,25221.069999999996,2026-01-27 03:33:00-05:00,24934.22,SL,-1.0
2026-01-28,LONG,24806.12,24754.73,2026-01-28 09:45:00-05:00,2026-01-28 09:46:00-05:00,24809.7,24754.73,25029.580000000005,2026-01-29 00:58:00-05:00,24754.73,SL,-1.0
2026-02-02,LONG,24772.28,24734.48,2026-02-02 10:04:00-05:00,2026-02-02 10:05:00-05:00,24777.29,24734.48,24948.530000000006,2026-02-03 02:10:00-05:00,24948.530000000006,TP,4.0
2026-02-03,LONG,24790.93,24743.02,2026-02-03 09:47:00-05:00,2026-02-03 09:48:00-05:00,24809.55,24743.02,25075.669999999995,2026-02-03 09:54:00-05:00,24743.02,SL,-1.0
2026-02-04,LONG,24673.93,24625.28,2026-02-04 09:46:00-05:00,2026-02-04 09:47:00-05:00,24674.91,24625.28,24873.430000000004,2026-02-04 09:58:00-05:00,24625.28,SL,-1.0
2026-02-05,LONG,24454.71,24333.42,2026-02-05 09:50:00-05:00,2026-02-05 09:51:00-05:00,24468.92,24333.42,25010.92,2026-02-05 10:07:00-05:00,24333.42,SL,-1.0
2026-02-06,LONG,24681.87,24605.28,2026-02-06 09:45:00-05:00,2026-02-06 09:46:00-05:00,24684.76,24605.28,25002.679999999997,2026-02-06 10:07:00-05:00,24605.28,SL,-1.0
2026-02-09,LONG,24870.54,24804.55,2026-02-09 10:03:00-05:00,2026-02-09 10:04:00-05:00,24886.87,24804.55,25216.149999999998,2026-02-12 05:07:00-05:00,25216.149999999998,TP,4.0
2026-02-13,LONG,24901.16,24809.21,2026-02-13 10:25:00-05:00,2026-02-13 10:26:00-05:00,24905.35,24809.21,25289.909999999996,2026-02-16 11:00:00-05:00,24809.21,SL,-1.0
2026-02-17,LONG,24940.38,24882.13,2026-02-17 11:08:00-05:00,2026-02-17 11:09:00-05:00,24940.64,24882.13,25174.679999999993,2026-02-18 03:59:00-05:00,25174.679999999993,TP,4.0
2026-02-18,LONG,25213.96,25114.51,2026-02-18 09:53:00-05:00,2026-02-18 09:54:00-05:00,25216.77,25114.51,25625.81000000001,2026-02-19 04:33:00-05:00,25114.51,SL,-1.0
2026-02-19,LONG,25030.98,24981.13,2026-02-19 09:53:00-05:00,2026-02-19 09:54:00-05:00,25032.9,24981.13,25239.980000000003,2026-02-19 13:02:00-05:00,24981.13,SL,-1.0
2026-02-20,LONG,25155.94,25087.94,2026-02-20 10:00:00-05:00,2026-02-20 10:01:00-05:00,25174.46,25087.94,25520.54,2026-02-22 20:02:00-05:00,25087.94,SL,-1.0
2026-02-24,LONG,25027.8,24892.72,2026-02-24 09:48:00-05:00,2026-02-24 09:49:00-05:00,25030.73,24892.72,25582.769999999993,2026-03-01 19:15:00-05:00,24892.72,SL,-1.0
2026-03-02,LONG,24702.46,24590.47,2026-03-02 09:45:00-05:00,2026-03-02 09:46:00-05:00,24715.91,24590.47,25217.669999999995,2026-03-02 15:13:00-05:00,24590.47,SL,-1.0
2026-03-03,LONG,23777.01,23684.56,2026-03-03 11:34:00-05:00,2026-03-03 11:35:00-05:00,23788.1,23684.56,24202.259999999987,2026-03-04 06:16:00-05:00,24202.259999999987,TP,4.0
2026-03-04,LONG,24172.49,24068.14,2026-03-04 10:00:00-05:00,2026-03-04 10:01:00-05:00,24200.61,24068.14,24730.490000000005,2026-03-04 22:39:00-05:00,24068.14,SL,-1.0
2026-03-05,LONG,24067.93,23979.6,2026-03-05 09:59:00-05:00,2026-03-05 10:00:00-05:00,24082.97,23979.6,24496.45000000001,2026-03-05 10:24:00-05:00,23979.6,SL,-1.0
2026-03-06,LONG,23458.85,23337.28,2026-03-06 09:51:00-05:00,2026-03-06 09:52:00-05:00,23479.12,23337.28,24046.48,2026-03-08 19:05:00-04:00,23337.28,SL,-1.0
2026-03-09,LONG,23314.31,23208.52,2026-03-09 10:12:00-04:00,2026-03-09 10:13:00-04:00,23323.41,23208.52,23782.969999999998,2026-03-09 10:52:00-04:00,23208.52,SL,-1.0
2026-03-10,LONG,23888.9,23792.81,2026-03-10 09:45:00-04:00,2026-03-10 09:46:00-04:00,23893.96,23792.81,24298.55999999999,2026-03-10 11:01:00-04:00,23792.81,SL,-1.0
2026-03-11,LONG,23698.12,23553.89,2026-03-11 10:58:00-04:00,2026-03-11 10:59:00-04:00,23713.81,23553.89,24353.49000000001,2026-03-11 19:24:00-04:00,23553.89,SL,-1.0
2026-03-12,LONG,23580.62,23535.39,2026-03-12 09:55:00-04:00,2026-03-12 09:56:00-04:00,23587.03,23535.39,23793.589999999997,2026-03-12 10:18:00-04:00,23535.39,SL,-1.0
2026-03-13,LONG,23626.64,23591.2,2026-03-13 09:45:00-04:00,2026-03-13 09:46:00-04:00,23693.58,23591.2,24103.100000000006,2026-03-13 11:40:00-04:00,23591.2,SL,-1.0
2026-03-16,LONG,23609.17,23564.37,2026-03-16 09:45:00-04:00,2026-03-16 09:46:00-04:00,23615.09,23564.37,23817.970000000005,2026-03-16 11:38:00-04:00,23564.37,SL,-1.0
2026-03-17,LONG,23705.02,23652.65,2026-03-17 10:06:00-04:00,2026-03-17 10:07:00-04:00,23706.29,23652.65,23920.85,2026-03-18 04:00:00-04:00,23920.85,TP,4.0
2026-03-19,LONG,22866.15,22793.23,2026-03-19 10:20:00-04:00,2026-03-19 10:21:00-04:00,22871.58,22793.23,23184.98000000001,2026-03-19 10:24:00-04:00,22793.23,SL,-1.0
2026-03-20,LONG,22915.59,22842.43,2026-03-20 09:46:00-04:00,2026-03-20 09:47:00-04:00,22921.82,22842.43,23239.379999999997,2026-03-20 10:09:00-04:00,22842.43,SL,-1.0
2026-03-23,LONG,22897.3,22661.39,2026-03-23 09:48:00-04:00,2026-03-23 09:49:00-04:00,22899.5,22661.39,23851.940000000002,2026-03-23 13:00:00-04:00,22661.39,SL,-1.0
2026-03-24,LONG,22566.57,22435.22,2026-03-24 11:52:00-04:00,2026-03-24 11:53:00-04:00,22592.34,22435.22,23220.819999999996,2026-03-27 05:26:00-04:00,22435.22,SL,-1.0
2026-03-27,LONG,22344.99,22286.23,2026-03-27 09:55:00-04:00,2026-03-27 09:56:00-04:00,22350.07,22286.23,22605.43,2026-03-27 10:06:00-04:00,22286.23,SL,-1.0
2026-03-30,LONG,22444.33,22369.15,2026-03-30 10:53:00-04:00,2026-03-30 10:54:00-04:00,22452.56,22369.15,22786.2,2026-03-30 15:08:00-04:00,22369.15,SL,-1.0
2026-03-31,LONG,22791.22,22713.35,2026-03-31 09:49:00-04:00,2026-03-31 09:50:00-04:00,22799.36,22713.35,23143.40000000001,2026-03-31 10:43:00-04:00,22713.35,SL,-1.0
2026-04-01,LONG,23291.71,23156.46,2026-04-01 10:39:00-04:00,2026-04-01 10:40:00-04:00,23294.86,23156.46,23848.460000000006,2026-04-01 21:17:00-04:00,23156.46,SL,-1.0
2026-04-02,LONG,22811.83,22764.38,2026-04-02 09:46:00-04:00,2026-04-02 09:47:00-04:00,22824.17,22764.38,23063.329999999987,2026-04-02 10:36:00-04:00,23063.329999999987,TP,4.0
2026-04-07,LONG,23117.76,23013.25,2026-04-07 15:19:00-04:00,2026-04-07 15:20:00-04:00,23124.8,23013.25,23570.999999999996,2026-04-07 18:35:00-04:00,23570.999999999996,TP,4.0
2026-04-09,LONG,23781.1,23723.47,2026-04-09 11:32:00-04:00,2026-04-09 11:33:00-04:00,23810.42,23723.47,24158.219999999987,2026-04-10 13:25:00-04:00,23723.47,SL,-1.0
2026-04-13,LONG,23601.23,23565.03,2026-04-13 09:48:00-04:00,2026-04-13 09:49:00-04:00,23621.21,23565.03,23845.93,2026-04-13 12:33:00-04:00,23845.93,TP,4.0
2026-04-14,LONG,24059.66,24012.09,2026-04-14 09:56:00-04:00,2026-04-14 09:57:00-04:00,24059.35,24012.09,24248.389999999992,2026-04-14 11:12:00-04:00,24012.09,SL,-1.0
2026-04-15,LONG,24117.65,24059.74,2026-04-15 10:27:00-04:00,2026-04-15 10:28:00-04:00,24117.37,24059.74,24347.88999999999,2026-04-15 10:42:00-04:00,24059.74,SL,-1.0
2026-04-17,LONG,24709.48,24641.86,2026-04-17 10:21:00-04:00,2026-04-17 10:22:00-04:00,24718.95,24641.86,25027.31,2026-04-17 13:08:00-04:00,24641.86,SL,-1.0
2026-04-20,LONG,24467.72,24429.63,2026-04-20 09:52:00-04:00,2026-04-20 09:53:00-04:00,24471.75,24429.63,24640.229999999996,2026-04-20 10:51:00-04:00,24429.63,SL,-1.0
2026-04-21,LONG,24455.33,24408.78,2026-04-21 09:45:00-04:00,2026-04-21 09:46:00-04:00,24456.36,24408.78,24646.680000000008,2026-04-21 10:23:00-04:00,24408.78,SL,-1.0
2026-04-23,LONG,24172.63,24114.58,2026-04-23 09:48:00-04:00,2026-04-23 09:49:00-04:00,24177.64,24114.58,24429.87999999999,2026-04-23 11:44:00-04:00,24114.58,SL,-1.0
2026-04-24,LONG,24170.49,24127.84,2026-04-24 11:44:00-04:00,2026-04-24 11:45:00-04:00,24245.73,24127.84,24717.289999999997,2026-04-27 09:48:00-04:00,24127.84,SL,-1.0
2026-04-29,LONG,23979.85,23904.01,2026-04-29 10:04:00-04:00,2026-04-29 10:05:00-04:00,23984.38,23904.01,24305.86000000001,2026-04-29 11:14:00-04:00,23904.01,SL,-1.0
2026-04-30,LONG,24159.3,24093.26,2026-04-30 10:22:00-04:00,2026-04-30 10:23:00-04:00,24171.44,24093.26,24484.16,2026-05-04 06:07:00-04:00,24093.26,SL,-1.0
2026-05-05,LONG,24343.5,24265.5,2026-05-05 11:04:00-04:00,2026-05-05 11:05:00-04:00,24350.5,24265.5,24690.5,2026-05-06 03:08:00-04:00,24690.5,TP,4.0
2026-05-06,LONG,24918.94,24859.72,2026-05-06 10:20:00-04:00,2026-05-06 10:21:00-04:00,24920.21,24859.72,25162.16999999999,2026-05-07 06:09:00-04:00,24859.72,SL,-1.0
2026-05-08,LONG,24462.51,24414.52,2026-05-08 09:48:00-04:00,2026-05-08 09:49:00-04:00,24465.98,24414.52,24671.819999999996,2026-05-08 10:09:00-04:00,24414.52,SL,-1.0
2026-05-11,LONG,24322.11,24283.27,2026-05-11 09:47:00-04:00,2026-05-11 09:48:00-04:00,24330.57,24283.27,24519.769999999997,2026-05-11 10:05:00-04:00,24283.27,SL,-1.0
2026-05-12,LONG,24063.33,24030.23,2026-05-12 10:15:00-04:00,2026-05-12 10:16:00-04:00,24066.61,24030.23,24212.130000000005,2026-05-12 10:21:00-04:00,24030.23,SL,-1.0
2026-05-13,LONG,24114.08,24060.65,2026-05-13 10:08:00-04:00,2026-05-13 10:09:00-04:00,24120.52,24060.65,24359.999999999996,2026-05-14 03:00:00-04:00,24359.999999999996,TP,4.0
2026-05-14,LONG,24405.31,24367.13,2026-05-14 10:04:00-04:00,2026-05-14 10:05:00-04:00,24409.59,24367.13,24579.429999999997,2026-05-14 12:55:00-04:00,24367.13,SL,-1.0
2026-05-18,LONG,24362.88,24306.57,2026-05-18 09:47:00-04:00,2026-05-18 09:48:00-04:00,24384.89,24306.57,24698.17,2026-05-18 10:35:00-04:00,24306.57,SL,-1.0
2026-05-19,LONG,24523.15,24440.87,2026-05-19 09:54:00-04:00,2026-05-19 09:55:00-04:00,24532.21,24440.87,24897.57,2026-05-19 10:15:00-04:00,24440.87,SL,-1.0
2026-05-20,LONG,24509.48,24439.27,2026-05-20 09:45:00-04:00,2026-05-20 09:46:00-04:00,24527.23,24439.27,24879.069999999996,2026-05-20 11:15:00-04:00,24879.069999999996,TP,4.0
2026-05-21,LONG,24607.02,24529.15,2026-05-21 09:50:00-04:00,2026-05-21 09:51:00-04:00,24609.66,24529.15,24931.699999999993,2026-05-22 08:12:00-04:00,24931.699999999993,TP,4.0
2026-05-22,LONG,24920.65,24869.31,2026-05-22 09:47:00-04:00,2026-05-22 09:48:00-04:00,24928.1,24869.31,25163.259999999987,2026-05-22 10:00:00-04:00,24869.31,SL,-1.0
2026-05-25,LONG,25302.57,25276.33,2026-05-25 09:49:00-04:00,2026-05-25 09:50:00-04:00,25305.48,25276.33,25422.07999999999,2026-05-25 11:10:00-04:00,25422.07999999999,TP,4.0
2026-05-26,LONG,25278.7,25251.08,2026-05-26 09:46:00-04:00,2026-05-26 09:47:00-04:00,25279.05,25251.08,25390.92999999999,2026-05-26 09:50:00-04:00,25251.08,SL,-1.0
2026-05-28,LONG,25028.86,24968.87,2026-05-28 09:45:00-04:00,2026-05-28 09:46:00-04:00,25039.82,24968.87,25323.620000000003,2026-06-01 09:33:00-04:00,24968.87,SL,-1.0
2026-06-01,LONG,25026.67,24960.71,2026-06-01 09:45:00-04:00,2026-06-01 09:46:00-04:00,25032.22,24960.71,25318.26000000001,2026-06-01 09:51:00-04:00,24960.71,SL,-1.0
2026-06-08,LONG,24693.69,24638.53,2026-06-08 09:52:00-04:00,2026-06-08 09:53:00-04:00,24699.45,24638.53,24943.13000000001,2026-06-08 10:10:00-04:00,24638.53,SL,-1.0
2026-06-09,LONG,24776.18,24734.92,2026-06-09 09:46:00-04:00,2026-06-09 09:47:00-04:00,24786.19,24734.92,24991.27,2026-06-09 10:13:00-04:00,24734.92,SL,-1.0
2026-06-10,LONG,24356.56,24239.97,2026-06-10 09:45:00-04:00,2026-06-10 09:46:00-04:00,24360.05,24239.97,24840.36999999999,2026-06-10 10:57:00-04:00,24239.97,SL,-1.0
2026-06-11,LONG,24240.43,24186.68,2026-06-11 09:45:00-04:00,2026-06-11 09:46:00-04:00,24264.93,24186.68,24577.93,2026-06-11 13:03:00-04:00,24186.68,SL,-1.0
2026-06-12,LONG,24548.27,24412.59,2026-06-12 10:52:00-04:00,2026-06-12 10:53:00-04:00,24608.41,24412.59,25391.69,2026-07-02 08:31:00-04:00,25391.69,TP,4.0
2026-07-02,LONG,25585.58,25496.97,2026-07-02 09:45:00-04:00,2026-07-02 09:46:00-04:00,25588.8,25496.97,25956.11999999999,2026-07-02 13:13:00-04:00,25496.97,SL,-1.0
2026-07-03,LONG,25752.96,25725.25,2026-07-03 09:45:00-04:00,2026-07-03 09:46:00-04:00,25753.72,25725.25,25867.600000000006,2026-07-05 20:15:00-04:00,25867.600000000006,TP,4.0
2026-07-06,LONG,25746.57,25719.01,2026-07-06 09:45:00-04:00,2026-07-06 09:46:00-04:00,25749.26,25719.01,25870.26,2026-07-07 01:08:00-04:00,25719.01,SL,-1.0
2026-07-08,LONG,25064.25,24973.09,2026-07-08 09:45:00-04:00,2026-07-08 09:46:00-04:00,25074.64,24973.09,25480.839999999997,2026-07-08 10:30:00-04:00,24973.09,SL,-1.0
2026-07-09,LONG,25039.82,24979.72,2026-07-09 09:51:00-04:00,2026-07-09 09:52:00-04:00,25056.43,24979.72,25363.269999999997,2026-07-10 10:33:00-04:00,24979.72,SL,-1.0
2026-07-13,LONG,25116.19,25087.69,2026-07-13 09:58:00-04:00,2026-07-13 09:59:00-04:00,25121.68,25087.69,25257.640000000007,2026-07-13 10:02:00-04:00,25087.69,SL,-1.0
2026-07-14,LONG,25090.11,25003.71,2026-07-14 09:45:00-04:00,2026-07-14 09:46:00-04:00,25092.01,25003.71,25445.209999999995,2026-07-15 02:56:00-04:00,25003.71,SL,-1.0
2026-07-15,LONG,25051.21,24982.02,2026-07-15 10:21:00-04:00,2026-07-15 10:22:00-04:00,25056.2,24982.02,25352.920000000002,2026-07-15 12:01:00-04:00,24982.02,SL,-1.0
2026-07-16,LONG,24779.9,24728.9,2026-07-16 09:51:00-04:00,2026-07-16 09:52:00-04:00,24788.9,24728.9,25028.9,2026-07-16 21:54:00-04:00,24728.9,SL,-1.0
2026-07-17,LONG,24775.3,24718.25,2026-07-17 09:47:00-04:00,2026-07-17 09:48:00-04:00,24786.48,24718.25,25059.399999999998,2026-07-20 15:06:00-04:00,24718.25,SL,-1.0
2026-07-21,LONG,24904.87,24815.13,2026-07-21 10:20:00-04:00,2026-07-21 10:21:00-04:00,24905.14,24815.13,25265.179999999993,2026-07-22 06:21:00-04:00,25265.179999999993,TP,4.0
2026-07-22,LONG,25209.7,25118.48,2026-07-22 20:45:00-04:00,2026-07-22 20:46:00-04:00,25211.5,25118.48,25583.58,2026-07-23 00:50:00-04:00,25118.48,SL,-1.0
2026-07-24,LONG,24986.9,24942.25,2026-07-24 09:49:00-04:00,2026-07-24 09:50:00-04:00,24991.66,24942.25,25189.3,2026-07-24 09:57:00-04:00,24942.25,SL,-1.0
2026-07-27,LONG,25538.16,25467.89,2026-07-27 09:48:00-04:00,2026-07-27 09:49:00-04:00,25546.22,25467.89,25859.540000000008,2026-07-27 10:00:00-04:00,25467.89,SL,-1.0
2026-07-28,LONG,25368.99,25313.82,2026-07-28 10:03:00-04:00,2026-07-28 10:04:00-04:00,25371.65,25313.82,25602.97000000001,2026-07-28 23:52:00-04:00,25313.82,SL,-1.0
2026-07-29,LONG,25535.14,25484.51,2026-07-29 14:00:00-04:00,2026-07-29 14:01:00-04:00,25555.18,25484.51,25837.860000000008,2026-07-29 14:23:00-04:00,25484.51,SL,-1.0
2026-07-30,LONG,25611.89,25513.75,2026-07-30 09:54:00-04:00,2026-07-30 09:55:00-04:00,25618.11,25513.75,26035.550000000003,2026-08-03 09:51:00-04:00,26035.550000000003,TP,4.0
2026-08-03,LONG,26018.93,25957.11,2026-08-03 09:52:00-04:00,2026-08-03 09:53:00-04:00,26042.04,25957.11,26381.760000000002,2026-08-04 16:06:00-04:00,26381.760000000002,TP,4.0
2026-08-04,LONG,26242.55,26208.84,2026-08-04 16:07:00-04:00,2026-08-04 16:08:00-04:00,26375.4,26208.84,27041.640000000007,2026-08-05 05:25:00-04:00,26208.84,SL,-1.0
2026-08-06,LONG,26174.53,26115.89,2026-08-06 09:54:00-04:00,2026-08-06 09:55:00-04:00,26175.46,26115.89,26413.739999999998,2026-08-07 08:39:00-04:00,26413.739999999998,TP,4.0
2026-08-07,LONG,26392.26,26358.98,2026-08-07 10:35:00-04:00,2026-08-07 10:36:00-04:00,26397.72,26358.98,26552.680000000008,2026-08-07 11:02:00-04:00,26358.98,SL,-1.0
2026-08-10,LONG,26346.65,26315.67,2026-08-10 10:14:00-04:00,2026-08-10 10:15:00-04:00,26347.33,26315.67,26473.970000000016,2026-08-10 12:31:00-04:00,26315.67,SL,-1.0
2026-08-11,LONG,26442.53,26405.94,2026-08-11 09:46:00-04:00,2026-08-11 09:47:00-04:00,26443.33,26405.94,26592.890000000014,2026-08-11 11:23:00-04:00,26405.94,SL,-1.0
2026-08-13,LONG,26400.49,26373.87,2026-08-13 15:24:00-04:00,2026-08-13 15:25:00-04:00,26401.65,26373.87,26512.77000000001,2026-08-14 07:35:00-04:00,26512.77000000001,TP,4.0
2026-08-17,LONG,26415.14,26360.94,2026-08-17 09:55:00-04:00,2026-08-17 09:56:00-04:00,26417.16,26360.94,26642.040000000005,2026-08-17 11:16:00-04:00,26360.94,SL,-1.0
2026-08-19,LONG,26122.6,26088.8,2026-08-19 10:37:00-04:00,2026-08-19 10:38:00-04:00,26127.56,26088.8,26282.60000000001,2026-08-19 11:35:00-04:00,26088.8,SL,-1.0
2026-08-20,LONG,25988.21,25945.43,2026-08-20 09:46:00-04:00,2026-08-20 09:47:00-04:00,25988.23,25945.43,26159.429999999997,2026-08-20 10:03:00-04:00,25945.43,SL,-1.0
2026-08-21,LONG,26137.78,26108.55,2026-08-21 09:58:00-04:00,2026-08-21 09:59:00-04:00,26140.12,26108.55,26266.399999999998,2026-08-21 12:20:00-04:00,26108.55,SL,-1.0
2026-08-24,LONG,26094.48,26039.62,2026-08-24 09:56:00-04:00,2026-08-24 09:57:00-04:00,26096.03,26039.62,26321.67,2026-08-25 05:57:00-04:00,26321.67,TP,4.0
2026-08-25,LONG,26285.84,26249.98,2026-08-25 10:08:00-04:00,2026-08-25 10:09:00-04:00,26286.11,26249.98,26430.630000000005,2026-08-25 10:30:00-04:00,26249.98,SL,-1.0
2026-08-26,LONG,26445.06,26369.13,2026-08-26 09:45:00-04:00,2026-08-26 09:46:00-04:00,26451.97,26369.13,26783.33,2026-08-26 10:22:00-04:00,26369.13,SL,-1.0
2026-08-27,LONG,26366.88,26313.6,2026-08-27 11:41:00-04:00,2026-08-27 11:42:00-04:00,26374.94,26313.6,26620.3,2026-08-31 10:20:00-04:00,26313.6,SL,-1.0
2026-09-03,LONG,25998.89,25955.77,2026-09-03 11:19:00-04:00,2026-09-03 11:20:00-04:00,25999.87,25955.77,26176.269999999993,2026-09-04 03:06:00-04:00,25955.77,SL,-1.0
