day,direction,or_high,or_low,breakout_time,entry_time,entry_price,stop,target,exit_time,exit_price,exit_reason,r_multiple
2021-02-01,SHORT,13114.2,13059.7,2021-02-01 09:45:00-05:00,2021-02-01 09:46:00-05:00,13057.7,13114.2,12888.2,2021-02-01 10:35:00-05:00,13114.2,SL,-1.0531
2021-02-02,LONG,13415.9,13357.4,2021-02-02 09:48:00-05:00,2021-02-02 09:49:00-05:00,13428.5,13357.4,13641.800000000001,2021-02-04 00:09:00-05:00,13357.4,SL,-1.0422
2021-02-04,SHORT,13490.3,13422.8,2021-02-04 10:02:00-05:00,2021-02-04 10:03:00-05:00,13414.2,13490.3,13185.900000000005,2021-02-04 12:37:00-05:00,13490.3,SL,-1.0394
2021-02-05,SHORT,13600.1,13553.9,2021-02-05 09:55:00-05:00,2021-02-05 09:56:00-05:00,13550.0,13600.1,13399.699999999999,2021-02-05 12:17:00-05:00,13600.1,SL,-1.0599
2021-02-08,LONG,13681.3,13640.5,2021-02-08 10:04:00-05:00,2021-02-08 10:05:00-05:00,13682.3,13640.5,13807.699999999997,2021-02-08 11:29:00-05:00,13640.5,SL,-1.0718
2021-02-09,LONG,13691.2,13652.3,2021-02-09 09:45:00-05:00,2021-02-09 09:46:00-05:00,13693.2,13652.3,13815.900000000005,2021-02-10 10:21:00-05:00,13652.3,SL,-1.0733
2021-02-10,SHORT,13769.2,13722.2,2021-02-10 10:22:00-05:00,2021-02-10 10:23:00-05:00,13620.8,13769.2,13175.599999999995,2021-02-12 15:36:00-05:00,13769.2,SL,-1.0202
2021-02-12,LONG,13704.2,13655.2,2021-02-12 15:37:00-05:00,2021-02-12 15:38:00-05:00,13774.3,13655.2,14131.599999999995,2021-02-17 09:08:00-05:00,13655.2,SL,-1.0252
2021-02-17,LONG,13675.5,13616.7,2021-02-17 09:50:00-05:00,2021-02-17 09:51:00-05:00,13689.0,13616.7,13905.899999999998,2021-02-17 10:21:00-05:00,13616.7,SL,-1.0415
2021-02-18,LONG,13574.5,13528.2,2021-02-18 09:46:00-05:00,2021-02-18 09:47:00-05:00,13574.7,13528.2,13714.2,2021-02-18 10:05:00-05:00,13528.2,SL,-1.0645
2021-02-19,SHORT,13704.6,13653.2,2021-02-19 09:48:00-05:00,2021-02-19 09:49:00-05:00,13649.6,13704.6,13484.6,2021-02-22 02:09:00-05:00,13484.6,TP,2.9455
2021-02-22,LONG,13429.0,13363.7,2021-02-22 09:48:00-05:00,2021-02-22 09:49:00-05:00,13430.3,13363.7,13630.099999999995,2021-02-22 10:22:00-05:00,13363.7,SL,-1.045
2021-02-23,SHORT,13022.3,12831.6,2021-02-23 09:45:00-05:00,2021-02-23 09:46:00-05:00,12823.8,13022.3,12228.3,2021-02-23 10:25:00-05:00,13022.3,SL,-1.0151
2021-02-24,SHORT,13125.9,13008.4,2021-02-24 10:01:00-05:00,2021-02-24 10:02:00-05:00,13007.4,13125.9,12651.9,2021-02-24 11:05:00-05:00,13125.9,SL,-1.0253
2021-02-25,SHORT,13294.6,13184.2,2021-02-25 10:03:00-05:00,2021-02-25 10:04:00-05:00,13183.3,13294.6,12849.399999999996,2021-02-25 12:57:00-05:00,12849.399999999996,TP,2.973
2021-02-26,SHORT,13036.2,12935.0,2021-02-26 09:50:00-05:00,2021-02-26 09:51:00-05:00,12925.2,13036.2,12592.2,2021-02-26 12:08:00-05:00,13036.2,SL,-1.027
2021-03-01,LONG,13120.4,13046.2,2021-03-01 10:17:00-05:00,2021-03-01 10:18:00-05:00,13123.9,13046.2,13356.999999999996,2021-03-03 08:33:00-05:00,13046.2,SL,-1.0386
2021-03-03,SHORT,13057.0,12935.0,2021-03-03 09:58:00-05:00,2021-03-03 09:59:00-05:00,12913.3,13057.0,12482.199999999997,2021-03-04 12:55:00-05:00,12482.199999999997,TP,2.9791
2021-03-04,SHORT,12768.9,12654.3,2021-03-04 12:56:00-05:00,2021-03-04 12:57:00-05:00,12457.6,12768.9,11523.700000000003,2021-03-09 10:27:00-05:00,12768.9,SL,-1.0096
2021-03-09,LONG,12657.4,12592.4,2021-03-09 10:28:00-05:00,2021-03-09 10:29:00-05:00,12766.9,12592.4,13290.4,2021-03-16 10:51:00-04:00,13290.4,TP,2.9828
2021-03-16,LONG,13206.7,13149.2,2021-03-16 10:52:00-04:00,2021-03-16 10:53:00-04:00,13301.0,13149.2,13756.399999999998,2021-03-16 14:25:00-04:00,13149.2,SL,-1.0198
2021-03-17,LONG,13032.1,12952.1,2021-03-17 09:49:00-04:00,2021-03-17 09:50:00-04:00,13036.2,12952.1,13288.500000000002,2021-03-18 09:46:00-04:00,12952.1,SL,-1.0357
2021-03-18,SHORT,13039.0,12981.5,2021-03-18 09:47:00-04:00,2021-03-18 09:48:00-04:00,12960.5,13039.0,12725.0,2021-03-19 10:04:00-04:00,12725.0,TP,2.9618
2021-03-19,SHORT,12851.7,12740.8,2021-03-19 10:05:00-04:00,2021-03-19 10:06:00-04:00,12723.8,12851.7,12340.099999999995,2021-03-19 10:52:00-04:00,12851.7,SL,-1.0235
2021-03-22,LONG,13010.4,12945.9,2021-03-22 09:52:00-04:00,2021-03-22 09:53:00-04:00,13017.1,12945.9,13230.700000000003,2021-03-24 10:17:00-04:00,12945.9,SL,-1.0421
2021-03-24,SHORT,13089.9,13006.8,2021-03-24 10:18:00-04:00,2021-03-24 10:19:00-04:00,12939.9,13089.9,12489.9,2021-03-31 10:01:00-04:00,13089.9,SL,-1.02
2021-03-31,LONG,13032.0,12970.6,2021-03-31 10:02:00-04:00,2021-03-31 10:03:00-04:00,13087.5,12970.6,13438.199999999999,2021-04-05 08:44:00-04:00,13438.199999999999,TP,2.9743
2021-04-05,LONG,13461.7,13425.3,2021-04-05 09:45:00-04:00,2021-04-05 09:46:00-04:00,13471.7,13425.3,13610.900000000005,2021-04-05 13:55:00-04:00,13610.900000000005,TP,2.9353
2021-04-06,LONG,13600.8,13553.8,2021-04-06 09:54:00-04:00,2021-04-06 09:55:00-04:00,13605.2,13553.8,13759.400000000005,2021-04-07 08:49:00-04:00,13553.8,SL,-1.0584
2021-04-07,LONG,13575.1,13528.5,2021-04-07 09:45:00-04:00,2021-04-07 09:46:00-04:00,13577.7,13528.5,13725.300000000003,2021-04-08 01:36:00-04:00,13725.300000000003,TP,2.939
2021-04-08,SHORT,13761.4,13726.6,2021-04-08 09:47:00-04:00,2021-04-08 09:48:00-04:00,13724.4,13761.4,13613.4,2021-04-08 09:57:00-04:00,13761.4,SL,-1.0811
2021-04-09,LONG,13717.5,13673.7,2021-04-09 09:48:00-04:00,2021-04-09 09:49:00-04:00,13718.4,13673.7,13852.499999999996,2021-04-13 08:32:00-04:00,13852.499999999996,TP,2.9329
2021-04-13,LONG,13951.8,13880.7,2021-04-13 09:53:00-04:00,2021-04-13 09:54:00-04:00,13955.8,13880.7,14181.099999999995,2021-04-14 11:22:00-04:00,13880.7,SL,-1.0399
2021-04-14,SHORT,14001.6,13956.6,2021-04-14 11:23:00-04:00,2021-04-14 11:24:00-04:00,13876.3,14001.6,13500.399999999996,2021-04-15 10:29:00-04:00,14001.6,SL,-1.0239
2021-04-15,LONG,13990.6,13936.5,2021-04-15 10:30:00-04:00,2021-04-15 10:31:00-04:00,14004.5,13936.5,14208.5,2021-04-19 10:07:00-04:00,13936.5,SL,-1.0441
2021-04-19,SHORT,14026.9,13965.3,2021-04-19 10:08:00-04:00,2021-04-19 10:09:00-04:00,13931.7,14026.9,13646.100000000004,2021-04-26 14:45:00-04:00,14026.9,SL,-1.0315
2021-04-26,LONG,13964.9,13933.2,2021-04-26 14:46:00-04:00,2021-04-26 14:47:00-04:00,14029.8,13933.2,14319.599999999995,2021-04-27 10:16:00-04:00,13933.2,SL,-1.0311
2021-04-27,SHORT,14048.0,14001.0,2021-04-27 10:17:00-04:00,2021-04-27 10:18:00-04:00,13944.8,14048.0,13635.199999999997,2021-04-29 04:02:00-04:00,14048.0,SL,-1.0291
2021-04-29,SHORT,14074.1,14025.3,2021-04-29 09:46:00-04:00,2021-04-29 09:47:00-04:00,14023.8,14074.1,13872.899999999996,2021-04-29 11:56:00-04:00,13872.899999999996,TP,2.9404
2021-04-30,LONG,13905.2,13853.4,2021-04-30 09:57:00-04:00,2021-04-30 09:58:00-04:00,13906.9,13853.4,14067.4,2021-04-30 13:53:00-04:00,13853.4,SL,-1.0561
2021-05-03,SHORT,13927.9,13867.9,2021-05-03 09:47:00-04:00,2021-05-03 09:48:00-04:00,13869.0,13927.9,13692.300000000001,2021-05-03 10:07:00-04:00,13927.9,SL,-1.0509
2021-05-04,SHORT,13708.5,13605.9,2021-05-04 09:45:00-04:00,2021-05-04 09:46:00-04:00,13603.5,13708.5,13288.5,2021-05-07 08:30:00-04:00,13708.5,SL,-1.0286
2021-05-07,LONG,13749.0,13671.5,2021-05-07 09:49:00-04:00,2021-05-07 09:50:00-04:00,13755.5,13671.5,14007.5,2021-05-07 14:01:00-04:00,13671.5,SL,-1.0357
2021-05-10,SHORT,13666.0,13545.8,2021-05-10 09:53:00-04:00,2021-05-10 09:54:00-04:00,13534.8,13666.0,13141.199999999997,2021-05-11 07:57:00-04:00,13141.199999999997,TP,2.9771
2021-05-11,LONG,13235.4,13094.2,2021-05-11 09:52:00-04:00,2021-05-11 09:53:00-04:00,13245.0,13094.2,13697.399999999998,2021-05-12 10:36:00-04:00,13094.2,SL,-1.0199
2021-05-12,SHORT,13225.8,13130.5,2021-05-12 10:37:00-04:00,2021-05-12 10:38:00-04:00,13114.6,13225.8,12781.000000000004,2021-05-13 10:55:00-04:00,13225.8,SL,-1.027
2021-05-13,LONG,13176.7,13119.3,2021-05-13 10:56:00-04:00,2021-05-13 10:57:00-04:00,13223.6,13119.3,13536.500000000004,2021-05-13 11:25:00-04:00,13119.3,SL,-1.0288
2021-05-14,LONG,13264.9,13216.9,2021-05-14 09:58:00-04:00,2021-05-14 09:59:00-04:00,13269.6,13216.9,13427.700000000003,2021-05-14 14:52:00-04:00,13427.700000000003,TP,2.9431
2021-05-17,SHORT,13349.0,13271.8,2021-05-17 10:01:00-04:00,2021-05-17 10:02:00-04:00,13259.8,13349.0,12992.199999999997,2021-05-17 20:18:00-04:00,13349.0,SL,-1.0336
2021-05-18,SHORT,13369.2,13321.8,2021-05-18 09:50:00-04:00,2021-05-18 09:51:00-04:00,13317.0,13369.2,13160.399999999998,2021-05-18 10:17:00-04:00,13369.2,SL,-1.0575
2021-05-19,LONG,13069.5,12975.1,2021-05-19 09:50:00-04:00,2021-05-19 09:51:00-04:00,13079.6,12975.1,13393.1,2021-05-20 09:43:00-04:00,13393.1,TP,2.9713
2021-05-20,LONG,13397.2,13287.2,2021-05-20 09:47:00-04:00,2021-05-20 09:48:00-04:00,13400.4,13287.2,13739.999999999996,2021-05-25 02:40:00-04:00,13739.999999999996,TP,2.9735
2021-05-25,SHORT,13737.0,13676.3,2021-05-25 09:51:00-04:00,2021-05-25 09:52:00-04:00,13668.0,13737.0,13461.0,2021-05-28 09:40:00-04:00,13737.0,SL,-1.0435
2021-05-28,LONG,13742.9,13699.9,2021-05-28 11:41:00-04:00,2021-05-28 11:42:00-04:00,13748.5,13699.9,13894.300000000001,2021-05-28 15:54:00-04:00,13699.9,SL,-1.0617
2021-05-31,SHORT,13683.9,13672.9,2021-05-31 09:49:00-04:00,2021-05-31 09:50:00-04:00,13672.2,13683.9,13637.100000000004,2021-05-31 18:30:00-04:00,13683.9,SL,-1.2564
2021-06-01,SHORT,13776.4,13744.9,2021-06-01 09:48:00-04:00,2021-06-01 09:49:00-04:00,13742.7,13776.4,13641.600000000004,2021-06-01 10:15:00-04:00,13641.600000000004,TP,2.911
2021-06-02,LONG,13690.2,13654.8,2021-06-02 09:45:00-04:00,2021-06-02 09:46:00-04:00,13698.6,13654.8,13830.000000000004,2021-06-02 13:22:00-04:00,13654.8,SL,-1.0685
2021-06-03,SHORT,13570.4,13492.2,2021-06-03 09:48:00-04:00,2021-06-03 09:49:00-04:00,13486.2,13570.4,13233.600000000004,2021-06-03 10:59:00-04:00,13570.4,SL,-1.0356
2021-06-04,LONG,13684.0,13607.5,2021-06-04 09:45:00-04:00,2021-06-04 09:46:00-04:00,13692.8,13607.5,13948.699999999997,2021-06-10 09:54:00-04:00,13948.699999999997,TP,2.9648
2021-06-10,LONG,13921.6,13811.0,2021-06-10 09:55:00-04:00,2021-06-10 09:56:00-04:00,13960.3,13811.0,14408.199999999997,2021-06-24 10:06:00-04:00,14408.199999999997,TP,2.9799
2021-06-24,LONG,14401.2,14359.5,2021-06-24 10:07:00-04:00,2021-06-24 10:08:00-04:00,14406.9,14359.5,14549.099999999999,2021-06-24 13:20:00-04:00,14359.5,SL,-1.0633
2021-06-25,SHORT,14405.3,14376.3,2021-06-25 09:51:00-04:00,2021-06-25 09:52:00-04:00,14376.1,14405.3,14288.500000000004,2021-06-28 08:42:00-04:00,14405.3,SL,-1.1027
2021-06-28,LONG,14473.1,14406.0,2021-06-28 10:01:00-04:00,2021-06-28 10:02:00-04:00,14477.1,14406.0,14690.400000000001,2021-07-02 12:35:00-04:00,14690.400000000001,TP,2.9578
2021-07-02,LONG,14672.9,14632.1,2021-07-02 12:36:00-04:00,2021-07-02 12:37:00-04:00,14685.9,14632.1,14847.299999999997,2021-07-07 03:58:00-04:00,14847.299999999997,TP,2.9442
2021-07-07,SHORT,14895.1,14829.5,2021-07-07 10:03:00-04:00,2021-07-07 10:04:00-04:00,14822.9,14895.1,14606.299999999997,2021-07-08 06:15:00-04:00,14606.299999999997,TP,2.9584
2021-07-08,SHORT,14653.4,14580.6,2021-07-08 09:47:00-04:00,2021-07-08 09:48:00-04:00,14578.6,14653.4,14354.200000000003,2021-07-08 10:00:00-04:00,14653.4,SL,-1.0401
2021-07-09,LONG,14734.1,14680.6,2021-07-09 10:08:00-04:00,2021-07-09 10:09:00-04:00,14736.9,14680.6,14905.799999999997,2021-07-13 04:52:00-04:00,14905.799999999997,TP,2.9467
2021-07-13,LONG,14892.9,14854.3,2021-07-13 09:47:00-04:00,2021-07-13 09:48:00-04:00,14899.2,14854.3,15033.900000000005,2021-07-13 14:03:00-04:00,14854.3,SL,-1.0668
2021-07-14,LONG,15003.5,14949.6,2021-07-14 10:04:00-04:00,2021-07-14 10:05:00-04:00,15004.8,14949.6,15170.399999999996,2021-07-14 11:27:00-04:00,14949.6,SL,-1.0543
2021-07-15,SHORT,14913.5,14808.9,2021-07-15 10:28:00-04:00,2021-07-15 10:29:00-04:00,14800.2,14913.5,14460.300000000003,2021-07-19 10:37:00-04:00,14460.300000000003,TP,2.9735
2021-07-19,SHORT,14581.6,14501.6,2021-07-19 10:38:00-04:00,2021-07-19 10:39:00-04:00,14469.3,14581.6,14132.399999999996,2021-07-19 11:32:00-04:00,14581.6,SL,-1.0267
2021-07-20,LONG,14612.4,14528.7,2021-07-20 10:20:00-04:00,2021-07-20 10:21:00-04:00,14620.2,14528.7,14894.7,2021-07-22 09:42:00-04:00,14894.7,TP,2.9672
2021-07-22,LONG,14906.5,14853.2,2021-07-22 10:03:00-04:00,2021-07-22 10:04:00-04:00,14907.0,14853.2,15068.399999999998,2021-07-23 11:28:00-04:00,15068.399999999998,TP,2.9442
2021-07-23,LONG,15004.9,14945.5,2021-07-23 11:29:00-04:00,2021-07-23 11:30:00-04:00,15069.6,14945.5,15441.900000000001,2021-07-27 10:34:00-04:00,14945.5,SL,-1.0242
2021-07-27,SHORT,15117.9,15062.6,2021-07-27 10:35:00-04:00,2021-07-27 10:36:00-04:00,14953.5,15117.9,14460.300000000001,2021-08-04 13:22:00-04:00,15117.9,SL,-1.0182
2021-08-04,LONG,15080.4,15048.0,2021-08-04 13:23:00-04:00,2021-08-04 13:24:00-04:00,15114.0,15048.0,15312.0,2021-08-08 19:04:00-04:00,15048.0,SL,-1.0455
2021-08-09,LONG,15150.4,15080.8,2021-08-09 14:31:00-04:00,2021-08-09 14:32:00-04:00,15152.5,15080.8,15367.600000000002,2021-08-10 10:32:00-04:00,15080.8,SL,-1.0418
2021-08-10,SHORT,15164.1,15128.1,2021-08-10 10:33:00-04:00,2021-08-10 10:34:00-04:00,15075.6,15164.1,14810.1,2021-08-19 02:04:00-04:00,14810.1,TP,2.9661
2021-08-19,LONG,14839.6,14768.2,2021-08-19 10:01:00-04:00,2021-08-19 10:02:00-04:00,14850.6,14768.2,15097.8,2021-08-20 10:35:00-04:00,15097.8,TP,2.9636
2021-08-20,LONG,14999.9,14964.0,2021-08-20 10:36:00-04:00,2021-08-20 10:37:00-04:00,15097.2,14964.0,15496.800000000003,2021-08-30 09:33:00-04:00,15496.800000000003,TP,2.9775
2021-08-30,LONG,15520.6,15460.0,2021-08-30 09:53:00-04:00,2021-08-30 09:54:00-04:00,15525.4,15460.0,15721.599999999999,2021-09-10 15:46:00-04:00,15460.0,SL,-1.0459
2021-09-10,SHORT,15669.2,15641.1,2021-09-10 15:47:00-04:00,2021-09-10 15:48:00-04:00,15457.8,15669.2,14823.599999999995,2021-09-28 11:08:00-04:00,14823.599999999995,TP,2.9858
2021-09-28,SHORT,15046.1,14946.3,2021-09-28 11:09:00-04:00,2021-09-28 11:10:00-04:00,14804.3,15046.1,14078.899999999996,2021-10-14 12:13:00-04:00,15046.1,SL,-1.0124
2021-10-14,LONG,14964.7,14905.0,2021-10-14 12:14:00-04:00,2021-10-14 12:15:00-04:00,15047.8,14905.0,15476.199999999997,2021-10-21 15:17:00-04:00,15476.199999999997,TP,2.979
2021-10-21,LONG,15393.0,15349.3,2021-10-21 15:18:00-04:00,2021-10-21 15:19:00-04:00,15480.3,15349.3,15873.3,2021-10-22 11:22:00-04:00,15349.3,SL,-1.0229
2021-10-22,SHORT,15472.6,15419.4,2021-10-22 11:23:00-04:00,2021-10-22 11:24:00-04:00,15351.9,15472.6,14989.799999999997,2021-10-25 12:06:00-04:00,15472.6,SL,-1.0249
2021-10-25,LONG,15446.8,15337.3,2021-10-25 12:07:00-04:00,2021-10-25 12:08:00-04:00,15474.9,15337.3,15887.7,2021-10-31 18:30:00-04:00,15887.7,TP,2.9782
2021-11-01,SHORT,15881.9,15818.7,2021-11-01 09:57:00-04:00,2021-11-01 09:58:00-04:00,15817.1,15881.9,15622.700000000003,2021-11-01 13:03:00-04:00,15881.9,SL,-1.0463
2021-11-02,LONG,15962.4,15878.2,2021-11-02 09:48:00-04:00,2021-11-02 09:49:00-04:00,15964.8,15878.2,16224.599999999995,2021-11-04 04:22:00-04:00,16224.599999999995,TP,2.9654
2021-11-04,LONG,16217.4,16169.3,2021-11-04 09:45:00-04:00,2021-11-04 09:46:00-04:00,16220.7,16169.3,16374.900000000005,2021-11-04 14:25:00-04:00,16374.900000000005,TP,2.9416
2021-11-05,SHORT,16458.3,16400.8,2021-11-05 09:50:00-04:00,2021-11-05 09:51:00-04:00,16388.1,16458.3,16177.499999999996,2021-11-09 13:48:00-05:00,16177.499999999996,TP,2.9573
2021-11-09,SHORT,16401.3,16364.0,2021-11-09 13:49:00-05:00,2021-11-09 13:50:00-05:00,16179.0,16401.3,15512.100000000002,2021-11-18 04:02:00-05:00,16401.3,SL,-1.0135
2021-11-18,LONG,16405.2,16357.5,2021-11-18 09:47:00-05:00,2021-11-18 09:48:00-05:00,16420.8,16357.5,16610.699999999997,2021-11-18 10:10:00-05:00,16357.5,SL,-1.0474
2021-11-19,LONG,16566.9,16519.9,2021-11-19 09:45:00-05:00,2021-11-19 09:46:00-05:00,16577.7,16519.9,16751.1,2021-11-22 10:01:00-05:00,16751.1,TP,2.9481
2021-11-22,LONG,16713.8,16642.4,2021-11-22 10:02:00-05:00,2021-11-22 10:03:00-05:00,16749.9,16642.4,17072.4,2021-11-22 11:12:00-05:00,16642.4,SL,-1.0279
2021-11-23,LONG,16380.9,16286.9,2021-11-23 09:46:00-05:00,2021-11-23 09:47:00-05:00,16394.3,16286.9,16716.5,2021-11-23 10:09:00-05:00,16286.9,SL,-1.0279
2021-11-24,SHORT,16210.3,16117.8,2021-11-24 09:46:00-05:00,2021-11-24 09:47:00-05:00,16110.3,16210.3,15810.3,2021-11-24 10:00:00-05:00,16210.3,SL,-1.03
2021-11-25,LONG,16401.6,16381.5,2021-11-25 09:45:00-05:00,2021-11-25 09:46:00-05:00,16407.3,16381.5,16484.699999999997,2021-11-25 18:31:00-05:00,16381.5,SL,-1.1163
2021-11-26,SHORT,16310.0,16205.8,2021-11-26 09:45:00-05:00,2021-11-26 09:46:00-05:00,16183.3,16310.0,15803.199999999997,2021-11-29 10:02:00-05:00,16310.0,SL,-1.0237
2021-11-29,LONG,16283.0,16213.1,2021-11-29 10:03:00-05:00,2021-11-29 10:04:00-05:00,16299.5,16213.1,16558.699999999997,2021-11-30 10:53:00-05:00,16213.1,SL,-1.0347
2021-11-30,SHORT,16374.4,16321.7,2021-11-30 10:54:00-05:00,2021-11-30 10:55:00-05:00,16209.6,16374.4,15715.200000000003,2021-11-30 23:43:00-05:00,16374.4,SL,-1.0182
2021-12-01,LONG,16355.4,16272.7,2021-12-01 10:01:00-05:00,2021-12-01 10:02:00-05:00,16358.2,16272.7,16614.7,2021-12-01 12:55:00-05:00,16272.7,SL,-1.0351
2021-12-02,LONG,15978.3,15789.9,2021-12-02 09:48:00-05:00,2021-12-02 09:49:00-05:00,15985.3,15789.9,16571.5,2021-12-02 10:43:00-05:00,15789.9,SL,-1.0154
2021-12-03,SHORT,16091.0,15933.6,2021-12-03 09:49:00-05:00,2021-12-03 09:50:00-05:00,15921.5,16091.0,15413.0,2021-12-07 03:50:00-05:00,16091.0,SL,-1.0177
2021-12-07,LONG,16178.5,16121.7,2021-12-07 09:45:00-05:00,2021-12-07 09:46:00-05:00,16183.5,16121.7,16368.899999999998,2021-12-07 19:55:00-05:00,16368.899999999998,TP,2.9515
2021-12-08,LONG,16335.3,16254.6,2021-12-08 09:48:00-05:00,2021-12-08 09:49:00-05:00,16335.0,16254.6,16576.199999999997,2021-12-09 13:44:00-05:00,16254.6,SL,-1.0373
2021-12-09,SHORT,16414.4,16336.9,2021-12-09 13:45:00-05:00,2021-12-09 13:46:00-05:00,16253.9,16414.4,15772.399999999994,2021-12-12 20:21:00-05:00,16414.4,SL,-1.0187
2021-12-13,SHORT,16356.4,16286.9,2021-12-13 09:53:00-05:00,2021-12-13 09:54:00-05:00,16281.1,16356.4,16055.200000000003,2021-12-14 04:40:00-05:00,16055.200000000003,TP,2.9602
2021-12-14,SHORT,16006.0,15873.4,2021-12-14 10:43:00-05:00,2021-12-14 10:44:00-05:00,15872.5,16006.0,15472.0,2021-12-15 14:18:00-05:00,16006.0,SL,-1.0225
2021-12-15,LONG,15944.2,15877.2,2021-12-15 14:19:00-05:00,2021-12-15 14:20:00-05:00,16019.8,15877.2,16447.599999999995,2021-12-16 02:28:00-05:00,16447.599999999995,TP,2.979
2021-12-16,SHORT,16357.9,16229.2,2021-12-16 09:55:00-05:00,2021-12-16 09:56:00-05:00,16221.6,16357.9,15812.700000000003,2021-12-16 14:49:00-05:00,15812.700000000003,TP,2.978
2021-12-17,LONG,15806.0,15673.4,2021-12-17 09:49:00-05:00,2021-12-17 09:50:00-05:00,15811.9,15673.4,16227.4,2021-12-17 10:22:00-05:00,15673.4,SL,-1.0217
2021-12-20,SHORT,15658.3,15560.3,2021-12-20 10:58:00-05:00,2021-12-20 10:59:00-05:00,15550.3,15658.3,15226.3,2021-12-20 15:21:00-05:00,15658.3,SL,-1.0278
2021-12-21,SHORT,15812.8,15723.0,2021-12-21 09:45:00-05:00,2021-12-21 09:46:00-05:00,15721.0,15812.8,15445.600000000002,2021-12-21 11:55:00-05:00,15812.8,SL,-1.0327
2021-12-22,LONG,16026.4,15948.7,2021-12-22 09:45:00-05:00,2021-12-22 09:46:00-05:00,16031.6,15948.7,16280.3,2021-12-23 10:21:00-05:00,16280.3,TP,2.9638
2021-12-23,LONG,16250.4,16191.4,2021-12-23 10:22:00-05:00,2021-12-23 10:23:00-05:00,16279.9,16191.4,16545.4,2021-12-27 11:13:00-05:00,16545.4,TP,2.9661
2021-12-27,LONG,16462.3,16359.5,2021-12-27 11:14:00-05:00,2021-12-27 11:15:00-05:00,16545.9,16359.5,17105.100000000006,2022-01-03 09:49:00-05:00,16359.5,SL,-1.0161
2022-01-03,SHORT,16498.0,16394.1,2022-01-03 09:50:00-05:00,2022-01-03 09:51:00-05:00,16332.8,16498.0,15837.199999999997,2022-01-03 14:44:00-05:00,16498.0,SL,-1.0182
2022-01-04,SHORT,16522.5,16479.6,2022-01-04 09:50:00-05:00,2022-01-04 09:51:00-05:00,16465.9,16522.5,16296.100000000006,2022-01-04 10:44:00-05:00,16296.100000000006,TP,2.947
2022-01-05,LONG,16225.2,16114.0,2022-01-05 10:00:00-05:00,2022-01-05 10:01:00-05:00,16239.2,16114.0,16614.800000000003,2022-01-05 12:32:00-05:00,16114.0,SL,-1.024
2022-01-06,SHORT,15860.4,15683.7,2022-01-06 10:03:00-05:00,2022-01-06 10:04:00-05:00,15670.0,15860.4,15098.800000000001,2022-01-06 10:57:00-05:00,15860.4,SL,-1.0158
2022-01-07,LONG,15822.5,15684.3,2022-01-07 09:45:00-05:00,2022-01-07 09:46:00-05:00,15825.8,15684.3,16250.3,2022-01-07 10:20:00-05:00,15684.3,SL,-1.0212
2022-01-10,SHORT,15425.1,15301.6,2022-01-10 09:48:00-05:00,2022-01-10 09:49:00-05:00,15298.7,15425.1,14919.500000000002,2022-01-10 13:51:00-05:00,15425.1,SL,-1.0237
2022-01-11,LONG,15603.5,15486.7,2022-01-11 10:04:00-05:00,2022-01-11 10:05:00-05:00,15631.0,15486.7,16063.899999999998,2022-01-13 15:54:00-05:00,15486.7,SL,-1.0208
2022-01-13,SHORT,15991.5,15927.3,2022-01-13 15:55:00-05:00,2022-01-13 15:56:00-05:00,15478.8,15991.5,13940.699999999997,2022-01-24 11:41:00-05:00,13940.699999999997,TP,2.9941
2022-01-24,SHORT,14276.8,14130.7,2022-01-24 11:42:00-05:00,2022-01-24 11:43:00-05:00,13910.0,14276.8,12809.600000000002,2022-01-24 15:15:00-05:00,14276.8,SL,-1.0082
2022-01-25,SHORT,14315.7,14197.2,2022-01-25 09:45:00-05:00,2022-01-25 09:46:00-05:00,14158.5,14315.7,13686.899999999998,2022-01-25 14:16:00-05:00,14315.7,SL,-1.0191
2022-01-26,LONG,14512.4,14366.6,2022-01-26 10:03:00-05:00,2022-01-26 10:04:00-05:00,14525.8,14366.6,15003.399999999996,2022-01-26 10:44:00-05:00,14366.6,SL,-1.0188
2022-01-27,LONG,14368.4,14246.8,2022-01-27 09:47:00-05:00,2022-01-27 09:48:00-05:00,14367.8,14246.8,14730.8,2022-01-27 10:31:00-05:00,14246.8,SL,-1.0248
2022-01-28,SHORT,14114.3,13907.1,2022-01-28 09:45:00-05:00,2022-01-28 09:46:00-05:00,13905.1,14114.3,13277.500000000004,2022-01-28 10:54:00-05:00,14114.3,SL,-1.0143
2022-01-31,LONG,14597.2,14430.8,2022-01-31 09:52:00-05:00,2022-01-31 09:53:00-05:00,14611.1,14430.8,15152.000000000004,2022-02-01 19:18:00-05:00,15152.000000000004,TP,2.9834
2022-02-01,LONG,14965.4,14801.5,2022-02-01 19:19:00-05:00,2022-02-01 19:20:00-05:00,15149.0,14801.5,16191.5,2022-02-02 18:39:00-05:00,14801.5,SL,-1.0086
2022-02-02,SHORT,15193.0,15078.7,2022-02-02 18:40:00-05:00,2022-02-02 18:41:00-05:00,14800.8,15193.0,13624.199999999997,2022-02-21 18:30:00-05:00,13624.199999999997,TP,2.9924
2022-02-21,SHORT,13888.8,13818.3,2022-02-21 18:31:00-05:00,2022-02-21 18:32:00-05:00,13632.6,13888.8,12864.000000000004,2022-02-22 05:37:00-05:00,13888.8,SL,-1.0117
2022-02-22,LONG,13991.8,13868.6,2022-02-22 09:45:00-05:00,2022-02-22 09:46:00-05:00,13998.3,13868.6,14387.399999999996,2022-02-22 11:53:00-05:00,13868.6,SL,-1.0231
2022-02-23,SHORT,14035.8,13949.5,2022-02-23 09:50:00-05:00,2022-02-23 09:51:00-05:00,13924.6,14035.8,13591.000000000004,2022-02-23 14:42:00-05:00,13591.000000000004,TP,2.973
2022-02-24,LONG,13307.8,13064.0,2022-02-24 09:49:00-05:00,2022-02-24 09:50:00-05:00,13337.2,13064.0,14156.800000000003,2022-02-25 11:55:00-05:00,14156.800000000003,TP,2.989
2022-02-25,LONG,14017.5,13877.2,2022-02-25 11:56:00-05:00,2022-02-25 11:57:00-05:00,14159.8,13877.2,15007.599999999995,2022-02-27 18:30:00-05:00,13877.2,SL,-1.0106
2022-02-28,LONG,14116.4,14032.9,2022-02-28 09:57:00-05:00,2022-02-28 09:58:00-05:00,14122.1,14032.9,14389.700000000003,2022-02-28 14:08:00-05:00,14032.9,SL,-1.0336
2022-03-01,LONG,14257.5,14159.0,2022-03-01 10:21:00-05:00,2022-03-01 10:22:00-05:00,14266.0,14159.0,14587.0,2022-03-01 10:46:00-05:00,14159.0,SL,-1.028
2022-03-02,LONG,14115.0,14015.3,2022-03-02 09:47:00-05:00,2022-03-02 09:48:00-05:00,14118.2,14015.3,14426.900000000005,2022-03-02 10:08:00-05:00,14015.3,SL,-1.0292
2022-03-03,SHORT,14355.9,14275.2,2022-03-03 09:48:00-05:00,2022-03-03 09:49:00-05:00,14259.4,14355.9,13969.9,2022-03-03 15:46:00-05:00,13969.9,TP,2.9689
2022-03-04,SHORT,13997.0,13894.2,2022-03-04 09:45:00-05:00,2022-03-04 09:46:00-05:00,13886.2,13997.0,13553.800000000003,2022-03-06 19:45:00-05:00,13553.800000000003,TP,2.9729
2022-03-07,SHORT,13881.5,13747.0,2022-03-07 09:46:00-05:00,2022-03-07 09:47:00-05:00,13744.4,13881.5,13333.099999999999,2022-03-07 15:54:00-05:00,13333.099999999999,TP,2.9781
2022-03-08,SHORT,13374.3,13223.5,2022-03-08 10:00:00-05:00,2022-03-08 10:01:00-05:00,13214.3,13374.3,12734.3,2022-03-08 12:10:00-05:00,13374.3,SL,-1.0188
2022-03-09,SHORT,13620.7,13526.2,2022-03-09 09:52:00-05:00,2022-03-09 09:53:00-05:00,13521.4,13620.7,13223.499999999996,2022-03-09 10:02:00-05:00,13620.7,SL,-1.0302
2022-03-10,LONG,13578.6,13487.5,2022-03-10 09:57:00-05:00,2022-03-10 09:58:00-05:00,13579.6,13487.5,13855.900000000001,2022-03-10 10:33:00-05:00,13487.5,SL,-1.0326
2022-03-11,SHORT,13722.3,13605.2,2022-03-11 09:54:00-05:00,2022-03-11 09:55:00-05:00,13600.5,13722.3,13235.100000000002,2022-03-14 07:46:00-04:00,13235.100000000002,TP,2.9754
2022-03-14,LONG,13326.9,13203.6,2022-03-14 10:08:00-04:00,2022-03-14 10:09:00-04:00,13334.9,13203.6,13728.799999999997,2022-03-14 11:43:00-04:00,13203.6,SL,-1.0228
2022-03-15,LONG,13211.1,13094.2,2022-03-15 10:04:00-04:00,2022-03-15 10:05:00-04:00,13220.6,13094.2,13599.8,2022-03-16 03:00:00-04:00,13599.8,TP,2.9763
2022-03-16,LONG,13721.5,13616.5,2022-03-16 09:46:00-04:00,2022-03-16 09:47:00-04:00,13739.8,13616.5,14109.699999999997,2022-03-16 14:05:00-04:00,13616.5,SL,-1.0243
2022-03-17,LONG,13904.2,13822.4,2022-03-17 09:45:00-04:00,2022-03-17 09:46:00-04:00,13908.6,13822.4,14167.200000000003,2022-03-18 10:00:00-04:00,14167.200000000003,TP,2.9652
2022-03-18,LONG,14081.8,13999.8,2022-03-18 10:01:00-04:00,2022-03-18 10:02:00-04:00,14171.1,13999.8,14685.000000000004,2022-03-22 11:26:00-04:00,14685.000000000004,TP,2.9825
2022-03-22,LONG,14494.0,14380.0,2022-03-22 11:27:00-04:00,2022-03-22 11:28:00-04:00,14684.2,14380.0,15596.800000000003,2022-04-07 11:52:00-04:00,14380.0,SL,-1.0099
2022-04-07,SHORT,14580.1,14460.9,2022-04-07 11:53:00-04:00,2022-04-07 11:54:00-04:00,14369.4,14580.1,13737.299999999997,2022-04-07 15:00:00-04:00,14580.1,SL,-1.0142
2022-04-08,SHORT,14477.4,14364.9,2022-04-08 09:51:00-04:00,2022-04-08 09:52:00-04:00,14354.7,14477.4,13986.600000000004,2022-04-08 11:01:00-04:00,14477.4,SL,-1.0244
2022-04-11,LONG,14179.0,14101.1,2022-04-11 09:47:00-04:00,2022-04-11 09:48:00-04:00,14182.4,14101.1,14426.299999999997,2022-04-11 10:26:00-04:00,14101.1,SL,-1.0369
2022-04-12,LONG,14201.5,14114.4,2022-04-12 09:47:00-04:00,2022-04-12 09:48:00-04:00,14209.9,14114.4,14496.4,2022-04-12 10:48:00-04:00,14114.4,SL,-1.0314
2022-04-13,LONG,14030.8,13924.8,2022-04-13 09:45:00-04:00,2022-04-13 09:46:00-04:00,14034.5,13924.8,14363.600000000002,2022-04-14 15:32:00-04:00,13924.8,SL,-1.0273
2022-04-14,SHORT,14248.0,14136.5,2022-04-14 15:33:00-04:00,2022-04-14 15:34:00-04:00,13921.9,14248.0,12943.599999999999,2022-04-20 07:50:00-04:00,14248.0,SL,-1.0092
2022-04-20,SHORT,14273.4,14128.4,2022-04-20 09:48:00-04:00,2022-04-20 09:49:00-04:00,14113.9,14273.4,13635.4,2022-04-21 09:35:00-04:00,14273.4,SL,-1.0188
2022-04-21,SHORT,14286.6,14169.3,2022-04-21 10:07:00-04:00,2022-04-21 10:08:00-04:00,14166.5,14286.6,13806.199999999999,2022-04-21 14:13:00-04:00,13806.199999999999,TP,2.975
2022-04-22,SHORT,13781.2,13621.5,2022-04-22 10:20:00-04:00,2022-04-22 10:21:00-04:00,13615.8,13781.2,13119.599999999995,2022-04-26 11:05:00-04:00,13119.599999999995,TP,2.9819
2022-04-26,SHORT,13455.8,13325.1,2022-04-26 11:06:00-04:00,2022-04-26 11:07:00-04:00,13131.8,13455.8,12159.8,2022-04-28 13:40:00-04:00,13455.8,SL,-1.0093
2022-04-28,LONG,13286.2,13123.0,2022-04-28 13:41:00-04:00,2022-04-28 13:42:00-04:00,13425.6,13123.0,14333.400000000001,2022-04-29 12:08:00-04:00,13123.0,SL,-1.0099
2022-04-29,SHORT,13379.5,13233.5,2022-04-29 12:09:00-04:00,2022-04-29 12:10:00-04:00,13126.3,13379.5,12366.699999999997,2022-05-04 15:01:00-04:00,13379.5,SL,-1.0118
2022-05-04,LONG,13120.0,13063.8,2022-05-04 15:02:00-04:00,2022-05-04 15:03:00-04:00,13369.2,13063.8,14285.400000000005,2022-05-05 10:11:00-04:00,13063.8,SL,-1.0098
2022-05-05,SHORT,13351.5,13253.2,2022-05-05 10:12:00-04:00,2022-05-05 10:13:00-04:00,13075.1,13351.5,12245.900000000001,2022-05-09 11:32:00-04:00,12245.900000000001,TP,2.9891
2022-05-09,SHORT,12558.7,12425.7,2022-05-09 11:33:00-04:00,2022-05-09 11:34:00-04:00,12272.8,12558.7,11415.099999999995,2022-05-17 15:02:00-04:00,12558.7,SL,-1.0105
2022-05-17,LONG,12537.4,12459.0,2022-05-17 15:03:00-04:00,2022-05-17 15:04:00-04:00,12552.2,12459.0,12831.800000000003,2022-05-18 07:05:00-04:00,12459.0,SL,-1.0322
2022-05-18,SHORT,12398.6,12308.1,2022-05-18 09:50:00-04:00,2022-05-18 09:51:00-04:00,12308.2,12398.6,12037.000000000002,2022-05-18 13:12:00-04:00,12037.000000000002,TP,2.9668
2022-05-19,SHORT,11976.3,11863.8,2022-05-19 09:45:00-04:00,2022-05-19 09:46:00-04:00,11857.7,11976.3,11501.900000000005,2022-05-19 10:03:00-04:00,11976.3,SL,-1.0253
2022-05-20,SHORT,12050.1,11944.1,2022-05-20 10:07:00-04:00,2022-05-20 10:08:00-04:00,11921.3,12050.1,11534.899999999996,2022-05-20 12:46:00-04:00,11534.899999999996,TP,2.9767
2022-05-23,LONG,11927.8,11818.1,2022-05-23 09:45:00-04:00,2022-05-23 09:46:00-04:00,11935.9,11818.1,12289.299999999997,2022-05-23 10:01:00-04:00,11818.1,SL,-1.0255
2022-05-24,SHORT,11846.1,11742.5,2022-05-24 09:45:00-04:00,2022-05-24 09:46:00-04:00,11739.7,11846.1,11420.500000000002,2022-05-24 18:33:00-04:00,11846.1,SL,-1.0282
2022-05-25,LONG,11842.7,11708.1,2022-05-25 10:18:00-04:00,2022-05-25 10:19:00-04:00,11855.2,11708.1,12296.500000000002,2022-05-26 12:24:00-04:00,12296.500000000002,TP,2.9796
2022-05-26,LONG,12058.0,11899.2,2022-05-26 12:25:00-04:00,2022-05-26 12:26:00-04:00,12294.6,11899.2,13480.8,2022-06-10 10:02:00-04:00,11899.2,SL,-1.0076
2022-06-10,SHORT,12087.4,11970.7,2022-06-10 10:03:00-04:00,2022-06-10 10:04:00-04:00,11889.6,12087.4,11296.200000000003,2022-06-13 15:30:00-04:00,11296.200000000003,TP,2.9848
2022-06-13,SHORT,11575.2,11464.9,2022-06-13 15:31:00-04:00,2022-06-13 15:32:00-04:00,11300.4,11575.2,10475.999999999996,2022-06-15 14:00:00-04:00,11575.2,SL,-1.0109
2022-06-15,SHORT,11517.5,11431.7,2022-06-15 14:06:00-04:00,2022-06-15 14:07:00-04:00,11383.3,11517.5,10980.699999999997,2022-06-15 14:17:00-04:00,11517.5,SL,-1.0224
2022-06-16,SHORT,11322.6,11235.1,2022-06-16 09:55:00-04:00,2022-06-16 09:56:00-04:00,11233.6,11322.6,10966.6,2022-06-17 13:08:00-04:00,11322.6,SL,-1.0337
2022-06-17,LONG,11298.8,11158.5,2022-06-17 13:09:00-04:00,2022-06-17 13:10:00-04:00,11338.0,11158.5,11876.5,2022-06-24 09:32:00-04:00,11876.5,TP,2.9833
2022-06-24,LONG,11936.1,11815.8,2022-06-24 09:45:00-04:00,2022-06-24 09:46:00-04:00,11938.8,11815.8,12307.8,2022-06-28 11:40:00-04:00,11815.8,SL,-1.0244
2022-06-28,SHORT,12149.2,12023.7,2022-06-28 11:41:00-04:00,2022-06-28 11:42:00-04:00,11800.9,12149.2,10755.999999999996,2022-07-08 11:09:00-04:00,12149.2,SL,-1.0086
2022-07-08,LONG,12066.9,11965.3,2022-07-08 11:10:00-04:00,2022-07-08 11:11:00-04:00,12161.2,11965.3,12748.900000000005,2022-07-11 09:35:00-04:00,11965.3,SL,-1.0153
2022-07-11,SHORT,12039.2,11868.5,2022-07-11 09:50:00-04:00,2022-07-11 09:51:00-04:00,11855.7,12039.2,11305.2,2022-07-17 19:18:00-04:00,12039.2,SL,-1.0163
2022-07-18,LONG,12133.7,12067.0,2022-07-18 09:46:00-04:00,2022-07-18 09:47:00-04:00,12138.1,12067.0,12351.400000000001,2022-07-18 13:33:00-04:00,12067.0,SL,-1.0422
2022-07-19,LONG,12056.9,11978.1,2022-07-19 10:27:00-04:00,2022-07-19 10:28:00-04:00,12059.4,11978.1,12303.299999999997,2022-07-19 20:26:00-04:00,12303.299999999997,TP,2.9631
2022-07-20,LONG,12307.5,12235.1,2022-07-20 09:45:00-04:00,2022-07-20 09:46:00-04:00,12310.5,12235.1,12536.699999999999,2022-07-21 12:03:00-04:00,12536.699999999999,TP,2.9602
2022-07-21,LONG,12487.7,12388.3,2022-07-21 12:04:00-04:00,2022-07-21 12:05:00-04:00,12539.5,12388.3,12993.100000000002,2022-07-22 12:27:00-04:00,12388.3,SL,-1.0198
2022-07-22,SHORT,12625.4,12542.2,2022-07-22 12:28:00-04:00,2022-07-22 12:29:00-04:00,12409.3,12625.4,11760.999999999998,2022-07-27 15:26:00-04:00,12625.4,SL,-1.0139
2022-07-27,LONG,12360.0,12262.5,2022-07-27 15:27:00-04:00,2022-07-27 15:28:00-04:00,12640.8,12262.5,13775.699999999997,2022-08-30 10:50:00-04:00,12262.5,SL,-1.0079
2022-08-30,SHORT,12577.6,12492.5,2022-08-30 10:51:00-04:00,2022-08-30 10:52:00-04:00,12296.8,12577.6,11454.399999999996,2022-09-09 13:12:00-04:00,12577.6,SL,-1.0107
2022-09-09,LONG,12476.4,12411.9,2022-09-09 13:13:00-04:00,2022-09-09 13:14:00-04:00,12581.4,12411.9,13089.9,2022-09-13 08:54:00-04:00,12411.9,SL,-1.0177
2022-09-13,SHORT,12431.1,12327.1,2022-09-13 09:56:00-04:00,2022-09-13 09:57:00-04:00,12325.5,12431.1,12008.699999999999,2022-09-15 10:50:00-04:00,12008.699999999999,TP,2.9716
2022-09-15,SHORT,12105.0,12038.6,2022-09-15 10:51:00-04:00,2022-09-15 10:52:00-04:00,11987.1,12105.0,11633.400000000001,2022-09-21 18:30:00-04:00,11633.400000000001,TP,2.9746
2022-09-21,SHORT,11908.4,11871.2,2022-09-21 18:31:00-04:00,2022-09-21 18:32:00-04:00,11595.1,11908.4,10655.200000000003,2022-10-13 08:43:00-04:00,10655.200000000003,TP,2.9904
2022-10-13,LONG,10506.5,10438.2,2022-10-13 09:46:00-04:00,2022-10-13 09:47:00-04:00,10514.0,10438.2,10741.399999999998,2022-10-13 11:14:00-04:00,10741.399999999998,TP,2.9604
2022-10-14,SHORT,11161.3,11055.7,2022-10-14 09:45:00-04:00,2022-10-14 09:46:00-04:00,11022.5,11161.3,10606.100000000002,2022-10-17 19:25:00-04:00,11161.3,SL,-1.0216
2022-10-17,LONG,11070.5,10956.0,2022-10-17 19:26:00-04:00,2022-10-17 19:27:00-04:00,11160.6,10956.0,11774.400000000001,2022-10-20 20:11:00-04:00,10956.0,SL,-1.0147
2022-10-20,SHORT,11123.4,11052.2,2022-10-20 20:12:00-04:00,2022-10-20 20:13:00-04:00,10951.0,11123.4,10433.800000000001,2022-10-21 10:00:00-04:00,11123.4,SL,-1.0174
2022-10-21,LONG,11047.6,10955.7,2022-10-21 10:01:00-04:00,2022-10-21 10:02:00-04:00,11119.1,10955.7,11609.3,2022-10-25 09:54:00-04:00,11609.3,TP,2.9816
2022-10-25,LONG,11534.4,11479.7,2022-10-25 09:55:00-04:00,2022-10-25 09:56:00-04:00,11618.4,11479.7,12034.499999999996,2022-10-25 18:30:00-04:00,11479.7,SL,-1.0216
2022-10-26,LONG,11472.8,11397.8,2022-10-26 09:48:00-04:00,2022-10-26 09:49:00-04:00,11493.3,11397.8,11779.8,2022-10-27 04:07:00-04:00,11397.8,SL,-1.0314
2022-10-27,SHORT,11428.3,11333.0,2022-10-27 09:48:00-04:00,2022-10-27 09:49:00-04:00,11326.3,11428.3,11020.3,2022-10-28 10:47:00-04:00,11428.3,SL,-1.0294
2022-10-28,LONG,11328.6,11172.1,2022-10-28 10:48:00-04:00,2022-10-28 10:49:00-04:00,11424.5,11172.1,12181.699999999999,2022-11-02 12:29:00-04:00,11172.1,SL,-1.0119
2022-11-02,SHORT,11308.4,11239.8,2022-11-02 12:30:00-04:00,2022-11-02 12:31:00-04:00,11175.6,11308.4,10777.200000000003,2022-11-02 14:00:00-04:00,11308.4,SL,-1.0226
2022-11-03,SHORT,10816.2,10755.5,2022-11-03 09:45:00-04:00,2022-11-03 09:46:00-04:00,10734.7,10816.2,10490.2,2022-11-03 10:45:00-04:00,10816.2,SL,-1.0368
2022-11-04,LONG,10926.9,10705.4,2022-11-04 10:41:00-04:00,2022-11-04 10:42:00-04:00,10929.7,10705.4,11602.600000000004,2022-11-04 11:50:00-04:00,10705.4,SL,-1.0134
2022-11-07,SHORT,10937.7,10834.1,2022-11-07 09:48:00-05:00,2022-11-07 09:49:00-05:00,10831.7,10937.7,10513.7,2022-11-07 14:14:00-05:00,10937.7,SL,-1.0283
2022-11-08,SHORT,11052.2,10984.6,2022-11-08 09:45:00-05:00,2022-11-08 09:46:00-05:00,10980.7,11052.2,10766.2,2022-11-08 09:54:00-05:00,11052.2,SL,-1.042
2022-11-09,LONG,10987.3,10938.3,2022-11-09 09:45:00-05:00,2022-11-09 09:46:00-05:00,11007.2,10938.3,11213.900000000005,2022-11-09 09:57:00-05:00,10938.3,SL,-1.0435
2022-11-10,LONG,11363.8,11239.2,2022-11-10 09:53:00-05:00,2022-11-10 09:54:00-05:00,11367.8,11239.2,11753.599999999995,2022-11-11 13:02:00-05:00,11753.599999999995,TP,2.9767
2022-11-11,LONG,11615.2,11541.1,2022-11-11 13:03:00-05:00,2022-11-11 13:04:00-05:00,11748.8,11541.1,12371.899999999996,2022-11-17 08:42:00-05:00,11541.1,SL,-1.0144
2022-11-17,LONG,11586.4,11516.9,2022-11-17 09:45:00-05:00,2022-11-17 09:46:00-05:00,11595.4,11516.9,11830.9,2022-11-22 03:38:00-05:00,11516.9,SL,-1.0382
2022-11-22,LONG,11606.2,11506.1,2022-11-22 10:48:00-05:00,2022-11-22 10:49:00-05:00,11613.7,11506.1,11936.500000000002,2022-11-29 11:09:00-05:00,11506.1,SL,-1.0279
2022-11-29,SHORT,11612.0,11565.3,2022-11-29 11:10:00-05:00,2022-11-29 11:11:00-05:00,11504.8,11612.0,11183.199999999997,2022-11-30 13:30:00-05:00,11612.0,SL,-1.028
2022-11-30,LONG,11564.8,11503.5,2022-11-30 13:31:00-05:00,2022-11-30 13:32:00-05:00,11620.8,11503.5,11972.699999999997,2022-11-30 15:34:00-05:00,11972.699999999997,TP,2.9744
2022-12-01,LONG,12087.3,12015.7,2022-12-01 09:45:00-05:00,2022-12-01 09:46:00-05:00,12095.0,12015.7,12332.899999999998,2022-12-01 10:12:00-05:00,12015.7,SL,-1.0378
2022-12-02,LONG,11900.2,11830.4,2022-12-02 10:12:00-05:00,2022-12-02 10:13:00-05:00,11907.7,11830.4,12139.600000000004,2022-12-05 12:03:00-05:00,11830.4,SL,-1.0388
2022-12-05,SHORT,11961.2,11901.1,2022-12-05 12:04:00-05:00,2022-12-05 12:05:00-05:00,11832.2,11961.2,11445.2,2022-12-07 07:20:00-05:00,11445.2,TP,2.9767
2022-12-07,SHORT,11587.2,11487.9,2022-12-07 09:47:00-05:00,2022-12-07 09:48:00-05:00,11475.8,11587.2,11141.599999999995,2022-12-08 08:36:00-05:00,11587.2,SL,-1.0269
2022-12-08,LONG,11564.4,11480.8,2022-12-08 09:56:00-05:00,2022-12-08 09:57:00-05:00,11568.4,11480.8,11831.2,2022-12-13 08:26:00-05:00,11831.2,TP,2.9658
2022-12-13,SHORT,12181.5,12068.5,2022-12-13 10:07:00-05:00,2022-12-13 10:08:00-05:00,12046.3,12181.5,11640.699999999997,2022-12-14 14:34:00-05:00,11640.699999999997,TP,2.9778
2022-12-14,SHORT,11888.0,11816.7,2022-12-14 14:35:00-05:00,2022-12-14 14:36:00-05:00,11641.1,11888.0,10900.400000000001,2022-12-14 15:13:00-05:00,11888.0,SL,-1.0122
2022-12-15,SHORT,11601.0,11506.4,2022-12-15 09:46:00-05:00,2022-12-15 09:47:00-05:00,11505.0,11601.0,11217.0,2022-12-16 03:52:00-05:00,11217.0,TP,2.9688
2022-12-16,LONG,11347.5,11296.4,2022-12-16 09:49:00-05:00,2022-12-16 09:50:00-05:00,11377.6,11296.4,11621.200000000003,2022-12-16 10:06:00-05:00,11296.4,SL,-1.0369
2022-12-19,SHORT,11250.9,11177.4,2022-12-19 09:47:00-05:00,2022-12-19 09:48:00-05:00,11171.8,11250.9,10934.499999999998,2022-12-21 11:00:00-05:00,11250.9,SL,-1.0379
2022-12-21,LONG,11133.4,11076.1,2022-12-21 11:01:00-05:00,2022-12-21 11:02:00-05:00,11256.4,11076.1,11797.299999999997,2022-12-22 09:31:00-05:00,11076.1,SL,-1.0166
2022-12-22,SHORT,11104.3,11001.2,2022-12-22 09:45:00-05:00,2022-12-22 09:46:00-05:00,10990.2,11104.3,10647.900000000005,2023-01-08 23:45:00-05:00,11104.3,SL,-1.0263
2023-01-09,LONG,11174.4,11123.9,2023-01-09 09:45:00-05:00,2023-01-09 09:46:00-05:00,11183.4,11123.9,11361.9,2023-01-09 15:32:00-05:00,11123.9,SL,-1.0504
2023-01-10,LONG,11175.0,11067.6,2023-01-10 10:12:00-05:00,2023-01-10 10:13:00-05:00,11190.3,11067.6,11558.399999999996,2023-01-10 10:44:00-05:00,11067.6,SL,-1.0244
2023-01-11,LONG,11288.6,11222.3,2023-01-11 10:09:00-05:00,2023-01-11 10:10:00-05:00,11290.1,11222.3,11493.500000000004,2023-01-12 08:59:00-05:00,11493.500000000004,TP,2.9558
2023-01-12,SHORT,11450.6,11288.9,2023-01-12 09:45:00-05:00,2023-01-12 09:46:00-05:00,11284.9,11450.6,10787.799999999997,2023-01-12 12:16:00-05:00,11450.6,SL,-1.0181
2023-01-13,LONG,11399.7,11350.6,2023-01-13 10:00:00-05:00,2023-01-13 10:01:00-05:00,11411.5,11350.6,11594.199999999999,2023-01-17 10:02:00-05:00,11594.199999999999,TP,2.9507
2023-01-17,LONG,11559.5,11489.1,2023-01-17 10:03:00-05:00,2023-01-17 10:04:00-05:00,11613.5,11489.1,11986.699999999999,2023-01-18 11:25:00-05:00,11489.1,SL,-1.0241
2023-01-18,SHORT,11667.3,11613.1,2023-01-18 11:26:00-05:00,2023-01-18 11:27:00-05:00,11514.0,11667.3,11054.100000000002,2023-01-23 08:20:00-05:00,11667.3,SL,-1.0196
2023-01-23,LONG,11698.4,11619.6,2023-01-23 09:45:00-05:00,2023-01-23 09:46:00-05:00,11700.4,11619.6,11942.799999999997,2023-01-25 09:32:00-05:00,11619.6,SL,-1.0371
2023-01-25,SHORT,11673.5,11609.0,2023-01-25 09:53:00-05:00,2023-01-25 09:54:00-05:00,11608.0,11673.5,11411.5,2023-01-25 11:19:00-05:00,11673.5,SL,-1.0458
2023-01-26,SHORT,12026.5,11954.2,2023-01-26 09:49:00-05:00,2023-01-26 09:50:00-05:00,11947.5,12026.5,11710.5,2023-01-26 15:24:00-05:00,12026.5,SL,-1.038
2023-01-27,LONG,12057.0,11995.5,2023-01-27 09:45:00-05:00,2023-01-27 09:46:00-05:00,12063.7,11995.5,12268.300000000003,2023-01-30 10:27:00-05:00,11995.5,SL,-1.044
2023-01-30,SHORT,12066.5,12016.5,2023-01-30 10:28:00-05:00,2023-01-30 10:29:00-05:00,11992.5,12066.5,11770.5,2023-01-31 14:32:00-05:00,12066.5,SL,-1.0405
2023-01-31,LONG,11995.2,11927.2,2023-01-31 14:33:00-05:00,2023-01-31 14:34:00-05:00,12058.4,11927.2,12451.999999999996,2023-02-01 15:37:00-05:00,12451.999999999996,TP,2.9771
2023-02-01,LONG,12115.1,12061.1,2023-02-01 15:38:00-05:00,2023-02-01 15:39:00-05:00,12450.1,12061.1,13617.1,2023-02-22 03:41:00-05:00,12061.1,SL,-1.0077
2023-02-22,LONG,12138.8,12092.6,2023-02-22 09:45:00-05:00,2023-02-22 09:46:00-05:00,12144.8,12092.6,12301.399999999996,2023-02-22 10:00:00-05:00,12092.6,SL,-1.0575
2023-02-23,SHORT,12235.6,12173.9,2023-02-23 10:06:00-05:00,2023-02-23 10:07:00-05:00,12160.6,12235.6,11935.6,2023-02-24 09:46:00-05:00,11935.6,TP,2.96
2023-02-24,SHORT,12016.6,11956.2,2023-02-24 09:47:00-05:00,2023-02-24 09:48:00-05:00,11939.8,12016.6,11709.399999999996,2023-02-26 20:48:00-05:00,12016.6,SL,-1.0391
2023-02-27,SHORT,12121.4,12088.4,2023-02-27 09:49:00-05:00,2023-02-27 09:50:00-05:00,12088.6,12121.4,11990.200000000003,2023-02-27 09:58:00-05:00,12121.4,SL,-1.0915
2023-02-28,LONG,12078.0,12021.8,2023-02-28 09:46:00-05:00,2023-02-28 09:47:00-05:00,12087.5,12021.8,12284.600000000002,2023-02-28 18:01:00-05:00,12021.8,SL,-1.0457
2023-03-01,LONG,12040.2,11985.0,2023-03-01 09:49:00-05:00,2023-03-01 09:50:00-05:00,12056.5,11985.0,12271.0,2023-03-01 10:05:00-05:00,11985.0,SL,-1.042
2023-03-02,LONG,11862.6,11826.3,2023-03-02 09:48:00-05:00,2023-03-02 09:49:00-05:00,11863.1,11826.3,11973.500000000004,2023-03-02 13:58:00-05:00,11973.500000000004,TP,2.9185
2023-03-03,LONG,12127.7,12094.2,2023-03-03 09:45:00-05:00,2023-03-03 09:46:00-05:00,12140.2,12094.2,12278.2,2023-03-03 14:26:00-05:00,12278.2,TP,2.9348
2023-03-06,SHORT,12382.2,12339.4,2023-03-06 09:47:00-05:00,2023-03-06 09:48:00-05:00,12337.7,12382.2,12204.2,2023-03-06 10:08:00-05:00,12382.2,SL,-1.0674
2023-03-07,SHORT,12348.4,12301.0,2023-03-07 10:00:00-05:00,2023-03-07 10:01:00-05:00,12270.1,12348.4,12035.200000000003,2023-03-09 15:08:00-05:00,12035.200000000003,TP,2.9617
2023-03-09,SHORT,12280.3,12220.0,2023-03-09 15:09:00-05:00,2023-03-09 15:10:00-05:00,12037.0,12280.3,11307.100000000002,2023-03-15 18:21:00-04:00,12280.3,SL,-1.0123
2023-03-15,LONG,12144.7,12065.3,2023-03-15 18:22:00-04:00,2023-03-15 18:23:00-04:00,12273.3,12065.3,12897.3,2023-03-22 14:05:00-04:00,12897.3,TP,2.9856
2023-03-22,LONG,12758.5,12730.1,2023-03-22 14:06:00-04:00,2023-03-22 14:07:00-04:00,12900.1,12730.1,13410.1,2023-03-22 15:08:00-04:00,12730.1,SL,-1.0176
2023-03-23,LONG,12771.9,12727.8,2023-03-23 10:00:00-04:00,2023-03-23 10:01:00-04:00,12788.4,12727.8,12970.2,2023-03-23 14:25:00-04:00,12727.8,SL,-1.0495
2023-03-24,SHORT,12725.5,12626.2,2023-03-24 11:11:00-04:00,2023-03-24 11:12:00-04:00,12620.8,12725.5,12306.699999999997,2023-03-24 12:01:00-04:00,12725.5,SL,-1.0287
2023-03-27,LONG,12827.0,12769.9,2023-03-27 09:46:00-04:00,2023-03-27 09:47:00-04:00,12832.9,12769.9,13021.9,2023-03-27 10:30:00-04:00,12769.9,SL,-1.0476
2023-03-28,SHORT,12665.1,12571.6,2023-03-28 10:32:00-04:00,2023-03-28 10:33:00-04:00,12564.4,12665.1,12262.299999999997,2023-03-28 20:45:00-04:00,12665.1,SL,-1.0298
2023-03-29,LONG,12809.1,12771.4,2023-03-29 09:48:00-04:00,2023-03-29 09:49:00-04:00,12811.6,12771.4,12932.200000000003,2023-03-29 10:34:00-04:00,12771.4,SL,-1.0746
2023-03-30,LONG,12967.2,12928.2,2023-03-30 09:59:00-04:00,2023-03-30 10:00:00-04:00,12970.5,12928.2,13097.399999999998,2023-03-30 10:12:00-04:00,12928.2,SL,-1.0709
2023-03-31,LONG,13032.2,12971.5,2023-03-31 09:46:00-04:00,2023-03-31 09:47:00-04:00,13032.6,12971.5,13215.900000000001,2023-04-04 05:41:00-04:00,13215.900000000001,TP,2.9509
2023-04-04,LONG,13189.4,13127.0,2023-04-04 10:00:00-04:00,2023-04-04 10:01:00-04:00,13208.3,13127.0,13452.199999999997,2023-04-04 11:09:00-04:00,13127.0,SL,-1.0369
2023-04-05,SHORT,13075.5,13037.8,2023-04-05 09:46:00-04:00,2023-04-05 09:47:00-04:00,13031.0,13075.5,12897.5,2023-04-06 06:01:00-04:00,12897.5,TP,2.9326
2023-04-06,LONG,12909.2,12854.4,2023-04-06 10:02:00-04:00,2023-04-06 10:03:00-04:00,12911.2,12854.4,13081.600000000004,2023-04-06 14:16:00-04:00,13081.600000000004,TP,2.9472
2023-04-10,SHORT,12947.3,12890.7,2023-04-10 09:46:00-04:00,2023-04-10 09:47:00-04:00,12879.7,12947.3,12676.900000000005,2023-04-10 11:06:00-04:00,12947.3,SL,-1.0444
2023-04-11,SHORT,13060.6,13001.1,2023-04-11 10:05:00-04:00,2023-04-11 10:06:00-04:00,12997.1,13060.6,12806.6,2023-04-12 08:30:00-04:00,13060.6,SL,-1.0472
2023-04-12,SHORT,13080.3,12983.7,2023-04-12 09:45:00-04:00,2023-04-12 09:46:00-04:00,12977.3,13080.3,12668.3,2023-04-13 13:40:00-04:00,13080.3,SL,-1.0291
2023-04-13,LONG,12981.4,12921.0,2023-04-13 13:41:00-04:00,2023-04-13 13:42:00-04:00,13085.4,12921.0,13578.599999999999,2023-04-21 07:02:00-04:00,12921.0,SL,-1.0182
2023-04-21,SHORT,12987.9,12953.6,2023-04-21 09:50:00-04:00,2023-04-21 09:51:00-04:00,12945.9,12987.9,12819.9,2023-04-21 10:26:00-04:00,12987.9,SL,-1.0714
2023-04-24,SHORT,13053.2,12975.0,2023-04-24 10:36:00-04:00,2023-04-24 10:37:00-04:00,12970.0,13053.2,12720.399999999998,2023-04-27 11:23:00-04:00,13053.2,SL,-1.0361
2023-04-27,LONG,12977.7,12940.0,2023-04-27 11:24:00-04:00,2023-04-27 11:25:00-04:00,13060.5,12940.0,13422.0,2023-05-04 10:26:00-04:00,12940.0,SL,-1.0249
2023-05-04,SHORT,13018.7,12969.1,2023-05-04 10:27:00-04:00,2023-05-04 10:28:00-04:00,12948.2,13018.7,12736.7,2023-05-04 11:09:00-04:00,13018.7,SL,-1.0426
2023-05-05,LONG,13104.0,13059.0,2023-05-05 09:49:00-04:00,2023-05-05 09:50:00-04:00,13111.6,13059.0,13269.400000000001,2023-05-05 14:44:00-04:00,13269.400000000001,TP,2.943
2023-05-08,SHORT,13251.3,13213.0,2023-05-08 09:47:00-04:00,2023-05-08 09:48:00-04:00,13211.2,13251.3,13090.900000000005,2023-05-08 11:46:00-04:00,13251.3,SL,-1.0748
2023-05-09,LONG,13239.0,13217.9,2023-05-09 09:56:00-04:00,2023-05-09 09:57:00-04:00,13239.9,13217.9,13305.9,2023-05-09 10:29:00-04:00,13217.9,SL,-1.1364
2023-05-10,LONG,13360.8,13266.2,2023-05-10 10:06:00-04:00,2023-05-10 10:07:00-04:00,13365.9,13266.2,13664.999999999996,2023-05-10 10:46:00-04:00,13266.2,SL,-1.0301
2023-05-11,SHORT,13377.7,13323.2,2023-05-11 09:50:00-04:00,2023-05-11 09:51:00-04:00,13322.7,13377.7,13157.7,2023-05-11 11:28:00-04:00,13377.7,SL,-1.0545
2023-05-12,SHORT,13431.7,13405.5,2023-05-12 09:48:00-04:00,2023-05-12 09:49:00-04:00,13396.5,13431.7,13290.899999999998,2023-05-12 12:37:00-04:00,13290.899999999998,TP,2.9148
2023-05-15,LONG,13368.5,13341.4,2023-05-15 09:45:00-04:00,2023-05-15 09:46:00-04:00,13372.9,13341.4,13467.4,2023-05-15 09:51:00-04:00,13341.4,SL,-1.0952
2023-05-16,LONG,13455.9,13388.1,2023-05-16 09:45:00-04:00,2023-05-16 09:46:00-04:00,13461.0,13388.1,13679.699999999999,2023-05-18 10:06:00-04:00,13679.699999999999,TP,2.9588
2023-05-18,LONG,13660.9,13604.4,2023-05-18 10:07:00-04:00,2023-05-18 10:08:00-04:00,13679.9,13604.4,13906.4,2023-05-18 18:14:00-04:00,13906.4,TP,2.9603
2023-05-19,SHORT,13881.5,13841.8,2023-05-19 09:49:00-04:00,2023-05-19 09:50:00-04:00,13840.8,13881.5,13718.699999999997,2023-05-22 09:42:00-04:00,13881.5,SL,-1.0737
2023-05-22,LONG,13882.0,13806.0,2023-05-22 09:49:00-04:00,2023-05-22 09:50:00-04:00,13886.1,13806.0,14126.400000000001,2023-05-23 08:50:00-04:00,13806.0,SL,-1.0375
2023-05-23,LONG,13827.4,13783.5,2023-05-23 09:51:00-04:00,2023-05-23 09:52:00-04:00,13827.2,13783.5,13958.300000000003,2023-05-23 12:35:00-04:00,13783.5,SL,-1.0686
2023-05-24,SHORT,13636.1,13582.5,2023-05-24 10:04:00-04:00,2023-05-24 10:05:00-04:00,13577.7,13636.1,13402.500000000002,2023-05-24 15:20:00-04:00,13636.1,SL,-1.0514
2023-05-25,SHORT,13929.2,13828.0,2023-05-25 09:50:00-04:00,2023-05-25 09:51:00-04:00,13818.6,13929.2,13486.8,2023-05-25 11:12:00-04:00,13929.2,SL,-1.0271
2023-05-26,LONG,14054.0,13979.8,2023-05-26 09:48:00-04:00,2023-05-26 09:49:00-04:00,14057.7,13979.8,14291.400000000005,2023-05-26 13:02:00-04:00,14291.400000000005,TP,2.9615
2023-05-29,LONG,14348.1,14338.0,2023-05-29 10:10:00-04:00,2023-05-29 10:11:00-04:00,14349.1,14338.0,14382.400000000001,2023-05-30 02:33:00-04:00,14382.400000000001,TP,2.7297
2023-05-30,SHORT,14530.2,14447.3,2023-05-30 09:52:00-04:00,2023-05-30 09:53:00-04:00,14443.5,14530.2,14183.399999999998,2023-06-02 05:18:00-04:00,14530.2,SL,-1.0346
2023-06-02,SHORT,14601.8,14517.5,2023-06-02 09:49:00-04:00,2023-06-02 09:50:00-04:00,14517.3,14601.8,14263.8,2023-06-05 09:36:00-04:00,14601.8,SL,-1.0355
2023-06-05,LONG,14630.5,14547.4,2023-06-05 10:52:00-04:00,2023-06-05 10:53:00-04:00,14632.4,14547.4,14887.4,2023-06-05 14:33:00-04:00,14547.4,SL,-1.0353
2023-06-06,LONG,14541.1,14486.2,2023-06-06 10:10:00-04:00,2023-06-06 10:11:00-04:00,14549.7,14486.2,14740.2,2023-06-07 10:37:00-04:00,14486.2,SL,-1.0472
2023-06-07,SHORT,14657.6,14574.9,2023-06-07 10:38:00-04:00,2023-06-07 10:39:00-04:00,14491.5,14657.6,13993.199999999999,2023-06-09 09:54:00-04:00,14657.6,SL,-1.0181
2023-06-09,LONG,14620.3,14549.4,2023-06-09 09:55:00-04:00,2023-06-09 09:56:00-04:00,14646.9,14549.4,14939.4,2023-06-09 11:28:00-04:00,14549.4,SL,-1.0308
2023-06-12,SHORT,14638.0,14601.6,2023-06-12 10:05:00-04:00,2023-06-12 10:06:00-04:00,14588.8,14638.0,14441.199999999997,2023-06-12 10:46:00-04:00,14638.0,SL,-1.061
2023-06-13,SHORT,14953.4,14887.4,2023-06-13 09:45:00-04:00,2023-06-13 09:46:00-04:00,14886.5,14953.4,14685.800000000001,2023-06-14 03:19:00-04:00,14953.4,SL,-1.0448
2023-06-14,LONG,14925.4,14876.1,2023-06-14 09:45:00-04:00,2023-06-14 09:46:00-04:00,14927.8,14876.1,15082.899999999996,2023-06-14 14:01:00-04:00,14876.1,SL,-1.058
2023-06-15,LONG,15013.4,14938.9,2023-06-15 09:48:00-04:00,2023-06-15 09:49:00-04:00,15022.9,14938.9,15274.9,2023-06-16 09:22:00-04:00,15274.9,TP,2.9643
2023-06-16,SHORT,15300.5,15177.2,2023-06-16 09:45:00-04:00,2023-06-16 09:46:00-04:00,15177.0,15300.5,14806.5,2023-06-22 09:30:00-04:00,14806.5,TP,2.9757
2023-06-22,LONG,14888.2,14803.9,2023-06-22 09:45:00-04:00,2023-06-22 09:46:00-04:00,14889.9,14803.9,15147.9,2023-06-26 12:05:00-04:00,14803.9,SL,-1.0349
2023-06-26,SHORT,14936.2,14870.4,2023-06-26 12:06:00-04:00,2023-06-26 12:07:00-04:00,14805.9,14936.2,14414.999999999996,2023-06-27 13:31:00-04:00,14936.2,SL,-1.023
2023-06-27,LONG,14819.7,14748.2,2023-06-27 13:32:00-04:00,2023-06-27 13:33:00-04:00,14939.0,14748.2,15511.399999999998,2023-07-13 12:02:00-04:00,15511.399999999998,TP,2.9843
2023-07-13,LONG,15490.5,15428.0,2023-07-13 12:03:00-04:00,2023-07-13 12:04:00-04:00,15509.7,15428.0,15754.800000000003,2023-07-17 15:19:00-04:00,15754.800000000003,TP,2.9633
2023-07-17,LONG,15663.5,15610.4,2023-07-17 15:20:00-04:00,2023-07-17 15:21:00-04:00,15763.7,15610.4,16223.600000000004,2023-07-20 10:34:00-04:00,15610.4,SL,-1.0196
2023-07-20,SHORT,15779.3,15720.0,2023-07-20 10:35:00-04:00,2023-07-20 10:36:00-04:00,15609.7,15779.3,15100.900000000005,2023-07-27 09:37:00-04:00,15779.3,SL,-1.0177
2023-07-27,LONG,15801.9,15730.7,2023-07-27 09:45:00-04:00,2023-07-27 09:46:00-04:00,15808.6,15730.7,16042.3,2023-07-27 10:24:00-04:00,15730.7,SL,-1.0385
2023-07-28,LONG,15703.6,15624.9,2023-07-28 09:48:00-04:00,2023-07-28 09:49:00-04:00,15707.2,15624.9,15954.100000000004,2023-08-01 18:01:00-04:00,15624.9,SL,-1.0365
2023-08-01,SHORT,15720.6,15682.5,2023-08-01 18:02:00-04:00,2023-08-01 18:03:00-04:00,15660.3,15720.6,15479.399999999996,2023-08-02 10:08:00-04:00,15479.399999999996,TP,2.9502
2023-08-02,SHORT,15586.3,15506.6,2023-08-02 10:09:00-04:00,2023-08-02 10:10:00-04:00,15474.7,15586.3,15139.900000000005,2023-08-09 10:59:00-04:00,15139.900000000005,TP,2.9731
2023-08-09,SHORT,15301.2,15214.7,2023-08-09 11:00:00-04:00,2023-08-09 11:01:00-04:00,15137.2,15301.2,14645.2,2023-08-10 09:46:00-04:00,15301.2,SL,-1.0183
2023-08-10,LONG,15289.1,15206.5,2023-08-10 09:47:00-04:00,2023-08-10 09:48:00-04:00,15312.4,15206.5,15630.099999999999,2023-08-10 11:20:00-04:00,15206.5,SL,-1.0283
2023-08-11,LONG,15049.8,14990.8,2023-08-11 10:02:00-04:00,2023-08-11 10:03:00-04:00,15052.5,14990.8,15237.600000000002,2023-08-11 11:25:00-04:00,14990.8,SL,-1.0486
2023-08-14,LONG,15047.3,14976.2,2023-08-14 09:45:00-04:00,2023-08-14 09:46:00-04:00,15051.1,14976.2,15275.8,2023-08-14 21:26:00-04:00,15275.8,TP,2.9599
2023-08-15,SHORT,15200.8,15142.6,2023-08-15 09:45:00-04:00,2023-08-15 09:46:00-04:00,15134.3,15200.8,14934.8,2023-08-16 13:10:00-04:00,14934.8,TP,2.9549
2023-08-16,SHORT,15049.3,14992.2,2023-08-16 13:11:00-04:00,2023-08-16 13:12:00-04:00,14932.5,15049.3,14582.100000000002,2023-08-18 08:17:00-04:00,14582.100000000002,TP,2.9743
2023-08-18,LONG,14617.5,14567.5,2023-08-18 09:48:00-04:00,2023-08-18 09:49:00-04:00,14621.2,14567.5,14782.300000000003,2023-08-18 10:03:00-04:00,14567.5,SL,-1.0559
2023-08-21,LONG,14838.8,14756.5,2023-08-21 09:56:00-04:00,2023-08-21 09:57:00-04:00,14846.6,14756.5,15116.900000000001,2023-08-21 11:10:00-04:00,14756.5,SL,-1.0333
2023-08-22,SHORT,15045.8,14971.9,2023-08-22 09:54:00-04:00,2023-08-22 09:55:00-04:00,14970.0,15045.8,14742.600000000002,2023-08-23 09:57:00-04:00,15045.8,SL,-1.0396
2023-08-23,LONG,14994.1,14955.9,2023-08-23 09:58:00-04:00,2023-08-23 09:59:00-04:00,15049.7,14955.9,15331.100000000004,2023-08-23 22:11:00-04:00,15331.100000000004,TP,2.968
2023-08-24,SHORT,15295.0,15169.1,2023-08-24 09:45:00-04:00,2023-08-24 09:46:00-04:00,15162.3,15295.0,14764.199999999997,2023-08-25 02:31:00-04:00,14764.199999999997,TP,2.9774
2023-08-25,LONG,14907.0,14851.9,2023-08-25 09:53:00-04:00,2023-08-25 09:54:00-04:00,14912.4,14851.9,15093.9,2023-08-25 10:08:00-04:00,14851.9,SL,-1.0496
2023-08-28,SHORT,15092.4,15001.6,2023-08-28 09:51:00-04:00,2023-08-28 09:52:00-04:00,14994.1,15092.4,14699.200000000003,2023-08-29 01:12:00-04:00,15092.4,SL,-1.0305
2023-08-29,LONG,15102.6,15031.5,2023-08-29 09:45:00-04:00,2023-08-29 09:46:00-04:00,15123.8,15031.5,15400.699999999997,2023-08-29 18:03:00-04:00,15400.699999999997,TP,2.9675
2023-08-30,LONG,15416.7,15356.4,2023-08-30 09:54:00-04:00,2023-08-30 09:55:00-04:00,15433.0,15356.4,15662.800000000001,2023-08-30 10:26:00-04:00,15356.4,SL,-1.0392
2023-08-31,LONG,15522.1,15458.1,2023-08-31 09:45:00-04:00,2023-08-31 09:46:00-04:00,15523.4,15458.1,15719.299999999997,2023-09-01 10:56:00-04:00,15458.1,SL,-1.0459
2023-09-01,SHORT,15621.6,15504.4,2023-09-01 10:57:00-04:00,2023-09-01 10:58:00-04:00,15456.9,15621.6,14962.799999999997,2023-09-20 18:14:00-04:00,14962.799999999997,TP,2.9818
2023-09-20,SHORT,15256.5,15201.7,2023-09-20 18:15:00-04:00,2023-09-20 18:16:00-04:00,14958.0,15256.5,14062.5,2023-10-10 11:56:00-04:00,15256.5,SL,-1.0101
2023-10-10,LONG,15099.0,15054.0,2023-10-10 11:57:00-04:00,2023-10-10 11:58:00-04:00,15248.2,15054.0,15830.800000000003,2023-10-13 11:07:00-04:00,15054.0,SL,-1.0154
2023-10-13,SHORT,15245.9,15182.4,2023-10-13 11:08:00-04:00,2023-10-13 11:09:00-04:00,15058.0,15245.9,14494.300000000001,2023-10-23 05:27:00-04:00,14494.300000000001,TP,2.984
2023-10-23,LONG,14531.9,14417.4,2023-10-23 09:55:00-04:00,2023-10-23 09:56:00-04:00,14532.6,14417.4,14878.200000000003,2023-10-25 13:28:00-04:00,14417.4,SL,-1.026
2023-10-25,SHORT,14657.8,14536.1,2023-10-25 13:29:00-04:00,2023-10-25 13:30:00-04:00,14415.1,14657.8,13687.000000000004,2023-11-01 15:23:00-04:00,14657.8,SL,-1.0124
2023-11-01,LONG,14494.4,14441.3,2023-11-01 15:24:00-04:00,2023-11-01 15:25:00-04:00,14666.3,14441.3,15341.3,2023-11-07 13:50:00-05:00,15341.3,TP,2.9867
2023-11-07,LONG,15222.3,15159.9,2023-11-07 13:51:00-05:00,2023-11-07 13:52:00-05:00,15341.0,15159.9,15884.300000000001,2023-11-09 19:08:00-05:00,15159.9,SL,-1.0166
2023-11-09,SHORT,15356.5,15303.2,2023-11-09 19:09:00-05:00,2023-11-09 19:10:00-05:00,15163.2,15356.5,14583.300000000003,2023-11-10 11:05:00-05:00,15356.5,SL,-1.0155
2023-11-10,LONG,15317.7,15243.2,2023-11-10 11:06:00-05:00,2023-11-10 11:07:00-05:00,15362.8,15243.2,15721.599999999995,2023-11-14 08:31:00-05:00,15721.599999999995,TP,2.9749
2023-11-14,LONG,15798.7,15734.0,2023-11-14 09:45:00-05:00,2023-11-14 09:46:00-05:00,15802.2,15734.0,16006.800000000003,2023-11-20 13:05:00-05:00,16006.800000000003,TP,2.956
2023-11-20,LONG,15932.2,15846.2,2023-11-20 13:06:00-05:00,2023-11-20 13:07:00-05:00,16001.2,15846.2,16466.2,2023-11-30 11:46:00-05:00,15846.2,SL,-1.0194
2023-11-30,SHORT,16017.9,15928.1,2023-11-30 11:47:00-05:00,2023-11-30 11:48:00-05:00,15839.9,16017.9,15305.9,2023-12-01 12:55:00-05:00,16017.9,SL,-1.0169
2023-12-01,LONG,15905.5,15844.8,2023-12-01 12:56:00-05:00,2023-12-01 12:57:00-05:00,16013.8,15844.8,16520.8,2023-12-04 09:19:00-05:00,15844.8,SL,-1.0178
2023-12-04,SHORT,15852.1,15808.8,2023-12-04 09:50:00-05:00,2023-12-04 09:51:00-05:00,15803.4,15852.1,15657.299999999997,2023-12-04 15:50:00-05:00,15852.1,SL,-1.0616
2023-12-05,LONG,15825.5,15762.3,2023-12-05 09:50:00-05:00,2023-12-05 09:51:00-05:00,15826.5,15762.3,16019.100000000002,2023-12-06 09:30:00-05:00,16019.100000000002,TP,2.9533
2023-12-06,SHORT,16019.4,15919.0,2023-12-06 10:00:00-05:00,2023-12-06 10:01:00-05:00,15916.0,16019.4,15605.800000000001,2023-12-07 12:18:00-05:00,16019.4,SL,-1.029
2023-12-07,LONG,15962.4,15889.0,2023-12-07 12:19:00-05:00,2023-12-07 12:20:00-05:00,16022.5,15889.0,16423.0,2023-12-08 08:30:00-05:00,15889.0,SL,-1.0225
2023-12-08,LONG,16006.6,15931.9,2023-12-08 10:00:00-05:00,2023-12-08 10:01:00-05:00,16015.2,15931.9,16265.100000000004,2023-12-11 19:20:00-05:00,16265.100000000004,TP,2.964
2023-12-11,LONG,16157.9,16080.7,2023-12-11 19:21:00-05:00,2023-12-11 19:22:00-05:00,16278.3,16080.7,16871.099999999995,2023-12-20 10:21:00-05:00,16871.099999999995,TP,2.9848
2023-12-20,LONG,16841.7,16794.0,2023-12-20 10:22:00-05:00,2023-12-20 10:23:00-05:00,16870.0,16794.0,17098.0,2023-12-20 14:39:00-05:00,16794.0,SL,-1.0395
2023-12-21,SHORT,16783.0,16725.9,2023-12-21 09:57:00-05:00,2023-12-21 09:58:00-05:00,16723.3,16783.0,16544.199999999997,2023-12-21 15:51:00-05:00,16783.0,SL,-1.0503
2023-12-22,LONG,16861.8,16816.9,2023-12-22 09:50:00-05:00,2023-12-22 09:51:00-05:00,16867.7,16816.9,17020.1,2023-12-22 11:00:00-05:00,16816.9,SL,-1.0591
2023-12-26,LONG,16888.9,16843.1,2023-12-26 10:25:00-05:00,2023-12-26 10:26:00-05:00,16888.8,16843.1,17025.9,2023-12-29 10:47:00-05:00,16843.1,SL,-1.0656
2023-12-29,SHORT,16932.0,16906.8,2023-12-29 10:48:00-05:00,2023-12-29 10:49:00-05:00,16838.5,16932.0,16558.0,2024-01-02 10:30:00-05:00,16558.0,TP,2.9679
2024-01-02,SHORT,16715.8,16611.8,2024-01-02 10:31:00-05:00,2024-01-02 10:32:00-05:00,16546.3,16715.8,16037.8,2024-01-09 13:02:00-05:00,16715.8,SL,-1.0177
2024-01-09,LONG,16571.9,16518.7,2024-01-09 13:03:00-05:00,2024-01-09 13:04:00-05:00,16721.1,16518.7,17328.299999999992,2024-01-19 15:04:00-05:00,17328.299999999992,TP,2.9852
2024-01-19,LONG,17091.2,17049.2,2024-01-19 15:05:00-05:00,2024-01-19 15:06:00-05:00,17319.2,17049.2,18129.2,2024-03-01 02:34:00-05:00,18129.2,TP,2.9889
2024-03-01,LONG,18113.5,18063.5,2024-03-01 10:00:00-05:00,2024-03-01 10:01:00-05:00,18109.0,18063.5,18245.5,2024-03-01 12:49:00-05:00,18245.5,TP,2.9341
2024-03-04,SHORT,18310.5,18264.5,2024-03-04 10:05:00-05:00,2024-03-04 10:06:00-05:00,18262.3,18310.5,18117.699999999997,2024-03-04 14:39:00-05:00,18310.5,SL,-1.0622
2024-03-05,SHORT,18114.6,18033.6,2024-03-05 09:46:00-05:00,2024-03-05 09:47:00-05:00,18024.1,18114.6,17752.6,2024-03-06 12:00:00-05:00,18114.6,SL,-1.0331
2024-03-06,LONG,18109.5,18054.3,2024-03-06 12:01:00-05:00,2024-03-06 12:02:00-05:00,18114.3,18054.3,18294.3,2024-03-06 13:33:00-05:00,18054.3,SL,-1.05
2024-03-07,SHORT,18207.9,18145.9,2024-03-07 09:45:00-05:00,2024-03-07 09:46:00-05:00,18127.7,18207.9,17887.1,2024-03-07 10:15:00-05:00,18207.9,SL,-1.0374
2024-03-08,LONG,18343.0,18278.8,2024-03-08 09:48:00-05:00,2024-03-08 09:49:00-05:00,18345.0,18278.8,18543.600000000002,2024-03-08 11:08:00-05:00,18278.8,SL,-1.0453
2024-03-11,SHORT,17999.3,17908.9,2024-03-11 09:59:00-04:00,2024-03-11 10:00:00-04:00,17901.1,17999.3,17606.499999999996,2024-03-11 10:54:00-04:00,17999.3,SL,-1.0305
2024-03-12,SHORT,18094.1,17957.2,2024-03-12 09:45:00-04:00,2024-03-12 09:46:00-04:00,17945.6,18094.1,17500.1,2024-03-12 10:23:00-04:00,18094.1,SL,-1.0202
2024-03-13,SHORT,18189.2,18129.2,2024-03-13 09:45:00-04:00,2024-03-13 09:46:00-04:00,18120.3,18189.2,17913.599999999995,2024-03-15 09:28:00-04:00,17913.599999999995,TP,2.9565
2024-03-15,SHORT,17941.6,17847.1,2024-03-15 09:46:00-04:00,2024-03-15 09:47:00-04:00,17844.0,17941.6,17551.200000000004,2024-03-18 03:24:00-04:00,17941.6,SL,-1.0307
2024-03-18,LONG,18119.5,18052.0,2024-03-18 09:46:00-04:00,2024-03-18 09:47:00-04:00,18124.5,18052.0,18342.0,2024-03-18 11:53:00-04:00,18052.0,SL,-1.0414
2024-03-19,LONG,17930.0,17832.6,2024-03-19 11:32:00-04:00,2024-03-19 11:33:00-04:00,17931.6,17832.6,18228.6,2024-03-20 15:05:00-04:00,18228.6,TP,2.9697
2024-03-20,LONG,18110.6,18027.3,2024-03-20 15:06:00-04:00,2024-03-20 15:07:00-04:00,18242.2,18027.3,18886.900000000005,2024-04-02 10:00:00-04:00,18027.3,SL,-1.014
2024-04-02,SHORT,18101.9,18033.2,2024-04-02 10:12:00-04:00,2024-04-02 10:13:00-04:00,18029.0,18101.9,17810.299999999996,2024-04-02 13:00:00-04:00,18101.9,SL,-1.0412
2024-04-03,LONG,18094.7,18050.9,2024-04-03 10:00:00-04:00,2024-04-03 10:01:00-04:00,18131.3,18050.9,18372.499999999993,2024-04-04 09:36:00-04:00,18372.499999999993,TP,2.9627
2024-04-04,SHORT,18379.1,18339.8,2024-04-04 09:51:00-04:00,2024-04-04 09:52:00-04:00,18326.1,18379.1,18167.1,2024-04-04 14:27:00-04:00,18167.1,TP,2.9434
2024-04-05,LONG,18000.9,17920.9,2024-04-05 09:49:00-04:00,2024-04-05 09:50:00-04:00,18003.7,17920.9,18252.1,2024-04-10 08:29:00-04:00,18252.1,TP,2.9638
2024-04-10,SHORT,18028.2,17952.4,2024-04-10 09:46:00-04:00,2024-04-10 09:47:00-04:00,17947.4,18028.2,17705.000000000004,2024-04-10 09:54:00-04:00,18028.2,SL,-1.0371
2024-04-11,SHORT,18106.1,18056.0,2024-04-11 10:11:00-04:00,2024-04-11 10:12:00-04:00,18046.5,18106.1,17867.700000000004,2024-04-11 11:04:00-04:00,18106.1,SL,-1.0503
2024-04-12,LONG,18165.2,18119.5,2024-04-12 09:46:00-04:00,2024-04-12 09:47:00-04:00,18168.2,18119.5,18314.300000000003,2024-04-12 10:07:00-04:00,18119.5,SL,-1.0616
2024-04-15,SHORT,18180.3,18102.6,2024-04-15 10:08:00-04:00,2024-04-15 10:09:00-04:00,18094.3,18180.3,17836.3,2024-04-15 13:26:00-04:00,17836.3,TP,2.9651
2024-04-16,SHORT,17735.1,17682.7,2024-04-16 09:46:00-04:00,2024-04-16 09:47:00-04:00,17680.6,17735.1,17517.1,2024-04-16 09:56:00-04:00,17735.1,SL,-1.055
2024-04-17,SHORT,17808.3,17762.2,2024-04-17 09:49:00-04:00,2024-04-17 09:50:00-04:00,17754.3,17808.3,17592.3,2024-04-17 11:32:00-04:00,17592.3,TP,2.9444
2024-04-18,LONG,17531.0,17406.6,2024-04-18 10:35:00-04:00,2024-04-18 10:36:00-04:00,17538.7,17406.6,17935.000000000007,2024-04-18 13:24:00-04:00,17406.6,SL,-1.0227
2024-04-19,LONG,17358.0,17290.0,2024-04-19 09:46:00-04:00,2024-04-19 09:47:00-04:00,17366.0,17290.0,17594.0,2024-04-19 09:52:00-04:00,17290.0,SL,-1.0395
2024-04-22,LONG,17173.5,17130.2,2024-04-22 09:48:00-04:00,2024-04-22 09:49:00-04:00,17189.5,17130.2,17367.399999999998,2024-04-22 10:14:00-04:00,17130.2,SL,-1.0506
2024-04-23,LONG,17346.6,17282.9,2024-04-23 09:45:00-04:00,2024-04-23 09:46:00-04:00,17383.4,17282.9,17684.9,2024-04-25 02:31:00-04:00,17282.9,SL,-1.0299
2024-04-25,LONG,17249.8,17184.1,2024-04-25 09:46:00-04:00,2024-04-25 09:47:00-04:00,17252.8,17184.1,17458.9,2024-04-25 15:18:00-04:00,17458.9,TP,2.9563
2024-04-26,LONG,17640.2,17544.5,2024-04-26 09:50:00-04:00,2024-04-26 09:51:00-04:00,17659.0,17544.5,18002.5,2024-04-30 15:52:00-04:00,17544.5,SL,-1.0262
2024-04-30,SHORT,17776.7,17715.3,2024-04-30 15:53:00-04:00,2024-04-30 15:54:00-04:00,17534.4,17776.7,16807.500000000004,2024-05-03 08:30:00-04:00,17776.7,SL,-1.0124
2024-05-03,LONG,17874.1,17817.1,2024-05-03 09:45:00-04:00,2024-05-03 09:46:00-04:00,17888.2,17817.1,18101.500000000007,2024-05-03 10:13:00-04:00,17817.1,SL,-1.0422
2024-05-06,LONG,18003.3,17945.6,2024-05-06 09:51:00-04:00,2024-05-06 09:52:00-04:00,18004.8,17945.6,18182.4,2024-05-10 03:03:00-04:00,18182.4,TP,2.9493
2024-05-10,LONG,18238.4,18164.5,2024-05-10 09:48:00-04:00,2024-05-10 09:49:00-04:00,18246.5,18164.5,18492.5,2024-05-10 10:19:00-04:00,18164.5,SL,-1.0366
2024-05-13,SHORT,18250.1,18181.1,2024-05-13 09:45:00-04:00,2024-05-13 09:46:00-04:00,18178.3,18250.1,17962.9,2024-05-14 10:23:00-04:00,18250.1,SL,-1.0418
2024-05-14,LONG,18234.5,18183.6,2024-05-14 10:24:00-04:00,2024-05-14 10:25:00-04:00,18259.5,18183.6,18487.200000000004,2024-05-15 10:47:00-04:00,18487.200000000004,TP,2.9605
2024-05-15,LONG,18448.5,18408.5,2024-05-15 10:48:00-04:00,2024-05-15 10:49:00-04:00,18488.0,18408.5,18726.5,2024-05-21 15:35:00-04:00,18726.5,TP,2.9623
2024-05-21,LONG,18646.4,18611.1,2024-05-21 15:36:00-04:00,2024-05-21 15:37:00-04:00,18722.2,18611.1,19055.500000000007,2024-05-23 14:24:00-04:00,18611.1,SL,-1.027
2024-05-23,SHORT,18921.4,18852.5,2024-05-23 14:25:00-04:00,2024-05-23 14:26:00-04:00,18621.8,18921.4,17722.999999999993,2024-05-28 04:15:00-04:00,18921.4,SL,-1.01
2024-05-28,SHORT,18891.7,18824.9,2024-05-28 09:45:00-04:00,2024-05-28 09:46:00-04:00,18810.7,18891.7,18567.7,2024-05-28 12:44:00-04:00,18891.7,SL,-1.037
2024-05-29,LONG,18778.1,18722.1,2024-05-29 09:50:00-04:00,2024-05-29 09:51:00-04:00,18795.6,18722.1,19016.1,2024-05-29 18:01:00-04:00,18722.1,SL,-1.0408
2024-05-30,SHORT,18735.6,18664.2,2024-05-30 10:13:00-04:00,2024-05-30 10:14:00-04:00,18663.1,18735.6,18445.6,2024-05-31 10:15:00-04:00,18445.6,TP,2.9586
2024-05-31,SHORT,18598.7,18544.7,2024-05-31 10:16:00-04:00,2024-05-31 10:17:00-04:00,18452.4,18598.7,18013.500000000004,2024-06-02 20:11:00-04:00,18598.7,SL,-1.0205
2024-06-03,SHORT,18725.6,18675.1,2024-06-03 09:51:00-04:00,2024-06-03 09:52:00-04:00,18662.3,18725.6,18472.4,2024-06-03 12:23:00-04:00,18472.4,TP,2.9526
2024-06-04,LONG,18629.0,18561.2,2024-06-04 10:01:00-04:00,2024-06-04 10:02:00-04:00,18639.2,18561.2,18873.2,2024-06-04 10:14:00-04:00,18561.2,SL,-1.0385
2024-06-05,LONG,18832.4,18794.9,2024-06-05 09:52:00-04:00,2024-06-05 09:53:00-04:00,18837.4,18794.9,18964.9,2024-06-05 10:00:00-04:00,18794.9,SL,-1.0706
2024-06-06,SHORT,19098.4,19068.7,2024-06-06 09:46:00-04:00,2024-06-06 09:47:00-04:00,19057.2,19098.4,18933.6,2024-06-07 08:30:00-04:00,19098.4,SL,-1.0728
2024-06-07,LONG,19025.6,18978.6,2024-06-07 09:51:00-04:00,2024-06-07 09:52:00-04:00,19042.3,18978.6,19233.4,2024-06-10 05:21:00-04:00,18978.6,SL,-1.0471
2024-06-10,LONG,19016.2,18971.5,2024-06-10 10:21:00-04:00,2024-06-10 10:22:00-04:00,19017.5,18971.5,19155.5,2024-06-11 13:54:00-04:00,19155.5,TP,2.9348
2024-06-11,LONG,19083.7,19042.9,2024-06-11 13:55:00-04:00,2024-06-11 13:56:00-04:00,19156.2,19042.9,19496.1,2024-06-12 09:50:00-04:00,19496.1,TP,2.9735
2024-06-12,LONG,19479.3,19373.8,2024-06-12 09:51:00-04:00,2024-06-12 09:52:00-04:00,19499.1,19373.8,19874.999999999996,2024-06-17 13:15:00-04:00,19874.999999999996,TP,2.9761
2024-06-17,LONG,19723.0,19678.5,2024-06-17 13:16:00-04:00,2024-06-17 13:17:00-04:00,19889.3,19678.5,20521.699999999997,2024-06-21 09:52:00-04:00,19678.5,SL,-1.0142
2024-06-21,SHORT,19790.1,19735.6,2024-06-21 09:53:00-04:00,2024-06-21 09:54:00-04:00,19701.8,19790.1,19436.9,2024-06-21 11:19:00-04:00,19790.1,SL,-1.034
2024-06-24,SHORT,19731.8,19655.7,2024-06-24 09:48:00-04:00,2024-06-24 09:49:00-04:00,19652.0,19731.8,19412.600000000002,2024-06-24 10:01:00-04:00,19731.8,SL,-1.0376
2024-06-25,LONG,19611.2,19563.9,2024-06-25 09:47:00-04:00,2024-06-25 09:48:00-04:00,19616.9,19563.9,19775.9,2024-06-25 21:25:00-04:00,19775.9,TP,2.9434
2024-06-26,LONG,19730.7,19695.6,2024-06-26 09:45:00-04:00,2024-06-26 09:46:00-04:00,19734.8,19695.6,19852.4,2024-06-26 11:11:00-04:00,19695.6,SL,-1.0765
2024-06-27,LONG,19877.5,19767.5,2024-06-27 10:14:00-04:00,2024-06-27 10:15:00-04:00,19890.2,19767.5,20258.300000000003,2024-06-27 11:28:00-04:00,19767.5,SL,-1.0244
2024-06-28,LONG,19887.4,19822.9,2024-06-28 09:45:00-04:00,2024-06-28 09:46:00-04:00,19892.5,19822.9,20101.299999999996,2024-06-28 12:16:00-04:00,19822.9,SL,-1.0431
2024-07-01,SHORT,19774.6,19701.3,2024-07-01 09:45:00-04:00,2024-07-01 09:46:00-04:00,19702.6,19774.6,19486.6,2024-07-01 12:08:00-04:00,19774.6,SL,-1.0417
2024-07-02,LONG,19876.1,19772.3,2024-07-02 09:46:00-04:00,2024-07-02 09:47:00-04:00,19885.4,19772.3,20224.700000000008,2024-07-03 13:04:00-04:00,20224.700000000008,TP,2.9735
2024-07-03,LONG,20061.3,20011.0,2024-07-03 13:05:00-04:00,2024-07-03 13:06:00-04:00,20221.1,20011.0,20851.399999999994,2024-07-17 10:00:00-04:00,20011.0,SL,-1.0143
2024-07-17,SHORT,20108.3,20037.3,2024-07-17 10:01:00-04:00,2024-07-17 10:02:00-04:00,20008.9,20108.3,19710.700000000008,2024-07-18 11:13:00-04:00,19710.700000000008,TP,2.9698
2024-07-18,SHORT,19976.6,19866.8,2024-07-18 11:14:00-04:00,2024-07-18 11:15:00-04:00,19694.1,19976.6,18846.6,2024-07-25 10:02:00-04:00,18846.6,TP,2.9894
2024-07-25,SHORT,19080.0,18962.5,2024-07-25 10:03:00-04:00,2024-07-25 10:04:00-04:00,18829.1,19080.0,18076.399999999994,2024-07-25 11:12:00-04:00,19080.0,SL,-1.012
2024-07-26,SHORT,19025.8,18940.8,2024-07-26 09:49:00-04:00,2024-07-26 09:50:00-04:00,18924.9,19025.8,18622.200000000008,2024-07-26 10:00:00-04:00,19025.8,SL,-1.0297
2024-07-29,LONG,19213.9,19093.9,2024-07-29 09:45:00-04:00,2024-07-29 09:46:00-04:00,19229.1,19093.9,19634.69999999999,2024-07-29 10:59:00-04:00,19093.9,SL,-1.0222
2024-07-30,SHORT,19193.0,19129.5,2024-07-30 09:45:00-04:00,2024-07-30 09:46:00-04:00,19111.4,19193.0,18866.600000000006,2024-07-30 11:05:00-04:00,18866.600000000006,TP,2.9632
2024-07-31,LONG,19287.7,19187.4,2024-07-31 10:01:00-04:00,2024-07-31 10:02:00-04:00,19294.9,19187.4,19617.4,2024-08-01 11:01:00-04:00,19187.4,SL,-1.0279
2024-08-01,SHORT,19511.9,19380.6,2024-08-01 11:02:00-04:00,2024-08-01 11:03:00-04:00,19190.1,19511.9,18224.69999999999,2024-08-04 18:01:00-04:00,18224.69999999999,TP,2.9907
2024-08-05,LONG,17767.4,17400.7,2024-08-05 09:47:00-04:00,2024-08-05 09:48:00-04:00,17801.4,17400.7,19003.500000000004,2024-08-13 15:48:00-04:00,19003.500000000004,TP,2.9925
2024-08-13,LONG,18799.0,18730.0,2024-08-13 15:49:00-04:00,2024-08-13 15:50:00-04:00,19011.1,18730.0,19854.399999999994,2024-08-20 03:36:00-04:00,19854.399999999994,TP,2.9893
2024-08-20,LONG,19801.8,19743.0,2024-08-20 09:48:00-04:00,2024-08-20 09:49:00-04:00,19807.8,19743.0,20002.199999999997,2024-08-20 10:17:00-04:00,19743.0,SL,-1.0463
2024-08-21,LONG,19788.8,19742.8,2024-08-21 09:46:00-04:00,2024-08-21 09:47:00-04:00,19798.1,19742.8,19963.999999999996,2024-08-21 10:52:00-04:00,19742.8,SL,-1.0542
2024-08-22,SHORT,19956.9,19904.4,2024-08-22 09:50:00-04:00,2024-08-22 09:51:00-04:00,19893.2,19956.9,19702.1,2024-08-22 11:37:00-04:00,19702.1,TP,2.9529
2024-08-23,LONG,19696.1,19640.4,2024-08-23 10:00:00-04:00,2024-08-23 10:01:00-04:00,19753.2,19640.4,20091.6,2024-08-23 10:48:00-04:00,19640.4,SL,-1.0266
2024-08-26,SHORT,19743.4,19685.9,2024-08-26 09:45:00-04:00,2024-08-26 09:46:00-04:00,19684.4,19743.4,19507.4,2024-08-26 10:32:00-04:00,19507.4,TP,2.9492
2024-08-27,SHORT,19484.7,19401.7,2024-08-27 09:45:00-04:00,2024-08-27 09:46:00-04:00,19396.2,19484.7,19130.7,2024-08-27 09:53:00-04:00,19484.7,SL,-1.0339
2024-08-28,SHORT,19607.5,19535.5,2024-08-28 09:45:00-04:00,2024-08-28 09:46:00-04:00,19527.5,19607.5,19287.5,2024-08-28 13:57:00-04:00,19287.5,TP,2.9625
2024-08-29,LONG,19565.2,19430.5,2024-08-29 09:49:00-04:00,2024-08-29 09:50:00-04:00,19566.2,19430.5,19973.300000000003,2024-08-29 14:30:00-04:00,19430.5,SL,-1.0221
2024-08-30,LONG,19532.7,19470.2,2024-08-30 09:45:00-04:00,2024-08-30 09:46:00-04:00,19538.7,19470.2,19744.2,2024-08-30 10:57:00-04:00,19470.2,SL,-1.0438
2024-09-02,LONG,19610.4,19580.5,2024-09-02 09:45:00-04:00,2024-09-02 09:46:00-04:00,19612.4,19580.5,19708.100000000006,2024-09-02 10:02:00-04:00,19580.5,SL,-1.094
2024-09-03,SHORT,19450.8,19328.0,2024-09-03 09:54:00-04:00,2024-09-03 09:55:00-04:00,19308.8,19450.8,18882.8,2024-09-03 15:47:00-04:00,18882.8,TP,2.9789
2024-09-04,LONG,18933.2,18827.7,2024-09-04 09:45:00-04:00,2024-09-04 09:46:00-04:00,18935.6,18827.7,19259.299999999992,2024-09-04 10:00:00-04:00,18827.7,SL,-1.0278
2024-09-05,LONG,19002.7,18855.8,2024-09-05 09:54:00-04:00,2024-09-05 09:55:00-04:00,19006.2,18855.8,19457.400000000005,2024-09-05 11:25:00-04:00,18855.8,SL,-1.0199
2024-09-06,SHORT,18935.9,18737.2,2024-09-06 09:59:00-04:00,2024-09-06 10:00:00-04:00,18717.2,18935.9,18061.1,2024-09-11 13:03:00-04:00,18935.9,SL,-1.0137
2024-09-11,LONG,18891.1,18795.8,2024-09-11 13:04:00-04:00,2024-09-11 13:05:00-04:00,18933.8,18795.8,19347.8,2024-09-12 10:33:00-04:00,19347.8,TP,2.9783
2024-09-12,LONG,19280.2,19201.6,2024-09-12 10:34:00-04:00,2024-09-12 10:35:00-04:00,19351.3,19201.6,19800.4,2024-09-19 09:11:00-04:00,19800.4,TP,2.98
2024-09-19,SHORT,19853.6,19784.8,2024-09-19 09:50:00-04:00,2024-09-19 09:51:00-04:00,19767.8,19853.6,19510.4,2024-09-19 10:18:00-04:00,19853.6,SL,-1.035
2024-09-20,SHORT,19864.5,19814.0,2024-09-20 09:56:00-04:00,2024-09-20 09:57:00-04:00,19806.8,19864.5,19633.699999999997,2024-09-20 15:39:00-04:00,19864.5,SL,-1.052
2024-09-23,LONG,19873.9,19820.2,2024-09-23 09:49:00-04:00,2024-09-23 09:50:00-04:00,19890.3,19820.2,20100.599999999995,2024-09-23 13:01:00-04:00,19820.2,SL,-1.0428
2024-09-24,SHORT,19944.1,19889.4,2024-09-24 09:57:00-04:00,2024-09-24 09:58:00-04:00,19888.4,19944.1,19721.30000000001,2024-09-24 11:45:00-04:00,19944.1,SL,-1.0539
2024-09-25,LONG,19999.8,19933.3,2024-09-25 09:56:00-04:00,2024-09-25 09:57:00-04:00,20016.0,19933.3,20264.100000000002,2024-09-26 03:00:00-04:00,20264.100000000002,TP,2.9637
2024-09-26,SHORT,20311.9,20217.8,2024-09-26 09:48:00-04:00,2024-09-26 09:49:00-04:00,20211.6,20311.9,19910.69999999999,2024-09-30 14:20:00-04:00,19910.69999999999,TP,2.9701
2024-09-30,SHORT,20064.6,19974.9,2024-09-30 14:21:00-04:00,2024-09-30 14:22:00-04:00,19895.0,20064.6,19386.200000000004,2024-09-30 15:55:00-04:00,20064.6,SL,-1.0177
2024-10-01,SHORT,20076.6,19882.3,2024-10-01 09:47:00-04:00,2024-10-01 09:48:00-04:00,19853.3,20076.6,19183.4,2024-10-06 18:15:00-04:00,20076.6,SL,-1.0134
2024-10-07,SHORT,19985.8,19929.8,2024-10-07 09:53:00-04:00,2024-10-07 09:54:00-04:00,19922.3,19985.8,19731.8,2024-10-07 10:16:00-04:00,19985.8,SL,-1.0472
2024-10-08,LONG,19940.0,19894.5,2024-10-08 09:52:00-04:00,2024-10-08 09:53:00-04:00,19944.0,19894.5,20092.5,2024-10-08 10:47:00-04:00,20092.5,TP,2.9394
2024-10-09,LONG,20128.8,20069.3,2024-10-09 10:11:00-04:00,2024-10-09 10:12:00-04:00,20131.0,20069.3,20316.100000000002,2024-10-10 12:00:00-04:00,20316.100000000002,TP,2.9514
2024-10-10,LONG,20223.7,20171.2,2024-10-10 12:01:00-04:00,2024-10-10 12:02:00-04:00,20314.7,20171.2,20745.2,2024-10-11 09:30:00-04:00,20171.2,SL,-1.0209
2024-10-11,LONG,20187.0,20151.5,2024-10-11 09:46:00-04:00,2024-10-11 09:47:00-04:00,20193.3,20151.5,20318.699999999997,2024-10-11 10:27:00-04:00,20318.699999999997,TP,2.9282
2024-10-14,LONG,20452.7,20385.3,2024-10-14 09:46:00-04:00,2024-10-14 09:47:00-04:00,20460.2,20385.3,20684.900000000005,2024-10-14 11:01:00-04:00,20385.3,SL,-1.0401
2024-10-15,SHORT,20505.7,20452.2,2024-10-15 10:12:00-04:00,2024-10-15 10:13:00-04:00,20441.9,20505.7,20250.500000000004,2024-10-15 10:36:00-04:00,20250.500000000004,TP,2.953
2024-10-16,SHORT,20207.4,20088.7,2024-10-16 09:50:00-04:00,2024-10-16 09:51:00-04:00,20081.9,20207.4,19705.4,2024-10-16 14:21:00-04:00,20207.4,SL,-1.0239
2024-10-17,SHORT,20424.3,20251.9,2024-10-17 10:01:00-04:00,2024-10-17 10:02:00-04:00,20239.4,20424.3,19684.700000000008,2024-10-22 13:40:00-04:00,20424.3,SL,-1.0162
2024-10-22,LONG,20324.2,20234.2,2024-10-22 13:41:00-04:00,2024-10-22 13:42:00-04:00,20413.4,20234.2,20951.000000000004,2024-10-23 10:06:00-04:00,20234.2,SL,-1.0167
2024-10-23,SHORT,20330.9,20275.9,2024-10-23 10:07:00-04:00,2024-10-23 10:08:00-04:00,20230.0,20330.9,19927.299999999996,2024-10-25 08:06:00-04:00,20330.9,SL,-1.0297
2024-10-25,LONG,20459.6,20363.5,2024-10-25 09:45:00-04:00,2024-10-25 09:46:00-04:00,20464.3,20363.5,20766.699999999997,2024-10-25 13:44:00-04:00,20363.5,SL,-1.0298
2024-10-28,SHORT,20511.3,20439.9,2024-10-28 09:50:00-04:00,2024-10-28 09:51:00-04:00,20425.3,20511.3,20167.3,2024-10-29 12:00:00-04:00,20511.3,SL,-1.0349
2024-10-29,LONG,20413.5,20321.5,2024-10-29 12:01:00-04:00,2024-10-29 12:02:00-04:00,20521.1,20321.5,21119.899999999994,2024-10-30 18:24:00-04:00,20321.5,SL,-1.015
2024-10-30,SHORT,20558.7,20434.9,2024-10-30 18:25:00-04:00,2024-10-30 18:26:00-04:00,20335.0,20558.7,19663.899999999998,2024-11-06 01:33:00-05:00,20558.7,SL,-1.0134
2024-11-06,SHORT,20708.4,20575.2,2024-11-06 09:50:00-05:00,2024-11-06 09:51:00-05:00,20564.9,20708.4,20134.4,2024-11-06 10:31:00-05:00,20708.4,SL,-1.0209
2024-11-07,LONG,20994.9,20909.9,2024-11-07 09:56:00-05:00,2024-11-07 09:57:00-05:00,21001.9,20909.9,21277.9,2024-11-14 15:07:00-05:00,20909.9,SL,-1.0326
2024-11-14,SHORT,21094.0,20999.3,2024-11-14 15:08:00-05:00,2024-11-14 15:09:00-05:00,20934.3,21094.0,20455.199999999997,2024-11-15 11:41:00-05:00,20455.199999999997,TP,2.9812
2024-11-15,SHORT,20694.6,20607.9,2024-11-15 11:42:00-05:00,2024-11-15 11:43:00-05:00,20444.8,20694.6,19695.4,2024-11-19 13:43:00-05:00,20694.6,SL,-1.012
2024-11-19,LONG,20523.0,20446.0,2024-11-19 13:44:00-05:00,2024-11-19 13:45:00-05:00,20695.3,20446.0,21443.199999999997,2024-11-20 10:17:00-05:00,20446.0,SL,-1.012
2024-11-20,SHORT,20696.0,20577.0,2024-11-20 10:18:00-05:00,2024-11-20 10:19:00-05:00,20459.0,20696.0,19748.0,2024-11-20 15:55:00-05:00,20696.0,SL,-1.0127
2024-11-21,SHORT,20844.2,20570.2,2024-11-21 10:01:00-05:00,2024-11-21 10:02:00-05:00,20558.9,20844.2,19703.000000000004,2024-11-24 18:01:00-05:00,20844.2,SL,-1.0105
2024-11-25,SHORT,21030.8,20906.8,2024-11-25 09:53:00-05:00,2024-11-25 09:54:00-05:00,20882.0,21030.8,20435.600000000002,2024-12-02 09:31:00-05:00,21030.8,SL,-1.0202
2024-12-02,LONG,21105.9,20994.9,2024-12-02 09:49:00-05:00,2024-12-02 09:50:00-05:00,21115.1,20994.9,21475.69999999999,2024-12-04 14:19:00-05:00,21475.69999999999,TP,2.975
2024-12-04,LONG,21412.5,21364.7,2024-12-04 14:20:00-05:00,2024-12-04 14:21:00-05:00,21475.7,21364.7,21808.7,2024-12-10 15:31:00-05:00,21364.7,SL,-1.027
2024-12-10,SHORT,21571.1,21500.6,2024-12-10 15:32:00-05:00,2024-12-10 15:33:00-05:00,21351.3,21571.1,20691.9,2024-12-11 09:09:00-05:00,21571.1,SL,-1.0136
2024-12-11,LONG,21636.6,21570.6,2024-12-11 09:45:00-05:00,2024-12-11 09:46:00-05:00,21651.4,21570.6,21893.80000000001,2024-12-13 09:43:00-05:00,21893.80000000001,TP,2.9629
2024-12-13,LONG,21908.9,21806.1,2024-12-13 09:45:00-05:00,2024-12-13 09:46:00-05:00,21915.1,21806.1,22242.1,2024-12-13 10:38:00-05:00,21806.1,SL,-1.0275
2024-12-16,LONG,22009.4,21955.6,2024-12-16 09:53:00-05:00,2024-12-16 09:54:00-05:00,22016.2,21955.6,22198.000000000007,2024-12-16 14:17:00-05:00,22198.000000000007,TP,2.9505
2024-12-17,SHORT,22139.4,22055.8,2024-12-17 10:01:00-05:00,2024-12-17 10:02:00-05:00,22056.6,22139.4,21808.19999999999,2024-12-17 11:34:00-05:00,22139.4,SL,-1.0362
2024-12-18,LONG,22082.1,21992.8,2024-12-18 10:05:00-05:00,2024-12-18 10:06:00-05:00,22084.8,21992.8,22360.8,2024-12-18 14:01:00-05:00,21992.8,SL,-1.0326
2024-12-19,SHORT,21484.3,21353.9,2024-12-19 09:54:00-05:00,2024-12-19 09:55:00-05:00,21347.5,21484.3,20937.100000000002,2024-12-20 04:07:00-05:00,20937.100000000002,TP,2.9781
2024-12-20,SHORT,21098.3,20974.8,2024-12-20 09:50:00-05:00,2024-12-20 09:51:00-05:00,20956.3,21098.3,20530.3,2024-12-20 10:05:00-05:00,21098.3,SL,-1.0211
2024-12-23,SHORT,21468.6,21401.6,2024-12-23 09:46:00-05:00,2024-12-23 09:47:00-05:00,21388.6,21468.6,21148.6,2024-12-23 11:43:00-05:00,21468.6,SL,-1.0375
2024-12-24,LONG,21671.1,21595.8,2024-12-24 09:46:00-05:00,2024-12-24 09:47:00-05:00,21673.1,21595.8,21904.999999999996,2024-12-25 22:42:00-05:00,21904.999999999996,TP,2.9612
2024-12-26,SHORT,21808.5,21757.5,2024-12-26 09:49:00-05:00,2024-12-26 09:50:00-05:00,21753.5,21808.5,21588.5,2024-12-26 10:38:00-05:00,21808.5,SL,-1.0545
2024-12-27,SHORT,21665.7,21486.6,2024-12-27 10:00:00-05:00,2024-12-27 10:01:00-05:00,21458.8,21665.7,20838.099999999995,2025-01-02 12:48:00-05:00,20838.099999999995,TP,2.9855
2025-01-02,SHORT,21192.9,20989.6,2025-01-02 12:49:00-05:00,2025-01-02 12:50:00-05:00,20823.2,21192.9,19714.1,2025-01-03 09:39:00-05:00,21192.9,SL,-1.0081
2025-01-03,SHORT,21251.2,21099.6,2025-01-03 10:20:00-05:00,2025-01-03 10:21:00-05:00,21100.3,21251.2,20647.599999999995,2025-01-03 11:30:00-05:00,21251.2,SL,-1.0199
2025-01-06,LONG,21653.4,21551.5,2025-01-06 09:49:00-05:00,2025-01-06 09:50:00-05:00,21660.4,21551.5,21987.100000000006,2025-01-06 13:45:00-05:00,21551.5,SL,-1.0275
2025-01-07,SHORT,21635.6,21526.6,2025-01-07 10:00:00-05:00,2025-01-07 10:01:00-05:00,21484.6,21635.6,21031.6,2025-01-08 12:29:00-05:00,21031.6,TP,2.9801
2025-01-08,SHORT,21219.5,21126.2,2025-01-08 12:30:00-05:00,2025-01-08 12:31:00-05:00,21016.8,21219.5,20408.699999999997,2025-01-08 13:26:00-05:00,21219.5,SL,-1.0148
2025-01-10,SHORT,21036.6,20912.4,2025-01-10 09:46:00-05:00,2025-01-10 09:47:00-05:00,20904.4,21036.6,20507.80000000001,2025-01-15 08:30:00-05:00,21036.6,SL,-1.0227
2025-01-15,LONG,21161.4,21041.7,2025-01-15 09:46:00-05:00,2025-01-15 09:47:00-05:00,21161.7,21041.7,21521.7,2025-01-16 16:21:00-05:00,21041.7,SL,-1.025
2025-01-16,SHORT,21352.8,21261.5,2025-01-16 16:22:00-05:00,2025-01-16 16:23:00-05:00,21038.8,21352.8,20096.8,2025-01-17 08:34:00-05:00,21352.8,SL,-1.0096
2025-01-17,SHORT,21502.6,21349.3,2025-01-17 10:27:00-05:00,2025-01-17 10:28:00-05:00,21344.0,21502.6,20868.200000000004,2025-01-17 13:10:00-05:00,21502.6,SL,-1.0189
2025-01-20,SHORT,21640.0,21577.3,2025-01-20 10:16:00-05:00,2025-01-20 10:17:00-05:00,21574.5,21640.0,21378.0,2025-01-20 19:53:00-05:00,21378.0,TP,2.9542
2025-01-21,SHORT,21586.2,21458.7,2025-01-21 09:54:00-05:00,2025-01-21 09:55:00-05:00,21451.2,21586.2,21046.2,2025-01-21 12:42:00-05:00,21586.2,SL,-1.0222
2025-01-22,LONG,21853.2,21775.7,2025-01-22 09:49:00-05:00,2025-01-22 09:50:00-05:00,21858.5,21775.7,22106.899999999998,2025-01-23 03:15:00-05:00,21775.7,SL,-1.0362
2025-01-23,LONG,21788.0,21739.7,2025-01-23 09:51:00-05:00,2025-01-23 09:52:00-05:00,21788.5,21739.7,21934.899999999998,2025-01-24 09:45:00-05:00,21934.899999999998,TP,2.9385
2025-01-24,LONG,21927.3,21875.0,2025-01-24 09:46:00-05:00,2025-01-24 09:47:00-05:00,21928.0,21875.0,22087.0,2025-01-24 10:16:00-05:00,21875.0,SL,-1.0566
2025-01-27,LONG,21186.9,20996.4,2025-01-27 09:47:00-05:00,2025-01-27 09:48:00-05:00,21192.9,20996.4,21782.4,2025-01-27 14:50:00-05:00,20996.4,SL,-1.0153
2025-01-28,SHORT,21209.1,21064.1,2025-01-28 09:47:00-05:00,2025-01-28 09:48:00-05:00,21055.6,21209.1,20595.1,2025-01-28 10:01:00-05:00,21209.1,SL,-1.0195
2025-01-29,SHORT,21490.0,21386.7,2025-01-29 10:26:00-05:00,2025-01-29 10:27:00-05:00,21383.7,21490.0,21064.800000000003,2025-01-29 16:27:00-05:00,21490.0,SL,-1.0282
2025-01-30,LONG,21561.7,21493.3,2025-01-30 09:46:00-05:00,2025-01-30 09:47:00-05:00,21566.3,21493.3,21785.3,2025-01-30 10:02:00-05:00,21493.3,SL,-1.0411
2025-01-31,LONG,21732.0,21660.3,2025-01-31 09:52:00-05:00,2025-01-31 09:53:00-05:00,21734.8,21660.3,21958.3,2025-01-31 13:34:00-05:00,21660.3,SL,-1.0403
2025-02-03,SHORT,21217.8,21083.5,2025-02-03 10:02:00-05:00,2025-02-03 10:03:00-05:00,21064.1,21217.8,20602.999999999996,2025-02-03 10:24:00-05:00,21217.8,SL,-1.0195
2025-02-04,LONG,21428.9,21312.4,2025-02-04 09:50:00-05:00,2025-02-04 09:51:00-05:00,21429.3,21312.4,21779.999999999993,2025-02-06 15:55:00-05:00,21779.999999999993,TP,2.9743
2025-02-06,LONG,21699.8,21651.3,2025-02-06 15:56:00-05:00,2025-02-06 15:57:00-05:00,21770.6,21651.3,22128.499999999996,2025-02-07 10:04:00-05:00,21651.3,SL,-1.0251
2025-02-07,SHORT,21881.7,21785.2,2025-02-07 10:05:00-05:00,2025-02-07 10:06:00-05:00,21681.4,21881.7,21080.500000000004,2025-02-13 10:02:00-05:00,21881.7,SL,-1.015
2025-02-13,LONG,21876.7,21761.7,2025-02-13 10:16:00-05:00,2025-02-13 10:17:00-05:00,21879.2,21761.7,22231.7,2025-02-18 01:42:00-05:00,22231.7,TP,2.9745
2025-02-18,SHORT,22203.6,22154.7,2025-02-18 09:45:00-05:00,2025-02-18 09:46:00-05:00,22140.9,22203.6,21952.80000000001,2025-02-18 19:18:00-05:00,22203.6,SL,-1.0478
2025-02-19,SHORT,22159.1,22111.6,2025-02-19 09:49:00-05:00,2025-02-19 09:50:00-05:00,22102.1,22159.1,21931.1,2025-02-19 11:11:00-05:00,22159.1,SL,-1.0526
2025-02-20,SHORT,22164.2,22104.7,2025-02-20 09:46:00-05:00,2025-02-20 09:47:00-05:00,22098.7,22164.2,21902.2,2025-02-20 10:01:00-05:00,21902.2,TP,2.9542
2025-02-21,SHORT,22128.7,22039.7,2025-02-21 09:56:00-05:00,2025-02-21 09:57:00-05:00,22034.9,22128.7,21753.500000000004,2025-02-21 13:07:00-05:00,21753.500000000004,TP,2.968
2025-02-24,SHORT,21746.8,21631.0,2025-02-24 09:50:00-05:00,2025-02-24 09:51:00-05:00,21617.0,21746.8,21227.600000000002,2025-02-25 09:51:00-05:00,21227.600000000002,TP,2.9769
2025-02-25,SHORT,21350.0,21266.1,2025-02-25 09:52:00-05:00,2025-02-25 09:53:00-05:00,21179.6,21350.0,20668.399999999994,2025-02-26 11:13:00-05:00,21350.0,SL,-1.0176
2025-02-26,LONG,21225.8,21142.6,2025-02-26 11:14:00-05:00,2025-02-26 11:15:00-05:00,21346.2,21142.6,21957.000000000007,2025-02-26 13:29:00-05:00,21142.6,SL,-1.0147
2025-02-27,SHORT,21335.5,21127.8,2025-02-27 09:48:00-05:00,2025-02-27 09:49:00-05:00,21127.8,21335.5,20504.699999999997,2025-02-27 20:31:00-05:00,20504.699999999997,TP,2.9856
2025-02-28,LONG,20597.7,20421.6,2025-02-28 10:10:00-05:00,2025-02-28 10:11:00-05:00,20617.3,20421.6,21204.4,2025-03-03 15:12:00-05:00,20421.6,SL,-1.0153
2025-03-03,SHORT,21085.9,20913.9,2025-03-03 15:13:00-05:00,2025-03-03 15:14:00-05:00,20440.9,21085.9,18505.9,2025-04-03 16:25:00-04:00,18505.9,TP,2.9953
2025-04-03,SHORT,18912.8,18756.6,2025-04-03 16:26:00-04:00,2025-04-03 16:27:00-04:00,18488.6,18912.8,17215.999999999996,2025-04-06 18:01:00-04:00,17215.999999999996,TP,2.9929
2025-04-07,LONG,16844.0,16540.5,2025-04-07 09:50:00-04:00,2025-04-07 09:51:00-04:00,16841.2,16540.5,17743.300000000003,2025-04-07 10:13:00-04:00,17743.300000000003,TP,2.99
2025-04-08,LONG,18064.8,17924.5,2025-04-08 09:46:00-04:00,2025-04-08 09:47:00-04:00,18068.3,17924.5,18499.699999999997,2025-04-08 11:12:00-04:00,17924.5,SL,-1.0209
2025-04-09,LONG,17429.0,17076.1,2025-04-09 10:02:00-04:00,2025-04-09 10:03:00-04:00,17429.4,17076.1,18489.30000000001,2025-04-09 13:26:00-04:00,18489.30000000001,TP,2.9915
2025-04-10,SHORT,18731.8,18540.3,2025-04-10 09:58:00-04:00,2025-04-10 09:59:00-04:00,18532.7,18731.8,17935.400000000005,2025-04-10 12:21:00-04:00,17935.400000000005,TP,2.9849
2025-04-11,LONG,18435.0,18221.0,2025-04-11 09:46:00-04:00,2025-04-11 09:47:00-04:00,18458.5,18221.0,19171.0,2025-04-11 10:21:00-04:00,18221.0,SL,-1.0126
2025-04-14,SHORT,19123.3,18866.3,2025-04-14 11:26:00-04:00,2025-04-14 11:27:00-04:00,18864.0,19123.3,18086.100000000002,2025-04-16 14:59:00-04:00,18086.100000000002,TP,2.9884
2025-04-16,SHORT,18551.6,18448.8,2025-04-16 15:00:00-04:00,2025-04-16 15:01:00-04:00,18098.7,18551.6,16740.000000000007,2025-04-22 18:01:00-04:00,18551.6,SL,-1.0066
2025-04-22,LONG,18104.0,17994.8,2025-04-22 18:02:00-04:00,2025-04-22 18:03:00-04:00,18657.3,17994.8,20644.8,2025-05-12 03:00:00-04:00,20644.8,TP,2.9955
2025-05-12,SHORT,20841.2,20670.0,2025-05-12 10:28:00-04:00,2025-05-12 10:29:00-04:00,20662.7,20841.2,20127.2,2025-05-12 13:08:00-04:00,20841.2,SL,-1.0168
2025-05-13,LONG,21002.9,20895.7,2025-05-13 09:50:00-04:00,2025-05-13 09:51:00-04:00,21006.6,20895.7,21339.299999999992,2025-05-14 12:33:00-04:00,21339.299999999992,TP,2.9729
2025-05-14,LONG,21331.0,21240.0,2025-05-14 12:34:00-04:00,2025-05-14 12:35:00-04:00,21336.3,21240.0,21625.199999999997,2025-05-14 13:21:00-04:00,21240.0,SL,-1.0312
2025-05-15,SHORT,21265.3,21202.1,2025-05-15 09:46:00-04:00,2025-05-15 09:47:00-04:00,21191.6,21265.3,20970.499999999996,2025-05-15 10:01:00-04:00,21265.3,SL,-1.0407
2025-05-16,SHORT,21392.5,21312.0,2025-05-16 10:35:00-04:00,2025-05-16 10:36:00-04:00,21310.5,21392.5,21064.5,2025-05-16 13:30:00-04:00,21392.5,SL,-1.0366
2025-05-19,LONG,21267.7,21137.7,2025-05-19 09:45:00-04:00,2025-05-19 09:46:00-04:00,21271.2,21137.7,21671.7,2025-05-21 13:29:00-04:00,21137.7,SL,-1.0225
2025-05-21,SHORT,21314.9,21221.4,2025-05-21 13:30:00-04:00,2025-05-21 13:31:00-04:00,21122.9,21314.9,20546.9,2025-05-27 03:50:00-04:00,21314.9,SL,-1.0156
2025-05-27,LONG,21245.1,21157.1,2025-05-27 09:55:00-04:00,2025-05-27 09:56:00-04:00,21248.1,21157.1,21521.1,2025-05-28 09:39:00-04:00,21521.1,TP,2.967
2025-05-28,SHORT,21530.4,21455.4,2025-05-28 09:49:00-04:00,2025-05-28 09:50:00-04:00,21446.4,21530.4,21194.4,2025-05-28 18:50:00-04:00,21530.4,SL,-1.0357
2025-05-29,SHORT,21644.4,21487.1,2025-05-29 09:46:00-04:00,2025-05-29 09:47:00-04:00,21486.1,21644.4,21011.19999999999,2025-06-03 11:00:00-04:00,21644.4,SL,-1.019
2025-06-03,LONG,21572.9,21486.8,2025-06-03 11:01:00-04:00,2025-06-03 11:02:00-04:00,21637.5,21486.8,22089.600000000002,2025-06-05 18:01:00-04:00,21486.8,SL,-1.0199
2025-06-05,SHORT,21822.2,21717.9,2025-06-05 18:02:00-04:00,2025-06-05 18:03:00-04:00,21480.2,21822.2,20454.2,2025-06-06 09:42:00-04:00,21822.2,SL,-1.0088
2025-06-06,LONG,21833.2,21748.7,2025-06-06 09:46:00-04:00,2025-06-06 09:47:00-04:00,21841.2,21748.7,22118.7,2025-06-06 10:29:00-04:00,21748.7,SL,-1.0324
2025-06-09,LONG,21801.9,21737.9,2025-06-09 09:54:00-04:00,2025-06-09 09:55:00-04:00,21804.4,21737.9,22003.9,2025-06-10 03:45:00-04:00,21737.9,SL,-1.0451
2025-06-10,SHORT,21879.1,21810.1,2025-06-10 11:32:00-04:00,2025-06-10 11:33:00-04:00,21788.6,21879.1,21517.1,2025-06-10 12:01:00-04:00,21879.1,SL,-1.0331
2025-06-11,SHORT,22016.1,21953.1,2025-06-11 09:46:00-04:00,2025-06-11 09:47:00-04:00,21915.9,22016.1,21615.30000000001,2025-06-11 10:22:00-04:00,22016.1,SL,-1.0299
2025-06-12,LONG,21879.1,21815.3,2025-06-12 09:48:00-04:00,2025-06-12 09:49:00-04:00,21879.8,21815.3,22073.3,2025-06-12 19:59:00-04:00,21815.3,SL,-1.0465
2025-06-13,SHORT,21783.5,21659.3,2025-06-13 10:20:00-04:00,2025-06-13 10:21:00-04:00,21648.8,21783.5,21244.699999999997,2025-06-13 11:22:00-04:00,21783.5,SL,-1.0223
2025-06-16,LONG,21880.3,21794.8,2025-06-16 09:45:00-04:00,2025-06-16 09:46:00-04:00,21884.8,21794.8,22154.8,2025-06-16 20:03:00-04:00,21794.8,SL,-1.0333
2025-06-17,LONG,21895.8,21814.6,2025-06-17 10:11:00-04:00,2025-06-17 10:12:00-04:00,21899.6,21814.6,22154.6,2025-06-17 12:59:00-04:00,21814.6,SL,-1.0353
2025-06-18,LONG,21779.3,21710.6,2025-06-18 09:47:00-04:00,2025-06-18 09:48:00-04:00,21780.8,21710.6,21991.4,2025-06-18 14:57:00-04:00,21710.6,SL,-1.0427
2025-06-19,SHORT,21572.5,21504.5,2025-06-19 09:45:00-04:00,2025-06-19 09:46:00-04:00,21503.8,21572.5,21297.699999999997,2025-06-19 18:01:00-04:00,21572.5,SL,-1.0437
2025-06-20,SHORT,21914.3,21827.8,2025-06-20 09:56:00-04:00,2025-06-20 09:57:00-04:00,21826.5,21914.3,21563.100000000002,2025-06-20 11:01:00-04:00,21563.100000000002,TP,2.9658
2025-06-23,LONG,21683.2,21555.2,2025-06-23 09:47:00-04:00,2025-06-23 09:48:00-04:00,21696.7,21555.2,22121.2,2025-06-23 12:37:00-04:00,21555.2,SL,-1.0212
2025-06-24,LONG,22120.4,22053.6,2025-06-24 09:47:00-04:00,2025-06-24 09:48:00-04:00,22122.6,22053.6,22329.6,2025-06-25 09:36:00-04:00,22329.6,TP,2.9565
2025-06-25,SHORT,22345.2,22289.7,2025-06-25 10:11:00-04:00,2025-06-25 10:12:00-04:00,22289.4,22345.2,22122.000000000004,2025-06-26 03:17:00-04:00,22345.2,SL,-1.0538
2025-06-26,SHORT,22363.5,22290.3,2025-06-26 09:50:00-04:00,2025-06-26 09:51:00-04:00,22283.5,22363.5,22043.5,2025-06-26 10:00:00-04:00,22363.5,SL,-1.0375
2025-06-27,LONG,22544.4,22487.1,2025-06-27 09:55:00-04:00,2025-06-27 09:56:00-04:00,22557.6,22487.1,22769.1,2025-06-27 14:19:00-04:00,22487.1,SL,-1.0426
2025-06-30,SHORT,22680.4,22610.9,2025-06-30 09:49:00-04:00,2025-06-30 09:50:00-04:00,22607.1,22680.4,22387.19999999999,2025-06-30 15:21:00-04:00,22680.4,SL,-1.0409
2025-07-01,LONG,22627.2,22583.7,2025-07-01 09:50:00-04:00,2025-07-01 09:51:00-04:00,22636.9,22583.7,22796.500000000004,2025-07-01 10:22:00-04:00,22583.7,SL,-1.0564
2025-07-02,LONG,22513.3,22456.1,2025-07-02 09:45:00-04:00,2025-07-02 09:46:00-04:00,22525.3,22456.1,22732.9,2025-07-03 08:34:00-04:00,22732.9,TP,2.9566
2025-07-03,LONG,22789.4,22736.4,2025-07-03 09:51:00-04:00,2025-07-03 09:52:00-04:00,22795.2,22736.4,22971.6,2025-07-04 04:15:00-04:00,22736.4,SL,-1.051
2025-07-04,LONG,22744.2,22701.7,2025-07-04 09:55:00-04:00,2025-07-04 09:56:00-04:00,22745.5,22701.7,22876.899999999998,2025-07-07 10:57:00-04:00,22701.7,SL,-1.0685
2025-07-07,SHORT,22792.6,22718.6,2025-07-07 10:58:00-04:00,2025-07-07 10:59:00-04:00,22702.8,22792.6,22433.4,2025-07-08 03:55:00-04:00,22792.6,SL,-1.0334
2025-07-08,SHORT,22764.1,22709.9,2025-07-08 09:59:00-04:00,2025-07-08 10:00:00-04:00,22703.4,22764.1,22521.30000000001,2025-07-08 10:40:00-04:00,22764.1,SL,-1.0494
2025-07-09,LONG,22890.7,22802.0,2025-07-09 09:45:00-04:00,2025-07-09 09:46:00-04:00,22899.0,22802.0,23190.0,2025-07-09 10:36:00-04:00,22802.0,SL,-1.0309
2025-07-10,SHORT,22917.2,22849.0,2025-07-10 09:46:00-04:00,2025-07-10 09:47:00-04:00,22847.2,22917.2,22637.2,2025-07-14 21:44:00-04:00,22917.2,SL,-1.0429
2025-07-14,LONG,22815.5,22691.0,2025-07-14 21:45:00-04:00,2025-07-14 21:46:00-04:00,22917.7,22691.0,23597.800000000003,2025-07-16 11:37:00-04:00,22691.0,SL,-1.0132
2025-07-16,SHORT,22930.5,22845.5,2025-07-16 11:38:00-04:00,2025-07-16 11:39:00-04:00,22699.5,22930.5,22006.5,2025-07-16 15:39:00-04:00,22930.5,SL,-1.013
2025-07-17,LONG,22972.5,22909.3,2025-07-17 09:48:00-04:00,2025-07-17 09:49:00-04:00,22974.5,22909.3,23170.100000000002,2025-07-21 09:36:00-04:00,23170.100000000002,TP,2.954
2025-07-21,LONG,23204.6,23110.4,2025-07-21 09:45:00-04:00,2025-07-21 09:46:00-04:00,23221.6,23110.4,23555.19999999999,2025-07-22 09:46:00-04:00,23110.4,SL,-1.027
2025-07-22,SHORT,23207.4,23118.4,2025-07-22 09:47:00-04:00,2025-07-22 09:48:00-04:00,23083.7,23207.4,22712.6,2025-07-23 16:02:00-04:00,23207.4,SL,-1.0243
2025-07-23,LONG,23124.8,23043.3,2025-07-23 16:03:00-04:00,2025-07-23 16:04:00-04:00,23205.4,23043.3,23691.700000000008,2025-07-31 03:27:00-04:00,23691.700000000008,TP,2.9815
2025-07-31,SHORT,23632.4,23500.9,2025-07-31 09:46:00-04:00,2025-07-31 09:47:00-04:00,23499.9,23632.4,23102.4,2025-08-01 03:15:00-04:00,23102.4,TP,2.9774
2025-08-01,SHORT,22978.7,22801.4,2025-08-01 09:45:00-04:00,2025-08-01 09:46:00-04:00,22782.2,22978.7,22192.7,2025-08-04 09:24:00-04:00,22978.7,SL,-1.0153
2025-08-04,LONG,23088.2,22981.3,2025-08-04 09:45:00-04:00,2025-08-04 09:46:00-04:00,23105.2,22981.3,23476.900000000005,2025-08-05 18:04:00-04:00,22981.3,SL,-1.0242
2025-08-05,SHORT,23262.7,23201.5,2025-08-05 18:05:00-04:00,2025-08-05 18:06:00-04:00,22972.8,23262.7,22103.099999999995,2025-08-06 11:51:00-04:00,23262.7,SL,-1.0103
2025-08-06,LONG,23128.2,23050.4,2025-08-06 11:52:00-04:00,2025-08-06 11:53:00-04:00,23275.7,23050.4,23951.6,2025-08-13 09:20:00-04:00,23951.6,TP,2.9867
2025-08-13,SHORT,23985.5,23946.5,2025-08-13 09:55:00-04:00,2025-08-13 09:56:00-04:00,23933.8,23985.5,23778.699999999997,2025-08-14 08:30:00-04:00,23778.699999999997,TP,2.942
2025-08-14,LONG,23839.1,23757.1,2025-08-14 09:47:00-04:00,2025-08-14 09:48:00-04:00,23844.1,23757.1,24105.1,2025-08-15 09:41:00-04:00,23757.1,SL,-1.0345
2025-08-15,SHORT,23830.5,23755.3,2025-08-15 09:45:00-04:00,2025-08-15 09:46:00-04:00,23735.5,23830.5,23450.5,2025-08-19 11:01:00-04:00,23450.5,TP,2.9684
2025-08-19,SHORT,23700.7,23587.9,2025-08-19 11:02:00-04:00,2025-08-19 11:03:00-04:00,23457.3,23700.7,22727.099999999995,2025-08-28 11:16:00-04:00,23700.7,SL,-1.0123
2025-08-28,LONG,23696.3,23584.3,2025-08-28 11:17:00-04:00,2025-08-28 11:18:00-04:00,23701.7,23584.3,24053.900000000005,2025-08-29 05:02:00-04:00,23584.3,SL,-1.0256
2025-08-29,SHORT,23624.2,23543.9,2025-08-29 09:45:00-04:00,2025-08-29 09:46:00-04:00,23521.7,23624.2,23214.2,2025-09-02 06:30:00-04:00,23214.2,TP,2.9707
2025-09-02,LONG,23147.7,22995.4,2025-09-02 09:46:00-04:00,2025-09-02 09:47:00-04:00,23149.5,22995.4,23611.799999999996,2025-09-02 11:52:00-04:00,22995.4,SL,-1.0195
2025-09-03,LONG,23405.4,23339.6,2025-09-03 10:04:00-04:00,2025-09-03 10:05:00-04:00,23406.1,23339.6,23605.6,2025-09-03 13:45:00-04:00,23339.6,SL,-1.0451
2025-09-04,SHORT,23521.5,23429.2,2025-09-04 10:02:00-04:00,2025-09-04 10:03:00-04:00,23425.7,23521.5,23138.300000000003,2025-09-04 11:27:00-04:00,23521.5,SL,-1.0313
2025-09-05,SHORT,23874.1,23795.6,2025-09-05 10:01:00-04:00,2025-09-05 10:02:00-04:00,23789.4,23874.1,23535.30000000001,2025-09-05 10:58:00-04:00,23535.30000000001,TP,2.9646
2025-09-08,LONG,23828.5,23751.7,2025-09-08 09:49:00-04:00,2025-09-08 09:50:00-04:00,23829.0,23751.7,24060.899999999998,2025-09-08 13:52:00-04:00,23751.7,SL,-1.0388
2025-09-09,SHORT,23846.3,23804.8,2025-09-09 09:51:00-04:00,2025-09-09 09:52:00-04:00,23800.0,23846.3,23661.100000000002,2025-09-09 15:23:00-04:00,23846.3,SL,-1.0648
2025-09-10,SHORT,23989.0,23907.3,2025-09-10 09:51:00-04:00,2025-09-10 09:52:00-04:00,23906.3,23989.0,23658.199999999997,2025-09-11 09:30:00-04:00,23989.0,SL,-1.0363
2025-09-11,LONG,23992.1,23904.8,2025-09-11 10:08:00-04:00,2025-09-11 10:09:00-04:00,23997.8,23904.8,24276.8,2025-09-15 09:59:00-04:00,24276.8,TP,2.9677
2025-09-15,LONG,24241.1,24185.1,2025-09-15 10:00:00-04:00,2025-09-15 10:01:00-04:00,24271.6,24185.1,24531.1,2025-09-17 11:05:00-04:00,24185.1,SL,-1.0347
2025-09-17,SHORT,24319.3,24244.0,2025-09-17 11:06:00-04:00,2025-09-17 11:07:00-04:00,24191.8,24319.3,23809.3,2025-09-17 15:28:00-04:00,24319.3,SL,-1.0235
2025-09-18,SHORT,24489.2,24398.7,2025-09-18 09:45:00-04:00,2025-09-18 09:46:00-04:00,24389.7,24489.2,24091.2,2025-09-18 10:00:00-04:00,24489.2,SL,-1.0302
2025-09-19,LONG,24562.5,24516.8,2025-09-19 09:49:00-04:00,2025-09-19 09:50:00-04:00,24573.2,24516.8,24742.400000000005,2025-09-19 10:47:00-04:00,24516.8,SL,-1.0532
2025-09-22,LONG,24641.9,24600.4,2025-09-22 09:48:00-04:00,2025-09-22 09:49:00-04:00,24644.4,24600.4,24776.4,2025-09-22 12:41:00-04:00,24776.4,TP,2.9318
2025-09-23,SHORT,24794.2,24727.3,2025-09-23 09:59:00-04:00,2025-09-23 10:00:00-04:00,24728.1,24794.2,24529.799999999992,2025-09-24 11:46:00-04:00,24529.799999999992,TP,2.9546
2025-09-24,SHORT,24688.2,24611.2,2025-09-24 11:47:00-04:00,2025-09-24 11:48:00-04:00,24528.7,24688.2,24050.2,2025-09-29 04:45:00-04:00,24688.2,SL,-1.0188
2025-09-29,LONG,24720.4,24652.8,2025-09-29 09:45:00-04:00,2025-09-29 09:46:00-04:00,24731.8,24652.8,24968.8,2025-09-29 11:36:00-04:00,24652.8,SL,-1.038
2025-09-30,SHORT,24639.1,24550.6,2025-09-30 09:54:00-04:00,2025-09-30 09:55:00-04:00,24542.9,24639.1,24254.30000000001,2025-09-30 10:48:00-04:00,24639.1,SL,-1.0312
2025-10-01,SHORT,24649.9,24551.9,2025-10-01 09:49:00-04:00,2025-10-01 09:50:00-04:00,24544.4,24649.9,24227.9,2025-10-01 10:18:00-04:00,24649.9,SL,-1.0284
2025-10-02,SHORT,24979.1,24848.1,2025-10-02 09:49:00-04:00,2025-10-02 09:50:00-04:00,24840.8,24979.1,24425.9,2025-10-02 23:49:00-04:00,24979.1,SL,-1.0217
2025-10-03,SHORT,24977.4,24923.5,2025-10-03 09:56:00-04:00,2025-10-03 09:57:00-04:00,24918.2,24977.4,24740.6,2025-10-03 13:54:00-04:00,24740.6,TP,2.9493
2025-10-06,LONG,25038.5,24933.6,2025-10-06 13:23:00-04:00,2025-10-06 13:24:00-04:00,25040.5,24933.6,25361.200000000004,2025-10-07 11:06:00-04:00,24933.6,SL,-1.0281
2025-10-07,SHORT,25085.0,25036.7,2025-10-07 11:07:00-04:00,2025-10-07 11:08:00-04:00,24914.0,25085.0,24401.0,2025-10-08 12:10:00-04:00,25085.0,SL,-1.0175
2025-10-08,LONG,24972.2,24895.4,2025-10-08 12:11:00-04:00,2025-10-08 12:12:00-04:00,25089.6,24895.4,25672.19999999999,2025-10-10 11:00:00-04:00,24895.4,SL,-1.0154
2025-10-10,SHORT,25206.8,25121.8,2025-10-10 11:01:00-04:00,2025-10-10 11:02:00-04:00,24901.8,25206.8,23986.8,2025-10-20 13:19:00-04:00,25206.8,SL,-1.0098
2025-10-20,LONG,25084.8,24975.4,2025-10-20 13:20:00-04:00,2025-10-20 13:21:00-04:00,25200.8,24975.4,25876.999999999993,2025-10-22 10:30:00-04:00,24975.4,SL,-1.0133
2025-10-22,SHORT,25135.1,25038.6,2025-10-22 10:31:00-04:00,2025-10-22 10:32:00-04:00,24965.4,25135.1,24456.30000000001,2025-10-23 13:38:00-04:00,25135.1,SL,-1.0177
2025-10-23,LONG,24963.4,24869.4,2025-10-23 13:39:00-04:00,2025-10-23 13:40:00-04:00,25140.3,24869.4,25952.999999999993,2025-10-28 09:30:00-04:00,25952.999999999993,TP,2.9889
2025-10-28,SHORT,25977.1,25924.9,2025-10-28 09:48:00-04:00,2025-10-28 09:49:00-04:00,25921.4,25977.1,25754.30000000001,2025-10-28 12:27:00-04:00,25977.1,SL,-1.0539
2025-10-29,LONG,26175.6,26138.1,2025-10-29 09:52:00-04:00,2025-10-29 09:53:00-04:00,26181.1,26138.1,26310.1,2025-10-29 10:50:00-04:00,26138.1,SL,-1.0698
2025-10-30,LONG,26013.0,25829.8,2025-10-30 09:54:00-04:00,2025-10-30 09:55:00-04:00,26023.0,25829.8,26602.600000000002,2025-10-30 15:16:00-04:00,25829.8,SL,-1.0155
2025-10-31,SHORT,26089.2,25993.3,2025-10-31 09:45:00-04:00,2025-10-31 09:46:00-04:00,25983.4,26089.2,25666.000000000004,2025-11-03 08:56:00-05:00,26089.2,SL,-1.0284
2025-11-03,SHORT,26168.9,26059.2,2025-11-03 09:50:00-05:00,2025-11-03 09:51:00-05:00,26038.4,26168.9,25646.9,2025-11-04 02:10:00-05:00,25646.9,TP,2.977
2025-11-04,LONG,25693.8,25573.3,2025-11-04 09:50:00-05:00,2025-11-04 09:51:00-05:00,25702.0,25573.3,26088.100000000002,2025-11-04 12:19:00-05:00,25573.3,SL,-1.0233
2025-11-05,LONG,25490.1,25400.8,2025-11-05 09:47:00-05:00,2025-11-05 09:48:00-05:00,25511.3,25400.8,25842.8,2025-11-06 10:00:00-05:00,25400.8,SL,-1.0271
2025-11-06,SHORT,25602.4,25503.9,2025-11-06 10:01:00-05:00,2025-11-06 10:02:00-05:00,25385.9,25602.4,24736.4,2025-11-07 11:08:00-05:00,24736.4,TP,2.9861
2025-11-07,SHORT,25034.1,24843.2,2025-11-07 11:09:00-05:00,2025-11-07 11:10:00-05:00,24737.5,25034.1,23847.700000000004,2025-11-07 14:59:00-05:00,25034.1,SL,-1.0101
2025-11-10,LONG,25572.0,25457.2,2025-11-10 09:58:00-05:00,2025-11-10 09:59:00-05:00,25583.5,25457.2,25962.399999999998,2025-11-10 10:59:00-05:00,25457.2,SL,-1.0238
2025-11-11,SHORT,25581.9,25523.6,2025-11-11 09:49:00-05:00,2025-11-11 09:50:00-05:00,25520.4,25581.9,25335.9,2025-11-11 13:18:00-05:00,25581.9,SL,-1.0488
2025-11-12,SHORT,25717.8,25573.1,2025-11-12 09:46:00-05:00,2025-11-12 09:47:00-05:00,25533.1,25717.8,24978.999999999996,2025-11-13 13:36:00-05:00,24978.999999999996,TP,2.9838
2025-11-13,SHORT,25443.3,25228.5,2025-11-13 13:37:00-05:00,2025-11-13 13:38:00-05:00,24967.0,25443.3,23538.100000000002,2025-11-28 12:58:00-05:00,25443.3,SL,-1.0063
2025-11-28,LONG,25391.8,25299.2,2025-11-28 12:59:00-05:00,2025-11-28 13:00:00-05:00,25456.7,25299.2,25929.2,2025-11-30 19:53:00-05:00,25299.2,SL,-1.019
2025-12-01,LONG,25303.7,25194.2,2025-12-01 09:50:00-05:00,2025-12-01 09:51:00-05:00,25311.7,25194.2,25664.2,2025-12-02 22:35:00-05:00,25664.2,TP,2.9745
2025-12-02,LONG,25601.9,25458.7,2025-12-02 22:36:00-05:00,2025-12-02 22:37:00-05:00,25661.7,25458.7,26270.7,2025-12-03 09:08:00-05:00,25458.7,SL,-1.0148
2025-12-03,SHORT,25529.4,25443.3,2025-12-03 09:53:00-05:00,2025-12-03 09:54:00-05:00,25437.2,25529.4,25160.6,2025-12-03 10:02:00-05:00,25529.4,SL,-1.0325
2025-12-04,SHORT,25701.8,25543.3,2025-12-04 10:25:00-05:00,2025-12-04 10:26:00-05:00,25516.3,25701.8,24959.8,2025-12-04 21:28:00-05:00,25701.8,SL,-1.0162
2025-12-05,LONG,25768.8,25661.8,2025-12-05 09:53:00-05:00,2025-12-05 09:54:00-05:00,25779.0,25661.8,26130.600000000002,2025-12-05 11:31:00-05:00,25661.8,SL,-1.0256
2025-12-08,SHORT,25860.8,25770.7,2025-12-08 09:48:00-05:00,2025-12-08 09:49:00-05:00,25738.7,25860.8,25372.400000000005,2025-12-10 15:12:00-05:00,25860.8,SL,-1.0246
2025-12-10,LONG,25668.9,25573.4,2025-12-10 15:13:00-05:00,2025-12-10 15:14:00-05:00,25866.1,25573.4,26744.19999999999,2025-12-10 21:48:00-05:00,25573.4,SL,-1.0102
2025-12-11,SHORT,25664.2,25570.7,2025-12-11 09:46:00-05:00,2025-12-11 09:47:00-05:00,25560.1,25664.2,25247.799999999992,2025-12-11 13:36:00-05:00,25664.2,SL,-1.0288
2025-12-12,SHORT,25646.5,25558.3,2025-12-12 09:47:00-05:00,2025-12-12 09:48:00-05:00,25553.8,25646.5,25275.699999999997,2025-12-12 10:58:00-05:00,25275.699999999997,TP,2.9676
2025-12-15,SHORT,25443.3,25314.8,2025-12-15 09:45:00-05:00,2025-12-15 09:46:00-05:00,25299.1,25443.3,24866.499999999996,2025-12-16 02:44:00-05:00,24866.499999999996,TP,2.9792
2025-12-16,LONG,25132.6,24991.9,2025-12-16 09:50:00-05:00,2025-12-16 09:51:00-05:00,25156.9,24991.9,25651.9,2025-12-16 10:25:00-05:00,24991.9,SL,-1.0182
2025-12-17,SHORT,25232.0,25079.8,2025-12-17 09:46:00-05:00,2025-12-17 09:47:00-05:00,25042.5,25232.0,24474.0,2025-12-19 09:32:00-05:00,25232.0,SL,-1.0158
2025-12-19,LONG,25331.3,25143.1,2025-12-19 09:47:00-05:00,2025-12-19 09:48:00-05:00,25346.8,25143.1,25957.9,2026-01-02 11:12:00-05:00,25143.1,SL,-1.0147
2026-01-02,SHORT,25560.4,25464.6,2026-01-02 11:13:00-05:00,2026-01-02 11:14:00-05:00,25188.3,25560.4,24071.999999999993,2026-01-06 09:50:00-05:00,25560.4,SL,-1.0081
2026-01-06,LONG,25515.1,25443.8,2026-01-06 09:51:00-05:00,2026-01-06 09:52:00-05:00,25573.1,25443.8,25960.999999999996,2026-01-08 09:45:00-05:00,25443.8,SL,-1.0232
2026-01-08,SHORT,25644.5,25456.2,2026-01-08 09:59:00-05:00,2026-01-08 10:00:00-05:00,25441.0,25644.5,24830.5,2026-01-09 08:35:00-05:00,25644.5,SL,-1.0147
2026-01-09,SHORT,25635.5,25493.0,2026-01-09 10:08:00-05:00,2026-01-09 10:09:00-05:00,25483.0,25635.5,25025.5,2026-01-09 10:22:00-05:00,25635.5,SL,-1.0197
2026-01-12,LONG,25744.0,25601.7,2026-01-12 09:50:00-05:00,2026-01-12 09:51:00-05:00,25760.0,25601.7,26234.899999999998,2026-01-14 05:34:00-05:00,25601.7,SL,-1.019
2026-01-14,SHORT,25646.9,25475.1,2026-01-14 09:45:00-05:00,2026-01-14 09:46:00-05:00,25471.6,25646.9,24945.69999999999,2026-01-15 04:23:00-05:00,25646.9,SL,-1.0171
2026-01-15,SHORT,25798.3,25709.8,2026-01-15 09:51:00-05:00,2026-01-15 09:52:00-05:00,25705.8,25798.3,25428.3,2026-01-18 18:01:00-05:00,25428.3,TP,2.9676
2026-01-19,LONG,25166.3,25108.8,2026-01-19 09:56:00-05:00,2026-01-19 09:57:00-05:00,25172.5,25108.8,25363.600000000002,2026-01-20 03:06:00-05:00,25108.8,SL,-1.0471
2026-01-20,LONG,25228.6,25105.5,2026-01-20 09:51:00-05:00,2026-01-20 09:52:00-05:00,25233.3,25105.5,25616.699999999997,2026-01-20 13:33:00-05:00,25105.5,SL,-1.0235
2026-01-21,LONG,25097.7,25001.2,2026-01-21 09:47:00-05:00,2026-01-21 09:48:00-05:00,25108.0,25001.2,25428.399999999998,2026-01-21 14:42:00-05:00,25428.399999999998,TP,2.9719
2026-01-22,SHORT,25606.6,25489.6,2026-01-22 09:47:00-05:00,2026-01-22 09:48:00-05:00,25483.8,25606.6,25115.4,2026-01-23 01:04:00-05:00,25606.6,SL,-1.0244
2026-01-23,LONG,25530.6,25440.4,2026-01-23 09:58:00-05:00,2026-01-23 09:59:00-05:00,25534.6,25440.4,25817.19999999999,2026-01-25 18:01:00-05:00,25440.4,SL,-1.0318
2026-01-26,LONG,25716.6,25592.8,2026-01-26 09:46:00-05:00,2026-01-26 09:47:00-05:00,25719.6,25592.8,26099.999999999996,2026-01-27 20:00:00-05:00,26099.999999999996,TP,2.9763
2026-01-27,LONG,25903.1,25807.6,2026-01-27 20:01:00-05:00,2026-01-27 20:02:00-05:00,26106.8,25807.6,27004.4,2026-01-29 09:46:00-05:00,25807.6,SL,-1.01
2026-01-29,SHORT,26063.9,25838.1,2026-01-29 09:52:00-05:00,2026-01-29 09:53:00-05:00,25829.4,26063.9,25125.9,2026-02-01 23:05:00-05:00,25125.9,TP,2.9872
2026-02-02,LONG,25634.3,25444.3,2026-02-02 09:46:00-05:00,2026-02-02 09:47:00-05:00,25639.6,25444.3,26225.499999999996,2026-02-03 10:13:00-05:00,25444.3,SL,-1.0154
2026-02-03,SHORT,25857.8,25630.5,2026-02-03 10:14:00-05:00,2026-02-03 10:15:00-05:00,25459.3,25857.8,24263.8,2026-02-05 18:43:00-05:00,24263.8,TP,2.9925
2026-02-05,SHORT,24851.3,24565.3,2026-02-05 18:44:00-05:00,2026-02-05 18:45:00-05:00,24269.2,24851.3,22522.900000000005,2026-02-06 09:45:00-05:00,24851.3,SL,-1.0052
2026-02-06,LONG,24848.1,24620.6,2026-02-06 09:47:00-05:00,2026-02-06 09:48:00-05:00,24857.9,24620.6,25569.80000000001,2026-02-13 01:25:00-05:00,24620.6,SL,-1.0126
2026-02-13,LONG,24730.9,24509.1,2026-02-13 09:45:00-05:00,2026-02-13 09:46:00-05:00,24732.8,24509.1,25403.9,2026-02-17 00:20:00-05:00,24509.1,SL,-1.0134
2026-02-17,SHORT,24756.4,24545.4,2026-02-17 09:50:00-05:00,2026-02-17 09:51:00-05:00,24524.4,24756.4,23828.4,2026-02-17 13:39:00-05:00,24756.4,SL,-1.0129
2026-02-18,LONG,24813.5,24695.1,2026-02-18 09:45:00-05:00,2026-02-18 09:46:00-05:00,24815.3,24695.1,25175.9,2026-02-19 13:20:00-05:00,24695.1,SL,-1.025
2026-02-19,SHORT,24820.3,24700.8,2026-02-19 14:47:00-05:00,2026-02-19 14:48:00-05:00,24699.5,24820.3,24337.100000000002,2026-02-19 18:34:00-05:00,24820.3,SL,-1.0248
2026-02-20,LONG,24894.2,24622.9,2026-02-20 09:46:00-05:00,2026-02-20 09:47:00-05:00,24896.4,24622.9,25716.9,2026-02-23 11:13:00-05:00,24622.9,SL,-1.011
2026-02-23,SHORT,24995.5,24835.0,2026-02-23 11:14:00-05:00,2026-02-23 11:15:00-05:00,24640.5,24995.5,23575.5,2026-02-24 11:13:00-05:00,24995.5,SL,-1.0085
2026-02-24,LONG,24872.4,24654.3,2026-02-24 11:14:00-05:00,2026-02-24 11:15:00-05:00,24991.0,24654.3,26001.100000000002,2026-03-02 00:58:00-05:00,24654.3,SL,-1.0089
2026-03-02,LONG,24859.4,24579.6,2026-03-02 09:49:00-05:00,2026-03-02 09:50:00-05:00,24866.8,24579.6,25728.4,2026-03-03 03:28:00-05:00,24579.6,SL,-1.0104
2026-03-03,SHORT,24640.3,24481.8,2026-03-03 09:49:00-05:00,2026-03-03 09:50:00-05:00,24479.7,24640.3,23997.900000000005,2026-03-03 11:45:00-05:00,24640.3,SL,-1.0187
2026-03-04,LONG,24952.2,24819.2,2026-03-04 10:01:00-05:00,2026-03-04 10:02:00-05:00,24952.3,24819.2,25351.599999999995,2026-03-05 12:45:00-05:00,24819.2,SL,-1.0225
2026-03-05,SHORT,25112.1,24972.7,2026-03-05 12:46:00-05:00,2026-03-05 12:47:00-05:00,24821.7,25112.1,23950.500000000007,2026-03-05 23:42:00-05:00,25112.1,SL,-1.0103
2026-03-06,LONG,24719.1,24596.5,2026-03-06 10:00:00-05:00,2026-03-06 10:01:00-05:00,24725.0,24596.5,25110.5,2026-03-06 15:37:00-05:00,24596.5,SL,-1.0233
2026-03-09,SHORT,24518.7,24344.4,2026-03-09 09:50:00-04:00,2026-03-09 09:51:00-04:00,24337.3,24518.7,23793.099999999995,2026-03-09 10:44:00-04:00,24518.7,SL,-1.0165
2026-03-10,SHORT,25073.6,24955.5,2026-03-10 09:58:00-04:00,2026-03-10 09:59:00-04:00,24950.5,25073.6,24581.200000000004,2026-03-10 10:39:00-04:00,25073.6,SL,-1.0244
2026-03-11,SHORT,25110.9,25031.7,2026-03-11 09:50:00-04:00,2026-03-11 09:51:00-04:00,25024.9,25110.9,24766.9,2026-03-11 10:00:00-04:00,25110.9,SL,-1.0349
2026-03-12,SHORT,24833.3,24740.5,2026-03-12 09:45:00-04:00,2026-03-12 09:46:00-04:00,24725.5,24833.3,24402.100000000002,2026-03-13 04:10:00-04:00,24402.100000000002,TP,2.9722
2026-03-13,LONG,24768.7,24610.2,2026-03-13 09:45:00-04:00,2026-03-13 09:46:00-04:00,24795.9,24610.2,25353.000000000004,2026-03-13 10:42:00-04:00,24610.2,SL,-1.0162
2026-03-16,LONG,24726.3,24630.8,2026-03-16 09:45:00-04:00,2026-03-16 09:46:00-04:00,24732.8,24630.8,25038.8,2026-03-16 10:50:00-04:00,24630.8,SL,-1.0294
2026-03-17,LONG,24871.9,24762.2,2026-03-17 09:45:00-04:00,2026-03-17 09:46:00-04:00,24880.7,24762.2,25236.2,2026-03-17 11:36:00-04:00,24762.2,SL,-1.0253
2026-03-18,LONG,24789.0,24703.7,2026-03-18 09:46:00-04:00,2026-03-18 09:47:00-04:00,24797.5,24703.7,25078.899999999998,2026-03-18 10:13:00-04:00,24703.7,SL,-1.032
2026-03-19,LONG,24259.8,24131.4,2026-03-19 09:49:00-04:00,2026-03-19 09:50:00-04:00,24263.4,24131.4,24659.4,2026-03-20 06:10:00-04:00,24131.4,SL,-1.0227
2026-03-20,SHORT,24296.5,24186.5,2026-03-20 09:50:00-04:00,2026-03-20 09:51:00-04:00,24168.5,24296.5,23784.5,2026-03-20 15:38:00-04:00,23784.5,TP,2.9766
2026-03-23,LONG,24375.5,24241.4,2026-03-23 09:49:00-04:00,2026-03-23 09:50:00-04:00,24381.0,24241.4,24799.799999999996,2026-03-23 11:52:00-04:00,24241.4,SL,-1.0215
2026-03-24,LONG,24129.9,23952.7,2026-03-24 10:56:00-04:00,2026-03-24 10:57:00-04:00,24135.5,23952.7,24683.899999999998,2026-03-26 05:30:00-04:00,23952.7,SL,-1.0164
2026-03-26,LONG,23976.4,23884.0,2026-03-26 09:45:00-04:00,2026-03-26 09:46:00-04:00,23988.8,23884.0,24303.199999999997,2026-03-26 10:55:00-04:00,23884.0,SL,-1.0286
2026-03-27,SHORT,23484.5,23358.8,2026-03-27 09:53:00-04:00,2026-03-27 09:54:00-04:00,23355.3,23484.5,22967.699999999997,2026-03-29 18:06:00-04:00,22967.699999999997,TP,2.9768
2026-03-30,SHORT,23369.4,23210.5,2026-03-30 09:46:00-04:00,2026-03-30 09:47:00-04:00,23197.0,23369.4,22679.799999999996,2026-03-31 09:53:00-04:00,23369.4,SL,-1.0174
2026-03-31,LONG,23305.6,23216.8,2026-03-31 09:54:00-04:00,2026-03-31 09:55:00-04:00,23391.3,23216.8,23914.8,2026-03-31 10:56:00-04:00,23216.8,SL,-1.0172
2026-04-01,LONG,24033.1,23882.8,2026-04-01 10:22:00-04:00,2026-04-01 10:23:00-04:00,24042.1,23882.8,24519.999999999996,2026-04-01 21:17:00-04:00,23882.8,SL,-1.0188
2026-04-02,LONG,23654.8,23515.1,2026-04-02 09:53:00-04:00,2026-04-02 09:54:00-04:00,23671.0,23515.1,24138.700000000004,2026-04-05 22:19:00-04:00,24138.700000000004,TP,2.9808
2026-04-06,LONG,24221.8,24092.8,2026-04-06 09:50:00-04:00,2026-04-06 09:51:00-04:00,24230.0,24092.8,24641.600000000002,2026-04-06 13:12:00-04:00,24092.8,SL,-1.0219
2026-04-07,SHORT,24155.9,24042.4,2026-04-07 09:46:00-04:00,2026-04-07 09:47:00-04:00,24040.3,24155.9,23693.499999999993,2026-04-07 15:45:00-04:00,24155.9,SL,-1.026
2026-04-08,SHORT,25102.6,24942.0,2026-04-08 09:51:00-04:00,2026-04-08 09:52:00-04:00,24940.4,25102.6,24453.80000000001,2026-04-09 12:03:00-04:00,25102.6,SL,-1.0185
2026-04-09,LONG,24965.1,24875.1,2026-04-09 12:04:00-04:00,2026-04-09 12:05:00-04:00,25090.0,24875.1,25734.700000000004,2026-04-12 18:01:00-04:00,24875.1,SL,-1.014
2026-04-13,SHORT,25101.0,25037.5,2026-04-13 09:47:00-04:00,2026-04-13 09:48:00-04:00,25028.5,25101.0,24811.0,2026-04-13 09:49:00-04:00,25101.0,SL,-1.0414
2026-04-14,LONG,25621.7,25527.2,2026-04-14 09:45:00-04:00,2026-04-14 09:46:00-04:00,25626.5,25527.2,25924.399999999998,2026-04-15 09:40:00-04:00,25924.399999999998,TP,2.9698
2026-04-15,LONG,25927.2,25849.9,2026-04-15 09:57:00-04:00,2026-04-15 09:58:00-04:00,25930.2,25849.9,26171.1,2026-04-15 14:55:00-04:00,26171.1,TP,2.9626
2026-04-16,SHORT,26321.6,26213.9,2026-04-16 09:51:00-04:00,2026-04-16 09:52:00-04:00,26199.1,26321.6,25831.6,2026-04-16 11:08:00-04:00,26321.6,SL,-1.0245
2026-04-17,LONG,26589.8,26499.8,2026-04-17 09:51:00-04:00,2026-04-17 09:52:00-04:00,26600.6,26499.8,26902.999999999996,2026-04-19 18:01:00-04:00,26499.8,SL,-1.0298
2026-04-20,SHORT,26700.9,26608.4,2026-04-20 09:48:00-04:00,2026-04-20 09:49:00-04:00,26607.1,26700.9,26325.69999999999,2026-04-20 20:47:00-04:00,26700.9,SL,-1.032
2026-04-21,LONG,26704.3,26604.2,2026-04-21 09:59:00-04:00,2026-04-21 10:00:00-04:00,26716.5,26604.2,27053.399999999998,2026-04-21 11:00:00-04:00,26604.2,SL,-1.0267
2026-04-22,LONG,26772.9,26694.4,2026-04-22 10:01:00-04:00,2026-04-22 10:02:00-04:00,26774.2,26694.4,27013.6,2026-04-22 16:08:00-04:00,27013.6,TP,2.9624
2026-04-23,LONG,26944.1,26839.6,2026-04-23 09:46:00-04:00,2026-04-23 09:47:00-04:00,26947.8,26839.6,27272.4,2026-04-23 13:09:00-04:00,26839.6,SL,-1.0277
2026-04-24,SHORT,27139.3,27056.1,2026-04-24 09:54:00-04:00,2026-04-24 09:55:00-04:00,27053.5,27139.3,26796.100000000002,2026-04-24 10:12:00-04:00,27139.3,SL,-1.035
2026-04-27,SHORT,27312.8,27236.2,2026-04-27 09:47:00-04:00,2026-04-27 09:48:00-04:00,27232.1,27312.8,26989.999999999996,2026-04-27 13:32:00-04:00,27312.8,SL,-1.0372
2026-04-28,LONG,27126.5,26957.4,2026-04-28 09:48:00-04:00,2026-04-28 09:49:00-04:00,27132.3,26957.4,27656.999999999993,2026-04-28 10:38:00-04:00,26957.4,SL,-1.0172
2026-04-29,LONG,27105.3,27012.5,2026-04-29 09:53:00-04:00,2026-04-29 09:54:00-04:00,27104.6,27012.5,27380.899999999994,2026-04-29 16:14:00-04:00,27012.5,SL,-1.0326
2026-04-30,SHORT,27378.3,27160.8,2026-04-30 09:52:00-04:00,2026-04-30 09:53:00-04:00,27151.8,27378.3,26472.3,2026-04-30 13:30:00-04:00,27378.3,SL,-1.0132
2026-05-01,LONG,27686.2,27511.6,2026-05-01 09:50:00-04:00,2026-05-01 09:51:00-04:00,27698.9,27511.6,28260.80000000001,2026-05-05 18:52:00-04:00,28260.80000000001,TP,2.984
2026-05-05,LONG,27980.7,27870.6,2026-05-05 18:53:00-04:00,2026-05-05 18:54:00-04:00,28235.3,27870.6,29329.4,2026-05-11 09:32:00-04:00,29329.4,TP,2.9918
2026-05-11,SHORT,29343.7,29193.7,2026-05-11 10:31:00-04:00,2026-05-11 10:32:00-04:00,29171.3,29343.7,28654.099999999995,2026-05-11 11:30:00-04:00,29343.7,SL,-1.0174
2026-05-12,SHORT,29198.7,29059.5,2026-05-12 09:58:00-04:00,2026-05-12 09:59:00-04:00,29046.9,29198.7,28591.500000000004,2026-05-13 00:30:00-04:00,29198.7,SL,-1.0198
2026-05-13,SHORT,29200.5,29097.0,2026-05-13 09:45:00-04:00,2026-05-13 09:46:00-04:00,29083.8,29200.5,28733.699999999997,2026-05-13 10:52:00-04:00,29200.5,SL,-1.0257
2026-05-14,LONG,29547.7,29377.4,2026-05-14 09:45:00-04:00,2026-05-14 09:46:00-04:00,29577.6,29377.4,30178.19999999999,2026-05-15 00:59:00-04:00,29377.4,SL,-1.015
2026-05-15,SHORT,29213.8,29074.8,2026-05-15 09:45:00-04:00,2026-05-15 09:46:00-04:00,29051.5,29213.8,28564.600000000002,2026-05-15 10:13:00-04:00,29213.8,SL,-1.0185
2026-05-18,SHORT,29290.0,29095.7,2026-05-18 09:46:00-04:00,2026-05-18 09:47:00-04:00,29092.4,29290.0,28499.600000000006,2026-05-20 11:15:00-04:00,29290.0,SL,-1.0152
2026-05-20,LONG,29090.5,28959.6,2026-05-20 11:16:00-04:00,2026-05-20 11:17:00-04:00,29312.5,28959.6,30371.200000000004,2026-05-29 09:31:00-04:00,30371.200000000004,TP,2.9915
2026-05-29,LONG,30424.6,30328.7,2026-05-29 09:47:00-04:00,2026-05-29 09:48:00-04:00,30443.8,30328.7,30789.099999999995,2026-05-29 10:26:00-04:00,30328.7,SL,-1.0261
2026-06-01,SHORT,30440.0,30288.0,2026-06-01 09:59:00-04:00,2026-06-01 10:00:00-04:00,30288.0,30440.0,29832.0,2026-06-01 11:16:00-04:00,30440.0,SL,-1.0197
2026-06-02,LONG,30546.2,30405.9,2026-06-02 09:53:00-04:00,2026-06-02 09:54:00-04:00,30556.2,30405.9,31007.1,2026-06-03 18:20:00-04:00,30405.9,SL,-1.02
2026-06-03,SHORT,30792.9,30608.9,2026-06-03 18:21:00-04:00,2026-06-03 18:22:00-04:00,30414.9,30792.9,29280.9,2026-06-05 14:15:00-04:00,29280.9,TP,2.9921
2026-06-05,SHORT,30090.5,29921.2,2026-06-05 14:16:00-04:00,2026-06-05 14:17:00-04:00,29277.6,30090.5,26838.899999999994,2026-06-14 18:05:00-04:00,30090.5,SL,-1.0037
2026-06-15,LONG,30466.2,30338.5,2026-06-15 09:45:00-04:00,2026-06-15 09:46:00-04:00,30474.5,30338.5,30882.5,2026-06-16 10:33:00-04:00,30338.5,SL,-1.0221
2026-06-16,SHORT,30594.4,30485.9,2026-06-16 10:34:00-04:00,2026-06-16 10:35:00-04:00,30350.4,30594.4,29618.4,2026-06-22 08:34:00-04:00,30594.4,SL,-1.0123
2026-06-22,LONG,30679.7,30510.3,2026-06-22 09:58:00-04:00,2026-06-22 09:59:00-04:00,30684.6,30510.3,31207.499999999996,2026-06-22 10:27:00-04:00,30510.3,SL,-1.0172
2026-06-23,LONG,29564.6,29372.3,2026-06-23 09:47:00-04:00,2026-06-23 09:48:00-04:00,29575.8,29372.3,30186.3,2026-06-23 14:45:00-04:00,29372.3,SL,-1.0147
2026-06-24,SHORT,29603.2,29364.5,2026-06-24 09:48:00-04:00,2026-06-24 09:49:00-04:00,29348.0,29603.2,28582.399999999998,2026-06-24 10:46:00-04:00,29603.2,SL,-1.0118
2026-06-25,SHORT,29954.0,29510.2,2026-06-25 09:45:00-04:00,2026-06-25 09:46:00-04:00,29466.9,29954.0,28005.600000000006,2026-06-30 00:30:00-04:00,29954.0,SL,-1.0062
2026-06-30,LONG,30042.5,29812.5,2026-06-30 09:51:00-04:00,2026-06-30 09:52:00-04:00,30061.3,29812.5,30807.699999999997,2026-07-01 16:01:00-04:00,29812.5,SL,-1.0121
2026-07-01,SHORT,30037.2,29867.0,2026-07-01 16:02:00-04:00,2026-07-01 16:03:00-04:00,29806.7,30037.2,29115.2,2026-07-02 08:30:00-04:00,30037.2,SL,-1.013
2026-07-02,LONG,29968.5,29790.3,2026-07-02 09:50:00-04:00,2026-07-02 09:51:00-04:00,29972.4,29790.3,30518.700000000008,2026-07-02 10:27:00-04:00,29790.3,SL,-1.0165
2026-07-03,SHORT,29741.2,29692.4,2026-07-03 10:12:00-04:00,2026-07-03 10:13:00-04:00,29691.8,29741.2,29543.599999999995,2026-07-05 18:23:00-04:00,29741.2,SL,-1.0607
2026-07-06,LONG,29729.6,29571.0,2026-07-06 09:45:00-04:00,2026-07-06 09:46:00-04:00,29747.2,29571.0,30275.800000000003,2026-07-06 21:21:00-04:00,29571.0,SL,-1.017
2026-07-07,SHORT,29480.3,29289.3,2026-07-07 09:53:00-04:00,2026-07-07 09:54:00-04:00,29266.1,29480.3,28623.499999999996,2026-07-09 03:44:00-04:00,29480.3,SL,-1.014
2026-07-09,LONG,29672.7,29475.7,2026-07-09 09:45:00-04:00,2026-07-09 09:46:00-04:00,29684.0,29475.7,30308.899999999998,2026-07-09 10:20:00-04:00,29475.7,SL,-1.0144
2026-07-10,LONG,29743.3,29604.2,2026-07-10 09:49:00-04:00,2026-07-10 09:50:00-04:00,29748.5,29604.2,30181.399999999998,2026-07-10 10:32:00-04:00,29604.2,SL,-1.0208
2026-07-13,SHORT,29555.5,29372.2,2026-07-13 09:45:00-04:00,2026-07-13 09:46:00-04:00,29370.4,29555.5,28815.100000000006,2026-07-13 11:00:00-04:00,29555.5,SL,-1.0162
2026-07-14,SHORT,29636.2,29506.9,2026-07-14 10:05:00-04:00,2026-07-14 10:06:00-04:00,29493.8,29636.2,29066.599999999995,2026-07-14 10:34:00-04:00,29636.2,SL,-1.0211
2026-07-15,SHORT,29802.3,29658.4,2026-07-15 09:46:00-04:00,2026-07-15 09:47:00-04:00,29638.8,29802.3,29148.3,2026-07-16 09:44:00-04:00,29148.3,TP,2.9817
2026-07-16,SHORT,29361.0,29140.3,2026-07-16 09:47:00-04:00,2026-07-16 09:48:00-04:00,29134.2,29361.0,28453.800000000003,2026-07-17 04:16:00-04:00,28453.800000000003,TP,2.9868
2026-07-17,LONG,28517.8,28244.1,2026-07-17 10:00:00-04:00,2026-07-17 10:01:00-04:00,28568.6,28244.1,29542.1,2026-07-24 09:52:00-04:00,28244.1,SL,-1.0092
2026-07-24,SHORT,28482.5,28319.2,2026-07-24 09:53:00-04:00,2026-07-24 09:54:00-04:00,28213.8,28482.5,27407.699999999997,2026-07-24 12:10:00-04:00,28482.5,SL,-1.0112
2026-07-27,SHORT,28484.7,28299.5,2026-07-27 09:56:00-04:00,2026-07-27 09:57:00-04:00,28274.9,28484.7,27645.500000000004,2026-07-28 09:42:00-04:00,27645.500000000004,TP,2.9857
2026-07-28,SHORT,27864.9,27599.8,2026-07-28 09:45:00-04:00,2026-07-28 09:46:00-04:00,27582.8,27864.9,26736.499999999993,2026-07-28 11:26:00-04:00,27864.9,SL,-1.0106
2026-07-29,SHORT,27871.9,27712.0,2026-07-29 09:47:00-04:00,2026-07-29 09:48:00-04:00,27713.3,27871.9,27237.499999999993,2026-07-29 14:46:00-04:00,27871.9,SL,-1.0189
2026-07-30,LONG,27878.6,27697.0,2026-07-30 09:45:00-04:00,2026-07-30 09:46:00-04:00,27896.0,27697.0,28493.0,2026-07-31 02:14:00-04:00,28493.0,TP,2.9849
2026-07-31,SHORT,28608.5,28301.0,2026-07-31 09:46:00-04:00,2026-07-31 09:47:00-04:00,28283.7,28608.5,27309.300000000003,2026-08-03 10:37:00-04:00,28608.5,SL,-1.0092
2026-08-03,LONG,28431.3,28206.3,2026-08-03 10:38:00-04:00,2026-08-03 10:39:00-04:00,28601.8,28206.3,29788.3,2026-08-04 13:48:00-04:00,29788.3,TP,2.9924
2026-08-04,LONG,29349.4,29106.5,2026-08-04 13:49:00-04:00,2026-08-04 13:50:00-04:00,29773.9,29106.5,31776.100000000006,2026-08-24 02:04:00-04:00,29106.5,SL,-1.0045
2026-08-24,SHORT,29180.6,28920.3,2026-08-24 09:45:00-04:00,2026-08-24 09:46:00-04:00,28905.2,29180.6,28079.000000000007,2026-08-25 01:56:00-04:00,29180.6,SL,-1.0109
2026-08-25,LONG,29321.6,29224.7,2026-08-25 09:46:00-04:00,2026-08-25 09:47:00-04:00,29328.9,29224.7,29641.500000000004,2026-08-25 10:01:00-04:00,29224.7,SL,-1.0288
2026-08-26,LONG,29261.4,29128.3,2026-08-26 09:45:00-04:00,2026-08-26 09:46:00-04:00,29261.4,29128.3,29660.700000000008,2026-08-26 10:26:00-04:00,29128.3,SL,-1.0225
2026-08-27,LONG,29544.2,29401.2,2026-08-27 09:45:00-04:00,2026-08-27 09:46:00-04:00,29545.5,29401.2,29978.399999999998,2026-08-27 09:57:00-04:00,29401.2,SL,-1.0208
2026-08-28,SHORT,29657.0,29520.6,2026-08-28 10:11:00-04:00,2026-08-28 10:12:00-04:00,29518.7,29657.0,29103.800000000003,2026-08-28 10:38:00-04:00,29657.0,SL,-1.0217
2026-08-31,SHORT,29484.5,29359.5,2026-08-31 10:06:00-04:00,2026-08-31 10:07:00-04:00,29350.5,29484.5,28948.5,2026-08-31 15:50:00-04:00,29484.5,SL,-1.0224
