day,direction,or_high,or_low,breakout_time,entry_time,entry_price,stop,target,exit_time,exit_price,exit_reason,r_multiple
2020-01-02,LONG,1525.85,1523.05,2020-01-02 09:46:00-05:00,2020-01-02 09:47:00-05:00,1525.93,1523.05,1537.4500000000005,2020-01-02 13:21:00-05:00,1523.05,SL,-1.0556
2020-01-03,LONG,1546.4,1542.39,2020-01-03 09:45:00-05:00,2020-01-03 09:46:00-05:00,1546.55,1542.39,1563.1899999999994,2020-01-05 19:05:00-05:00,1563.1899999999994,TP,3.9615
2020-01-06,LONG,1575.31,1572.22,2020-01-06 10:17:00-05:00,2020-01-06 10:18:00-05:00,1575.43,1572.22,1588.2700000000002,2020-01-06 11:22:00-05:00,1572.22,SL,-1.0498
2020-01-07,LONG,1567.45,1565.43,2020-01-07 09:45:00-05:00,2020-01-07 09:46:00-05:00,1567.51,1565.43,1575.8299999999997,2020-01-07 17:30:00-05:00,1575.8299999999997,TP,3.9231
2020-01-08,LONG,1573.23,1568.99,2020-01-08 09:45:00-05:00,2020-01-08 09:46:00-05:00,1573.71,1568.99,1592.5900000000001,2020-01-08 12:09:00-05:00,1568.99,SL,-1.0339
2020-01-09,LONG,1553.71,1551.11,2020-01-09 14:21:00-05:00,2020-01-09 14:22:00-05:00,1553.92,1551.11,1565.1600000000008,2020-01-09 16:41:00-05:00,1551.11,SL,-1.0569
2020-01-10,LONG,1556.58,1548.54,2020-01-10 11:45:00-05:00,2020-01-10 11:46:00-05:00,1556.74,1548.54,1589.5400000000002,2020-01-13 05:05:00-05:00,1548.54,SL,-1.0195
2020-01-13,LONG,1555.22,1552.78,2020-01-13 09:45:00-05:00,2020-01-13 09:46:00-05:00,1555.22,1552.78,1564.9800000000002,2020-01-13 10:38:00-05:00,1552.78,SL,-1.0656
2020-01-14,LONG,1546.71,1543.39,2020-01-14 14:36:00-05:00,2020-01-14 14:37:00-05:00,1547.25,1543.39,1562.6899999999996,2020-01-20 02:11:00-05:00,1562.6899999999996,TP,3.9585
2020-01-20,LONG,1560.96,1559.79,2020-01-20 12:32:00-05:00,2020-01-20 12:33:00-05:00,1561.03,1559.79,1565.99,2020-01-20 21:19:00-05:00,1565.99,TP,3.871
2020-01-21,LONG,1555.26,1552.14,2020-01-21 11:17:00-05:00,2020-01-21 11:18:00-05:00,1555.91,1552.14,1570.99,2020-01-21 22:51:00-05:00,1552.14,SL,-1.0424
2020-01-22,LONG,1557.17,1554.57,2020-01-22 10:16:00-05:00,2020-01-22 10:17:00-05:00,1557.26,1554.57,1568.0200000000002,2020-01-23 03:42:00-05:00,1554.57,SL,-1.0595
2020-01-23,LONG,1557.25,1554.56,2020-01-23 10:14:00-05:00,2020-01-23 10:15:00-05:00,1557.54,1554.56,1569.46,2020-01-24 11:19:00-05:00,1569.46,TP,3.9463
2020-01-24,LONG,1561.34,1558.39,2020-01-24 11:20:00-05:00,2020-01-24 11:21:00-05:00,1571.12,1558.39,1622.039999999999,2020-02-04 10:11:00-05:00,1558.39,SL,-1.0126
2020-02-05,LONG,1554.06,1552.15,2020-02-05 09:45:00-05:00,2020-02-05 09:46:00-05:00,1554.16,1552.15,1562.2,2020-02-06 05:24:00-05:00,1562.2,TP,3.9204
2020-02-06,LONG,1564.8,1562.91,2020-02-06 09:47:00-05:00,2020-02-06 09:48:00-05:00,1564.92,1562.91,1572.96,2020-02-06 10:05:00-05:00,1562.91,SL,-1.0796
2020-02-07,LONG,1569.62,1560.08,2020-02-07 10:17:00-05:00,2020-02-07 10:18:00-05:00,1569.86,1560.08,1608.9799999999998,2020-02-19 04:38:00-05:00,1608.9799999999998,TP,3.9836
2020-02-19,LONG,1607.67,1604.39,2020-02-19 13:02:00-05:00,2020-02-19 13:03:00-05:00,1607.64,1604.39,1620.64,2020-02-20 03:20:00-05:00,1604.39,SL,-1.0492
2020-02-20,LONG,1619.15,1615.2,2020-02-20 11:22:00-05:00,2020-02-20 11:23:00-05:00,1620.76,1615.2,1642.9999999999998,2020-02-21 09:20:00-05:00,1642.9999999999998,TP,3.9712
2020-02-21,LONG,1643.18,1641.08,2020-02-21 09:45:00-05:00,2020-02-21 09:46:00-05:00,1643.98,1641.08,1655.5800000000004,2020-02-21 10:00:00-05:00,1641.08,SL,-1.0552
2020-02-24,LONG,1679.54,1674.74,2020-02-24 10:06:00-05:00,2020-02-24 10:07:00-05:00,1680.74,1674.74,1704.74,2020-02-24 10:46:00-05:00,1674.74,SL,-1.0267
2020-02-25,LONG,1652.38,1650.1,2020-02-25 10:45:00-05:00,2020-02-25 10:46:00-05:00,1652.44,1650.1,1661.8000000000006,2020-02-25 11:00:00-05:00,1650.1,SL,-1.0684
2020-02-26,LONG,1642.12,1636.25,2020-02-26 13:04:00-05:00,2020-02-26 13:05:00-05:00,1642.29,1636.25,1666.4499999999998,2020-02-26 16:59:00-05:00,1636.25,SL,-1.0265
2020-02-27,LONG,1651.93,1648.58,2020-02-27 10:00:00-05:00,2020-02-27 10:01:00-05:00,1652.99,1648.58,1670.6300000000003,2020-02-27 12:06:00-05:00,1648.58,SL,-1.0363
2020-02-28,LONG,1624.56,1619.85,2020-02-28 09:47:00-05:00,2020-02-28 09:48:00-05:00,1625.29,1619.85,1647.0500000000002,2020-02-28 10:35:00-05:00,1619.85,SL,-1.0294
2020-03-02,LONG,1597.5,1592.85,2020-03-02 10:33:00-05:00,2020-03-02 10:34:00-05:00,1597.63,1592.85,1616.750000000001,2020-03-02 11:36:00-05:00,1592.85,SL,-1.0335
2020-03-03,LONG,1603.68,1600.51,2020-03-03 09:45:00-05:00,2020-03-03 09:46:00-05:00,1604.64,1600.51,1621.1600000000005,2020-03-03 11:01:00-05:00,1621.1600000000005,TP,3.9613
2020-03-04,LONG,1643.37,1636.99,2020-03-04 10:44:00-05:00,2020-03-04 10:45:00-05:00,1643.42,1636.99,1669.1400000000003,2020-03-04 11:27:00-05:00,1636.99,SL,-1.0249
2020-03-05,LONG,1656.53,1652.05,2020-03-05 10:05:00-05:00,2020-03-05 10:06:00-05:00,1657.04,1652.05,1677.0,2020-03-06 00:44:00-05:00,1677.0,TP,3.9679
2020-03-06,LONG,1684.06,1671.05,2020-03-06 10:14:00-05:00,2020-03-06 10:15:00-05:00,1686.41,1671.05,1747.8500000000006,2020-03-06 11:23:00-05:00,1671.05,SL,-1.0104
2020-03-09,LONG,1678.27,1671.41,2020-03-09 09:50:00-04:00,2020-03-09 09:51:00-04:00,1679.32,1671.41,1710.9599999999994,2020-03-09 10:54:00-04:00,1671.41,SL,-1.0202
2020-03-13,LONG,1594.19,1584.42,2020-03-13 09:53:00-04:00,2020-03-13 09:54:00-04:00,1594.81,1584.42,1636.3699999999994,2020-03-13 10:38:00-04:00,1584.42,SL,-1.0154
2020-03-16,LONG,1474.69,1459.58,2020-03-16 11:26:00-04:00,2020-03-16 11:27:00-04:00,1476.28,1459.58,1543.0800000000002,2020-03-17 12:02:00-04:00,1543.0800000000002,TP,3.9904
2020-03-17,LONG,1487.48,1480.78,2020-03-17 12:03:00-04:00,2020-03-17 12:04:00-04:00,1545.87,1480.78,1806.2299999999996,2020-03-18 14:26:00-04:00,1480.78,SL,-1.0025
2020-03-19,LONG,1477.13,1466.67,2020-03-19 10:05:00-04:00,2020-03-19 10:06:00-04:00,1477.58,1466.67,1521.2199999999993,2020-03-19 15:07:00-04:00,1466.67,SL,-1.0147
2020-03-23,LONG,1515.74,1508.67,2020-03-23 09:45:00-04:00,2020-03-23 09:46:00-04:00,1517.31,1508.67,1551.8699999999994,2020-03-23 13:51:00-04:00,1551.8699999999994,TP,3.9815
2020-03-24,LONG,1598.29,1585.58,2020-03-24 09:51:00-04:00,2020-03-24 09:52:00-04:00,1598.58,1585.58,1650.58,2020-03-24 11:34:00-04:00,1585.58,SL,-1.0123
2020-03-25,LONG,1610.85,1606.02,2020-03-25 10:03:00-04:00,2020-03-25 10:04:00-04:00,1613.2,1606.02,1641.9200000000003,2020-03-25 10:58:00-04:00,1606.02,SL,-1.0223
2020-03-26,LONG,1627.98,1616.57,2020-03-26 09:53:00-04:00,2020-03-26 09:54:00-04:00,1628.28,1616.57,1675.1200000000001,2020-03-26 16:18:00-04:00,1616.57,SL,-1.0137
2020-03-27,LONG,1620.95,1617.27,2020-03-27 09:46:00-04:00,2020-03-27 09:47:00-04:00,1621.55,1617.27,1638.6699999999998,2020-03-27 11:06:00-04:00,1617.27,SL,-1.0374
2020-03-30,LONG,1618.98,1616.48,2020-03-30 09:58:00-04:00,2020-03-30 09:59:00-04:00,1619.27,1616.48,1630.4299999999998,2020-03-30 14:56:00-04:00,1616.48,SL,-1.0573
2020-03-31,LONG,1608.68,1603.86,2020-03-31 10:22:00-04:00,2020-03-31 10:23:00-04:00,1609.08,1603.86,1629.96,2020-03-31 11:50:00-04:00,1603.86,SL,-1.0307
2020-04-01,LONG,1586.09,1581.01,2020-04-01 11:21:00-04:00,2020-04-01 11:22:00-04:00,1588.98,1581.01,1620.8600000000001,2020-04-01 13:52:00-04:00,1581.01,SL,-1.0201
2020-04-02,LONG,1610.44,1602.17,2020-04-02 11:04:00-04:00,2020-04-02 11:05:00-04:00,1611.65,1602.17,1649.5700000000002,2020-04-02 11:47:00-04:00,1602.17,SL,-1.0169
2020-04-03,LONG,1621.73,1611.35,2020-04-03 15:52:00-04:00,2020-04-03 15:53:00-04:00,1622.56,1611.35,1667.4,2020-04-05 19:08:00-04:00,1611.35,SL,-1.0143
2020-04-06,LONG,1642.75,1638.11,2020-04-06 09:53:00-04:00,2020-04-06 09:54:00-04:00,1643.11,1638.11,1663.11,2020-04-06 10:19:00-04:00,1638.11,SL,-1.032
2020-04-08,LONG,1650.83,1645.93,2020-04-08 09:46:00-04:00,2020-04-08 09:47:00-04:00,1651.53,1645.93,1673.9299999999996,2020-04-08 11:22:00-04:00,1645.93,SL,-1.0286
2020-04-09,LONG,1671.92,1663.85,2020-04-09 09:59:00-04:00,2020-04-09 10:00:00-04:00,1673.64,1663.85,1712.8000000000009,2020-04-13 13:27:00-04:00,1712.8000000000009,TP,3.9837
2020-04-13,LONG,1691.99,1686.71,2020-04-13 13:28:00-04:00,2020-04-13 13:29:00-04:00,1712.34,1686.71,1814.8599999999994,2020-04-17 03:09:00-04:00,1686.71,SL,-1.0062
2020-04-17,LONG,1699.07,1694.75,2020-04-17 10:12:00-04:00,2020-04-17 10:13:00-04:00,1699.43,1694.75,1718.1500000000003,2020-04-17 11:02:00-04:00,1694.75,SL,-1.0342
2020-04-20,LONG,1688.44,1684.98,2020-04-20 10:32:00-04:00,2020-04-20 10:33:00-04:00,1689.62,1684.98,1708.1799999999994,2020-04-20 11:08:00-04:00,1684.98,SL,-1.0345
2020-04-21,LONG,1672.6,1662.8,2020-04-21 10:30:00-04:00,2020-04-21 10:31:00-04:00,1672.93,1662.8,1713.4500000000005,2020-04-22 13:24:00-04:00,1713.4500000000005,TP,3.9842
2020-04-22,LONG,1704.27,1697.67,2020-04-22 13:25:00-04:00,2020-04-22 13:26:00-04:00,1713.06,1697.67,1774.6199999999994,2020-04-28 00:31:00-04:00,1697.67,SL,-1.0104
2020-04-29,LONG,1710.1,1702.14,2020-04-29 16:34:00-04:00,2020-04-29 16:35:00-04:00,1710.51,1702.14,1743.9899999999996,2020-04-30 09:42:00-04:00,1702.14,SL,-1.0191
2020-05-01,LONG,1682.43,1677.28,2020-05-01 10:40:00-04:00,2020-05-01 10:41:00-04:00,1684.14,1677.28,1711.5800000000006,2020-05-04 07:17:00-04:00,1711.5800000000006,TP,3.9767
2020-05-04,LONG,1702.18,1695.6,2020-05-04 10:13:00-04:00,2020-05-04 10:14:00-04:00,1702.28,1695.6,1729.0000000000002,2020-05-05 04:07:00-04:00,1695.6,SL,-1.024
2020-05-05,LONG,1699.09,1696.44,2020-05-05 10:26:00-04:00,2020-05-05 10:27:00-04:00,1700.06,1696.44,1714.5399999999995,2020-05-05 11:00:00-04:00,1696.44,SL,-1.0442
2020-05-07,LONG,1696.9,1693.38,2020-05-07 09:53:00-04:00,2020-05-07 09:54:00-04:00,1697.69,1693.38,1714.9299999999998,2020-05-07 13:41:00-04:00,1714.9299999999998,TP,3.9629
2020-05-08,LONG,1719.53,1710.53,2020-05-08 10:48:00-04:00,2020-05-08 10:49:00-04:00,1720.07,1710.53,1758.2299999999998,2020-05-08 13:07:00-04:00,1710.53,SL,-1.0168
2020-05-11,LONG,1706.4,1703.22,2020-05-11 09:58:00-04:00,2020-05-11 09:59:00-04:00,1707.33,1703.22,1723.7699999999995,2020-05-11 10:16:00-04:00,1703.22,SL,-1.0389
2020-05-12,LONG,1702.3,1698.57,2020-05-12 10:19:00-04:00,2020-05-12 10:20:00-04:00,1702.65,1698.57,1718.9700000000007,2020-05-12 16:18:00-04:00,1698.57,SL,-1.0392
2020-05-13,LONG,1713.05,1710.17,2020-05-13 10:00:00-04:00,2020-05-13 10:01:00-04:00,1717.14,1710.17,1745.0200000000002,2020-05-13 10:21:00-04:00,1710.17,SL,-1.023
2020-05-14,LONG,1717.1,1713.29,2020-05-14 09:46:00-04:00,2020-05-14 09:47:00-04:00,1717.49,1713.29,1734.2900000000002,2020-05-14 11:13:00-04:00,1734.2900000000002,TP,3.9619
2020-05-15,LONG,1743.61,1735.28,2020-05-15 09:52:00-04:00,2020-05-15 09:53:00-04:00,1744.02,1735.28,1778.98,2020-05-15 11:02:00-04:00,1735.28,SL,-1.0183
2020-05-19,LONG,1734.02,1730.82,2020-05-19 09:55:00-04:00,2020-05-19 09:56:00-04:00,1734.58,1730.82,1749.62,2020-05-19 22:10:00-04:00,1749.62,TP,3.9574
2020-05-20,LONG,1750.82,1742.3,2020-05-20 10:52:00-04:00,2020-05-20 10:53:00-04:00,1751.02,1742.3,1785.9,2020-05-20 22:05:00-04:00,1742.3,SL,-1.0183
2020-05-25,LONG,1728.27,1726.98,2020-05-25 09:54:00-04:00,2020-05-25 09:55:00-04:00,1728.26,1726.98,1733.3799999999999,2020-05-25 10:05:00-04:00,1726.98,SL,-1.125
2020-05-27,LONG,1701.11,1698.66,2020-05-27 10:53:00-04:00,2020-05-27 10:54:00-04:00,1702.23,1698.66,1716.5099999999998,2020-05-27 11:00:00-04:00,1698.66,SL,-1.0448
2020-05-28,LONG,1724.25,1719.52,2020-05-28 10:15:00-04:00,2020-05-28 10:16:00-04:00,1724.37,1719.52,1743.7699999999995,2020-05-28 11:01:00-04:00,1719.52,SL,-1.033
2020-05-29,LONG,1733.03,1730.01,2020-05-29 11:40:00-04:00,2020-05-29 11:41:00-04:00,1733.32,1730.01,1746.5599999999997,2020-05-29 16:02:00-04:00,1730.01,SL,-1.0483
2020-06-01,LONG,1735.77,1732.74,2020-06-01 11:53:00-04:00,2020-06-01 11:54:00-04:00,1737.92,1732.74,1758.6400000000003,2020-06-02 12:29:00-04:00,1732.74,SL,-1.0309
2020-06-04,LONG,1716.04,1706.43,2020-06-04 09:54:00-04:00,2020-06-04 09:55:00-04:00,1717.86,1706.43,1763.5799999999992,2020-06-04 10:54:00-04:00,1706.43,SL,-1.014
2020-06-08,LONG,1693.23,1690.76,2020-06-08 09:46:00-04:00,2020-06-08 09:47:00-04:00,1693.39,1690.76,1703.9100000000005,2020-06-08 10:03:00-04:00,1690.76,SL,-1.0608
2020-06-09,LONG,1716.11,1711.59,2020-06-09 09:45:00-04:00,2020-06-09 09:46:00-04:00,1716.46,1711.59,1735.9400000000005,2020-06-10 15:01:00-04:00,1711.59,SL,-1.0329
2020-06-10,LONG,1724.78,1720.86,2020-06-10 15:11:00-04:00,2020-06-10 15:12:00-04:00,1724.97,1720.86,1741.4100000000005,2020-06-11 11:05:00-04:00,1741.4100000000005,TP,3.9611
2020-06-11,LONG,1731.9,1723.77,2020-06-11 11:06:00-04:00,2020-06-11 11:07:00-04:00,1740.09,1723.77,1805.3699999999997,2020-06-11 16:18:00-04:00,1723.77,SL,-1.0098
2020-06-12,LONG,1739.9,1737.24,2020-06-12 10:43:00-04:00,2020-06-12 10:44:00-04:00,1741.07,1737.24,1756.3899999999996,2020-06-12 11:01:00-04:00,1737.24,SL,-1.0418
2020-06-15,LONG,1711.75,1705.8,2020-06-15 11:11:00-04:00,2020-06-15 11:12:00-04:00,1712.25,1705.8,1738.0500000000002,2020-06-19 11:29:00-04:00,1738.0500000000002,TP,3.9752
2020-06-19,LONG,1736.58,1733.45,2020-06-19 11:30:00-04:00,2020-06-19 11:31:00-04:00,1738.08,1733.45,1756.5999999999995,2020-06-21 22:33:00-04:00,1756.5999999999995,TP,3.9654
2020-06-22,LONG,1755.1,1751.07,2020-06-22 09:45:00-04:00,2020-06-22 09:46:00-04:00,1755.23,1751.07,1771.8700000000003,2020-06-22 12:00:00-04:00,1751.07,SL,-1.0385
2020-06-23,LONG,1761.74,1758.94,2020-06-23 10:18:00-04:00,2020-06-23 10:19:00-04:00,1762.05,1758.94,1774.4899999999996,2020-06-24 05:51:00-04:00,1774.4899999999996,TP,3.9486
2020-06-24,LONG,1774.43,1768.62,2020-06-24 11:51:00-04:00,2020-06-24 11:52:00-04:00,1774.46,1768.62,1797.8200000000006,2020-06-24 12:20:00-04:00,1768.62,SL,-1.0274
2020-06-25,LONG,1760.53,1755.72,2020-06-25 09:45:00-04:00,2020-06-25 09:46:00-04:00,1760.86,1755.72,1781.4199999999994,2020-06-26 10:26:00-04:00,1755.72,SL,-1.0311
2020-06-26,LONG,1763.92,1759.29,2020-06-26 12:36:00-04:00,2020-06-26 12:37:00-04:00,1764.61,1759.29,1785.8899999999996,2020-06-30 12:20:00-04:00,1785.8899999999996,TP,3.9699
2020-06-30,LONG,1769.59,1767.98,2020-06-30 12:21:00-04:00,2020-06-30 12:22:00-04:00,1784.57,1767.98,1850.9299999999996,2020-07-01 10:52:00-04:00,1767.98,SL,-1.0096
2020-07-02,LONG,1770.2,1762.87,2020-07-02 10:46:00-04:00,2020-07-02 10:47:00-04:00,1771.54,1762.87,1806.2200000000003,2020-07-08 10:01:00-04:00,1806.2200000000003,TP,3.9815
2020-07-08,LONG,1804.25,1801.97,2020-07-08 10:02:00-04:00,2020-07-08 10:03:00-04:00,1806.37,1801.97,1823.9699999999993,2020-07-09 12:03:00-04:00,1801.97,SL,-1.0364
2020-07-13,LONG,1809.71,1806.84,2020-07-13 10:11:00-04:00,2020-07-13 10:12:00-04:00,1809.83,1806.84,1821.79,2020-07-13 11:20:00-04:00,1806.84,SL,-1.0535
2020-07-14,LONG,1805.24,1798.47,2020-07-14 11:29:00-04:00,2020-07-14 11:30:00-04:00,1806.33,1798.47,1837.7699999999995,2020-07-16 14:07:00-04:00,1798.47,SL,-1.0204
2020-07-17,LONG,1807.64,1805.66,2020-07-17 10:16:00-04:00,2020-07-17 10:17:00-04:00,1808.1,1805.66,1817.8599999999992,2020-07-17 10:48:00-04:00,1805.66,SL,-1.0656
2020-07-20,LONG,1818.1,1814.96,2020-07-20 11:35:00-04:00,2020-07-20 11:36:00-04:00,1818.17,1814.96,1831.0100000000002,2020-07-20 12:33:00-04:00,1814.96,SL,-1.0498
2020-07-21,LONG,1841.23,1837.16,2020-07-21 13:56:00-04:00,2020-07-21 13:57:00-04:00,1841.73,1837.16,1860.0099999999998,2020-07-21 22:12:00-04:00,1860.0099999999998,TP,3.965
2020-07-22,LONG,1858.4,1853.32,2020-07-22 11:20:00-04:00,2020-07-22 11:21:00-04:00,1858.65,1853.32,1879.9700000000007,2020-07-23 05:12:00-04:00,1879.9700000000007,TP,3.97
2020-07-23,LONG,1879.9,1875.23,2020-07-23 10:56:00-04:00,2020-07-23 10:57:00-04:00,1880.23,1875.23,1900.23,2020-07-24 10:04:00-04:00,1900.23,TP,3.968
2020-07-24,LONG,1896.46,1892.28,2020-07-24 10:05:00-04:00,2020-07-24 10:06:00-04:00,1903.19,1892.28,1946.8300000000004,2020-07-27 19:47:00-04:00,1946.8300000000004,TP,3.9853
2020-07-27,LONG,1938.16,1931.35,2020-07-27 19:48:00-04:00,2020-07-27 19:49:00-04:00,1946.28,1931.35,2006.0000000000002,2020-07-28 04:32:00-04:00,1931.35,SL,-1.0107
2020-07-28,LONG,1938.65,1929.64,2020-07-28 09:59:00-04:00,2020-07-28 10:00:00-04:00,1939.14,1929.64,1977.14,2020-07-29 15:44:00-04:00,1977.14,TP,3.9832
2020-07-29,LONG,1958.32,1953.67,2020-07-29 15:45:00-04:00,2020-07-29 15:46:00-04:00,1974.34,1953.67,2057.0199999999995,2020-07-29 16:04:00-04:00,1953.67,SL,-1.0077
2020-07-30,LONG,1954.03,1948.86,2020-07-30 10:00:00-04:00,2020-07-30 10:01:00-04:00,1954.63,1948.86,1977.710000000001,2020-07-30 11:20:00-04:00,1948.86,SL,-1.0277
2020-08-03,LONG,1971.88,1966.99,2020-08-03 11:49:00-04:00,2020-08-03 11:50:00-04:00,1972.07,1966.99,1992.3899999999996,2020-08-03 13:10:00-04:00,1966.99,SL,-1.0315
2020-08-04,LONG,1977.73,1973.41,2020-08-04 11:08:00-04:00,2020-08-04 11:09:00-04:00,1979.24,1973.41,2002.5599999999997,2020-08-04 14:12:00-04:00,2002.5599999999997,TP,3.9726
2020-08-05,LONG,2040.49,2035.77,2020-08-05 10:25:00-04:00,2020-08-05 10:26:00-04:00,2041.01,2035.77,2061.9700000000003,2020-08-05 10:30:00-04:00,2035.77,SL,-1.0305
2020-08-06,LONG,2061.57,2052.32,2020-08-06 10:29:00-04:00,2020-08-06 10:30:00-04:00,2061.93,2052.32,2100.3699999999985,2020-08-06 12:13:00-04:00,2052.32,SL,-1.0166
2020-08-07,LONG,2061.29,2041.62,2020-08-07 09:47:00-04:00,2020-08-07 09:48:00-04:00,2061.32,2041.62,2140.1200000000013,2020-08-07 11:02:00-04:00,2041.62,SL,-1.0081
2020-08-10,LONG,2032.06,2028.43,2020-08-10 09:49:00-04:00,2020-08-10 09:50:00-04:00,2032.26,2028.43,2047.5799999999997,2020-08-10 10:58:00-04:00,2047.5799999999997,TP,3.9582
2020-08-12,LONG,1937.61,1929.39,2020-08-12 10:00:00-04:00,2020-08-12 10:01:00-04:00,1940.09,1929.39,1982.8899999999992,2020-08-12 11:06:00-04:00,1929.39,SL,-1.015
2020-08-13,LONG,1929.77,1920.14,2020-08-13 09:46:00-04:00,2020-08-13 09:47:00-04:00,1930.38,1920.14,1971.3400000000001,2020-08-17 10:42:00-04:00,1971.3400000000001,TP,3.9844
2020-08-17,LONG,1962.39,1956.28,2020-08-17 10:43:00-04:00,2020-08-17 10:44:00-04:00,1972.16,1956.28,2035.6800000000005,2020-08-19 12:20:00-04:00,1956.28,SL,-1.0101
2020-08-20,LONG,1947.46,1937.45,2020-08-20 12:25:00-04:00,2020-08-20 12:26:00-04:00,1947.92,1937.45,1989.8000000000002,2020-08-20 14:13:00-04:00,1937.45,SL,-1.0153
2020-08-21,LONG,1934.17,1924.98,2020-08-21 09:48:00-04:00,2020-08-21 09:49:00-04:00,1936.14,1924.98,1980.7800000000004,2020-08-21 11:03:00-04:00,1924.98,SL,-1.0143
2020-08-25,LONG,1926.64,1922.97,2020-08-25 10:01:00-04:00,2020-08-25 10:02:00-04:00,1930.1,1922.97,1958.6199999999994,2020-08-25 10:40:00-04:00,1922.97,SL,-1.0224
2020-08-26,LONG,1909.44,1902.64,2020-08-26 09:47:00-04:00,2020-08-26 09:48:00-04:00,1909.51,1902.64,1936.9899999999996,2020-08-26 11:26:00-04:00,1936.9899999999996,TP,3.9767
2020-08-27,LONG,1941.91,1932.18,2020-08-27 09:52:00-04:00,2020-08-27 09:53:00-04:00,1943.03,1932.18,1986.4299999999996,2020-08-27 10:46:00-04:00,1932.18,SL,-1.0147
2020-08-28,LONG,1964.59,1952.71,2020-08-28 12:12:00-04:00,2020-08-28 12:13:00-04:00,1965.87,1952.71,2018.5099999999993,2020-09-02 10:31:00-04:00,1952.71,SL,-1.0122
2020-09-03,LONG,1936.99,1930.2,2020-09-03 10:16:00-04:00,2020-09-03 10:17:00-04:00,1937.25,1930.2,1965.4499999999998,2020-09-03 12:19:00-04:00,1930.2,SL,-1.0227
2020-09-07,LONG,1930.97,1929.92,2020-09-07 10:06:00-04:00,2020-09-07 10:07:00-04:00,1932.25,1929.92,1941.5699999999997,2020-09-07 10:27:00-04:00,1929.92,SL,-1.0687
2020-09-08,LONG,1920.32,1913.7,2020-09-08 11:28:00-04:00,2020-09-08 11:29:00-04:00,1921.95,1913.7,1954.95,2020-09-10 09:32:00-04:00,1954.95,TP,3.9806
2020-09-10,LONG,1958.32,1950.74,2020-09-10 10:07:00-04:00,2020-09-10 10:08:00-04:00,1958.99,1950.74,1991.99,2020-09-10 15:24:00-04:00,1950.74,SL,-1.0194
2020-09-11,LONG,1946.61,1941.55,2020-09-11 10:09:00-04:00,2020-09-11 10:10:00-04:00,1947.49,1941.55,1971.2500000000002,2020-09-11 14:08:00-04:00,1941.55,SL,-1.0269
2020-09-14,LONG,1952.71,1948.44,2020-09-14 09:45:00-04:00,2020-09-14 09:46:00-04:00,1952.76,1948.44,1970.0399999999997,2020-09-15 07:56:00-04:00,1970.0399999999997,TP,3.963
2020-09-15,LONG,1969.18,1966.51,2020-09-15 10:05:00-04:00,2020-09-15 10:06:00-04:00,1969.39,1966.51,1980.9100000000005,2020-09-15 10:23:00-04:00,1966.51,SL,-1.0556
2020-09-16,LONG,1970.62,1965.68,2020-09-16 10:07:00-04:00,2020-09-16 10:08:00-04:00,1971.25,1965.68,1993.5299999999997,2020-09-16 10:44:00-04:00,1965.68,SL,-1.0287
2020-09-17,LONG,1946.43,1941.65,2020-09-17 12:04:00-04:00,2020-09-17 12:05:00-04:00,1946.78,1941.65,1967.2999999999995,2020-09-21 05:32:00-04:00,1941.65,SL,-1.0312
2020-09-22,LONG,1911.74,1906.75,2020-09-22 09:53:00-04:00,2020-09-22 09:54:00-04:00,1911.78,1906.75,1931.8999999999999,2020-09-22 10:52:00-04:00,1906.75,SL,-1.0318
2020-09-23,LONG,1884.54,1878.98,2020-09-23 10:14:00-04:00,2020-09-23 10:15:00-04:00,1886.5,1878.98,1916.58,2020-09-23 10:50:00-04:00,1878.98,SL,-1.0213
2020-09-24,LONG,1860.78,1853.18,2020-09-24 11:00:00-04:00,2020-09-24 11:01:00-04:00,1861.04,1853.18,1892.4799999999996,2020-09-25 08:05:00-04:00,1853.18,SL,-1.0204
2020-09-25,LONG,1859.36,1855.01,2020-09-25 09:46:00-04:00,2020-09-25 09:47:00-04:00,1860.2,1855.01,1880.9600000000003,2020-09-25 11:10:00-04:00,1855.01,SL,-1.0308
2020-09-28,LONG,1872.44,1866.48,2020-09-28 10:12:00-04:00,2020-09-28 10:13:00-04:00,1872.85,1866.48,1898.3299999999995,2020-09-28 10:56:00-04:00,1866.48,SL,-1.0251
2020-09-29,LONG,1885.48,1877.38,2020-09-29 10:25:00-04:00,2020-09-29 10:26:00-04:00,1885.67,1877.38,1918.83,2020-10-06 09:02:00-04:00,1918.83,TP,3.9807
2020-10-06,LONG,1919.05,1913.59,2020-10-06 10:33:00-04:00,2020-10-06 10:34:00-04:00,1919.59,1913.59,1943.59,2020-10-06 10:54:00-04:00,1913.59,SL,-1.0267
2020-10-08,LONG,1899.36,1895.83,2020-10-08 09:50:00-04:00,2020-10-08 09:51:00-04:00,1899.83,1895.83,1915.83,2020-10-08 10:07:00-04:00,1895.83,SL,-1.04
2020-10-09,LONG,1918.74,1915.38,2020-10-09 09:46:00-04:00,2020-10-09 09:47:00-04:00,1919.09,1915.38,1933.9299999999992,2020-10-12 23:05:00-04:00,1915.38,SL,-1.0431
2020-10-14,LONG,1907.53,1904.45,2020-10-14 09:46:00-04:00,2020-10-14 09:47:00-04:00,1908.72,1904.45,1925.8,2020-10-14 12:56:00-04:00,1904.45,SL,-1.0375
2020-10-15,LONG,1896.57,1893.52,2020-10-15 10:01:00-04:00,2020-10-15 10:02:00-04:00,1897.29,1893.52,1912.37,2020-10-15 10:13:00-04:00,1893.52,SL,-1.0424
2020-10-20,LONG,1905.71,1901.55,2020-10-20 09:45:00-04:00,2020-10-20 09:46:00-04:00,1906.04,1901.55,1924.0,2020-10-20 10:12:00-04:00,1901.55,SL,-1.0356
2020-10-21,LONG,1924.26,1921.17,2020-10-21 09:52:00-04:00,2020-10-21 09:53:00-04:00,1925.24,1921.17,1941.5199999999998,2020-10-21 12:15:00-04:00,1921.17,SL,-1.0393
2020-10-22,LONG,1907.49,1902.32,2020-10-22 09:51:00-04:00,2020-10-22 09:52:00-04:00,1907.89,1902.32,1930.1700000000008,2020-10-22 10:57:00-04:00,1902.32,SL,-1.0287
2020-10-26,LONG,1906.21,1902.87,2020-10-26 11:01:00-04:00,2020-10-26 11:02:00-04:00,1906.28,1902.87,1919.9200000000003,2020-10-26 11:32:00-04:00,1902.87,SL,-1.0469
2020-10-27,LONG,1903.99,1900.76,2020-10-27 09:54:00-04:00,2020-10-27 09:55:00-04:00,1904.07,1900.76,1917.3099999999997,2020-10-28 06:39:00-04:00,1900.76,SL,-1.0483
2020-10-29,LONG,1869.92,1865.14,2020-10-29 10:55:00-04:00,2020-10-29 10:56:00-04:00,1870.35,1865.14,1891.1899999999991,2020-10-29 21:35:00-04:00,1865.14,SL,-1.0307
2020-10-30,LONG,1883.06,1878.94,2020-10-30 09:45:00-04:00,2020-10-30 09:46:00-04:00,1883.4,1878.94,1901.2400000000002,2020-10-30 11:40:00-04:00,1878.94,SL,-1.0359
2020-11-02,LONG,1892.81,1889.9,2020-11-02 12:07:00-05:00,2020-11-02 12:08:00-05:00,1893.87,1889.9,1909.749999999999,2020-11-03 03:27:00-05:00,1889.9,SL,-1.0403
2020-11-03,LONG,1908.03,1905.18,2020-11-03 11:37:00-05:00,2020-11-03 11:38:00-05:00,1908.8,1905.18,1923.2799999999995,2020-11-03 12:14:00-05:00,1905.18,SL,-1.0442
2020-11-05,LONG,1930.28,1926.99,2020-11-05 09:45:00-05:00,2020-11-05 09:46:00-05:00,1930.94,1926.99,1946.7400000000002,2020-11-05 10:24:00-05:00,1926.99,SL,-1.0405
2020-11-06,LONG,1959.46,1949.74,2020-11-06 09:46:00-05:00,2020-11-06 09:47:00-05:00,1959.72,1949.74,1999.64,2020-11-06 10:33:00-05:00,1949.74,SL,-1.016
2020-11-10,LONG,1878.56,1873.59,2020-11-10 10:08:00-05:00,2020-11-10 10:09:00-05:00,1878.81,1873.59,1899.69,2020-11-10 16:52:00-05:00,1873.59,SL,-1.0307
2020-11-11,LONG,1870.81,1861.73,2020-11-11 21:47:00-05:00,2020-11-11 21:48:00-05:00,1871.29,1861.73,1909.5299999999997,2020-11-19 01:45:00-05:00,1861.73,SL,-1.0167
2020-11-19,LONG,1859.8,1852.69,2020-11-19 09:53:00-05:00,2020-11-19 09:54:00-05:00,1859.98,1852.69,1889.1399999999999,2020-11-23 10:49:00-05:00,1852.69,SL,-1.0219
2020-11-24,LONG,1809.28,1804.36,2020-11-24 09:45:00-05:00,2020-11-24 09:46:00-05:00,1809.49,1804.36,1830.0100000000004,2020-11-24 10:03:00-05:00,1804.36,SL,-1.0312
2020-11-25,LONG,1816.67,1812.36,2020-11-25 10:47:00-05:00,2020-11-25 10:48:00-05:00,1817.38,1812.36,1837.460000000001,2020-11-25 11:00:00-05:00,1812.36,SL,-1.0319
2020-11-26,LONG,1814.01,1812.92,2020-11-26 09:50:00-05:00,2020-11-26 09:51:00-05:00,1814.04,1812.92,1818.5199999999995,2020-11-26 10:32:00-05:00,1812.92,SL,-1.1429
2020-11-30,LONG,1771.56,1767.86,2020-11-30 09:55:00-05:00,2020-11-30 09:56:00-05:00,1771.97,1767.86,1788.4100000000005,2020-12-01 03:27:00-05:00,1788.4100000000005,TP,3.9611
2020-12-01,LONG,1810.63,1807.38,2020-12-01 09:53:00-05:00,2020-12-01 09:54:00-05:00,1810.82,1807.38,1824.5799999999992,2020-12-01 10:35:00-05:00,1807.38,SL,-1.0465
2020-12-02,LONG,1824.66,1817.81,2020-12-02 11:30:00-05:00,2020-12-02 11:31:00-05:00,1824.82,1817.81,1852.86,2020-12-07 10:51:00-05:00,1852.86,TP,3.9772
2020-12-07,LONG,1838.75,1833.98,2020-12-07 10:52:00-05:00,2020-12-07 10:53:00-05:00,1853.62,1833.98,1932.1799999999994,2020-12-09 14:17:00-05:00,1833.98,SL,-1.0081
2020-12-10,LONG,1845.85,1838.17,2020-12-10 09:50:00-05:00,2020-12-10 09:51:00-05:00,1846.5,1838.17,1879.8199999999997,2020-12-10 11:47:00-05:00,1838.17,SL,-1.0192
2020-12-11,LONG,1839.73,1835.92,2020-12-11 09:52:00-05:00,2020-12-11 09:53:00-05:00,1839.88,1835.92,1855.7200000000003,2020-12-11 10:27:00-05:00,1835.92,SL,-1.0404
2020-12-14,LONG,1827.55,1823.63,2020-12-14 09:46:00-05:00,2020-12-14 09:47:00-05:00,1827.62,1823.63,1843.579999999999,2020-12-14 11:22:00-05:00,1823.63,SL,-1.0401
2020-12-15,LONG,1855.23,1849.48,2020-12-15 22:30:00-05:00,2020-12-15 22:31:00-05:00,1856.25,1849.48,1883.33,2020-12-16 09:20:00-05:00,1849.48,SL,-1.0236
2020-12-16,LONG,1854.98,1850.74,2020-12-16 10:07:00-05:00,2020-12-16 10:08:00-05:00,1856.24,1850.74,1878.24,2020-12-16 11:02:00-05:00,1850.74,SL,-1.0291
2020-12-17,LONG,1886.97,1878.34,2020-12-17 09:45:00-05:00,2020-12-17 09:46:00-05:00,1886.98,1878.34,1921.5400000000004,2020-12-18 04:12:00-05:00,1878.34,SL,-1.0185
2020-12-21,LONG,1883.51,1877.58,2020-12-21 09:48:00-05:00,2020-12-21 09:49:00-05:00,1883.87,1877.58,1909.0299999999997,2020-12-21 10:24:00-05:00,1877.58,SL,-1.0254
2020-12-22,LONG,1878.8,1875.4,2020-12-22 09:58:00-05:00,2020-12-22 09:59:00-05:00,1878.73,1875.4,1892.0499999999997,2020-12-22 10:40:00-05:00,1875.4,SL,-1.048
2020-12-23,LONG,1869.15,1862.57,2020-12-23 09:47:00-05:00,2020-12-23 09:48:00-05:00,1869.47,1862.57,1897.0700000000004,2020-12-27 21:50:00-05:00,1897.0700000000004,TP,3.9768
2020-12-28,LONG,1887.85,1882.39,2020-12-28 10:00:00-05:00,2020-12-28 10:01:00-05:00,1887.88,1882.39,1909.8400000000001,2020-12-28 11:54:00-05:00,1882.39,SL,-1.0291
2020-12-29,LONG,1880.04,1877.04,2020-12-29 10:03:00-05:00,2020-12-29 10:04:00-05:00,1880.13,1877.04,1892.4900000000007,2020-12-29 10:57:00-05:00,1877.04,SL,-1.0518
2020-12-30,LONG,1882.97,1880.7,2020-12-30 09:55:00-05:00,2020-12-30 09:56:00-05:00,1883.33,1880.7,1893.8499999999995,2020-12-30 10:20:00-05:00,1880.7,SL,-1.0608
2020-12-31,LONG,1898.11,1896.34,2020-12-31 09:58:00-05:00,2020-12-31 09:59:00-05:00,1898.56,1896.34,1907.44,2020-12-31 10:34:00-05:00,1896.34,SL,-1.0721
2021-01-04,LONG,1942.01,1937.06,2021-01-04 10:42:00-05:00,2021-01-04 10:43:00-05:00,1942.93,1937.06,1966.4100000000005,2021-01-04 11:09:00-05:00,1937.06,SL,-1.0273
2021-01-05,LONG,1950.74,1946.23,2021-01-05 09:54:00-05:00,2021-01-05 09:55:00-05:00,1951.61,1946.23,1973.1299999999994,2021-01-05 10:33:00-05:00,1946.23,SL,-1.0297
2021-01-07,LONG,1918.82,1915.32,2021-01-07 10:22:00-05:00,2021-01-07 10:23:00-05:00,1919.4,1915.32,1935.7200000000007,2021-01-07 10:28:00-05:00,1915.32,SL,-1.0392
2021-01-08,LONG,1889.23,1876.3,2021-01-08 09:58:00-05:00,2021-01-08 09:59:00-05:00,1890.19,1876.3,1945.7500000000005,2021-01-08 10:42:00-05:00,1876.3,SL,-1.0115
2021-01-11,LONG,1839.27,1832.86,2021-01-11 10:39:00-05:00,2021-01-11 10:40:00-05:00,1841.03,1832.86,1873.7100000000003,2021-01-13 22:31:00-05:00,1832.86,SL,-1.0196
2021-01-14,LONG,1843.68,1837.52,2021-01-14 09:58:00-05:00,2021-01-14 09:59:00-05:00,1843.74,1837.52,1868.6200000000001,2021-01-15 09:50:00-05:00,1837.52,SL,-1.0257
2021-01-18,LONG,1834.99,1833.54,2021-01-18 09:56:00-05:00,2021-01-18 09:57:00-05:00,1835.12,1833.54,1841.4399999999996,2021-01-18 10:47:00-05:00,1833.54,SL,-1.1013
2021-01-19,LONG,1838.98,1835.83,2021-01-19 09:47:00-05:00,2021-01-19 09:48:00-05:00,1839.74,1835.83,1855.3800000000003,2021-01-19 10:44:00-05:00,1835.83,SL,-1.0409
2021-01-20,LONG,1845.87,1840.15,2021-01-20 09:45:00-05:00,2021-01-20 09:46:00-05:00,1845.92,1840.15,1869.0,2021-01-20 11:39:00-05:00,1869.0,TP,3.9723
2021-01-21,LONG,1870.03,1866.46,2021-01-21 16:50:00-05:00,2021-01-21 16:51:00-05:00,1870.1,1866.46,1884.6599999999994,2021-01-21 21:00:00-05:00,1866.46,SL,-1.044
2021-01-22,LONG,1843.19,1837.4,2021-01-22 09:46:00-05:00,2021-01-22 09:47:00-05:00,1843.48,1837.4,1867.7999999999997,2021-01-25 09:24:00-05:00,1867.7999999999997,TP,3.9737
2021-01-27,LONG,1843.96,1839.26,2021-01-27 10:02:00-05:00,2021-01-27 10:03:00-05:00,1844.23,1839.26,1864.1100000000001,2021-01-27 10:35:00-05:00,1839.26,SL,-1.0322
2021-01-28,LONG,1847.11,1837.65,2021-01-28 09:45:00-05:00,2021-01-28 09:46:00-05:00,1850.86,1837.65,1903.6999999999991,2021-01-28 14:07:00-05:00,1837.65,SL,-1.0121
2021-01-29,LONG,1872.24,1865.0,2021-01-29 09:45:00-05:00,2021-01-29 09:46:00-05:00,1873.25,1865.0,1906.25,2021-01-29 10:29:00-05:00,1865.0,SL,-1.0194
2021-02-01,LONG,1867.69,1861.6,2021-02-01 09:46:00-05:00,2021-02-01 09:47:00-05:00,1867.91,1861.6,1893.1500000000008,2021-02-01 10:31:00-05:00,1861.6,SL,-1.0254
2021-02-02,LONG,1835.36,1831.2,2021-02-02 09:57:00-05:00,2021-02-02 09:58:00-05:00,1836.84,1831.2,1859.3999999999994,2021-02-02 10:53:00-05:00,1831.2,SL,-1.0284
2021-02-03,LONG,1840.08,1836.57,2021-02-03 10:34:00-05:00,2021-02-03 10:35:00-05:00,1840.33,1836.57,1855.37,2021-02-03 10:43:00-05:00,1836.57,SL,-1.0426
2021-02-05,LONG,1806.4,1797.25,2021-02-05 11:22:00-05:00,2021-02-05 11:23:00-05:00,1806.82,1797.25,1845.0999999999997,2021-02-09 04:58:00-05:00,1845.0999999999997,TP,3.9833
2021-02-09,LONG,1846.14,1841.24,2021-02-09 09:46:00-05:00,2021-02-09 09:47:00-05:00,1847.08,1841.24,1870.4399999999996,2021-02-09 10:12:00-05:00,1841.24,SL,-1.0274
2021-02-12,LONG,1814.79,1810.52,2021-02-12 09:51:00-05:00,2021-02-12 09:52:00-05:00,1815.09,1810.52,1833.3699999999997,2021-02-16 08:49:00-05:00,1810.52,SL,-1.035
2021-02-16,LONG,1806.74,1798.68,2021-02-16 11:17:00-05:00,2021-02-16 11:18:00-05:00,1807.75,1798.68,1844.0299999999997,2021-02-16 12:51:00-05:00,1798.68,SL,-1.0176
2021-02-17,LONG,1780.25,1774.01,2021-02-17 09:54:00-05:00,2021-02-17 09:55:00-05:00,1780.9,1774.01,1808.4600000000005,2021-02-17 11:53:00-05:00,1774.01,SL,-1.0232
2021-02-18,LONG,1785.48,1781.92,2021-02-18 09:58:00-05:00,2021-02-18 09:59:00-05:00,1786.82,1781.92,1806.4199999999994,2021-02-18 10:05:00-05:00,1781.92,SL,-1.0327
2021-02-19,LONG,1773.49,1769.42,2021-02-19 09:47:00-05:00,2021-02-19 09:48:00-05:00,1774.66,1769.42,1795.6200000000001,2021-02-22 05:18:00-05:00,1795.6200000000001,TP,3.9695
2021-02-22,LONG,1800.43,1793.81,2021-02-22 10:34:00-05:00,2021-02-22 10:35:00-05:00,1800.73,1793.81,1828.4100000000003,2021-02-24 09:47:00-05:00,1793.81,SL,-1.0231
2021-02-24,LONG,1802.88,1797.06,2021-02-24 13:00:00-05:00,2021-02-24 13:01:00-05:00,1804.02,1797.06,1831.8600000000001,2021-02-24 14:04:00-05:00,1797.06,SL,-1.023
2021-02-25,LONG,1784.26,1779.46,2021-02-25 09:47:00-05:00,2021-02-25 09:48:00-05:00,1784.22,1779.46,1803.26,2021-02-25 09:57:00-05:00,1779.46,SL,-1.0336
2021-03-01,LONG,1738.63,1730.82,2021-03-01 09:51:00-05:00,2021-03-01 09:52:00-05:00,1739.47,1730.82,1774.0700000000004,2021-03-01 13:13:00-05:00,1730.82,SL,-1.0185
2021-03-02,LONG,1729.17,1725.92,2021-03-02 10:04:00-05:00,2021-03-02 10:05:00-05:00,1729.24,1725.92,1742.5199999999998,2021-03-02 10:22:00-05:00,1725.92,SL,-1.0482
2021-03-03,LONG,1716.37,1710.75,2021-03-03 11:58:00-05:00,2021-03-03 11:59:00-05:00,1716.67,1710.75,1740.3500000000004,2021-03-03 19:14:00-05:00,1710.75,SL,-1.027
2021-03-04,LONG,1718.68,1713.89,2021-03-04 11:36:00-05:00,2021-03-04 11:37:00-05:00,1718.86,1713.89,1738.739999999999,2021-03-04 13:11:00-05:00,1713.89,SL,-1.0322
2021-03-05,LONG,1697.92,1687.28,2021-03-05 09:45:00-05:00,2021-03-05 09:46:00-05:00,1698.75,1687.28,1744.63,2021-03-08 07:50:00-05:00,1687.28,SL,-1.0139
2021-03-08,LONG,1695.14,1689.85,2021-03-08 10:11:00-05:00,2021-03-08 10:12:00-05:00,1695.33,1689.85,1717.25,2021-03-08 10:33:00-05:00,1689.85,SL,-1.0292
2021-03-09,LONG,1711.14,1707.97,2021-03-09 09:48:00-05:00,2021-03-09 09:49:00-05:00,1712.09,1707.97,1728.5699999999995,2021-03-10 22:06:00-05:00,1728.5699999999995,TP,3.9612
2021-03-10,LONG,1723.67,1712.31,2021-03-10 22:07:00-05:00,2021-03-10 22:08:00-05:00,1729.39,1712.31,1797.7100000000007,2021-03-12 02:12:00-05:00,1712.31,SL,-1.0094
2021-03-12,LONG,1707.41,1703.93,2021-03-12 10:56:00-05:00,2021-03-12 10:57:00-05:00,1707.89,1703.93,1723.7300000000002,2021-03-12 11:08:00-05:00,1703.93,SL,-1.0404
2021-03-15,LONG,1732.05,1728.78,2021-03-15 09:55:00-04:00,2021-03-15 09:56:00-04:00,1732.87,1728.78,1749.2299999999996,2021-03-15 11:29:00-04:00,1728.78,SL,-1.0391
2021-03-16,LONG,1736.16,1730.86,2021-03-16 11:23:00-04:00,2021-03-16 11:24:00-04:00,1736.79,1730.86,1760.5100000000002,2021-03-16 12:31:00-04:00,1730.86,SL,-1.027
2021-03-17,LONG,1730.92,1728.48,2021-03-17 09:45:00-04:00,2021-03-17 09:46:00-04:00,1731.47,1728.48,1743.43,2021-03-17 10:01:00-04:00,1728.48,SL,-1.0535
2021-03-18,LONG,1732.01,1726.42,2021-03-18 13:02:00-04:00,2021-03-18 13:03:00-04:00,1732.76,1726.42,1758.1199999999997,2021-03-23 11:06:00-04:00,1726.42,SL,-1.0252
2021-03-24,LONG,1733.31,1731.03,2021-03-24 10:05:00-04:00,2021-03-24 10:06:00-04:00,1733.61,1731.03,1743.9299999999996,2021-03-24 10:22:00-04:00,1731.03,SL,-1.062
2021-03-25,LONG,1730.52,1725.32,2021-03-25 10:00:00-04:00,2021-03-25 10:01:00-04:00,1730.88,1725.32,1753.1200000000008,2021-03-25 14:02:00-04:00,1725.32,SL,-1.0288
2021-03-26,LONG,1728.83,1724.71,2021-03-26 11:00:00-04:00,2021-03-26 11:01:00-04:00,1729.67,1724.71,1749.5100000000002,2021-03-29 05:17:00-04:00,1724.71,SL,-1.0323
2021-03-30,LONG,1684.5,1678.77,2021-03-30 10:07:00-04:00,2021-03-30 10:08:00-04:00,1684.8,1678.77,1708.9199999999998,2021-03-30 22:47:00-04:00,1678.77,SL,-1.0265
2021-03-31,LONG,1689.5,1684.28,2021-03-31 10:32:00-04:00,2021-03-31 10:33:00-04:00,1689.66,1684.28,1711.1800000000005,2021-03-31 13:51:00-04:00,1711.1800000000005,TP,3.9703
2021-04-01,LONG,1719.15,1715.89,2021-04-01 09:52:00-04:00,2021-04-01 09:53:00-04:00,1719.74,1715.89,1735.1399999999996,2021-04-05 22:35:00-04:00,1735.1399999999996,TP,3.9584
2021-04-05,LONG,1729.61,1726.29,2021-04-05 22:36:00-04:00,2021-04-05 22:37:00-04:00,1734.69,1726.29,1768.2900000000004,2021-04-13 02:33:00-04:00,1726.29,SL,-1.019
2021-04-13,LONG,1740.56,1728.89,2021-04-13 09:45:00-04:00,2021-04-13 09:46:00-04:00,1740.91,1728.89,1788.99,2021-04-19 06:24:00-04:00,1788.99,TP,3.9867
2021-04-19,LONG,1778.4,1776.23,2021-04-19 09:48:00-04:00,2021-04-19 09:49:00-04:00,1778.51,1776.23,1787.6299999999999,2021-04-19 09:57:00-04:00,1776.23,SL,-1.0702
2021-04-20,LONG,1771.21,1766.13,2021-04-20 10:38:00-04:00,2021-04-20 10:39:00-04:00,1771.31,1766.13,1792.0299999999993,2021-04-21 10:47:00-04:00,1792.0299999999993,TP,3.9691
2021-04-21,LONG,1787.77,1785.06,2021-04-21 10:48:00-04:00,2021-04-21 10:49:00-04:00,1792.31,1785.06,1821.31,2021-04-22 07:56:00-04:00,1785.06,SL,-1.0221
2021-04-22,LONG,1787.28,1783.1,2021-04-22 10:54:00-04:00,2021-04-22 10:55:00-04:00,1787.35,1783.1,1804.35,2021-04-22 12:17:00-04:00,1783.1,SL,-1.0376
2021-04-23,LONG,1794.94,1793.31,2021-04-23 09:46:00-04:00,2021-04-23 09:47:00-04:00,1795.03,1793.31,1801.91,2021-04-23 09:59:00-04:00,1793.31,SL,-1.093
2021-04-26,LONG,1774.87,1769.49,2021-04-26 09:46:00-04:00,2021-04-26 09:47:00-04:00,1775.38,1769.49,1798.9400000000005,2021-04-27 22:04:00-04:00,1769.49,SL,-1.0272
2021-04-28,LONG,1768.75,1762.62,2021-04-28 09:56:00-04:00,2021-04-28 09:57:00-04:00,1769.02,1762.62,1794.6200000000003,2021-04-29 10:51:00-04:00,1762.62,SL,-1.025
2021-04-30,LONG,1771.09,1765.53,2021-04-30 10:04:00-04:00,2021-04-30 10:05:00-04:00,1771.29,1765.53,1794.33,2021-04-30 11:05:00-04:00,1765.53,SL,-1.0278
2021-05-03,LONG,1786.41,1783.61,2021-05-03 09:50:00-04:00,2021-05-03 09:51:00-04:00,1786.73,1783.61,1799.2100000000005,2021-05-04 06:37:00-04:00,1783.61,SL,-1.0513
2021-05-04,LONG,1787.37,1785.86,2021-05-04 09:48:00-04:00,2021-05-04 09:49:00-04:00,1787.55,1785.86,1794.3100000000002,2021-05-04 10:57:00-04:00,1794.3100000000002,TP,3.9053
2021-05-05,LONG,1777.57,1770.49,2021-05-05 09:45:00-04:00,2021-05-05 09:46:00-04:00,1778.08,1770.49,1808.4399999999996,2021-05-06 10:42:00-04:00,1808.4399999999996,TP,3.9789
2021-05-06,LONG,1796.25,1791.9,2021-05-06 10:43:00-04:00,2021-05-06 10:44:00-04:00,1806.6,1791.9,1865.3999999999992,2021-05-17 12:21:00-04:00,1865.3999999999992,TP,3.9891
2021-05-17,LONG,1848.55,1846.17,2021-05-17 12:22:00-04:00,2021-05-17 12:23:00-04:00,1865.04,1846.17,1940.5199999999995,2021-06-14 09:46:00-04:00,1846.17,SL,-1.0085
2021-06-14,LONG,1852.48,1847.73,2021-06-14 10:35:00-04:00,2021-06-14 10:36:00-04:00,1853.14,1847.73,1874.7800000000004,2021-06-16 15:01:00-04:00,1847.73,SL,-1.0296
2021-06-17,LONG,1785.15,1776.76,2021-06-17 09:53:00-04:00,2021-06-17 09:54:00-04:00,1785.25,1776.76,1819.21,2021-06-17 11:06:00-04:00,1776.76,SL,-1.0188
2021-06-21,LONG,1777.01,1773.94,2021-06-21 10:05:00-04:00,2021-06-21 10:06:00-04:00,1777.24,1773.94,1790.4399999999998,2021-06-21 10:51:00-04:00,1773.94,SL,-1.0485
2021-06-22,LONG,1778.23,1772.44,2021-06-22 10:05:00-04:00,2021-06-22 10:06:00-04:00,1779.18,1772.44,1806.14,2021-06-27 22:38:00-04:00,1772.44,SL,-1.0237
2021-06-28,LONG,1777.81,1773.44,2021-06-28 09:46:00-04:00,2021-06-28 09:47:00-04:00,1777.88,1773.44,1795.6400000000003,2021-06-29 04:27:00-04:00,1773.44,SL,-1.036
2021-06-30,LONG,1759.08,1755.02,2021-06-30 10:00:00-04:00,2021-06-30 10:01:00-04:00,1759.04,1755.02,1775.12,2021-06-30 10:18:00-04:00,1755.02,SL,-1.0398
2021-07-01,LONG,1776.81,1772.38,2021-07-01 09:47:00-04:00,2021-07-01 09:48:00-04:00,1777.21,1772.38,1796.5299999999997,2021-07-01 12:13:00-04:00,1772.38,SL,-1.0331
2021-07-02,LONG,1793.86,1775.84,2021-07-02 10:07:00-04:00,2021-07-02 10:08:00-04:00,1794.57,1775.84,1869.49,2021-08-06 09:50:00-04:00,1775.84,SL,-1.0085
2021-08-10,LONG,1730.64,1726.28,2021-08-10 12:43:00-04:00,2021-08-10 12:44:00-04:00,1730.89,1726.28,1749.3300000000006,2021-08-10 21:01:00-04:00,1726.28,SL,-1.0347
2021-08-11,LONG,1747.02,1735.51,2021-08-11 09:48:00-04:00,2021-08-11 09:49:00-04:00,1747.03,1735.51,1793.11,2021-08-17 04:05:00-04:00,1793.11,TP,3.9861
2021-08-19,LONG,1789.86,1786.34,2021-08-19 10:06:00-04:00,2021-08-19 10:07:00-04:00,1790.44,1786.34,1806.8400000000006,2021-08-19 10:31:00-04:00,1786.34,SL,-1.039
2021-08-23,LONG,1799.57,1793.43,2021-08-23 09:50:00-04:00,2021-08-23 09:51:00-04:00,1799.91,1793.43,1825.8300000000002,2021-08-25 01:30:00-04:00,1793.43,SL,-1.0247
2021-08-25,LONG,1794.63,1790.42,2021-08-25 09:45:00-04:00,2021-08-25 09:46:00-04:00,1795.58,1790.42,1816.2199999999993,2021-08-25 10:39:00-04:00,1790.42,SL,-1.031
2021-08-26,LONG,1790.86,1781.41,2021-08-26 11:28:00-04:00,2021-08-26 11:29:00-04:00,1791.4,1781.41,1831.3600000000001,2021-09-03 12:06:00-04:00,1831.3600000000001,TP,3.984
2021-09-03,LONG,1829.4,1814.19,2021-09-03 12:07:00-04:00,2021-09-03 12:08:00-04:00,1831.52,1814.19,1900.8399999999997,2021-09-07 05:18:00-04:00,1814.19,SL,-1.0092
2021-09-07,LONG,1813.14,1810.26,2021-09-07 10:31:00-04:00,2021-09-07 10:32:00-04:00,1813.96,1810.26,1828.7600000000002,2021-09-07 10:48:00-04:00,1810.26,SL,-1.0432
2021-09-09,LONG,1796.92,1791.5,2021-09-09 10:13:00-04:00,2021-09-09 10:14:00-04:00,1797.92,1791.5,1823.6000000000004,2021-09-09 10:55:00-04:00,1791.5,SL,-1.0249
2021-09-13,LONG,1789.08,1786.74,2021-09-13 10:11:00-04:00,2021-09-13 10:12:00-04:00,1789.1,1786.74,1798.5399999999995,2021-09-14 07:09:00-04:00,1786.74,SL,-1.0678
2021-09-14,LONG,1793.68,1779.6,2021-09-14 09:54:00-04:00,2021-09-14 09:55:00-04:00,1794.9,1779.6,1856.1000000000008,2021-09-16 06:53:00-04:00,1779.6,SL,-1.0105
2021-09-20,LONG,1760.38,1756.81,2021-09-20 11:18:00-04:00,2021-09-20 11:19:00-04:00,1760.48,1756.81,1775.1600000000003,2021-09-21 10:57:00-04:00,1775.1600000000003,TP,3.9564
2021-09-21,LONG,1775.0,1770.3,2021-09-21 11:27:00-04:00,2021-09-21 11:28:00-04:00,1775.66,1770.3,1797.1000000000006,2021-09-22 15:00:00-04:00,1770.3,SL,-1.0299
2021-09-22,LONG,1775.1,1773.1,2021-09-22 15:02:00-04:00,2021-09-22 15:03:00-04:00,1775.2,1773.1,1783.6000000000006,2021-09-22 15:05:00-04:00,1783.6000000000006,TP,3.9238
2021-09-24,LONG,1749.39,1745.11,2021-09-24 12:00:00-04:00,2021-09-24 12:01:00-04:00,1750.94,1745.11,1774.2600000000007,2021-09-27 07:09:00-04:00,1745.11,SL,-1.0274
2021-09-27,LONG,1753.54,1748.58,2021-09-27 09:51:00-04:00,2021-09-27 09:52:00-04:00,1754.22,1748.58,1776.7800000000004,2021-09-27 22:01:00-04:00,1748.58,SL,-1.0284
2021-09-28,LONG,1736.36,1729.12,2021-09-28 10:07:00-04:00,2021-09-28 10:08:00-04:00,1736.64,1729.12,1766.720000000001,2021-09-29 11:19:00-04:00,1729.12,SL,-1.0213
2021-09-30,LONG,1732.55,1728.43,2021-09-30 09:54:00-04:00,2021-09-30 09:55:00-04:00,1733.41,1728.43,1753.3300000000002,2021-09-30 11:28:00-04:00,1753.3300000000002,TP,3.9679
2021-10-01,LONG,1757.19,1752.24,2021-10-01 09:45:00-04:00,2021-10-01 09:46:00-04:00,1757.78,1752.24,1779.9399999999998,2021-10-04 05:28:00-04:00,1752.24,SL,-1.0289
2021-10-04,LONG,1758.3,1751.73,2021-10-04 11:21:00-04:00,2021-10-04 11:22:00-04:00,1759.65,1751.73,1791.3300000000004,2021-10-05 10:17:00-04:00,1751.73,SL,-1.0202
2021-10-05,LONG,1761.26,1757.66,2021-10-05 14:42:00-04:00,2021-10-05 14:43:00-04:00,1761.6,1757.66,1777.3599999999992,2021-10-05 21:18:00-04:00,1757.66,SL,-1.0406
2021-10-06,LONG,1761.2,1757.97,2021-10-06 11:45:00-04:00,2021-10-06 11:46:00-04:00,1761.26,1757.97,1774.4199999999998,2021-10-06 12:07:00-04:00,1757.97,SL,-1.0486
2021-10-07,LONG,1759.66,1754.16,2021-10-07 11:00:00-04:00,2021-10-07 11:01:00-04:00,1760.52,1754.16,1785.9599999999996,2021-10-07 21:05:00-04:00,1754.16,SL,-1.0252
2021-10-08,LONG,1776.79,1760.06,2021-10-08 10:04:00-04:00,2021-10-08 10:05:00-04:00,1778.2,1760.06,1850.7600000000004,2021-10-08 11:34:00-04:00,1760.06,SL,-1.0088
2021-10-11,LONG,1755.46,1752.44,2021-10-11 10:32:00-04:00,2021-10-11 10:33:00-04:00,1755.6,1752.44,1768.2399999999993,2021-10-11 21:02:00-04:00,1752.44,SL,-1.0506
2021-10-12,LONG,1757.6,1754.01,2021-10-12 09:55:00-04:00,2021-10-12 09:56:00-04:00,1758.49,1754.01,1776.41,2021-10-13 09:09:00-04:00,1776.41,TP,3.9643
2021-10-13,LONG,1777.51,1758.24,2021-10-13 10:39:00-04:00,2021-10-13 10:40:00-04:00,1779.76,1758.24,1865.84,2021-11-03 11:45:00-04:00,1758.24,SL,-1.0074
2021-11-04,LONG,1789.17,1783.56,2021-11-04 09:46:00-04:00,2021-11-04 09:47:00-04:00,1789.42,1783.56,1812.8600000000006,2021-11-05 13:25:00-04:00,1812.8600000000006,TP,3.9727
2021-11-05,LONG,1797.35,1785.1,2021-11-05 13:26:00-04:00,2021-11-05 13:27:00-04:00,1814.92,1785.1,1934.2000000000007,2021-11-23 09:38:00-05:00,1785.1,SL,-1.0054
2021-11-23,LONG,1789.29,1784.2,2021-11-23 10:10:00-05:00,2021-11-23 10:11:00-05:00,1789.46,1784.2,1810.5,2021-11-23 12:12:00-05:00,1784.2,SL,-1.0304
2021-11-24,LONG,1787.81,1782.01,2021-11-24 12:31:00-05:00,2021-11-24 12:32:00-05:00,1789.06,1782.01,1817.2599999999998,2021-11-26 12:43:00-05:00,1782.01,SL,-1.0227
2021-11-30,LONG,1796.5,1791.26,2021-11-30 09:45:00-05:00,2021-11-30 09:46:00-05:00,1796.74,1791.26,1818.66,2021-11-30 11:38:00-05:00,1791.26,SL,-1.0292
2021-12-01,LONG,1790.46,1787.22,2021-12-01 11:05:00-05:00,2021-12-01 11:06:00-05:00,1791.84,1787.22,1810.3199999999995,2021-12-01 11:13:00-05:00,1787.22,SL,-1.0346
2021-12-02,LONG,1777.65,1773.54,2021-12-02 10:12:00-05:00,2021-12-02 10:13:00-05:00,1778.22,1773.54,1796.9400000000003,2021-12-02 10:34:00-05:00,1773.54,SL,-1.0342
2021-12-03,LONG,1778.59,1769.52,2021-12-03 12:55:00-05:00,2021-12-03 12:56:00-05:00,1779.03,1769.52,1817.07,2021-12-14 10:00:00-05:00,1769.52,SL,-1.0168
2021-12-15,LONG,1773.69,1769.67,2021-12-15 16:06:00-05:00,2021-12-15 16:07:00-05:00,1774.01,1769.67,1791.3699999999997,2021-12-16 10:42:00-05:00,1791.3699999999997,TP,3.9631
2021-12-16,LONG,1789.58,1786.14,2021-12-16 10:43:00-05:00,2021-12-16 10:44:00-05:00,1791.99,1786.14,1815.3899999999996,2021-12-21 11:44:00-05:00,1786.14,SL,-1.0274
2021-12-22,LONG,1793.29,1790.8,2021-12-22 09:49:00-05:00,2021-12-22 09:50:00-05:00,1793.32,1790.8,1803.3999999999999,2021-12-22 10:47:00-05:00,1790.8,SL,-1.0635
2021-12-23,LONG,1810.03,1806.67,2021-12-23 14:28:00-05:00,2021-12-23 14:29:00-05:00,1810.14,1806.67,1824.0200000000002,2021-12-26 19:05:00-05:00,1806.67,SL,-1.0461
2021-12-27,LONG,1808.26,1802.92,2021-12-27 09:50:00-05:00,2021-12-27 09:51:00-05:00,1808.8,1802.92,1832.3199999999995,2021-12-29 04:00:00-05:00,1802.92,SL,-1.0272
2021-12-29,LONG,1793.73,1791.19,2021-12-29 10:35:00-05:00,2021-12-29 10:36:00-05:00,1794.78,1791.19,1809.1399999999996,2021-12-30 12:12:00-05:00,1809.1399999999996,TP,3.9554
2021-12-30,LONG,1802.86,1799.64,2021-12-30 12:13:00-05:00,2021-12-30 12:14:00-05:00,1809.9,1799.64,1850.94,2022-01-03 12:07:00-05:00,1799.64,SL,-1.0156
2022-01-04,LONG,1805.27,1802.68,2022-01-04 09:51:00-05:00,2022-01-04 09:52:00-05:00,1805.59,1802.68,1817.2299999999993,2022-01-05 04:21:00-05:00,1817.2299999999993,TP,3.945
2022-01-05,LONG,1827.38,1821.14,2022-01-05 10:40:00-05:00,2022-01-05 10:41:00-05:00,1827.77,1821.14,1854.2899999999995,2022-01-05 11:34:00-05:00,1821.14,SL,-1.0241
2022-01-06,LONG,1793.23,1787.73,2022-01-06 10:33:00-05:00,2022-01-06 10:34:00-05:00,1793.31,1787.73,1815.6299999999997,2022-01-06 15:00:00-05:00,1787.73,SL,-1.0287
2022-01-07,LONG,1796.18,1782.64,2022-01-07 13:53:00-05:00,2022-01-07 13:54:00-05:00,1796.44,1782.64,1851.6399999999999,2022-01-25 10:47:00-05:00,1851.6399999999999,TP,3.9884
2022-01-25,LONG,1842.57,1840.42,2022-01-25 10:48:00-05:00,2022-01-25 10:49:00-05:00,1851.1,1840.42,1893.8199999999993,2022-01-26 10:15:00-05:00,1840.42,SL,-1.015
2022-01-27,LONG,1806.52,1802.42,2022-01-27 10:38:00-05:00,2022-01-27 10:39:00-05:00,1807.99,1802.42,1830.2699999999998,2022-01-27 11:23:00-05:00,1802.42,SL,-1.0287
2022-01-28,LONG,1791.12,1785.5,2022-01-28 11:10:00-05:00,2022-01-28 11:11:00-05:00,1791.41,1785.5,1815.0500000000004,2022-01-28 11:18:00-05:00,1785.5,SL,-1.0271
2022-01-31,LONG,1793.28,1789.64,2022-01-31 09:46:00-05:00,2022-01-31 09:47:00-05:00,1793.62,1789.64,1809.539999999999,2022-02-02 11:26:00-05:00,1809.539999999999,TP,3.9598
2022-02-02,LONG,1805.89,1802.17,2022-02-02 11:27:00-05:00,2022-02-02 11:28:00-05:00,1809.33,1802.17,1837.9699999999993,2022-02-03 08:01:00-05:00,1802.17,SL,-1.0223
2022-02-03,LONG,1804.37,1801.86,2022-02-03 10:03:00-05:00,2022-02-03 10:04:00-05:00,1804.45,1801.86,1814.8100000000006,2022-02-03 10:30:00-05:00,1801.86,SL,-1.0618
2022-02-07,LONG,1816.98,1813.78,2022-02-07 12:25:00-05:00,2022-02-07 12:26:00-05:00,1817.04,1813.78,1830.08,2022-02-09 09:00:00-05:00,1830.08,TP,3.9509
2022-02-09,LONG,1831.36,1827.48,2022-02-09 12:38:00-05:00,2022-02-09 12:39:00-05:00,1831.47,1827.48,1847.43,2022-02-10 09:31:00-05:00,1827.48,SL,-1.0401
2022-02-10,LONG,1837.24,1821.68,2022-02-10 11:35:00-05:00,2022-02-10 11:36:00-05:00,1839.28,1821.68,1909.6799999999996,2022-02-11 03:21:00-05:00,1821.68,SL,-1.0091
2022-02-11,LONG,1828.89,1826.51,2022-02-11 10:16:00-05:00,2022-02-11 10:17:00-05:00,1829.07,1826.51,1839.3099999999997,2022-02-11 13:09:00-05:00,1839.3099999999997,TP,3.9375
2022-02-14,LONG,1860.71,1855.33,2022-02-14 09:45:00-05:00,2022-02-14 09:46:00-05:00,1860.74,1855.33,1882.3800000000003,2022-02-15 05:22:00-05:00,1855.33,SL,-1.0296
2022-02-15,LONG,1853.72,1844.64,2022-02-15 10:07:00-05:00,2022-02-15 10:08:00-05:00,1853.79,1844.64,1890.3899999999994,2022-02-17 04:28:00-05:00,1890.3899999999994,TP,3.9825
2022-02-17,LONG,1897.57,1891.45,2022-02-17 13:11:00-05:00,2022-02-17 13:12:00-05:00,1898.25,1891.45,1925.4499999999998,2022-02-17 21:37:00-05:00,1891.45,SL,-1.0235
2022-02-21,LONG,1897.06,1894.62,2022-02-21 09:57:00-05:00,2022-02-21 09:58:00-05:00,1897.18,1894.62,1907.4200000000008,2022-02-21 10:09:00-05:00,1894.62,SL,-1.0625
2022-02-22,LONG,1906.0,1900.67,2022-02-22 10:36:00-05:00,2022-02-22 10:37:00-05:00,1906.72,1900.67,1930.9199999999998,2022-02-22 11:06:00-05:00,1900.67,SL,-1.0264
2022-02-23,LONG,1904.5,1899.3,2022-02-23 10:59:00-05:00,2022-02-23 11:00:00-05:00,1906.17,1899.3,1933.6500000000005,2022-02-24 00:10:00-05:00,1933.6500000000005,TP,3.9767
2022-02-28,LONG,1916.01,1910.1,2022-02-28 09:53:00-05:00,2022-02-28 09:54:00-05:00,1916.71,1910.1,1943.1500000000005,2022-02-28 10:33:00-05:00,1910.1,SL,-1.0242
2022-03-01,LONG,1919.4,1913.47,2022-03-01 10:02:00-05:00,2022-03-01 10:03:00-05:00,1919.31,1913.47,1942.6699999999996,2022-03-01 14:58:00-05:00,1942.6699999999996,TP,3.9726
2022-03-02,LONG,1934.58,1926.52,2022-03-02 10:05:00-05:00,2022-03-02 10:06:00-05:00,1934.58,1926.52,1966.8199999999997,2022-03-02 10:36:00-05:00,1926.52,SL,-1.0199
2022-03-03,LONG,1931.88,1926.95,2022-03-03 13:43:00-05:00,2022-03-03 13:44:00-05:00,1932.09,1926.95,1952.6499999999994,2022-03-04 10:32:00-05:00,1952.6499999999994,TP,3.9689
2022-03-04,LONG,1947.04,1942.33,2022-03-04 10:33:00-05:00,2022-03-04 10:34:00-05:00,1954.93,1942.33,2005.3300000000006,2022-03-08 02:35:00-05:00,2005.3300000000006,TP,3.9873
2022-03-08,LONG,2018.52,2010.81,2022-03-08 09:46:00-05:00,2022-03-08 09:47:00-05:00,2019.38,2010.81,2053.6600000000008,2022-03-08 11:07:00-05:00,2053.6600000000008,TP,3.9813
2022-03-09,LONG,1998.95,1992.0,2022-03-09 12:10:00-05:00,2022-03-09 12:11:00-05:00,1999.32,1992.0,2028.5999999999997,2022-03-09 13:22:00-05:00,1992.0,SL,-1.0219
2022-03-11,LONG,1972.86,1963.45,2022-03-11 10:37:00-05:00,2022-03-11 10:38:00-05:00,1973.56,1963.45,2013.9999999999995,2022-03-14 06:16:00-04:00,1963.45,SL,-1.0158
2022-03-15,LONG,1925.71,1919.33,2022-03-15 12:55:00-04:00,2022-03-15 12:56:00-04:00,1926.27,1919.33,1954.0300000000002,2022-03-15 16:26:00-04:00,1919.33,SL,-1.0231
2022-03-16,LONG,1919.83,1915.43,2022-03-16 09:53:00-04:00,2022-03-16 09:54:00-04:00,1920.65,1915.43,1941.5300000000002,2022-03-16 10:39:00-04:00,1915.43,SL,-1.0307
2022-03-17,LONG,1942.6,1936.25,2022-03-17 10:17:00-04:00,2022-03-17 10:18:00-04:00,1942.95,1936.25,1969.7500000000002,2022-03-17 16:50:00-04:00,1936.25,SL,-1.0239
2022-03-21,LONG,1925.91,1923.54,2022-03-21 09:55:00-04:00,2022-03-21 09:56:00-04:00,1926.05,1923.54,1936.09,2022-03-21 10:04:00-04:00,1923.54,SL,-1.0637
2022-03-22,LONG,1929.24,1925.25,2022-03-22 09:47:00-04:00,2022-03-22 09:48:00-04:00,1929.54,1925.25,1946.6999999999998,2022-03-22 10:05:00-04:00,1925.25,SL,-1.0373
2022-03-23,LONG,1928.41,1925.64,2022-03-23 09:59:00-04:00,2022-03-23 10:00:00-04:00,1928.98,1925.64,1942.3399999999997,2022-03-23 16:33:00-04:00,1942.3399999999997,TP,3.9521
2022-03-24,LONG,1949.13,1942.54,2022-03-24 09:59:00-04:00,2022-03-24 10:00:00-04:00,1949.28,1942.54,1976.24,2022-03-28 00:55:00-04:00,1942.54,SL,-1.0237
2022-03-28,LONG,1943.81,1940.01,2022-03-28 09:49:00-04:00,2022-03-28 09:50:00-04:00,1943.84,1940.01,1959.1599999999996,2022-03-28 09:56:00-04:00,1940.01,SL,-1.0418
2022-03-29,LONG,1897.93,1890.02,2022-03-29 10:12:00-04:00,2022-03-29 10:13:00-04:00,1897.99,1890.02,1929.8700000000001,2022-03-30 09:16:00-04:00,1929.8700000000001,TP,3.9799
2022-03-30,LONG,1929.71,1924.18,2022-03-30 10:34:00-04:00,2022-03-30 10:35:00-04:00,1930.09,1924.18,1953.7299999999993,2022-03-31 00:04:00-04:00,1924.18,SL,-1.0271
2022-03-31,LONG,1935.85,1932.35,2022-03-31 10:11:00-04:00,2022-03-31 10:12:00-04:00,1936.01,1932.35,1950.6500000000003,2022-04-01 03:55:00-04:00,1932.35,SL,-1.0437
2022-04-01,LONG,1932.88,1925.46,2022-04-01 09:46:00-04:00,2022-04-01 09:47:00-04:00,1933.07,1925.46,1963.5099999999995,2022-04-01 10:02:00-04:00,1925.46,SL,-1.021
2022-04-04,LONG,1936.03,1930.96,2022-04-04 10:40:00-04:00,2022-04-04 10:41:00-04:00,1936.29,1930.96,1957.6099999999997,2022-04-04 10:48:00-04:00,1930.96,SL,-1.03
2022-04-05,LONG,1933.01,1929.27,2022-04-05 09:46:00-04:00,2022-04-05 09:47:00-04:00,1934.19,1929.27,1953.8700000000003,2022-04-05 11:44:00-04:00,1929.27,SL,-1.0325
2022-04-06,LONG,1928.44,1924.29,2022-04-06 10:32:00-04:00,2022-04-06 10:33:00-04:00,1929.0,1924.29,1947.8400000000001,2022-04-06 11:38:00-04:00,1924.29,SL,-1.034
2022-04-07,LONG,1930.09,1926.47,2022-04-07 10:04:00-04:00,2022-04-07 10:05:00-04:00,1930.41,1926.47,1946.1700000000003,2022-04-08 11:10:00-04:00,1946.1700000000003,TP,3.9594
2022-04-08,LONG,1935.45,1930.35,2022-04-08 11:11:00-04:00,2022-04-08 11:12:00-04:00,1946.8,1930.35,2012.6000000000001,2022-04-22 09:19:00-04:00,1930.35,SL,-1.0097
2022-04-22,LONG,1939.66,1934.61,2022-04-22 10:39:00-04:00,2022-04-22 10:40:00-04:00,1940.69,1934.61,1965.0100000000007,2022-04-22 11:49:00-04:00,1934.61,SL,-1.0263
2022-04-25,LONG,1901.21,1896.6,2022-04-25 10:16:00-04:00,2022-04-25 10:17:00-04:00,1901.33,1896.6,1920.25,2022-04-25 10:32:00-04:00,1896.6,SL,-1.0338
2022-04-26,LONG,1904.88,1900.45,2022-04-26 10:08:00-04:00,2022-04-26 10:09:00-04:00,1905.99,1900.45,1928.1499999999999,2022-04-26 13:01:00-04:00,1900.45,SL,-1.0289
2022-04-28,LONG,1895.39,1883.21,2022-04-28 16:15:00-04:00,2022-04-28 16:16:00-04:00,1895.46,1883.21,1944.46,2022-05-02 02:03:00-04:00,1883.21,SL,-1.0131
2022-05-03,LONG,1863.93,1856.84,2022-05-03 10:01:00-04:00,2022-05-03 10:02:00-04:00,1864.41,1856.84,1894.6900000000007,2022-05-04 21:03:00-04:00,1894.6900000000007,TP,3.9789
2022-05-04,LONG,1868.52,1864.78,2022-05-04 21:04:00-04:00,2022-05-04 21:05:00-04:00,1895.32,1864.78,2017.4799999999998,2022-05-09 05:39:00-04:00,1864.78,SL,-1.0052
2022-05-09,LONG,1868.95,1864.98,2022-05-09 10:12:00-04:00,2022-05-09 10:13:00-04:00,1869.0,1864.98,1885.08,2022-05-09 10:39:00-04:00,1864.98,SL,-1.0398
2022-05-10,LONG,1862.4,1858.46,2022-05-10 09:46:00-04:00,2022-05-10 09:47:00-04:00,1862.41,1858.46,1878.2100000000003,2022-05-10 10:40:00-04:00,1858.46,SL,-1.0405
2022-05-11,LONG,1849.94,1835.11,2022-05-11 10:21:00-04:00,2022-05-11 10:22:00-04:00,1849.96,1835.11,1909.3600000000006,2022-05-12 12:45:00-04:00,1835.11,SL,-1.0108
2022-05-13,LONG,1815.19,1812.08,2022-05-13 11:07:00-04:00,2022-05-13 11:08:00-04:00,1815.87,1812.08,1831.0299999999997,2022-05-13 11:50:00-04:00,1812.08,SL,-1.0422
2022-05-16,LONG,1808.66,1804.14,2022-05-16 09:54:00-04:00,2022-05-16 09:55:00-04:00,1808.95,1804.14,1828.1899999999998,2022-05-16 20:52:00-04:00,1828.1899999999998,TP,3.9667
2022-05-17,LONG,1831.75,1828.05,2022-05-17 09:45:00-04:00,2022-05-17 09:46:00-04:00,1832.26,1828.05,1849.1000000000001,2022-05-17 10:15:00-04:00,1828.05,SL,-1.038
2022-05-18,LONG,1814.63,1809.33,2022-05-18 10:08:00-04:00,2022-05-18 10:09:00-04:00,1814.69,1809.33,1836.1300000000006,2022-05-19 09:35:00-04:00,1836.1300000000006,TP,3.9701
2022-05-19,LONG,1841.19,1831.37,2022-05-19 10:20:00-04:00,2022-05-19 10:21:00-04:00,1841.26,1831.37,1880.8200000000004,2022-06-01 02:14:00-04:00,1831.37,SL,-1.0162
2022-06-01,LONG,1842.74,1833.56,2022-06-01 09:54:00-04:00,2022-06-01 09:55:00-04:00,1844.16,1833.56,1886.5600000000006,2022-06-10 09:01:00-04:00,1833.56,SL,-1.0151
2022-06-10,LONG,1845.82,1825.13,2022-06-10 11:30:00-04:00,2022-06-10 11:31:00-04:00,1846.27,1825.13,1930.8299999999995,2022-06-13 11:31:00-04:00,1825.13,SL,-1.0076
2022-06-15,LONG,1835.17,1830.24,2022-06-15 09:49:00-04:00,2022-06-15 09:50:00-04:00,1836.15,1830.24,1859.7900000000004,2022-06-15 10:00:00-04:00,1830.24,SL,-1.0271
2022-06-16,LONG,1833.24,1823.58,2022-06-16 11:57:00-04:00,2022-06-16 11:58:00-04:00,1833.51,1823.58,1873.2300000000002,2022-06-22 05:08:00-04:00,1823.58,SL,-1.0161
2022-06-22,LONG,1843.17,1839.8,2022-06-22 09:45:00-04:00,2022-06-22 09:46:00-04:00,1844.22,1839.8,1861.9000000000003,2022-06-22 10:26:00-04:00,1839.8,SL,-1.0362
2022-06-23,LONG,1833.14,1831.0,2022-06-23 09:49:00-04:00,2022-06-23 09:50:00-04:00,1834.1,1831.0,1846.4999999999995,2022-06-23 13:36:00-04:00,1831.0,SL,-1.0516
2022-06-24,LONG,1824.57,1821.98,2022-06-24 09:49:00-04:00,2022-06-24 09:50:00-04:00,1824.7,1821.98,1835.5800000000002,2022-06-24 09:59:00-04:00,1821.98,SL,-1.0588
2022-06-27,LONG,1831.98,1828.34,2022-06-27 09:50:00-04:00,2022-06-27 09:51:00-04:00,1832.22,1828.34,1847.7400000000005,2022-06-27 10:33:00-04:00,1828.34,SL,-1.0412
2022-06-28,LONG,1825.3,1822.38,2022-06-28 10:19:00-04:00,2022-06-28 10:20:00-04:00,1825.33,1822.38,1837.1299999999992,2022-06-28 10:44:00-04:00,1822.38,SL,-1.0542
2022-07-01,LONG,1788.51,1785.47,2022-07-01 09:54:00-04:00,2022-07-01 09:55:00-04:00,1788.82,1785.47,1802.2199999999996,2022-07-01 11:16:00-04:00,1802.2199999999996,TP,3.9522
2022-07-04,LONG,1809.54,1807.23,2022-07-04 11:21:00-04:00,2022-07-04 11:22:00-04:00,1809.72,1807.23,1819.68,2022-07-04 12:21:00-04:00,1807.23,SL,-1.0643
2022-07-06,LONG,1764.03,1759.47,2022-07-06 09:49:00-04:00,2022-07-06 09:50:00-04:00,1764.75,1759.47,1785.87,2022-07-06 10:50:00-04:00,1759.47,SL,-1.0303
2022-07-07,LONG,1742.13,1739.89,2022-07-07 10:16:00-04:00,2022-07-07 10:17:00-04:00,1742.17,1739.89,1751.29,2022-07-07 12:52:00-04:00,1739.89,SL,-1.0702
2022-07-08,LONG,1742.56,1732.95,2022-07-08 11:13:00-04:00,2022-07-08 11:14:00-04:00,1744.22,1732.95,1789.3,2022-07-11 14:29:00-04:00,1732.95,SL,-1.0142
2022-07-11,LONG,1736.53,1734.88,2022-07-11 15:01:00-04:00,2022-07-11 15:02:00-04:00,1736.59,1734.88,1743.4299999999992,2022-07-11 15:12:00-04:00,1734.88,SL,-1.0936
2022-07-13,LONG,1729.6,1707.03,2022-07-13 11:36:00-04:00,2022-07-13 11:37:00-04:00,1729.61,1707.03,1819.9299999999996,2022-07-14 10:01:00-04:00,1707.03,SL,-1.0071
2022-07-14,LONG,1715.0,1710.02,2022-07-14 23:02:00-04:00,2022-07-14 23:03:00-04:00,1715.05,1710.02,1735.1699999999998,2022-07-15 00:28:00-04:00,1710.02,SL,-1.0318
2022-07-15,LONG,1710.85,1700.04,2022-07-15 10:13:00-04:00,2022-07-15 10:14:00-04:00,1711.06,1700.04,1755.1399999999999,2022-07-15 11:17:00-04:00,1700.04,SL,-1.0145
2022-07-18,LONG,1714.19,1711.52,2022-07-18 09:45:00-04:00,2022-07-18 09:46:00-04:00,1714.29,1711.52,1725.37,2022-07-18 12:12:00-04:00,1711.52,SL,-1.0578
2022-07-19,LONG,1711.44,1708.78,2022-07-19 10:26:00-04:00,2022-07-19 10:27:00-04:00,1711.47,1708.78,1722.2300000000002,2022-07-20 02:45:00-04:00,1708.78,SL,-1.0595
2022-07-20,LONG,1712.45,1708.56,2022-07-20 10:29:00-04:00,2022-07-20 10:30:00-04:00,1713.51,1708.56,1733.3100000000002,2022-07-20 10:51:00-04:00,1708.56,SL,-1.0323
2022-07-21,LONG,1700.51,1689.02,2022-07-21 09:48:00-04:00,2022-07-21 09:49:00-04:00,1702.41,1689.02,1755.9700000000005,2022-07-28 12:01:00-04:00,1755.9700000000005,TP,3.9881
2022-07-28,LONG,1748.22,1737.05,2022-07-28 12:02:00-04:00,2022-07-28 12:03:00-04:00,1755.93,1737.05,1831.4500000000005,2022-08-22 04:59:00-04:00,1737.05,SL,-1.0085
2022-08-22,LONG,1731.36,1728.34,2022-08-22 10:03:00-04:00,2022-08-22 10:04:00-04:00,1731.41,1728.34,1743.6900000000007,2022-08-23 05:47:00-04:00,1743.6900000000007,TP,3.9479
2022-08-23,LONG,1736.93,1730.82,2022-08-23 09:49:00-04:00,2022-08-23 09:50:00-04:00,1737.45,1730.82,1763.9700000000005,2022-08-25 05:29:00-04:00,1763.9700000000005,TP,3.9759
2022-08-25,LONG,1760.52,1757.0,2022-08-25 09:56:00-04:00,2022-08-25 09:57:00-04:00,1760.58,1757.0,1774.8999999999996,2022-08-25 10:38:00-04:00,1757.0,SL,-1.0447
2022-08-26,LONG,1751.98,1745.79,2022-08-26 10:18:00-04:00,2022-08-26 10:19:00-04:00,1752.29,1745.79,1778.29,2022-08-26 11:01:00-04:00,1745.79,SL,-1.0246
2022-08-29,LONG,1733.62,1730.79,2022-08-29 09:47:00-04:00,2022-08-29 09:48:00-04:00,1734.13,1730.79,1747.4900000000007,2022-08-30 04:16:00-04:00,1730.79,SL,-1.0479
2022-08-31,LONG,1713.81,1710.75,2022-08-31 10:44:00-04:00,2022-08-31 10:45:00-04:00,1714.7,1710.75,1730.5000000000002,2022-08-31 16:00:00-04:00,1710.75,SL,-1.0405
2022-09-02,LONG,1716.19,1704.69,2022-09-02 11:45:00-04:00,2022-09-02 11:46:00-04:00,1716.6,1704.69,1764.2399999999993,2022-09-06 11:01:00-04:00,1704.69,SL,-1.0134
2022-09-07,LONG,1703.48,1700.14,2022-09-07 10:57:00-04:00,2022-09-07 10:58:00-04:00,1704.0,1700.14,1719.4399999999996,2022-09-08 03:22:00-04:00,1719.4399999999996,TP,3.9585
2022-09-12,LONG,1731.67,1727.1,2022-09-12 10:11:00-04:00,2022-09-12 10:12:00-04:00,1731.92,1727.1,1751.2000000000007,2022-09-12 10:35:00-04:00,1727.1,SL,-1.0332
2022-09-14,LONG,1705.65,1699.28,2022-09-14 09:52:00-04:00,2022-09-14 09:53:00-04:00,1705.91,1699.28,1732.4300000000005,2022-09-14 14:08:00-04:00,1699.28,SL,-1.0241
2022-09-15,LONG,1688.29,1682.22,2022-09-15 09:46:00-04:00,2022-09-15 09:47:00-04:00,1689.94,1682.22,1720.8200000000002,2022-09-15 10:32:00-04:00,1682.22,SL,-1.0207
2022-09-16,LONG,1664.49,1661.25,2022-09-16 10:59:00-04:00,2022-09-16 11:00:00-04:00,1665.1,1661.25,1680.4999999999995,2022-09-19 04:24:00-04:00,1661.25,SL,-1.0416
2022-09-19,LONG,1667.34,1665.05,2022-09-19 10:45:00-04:00,2022-09-19 10:46:00-04:00,1667.55,1665.05,1677.55,2022-09-19 10:58:00-04:00,1665.05,SL,-1.064
2022-09-20,LONG,1667.81,1665.2,2022-09-20 09:45:00-04:00,2022-09-20 09:46:00-04:00,1667.93,1665.2,1678.8500000000001,2022-09-20 10:23:00-04:00,1665.2,SL,-1.0586
2022-09-21,LONG,1675.93,1672.76,2022-09-21 15:34:00-04:00,2022-09-21 15:35:00-04:00,1678.2,1672.76,1699.9600000000003,2022-09-21 16:44:00-04:00,1672.76,SL,-1.0294
2022-09-22,LONG,1684.21,1672.56,2022-09-22 09:47:00-04:00,2022-09-22 09:48:00-04:00,1684.49,1672.56,1732.2100000000003,2022-09-22 10:43:00-04:00,1672.56,SL,-1.0134
2022-09-23,LONG,1648.43,1643.01,2022-09-23 10:02:00-04:00,2022-09-23 10:03:00-04:00,1648.45,1643.01,1670.2100000000003,2022-09-23 11:21:00-04:00,1643.01,SL,-1.0294
2022-09-26,LONG,1644.17,1639.88,2022-09-26 09:45:00-04:00,2022-09-26 09:46:00-04:00,1644.96,1639.88,1665.2799999999997,2022-09-26 12:25:00-04:00,1639.88,SL,-1.0315
2022-09-28,LONG,1638.28,1635.82,2022-09-28 10:16:00-04:00,2022-09-28 10:17:00-04:00,1639.18,1635.82,1652.6200000000006,2022-09-28 10:52:00-04:00,1652.6200000000006,TP,3.9524
2022-09-29,LONG,1655.95,1647.82,2022-09-29 10:18:00-04:00,2022-09-29 10:19:00-04:00,1656.73,1647.82,1692.3700000000003,2022-09-29 11:18:00-04:00,1647.82,SL,-1.018
2022-09-30,LONG,1669.48,1662.42,2022-09-30 10:45:00-04:00,2022-09-30 10:46:00-04:00,1669.55,1662.42,1698.0699999999995,2022-09-30 14:35:00-04:00,1662.42,SL,-1.0224
2022-10-03,LONG,1670.04,1666.73,2022-10-03 10:15:00-04:00,2022-10-03 10:16:00-04:00,1670.77,1666.73,1686.9299999999998,2022-10-03 10:34:00-04:00,1666.73,SL,-1.0396
2022-10-04,LONG,1710.02,1707.43,2022-10-04 09:49:00-04:00,2022-10-04 09:50:00-04:00,1710.47,1707.43,1722.6299999999999,2022-10-04 10:44:00-04:00,1707.43,SL,-1.0526
2022-10-05,LONG,1713.33,1710.1,2022-10-05 09:53:00-04:00,2022-10-05 09:54:00-04:00,1713.38,1710.1,1726.500000000001,2022-10-05 10:08:00-04:00,1710.1,SL,-1.0488
2022-10-11,LONG,1671.98,1669.41,2022-10-11 12:22:00-04:00,2022-10-11 12:23:00-04:00,1672.18,1669.41,1683.26,2022-10-11 13:22:00-04:00,1683.26,TP,3.9422
2022-10-12,LONG,1670.85,1664.85,2022-10-12 09:45:00-04:00,2022-10-12 09:46:00-04:00,1671.3,1664.85,1697.1000000000001,2022-10-13 09:30:00-04:00,1664.85,SL,-1.0248
2022-10-14,LONG,1656.2,1651.79,2022-10-14 09:46:00-04:00,2022-10-14 09:47:00-04:00,1657.13,1651.79,1678.4900000000007,2022-10-14 10:42:00-04:00,1651.79,SL,-1.03
2022-10-17,LONG,1667.01,1663.24,2022-10-17 09:49:00-04:00,2022-10-17 09:50:00-04:00,1667.45,1663.24,1684.2900000000002,2022-10-17 11:09:00-04:00,1663.24,SL,-1.038
2022-10-19,LONG,1636.64,1630.44,2022-10-19 10:39:00-04:00,2022-10-19 10:40:00-04:00,1636.89,1630.44,1662.6900000000003,2022-10-19 13:00:00-04:00,1630.44,SL,-1.0248
2022-10-20,LONG,1640.1,1632.32,2022-10-20 11:19:00-04:00,2022-10-20 11:20:00-04:00,1640.54,1632.32,1673.42,2022-10-20 14:08:00-04:00,1632.32,SL,-1.0195
2022-10-21,LONG,1624.01,1619.18,2022-10-21 09:56:00-04:00,2022-10-21 09:57:00-04:00,1625.17,1619.18,1649.13,2022-10-21 12:50:00-04:00,1649.13,TP,3.9733
2022-10-24,LONG,1651.52,1647.47,2022-10-24 10:45:00-04:00,2022-10-24 10:46:00-04:00,1652.05,1647.47,1670.3699999999997,2022-10-24 11:05:00-04:00,1647.47,SL,-1.0349
2022-10-25,LONG,1641.82,1639.1,2022-10-25 09:45:00-04:00,2022-10-25 09:46:00-04:00,1641.89,1639.1,1653.0500000000009,2022-10-25 10:29:00-04:00,1653.0500000000009,TP,3.9427
2022-10-26,LONG,1666.47,1663.11,2022-10-26 10:37:00-04:00,2022-10-26 10:38:00-04:00,1666.5,1663.11,1680.0600000000004,2022-10-26 23:30:00-04:00,1663.11,SL,-1.0472
2022-10-27,LONG,1662.21,1657.59,2022-10-27 10:15:00-04:00,2022-10-27 10:16:00-04:00,1662.42,1657.59,1681.7400000000007,2022-10-27 10:51:00-04:00,1657.59,SL,-1.0331
2022-10-31,LONG,1639.44,1635.68,2022-10-31 11:15:00-04:00,2022-10-31 11:16:00-04:00,1639.69,1635.68,1655.73,2022-10-31 14:41:00-04:00,1635.68,SL,-1.0399
2022-11-02,LONG,1658.12,1654.23,2022-11-02 15:01:00-04:00,2022-11-02 15:02:00-04:00,1659.5,1654.23,1680.58,2022-11-02 15:48:00-04:00,1654.23,SL,-1.0304
2022-11-03,LONG,1622.49,1619.58,2022-11-03 10:42:00-04:00,2022-11-03 10:43:00-04:00,1623.17,1619.58,1637.5300000000007,2022-11-03 10:45:00-04:00,1619.58,SL,-1.0446
2022-11-04,LONG,1656.47,1643.66,2022-11-04 09:45:00-04:00,2022-11-04 09:46:00-04:00,1657.66,1643.66,1713.66,2022-11-08 11:48:00-05:00,1713.66,TP,3.9886
2022-11-08,LONG,1674.55,1672.64,2022-11-08 11:49:00-05:00,2022-11-08 11:50:00-05:00,1714.07,1672.64,1879.7899999999993,2023-01-09 02:16:00-05:00,1879.7899999999993,TP,3.9961
2023-01-09,LONG,1877.64,1874.26,2023-01-09 09:54:00-05:00,2023-01-09 09:55:00-05:00,1877.87,1874.26,1892.3099999999995,2023-01-09 10:30:00-05:00,1874.26,SL,-1.0443
2023-01-10,LONG,1873.49,1871.42,2023-01-10 09:57:00-05:00,2023-01-10 09:58:00-05:00,1873.57,1871.42,1882.1699999999994,2023-01-10 12:59:00-05:00,1871.42,SL,-1.0744
2023-01-11,LONG,1880.05,1875.98,2023-01-11 21:55:00-05:00,2023-01-11 21:56:00-05:00,1880.27,1875.98,1897.4299999999998,2023-01-12 09:30:00-05:00,1875.98,SL,-1.0373
2023-01-12,LONG,1899.13,1875.3,2023-01-12 09:52:00-05:00,2023-01-12 09:53:00-05:00,1899.3,1875.3,1995.3,2023-02-03 10:19:00-05:00,1875.3,SL,-1.0067
2023-02-06,LONG,1873.41,1869.86,2023-02-06 10:21:00-05:00,2023-02-06 10:22:00-05:00,1874.34,1869.86,1892.26,2023-02-06 11:13:00-05:00,1869.86,SL,-1.0357
2023-02-07,LONG,1869.43,1865.67,2023-02-07 09:47:00-05:00,2023-02-07 09:48:00-05:00,1869.56,1865.67,1885.1199999999994,2023-02-07 14:48:00-05:00,1865.67,SL,-1.0411
2023-02-08,LONG,1876.42,1873.33,2023-02-08 09:48:00-05:00,2023-02-08 09:49:00-05:00,1876.53,1873.33,1889.3300000000002,2023-02-08 10:49:00-05:00,1873.33,SL,-1.05
2023-02-09,LONG,1883.99,1879.72,2023-02-09 09:49:00-05:00,2023-02-09 09:50:00-05:00,1884.32,1879.72,1902.7199999999996,2023-02-09 10:58:00-05:00,1879.72,SL,-1.0348
2023-02-10,LONG,1864.55,1861.8,2023-02-10 09:49:00-05:00,2023-02-10 09:50:00-05:00,1866.45,1861.8,1885.0500000000004,2023-02-10 10:55:00-05:00,1861.8,SL,-1.0344
2023-02-13,LONG,1858.11,1855.87,2023-02-13 10:06:00-05:00,2023-02-13 10:07:00-05:00,1858.51,1855.87,1869.0700000000004,2023-02-13 10:33:00-05:00,1855.87,SL,-1.0606
2023-02-15,LONG,1836.35,1831.83,2023-02-15 09:49:00-05:00,2023-02-15 09:50:00-05:00,1836.94,1831.83,1857.3800000000006,2023-02-15 11:44:00-05:00,1831.83,SL,-1.0313
2023-02-16,LONG,1837.97,1830.87,2023-02-16 12:31:00-05:00,2023-02-16 12:32:00-05:00,1838.51,1830.87,1869.0700000000004,2023-02-16 20:28:00-05:00,1830.87,SL,-1.0209
2023-02-17,LONG,1829.05,1825.74,2023-02-17 09:46:00-05:00,2023-02-17 09:47:00-05:00,1829.12,1825.74,1842.6399999999994,2023-02-17 10:30:00-05:00,1825.74,SL,-1.0473
2023-02-20,LONG,1846.64,1844.47,2023-02-20 09:55:00-05:00,2023-02-20 09:56:00-05:00,1846.73,1844.47,1855.77,2023-02-20 11:19:00-05:00,1844.47,SL,-1.0708
2023-02-21,LONG,1837.13,1834.88,2023-02-21 10:00:00-05:00,2023-02-21 10:01:00-05:00,1837.23,1834.88,1846.6299999999997,2023-02-21 10:51:00-05:00,1834.88,SL,-1.0681
2023-02-22,LONG,1837.28,1835.12,2023-02-22 09:45:00-05:00,2023-02-22 09:46:00-05:00,1837.63,1835.12,1847.670000000001,2023-02-22 10:42:00-05:00,1835.12,SL,-1.0637
2023-02-23,LONG,1825.7,1817.46,2023-02-23 10:10:00-05:00,2023-02-23 10:11:00-05:00,1826.81,1817.46,1864.2099999999996,2023-02-24 07:42:00-05:00,1817.46,SL,-1.0171
2023-02-27,LONG,1814.9,1810.19,2023-02-27 09:50:00-05:00,2023-02-27 09:51:00-05:00,1814.57,1810.19,1832.0899999999995,2023-02-28 03:56:00-05:00,1810.19,SL,-1.0365
2023-02-28,LONG,1809.61,1807.29,2023-02-28 09:45:00-05:00,2023-02-28 09:46:00-05:00,1809.68,1807.29,1819.2400000000005,2023-02-28 11:00:00-05:00,1819.2400000000005,TP,3.9331
2023-03-01,LONG,1837.02,1833.88,2023-03-01 09:58:00-05:00,2023-03-01 09:59:00-05:00,1837.02,1833.88,1849.5799999999995,2023-03-01 11:11:00-05:00,1833.88,SL,-1.051
2023-03-02,LONG,1834.53,1830.57,2023-03-02 10:15:00-05:00,2023-03-02 10:16:00-05:00,1834.66,1830.57,1851.0200000000007,2023-03-03 15:30:00-05:00,1851.0200000000007,TP,3.9609
2023-03-03,LONG,1847.86,1846.02,2023-03-03 15:31:00-05:00,2023-03-03 15:32:00-05:00,1852.1,1846.02,1876.4199999999996,2023-03-06 15:02:00-05:00,1846.02,SL,-1.0263
2023-03-08,LONG,1815.22,1812.24,2023-03-08 10:30:00-05:00,2023-03-08 10:31:00-05:00,1815.43,1812.24,1828.1900000000003,2023-03-08 21:59:00-05:00,1812.24,SL,-1.0502
2023-03-09,LONG,1824.02,1817.26,2023-03-09 09:59:00-05:00,2023-03-09 10:00:00-05:00,1825.18,1817.26,1856.8600000000004,2023-03-10 10:39:00-05:00,1856.8600000000004,TP,3.9798
2023-03-10,LONG,1844.37,1833.95,2023-03-10 10:40:00-05:00,2023-03-10 10:41:00-05:00,1857.92,1833.95,1953.8000000000002,2023-03-17 11:00:00-04:00,1953.8000000000002,TP,3.9933
2023-03-17,LONG,1946.07,1940.67,2023-03-17 11:01:00-04:00,2023-03-17 11:02:00-04:00,1953.11,1940.67,2002.8699999999992,2023-03-20 04:25:00-04:00,2002.8699999999992,TP,3.9871
2023-03-22,LONG,1941.83,1938.01,2023-03-22 10:31:00-04:00,2023-03-22 10:32:00-04:00,1942.66,1938.01,1961.2600000000004,2023-03-22 15:04:00-04:00,1961.2600000000004,TP,3.9656
2023-03-23,LONG,1978.47,1967.29,2023-03-23 10:27:00-04:00,2023-03-23 10:28:00-04:00,1978.9,1967.29,2025.3400000000006,2023-03-27 03:22:00-04:00,1967.29,SL,-1.0138
2023-03-27,LONG,1958.25,1950.23,2023-03-27 12:12:00-04:00,2023-03-27 12:13:00-04:00,1958.25,1950.23,1990.33,2023-03-28 05:57:00-04:00,1950.23,SL,-1.02
2023-03-28,LONG,1967.39,1962.93,2023-03-28 11:57:00-04:00,2023-03-28 11:58:00-04:00,1968.4,1962.93,1990.2800000000002,2023-03-29 03:00:00-04:00,1962.93,SL,-1.0293
2023-03-29,LONG,1967.67,1962.5,2023-03-29 10:55:00-04:00,2023-03-29 10:56:00-04:00,1967.73,1962.5,1988.65,2023-03-29 12:56:00-04:00,1962.5,SL,-1.0306
2023-03-30,LONG,1975.28,1967.76,2023-03-30 13:00:00-04:00,2023-03-30 13:01:00-04:00,1976.12,1967.76,2009.5599999999995,2023-03-31 14:33:00-04:00,1967.76,SL,-1.0191
2023-04-03,LONG,1979.88,1976.19,2023-04-03 10:44:00-04:00,2023-04-03 10:45:00-04:00,1980.04,1976.19,1995.4399999999996,2023-04-03 10:55:00-04:00,1976.19,SL,-1.0416
2023-04-04,LONG,1985.26,1982.18,2023-04-04 10:02:00-04:00,2023-04-04 10:03:00-04:00,1985.76,1982.18,2000.0799999999997,2023-04-04 11:02:00-04:00,2000.0799999999997,TP,3.9553
2023-04-05,LONG,2031.91,2028.42,2023-04-05 10:00:00-04:00,2023-04-05 10:01:00-04:00,2031.95,2028.42,2046.07,2023-04-05 10:25:00-04:00,2028.42,SL,-1.0453
2023-04-11,LONG,2001.53,1999.46,2023-04-11 10:54:00-04:00,2023-04-11 10:55:00-04:00,2001.78,1999.46,2011.0599999999997,2023-04-11 22:37:00-04:00,2011.0599999999997,TP,3.931
2023-04-13,LONG,2038.07,2026.49,2023-04-13 09:45:00-04:00,2023-04-13 09:46:00-04:00,2038.35,2026.49,2085.7899999999995,2023-04-14 09:44:00-04:00,2026.49,SL,-1.0135
2023-04-18,LONG,2005.92,2002.14,2023-04-18 11:09:00-04:00,2023-04-18 11:10:00-04:00,2009.35,2002.14,2038.1899999999991,2023-04-18 23:04:00-04:00,2002.14,SL,-1.0222
2023-04-19,LONG,1979.68,1976.77,2023-04-19 09:54:00-04:00,2023-04-19 09:55:00-04:00,1980.25,1976.77,1994.17,2023-04-19 11:06:00-04:00,1994.17,TP,3.954
2023-04-20,LONG,2011.44,1999.11,2023-04-20 11:08:00-04:00,2023-04-20 11:09:00-04:00,2012.0,1999.11,2063.5600000000004,2023-04-20 12:06:00-04:00,1999.11,SL,-1.0124
2023-04-21,LONG,1991.08,1987.36,2023-04-21 10:02:00-04:00,2023-04-21 10:03:00-04:00,1991.75,1987.36,2009.3100000000004,2023-04-21 10:45:00-04:00,1987.36,SL,-1.0364
2023-04-24,LONG,1984.0,1981.99,2023-04-24 09:53:00-04:00,2023-04-24 09:54:00-04:00,1984.08,1981.99,1992.4399999999996,2023-04-24 10:16:00-04:00,1981.99,SL,-1.0766
2023-04-25,LONG,1989.75,1984.0,2023-04-25 09:46:00-04:00,2023-04-25 09:47:00-04:00,1990.74,1984.0,2017.7,2023-04-25 11:00:00-04:00,1984.0,SL,-1.0237
2023-04-26,LONG,2000.28,1993.86,2023-04-26 10:11:00-04:00,2023-04-26 10:12:00-04:00,2000.36,1993.86,2026.36,2023-04-26 12:15:00-04:00,1993.86,SL,-1.0246
2023-04-28,LONG,1987.62,1976.15,2023-04-28 10:26:00-04:00,2023-04-28 10:27:00-04:00,1988.49,1976.15,2037.8499999999997,2023-05-03 17:49:00-04:00,2037.8499999999997,TP,3.987
2023-05-03,LONG,2014.18,2010.13,2023-05-03 17:50:00-04:00,2023-05-03 17:51:00-04:00,2037.73,2010.13,2148.1299999999997,2023-05-05 09:44:00-04:00,2010.13,SL,-1.0058
2023-05-08,LONG,2025.97,2022.18,2023-05-08 09:45:00-04:00,2023-05-08 09:46:00-04:00,2026.7,2022.18,2044.78,2023-05-08 10:10:00-04:00,2022.18,SL,-1.0354
2023-05-09,LONG,2030.22,2027.19,2023-05-09 10:59:00-04:00,2023-05-09 11:00:00-04:00,2030.32,2027.19,2042.8399999999995,2023-05-09 11:18:00-04:00,2027.19,SL,-1.0511
2023-05-12,LONG,2015.09,2007.58,2023-05-12 09:50:00-04:00,2023-05-12 09:51:00-04:00,2015.17,2007.58,2045.5300000000007,2023-05-14 19:02:00-04:00,2007.58,SL,-1.0211
2023-05-15,LONG,2019.28,2013.61,2023-05-15 10:48:00-04:00,2023-05-15 10:49:00-04:00,2019.66,2013.61,2043.8600000000008,2023-05-15 11:54:00-04:00,2013.61,SL,-1.0264
2023-05-17,LONG,1986.25,1982.84,2023-05-17 10:02:00-04:00,2023-05-17 10:03:00-04:00,1986.3,1982.84,2000.14,2023-05-17 10:31:00-04:00,1982.84,SL,-1.0462
2023-05-19,LONG,1962.93,1960.28,2023-05-19 10:03:00-04:00,2023-05-19 10:04:00-04:00,1963.84,1960.28,1978.0799999999997,2023-05-19 10:31:00-04:00,1960.28,SL,-1.0449
2023-05-23,LONG,1961.63,1957.75,2023-05-23 10:09:00-04:00,2023-05-23 10:10:00-04:00,1961.71,1957.75,1977.5500000000002,2023-05-23 15:26:00-04:00,1977.5500000000002,TP,3.9596
2023-05-29,LONG,1948.07,1946.05,2023-05-29 09:46:00-04:00,2023-05-29 09:47:00-04:00,1948.14,1946.05,1956.5000000000007,2023-05-29 10:40:00-04:00,1946.05,SL,-1.0766
2023-05-30,LONG,1960.03,1956.62,2023-05-30 12:20:00-04:00,2023-05-30 12:21:00-04:00,1960.34,1956.62,1975.22,2023-05-30 22:37:00-04:00,1956.62,SL,-1.043
2023-05-31,LONG,1962.12,1960.75,2023-05-31 09:49:00-04:00,2023-05-31 09:50:00-04:00,1962.6,1960.75,1969.9999999999995,2023-05-31 10:46:00-04:00,1969.9999999999995,TP,3.9135
2023-06-01,LONG,1967.18,1959.62,2023-06-01 09:54:00-04:00,2023-06-01 09:55:00-04:00,1967.9,1959.62,2001.020000000001,2023-06-02 13:07:00-04:00,1959.62,SL,-1.0193
2023-06-05,LONG,1940.2,1938.13,2023-06-05 09:45:00-04:00,2023-06-05 09:46:00-04:00,1940.24,1938.13,1948.6799999999996,2023-06-05 10:49:00-04:00,1948.6799999999996,TP,3.9242
2023-06-06,LONG,1963.62,1960.03,2023-06-06 10:12:00-04:00,2023-06-06 10:13:00-04:00,1963.6,1960.03,1977.8799999999997,2023-06-06 10:38:00-04:00,1960.03,SL,-1.0448
2023-06-07,LONG,1960.25,1957.45,2023-06-07 10:20:00-04:00,2023-06-07 10:21:00-04:00,1960.61,1957.45,1973.2499999999993,2023-06-07 11:36:00-04:00,1957.45,SL,-1.0506
2023-06-08,LONG,1959.15,1948.68,2023-06-08 09:58:00-04:00,2023-06-08 09:59:00-04:00,1959.74,1948.68,2003.9799999999998,2023-06-13 12:21:00-04:00,1948.68,SL,-1.0145
2023-06-14,LONG,1958.23,1946.63,2023-06-14 09:45:00-04:00,2023-06-14 09:46:00-04:00,1958.84,1946.63,2007.6799999999992,2023-06-14 15:00:00-04:00,1946.63,SL,-1.0131
2023-06-15,LONG,1933.44,1924.7,2023-06-15 09:59:00-04:00,2023-06-15 10:00:00-04:00,1933.49,1924.7,1968.6499999999999,2023-06-21 10:37:00-04:00,1924.7,SL,-1.0182
2023-06-21,LONG,1933.77,1925.96,2023-06-21 11:51:00-04:00,2023-06-21 11:52:00-04:00,1933.9,1925.96,1965.6600000000003,2023-06-22 05:40:00-04:00,1925.96,SL,-1.0202
2023-06-23,LONG,1923.8,1918.84,2023-06-23 09:46:00-04:00,2023-06-23 09:47:00-04:00,1924.29,1918.84,1946.0900000000001,2023-06-23 13:43:00-04:00,1918.84,SL,-1.0294
2023-06-28,LONG,1908.15,1905.58,2023-06-28 09:48:00-04:00,2023-06-28 09:49:00-04:00,1908.2,1905.58,1918.6800000000005,2023-06-28 10:11:00-04:00,1905.58,SL,-1.0611
2023-06-29,LONG,1911.12,1898.17,2023-06-29 11:49:00-04:00,2023-06-29 11:50:00-04:00,1911.22,1898.17,1963.4199999999998,2023-07-13 09:30:00-04:00,1963.4199999999998,TP,3.9877
2023-07-13,LONG,1963.65,1952.38,2023-07-13 23:03:00-04:00,2023-07-13 23:04:00-04:00,1963.69,1952.38,2008.9299999999998,2023-07-14 11:01:00-04:00,1952.38,SL,-1.0141
2023-07-17,LONG,1955.98,1950.71,2023-07-17 16:03:00-04:00,2023-07-17 16:04:00-04:00,1956.29,1950.71,1978.6099999999997,2023-07-18 11:10:00-04:00,1978.6099999999997,TP,3.9713
2023-07-18,LONG,1971.19,1960.68,2023-07-18 11:11:00-04:00,2023-07-18 11:12:00-04:00,1976.08,1960.68,2037.6799999999994,2023-07-21 10:14:00-04:00,1960.68,SL,-1.0104
2023-07-25,LONG,1959.13,1956.18,2023-07-25 09:53:00-04:00,2023-07-25 09:54:00-04:00,1959.77,1956.18,1974.1299999999997,2023-07-25 10:04:00-04:00,1956.18,SL,-1.0446
2023-07-26,LONG,1974.18,1972.17,2023-07-26 12:26:00-04:00,2023-07-26 12:27:00-04:00,1974.66,1972.17,1984.6200000000001,2023-07-26 12:32:00-04:00,1972.17,SL,-1.0643
2023-07-28,LONG,1961.24,1954.18,2023-07-28 12:08:00-04:00,2023-07-28 12:09:00-04:00,1961.84,1954.18,1992.4799999999993,2023-07-31 00:51:00-04:00,1954.18,SL,-1.0209
2023-07-31,LONG,1966.09,1961.93,2023-07-31 09:52:00-04:00,2023-07-31 09:53:00-04:00,1966.74,1961.93,1985.9799999999998,2023-07-31 22:45:00-04:00,1961.93,SL,-1.0333
2023-08-01,LONG,1952.1,1947.88,2023-08-01 20:01:00-04:00,2023-08-01 20:02:00-04:00,1952.18,1947.88,1969.3799999999999,2023-08-01 22:16:00-04:00,1947.88,SL,-1.0372
2023-08-04,LONG,1943.02,1925.53,2023-08-04 10:05:00-04:00,2023-08-04 10:06:00-04:00,1943.97,1925.53,2017.7300000000002,2023-08-08 09:09:00-04:00,1925.53,SL,-1.0087
2023-08-08,LONG,1930.0,1924.89,2023-08-08 11:41:00-04:00,2023-08-08 11:42:00-04:00,1930.75,1924.89,1954.1899999999996,2023-08-08 13:07:00-04:00,1924.89,SL,-1.0273
2023-08-09,LONG,1926.42,1923.47,2023-08-09 11:04:00-04:00,2023-08-09 11:05:00-04:00,1926.8,1923.47,1940.1199999999997,2023-08-09 11:27:00-04:00,1923.47,SL,-1.048
2023-08-14,LONG,1910.45,1906.12,2023-08-14 09:51:00-04:00,2023-08-14 09:52:00-04:00,1911.78,1906.12,1934.4200000000003,2023-08-14 10:29:00-04:00,1906.12,SL,-1.0283
2023-08-15,LONG,1905.06,1896.35,2023-08-15 09:49:00-04:00,2023-08-15 09:50:00-04:00,1905.18,1896.35,1940.5000000000007,2023-08-16 15:03:00-04:00,1896.35,SL,-1.0181
2023-08-17,LONG,1902.51,1896.31,2023-08-17 10:10:00-04:00,2023-08-17 10:11:00-04:00,1902.6,1896.31,1927.7599999999998,2023-08-17 10:57:00-04:00,1896.31,SL,-1.0254
2023-08-18,LONG,1891.43,1888.68,2023-08-18 10:07:00-04:00,2023-08-18 10:08:00-04:00,1891.74,1888.68,1903.9799999999998,2023-08-18 13:53:00-04:00,1888.68,SL,-1.0523
2023-08-21,LONG,1897.53,1892.8,2023-08-21 09:56:00-04:00,2023-08-21 09:57:00-04:00,1897.53,1892.8,1916.45,2023-08-21 10:38:00-04:00,1892.8,SL,-1.0338
2023-08-22,LONG,1901.38,1896.93,2023-08-22 22:28:00-04:00,2023-08-22 22:29:00-04:00,1901.56,1896.93,1920.0799999999995,2023-08-23 13:35:00-04:00,1920.0799999999995,TP,3.9654
2023-08-23,LONG,1908.68,1905.73,2023-08-23 13:36:00-04:00,2023-08-23 13:37:00-04:00,1920.01,1905.73,1977.1299999999999,2023-08-25 11:44:00-04:00,1905.73,SL,-1.0112
2023-08-28,LONG,1916.77,1913.4,2023-08-28 09:45:00-04:00,2023-08-28 09:46:00-04:00,1917.02,1913.4,1931.4999999999995,2023-08-28 10:34:00-04:00,1913.4,SL,-1.0442
2023-08-29,LONG,1916.63,1914.44,2023-08-29 09:50:00-04:00,2023-08-29 09:51:00-04:00,1916.73,1914.44,1925.8899999999999,2023-08-29 11:00:00-04:00,1925.8899999999999,TP,3.9301
2023-08-30,LONG,1945.81,1940.55,2023-08-30 10:26:00-04:00,2023-08-30 10:27:00-04:00,1945.83,1940.55,1966.9499999999998,2023-08-31 10:42:00-04:00,1940.55,SL,-1.0303
2023-09-05,LONG,1933.54,1927.96,2023-09-05 09:52:00-04:00,2023-09-05 09:53:00-04:00,1934.1,1927.96,1958.6599999999994,2023-09-05 10:54:00-04:00,1927.96,SL,-1.0261
2023-09-06,LONG,1926.4,1924.46,2023-09-06 10:47:00-04:00,2023-09-06 10:48:00-04:00,1926.67,1924.46,1935.5100000000002,2023-09-06 11:00:00-04:00,1924.46,SL,-1.0724
2023-09-07,LONG,1921.48,1916.25,2023-09-07 09:53:00-04:00,2023-09-07 09:54:00-04:00,1921.61,1916.25,1943.0499999999995,2023-09-12 07:35:00-04:00,1916.25,SL,-1.0299
2023-09-12,LONG,1912.91,1909.18,2023-09-12 11:32:00-04:00,2023-09-12 11:33:00-04:00,1913.37,1909.18,1930.1299999999992,2023-09-12 23:58:00-04:00,1909.18,SL,-1.0382
2023-09-13,LONG,1913.99,1905.51,2023-09-13 10:33:00-04:00,2023-09-13 10:34:00-04:00,1914.51,1905.51,1950.51,2023-09-14 04:43:00-04:00,1905.51,SL,-1.0178
2023-09-14,LONG,1907.75,1901.1,2023-09-14 11:47:00-04:00,2023-09-14 11:48:00-04:00,1908.73,1901.1,1939.2500000000005,2023-09-20 10:43:00-04:00,1939.2500000000005,TP,3.979
2023-09-20,LONG,1932.82,1930.88,2023-09-20 10:44:00-04:00,2023-09-20 10:45:00-04:00,1940.63,1930.88,1979.63,2023-09-20 17:11:00-04:00,1930.88,SL,-1.0164
2023-09-21,LONG,1918.03,1914.85,2023-09-21 10:45:00-04:00,2023-09-21 10:46:00-04:00,1918.53,1914.85,1933.2500000000002,2023-09-25 21:56:00-04:00,1914.85,SL,-1.0435
2023-09-26,LONG,1910.75,1905.22,2023-09-26 09:55:00-04:00,2023-09-26 09:56:00-04:00,1910.98,1905.22,1934.02,2023-09-26 10:32:00-04:00,1905.22,SL,-1.0278
2023-09-29,LONG,1873.72,1868.06,2023-09-29 09:51:00-04:00,2023-09-29 09:52:00-04:00,1873.9,1868.06,1897.2600000000007,2023-09-29 11:05:00-04:00,1868.06,SL,-1.0274
2023-10-02,LONG,1837.11,1834.26,2023-10-02 10:08:00-04:00,2023-10-02 10:09:00-04:00,1837.2,1834.26,1848.9600000000003,2023-10-02 10:30:00-04:00,1834.26,SL,-1.0544
2023-10-03,LONG,1827.25,1824.36,2023-10-03 10:41:00-04:00,2023-10-03 10:42:00-04:00,1827.95,1824.36,1842.3100000000006,2023-10-03 11:00:00-04:00,1824.36,SL,-1.0446
2023-10-04,LONG,1828.3,1825.14,2023-10-04 09:49:00-04:00,2023-10-04 09:50:00-04:00,1828.48,1825.14,1841.8399999999997,2023-10-04 10:19:00-04:00,1825.14,SL,-1.0479
2023-10-05,LONG,1821.07,1813.01,2023-10-05 10:44:00-04:00,2023-10-05 10:45:00-04:00,1821.28,1813.01,1854.36,2023-10-06 09:30:00-04:00,1813.01,SL,-1.0193
2023-10-06,LONG,1820.53,1810.96,2023-10-06 10:20:00-04:00,2023-10-06 10:21:00-04:00,1820.59,1810.96,1859.1099999999994,2023-10-09 16:03:00-04:00,1859.1099999999994,TP,3.9834
2023-10-09,LONG,1848.77,1845.26,2023-10-09 16:04:00-04:00,2023-10-09 16:05:00-04:00,1858.98,1845.26,1913.8600000000001,2023-10-13 09:32:00-04:00,1913.8600000000001,TP,3.9883
2023-10-13,LONG,1919.22,1904.83,2023-10-13 11:57:00-04:00,2023-10-13 11:58:00-04:00,1919.51,1904.83,1978.2300000000002,2023-10-19 20:31:00-04:00,1978.2300000000002,TP,3.9891
2023-10-19,LONG,1957.13,1951.37,2023-10-19 20:32:00-04:00,2023-10-19 20:33:00-04:00,1978.36,1951.37,2086.3199999999997,2023-11-08 11:42:00-05:00,1951.37,SL,-1.0059
2023-11-09,LONG,1948.97,1944.84,2023-11-09 09:54:00-05:00,2023-11-09 09:55:00-05:00,1949.44,1944.84,1967.8400000000006,2023-11-10 08:42:00-05:00,1944.84,SL,-1.0348
2023-11-10,LONG,1946.1,1944.19,2023-11-10 09:46:00-05:00,2023-11-10 09:47:00-05:00,1946.54,1944.19,1955.9399999999996,2023-11-10 10:23:00-05:00,1944.19,SL,-1.0681
2023-11-13,LONG,1938.09,1935.52,2023-11-13 11:55:00-05:00,2023-11-13 11:56:00-05:00,1938.13,1935.52,1948.5700000000006,2023-11-13 13:26:00-05:00,1948.5700000000006,TP,3.9387
2023-11-14,LONG,1959.19,1945.67,2023-11-14 10:17:00-05:00,2023-11-14 10:18:00-05:00,1959.35,1945.67,2014.0699999999993,2023-11-26 21:27:00-05:00,2014.0699999999993,TP,3.9883
2023-11-27,LONG,2016.38,2009.73,2023-11-27 20:01:00-05:00,2023-11-27 20:02:00-05:00,2016.67,2009.73,2044.4300000000003,2023-11-28 19:59:00-05:00,2044.4300000000003,TP,3.9769
2023-11-28,LONG,2021.44,2015.6,2023-11-28 20:00:00-05:00,2023-11-28 20:01:00-05:00,2045.17,2015.6,2163.4500000000007,2023-12-05 10:52:00-05:00,2015.6,SL,-1.0054
2023-12-06,LONG,2031.42,2028.5,2023-12-06 09:47:00-05:00,2023-12-06 09:48:00-05:00,2031.47,2028.5,2043.3500000000001,2023-12-06 10:19:00-05:00,2028.5,SL,-1.0539
2023-12-13,LONG,1986.79,1981.34,2023-12-13 15:00:00-05:00,2023-12-13 15:01:00-05:00,1992.74,1981.34,2038.3400000000004,2023-12-13 20:51:00-05:00,2038.3400000000004,TP,3.986
2023-12-14,LONG,2034.02,2027.55,2023-12-14 09:45:00-05:00,2023-12-14 09:46:00-05:00,2034.2,2027.55,2060.8,2023-12-15 09:42:00-05:00,2027.55,SL,-1.0241
2023-12-18,LONG,2025.62,2022.7,2023-12-18 09:49:00-05:00,2023-12-18 09:50:00-05:00,2025.75,2022.7,2037.9499999999998,2023-12-18 10:16:00-05:00,2022.7,SL,-1.0525
2023-12-19,LONG,2031.2,2028.36,2023-12-19 10:13:00-05:00,2023-12-19 10:14:00-05:00,2031.42,2028.36,2043.6600000000008,2023-12-19 11:17:00-05:00,2043.6600000000008,TP,3.9477
2023-12-20,LONG,2033.6,2029.46,2023-12-20 09:46:00-05:00,2023-12-20 09:47:00-05:00,2034.36,2029.46,2053.959999999999,2023-12-20 16:59:00-05:00,2029.46,SL,-1.0327
2023-12-21,LONG,2046.12,2032.01,2023-12-21 19:00:00-05:00,2023-12-21 19:01:00-05:00,2048.92,2032.01,2116.5600000000004,2024-01-03 10:37:00-05:00,2032.01,SL,-1.0095
2024-01-03,LONG,2045.03,2041.35,2024-01-03 11:03:00-05:00,2024-01-03 11:04:00-05:00,2047.43,2041.35,2071.750000000001,2024-01-03 11:13:00-05:00,2041.35,SL,-1.0263
2024-01-04,LONG,2044.74,2038.68,2024-01-04 11:14:00-05:00,2024-01-04 11:15:00-05:00,2045.04,2038.68,2070.4799999999996,2024-01-05 05:57:00-05:00,2038.68,SL,-1.0252
2024-01-05,LONG,2039.39,2024.34,2024-01-05 09:53:00-05:00,2024-01-05 09:54:00-05:00,2041.25,2024.34,2108.8900000000003,2024-01-08 07:18:00-05:00,2024.34,SL,-1.0095
2024-01-08,LONG,2023.29,2019.5,2024-01-08 10:41:00-05:00,2024-01-08 10:42:00-05:00,2024.47,2019.5,2044.3500000000001,2024-01-11 09:30:00-05:00,2044.3500000000001,TP,3.9678
2024-01-12,LONG,2056.1,2048.49,2024-01-12 09:58:00-05:00,2024-01-12 09:59:00-05:00,2056.5,2048.49,2088.540000000001,2024-01-12 12:58:00-05:00,2048.49,SL,-1.02
2024-01-15,LONG,2053.72,2052.01,2024-01-15 09:50:00-05:00,2024-01-15 09:51:00-05:00,2053.85,2052.01,2061.2099999999987,2024-01-15 10:29:00-05:00,2052.01,SL,-1.087
2024-01-18,LONG,2013.31,2007.29,2024-01-18 10:57:00-05:00,2024-01-18 10:58:00-05:00,2013.41,2007.29,2037.8900000000006,2024-01-19 09:25:00-05:00,2037.8900000000006,TP,3.9739
2024-01-22,LONG,2025.4,2022.49,2024-01-22 11:15:00-05:00,2024-01-22 11:16:00-05:00,2025.88,2022.49,2039.4400000000005,2024-01-22 12:02:00-05:00,2022.49,SL,-1.0472
2024-01-23,LONG,2028.36,2025.23,2024-01-23 15:30:00-05:00,2024-01-23 15:31:00-05:00,2029.05,2025.23,2044.3299999999997,2024-01-23 22:13:00-05:00,2025.23,SL,-1.0419
2024-01-25,LONG,2023.03,2009.47,2024-01-25 10:13:00-05:00,2024-01-25 10:14:00-05:00,2023.42,2009.47,2079.2200000000003,2024-02-13 09:47:00-05:00,2009.47,SL,-1.0115
2024-02-14,LONG,1993.19,1990.42,2024-02-14 12:54:00-05:00,2024-02-14 12:55:00-05:00,1993.38,1990.42,2005.2200000000003,2024-02-14 15:27:00-05:00,1990.42,SL,-1.0541
2024-02-15,LONG,2004.21,1995.57,2024-02-15 10:30:00-05:00,2024-02-15 10:31:00-05:00,2005.01,1995.57,2042.7700000000002,2024-02-16 09:36:00-05:00,1995.57,SL,-1.0169
2024-02-16,LONG,2006.63,1995.19,2024-02-16 11:36:00-05:00,2024-02-16 11:37:00-05:00,2009.34,1995.19,2065.9399999999996,2024-03-01 11:45:00-05:00,2065.9399999999996,TP,3.9887
2024-03-01,LONG,2054.63,2050.59,2024-03-01 11:46:00-05:00,2024-03-01 11:47:00-05:00,2066.99,2050.59,2132.5899999999983,2024-03-05 09:30:00-05:00,2132.5899999999983,TP,3.9902
2024-03-06,LONG,2136.57,2131.39,2024-03-06 09:53:00-05:00,2024-03-06 09:54:00-05:00,2137.19,2131.39,2160.390000000001,2024-03-07 00:06:00-05:00,2160.390000000001,TP,3.9724
2024-03-08,LONG,2185.48,2156.09,2024-03-08 13:04:00-05:00,2024-03-08 13:05:00-05:00,2186.81,2156.09,2309.689999999999,2024-03-12 11:05:00-04:00,2156.09,SL,-1.0052
2024-03-13,LONG,2164.18,2162.35,2024-03-13 09:46:00-04:00,2024-03-13 09:47:00-04:00,2164.57,2162.35,2173.450000000001,2024-03-13 10:17:00-04:00,2162.35,SL,-1.0721
2024-03-15,LONG,2165.02,2158.48,2024-03-15 11:53:00-04:00,2024-03-15 11:54:00-04:00,2165.39,2158.48,2193.0299999999993,2024-03-15 12:49:00-04:00,2158.48,SL,-1.0232
2024-03-19,LONG,2158.6,2150.68,2024-03-19 19:16:00-04:00,2024-03-19 19:17:00-04:00,2158.64,2150.68,2190.48,2024-03-20 09:43:00-04:00,2150.68,SL,-1.0201
2024-03-20,LONG,2154.31,2149.78,2024-03-20 10:07:00-04:00,2024-03-20 10:08:00-04:00,2154.84,2149.78,2175.08,2024-03-20 15:07:00-04:00,2175.08,TP,3.9684
2024-03-22,LONG,2176.16,2171.91,2024-03-22 10:46:00-04:00,2024-03-22 10:47:00-04:00,2176.6,2171.91,2195.36,2024-03-22 11:34:00-04:00,2171.91,SL,-1.0341
2024-03-25,LONG,2177.07,2175.08,2024-03-25 10:34:00-04:00,2024-03-25 10:35:00-04:00,2177.57,2175.08,2187.530000000001,2024-03-25 12:18:00-04:00,2175.08,SL,-1.0643
2024-03-27,LONG,2188.92,2185.37,2024-03-27 10:36:00-04:00,2024-03-27 10:37:00-04:00,2189.97,2185.37,2208.3699999999994,2024-03-28 07:22:00-04:00,2208.3699999999994,TP,3.9652
2024-03-28,LONG,2211.45,2206.45,2024-03-28 09:55:00-04:00,2024-03-28 09:56:00-04:00,2211.57,2206.45,2232.0500000000015,2024-03-28 10:33:00-04:00,2206.45,SL,-1.0312
2024-04-01,LONG,2252.22,2247.78,2024-04-01 09:59:00-04:00,2024-04-01 10:00:00-04:00,2252.5,2247.78,2271.379999999999,2024-04-01 10:45:00-04:00,2247.78,SL,-1.0339
2024-04-02,LONG,2256.82,2253.34,2024-04-02 09:51:00-04:00,2024-04-02 09:52:00-04:00,2257.57,2253.34,2274.4900000000002,2024-04-02 11:24:00-04:00,2274.4900000000002,TP,3.9622
2024-04-03,LONG,2272.87,2268.01,2024-04-03 09:45:00-04:00,2024-04-03 09:46:00-04:00,2273.08,2268.01,2293.3599999999988,2024-04-03 13:31:00-04:00,2293.3599999999988,TP,3.9684
2024-04-04,LONG,2288.51,2282.87,2024-04-04 09:55:00-04:00,2024-04-04 09:56:00-04:00,2288.74,2282.87,2312.2199999999993,2024-04-04 16:46:00-04:00,2282.87,SL,-1.0273
2024-04-05,LONG,2295.52,2280.26,2024-04-05 10:18:00-04:00,2024-04-05 10:19:00-04:00,2297.4,2280.26,2365.9599999999996,2024-04-11 16:42:00-04:00,2365.9599999999996,TP,3.9907
2024-04-11,LONG,2344.36,2332.9,2024-04-11 16:43:00-04:00,2024-04-11 16:44:00-04:00,2369.35,2332.9,2515.149999999999,2024-04-15 11:07:00-04:00,2332.9,SL,-1.0044
2024-04-15,LONG,2358.79,2350.87,2024-04-15 13:53:00-04:00,2024-04-15 13:54:00-04:00,2359.21,2350.87,2392.5700000000006,2024-04-16 12:08:00-04:00,2392.5700000000006,TP,3.9808
2024-04-16,LONG,2376.81,2371.04,2024-04-16 12:09:00-04:00,2024-04-16 12:10:00-04:00,2391.08,2371.04,2471.24,2024-04-17 13:37:00-04:00,2371.04,SL,-1.008
2024-04-18,LONG,2384.42,2380.68,2024-04-18 09:47:00-04:00,2024-04-18 09:48:00-04:00,2386.66,2380.68,2410.58,2024-04-18 10:35:00-04:00,2380.68,SL,-1.0268
2024-04-19,LONG,2383.96,2380.5,2024-04-19 09:47:00-04:00,2024-04-19 09:48:00-04:00,2384.39,2380.5,2399.9499999999994,2024-04-19 09:54:00-04:00,2380.5,SL,-1.0411
2024-04-23,LONG,2313.5,2305.21,2024-04-23 10:17:00-04:00,2024-04-23 10:18:00-04:00,2314.35,2305.21,2350.9099999999994,2024-04-25 00:14:00-04:00,2305.21,SL,-1.0175
2024-04-25,LONG,2331.8,2323.12,2024-04-25 09:51:00-04:00,2024-04-25 09:52:00-04:00,2333.42,2323.12,2374.620000000001,2024-04-25 10:06:00-04:00,2323.12,SL,-1.0155
2024-04-29,LONG,2334.18,2329.21,2024-04-29 10:30:00-04:00,2024-04-29 10:31:00-04:00,2334.99,2329.21,2358.1099999999988,2024-04-29 10:41:00-04:00,2329.21,SL,-1.0277
2024-04-30,LONG,2309.12,2304.55,2024-04-30 09:45:00-04:00,2024-04-30 09:46:00-04:00,2309.09,2304.55,2327.25,2024-04-30 10:07:00-04:00,2304.55,SL,-1.0352
2024-05-01,LONG,2298.25,2294.21,2024-05-01 09:47:00-04:00,2024-05-01 09:48:00-04:00,2298.26,2294.21,2314.460000000001,2024-05-01 15:34:00-04:00,2314.460000000001,TP,3.9605
2024-05-02,LONG,2303.64,2298.18,2024-05-02 09:45:00-04:00,2024-05-02 09:46:00-04:00,2304.11,2298.18,2327.8300000000013,2024-05-02 09:55:00-04:00,2298.18,SL,-1.027
2024-05-06,LONG,2325.02,2315.62,2024-05-06 09:45:00-04:00,2024-05-06 09:46:00-04:00,2326.67,2315.62,2370.870000000001,2024-05-07 05:14:00-04:00,2315.62,SL,-1.0145
2024-05-07,LONG,2317.24,2312.45,2024-05-07 10:02:00-04:00,2024-05-07 10:03:00-04:00,2317.34,2312.45,2336.9000000000015,2024-05-07 11:58:00-04:00,2312.45,SL,-1.0327
2024-05-08,LONG,2318.1,2314.4,2024-05-08 12:27:00-04:00,2024-05-08 12:28:00-04:00,2318.52,2314.4,2334.9999999999995,2024-05-08 14:20:00-04:00,2314.4,SL,-1.0388
2024-05-09,LONG,2328.7,2317.79,2024-05-09 09:45:00-04:00,2024-05-09 09:46:00-04:00,2328.95,2317.79,2373.5899999999992,2024-05-09 10:10:00-04:00,2317.79,SL,-1.0143
2024-05-10,LONG,2369.89,2364.7,2024-05-10 10:23:00-04:00,2024-05-10 10:24:00-04:00,2370.92,2364.7,2395.800000000001,2024-05-10 10:32:00-04:00,2364.7,SL,-1.0257
2024-05-13,LONG,2347.23,2343.7,2024-05-13 09:47:00-04:00,2024-05-13 09:48:00-04:00,2347.46,2343.7,2362.500000000001,2024-05-13 10:38:00-04:00,2343.7,SL,-1.0426
2024-05-14,LONG,2347.17,2336.62,2024-05-14 09:50:00-04:00,2024-05-14 09:51:00-04:00,2347.71,2336.62,2392.0700000000006,2024-05-15 21:11:00-04:00,2392.0700000000006,TP,3.9856
2024-05-15,LONG,2378.41,2366.48,2024-05-15 21:12:00-04:00,2024-05-15 21:13:00-04:00,2392.29,2366.48,2495.5299999999997,2024-05-23 02:38:00-04:00,2366.48,SL,-1.0062
2024-05-23,LONG,2367.64,2361.84,2024-05-23 10:12:00-04:00,2024-05-23 10:13:00-04:00,2368.04,2361.84,2392.8399999999992,2024-05-23 10:45:00-04:00,2361.84,SL,-1.0258
2024-05-24,LONG,2340.74,2335.94,2024-05-24 10:05:00-04:00,2024-05-24 10:06:00-04:00,2341.16,2335.94,2362.039999999999,2024-05-24 11:15:00-04:00,2335.94,SL,-1.0307
2024-05-27,LONG,2349.67,2347.68,2024-05-27 10:18:00-04:00,2024-05-27 10:19:00-04:00,2350.22,2347.68,2360.3799999999997,2024-05-28 03:11:00-04:00,2347.68,SL,-1.063
2024-05-28,LONG,2357.22,2353.36,2024-05-28 10:15:00-04:00,2024-05-28 10:16:00-04:00,2359.1,2353.36,2382.059999999999,2024-05-28 10:57:00-04:00,2353.36,SL,-1.0279
2024-05-29,LONG,2343.81,2341.58,2024-05-29 10:11:00-04:00,2024-05-29 10:12:00-04:00,2345.07,2341.58,2359.030000000001,2024-05-29 10:41:00-04:00,2341.58,SL,-1.0458
2024-05-30,LONG,2345.16,2336.79,2024-05-30 10:33:00-04:00,2024-05-30 10:34:00-04:00,2345.42,2336.79,2379.9400000000005,2024-05-31 11:41:00-04:00,2336.79,SL,-1.0185
2024-06-03,LONG,2333.98,2331.53,2024-06-03 09:51:00-04:00,2024-06-03 09:52:00-04:00,2334.18,2331.53,2344.7799999999984,2024-06-03 10:08:00-04:00,2331.53,SL,-1.0604
2024-06-04,LONG,2334.4,2331.68,2024-06-04 09:55:00-04:00,2024-06-04 09:56:00-04:00,2334.95,2331.68,2348.0299999999997,2024-06-04 10:37:00-04:00,2331.68,SL,-1.0489
2024-06-05,LONG,2338.61,2334.16,2024-06-05 09:45:00-04:00,2024-06-05 09:46:00-04:00,2339.43,2334.16,2360.5099999999998,2024-06-05 22:10:00-04:00,2360.5099999999998,TP,3.9696
2024-06-06,LONG,2365.06,2357.29,2024-06-06 10:34:00-04:00,2024-06-06 10:35:00-04:00,2365.11,2357.29,2396.390000000001,2024-06-07 05:07:00-04:00,2357.29,SL,-1.0205
2024-06-07,LONG,2326.04,2313.31,2024-06-07 10:18:00-04:00,2024-06-07 10:19:00-04:00,2326.25,2313.31,2378.01,2024-06-07 10:48:00-04:00,2313.31,SL,-1.0124
2024-06-10,LONG,2307.41,2304.84,2024-06-10 10:17:00-04:00,2024-06-10 10:18:00-04:00,2307.68,2304.84,2319.0399999999986,2024-06-10 10:28:00-04:00,2304.84,SL,-1.0563
2024-06-11,LONG,2319.75,2314.41,2024-06-11 09:53:00-04:00,2024-06-11 09:54:00-04:00,2319.91,2314.41,2341.91,2024-06-11 10:04:00-04:00,2314.41,SL,-1.0291
2024-06-12,LONG,2330.57,2322.34,2024-06-12 09:45:00-04:00,2024-06-12 09:46:00-04:00,2331.47,2322.34,2367.9899999999984,2024-06-12 11:06:00-04:00,2322.34,SL,-1.0175
2024-06-14,LONG,2332.83,2327.32,2024-06-14 09:50:00-04:00,2024-06-14 09:51:00-04:00,2333.19,2327.32,2356.6699999999996,2024-06-14 10:29:00-04:00,2327.32,SL,-1.0273
2024-06-17,LONG,2319.7,2316.89,2024-06-17 09:46:00-04:00,2024-06-17 09:47:00-04:00,2320.94,2316.89,2337.140000000001,2024-06-17 12:33:00-04:00,2316.89,SL,-1.0395
2024-06-18,LONG,2322.44,2311.81,2024-06-18 09:46:00-04:00,2024-06-18 09:47:00-04:00,2322.87,2311.81,2367.1099999999997,2024-06-21 05:29:00-04:00,2367.1099999999997,TP,3.9855
2024-06-24,LONG,2327.15,2324.07,2024-06-24 09:53:00-04:00,2024-06-24 09:54:00-04:00,2327.41,2324.07,2340.7699999999986,2024-06-24 22:46:00-04:00,2324.07,SL,-1.0479
2024-06-27,LONG,2325.59,2316.09,2024-06-27 11:01:00-04:00,2024-06-27 11:02:00-04:00,2330.44,2316.09,2387.8399999999997,2024-07-05 12:33:00-04:00,2387.8399999999997,TP,3.9889
2024-07-05,LONG,2376.0,2352.3,2024-07-05 12:34:00-04:00,2024-07-05 12:35:00-04:00,2386.87,2352.3,2525.1499999999987,2024-07-08 12:53:00-04:00,2352.3,SL,-1.0046
2024-07-09,LONG,2359.16,2356.14,2024-07-09 09:56:00-04:00,2024-07-09 09:57:00-04:00,2359.74,2356.14,2374.1399999999994,2024-07-09 11:57:00-04:00,2356.14,SL,-1.0444
2024-07-10,LONG,2381.82,2379.25,2024-07-10 10:46:00-04:00,2024-07-10 10:47:00-04:00,2381.7,2379.25,2391.499999999999,2024-07-10 11:20:00-04:00,2379.25,SL,-1.0653
2024-07-11,LONG,2408.44,2389.56,2024-07-11 09:57:00-04:00,2024-07-11 09:58:00-04:00,2408.91,2389.56,2486.3099999999995,2024-07-22 09:34:00-04:00,2389.56,SL,-1.0083
2024-07-22,LONG,2397.19,2388.7,2024-07-22 10:02:00-04:00,2024-07-22 10:03:00-04:00,2397.74,2388.7,2433.8999999999996,2024-07-22 11:27:00-04:00,2388.7,SL,-1.0177
2024-07-23,LONG,2408.81,2403.56,2024-07-23 17:50:00-04:00,2024-07-23 17:51:00-04:00,2409.06,2403.56,2431.06,2024-07-24 11:53:00-04:00,2431.06,TP,3.9709
2024-07-24,LONG,2420.36,2416.32,2024-07-24 11:54:00-04:00,2024-07-24 11:55:00-04:00,2431.68,2416.32,2493.1199999999985,2024-07-24 14:05:00-04:00,2416.32,SL,-1.0104
2024-07-25,LONG,2376.5,2363.8,2024-07-25 23:46:00-04:00,2024-07-25 23:47:00-04:00,2377.15,2363.8,2430.5499999999997,2024-07-31 15:41:00-04:00,2430.5499999999997,TP,3.988
2024-07-31,LONG,2422.69,2418.6,2024-07-31 15:42:00-04:00,2024-07-31 15:43:00-04:00,2431.31,2418.6,2482.15,2024-08-02 12:12:00-04:00,2418.6,SL,-1.0126
2024-08-05,LONG,2375.59,2364.06,2024-08-05 09:47:00-04:00,2024-08-05 09:48:00-04:00,2375.65,2364.06,2422.0100000000007,2024-08-08 11:24:00-04:00,2422.0100000000007,TP,3.9862
2024-08-08,LONG,2413.33,2407.14,2024-08-08 11:25:00-04:00,2024-08-08 11:26:00-04:00,2421.73,2407.14,2480.0900000000006,2024-08-16 09:51:00-04:00,2480.0900000000006,TP,3.989
2024-08-16,LONG,2476.43,2473.29,2024-08-16 09:52:00-04:00,2024-08-16 09:53:00-04:00,2481.24,2473.29,2513.039999999999,2024-08-20 04:44:00-04:00,2513.039999999999,TP,3.9799
2024-08-20,LONG,2526.95,2521.55,2024-08-20 09:48:00-04:00,2024-08-20 09:49:00-04:00,2527.3,2521.55,2550.3,2024-08-20 10:36:00-04:00,2521.55,SL,-1.0278
2024-08-21,LONG,2510.91,2507.53,2024-08-21 10:00:00-04:00,2024-08-21 10:01:00-04:00,2511.61,2507.53,2527.93,2024-08-21 10:16:00-04:00,2507.53,SL,-1.0392
2024-08-23,LONG,2501.35,2498.74,2024-08-23 09:47:00-04:00,2024-08-23 09:48:00-04:00,2501.39,2498.74,2511.9900000000002,2024-08-23 10:30:00-04:00,2498.74,SL,-1.0604
2024-08-27,LONG,2510.63,2507.66,2024-08-27 09:54:00-04:00,2024-08-27 09:55:00-04:00,2510.87,2507.66,2523.71,2024-08-27 10:14:00-04:00,2507.66,SL,-1.0498
2024-08-28,LONG,2497.07,2493.55,2024-08-28 09:46:00-04:00,2024-08-28 09:47:00-04:00,2497.67,2493.55,2514.1499999999996,2024-08-28 21:16:00-04:00,2514.1499999999996,TP,3.9612
2024-08-29,LONG,2519.48,2504.56,2024-08-29 11:01:00-04:00,2024-08-29 11:02:00-04:00,2519.98,2504.56,2581.6600000000003,2024-08-30 12:06:00-04:00,2504.56,SL,-1.0104
2024-09-03,LONG,2496.39,2491.97,2024-09-03 23:40:00-04:00,2024-09-03 23:41:00-04:00,2496.54,2491.97,2514.8200000000006,2024-09-04 03:10:00-04:00,2491.97,SL,-1.035
2024-09-04,LONG,2490.99,2485.77,2024-09-04 11:00:00-04:00,2024-09-04 11:01:00-04:00,2494.71,2485.77,2530.4700000000003,2024-09-06 13:41:00-04:00,2485.77,SL,-1.0179
2024-09-09,LONG,2504.02,2501.57,2024-09-09 10:13:00-04:00,2024-09-09 10:14:00-04:00,2504.69,2501.57,2517.1699999999996,2024-09-09 10:24:00-04:00,2501.57,SL,-1.0513
2024-09-10,LONG,2510.36,2506.53,2024-09-10 09:45:00-04:00,2024-09-10 09:46:00-04:00,2510.53,2506.53,2526.53,2024-09-10 10:52:00-04:00,2506.53,SL,-1.04
2024-09-12,LONG,2530.29,2518.84,2024-09-12 09:45:00-04:00,2024-09-12 09:46:00-04:00,2532.88,2518.84,2589.04,2024-09-16 02:43:00-04:00,2589.04,TP,3.9886
2024-09-16,LONG,2582.76,2578.39,2024-09-16 09:57:00-04:00,2024-09-16 09:58:00-04:00,2582.76,2578.39,2600.2400000000016,2024-09-16 11:20:00-04:00,2578.39,SL,-1.0366
2024-09-17,LONG,2578.91,2568.29,2024-09-17 10:52:00-04:00,2024-09-17 10:53:00-04:00,2579.17,2568.29,2622.6900000000005,2024-09-17 12:29:00-04:00,2568.29,SL,-1.0147
2024-09-18,LONG,2576.12,2573.44,2024-09-18 09:48:00-04:00,2024-09-18 09:49:00-04:00,2576.41,2573.44,2588.289999999999,2024-09-18 10:37:00-04:00,2573.44,SL,-1.0539
2024-09-19,LONG,2589.08,2578.94,2024-09-19 13:08:00-04:00,2024-09-19 13:09:00-04:00,2589.82,2578.94,2633.3400000000006,2024-09-23 10:54:00-04:00,2633.3400000000006,TP,3.9853
2024-09-23,LONG,2623.99,2621.44,2024-09-23 10:55:00-04:00,2024-09-23 10:56:00-04:00,2632.43,2621.44,2676.389999999999,2024-09-26 08:04:00-04:00,2676.389999999999,TP,3.9854
2024-09-27,LONG,2672.31,2663.55,2024-09-27 09:46:00-04:00,2024-09-27 09:47:00-04:00,2673.98,2663.55,2715.6999999999994,2024-09-27 11:01:00-04:00,2663.55,SL,-1.0153
2024-09-30,LONG,2639.19,2634.94,2024-09-30 10:01:00-04:00,2024-09-30 10:02:00-04:00,2639.39,2634.94,2657.189999999999,2024-09-30 10:43:00-04:00,2634.94,SL,-1.036
2024-10-01,LONG,2655.79,2653.05,2024-10-01 10:32:00-04:00,2024-10-01 10:33:00-04:00,2655.99,2653.05,2667.749999999998,2024-10-01 10:37:00-04:00,2667.749999999998,TP,3.9456
2024-10-02,LONG,2652.88,2644.94,2024-10-02 10:05:00-04:00,2024-10-02 10:06:00-04:00,2652.99,2644.94,2685.1899999999987,2024-10-02 12:05:00-04:00,2644.94,SL,-1.0199
2024-10-03,LONG,2653.93,2644.35,2024-10-03 13:33:00-04:00,2024-10-03 13:34:00-04:00,2654.41,2644.35,2694.6499999999996,2024-10-04 09:30:00-04:00,2644.35,SL,-1.0159
2024-10-04,LONG,2656.82,2637.8,2024-10-04 11:52:00-04:00,2024-10-04 11:53:00-04:00,2657.12,2637.8,2734.3999999999987,2024-10-07 09:58:00-04:00,2637.8,SL,-1.0083
2024-10-07,LONG,2649.53,2641.39,2024-10-07 10:15:00-04:00,2024-10-07 10:16:00-04:00,2649.97,2641.39,2684.2899999999995,2024-10-07 11:00:00-04:00,2641.39,SL,-1.0186
2024-10-09,LONG,2619.13,2615.51,2024-10-09 10:00:00-04:00,2024-10-09 10:01:00-04:00,2620.36,2615.51,2639.7599999999998,2024-10-09 10:09:00-04:00,2615.51,SL,-1.033
2024-10-10,LONG,2624.43,2611.74,2024-10-10 09:47:00-04:00,2024-10-10 09:48:00-04:00,2625.52,2611.74,2680.640000000001,2024-10-16 06:03:00-04:00,2680.640000000001,TP,3.9884
2024-10-16,LONG,2681.36,2677.14,2024-10-16 09:55:00-04:00,2024-10-16 09:56:00-04:00,2681.56,2677.14,2699.2400000000002,2024-10-16 10:51:00-04:00,2677.14,SL,-1.0362
2024-10-17,LONG,2678.46,2673.15,2024-10-17 09:51:00-04:00,2024-10-17 09:52:00-04:00,2678.85,2673.15,2701.649999999999,2024-10-17 22:34:00-04:00,2701.649999999999,TP,3.9719
2024-10-18,LONG,2716.97,2713.63,2024-10-18 11:20:00-04:00,2024-10-18 11:21:00-04:00,2717.21,2713.63,2731.5299999999997,2024-10-18 12:42:00-04:00,2713.63,SL,-1.0447
2024-10-21,LONG,2739.48,2736.81,2024-10-21 10:43:00-04:00,2024-10-21 10:44:00-04:00,2740.0,2736.81,2752.76,2024-10-21 10:50:00-04:00,2736.81,SL,-1.0502
2024-10-22,LONG,2737.83,2732.95,2024-10-22 10:05:00-04:00,2024-10-22 10:06:00-04:00,2737.99,2732.95,2758.1499999999996,2024-10-23 05:38:00-04:00,2758.1499999999996,TP,3.9683
2024-10-24,LONG,2741.59,2734.39,2024-10-24 10:20:00-04:00,2024-10-24 10:21:00-04:00,2741.75,2734.39,2771.1900000000005,2024-10-24 10:50:00-04:00,2734.39,SL,-1.0217
2024-10-25,LONG,2729.02,2725.02,2024-10-25 09:47:00-04:00,2024-10-25 09:48:00-04:00,2729.71,2725.02,2748.4700000000003,2024-10-27 22:18:00-04:00,2725.02,SL,-1.0341
2024-10-28,LONG,2734.39,2731.55,2024-10-28 09:58:00-04:00,2024-10-28 09:59:00-04:00,2734.7,2731.55,2747.2999999999984,2024-10-28 22:04:00-04:00,2747.2999999999984,TP,3.9492
2024-10-29,LONG,2752.74,2749.57,2024-10-29 09:45:00-04:00,2024-10-29 09:46:00-04:00,2752.77,2749.57,2765.5699999999993,2024-10-29 09:58:00-04:00,2749.57,SL,-1.05
2024-10-30,LONG,2782.39,2776.29,2024-10-30 09:50:00-04:00,2024-10-30 09:51:00-04:00,2782.41,2776.29,2806.8899999999994,2024-10-30 10:31:00-04:00,2776.29,SL,-1.0261
2024-11-01,LONG,2759.87,2748.88,2024-11-01 10:04:00-04:00,2024-11-01 10:05:00-04:00,2759.78,2748.88,2803.3800000000006,2024-11-01 11:25:00-04:00,2748.88,SL,-1.0147
2024-11-04,LONG,2744.93,2738.77,2024-11-04 09:47:00-05:00,2024-11-04 09:48:00-05:00,2745.0,2738.77,2769.92,2024-11-04 10:37:00-05:00,2738.77,SL,-1.0257
2024-11-05,LONG,2744.53,2741.32,2024-11-05 09:48:00-05:00,2024-11-05 09:49:00-05:00,2744.39,2741.32,2756.6699999999987,2024-11-05 11:04:00-05:00,2741.32,SL,-1.0521
2024-11-06,LONG,2676.51,2659.14,2024-11-06 12:00:00-05:00,2024-11-06 12:01:00-05:00,2676.72,2659.14,2747.0399999999995,2024-11-06 17:57:00-05:00,2659.14,SL,-1.0091
2024-11-07,LONG,2684.11,2678.11,2024-11-07 09:45:00-05:00,2024-11-07 09:46:00-05:00,2684.58,2678.11,2710.459999999999,2024-11-10 21:05:00-05:00,2678.11,SL,-1.0247
2024-11-12,LONG,2614.73,2605.9,2024-11-12 10:19:00-05:00,2024-11-12 10:20:00-05:00,2614.66,2605.9,2649.699999999999,2024-11-12 11:04:00-05:00,2605.9,SL,-1.0183
2024-11-14,LONG,2560.27,2551.81,2024-11-14 10:18:00-05:00,2024-11-14 10:19:00-05:00,2560.66,2551.81,2596.0599999999995,2024-11-17 21:34:00-05:00,2596.0599999999995,TP,3.9819
2024-11-18,LONG,2603.36,2599.09,2024-11-18 09:46:00-05:00,2024-11-18 09:47:00-05:00,2603.56,2599.09,2621.439999999999,2024-11-18 22:37:00-05:00,2621.439999999999,TP,3.9642
2024-11-19,LONG,2636.25,2629.27,2024-11-19 09:55:00-05:00,2024-11-19 09:56:00-05:00,2636.77,2629.27,2666.77,2024-11-19 10:16:00-05:00,2629.27,SL,-1.0213
2024-11-20,LONG,2639.45,2634.94,2024-11-20 10:22:00-05:00,2024-11-20 10:23:00-05:00,2639.46,2634.94,2657.54,2024-11-20 20:43:00-05:00,2657.54,TP,3.9646
2024-11-21,LONG,2667.26,2662.04,2024-11-21 10:01:00-05:00,2024-11-21 10:02:00-05:00,2667.19,2662.04,2687.7900000000004,2024-11-21 10:52:00-05:00,2662.04,SL,-1.0311
2024-11-22,LONG,2695.66,2690.32,2024-11-22 11:01:00-05:00,2024-11-22 11:02:00-05:00,2696.21,2690.32,2719.7699999999995,2024-11-24 19:41:00-05:00,2719.7699999999995,TP,3.9728
2024-11-26,LONG,2634.21,2629.8,2024-11-26 22:10:00-05:00,2024-11-26 22:11:00-05:00,2634.3,2629.8,2652.3,2024-11-27 04:55:00-05:00,2652.3,TP,3.9644
2024-11-27,LONG,2652.98,2648.16,2024-11-27 09:46:00-05:00,2024-11-27 09:47:00-05:00,2653.91,2648.16,2676.91,2024-11-27 11:01:00-05:00,2648.16,SL,-1.0278
2024-11-28,LONG,2647.06,2642.79,2024-11-28 09:47:00-05:00,2024-11-28 09:48:00-05:00,2647.59,2642.79,2666.790000000001,2024-11-28 10:50:00-05:00,2642.79,SL,-1.0333
2024-12-02,LONG,2648.81,2643.05,2024-12-02 10:13:00-05:00,2024-12-02 10:14:00-05:00,2649.73,2643.05,2676.4499999999994,2024-12-02 10:45:00-05:00,2643.05,SL,-1.024
2024-12-03,LONG,2647.79,2643.93,2024-12-03 09:46:00-05:00,2024-12-03 09:47:00-05:00,2648.95,2643.93,2669.0299999999997,2024-12-03 11:00:00-05:00,2643.93,SL,-1.0319
2024-12-04,LONG,2648.03,2641.64,2024-12-04 09:57:00-05:00,2024-12-04 09:58:00-05:00,2648.49,2641.64,2675.8899999999994,2024-12-05 10:58:00-05:00,2641.64,SL,-1.0234
2024-12-09,LONG,2662.72,2656.34,2024-12-09 09:47:00-05:00,2024-12-09 09:48:00-05:00,2662.82,2656.34,2688.7400000000002,2024-12-10 10:40:00-05:00,2688.7400000000002,TP,3.9753
2024-12-10,LONG,2677.7,2673.14,2024-12-10 10:41:00-05:00,2024-12-10 10:42:00-05:00,2689.18,2673.14,2753.3399999999997,2024-12-13 05:03:00-05:00,2673.14,SL,-1.01
2024-12-16,LONG,2662.96,2659.29,2024-12-16 09:57:00-05:00,2024-12-16 09:58:00-05:00,2663.06,2659.29,2678.14,2024-12-16 10:13:00-05:00,2659.29,SL,-1.0424
2024-12-17,LONG,2644.64,2638.72,2024-12-17 13:50:00-05:00,2024-12-17 13:51:00-05:00,2644.75,2638.72,2668.870000000001,2024-12-18 10:24:00-05:00,2638.72,SL,-1.0265
2024-12-20,LONG,2610.24,2600.23,2024-12-20 09:47:00-05:00,2024-12-20 09:48:00-05:00,2612.13,2600.23,2659.7300000000005,2024-12-30 11:34:00-05:00,2600.23,SL,-1.0134
2024-12-31,LONG,2616.13,2612.21,2024-12-31 10:36:00-05:00,2024-12-31 10:37:00-05:00,2616.26,2612.21,2632.460000000001,2025-01-01 21:28:00-05:00,2632.460000000001,TP,3.9605
2025-01-02,LONG,2641.08,2637.03,2025-01-02 09:48:00-05:00,2025-01-02 09:49:00-05:00,2641.68,2637.03,2660.2799999999984,2025-01-02 12:56:00-05:00,2660.2799999999984,TP,3.9656
2025-01-03,LONG,2651.2,2643.48,2025-01-03 09:54:00-05:00,2025-01-03 09:55:00-05:00,2651.3,2643.48,2682.580000000001,2025-01-03 11:03:00-05:00,2643.48,SL,-1.0205
2025-01-07,LONG,2662.0,2657.21,2025-01-07 09:46:00-05:00,2025-01-07 09:47:00-05:00,2662.21,2657.21,2682.21,2025-01-07 10:17:00-05:00,2657.21,SL,-1.032
2025-01-08,LONG,2658.02,2652.66,2025-01-08 09:46:00-05:00,2025-01-08 09:47:00-05:00,2658.34,2652.66,2681.0600000000013,2025-01-08 13:39:00-05:00,2652.66,SL,-1.0282
2025-01-10,LONG,2677.39,2663.96,2025-01-10 09:48:00-05:00,2025-01-10 09:49:00-05:00,2680.59,2663.96,2747.1100000000006,2025-01-13 09:42:00-05:00,2663.96,SL,-1.0096
2025-01-13,LONG,2670.2,2663.87,2025-01-13 10:11:00-05:00,2025-01-13 10:12:00-05:00,2670.21,2663.87,2695.5700000000006,2025-01-13 11:55:00-05:00,2663.87,SL,-1.0252
2025-01-14,LONG,2674.35,2660.66,2025-01-14 15:34:00-05:00,2025-01-14 15:35:00-05:00,2674.5,2660.66,2729.8600000000006,2025-01-21 03:38:00-05:00,2729.8600000000006,TP,3.9884
2025-01-21,LONG,2729.47,2726.28,2025-01-21 10:16:00-05:00,2025-01-21 10:17:00-05:00,2730.34,2726.28,2746.58,2025-01-21 20:46:00-05:00,2746.58,TP,3.9606
2025-01-22,LONG,2755.17,2750.89,2025-01-22 09:51:00-05:00,2025-01-22 09:52:00-05:00,2755.45,2750.89,2773.6899999999996,2025-01-22 10:37:00-05:00,2750.89,SL,-1.0351
2025-01-23,LONG,2742.44,2735.58,2025-01-23 10:04:00-05:00,2025-01-23 10:05:00-05:00,2742.83,2735.58,2771.83,2025-01-23 22:38:00-05:00,2771.83,TP,3.9779
2025-01-24,LONG,2784.34,2780.4,2025-01-24 11:24:00-05:00,2025-01-24 11:25:00-05:00,2784.73,2780.4,2802.0499999999997,2025-01-24 11:46:00-05:00,2780.4,SL,-1.037
2025-01-28,LONG,2749.54,2745.98,2025-01-28 10:01:00-05:00,2025-01-28 10:02:00-05:00,2749.85,2745.98,2765.3299999999995,2025-01-28 21:01:00-05:00,2765.3299999999995,TP,3.9587
2025-01-29,LONG,2758.07,2754.14,2025-01-29 09:52:00-05:00,2025-01-29 09:53:00-05:00,2758.1,2754.14,2773.94,2025-01-29 11:26:00-05:00,2754.14,SL,-1.0404
2025-01-30,LONG,2784.64,2778.25,2025-01-30 09:52:00-05:00,2025-01-30 09:53:00-05:00,2784.94,2778.25,2811.7000000000003,2025-01-31 10:59:00-05:00,2811.7000000000003,TP,3.9761
2025-01-31,LONG,2808.65,2803.59,2025-01-31 11:00:00-05:00,2025-01-31 11:01:00-05:00,2813.06,2803.59,2850.939999999999,2025-01-31 13:11:00-05:00,2803.59,SL,-1.0169
2025-02-03,LONG,2810.82,2808.18,2025-02-03 09:57:00-05:00,2025-02-03 09:58:00-05:00,2810.84,2808.18,2821.4800000000014,2025-02-03 10:46:00-05:00,2821.4800000000014,TP,3.9398
2025-02-04,LONG,2837.13,2833.47,2025-02-04 10:29:00-05:00,2025-02-04 10:30:00-05:00,2837.41,2833.47,2853.17,2025-02-04 12:01:00-05:00,2833.47,SL,-1.0406
2025-02-05,LONG,2867.19,2860.08,2025-02-05 10:32:00-05:00,2025-02-05 10:33:00-05:00,2868.07,2860.08,2900.030000000001,2025-02-05 16:50:00-05:00,2860.08,SL,-1.02
2025-02-06,LONG,2863.77,2859.63,2025-02-06 21:24:00-05:00,2025-02-06 21:25:00-05:00,2863.88,2859.63,2880.88,2025-02-07 02:52:00-05:00,2859.63,SL,-1.0376
2025-02-07,LONG,2870.69,2852.39,2025-02-07 10:24:00-05:00,2025-02-07 10:25:00-05:00,2871.3,2852.39,2946.9400000000014,2025-02-19 06:06:00-05:00,2946.9400000000014,TP,3.9915
2025-02-19,LONG,2941.44,2937.69,2025-02-19 21:16:00-05:00,2025-02-19 21:17:00-05:00,2941.65,2937.69,2957.4900000000002,2025-02-19 21:29:00-05:00,2937.69,SL,-1.0404
2025-02-20,LONG,2947.52,2939.87,2025-02-20 21:17:00-05:00,2025-02-20 21:18:00-05:00,2947.57,2939.87,2978.3700000000013,2025-02-20 21:40:00-05:00,2939.87,SL,-1.0208
2025-02-21,LONG,2932.91,2926.84,2025-02-21 10:10:00-05:00,2025-02-21 10:11:00-05:00,2933.05,2926.84,2957.8900000000003,2025-02-21 11:20:00-05:00,2926.84,SL,-1.0258
2025-02-24,LONG,2952.41,2948.93,2025-02-24 09:51:00-05:00,2025-02-24 09:52:00-05:00,2952.72,2948.93,2967.8799999999997,2025-02-24 10:17:00-05:00,2948.93,SL,-1.0422
2025-02-25,LONG,2935.5,2927.71,2025-02-25 09:47:00-05:00,2025-02-25 09:48:00-05:00,2935.65,2927.71,2967.4100000000003,2025-02-25 11:10:00-05:00,2927.71,SL,-1.0202
2025-02-26,LONG,2913.48,2909.43,2025-02-26 11:57:00-05:00,2025-02-26 11:58:00-05:00,2913.76,2909.43,2931.0800000000017,2025-02-26 22:48:00-05:00,2909.43,SL,-1.037
2025-02-27,LONG,2889.84,2881.13,2025-02-27 09:54:00-05:00,2025-02-27 09:55:00-05:00,2890.33,2881.13,2927.129999999999,2025-02-27 10:43:00-05:00,2881.13,SL,-1.0174
2025-02-28,LONG,2858.8,2852.61,2025-02-28 17:50:00-05:00,2025-02-28 17:51:00-05:00,2859.02,2852.61,2884.6599999999994,2025-03-03 11:21:00-05:00,2884.6599999999994,TP,3.975
2025-03-03,LONG,2874.97,2870.29,2025-03-03 11:22:00-05:00,2025-03-03 11:23:00-05:00,2885.41,2870.29,2945.8899999999994,2025-03-12 23:55:00-04:00,2945.8899999999994,TP,3.9894
2025-03-12,LONG,2923.12,2916.28,2025-03-12 23:56:00-04:00,2025-03-12 23:57:00-04:00,2944.65,2916.28,3058.1299999999997,2025-03-27 11:39:00-04:00,3058.1299999999997,TP,3.9944
2025-03-27,LONG,3052.27,3047.04,2025-03-27 11:40:00-04:00,2025-03-27 11:41:00-04:00,3055.27,3047.04,3088.19,2025-03-30 18:01:00-04:00,3088.19,TP,3.9806
2025-03-31,LONG,3119.51,3103.61,2025-03-31 10:35:00-04:00,2025-03-31 10:36:00-04:00,3120.49,3103.61,3188.0099999999984,2025-04-01 12:17:00-04:00,3103.61,SL,-1.0095
2025-04-01,LONG,3135.18,3128.12,2025-04-01 22:05:00-04:00,2025-04-01 22:06:00-04:00,3135.83,3128.12,3166.67,2025-04-01 23:00:00-04:00,3128.12,SL,-1.0208
2025-04-02,LONG,3132.24,3124.72,2025-04-02 12:26:00-04:00,2025-04-02 12:27:00-04:00,3132.94,3124.72,3165.820000000001,2025-04-02 13:27:00-04:00,3124.72,SL,-1.0195
2025-04-03,LONG,3089.05,3064.11,2025-04-03 09:45:00-04:00,2025-04-03 09:46:00-04:00,3092.44,3064.11,3205.7599999999998,2025-04-04 09:35:00-04:00,3064.11,SL,-1.0056
2025-04-07,LONG,3026.75,3001.91,2025-04-07 10:12:00-04:00,2025-04-07 10:13:00-04:00,3028.97,3001.91,3137.2099999999996,2025-04-07 10:36:00-04:00,3001.91,SL,-1.0059
2025-04-08,LONG,3017.35,3006.18,2025-04-08 10:48:00-04:00,2025-04-08 10:49:00-04:00,3017.61,3006.18,3063.3300000000013,2025-04-08 10:58:00-04:00,3006.18,SL,-1.014
2025-04-09,LONG,3078.12,3059.99,2025-04-09 10:16:00-04:00,2025-04-09 10:17:00-04:00,3080.5,3059.99,3162.540000000001,2025-04-09 13:29:00-04:00,3059.99,SL,-1.0078
2025-04-10,LONG,3133.15,3119.3,2025-04-10 10:03:00-04:00,2025-04-10 10:04:00-04:00,3133.5,3119.3,3190.2999999999993,2025-04-10 18:48:00-04:00,3190.2999999999993,TP,3.9887
2025-04-11,LONG,3244.3,3230.12,2025-04-11 12:06:00-04:00,2025-04-11 12:07:00-04:00,3244.48,3230.12,3301.9200000000005,2025-04-11 12:40:00-04:00,3230.12,SL,-1.0111
2025-04-14,LONG,3208.12,3194.71,2025-04-14 09:45:00-04:00,2025-04-14 09:46:00-04:00,3208.85,3194.71,3265.4099999999994,2025-04-15 20:32:00-04:00,3265.4099999999994,TP,3.9887
2025-04-15,LONG,3224.53,3214.83,2025-04-15 20:33:00-04:00,2025-04-15 20:34:00-04:00,3264.57,3214.83,3463.530000000001,2025-04-21 22:40:00-04:00,3463.530000000001,TP,3.9968
2025-04-21,LONG,3420.65,3405.18,2025-04-21 22:41:00-04:00,2025-04-21 22:42:00-04:00,3465.3,3405.18,3705.7800000000016,2025-04-22 12:02:00-04:00,3405.18,SL,-1.0027
2025-04-23,LONG,3304.68,3280.94,2025-04-23 12:48:00-04:00,2025-04-23 12:49:00-04:00,3304.75,3280.94,3399.99,2025-04-23 13:31:00-04:00,3280.94,SL,-1.0067
2025-04-24,LONG,3333.46,3316.07,2025-04-24 12:11:00-04:00,2025-04-24 12:12:00-04:00,3334.05,3316.07,3405.9700000000003,2025-04-25 01:21:00-04:00,3316.07,SL,-1.0089
2025-04-25,LONG,3280.15,3265.19,2025-04-25 09:45:00-04:00,2025-04-25 09:46:00-04:00,3282.59,3265.19,3352.1900000000005,2025-04-28 15:08:00-04:00,3352.1900000000005,TP,3.9908
2025-04-28,LONG,3301.36,3289.89,2025-04-28 15:09:00-04:00,2025-04-28 15:10:00-04:00,3350.74,3289.89,3594.1399999999994,2025-04-30 04:14:00-04:00,3289.89,SL,-1.0026
2025-05-01,LONG,3233.46,3220.31,2025-05-01 16:13:00-04:00,2025-05-01 16:14:00-04:00,3233.89,3220.31,3288.2099999999996,2025-05-05 05:04:00-04:00,3288.2099999999996,TP,3.9882
2025-05-05,LONG,3319.26,3311.78,2025-05-05 10:05:00-04:00,2025-05-05 10:06:00-04:00,3324.15,3311.78,3373.6299999999997,2025-05-05 10:18:00-04:00,3311.78,SL,-1.0129
2025-05-06,LONG,3397.39,3387.72,2025-05-06 10:07:00-04:00,2025-05-06 10:08:00-04:00,3397.1,3387.72,3434.6200000000003,2025-05-06 10:26:00-04:00,3387.72,SL,-1.0171
2025-05-07,LONG,3393.26,3383.05,2025-05-07 09:45:00-04:00,2025-05-07 09:46:00-04:00,3395.35,3383.05,3444.549999999999,2025-05-07 10:16:00-04:00,3383.05,SL,-1.013
2025-05-09,LONG,3340.07,3332.75,2025-05-09 10:31:00-04:00,2025-05-09 10:32:00-04:00,3341.2,3332.75,3374.999999999999,2025-05-09 15:24:00-04:00,3332.75,SL,-1.0189
2025-05-12,LONG,3244.28,3231.86,2025-05-12 09:47:00-04:00,2025-05-12 09:48:00-04:00,3246.82,3231.86,3306.6600000000003,2025-05-12 12:13:00-04:00,3231.86,SL,-1.0107
2025-05-13,LONG,3245.56,3232.06,2025-05-13 10:43:00-04:00,2025-05-13 10:44:00-04:00,3245.57,3232.06,3299.610000000001,2025-05-13 22:37:00-04:00,3232.06,SL,-1.0118
2025-05-14,LONG,3193.9,3183.68,2025-05-14 09:52:00-04:00,2025-05-14 09:53:00-04:00,3195.22,3183.68,3241.3799999999997,2025-05-14 10:18:00-04:00,3183.68,SL,-1.0139
2025-05-15,LONG,3196.78,3189.24,2025-05-15 10:07:00-04:00,2025-05-15 10:08:00-04:00,3199.55,3189.24,3240.790000000002,2025-05-15 18:00:00-04:00,3240.790000000002,TP,3.9845
2025-05-16,LONG,3186.53,3170.29,2025-05-16 12:47:00-04:00,2025-05-16 12:48:00-04:00,3186.64,3170.29,3252.0399999999995,2025-05-20 09:57:00-04:00,3252.0399999999995,TP,3.9902
2025-05-20,LONG,3245.49,3236.9,2025-05-20 09:58:00-04:00,2025-05-20 09:59:00-04:00,3256.63,3236.9,3335.55,2025-05-21 21:22:00-04:00,3335.55,TP,3.9919
2025-05-21,LONG,3309.36,3300.97,2025-05-21 21:23:00-04:00,2025-05-21 21:24:00-04:00,3336.55,3300.97,3478.8700000000017,2025-05-22 06:26:00-04:00,3300.97,SL,-1.0045
2025-05-23,LONG,3352.7,3337.29,2025-05-23 10:21:00-04:00,2025-05-23 10:22:00-04:00,3352.83,3337.29,3414.99,2025-05-25 20:11:00-04:00,3337.29,SL,-1.0103
2025-05-26,LONG,3338.68,3334.52,2025-05-26 10:00:00-04:00,2025-05-26 10:01:00-04:00,3339.1,3334.52,3357.4199999999996,2025-05-26 21:42:00-04:00,3334.52,SL,-1.0349
2025-05-27,LONG,3305.0,3294.67,2025-05-27 15:31:00-04:00,2025-05-27 15:32:00-04:00,3305.38,3294.67,3348.2200000000003,2025-05-27 23:20:00-04:00,3294.67,SL,-1.0149
2025-05-29,LONG,3321.91,3312.32,2025-05-29 12:04:00-04:00,2025-05-29 12:05:00-04:00,3326.32,3312.32,3382.32,2025-05-29 20:21:00-04:00,3312.32,SL,-1.0114
2025-06-02,LONG,3367.04,3350.3,2025-06-02 09:46:00-04:00,2025-06-02 09:47:00-04:00,3369.8,3350.3,3447.8,2025-06-03 08:07:00-04:00,3350.3,SL,-1.0082
2025-06-03,LONG,3359.4,3348.93,2025-06-03 19:09:00-04:00,2025-06-03 19:10:00-04:00,3359.27,3348.93,3400.6300000000006,2025-06-03 21:00:00-04:00,3348.93,SL,-1.0155
2025-06-04,LONG,3359.52,3351.1,2025-06-04 10:06:00-04:00,2025-06-04 10:07:00-04:00,3359.19,3351.1,3391.5500000000006,2025-06-05 06:05:00-04:00,3391.5500000000006,TP,3.9802
2025-06-09,LONG,3318.0,3310.77,2025-06-09 09:46:00-04:00,2025-06-09 09:47:00-04:00,3319.31,3310.77,3353.47,2025-06-09 21:25:00-04:00,3310.77,SL,-1.0187
2025-06-10,LONG,3347.95,3342.42,2025-06-10 09:45:00-04:00,2025-06-10 09:46:00-04:00,3348.4,3342.42,3372.32,2025-06-10 10:00:00-04:00,3342.42,SL,-1.0268
2025-06-11,LONG,3339.82,3332.78,2025-06-11 10:42:00-04:00,2025-06-11 10:43:00-04:00,3339.88,3332.78,3368.2799999999997,2025-06-11 11:46:00-04:00,3332.78,SL,-1.0225
2025-06-12,LONG,3398.98,3380.57,2025-06-12 20:02:00-04:00,2025-06-12 20:03:00-04:00,3400.7,3380.57,3481.2199999999984,2025-06-16 23:12:00-04:00,3380.57,SL,-1.0079
2025-06-19,LONG,3369.29,3361.61,2025-06-19 09:46:00-04:00,2025-06-19 09:47:00-04:00,3369.48,3361.61,3400.9599999999996,2025-06-19 10:30:00-04:00,3361.61,SL,-1.0203
2025-06-20,LONG,3364.98,3356.47,2025-06-20 09:45:00-04:00,2025-06-20 09:46:00-04:00,3365.84,3356.47,3403.3200000000015,2025-06-22 21:22:00-04:00,3356.47,SL,-1.0171
2025-06-23,LONG,3384.71,3368.31,2025-06-23 09:51:00-04:00,2025-06-23 09:52:00-04:00,3385.12,3368.31,3452.3599999999997,2025-06-23 16:41:00-04:00,3368.31,SL,-1.0095
2025-06-24,LONG,3313.7,3295.48,2025-06-24 11:31:00-04:00,2025-06-24 11:32:00-04:00,3313.66,3295.48,3386.379999999999,2025-06-26 23:51:00-04:00,3295.48,SL,-1.0088
2025-06-27,LONG,3265.63,3255.88,2025-06-27 09:45:00-04:00,2025-06-27 09:46:00-04:00,3265.66,3255.88,3304.779999999999,2025-06-29 18:22:00-04:00,3255.88,SL,-1.0164
2025-06-30,LONG,3283.88,3277.81,2025-06-30 09:45:00-04:00,2025-06-30 09:46:00-04:00,3284.47,3277.81,3311.109999999999,2025-06-30 18:50:00-04:00,3311.109999999999,TP,3.976
2025-07-01,LONG,3350.72,3345.48,2025-07-01 09:56:00-04:00,2025-07-01 09:57:00-04:00,3351.33,3345.48,3374.7299999999996,2025-07-01 10:46:00-04:00,3345.48,SL,-1.0274
2025-07-02,LONG,3345.69,3339.24,2025-07-02 12:07:00-04:00,2025-07-02 12:08:00-04:00,3346.06,3339.24,3373.3400000000006,2025-07-03 08:30:00-04:00,3339.24,SL,-1.0235
2025-07-04,LONG,3337.96,3333.73,2025-07-04 09:45:00-04:00,2025-07-04 09:46:00-04:00,3338.04,3333.73,3355.2799999999997,2025-07-04 09:59:00-04:00,3333.73,SL,-1.0371
2025-07-07,LONG,3312.36,3306.11,2025-07-07 09:52:00-04:00,2025-07-07 09:53:00-04:00,3313.89,3306.11,3345.009999999999,2025-07-07 18:06:00-04:00,3345.009999999999,TP,3.9794
2025-07-09,LONG,3299.17,3291.74,2025-07-09 09:50:00-04:00,2025-07-09 09:51:00-04:00,3299.61,3291.74,3331.0900000000015,2025-07-10 20:31:00-04:00,3331.0900000000015,TP,3.9797
2025-07-10,LONG,3328.47,3321.01,2025-07-10 20:32:00-04:00,2025-07-10 20:33:00-04:00,3335.19,3321.01,3391.9099999999994,2025-07-15 12:17:00-04:00,3321.01,SL,-1.0113
2025-07-16,LONG,3335.03,3326.61,2025-07-16 10:54:00-04:00,2025-07-16 10:55:00-04:00,3335.14,3326.61,3369.259999999999,2025-07-16 11:19:00-04:00,3369.259999999999,TP,3.9812
2025-07-17,LONG,3320.7,3313.71,2025-07-17 09:56:00-04:00,2025-07-17 09:57:00-04:00,3320.42,3313.71,3347.26,2025-07-18 03:36:00-04:00,3347.26,TP,3.9762
2025-07-21,LONG,3389.42,3383.59,2025-07-21 09:45:00-04:00,2025-07-21 09:46:00-04:00,3391.33,3383.59,3422.289999999999,2025-07-22 03:28:00-04:00,3383.59,SL,-1.0207
2025-07-22,LONG,3417.99,3413.01,2025-07-22 09:45:00-04:00,2025-07-22 09:46:00-04:00,3418.01,3413.01,3438.01,2025-07-22 09:59:00-04:00,3413.01,SL,-1.032
2025-07-23,LONG,3412.62,3405.64,2025-07-23 09:45:00-04:00,2025-07-23 09:46:00-04:00,3413.73,3405.64,3446.0900000000006,2025-07-23 11:55:00-04:00,3405.64,SL,-1.0198
2025-07-24,LONG,3367.91,3356.63,2025-07-24 09:46:00-04:00,2025-07-24 09:47:00-04:00,3368.88,3356.63,3417.88,2025-07-25 01:42:00-04:00,3356.63,SL,-1.0131
2025-07-29,LONG,3321.87,3312.84,2025-07-29 10:23:00-04:00,2025-07-29 10:24:00-04:00,3322.5,3312.84,3361.1399999999994,2025-07-30 08:55:00-04:00,3312.84,SL,-1.0166
2025-08-01,LONG,3353.12,3342.31,2025-08-01 10:21:00-04:00,2025-08-01 10:22:00-04:00,3353.28,3342.31,3397.160000000001,2025-08-01 10:37:00-04:00,3342.31,SL,-1.0146
2025-08-04,LONG,3378.18,3373.27,2025-08-04 09:46:00-04:00,2025-08-04 09:47:00-04:00,3379.16,3373.27,3402.7199999999993,2025-08-04 10:50:00-04:00,3373.27,SL,-1.0272
2025-08-05,LONG,3379.65,3368.98,2025-08-05 10:24:00-04:00,2025-08-05 10:25:00-04:00,3382.1,3368.98,3434.5799999999995,2025-08-06 04:10:00-04:00,3368.98,SL,-1.0122
2025-08-06,LONG,3370.85,3365.42,2025-08-06 09:51:00-04:00,2025-08-06 09:52:00-04:00,3371.21,3365.42,3394.37,2025-08-06 20:03:00-04:00,3365.42,SL,-1.0276
2025-08-07,LONG,3391.4,3385.82,2025-08-07 09:46:00-04:00,2025-08-07 09:47:00-04:00,3391.62,3385.82,3414.819999999999,2025-08-07 09:59:00-04:00,3385.82,SL,-1.0276
2025-08-08,LONG,3398.09,3389.78,2025-08-08 09:47:00-04:00,2025-08-08 09:48:00-04:00,3398.26,3389.78,3432.1800000000003,2025-08-08 10:08:00-04:00,3389.78,SL,-1.0189
2025-08-11,LONG,3358.21,3349.58,2025-08-11 09:45:00-04:00,2025-08-11 09:46:00-04:00,3360.42,3349.58,3403.7800000000007,2025-08-11 10:35:00-04:00,3349.58,SL,-1.0148
2025-08-12,LONG,3355.32,3340.28,2025-08-12 11:28:00-04:00,2025-08-12 11:29:00-04:00,3357.57,3340.28,3426.73,2025-08-14 10:05:00-04:00,3340.28,SL,-1.0093
2025-08-15,LONG,3340.08,3334.79,2025-08-15 10:07:00-04:00,2025-08-15 10:08:00-04:00,3340.18,3334.79,3361.7399999999993,2025-08-15 15:01:00-04:00,3334.79,SL,-1.0297
2025-08-19,LONG,3338.39,3331.37,2025-08-19 09:45:00-04:00,2025-08-19 09:46:00-04:00,3338.65,3331.37,3367.770000000001,2025-08-19 10:36:00-04:00,3331.37,SL,-1.022
2025-08-20,LONG,3348.52,3340.33,2025-08-20 10:48:00-04:00,2025-08-20 10:49:00-04:00,3348.57,3340.33,3381.530000000001,2025-08-20 11:26:00-04:00,3340.33,SL,-1.0194
2025-08-21,LONG,3347.54,3344.71,2025-08-21 10:38:00-04:00,2025-08-21 10:39:00-04:00,3347.67,3344.71,3359.51,2025-08-21 10:41:00-04:00,3344.71,SL,-1.0541
2025-08-22,LONG,3335.87,3328.47,2025-08-22 10:00:00-04:00,2025-08-22 10:01:00-04:00,3344.41,3328.47,3408.17,2025-08-28 08:09:00-04:00,3408.17,TP,3.99
2025-08-28,LONG,3407.74,3401.66,2025-08-28 09:49:00-04:00,2025-08-28 09:50:00-04:00,3407.76,3401.66,3432.1600000000017,2025-08-29 10:05:00-04:00,3432.1600000000017,TP,3.9738
2025-08-29,LONG,3426.34,3417.23,2025-08-29 10:06:00-04:00,2025-08-29 10:07:00-04:00,3430.24,3417.23,3482.279999999999,2025-08-31 22:57:00-04:00,3482.279999999999,TP,3.9877
2025-09-01,LONG,3478.85,3475.32,2025-09-01 10:19:00-04:00,2025-09-01 10:20:00-04:00,3479.36,3475.32,3495.52,2025-09-01 10:32:00-04:00,3475.32,SL,-1.0396
2025-09-02,LONG,3490.18,3478.81,2025-09-02 09:45:00-04:00,2025-09-02 09:46:00-04:00,3490.49,3478.81,3537.209999999999,2025-09-02 15:18:00-04:00,3537.209999999999,TP,3.9863
2025-09-03,LONG,3561.22,3549.58,2025-09-03 10:23:00-04:00,2025-09-03 10:24:00-04:00,3562.32,3549.58,3613.280000000001,2025-09-03 21:31:00-04:00,3549.58,SL,-1.0126
2025-09-05,LONG,3585.29,3575.59,2025-09-05 09:46:00-04:00,2025-09-05 09:47:00-04:00,3589.11,3575.59,3643.19,2025-09-05 10:39:00-04:00,3575.59,SL,-1.0118
2025-09-08,LONG,3632.14,3620.34,2025-09-08 09:45:00-04:00,2025-09-08 09:46:00-04:00,3632.97,3620.34,3683.4899999999984,2025-09-09 18:00:00-04:00,3620.34,SL,-1.0127
2025-09-10,LONG,3654.18,3646.86,2025-09-10 10:17:00-04:00,2025-09-10 10:18:00-04:00,3654.59,3646.86,3685.51,2025-09-10 10:45:00-04:00,3646.86,SL,-1.0207
2025-09-11,LONG,3630.62,3618.23,2025-09-11 09:47:00-04:00,2025-09-11 09:48:00-04:00,3631.74,3618.23,3685.779999999999,2025-09-15 20:57:00-04:00,3685.779999999999,TP,3.9882
2025-09-15,LONG,3664.33,3652.57,2025-09-15 20:58:00-04:00,2025-09-15 20:59:00-04:00,3685.36,3652.57,3816.52,2025-09-17 14:01:00-04:00,3652.57,SL,-1.0049
2025-09-17,LONG,3682.68,3676.26,2025-09-17 14:02:00-04:00,2025-09-17 14:03:00-04:00,3687.99,3676.26,3734.909999999998,2025-09-17 14:32:00-04:00,3676.26,SL,-1.0136
2025-09-18,LONG,3655.03,3629.39,2025-09-18 23:44:00-04:00,2025-09-18 23:45:00-04:00,3655.5,3629.39,3759.9400000000005,2025-09-23 04:30:00-04:00,3759.9400000000005,TP,3.9939
2025-09-25,LONG,3743.13,3724.57,2025-09-25 13:57:00-04:00,2025-09-25 13:58:00-04:00,3743.73,3724.57,3820.3699999999994,2025-09-29 07:15:00-04:00,3820.3699999999994,TP,3.9916
2025-09-29,LONG,3827.93,3818.26,2025-09-29 10:10:00-04:00,2025-09-29 10:11:00-04:00,3828.64,3818.26,3870.1599999999985,2025-09-29 10:20:00-04:00,3818.26,SL,-1.0154
2025-09-30,LONG,3825.4,3812.32,2025-09-30 09:46:00-04:00,2025-09-30 09:47:00-04:00,3825.66,3812.32,3879.0199999999986,2025-10-01 03:52:00-04:00,3879.0199999999986,TP,3.988
2025-10-01,LONG,3877.25,3869.09,2025-10-01 10:33:00-04:00,2025-10-01 10:34:00-04:00,3877.31,3869.09,3910.189999999999,2025-10-01 10:46:00-04:00,3869.09,SL,-1.0195
2025-10-03,LONG,3887.53,3872.42,2025-10-03 11:27:00-04:00,2025-10-03 11:28:00-04:00,3888.68,3872.42,3953.719999999999,2025-10-06 10:33:00-04:00,3953.719999999999,TP,3.9902
2025-10-06,LONG,3945.07,3927.18,2025-10-06 10:34:00-04:00,2025-10-06 10:35:00-04:00,3954.54,3927.18,4063.9800000000005,2025-10-13 01:09:00-04:00,4063.9800000000005,TP,3.9942
2025-10-13,LONG,4093.43,4081.45,2025-10-13 09:54:00-04:00,2025-10-13 09:55:00-04:00,4095.42,4081.45,4151.300000000001,2025-10-13 23:09:00-04:00,4151.300000000001,TP,3.9885
2025-10-14,LONG,4128.91,4106.11,2025-10-14 10:00:00-04:00,2025-10-14 10:01:00-04:00,4129.65,4106.11,4223.8099999999995,2025-10-15 20:27:00-04:00,4223.8099999999995,TP,3.9932
2025-10-15,LONG,4198.59,4183.13,2025-10-15 20:28:00-04:00,2025-10-15 20:29:00-04:00,4224.34,4183.13,4389.18,2025-10-21 09:48:00-04:00,4183.13,SL,-1.0039
2025-10-22,LONG,4085.01,4047.01,2025-10-22 15:03:00-04:00,2025-10-22 15:04:00-04:00,4086.09,4047.01,4242.41,2025-10-24 07:03:00-04:00,4047.01,SL,-1.0041
2025-10-24,LONG,4120.0,4098.38,2025-10-24 10:11:00-04:00,2025-10-24 10:12:00-04:00,4120.33,4098.38,4208.129999999999,2025-10-24 16:11:00-04:00,4098.38,SL,-1.0073
2025-10-27,LONG,4037.6,4029.84,2025-10-27 09:47:00-04:00,2025-10-27 09:48:00-04:00,4040.62,4029.84,4083.739999999999,2025-10-27 10:30:00-04:00,4029.84,SL,-1.0148
2025-10-28,LONG,3926.16,3914.99,2025-10-28 10:04:00-04:00,2025-10-28 10:05:00-04:00,3927.89,3914.99,3979.4900000000002,2025-10-28 21:41:00-04:00,3979.4900000000002,TP,3.9876
2025-10-30,LONG,3980.32,3966.54,2025-10-30 10:51:00-04:00,2025-10-30 10:52:00-04:00,3983.9,3966.54,4053.3400000000006,2025-11-02 19:14:00-05:00,3966.54,SL,-1.0092
2025-11-03,LONG,4013.89,4001.12,2025-11-03 09:45:00-05:00,2025-11-03 09:46:00-05:00,4016.37,4001.12,4077.37,2025-11-03 11:16:00-05:00,4001.12,SL,-1.0105
2025-11-04,LONG,3956.65,3928.72,2025-11-04 09:58:00-05:00,2025-11-04 09:59:00-05:00,3957.53,3928.72,4072.770000000002,2025-11-10 01:27:00-05:00,4072.770000000002,TP,3.9944
2025-11-10,LONG,4086.1,4074.76,2025-11-10 09:56:00-05:00,2025-11-10 09:57:00-05:00,4086.05,4074.76,4131.21,2025-11-10 19:50:00-05:00,4131.21,TP,3.9858
2025-11-11,LONG,4133.6,4123.06,2025-11-11 18:15:00-05:00,2025-11-11 18:16:00-05:00,4134.11,4123.06,4178.309999999997,2025-11-11 21:41:00-05:00,4123.06,SL,-1.0145
2025-11-12,LONG,4139.05,4125.02,2025-11-12 09:56:00-05:00,2025-11-12 09:57:00-05:00,4139.9,4125.02,4199.419999999996,2025-11-12 12:01:00-05:00,4199.419999999996,TP,3.9892
2025-11-14,LONG,4072.53,4032.23,2025-11-14 09:52:00-05:00,2025-11-14 09:53:00-05:00,4073.69,4032.23,4239.530000000001,2025-11-17 14:35:00-05:00,4032.23,SL,-1.0039
2025-11-19,LONG,4117.56,4101.92,2025-11-19 09:54:00-05:00,2025-11-19 09:55:00-05:00,4117.63,4101.92,4180.47,2025-11-19 10:53:00-05:00,4101.92,SL,-1.0102
2025-11-20,LONG,4091.39,4074.31,2025-11-20 09:46:00-05:00,2025-11-20 09:47:00-05:00,4092.91,4074.31,4167.3099999999995,2025-11-20 10:59:00-05:00,4074.31,SL,-1.0086
2025-11-21,LONG,4070.59,4061.53,2025-11-21 09:50:00-05:00,2025-11-21 09:51:00-05:00,4073.44,4061.53,4121.08,2025-11-21 10:39:00-05:00,4061.53,SL,-1.0134
2025-11-24,LONG,4078.96,4068.46,2025-11-24 09:51:00-05:00,2025-11-24 09:52:00-05:00,4080.8,4068.46,4130.160000000001,2025-11-24 15:33:00-05:00,4130.160000000001,TP,3.987
2025-11-25,LONG,4137.72,4117.64,2025-11-25 11:19:00-05:00,2025-11-25 11:20:00-05:00,4138.03,4117.64,4219.589999999997,2025-11-28 13:29:00-05:00,4219.589999999997,TP,3.9922
2025-11-28,LONG,4207.35,4193.35,2025-11-28 13:30:00-05:00,2025-11-28 13:31:00-05:00,4221.26,4193.35,4332.9,2025-12-01 20:09:00-05:00,4193.35,SL,-1.0057
2025-12-04,LONG,4213.61,4193.82,2025-12-04 11:09:00-05:00,2025-12-04 11:10:00-05:00,4213.83,4193.82,4293.870000000001,2025-12-05 16:19:00-05:00,4193.82,SL,-1.008
2025-12-09,LONG,4206.57,4192.67,2025-12-09 09:46:00-05:00,2025-12-09 09:47:00-05:00,4206.63,4192.67,4262.47,2025-12-09 10:10:00-05:00,4192.67,SL,-1.0115
2025-12-10,LONG,4199.62,4191.45,2025-12-10 09:49:00-05:00,2025-12-10 09:50:00-05:00,4200.75,4191.45,4237.950000000001,2025-12-10 10:16:00-05:00,4191.45,SL,-1.0172
2025-12-11,LONG,4243.76,4230.25,2025-12-11 10:32:00-05:00,2025-12-11 10:33:00-05:00,4243.96,4230.25,4298.8,2025-12-12 03:38:00-05:00,4298.8,TP,3.9883
2025-12-12,LONG,4345.7,4330.66,2025-12-12 09:51:00-05:00,2025-12-12 09:52:00-05:00,4346.56,4330.66,4410.160000000003,2025-12-12 10:18:00-05:00,4330.66,SL,-1.0101
2025-12-16,LONG,4331.99,4321.87,2025-12-16 10:06:00-05:00,2025-12-16 10:07:00-05:00,4332.67,4321.87,4375.870000000001,2025-12-16 10:15:00-05:00,4321.87,SL,-1.0148
2025-12-17,LONG,4338.42,4325.84,2025-12-17 09:45:00-05:00,2025-12-17 09:46:00-05:00,4340.03,4325.84,4396.789999999998,2025-12-17 10:53:00-05:00,4325.84,SL,-1.0113
2025-12-18,LONG,4341.15,4311.56,2025-12-18 11:01:00-05:00,2025-12-18 11:02:00-05:00,4341.88,4311.56,4463.159999999999,2025-12-18 20:28:00-05:00,4311.56,SL,-1.0053
2025-12-19,LONG,4337.81,4326.68,2025-12-19 10:04:00-05:00,2025-12-19 10:05:00-05:00,4339.28,4326.68,4389.679999999998,2025-12-21 22:04:00-05:00,4389.679999999998,TP,3.9873
2025-12-22,LONG,4426.51,4414.87,2025-12-22 09:46:00-05:00,2025-12-22 09:47:00-05:00,4427.06,4414.87,4475.820000000002,2025-12-22 10:13:00-05:00,4414.87,SL,-1.0131
2025-12-23,LONG,4464.72,4447.73,2025-12-23 11:40:00-05:00,2025-12-23 11:41:00-05:00,4464.82,4447.73,4533.18,2025-12-26 10:27:00-05:00,4533.18,TP,3.9906
2025-12-26,LONG,4533.09,4519.22,2025-12-26 10:28:00-05:00,2025-12-26 10:29:00-05:00,4533.27,4519.22,4589.470000000001,2025-12-26 12:29:00-05:00,4519.22,SL,-1.0114
2025-12-31,LONG,4348.15,4333.04,2025-12-31 09:55:00-05:00,2025-12-31 09:56:00-05:00,4351.03,4333.04,4422.989999999999,2025-12-31 10:09:00-05:00,4333.04,SL,-1.0089
2026-01-05,LONG,4430.12,4417.91,2026-01-05 09:46:00-05:00,2026-01-05 09:47:00-05:00,4433.17,4417.91,4494.210000000001,2026-01-06 15:57:00-05:00,4494.210000000001,TP,3.9895
2026-01-06,LONG,4483.0,4465.08,2026-01-06 15:58:00-05:00,2026-01-06 15:59:00-05:00,4496.15,4465.08,4620.4299999999985,2026-01-06 20:35:00-05:00,4465.08,SL,-1.0051
2026-01-07,LONG,4452.37,4435.76,2026-01-07 11:21:00-05:00,2026-01-07 11:22:00-05:00,4453.16,4435.76,4522.759999999998,2026-01-07 21:33:00-05:00,4435.76,SL,-1.0092
2026-01-08,LONG,4435.39,4421.9,2026-01-08 09:47:00-05:00,2026-01-08 09:48:00-05:00,4437.41,4421.9,4499.450000000001,2026-01-09 10:09:00-05:00,4499.450000000001,TP,3.9897
2026-01-09,LONG,4498.1,4482.79,2026-01-09 10:19:00-05:00,2026-01-09 10:20:00-05:00,4499.1,4482.79,4564.340000000002,2026-01-09 12:56:00-05:00,4482.79,SL,-1.0098
2026-01-12,LONG,4611.52,4585.48,2026-01-12 10:02:00-05:00,2026-01-12 10:03:00-05:00,4611.9,4585.48,4717.58,2026-01-12 18:12:00-05:00,4585.48,SL,-1.0061
2026-01-13,LONG,4625.89,4611.53,2026-01-13 09:45:00-05:00,2026-01-13 09:46:00-05:00,4627.74,4611.53,4692.58,2026-01-13 10:17:00-05:00,4611.53,SL,-1.0099
2026-01-14,LONG,4635.33,4613.61,2026-01-14 13:52:00-05:00,2026-01-14 13:53:00-05:00,4636.45,4613.61,4727.81,2026-01-14 18:09:00-05:00,4613.61,SL,-1.007
2026-01-15,LONG,4611.83,4601.69,2026-01-15 09:54:00-05:00,2026-01-15 09:55:00-05:00,4612.98,4601.69,4658.139999999999,2026-01-15 11:54:00-05:00,4601.69,SL,-1.0142
2026-01-16,LONG,4611.57,4596.19,2026-01-16 09:47:00-05:00,2026-01-16 09:48:00-05:00,4613.78,4596.19,4684.14,2026-01-16 10:23:00-05:00,4596.19,SL,-1.0091
2026-01-19,LONG,4670.26,4663.93,2026-01-19 10:47:00-05:00,2026-01-19 10:48:00-05:00,4671.5,4663.93,4701.779999999999,2026-01-19 19:24:00-05:00,4663.93,SL,-1.0211
2026-01-20,LONG,4750.61,4728.67,2026-01-20 11:53:00-05:00,2026-01-20 11:54:00-05:00,4751.15,4728.67,4841.069999999998,2026-01-20 20:54:00-05:00,4841.069999999998,TP,3.9929
2026-01-22,LONG,4847.8,4828.24,2026-01-22 10:26:00-05:00,2026-01-22 10:27:00-05:00,4853.13,4828.24,4952.690000000001,2026-01-22 18:08:00-05:00,4952.690000000001,TP,3.9936
2026-01-23,LONG,4949.81,4933.01,2026-01-23 09:46:00-05:00,2026-01-23 09:47:00-05:00,4950.45,4933.01,5020.209999999998,2026-01-25 18:02:00-05:00,5020.209999999998,TP,3.9908
2026-01-26,LONG,5090.84,5074.7,2026-01-26 09:52:00-05:00,2026-01-26 09:53:00-05:00,5093.54,5074.7,5168.900000000001,2026-01-26 10:41:00-05:00,5074.7,SL,-1.0085
2026-01-27,LONG,5082.48,5059.21,2026-01-27 10:37:00-05:00,2026-01-27 10:38:00-05:00,5082.8,5059.21,5177.160000000001,2026-01-27 15:54:00-05:00,5177.160000000001,TP,3.9932
2026-01-28,LONG,5284.11,5250.38,2026-01-28 09:58:00-05:00,2026-01-28 09:59:00-05:00,5285.98,5250.38,5428.379999999997,2026-01-28 10:08:00-05:00,5250.38,SL,-1.0045
2026-02-02,LONG,4793.98,4709.01,2026-02-02 19:04:00-05:00,2026-02-02 19:05:00-05:00,4794.77,4709.01,5137.810000000001,2026-02-05 18:52:00-05:00,4709.01,SL,-1.0019
2026-02-06,LONG,4947.35,4897.46,2026-02-06 09:58:00-05:00,2026-02-06 09:59:00-05:00,4947.65,4897.46,5148.409999999998,2026-02-12 11:26:00-05:00,4897.46,SL,-1.0032
2026-02-13,LONG,5011.35,4964.09,2026-02-13 10:36:00-05:00,2026-02-13 10:37:00-05:00,5018.83,4964.09,5237.789999999999,2026-02-16 00:03:00-05:00,4964.09,SL,-1.0029
2026-02-16,LONG,4994.8,4983.61,2026-02-16 12:30:00-05:00,2026-02-16 12:31:00-05:00,4995.18,4983.61,5041.460000000003,2026-02-16 19:04:00-05:00,4983.61,SL,-1.0138
2026-02-17,LONG,4907.59,4866.71,2026-02-17 13:56:00-05:00,2026-02-17 13:57:00-05:00,4908.55,4866.71,5075.910000000001,2026-02-17 18:00:00-05:00,4866.71,SL,-1.0038
2026-02-18,LONG,4986.03,4955.11,2026-02-18 09:47:00-05:00,2026-02-18 09:48:00-05:00,4986.11,4955.11,5110.11,2026-02-22 18:01:00-05:00,5110.11,TP,3.9948
2026-02-23,LONG,5190.64,5165.26,2026-02-23 09:45:00-05:00,2026-02-23 09:46:00-05:00,5196.17,5165.26,5319.8099999999995,2026-02-23 20:15:00-05:00,5165.26,SL,-1.0052
2026-02-24,LONG,5139.36,5109.28,2026-02-24 10:17:00-05:00,2026-02-24 10:18:00-05:00,5141.05,5109.28,5268.130000000002,2026-02-27 16:39:00-05:00,5268.130000000002,TP,3.995
2026-02-27,LONG,5233.89,5213.93,2026-02-27 16:40:00-05:00,2026-02-27 16:41:00-05:00,5274.77,5213.93,5518.130000000001,2026-03-03 06:07:00-05:00,5213.93,SL,-1.0026
2026-03-03,LONG,5145.8,5061.63,2026-03-03 14:03:00-05:00,2026-03-03 14:04:00-05:00,5146.49,5061.63,5485.9299999999985,2026-03-05 10:08:00-05:00,5061.63,SL,-1.0019
2026-03-05,LONG,5123.67,5090.7,2026-03-05 20:50:00-05:00,2026-03-05 20:51:00-05:00,5132.04,5090.7,5297.400000000001,2026-03-06 04:36:00-05:00,5090.7,SL,-1.0039
2026-03-06,LONG,5115.43,5084.16,2026-03-06 09:56:00-05:00,2026-03-06 09:57:00-05:00,5116.42,5084.16,5245.460000000001,2026-03-08 20:35:00-04:00,5084.16,SL,-1.005
2026-03-09,LONG,5112.14,5103.87,2026-03-09 11:44:00-04:00,2026-03-09 11:45:00-04:00,5112.46,5103.87,5146.820000000001,2026-03-09 11:47:00-04:00,5103.87,SL,-1.0186
2026-03-10,LONG,5185.58,5178.47,2026-03-10 09:45:00-04:00,2026-03-10 09:46:00-04:00,5187.02,5178.47,5221.220000000001,2026-03-10 10:24:00-04:00,5221.220000000001,TP,3.9813
2026-03-12,LONG,5176.34,5168.49,2026-03-12 09:47:00-04:00,2026-03-12 09:48:00-04:00,5177.53,5168.49,5213.69,2026-03-12 10:22:00-04:00,5168.49,SL,-1.0177
2026-03-13,LONG,5116.56,5108.13,2026-03-13 09:45:00-04:00,2026-03-13 09:46:00-04:00,5117.12,5108.13,5153.079999999999,2026-03-13 10:25:00-04:00,5108.13,SL,-1.0178
2026-03-16,LONG,5025.69,5018.93,2026-03-16 10:15:00-04:00,2026-03-16 10:16:00-04:00,5027.91,5018.93,5063.829999999998,2026-03-16 10:29:00-04:00,5018.93,SL,-1.0178
2026-03-17,LONG,5023.92,5016.02,2026-03-17 10:32:00-04:00,2026-03-17 10:33:00-04:00,5025.99,5016.02,5065.869999999997,2026-03-17 10:51:00-04:00,5016.02,SL,-1.016
2026-03-19,LONG,4617.81,4560.04,2026-03-19 10:59:00-04:00,2026-03-19 11:00:00-04:00,4620.62,4560.04,4862.94,2026-03-20 11:25:00-04:00,4560.04,SL,-1.0026
2026-03-23,LONG,4441.91,4373.75,2026-03-23 09:46:00-04:00,2026-03-23 09:47:00-04:00,4448.5,4373.75,4747.5,2026-03-23 12:55:00-04:00,4373.75,SL,-1.0021
2026-03-24,LONG,4406.54,4362.07,2026-03-24 11:24:00-04:00,2026-03-24 11:25:00-04:00,4406.94,4362.07,4586.419999999999,2026-03-24 22:36:00-04:00,4586.419999999999,TP,3.9964
2026-03-25,LONG,4554.61,4522.15,2026-03-25 10:03:00-04:00,2026-03-25 10:04:00-04:00,4561.96,4522.15,4721.200000000002,2026-03-25 16:08:00-04:00,4522.15,SL,-1.004
2026-03-26,LONG,4444.91,4432.01,2026-03-26 10:13:00-04:00,2026-03-26 10:14:00-04:00,4445.5,4432.01,4499.459999999999,2026-03-26 10:40:00-04:00,4432.01,SL,-1.0119
2026-03-27,LONG,4437.35,4424.66,2026-03-27 09:49:00-04:00,2026-03-27 09:50:00-04:00,4439.66,4424.66,4499.66,2026-03-27 10:10:00-04:00,4424.66,SL,-1.0107
2026-03-30,LONG,4573.84,4543.12,2026-03-30 21:23:00-04:00,2026-03-30 21:24:00-04:00,4576.72,4543.12,4711.120000000002,2026-03-31 06:38:00-04:00,4543.12,SL,-1.0048
2026-03-31,LONG,4589.36,4568.34,2026-03-31 09:49:00-04:00,2026-03-31 09:50:00-04:00,4589.69,4568.34,4675.089999999997,2026-03-31 15:02:00-04:00,4675.089999999997,TP,3.9925
2026-04-01,LONG,4749.58,4730.71,2026-04-01 10:22:00-04:00,2026-04-01 10:23:00-04:00,4750.7,4730.71,4830.659999999999,2026-04-01 10:26:00-04:00,4730.71,SL,-1.008
2026-04-02,LONG,4607.78,4586.04,2026-04-02 09:46:00-04:00,2026-04-02 09:47:00-04:00,4613.26,4586.04,4722.140000000001,2026-04-07 18:00:00-04:00,4722.140000000001,TP,3.9941
2026-04-07,LONG,4663.15,4635.68,2026-04-07 18:01:00-04:00,2026-04-07 18:02:00-04:00,4743.18,4635.68,5173.18,2026-04-28 01:40:00-04:00,4635.68,SL,-1.0015
2026-04-28,LONG,4591.64,4570.82,2026-04-28 12:52:00-04:00,2026-04-28 12:53:00-04:00,4593.28,4570.82,4683.12,2026-04-29 03:26:00-04:00,4570.82,SL,-1.0071
2026-04-29,LONG,4539.75,4513.51,2026-04-29 10:33:00-04:00,2026-04-29 10:34:00-04:00,4540.45,4513.51,4648.209999999998,2026-05-01 10:12:00-04:00,4648.209999999998,TP,3.9941
2026-05-01,LONG,4609.0,4586.52,2026-05-01 10:13:00-04:00,2026-05-01 10:14:00-04:00,4657.65,4586.52,4942.169999999996,2026-05-04 02:38:00-04:00,4586.52,SL,-1.0022
2026-05-04,LONG,4570.94,4555.55,2026-05-04 10:18:00-04:00,2026-05-04 10:19:00-04:00,4572.55,4555.55,4640.55,2026-05-04 11:00:00-04:00,4555.55,SL,-1.0094
2026-05-05,LONG,4581.79,4571.64,2026-05-05 09:53:00-04:00,2026-05-05 09:54:00-04:00,4582.17,4571.64,4624.289999999999,2026-05-05 10:14:00-04:00,4571.64,SL,-1.0152
2026-05-06,LONG,4699.25,4680.25,2026-05-06 09:49:00-04:00,2026-05-06 09:50:00-04:00,4700.85,4680.25,4783.250000000002,2026-05-06 12:58:00-04:00,4680.25,SL,-1.0078
2026-05-07,LONG,4758.39,4743.31,2026-05-07 10:25:00-04:00,2026-05-07 10:26:00-04:00,4759.16,4743.31,4822.559999999998,2026-05-07 11:26:00-04:00,4743.31,SL,-1.0101
2026-05-08,LONG,4744.42,4726.72,2026-05-08 09:57:00-04:00,2026-05-08 09:58:00-04:00,4746.23,4726.72,4824.269999999997,2026-05-08 10:09:00-04:00,4726.72,SL,-1.0082
2026-05-11,LONG,4745.54,4728.08,2026-05-11 09:45:00-04:00,2026-05-11 09:46:00-04:00,4747.52,4728.08,4825.2800000000025,2026-05-11 10:05:00-04:00,4728.08,SL,-1.0082
2026-05-12,LONG,4701.67,4683.57,2026-05-12 15:12:00-04:00,2026-05-12 15:13:00-04:00,4702.22,4683.57,4776.820000000002,2026-05-13 08:28:00-04:00,4683.57,SL,-1.0086
2026-05-13,LONG,4690.92,4673.06,2026-05-13 11:29:00-04:00,2026-05-13 11:30:00-04:00,4691.22,4673.06,4763.86,2026-05-14 00:00:00-04:00,4673.06,SL,-1.0088
2026-05-14,LONG,4689.5,4666.65,2026-05-14 10:12:00-04:00,2026-05-14 10:13:00-04:00,4690.19,4666.65,4784.349999999999,2026-05-14 15:19:00-04:00,4666.65,SL,-1.0068
2026-05-15,LONG,4551.21,4519.91,2026-05-15 10:17:00-04:00,2026-05-15 10:18:00-04:00,4552.57,4519.91,4683.209999999999,2026-05-17 18:02:00-04:00,4519.91,SL,-1.0049
2026-05-18,LONG,4579.95,4564.76,2026-05-18 09:53:00-04:00,2026-05-18 09:54:00-04:00,4580.17,4564.76,4641.8099999999995,2026-05-18 10:04:00-04:00,4564.76,SL,-1.0104
2026-05-19,LONG,4495.59,4464.68,2026-05-19 09:52:00-04:00,2026-05-19 09:53:00-04:00,4495.84,4464.68,4620.48,2026-05-19 21:36:00-04:00,4464.68,SL,-1.0051
2026-05-20,LONG,4493.05,4483.01,2026-05-20 10:16:00-04:00,2026-05-20 10:17:00-04:00,4497.2,4483.01,4553.959999999998,2026-05-20 21:10:00-04:00,4553.959999999998,TP,3.9887
2026-05-21,LONG,4502.79,4488.69,2026-05-21 09:48:00-04:00,2026-05-21 09:49:00-04:00,4503.12,4488.69,4560.840000000001,2026-05-24 18:46:00-04:00,4560.840000000001,TP,3.9889
2026-05-25,LONG,4565.58,4561.51,2026-05-25 10:03:00-04:00,2026-05-25 10:04:00-04:00,4566.13,4561.51,4584.61,2026-05-25 19:34:00-04:00,4561.51,SL,-1.0346
2026-05-27,LONG,4425.75,4404.6,2026-05-27 09:51:00-04:00,2026-05-27 09:52:00-04:00,4431.34,4404.6,4538.299999999999,2026-05-27 22:02:00-04:00,4404.6,SL,-1.006
2026-05-28,LONG,4430.97,4418.19,2026-05-28 09:50:00-04:00,2026-05-28 09:51:00-04:00,4431.36,4418.19,4484.04,2026-05-28 11:36:00-04:00,4484.04,TP,3.9879
2026-05-29,LONG,4535.47,4522.36,2026-05-29 09:48:00-04:00,2026-05-29 09:49:00-04:00,4535.75,4522.36,4589.310000000001,2026-05-29 11:08:00-04:00,4589.310000000001,TP,3.9881
2026-06-01,LONG,4478.62,4458.88,2026-06-01 12:54:00-04:00,2026-06-01 12:55:00-04:00,4479.84,4458.88,4563.68,2026-06-03 01:58:00-04:00,4458.88,SL,-1.0076
2026-06-03,LONG,4453.27,4427.53,2026-06-03 10:10:00-04:00,2026-06-03 10:11:00-04:00,4453.54,4427.53,4557.580000000001,2026-06-03 18:16:00-04:00,4427.53,SL,-1.0062
2026-06-09,LONG,4334.42,4325.07,2026-06-09 09:46:00-04:00,2026-06-09 09:47:00-04:00,4335.84,4325.07,4378.920000000002,2026-06-09 10:06:00-04:00,4325.07,SL,-1.0149
2026-06-10,LONG,4177.74,4141.99,2026-06-10 09:45:00-04:00,2026-06-10 09:46:00-04:00,4184.38,4141.99,4353.940000000001,2026-06-10 10:48:00-04:00,4141.99,SL,-1.0038
2026-06-11,LONG,4082.64,4067.13,2026-06-11 09:46:00-04:00,2026-06-11 09:47:00-04:00,4090.02,4067.13,4181.58,2026-06-11 10:09:00-04:00,4067.13,SL,-1.007
2026-06-12,LONG,4210.21,4182.76,2026-06-12 11:10:00-04:00,2026-06-12 11:11:00-04:00,4213.37,4182.76,4335.809999999999,2026-06-15 04:32:00-04:00,4335.809999999999,TP,3.9948
2026-06-16,LONG,4340.59,4333.78,2026-06-16 11:57:00-04:00,2026-06-16 11:58:00-04:00,4342.86,4333.78,4379.179999999999,2026-06-16 13:17:00-04:00,4333.78,SL,-1.0176
2026-06-17,LONG,4341.9,4332.67,2026-06-17 09:46:00-04:00,2026-06-17 09:47:00-04:00,4341.95,4332.67,4379.069999999999,2026-06-17 10:47:00-04:00,4332.67,SL,-1.0172
2026-06-22,LONG,4194.61,4182.88,2026-06-22 09:46:00-04:00,2026-06-22 09:47:00-04:00,4196.74,4182.88,4252.1799999999985,2026-06-22 11:39:00-04:00,4182.88,SL,-1.0115
2026-06-23,LONG,4128.76,4110.02,2026-06-23 09:48:00-04:00,2026-06-23 09:49:00-04:00,4134.14,4110.02,4230.62,2026-06-23 16:00:00-04:00,4110.02,SL,-1.0066
2026-06-24,LONG,4018.08,3974.27,2026-06-24 09:49:00-04:00,2026-06-24 09:50:00-04:00,4019.7,3974.27,4201.419999999999,2026-06-24 13:58:00-04:00,3974.27,SL,-1.0035
2026-06-25,LONG,4028.55,4011.01,2026-06-25 11:22:00-04:00,2026-06-25 11:23:00-04:00,4033.84,4011.01,4125.16,2026-06-25 18:00:00-04:00,4011.01,SL,-1.007
2026-06-26,LONG,4062.35,4044.98,2026-06-26 09:50:00-04:00,2026-06-26 09:51:00-04:00,4067.79,4044.98,4159.03,2026-06-29 01:30:00-04:00,4044.98,SL,-1.007
2026-06-30,LONG,4027.42,4013.15,2026-06-30 09:51:00-04:00,2026-06-30 09:52:00-04:00,4027.73,4013.15,4086.0499999999997,2026-06-30 16:27:00-04:00,4013.15,SL,-1.011
2026-07-01,LONG,4099.68,4041.72,2026-07-01 09:45:00-04:00,2026-07-01 09:46:00-04:00,4107.01,4041.72,4368.170000000002,2026-07-01 15:52:00-04:00,4041.72,SL,-1.0025
2026-07-02,LONG,4138.25,4110.08,2026-07-02 09:48:00-04:00,2026-07-02 09:49:00-04:00,4139.61,4110.08,4257.729999999999,2026-07-02 12:30:00-04:00,4110.08,SL,-1.0054
2026-07-03,LONG,4171.8,4165.05,2026-07-03 11:03:00-04:00,2026-07-03 11:04:00-04:00,4172.37,4165.05,4201.649999999999,2026-07-03 11:55:00-04:00,4165.05,SL,-1.0219
2026-07-06,LONG,4150.45,4141.97,2026-07-06 11:29:00-04:00,2026-07-06 11:30:00-04:00,4150.6,4141.97,4185.120000000001,2026-07-06 12:13:00-04:00,4141.97,SL,-1.0185
2026-07-08,LONG,4080.27,4066.68,2026-07-08 14:45:00-04:00,2026-07-08 14:46:00-04:00,4080.47,4066.68,4135.629999999999,2026-07-08 21:03:00-04:00,4066.68,SL,-1.0116
2026-07-09,LONG,4129.54,4119.64,2026-07-09 10:02:00-04:00,2026-07-09 10:03:00-04:00,4130.41,4119.64,4173.489999999998,2026-07-09 10:15:00-04:00,4119.64,SL,-1.0149
2026-07-10,LONG,4102.56,4086.94,2026-07-10 09:51:00-04:00,2026-07-10 09:52:00-04:00,4102.71,4086.94,4165.79,2026-07-10 10:33:00-04:00,4086.94,SL,-1.0101
2026-07-14,LONG,4088.57,4075.83,2026-07-14 11:04:00-04:00,2026-07-14 11:05:00-04:00,4088.89,4075.83,4141.129999999999,2026-07-14 11:39:00-04:00,4075.83,SL,-1.0123
2026-07-15,LONG,4063.17,4055.56,2026-07-15 09:57:00-04:00,2026-07-15 09:58:00-04:00,4064.6,4055.56,4100.76,2026-07-15 10:27:00-04:00,4055.56,SL,-1.0177
2026-07-16,LONG,4008.48,3981.78,2026-07-16 11:25:00-04:00,2026-07-16 11:26:00-04:00,4015.69,3981.78,4151.33,2026-07-16 13:36:00-04:00,3981.78,SL,-1.0047
2026-07-17,LONG,4003.61,3963.66,2026-07-17 11:04:00-04:00,2026-07-17 11:05:00-04:00,4012.39,3963.66,4207.3099999999995,2026-08-05 08:17:00-04:00,4207.3099999999995,TP,3.9967
2026-08-05,LONG,4204.48,4192.63,2026-08-05 09:59:00-04:00,2026-08-05 10:00:00-04:00,4205.98,4192.63,4259.379999999997,2026-08-05 11:04:00-04:00,4259.379999999997,TP,3.988
2026-08-06,LONG,4274.24,4245.83,2026-08-06 10:12:00-04:00,2026-08-06 10:13:00-04:00,4274.48,4245.83,4389.079999999998,2026-08-06 11:51:00-04:00,4245.83,SL,-1.0056
2026-08-10,LONG,4339.91,4330.08,2026-08-10 10:25:00-04:00,2026-08-10 10:26:00-04:00,4341.69,4330.08,4388.129999999998,2026-08-10 15:25:00-04:00,4388.129999999998,TP,3.9862
2026-08-11,LONG,4401.88,4388.95,2026-08-11 09:45:00-04:00,2026-08-11 09:46:00-04:00,4402.3,4388.95,4455.700000000002,2026-08-11 09:53:00-04:00,4388.95,SL,-1.012
2026-08-12,LONG,4420.87,4408.49,2026-08-12 09:46:00-04:00,2026-08-12 09:47:00-04:00,4422.44,4408.49,4478.239999999999,2026-08-12 12:47:00-04:00,4408.49,SL,-1.0115
2026-08-17,LONG,4391.97,4384.93,2026-08-17 09:48:00-04:00,2026-08-17 09:49:00-04:00,4392.15,4384.93,4421.029999999997,2026-08-17 10:21:00-04:00,4421.029999999997,TP,3.9778
2026-08-19,LONG,4466.13,4442.36,2026-08-19 10:07:00-04:00,2026-08-19 10:08:00-04:00,4468.23,4442.36,4571.709999999999,2026-08-21 04:19:00-04:00,4571.709999999999,TP,3.9938
2026-08-21,LONG,4590.95,4573.3,2026-08-21 10:20:00-04:00,2026-08-21 10:21:00-04:00,4592.26,4573.3,4668.1,2026-08-24 07:38:00-04:00,4668.1,TP,3.9916
2026-08-24,LONG,4680.96,4658.38,2026-08-24 19:50:00-04:00,2026-08-24 19:51:00-04:00,4681.51,4658.38,4774.030000000001,2026-08-24 21:58:00-04:00,4658.38,SL,-1.0069
2026-08-25,LONG,4623.57,4609.18,2026-08-25 10:07:00-04:00,2026-08-25 10:08:00-04:00,4623.96,4609.18,4683.079999999999,2026-08-26 09:08:00-04:00,4609.18,SL,-1.0108
2026-08-26,LONG,4623.02,4610.26,2026-08-26 09:48:00-04:00,2026-08-26 09:49:00-04:00,4623.26,4610.26,4675.26,2026-08-26 10:53:00-04:00,4610.26,SL,-1.0123
2026-08-27,LONG,4592.98,4572.33,2026-08-27 10:43:00-04:00,2026-08-27 10:44:00-04:00,4595.14,4572.33,4686.380000000002,2026-08-28 01:43:00-04:00,4572.33,SL,-1.007
2026-08-28,LONG,4607.95,4598.9,2026-08-28 09:46:00-04:00,2026-08-28 09:47:00-04:00,4608.29,4598.9,4645.850000000001,2026-08-28 10:00:00-04:00,4598.9,SL,-1.017
2026-08-31,LONG,4447.33,4432.02,2026-08-31 15:49:00-04:00,2026-08-31 15:50:00-04:00,4448.72,4432.02,4515.5199999999995,2026-08-31 22:43:00-04:00,4432.02,SL,-1.0096
2026-09-01,LONG,4362.28,4341.25,2026-09-01 09:59:00-04:00,2026-09-01 10:00:00-04:00,4365.62,4341.25,4463.099999999999,2026-09-01 13:47:00-04:00,4341.25,SL,-1.0066
2026-09-02,LONG,4379.43,4356.97,2026-09-02 09:58:00-04:00,2026-09-02 09:59:00-04:00,4380.47,4356.97,4474.47,2026-09-03 08:38:00-04:00,4474.47,TP,3.9932
