entry_time,direction,entry_type,entry_price,stop,target,exit_time,exit_price,exit_reason,spread_price,r_multiple_gross,r_multiple_net,pnl_usd_net
2020-01-08 03:00:00-05:00,SHORT,Bounce,108.406,108.46554782073655,107.638,2020-01-08 04:00:00-05:00,108.46554782073655,SL,0.020933,-1.0,-1.3515,-1351.54
2020-01-08 19:45:00-05:00,SHORT,Bounce,109.175,109.24706841985805,108.993,2020-01-09 00:45:00-05:00,109.24706841985805,SL,0.021467,-1.0,-1.2979,-1297.87
2020-01-13 03:00:00-05:00,LONG,Breakout,109.631,109.62114880572852,109.679,2020-01-13 03:30:00-05:00,109.679,TP,0.021133,4.8725,2.7272,2727.25
2020-01-15 10:45:00-05:00,LONG,Breakout,109.975,109.928676185314,110.103,2020-01-15 11:00:00-05:00,109.928676185314,SL,0.020733,-1.0,-1.4476,-1447.57
2020-01-16 03:30:00-05:00,LONG,Breakout,110.024,109.97589030119308,110.103,2020-01-16 04:00:00-05:00,109.97589030119308,SL,0.020867,-1.0,-1.4337,-1433.73
2020-01-16 09:30:00-05:00,LONG,Breakout,110.081,110.0457127203907,110.203,2020-01-16 09:45:00-05:00,110.0457127203907,SL,0.020333,-1.0,-1.5762,-1576.22
2020-01-16 10:30:00-05:00,LONG,Breakout,110.084,110.0437734591597,110.203,2020-01-16 18:00:00-05:00,110.203,TP,0.020933,2.9582,2.4379,2437.86
2020-01-17 10:45:00-05:00,LONG,Bounce,110.155,110.06619350774436,110.242,2020-01-20 20:15:00-05:00,110.06619350774436,SL,0.020933,-1.0,-1.2357,-1235.72
2020-01-21 09:00:00-05:00,LONG,Breakout,110.096,110.05944759639411,110.211,2020-01-21 09:30:00-05:00,110.05944759639411,SL,0.020933,-1.0,-1.5727,-1572.69
2020-01-21 10:45:00-05:00,LONG,Bounce,109.896,109.86842282306777,110.211,2020-01-21 13:15:00-05:00,109.86842282306777,SL,0.021133,-1.0,-1.7663,-1766.33
2020-01-27 19:45:00-05:00,SHORT,Breakout,108.837,108.86111908071214,108.72,2020-01-27 20:00:00-05:00,108.86111908071214,SL,0.021067,-1.0,-1.8734,-1873.44
2020-01-28 03:45:00-05:00,SHORT,Breakout,108.906,108.94496231945645,108.809,2020-01-28 04:00:00-05:00,108.809,TP,0.020867,2.4896,1.954,1954.02
2020-01-29 02:15:00-05:00,SHORT,Breakout,109.052,109.07044921982964,108.745,2020-01-29 02:30:00-05:00,109.07044921982964,SL,0.0214,-1.0,-2.1599,-2159.94
2020-01-29 04:00:00-05:00,SHORT,Breakout,109.042,109.07178999050745,108.745,2020-01-29 05:30:00-05:00,109.07178999050745,SL,0.021467,-1.0,-1.7206,-1720.6
2020-01-30 02:15:00-05:00,SHORT,Breakout,108.815,108.84274091554316,108.745,2020-01-30 02:45:00-05:00,108.84274091554316,SL,0.021333,-1.0,-1.769,-1769.02
2020-01-30 09:45:00-05:00,SHORT,Bounce,108.892,108.97990520670187,108.745,2020-01-30 10:30:00-05:00,108.745,TP,0.0212,1.6723,1.4311,1431.09
2020-01-30 10:45:00-05:00,SHORT,Breakout,108.66,108.77041764391431,108.606,2020-01-30 11:45:00-05:00,108.77041764391431,SL,0.0206,-1.0,-1.1866,-1186.56
2020-01-31 08:15:00-05:00,SHORT,Breakout,108.859,108.87554466498305,108.57,2020-01-31 08:30:00-05:00,108.87554466498305,SL,0.021,-1.0,-2.2693,-2269.29
2020-02-05 03:30:00-05:00,LONG,Breakout,109.556,109.46834532243655,109.995,2020-02-06 17:00:00-05:00,109.995,TP,0.020733,5.0083,4.7718,4771.76
2020-02-06 19:45:00-05:00,LONG,Bounce,109.861,109.80017522973718,110.011,2020-02-07 04:45:00-05:00,109.80017522973718,SL,0.021067,-1.0,-1.3464,-1346.35
2020-02-10 19:45:00-05:00,LONG,Breakout,109.804,109.78166109346733,109.841,2020-02-10 20:15:00-05:00,109.841,TP,0.021667,1.6563,0.6864,686.4
2020-02-11 01:00:00-05:00,LONG,Breakout,109.908,109.88394739027808,109.985,2020-02-11 02:00:00-05:00,109.88394739027808,SL,0.021667,-1.0,-1.9008,-1900.8
2020-02-11 02:45:00-05:00,LONG,Breakout,109.902,109.88310917183219,109.985,2020-02-11 03:15:00-05:00,109.88310917183219,SL,0.021467,-1.0,-2.1364,-2136.35
2020-02-12 02:30:00-05:00,LONG,Breakout,109.893,109.87563977208964,109.952,2020-02-12 02:45:00-05:00,109.87563977208964,SL,0.021133,-1.0,-2.2173,-2217.34
2020-02-12 03:15:00-05:00,LONG,Breakout,109.924,109.87482863676419,109.952,2020-02-12 03:30:00-05:00,109.952,TP,0.021067,0.5694,0.141,141.0
2020-02-14 08:45:00-05:00,LONG,Bounce,109.768,109.72908271162812,109.901,2020-02-14 09:30:00-05:00,109.72908271162812,SL,0.0214,-1.0,-1.5499,-1549.88
2020-02-19 02:45:00-05:00,LONG,Breakout,110.109,110.09448561386276,110.211,2020-02-19 03:00:00-05:00,110.09448561386276,SL,0.021133,-1.0,-2.456,-2456.03
2020-02-19 03:30:00-05:00,LONG,Breakout,110.154,110.09308217698852,110.211,2020-02-19 04:15:00-05:00,110.211,TP,0.021133,0.9357,0.5888,588.77
2020-02-24 18:45:00-05:00,LONG,Breakout,110.841,110.78999743705323,111.416,2020-02-24 22:30:00-05:00,110.78999743705323,SL,0.0214,-1.0,-1.4196,-1419.59
2020-02-25 02:00:00-05:00,LONG,Retest,110.846,110.79502814890047,111.03,2020-02-25 02:15:00-05:00,110.79502814890047,SL,0.021267,-1.0,-1.4172,-1417.22
2020-02-27 03:30:00-05:00,SHORT,Breakout,109.924,109.97655357515075,109.83,2020-02-27 03:45:00-05:00,109.97655357515075,SL,0.0214,-1.0,-1.4072,-1407.2
2020-02-27 07:45:00-05:00,SHORT,Retest,109.854,109.97574945715738,109.652,2020-02-27 09:30:00-05:00,109.97574945715738,SL,0.021467,-1.0,-1.1763,-1176.32
2020-02-27 10:15:00-05:00,SHORT,Breakout,109.758,109.86213849099717,109.652,2020-02-27 10:45:00-05:00,109.86213849099717,SL,0.0208,-1.0,-1.1997,-1199.73
2020-02-28 09:45:00-05:00,SHORT,Breakout,108.407,108.52620535876099,108.296,2020-02-28 10:00:00-05:00,108.296,TP,0.0208,0.9312,0.7567,756.68
2020-03-04 09:30:00-05:00,SHORT,Breakout,107.28,107.33324809366478,106.834,2020-03-04 10:00:00-05:00,107.33324809366478,SL,0.021467,-1.0,-1.4031,-1403.14
2020-03-05 02:00:00-05:00,SHORT,Breakout,107.236,107.26689723573757,107.131,2020-03-05 02:15:00-05:00,107.26689723573757,SL,0.0212,-1.0,-1.6861,-1686.15
2020-03-05 03:30:00-05:00,SHORT,Breakout,107.234,107.2677620872167,107.131,2020-03-05 03:45:00-05:00,107.2677620872167,SL,0.021533,-1.0,-1.6378,-1637.8
2020-03-10 11:15:00-04:00,SHORT,Breakout,103.51,103.77616676002575,101.989,2020-03-10 11:45:00-04:00,103.77616676002575,SL,0.014133,-1.0,-1.0531,-1053.1
2020-03-11 21:15:00-04:00,SHORT,Breakout,103.697,104.26584762874994,103.212,2020-03-11 22:00:00-04:00,103.212,TP,0.015133,0.8526,0.826,826.0
2020-03-12 21:15:00-04:00,SHORT,Breakout,104.75,104.88147025685947,103.504,2020-03-12 21:30:00-04:00,104.88147025685947,SL,0.018133,-1.0,-1.1379,-1137.93
2020-03-16 08:15:00-04:00,SHORT,Breakout,105.589,105.76264232137376,104.496,2020-03-16 09:45:00-04:00,105.76264232137376,SL,0.012867,-1.0,-1.0741,-1074.1
2020-03-17 09:30:00-04:00,SHORT,Bounce,106.798,107.18090991345242,106.286,2020-03-17 10:30:00-04:00,107.18090991345242,SL,0.012,-1.0,-1.0313,-1031.34
2020-03-18 20:45:00-04:00,LONG,Breakout,108.8,108.60220426937978,109.053,2020-03-18 21:15:00-04:00,109.053,TP,0.013667,1.2791,1.21,1210.0
2020-03-24 09:45:00-04:00,LONG,Breakout,111.168,110.8947593073029,111.591,2020-03-24 12:30:00-04:00,111.591,TP,0.0124,1.5481,1.5027,1502.7
2020-03-31 10:30:00-04:00,SHORT,Breakout,108.027,108.11786413449245,107.684,2020-03-31 10:45:00-04:00,108.11786413449245,SL,0.0116,-1.0,-1.1277,-1127.66
2020-03-31 20:00:00-04:00,SHORT,Breakout,107.344,107.47978328066927,107.115,2020-03-31 20:45:00-04:00,107.47978328066927,SL,0.0146,-1.0,-1.1075,-1107.52
2020-04-01 09:30:00-04:00,SHORT,Breakout,107.241,107.30127696560163,107.115,2020-04-01 10:00:00-04:00,107.115,TP,0.013267,2.0904,1.8703,1870.26
2020-04-02 08:30:00-04:00,SHORT,Breakout,107.08,107.15406666726376,106.913,2020-04-02 08:45:00-04:00,107.15406666726376,SL,0.0132,-1.0,-1.1782,-1178.22
2020-04-02 20:00:00-04:00,SHORT,Bounce,108.005,108.10594248456644,107.796,2020-04-02 20:30:00-04:00,108.10594248456644,SL,0.015067,-1.0,-1.1493,-1149.26
2020-04-02 21:15:00-04:00,SHORT,Bounce,108.034,108.10716871564327,107.796,2020-04-02 22:15:00-04:00,107.796,TP,0.014467,3.2528,3.055,3055.04
2020-04-06 15:45:00-04:00,LONG,Breakout,109.228,109.16946393674965,109.374,2020-04-06 16:15:00-04:00,109.16946393674965,SL,0.0133,-1.0,-1.2272,-1227.21
2020-04-06 16:45:00-04:00,LONG,Breakout,109.226,109.16939499600547,109.374,2020-04-06 18:30:00-04:00,109.16939499600547,SL,0.014571,-1.0,-1.2574,-1257.42
2020-04-07 10:45:00-04:00,LONG,Bounce,108.973,108.7925479368279,109.138,2020-04-07 14:00:00-04:00,108.7925479368279,SL,0.012333,-1.0,-1.0683,-1068.35
2020-04-08 09:00:00-04:00,LONG,Breakout,109.016,108.98154531197818,109.138,2020-04-08 09:15:00-04:00,108.98154531197818,SL,0.012067,-1.0,-1.3502,-1350.22
2020-04-13 00:30:00-04:00,SHORT,Breakout,107.877,107.99858020870239,107.817,2020-04-13 02:15:00-04:00,107.817,TP,0.0136,0.4935,0.3816,381.64
2020-04-13 10:00:00-04:00,SHORT,Breakout,107.756,107.7987687638837,107.008,2020-04-14 13:30:00-04:00,107.008,TP,0.0124,17.4894,17.1995,17199.47
2020-04-16 10:15:00-04:00,SHORT,Breakout,107.204,107.26236085825289,106.986,2020-04-16 10:30:00-04:00,107.26236085825289,SL,0.012133,-1.0,-1.2079,-1207.9
2020-04-20 20:00:00-04:00,SHORT,Bounce,107.667,107.73368927618776,107.553,2020-04-20 20:30:00-04:00,107.73368927618776,SL,0.0134,-1.0,-1.2009,-1200.93
2020-04-20 21:00:00-04:00,SHORT,Bounce,107.711,107.73542065330066,107.553,2020-04-20 21:30:00-04:00,107.73542065330066,SL,0.013933,-1.0,-1.5706,-1570.56
2020-04-20 22:15:00-04:00,SHORT,Bounce,107.663,107.73615213569117,107.553,2020-04-20 22:30:00-04:00,107.553,TP,0.013133,1.5037,1.3242,1324.18
2020-04-20 22:30:00-04:00,SHORT,Breakout,107.541,107.56694126885608,107.416,2020-04-20 22:45:00-04:00,107.56694126885608,SL,0.012467,-1.0,-1.4806,-1480.57
2020-04-20 23:30:00-04:00,SHORT,Retest,107.519,107.56827082413054,107.416,2020-04-21 00:00:00-04:00,107.56827082413054,SL,0.013667,-1.0,-1.2774,-1277.38
2020-04-23 03:45:00-04:00,SHORT,Breakout,107.631,107.7096472265979,107.508,2020-04-23 07:00:00-04:00,107.508,TP,0.011667,1.5639,1.4156,1415.6
2020-04-23 07:00:00-04:00,SHORT,Breakout,107.508,107.53973534144758,107.274,2020-04-23 08:00:00-04:00,107.53973534144758,SL,0.012533,-1.0,-1.3949,-1394.93
2020-04-26 23:15:00-04:00,SHORT,Breakout,107.323,107.38559994866118,107.274,2020-04-27 00:15:00-04:00,107.38559994866118,SL,0.012533,-1.0,-1.2002,-1200.21
2020-04-27 09:15:00-04:00,SHORT,Breakout,107.022,107.05102513943947,106.986,2020-04-27 09:30:00-04:00,107.05102513943947,SL,0.0122,-1.0,-1.4203,-1420.33
2020-04-28 21:30:00-04:00,SHORT,Breakout,106.515,106.5631896915038,106.286,2020-04-28 21:45:00-04:00,106.5631896915038,SL,0.012867,-1.0,-1.267,-1267.0
2020-04-28 22:15:00-04:00,SHORT,Retest,106.517,106.56339531786946,106.286,2020-04-28 23:00:00-04:00,106.56339531786946,SL,0.014133,-1.0,-1.3046,-1304.63
2020-04-29 03:15:00-04:00,SHORT,Breakout,106.45,106.51051044041121,106.286,2020-04-29 04:45:00-04:00,106.51051044041121,SL,0.014067,-1.0,-1.2325,-1232.47
2020-04-29 07:00:00-04:00,SHORT,Retest,106.462,106.51232533447136,106.351,2020-04-29 08:00:00-04:00,106.51232533447136,SL,0.0188,-1.0,-1.3736,-1373.57
2020-04-29 08:30:00-04:00,SHORT,Bounce,106.583,106.61161014717963,106.351,2020-04-29 08:45:00-04:00,106.61161014717963,SL,0.0182,-1.0,-1.6361,-1636.14
2020-05-05 20:00:00-04:00,SHORT,Breakout,106.309,106.41946037580783,106.222,2020-05-05 20:15:00-04:00,106.222,TP,0.0172,0.7876,0.6319,631.9
2020-05-07 02:00:00-04:00,SHORT,Bounce,106.281,106.29595258712692,105.98,2020-05-07 03:15:00-04:00,106.29595258712692,SL,0.0178,-1.0,-2.1904,-2190.43
2020-05-12 09:30:00-04:00,LONG,Bounce,107.39,107.32515618582835,107.622,2020-05-12 09:45:00-04:00,107.32515618582835,SL,0.018333,-1.0,-1.2827,-1282.73
2020-05-12 19:45:00-04:00,LONG,Bounce,107.16,107.1012382728125,107.414,2020-05-12 20:00:00-04:00,107.1012382728125,SL,0.019,-1.0,-1.3233,-1323.34
2020-05-19 02:45:00-04:00,LONG,Breakout,107.501,107.4348672911981,107.622,2020-05-19 03:00:00-04:00,107.4348672911981,SL,0.0182,-1.0,-1.2752,-1275.2
2020-05-19 04:30:00-04:00,LONG,Breakout,107.503,107.43213038806762,107.622,2020-05-19 05:00:00-04:00,107.43213038806762,SL,0.016867,-1.0,-1.238,-1238.0
2020-05-21 03:00:00-04:00,LONG,Breakout,107.832,107.73354214812369,107.973,2020-05-21 04:00:00-04:00,107.73354214812369,SL,0.018333,-1.0,-1.1862,-1186.2
2020-05-21 20:30:00-04:00,LONG,Breakout,107.68,107.65801087502713,107.822,2020-05-21 21:00:00-04:00,107.65801087502713,SL,0.017667,-1.0,-1.8034,-1803.43
2020-05-24 18:00:00-04:00,LONG,Breakout,107.659,107.63445795794297,107.754,2020-05-24 19:30:00-04:00,107.754,TP,0.019467,3.8709,3.0777,3077.71
2020-05-25 03:45:00-04:00,LONG,Breakout,107.741,107.72163914792517,107.771,2020-05-25 04:00:00-04:00,107.72163914792517,SL,0.019333,-1.0,-1.9986,-1998.58
2020-05-25 17:45:00-04:00,LONG,Breakout,107.714,107.70068240556617,107.744,2020-05-25 19:15:00-04:00,107.70068240556617,SL,0.030867,-1.0,-3.3177,-3317.74
2020-05-25 20:15:00-04:00,LONG,Breakout,107.742,107.70010321137423,107.771,2020-05-25 20:45:00-04:00,107.70010321137423,SL,0.018467,-1.0,-1.4408,-1440.77
2020-05-25 20:45:00-04:00,LONG,Retest,107.74,107.69944307511349,107.771,2020-05-25 21:00:00-04:00,107.771,TP,0.018333,0.7644,0.3123,312.32
2020-05-28 10:15:00-04:00,LONG,Bounce,107.695,107.6749309021973,107.88,2020-05-28 10:30:00-04:00,107.6749309021973,SL,0.017533,-1.0,-1.8736,-1873.65
2020-06-02 19:30:00-04:00,LONG,Breakout,108.777,108.75032753951919,108.911,2020-06-02 20:15:00-04:00,108.75032753951919,SL,0.017733,-1.0,-1.6649,-1664.86
2020-06-03 20:15:00-04:00,LONG,Bounce,108.86,108.84341509992741,109.057,2020-06-03 20:45:00-04:00,108.84341509992741,SL,0.0178,-1.0,-2.0733,-2073.27
2020-06-03 20:45:00-04:00,LONG,Bounce,108.892,108.84282730554965,109.057,2020-06-03 22:45:00-04:00,108.84282730554965,SL,0.017533,-1.0,-1.3566,-1356.57
2020-06-04 02:00:00-04:00,LONG,Breakout,109.078,109.02057804428655,109.138,2020-06-04 02:30:00-04:00,109.138,TP,0.018133,1.0449,0.7291,729.11
2020-06-04 03:00:00-04:00,LONG,Breakout,109.075,109.02036997404385,109.271,2020-06-04 03:30:00-04:00,109.02036997404385,SL,0.017867,-1.0,-1.327,-1327.05
2020-06-04 10:15:00-04:00,LONG,Bounce,108.821,108.7742228176934,109.156,2020-06-04 10:30:00-04:00,108.7742228176934,SL,0.017067,-1.0,-1.3649,-1364.85
2020-06-04 10:30:00-04:00,LONG,Bounce,108.885,108.77353547357244,109.156,2020-06-04 16:15:00-04:00,109.156,TP,0.0164,2.4313,2.2841,2284.13
2020-06-04 20:00:00-04:00,LONG,Breakout,109.211,109.14381594314307,109.271,2020-06-04 20:15:00-04:00,109.14381594314307,SL,0.017733,-1.0,-1.264,-1263.95
2020-06-04 23:15:00-04:00,LONG,Retest,109.176,109.14424198486408,109.228,2020-06-05 00:30:00-04:00,109.14424198486408,SL,0.018333,-1.0,-1.5773,-1577.28
2020-06-05 01:45:00-04:00,LONG,Breakout,109.267,109.21591704856523,109.374,2020-06-05 03:15:00-04:00,109.374,TP,0.0174,2.0946,1.754,1754.01
2020-06-05 05:00:00-04:00,LONG,Breakout,109.262,109.21393677564099,109.627,2020-06-05 06:00:00-04:00,109.21393677564099,SL,0.018467,-1.0,-1.3842,-1384.22
2020-06-05 08:30:00-04:00,LONG,Breakout,109.597,109.39954195584853,110.074,2020-06-07 21:15:00-04:00,109.39954195584853,SL,0.016,-1.0,-1.081,-1081.03
2020-06-09 02:30:00-04:00,SHORT,Breakout,107.879,107.92633804956769,107.671,2020-06-09 02:45:00-04:00,107.92633804956769,SL,0.0174,-1.0,-1.3676,-1367.57
2020-06-09 03:15:00-04:00,SHORT,Breakout,107.883,107.92906636111525,107.671,2020-06-09 03:30:00-04:00,107.92906636111525,SL,0.018133,-1.0,-1.3936,-1393.64
2020-06-09 09:45:00-04:00,SHORT,Breakout,107.695,107.8031980451596,107.494,2020-06-09 10:00:00-04:00,107.8031980451596,SL,0.017267,-1.0,-1.1596,-1159.58
2020-06-09 10:45:00-04:00,SHORT,Breakout,107.709,107.80411898083621,107.494,2020-06-09 18:45:00-04:00,107.80411898083621,SL,0.018333,-1.0,-1.1927,-1192.74
2020-06-10 14:00:00-04:00,SHORT,Bounce,107.016,107.45885217256786,106.846,2020-06-11 04:45:00-04:00,106.846,TP,0.016533,0.3839,0.3465,346.54
2020-06-11 04:45:00-04:00,SHORT,Breakout,106.816,106.9028144760623,106.765,2020-06-11 05:45:00-04:00,106.9028144760623,SL,0.0176,-1.0,-1.2027,-1202.73
2020-06-11 10:00:00-04:00,SHORT,Breakout,106.646,106.80585242428008,106.448,2020-06-11 13:00:00-04:00,106.80585242428008,SL,0.018267,-1.0,-1.1143,-1114.27
2020-06-11 13:15:00-04:00,SHORT,Retest,106.761,106.8038158402241,106.448,2020-06-11 13:45:00-04:00,106.8038158402241,SL,0.019133,-1.0,-1.4469,-1446.88
2020-06-14 20:30:00-04:00,SHORT,Breakout,107.169,107.22301238736527,107.053,2020-06-14 21:00:00-04:00,107.22301238736527,SL,0.017933,-1.0,-1.332,-1332.02
2020-06-15 21:15:00-04:00,SHORT,Breakout,107.251,107.27752357432912,107.195,2020-06-15 21:30:00-04:00,107.27752357432912,SL,0.0184,-1.0,-1.6937,-1693.72
2020-06-17 19:15:00-04:00,SHORT,Breakout,106.922,106.95112848230771,106.575,2020-06-18 02:30:00-04:00,106.95112848230771,SL,0.0198,-1.0,-1.6797,-1679.75
2020-06-18 02:30:00-04:00,SHORT,Bounce,106.905,106.94243916495296,106.692,2020-06-18 03:45:00-04:00,106.94243916495296,SL,0.0188,-1.0,-1.5021,-1502.15
2020-06-22 10:00:00-04:00,SHORT,Breakout,106.812,106.85436422510587,106.762,2020-06-22 10:45:00-04:00,106.85436422510587,SL,0.018933,-1.0,-1.4469,-1446.92
2020-06-22 21:15:00-04:00,SHORT,Breakout,106.732,106.85300503613027,106.658,2020-06-22 21:45:00-04:00,106.85300503613027,SL,0.016867,-1.0,-1.1394,-1139.39
2020-06-23 20:15:00-04:00,SHORT,Bounce,106.483,106.54984121645117,106.063,2020-06-23 20:30:00-04:00,106.54984121645117,SL,0.019,-1.0,-1.2843,-1284.26
2020-06-24 03:00:00-04:00,SHORT,Bounce,106.6,106.63737115110763,106.374,2020-06-24 08:15:00-04:00,106.63737115110763,SL,0.0186,-1.0,-1.4977,-1497.71
2020-06-25 17:30:00-04:00,SHORT,Bounce,107.175,107.24202905018409,107.037,2020-06-26 01:30:00-04:00,107.037,TP,0.026933,2.0588,1.657,1656.99
2020-06-29 08:30:00-04:00,SHORT,Bounce,107.338,107.37168852843794,107.029,2020-06-29 09:00:00-04:00,107.37168852843794,SL,0.021467,-1.0,-1.6372,-1637.21
2020-06-30 10:45:00-04:00,LONG,Breakout,107.86,107.76834266391197,108.237,2020-06-30 11:15:00-04:00,107.76834266391197,SL,0.0212,-1.0,-1.2313,-1231.3
2020-07-01 10:45:00-04:00,LONG,Bounce,107.513,107.33354340485951,107.697,2020-07-01 19:45:00-04:00,107.33354340485951,SL,0.0212,-1.0,-1.1181,-1118.13
2020-07-01 20:15:00-04:00,LONG,Bounce,107.377,107.33987956934352,107.494,2020-07-01 22:15:00-04:00,107.494,TP,0.0218,3.1519,2.5646,2564.63
2020-07-06 21:15:00-04:00,LONG,Bounce,107.291,107.23637501332904,107.585,2020-07-07 03:45:00-04:00,107.585,TP,0.021267,5.3822,4.9928,4992.83
2020-07-12 20:00:00-04:00,SHORT,Bounce,106.888,106.9469517381525,106.628,2020-07-13 03:00:00-04:00,106.9469517381525,SL,0.021333,-1.0,-1.3619,-1361.88
2020-07-24 08:45:00-04:00,SHORT,Breakout,106.117,106.17553096510726,106.063,2020-07-24 09:00:00-04:00,106.063,TP,0.019267,0.9226,0.5934,593.42
2020-07-26 22:00:00-04:00,SHORT,Breakout,105.597,105.68812809152786,105.132,2020-07-27 10:30:00-04:00,105.132,TP,0.019933,5.1027,4.884,4883.97
2020-07-28 21:15:00-04:00,SHORT,Bounce,105.154,105.18864188831638,104.946,2020-07-29 02:00:00-04:00,104.946,TP,0.02,6.0043,5.427,5426.96
2020-07-29 03:30:00-04:00,SHORT,Breakout,104.825,104.96032202678485,104.496,2020-07-29 06:00:00-04:00,104.96032202678485,SL,0.019133,-1.0,-1.1414,-1141.39
2020-07-29 14:00:00-04:00,SHORT,Breakout,104.838,104.89936535682193,104.79,2020-07-29 14:15:00-04:00,104.89936535682193,SL,0.0194,-1.0,-1.3161,-1316.14
2020-07-29 14:30:00-04:00,SHORT,Breakout,104.798,104.90042114950462,104.496,2020-07-29 14:45:00-04:00,104.90042114950462,SL,0.0192,-1.0,-1.1875,-1187.46
2020-07-29 15:00:00-04:00,SHORT,Bounce,105.071,105.15560905237899,104.496,2020-07-30 01:00:00-04:00,105.15560905237899,SL,0.018733,-1.0,-1.2214,-1221.41
2020-07-30 08:30:00-04:00,SHORT,Bounce,105.147,105.29908851204985,104.987,2020-07-30 09:00:00-04:00,104.987,TP,0.019,1.052,0.9271,927.09
2020-07-30 20:00:00-04:00,SHORT,Breakout,104.53,104.68294504406522,104.496,2020-07-30 20:45:00-04:00,104.496,TP,0.021,0.2223,0.085,85.0
2020-08-05 09:30:00-04:00,SHORT,Breakout,105.4,105.51802962530576,104.177,2020-08-05 10:45:00-04:00,105.51802962530576,SL,0.0192,-1.0,-1.1627,-1162.67
2020-08-05 11:45:00-04:00,SHORT,Retest,105.436,105.51815501213929,104.177,2020-08-05 12:15:00-04:00,105.51815501213929,SL,0.020467,-1.0,-1.2491,-1249.12
2020-08-05 20:00:00-04:00,SHORT,Breakout,105.449,105.51985091013866,105.311,2020-08-05 20:15:00-04:00,105.51985091013866,SL,0.0202,-1.0,-1.2851,-1285.11
2020-08-06 02:00:00-04:00,SHORT,Breakout,105.438,105.45834552749838,105.311,2020-08-06 02:15:00-04:00,105.45834552749838,SL,0.020533,-1.0,-2.0092,-2009.23
2020-08-06 09:30:00-04:00,SHORT,Breakout,105.362,105.39713919201658,105.311,2020-08-06 09:45:00-04:00,105.311,TP,0.019333,1.4514,0.9012,901.18
2020-08-07 00:00:00-04:00,SHORT,Bounce,105.577,105.59268310655854,105.476,2020-08-07 00:15:00-04:00,105.59268310655854,SL,0.020467,-1.0,-2.305,-2305.01
2020-08-07 08:30:00-04:00,SHORT,Bounce,105.614,105.64573259902811,105.471,2020-08-07 09:00:00-04:00,105.64573259902811,SL,0.019933,-1.0,-1.6282,-1628.17
2020-08-10 11:00:00-04:00,SHORT,Breakout,105.727,105.75506510795806,105.543,2020-08-10 11:15:00-04:00,105.75506510795806,SL,0.02,-1.0,-1.7126,-1712.63
2020-08-12 09:45:00-04:00,LONG,Breakout,106.813,106.77140300314541,107.22,2020-08-12 13:30:00-04:00,106.77140300314541,SL,0.019467,-1.0,-1.468,-1467.98
2020-08-12 19:45:00-04:00,LONG,Bounce,106.832,106.7689730458429,106.906,2020-08-12 20:00:00-04:00,106.7689730458429,SL,0.021933,-1.0,-1.348,-1348.0
2020-08-17 04:00:00-04:00,LONG,Bounce,106.492,106.43895787455467,106.61,2020-08-17 04:30:00-04:00,106.43895787455467,SL,0.020667,-1.0,-1.3896,-1389.63
2020-08-18 08:15:00-04:00,SHORT,Breakout,105.368,105.40506744290218,105.29,2020-08-18 08:30:00-04:00,105.40506744290218,SL,0.020133,-1.0,-1.5432,-1543.15
2020-08-18 19:45:00-04:00,SHORT,Breakout,105.222,105.32785426089687,104.177,2020-08-18 21:30:00-04:00,105.32785426089687,SL,0.021667,-1.0,-1.2047,-1204.68
2020-08-19 21:00:00-04:00,SHORT,Bounce,106.086,106.1591836165048,105.634,2020-08-19 21:15:00-04:00,106.1591836165048,SL,0.020533,-1.0,-1.2806,-1280.57
2020-08-31 21:00:00-04:00,SHORT,Breakout,105.735,105.81087081977057,105.414,2020-08-31 21:30:00-04:00,105.81087081977057,SL,0.020667,-1.0,-1.2724,-1272.39
2020-08-31 21:45:00-04:00,SHORT,Breakout,105.702,105.81253469061076,105.414,2020-09-01 06:30:00-04:00,105.81253469061076,SL,0.020133,-1.0,-1.1821,-1182.14
2020-09-01 19:30:00-04:00,SHORT,Breakout,105.872,105.90406812747449,105.582,2020-09-01 20:00:00-04:00,105.90406812747449,SL,0.021867,-1.0,-1.6819,-1681.88
2020-09-03 10:45:00-04:00,LONG,Bounce,106.223,106.15348827499089,106.541,2020-09-03 11:00:00-04:00,106.15348827499089,SL,0.0196,-1.0,-1.282,-1281.97
2020-09-08 03:15:00-04:00,LONG,Bounce,106.24,106.22474253964845,106.304,2020-09-08 03:30:00-04:00,106.22474253964845,SL,0.019933,-1.0,-2.3065,-2306.46
2020-09-08 05:00:00-04:00,LONG,Breakout,106.317,106.29771404842737,106.376,2020-09-08 05:15:00-04:00,106.29771404842737,SL,0.020067,-1.0,-2.0405,-2040.48
2020-09-08 06:00:00-04:00,LONG,Retest,106.357,106.29696403938811,106.376,2020-09-08 06:30:00-04:00,106.29696403938811,SL,0.020467,-1.0,-1.3409,-1340.91
2020-09-08 18:00:00-04:00,LONG,Bounce,105.925,105.83729652139404,106.372,2020-09-09 02:15:00-04:00,105.83729652139404,SL,0.023533,-1.0,-1.2683,-1268.33
2020-09-09 20:00:00-04:00,SHORT,Bounce,106.215,106.2701922198708,106.134,2020-09-09 21:45:00-04:00,106.134,TP,0.020733,1.4676,1.0919,1091.94
2020-09-15 03:00:00-04:00,SHORT,Bounce,105.703,105.74602873649664,105.594,2020-09-15 03:45:00-04:00,105.74602873649664,SL,0.020133,-1.0,-1.4679,-1467.9
2020-09-15 07:00:00-04:00,SHORT,Breakout,105.529,105.60446791081456,105.414,2020-09-15 08:15:00-04:00,105.414,TP,0.019933,1.5238,1.2597,1259.7
2020-09-15 20:00:00-04:00,SHORT,Breakout,105.301,105.31875562221775,105.226,2020-09-15 20:15:00-04:00,105.31875562221775,SL,0.019533,-1.0,-2.1001,-2100.12
2020-09-15 21:15:00-04:00,SHORT,Breakout,105.275,105.31987980127346,105.226,2020-09-16 01:45:00-04:00,105.31987980127346,SL,0.020733,-1.0,-1.462,-1461.97
2020-09-16 04:00:00-04:00,SHORT,Breakout,105.171,105.24934741299967,105.091,2020-09-16 06:30:00-04:00,105.091,TP,0.019867,1.0211,0.7675,767.52
2020-09-17 02:30:00-04:00,SHORT,Breakout,104.801,104.87920714165392,104.177,2020-09-21 03:00:00-04:00,104.177,TP,0.019333,7.9788,7.7316,7731.6
2020-09-21 03:00:00-04:00,SHORT,Breakout,104.16,104.26703402483415,103.504,2020-09-21 09:15:00-04:00,104.26703402483415,SL,0.019533,-1.0,-1.1825,-1182.5
2020-09-21 21:00:00-04:00,SHORT,Breakout,104.552,104.62292790376011,103.991,2020-09-22 02:15:00-04:00,104.62292790376011,SL,0.020333,-1.0,-1.2867,-1286.68
2020-09-22 06:30:00-04:00,SHORT,Breakout,104.421,104.46296715063615,103.991,2020-09-22 07:00:00-04:00,104.46296715063615,SL,0.019533,-1.0,-1.4654,-1465.44
2020-09-22 20:00:00-04:00,SHORT,Bounce,105.019,105.0785803216287,104.835,2020-09-22 20:30:00-04:00,105.0785803216287,SL,0.0198,-1.0,-1.3323,-1332.32
2020-10-07 00:30:00-04:00,LONG,Breakout,105.714,105.68136614906665,105.777,2020-10-07 03:30:00-04:00,105.777,TP,0.020267,1.9305,1.3095,1309.48
2020-10-15 02:15:00-04:00,SHORT,Bounce,105.271,105.29523225131999,105.046,2020-10-15 02:30:00-04:00,105.29523225131999,SL,0.019533,-1.0,-1.8061,-1806.09
2020-10-15 20:45:00-04:00,SHORT,Breakout,105.306,105.33555211134536,105.169,2020-10-15 21:00:00-04:00,105.33555211134536,SL,0.019533,-1.0,-1.661,-1660.98
2020-10-15 21:15:00-04:00,SHORT,Breakout,105.29,105.3361383000886,105.169,2020-10-16 08:30:00-04:00,105.3361383000886,SL,0.019933,-1.0,-1.432,-1432.03
2020-10-22 19:45:00-04:00,SHORT,Bounce,104.894,104.91051748461227,104.795,2020-10-22 20:15:00-04:00,104.795,TP,0.0206,5.9936,4.7465,4746.49
2020-10-22 20:45:00-04:00,SHORT,Breakout,104.725,104.80489749786575,104.551,2020-10-23 04:00:00-04:00,104.551,TP,0.019,2.1778,1.94,1939.99
2020-10-23 04:00:00-04:00,SHORT,Breakout,104.574,104.66679058252268,104.467,2020-10-23 06:30:00-04:00,104.66679058252268,SL,0.019067,-1.0,-1.2055,-1205.48
2020-10-23 09:30:00-04:00,SHORT,Bounce,104.764,104.7848875655892,104.538,2020-10-23 10:00:00-04:00,104.7848875655892,SL,0.019667,-1.0,-1.9415,-1941.55
2020-10-26 09:30:00-04:00,SHORT,Bounce,104.941,104.97561725067553,104.784,2020-10-26 10:15:00-04:00,104.97561725067553,SL,0.019333,-1.0,-1.5585,-1558.49
2020-10-26 20:00:00-04:00,SHORT,Breakout,104.789,104.82029389654126,104.644,2020-10-26 20:30:00-04:00,104.82029389654126,SL,0.02,-1.0,-1.6391,-1639.1
2020-10-27 05:30:00-04:00,SHORT,Breakout,104.607,104.66239255109153,104.538,2020-10-27 06:15:00-04:00,104.66239255109153,SL,0.018933,-1.0,-1.3418,-1341.8
2020-10-28 20:00:00-04:00,SHORT,Bounce,104.305,104.35712595052456,104.197,2020-10-28 20:45:00-04:00,104.35712595052456,SL,0.020333,-1.0,-1.3901,-1390.08
2020-10-29 04:30:00-04:00,SHORT,Breakout,104.257,104.27547375596971,104.197,2020-10-29 04:45:00-04:00,104.197,TP,0.019933,3.2479,2.1688,2168.84
2020-10-29 08:00:00-04:00,SHORT,Retest,104.234,104.27835888666459,103.991,2020-10-29 08:15:00-04:00,104.27835888666459,SL,0.019667,-1.0,-1.4434,-1443.35
2020-11-01 19:15:00-05:00,SHORT,Bounce,104.645,104.70293683149721,104.369,2020-11-01 19:30:00-05:00,104.70293683149721,SL,0.0198,-1.0,-1.3418,-1341.75
2020-11-03 01:45:00-05:00,SHORT,Breakout,104.618,104.65003225747724,104.54,2020-11-03 02:00:00-05:00,104.54,TP,0.0204,2.435,1.7982,1798.19
2020-11-05 19:00:00-05:00,SHORT,Breakout,103.509,103.57241232992413,103.082,2020-11-05 19:15:00-05:00,103.57241232992413,SL,0.019867,-1.0,-1.3133,-1313.29
2020-11-06 01:00:00-05:00,SHORT,Retest,103.516,103.56947610323247,103.082,2020-11-06 01:15:00-05:00,103.56947610323247,SL,0.020133,-1.0,-1.3765,-1376.49
2020-11-11 03:15:00-05:00,LONG,Breakout,105.447,105.41631748809344,105.635,2020-11-11 04:00:00-05:00,105.41631748809344,SL,0.0194,-1.0,-1.6323,-1632.28
2020-11-11 04:30:00-05:00,LONG,Breakout,105.468,105.41476402188574,105.635,2020-11-11 05:00:00-05:00,105.41476402188574,SL,0.019667,-1.0,-1.3694,-1369.42
2020-11-11 06:00:00-05:00,LONG,Retest,105.446,105.4159766668908,105.635,2020-11-11 06:15:00-05:00,105.4159766668908,SL,0.019867,-1.0,-1.6617,-1661.71
2020-11-11 10:00:00-05:00,LONG,Breakout,105.63,105.51504156377591,105.737,2020-11-11 13:15:00-05:00,105.51504156377591,SL,0.019067,-1.0,-1.1659,-1165.86
2020-11-18 00:15:00-05:00,SHORT,Breakout,104.019,104.0359038169751,103.441,2020-11-18 07:00:00-05:00,104.0359038169751,SL,0.019933,-1.0,-2.1792,-2179.22
2020-11-18 10:15:00-05:00,SHORT,Breakout,103.716,103.79421348515531,103.441,2020-11-18 12:30:00-05:00,103.79421348515531,SL,0.0192,-1.0,-1.2455,-1245.48
2020-11-19 04:00:00-05:00,SHORT,Bounce,103.907,103.98255494081705,103.708,2020-11-19 04:30:00-05:00,103.98255494081705,SL,0.020133,-1.0,-1.2665,-1266.47
2020-11-19 10:15:00-05:00,SHORT,Breakout,103.898,103.94825008094736,103.708,2020-11-20 09:45:00-05:00,103.708,TP,0.019867,3.7811,3.3857,3385.73
2020-11-22 20:00:00-05:00,SHORT,Breakout,103.734,103.75188138808788,103.693,2020-11-22 20:45:00-05:00,103.75188138808788,SL,0.0202,-1.0,-2.1297,-2129.67
2020-11-23 05:15:00-05:00,SHORT,Breakout,103.707,103.72848599996577,103.644,2020-11-23 05:30:00-05:00,103.72848599996577,SL,0.019133,-1.0,-1.8905,-1890.5
2020-11-23 06:45:00-05:00,SHORT,Retest,103.7,103.72862226984621,103.644,2020-11-23 07:30:00-05:00,103.72862226984621,SL,0.020333,-1.0,-1.7104,-1710.4
2020-11-24 09:30:00-05:00,LONG,Breakout,104.717,104.6208683957892,105.126,2020-11-24 10:30:00-05:00,104.6208683957892,SL,0.0194,-1.0,-1.2018,-1201.81
2020-11-24 10:45:00-05:00,LONG,Breakout,104.654,104.62022239855001,105.126,2020-11-24 11:00:00-05:00,104.62022239855001,SL,0.019333,-1.0,-1.5724,-1572.37
2020-11-29 19:45:00-05:00,SHORT,Breakout,103.87,103.96646223059145,103.685,2020-11-30 02:00:00-05:00,103.96646223059145,SL,0.019467,-1.0,-1.2018,-1201.81
2020-12-04 04:00:00-05:00,SHORT,Bounce,103.977,103.99736293863653,103.728,2020-12-04 04:15:00-05:00,103.99736293863653,SL,0.019933,-1.0,-1.9789,-1978.9
2020-12-07 03:30:00-05:00,SHORT,Bounce,104.201,104.2351131039398,103.933,2020-12-07 04:00:00-05:00,104.2351131039398,SL,0.019333,-1.0,-1.5667,-1566.74
2020-12-08 03:45:00-05:00,SHORT,Bounce,104.05,104.08862553730911,103.944,2020-12-08 05:45:00-05:00,104.08862553730911,SL,0.0202,-1.0,-1.523,-1522.97
2020-12-10 03:00:00-05:00,LONG,Breakout,104.546,104.48436939017118,104.573,2020-12-10 04:30:00-05:00,104.48436939017118,SL,0.0198,-1.0,-1.3213,-1321.27
2020-12-10 08:00:00-05:00,LONG,Bounce,104.436,104.40719529714966,104.568,2020-12-10 08:30:00-05:00,104.40719529714966,SL,0.0206,-1.0,-1.7152,-1715.16
2020-12-11 10:00:00-05:00,SHORT,Breakout,103.909,103.94588134166571,103.812,2020-12-11 10:45:00-05:00,103.94588134166571,SL,0.019733,-1.0,-1.535,-1535.05
2020-12-16 03:00:00-05:00,SHORT,Breakout,103.389,103.41207740648903,103.167,2020-12-16 07:00:00-05:00,103.41207740648903,SL,0.0204,-1.0,-1.884,-1883.98
2020-12-16 20:00:00-05:00,SHORT,Breakout,103.376,103.39867256128232,103.25,2020-12-16 20:15:00-05:00,103.39867256128232,SL,0.019867,-1.0,-1.8762,-1876.24
2020-12-22 07:00:00-05:00,SHORT,Breakout,103.336,103.35397744338003,103.258,2020-12-22 07:45:00-05:00,103.35397744338003,SL,0.0204,-1.0,-2.1348,-2134.76
2020-12-23 09:00:00-05:00,SHORT,Bounce,103.463,103.49374964557188,103.345,2020-12-23 10:30:00-05:00,103.49374964557188,SL,0.0198,-1.0,-1.6439,-1643.91
2020-12-28 17:45:00-05:00,SHORT,Breakout,103.751,103.79074713026648,103.392,2020-12-28 19:45:00-05:00,103.79074713026648,SL,0.0398,-1.0,-2.0013,-2001.33
2020-12-28 20:00:00-05:00,SHORT,Breakout,103.751,103.7909777674285,103.392,2020-12-29 20:30:00-05:00,103.392,TP,0.020133,8.98,8.4764,8476.38
2020-12-30 16:45:00-05:00,SHORT,Breakout,103.199,103.21239066690038,102.951,2020-12-30 17:15:00-05:00,103.21239066690038,SL,0.020857,-1.0,-2.5576,-2557.59
2020-12-30 19:15:00-05:00,SHORT,Retest,103.17,103.2144703485734,102.951,2020-12-31 10:45:00-05:00,103.2144703485734,SL,0.021533,-1.0,-1.4842,-1484.22
2021-01-04 02:30:00-05:00,SHORT,Breakout,102.898,102.93393342504747,102.863,2021-01-04 02:45:00-05:00,102.863,TP,0.020267,0.974,0.41,410.02
2021-01-04 07:15:00-05:00,SHORT,Retest,102.856,102.93392199897993,102.702,2021-01-04 08:00:00-05:00,102.93392199897993,SL,0.0202,-1.0,-1.2592,-1259.23
2021-01-04 09:30:00-05:00,SHORT,Bounce,103.01,103.06542687757057,102.702,2021-01-04 09:45:00-05:00,103.06542687757057,SL,0.019933,-1.0,-1.3596,-1359.63
2021-01-04 22:45:00-05:00,SHORT,Breakout,103.023,103.03878663701883,102.702,2021-01-05 11:30:00-05:00,102.702,TP,0.020267,20.3337,19.0499,19049.87
2021-01-05 19:15:00-05:00,SHORT,Breakout,102.597,102.62601185691169,101.989,2021-01-05 19:30:00-05:00,102.62601185691169,SL,0.020533,-1.0,-1.7078,-1707.76
2021-01-06 02:00:00-05:00,SHORT,Breakout,102.694,102.71291959206305,102.582,2021-01-06 02:15:00-05:00,102.71291959206305,SL,0.019333,-1.0,-2.0219,-2021.87
2021-01-08 03:00:00-05:00,LONG,Breakout,104.044,103.97870387205134,104.121,2021-01-08 03:15:00-05:00,103.97870387205134,SL,0.0194,-1.0,-1.2971,-1297.11
2021-01-11 08:15:00-05:00,LONG,Breakout,104.268,104.2022143253658,104.553,2021-01-11 09:15:00-05:00,104.2022143253658,SL,0.020067,-1.0,-1.305,-1305.03
2021-01-14 08:15:00-05:00,LONG,Breakout,104.103,104.07645613217537,104.19,2021-01-14 08:30:00-05:00,104.07645613217537,SL,0.020333,-1.0,-1.766,-1766.03
2021-01-17 18:45:00-05:00,LONG,Breakout,103.907,103.86344730845013,104.149,2021-01-17 19:00:00-05:00,103.86344730845013,SL,0.020933,-1.0,-1.4806,-1480.64
2021-01-19 10:00:00-05:00,LONG,Bounce,104.025,103.93068868155333,104.075,2021-01-19 10:30:00-05:00,103.93068868155333,SL,0.02,-1.0,-1.2121,-1212.06
2021-01-19 20:15:00-05:00,LONG,Bounce,103.843,103.82474984228851,103.921,2021-01-19 20:30:00-05:00,103.82474984228851,SL,0.020733,-1.0,-2.1361,-2136.06
2021-01-28 08:30:00-05:00,LONG,Breakout,104.439,104.35850341424016,104.553,2021-01-28 08:45:00-05:00,104.35850341424016,SL,0.02,-1.0,-1.2485,-1248.46
2021-01-28 16:45:00-05:00,LONG,Bounce,104.251,104.23293101761121,104.453,2021-01-28 17:00:00-05:00,104.23293101761121,SL,0.022071,-1.0,-2.2215,-2221.51
2021-01-28 19:30:00-05:00,LONG,Breakout,104.46,104.44403861713592,104.553,2021-01-28 19:45:00-05:00,104.44403861713592,SL,0.0198,-1.0,-2.2405,-2240.49
2021-01-28 20:00:00-05:00,LONG,Breakout,104.467,104.44241901171414,104.568,2021-01-28 21:00:00-05:00,104.44241901171414,SL,0.02,-1.0,-1.8136,-1813.64
2021-01-29 03:15:00-05:00,LONG,Breakout,104.619,104.55286849041892,104.742,2021-01-29 04:15:00-05:00,104.742,TP,0.020267,1.8599,1.5535,1553.47
2021-02-01 03:45:00-05:00,LONG,Breakout,104.861,104.79621973470758,104.93,2021-02-01 05:30:00-05:00,104.93,TP,0.0196,1.0651,0.7626,762.58
2021-02-02 08:15:00-05:00,LONG,Breakout,105.035,105.0105207705927,105.126,2021-02-02 08:45:00-05:00,105.0105207705927,SL,0.019733,-1.0,-1.8061,-1806.13
2021-02-02 17:00:00-05:00,LONG,Bounce,104.967,104.94647178833247,105.163,2021-02-02 17:15:00-05:00,104.94647178833247,SL,0.024333,-1.0,-2.1854,-2185.36
2021-02-05 08:45:00-05:00,LONG,Breakout,105.673,105.55489561711713,105.789,2021-02-05 09:15:00-05:00,105.55489561711713,SL,0.019133,-1.0,-1.162,-1162.0
2021-02-07 19:00:00-05:00,LONG,Bounce,105.407,105.3226218828823,105.438,2021-02-07 19:15:00-05:00,105.438,TP,0.020667,0.3674,0.1225,122.46
2021-02-07 19:15:00-05:00,LONG,Breakout,105.455,105.42766317696214,105.758,2021-02-07 22:15:00-05:00,105.42766317696214,SL,0.020867,-1.0,-1.7633,-1763.32
2021-02-08 02:45:00-05:00,LONG,Retest,105.473,105.43102280405567,105.535,2021-02-08 03:15:00-05:00,105.535,TP,0.019933,1.477,1.0021,1002.13
2021-02-08 03:15:00-05:00,LONG,Breakout,105.56,105.52705333615005,105.758,2021-02-08 08:00:00-05:00,105.52705333615005,SL,0.0198,-1.0,-1.601,-1600.97
2021-02-12 00:45:00-05:00,LONG,Breakout,104.861,104.82575866760504,105.253,2021-02-12 01:00:00-05:00,104.82575866760504,SL,0.0204,-1.0,-1.5789,-1578.87
2021-02-12 02:15:00-05:00,LONG,Breakout,104.845,104.82530362221841,105.253,2021-02-15 03:30:00-05:00,105.253,TP,0.020267,20.7145,19.6855,19685.51
2021-02-16 08:30:00-05:00,LONG,Breakout,105.65,105.610350068452,105.758,2021-02-16 09:15:00-05:00,105.758,TP,0.019,2.7238,2.2446,2244.64
2021-02-17 08:30:00-05:00,LONG,Breakout,106.127,106.06684232914385,106.215,2021-02-17 09:00:00-05:00,106.06684232914385,SL,0.019,-1.0,-1.3158,-1315.84
2021-02-18 04:00:00-05:00,LONG,Bounce,105.747,105.67814903336955,105.915,2021-02-18 06:00:00-05:00,105.67814903336955,SL,0.019,-1.0,-1.276,-1275.96
2021-02-18 09:15:00-05:00,LONG,Bounce,105.758,105.67480960790633,105.915,2021-02-18 11:45:00-05:00,105.67480960790633,SL,0.019,-1.0,-1.2284,-1228.39
2021-02-19 02:15:00-05:00,LONG,Bounce,105.643,105.61116983554666,105.734,2021-02-19 02:30:00-05:00,105.61116983554666,SL,0.019067,-1.0,-1.599,-1599.01
2021-02-21 21:00:00-05:00,LONG,Breakout,105.656,105.60119827542172,105.734,2021-02-21 21:45:00-05:00,105.60119827542172,SL,0.019,-1.0,-1.3467,-1346.7
2021-02-21 22:45:00-05:00,LONG,Retest,105.634,105.60281233073204,105.734,2021-02-22 02:15:00-05:00,105.734,TP,0.019067,3.2064,2.595,2595.04
2021-02-24 17:00:00-05:00,LONG,Bounce,105.856,105.80956937983422,106.094,2021-02-24 20:15:00-05:00,106.094,TP,0.057,5.1259,3.8983,3898.29
2021-02-25 15:00:00-05:00,LONG,Retest,106.227,106.14173631585288,106.495,2021-02-25 17:00:00-05:00,106.14173631585288,SL,0.021,-1.0,-1.2463,-1246.29
2021-02-26 04:45:00-05:00,LONG,Breakout,106.478,106.23120458711915,106.541,2021-02-26 07:15:00-05:00,106.23120458711915,SL,0.021,-1.0,-1.0851,-1085.09
2021-02-26 10:30:00-05:00,LONG,Breakout,106.543,106.49442255285736,106.936,2021-02-26 10:45:00-05:00,106.49442255285736,SL,0.021,-1.0,-1.4323,-1432.3
2021-02-28 17:15:00-05:00,LONG,Retest,106.528,106.49906754885839,106.685,2021-02-28 17:30:00-05:00,106.49906754885839,SL,0.0416,-1.0,-2.4378,-2437.83
2021-03-01 20:15:00-05:00,LONG,Breakout,106.896,106.86863123086634,106.936,2021-03-01 20:30:00-05:00,106.86863123086634,SL,0.021,-1.0,-1.7673,-1767.3
2021-03-03 08:15:00-05:00,LONG,Bounce,106.903,106.76753929111891,107.028,2021-03-03 09:30:00-05:00,107.028,TP,0.021,0.9228,0.7678,767.75
2021-03-03 09:30:00-05:00,LONG,Breakout,107.06,107.00867232666711,107.22,2021-03-03 10:00:00-05:00,107.00867232666711,SL,0.021,-1.0,-1.4091,-1409.14
2021-03-08 02:45:00-05:00,LONG,Breakout,108.495,108.47139028589226,108.635,2021-03-08 03:00:00-05:00,108.47139028589226,SL,0.021,-1.0,-1.8895,-1889.46
2021-03-08 19:15:00-05:00,LONG,Breakout,109.086,108.92156112594361,109.574,2021-03-09 02:30:00-05:00,108.92156112594361,SL,0.021,-1.0,-1.1277,-1127.71
2021-03-11 21:15:00-05:00,LONG,Breakout,108.722,108.69385539283562,108.802,2021-03-11 22:30:00-05:00,108.69385539283562,SL,0.021,-1.0,-1.7461,-1746.15
2021-03-12 00:00:00-05:00,LONG,Retest,108.723,108.6950313356902,108.773,2021-03-12 01:00:00-05:00,108.773,TP,0.021,1.7877,1.0369,1036.87
2021-03-12 01:00:00-05:00,LONG,Breakout,108.827,108.76300569498771,108.91,2021-03-12 02:00:00-05:00,108.91,TP,0.021,1.297,0.9688,968.84
2021-03-14 19:00:00-04:00,LONG,Breakout,109.084,109.06369005491793,109.136,2021-03-14 19:30:00-04:00,109.136,TP,0.021,2.5603,1.5263,1526.35
2021-03-14 22:15:00-04:00,LONG,Breakout,109.172,109.06049033273534,109.219,2021-03-15 01:15:00-04:00,109.219,TP,0.021,0.4215,0.2332,233.16
2021-03-16 03:45:00-04:00,LONG,Breakout,109.248,109.22835301123587,109.355,2021-03-16 04:00:00-04:00,109.22835301123587,SL,0.021,-1.0,-2.0689,-2068.87
2021-03-16 20:00:00-04:00,LONG,Breakout,109.041,109.019651550662,109.072,2021-03-16 20:15:00-04:00,109.072,TP,0.021,1.4521,0.4684,468.42
2021-03-18 03:30:00-04:00,LONG,Breakout,109.23,109.09793416318665,109.316,2021-03-18 04:45:00-04:00,109.09793416318665,SL,0.021,-1.0,-1.159,-1159.01
2021-03-18 17:45:00-04:00,LONG,Bounce,108.917,108.89893686103376,109.216,2021-03-18 19:15:00-04:00,108.89893686103376,SL,0.047714,-1.0,-3.6415,-3641.53
2021-03-22 03:30:00-04:00,LONG,Bounce,108.695,108.67820651349761,108.946,2021-03-22 03:45:00-04:00,108.67820651349761,SL,0.021,-1.0,-2.2505,-2250.48
2021-03-24 09:15:00-04:00,LONG,Breakout,108.881,108.73323372058037,108.946,2021-03-24 14:00:00-04:00,108.73323372058037,SL,0.021,-1.0,-1.1421,-1142.12
2021-03-25 03:45:00-04:00,LONG,Breakout,109.066,108.97104789246096,109.119,2021-03-25 04:30:00-04:00,109.119,TP,0.021,0.5582,0.337,337.01
2021-03-25 20:30:00-04:00,LONG,Breakout,109.261,109.21882318281067,109.292,2021-03-25 20:45:00-04:00,109.292,TP,0.021067,0.735,0.2355,235.52
2021-03-26 03:45:00-04:00,LONG,Breakout,109.315,109.26486745148794,109.355,2021-03-26 04:00:00-04:00,109.355,TP,0.021,0.7979,0.379,379.0
2021-03-29 09:30:00-04:00,LONG,Breakout,109.73,109.67103644740189,109.792,2021-03-29 13:45:00-04:00,109.792,TP,0.021,1.0515,0.6953,695.34
2021-03-30 02:15:00-04:00,LONG,Breakout,110.034,109.97089841713328,110.074,2021-03-30 02:30:00-04:00,110.074,TP,0.021,0.6339,0.3011,301.1
2021-03-30 20:00:00-04:00,LONG,Breakout,110.429,110.4088694301029,111.671,2021-03-31 10:45:00-04:00,110.4088694301029,SL,0.021,-1.0,-2.0432,-2043.19
2021-03-31 20:45:00-04:00,LONG,Breakout,110.78,110.75986194388132,110.828,2021-03-31 21:00:00-04:00,110.75986194388132,SL,0.021,-1.0,-2.0428,-2042.8
2021-04-01 09:30:00-04:00,LONG,Bounce,110.66,110.59749118362936,110.837,2021-04-01 10:45:00-04:00,110.59749118362936,SL,0.0214,-1.0,-1.3424,-1342.35
2021-04-01 20:15:00-04:00,LONG,Bounce,110.559,110.54184998862586,110.638,2021-04-01 20:45:00-04:00,110.638,TP,0.022333,4.6064,3.3042,3304.18
2021-04-02 09:00:00-04:00,LONG,Breakout,110.71,110.64465835144865,110.837,2021-04-02 09:30:00-04:00,110.64465835144865,SL,0.023,-1.0,-1.352,-1352.0
2021-04-02 11:15:00-04:00,LONG,Breakout,110.667,110.64614619662993,110.837,2021-04-02 13:00:00-04:00,110.64614619662993,SL,0.0268,-1.0,-2.2851,-2285.14
2021-04-05 20:30:00-04:00,LONG,Breakout,110.274,110.23273650843957,110.679,2021-04-05 21:15:00-04:00,110.23273650843957,SL,0.021067,-1.0,-1.5105,-1510.54
2021-04-05 22:00:00-04:00,LONG,Breakout,110.258,110.232602792518,110.679,2021-04-06 00:30:00-04:00,110.232602792518,SL,0.021067,-1.0,-1.8295,-1829.49
2021-04-06 04:30:00-04:00,LONG,Breakout,110.451,110.38262190313044,110.679,2021-04-06 04:45:00-04:00,110.38262190313044,SL,0.021,-1.0,-1.3071,-1307.12
2021-04-14 09:30:00-04:00,SHORT,Bounce,108.996,109.07080522028294,108.875,2021-04-14 16:15:00-04:00,108.875,TP,0.025067,1.6175,1.2824,1282.44
2021-04-14 20:00:00-04:00,SHORT,Breakout,108.832,108.87815501598509,108.797,2021-04-14 20:45:00-04:00,108.87815501598509,SL,0.025333,-1.0,-1.5489,-1548.87
2021-04-15 00:30:00-04:00,SHORT,Retest,108.865,108.87846139034994,108.791,2021-04-15 01:30:00-04:00,108.87846139034994,SL,0.025067,-1.0,-2.8621,-2862.12
2021-04-15 02:00:00-04:00,SHORT,Bounce,108.9,108.95997508230171,108.791,2021-04-15 03:15:00-04:00,108.791,TP,0.025,1.8174,1.4006,1400.58
2021-04-15 04:30:00-04:00,SHORT,Breakout,108.745,108.80200783414001,108.652,2021-04-15 05:15:00-04:00,108.652,TP,0.025,1.6314,1.1928,1192.82
2021-04-15 10:00:00-04:00,SHORT,Breakout,108.615,108.66655424576484,108.457,2021-04-15 10:30:00-04:00,108.66655424576484,SL,0.025,-1.0,-1.4849,-1484.93
2021-04-15 14:15:00-04:00,SHORT,Retest,108.637,108.66346577102338,108.599,2021-04-15 15:00:00-04:00,108.66346577102338,SL,0.0252,-1.0,-1.9522,-1952.17
2021-04-18 20:45:00-04:00,SHORT,Breakout,108.685,108.75418569109164,108.598,2021-04-18 21:00:00-04:00,108.75418569109164,SL,0.025,-1.0,-1.3613,-1361.35
2021-04-19 01:45:00-04:00,SHORT,Breakout,108.505,108.5444132387797,108.457,2021-04-19 02:00:00-04:00,108.457,TP,0.025,1.2179,0.5836,583.56
2021-04-19 02:30:00-04:00,SHORT,Breakout,108.523,108.54514245102004,108.441,2021-04-19 02:45:00-04:00,108.54514245102004,SL,0.025,-1.0,-2.1291,-2129.05
2021-04-19 03:00:00-04:00,SHORT,Breakout,108.478,108.54582486848157,108.441,2021-04-19 03:15:00-04:00,108.441,TP,0.025,0.5455,0.1769,176.93
2021-04-20 20:15:00-04:00,SHORT,Breakout,107.958,108.02075863235528,107.809,2021-04-20 20:45:00-04:00,108.02075863235528,SL,0.025067,-1.0,-1.3994,-1399.41
2021-04-20 21:15:00-04:00,SHORT,Breakout,107.976,108.02374322934973,107.809,2021-04-21 00:00:00-04:00,108.02374322934973,SL,0.0252,-1.0,-1.5278,-1527.82
2021-04-22 00:30:00-04:00,SHORT,Breakout,107.922,107.94637734733978,107.863,2021-04-22 00:45:00-04:00,107.94637734733978,SL,0.025467,-1.0,-2.0447,-2044.69
2021-04-22 02:45:00-04:00,SHORT,Breakout,107.886,107.94843412808171,107.809,2021-04-22 03:00:00-04:00,107.809,TP,0.025133,1.2333,0.8307,830.74
2021-04-22 20:00:00-04:00,SHORT,Breakout,107.904,107.92456898708325,107.802,2021-04-22 20:15:00-04:00,107.92456898708325,SL,0.0252,-1.0,-2.2251,-2225.15
2021-04-22 23:45:00-04:00,SHORT,Retest,107.908,107.92382816116422,107.789,2021-04-23 02:15:00-04:00,107.92382816116422,SL,0.025067,-1.0,-2.5837,-2583.68
2021-04-25 20:30:00-04:00,SHORT,Breakout,107.818,107.85681455024763,107.465,2021-04-25 20:45:00-04:00,107.85681455024763,SL,0.0258,-1.0,-1.6647,-1664.7
2021-04-25 21:00:00-04:00,SHORT,Breakout,107.826,107.85771050506047,107.465,2021-04-26 07:15:00-04:00,107.85771050506047,SL,0.026067,-1.0,-1.822,-1822.02
2021-04-27 10:00:00-04:00,SHORT,Bounce,108.377,108.42580127190514,108.154,2021-04-27 10:30:00-04:00,108.42580127190514,SL,0.025,-1.0,-1.5123,-1512.28
2021-04-28 02:15:00-04:00,LONG,Breakout,108.956,108.9265623556444,109.083,2021-04-28 04:00:00-04:00,108.9265623556444,SL,0.025133,-1.0,-1.8538,-1853.78
2021-04-28 07:15:00-04:00,LONG,Retest,108.979,108.92472132901665,109.065,2021-04-28 07:30:00-04:00,108.92472132901665,SL,0.025133,-1.0,-1.463,-1463.04
2021-05-02 20:00:00-04:00,LONG,Breakout,109.365,109.32167250673105,109.581,2021-05-02 21:00:00-04:00,109.32167250673105,SL,0.025333,-1.0,-1.5847,-1584.69
2021-05-02 21:00:00-04:00,LONG,Breakout,109.379,109.32068138964873,109.581,2021-05-03 01:15:00-04:00,109.581,TP,0.025133,3.4637,3.0328,3032.77
2021-05-05 02:00:00-04:00,LONG,Breakout,109.377,109.35713240389589,109.411,2021-05-05 02:15:00-04:00,109.411,TP,0.025267,1.7113,0.4396,439.58
2021-05-05 17:00:00-04:00,LONG,Bounce,109.17,109.12281361118981,109.306,2021-05-05 20:45:00-04:00,109.306,TP,0.037533,2.8822,2.0868,2086.76
2021-05-05 23:15:00-04:00,LONG,Retest,109.344,109.29601545028517,109.467,2021-05-06 02:00:00-04:00,109.29601545028517,SL,0.026,-1.0,-1.5418,-1541.84
2021-05-06 20:00:00-04:00,LONG,Bounce,109.011,108.98038832043956,109.111,2021-05-06 20:45:00-04:00,109.111,TP,0.025133,3.2667,2.4457,2445.69
2021-05-06 21:00:00-04:00,LONG,Breakout,109.138,109.10096677998943,109.391,2021-05-06 21:30:00-04:00,109.10096677998943,SL,0.025067,-1.0,-1.6769,-1676.87
2021-05-06 22:00:00-04:00,LONG,Breakout,109.127,109.10111917959388,109.391,2021-05-06 23:15:00-04:00,109.10111917959388,SL,0.025733,-1.0,-1.9943,-1994.3
2021-05-16 20:00:00-04:00,LONG,Breakout,109.469,109.428697698135,109.645,2021-05-16 20:45:00-04:00,109.428697698135,SL,0.0222,-1.0,-1.5508,-1550.84
2021-05-25 02:30:00-04:00,SHORT,Breakout,108.634,108.67873793977392,108.599,2021-05-25 03:00:00-04:00,108.599,TP,0.022,0.7823,0.2906,290.58
2021-05-28 10:45:00-04:00,LONG,Breakout,109.964,109.9299089965619,110.543,2021-05-28 11:00:00-04:00,109.9299089965619,SL,0.022,-1.0,-1.6453,-1645.33
2021-06-01 04:15:00-04:00,LONG,Breakout,109.606,109.57587686291812,109.785,2021-06-01 04:30:00-04:00,109.57587686291812,SL,0.022067,-1.0,-1.7325,-1732.55
2021-06-01 20:00:00-04:00,LONG,Breakout,109.53,109.48254909805188,109.697,2021-06-02 01:00:00-04:00,109.697,TP,0.022133,3.5194,3.053,3052.98
2021-06-03 08:15:00-04:00,LONG,Breakout,109.915,109.82203261013677,110.189,2021-06-03 10:45:00-04:00,110.189,TP,0.022,2.9473,2.7106,2710.63
2021-06-14 09:30:00-04:00,LONG,Breakout,109.843,109.81044672161407,110.273,2021-06-16 08:15:00-04:00,109.81044672161407,SL,0.022,-1.0,-1.6758,-1675.82
2021-06-17 03:00:00-04:00,LONG,Bounce,110.659,110.58391061284703,110.812,2021-06-17 03:45:00-04:00,110.58391061284703,SL,0.022,-1.0,-1.293,-1292.98
2021-06-18 08:45:00-04:00,LONG,Breakout,110.247,110.22089070230538,110.319,2021-06-18 09:30:00-04:00,110.319,TP,0.022,2.7576,1.915,1915.03
2021-06-22 08:00:00-04:00,LONG,Breakout,110.544,110.51647679392048,110.757,2021-06-22 11:15:00-04:00,110.757,TP,0.022,7.7389,6.9396,6939.6
2021-06-22 21:45:00-04:00,LONG,Breakout,110.818,110.77289340488342,110.933,2021-06-22 22:30:00-04:00,110.77289340488342,SL,0.022333,-1.0,-1.4951,-1495.12
2021-06-23 03:00:00-04:00,LONG,Breakout,110.881,110.83211178537593,110.933,2021-06-23 03:30:00-04:00,110.83211178537593,SL,0.022133,-1.0,-1.4527,-1452.73
2021-06-23 03:30:00-04:00,LONG,Breakout,110.867,110.83173618228844,110.933,2021-06-23 04:30:00-04:00,110.83173618228844,SL,0.022067,-1.0,-1.6258,-1625.76
2021-06-24 21:45:00-04:00,LONG,Breakout,110.894,110.8760042864877,111.104,2021-06-24 22:00:00-04:00,110.8760042864877,SL,0.022267,-1.0,-2.2373,-2237.33
2021-06-27 21:45:00-04:00,LONG,Bounce,110.675,110.64581043006613,110.867,2021-06-27 23:45:00-04:00,110.64581043006613,SL,0.0224,-1.0,-1.7674,-1767.4
2021-06-28 07:30:00-04:00,LONG,Breakout,110.884,110.85844225126375,110.973,2021-06-28 08:45:00-04:00,110.85844225126375,SL,0.021933,-1.0,-1.8582,-1858.19
2021-06-29 03:00:00-04:00,LONG,Breakout,110.655,110.62119257885702,110.966,2021-06-29 04:45:00-04:00,110.62119257885702,SL,0.022,-1.0,-1.6507,-1650.74
2021-06-29 20:30:00-04:00,LONG,Breakout,110.579,110.54623804926564,110.724,2021-06-29 20:45:00-04:00,110.54623804926564,SL,0.022267,-1.0,-1.6797,-1679.65
2021-06-30 08:15:00-04:00,LONG,Breakout,110.638,110.56953136805386,110.724,2021-06-30 10:00:00-04:00,110.724,TP,0.022,1.256,0.9347,934.73
2021-06-30 19:30:00-04:00,LONG,Breakout,111.12,111.10350187203682,111.671,2021-06-30 20:00:00-04:00,111.10350187203682,SL,0.022667,-1.0,-2.3739,-2373.89
2021-06-30 20:15:00-04:00,LONG,Breakout,111.128,111.1031268997321,111.671,2021-06-30 20:45:00-04:00,111.1031268997321,SL,0.0224,-1.0,-1.9006,-1900.57
2021-07-01 02:30:00-04:00,LONG,Breakout,111.171,111.1465942085266,111.671,2021-07-02 09:00:00-04:00,111.1465942085266,SL,0.0222,-1.0,-1.9096,-1909.62
2021-07-05 21:00:00-04:00,LONG,Bounce,110.866,110.8274500333455,110.98,2021-07-05 21:15:00-04:00,110.8274500333455,SL,0.022467,-1.0,-1.5828,-1582.79
2021-07-06 04:15:00-04:00,LONG,Bounce,110.79,110.76577182336915,110.98,2021-07-06 05:00:00-04:00,110.76577182336915,SL,0.022,-1.0,-1.908,-1908.03
2021-07-11 20:00:00-04:00,SHORT,Bounce,110.175,110.25621906745455,110.068,2021-07-11 21:15:00-04:00,110.068,TP,0.022667,1.3174,1.0383,1038.34
2021-07-11 21:15:00-04:00,SHORT,Breakout,110.014,110.07810592054724,109.889,2021-07-11 21:45:00-04:00,110.07810592054724,SL,0.0226,-1.0,-1.3525,-1352.54
2021-07-15 02:00:00-04:00,SHORT,Breakout,109.749,109.81637028611125,109.693,2021-07-15 02:45:00-04:00,109.81637028611125,SL,0.0222,-1.0,-1.3295,-1329.52
2021-07-15 03:00:00-04:00,SHORT,Breakout,109.794,109.81769476107932,109.693,2021-07-15 03:15:00-04:00,109.81769476107932,SL,0.022133,-1.0,-1.9341,-1934.1
2021-07-15 04:00:00-04:00,SHORT,Retest,109.742,109.81850049643865,109.693,2021-07-15 06:00:00-04:00,109.81850049643865,SL,0.022067,-1.0,-1.2885,-1288.45
2021-07-18 19:30:00-04:00,SHORT,Breakout,109.876,109.93075959494382,109.721,2021-07-18 22:15:00-04:00,109.93075959494382,SL,0.022867,-1.0,-1.4176,-1417.58
2021-07-19 03:30:00-04:00,SHORT,Breakout,109.808,109.89382070884737,109.721,2021-07-19 04:30:00-04:00,109.721,TP,0.022067,1.0137,0.7566,756.62
2021-07-19 07:30:00-04:00,SHORT,Breakout,109.619,109.70535519474315,109.521,2021-07-19 08:30:00-04:00,109.521,TP,0.022067,1.1348,0.8793,879.31
2021-07-19 17:45:00-04:00,SHORT,Bounce,109.439,109.4999037053598,109.054,2021-07-19 19:00:00-04:00,109.4999037053598,SL,0.046467,-1.0,-1.763,-1762.95
2021-07-19 20:00:00-04:00,SHORT,Bounce,109.467,109.49771534346618,109.249,2021-07-19 20:30:00-04:00,109.49771534346618,SL,0.021933,-1.0,-1.7141,-1714.08
2021-07-19 21:00:00-04:00,SHORT,Bounce,109.476,109.49781495014415,109.249,2021-07-19 21:15:00-04:00,109.49781495014415,SL,0.0222,-1.0,-2.0177,-2017.65
2021-07-21 02:00:00-04:00,SHORT,Breakout,109.838,109.85123422343558,109.802,2021-07-21 02:15:00-04:00,109.85123422343558,SL,0.022267,-1.0,-2.6825,-2682.51
2021-07-28 14:00:00-04:00,SHORT,Bounce,110.13,110.22574853281057,109.731,2021-07-28 20:45:00-04:00,109.731,TP,0.022333,4.1672,3.9339,3933.92
2021-07-29 17:00:00-04:00,SHORT,Breakout,109.445,109.46680761756278,109.344,2021-07-29 17:15:00-04:00,109.46680761756278,SL,0.056067,-1.0,-3.571,-3570.97
2021-07-29 17:30:00-04:00,SHORT,Breakout,109.447,109.46648616004137,109.344,2021-07-29 17:45:00-04:00,109.46648616004137,SL,0.051867,-1.0,-3.6617,-3661.72
2021-07-29 18:00:00-04:00,SHORT,Retest,109.445,109.46625286248465,109.41,2021-07-29 18:30:00-04:00,109.46625286248465,SL,0.022,-1.0,-2.0352,-2035.15
2021-08-03 00:15:00-04:00,SHORT,Breakout,109.156,109.1827820847529,109.054,2021-08-03 01:00:00-04:00,109.1827820847529,SL,0.022467,-1.0,-1.8389,-1838.87
2021-08-03 05:15:00-04:00,SHORT,Retest,109.142,109.18486063358871,109.054,2021-08-03 05:30:00-04:00,109.18486063358871,SL,0.022933,-1.0,-1.5351,-1535.07
2021-08-03 08:45:00-04:00,SHORT,Breakout,109.025,109.09817331446256,108.711,2021-08-03 13:30:00-04:00,109.09817331446256,SL,0.022267,-1.0,-1.3043,-1304.3
2021-08-04 08:15:00-04:00,SHORT,Breakout,108.851,108.92688904457243,108.711,2021-08-04 09:30:00-04:00,108.711,TP,0.022067,1.8448,1.554,1554.02
2021-08-05 02:30:00-04:00,SHORT,Bounce,109.672,109.71329120185057,109.422,2021-08-05 06:45:00-04:00,109.422,TP,0.0222,6.0546,5.5169,5516.91
2021-08-05 09:45:00-04:00,SHORT,Bounce,109.684,109.75383485584902,108.71,2021-08-05 10:00:00-04:00,109.75383485584902,SL,0.022133,-1.0,-1.3169,-1316.94
2021-08-05 10:00:00-04:00,SHORT,Bounce,109.671,109.7543466518598,109.392,2021-08-05 11:30:00-04:00,109.7543466518598,SL,0.0222,-1.0,-1.2664,-1266.36
2021-08-09 04:00:00-04:00,LONG,Bounce,110.203,110.1684027302734,110.305,2021-08-09 04:15:00-04:00,110.1684027302734,SL,0.022733,-1.0,-1.6571,-1657.08
2021-08-09 20:00:00-04:00,LONG,Breakout,110.375,110.33546361243887,110.397,2021-08-09 20:45:00-04:00,110.33546361243887,SL,0.0232,-1.0,-1.5868,-1586.8
2021-08-10 02:45:00-04:00,LONG,Retest,110.37,110.33691210500949,110.393,2021-08-10 03:00:00-04:00,110.393,TP,0.0224,0.6951,0.0181,18.13
2021-08-10 08:30:00-04:00,LONG,Retest,110.446,110.3843482830812,110.574,2021-08-10 09:30:00-04:00,110.574,TP,0.0226,2.0762,1.7096,1709.6
2021-08-10 09:30:00-04:00,LONG,Breakout,110.544,110.52579335987824,110.582,2021-08-10 09:45:00-04:00,110.582,TP,0.022267,2.0872,0.8642,864.15
2021-08-10 14:30:00-04:00,LONG,Retest,110.551,110.52948908025262,110.687,2021-08-10 17:15:00-04:00,110.52948908025262,SL,0.022933,-1.0,-2.0661,-2066.13
2021-08-11 02:00:00-04:00,LONG,Breakout,110.69,110.67023166612698,110.716,2021-08-11 02:15:00-04:00,110.716,TP,0.022733,1.3152,0.1652,165.25
2021-08-12 08:30:00-04:00,LONG,Breakout,110.51,110.45484722340979,110.789,2021-08-12 08:45:00-04:00,110.45484722340979,SL,0.022133,-1.0,-1.4013,-1401.31
2021-08-12 09:00:00-04:00,LONG,Breakout,110.511,110.45390704467476,110.789,2021-08-12 10:00:00-04:00,110.45390704467476,SL,0.0222,-1.0,-1.3888,-1388.84
2021-08-16 03:00:00-04:00,SHORT,Breakout,109.302,109.32612648622525,108.71,2021-08-16 03:15:00-04:00,109.32612648622525,SL,0.022667,-1.0,-1.9395,-1939.49
2021-08-16 06:30:00-04:00,SHORT,Retest,109.278,109.32768272448519,108.71,2021-08-16 06:45:00-04:00,109.32768272448519,SL,0.022267,-1.0,-1.4482,-1448.18
2021-08-16 09:00:00-04:00,SHORT,Breakout,109.208,109.25739307400298,108.71,2021-08-16 10:00:00-04:00,109.25739307400298,SL,0.0222,-1.0,-1.4495,-1449.46
2021-08-16 12:45:00-04:00,SHORT,Retest,109.227,109.25529655048207,109.103,2021-08-16 16:30:00-04:00,109.25529655048207,SL,0.0226,-1.0,-1.7987,-1798.68
2021-08-16 22:30:00-04:00,SHORT,Bounce,109.283,109.32624308501322,109.187,2021-08-17 00:30:00-04:00,109.32624308501322,SL,0.023067,-1.0,-1.5334,-1533.42
2021-08-17 03:00:00-04:00,SHORT,Breakout,109.13,109.20109362132506,109.103,2021-08-17 03:15:00-04:00,109.20109362132506,SL,0.022067,-1.0,-1.3104,-1310.39
2021-08-19 20:15:00-04:00,LONG,Breakout,109.838,109.81475704469713,110.217,2021-08-19 21:00:00-04:00,109.81475704469713,SL,0.023733,-1.0,-2.0211,-2021.1
2021-09-01 03:00:00-04:00,LONG,Breakout,110.276,110.21609561465668,110.408,2021-09-01 08:15:00-04:00,110.21609561465668,SL,0.022,-1.0,-1.3673,-1367.25
2021-09-01 20:45:00-04:00,LONG,Bounce,109.966,109.905084276415,110.379,2021-09-02 17:00:00-04:00,109.905084276415,SL,0.022533,-1.0,-1.3699,-1369.91
2021-09-08 08:15:00-04:00,LONG,Bounce,110.164,110.12003314017629,110.437,2021-09-08 22:00:00-04:00,110.12003314017629,SL,0.022,-1.0,-1.5004,-1500.38
2021-09-15 02:00:00-04:00,SHORT,Breakout,109.494,109.54191353033552,109.402,2021-09-15 02:15:00-04:00,109.54191353033552,SL,0.022333,-1.0,-1.4661,-1466.12
2021-09-15 02:15:00-04:00,SHORT,Retest,109.489,109.54221970674013,109.402,2021-09-15 03:00:00-04:00,109.54221970674013,SL,0.0224,-1.0,-1.4209,-1420.9
2021-09-15 20:00:00-04:00,SHORT,Bounce,109.389,109.44580638253255,109.296,2021-09-15 21:30:00-04:00,109.296,TP,0.022667,1.6371,1.2381,1238.12
2021-09-15 21:45:00-04:00,SHORT,Breakout,109.253,109.3042350584101,109.101,2021-09-16 00:15:00-04:00,109.3042350584101,SL,0.022867,-1.0,-1.4463,-1446.31
2021-09-16 18:00:00-04:00,SHORT,Bounce,109.706,109.73208181957243,109.202,2021-09-16 18:30:00-04:00,109.73208181957243,SL,0.026933,-1.0,-2.0326,-2032.65
2021-09-22 14:00:00-04:00,SHORT,Bounce,109.532,109.64566430501979,109.484,2021-09-22 14:30:00-04:00,109.64566430501979,SL,0.022333,-1.0,-1.1965,-1196.49
2021-09-24 04:15:00-04:00,LONG,Breakout,110.349,110.32728722742594,110.789,2021-09-26 20:00:00-04:00,110.789,TP,0.022533,20.2646,19.2268,19226.78
2021-09-27 04:15:00-04:00,LONG,Breakout,110.864,110.78226825068536,110.906,2021-09-27 04:30:00-04:00,110.906,TP,0.022267,0.5139,0.2414,241.44
2021-09-27 08:45:00-04:00,LONG,Retest,110.857,110.78015837055537,111.134,2021-09-27 10:15:00-04:00,110.78015837055537,SL,0.022067,-1.0,-1.2872,-1287.17
2021-09-28 10:45:00-04:00,LONG,Breakout,111.438,111.39183738310422,111.648,2021-09-28 11:00:00-04:00,111.39183738310422,SL,0.022133,-1.0,-1.4795,-1479.46
2021-09-28 20:45:00-04:00,LONG,Breakout,111.636,111.5978035856422,111.671,2021-09-28 21:00:00-04:00,111.5978035856422,SL,0.022933,-1.0,-1.6004,-1600.41
2021-09-29 09:45:00-04:00,LONG,Breakout,111.588,111.53923577114249,111.671,2021-09-29 10:00:00-04:00,111.671,TP,0.0222,1.7021,1.2468,1246.82
2021-10-01 03:00:00-04:00,LONG,Bounce,111.14,111.09129333377878,111.477,2021-10-01 04:45:00-04:00,111.09129333377878,SL,0.0222,-1.0,-1.4558,-1455.79
2021-10-03 18:15:00-04:00,LONG,Bounce,110.945,110.88215120696371,111.248,2021-10-03 20:30:00-04:00,110.88215120696371,SL,0.0244,-1.0,-1.3882,-1388.23
2021-10-04 03:15:00-04:00,LONG,Breakout,111.149,111.0928494064794,111.248,2021-10-04 03:45:00-04:00,111.0928494064794,SL,0.022467,-1.0,-1.4001,-1400.11
2021-10-04 03:45:00-04:00,LONG,Breakout,111.154,111.09223647803582,111.248,2021-10-04 05:45:00-04:00,111.248,TP,0.022933,1.5219,1.1506,1150.63
2021-10-04 21:15:00-04:00,LONG,Breakout,111.001,110.97763162999338,111.291,2021-10-04 21:30:00-04:00,110.97763162999338,SL,0.023333,-1.0,-1.9985,-1998.5
2021-10-05 09:00:00-04:00,LONG,Breakout,111.328,111.23337980717002,111.477,2021-10-05 10:30:00-04:00,111.477,TP,0.0226,1.5747,1.3359,1335.87
2021-10-05 20:00:00-04:00,LONG,Breakout,111.559,111.50318137593317,112.069,2021-10-06 04:45:00-04:00,111.50318137593317,SL,0.023467,-1.0,-1.4204,-1420.41
2021-10-13 17:30:00-04:00,LONG,Bounce,113.246,113.20373912835034,113.791,2021-10-13 18:30:00-04:00,113.20373912835034,SL,0.037933,-1.0,-1.8976,-1897.6
2021-10-14 09:30:00-04:00,LONG,Breakout,113.622,113.5686885317449,113.791,2021-10-14 09:45:00-04:00,113.5686885317449,SL,0.022733,-1.0,-1.4264,-1426.42
2021-10-14 18:15:00-04:00,LONG,Breakout,113.728,113.69791358990807,113.791,2021-10-14 18:30:00-04:00,113.69791358990807,SL,0.0248,-1.0,-1.8243,-1824.29
2021-10-14 19:00:00-04:00,LONG,Retest,113.724,113.69782308929592,113.791,2021-10-14 19:15:00-04:00,113.791,TP,0.023733,2.5595,1.6529,1652.86
2021-10-21 07:45:00-04:00,LONG,Breakout,114.16,114.11203180447092,114.397,2021-10-21 08:15:00-04:00,114.11203180447092,SL,0.023867,-1.0,-1.4976,-1497.55
2021-10-21 20:45:00-04:00,LONG,Breakout,114.095,114.02288330022238,114.197,2021-10-21 22:30:00-04:00,114.02288330022238,SL,0.023267,-1.0,-1.3226,-1322.63
2021-10-25 08:30:00-04:00,LONG,Breakout,113.781,113.71336525036462,113.816,2021-10-25 08:45:00-04:00,113.816,TP,0.0234,0.5175,0.1715,171.51
2021-10-25 19:45:00-04:00,LONG,Breakout,113.754,113.72682087521261,113.912,2021-10-25 20:00:00-04:00,113.72682087521261,SL,0.023267,-1.0,-1.856,-1856.05
2021-10-26 08:15:00-04:00,LONG,Breakout,114.11,114.05606852834667,114.196,2021-10-26 10:00:00-04:00,114.196,TP,0.022733,1.5946,1.1731,1173.09
2021-10-28 07:30:00-04:00,LONG,Bounce,113.588,113.47688874037169,113.737,2021-10-28 09:15:00-04:00,113.47688874037169,SL,0.0238,-1.0,-1.2142,-1214.2
2021-10-31 21:00:00-04:00,LONG,Breakout,114.133,114.07027868388386,114.299,2021-10-31 21:15:00-04:00,114.07027868388386,SL,0.023133,-1.0,-1.3688,-1368.83
2021-11-03 09:15:00-04:00,LONG,Breakout,113.961,113.92494351473651,113.999,2021-11-03 09:30:00-04:00,113.92494351473651,SL,0.023333,-1.0,-1.6471,-1647.13
2021-11-03 10:00:00-04:00,LONG,Breakout,114.074,113.92325681555252,114.123,2021-11-03 10:15:00-04:00,114.123,TP,0.0224,0.3251,0.1765,176.46
2021-11-03 17:30:00-04:00,LONG,Retest,113.985,113.91914377543027,114.207,2021-11-03 21:45:00-04:00,114.207,TP,0.042733,3.371,2.7221,2722.09
2021-11-03 22:00:00-04:00,LONG,Breakout,114.218,114.1951322328512,114.433,2021-11-03 22:15:00-04:00,114.1951322328512,SL,0.0244,-1.0,-2.067,-2067.0
2021-11-04 03:00:00-04:00,LONG,Breakout,114.241,114.22228912027515,114.433,2021-11-04 03:15:00-04:00,114.22228912027515,SL,0.023667,-1.0,-2.2649,-2264.86
2021-11-04 20:30:00-04:00,LONG,Breakout,113.813,113.76413459263875,114.268,2021-11-04 20:45:00-04:00,113.76413459263875,SL,0.0244,-1.0,-1.4993,-1499.33
2021-11-09 09:45:00-05:00,SHORT,Breakout,112.781,112.81164126630539,112.713,2021-11-09 10:00:00-05:00,112.81164126630539,SL,0.023333,-1.0,-1.7615,-1761.5
2021-11-10 19:30:00-05:00,SHORT,Bounce,113.931,113.95389400537714,113.719,2021-11-10 19:45:00-05:00,113.95389400537714,SL,0.020667,-1.0,-1.9027,-1902.71
2021-11-11 19:15:00-05:00,LONG,Breakout,114.149,114.09049323370851,114.268,2021-11-11 20:00:00-05:00,114.268,TP,0.021333,2.034,1.6693,1669.32
2021-11-15 19:45:00-05:00,LONG,Breakout,114.176,114.148900874439,114.273,2021-11-15 20:00:00-05:00,114.148900874439,SL,0.021467,-1.0,-1.7922,-1792.15
2021-11-15 20:30:00-05:00,LONG,Breakout,114.235,114.14785868117437,114.433,2021-11-15 21:45:00-05:00,114.14785868117437,SL,0.021333,-1.0,-1.2448,-1244.81
2021-11-15 22:30:00-05:00,LONG,Retest,114.185,114.14753931040201,114.433,2021-11-15 23:00:00-05:00,114.14753931040201,SL,0.021067,-1.0,-1.5624,-1562.37
2021-11-16 08:30:00-05:00,LONG,Breakout,114.387,114.26938824384597,114.433,2021-11-16 09:00:00-05:00,114.433,TP,0.0208,0.3911,0.2143,214.26
2021-11-18 08:15:00-05:00,LONG,Breakout,114.342,114.24943432920871,114.937,2021-11-18 10:15:00-05:00,114.24943432920871,SL,0.020467,-1.0,-1.2211,-1221.1
2021-11-18 10:30:00-05:00,LONG,Breakout,114.281,114.24430412937895,114.937,2021-11-18 10:45:00-05:00,114.24430412937895,SL,0.021067,-1.0,-1.5741,-1574.09
2021-11-19 03:15:00-05:00,LONG,Breakout,114.449,114.37968697531444,114.477,2021-11-19 04:00:00-05:00,114.477,TP,0.0202,0.404,0.1125,112.53
2021-11-22 02:00:00-05:00,LONG,Breakout,114.22,114.19389983134882,114.528,2021-11-22 03:00:00-05:00,114.19389983134882,SL,0.020933,-1.0,-1.802,-1802.04
2021-11-22 09:00:00-05:00,LONG,Breakout,114.512,114.24120509380282,114.937,2021-11-22 14:45:00-05:00,114.937,TP,0.019333,1.5695,1.4981,1498.06
2021-11-24 08:00:00-05:00,LONG,Breakout,115.158,115.09219199162072,115.226,2021-11-24 08:30:00-05:00,115.09219199162072,SL,0.020333,-1.0,-1.309,-1308.98
2021-11-25 02:30:00-05:00,LONG,Bounce,115.355,115.33309366326351,115.446,2021-11-25 03:15:00-05:00,115.33309366326351,SL,0.020867,-1.0,-1.9525,-1952.54
2021-11-25 04:15:00-05:00,LONG,Bounce,115.358,115.33321807320705,115.446,2021-11-25 04:45:00-05:00,115.33321807320705,SL,0.021267,-1.0,-1.8582,-1858.15
2021-11-30 00:00:00-05:00,SHORT,Breakout,113.338,113.50498709673512,112.981,2021-11-30 01:00:00-05:00,112.981,TP,0.022067,2.1379,2.0057,2005.74
2021-11-30 09:45:00-05:00,SHORT,Breakout,112.611,112.69835942155505,112.164,2021-11-30 10:15:00-05:00,112.69835942155505,SL,0.0212,-1.0,-1.2427,-1242.68
2021-12-01 03:45:00-05:00,SHORT,Bounce,113.5,113.55622394403683,112.985,2021-12-01 04:00:00-05:00,113.55622394403683,SL,0.020667,-1.0,-1.3676,-1367.58
2021-12-01 08:15:00-05:00,SHORT,Breakout,113.222,113.29310975547168,112.985,2021-12-01 09:30:00-05:00,112.985,TP,0.0202,3.3329,3.0488,3048.81
2021-12-03 10:30:00-05:00,SHORT,Breakout,113.173,113.23380906562728,112.948,2021-12-03 10:45:00-05:00,113.23380906562728,SL,0.020133,-1.0,-1.3311,-1331.09
2021-12-06 19:15:00-05:00,SHORT,Breakout,113.421,113.43847642394608,113.059,2021-12-06 19:30:00-05:00,113.43847642394608,SL,0.020867,-1.0,-2.194,-2193.99
2021-12-06 20:30:00-05:00,SHORT,Bounce,113.534,113.55607149155898,113.059,2021-12-06 20:45:00-05:00,113.55607149155898,SL,0.022067,-1.0,-1.9998,-1999.78
2021-12-22 03:00:00-05:00,LONG,Breakout,114.178,114.15818853842286,114.209,2021-12-22 03:15:00-05:00,114.209,TP,0.021,1.5648,0.5048,504.76
2021-12-23 02:15:00-05:00,LONG,Breakout,114.228,114.1928488135494,114.36,2021-12-23 07:15:00-05:00,114.36,TP,0.0208,3.7552,3.1635,3163.48
2021-12-23 09:00:00-05:00,LONG,Bounce,114.313,114.22698017101904,115.374,2022-01-03 19:45:00-05:00,115.374,TP,0.021,12.3344,12.0902,12090.24
2022-01-03 19:45:00-05:00,LONG,Breakout,115.377,115.35025197738479,115.446,2022-01-03 20:00:00-05:00,115.35025197738479,SL,0.0212,-1.0,-1.7926,-1792.58
2022-01-04 20:45:00-05:00,LONG,Bounce,116.005,115.9787777157839,116.341,2022-01-04 21:00:00-05:00,115.9787777157839,SL,0.0208,-1.0,-1.7932,-1793.22
2022-01-04 21:00:00-05:00,LONG,Bounce,116.026,115.97862216465649,116.341,2022-01-04 21:30:00-05:00,115.97862216465649,SL,0.021267,-1.0,-1.4489,-1448.87
2022-01-05 03:30:00-05:00,LONG,Bounce,115.943,115.87445918220037,116.093,2022-01-05 04:15:00-05:00,115.87445918220037,SL,0.020733,-1.0,-1.3025,-1302.5
2022-01-06 05:15:00-05:00,LONG,Bounce,115.858,115.79638910406936,115.966,2022-01-06 06:00:00-05:00,115.79638910406936,SL,0.020933,-1.0,-1.3398,-1339.77
2022-01-07 08:30:00-05:00,LONG,Bounce,115.847,115.73211230079022,115.939,2022-01-07 09:00:00-05:00,115.73211230079022,SL,0.020533,-1.0,-1.1787,-1178.73
2022-01-09 20:00:00-05:00,LONG,Bounce,115.58,115.52824056184618,115.92,2022-01-10 06:00:00-05:00,115.52824056184618,SL,0.020667,-1.0,-1.3993,-1399.28
2022-01-10 19:45:00-05:00,LONG,Breakout,115.308,115.22954941331182,115.451,2022-01-11 00:00:00-05:00,115.22954941331182,SL,0.02,-1.0,-1.2549,-1254.94
2022-01-12 03:00:00-05:00,LONG,Breakout,115.411,115.38486520614545,115.672,2022-01-12 03:15:00-05:00,115.38486520614545,SL,0.0202,-1.0,-1.7729,-1772.92
2022-01-12 07:45:00-05:00,LONG,Retest,115.418,115.38503652577542,115.672,2022-01-12 08:00:00-05:00,115.38503652577542,SL,0.020133,-1.0,-1.6108,-1610.78
2022-01-13 02:30:00-05:00,SHORT,Breakout,114.455,114.49815420778978,114.368,2022-01-13 03:00:00-05:00,114.368,TP,0.020333,2.016,1.5448,1544.85
2022-01-13 10:00:00-05:00,SHORT,Retest,114.23,114.36901030286343,114.092,2022-01-13 10:30:00-05:00,114.092,TP,0.0204,0.9927,0.846,845.98
2022-01-13 19:45:00-05:00,SHORT,Breakout,113.912,114.00257203107309,113.653,2022-01-13 20:00:00-05:00,114.00257203107309,SL,0.0202,-1.0,-1.223,-1223.03
2022-01-13 20:15:00-05:00,SHORT,Breakout,113.948,114.00410445536403,113.653,2022-01-13 22:30:00-05:00,113.653,TP,0.020933,5.258,4.8849,4884.94
2022-01-19 09:30:00-05:00,SHORT,Breakout,114.363,114.41644290820278,114.197,2022-01-19 20:00:00-05:00,114.197,TP,0.019733,3.1061,2.7369,2736.88
2022-01-19 20:00:00-05:00,SHORT,Breakout,114.162,114.2109344544486,113.47,2022-01-19 21:00:00-05:00,114.2109344544486,SL,0.020667,-1.0,-1.4223,-1422.33
2022-01-19 23:00:00-05:00,SHORT,Bounce,114.393,114.42151646247544,114.014,2022-01-19 23:45:00-05:00,114.42151646247544,SL,0.020733,-1.0,-1.7271,-1727.07
2022-01-20 08:30:00-05:00,SHORT,Breakout,114.104,114.18985275527733,114.014,2022-01-20 09:00:00-05:00,114.014,TP,0.0192,1.0483,0.8247,824.67
2022-01-20 09:45:00-05:00,SHORT,Retest,114.092,114.1916819559283,113.47,2022-01-20 15:45:00-05:00,114.1916819559283,SL,0.019267,-1.0,-1.1933,-1193.28
2022-01-20 18:15:00-05:00,SHORT,Breakout,113.921,113.96672911320348,113.47,2022-01-20 18:30:00-05:00,113.96672911320348,SL,0.0222,-1.0,-1.4855,-1485.47
2022-01-20 19:00:00-05:00,SHORT,Breakout,113.863,113.96804798167204,113.47,2022-01-21 03:30:00-05:00,113.96804798167204,SL,0.0206,-1.0,-1.1961,-1196.1
2022-01-24 03:45:00-05:00,SHORT,Breakout,113.576,113.61567872904311,113.47,2022-01-24 05:15:00-05:00,113.61567872904311,SL,0.0204,-1.0,-1.5141,-1514.13
2022-01-24 19:30:00-05:00,SHORT,Bounce,113.956,114.00352529552056,113.644,2022-01-24 19:45:00-05:00,114.00352529552056,SL,0.021467,-1.0,-1.4517,-1451.69
2022-01-26 14:00:00-05:00,SHORT,Bounce,114.252,114.38787096686283,114.21,2022-01-26 14:15:00-05:00,114.38787096686283,SL,0.020333,-1.0,-1.1497,-1149.65
2022-01-27 03:00:00-05:00,LONG,Breakout,114.815,114.76179039349134,114.978,2022-01-27 04:00:00-05:00,114.978,TP,0.020267,3.0634,2.6825,2682.47
2022-01-28 02:00:00-05:00,LONG,Breakout,115.57,115.4534344645597,115.672,2022-01-28 03:00:00-05:00,115.672,TP,0.020333,0.875,0.7006,700.61
2022-01-30 18:00:00-05:00,LONG,Breakout,115.354,115.31049695673987,115.66,2022-01-30 18:30:00-05:00,115.31049695673987,SL,0.021733,-1.0,-1.4996,-1499.58
2022-01-30 19:15:00-05:00,LONG,Breakout,115.383,115.30944744927488,115.66,2022-01-31 08:45:00-05:00,115.30944744927488,SL,0.020533,-1.0,-1.2792,-1279.17
2022-01-31 09:30:00-05:00,LONG,Bounce,115.362,115.31693501500543,115.52,2022-01-31 09:45:00-05:00,115.31693501500543,SL,0.020067,-1.0,-1.4453,-1445.28
2022-01-31 09:45:00-05:00,LONG,Bounce,115.379,115.31662537107647,115.52,2022-01-31 10:15:00-05:00,115.31662537107647,SL,0.02,-1.0,-1.3206,-1320.64
2022-02-04 02:45:00-05:00,LONG,Breakout,115.093,115.02902860864423,115.182,2022-02-04 03:30:00-05:00,115.02902860864423,SL,0.020133,-1.0,-1.3147,-1314.72
2022-02-04 08:30:00-05:00,LONG,Breakout,115.319,115.12316118304777,115.52,2022-02-07 03:15:00-05:00,115.12316118304777,SL,0.020133,-1.0,-1.1028,-1102.81
2022-02-08 10:45:00-05:00,LONG,Breakout,115.583,115.5239825862965,115.66,2022-02-08 13:30:00-05:00,115.5239825862965,SL,0.020267,-1.0,-1.3434,-1343.4
2022-02-10 02:15:00-05:00,LONG,Breakout,115.649,115.61578033715689,115.841,2022-02-10 02:30:00-05:00,115.61578033715689,SL,0.020933,-1.0,-1.6301,-1630.15
2022-02-10 04:00:00-05:00,LONG,Breakout,115.806,115.68179521969931,115.841,2022-02-10 04:30:00-05:00,115.841,TP,0.020667,0.2818,0.1154,115.4
2022-02-10 08:30:00-05:00,LONG,Breakout,116.11,115.8503152828115,116.172,2022-02-10 08:45:00-05:00,116.172,TP,0.0202,0.2388,0.161,160.96
2022-02-11 08:30:00-05:00,LONG,Bounce,115.917,115.85662603439204,116.159,2022-02-11 09:00:00-05:00,115.85662603439204,SL,0.020267,-1.0,-1.3357,-1335.69
2022-02-14 02:00:00-05:00,LONG,Bounce,115.389,115.25826335278292,115.541,2022-02-14 03:15:00-05:00,115.25826335278292,SL,0.020667,-1.0,-1.1581,-1158.08
2022-02-15 00:45:00-05:00,LONG,Bounce,115.316,115.28458327190316,115.736,2022-02-15 01:45:00-05:00,115.28458327190316,SL,0.020867,-1.0,-1.6642,-1664.19
2022-02-15 09:30:00-05:00,LONG,Breakout,115.764,115.72126759819427,115.982,2022-02-15 10:15:00-05:00,115.72126759819427,SL,0.020267,-1.0,-1.4743,-1474.27
2022-02-21 04:00:00-05:00,SHORT,Breakout,114.839,114.88644723570171,114.777,2022-02-21 04:15:00-05:00,114.88644723570171,SL,0.021,-1.0,-1.4426,-1442.6
2022-02-21 07:45:00-05:00,SHORT,Breakout,114.859,114.88575854223988,114.777,2022-02-21 08:45:00-05:00,114.88575854223988,SL,0.0206,-1.0,-1.7698,-1769.85
2022-02-22 02:45:00-05:00,SHORT,Bounce,114.729,114.79910180890042,114.56,2022-02-22 03:00:00-05:00,114.79910180890042,SL,0.0206,-1.0,-1.2939,-1293.86
2022-02-27 17:45:00-05:00,LONG,Bounce,115.526,115.44081724735958,115.779,2022-02-27 18:00:00-05:00,115.44081724735958,SL,0.027667,-1.0,-1.3248,-1324.79
2022-02-27 18:00:00-05:00,LONG,Bounce,115.607,115.43818744397674,115.779,2022-02-27 21:30:00-05:00,115.43818744397674,SL,0.023133,-1.0,-1.137,-1137.04
2022-02-28 03:00:00-05:00,LONG,Bounce,115.539,115.41990590784776,115.68,2022-02-28 08:30:00-05:00,115.41990590784776,SL,0.020867,-1.0,-1.1752,-1175.21
2022-03-03 01:45:00-05:00,LONG,Breakout,115.69,115.64728056748693,115.769,2022-03-03 03:15:00-05:00,115.769,TP,0.0208,1.8493,1.3624,1362.38
2022-03-03 04:15:00-05:00,LONG,Breakout,115.756,115.69848409132989,115.865,2022-03-03 07:00:00-05:00,115.69848409132989,SL,0.0208,-1.0,-1.3616,-1361.64
2022-03-03 09:30:00-05:00,LONG,Bounce,115.639,115.60025613097025,115.797,2022-03-03 09:45:00-05:00,115.60025613097025,SL,0.020467,-1.0,-1.5283,-1528.26
2022-03-03 20:30:00-05:00,LONG,Bounce,115.385,115.36051626547693,115.797,2022-03-03 21:45:00-05:00,115.36051626547693,SL,0.020867,-1.0,-1.8523,-1852.27
2022-03-04 08:30:00-05:00,LONG,Bounce,115.421,115.29320851650375,115.526,2022-03-04 09:30:00-05:00,115.29320851650375,SL,0.020533,-1.0,-1.1607,-1160.68
2022-03-08 03:45:00-05:00,LONG,Breakout,115.537,115.4897704176454,115.797,2022-03-08 10:00:00-05:00,115.4897704176454,SL,0.020533,-1.0,-1.4348,-1434.76
2022-03-08 10:45:00-05:00,LONG,Breakout,115.578,115.48700609507821,115.797,2022-03-08 19:15:00-05:00,115.797,TP,0.0204,2.4068,2.1826,2182.56
2022-03-09 19:15:00-05:00,LONG,Retest,115.916,115.87960299337686,115.982,2022-03-09 19:45:00-05:00,115.982,TP,0.021133,1.8133,1.2327,1232.7
2022-03-10 08:30:00-05:00,LONG,Breakout,116.037,116.01144381637158,116.186,2022-03-10 08:45:00-05:00,116.01144381637158,SL,0.0208,-1.0,-1.8139,-1813.89
2022-03-10 08:45:00-05:00,LONG,Breakout,116.068,116.01132640091646,116.186,2022-03-10 10:30:00-05:00,116.01132640091646,SL,0.020867,-1.0,-1.3682,-1368.19
2022-03-10 11:45:00-05:00,LONG,Retest,116.039,116.01141474469642,116.186,2022-03-10 18:30:00-05:00,116.186,TP,0.0204,5.3289,4.5894,4589.41
2022-03-10 19:00:00-05:00,LONG,Retest,116.176,116.12811807563897,116.332,2022-03-10 19:45:00-05:00,116.332,TP,0.021,3.258,2.8194,2819.44
2022-03-15 00:30:00-04:00,LONG,Retest,118.317,118.28074143277955,118.441,2022-03-15 02:15:00-04:00,118.28074143277955,SL,0.020667,-1.0,-1.57,-1569.98
2022-03-15 10:30:00-04:00,LONG,Breakout,118.118,118.07165461424064,118.383,2022-03-15 10:45:00-04:00,118.07165461424064,SL,0.0206,-1.0,-1.4445,-1444.49
2022-03-15 11:45:00-04:00,LONG,Retest,118.187,118.07262745077432,118.383,2022-03-15 14:15:00-04:00,118.383,TP,0.0202,1.7137,1.5371,1537.08
2022-03-15 20:45:00-04:00,LONG,Breakout,118.408,118.37973183611305,118.441,2022-03-15 21:00:00-04:00,118.37973183611305,SL,0.021467,-1.0,-1.7594,-1759.39
2022-03-17 20:45:00-04:00,LONG,Breakout,118.689,118.64400872824864,118.834,2022-03-17 21:15:00-04:00,118.64400872824864,SL,0.021067,-1.0,-1.4682,-1468.24
2022-03-17 21:15:00-04:00,LONG,Retest,118.711,118.64392181160214,118.834,2022-03-18 02:30:00-04:00,118.834,TP,0.0212,1.8337,1.5176,1517.63
2022-03-23 01:00:00-04:00,LONG,Retest,121.07,120.99762498193978,121.403,2022-03-23 01:30:00-04:00,120.99762498193978,SL,0.020933,-1.0,-1.2892,-1289.23
2022-03-23 20:00:00-04:00,LONG,Breakout,121.185,121.13714578510529,121.403,2022-03-23 20:15:00-04:00,121.13714578510529,SL,0.021333,-1.0,-1.4458,-1445.8
2022-03-23 22:15:00-04:00,LONG,Retest,121.225,121.13247871718146,121.403,2022-03-24 01:30:00-04:00,121.403,TP,0.0212,1.9239,1.6947,1694.75
2022-03-25 09:15:00-04:00,LONG,Breakout,122.082,121.91500454897623,122.428,2022-03-25 10:30:00-04:00,121.91500454897623,SL,0.0206,-1.0,-1.1234,-1123.36
2022-03-25 10:45:00-04:00,LONG,Breakout,122.008,121.91282546375227,122.428,2022-03-25 11:15:00-04:00,121.91282546375227,SL,0.020867,-1.0,-1.2192,-1219.25
2022-03-25 11:45:00-04:00,LONG,Breakout,121.981,121.91107713114923,122.428,2022-03-27 21:00:00-04:00,122.428,TP,0.020867,6.3928,6.0943,6094.33
2022-03-29 21:15:00-04:00,LONG,Bounce,122.264,121.92769190675163,123.8,2022-03-29 22:30:00-04:00,121.92769190675163,SL,0.021067,-1.0,-1.0626,-1062.64
2022-03-30 09:15:00-04:00,LONG,Breakout,122.074,121.99513541049892,123.195,2022-03-30 09:30:00-04:00,121.99513541049892,SL,0.020667,-1.0,-1.2621,-1262.05
2022-03-30 20:15:00-04:00,LONG,Breakout,122.256,122.2082455761884,123.195,2022-03-30 20:45:00-04:00,122.2082455761884,SL,0.020667,-1.0,-1.4328,-1432.77
2022-03-31 00:00:00-04:00,LONG,Retest,122.313,122.20486163064837,122.44,2022-03-31 00:30:00-04:00,122.20486163064837,SL,0.023,-1.0,-1.2127,-1212.69
2022-03-31 11:00:00-04:00,LONG,Bounce,121.421,121.29308759242761,122.212,2022-03-31 21:15:00-04:00,122.212,TP,0.020333,6.1839,6.025,6024.96
2022-04-01 02:00:00-04:00,LONG,Retest,122.335,122.18675390968153,122.723,2022-04-01 04:15:00-04:00,122.723,TP,0.020933,2.6173,2.4761,2476.06
2022-04-01 08:45:00-04:00,LONG,Breakout,122.788,122.72792995854094,123.195,2022-04-01 09:00:00-04:00,122.72792995854094,SL,0.020533,-1.0,-1.3418,-1341.82
2022-04-01 09:15:00-04:00,LONG,Breakout,122.972,122.72565797445623,123.195,2022-04-01 11:30:00-04:00,122.72565797445623,SL,0.020533,-1.0,-1.0834,-1083.35
2022-04-04 10:00:00-04:00,LONG,Breakout,122.886,122.80028350226286,123.023,2022-04-04 10:30:00-04:00,122.80028350226286,SL,0.021067,-1.0,-1.2458,-1245.77
2022-04-04 20:45:00-04:00,LONG,Bounce,122.549,122.46905070000095,122.949,2022-04-04 21:15:00-04:00,122.46905070000095,SL,0.021933,-1.0,-1.2743,-1274.34
2022-04-05 03:30:00-04:00,LONG,Breakout,122.875,122.8321867987115,122.949,2022-04-05 03:45:00-04:00,122.949,TP,0.020867,1.7284,1.2411,1241.05
2022-04-05 10:00:00-04:00,LONG,Breakout,123.11,122.96642683213297,123.195,2022-04-05 10:15:00-04:00,123.195,TP,0.0206,0.592,0.4486,448.55
2022-04-05 20:00:00-04:00,LONG,Breakout,123.728,123.64150511739841,123.8,2022-04-05 20:45:00-04:00,123.8,TP,0.021267,0.8324,0.5865,586.55
2022-04-06 14:00:00-04:00,LONG,Bounce,123.779,123.65132542289872,123.988,2022-04-06 20:00:00-04:00,123.65132542289872,SL,0.0214,-1.0,-1.1676,-1167.61
2022-04-07 02:45:00-04:00,LONG,Breakout,123.833,123.72248363385108,123.918,2022-04-07 04:00:00-04:00,123.72248363385108,SL,0.021,-1.0,-1.19,-1190.02
2022-04-07 18:30:00-04:00,LONG,Breakout,124.127,123.9803890907914,124.292,2022-04-07 20:00:00-04:00,123.9803890907914,SL,0.026933,-1.0,-1.1837,-1183.71
2022-04-10 21:15:00-04:00,LONG,Breakout,124.687,124.64814428301972,125.089,2022-04-11 02:15:00-04:00,125.089,TP,0.022867,10.346,9.7575,9757.47
2022-04-12 02:00:00-04:00,LONG,Breakout,125.612,125.531129749604,125.762,2022-04-12 03:15:00-04:00,125.531129749604,SL,0.0206,-1.0,-1.2547,-1254.73
2022-04-13 02:00:00-04:00,LONG,Breakout,125.658,125.6256354060183,125.748,2022-04-13 02:15:00-04:00,125.748,TP,0.020267,2.7808,2.1546,2154.62
2022-04-14 08:30:00-04:00,LONG,Breakout,125.477,125.41770497527553,125.698,2022-04-14 09:30:00-04:00,125.698,TP,0.021467,3.7271,3.3651,3365.09
2022-04-14 19:00:00-04:00,LONG,Breakout,126.036,125.96774866240058,126.309,2022-04-14 20:45:00-04:00,126.309,TP,0.027667,3.9999,3.5946,3594.56
2022-04-15 12:15:00-04:00,LONG,Bounce,126.336,126.29945596676691,126.521,2022-04-15 15:15:00-04:00,126.29945596676691,SL,0.075533,-1.0,-3.0669,-3066.91
2022-04-18 08:30:00-04:00,LONG,Bounce,126.511,126.42162838358558,126.682,2022-04-18 11:00:00-04:00,126.682,TP,0.0214,1.9134,1.6739,1673.91
2022-04-21 09:45:00-04:00,LONG,Breakout,128.421,128.23367821448485,128.623,2022-04-21 11:30:00-04:00,128.623,TP,0.0206,1.0784,0.9684,968.39
2022-04-22 11:00:00-04:00,LONG,Breakout,128.988,128.48221418906127,129.387,2022-04-22 13:30:00-04:00,128.48221418906127,SL,0.0204,-1.0,-1.0403,-1040.33
2022-04-22 14:45:00-04:00,LONG,Retest,128.576,128.4902189617861,129.099,2022-04-22 15:15:00-04:00,128.4902189617861,SL,0.021533,-1.0,-1.251,-1251.03
2022-04-27 10:30:00-04:00,LONG,Breakout,128.176,128.0605478161767,128.49,2022-04-27 11:30:00-04:00,128.49,TP,0.0206,2.7197,2.5413,2541.31
2022-04-27 20:30:00-04:00,LONG,Breakout,128.665,128.56013119718347,128.856,2022-04-27 21:00:00-04:00,128.856,TP,0.022667,1.8213,1.6052,1605.18
2022-04-29 01:15:00-04:00,LONG,Bounce,130.477,130.3316291766024,130.935,2022-04-29 02:00:00-04:00,130.3316291766024,SL,0.0226,-1.0,-1.1555,-1155.46
2022-05-03 03:00:00-04:00,LONG,Breakout,130.24,130.17995951048303,130.338,2022-05-03 03:15:00-04:00,130.17995951048303,SL,0.0218,-1.0,-1.3631,-1363.09
2022-05-04 10:00:00-04:00,LONG,Bounce,130.097,130.00564993399232,130.176,2022-05-04 10:30:00-04:00,130.00564993399232,SL,0.020467,-1.0,-1.224,-1224.05
2022-05-05 02:45:00-04:00,LONG,Breakout,129.608,129.50596374234206,130.375,2022-05-05 03:00:00-04:00,129.50596374234206,SL,0.021467,-1.0,-1.2104,-1210.38
2022-05-05 03:15:00-04:00,LONG,Breakout,129.604,129.5050391451827,130.375,2022-05-05 11:00:00-04:00,130.375,TP,0.021067,7.791,7.5781,7578.08
2022-05-05 21:15:00-04:00,LONG,Breakout,130.649,130.52289726112218,130.935,2022-05-05 23:00:00-04:00,130.52289726112218,SL,0.022333,-1.0,-1.1771,-1177.1
2022-05-06 08:30:00-04:00,LONG,Bounce,130.451,130.29190799752038,130.687,2022-05-06 08:45:00-04:00,130.687,TP,0.022067,1.4834,1.3447,1344.71
2022-05-06 10:00:00-04:00,LONG,Bounce,130.352,130.28672127244008,130.798,2022-05-06 11:15:00-04:00,130.28672127244008,SL,0.0208,-1.0,-1.3186,-1318.63
2022-05-08 19:45:00-04:00,LONG,Breakout,130.729,130.68098516165924,130.798,2022-05-08 20:00:00-04:00,130.798,TP,0.023,1.4371,0.958,958.04
2022-05-10 11:00:00-04:00,LONG,Breakout,130.344,130.24644671061716,130.54,2022-05-10 11:15:00-04:00,130.24644671061716,SL,0.021133,-1.0,-1.2166,-1216.63
2022-05-10 13:15:00-04:00,LONG,Retest,130.315,130.24808708652415,130.54,2022-05-10 20:30:00-04:00,130.24808708652415,SL,0.022533,-1.0,-1.3368,-1336.76
2022-05-11 08:30:00-04:00,LONG,Breakout,130.526,130.45138872050265,131.338,2022-05-11 09:00:00-04:00,130.45138872050265,SL,0.021467,-1.0,-1.2877,-1287.71
2022-05-12 02:00:00-04:00,LONG,Bounce,129.605,129.46998863479655,130.058,2022-05-12 02:15:00-04:00,129.46998863479655,SL,0.0218,-1.0,-1.1615,-1161.47
2022-05-12 20:15:00-04:00,LONG,Breakout,128.525,128.37364872353984,130.058,2022-05-18 11:00:00-04:00,128.37364872353984,SL,0.022533,-1.0,-1.1489,-1148.88
2022-05-19 18:00:00-04:00,SHORT,Bounce,127.686,127.74518210433202,127.013,2022-05-19 18:15:00-04:00,127.74518210433202,SL,0.035,-1.0,-1.5914,-1591.39
2022-05-22 21:30:00-04:00,SHORT,Breakout,127.539,127.6043343942368,127.013,2022-05-23 01:45:00-04:00,127.6043343942368,SL,0.0226,-1.0,-1.3459,-1345.91
2022-05-24 02:00:00-04:00,SHORT,Breakout,127.589,127.63765655205454,127.466,2022-05-24 02:15:00-04:00,127.63765655205454,SL,0.0214,-1.0,-1.4398,-1439.82
2022-05-24 02:45:00-04:00,SHORT,Breakout,127.592,127.63879600760343,127.466,2022-05-24 03:00:00-04:00,127.466,TP,0.021133,2.6925,2.2409,2240.93
2022-05-24 09:30:00-04:00,SHORT,Breakout,126.731,127.09825142222716,126.426,2022-05-24 10:00:00-04:00,126.426,TP,0.021267,0.8305,0.7726,772.59
2022-05-25 10:30:00-04:00,SHORT,Bounce,127.27,127.31272371483894,126.641,2022-05-25 10:45:00-04:00,127.31272371483894,SL,0.020333,-1.0,-1.4759,-1475.93
2022-05-25 21:00:00-04:00,SHORT,Bounce,127.413,127.50526714801502,126.786,2022-05-25 23:15:00-04:00,127.50526714801502,SL,0.022667,-1.0,-1.2457,-1245.66
2022-05-26 03:00:00-04:00,SHORT,Breakout,126.875,127.13260539793849,126.348,2022-05-26 07:30:00-04:00,127.13260539793849,SL,0.0208,-1.0,-1.0807,-1080.74
2022-05-26 20:30:00-04:00,SHORT,Breakout,126.94,127.03943382361919,126.541,2022-05-26 21:00:00-04:00,127.03943382361919,SL,0.022533,-1.0,-1.2266,-1226.62
2022-05-26 21:15:00-04:00,SHORT,Breakout,126.993,127.04175864084962,126.541,2022-05-27 03:00:00-04:00,127.04175864084962,SL,0.022467,-1.0,-1.4608,-1460.77
2022-05-29 21:30:00-04:00,SHORT,Breakout,126.917,127.02687113679401,126.801,2022-05-29 22:45:00-04:00,127.02687113679401,SL,0.022467,-1.0,-1.2045,-1204.48
2022-05-29 23:45:00-04:00,SHORT,Retest,126.963,127.02488650392777,126.801,2022-05-30 01:45:00-04:00,127.02488650392777,SL,0.023,-1.0,-1.3716,-1371.65
2022-06-01 10:00:00-04:00,LONG,Breakout,129.819,129.57773256971765,130.058,2022-06-01 11:45:00-04:00,130.058,TP,0.020133,0.9906,0.9072,907.15
2022-06-02 03:00:00-04:00,LONG,Bounce,129.929,129.85249362539972,130.135,2022-06-02 03:15:00-04:00,129.85249362539972,SL,0.021067,-1.0,-1.2754,-1275.36
2022-06-10 09:15:00-04:00,LONG,Breakout,134.097,133.9571108704071,134.469,2022-06-10 10:15:00-04:00,133.9571108704071,SL,0.015333,-1.0,-1.1096,-1109.61
2022-06-13 15:15:00-04:00,LONG,Breakout,134.603,134.2361157605174,134.692,2022-06-13 19:15:00-04:00,134.2361157605174,SL,0.014667,-1.0,-1.04,-1039.98
2022-06-17 10:00:00-04:00,LONG,Breakout,135.039,134.85740779729628,135.582,2022-06-17 13:30:00-04:00,134.85740779729628,SL,0.016733,-1.0,-1.0921,-1092.15
2022-06-19 17:15:00-04:00,LONG,Retest,135.004,134.87787081366113,135.417,2022-06-19 20:00:00-04:00,135.417,TP,0.0348,3.2744,2.9985,2998.51
2022-06-20 03:15:00-04:00,LONG,Bounce,134.743,134.62363530445197,135.433,2022-06-20 03:45:00-04:00,134.62363530445197,SL,0.0146,-1.0,-1.1223,-1122.31
2022-06-20 18:15:00-04:00,LONG,Breakout,135.16,135.12322352223572,135.433,2022-06-20 18:30:00-04:00,135.12322352223572,SL,0.026333,-1.0,-1.716,-1716.04
2022-06-20 20:00:00-04:00,LONG,Bounce,135.121,134.96565492496302,135.433,2022-06-20 20:30:00-04:00,134.96565492496302,SL,0.0168,-1.0,-1.1081,-1108.15
2022-06-20 21:00:00-04:00,LONG,Bounce,135.101,134.96031800582747,135.433,2022-06-21 04:30:00-04:00,135.433,TP,0.0168,2.3599,2.2405,2240.51
2022-06-22 22:15:00-04:00,LONG,Bounce,135.772,135.6507415136389,136.295,2022-06-22 22:30:00-04:00,135.6507415136389,SL,0.016333,-1.0,-1.1347,-1134.7
2022-06-23 20:15:00-04:00,LONG,Breakout,135.104,134.96140570395352,135.638,2022-06-23 21:00:00-04:00,134.96140570395352,SL,0.0164,-1.0,-1.115,-1115.01
2022-06-26 20:00:00-04:00,LONG,Bounce,135.045,134.8973512106113,135.389,2022-06-26 20:30:00-04:00,134.8973512106113,SL,0.018,-1.0,-1.1219,-1121.91
2022-06-27 08:30:00-04:00,LONG,Breakout,135.466,135.36455911838513,135.638,2022-06-27 09:00:00-04:00,135.36455911838513,SL,0.014933,-1.0,-1.1472,-1147.21
2022-06-27 13:30:00-04:00,LONG,Retest,135.414,135.36673630320317,135.543,2022-06-27 14:00:00-04:00,135.36673630320317,SL,0.0154,-1.0,-1.3258,-1325.83
2022-06-27 20:15:00-04:00,LONG,Breakout,135.496,135.4661034847863,135.638,2022-06-27 20:30:00-04:00,135.4661034847863,SL,0.0168,-1.0,-1.5619,-1561.94
2022-06-28 02:30:00-04:00,LONG,Breakout,135.61,135.5694503061302,135.869,2022-06-28 02:45:00-04:00,135.5694503061302,SL,0.014733,-1.0,-1.3633,-1363.34
2022-06-28 03:00:00-04:00,LONG,Breakout,135.732,135.56678623334696,135.869,2022-06-28 05:30:00-04:00,135.869,TP,0.0146,0.8292,0.7409,740.86
2022-06-28 21:45:00-04:00,LONG,Bounce,136.061,136.02022416904842,136.377,2022-06-28 22:00:00-04:00,136.02022416904842,SL,0.017,-1.0,-1.4169,-1416.91
2022-06-29 03:45:00-04:00,LONG,Bounce,136.008,135.85654017419864,136.269,2022-06-29 05:15:00-04:00,136.269,TP,0.015067,1.7232,1.6238,1623.75
2022-06-29 20:00:00-04:00,LONG,Breakout,136.716,136.65001764433106,136.994,2022-06-29 20:45:00-04:00,136.65001764433106,SL,0.0166,-1.0,-1.2516,-1251.58
2022-07-03 21:30:00-04:00,LONG,Bounce,134.927,134.7548546815902,135.389,2022-07-04 02:00:00-04:00,135.389,TP,0.016133,2.6838,2.5901,2590.06
2022-07-04 03:15:00-04:00,LONG,Breakout,135.448,135.36652514972442,135.546,2022-07-04 04:00:00-04:00,135.36652514972442,SL,0.015333,-1.0,-1.1882,-1188.2
2022-07-06 03:15:00-04:00,LONG,Breakout,135.61,135.46029966059578,135.915,2022-07-06 03:45:00-04:00,135.46029966059578,SL,0.014933,-1.0,-1.0998,-1099.75
2022-07-06 08:30:00-04:00,LONG,Bounce,135.184,134.98356842538342,135.685,2022-07-06 09:00:00-04:00,134.98356842538342,SL,0.014533,-1.0,-1.0725,-1072.51
2022-07-06 10:00:00-04:00,LONG,Breakout,135.837,135.450662312227,136.104,2022-07-06 19:15:00-04:00,136.104,TP,0.015,0.6911,0.6523,652.28
2022-07-06 21:15:00-04:00,LONG,Bounce,135.648,135.5218540574913,136.197,2022-07-07 04:00:00-04:00,136.197,TP,0.016133,4.3521,4.2242,4224.21
2022-07-07 20:30:00-04:00,LONG,Breakout,136.131,136.08828623264537,136.215,2022-07-07 20:45:00-04:00,136.08828623264537,SL,0.0166,-1.0,-1.3886,-1388.63
2022-07-07 23:00:00-04:00,LONG,Bounce,135.602,135.52548373594874,136.14,2022-07-07 23:15:00-04:00,135.52548373594874,SL,0.0164,-1.0,-1.2143,-1214.33
2022-07-08 08:30:00-04:00,LONG,Breakout,136.456,136.10893608179734,136.804,2022-07-08 10:00:00-04:00,136.10893608179734,SL,0.014933,-1.0,-1.043,-1043.03
2022-07-08 13:30:00-04:00,LONG,Retest,136.153,136.11607062506735,136.558,2022-07-08 15:15:00-04:00,136.11607062506735,SL,0.016867,-1.0,-1.4567,-1456.73
2022-07-11 20:15:00-04:00,LONG,Bounce,137.299,137.2292655213826,137.447,2022-07-11 20:30:00-04:00,137.2292655213826,SL,0.016533,-1.0,-1.2371,-1237.09
2022-07-12 02:30:00-04:00,LONG,Breakout,137.458,137.4189214867502,137.743,2022-07-12 02:45:00-04:00,137.4189214867502,SL,0.015267,-1.0,-1.3907,-1390.67
2022-07-13 08:30:00-04:00,LONG,Breakout,137.664,137.22070531975118,137.743,2022-07-13 10:00:00-04:00,137.743,TP,0.015533,0.1782,0.1432,143.17
2022-07-15 10:00:00-04:00,LONG,Bounce,138.666,138.52405336378018,139.082,2022-07-15 10:15:00-04:00,138.52405336378018,SL,0.016267,-1.0,-1.1146,-1114.6
2022-07-19 20:00:00-04:00,LONG,Breakout,138.338,138.22788580491908,138.386,2022-07-19 20:45:00-04:00,138.22788580491908,SL,0.015933,-1.0,-1.1447,-1144.7
2022-07-20 19:15:00-04:00,LONG,Breakout,138.443,138.3138827665813,138.581,2022-07-20 21:30:00-04:00,138.3138827665813,SL,0.016667,-1.0,-1.1291,-1129.08
2022-07-20 23:00:00-04:00,LONG,Bounce,138.356,138.11940546694547,138.581,2022-07-21 00:00:00-04:00,138.11940546694547,SL,0.0186,-1.0,-1.0786,-1078.62
2022-07-21 03:15:00-04:00,LONG,Breakout,138.62,138.51818720907318,138.924,2022-07-21 03:30:00-04:00,138.51818720907318,SL,0.015267,-1.0,-1.1499,-1149.95
2022-07-26 09:30:00-04:00,SHORT,Breakout,136.35,136.48181335276388,136.263,2022-07-26 09:45:00-04:00,136.48181335276388,SL,0.0164,-1.0,-1.1244,-1124.42
2022-07-28 08:30:00-04:00,SHORT,Breakout,134.874,135.3244159448057,134.774,2022-07-28 08:45:00-04:00,134.774,TP,0.0144,0.222,0.19,190.05
2022-07-28 23:00:00-04:00,SHORT,Breakout,133.758,134.22578564172795,132.336,2022-07-29 08:30:00-04:00,134.22578564172795,SL,0.0168,-1.0,-1.0359,-1035.91
2022-07-31 20:00:00-04:00,SHORT,Breakout,133.082,133.23633168420912,132.496,2022-07-31 21:00:00-04:00,132.496,TP,0.016,3.797,3.6933,3693.34
2022-08-01 05:45:00-04:00,SHORT,Breakout,132.014,132.0907348093526,131.485,2022-08-01 06:45:00-04:00,132.0907348093526,SL,0.015533,-1.0,-1.2024,-1202.43
2022-08-01 10:15:00-04:00,SHORT,Retest,131.959,132.09261135996226,131.485,2022-08-01 18:30:00-04:00,131.485,TP,0.014333,3.5476,3.4403,3440.33
2022-08-01 19:15:00-04:00,SHORT,Breakout,131.542,131.61615671476997,130.609,2022-08-01 19:30:00-04:00,131.61615671476997,SL,0.016867,-1.0,-1.2274,-1227.45
2022-08-03 20:30:00-04:00,SHORT,Breakout,133.732,133.81122304807084,132.277,2022-08-03 20:45:00-04:00,133.81122304807084,SL,0.017467,-1.0,-1.2205,-1220.47
2022-08-03 22:00:00-04:00,SHORT,Breakout,133.736,133.81660865490727,132.277,2022-08-03 22:45:00-04:00,133.81660865490727,SL,0.017,-1.0,-1.2109,-1210.9
2022-08-04 08:00:00-04:00,SHORT,Breakout,133.391,133.69450808858306,132.277,2022-08-04 09:15:00-04:00,133.69450808858306,SL,0.014533,-1.0,-1.0479,-1047.88
2022-08-04 09:30:00-04:00,SHORT,Breakout,133.588,133.69782227825797,132.277,2022-08-05 08:30:00-04:00,133.69782227825797,SL,0.015933,-1.0,-1.1451,-1145.08
2022-08-11 03:00:00-04:00,SHORT,Breakout,132.528,132.6204969423114,132.017,2022-08-11 03:15:00-04:00,132.6204969423114,SL,0.015067,-1.0,-1.1629,-1162.89
2022-08-11 03:30:00-04:00,SHORT,Breakout,132.512,132.62161624107463,132.017,2022-08-11 04:15:00-04:00,132.62161624107463,SL,0.015733,-1.0,-1.1435,-1143.53
2022-08-12 10:00:00-04:00,SHORT,Bounce,133.609,133.9198464044731,133.159,2022-08-14 20:15:00-04:00,133.159,TP,0.014733,1.4477,1.4003,1400.26
2022-08-15 08:15:00-04:00,SHORT,Breakout,132.771,132.92828819656006,131.723,2022-08-15 10:00:00-04:00,132.92828819656006,SL,0.0146,-1.0,-1.0928,-1092.82
2022-08-16 20:45:00-04:00,SHORT,Breakout,134.128,134.1771377381599,133.258,2022-08-16 21:00:00-04:00,134.1771377381599,SL,0.016867,-1.0,-1.3433,-1343.25
2022-08-16 21:45:00-04:00,SHORT,Breakout,134.011,134.1802381387855,133.258,2022-08-16 23:00:00-04:00,134.1802381387855,SL,0.017,-1.0,-1.1005,-1100.45
2022-08-18 01:45:00-04:00,LONG,Breakout,135.207,135.1458669785123,135.472,2022-08-18 03:15:00-04:00,135.1458669785123,SL,0.0162,-1.0,-1.265,-1265.0
2022-08-18 03:30:00-04:00,LONG,Breakout,135.29,135.14034567891147,135.472,2022-08-18 04:15:00-04:00,135.14034567891147,SL,0.015267,-1.0,-1.102,-1102.01
2022-08-18 04:15:00-04:00,LONG,Retest,135.234,135.1410564346095,135.472,2022-08-18 06:00:00-04:00,135.1410564346095,SL,0.0164,-1.0,-1.1765,-1176.45
2022-08-18 20:00:00-04:00,LONG,Breakout,136.151,135.87834848420815,137.45,2022-08-22 11:15:00-04:00,137.45,TP,0.017333,4.7643,4.7008,4700.75
2022-08-22 19:45:00-04:00,LONG,Breakout,137.564,137.5101766196459,137.644,2022-08-22 20:00:00-04:00,137.644,TP,0.017267,1.4863,1.1655,1165.54
2022-08-23 20:15:00-04:00,LONG,Breakout,136.917,136.85711136962638,137.637,2022-08-23 20:30:00-04:00,136.85711136962638,SL,0.016933,-1.0,-1.2827,-1282.75
2022-08-24 08:30:00-04:00,LONG,Breakout,136.91,136.8108280530621,137.037,2022-08-24 08:45:00-04:00,136.8108280530621,SL,0.016067,-1.0,-1.162,-1162.01
2022-08-24 09:00:00-04:00,LONG,Breakout,137.121,136.80744255595658,137.637,2022-08-24 10:45:00-04:00,136.80744255595658,SL,0.016867,-1.0,-1.0538,-1053.79
2022-08-24 11:30:00-04:00,LONG,Retest,136.915,136.80637611901346,137.637,2022-08-24 20:45:00-04:00,136.80637611901346,SL,0.0166,-1.0,-1.1528,-1152.82
2022-08-30 10:15:00-04:00,LONG,Breakout,138.772,138.62475651497962,138.872,2022-08-30 10:30:00-04:00,138.872,TP,0.014933,0.6791,0.5777,577.73
2022-08-30 12:00:00-04:00,LONG,Retest,138.738,138.622999237658,139.082,2022-08-30 14:15:00-04:00,138.622999237658,SL,0.015867,-1.0,-1.138,-1137.97
2022-08-31 10:45:00-04:00,LONG,Bounce,138.615,138.4125344814675,138.887,2022-08-31 15:45:00-04:00,138.887,TP,0.014667,1.3434,1.271,1271.0
2022-09-04 22:15:00-04:00,LONG,Breakout,140.311,140.24195072773404,140.794,2022-09-06 00:45:00-04:00,140.794,TP,0.016733,6.995,6.7527,6752.67
2022-09-08 04:15:00-04:00,LONG,Bounce,143.989,143.88030262377066,144.551,2022-09-08 04:30:00-04:00,143.88030262377066,SL,0.015667,-1.0,-1.1441,-1144.13
2022-09-08 09:00:00-04:00,LONG,Breakout,144.337,144.09581964185938,144.551,2022-09-08 09:30:00-04:00,144.09581964185938,SL,0.016133,-1.0,-1.0669,-1066.89
2022-09-11 20:00:00-04:00,LONG,Breakout,142.814,142.7309817578612,144.112,2022-09-11 20:45:00-04:00,142.7309817578612,SL,0.016533,-1.0,-1.1992,-1199.15
2022-09-11 20:45:00-04:00,LONG,Breakout,142.795,142.72984588994936,144.112,2022-09-11 21:00:00-04:00,142.72984588994936,SL,0.016533,-1.0,-1.2538,-1253.76
2022-09-11 22:45:00-04:00,LONG,Retest,142.824,142.72974388633037,142.949,2022-09-11 23:00:00-04:00,142.72974388633037,SL,0.016267,-1.0,-1.1726,-1172.58
2022-09-12 00:15:00-04:00,LONG,Breakout,143.178,142.91677804183877,144.112,2022-09-12 03:00:00-04:00,142.91677804183877,SL,0.016533,-1.0,-1.0633,-1063.29
2022-09-13 08:30:00-04:00,LONG,Breakout,143.913,142.5323306600339,144.112,2022-09-13 08:45:00-04:00,144.112,TP,0.017733,0.1441,0.1313,131.29
2022-09-14 22:15:00-04:00,LONG,Breakout,143.29,143.18575030569068,143.502,2022-09-15 00:45:00-04:00,143.502,TP,0.021067,2.0336,1.8315,1831.5
2022-09-15 10:00:00-04:00,LONG,Bounce,143.311,143.17060484452657,143.792,2022-09-15 20:15:00-04:00,143.17060484452657,SL,0.017,-1.0,-1.1211,-1121.09
2022-09-16 01:45:00-04:00,LONG,Breakout,143.532,143.46252267588366,143.71,2022-09-16 02:15:00-04:00,143.46252267588366,SL,0.0184,-1.0,-1.2648,-1264.83
2022-09-16 10:30:00-04:00,LONG,Bounce,142.963,142.7888965712787,143.679,2022-09-18 18:45:00-04:00,142.7888965712787,SL,0.017,-1.0,-1.0976,-1097.64
2022-09-18 22:00:00-04:00,LONG,Breakout,143.169,143.08302629747072,143.35,2022-09-18 22:30:00-04:00,143.08302629747072,SL,0.022067,-1.0,-1.2567,-1256.67
2022-09-18 23:15:00-04:00,LONG,Retest,143.139,143.08554171748898,143.35,2022-09-19 02:00:00-04:00,143.35,TP,0.021733,3.947,3.5405,3540.46
2022-09-20 02:00:00-04:00,LONG,Breakout,143.357,143.3078348946796,143.636,2022-09-20 02:15:00-04:00,143.3078348946796,SL,0.017,-1.0,-1.3458,-1345.77
2022-09-20 02:30:00-04:00,LONG,Breakout,143.35,143.30776886326964,143.636,2022-09-20 04:15:00-04:00,143.636,TP,0.017,6.7723,6.3697,6369.71
2022-09-20 09:15:00-04:00,LONG,Breakout,143.841,143.7808412287323,144.95,2022-09-20 09:45:00-04:00,143.7808412287323,SL,0.017,-1.0,-1.2826,-1282.59
2022-09-20 20:30:00-04:00,LONG,Bounce,143.63,143.4967858704663,143.748,2022-09-20 21:00:00-04:00,143.748,TP,0.0208,0.8858,0.7297,729.65
2022-09-26 11:30:00-04:00,LONG,Breakout,144.462,144.3347999516573,145.89,2022-09-26 20:00:00-04:00,144.3347999516573,SL,0.017,-1.0,-1.1336,-1133.65
2022-09-27 02:00:00-04:00,LONG,Bounce,144.438,144.28829860970103,144.621,2022-09-27 02:15:00-04:00,144.28829860970103,SL,0.017,-1.0,-1.1136,-1113.56
2022-09-29 01:30:00-04:00,LONG,Breakout,144.616,144.4320793536972,144.816,2022-09-29 11:00:00-04:00,144.4320793536972,SL,0.018333,-1.0,-1.0997,-1099.68
2022-09-29 20:45:00-04:00,LONG,Breakout,144.657,144.61228703962482,144.768,2022-09-29 21:00:00-04:00,144.61228703962482,SL,0.024933,-1.0,-1.5576,-1557.63
2022-09-30 04:00:00-04:00,LONG,Bounce,144.305,144.26946593120672,144.758,2022-09-30 04:15:00-04:00,144.26946593120672,SL,0.017,-1.0,-1.4784,-1478.41
2022-09-30 04:15:00-04:00,LONG,Bounce,144.337,144.26940407897766,144.758,2022-09-30 04:45:00-04:00,144.26940407897766,SL,0.017,-1.0,-1.2515,-1251.49
2022-10-03 00:00:00-04:00,LONG,Breakout,145.109,144.85271506374355,145.89,2022-10-03 00:15:00-04:00,144.85271506374355,SL,0.023733,-1.0,-1.0926,-1092.61
2022-10-03 00:45:00-04:00,LONG,Retest,144.93,144.84830131014743,145.89,2022-10-03 01:30:00-04:00,144.84830131014743,SL,0.027133,-1.0,-1.3321,-1332.11
2022-10-03 02:15:00-04:00,LONG,Breakout,144.908,144.85025944075858,145.89,2022-10-03 07:45:00-04:00,144.85025944075858,SL,0.017467,-1.0,-1.3025,-1302.5
2022-10-05 03:15:00-04:00,LONG,Breakout,144.394,144.30010742338908,144.928,2022-10-05 04:45:00-04:00,144.30010742338908,SL,0.0118,-1.0,-1.1257,-1125.68
2022-10-05 05:30:00-04:00,LONG,Retest,144.392,144.30149684266317,144.928,2022-10-06 11:45:00-04:00,144.928,TP,0.011,5.9224,5.8009,5800.9
2022-10-07 03:45:00-04:00,LONG,Bounce,144.902,144.82822660096673,145.136,2022-10-07 04:00:00-04:00,144.82822660096673,SL,0.0124,-1.0,-1.1681,-1168.08
2022-10-07 08:30:00-04:00,LONG,Bounce,145.15,144.68807859243404,145.207,2022-10-07 08:45:00-04:00,145.207,TP,0.012667,0.1234,0.096,95.98
2022-10-07 09:30:00-04:00,LONG,Breakout,145.163,145.05060883690413,145.89,2022-10-11 15:00:00-04:00,145.89,TP,0.012067,6.4685,6.3611,6361.12
2022-10-13 07:30:00-04:00,LONG,Bounce,146.711,146.64989876493422,146.899,2022-10-13 07:45:00-04:00,146.64989876493422,SL,0.010733,-1.0,-1.1757,-1175.66
2022-10-14 01:45:00-04:00,LONG,Breakout,147.46,147.4291314606615,147.662,2022-10-14 02:00:00-04:00,147.4291314606615,SL,0.0116,-1.0,-1.3758,-1375.79
2022-10-14 03:00:00-04:00,LONG,Breakout,147.497,147.4273990815274,147.662,2022-10-14 04:45:00-04:00,147.662,TP,0.011,2.3707,2.2126,2212.61
2022-10-18 03:00:00-04:00,LONG,Breakout,148.968,148.92788815477763,149.063,2022-10-18 04:00:00-04:00,148.92788815477763,SL,0.015933,-1.0,-1.3972,-1397.22
2022-10-19 00:30:00-04:00,LONG,Breakout,149.265,149.24424370224835,149.385,2022-10-19 02:15:00-04:00,149.24424370224835,SL,0.016,-1.0,-1.7709,-1770.85
2022-10-24 07:45:00-04:00,LONG,Bounce,149.004,148.72401582581142,149.7,2022-10-24 09:45:00-04:00,148.72401582581142,SL,0.0158,-1.0,-1.0564,-1056.43
2022-10-31 05:45:00-04:00,LONG,Breakout,148.405,148.24528831407832,148.986,2022-10-31 21:30:00-04:00,148.24528831407832,SL,0.021,-1.0,-1.1315,-1131.49
2022-11-04 03:00:00-04:00,LONG,Bounce,147.998,147.93117979075808,148.399,2022-11-04 03:15:00-04:00,147.93117979075808,SL,0.02,-1.0,-1.2993,-1299.31
2022-11-08 02:45:00-05:00,SHORT,Bounce,146.727,146.79445408075944,146.304,2022-11-08 03:15:00-05:00,146.79445408075944,SL,0.02,-1.0,-1.2965,-1296.5
2022-11-08 04:30:00-05:00,SHORT,Breakout,146.225,146.33415647400597,146.074,2022-11-08 04:45:00-05:00,146.33415647400597,SL,0.02,-1.0,-1.1832,-1183.22
2022-11-08 20:00:00-05:00,SHORT,Bounce,145.673,145.74547735047864,145.095,2022-11-09 00:45:00-05:00,145.74547735047864,SL,0.0256,-1.0,-1.3532,-1353.21
2022-11-09 02:30:00-05:00,SHORT,Bounce,145.759,145.87542470556613,145.157,2022-11-09 08:00:00-05:00,145.87542470556613,SL,0.019867,-1.0,-1.1706,-1170.64
2022-11-15 02:15:00-05:00,SHORT,Breakout,139.692,139.7750066108008,139.095,2022-11-15 05:00:00-05:00,139.095,TP,0.019867,7.1922,6.9529,6952.86
2022-11-17 21:00:00-05:00,SHORT,Breakout,139.966,140.07955653444296,138.866,2022-11-18 03:15:00-05:00,140.07955653444296,SL,0.0198,-1.0,-1.1744,-1174.36
2022-11-21 19:00:00-05:00,SHORT,Bounce,142.007,142.26461662040987,141.308,2022-11-22 04:30:00-05:00,141.308,TP,0.020933,2.7133,2.6321,2632.08
2022-11-22 19:00:00-05:00,SHORT,Breakout,140.983,141.15450924706906,140.147,2022-11-22 20:00:00-05:00,141.15450924706906,SL,0.021,-1.0,-1.1224,-1122.44
2022-11-23 09:00:00-05:00,SHORT,Breakout,140.814,141.09047536363352,140.147,2022-11-23 09:45:00-05:00,140.147,TP,0.021,2.4125,2.3366,2336.56
2022-11-23 20:00:00-05:00,SHORT,Breakout,138.99,139.19032689188106,138.715,2022-11-23 21:00:00-05:00,138.715,TP,0.020933,1.3728,1.2683,1268.26
2022-11-24 05:00:00-05:00,SHORT,Breakout,138.088,138.57993267621023,137.651,2022-11-24 16:30:00-05:00,138.57993267621023,SL,0.020733,-1.0,-1.0421,-1042.15
2022-11-27 19:30:00-05:00,SHORT,Breakout,138.934,139.01046556779445,138.356,2022-11-27 19:45:00-05:00,139.01046556779445,SL,0.020933,-1.0,-1.2738,-1273.76
2022-11-27 20:00:00-05:00,SHORT,Breakout,138.949,139.0133667395779,138.356,2022-11-27 21:30:00-05:00,138.356,TP,0.020933,9.2128,8.8876,8887.61
2022-11-28 01:00:00-05:00,SHORT,Breakout,138.275,138.35367553060706,138.034,2022-11-28 01:15:00-05:00,138.35367553060706,SL,0.020933,-1.0,-1.2661,-1266.07
2022-11-28 03:00:00-05:00,SHORT,Breakout,138.132,138.36221163364078,137.651,2022-11-28 03:30:00-05:00,137.651,TP,0.020867,2.0894,1.9987,1998.74
2022-11-28 07:00:00-05:00,SHORT,Retest,138.182,138.3650073685977,137.489,2022-11-28 07:45:00-05:00,138.3650073685977,SL,0.021,-1.0,-1.1147,-1114.75
2022-11-28 22:15:00-05:00,SHORT,Breakout,138.494,138.5664333674479,137.489,2022-11-28 22:30:00-05:00,138.5664333674479,SL,0.021,-1.0,-1.2899,-1289.92
2022-11-29 01:30:00-05:00,SHORT,Breakout,138.343,138.436808490136,137.489,2022-11-29 01:45:00-05:00,138.436808490136,SL,0.020933,-1.0,-1.2231,-1223.15
2022-11-29 19:45:00-05:00,SHORT,Bounce,138.618,138.81388136528716,138.204,2022-11-29 22:15:00-05:00,138.81388136528716,SL,0.0278,-1.0,-1.1419,-1141.92
2022-11-30 03:30:00-05:00,SHORT,Bounce,138.739,138.86588925152682,138.204,2022-11-30 05:15:00-05:00,138.86588925152682,SL,0.020933,-1.0,-1.165,-1164.97
2022-12-01 00:15:00-05:00,SHORT,Breakout,136.368,136.5274169610004,136.17,2022-12-01 02:00:00-05:00,136.17,TP,0.025467,1.242,1.0823,1082.28
2022-12-01 03:00:00-05:00,SHORT,Breakout,136.4,136.5298436397244,135.801,2022-12-01 03:15:00-05:00,136.5298436397244,SL,0.020933,-1.0,-1.1612,-1161.22
2022-12-01 03:30:00-05:00,SHORT,Breakout,136.298,136.53086721996644,135.801,2022-12-01 04:15:00-05:00,136.53086721996644,SL,0.021,-1.0,-1.0902,-1090.18
2022-12-04 20:30:00-05:00,SHORT,Breakout,134.154,134.27464129188914,133.608,2022-12-04 20:45:00-05:00,134.27464129188914,SL,0.020333,-1.0,-1.1685,-1168.54
2022-12-07 08:45:00-05:00,SHORT,Breakout,136.609,136.82337769196567,135.953,2022-12-07 10:00:00-05:00,136.82337769196567,SL,0.0208,-1.0,-1.097,-1097.03
2022-12-08 08:15:00-05:00,SHORT,Breakout,136.475,136.5935470514871,136.23,2022-12-08 08:30:00-05:00,136.5935470514871,SL,0.021267,-1.0,-1.1794,-1179.39
2022-12-08 09:45:00-05:00,SHORT,Breakout,136.52,136.5993211515346,136.23,2022-12-08 11:15:00-05:00,136.5993211515346,SL,0.021,-1.0,-1.2647,-1264.75
2022-12-08 19:45:00-05:00,SHORT,Bounce,136.635,136.75929580763642,136.3,2022-12-08 20:00:00-05:00,136.3,TP,0.022133,2.6952,2.5171,2517.11
2022-12-08 20:00:00-05:00,SHORT,Breakout,136.11,136.32867467851955,135.953,2022-12-08 21:00:00-05:00,136.32867467851955,SL,0.024467,-1.0,-1.1119,-1111.89
2022-12-13 02:30:00-05:00,SHORT,Breakout,137.358,137.46663429223946,136.604,2022-12-13 02:45:00-05:00,137.46663429223946,SL,0.021,-1.0,-1.1933,-1193.31
2022-12-13 08:15:00-05:00,SHORT,Breakout,137.264,137.33254787076115,136.604,2022-12-13 08:30:00-05:00,136.604,TP,0.022133,9.6283,9.3054,9305.42
2022-12-14 04:15:00-05:00,SHORT,Breakout,135.178,135.30250970773687,134.638,2022-12-14 05:00:00-05:00,134.638,TP,0.020933,4.337,4.1689,4168.89
2022-12-16 03:45:00-05:00,SHORT,Breakout,136.868,136.9697848617016,136.165,2022-12-16 04:00:00-05:00,136.9697848617016,SL,0.021,-1.0,-1.2063,-1206.32
2022-12-16 09:45:00-05:00,SHORT,Breakout,136.754,136.84978147185356,136.165,2022-12-16 10:00:00-05:00,136.84978147185356,SL,0.021867,-1.0,-1.2283,-1228.3
2022-12-16 10:15:00-05:00,SHORT,Breakout,136.679,136.85381463644515,136.165,2022-12-18 17:15:00-05:00,136.165,TP,0.021,2.9403,2.8201,2820.13
2022-12-20 10:00:00-05:00,SHORT,Breakout,131.882,132.0410614711391,131.723,2022-12-20 10:45:00-05:00,131.723,TP,0.021,0.9996,0.8676,867.59
2022-12-21 09:30:00-05:00,SHORT,Bounce,132.284,132.4023162333067,131.531,2022-12-21 11:45:00-05:00,132.4023162333067,SL,0.021,-1.0,-1.1775,-1177.49
2022-12-21 19:45:00-05:00,SHORT,Breakout,132.045,132.1004492123253,131.723,2022-12-21 20:00:00-05:00,132.1004492123253,SL,0.0206,-1.0,-1.3715,-1371.51
2022-12-22 03:00:00-05:00,SHORT,Retest,131.974,132.09962964537524,131.629,2022-12-22 06:00:00-05:00,132.09962964537524,SL,0.021,-1.0,-1.1672,-1167.16
2022-12-23 03:15:00-05:00,SHORT,Bounce,132.652,132.77128686200945,132.137,2022-12-23 07:30:00-05:00,132.77128686200945,SL,0.020933,-1.0,-1.1755,-1175.49
2022-12-23 08:30:00-05:00,SHORT,Bounce,132.676,132.76803080782196,132.428,2022-12-23 08:45:00-05:00,132.76803080782196,SL,0.0218,-1.0,-1.2369,-1236.88
2022-12-26 19:00:00-05:00,SHORT,Breakout,132.652,132.73495243774022,132.507,2022-12-26 19:30:00-05:00,132.73495243774022,SL,0.017267,-1.0,-1.2082,-1208.15
2022-12-30 02:45:00-05:00,SHORT,Breakout,132.119,132.39431196831472,131.891,2022-12-30 03:00:00-05:00,131.891,TP,0.020867,0.8282,0.7524,752.36
2023-01-02 19:00:00-05:00,SHORT,Bounce,130.755,130.8586844365844,130.416,2023-01-02 20:00:00-05:00,130.416,TP,0.035533,3.2695,2.9268,2926.83
2023-01-04 02:00:00-05:00,SHORT,Breakout,130.499,130.59840852825707,130.041,2023-01-04 03:00:00-05:00,130.041,TP,0.020733,4.6073,4.3987,4398.68
2023-01-06 00:45:00-05:00,LONG,Breakout,134.144,134.01112022187777,134.489,2023-01-06 01:00:00-05:00,134.01112022187777,SL,0.029133,-1.0,-1.2192,-1219.25
2023-01-06 01:15:00-05:00,LONG,Breakout,134.109,134.00994447702726,134.489,2023-01-06 01:45:00-05:00,134.00994447702726,SL,0.023933,-1.0,-1.2416,-1241.62
2023-01-06 02:15:00-05:00,LONG,Breakout,134.167,134.0057386195433,134.489,2023-01-06 04:15:00-05:00,134.489,TP,0.021,1.9968,1.8665,1866.53
2023-01-08 18:30:00-05:00,SHORT,Breakout,131.926,132.01324626827574,131.668,2023-01-08 19:30:00-05:00,132.01324626827574,SL,0.0264,-1.0,-1.3026,-1302.59
2023-01-08 20:15:00-05:00,SHORT,Retest,131.829,132.01602144606525,131.668,2023-01-08 20:30:00-05:00,131.668,TP,0.0226,0.8609,0.74,740.02
2023-01-09 20:30:00-05:00,SHORT,Breakout,131.446,131.55982148863643,131.293,2023-01-09 20:45:00-05:00,131.55982148863643,SL,0.025467,-1.0,-1.2237,-1223.74
2023-01-11 18:00:00-05:00,SHORT,Breakout,132.046,132.2893548523779,131.713,2023-01-11 19:00:00-05:00,131.713,TP,0.022067,1.3684,1.2777,1277.7
2023-01-12 04:15:00-05:00,SHORT,Breakout,131.256,131.37926259054626,129.912,2023-01-12 08:30:00-05:00,129.912,TP,0.021867,10.9036,10.7262,10726.15
2023-01-13 01:45:00-05:00,SHORT,Breakout,128.543,128.65030121069682,127.623,2023-01-13 02:00:00-05:00,128.65030121069682,SL,0.022,-1.0,-1.205,-1205.03
2023-01-13 02:30:00-05:00,SHORT,Breakout,128.538,128.6523313993808,127.623,2023-01-13 04:15:00-05:00,128.6523313993808,SL,0.022,-1.0,-1.1924,-1192.42
2023-01-13 09:30:00-05:00,SHORT,Breakout,127.952,128.13451563923638,127.623,2023-01-13 10:00:00-05:00,127.623,TP,0.022,1.8026,1.682,1682.05
2023-01-15 20:15:00-05:00,SHORT,Breakout,127.616,127.7488293556312,127.448,2023-01-15 20:45:00-05:00,127.7488293556312,SL,0.028133,-1.0,-1.2118,-1211.8
2023-01-15 20:45:00-05:00,SHORT,Breakout,127.665,127.74831612806976,127.448,2023-01-15 21:15:00-05:00,127.448,TP,0.023867,2.6045,2.3181,2318.08
2023-01-16 20:15:00-05:00,SHORT,Bounce,128.703,128.78086836138712,128.107,2023-01-16 20:30:00-05:00,128.78086836138712,SL,0.027867,-1.0,-1.3579,-1357.87
2023-01-19 08:30:00-05:00,SHORT,Bounce,128.51,128.72156663721972,127.751,2023-01-19 20:30:00-05:00,128.72156663721972,SL,0.022,-1.0,-1.104,-1103.99
2023-01-23 19:00:00-05:00,SHORT,Bounce,130.57,130.723531829315,129.603,2023-01-24 09:45:00-05:00,130.723531829315,SL,0.018867,-1.0,-1.1229,-1122.88
2023-01-24 10:30:00-05:00,SHORT,Bounce,130.207,130.4225696941315,129.715,2023-01-24 19:15:00-05:00,130.4225696941315,SL,0.027533,-1.0,-1.1277,-1127.72
2023-01-29 23:00:00-05:00,SHORT,Breakout,129.228,129.75183962266536,129.012,2023-01-30 03:00:00-05:00,129.75183962266536,SL,0.022533,-1.0,-1.043,-1043.02
2023-01-30 08:30:00-05:00,SHORT,Bounce,130.018,130.19102637936987,129.187,2023-01-30 09:15:00-05:00,130.19102637936987,SL,0.021467,-1.0,-1.1241,-1124.07
2023-02-02 03:00:00-05:00,SHORT,Bounce,128.58,128.7784908249874,128.39,2023-02-02 03:30:00-05:00,128.7784908249874,SL,0.022,-1.0,-1.1108,-1110.84
2023-02-02 09:00:00-05:00,SHORT,Breakout,128.265,128.42453346662626,127.751,2023-02-02 09:45:00-05:00,128.42453346662626,SL,0.021933,-1.0,-1.1375,-1137.48
2023-02-06 03:45:00-05:00,LONG,Bounce,131.803,131.53608576175552,132.374,2023-02-06 08:30:00-05:00,132.374,TP,0.021533,2.1393,2.0586,2058.59
2023-02-08 10:00:00-05:00,LONG,Breakout,131.451,131.33241975988236,132.237,2023-02-08 10:15:00-05:00,131.33241975988236,SL,0.021,-1.0,-1.1771,-1177.1
2023-02-08 10:30:00-05:00,LONG,Retest,131.446,131.332987446021,132.237,2023-02-08 11:00:00-05:00,131.332987446021,SL,0.021,-1.0,-1.1858,-1185.82
2023-02-08 19:45:00-05:00,LONG,Breakout,131.502,131.4342239179239,132.237,2023-02-08 21:30:00-05:00,131.4342239179239,SL,0.020733,-1.0,-1.3059,-1305.91
2023-02-09 00:45:00-05:00,LONG,Bounce,131.362,131.1952665028494,131.819,2023-02-09 01:00:00-05:00,131.1952665028494,SL,0.0226,-1.0,-1.1355,-1135.55
2023-02-09 02:30:00-05:00,LONG,Bounce,131.263,131.1950136182474,131.819,2023-02-09 02:45:00-05:00,131.1950136182474,SL,0.021,-1.0,-1.3089,-1308.89
2023-02-12 18:15:00-05:00,LONG,Breakout,131.634,131.5693673433439,131.797,2023-02-12 18:30:00-05:00,131.5693673433439,SL,0.019933,-1.0,-1.3084,-1308.41
2023-02-12 19:00:00-05:00,LONG,Breakout,131.608,131.5686798299295,131.797,2023-02-12 19:15:00-05:00,131.5686798299295,SL,0.021,-1.0,-1.5341,-1534.08
2023-02-14 09:00:00-05:00,LONG,Breakout,132.497,132.28521284383174,134.761,2023-02-16 23:30:00-05:00,134.761,TP,0.021,10.69,10.5908,10590.82
2023-02-20 19:00:00-05:00,LONG,Breakout,134.392,134.34965666293866,134.529,2023-02-20 19:15:00-05:00,134.34965666293866,SL,0.019467,-1.0,-1.4597,-1459.73
2023-02-20 20:00:00-05:00,LONG,Breakout,134.403,134.34422208325154,134.529,2023-02-20 20:30:00-05:00,134.34422208325154,SL,0.0202,-1.0,-1.3437,-1343.67
2023-02-21 02:00:00-05:00,LONG,Breakout,134.545,134.46977339260403,135.11,2023-02-21 04:45:00-05:00,134.46977339260403,SL,0.021,-1.0,-1.2792,-1279.16
2023-02-21 06:45:00-05:00,LONG,Retest,134.589,134.46531796214248,134.84,2023-02-21 08:15:00-05:00,134.84,TP,0.020533,2.0294,1.8634,1863.38
2023-02-21 19:45:00-05:00,LONG,Bounce,134.791,134.64560817642962,135.219,2023-02-21 20:15:00-05:00,134.64560817642962,SL,0.020267,-1.0,-1.1394,-1139.39
2023-02-22 20:00:00-05:00,LONG,Bounce,134.846,134.79782458537903,134.977,2023-02-22 20:30:00-05:00,134.79782458537903,SL,0.0208,-1.0,-1.4318,-1431.76
2023-02-23 19:15:00-05:00,LONG,Bounce,134.548,134.45620646697424,135.354,2023-02-23 19:45:00-05:00,134.45620646697424,SL,0.0226,-1.0,-1.2462,-1246.2
2023-02-23 20:15:00-05:00,LONG,Bounce,134.613,134.44193605016793,135.354,2023-02-24 06:30:00-05:00,135.354,TP,0.027067,4.3317,4.1735,4173.49
2023-02-27 08:45:00-05:00,LONG,Bounce,136.055,135.96481121237315,136.429,2023-02-27 09:45:00-05:00,135.96481121237315,SL,0.022267,-1.0,-1.2469,-1246.89
2023-02-27 18:45:00-05:00,LONG,Breakout,136.311,136.27801899518977,136.429,2023-02-27 19:00:00-05:00,136.27801899518977,SL,0.0272,-1.0,-1.8247,-1824.72
2023-03-02 08:30:00-05:00,LONG,Breakout,136.89,136.83241183079818,137.459,2023-03-02 09:15:00-05:00,136.83241183079818,SL,0.021,-1.0,-1.3647,-1364.66
2023-03-02 13:15:00-05:00,LONG,Retest,136.923,136.8382591940603,137.085,2023-03-02 13:30:00-05:00,136.8382591940603,SL,0.0194,-1.0,-1.2289,-1228.93
2023-03-02 20:15:00-05:00,LONG,Bounce,136.596,136.5164863558944,136.984,2023-03-02 21:15:00-05:00,136.5164863558944,SL,0.021,-1.0,-1.2641,-1264.11
2023-03-06 20:00:00-05:00,LONG,Breakout,136.098,136.06398514167998,136.179,2023-03-06 20:15:00-05:00,136.06398514167998,SL,0.022533,-1.0,-1.6625,-1662.46
2023-03-07 09:00:00-05:00,LONG,Breakout,136.226,136.14707200930383,136.409,2023-03-07 09:45:00-05:00,136.14707200930383,SL,0.021333,-1.0,-1.2703,-1270.29
2023-03-07 10:00:00-05:00,LONG,Breakout,136.783,136.13850397380588,136.984,2023-03-07 13:45:00-05:00,136.984,TP,0.023267,0.3119,0.2758,275.77
2023-03-09 21:45:00-05:00,LONG,Breakout,136.708,136.3688800722055,137.427,2023-03-10 02:30:00-05:00,136.3688800722055,SL,0.031733,-1.0,-1.0936,-1093.58
2023-03-13 05:15:00-04:00,SHORT,Breakout,133.454,133.7267253445545,133.197,2023-03-13 05:30:00-04:00,133.197,TP,0.021,0.9423,0.8653,865.34
2023-03-13 06:30:00-04:00,SHORT,Retest,133.424,133.73315953909767,132.535,2023-03-13 07:00:00-04:00,133.73315953909767,SL,0.021,-1.0,-1.0679,-1067.93
2023-03-14 08:30:00-04:00,SHORT,Bounce,134.084,134.36988022996601,133.176,2023-03-14 09:00:00-04:00,134.36988022996601,SL,0.021,-1.0,-1.0735,-1073.46
2023-03-15 06:00:00-04:00,SHORT,Breakout,133.746,134.06335049613054,133.176,2023-03-15 08:00:00-04:00,133.176,TP,0.021,1.7961,1.7299,1729.95
2023-03-20 02:15:00-04:00,SHORT,Breakout,131.477,131.57721806450013,131.372,2023-03-20 02:30:00-04:00,131.372,TP,0.021,1.0477,0.8382,838.17
2023-03-20 09:30:00-04:00,SHORT,Retest,131.378,131.5896375859445,130.526,2023-03-20 09:45:00-04:00,131.5896375859445,SL,0.021,-1.0,-1.0992,-1099.23
2023-03-20 20:45:00-04:00,SHORT,Breakout,131.154,131.2779295146854,130.526,2023-03-20 22:00:00-04:00,131.2779295146854,SL,0.024533,-1.0,-1.198,-1197.96
2023-03-21 20:30:00-04:00,SHORT,Bounce,132.566,132.63974048560416,131.778,2023-03-21 21:30:00-04:00,132.63974048560416,SL,0.0204,-1.0,-1.2766,-1276.65
2023-03-22 14:00:00-04:00,SHORT,Breakout,132.078,132.447590519508,131.019,2023-03-22 14:45:00-04:00,131.019,TP,0.033267,2.8653,2.7753,2775.32
2023-03-22 20:45:00-04:00,SHORT,Breakout,130.888,131.03141374922984,130.526,2023-03-22 23:15:00-04:00,130.526,TP,0.021333,2.5242,2.3754,2375.41
2023-03-23 15:00:00-04:00,SHORT,Breakout,130.415,130.57996905683902,129.793,2023-03-23 15:45:00-04:00,130.57996905683902,SL,0.023933,-1.0,-1.1451,-1145.08
2023-03-23 21:00:00-04:00,SHORT,Breakout,130.265,130.3367245876761,129.793,2023-03-23 21:15:00-04:00,130.3367245876761,SL,0.0214,-1.0,-1.2984,-1298.36
2023-03-24 00:45:00-04:00,SHORT,Breakout,130.093,130.18180005284006,129.793,2023-03-24 01:00:00-04:00,130.18180005284006,SL,0.021,-1.0,-1.2365,-1236.49
2023-03-24 01:00:00-04:00,SHORT,Retest,130.096,130.1816571919229,129.793,2023-03-24 01:15:00-04:00,130.1816571919229,SL,0.021,-1.0,-1.2452,-1245.16
2023-03-24 04:00:00-04:00,SHORT,Breakout,130.013,130.07411553696227,129.793,2023-03-24 04:15:00-04:00,130.07411553696227,SL,0.021,-1.0,-1.3436,-1343.61
2023-03-24 04:30:00-04:00,SHORT,Breakout,129.974,130.07907717217665,129.793,2023-03-24 04:45:00-04:00,130.07907717217665,SL,0.021,-1.0,-1.1999,-1199.85
2023-03-24 06:45:00-04:00,SHORT,Retest,129.878,130.08318342253386,128.318,2023-03-24 07:00:00-04:00,130.08318342253386,SL,0.021,-1.0,-1.1023,-1102.35
2023-03-26 19:45:00-04:00,SHORT,Bounce,130.836,130.90820393194545,130.506,2023-03-26 21:30:00-04:00,130.90820393194545,SL,0.0256,-1.0,-1.3546,-1354.55
2023-03-27 04:00:00-04:00,SHORT,Bounce,130.944,131.0760416923576,130.487,2023-03-27 04:30:00-04:00,131.0760416923576,SL,0.021,-1.0,-1.159,-1159.04
2023-04-03 20:00:00-04:00,LONG,Bounce,132.441,132.2466658522521,132.56,2023-04-03 20:45:00-04:00,132.56,TP,0.021,0.6123,0.5043,504.29
2023-04-03 21:00:00-04:00,LONG,Breakout,132.657,132.5360883800024,133.747,2023-04-04 03:45:00-04:00,132.5360883800024,SL,0.021,-1.0,-1.1737,-1173.68
2023-04-05 08:15:00-04:00,SHORT,Breakout,131.113,131.25300601657523,130.558,2023-04-05 15:45:00-04:00,131.25300601657523,SL,0.021,-1.0,-1.15,-1149.99
2023-04-06 19:00:00-04:00,SHORT,Bounce,131.821,131.90853161826024,131.562,2023-04-06 21:15:00-04:00,131.562,TP,0.025067,2.9589,2.6726,2672.56
2023-04-12 03:00:00-04:00,LONG,Bounce,133.632,133.52095340904162,134.037,2023-04-12 08:30:00-04:00,133.52095340904162,SL,0.021,-1.0,-1.1891,-1189.11
2023-04-16 21:00:00-04:00,LONG,Breakout,134.058,133.80723289084185,135.102,2023-04-16 22:00:00-04:00,133.80723289084185,SL,0.021,-1.0,-1.0837,-1083.74
2023-04-17 01:00:00-04:00,LONG,Breakout,134.18,134.07843716684394,135.102,2023-04-17 01:30:00-04:00,134.07843716684394,SL,0.021,-1.0,-1.2068,-1206.77
2023-04-17 21:15:00-04:00,LONG,Breakout,134.634,134.47944538997737,135.102,2023-04-17 22:00:00-04:00,134.47944538997737,SL,0.021,-1.0,-1.1359,-1135.87
2023-04-18 21:30:00-04:00,LONG,Breakout,134.193,134.113377475395,134.316,2023-04-18 21:45:00-04:00,134.316,TP,0.021,1.5448,1.281,1281.04
2023-04-19 21:00:00-04:00,LONG,Breakout,134.938,134.82409774707367,135.129,2023-04-19 21:30:00-04:00,134.82409774707367,SL,0.021,-1.0,-1.1844,-1184.37
2023-04-21 09:45:00-04:00,LONG,Breakout,134.288,134.06834099592962,134.823,2023-04-21 13:00:00-04:00,134.06834099592962,SL,0.021,-1.0,-1.0956,-1095.6
2023-04-24 17:15:00-04:00,LONG,Bounce,134.148,134.0981793344256,134.721,2023-04-24 18:00:00-04:00,134.0981793344256,SL,0.032,-1.0,-1.6423,-1642.3
2023-04-25 02:45:00-04:00,LONG,Breakout,134.441,134.3872395395258,134.721,2023-04-25 03:00:00-04:00,134.3872395395258,SL,0.0212,-1.0,-1.3943,-1394.34
2023-04-25 10:00:00-04:00,LONG,Bounce,133.916,133.7828979897775,134.466,2023-04-25 10:30:00-04:00,133.7828979897775,SL,0.021,-1.0,-1.1578,-1157.77
2023-04-30 20:15:00-04:00,LONG,Breakout,136.709,136.52664442379984,136.984,2023-05-01 10:00:00-04:00,136.984,TP,0.022667,1.508,1.3837,1383.74
2023-05-01 10:00:00-04:00,LONG,Breakout,137.207,136.95080517681612,137.427,2023-05-01 12:15:00-04:00,137.427,TP,0.021,0.8587,0.7768,776.75
2023-05-01 19:30:00-04:00,LONG,Breakout,137.542,137.5125521933927,137.664,2023-05-01 19:45:00-04:00,137.5125521933927,SL,0.021933,-1.0,-1.7448,-1744.82
2023-05-02 00:30:00-04:00,LONG,Breakout,137.61,137.54558844431656,137.901,2023-05-02 02:00:00-04:00,137.54558844431656,SL,0.021,-1.0,-1.326,-1326.03
2023-05-02 03:00:00-04:00,LONG,Breakout,137.656,137.543665499524,137.901,2023-05-02 03:30:00-04:00,137.543665499524,SL,0.021,-1.0,-1.1869,-1186.94
2023-05-03 14:00:00-04:00,LONG,Bounce,135.275,135.02644779771254,135.933,2023-05-03 15:45:00-04:00,135.02644779771254,SL,0.0212,-1.0,-1.0853,-1085.29
2023-05-10 02:00:00-04:00,LONG,Breakout,135.337,135.3126342981576,135.691,2023-05-10 03:00:00-04:00,135.3126342981576,SL,0.021,-1.0,-1.8619,-1861.87
2023-05-15 20:00:00-04:00,LONG,Bounce,136.056,135.9884962589432,136.1,2023-05-15 20:30:00-04:00,135.9884962589432,SL,0.021,-1.0,-1.3111,-1311.09
2023-05-16 02:00:00-04:00,LONG,Bounce,135.94,135.8821044455617,136.091,2023-05-16 02:30:00-04:00,135.8821044455617,SL,0.021,-1.0,-1.3627,-1362.72
2023-05-16 08:45:00-04:00,LONG,Breakout,136.091,136.00327982727399,136.314,2023-05-16 10:00:00-04:00,136.314,TP,0.021,2.5422,2.3028,2302.78
2023-05-17 01:15:00-04:00,LONG,Breakout,136.741,136.65975302538544,137.57,2023-05-17 14:15:00-04:00,137.57,TP,0.0208,10.2035,9.9474,9947.45
2023-05-18 03:45:00-04:00,LONG,Breakout,137.804,137.7115701634336,137.901,2023-05-18 04:15:00-04:00,137.901,TP,0.021,1.0494,0.8222,822.25
2023-05-18 08:30:00-04:00,LONG,Breakout,138.224,137.90038018138327,139.884,2023-05-19 11:15:00-04:00,137.90038018138327,SL,0.0212,-1.0,-1.0655,-1065.51
2023-05-23 03:30:00-04:00,LONG,Bounce,138.512,138.31735117939525,138.863,2023-05-23 04:15:00-04:00,138.31735117939525,SL,0.021,-1.0,-1.1079,-1107.89
2023-05-23 23:30:00-04:00,LONG,Bounce,138.41,138.3704010453169,138.626,2023-05-24 00:45:00-04:00,138.3704010453169,SL,0.021333,-1.0,-1.5387,-1538.73
2023-05-24 02:45:00-04:00,LONG,Breakout,138.683,138.6077887582405,138.809,2023-05-24 03:00:00-04:00,138.6077887582405,SL,0.021,-1.0,-1.2792,-1279.21
2023-05-24 09:00:00-04:00,LONG,Retest,138.682,138.60304871123117,138.809,2023-05-24 09:30:00-04:00,138.809,TP,0.0212,1.6086,1.3401,1340.07
2023-05-24 21:00:00-04:00,LONG,Breakout,139.514,139.43693079468804,139.884,2023-05-25 03:00:00-04:00,139.43693079468804,SL,0.021,-1.0,-1.2725,-1272.48
2023-05-25 08:45:00-04:00,LONG,Breakout,139.716,139.66379815853458,139.884,2023-05-25 09:00:00-04:00,139.66379815853458,SL,0.021,-1.0,-1.4023,-1402.28
2023-05-26 08:30:00-04:00,LONG,Breakout,140.255,139.81007686689415,141.601,2023-05-30 07:15:00-04:00,139.81007686689415,SL,0.021,-1.0,-1.0472,-1047.2
2023-05-31 10:00:00-04:00,LONG,Breakout,140.283,140.0119444238525,140.92,2023-05-31 10:15:00-04:00,140.0119444238525,SL,0.021,-1.0,-1.0775,-1077.47
2023-05-31 21:15:00-04:00,LONG,Bounce,139.324,139.1998451260258,140.402,2023-06-01 08:30:00-04:00,139.1998451260258,SL,0.0218,-1.0,-1.1756,-1175.59
2023-06-01 20:45:00-04:00,LONG,Breakout,138.943,138.84079111120687,139.871,2023-06-01 21:45:00-04:00,138.84079111120687,SL,0.0218,-1.0,-1.2133,-1213.29
2023-06-02 08:30:00-04:00,LONG,Breakout,139.16,139.06778213290752,139.871,2023-06-02 09:15:00-04:00,139.06778213290752,SL,0.021267,-1.0,-1.2306,-1230.61
2023-06-02 09:30:00-04:00,LONG,Breakout,139.243,139.06111556898094,139.871,2023-06-02 12:15:00-04:00,139.871,TP,0.021,3.4527,3.3373,3337.28
2023-06-04 21:45:00-04:00,LONG,Breakout,140.123,140.04085653033638,140.402,2023-06-04 23:30:00-04:00,140.04085653033638,SL,0.021,-1.0,-1.2557,-1255.65
2023-06-06 01:00:00-04:00,LONG,Bounce,139.4,139.2953898231749,139.647,2023-06-06 02:00:00-04:00,139.2953898231749,SL,0.022267,-1.0,-1.2129,-1212.85
2023-06-06 02:15:00-04:00,LONG,Bounce,139.407,139.2939922164427,139.647,2023-06-06 02:45:00-04:00,139.2939922164427,SL,0.0216,-1.0,-1.1911,-1191.14
2023-06-07 08:30:00-04:00,LONG,Breakout,139.602,139.4679728229205,139.983,2023-06-07 09:15:00-04:00,139.4679728229205,SL,0.021,-1.0,-1.1567,-1156.68
2023-06-07 10:15:00-04:00,LONG,Breakout,139.614,139.4570749876692,139.983,2023-06-07 11:45:00-04:00,139.983,TP,0.021,2.3514,2.2176,2217.62
2023-06-08 20:15:00-04:00,LONG,Breakout,139.025,138.97980391279896,139.837,2023-06-08 20:30:00-04:00,138.97980391279896,SL,0.022467,-1.0,-1.4971,-1497.09
2023-06-11 21:45:00-04:00,LONG,Breakout,139.536,139.46342861190394,139.588,2023-06-11 22:15:00-04:00,139.588,TP,0.021,0.7165,0.4272,427.17
2023-06-12 09:45:00-04:00,LONG,Breakout,139.65,139.5933617179977,139.837,2023-06-12 10:00:00-04:00,139.5933617179977,SL,0.021,-1.0,-1.3708,-1370.77
2023-06-12 10:15:00-04:00,LONG,Breakout,139.687,139.59268331806948,139.837,2023-06-12 10:45:00-04:00,139.59268331806948,SL,0.021,-1.0,-1.2227,-1222.65
2023-06-13 09:45:00-04:00,LONG,Breakout,139.744,139.5964434438019,140.087,2023-06-13 11:30:00-04:00,140.087,TP,0.020667,2.3245,2.1845,2184.47
2023-06-14 20:45:00-04:00,LONG,Breakout,140.354,140.13996174815688,140.443,2023-06-14 21:00:00-04:00,140.443,TP,0.0214,0.4158,0.3158,315.83
2023-06-16 02:30:00-04:00,LONG,Breakout,140.908,140.7338903930544,141.289,2023-06-16 03:15:00-04:00,141.289,TP,0.021667,2.1883,2.0638,2063.83
2023-06-16 07:45:00-04:00,LONG,Retest,140.96,140.73485065901892,141.394,2023-06-16 09:30:00-04:00,141.394,TP,0.021,1.9276,1.8343,1834.34
2023-06-16 10:00:00-04:00,LONG,Breakout,141.488,141.35594094513095,141.601,2023-06-16 10:30:00-04:00,141.35594094513095,SL,0.021,-1.0,-1.159,-1159.02
2023-06-16 10:45:00-04:00,LONG,Breakout,141.483,141.35468114302213,141.601,2023-06-16 11:15:00-04:00,141.601,TP,0.0216,0.9196,0.7513,751.25
2023-06-19 20:15:00-04:00,LONG,Breakout,142.162,141.97066306471152,142.233,2023-06-19 21:15:00-04:00,142.233,TP,0.0212,0.3711,0.2603,260.27
2023-06-20 01:00:00-04:00,LONG,Retest,142.086,141.96264840754907,142.241,2023-06-20 02:00:00-04:00,141.96264840754907,SL,0.021,-1.0,-1.1702,-1170.25
2023-06-20 20:15:00-04:00,LONG,Breakout,141.526,141.4457818795238,141.739,2023-06-21 00:00:00-04:00,141.739,TP,0.022067,2.6553,2.3802,2380.18
2023-06-21 02:00:00-04:00,LONG,Breakout,141.915,141.71008505891066,142.131,2023-06-21 04:00:00-04:00,142.131,TP,0.021,1.0541,0.9516,951.61
2023-06-21 06:45:00-04:00,LONG,Retest,141.803,141.70855275038943,142.159,2023-06-21 07:15:00-04:00,141.70855275038943,SL,0.020733,-1.0,-1.2195,-1219.52
2023-06-21 09:30:00-04:00,LONG,Breakout,142.284,142.13307416923632,142.466,2023-06-21 10:15:00-04:00,142.13307416923632,SL,0.019267,-1.0,-1.1277,-1127.66
2023-06-23 09:00:00-04:00,LONG,Bounce,142.856,142.73419232523673,143.438,2023-06-23 09:45:00-04:00,142.73419232523673,SL,0.021667,-1.0,-1.1779,-1177.88
2023-06-23 09:45:00-04:00,LONG,Bounce,143.266,142.7270280388284,143.438,2023-06-23 10:00:00-04:00,143.438,TP,0.021,0.3191,0.2802,280.16
2023-06-23 10:15:00-04:00,LONG,Breakout,143.595,143.40473233960202,146.581,2023-06-25 20:00:00-04:00,143.40473233960202,SL,0.0214,-1.0,-1.1125,-1112.47
2023-06-26 10:30:00-04:00,LONG,Breakout,143.638,143.52983219438585,143.86,2023-06-26 10:45:00-04:00,143.52983219438585,SL,0.021,-1.0,-1.1941,-1194.14
2023-06-27 09:30:00-04:00,LONG,Bounce,143.404,143.36363704561282,143.931,2023-06-27 10:30:00-04:00,143.931,TP,0.020067,13.0565,12.5594,12559.37
2023-06-28 03:15:00-04:00,LONG,Breakout,144.094,144.02049637467934,144.162,2023-06-28 03:30:00-04:00,144.162,TP,0.021,0.9251,0.6394,639.42
2023-06-28 06:30:00-04:00,LONG,Retest,144.067,144.01850969807683,146.581,2023-07-03 10:00:00-04:00,144.01850969807683,SL,0.020733,-1.0,-1.4276,-1427.58
2023-07-04 09:45:00-04:00,LONG,Bounce,144.3,144.27868282154287,144.453,2023-07-04 10:00:00-04:00,144.27868282154287,SL,0.024333,-1.0,-2.1415,-2141.49
2023-07-04 21:00:00-04:00,LONG,Breakout,144.567,144.52061561868584,144.666,2023-07-04 22:45:00-04:00,144.52061561868584,SL,0.020467,-1.0,-1.4412,-1441.24
2023-07-05 02:00:00-04:00,LONG,Breakout,144.7,144.61651804114894,144.735,2023-07-05 02:45:00-04:00,144.61651804114894,SL,0.020867,-1.0,-1.25,-1249.95
2023-07-05 10:15:00-04:00,LONG,Bounce,144.263,144.17134203158486,144.724,2023-07-05 23:15:00-04:00,144.17134203158486,SL,0.021,-1.0,-1.2291,-1229.11
2023-07-06 21:00:00-04:00,LONG,Bounce,144.044,143.92751554341308,144.642,2023-07-06 22:00:00-04:00,143.92751554341308,SL,0.022667,-1.0,-1.1946,-1194.59
2023-07-12 08:30:00-04:00,SHORT,Breakout,139.112,139.33261203570143,138.746,2023-07-12 08:45:00-04:00,139.33261203570143,SL,0.023933,-1.0,-1.1085,-1108.49
2023-07-12 09:15:00-04:00,SHORT,Retest,139.091,139.3364532953484,138.746,2023-07-12 10:00:00-04:00,138.746,TP,0.022267,1.4056,1.3148,1314.85
2023-07-12 21:00:00-04:00,SHORT,Bounce,138.455,138.56595372401387,137.981,2023-07-12 21:15:00-04:00,138.56595372401387,SL,0.0234,-1.0,-1.2109,-1210.9
2023-07-13 09:15:00-04:00,SHORT,Bounce,138.326,138.64696909122443,138.222,2023-07-13 09:30:00-04:00,138.222,TP,0.021,0.324,0.2586,258.59
2023-07-13 20:00:00-04:00,SHORT,Breakout,137.865,137.9331903769368,137.482,2023-07-13 20:30:00-04:00,137.9331903769368,SL,0.022933,-1.0,-1.3363,-1336.31
2023-07-13 20:45:00-04:00,SHORT,Breakout,137.669,137.93945614363346,137.482,2023-07-13 21:30:00-04:00,137.482,TP,0.022533,0.6914,0.6081,608.11
2023-07-14 01:45:00-04:00,SHORT,Retest,137.835,137.93853443641083,137.23,2023-07-14 02:15:00-04:00,137.93853443641083,SL,0.023733,-1.0,-1.2292,-1229.23
2023-07-16 20:00:00-04:00,SHORT,Breakout,138.571,138.62801495606865,138.383,2023-07-16 20:45:00-04:00,138.383,TP,0.023933,3.2974,2.8776,2877.61
2023-07-16 22:00:00-04:00,SHORT,Retest,138.55,138.62906771480561,137.23,2023-07-16 23:00:00-04:00,138.62906771480561,SL,0.024867,-1.0,-1.3145,-1314.5
2023-07-17 03:15:00-04:00,SHORT,Bounce,138.585,138.7008458845265,138.356,2023-07-17 03:30:00-04:00,138.7008458845265,SL,0.021,-1.0,-1.1813,-1181.28
2023-07-17 03:45:00-04:00,SHORT,Bounce,138.653,138.70186507390295,138.356,2023-07-17 04:30:00-04:00,138.356,TP,0.022,6.078,5.6277,5627.74
2023-07-17 22:00:00-04:00,SHORT,Breakout,138.544,138.60503317225775,137.985,2023-07-17 22:15:00-04:00,138.60503317225775,SL,0.023,-1.0,-1.3768,-1376.84
2023-07-17 22:45:00-04:00,SHORT,Retest,138.56,138.60436161787544,137.985,2023-07-17 23:45:00-04:00,138.60436161787544,SL,0.0226,-1.0,-1.5094,-1509.45
2023-07-19 20:45:00-04:00,SHORT,Breakout,139.431,139.52718073973548,139.372,2023-07-19 21:00:00-04:00,139.372,TP,0.0226,0.6134,0.3785,378.45
2023-07-20 08:15:00-04:00,SHORT,Bounce,139.632,139.70022770026486,139.1,2023-07-20 08:30:00-04:00,139.70022770026486,SL,0.023,-1.0,-1.3371,-1337.11
2023-07-21 03:00:00-04:00,SHORT,Bounce,140.243,140.31600280749709,140.009,2023-07-21 03:15:00-04:00,140.31600280749709,SL,0.023,-1.0,-1.3151,-1315.06
2023-07-24 03:00:00-04:00,LONG,Bounce,141.475,141.31169854960942,141.803,2023-07-24 03:15:00-04:00,141.31169854960942,SL,0.023,-1.0,-1.1408,-1140.84
2023-07-24 03:30:00-04:00,LONG,Bounce,141.363,141.30914823920403,141.803,2023-07-24 05:00:00-04:00,141.30914823920403,SL,0.023,-1.0,-1.4271,-1427.1
2023-07-24 05:00:00-04:00,LONG,Bounce,141.384,141.30700615492432,141.622,2023-07-24 05:15:00-04:00,141.30700615492432,SL,0.023,-1.0,-1.2987,-1298.73
2023-07-24 20:00:00-04:00,LONG,Breakout,141.561,141.521112540739,141.622,2023-07-24 20:15:00-04:00,141.521112540739,SL,0.023,-1.0,-1.5766,-1576.62
2023-07-24 21:30:00-04:00,LONG,Bounce,141.424,141.37214875783206,141.622,2023-07-24 21:45:00-04:00,141.37214875783206,SL,0.023,-1.0,-1.4436,-1443.58
2023-07-25 04:00:00-04:00,LONG,Bounce,141.359,141.1720783825552,141.61,2023-07-25 07:15:00-04:00,141.61,TP,0.023,1.3428,1.2198,1219.76
2023-07-25 07:15:00-04:00,LONG,Breakout,141.592,141.54541744416738,141.803,2023-07-25 07:30:00-04:00,141.54541744416738,SL,0.023,-1.0,-1.4937,-1493.75
2023-07-25 18:00:00-04:00,LONG,Bounce,140.942,140.82274200270845,141.184,2023-07-26 02:15:00-04:00,140.82274200270845,SL,0.0362,-1.0,-1.3035,-1303.54
2023-07-27 13:00:00-04:00,SHORT,Breakout,139.752,139.85403124209628,139.374,2023-07-27 13:15:00-04:00,139.85403124209628,SL,0.018933,-1.0,-1.1856,-1185.56
2023-07-28 00:00:00-04:00,SHORT,Breakout,138.105,138.81212428682232,137.67,2023-07-28 00:30:00-04:00,138.81212428682232,SL,0.017,-1.0,-1.024,-1024.04
2023-07-31 09:15:00-04:00,LONG,Breakout,142.557,142.45785286919124,142.994,2023-07-31 09:30:00-04:00,142.45785286919124,SL,0.019,-1.0,-1.1916,-1191.63
2023-08-02 02:00:00-04:00,LONG,Bounce,142.818,142.63938913515778,143.341,2023-08-02 02:30:00-04:00,142.63938913515778,SL,0.019,-1.0,-1.1064,-1106.38
2023-08-02 10:00:00-04:00,LONG,Breakout,143.424,143.3083747603653,143.536,2023-08-02 10:30:00-04:00,143.3083747603653,SL,0.019,-1.0,-1.1643,-1164.32
2023-08-03 00:00:00-04:00,LONG,Breakout,143.502,143.4425092989885,144.187,2023-08-03 02:00:00-04:00,143.4425092989885,SL,0.019,-1.0,-1.3194,-1319.38
2023-08-03 20:30:00-04:00,LONG,Breakout,142.784,142.72071715379934,143.884,2023-08-03 20:45:00-04:00,142.72071715379934,SL,0.019,-1.0,-1.3002,-1300.24
2023-08-07 20:00:00-04:00,LONG,Breakout,142.645,142.56152138278375,142.892,2023-08-07 20:30:00-04:00,142.892,TP,0.019,2.9588,2.7312,2731.24
2023-08-09 10:15:00-04:00,LONG,Breakout,143.475,143.3701902522893,143.884,2023-08-10 00:00:00-04:00,143.884,TP,0.019,3.9023,3.721,3721.03
2023-08-10 08:30:00-04:00,LONG,Bounce,143.922,143.6799745101495,144.101,2023-08-10 09:00:00-04:00,144.101,TP,0.018867,0.7396,0.6616,661.64
2023-08-10 09:15:00-04:00,LONG,Breakout,144.181,144.06693476632597,144.642,2023-08-10 10:00:00-04:00,144.06693476632597,SL,0.019,-1.0,-1.1666,-1166.57
2023-08-11 09:00:00-04:00,LONG,Breakout,144.825,144.76872133708153,144.887,2023-08-11 09:15:00-04:00,144.76872133708153,SL,0.019,-1.0,-1.3376,-1337.61
2023-08-11 10:00:00-04:00,LONG,Bounce,144.809,144.52305541202585,144.887,2023-08-11 11:30:00-04:00,144.887,TP,0.0208,0.2728,0.2,200.04
2023-08-11 12:15:00-04:00,LONG,Retest,144.872,144.76552299358198,145.059,2023-08-13 20:15:00-04:00,145.059,TP,0.02,1.7562,1.5684,1568.41
2023-08-13 20:15:00-04:00,LONG,Breakout,145.097,144.97642630169827,146.581,2023-08-13 20:45:00-04:00,144.97642630169827,SL,0.019,-1.0,-1.1576,-1157.58
2023-08-14 08:15:00-04:00,LONG,Breakout,145.287,145.19794910297043,146.581,2023-08-14 12:00:00-04:00,145.19794910297043,SL,0.019,-1.0,-1.2134,-1213.36
2023-08-15 01:15:00-04:00,LONG,Bounce,145.458,145.30348780373214,145.584,2023-08-15 02:15:00-04:00,145.584,TP,0.019,0.8155,0.6925,692.5
2023-08-15 02:30:00-04:00,LONG,Breakout,145.696,145.5666201703738,146.581,2023-08-15 05:30:00-04:00,145.5666201703738,SL,0.019,-1.0,-1.1469,-1146.85
2023-08-15 09:15:00-04:00,LONG,Bounce,145.464,145.2903717357998,145.857,2023-08-15 10:00:00-04:00,145.2903717357998,SL,0.019,-1.0,-1.1094,-1109.43
2023-08-16 20:00:00-04:00,LONG,Breakout,146.491,146.38021307748053,146.581,2023-08-16 20:30:00-04:00,146.38021307748053,SL,0.019,-1.0,-1.1715,-1171.5
2023-08-16 21:15:00-04:00,LONG,Retest,146.452,146.37894521809548,146.581,2023-08-16 22:00:00-04:00,146.37894521809548,SL,0.019,-1.0,-1.2601,-1260.08
2023-08-18 08:15:00-04:00,LONG,Breakout,145.728,145.60330554391405,146.291,2023-08-18 08:30:00-04:00,145.60330554391405,SL,0.019,-1.0,-1.1524,-1152.37
2023-08-20 21:45:00-04:00,LONG,Breakout,145.533,145.42336781302987,145.758,2023-08-20 22:30:00-04:00,145.42336781302987,SL,0.019,-1.0,-1.1733,-1173.31
2023-08-21 20:00:00-04:00,LONG,Breakout,146.346,146.260379907025,146.395,2023-08-21 20:15:00-04:00,146.260379907025,SL,0.019,-1.0,-1.2219,-1221.91
2023-08-23 21:15:00-04:00,LONG,Breakout,144.989,144.89363279609145,145.586,2023-08-24 07:45:00-04:00,145.586,TP,0.019,6.26,6.0608,6060.78
2023-08-25 08:30:00-04:00,LONG,Bounce,145.929,145.88115294609756,146.144,2023-08-25 09:30:00-04:00,146.144,TP,0.019,4.4935,4.0964,4096.39
2023-08-25 09:30:00-04:00,LONG,Breakout,146.183,146.12607351867692,146.249,2023-08-25 09:45:00-04:00,146.12607351867692,SL,0.019,-1.0,-1.3338,-1333.76
2023-08-28 10:45:00-04:00,LONG,Breakout,146.655,146.57572361634098,146.785,2023-08-28 11:30:00-04:00,146.57572361634098,SL,0.019,-1.0,-1.2397,-1239.67
2023-08-30 09:30:00-04:00,LONG,Bounce,145.723,145.63112915748727,146.528,2023-08-30 09:45:00-04:00,145.63112915748727,SL,0.019,-1.0,-1.2068,-1206.81
2023-08-31 03:30:00-04:00,LONG,Bounce,145.865,145.72584318918342,146.28,2023-08-31 08:15:00-04:00,145.72584318918342,SL,0.019,-1.0,-1.1365,-1136.54
2023-08-31 08:30:00-04:00,LONG,Bounce,145.929,145.68889868186326,146.044,2023-08-31 08:45:00-04:00,146.044,TP,0.0192,0.479,0.399,399.0
2023-08-31 09:15:00-04:00,LONG,Breakout,146.065,146.01690831051516,146.28,2023-08-31 10:00:00-04:00,146.01690831051516,SL,0.019,-1.0,-1.3951,-1395.08
2023-09-04 03:15:00-04:00,LONG,Breakout,146.309,146.22342805262963,146.528,2023-09-04 19:30:00-04:00,146.528,TP,0.019,2.5592,2.3372,2337.21
2023-09-06 03:15:00-04:00,LONG,Bounce,147.427,147.33229786431252,147.809,2023-09-06 06:00:00-04:00,147.33229786431252,SL,0.019,-1.0,-1.2006,-1200.63
2023-09-06 10:30:00-04:00,LONG,Breakout,147.64,147.55535493959084,147.809,2023-09-06 13:00:00-04:00,147.55535493959084,SL,0.019,-1.0,-1.2245,-1224.47
2023-09-06 20:00:00-04:00,LONG,Breakout,147.751,147.72162786191438,147.809,2023-09-06 20:15:00-04:00,147.72162786191438,SL,0.019,-1.0,-1.6469,-1646.87
2023-09-06 20:15:00-04:00,LONG,Retest,147.773,147.72152587177766,147.809,2023-09-06 20:30:00-04:00,147.809,TP,0.0188,0.6994,0.3341,334.15
2023-09-08 03:45:00-04:00,LONG,Breakout,147.389,147.31346711851873,147.605,2023-09-08 05:00:00-04:00,147.31346711851873,SL,0.019,-1.0,-1.2515,-1251.55
2023-09-08 06:45:00-04:00,LONG,Retest,147.383,147.31655710541057,147.448,2023-09-08 07:00:00-04:00,147.448,TP,0.019,0.9783,0.6923,692.32
2023-09-08 08:45:00-04:00,LONG,Breakout,147.543,147.42888348392094,147.605,2023-09-08 09:00:00-04:00,147.605,TP,0.019,0.5433,0.3768,376.81
2023-09-08 10:15:00-04:00,LONG,Breakout,147.501,147.42355020826528,147.864,2023-09-10 17:15:00-04:00,147.42355020826528,SL,0.019,-1.0,-1.2453,-1245.32
2023-09-12 03:30:00-04:00,LONG,Breakout,146.868,146.77621743498392,146.976,2023-09-12 03:45:00-04:00,146.77621743498392,SL,0.019,-1.0,-1.207,-1207.01
2023-09-12 06:15:00-04:00,LONG,Retest,146.825,146.778156338438,146.936,2023-09-12 06:30:00-04:00,146.936,TP,0.018933,2.3696,1.9654,1965.4
2023-09-12 08:15:00-04:00,LONG,Breakout,147.101,146.91823721085865,147.86,2023-09-15 06:15:00-04:00,147.86,TP,0.019,4.1529,4.049,4048.96
2023-09-18 04:00:00-04:00,LONG,Bounce,147.727,147.6855948719981,147.871,2023-09-18 04:30:00-04:00,147.6855948719981,SL,0.018867,-1.0,-1.4557,-1455.66
2023-09-18 19:45:00-04:00,LONG,Bounce,147.607,147.5690153644346,147.748,2023-09-18 20:00:00-04:00,147.5690153644346,SL,0.019,-1.0,-1.5002,-1500.2
2023-09-18 20:00:00-04:00,LONG,Bounce,147.612,147.56802855268927,147.748,2023-09-18 21:00:00-04:00,147.748,TP,0.019,3.0929,2.6608,2660.82
2023-09-22 10:00:00-04:00,LONG,Bounce,148.179,148.10709514134547,148.41,2023-09-22 10:15:00-04:00,148.10709514134547,SL,0.019,-1.0,-1.2642,-1264.24
2023-09-25 04:15:00-04:00,LONG,Breakout,148.525,148.46369762033356,148.82,2023-09-25 10:00:00-04:00,148.82,TP,0.019,4.8122,4.5023,4502.27
2023-09-25 21:15:00-04:00,LONG,Breakout,148.898,148.86673481142907,148.955,2023-09-25 22:15:00-04:00,148.86673481142907,SL,0.019,-1.0,-1.6077,-1607.7
2023-09-26 02:15:00-04:00,LONG,Breakout,149.12,148.93427734668958,149.452,2023-09-26 03:45:00-04:00,148.93427734668958,SL,0.019,-1.0,-1.1023,-1102.3
2023-09-26 21:15:00-04:00,LONG,Bounce,149.0,148.94749903557098,149.085,2023-09-26 21:30:00-04:00,148.94749903557098,SL,0.019,-1.0,-1.3619,-1361.9
2023-09-27 02:00:00-04:00,LONG,Breakout,149.117,149.07364888405812,149.178,2023-09-27 02:45:00-04:00,149.07364888405812,SL,0.019,-1.0,-1.4383,-1438.28
2023-09-28 05:45:00-04:00,LONG,Bounce,149.256,149.18194599629382,149.549,2023-09-28 08:30:00-04:00,149.18194599629382,SL,0.019,-1.0,-1.2566,-1256.57
2023-09-28 08:30:00-04:00,LONG,Bounce,149.397,149.1808337923907,149.549,2023-09-28 10:00:00-04:00,149.1808337923907,SL,0.0192,-1.0,-1.0888,-1088.82
2023-09-28 20:30:00-04:00,LONG,Breakout,149.386,149.3645413918509,149.494,2023-09-28 21:00:00-04:00,149.3645413918509,SL,0.019,-1.0,-1.8854,-1885.43
2023-10-01 18:30:00-04:00,LONG,Breakout,149.536,149.4870044030754,149.698,2023-10-01 19:45:00-04:00,149.4870044030754,SL,0.028067,-1.0,-1.5728,-1572.84
2023-10-02 09:45:00-04:00,LONG,Breakout,149.825,149.76995703842314,151.939,2023-10-02 10:00:00-04:00,149.76995703842314,SL,0.019,-1.0,-1.3452,-1345.18
2023-10-02 10:30:00-04:00,LONG,Breakout,149.833,149.7672219436646,151.939,2023-10-02 11:30:00-04:00,149.7672219436646,SL,0.0188,-1.0,-1.2858,-1285.81
2023-10-02 15:45:00-04:00,LONG,Retest,149.795,149.77002081231413,149.869,2023-10-02 17:15:00-04:00,149.77002081231413,SL,0.0197,-1.0,-1.7887,-1788.66
2023-10-02 21:00:00-04:00,LONG,Breakout,149.875,149.85457872490372,151.939,2023-10-02 21:15:00-04:00,149.85457872490372,SL,0.019,-1.0,-1.9304,-1930.4
2023-10-03 01:15:00-04:00,LONG,Retest,149.883,149.8570873728554,151.939,2023-10-03 02:15:00-04:00,149.8570873728554,SL,0.019,-1.0,-1.7332,-1733.23
2023-10-03 07:15:00-04:00,LONG,Breakout,149.952,149.91512953646034,151.939,2023-10-03 08:15:00-04:00,149.91512953646034,SL,0.019,-1.0,-1.5153,-1515.32
2023-10-06 08:30:00-04:00,LONG,Breakout,149.374,148.95911233806476,150.151,2023-10-09 09:15:00-04:00,148.95911233806476,SL,0.0192,-1.0,-1.0463,-1046.28
2023-10-12 02:45:00-04:00,LONG,Bounce,149.027,148.95728995568643,149.266,2023-10-12 08:30:00-04:00,149.266,TP,0.019,3.4285,3.1559,3155.93
2023-10-12 08:30:00-04:00,LONG,Breakout,149.361,149.17371344222866,149.53,2023-10-12 09:45:00-04:00,149.53,TP,0.0188,0.9024,0.802,801.98
2023-10-16 08:30:00-04:00,LONG,Bounce,149.466,149.4282283747552,149.606,2023-10-16 08:45:00-04:00,149.4282283747552,SL,0.019,-1.0,-1.503,-1503.02
2023-10-16 09:45:00-04:00,LONG,Breakout,149.702,149.59324024466736,149.749,2023-10-16 10:00:00-04:00,149.749,TP,0.019,0.4321,0.2574,257.45
2023-10-17 02:45:00-04:00,LONG,Breakout,149.647,149.6156457794541,149.757,2023-10-17 03:00:00-04:00,149.6156457794541,SL,0.019,-1.0,-1.606,-1605.98
2023-10-17 04:15:00-04:00,LONG,Breakout,149.656,149.61447029759617,149.757,2023-10-17 06:00:00-04:00,149.61447029759617,SL,0.019,-1.0,-1.4575,-1457.5
2023-10-18 05:00:00-04:00,LONG,Bounce,149.738,149.58372983431732,149.842,2023-10-18 10:45:00-04:00,149.842,TP,0.019,0.6741,0.551,550.98
2023-10-18 11:00:00-04:00,LONG,Breakout,149.835,149.7644476078062,150.151,2023-10-18 12:45:00-04:00,149.7644476078062,SL,0.019,-1.0,-1.2693,-1269.3
2023-10-18 20:00:00-04:00,LONG,Bounce,149.735,149.71050607260258,149.929,2023-10-19 12:00:00-04:00,149.71050607260258,SL,0.019,-1.0,-1.7757,-1775.7
2023-10-20 03:45:00-04:00,LONG,Breakout,149.958,149.92433435288882,150.151,2023-10-20 04:15:00-04:00,149.92433435288882,SL,0.019,-1.0,-1.5644,-1564.37
2023-10-20 04:15:00-04:00,LONG,Bounce,149.887,149.79590564101127,150.151,2023-10-20 11:15:00-04:00,149.79590564101127,SL,0.019,-1.0,-1.2086,-1208.57
2023-10-24 04:30:00-04:00,LONG,Bounce,149.533,149.46985692265613,149.742,2023-10-24 06:45:00-04:00,149.742,TP,0.019,3.3099,3.009,3009.04
2023-10-25 13:00:00-04:00,LONG,Bounce,149.98,149.86344031842714,150.151,2023-10-25 16:15:00-04:00,150.151,TP,0.02,1.4671,1.2955,1295.47
2023-10-25 22:15:00-04:00,LONG,Breakout,150.366,150.29105425396386,151.939,2023-10-26 02:45:00-04:00,150.29105425396386,SL,0.018867,-1.0,-1.2517,-1251.74
2023-10-26 03:15:00-04:00,LONG,Breakout,150.542,150.44331698301252,151.939,2023-10-26 04:00:00-04:00,150.44331698301252,SL,0.019,-1.0,-1.1925,-1192.54
2023-10-27 03:00:00-04:00,LONG,Bounce,150.205,150.12107872875893,150.405,2023-10-27 03:30:00-04:00,150.12107872875893,SL,0.019,-1.0,-1.2264,-1226.4
2023-10-27 03:30:00-04:00,LONG,Bounce,150.155,150.12085869979722,150.405,2023-10-27 04:15:00-04:00,150.12085869979722,SL,0.019,-1.0,-1.5565,-1556.51
2023-11-01 09:45:00-04:00,LONG,Bounce,151.261,151.1757903833032,151.39,2023-11-01 10:00:00-04:00,151.1757903833032,SL,0.018933,-1.0,-1.2222,-1222.2
2023-11-07 07:45:00-05:00,LONG,Breakout,150.542,150.47207650655122,151.23,2023-11-07 08:00:00-05:00,150.47207650655122,SL,0.019,-1.0,-1.2717,-1271.73
2023-11-09 00:45:00-05:00,LONG,Breakout,151.021,150.98036138887045,151.046,2023-11-09 01:00:00-05:00,151.046,TP,0.024533,0.6152,0.0115,11.48
2023-11-09 02:00:00-05:00,LONG,Bounce,150.872,150.79906110801653,151.23,2023-11-09 13:00:00-05:00,151.23,TP,0.022,4.9082,4.6066,4606.6
2023-11-09 14:00:00-05:00,LONG,Breakout,151.283,151.16157200584826,151.372,2023-11-09 14:30:00-05:00,151.372,TP,0.026667,0.7329,0.5133,513.34
2023-11-10 00:45:00-05:00,LONG,Breakout,151.38,151.3571322507838,151.691,2023-11-10 01:00:00-05:00,151.3571322507838,SL,0.024133,-1.0,-2.0553,-2055.34
2023-11-10 02:00:00-05:00,LONG,Breakout,151.417,151.35699406160802,151.691,2023-11-10 02:30:00-05:00,151.35699406160802,SL,0.022,-1.0,-1.3666,-1366.63
2023-11-10 03:00:00-05:00,LONG,Breakout,151.386,151.35631151066187,151.691,2023-11-10 03:15:00-05:00,151.35631151066187,SL,0.019,-1.0,-1.64,-1639.98
2023-11-10 03:45:00-05:00,LONG,Breakout,151.397,151.35558221170706,151.691,2023-11-10 08:45:00-05:00,151.35558221170706,SL,0.019,-1.0,-1.4587,-1458.74
2023-11-12 19:45:00-05:00,LONG,Breakout,151.602,151.58143452563417,151.691,2023-11-12 20:00:00-05:00,151.58143452563417,SL,0.026,-1.0,-2.2643,-2264.25
2023-11-12 21:00:00-05:00,LONG,Breakout,151.601,151.5809131993483,151.691,2023-11-12 23:15:00-05:00,151.691,TP,0.025467,4.4806,3.2127,3212.72
2023-11-13 09:30:00-05:00,LONG,Breakout,151.879,151.83635715809754,151.939,2023-11-13 10:00:00-05:00,151.83635715809754,SL,0.018933,-1.0,-1.444,-1444.0
2023-11-19 21:15:00-05:00,SHORT,Breakout,149.277,149.46620212676487,149.187,2023-11-19 21:30:00-05:00,149.187,TP,0.026,0.4757,0.3383,338.26
2023-11-20 04:00:00-05:00,SHORT,Breakout,148.525,148.7091892903496,148.416,2023-11-20 04:15:00-05:00,148.416,TP,0.019,0.5918,0.4886,488.63
2023-11-20 19:45:00-05:00,SHORT,Breakout,148.059,148.1442395149424,147.243,2023-11-20 20:00:00-05:00,148.1442395149424,SL,0.026,-1.0,-1.305,-1305.02
2023-11-20 20:15:00-05:00,SHORT,Breakout,147.922,148.1498667246187,147.243,2023-11-20 23:30:00-05:00,147.243,TP,0.026,2.9798,2.8657,2865.71
2023-11-23 00:45:00-05:00,SHORT,Breakout,148.978,149.03531318007714,148.583,2023-11-23 01:30:00-05:00,149.03531318007714,SL,0.026,-1.0,-1.4536,-1453.65
2023-11-23 19:00:00-05:00,SHORT,Bounce,149.645,149.69425844920514,148.873,2023-11-27 02:00:00-05:00,148.873,TP,0.026,15.6724,15.1446,15144.61
2023-11-27 02:00:00-05:00,SHORT,Breakout,148.785,148.89748136366444,148.583,2023-11-27 02:30:00-05:00,148.89748136366444,SL,0.022,-1.0,-1.1956,-1195.59
2023-11-27 08:00:00-05:00,SHORT,Breakout,148.711,148.78743473289782,148.583,2023-11-27 08:15:00-05:00,148.78743473289782,SL,0.019,-1.0,-1.2486,-1248.58
2023-11-27 09:30:00-05:00,SHORT,Breakout,148.695,148.78782968558272,148.583,2023-11-27 09:45:00-05:00,148.78782968558272,SL,0.0188,-1.0,-1.2025,-1202.52
2023-11-28 10:30:00-05:00,SHORT,Breakout,147.819,147.9938495556857,147.343,2023-11-28 12:00:00-05:00,147.343,TP,0.019,2.7223,2.6137,2613.68
2023-11-28 18:00:00-05:00,SHORT,Breakout,147.099,147.33240562235497,147.008,2023-11-28 18:15:00-05:00,147.008,TP,0.026,0.3899,0.2785,278.49
2023-11-29 02:00:00-05:00,SHORT,Bounce,147.196,147.33485475289416,146.657,2023-11-29 02:45:00-05:00,147.33485475289416,SL,0.022,-1.0,-1.1584,-1158.44
2023-11-29 18:00:00-05:00,SHORT,Breakout,146.905,147.08518900884968,146.657,2023-11-29 18:30:00-05:00,147.08518900884968,SL,0.026,-1.0,-1.1443,-1144.29
2023-11-29 19:15:00-05:00,SHORT,Breakout,147.039,147.08686214498206,146.657,2023-11-29 20:15:00-05:00,147.08686214498206,SL,0.025267,-1.0,-1.5279,-1527.91
2023-12-01 10:00:00-05:00,SHORT,Breakout,147.547,147.71338109747037,147.201,2023-12-01 11:00:00-05:00,147.71338109747037,SL,0.019,-1.0,-1.1142,-1114.2
2023-12-03 18:00:00-05:00,SHORT,Breakout,146.433,146.67863854050884,146.188,2023-12-03 20:30:00-05:00,146.67863854050884,SL,0.026,-1.0,-1.1058,-1105.85
2023-12-04 11:00:00-05:00,SHORT,Bounce,147.0,147.13932523048496,146.45,2023-12-04 11:30:00-05:00,147.13932523048496,SL,0.019,-1.0,-1.1364,-1136.37
2023-12-05 01:00:00-05:00,SHORT,Breakout,146.908,146.97687516233663,146.46,2023-12-05 03:45:00-05:00,146.97687516233663,SL,0.026,-1.0,-1.3775,-1377.49
2023-12-06 03:15:00-05:00,SHORT,Breakout,146.937,146.9801905278854,146.553,2023-12-06 03:30:00-05:00,146.9801905278854,SL,0.019,-1.0,-1.4399,-1439.91
2023-12-06 20:30:00-05:00,SHORT,Breakout,146.857,147.015369258461,146.553,2023-12-07 00:45:00-05:00,146.553,TP,0.0246,1.9196,1.7642,1764.23
2023-12-07 10:15:00-05:00,SHORT,Breakout,144.331,144.58311681381772,143.277,2023-12-07 12:45:00-05:00,143.277,TP,0.019,4.1806,4.1052,4105.24
2023-12-08 02:00:00-05:00,SHORT,Bounce,144.121,144.22136023985718,142.486,2023-12-08 02:15:00-05:00,144.22136023985718,SL,0.022,-1.0,-1.2192,-1219.21
2023-12-08 08:30:00-05:00,SHORT,Bounce,144.139,144.21621741778046,143.714,2023-12-08 08:45:00-05:00,144.21621741778046,SL,0.0192,-1.0,-1.2486,-1248.65
2023-12-10 18:30:00-05:00,SHORT,Bounce,144.952,144.99314985930584,143.746,2023-12-10 19:00:00-05:00,144.99314985930584,SL,0.026,-1.0,-1.6318,-1631.84
2023-12-11 10:45:00-05:00,SHORT,Bounce,146.412,146.5255676417469,145.315,2023-12-11 11:30:00-05:00,146.5255676417469,SL,0.019,-1.0,-1.1673,-1167.3
2023-12-12 03:15:00-05:00,SHORT,Breakout,145.491,145.54878279501963,144.799,2023-12-12 03:30:00-05:00,145.54878279501963,SL,0.019,-1.0,-1.3288,-1328.82
2023-12-13 08:30:00-05:00,SHORT,Breakout,145.416,145.50072769297526,145.172,2023-12-13 08:45:00-05:00,145.50072769297526,SL,0.0192,-1.0,-1.2266,-1226.61
2023-12-13 14:00:00-05:00,SHORT,Breakout,143.998,145.07005670984992,143.746,2023-12-13 14:15:00-05:00,143.746,TP,0.026667,0.2351,0.2102,210.19
2023-12-14 21:30:00-05:00,SHORT,Bounce,141.974,142.03202846188998,141.39,2023-12-14 21:45:00-05:00,142.03202846188998,SL,0.026,-1.0,-1.4481,-1448.06
2023-12-17 19:15:00-05:00,SHORT,Bounce,142.359,142.47015624451944,141.421,2023-12-18 03:00:00-05:00,142.47015624451944,SL,0.026,-1.0,-1.2339,-1233.9
2023-12-19 20:30:00-05:00,SHORT,Bounce,143.889,143.97687146657955,143.522,2023-12-19 21:00:00-05:00,143.97687146657955,SL,0.026,-1.0,-1.2959,-1295.89
2023-12-20 20:15:00-05:00,SHORT,Breakout,143.199,143.31966839346035,142.472,2023-12-21 03:45:00-05:00,143.31966839346035,SL,0.026,-1.0,-1.2155,-1215.47
2023-12-27 10:15:00-05:00,SHORT,Breakout,142.39,142.4566353745869,142.278,2023-12-27 10:45:00-05:00,142.278,TP,0.019,1.6808,1.3957,1395.66
2023-12-27 14:30:00-05:00,SHORT,Breakout,141.736,141.8463475707188,141.421,2023-12-27 14:45:00-05:00,141.8463475707188,SL,0.026,-1.0,-1.2356,-1235.62
2023-12-27 20:00:00-05:00,SHORT,Breakout,141.458,141.5642840335171,140.935,2023-12-28 02:00:00-05:00,140.935,TP,0.026,4.9208,4.6761,4676.15
2023-12-28 10:15:00-05:00,SHORT,Breakout,140.415,140.67279894593287,138.843,2023-12-28 10:45:00-05:00,140.67279894593287,SL,0.019,-1.0,-1.0737,-1073.7
2023-12-28 20:30:00-05:00,SHORT,Bounce,141.492,141.59602418343573,141.243,2023-12-29 01:15:00-05:00,141.243,TP,0.026,2.3937,2.1437,2143.73
2023-12-29 01:15:00-05:00,SHORT,Breakout,141.225,141.261393929154,140.241,2023-12-29 01:30:00-05:00,141.261393929154,SL,0.026,-1.0,-1.7144,-1714.4
2023-12-29 02:00:00-05:00,SHORT,Breakout,141.166,141.26069761747496,140.241,2023-12-29 02:30:00-05:00,141.26069761747496,SL,0.022,-1.0,-1.2323,-1232.32
2023-12-29 10:45:00-05:00,SHORT,Breakout,140.988,141.1631313880545,140.241,2024-01-01 19:00:00-05:00,141.1631313880545,SL,0.019,-1.0,-1.1085,-1108.49
2024-01-04 00:30:00-05:00,LONG,Breakout,143.766,143.6963398083118,143.927,2024-01-04 01:00:00-05:00,143.6963398083118,SL,0.026,-1.0,-1.3732,-1373.24
2024-01-05 03:00:00-05:00,LONG,Retest,144.984,144.81479584946592,145.986,2024-01-05 10:00:00-05:00,144.81479584946592,SL,0.019,-1.0,-1.1123,-1112.29
2024-01-10 01:45:00-05:00,LONG,Breakout,145.059,144.9022644055897,145.97,2024-01-10 02:30:00-05:00,144.9022644055897,SL,0.021667,-1.0,-1.1382,-1138.24
2024-01-10 03:00:00-05:00,LONG,Breakout,144.942,144.90061230652523,145.97,2024-01-10 03:15:00-05:00,144.90061230652523,SL,0.019,-1.0,-1.4591,-1459.07
2024-01-10 03:30:00-05:00,LONG,Breakout,144.99,144.89970040715696,145.97,2024-01-10 04:00:00-05:00,144.89970040715696,SL,0.019,-1.0,-1.2104,-1210.41
2024-01-11 08:30:00-05:00,LONG,Breakout,145.906,145.55133173556413,146.583,2024-01-11 14:15:00-05:00,145.55133173556413,SL,0.019,-1.0,-1.0536,-1053.57
2024-01-12 03:15:00-05:00,LONG,Bounce,144.955,144.80764579912497,145.395,2024-01-12 08:00:00-05:00,145.395,TP,0.019,2.986,2.8571,2857.06
2024-01-15 21:00:00-05:00,LONG,Breakout,145.984,145.9144682811663,146.409,2024-01-16 03:30:00-05:00,146.409,TP,0.026,6.1123,5.7384,5738.39
2024-01-16 03:30:00-05:00,LONG,Breakout,146.467,146.23633759278806,146.583,2024-01-16 04:30:00-05:00,146.583,TP,0.019,0.5029,0.4205,420.53
2024-01-16 19:00:00-05:00,LONG,Breakout,147.395,147.28201326780282,147.492,2024-01-16 19:30:00-05:00,147.28201326780282,SL,0.026,-1.0,-1.2301,-1230.12
2024-01-16 23:30:00-05:00,LONG,Retest,147.321,147.28136825580125,147.471,2024-01-17 00:30:00-05:00,147.471,TP,0.025333,3.7848,3.1456,3145.63
2024-01-17 09:30:00-05:00,LONG,Breakout,148.11,147.93680358683542,148.34,2024-01-17 09:45:00-05:00,148.34,TP,0.019,1.328,1.2183,1218.27
2024-01-18 04:30:00-05:00,LONG,Bounce,147.729,147.65451306918212,148.241,2024-01-18 08:45:00-05:00,148.241,TP,0.019,6.8737,6.6186,6618.61
2024-01-18 20:15:00-05:00,LONG,Breakout,148.298,148.24353107894095,148.515,2024-01-18 20:30:00-05:00,148.24353107894095,SL,0.026,-1.0,-1.4773,-1477.34
2024-01-19 00:30:00-05:00,LONG,Breakout,148.612,148.44414268990135,148.825,2024-01-19 02:00:00-05:00,148.44414268990135,SL,0.026,-1.0,-1.1549,-1154.89
2024-01-22 19:00:00-05:00,LONG,Breakout,148.163,148.11863377053353,148.295,2024-01-22 19:15:00-05:00,148.11863377053353,SL,0.025667,-1.0,-1.5785,-1578.52
2024-01-22 21:00:00-05:00,LONG,Breakout,148.168,148.1178794835545,148.295,2024-01-22 21:30:00-05:00,148.1178794835545,SL,0.026,-1.0,-1.5187,-1518.75
2024-01-22 21:45:00-05:00,LONG,Breakout,148.211,148.11636108796256,148.295,2024-01-22 22:00:00-05:00,148.11636108796256,SL,0.026667,-1.0,-1.2818,-1281.77
2024-01-22 22:15:00-05:00,LONG,Retest,148.348,148.10795522380445,148.796,2024-01-22 22:45:00-05:00,148.10795522380445,SL,0.026,-1.0,-1.1083,-1108.31
2024-01-25 02:30:00-05:00,LONG,Bounce,147.589,147.5382352961541,148.685,2024-01-25 05:00:00-05:00,147.5382352961541,SL,0.019,-1.0,-1.3743,-1374.28
2024-01-25 08:15:00-05:00,LONG,Bounce,147.631,147.53731192791727,147.87,2024-01-25 08:30:00-05:00,147.53731192791727,SL,0.0192,-1.0,-1.2049,-1204.94
2024-01-26 04:00:00-05:00,LONG,Breakout,148.029,147.81862183892656,148.685,2024-01-26 04:30:00-05:00,147.81862183892656,SL,0.019,-1.0,-1.0903,-1090.31
2024-01-26 08:30:00-05:00,LONG,Bounce,147.743,147.44330590944608,148.08,2024-01-26 10:00:00-05:00,148.08,TP,0.0192,1.1245,1.0604,1060.41
2024-01-28 19:00:00-05:00,LONG,Breakout,148.239,148.17803577897493,148.685,2024-01-28 19:45:00-05:00,148.17803577897493,SL,0.025733,-1.0,-1.4221,-1422.11
2024-01-30 02:30:00-05:00,LONG,Bounce,147.24,147.16343846249472,147.474,2024-01-30 02:45:00-05:00,147.16343846249472,SL,0.019,-1.0,-1.2482,-1248.17
2024-01-30 03:15:00-05:00,LONG,Breakout,147.518,147.4536379380834,148.082,2024-01-30 03:30:00-05:00,147.4536379380834,SL,0.019,-1.0,-1.2952,-1295.2
2024-01-30 10:00:00-05:00,LONG,Breakout,147.672,147.5149620498321,148.082,2024-01-30 18:00:00-05:00,147.5149620498321,SL,0.019,-1.0,-1.121,-1120.99
2024-02-02 02:00:00-05:00,SHORT,Bounce,146.481,146.52192159243603,146.23,2024-02-02 02:15:00-05:00,146.52192159243603,SL,0.022,-1.0,-1.5376,-1537.61
2024-02-04 19:15:00-05:00,LONG,Breakout,148.691,148.55253739065452,148.796,2024-02-04 19:30:00-05:00,148.796,TP,0.026,0.7583,0.5706,570.55
2024-02-05 10:15:00-05:00,LONG,Breakout,148.626,148.57678527018393,148.813,2024-02-05 10:45:00-05:00,148.813,TP,0.019,3.7997,3.4136,3413.61
2024-02-06 20:45:00-05:00,LONG,Bounce,147.791,147.71457313047733,148.78,2024-02-07 09:45:00-05:00,147.71457313047733,SL,0.026,-1.0,-1.3402,-1340.19
2024-02-07 09:45:00-05:00,LONG,Bounce,147.775,147.71531271363258,148.78,2024-02-08 02:30:00-05:00,148.78,TP,0.019,16.8378,16.5194,16519.43
2024-02-12 09:30:00-05:00,LONG,Breakout,149.309,149.2283158154713,149.527,2024-02-12 23:00:00-05:00,149.527,TP,0.017,2.7019,2.4912,2491.19
2024-02-13 02:15:00-05:00,LONG,Breakout,149.604,149.55773019729955,149.663,2024-02-13 02:30:00-05:00,149.55773019729955,SL,0.02,-1.0,-1.4322,-1432.25
2024-02-13 02:45:00-05:00,LONG,Breakout,149.581,149.55691838440626,149.663,2024-02-13 03:00:00-05:00,149.55691838440626,SL,0.016,-1.0,-1.6644,-1664.41
2024-02-13 08:30:00-05:00,LONG,Breakout,150.301,149.65857456409822,150.685,2024-02-13 11:15:00-05:00,150.685,TP,0.0186,0.5977,0.5688,568.78
2024-02-15 02:45:00-05:00,LONG,Bounce,150.196,150.11573251490552,150.614,2024-02-15 03:00:00-05:00,150.11573251490552,SL,0.018,-1.0,-1.2243,-1224.25
2024-02-15 21:45:00-05:00,LONG,Breakout,150.271,150.22334140315252,150.614,2024-02-15 22:00:00-05:00,150.22334140315252,SL,0.024,-1.0,-1.5036,-1503.58
2024-02-16 10:15:00-05:00,LONG,Breakout,150.318,150.27987540338972,150.744,2024-02-16 10:30:00-05:00,150.27987540338972,SL,0.019,-1.0,-1.4984,-1498.37
2024-02-19 18:30:00-05:00,LONG,Breakout,150.25,150.1752895480609,150.639,2024-02-20 05:15:00-05:00,150.1752895480609,SL,0.0236,-1.0,-1.3159,-1315.89
2024-02-21 02:45:00-05:00,LONG,Breakout,150.138,150.07058337073164,150.431,2024-02-21 04:15:00-05:00,150.07058337073164,SL,0.018,-1.0,-1.267,-1267.0
2024-02-21 20:00:00-05:00,LONG,Breakout,150.411,150.36926075672687,150.639,2024-02-21 20:15:00-05:00,150.36926075672687,SL,0.024,-1.0,-1.575,-1575.0
2024-02-21 21:45:00-05:00,LONG,Retest,150.395,150.37080242890806,150.639,2024-02-21 22:00:00-05:00,150.37080242890806,SL,0.023667,-1.0,-1.9781,-1978.06
2024-02-23 03:00:00-05:00,LONG,Breakout,150.582,150.53953682039526,150.679,2024-02-23 04:00:00-05:00,150.679,TP,0.018,2.2843,1.8604,1860.44
2024-02-25 20:15:00-05:00,LONG,Bounce,150.33,150.27049479072662,150.76,2024-02-26 10:00:00-05:00,150.76,TP,0.024,7.2263,6.8229,6822.93
2024-03-01 02:15:00-05:00,LONG,Breakout,150.432,150.39205385566765,150.837,2024-03-01 05:15:00-05:00,150.39205385566765,SL,0.022,-1.0,-1.5507,-1550.74
2024-03-01 07:15:00-05:00,LONG,Retest,150.465,150.38593330020288,150.677,2024-03-01 09:45:00-05:00,150.677,TP,0.019,2.6813,2.441,2440.98
2024-03-04 03:30:00-05:00,LONG,Breakout,150.283,150.1844891677412,150.716,2024-03-04 04:45:00-05:00,150.1844891677412,SL,0.018,-1.0,-1.1827,-1182.72
2024-03-04 04:45:00-05:00,LONG,Retest,150.238,150.18367205955505,150.391,2024-03-04 05:30:00-05:00,150.391,TP,0.018,2.8162,2.4849,2484.91
2024-03-05 02:45:00-05:00,LONG,Bounce,150.412,150.3319285226235,150.534,2024-03-05 08:00:00-05:00,150.3319285226235,SL,0.018,-1.0,-1.2248,-1224.8
2024-03-08 08:30:00-05:00,SHORT,Breakout,146.626,146.90375965173166,146.455,2024-03-08 08:45:00-05:00,146.90375965173166,SL,0.017333,-1.0,-1.0624,-1062.4
2024-03-08 09:15:00-05:00,SHORT,Breakout,146.812,146.9070178406904,146.455,2024-03-08 09:30:00-05:00,146.9070178406904,SL,0.017,-1.0,-1.1789,-1178.91
2024-03-11 19:15:00-04:00,SHORT,Breakout,146.712,146.74685833397785,146.477,2024-03-11 19:30:00-04:00,146.74685833397785,SL,0.022,-1.0,-1.6311,-1631.13
2024-03-11 20:00:00-04:00,SHORT,Breakout,146.641,146.74853657425268,146.477,2024-03-11 20:15:00-04:00,146.74853657425268,SL,0.022,-1.0,-1.2046,-1204.58
2024-03-12 08:30:00-04:00,SHORT,Bounce,147.16,147.62126946176681,146.609,2024-03-12 08:45:00-04:00,147.62126946176681,SL,0.017333,-1.0,-1.0376,-1037.58
2024-03-14 08:30:00-04:00,SHORT,Bounce,147.63,147.98322366929992,147.519,2024-03-14 09:00:00-04:00,147.98322366929992,SL,0.017333,-1.0,-1.0491,-1049.07
2024-03-17 20:30:00-04:00,LONG,Breakout,149.162,149.0951167587683,149.461,2024-03-17 22:00:00-04:00,149.0951167587683,SL,0.022,-1.0,-1.3289,-1328.93
2024-03-18 13:00:00-04:00,LONG,Bounce,149.097,148.98422625020245,149.299,2024-03-18 21:00:00-04:00,149.299,TP,0.022,1.7912,1.5961,1596.12
2024-03-19 19:45:00-04:00,LONG,Breakout,151.014,150.93645828477392,151.29,2024-03-19 20:15:00-04:00,151.29,TP,0.024,3.5594,3.2499,3249.86
2024-03-20 14:00:00-04:00,LONG,Bounce,151.592,151.31171778889976,151.807,2024-03-20 14:30:00-04:00,151.31171778889976,SL,0.024667,-1.0,-1.088,-1088.01
2024-03-21 10:00:00-04:00,LONG,Breakout,151.48,151.42203369669818,151.702,2024-03-21 10:15:00-04:00,151.42203369669818,SL,0.019,-1.0,-1.3278,-1327.78
2024-03-21 10:45:00-04:00,LONG,Retest,151.499,151.42211305818,151.702,2024-03-21 12:30:00-04:00,151.702,TP,0.019,2.6402,2.3931,2393.12
2024-03-21 21:30:00-04:00,LONG,Breakout,151.786,151.72848491750875,151.901,2024-03-21 22:00:00-04:00,151.72848491750875,SL,0.024,-1.0,-1.4173,-1417.28
2024-03-22 04:15:00-04:00,LONG,Bounce,151.466,151.38936206628907,151.852,2024-03-22 08:00:00-04:00,151.38936206628907,SL,0.018,-1.0,-1.2349,-1234.87
2024-03-26 08:30:00-04:00,LONG,Breakout,151.46,151.40710117987624,151.537,2024-03-26 09:00:00-04:00,151.40710117987624,SL,0.019,-1.0,-1.3592,-1359.18
2024-03-26 11:45:00-04:00,LONG,Breakout,151.572,151.45211749699297,151.644,2024-03-26 13:00:00-04:00,151.45211749699297,SL,0.019,-1.0,-1.1585,-1158.49
2024-03-26 13:30:00-04:00,LONG,Retest,151.499,151.45302471147588,151.644,2024-03-26 20:45:00-04:00,151.45302471147588,SL,0.023667,-1.0,-1.5148,-1514.77
2024-03-26 21:15:00-04:00,LONG,Breakout,151.68,151.5601812054004,151.852,2024-03-26 22:30:00-04:00,151.852,TP,0.0234,1.4355,1.2402,1240.21
2024-03-27 04:30:00-04:00,LONG,Breakout,151.824,151.77805581313086,151.96,2024-03-27 04:45:00-04:00,151.77805581313086,SL,0.018,-1.0,-1.3918,-1391.78
2024-03-27 21:00:00-04:00,LONG,Breakout,151.474,151.40106185819332,151.833,2024-03-27 21:30:00-04:00,151.40106185819332,SL,0.024,-1.0,-1.329,-1329.05
2024-03-28 09:45:00-04:00,LONG,Bounce,151.268,151.22554718823687,151.493,2024-03-28 10:00:00-04:00,151.22554718823687,SL,0.019,-1.0,-1.4476,-1447.56
2024-03-28 19:00:00-04:00,LONG,Breakout,151.424,151.40446770724648,151.493,2024-03-28 20:00:00-04:00,151.40446770724648,SL,0.024,-1.0,-2.2287,-2228.73
2024-03-31 19:45:00-04:00,LONG,Breakout,151.393,151.3705641282471,151.448,2024-03-31 20:00:00-04:00,151.3705641282471,SL,0.024,-1.0,-2.0697,-2069.72
2024-04-01 08:00:00-04:00,LONG,Breakout,151.455,151.3927048840753,151.489,2024-04-01 09:15:00-04:00,151.489,TP,0.019,0.5458,0.2408,240.79
2024-04-01 21:00:00-04:00,LONG,Breakout,151.677,151.65591281370544,151.764,2024-04-01 21:15:00-04:00,151.65591281370544,SL,0.024,-1.0,-2.1381,-2138.13
2024-04-02 09:30:00-04:00,LONG,Bounce,151.592,151.5355804791419,151.79,2024-04-02 10:00:00-04:00,151.5355804791419,SL,0.019,-1.0,-1.3368,-1336.76
2024-04-03 02:15:00-04:00,LONG,Breakout,151.637,151.62078785574647,151.709,2024-04-03 02:30:00-04:00,151.62078785574647,SL,0.021933,-1.0,-2.3529,-2352.9
2024-04-03 02:45:00-04:00,LONG,Breakout,151.66,151.62061503888344,151.709,2024-04-03 03:00:00-04:00,151.709,TP,0.018,1.2441,0.7871,787.1
2024-04-03 08:15:00-04:00,LONG,Breakout,151.869,151.78222840533098,151.96,2024-04-03 10:00:00-04:00,151.78222840533098,SL,0.019,-1.0,-1.219,-1218.97
2024-04-03 10:15:00-04:00,LONG,Breakout,151.815,151.7781154874384,151.96,2024-04-03 10:30:00-04:00,151.7781154874384,SL,0.018667,-1.0,-1.5061,-1506.08
2024-04-03 20:00:00-04:00,LONG,Bounce,151.574,151.55732005700034,151.697,2024-04-03 20:45:00-04:00,151.55732005700034,SL,0.023867,-1.0,-2.4309,-2430.86
2024-04-05 04:15:00-04:00,LONG,Breakout,151.412,151.31452697420283,151.761,2024-04-05 08:15:00-04:00,151.31452697420283,SL,0.018,-1.0,-1.1847,-1184.67
2024-04-05 08:30:00-04:00,LONG,Breakout,151.637,151.4241598406194,151.761,2024-04-07 20:45:00-04:00,151.761,TP,0.019333,0.5826,0.4918,491.76
2024-04-07 21:15:00-04:00,LONG,Breakout,151.757,151.73016650033657,151.946,2024-04-07 22:00:00-04:00,151.73016650033657,SL,0.024,-1.0,-1.8944,-1894.4
2024-04-07 23:15:00-04:00,LONG,Retest,151.753,151.73165647346053,151.946,2024-04-08 09:45:00-04:00,151.73165647346053,SL,0.023667,-1.0,-2.1088,-2108.85
2024-04-08 20:45:00-04:00,LONG,Breakout,151.898,151.84306656526718,151.935,2024-04-08 22:00:00-04:00,151.84306656526718,SL,0.023867,-1.0,-1.4345,-1434.47
2024-04-08 23:30:00-04:00,LONG,Retest,151.868,151.8443977633982,151.912,2024-04-08 23:45:00-04:00,151.8443977633982,SL,0.021867,-1.0,-1.9265,-1926.47
2024-04-12 08:15:00-04:00,LONG,Bounce,153.133,153.10932786637258,153.377,2024-04-12 08:30:00-04:00,153.10932786637258,SL,0.019,-1.0,-1.8026,-1802.63
2024-04-15 20:15:00-04:00,LONG,Breakout,154.28,154.24487103212718,154.436,2024-04-15 21:00:00-04:00,154.24487103212718,SL,0.024,-1.0,-1.6832,-1683.2
2024-04-16 01:30:00-04:00,LONG,Retest,154.338,154.2480758740443,154.41,2024-04-16 02:15:00-04:00,154.41,TP,0.021733,0.8007,0.559,558.99
2024-04-16 12:30:00-04:00,LONG,Retest,154.62,154.5745321788314,154.759,2024-04-16 12:45:00-04:00,154.5745321788314,SL,0.024,-1.0,-1.5278,-1527.85
2024-04-18 19:45:00-04:00,LONG,Bounce,154.603,154.5265964599017,154.668,2024-04-18 21:00:00-04:00,154.5265964599017,SL,0.024,-1.0,-1.3141,-1314.12
2024-04-21 20:00:00-04:00,LONG,Breakout,154.654,154.6143124904376,154.702,2024-04-21 20:30:00-04:00,154.6143124904376,SL,0.024,-1.0,-1.6047,-1604.72
2024-04-21 20:45:00-04:00,LONG,Breakout,154.662,154.61423044514993,154.774,2024-04-21 21:30:00-04:00,154.61423044514993,SL,0.0238,-1.0,-1.4982,-1498.23
2024-04-21 21:30:00-04:00,LONG,Breakout,154.649,154.61492386588716,154.774,2024-04-21 21:45:00-04:00,154.61492386588716,SL,0.024,-1.0,-1.7043,-1704.31
2024-04-24 11:00:00-04:00,LONG,Retest,155.012,154.94964321310084,155.164,2024-04-24 13:15:00-04:00,155.164,TP,0.019,2.4376,2.1329,2132.89
2024-04-30 08:15:00-04:00,LONG,Breakout,157.015,156.95143683881523,160.215,2024-05-01 16:15:00-04:00,156.95143683881523,SL,0.019,-1.0,-1.2989,-1298.92
2024-05-02 21:00:00-04:00,LONG,Bounce,153.175,153.0015257163084,153.792,2024-05-02 21:15:00-04:00,153.0015257163084,SL,0.024,-1.0,-1.1383,-1138.35
2024-05-03 08:30:00-04:00,SHORT,Breakout,152.225,152.984175868345,151.761,2024-05-03 10:45:00-04:00,152.984175868345,SL,0.019333,-1.0,-1.0255,-1025.47
2024-05-03 11:00:00-04:00,SHORT,Retest,152.869,152.991225761856,151.852,2024-05-05 18:15:00-04:00,152.991225761856,SL,0.019,-1.0,-1.1555,-1155.45
2024-05-06 08:15:00-04:00,SHORT,Breakout,153.555,153.66854377018484,152.778,2024-05-06 09:15:00-04:00,153.66854377018484,SL,0.019,-1.0,-1.1673,-1167.34
2024-05-08 03:00:00-04:00,LONG,Breakout,155.296,155.23715039976307,156.274,2024-05-08 03:30:00-04:00,155.23715039976307,SL,0.018,-1.0,-1.3059,-1305.86
2024-05-08 03:30:00-04:00,LONG,Breakout,155.293,155.23705519163244,156.274,2024-05-08 04:30:00-04:00,155.23705519163244,SL,0.018,-1.0,-1.3217,-1321.75
2024-05-09 02:00:00-04:00,LONG,Breakout,155.715,155.6769782727652,156.274,2024-05-09 02:15:00-04:00,155.6769782727652,SL,0.021933,-1.0,-1.5769,-1576.86
2024-05-10 10:15:00-04:00,LONG,Breakout,155.827,155.75769783761478,155.942,2024-05-10 13:15:00-04:00,155.75769783761478,SL,0.019,-1.0,-1.2742,-1274.16
2024-05-12 20:15:00-04:00,LONG,Breakout,155.904,155.88424201017273,155.942,2024-05-12 20:30:00-04:00,155.88424201017273,SL,0.024,-1.0,-2.2147,-2214.7
2024-05-12 20:45:00-04:00,LONG,Breakout,155.919,155.88437908019995,156.274,2024-05-12 21:00:00-04:00,155.88437908019995,SL,0.024,-1.0,-1.6932,-1693.22
2024-05-13 11:00:00-04:00,LONG,Breakout,156.182,155.90077832378952,156.274,2024-05-13 20:00:00-04:00,156.274,TP,0.019,0.3271,0.2596,259.58
2024-05-13 20:00:00-04:00,LONG,Breakout,156.267,156.23196698805006,157.752,2024-05-14 09:15:00-04:00,156.23196698805006,SL,0.023933,-1.0,-1.6832,-1683.17
2024-05-14 09:15:00-04:00,LONG,Bounce,156.396,156.2584105622446,157.752,2024-05-15 01:00:00-04:00,156.2584105622446,SL,0.019,-1.0,-1.1381,-1138.09
2024-05-15 02:15:00-04:00,LONG,Bounce,156.351,156.2835641200609,156.55,2024-05-15 02:45:00-04:00,156.2835641200609,SL,0.022,-1.0,-1.3262,-1326.24
2024-05-20 08:00:00-04:00,LONG,Breakout,155.823,155.76541603306757,155.926,2024-05-20 08:15:00-04:00,155.926,TP,0.019,1.7887,1.4587,1458.74
2024-05-21 10:00:00-04:00,LONG,Bounce,156.09,155.99931979128263,156.537,2024-05-21 10:45:00-04:00,155.99931979128263,SL,0.019,-1.0,-1.2095,-1209.53
2024-05-21 20:45:00-04:00,LONG,Breakout,156.256,156.22791897710079,156.427,2024-05-21 22:00:00-04:00,156.22791897710079,SL,0.024,-1.0,-1.8547,-1854.67
2024-05-22 02:00:00-04:00,LONG,Breakout,156.351,156.3284382034284,156.427,2024-05-22 02:15:00-04:00,156.427,TP,0.021867,3.3685,2.3993,2399.34
2024-05-22 21:15:00-04:00,LONG,Breakout,156.859,156.78405740262474,157.752,2024-05-22 21:30:00-04:00,156.78405740262474,SL,0.024,-1.0,-1.3202,-1320.25
2024-05-23 02:30:00-04:00,LONG,Bounce,156.649,156.6208496376295,156.889,2024-05-23 02:45:00-04:00,156.6208496376295,SL,0.018,-1.0,-1.6394,-1639.42
2024-05-23 03:00:00-04:00,LONG,Bounce,156.65,156.62051014673156,156.889,2024-05-23 03:15:00-04:00,156.62051014673156,SL,0.018,-1.0,-1.6104,-1610.38
2024-05-23 08:00:00-04:00,LONG,Bounce,156.569,156.533397339117,156.784,2024-05-23 08:15:00-04:00,156.533397339117,SL,0.019,-1.0,-1.5337,-1533.67
2024-05-23 09:45:00-04:00,LONG,Breakout,157.082,156.76499595936338,157.752,2024-05-23 10:00:00-04:00,156.76499595936338,SL,0.019333,-1.0,-1.061,-1060.99
2024-05-23 10:00:00-04:00,LONG,Bounce,156.999,156.5189676765517,157.752,2024-05-30 09:00:00-04:00,156.5189676765517,SL,0.019,-1.0,-1.0396,-1039.58
2024-05-30 19:30:00-04:00,LONG,Breakout,156.905,156.85479110684778,157.104,2024-05-30 20:30:00-04:00,156.85479110684778,SL,0.022933,-1.0,-1.4568,-1456.76
2024-05-30 20:45:00-04:00,LONG,Bounce,156.729,156.69924959881828,157.104,2024-05-30 21:15:00-04:00,156.69924959881828,SL,0.024,-1.0,-1.8067,-1806.71
2024-05-31 02:15:00-04:00,LONG,Retest,156.914,156.8488762761802,157.016,2024-05-31 03:00:00-04:00,157.016,TP,0.022,1.5662,1.2284,1228.43
2024-05-31 03:00:00-04:00,LONG,Breakout,157.034,156.99817258701452,157.104,2024-05-31 03:15:00-04:00,156.99817258701452,SL,0.018,-1.0,-1.5024,-1502.41
2024-05-31 03:30:00-04:00,LONG,Breakout,157.083,156.99797534288498,157.694,2024-05-31 08:30:00-04:00,156.99797534288498,SL,0.018,-1.0,-1.2117,-1211.7
2024-06-02 23:45:00-04:00,LONG,Breakout,157.411,157.31988135839083,157.694,2024-06-03 02:00:00-04:00,157.31988135839083,SL,0.023067,-1.0,-1.2531,-1253.15
2024-06-03 19:45:00-04:00,LONG,Bounce,156.081,156.0103187397871,156.276,2024-06-03 20:00:00-04:00,156.0103187397871,SL,0.023867,-1.0,-1.3377,-1337.67
2024-06-03 20:00:00-04:00,LONG,Bounce,156.144,156.008424544088,156.276,2024-06-03 20:30:00-04:00,156.276,TP,0.024,0.9736,0.7966,796.6
2024-06-03 20:45:00-04:00,LONG,Breakout,156.375,156.25621659014627,157.458,2024-06-04 00:45:00-04:00,156.25621659014627,SL,0.024,-1.0,-1.202,-1202.05
2024-06-05 20:45:00-04:00,SHORT,Breakout,155.64,155.73571213634568,154.539,2024-06-06 00:15:00-04:00,155.73571213634568,SL,0.021,-1.0,-1.2194,-1219.41
2024-06-06 02:30:00-04:00,SHORT,Bounce,156.081,156.17679391294945,155.353,2024-06-06 03:15:00-04:00,156.17679391294945,SL,0.016,-1.0,-1.167,-1167.03
2024-06-07 02:00:00-04:00,SHORT,Breakout,155.309,155.48578703793848,154.539,2024-06-07 04:00:00-04:00,155.48578703793848,SL,0.021,-1.0,-1.1188,-1118.79
2024-06-10 13:00:00-04:00,LONG,Breakout,157.039,156.9874271248954,157.176,2024-06-10 13:15:00-04:00,156.9874271248954,SL,0.021,-1.0,-1.4072,-1407.19
2024-06-10 19:45:00-04:00,LONG,Retest,157.034,156.9917007560346,157.086,2024-06-10 20:00:00-04:00,157.086,TP,0.020667,1.2293,0.7408,740.75
2024-06-10 20:00:00-04:00,LONG,Breakout,157.133,157.07532213060355,157.176,2024-06-10 20:15:00-04:00,157.176,TP,0.021,0.7455,0.3814,381.43
2024-06-11 05:00:00-04:00,LONG,Bounce,157.247,157.12657537567048,157.458,2024-06-11 06:30:00-04:00,157.12657537567048,SL,0.016,-1.0,-1.1329,-1132.86
2024-06-12 02:00:00-04:00,LONG,Breakout,157.242,157.22073392463986,157.392,2024-06-12 02:15:00-04:00,157.22073392463986,SL,0.021,-1.0,-1.9875,-1987.49
2024-06-12 02:45:00-04:00,LONG,Breakout,157.28,157.22045365613477,157.392,2024-06-12 08:15:00-04:00,157.22045365613477,SL,0.016,-1.0,-1.2687,-1268.7
2024-06-12 22:00:00-04:00,LONG,Breakout,156.936,156.8680036375754,157.366,2024-06-12 22:15:00-04:00,156.8680036375754,SL,0.021,-1.0,-1.3088,-1308.84
2024-06-13 23:15:00-04:00,LONG,Breakout,157.761,157.23057206363308,157.979,2024-06-14 01:45:00-04:00,157.979,TP,0.021,0.411,0.3714,371.4
2024-06-17 03:00:00-04:00,LONG,Bounce,157.408,157.23382616215355,157.655,2024-06-17 04:30:00-04:00,157.655,TP,0.016,1.4181,1.3263,1326.26
2024-06-18 20:15:00-04:00,LONG,Breakout,157.902,157.8760577276063,158.221,2024-06-18 20:30:00-04:00,157.8760577276063,SL,0.0206,-1.0,-1.7941,-1794.07
2024-06-20 02:00:00-04:00,LONG,Breakout,158.118,158.09824399694452,158.221,2024-06-20 02:45:00-04:00,158.09824399694452,SL,0.020067,-1.0,-2.0157,-2015.73
2024-06-20 19:45:00-04:00,LONG,Breakout,158.927,158.8885169953093,160.215,2024-06-20 22:15:00-04:00,158.8885169953093,SL,0.020933,-1.0,-1.544,-1543.96
2024-06-21 09:00:00-04:00,LONG,Breakout,159.007,158.9791181872941,159.116,2024-06-21 09:15:00-04:00,158.9791181872941,SL,0.016,-1.0,-1.5739,-1573.85
2024-06-21 09:45:00-04:00,LONG,Breakout,159.142,158.9759579655558,160.215,2024-06-24 06:00:00-04:00,158.9759579655558,SL,0.0162,-1.0,-1.0976,-1097.57
2024-06-25 08:30:00-04:00,LONG,Breakout,159.634,159.52752555693164,159.694,2024-06-25 09:15:00-04:00,159.694,TP,0.016,0.5635,0.4132,413.24
2024-06-25 09:45:00-04:00,LONG,Retest,159.622,159.52763771867714,159.748,2024-06-25 11:30:00-04:00,159.748,TP,0.016,1.3353,1.1657,1165.72
2024-06-25 21:15:00-04:00,LONG,Breakout,159.768,159.73985550153398,159.802,2024-06-25 21:30:00-04:00,159.802,TP,0.021,1.2081,0.4619,461.9
2024-06-26 01:30:00-04:00,LONG,Retest,159.774,159.73973721169796,159.893,2024-06-26 03:15:00-04:00,159.893,TP,0.0192,3.4732,2.9128,2912.78
2024-06-26 03:15:00-04:00,LONG,Breakout,159.909,159.8829850174733,160.215,2024-06-26 03:30:00-04:00,159.8829850174733,SL,0.016,-1.0,-1.615,-1615.03
2024-06-27 08:45:00-04:00,LONG,Bounce,160.392,160.2838930951412,160.601,2024-06-27 10:15:00-04:00,160.601,TP,0.016,1.9333,1.7853,1785.27
2024-06-30 20:30:00-04:00,LONG,Breakout,160.976,160.93563702678128,161.123,2024-06-30 20:45:00-04:00,161.123,TP,0.021,3.642,3.1217,3121.67
2024-07-01 00:00:00-04:00,LONG,Retest,161.022,160.93760660528366,161.177,2024-07-01 02:00:00-04:00,160.93760660528366,SL,0.0208,-1.0,-1.2465,-1246.46
2024-07-04 16:15:00-04:00,LONG,Breakout,161.206,161.17893746294237,161.566,2024-07-04 18:00:00-04:00,161.17893746294237,SL,0.027467,-1.0,-2.0149,-2014.93
2024-07-04 20:45:00-04:00,LONG,Bounce,161.064,160.93579570489723,161.566,2024-07-04 21:00:00-04:00,160.93579570489723,SL,0.021,-1.0,-1.1638,-1163.8
2024-07-04 21:45:00-04:00,LONG,Bounce,161.004,160.93182637774808,161.566,2024-07-04 22:15:00-04:00,160.93182637774808,SL,0.021,-1.0,-1.291,-1290.97
2024-07-05 08:45:00-04:00,LONG,Breakout,160.936,160.81858593020286,161.389,2024-07-05 09:00:00-04:00,160.81858593020286,SL,0.016,-1.0,-1.1363,-1136.27
2024-07-05 09:15:00-04:00,LONG,Breakout,160.907,160.81796337859328,161.389,2024-07-05 11:15:00-04:00,160.81796337859328,SL,0.016,-1.0,-1.1797,-1179.7
2024-07-05 13:00:00-04:00,LONG,Retest,160.875,160.82161388869676,161.326,2024-07-05 13:30:00-04:00,160.82161388869676,SL,0.020733,-1.0,-1.3884,-1388.37
2024-07-08 19:45:00-04:00,LONG,Breakout,160.851,160.81304472412106,161.111,2024-07-08 20:00:00-04:00,160.81304472412106,SL,0.020667,-1.0,-1.5445,-1544.5
2024-07-08 20:45:00-04:00,LONG,Breakout,160.883,160.8115313818623,161.111,2024-07-08 22:00:00-04:00,161.111,TP,0.021,3.1902,2.8964,2896.38
2024-07-09 02:00:00-04:00,LONG,Retest,160.907,160.8086372868593,161.121,2024-07-09 02:15:00-04:00,160.8086372868593,SL,0.019733,-1.0,-1.2006,-1200.62
2024-07-09 03:00:00-04:00,LONG,Bounce,160.83,160.70723732689476,161.121,2024-07-09 07:00:00-04:00,161.121,TP,0.016,2.3704,2.2401,2240.09
2024-07-09 07:00:00-04:00,LONG,Breakout,161.143,161.10679393779975,161.326,2024-07-09 07:15:00-04:00,161.10679393779975,SL,0.016,-1.0,-1.4419,-1441.91
2024-07-09 08:30:00-04:00,LONG,Breakout,161.149,161.1067059025307,161.326,2024-07-09 08:45:00-04:00,161.1067059025307,SL,0.016,-1.0,-1.3783,-1378.3
2024-07-09 10:15:00-04:00,LONG,Breakout,161.162,161.09995897650407,161.326,2024-07-09 10:45:00-04:00,161.326,TP,0.016,2.6434,2.3855,2385.52
2024-07-10 10:45:00-04:00,LONG,Breakout,161.654,161.59378462795624,161.727,2024-07-10 11:15:00-04:00,161.727,TP,0.016,1.2123,0.9466,946.6
2024-07-12 08:00:00-04:00,SHORT,Breakout,158.666,158.88849156965,157.743,2024-07-12 08:30:00-04:00,158.88849156965,SL,0.016,-1.0,-1.0719,-1071.91
2024-07-12 08:45:00-04:00,SHORT,Breakout,158.804,158.89783818459222,157.743,2024-07-12 09:00:00-04:00,157.743,TP,0.016,11.3067,11.1362,11136.19
2024-07-15 12:30:00-04:00,SHORT,Breakout,157.615,157.77175951392866,157.147,2024-07-15 13:00:00-04:00,157.77175951392866,SL,0.021,-1.0,-1.134,-1133.96
2024-07-16 08:45:00-04:00,SHORT,Bounce,158.745,158.80134383782837,157.828,2024-07-17 02:00:00-04:00,157.828,TP,0.016,16.2751,15.9911,15991.1
2024-07-17 19:00:00-04:00,SHORT,Breakout,155.864,156.08181075073784,155.285,2024-07-17 21:30:00-04:00,156.08181075073784,SL,0.021,-1.0,-1.0964,-1096.41
2024-07-18 04:45:00-04:00,SHORT,Bounce,156.457,156.6010920549267,155.81,2024-07-18 09:45:00-04:00,156.6010920549267,SL,0.016,-1.0,-1.111,-1111.04
2024-07-22 01:15:00-04:00,SHORT,Breakout,157.082,157.16649977144382,156.951,2024-07-22 01:30:00-04:00,157.16649977144382,SL,0.021,-1.0,-1.2485,-1248.52
2024-07-23 03:45:00-04:00,SHORT,Breakout,156.034,156.22459839587896,155.81,2024-07-23 08:00:00-04:00,156.22459839587896,SL,0.016,-1.0,-1.0839,-1083.95
2024-07-23 09:30:00-04:00,SHORT,Retest,156.102,156.21803928633292,155.817,2024-07-23 12:30:00-04:00,155.817,TP,0.016,2.4561,2.3182,2318.18
2024-07-23 21:00:00-04:00,SHORT,Breakout,155.414,155.53618270197245,155.115,2024-07-23 23:00:00-04:00,155.115,TP,0.021,2.4472,2.2753,2275.28
2024-07-24 20:30:00-04:00,SHORT,Breakout,153.063,153.56279639017202,152.778,2024-07-24 21:30:00-04:00,152.778,TP,0.021,0.5702,0.5282,528.22
2024-07-25 03:30:00-04:00,SHORT,Breakout,152.119,152.27229915833135,151.852,2024-07-25 03:45:00-04:00,152.27229915833135,SL,0.016,-1.0,-1.1044,-1104.37
2024-07-28 21:30:00-04:00,SHORT,Breakout,153.358,153.56050764975177,153.084,2024-07-28 22:15:00-04:00,153.084,TP,0.021,1.353,1.2493,1249.34
2024-07-29 19:00:00-04:00,SHORT,Breakout,153.846,153.880306709316,153.136,2024-07-29 19:30:00-04:00,153.880306709316,SL,0.021,-1.0,-1.6121,-1612.13
2024-07-29 19:45:00-04:00,SHORT,Breakout,153.825,153.88133798847204,153.136,2024-07-29 20:30:00-04:00,153.88133798847204,SL,0.021,-1.0,-1.3728,-1372.75
2024-07-30 09:15:00-04:00,SHORT,Breakout,154.41,154.6314416352031,153.608,2024-07-30 10:00:00-04:00,154.6314416352031,SL,0.016,-1.0,-1.0723,-1072.25
2024-07-30 10:30:00-04:00,SHORT,Breakout,154.563,154.63282438987375,153.608,2024-07-30 10:45:00-04:00,154.63282438987375,SL,0.016,-1.0,-1.2291,-1229.15
2024-07-30 11:00:00-04:00,SHORT,Breakout,154.141,154.6418842953503,153.608,2024-07-30 12:15:00-04:00,153.608,TP,0.016,1.0641,1.0322,1032.17
2024-07-30 22:15:00-04:00,SHORT,Breakout,152.783,153.0289899434608,151.934,2024-07-30 23:45:00-04:00,153.0289899434608,SL,0.021,-1.0,-1.0854,-1085.37
2024-07-31 02:00:00-04:00,SHORT,Retest,152.812,153.05230879097022,151.561,2024-07-31 03:45:00-04:00,151.561,TP,0.021467,5.2058,5.1165,5116.47
2024-07-31 03:45:00-04:00,SHORT,Breakout,150.914,151.67568381120358,150.253,2024-07-31 04:00:00-04:00,150.253,TP,0.016,0.8678,0.8468,846.81
2024-07-31 20:45:00-04:00,SHORT,Breakout,149.433,149.6489836278412,148.978,2024-07-31 21:15:00-04:00,148.978,TP,0.019,2.1066,2.0187,2018.67
2024-08-01 10:15:00-04:00,SHORT,Bounce,150.207,150.3801615459373,149.422,2024-08-01 16:45:00-04:00,149.422,TP,0.016,4.5333,4.4409,4440.94
2024-08-02 03:00:00-04:00,SHORT,Breakout,148.75,148.91071668920293,148.503,2024-08-02 03:15:00-04:00,148.91071668920293,SL,0.014,-1.0,-1.0871,-1087.11
2024-08-02 08:30:00-04:00,SHORT,Breakout,147.277,148.68304707596795,146.609,2024-08-02 10:45:00-04:00,146.609,TP,0.0142,0.4751,0.465,464.99
2024-08-06 02:15:00-04:00,SHORT,Bounce,145.871,146.45270666208316,144.301,2024-08-06 09:15:00-04:00,144.301,TP,0.019,2.699,2.6663,2666.29
2024-08-08 20:15:00-04:00,SHORT,Bounce,147.318,147.4624476163855,147.084,2024-08-08 20:45:00-04:00,147.4624476163855,SL,0.019,-1.0,-1.1315,-1131.54
2024-08-09 08:30:00-04:00,SHORT,Breakout,146.673,146.74934533248796,145.623,2024-08-09 08:45:00-04:00,146.74934533248796,SL,0.014,-1.0,-1.1834,-1183.38
2024-08-09 11:00:00-04:00,SHORT,Retest,146.547,146.7502594916511,145.623,2024-08-09 13:15:00-04:00,146.7502594916511,SL,0.014,-1.0,-1.0689,-1068.88
2024-08-13 22:00:00-04:00,SHORT,Breakout,146.509,146.61859695187863,146.265,2024-08-13 22:30:00-04:00,146.265,TP,0.016,2.2263,2.0803,2080.35
2024-08-16 04:30:00-04:00,SHORT,Breakout,148.713,148.75854338359625,147.175,2024-08-16 05:00:00-04:00,148.75854338359625,SL,0.014,-1.0,-1.3074,-1307.4
2024-08-16 05:00:00-04:00,SHORT,Retest,148.67,148.7578705705498,147.175,2024-08-18 23:00:00-04:00,147.175,TP,0.014,17.0137,16.8543,16854.33
2024-08-20 08:45:00-04:00,SHORT,Breakout,146.159,146.26318854338652,145.842,2024-08-20 09:30:00-04:00,146.26318854338652,SL,0.014,-1.0,-1.1344,-1134.37
2024-08-21 10:00:00-04:00,SHORT,Bounce,145.626,146.26713642036745,144.926,2024-08-21 14:00:00-04:00,144.926,TP,0.014,1.0918,1.07,1069.98
2024-08-22 19:00:00-04:00,SHORT,Breakout,146.023,146.18812091987968,144.978,2024-08-22 19:45:00-04:00,146.18812091987968,SL,0.016,-1.0,-1.0969,-1096.9
2024-08-22 20:15:00-04:00,SHORT,Breakout,146.079,146.19111435247382,144.978,2024-08-22 20:45:00-04:00,146.19111435247382,SL,0.016267,-1.0,-1.1451,-1145.09
2024-08-23 03:45:00-04:00,SHORT,Bounce,145.821,145.92459702756457,144.978,2024-08-23 04:30:00-04:00,145.92459702756457,SL,0.014,-1.0,-1.1351,-1135.14
2024-08-23 10:00:00-04:00,SHORT,Breakout,145.208,145.3295821270847,144.978,2024-08-23 10:15:00-04:00,145.3295821270847,SL,0.0142,-1.0,-1.1168,-1116.79
2024-08-23 10:30:00-04:00,SHORT,Breakout,145.22,145.33290805855773,144.978,2024-08-23 10:45:00-04:00,144.978,TP,0.014,2.1433,2.0193,2019.34
2024-08-26 08:30:00-04:00,SHORT,Bounce,144.132,144.23604963017766,143.594,2024-08-26 09:30:00-04:00,144.23604963017766,SL,0.014,-1.0,-1.1346,-1134.55
2024-09-02 19:30:00-04:00,SHORT,Breakout,146.731,146.81458648681573,145.769,2024-09-02 19:45:00-04:00,146.81458648681573,SL,0.016,-1.0,-1.1914,-1191.42
2024-09-02 21:45:00-04:00,SHORT,Breakout,146.61,146.82949118108314,145.769,2024-09-03 04:00:00-04:00,145.769,TP,0.016,3.8316,3.7587,3758.69
2024-09-04 03:15:00-04:00,SHORT,Breakout,144.799,144.9202821635784,144.648,2024-09-04 03:30:00-04:00,144.9202821635784,SL,0.014,-1.0,-1.1154,-1115.43
2024-09-04 10:00:00-04:00,SHORT,Breakout,144.289,144.78758040499417,143.663,2024-09-04 17:15:00-04:00,143.663,TP,0.014,1.2556,1.2275,1227.49
2024-09-05 02:15:00-04:00,SHORT,Breakout,143.077,143.2134397202713,141.83,2024-09-05 02:30:00-04:00,143.2134397202713,SL,0.015,-1.0,-1.1099,-1109.94
2024-09-05 08:15:00-04:00,SHORT,Breakout,142.94,143.07973466692584,141.83,2024-09-05 08:30:00-04:00,143.07973466692584,SL,0.014,-1.0,-1.1002,-1100.19
2024-09-06 08:30:00-04:00,SHORT,Bounce,142.416,143.52979361846718,141.83,2024-09-06 09:30:00-04:00,143.52979361846718,SL,0.0142,-1.0,-1.0127,-1012.75
2024-09-09 02:00:00-04:00,SHORT,Bounce,142.807,143.01224370973418,141.941,2024-09-09 02:45:00-04:00,143.01224370973418,SL,0.015,-1.0,-1.0731,-1073.08
2024-09-09 09:30:00-04:00,SHORT,Bounce,142.845,143.01539124143673,141.941,2024-09-09 16:15:00-04:00,143.01539124143673,SL,0.014,-1.0,-1.0822,-1082.16
2024-09-10 09:30:00-04:00,SHORT,Breakout,142.97,143.05858639068433,142.647,2024-09-10 09:45:00-04:00,143.05858639068433,SL,0.014,-1.0,-1.158,-1158.04
2024-09-10 20:00:00-04:00,SHORT,Breakout,142.065,142.21040368690643,141.941,2024-09-10 20:45:00-04:00,142.21040368690643,SL,0.016,-1.0,-1.11,-1110.04
2024-09-10 21:30:00-04:00,SHORT,Breakout,141.938,142.22304173027305,141.493,2024-09-10 23:30:00-04:00,141.493,TP,0.016,1.5612,1.505,1505.04
2024-09-12 09:30:00-04:00,SHORT,Retest,142.115,142.50453052294426,141.244,2024-09-12 10:30:00-04:00,142.50453052294426,SL,0.014,-1.0,-1.0359,-1035.94
2024-09-13 04:00:00-04:00,SHORT,Breakout,140.524,140.68405209798922,140.241,2024-09-13 04:15:00-04:00,140.68405209798922,SL,0.014,-1.0,-1.0875,-1087.47
2024-09-13 06:15:00-04:00,SHORT,Retest,140.557,140.68366443253478,140.241,2024-09-13 06:45:00-04:00,140.68366443253478,SL,0.014,-1.0,-1.1105,-1110.53
2024-09-15 23:15:00-04:00,SHORT,Breakout,140.247,140.30167258286545,138.843,2024-09-16 08:30:00-04:00,140.30167258286545,SL,0.015933,-1.0,-1.2914,-1291.43
2024-09-16 08:45:00-04:00,SHORT,Bounce,140.232,140.30847144678992,139.572,2024-09-16 09:00:00-04:00,140.30847144678992,SL,0.014,-1.0,-1.1831,-1183.07
2024-09-16 19:30:00-04:00,SHORT,Bounce,140.849,140.8979205721425,140.553,2024-09-16 19:45:00-04:00,140.8979205721425,SL,0.016,-1.0,-1.3271,-1327.06
2024-09-16 21:00:00-04:00,SHORT,Breakout,140.494,140.582820719803,139.747,2024-09-16 22:45:00-04:00,140.582820719803,SL,0.016,-1.0,-1.1801,-1180.14
2024-09-17 03:30:00-04:00,SHORT,Retest,140.435,140.58260157823173,140.313,2024-09-17 03:45:00-04:00,140.58260157823173,SL,0.014,-1.0,-1.0948,-1094.85
2024-09-18 14:00:00-04:00,SHORT,Breakout,141.102,141.5843250726453,140.474,2024-09-18 14:30:00-04:00,140.474,TP,0.019467,1.302,1.2617,1261.67
2024-09-20 03:00:00-04:00,SHORT,Bounce,142.835,142.98369584030914,140.432,2024-09-20 03:15:00-04:00,142.98369584030914,SL,0.014,-1.0,-1.0942,-1094.15
2024-09-23 03:15:00-04:00,LONG,Bounce,143.721,143.6500946943159,144.453,2024-09-23 03:30:00-04:00,143.6500946943159,SL,0.014,-1.0,-1.1974,-1197.45
2024-09-26 03:15:00-04:00,LONG,Breakout,145.095,145.00500467142882,145.21,2024-09-26 03:45:00-04:00,145.00500467142882,SL,0.014,-1.0,-1.1556,-1155.56
2024-09-26 04:00:00-04:00,LONG,Breakout,145.127,145.00415716586338,145.21,2024-09-26 04:15:00-04:00,145.00415716586338,SL,0.014,-1.0,-1.114,-1113.97
2024-09-26 20:30:00-04:00,LONG,Breakout,145.247,145.17965466157895,145.541,2024-09-26 20:45:00-04:00,145.17965466157895,SL,0.016,-1.0,-1.2376,-1237.58
2024-10-02 06:30:00-04:00,LONG,Breakout,144.622,144.14788066624166,146.487,2024-10-02 18:15:00-04:00,146.487,TP,0.014,3.9336,3.9041,3904.08
2024-10-03 03:30:00-04:00,LONG,Bounce,146.409,146.22882395603975,147.234,2024-10-04 00:15:00-04:00,146.22882395603975,SL,0.014,-1.0,-1.0777,-1077.7
2024-10-04 08:30:00-04:00,LONG,Breakout,148.282,146.8780260763321,149.09,2024-10-06 18:00:00-04:00,149.09,TP,0.014,0.5755,0.5655,565.54
2024-10-07 03:45:00-04:00,LONG,Bounce,148.267,148.18309920139873,149.109,2024-10-07 04:15:00-04:00,148.18309920139873,SL,0.014,-1.0,-1.1669,-1166.86
2024-10-08 03:45:00-04:00,LONG,Bounce,147.586,147.4685675932749,148.156,2024-10-08 08:30:00-04:00,148.156,TP,0.014,4.8539,4.7346,4734.64
2024-10-08 09:45:00-04:00,LONG,Breakout,148.249,148.126745484039,148.68,2024-10-08 10:15:00-04:00,148.126745484039,SL,0.014,-1.0,-1.1145,-1114.52
2024-10-08 17:15:00-04:00,LONG,Retest,148.191,148.13983971129704,148.68,2024-10-08 19:45:00-04:00,148.13983971129704,SL,0.032467,-1.0,-1.6346,-1634.61
2024-10-09 01:00:00-04:00,LONG,Breakout,148.508,148.40709907418702,148.68,2024-10-09 03:00:00-04:00,148.40709907418702,SL,0.016,-1.0,-1.1586,-1158.57
2024-10-09 03:30:00-04:00,LONG,Breakout,148.507,148.40287218819736,148.68,2024-10-09 04:30:00-04:00,148.68,TP,0.014,1.6614,1.527,1526.97
2024-10-09 20:15:00-04:00,LONG,Bounce,149.062,149.0142739252454,149.356,2024-10-09 20:30:00-04:00,149.0142739252454,SL,0.016,-1.0,-1.3352,-1335.25
2024-10-09 20:30:00-04:00,LONG,Bounce,149.117,149.0135972162993,149.356,2024-10-10 00:15:00-04:00,149.356,TP,0.016,2.3113,2.1566,2156.62
2024-10-14 04:00:00-04:00,LONG,Breakout,149.431,149.33133532914988,149.539,2024-10-14 07:00:00-04:00,149.539,TP,0.014,1.0836,0.9432,943.16
2024-10-15 01:30:00-04:00,LONG,Bounce,149.518,149.4191853855038,149.83,2024-10-15 02:15:00-04:00,149.4191853855038,SL,0.015,-1.0,-1.1518,-1151.8
2024-10-15 21:30:00-04:00,LONG,Bounce,149.069,148.90939156890667,149.534,2024-10-16 10:15:00-04:00,149.534,TP,0.016,2.9134,2.8131,2813.13
2024-10-16 10:15:00-04:00,LONG,Breakout,149.672,149.45683556665267,149.752,2024-10-16 12:00:00-04:00,149.752,TP,0.014,0.3718,0.3067,306.74
2024-10-17 08:30:00-04:00,LONG,Breakout,149.961,149.84181258892858,150.883,2024-10-17 08:45:00-04:00,149.84181258892858,SL,0.014133,-1.0,-1.1186,-1118.58
2024-10-17 10:00:00-04:00,LONG,Breakout,149.91,149.8364457765729,150.883,2024-10-18 01:00:00-04:00,149.8364457765729,SL,0.014,-1.0,-1.1903,-1190.34
2024-10-20 20:45:00-04:00,LONG,Bounce,149.375,149.33499139307125,149.639,2024-10-20 21:00:00-04:00,149.33499139307125,SL,0.016,-1.0,-1.3999,-1399.91
2024-10-21 03:00:00-04:00,LONG,Breakout,149.737,149.6002502902402,150.094,2024-10-21 09:45:00-04:00,150.094,TP,0.014,2.6106,2.5082,2508.23
2024-10-21 10:00:00-04:00,LONG,Retest,150.162,150.06415502796392,150.277,2024-10-21 11:15:00-04:00,150.277,TP,0.016,1.1753,1.0118,1011.8
2024-10-22 09:30:00-04:00,LONG,Bounce,150.793,150.7170132061714,151.055,2024-10-22 10:30:00-04:00,151.055,TP,0.016,3.448,3.2374,3237.4
2024-10-22 20:00:00-04:00,LONG,Breakout,151.275,151.12416009559755,153.895,2024-11-05 21:30:00-05:00,153.895,TP,0.018,17.3694,17.2501,17250.08
2024-11-11 03:00:00-05:00,LONG,Breakout,153.775,153.6390749095762,154.104,2024-11-11 04:30:00-05:00,153.6390749095762,SL,0.012,-1.0,-1.0883,-1088.28
2024-11-13 01:00:00-05:00,LONG,Breakout,155.073,154.91169823745295,155.211,2024-11-13 03:15:00-05:00,155.211,TP,0.0122,0.8555,0.7799,779.9
2024-11-13 19:30:00-05:00,LONG,Breakout,155.643,155.597062765675,155.981,2024-11-13 21:45:00-05:00,155.981,TP,0.012,7.3579,7.0966,7096.64
2024-11-14 15:00:00-05:00,LONG,Breakout,156.376,156.16016294217198,156.63,2024-11-14 15:15:00-05:00,156.16016294217198,SL,0.012,-1.0,-1.0556,-1055.6
2024-11-14 15:30:00-05:00,LONG,Breakout,156.216,156.15859865932174,156.63,2024-11-14 19:30:00-05:00,156.63,TP,0.012,7.2124,7.0033,7003.32
2024-11-19 19:30:00-05:00,LONG,Breakout,154.886,154.77169208081327,155.064,2024-11-19 20:30:00-05:00,154.77169208081327,SL,0.012,-1.0,-1.105,-1104.98
2024-11-19 21:00:00-05:00,LONG,Breakout,154.865,154.76815845033454,155.064,2024-11-19 21:15:00-05:00,154.76815845033454,SL,0.012,-1.0,-1.1239,-1123.91
2024-11-19 21:45:00-05:00,LONG,Retest,154.863,154.76932489627734,155.064,2024-11-19 23:00:00-05:00,155.064,TP,0.012,2.1457,2.0176,2017.61
2024-11-20 19:45:00-05:00,LONG,Bounce,155.074,155.02858394212086,155.533,2024-11-20 20:00:00-05:00,155.02858394212086,SL,0.012,-1.0,-1.2642,-1264.22
2024-11-22 04:00:00-05:00,LONG,Breakout,154.751,154.45981051864337,155.258,2024-11-22 04:30:00-05:00,154.45981051864337,SL,0.011933,-1.0,-1.041,-1040.98
2024-11-27 10:45:00-05:00,SHORT,Breakout,151.095,151.2669419663599,150.89,2024-11-27 11:00:00-05:00,151.2669419663599,SL,0.012,-1.0,-1.0698,-1069.79
2024-11-27 15:15:00-05:00,SHORT,Retest,151.135,151.25347900279436,150.449,2024-11-27 18:45:00-05:00,151.25347900279436,SL,0.012,-1.0,-1.1013,-1101.28
2024-11-28 18:15:00-05:00,SHORT,Breakout,151.329,151.41250400441788,150.908,2024-11-28 19:00:00-05:00,150.908,TP,0.012133,5.0417,4.8964,4896.37
2024-11-29 10:45:00-05:00,SHORT,Bounce,150.172,150.38855521545486,149.827,2024-11-29 11:15:00-05:00,150.38855521545486,SL,0.011933,-1.0,-1.0551,-1055.11
2024-12-02 10:00:00-05:00,SHORT,Breakout,149.907,150.0210019891308,149.482,2024-12-02 10:30:00-05:00,150.0210019891308,SL,0.011933,-1.0,-1.1047,-1104.68
2024-12-02 11:00:00-05:00,SHORT,Retest,149.776,150.02496872166714,149.482,2024-12-02 11:15:00-05:00,149.482,TP,0.012,1.1809,1.1327,1132.67
2024-12-03 08:30:00-05:00,SHORT,Breakout,149.171,149.25441145379256,149.075,2024-12-03 08:45:00-05:00,149.25441145379256,SL,0.012,-1.0,-1.1439,-1143.87
2024-12-03 11:45:00-05:00,SHORT,Retest,149.115,149.27050070442934,148.397,2024-12-03 12:00:00-05:00,149.27050070442934,SL,0.011867,-1.0,-1.0763,-1076.31
2024-12-06 09:45:00-05:00,SHORT,Retest,149.646,149.81088243259708,148.958,2024-12-06 10:00:00-05:00,149.81088243259708,SL,0.0118,-1.0,-1.0716,-1071.57
2024-12-15 20:45:00-05:00,LONG,Breakout,153.903,153.77212382139606,154.215,2024-12-15 22:15:00-05:00,153.77212382139606,SL,0.012333,-1.0,-1.0942,-1094.24
2024-12-16 19:00:00-05:00,LONG,Bounce,154.167,153.9843403199871,154.472,2024-12-16 20:30:00-05:00,153.9843403199871,SL,0.012,-1.0,-1.0657,-1065.7
2024-12-16 20:30:00-05:00,LONG,Bounce,154.066,153.9798075576472,154.472,2024-12-16 21:00:00-05:00,153.9798075576472,SL,0.012133,-1.0,-1.1408,-1140.77
2024-12-17 03:45:00-05:00,LONG,Bounce,153.856,153.7705632282664,154.252,2024-12-17 04:00:00-05:00,153.7705632282664,SL,0.012733,-1.0,-1.149,-1149.04
2024-12-17 04:00:00-05:00,LONG,Bounce,153.86,153.7703801405331,154.252,2024-12-17 04:30:00-05:00,153.7703801405331,SL,0.012333,-1.0,-1.1376,-1137.62
2024-12-17 08:30:00-05:00,LONG,Bounce,153.935,153.77195516469183,154.252,2024-12-17 08:45:00-05:00,153.77195516469183,SL,0.0128,-1.0,-1.0785,-1078.51
2024-12-18 14:00:00-05:00,LONG,Breakout,154.571,154.05446270391914,154.717,2024-12-18 15:30:00-05:00,154.717,TP,0.012667,0.2827,0.2581,258.13
2024-12-19 19:00:00-05:00,LONG,Breakout,157.862,157.77539040634636,158.615,2024-12-19 19:15:00-05:00,157.77539040634636,SL,0.0126,-1.0,-1.1455,-1145.48
2024-12-19 19:30:00-05:00,LONG,Breakout,157.854,157.77400295241088,158.615,2024-12-19 19:45:00-05:00,157.77400295241088,SL,0.0124,-1.0,-1.155,-1155.01
2024-12-23 19:15:00-05:00,LONG,Breakout,157.32,157.24863255201086,157.919,2024-12-23 20:00:00-05:00,157.24863255201086,SL,0.0134,-1.0,-1.1878,-1187.76
2024-12-25 20:15:00-05:00,LONG,Breakout,157.468,157.35828322554,157.919,2024-12-25 22:15:00-05:00,157.35828322554,SL,0.012533,-1.0,-1.1142,-1114.23
2024-12-26 04:00:00-05:00,LONG,Bounce,157.385,157.29000152765963,157.472,2024-12-26 06:00:00-05:00,157.472,TP,0.012467,0.9158,0.7846,784.57
2024-12-27 11:00:00-05:00,LONG,Bounce,157.587,157.55432835972832,157.911,2024-12-27 11:15:00-05:00,157.55432835972832,SL,0.0122,-1.0,-1.3734,-1373.41
2024-12-30 01:00:00-05:00,LONG,Breakout,158.026,157.96776309207814,158.078,2024-12-30 01:15:00-05:00,157.96776309207814,SL,0.012333,-1.0,-1.2118,-1211.78
2024-12-31 10:45:00-05:00,LONG,Breakout,157.155,156.92604479299473,157.981,2025-01-02 01:15:00-05:00,156.92604479299473,SL,0.012333,-1.0,-1.0539,-1053.87
2025-01-03 04:15:00-05:00,LONG,Bounce,157.214,157.1581912147586,157.454,2025-01-03 07:15:00-05:00,157.1581912147586,SL,0.014,-1.0,-1.2509,-1250.86
2025-01-03 08:00:00-05:00,LONG,Bounce,157.124,157.01680306592834,157.42,2025-01-03 10:00:00-05:00,157.42,TP,0.0124,2.7613,2.6456,2645.6
2025-01-05 19:00:00-05:00,LONG,Breakout,157.695,157.46546893948909,157.844,2025-01-06 05:15:00-05:00,157.844,TP,0.015,0.6491,0.5838,583.8
2025-01-07 10:00:00-05:00,LONG,Breakout,158.326,157.81436228354815,158.615,2025-01-07 11:30:00-05:00,157.81436228354815,SL,0.012667,-1.0,-1.0248,-1024.76
2025-01-09 19:00:00-05:00,LONG,Breakout,158.171,158.14298793544134,158.279,2025-01-09 19:15:00-05:00,158.14298793544134,SL,0.012733,-1.0,-1.4546,-1454.57
2025-01-09 21:15:00-05:00,LONG,Retest,158.222,158.13869137668618,158.279,2025-01-09 23:00:00-05:00,158.279,TP,0.0122,0.6842,0.5378,537.76
2025-01-10 08:30:00-05:00,LONG,Breakout,158.654,158.41275070947268,159.311,2025-01-10 09:15:00-05:00,158.41275070947268,SL,0.013,-1.0,-1.0539,-1053.89
2025-01-13 02:15:00-05:00,LONG,Bounce,157.444,157.24015739727346,157.963,2025-01-13 04:30:00-05:00,157.24015739727346,SL,0.0122,-1.0,-1.0599,-1059.85
2025-01-13 19:00:00-05:00,LONG,Bounce,157.433,157.25989441868268,157.813,2025-01-13 20:30:00-05:00,157.25989441868268,SL,0.012,-1.0,-1.0693,-1069.32
2025-01-13 20:30:00-05:00,LONG,Bounce,157.776,157.2497849705144,158.872,2025-01-15 00:30:00-05:00,157.2497849705144,SL,0.012133,-1.0,-1.0231,-1023.06
2025-01-16 08:30:00-05:00,SHORT,Bounce,155.982,156.3384184162022,155.607,2025-01-16 10:15:00-05:00,155.607,TP,0.012067,1.0521,1.0183,1018.28
2025-01-19 19:45:00-05:00,SHORT,Breakout,155.978,156.12489391624766,155.551,2025-01-20 01:30:00-05:00,156.12489391624766,SL,0.012,-1.0,-1.0817,-1081.69
2025-01-20 21:00:00-05:00,SHORT,Breakout,155.389,155.54349795917884,154.429,2025-01-21 01:45:00-05:00,155.54349795917884,SL,0.0122,-1.0,-1.079,-1078.97
2025-01-21 19:15:00-05:00,SHORT,Bounce,155.512,155.61358597329445,155.246,2025-01-21 20:30:00-05:00,155.61358597329445,SL,0.011933,-1.0,-1.1175,-1117.47
2025-01-26 20:00:00-05:00,SHORT,Breakout,155.396,155.53676993369584,154.835,2025-01-26 20:15:00-05:00,155.53676993369584,SL,0.012,-1.0,-1.0852,-1085.25
2025-01-26 20:30:00-05:00,SHORT,Breakout,155.474,155.53774244282957,154.835,2025-01-26 21:15:00-05:00,155.53774244282957,SL,0.012,-1.0,-1.1883,-1188.26
2025-01-27 03:30:00-05:00,SHORT,Breakout,155.155,155.31657926230255,154.835,2025-01-27 04:00:00-05:00,154.835,TP,0.012,1.9805,1.9062,1906.19
2025-01-28 02:45:00-05:00,SHORT,Bounce,155.86,155.97252488860696,153.708,2025-02-04 20:00:00-05:00,153.708,TP,0.012267,19.1247,19.0156,19015.64
2025-02-05 03:30:00-05:00,SHORT,Breakout,153.009,153.11461499482235,152.67,2025-02-05 04:00:00-05:00,153.11461499482235,SL,0.012,-1.0,-1.1136,-1113.62
2025-02-05 10:00:00-05:00,SHORT,Breakout,152.346,152.58757260598315,152.037,2025-02-05 15:00:00-05:00,152.58757260598315,SL,0.0122,-1.0,-1.0505,-1050.5
2025-02-05 20:30:00-05:00,SHORT,Breakout,151.911,152.13865845852234,151.797,2025-02-05 21:15:00-05:00,152.13865845852234,SL,0.012,-1.0,-1.0527,-1052.71
2025-02-06 18:45:00-05:00,SHORT,Breakout,151.164,151.25376848133484,150.998,2025-02-06 19:00:00-05:00,151.25376848133484,SL,0.012,-1.0,-1.1337,-1133.68
2025-02-10 09:30:00-05:00,SHORT,Breakout,151.691,151.78726591440878,150.927,2025-02-10 12:15:00-05:00,151.78726591440878,SL,0.011933,-1.0,-1.124,-1123.96
2025-02-12 18:45:00-05:00,SHORT,Breakout,154.231,154.30124299994213,153.384,2025-02-12 19:30:00-05:00,154.30124299994213,SL,0.012,-1.0,-1.1708,-1170.84
2025-02-12 20:45:00-05:00,SHORT,Breakout,154.252,154.30654924168866,153.384,2025-02-12 21:00:00-05:00,154.30654924168866,SL,0.012,-1.0,-1.22,-1219.98
2025-02-12 22:00:00-05:00,SHORT,Retest,154.217,154.30433673951757,154.118,2025-02-12 23:00:00-05:00,154.30433673951757,SL,0.012,-1.0,-1.1374,-1137.4
2025-02-14 08:30:00-05:00,SHORT,Breakout,152.236,152.49146761357056,151.646,2025-02-16 21:30:00-05:00,151.646,TP,0.011933,2.3095,2.2628,2262.78
2025-02-19 09:30:00-05:00,SHORT,Breakout,151.414,151.56742511005072,151.229,2025-02-19 11:15:00-05:00,151.56742511005072,SL,0.012,-1.0,-1.0782,-1078.21
2025-02-19 14:45:00-05:00,SHORT,Retest,151.51,151.56759335239713,151.239,2025-02-19 18:15:00-05:00,151.239,TP,0.027,4.7054,4.2366,4236.6
2025-02-20 08:00:00-05:00,SHORT,Breakout,149.905,149.96796415706956,149.83,2025-02-20 08:15:00-05:00,149.83,TP,0.0204,1.1912,0.8672,867.16
2025-02-20 09:30:00-05:00,SHORT,Breakout,149.841,149.97176209957968,149.687,2025-02-20 10:00:00-05:00,149.687,TP,0.02,1.1777,1.0248,1024.76
2025-02-20 18:15:00-05:00,SHORT,Breakout,149.354,149.40563439517553,148.958,2025-02-20 18:30:00-05:00,149.40563439517553,SL,0.022,-1.0,-1.4261,-1426.07
2025-02-20 19:30:00-05:00,SHORT,Bounce,149.786,149.84302116061744,148.958,2025-02-20 19:45:00-05:00,149.84302116061744,SL,0.022,-1.0,-1.3858,-1385.82
2025-02-21 09:30:00-05:00,SHORT,Breakout,150.123,150.20118442471252,149.267,2025-02-21 12:30:00-05:00,149.267,TP,0.0222,10.9485,10.6645,10664.53
2025-02-24 03:00:00-05:00,SHORT,Bounce,149.354,149.51299699514968,148.836,2025-02-24 04:15:00-05:00,149.51299699514968,SL,0.02,-1.0,-1.1258,-1125.79
2025-02-25 02:15:00-05:00,SHORT,Breakout,149.42,149.47569405359215,149.178,2025-02-25 03:15:00-05:00,149.47569405359215,SL,0.021,-1.0,-1.3771,-1377.06
2025-02-25 09:30:00-05:00,SHORT,Retest,149.355,149.48143676053445,149.187,2025-02-25 09:45:00-05:00,149.187,TP,0.02,1.3287,1.1705,1170.55
2025-02-25 10:00:00-05:00,SHORT,Breakout,148.867,149.22263679862414,148.636,2025-02-25 10:30:00-05:00,148.636,TP,0.02,0.6495,0.5933,593.3
2025-02-26 20:00:00-05:00,SHORT,Bounce,149.073,149.24192166716344,148.613,2025-02-26 20:45:00-05:00,149.24192166716344,SL,0.022,-1.0,-1.1302,-1130.24
2025-02-27 09:30:00-05:00,SHORT,Bounce,149.871,149.99952256850966,149.147,2025-02-27 10:15:00-05:00,149.99952256850966,SL,0.020933,-1.0,-1.1629,-1162.88
2025-02-27 10:15:00-05:00,SHORT,Bounce,149.827,150.00298501567627,149.147,2025-02-27 10:45:00-05:00,150.00298501567627,SL,0.02,-1.0,-1.1136,-1113.65
2025-02-27 10:45:00-05:00,SHORT,Bounce,149.936,150.003985039027,149.147,2025-02-27 11:00:00-05:00,150.003985039027,SL,0.02,-1.0,-1.2942,-1294.18
2025-02-27 20:45:00-05:00,SHORT,Breakout,149.288,149.38325797441814,149.147,2025-02-27 21:00:00-05:00,149.147,TP,0.022,1.4802,1.2492,1249.24
2025-02-28 08:00:00-05:00,SHORT,Bounce,150.655,150.7064178691692,149.09,2025-02-28 08:15:00-05:00,150.7064178691692,SL,0.022,-1.0,-1.4279,-1427.87
2025-03-03 02:45:00-05:00,SHORT,Breakout,150.162,150.26296213838046,149.09,2025-03-03 04:45:00-05:00,150.26296213838046,SL,0.022,-1.0,-1.2179,-1217.9
2025-03-03 15:00:00-05:00,SHORT,Breakout,149.544,150.07474695595604,149.09,2025-03-03 15:30:00-05:00,149.09,TP,0.025667,0.8554,0.807,807.04
2025-03-05 02:45:00-05:00,SHORT,Breakout,149.438,149.60077996987238,148.088,2025-03-05 03:15:00-05:00,149.60077996987238,SL,0.02,-1.0,-1.1229,-1122.87
2025-03-05 08:45:00-05:00,SHORT,Breakout,149.012,149.12565816076773,148.088,2025-03-05 14:00:00-05:00,149.12565816076773,SL,0.02,-1.0,-1.176,-1175.97
2025-03-06 02:00:00-05:00,SHORT,Breakout,148.512,148.74259809054794,148.384,2025-03-06 02:30:00-05:00,148.384,TP,0.021,0.5551,0.464,464.01
2025-03-07 02:30:00-05:00,SHORT,Breakout,147.524,147.59007868840632,147.299,2025-03-07 02:45:00-05:00,147.59007868840632,SL,0.02,-1.0,-1.3027,-1302.67
2025-03-07 04:15:00-05:00,SHORT,Retest,147.337,147.59401587582934,145.911,2025-03-07 06:00:00-05:00,147.59401587582934,SL,0.02,-1.0,-1.0778,-1077.82
2025-03-07 08:30:00-05:00,SHORT,Bounce,147.443,147.78266193574686,145.911,2025-03-07 13:00:00-05:00,147.78266193574686,SL,0.02,-1.0,-1.0589,-1058.88
2025-03-10 10:00:00-04:00,SHORT,Breakout,146.934,147.11722575249098,145.911,2025-03-10 11:30:00-04:00,147.11722575249098,SL,0.02,-1.0,-1.1092,-1109.15
2025-03-11 10:45:00-04:00,SHORT,Bounce,147.349,147.4418237272226,146.75,2025-03-11 11:00:00-04:00,147.4418237272226,SL,0.02,-1.0,-1.2155,-1215.46
2025-03-11 21:15:00-04:00,SHORT,Bounce,147.859,147.93338462388624,147.561,2025-03-11 21:30:00-04:00,147.93338462388624,SL,0.022,-1.0,-1.2958,-1295.76
2025-03-16 20:45:00-04:00,SHORT,Bounce,148.784,148.90690560024169,148.251,2025-03-17 00:00:00-04:00,148.90690560024169,SL,0.022,-1.0,-1.179,-1179.0
2025-03-18 10:00:00-04:00,LONG,Bounce,149.581,149.52849615785658,150.174,2025-03-18 10:15:00-04:00,149.52849615785658,SL,0.02,-1.0,-1.3809,-1380.92
2025-03-18 11:00:00-04:00,LONG,Bounce,149.652,149.5272257227338,149.926,2025-03-18 11:15:00-04:00,149.5272257227338,SL,0.02,-1.0,-1.1603,-1160.29
2025-03-19 09:45:00-04:00,LONG,Breakout,150.067,149.98652382056738,150.174,2025-03-19 10:15:00-04:00,149.98652382056738,SL,0.0212,-1.0,-1.2634,-1263.43
2025-03-20 20:15:00-04:00,SHORT,Bounce,148.88,148.97246990263844,148.39,2025-03-20 20:45:00-04:00,148.97246990263844,SL,0.022,-1.0,-1.2379,-1237.92
2025-03-24 09:45:00-04:00,LONG,Breakout,150.229,149.91945899763962,151.291,2025-03-25 08:30:00-04:00,149.91945899763962,SL,0.0212,-1.0,-1.0685,-1068.49
2025-03-27 09:45:00-04:00,LONG,Breakout,150.871,150.58596499640532,151.291,2025-03-28 03:00:00-04:00,150.58596499640532,SL,0.022,-1.0,-1.0772,-1077.18
2025-04-04 04:00:00-04:00,SHORT,Bounce,146.206,146.4468286385976,145.29,2025-04-04 04:30:00-04:00,146.4468286385976,SL,0.02,-1.0,-1.083,-1083.05
2025-04-04 06:30:00-04:00,SHORT,Breakout,145.126,145.34692497124396,143.523,2025-04-04 07:45:00-04:00,145.34692497124396,SL,0.02,-1.0,-1.0905,-1090.53
2025-04-07 21:15:00-04:00,SHORT,Breakout,147.433,147.56365425200286,145.064,2025-04-07 21:30:00-04:00,147.56365425200286,SL,0.022,-1.0,-1.1684,-1168.38
2025-04-08 03:00:00-04:00,SHORT,Breakout,147.057,147.28055508289856,145.064,2025-04-08 03:45:00-04:00,147.28055508289856,SL,0.02,-1.0,-1.0895,-1089.46
2025-04-10 19:45:00-04:00,SHORT,Breakout,143.744,144.05276392031408,143.523,2025-04-10 20:00:00-04:00,143.523,TP,0.022,0.7158,0.6445,644.51
2025-04-11 03:45:00-04:00,SHORT,Breakout,142.821,142.94088873845942,142.398,2025-04-11 04:00:00-04:00,142.94088873845942,SL,0.02,-1.0,-1.1668,-1166.82
2025-04-11 04:15:00-04:00,SHORT,Breakout,142.645,142.94713875918185,142.398,2025-04-11 04:30:00-04:00,142.398,TP,0.02,0.8175,0.7513,751.31
2025-04-11 07:15:00-04:00,SHORT,Retest,142.635,142.946034791897,141.638,2025-04-11 08:30:00-04:00,142.946034791897,SL,0.02,-1.0,-1.0643,-1064.3
2025-04-13 20:15:00-04:00,SHORT,Breakout,143.302,143.5107762815683,142.209,2025-04-14 08:45:00-04:00,143.5107762815683,SL,0.022,-1.0,-1.1054,-1105.38
2025-04-15 19:15:00-04:00,SHORT,Bounce,143.16,143.28106256398559,142.586,2025-04-15 23:30:00-04:00,142.586,TP,0.022,4.7414,4.5596,4559.63
2025-04-16 01:00:00-04:00,SHORT,Breakout,142.518,142.60970460895112,142.221,2025-04-16 01:45:00-04:00,142.221,TP,0.022,3.2387,2.9988,2998.76
2025-04-23 03:00:00-04:00,SHORT,Breakout,141.56,141.69518434449031,140.161,2025-04-23 03:30:00-04:00,141.69518434449031,SL,0.02,-1.0,-1.1479,-1147.95
2025-04-23 09:30:00-04:00,SHORT,Bounce,141.993,142.2759337634376,141.519,2025-04-23 09:45:00-04:00,142.2759337634376,SL,0.0202,-1.0,-1.0714,-1071.39
2025-04-23 21:30:00-04:00,SHORT,Breakout,142.776,142.9001851675197,141.564,2025-04-24 00:00:00-04:00,142.9001851675197,SL,0.021933,-1.0,-1.1766,-1176.62
2025-04-28 03:00:00-04:00,SHORT,Bounce,143.786,143.89054719710614,143.22,2025-04-28 08:15:00-04:00,143.22,TP,0.02,5.4138,5.2225,5222.52
2025-04-28 09:30:00-04:00,SHORT,Breakout,143.11,143.3023974410504,142.475,2025-04-28 12:00:00-04:00,142.475,TP,0.02,3.3005,3.1965,3196.51
2025-04-29 09:00:00-04:00,SHORT,Breakout,142.251,142.31271083676273,141.964,2025-04-29 09:45:00-04:00,142.31271083676273,SL,0.02,-1.0,-1.3241,-1324.09
2025-04-29 11:15:00-04:00,SHORT,Retest,142.202,142.32126619320914,141.964,2025-04-29 12:15:00-04:00,141.964,TP,0.02,1.9955,1.8278,1827.84
2025-05-01 08:30:00-04:00,LONG,Bounce,144.595,144.0852370980526,144.736,2025-05-01 08:45:00-04:00,144.736,TP,0.02,0.2766,0.2374,237.37
2025-05-01 10:00:00-04:00,LONG,Breakout,144.952,144.6977630695456,145.12,2025-05-01 10:15:00-04:00,145.12,TP,0.02,0.6608,0.5821,582.13
2025-05-01 20:15:00-04:00,LONG,Breakout,145.851,145.6916791322301,147.136,2025-05-01 21:00:00-04:00,145.6916791322301,SL,0.022,-1.0,-1.1381,-1138.09
2025-05-02 02:00:00-04:00,LONG,Bounce,145.242,145.19427469277412,145.911,2025-05-02 02:15:00-04:00,145.19427469277412,SL,0.021,-1.0,-1.44,-1440.02
2025-05-05 04:45:00-04:00,LONG,Bounce,144.046,143.9292987327309,145.073,2025-05-05 05:00:00-04:00,143.9292987327309,SL,0.02,-1.0,-1.1714,-1171.38
2025-05-07 14:00:00-04:00,SHORT,Breakout,143.01,143.13814475813106,142.82,2025-05-07 14:15:00-04:00,143.13814475813106,SL,0.025,-1.0,-1.1951,-1195.09
2025-05-07 20:00:00-04:00,SHORT,Bounce,143.799,144.0078188816228,142.896,2025-05-08 01:00:00-04:00,144.0078188816228,SL,0.022,-1.0,-1.1054,-1105.35
2025-05-11 21:15:00-04:00,LONG,Breakout,146.246,146.17552888674192,147.136,2025-05-11 21:30:00-04:00,146.17552888674192,SL,0.022,-1.0,-1.3122,-1312.18
2025-05-12 03:00:00-04:00,LONG,Breakout,146.939,146.2397592634282,147.136,2025-05-12 03:15:00-04:00,147.136,TP,0.02,0.2817,0.2531,253.13
2025-05-14 02:45:00-04:00,LONG,Bounce,147.145,146.96932922477257,147.663,2025-05-14 03:30:00-04:00,146.96932922477257,SL,0.02,-1.0,-1.1138,-1113.85
2025-05-21 13:15:00-04:00,SHORT,Breakout,143.314,143.49096222869863,142.896,2025-05-21 13:30:00-04:00,143.49096222869863,SL,0.022,-1.0,-1.1243,-1124.32
2025-05-22 03:30:00-04:00,SHORT,Breakout,143.067,143.1626085144853,142.896,2025-05-22 04:00:00-04:00,142.896,TP,0.02,1.7885,1.5794,1579.36
2025-05-22 08:00:00-04:00,SHORT,Bounce,143.302,143.45733179190952,142.798,2025-05-22 08:30:00-04:00,143.45733179190952,SL,0.02,-1.0,-1.1288,-1128.76
2025-05-23 07:15:00-04:00,SHORT,Breakout,143.151,143.28908429938687,142.798,2025-05-23 07:30:00-04:00,142.798,TP,0.02,2.5564,2.4116,2411.57
2025-05-25 21:45:00-04:00,SHORT,Breakout,142.35,142.45592081534497,142.152,2025-05-25 23:15:00-04:00,142.45592081534497,SL,0.021,-1.0,-1.1983,-1198.26
2025-05-26 18:00:00-04:00,SHORT,Breakout,142.642,142.70890679318177,142.217,2025-05-26 19:15:00-04:00,142.70890679318177,SL,0.031933,-1.0,-1.4773,-1477.28
2025-05-26 19:30:00-04:00,SHORT,Breakout,142.649,142.70963287651338,142.217,2025-05-26 21:00:00-04:00,142.217,TP,0.021,7.1248,6.7785,6778.5
2025-05-27 19:30:00-04:00,SHORT,Breakout,144.151,144.24518118295418,143.867,2025-05-27 20:30:00-04:00,143.867,TP,0.021,3.0155,2.7925,2792.49
2025-05-28 09:15:00-04:00,LONG,Breakout,144.787,144.7336343986744,144.879,2025-05-28 09:30:00-04:00,144.879,TP,0.02,1.724,1.3492,1349.18
2025-05-28 10:45:00-04:00,LONG,Breakout,144.835,144.7296125103368,145.504,2025-05-28 17:15:00-04:00,144.7296125103368,SL,0.02,-1.0,-1.1898,-1189.78
2025-05-28 17:45:00-04:00,LONG,Retest,144.791,144.7420600674535,145.072,2025-05-28 19:00:00-04:00,145.072,TP,0.035867,5.7417,5.0089,5008.86
2025-05-28 19:00:00-04:00,LONG,Breakout,145.329,145.0478421417137,145.504,2025-05-28 19:30:00-04:00,145.504,TP,0.021,0.6224,0.5477,547.74
2025-05-30 08:00:00-04:00,SHORT,Breakout,143.517,143.7213137347781,143.425,2025-05-30 08:45:00-04:00,143.7213137347781,SL,0.02,-1.0,-1.0979,-1097.89
2025-06-05 09:00:00-04:00,SHORT,Bounce,143.229,143.43135128971358,142.519,2025-06-05 10:30:00-04:00,143.43135128971358,SL,0.02,-1.0,-1.0988,-1098.84
2025-06-09 21:30:00-04:00,LONG,Breakout,144.842,144.74280916706172,144.942,2025-06-09 21:45:00-04:00,144.942,TP,0.021,1.0082,0.7964,796.44
2025-06-10 20:30:00-04:00,LONG,Bounce,144.813,144.744787013364,145.283,2025-06-10 20:45:00-04:00,144.744787013364,SL,0.021,-1.0,-1.3079,-1307.86
2025-06-10 20:45:00-04:00,LONG,Bounce,144.918,144.74388794098087,145.283,2025-06-11 07:45:00-04:00,145.283,TP,0.021,2.0964,1.9757,1975.74
2025-06-17 02:30:00-04:00,LONG,Bounce,144.743,144.51831032976182,145.106,2025-06-17 03:45:00-04:00,144.51831032976182,SL,0.02,-1.0,-1.089,-1089.01
2025-06-17 08:30:00-04:00,LONG,Bounce,144.829,144.36905407120653,144.935,2025-06-17 09:45:00-04:00,144.935,TP,0.02,0.2305,0.187,186.98
2025-06-17 20:00:00-04:00,LONG,Bounce,145.372,145.14896556643882,145.461,2025-06-17 21:45:00-04:00,145.14896556643882,SL,0.021,-1.0,-1.0942,-1094.16
2025-06-18 08:30:00-04:00,LONG,Bounce,144.891,144.83206712021317,145.124,2025-06-18 08:45:00-04:00,144.83206712021317,SL,0.02,-1.0,-1.3394,-1339.37
2025-06-27 08:15:00-04:00,SHORT,Bounce,144.526,144.608479571446,144.165,2025-06-27 09:15:00-04:00,144.608479571446,SL,0.0202,-1.0,-1.2449,-1244.91
2025-06-30 20:00:00-04:00,SHORT,Breakout,143.654,143.78749070202633,143.375,2025-06-30 21:45:00-04:00,143.78749070202633,SL,0.021,-1.0,-1.1573,-1157.31
2025-06-30 22:00:00-04:00,SHORT,Breakout,143.682,143.79127017562132,143.375,2025-06-30 23:30:00-04:00,143.79127017562132,SL,0.021,-1.0,-1.1922,-1192.18
2025-07-01 02:15:00-04:00,SHORT,Retest,143.619,143.7902837675234,143.432,2025-07-01 03:00:00-04:00,143.432,TP,0.021,1.0918,0.9692,969.15
2025-07-01 03:15:00-04:00,SHORT,Breakout,143.322,143.45707815712814,142.787,2025-07-01 07:30:00-04:00,142.787,TP,0.02,3.9607,3.8126,3812.61
2025-07-02 19:30:00-04:00,SHORT,Breakout,143.488,143.5833197553604,143.306,2025-07-02 20:00:00-04:00,143.5833197553604,SL,0.021,-1.0,-1.2203,-1220.31
2025-07-02 20:15:00-04:00,SHORT,Breakout,143.494,143.58487700529403,143.306,2025-07-02 21:00:00-04:00,143.58487700529403,SL,0.021,-1.0,-1.2311,-1231.08
2025-07-02 21:15:00-04:00,SHORT,Breakout,143.545,143.58564608361627,143.306,2025-07-02 21:30:00-04:00,143.58564608361627,SL,0.021,-1.0,-1.5167,-1516.65
2025-07-02 21:30:00-04:00,SHORT,Retest,143.489,143.58575707764368,143.306,2025-07-02 22:00:00-04:00,143.58575707764368,SL,0.021,-1.0,-1.217,-1217.04
2025-07-07 21:00:00-04:00,LONG,Breakout,146.343,146.20474838992362,148.015,2025-07-07 21:15:00-04:00,146.20474838992362,SL,0.021,-1.0,-1.1519,-1151.9
2025-07-09 08:15:00-04:00,LONG,Bounce,146.691,146.46697834880914,147.174,2025-07-09 08:45:00-04:00,146.46697834880914,SL,0.02,-1.0,-1.0893,-1089.28
2025-07-10 09:45:00-04:00,LONG,Breakout,146.573,146.43522655968465,146.772,2025-07-10 10:30:00-04:00,146.772,TP,0.02,1.4444,1.2992,1299.23
2025-07-11 09:45:00-04:00,LONG,Breakout,147.269,147.15066097293723,148.015,2025-07-13 17:30:00-04:00,147.15066097293723,SL,0.02,-1.0,-1.169,-1169.01
2025-07-15 20:00:00-04:00,LONG,Bounce,148.815,148.78393607710845,149.015,2025-07-15 20:45:00-04:00,148.78393607710845,SL,0.021,-1.0,-1.676,-1676.03
2025-07-16 09:00:00-04:00,LONG,Bounce,148.713,148.58354950282342,148.921,2025-07-16 09:45:00-04:00,148.921,TP,0.02,1.6068,1.4523,1452.29
2025-07-17 02:15:00-04:00,LONG,Breakout,148.728,148.63144239704098,148.921,2025-07-17 02:45:00-04:00,148.63144239704098,SL,0.021,-1.0,-1.2175,-1217.49
2025-07-17 20:00:00-04:00,LONG,Bounce,148.503,148.35480176097838,148.742,2025-07-18 01:15:00-04:00,148.742,TP,0.021,1.6127,1.471,1471.0
2025-07-22 20:45:00-04:00,LONG,Bounce,146.433,146.26011141009005,147.94,2025-07-23 07:00:00-04:00,146.26011141009005,SL,0.021,-1.0,-1.1215,-1121.47
2025-07-27 21:00:00-04:00,LONG,Bounce,147.621,147.49718341781218,147.934,2025-07-27 22:00:00-04:00,147.934,TP,0.021,2.5279,2.3583,2358.33
2025-07-28 02:15:00-04:00,LONG,Breakout,148.122,147.99485493207837,148.553,2025-07-28 03:00:00-04:00,147.99485493207837,SL,0.021,-1.0,-1.1652,-1165.17
2025-07-28 03:30:00-04:00,LONG,Breakout,148.137,147.99102559182217,148.553,2025-07-28 09:00:00-04:00,147.99102559182217,SL,0.02,-1.0,-1.137,-1137.01
2025-07-30 03:00:00-04:00,LONG,Bounce,147.9,147.8137141969036,148.516,2025-07-30 08:30:00-04:00,148.516,TP,0.02,7.1391,6.9073,6907.28
2025-07-30 14:45:00-04:00,LONG,Breakout,149.342,149.08889082512218,150.468,2025-07-30 21:45:00-04:00,149.08889082512218,SL,0.022,-1.0,-1.0869,-1086.92
2025-08-05 08:45:00-04:00,SHORT,Bounce,147.658,147.78775576964028,146.992,2025-08-05 09:45:00-04:00,147.78775576964028,SL,0.02,-1.0,-1.1541,-1154.14
2025-08-05 21:00:00-04:00,SHORT,Bounce,147.601,147.70967627625868,147.298,2025-08-05 21:15:00-04:00,147.70967627625868,SL,0.021,-1.0,-1.1932,-1193.23
2025-08-06 04:30:00-04:00,SHORT,Bounce,147.729,147.7582531712163,147.298,2025-08-06 04:45:00-04:00,147.7582531712163,SL,0.02,-1.0,-1.6837,-1683.69
2025-08-06 09:45:00-04:00,SHORT,Breakout,147.233,147.31819929813807,146.992,2025-08-06 10:00:00-04:00,147.31819929813807,SL,0.02,-1.0,-1.2347,-1234.74
2025-08-06 11:45:00-04:00,SHORT,Breakout,147.248,147.32488809825819,146.992,2025-08-06 12:15:00-04:00,147.32488809825819,SL,0.02,-1.0,-1.2601,-1260.12
2025-08-06 21:00:00-04:00,SHORT,Bounce,147.562,147.64148709321006,146.968,2025-08-06 21:15:00-04:00,147.64148709321006,SL,0.021,-1.0,-1.2642,-1264.19
2025-08-06 21:30:00-04:00,SHORT,Bounce,147.579,147.64259346302296,146.968,2025-08-06 23:15:00-04:00,147.64259346302296,SL,0.020933,-1.0,-1.3292,-1329.17
2025-08-12 08:00:00-04:00,LONG,Breakout,148.471,148.42280851390575,150.591,2025-08-12 08:30:00-04:00,148.42280851390575,SL,0.02,-1.0,-1.415,-1415.01
2025-08-12 10:00:00-04:00,LONG,Bounce,148.326,148.1029642118901,150.591,2025-08-12 10:45:00-04:00,148.1029642118901,SL,0.02,-1.0,-1.0897,-1089.67
2025-08-12 21:15:00-04:00,LONG,Breakout,147.937,147.84321649121117,148.51,2025-08-13 02:15:00-04:00,147.84321649121117,SL,0.021,-1.0,-1.2239,-1223.92
2025-08-13 10:00:00-04:00,LONG,Bounce,147.197,147.1467004794346,147.556,2025-08-13 10:15:00-04:00,147.1467004794346,SL,0.02,-1.0,-1.3976,-1397.62
2025-08-14 10:00:00-04:00,SHORT,Bounce,147.442,147.53634575103624,146.206,2025-08-14 11:00:00-04:00,147.53634575103624,SL,0.02,-1.0,-1.212,-1211.99
2025-08-14 19:45:00-04:00,SHORT,Breakout,147.674,147.72180941004893,146.416,2025-08-18 08:30:00-04:00,147.72180941004893,SL,0.0212,-1.0,-1.4434,-1443.43
2025-08-19 03:00:00-04:00,LONG,Bounce,147.637,147.5945044839633,148.103,2025-08-19 06:15:00-04:00,147.5945044839633,SL,0.02,-1.0,-1.4706,-1470.64
2025-08-19 10:00:00-04:00,LONG,Bounce,147.64,147.5725131125202,148.103,2025-08-19 12:15:00-04:00,147.5725131125202,SL,0.02,-1.0,-1.2964,-1296.35
2025-08-25 20:30:00-04:00,SHORT,Breakout,147.029,147.11617510560194,146.763,2025-08-25 20:45:00-04:00,147.11617510560194,SL,0.021,-1.0,-1.2409,-1240.89
2025-08-26 20:45:00-04:00,LONG,Breakout,147.566,147.51659473069802,147.712,2025-08-26 21:00:00-04:00,147.51659473069802,SL,0.021,-1.0,-1.4251,-1425.06
2025-08-27 21:30:00-04:00,LONG,Bounce,147.403,147.1618508707546,147.509,2025-08-27 23:15:00-04:00,147.1618508707546,SL,0.021,-1.0,-1.0871,-1087.08
2025-08-28 21:45:00-04:00,SHORT,Bounce,146.994,147.0810401513388,146.652,2025-08-29 02:30:00-04:00,147.0810401513388,SL,0.021,-1.0,-1.2413,-1241.27
2025-08-29 03:45:00-04:00,SHORT,Bounce,146.994,147.1191448557135,146.754,2025-08-29 06:00:00-04:00,147.1191448557135,SL,0.02,-1.0,-1.1598,-1159.81
2025-08-29 09:45:00-04:00,SHORT,Bounce,147.097,147.20750369139324,146.858,2025-08-29 10:30:00-04:00,146.858,TP,0.02,2.1628,1.9818,1981.83
2025-08-29 10:45:00-04:00,SHORT,Breakout,146.817,146.88052807501776,146.754,2025-08-29 11:00:00-04:00,146.88052807501776,SL,0.02,-1.0,-1.3148,-1314.82
2025-09-01 02:30:00-04:00,SHORT,Breakout,146.809,146.84846656840318,146.761,2025-09-01 02:45:00-04:00,146.84846656840318,SL,0.02,-1.0,-1.5068,-1506.76
2025-09-01 21:15:00-04:00,SHORT,Bounce,147.256,147.30998313930806,146.777,2025-09-01 21:30:00-04:00,147.30998313930806,SL,0.021,-1.0,-1.389,-1389.01
2025-09-03 03:15:00-04:00,LONG,Breakout,148.956,148.88748182496485,150.591,2025-09-03 03:30:00-04:00,148.88748182496485,SL,0.02,-1.0,-1.2919,-1291.89
2025-09-03 21:30:00-04:00,LONG,Bounce,147.962,147.84539120341276,148.788,2025-09-05 08:30:00-04:00,147.84539120341276,SL,0.021,-1.0,-1.1801,-1180.09
2025-09-09 10:30:00-04:00,SHORT,Retest,146.976,147.1773701165164,146.299,2025-09-09 11:00:00-04:00,147.1773701165164,SL,0.02,-1.0,-1.0993,-1099.32
2025-09-16 10:00:00-04:00,SHORT,Breakout,146.591,146.7089411315245,146.519,2025-09-16 10:45:00-04:00,146.519,TP,0.02,0.6105,0.4409,440.9
2025-09-17 14:00:00-04:00,SHORT,Breakout,145.76,146.224444667715,144.211,2025-09-17 14:30:00-04:00,146.224444667715,SL,0.022,-1.0,-1.0474,-1047.37
2025-09-23 20:15:00-04:00,LONG,Breakout,147.706,147.64535422586394,147.919,2025-09-24 00:15:00-04:00,147.919,TP,0.021,3.5122,3.1659,3165.93
2025-09-25 08:30:00-04:00,LONG,Breakout,149.184,148.83374227539292,150.591,2025-09-29 01:30:00-04:00,148.83374227539292,SL,0.02,-1.0,-1.0571,-1057.1
2025-09-29 09:45:00-04:00,LONG,Bounce,148.571,148.44283494718914,148.97,2025-09-30 00:15:00-04:00,148.44283494718914,SL,0.02,-1.0,-1.156,-1156.05
2025-09-30 09:45:00-04:00,LONG,Bounce,147.899,147.80573793593598,148.085,2025-09-30 10:00:00-04:00,147.80573793593598,SL,0.02,-1.0,-1.2144,-1214.45
2025-09-30 19:45:00-04:00,LONG,Breakout,148.016,147.94605778891273,148.085,2025-09-30 20:00:00-04:00,148.085,TP,0.021,0.9865,0.6863,686.28
2025-10-01 08:30:00-04:00,SHORT,Breakout,146.751,146.91870021805687,145.473,2025-10-01 10:00:00-04:00,146.91870021805687,SL,0.02,-1.0,-1.1193,-1119.26
2025-10-01 22:00:00-04:00,SHORT,Breakout,146.964,146.99850293325898,146.58,2025-10-01 22:15:00-04:00,146.99850293325898,SL,0.021,-1.0,-1.6086,-1608.64
2025-10-02 04:30:00-04:00,SHORT,Retest,146.912,147.00242524994786,146.58,2025-10-02 08:30:00-04:00,147.00242524994786,SL,0.02,-1.0,-1.2212,-1221.18
2025-10-02 19:15:00-04:00,SHORT,Breakout,147.109,147.13240256395133,146.591,2025-10-02 19:30:00-04:00,147.13240256395133,SL,0.021,-1.0,-1.8973,-1897.34
2025-10-03 08:45:00-04:00,SHORT,Breakout,147.254,147.2901891140807,147.083,2025-10-03 09:00:00-04:00,147.2901891140807,SL,0.02,-1.0,-1.5527,-1552.65
2025-10-03 09:15:00-04:00,SHORT,Breakout,147.213,147.2902630626512,147.083,2025-10-03 09:45:00-04:00,147.2902630626512,SL,0.02,-1.0,-1.2589,-1258.86
2025-10-07 02:15:00-04:00,LONG,Breakout,150.678,150.58997101064995,150.908,2025-10-07 02:45:00-04:00,150.58997101064995,SL,0.023,-1.0,-1.2613,-1261.28
2025-10-07 20:00:00-04:00,LONG,Breakout,152.254,152.01105326437965,152.383,2025-10-07 21:00:00-04:00,152.383,TP,0.023,0.531,0.4363,436.31
2025-10-08 04:45:00-04:00,LONG,Breakout,152.735,152.60829493827936,152.818,2025-10-08 05:00:00-04:00,152.818,TP,0.022,0.6551,0.4814,481.43
2025-10-09 21:15:00-04:00,LONG,Bounce,152.91,152.87543305946068,153.34,2025-10-09 22:00:00-04:00,152.87543305946068,SL,0.023,-1.0,-1.6654,-1665.38
2025-10-13 03:00:00-04:00,LONG,Breakout,152.255,151.97834359270803,152.938,2025-10-13 07:00:00-04:00,151.97834359270803,SL,0.022,-1.0,-1.0795,-1079.52
2025-10-13 07:45:00-04:00,LONG,Retest,152.096,151.98257312592025,152.435,2025-10-13 10:30:00-04:00,152.435,TP,0.022,2.9887,2.7948,2794.75
2025-10-13 20:15:00-04:00,LONG,Breakout,152.561,152.42279261071286,152.938,2025-10-13 21:00:00-04:00,152.42279261071286,SL,0.023,-1.0,-1.1664,-1166.42
2025-10-13 21:15:00-04:00,LONG,Breakout,152.467,152.4210649248899,152.938,2025-10-13 21:30:00-04:00,152.4210649248899,SL,0.023,-1.0,-1.5007,-1500.71
2025-10-17 09:30:00-04:00,SHORT,Bounce,150.198,150.4106758277413,149.37,2025-10-17 09:45:00-04:00,150.4106758277413,SL,0.022,-1.0,-1.1034,-1103.44
2025-10-20 20:45:00-04:00,LONG,Bounce,150.646,150.59115977620266,150.846,2025-10-20 21:00:00-04:00,150.59115977620266,SL,0.023,-1.0,-1.4194,-1419.4
2025-10-20 21:00:00-04:00,LONG,Bounce,150.631,150.59013407790246,150.846,2025-10-20 21:15:00-04:00,150.59013407790246,SL,0.023,-1.0,-1.5628,-1562.82
2025-10-20 21:15:00-04:00,LONG,Bounce,150.726,150.58928164376658,150.846,2025-10-20 21:30:00-04:00,150.846,TP,0.023,0.8777,0.7095,709.49
2025-10-20 21:30:00-04:00,LONG,Breakout,150.87,150.79173295492612,151.192,2025-10-21 00:30:00-04:00,151.192,TP,0.023,4.1141,3.8203,3820.25
2025-10-22 09:45:00-04:00,LONG,Breakout,151.958,151.91612250146554,152.164,2025-10-22 10:00:00-04:00,151.91612250146554,SL,0.022,-1.0,-1.5253,-1525.34
2025-10-22 12:30:00-04:00,LONG,Bounce,151.708,151.58917772838086,152.034,2025-10-22 20:00:00-04:00,152.034,TP,0.0238,2.7436,2.5433,2543.29
2025-10-23 20:30:00-04:00,LONG,Bounce,152.531,152.47020422153818,152.786,2025-10-23 21:15:00-04:00,152.786,TP,0.023,4.1944,3.8161,3816.05
2025-10-23 21:15:00-04:00,LONG,Breakout,152.823,152.7702858872884,152.938,2025-10-23 22:30:00-04:00,152.7702858872884,SL,0.023,-1.0,-1.4363,-1436.32
2025-10-26 18:15:00-04:00,LONG,Breakout,153.054,152.99603278365623,153.263,2025-10-26 18:30:00-04:00,152.99603278365623,SL,0.042667,-1.0,-1.736,-1736.05
2025-10-26 19:45:00-04:00,LONG,Retest,153.061,152.99507888539839,153.263,2025-10-26 20:00:00-04:00,152.99507888539839,SL,0.023,-1.0,-1.3489,-1348.9
2025-10-29 14:30:00-04:00,LONG,Breakout,152.777,152.42445130538118,153.186,2025-10-29 22:00:00-04:00,152.42445130538118,SL,0.024,-1.0,-1.0681,-1068.08
2025-10-29 23:30:00-04:00,LONG,Breakout,153.004,152.89966208810972,153.186,2025-10-30 00:00:00-04:00,152.89966208810972,SL,0.023,-1.0,-1.2204,-1220.44
2025-10-30 02:30:00-04:00,LONG,Breakout,153.496,153.08205884262338,154.005,2025-10-30 07:30:00-04:00,154.005,TP,0.023,1.2296,1.1741,1174.08
2025-11-03 19:00:00-05:00,LONG,Breakout,154.346,154.22991126362155,154.406,2025-11-03 19:30:00-05:00,154.22991126362155,SL,0.023,-1.0,-1.1981,-1198.12
2025-11-05 08:30:00-05:00,LONG,Breakout,153.966,153.8131940241768,154.472,2025-11-05 20:00:00-05:00,153.8131940241768,SL,0.022,-1.0,-1.144,-1143.97
2025-11-06 19:30:00-05:00,LONG,Breakout,153.188,153.1258109479673,154.017,2025-11-06 20:30:00-05:00,153.1258109479673,SL,0.023,-1.0,-1.3698,-1369.84
2025-11-07 10:30:00-05:00,LONG,Bounce,153.102,152.97277144348877,153.527,2025-11-07 14:45:00-05:00,153.527,TP,0.022,3.2887,3.1185,3118.51
2025-11-10 19:15:00-05:00,LONG,Breakout,154.185,154.14285688175661,154.24,2025-11-10 19:30:00-05:00,154.24,TP,0.022867,1.3051,0.7625,762.48
2025-11-11 01:15:00-05:00,LONG,Retest,154.211,154.14094825021746,154.484,2025-11-11 08:00:00-05:00,154.14094825021746,SL,0.0222,-1.0,-1.3169,-1316.91
2025-11-11 23:15:00-05:00,LONG,Breakout,154.522,154.41686583459003,154.663,2025-11-11 23:30:00-05:00,154.663,TP,0.023,1.3411,1.1224,1122.38
2025-11-17 20:00:00-05:00,LONG,Breakout,155.297,155.23431886655527,155.392,2025-11-17 20:15:00-05:00,155.23431886655527,SL,0.023,-1.0,-1.3669,-1366.94
2025-11-19 09:00:00-05:00,LONG,Breakout,156.322,156.26386872974908,156.572,2025-11-19 09:45:00-05:00,156.572,TP,0.022,4.3006,3.9222,3922.16
2025-11-20 18:45:00-05:00,LONG,Bounce,157.379,157.23025706313837,157.884,2025-11-20 19:45:00-05:00,157.23025706313837,SL,0.023,-1.0,-1.1546,-1154.63
2025-11-24 02:45:00-05:00,LONG,Breakout,156.831,156.77381920392975,156.956,2025-11-24 03:00:00-05:00,156.77381920392975,SL,0.021933,-1.0,-1.3836,-1383.58
2025-11-24 03:45:00-05:00,LONG,Breakout,156.893,156.77076917126814,156.956,2025-11-24 04:15:00-05:00,156.77076917126814,SL,0.021933,-1.0,-1.1794,-1179.44
2025-11-25 02:00:00-05:00,LONG,Bounce,156.632,156.52673381399262,156.84,2025-11-25 02:30:00-05:00,156.52673381399262,SL,0.023,-1.0,-1.2185,-1218.49
2025-11-25 08:15:00-05:00,LONG,Bounce,156.181,156.10685994644447,156.84,2025-11-25 08:30:00-05:00,156.10685994644447,SL,0.022,-1.0,-1.2967,-1296.74
2025-11-25 08:30:00-05:00,LONG,Bounce,156.212,156.10421280741272,156.84,2025-11-25 09:00:00-05:00,156.10421280741272,SL,0.022,-1.0,-1.2041,-1204.11
2025-11-25 19:30:00-05:00,LONG,Breakout,156.232,156.1591760397914,156.321,2025-11-25 19:45:00-05:00,156.321,TP,0.023,1.2221,0.9063,906.3
2025-11-26 08:30:00-05:00,LONG,Breakout,156.62,156.34068397431832,156.84,2025-11-26 11:15:00-05:00,156.34068397431832,SL,0.022,-1.0,-1.0788,-1078.76
2025-11-27 19:45:00-05:00,LONG,Breakout,156.441,156.34582810489186,156.728,2025-11-27 20:00:00-05:00,156.34582810489186,SL,0.023,-1.0,-1.2417,-1241.67
2025-11-27 21:30:00-05:00,LONG,Bounce,156.262,156.20205794569247,156.728,2025-11-27 22:00:00-05:00,156.20205794569247,SL,0.023,-1.0,-1.3837,-1383.7
2025-11-27 22:00:00-05:00,LONG,Bounce,156.267,156.20039588174504,156.728,2025-11-27 22:30:00-05:00,156.20039588174504,SL,0.024733,-1.0,-1.3713,-1371.35
2025-11-27 22:30:00-05:00,LONG,Bounce,156.253,156.2011005306883,156.575,2025-11-27 22:45:00-05:00,156.2011005306883,SL,0.023,-1.0,-1.4432,-1443.16
2025-11-27 22:45:00-05:00,LONG,Bounce,156.261,156.20090763563914,156.575,2025-11-27 23:00:00-05:00,156.20090763563914,SL,0.023,-1.0,-1.3827,-1382.74
2025-11-28 02:00:00-05:00,LONG,Retest,156.377,156.3449181600466,156.575,2025-11-28 02:15:00-05:00,156.3449181600466,SL,0.023,-1.0,-1.7169,-1716.92
2025-12-09 01:00:00-05:00,LONG,Breakout,156.064,156.01186410880285,156.172,2025-12-09 01:30:00-05:00,156.01186410880285,SL,0.023,-1.0,-1.4412,-1441.15
2025-12-09 02:30:00-05:00,LONG,Retest,156.115,156.01116656810547,156.172,2025-12-09 02:45:00-05:00,156.172,TP,0.022,0.549,0.3371,337.08
2025-12-09 10:00:00-05:00,LONG,Breakout,156.796,156.3975916415049,156.975,2025-12-10 10:00:00-05:00,156.3975916415049,SL,0.022,-1.0,-1.0552,-1055.22
2025-12-10 14:30:00-05:00,LONG,Bounce,156.629,156.5369804842242,156.881,2025-12-10 14:45:00-05:00,156.5369804842242,SL,0.024,-1.0,-1.2608,-1260.81
2025-12-11 19:45:00-05:00,LONG,Breakout,155.684,155.645794079083,156.156,2025-12-11 20:00:00-05:00,155.645794079083,SL,0.023,-1.0,-1.602,-1602.0
2025-12-11 22:45:00-05:00,LONG,Retest,155.701,155.64862937673828,155.762,2025-12-12 00:15:00-05:00,155.762,TP,0.0226,1.1648,0.7332,733.24
2025-12-14 19:00:00-05:00,LONG,Breakout,155.954,155.91295464399548,156.126,2025-12-14 19:30:00-05:00,155.91295464399548,SL,0.023,-1.0,-1.5604,-1560.36
2025-12-15 19:00:00-05:00,SHORT,Breakout,154.786,154.83720669024652,154.338,2025-12-15 19:15:00-05:00,154.83720669024652,SL,0.023,-1.0,-1.4492,-1449.16
2025-12-15 23:30:00-05:00,SHORT,Retest,154.779,154.8398224974531,154.338,2025-12-15 23:45:00-05:00,154.8398224974531,SL,0.022933,-1.0,-1.3771,-1377.05
2025-12-16 08:45:00-05:00,SHORT,Breakout,154.702,154.7789220312399,154.338,2025-12-16 09:00:00-05:00,154.7789220312399,SL,0.022,-1.0,-1.286,-1286.0
2025-12-16 09:15:00-05:00,SHORT,Bounce,154.775,154.99555624122215,154.338,2025-12-16 21:45:00-05:00,154.99555624122215,SL,0.022,-1.0,-1.0997,-1099.75
2025-12-18 08:30:00-05:00,LONG,Bounce,155.581,155.39356622249196,155.967,2025-12-18 09:00:00-05:00,155.39356622249196,SL,0.022,-1.0,-1.1174,-1117.37
2025-12-18 19:45:00-05:00,LONG,Breakout,155.737,155.68511497911584,155.967,2025-12-18 20:00:00-05:00,155.68511497911584,SL,0.023,-1.0,-1.4433,-1443.29
2025-12-18 23:00:00-05:00,LONG,Retest,155.912,155.6744808825749,156.661,2025-12-19 02:45:00-05:00,156.661,TP,0.023,3.1534,3.0566,3056.6
2025-12-19 10:00:00-05:00,LONG,Breakout,157.429,157.35787283746072,157.884,2025-12-21 17:45:00-05:00,157.35787283746072,SL,0.022,-1.0,-1.3093,-1309.31
2025-12-21 17:45:00-05:00,LONG,Bounce,157.452,157.36487137941575,157.884,2025-12-21 20:15:00-05:00,157.36487137941575,SL,0.055333,-1.0,-1.6351,-1635.08
2025-12-29 09:30:00-05:00,LONG,Bounce,156.093,156.02317619231908,156.414,2025-12-29 09:45:00-05:00,156.02317619231908,SL,0.022,-1.0,-1.3151,-1315.08
2025-12-29 09:45:00-05:00,LONG,Bounce,156.13,156.02252075001056,156.414,2025-12-29 10:45:00-05:00,156.02252075001056,SL,0.022,-1.0,-1.2047,-1204.69
2025-12-29 20:15:00-05:00,LONG,Breakout,156.283,156.2195661630184,156.414,2025-12-29 20:45:00-05:00,156.2195661630184,SL,0.022933,-1.0,-1.3615,-1361.53
2025-12-29 21:00:00-05:00,LONG,Breakout,156.282,156.21974543008434,156.414,2025-12-29 22:45:00-05:00,156.21974543008434,SL,0.023,-1.0,-1.3695,-1369.45
2025-12-31 08:30:00-05:00,LONG,Breakout,156.771,156.6554878006908,157.053,2025-12-31 11:00:00-05:00,156.6554878006908,SL,0.022,-1.0,-1.1905,-1190.46
2025-12-31 14:45:00-05:00,LONG,Retest,156.744,156.65328189711923,156.988,2025-12-31 15:30:00-05:00,156.65328189711923,SL,0.023667,-1.0,-1.2609,-1260.88
2026-01-02 05:00:00-05:00,LONG,Retest,156.913,156.86047724638672,157.053,2026-01-02 05:15:00-05:00,156.86047724638672,SL,0.022,-1.0,-1.4189,-1418.87
2026-01-04 18:45:00-05:00,LONG,Breakout,156.985,156.93064180040818,157.053,2026-01-04 19:00:00-05:00,156.93064180040818,SL,0.023,-1.0,-1.4231,-1423.12
2026-01-08 08:30:00-05:00,LONG,Breakout,156.838,156.76238707922207,156.946,2026-01-08 08:45:00-05:00,156.946,TP,0.022,1.4283,1.1374,1137.37
2026-01-08 12:15:00-05:00,LONG,Retest,156.814,156.75991156085698,157.063,2026-01-08 17:15:00-05:00,156.75991156085698,SL,0.0232,-1.0,-1.4289,-1428.93
2026-01-08 19:45:00-05:00,LONG,Breakout,156.997,156.97129269025078,157.063,2026-01-08 20:00:00-05:00,157.063,TP,0.022933,2.5674,1.6753,1675.27
2026-01-09 09:00:00-05:00,LONG,Breakout,157.905,157.70293280091516,158.08,2026-01-09 10:00:00-05:00,158.08,TP,0.022,0.866,0.7572,757.17
2026-01-12 09:15:00-05:00,LONG,Breakout,157.977,157.93651756377307,158.175,2026-01-12 09:45:00-05:00,157.93651756377307,SL,0.022,-1.0,-1.5434,-1543.45
2026-01-12 20:00:00-05:00,LONG,Breakout,158.236,158.17465146085488,158.872,2026-01-12 23:15:00-05:00,158.872,TP,0.023,10.367,9.9921,9992.09
2026-01-13 09:00:00-05:00,LONG,Bounce,158.913,158.7659699280913,159.041,2026-01-13 10:00:00-05:00,159.041,TP,0.022,0.8706,0.7209,720.94
2026-01-13 19:00:00-05:00,LONG,Breakout,159.252,159.1692187257671,159.311,2026-01-13 19:15:00-05:00,159.1692187257671,SL,0.023,-1.0,-1.2778,-1277.84
2026-01-13 20:00:00-05:00,LONG,Breakout,159.379,159.16554176974788,159.437,2026-01-13 20:30:00-05:00,159.437,TP,0.023,0.2717,0.164,163.97
2026-01-13 23:30:00-05:00,LONG,Retest,159.203,159.16613556259492,159.44,2026-01-14 00:00:00-05:00,159.16613556259492,SL,0.022667,-1.0,-1.6149,-1614.87
2026-01-14 03:00:00-05:00,LONG,Bounce,159.137,159.0565643380533,159.44,2026-01-14 03:15:00-05:00,159.0565643380533,SL,0.022,-1.0,-1.2735,-1273.51
2026-01-15 02:00:00-05:00,LONG,Breakout,158.669,158.61673814970527,159.336,2026-01-15 02:15:00-05:00,158.61673814970527,SL,0.023,-1.0,-1.4401,-1440.09
2026-01-15 03:00:00-05:00,LONG,Breakout,158.654,158.61292420589683,159.336,2026-01-15 03:15:00-05:00,158.61292420589683,SL,0.022,-1.0,-1.5356,-1535.6
2026-01-15 03:30:00-05:00,LONG,Breakout,158.678,158.61267954488042,159.336,2026-01-15 04:00:00-05:00,158.61267954488042,SL,0.021933,-1.0,-1.3358,-1335.78
2026-01-15 08:45:00-05:00,LONG,Breakout,158.821,158.69904362872302,159.336,2026-01-15 09:15:00-05:00,158.69904362872302,SL,0.022,-1.0,-1.1804,-1180.39
2026-01-15 09:30:00-05:00,LONG,Breakout,158.813,158.69697939223926,159.336,2026-01-15 09:45:00-05:00,158.69697939223926,SL,0.022,-1.0,-1.1896,-1189.62
2026-01-18 17:45:00-05:00,LONG,Bounce,157.86,157.8008107257677,158.236,2026-01-18 18:00:00-05:00,157.8008107257677,SL,0.045667,-1.0,-1.7715,-1771.54
2026-01-19 18:00:00-05:00,LONG,Breakout,158.167,158.11743848566974,158.236,2026-01-19 19:00:00-05:00,158.236,TP,0.023,1.3922,0.9281,928.14
2026-01-19 20:00:00-05:00,LONG,Bounce,157.922,157.83619848040487,158.443,2026-01-20 01:30:00-05:00,158.443,TP,0.023,6.0722,5.8041,5804.09
2026-01-20 08:30:00-05:00,LONG,Bounce,157.848,157.51344754834955,158.591,2026-01-21 23:00:00-05:00,158.591,TP,0.022,2.2209,2.1551,2155.12
2026-01-23 01:30:00-05:00,LONG,Breakout,158.757,158.7154345784161,158.849,2026-01-23 01:45:00-05:00,158.849,TP,0.023,2.2134,1.66,1660.03
2026-01-25 21:00:00-05:00,SHORT,Breakout,153.972,154.262076548388,153.607,2026-01-25 22:15:00-05:00,154.262076548388,SL,0.023,-1.0,-1.0793,-1079.29
2026-01-29 03:45:00-05:00,SHORT,Bounce,153.315,153.41265056900383,152.89,2026-01-29 05:45:00-05:00,153.41265056900383,SL,0.022,-1.0,-1.2253,-1225.29
2026-01-29 10:30:00-05:00,SHORT,Breakout,152.855,152.9272550001587,152.76,2026-01-29 10:45:00-05:00,152.9272550001587,SL,0.022,-1.0,-1.3045,-1304.48
2026-02-04 02:00:00-05:00,LONG,Breakout,156.41,156.36986950851386,158.331,2026-02-04 02:15:00-05:00,156.36986950851386,SL,0.023,-1.0,-1.5731,-1573.13
2026-02-04 09:00:00-05:00,LONG,Retest,156.5,156.36463148017842,156.848,2026-02-04 10:00:00-05:00,156.36463148017842,SL,0.022,-1.0,-1.1625,-1162.52
2026-02-05 20:45:00-05:00,LONG,Bounce,156.652,156.49542079980628,157.087,2026-02-06 06:15:00-05:00,157.087,TP,0.023,2.7781,2.6313,2631.26
2026-02-09 19:00:00-05:00,LONG,Breakout,156.166,156.11522369602622,156.767,2026-02-09 19:45:00-05:00,156.11522369602622,SL,0.023,-1.0,-1.453,-1452.97
2026-02-10 08:30:00-05:00,SHORT,Breakout,154.883,155.10863640315577,154.695,2026-02-10 09:00:00-05:00,154.695,TP,0.022,0.8332,0.7357,735.7
2026-02-11 08:30:00-05:00,SHORT,Bounce,153.429,154.55408893775473,152.79,2026-02-11 12:15:00-05:00,152.79,TP,0.022,0.568,0.5484,548.4
2026-02-16 18:45:00-05:00,SHORT,Bounce,153.542,153.5724548376578,153.438,2026-02-16 19:00:00-05:00,153.438,TP,0.023,3.4149,2.6597,2659.68
2026-02-16 19:00:00-05:00,SHORT,Breakout,153.42,153.45382234925367,153.241,2026-02-16 19:15:00-05:00,153.241,TP,0.023,5.2924,4.6123,4612.33
2026-02-17 18:45:00-05:00,SHORT,Breakout,153.124,153.18960597872885,152.686,2026-02-17 19:15:00-05:00,153.18960597872885,SL,0.023,-1.0,-1.3506,-1350.58
2026-02-19 18:30:00-05:00,LONG,Breakout,155.176,155.0953837046369,155.273,2026-02-19 19:00:00-05:00,155.0953837046369,SL,0.023,-1.0,-1.2853,-1285.3
2026-02-19 20:15:00-05:00,LONG,Breakout,155.189,155.08984353688243,155.273,2026-02-19 20:30:00-05:00,155.273,TP,0.023,0.8471,0.6152,615.19
2026-02-19 21:15:00-05:00,LONG,Breakout,155.134,155.0896787030638,155.335,2026-02-19 22:45:00-05:00,155.0896787030638,SL,0.023,-1.0,-1.5189,-1518.94
2026-02-20 01:30:00-05:00,LONG,Retest,155.198,155.0939919637372,155.618,2026-02-20 02:00:00-05:00,155.0939919637372,SL,0.022933,-1.0,-1.2205,-1220.5
2026-02-20 02:45:00-05:00,LONG,Breakout,155.483,155.28002111990517,155.618,2026-02-20 04:00:00-05:00,155.618,TP,0.022,0.6651,0.5567,556.71
2026-02-24 02:00:00-05:00,LONG,Breakout,155.714,155.09727258037282,156.286,2026-02-25 03:45:00-05:00,156.286,TP,0.023,0.9275,0.8902,890.18
2026-02-26 00:45:00-05:00,LONG,Bounce,155.935,155.716517641364,156.534,2026-02-26 19:30:00-05:00,155.716517641364,SL,0.022933,-1.0,-1.105,-1104.97
2026-03-01 18:00:00-05:00,LONG,Breakout,156.322,156.18831360236516,156.424,2026-03-01 18:15:00-05:00,156.424,TP,0.023,0.763,0.5909,590.94
2026-03-01 22:00:00-05:00,LONG,Retest,156.301,156.18174980085104,156.793,2026-03-01 22:15:00-05:00,156.18174980085104,SL,0.023,-1.0,-1.1929,-1192.87
2026-03-02 20:00:00-05:00,LONG,Breakout,157.558,157.4626418015661,157.745,2026-03-02 20:15:00-05:00,157.4626418015661,SL,0.023,-1.0,-1.2412,-1241.2
2026-03-03 19:30:00-05:00,LONG,Bounce,157.582,157.44045773833562,157.947,2026-03-03 22:45:00-05:00,157.44045773833562,SL,0.023,-1.0,-1.1625,-1162.5
2026-03-05 19:00:00-05:00,LONG,Bounce,157.54,157.37882204957492,157.841,2026-03-05 19:45:00-05:00,157.37882204957492,SL,0.023,-1.0,-1.1427,-1142.7
2026-03-05 20:45:00-05:00,LONG,Bounce,157.472,157.37838865148936,157.841,2026-03-06 00:45:00-05:00,157.841,TP,0.023,3.9418,3.6961,3696.13
2026-03-06 09:15:00-05:00,LONG,Breakout,157.992,157.86379966269925,158.331,2026-03-06 09:30:00-05:00,157.86379966269925,SL,0.022,-1.0,-1.1716,-1171.61
2026-03-09 05:30:00-04:00,LONG,Bounce,158.409,158.28383859609093,158.891,2026-03-09 09:00:00-04:00,158.28383859609093,SL,0.022,-1.0,-1.1758,-1175.77
2026-03-10 03:00:00-04:00,LONG,Bounce,157.579,157.49908071243664,157.924,2026-03-10 03:15:00-04:00,157.49908071243664,SL,0.023,-1.0,-1.2878,-1287.79
2026-03-10 20:15:00-04:00,LONG,Breakout,157.992,157.94799371422323,158.409,2026-03-11 02:30:00-04:00,157.94799371422323,SL,0.023,-1.0,-1.5227,-1522.65
2026-03-11 03:00:00-04:00,LONG,Retest,158.025,157.9494285977785,158.385,2026-03-11 04:30:00-04:00,158.385,TP,0.023,4.7637,4.4594,4459.36
2026-03-11 08:30:00-04:00,LONG,Breakout,158.51,158.45970443673454,158.589,2026-03-11 08:45:00-04:00,158.589,TP,0.022,1.5707,1.1333,1133.3
2026-03-11 10:15:00-04:00,LONG,Breakout,158.585,158.4570214864351,158.68,2026-03-11 10:45:00-04:00,158.68,TP,0.022,0.7423,0.5704,570.41
2026-03-11 19:00:00-04:00,LONG,Breakout,159.033,158.95224406149518,159.211,2026-03-11 20:00:00-04:00,159.211,TP,0.023,2.2042,1.9194,1919.36
2026-03-11 22:30:00-04:00,LONG,Breakout,159.069,158.9480190571031,159.336,2026-03-12 02:15:00-04:00,158.9480190571031,SL,0.023,-1.0,-1.1901,-1190.11
2026-03-12 11:45:00-04:00,LONG,Breakout,159.197,159.1271783930203,159.336,2026-03-12 12:15:00-04:00,159.1271783930203,SL,0.022,-1.0,-1.3151,-1315.09
2026-03-12 17:15:00-04:00,LONG,Retest,159.277,159.13081446890743,159.44,2026-03-12 20:00:00-04:00,159.13081446890743,SL,0.036,-1.0,-1.2463,-1246.26
2026-03-13 00:30:00-04:00,LONG,Breakout,159.515,159.40194594788156,161.614,2026-03-13 01:00:00-04:00,159.40194594788156,SL,0.023,-1.0,-1.2034,-1203.44
2026-03-13 08:45:00-04:00,LONG,Bounce,159.32,159.2164175073458,159.535,2026-03-13 09:30:00-04:00,159.2164175073458,SL,0.022,-1.0,-1.2124,-1212.39
2026-03-16 21:15:00-04:00,LONG,Breakout,159.417,159.3254861595328,159.628,2026-03-16 22:30:00-04:00,159.3254861595328,SL,0.022867,-1.0,-1.2499,-1249.87
2026-03-17 10:00:00-04:00,LONG,Bounce,158.922,158.87842607958973,159.487,2026-03-17 10:45:00-04:00,158.87842607958973,SL,0.022,-1.0,-1.5049,-1504.89
2026-03-17 11:00:00-04:00,LONG,Bounce,158.984,158.87830969541758,159.487,2026-03-17 11:15:00-04:00,158.87830969541758,SL,0.022,-1.0,-1.2082,-1208.16
2026-03-17 11:15:00-04:00,LONG,Bounce,159.026,158.87688757431633,159.487,2026-03-17 12:30:00-04:00,158.87688757431633,SL,0.022,-1.0,-1.1475,-1147.54
2026-03-17 19:45:00-04:00,LONG,Bounce,158.901,158.8406370224468,159.055,2026-03-17 20:00:00-04:00,158.8406370224468,SL,0.023,-1.0,-1.381,-1381.03
2026-03-18 08:15:00-04:00,LONG,Breakout,159.155,159.1110339420471,159.487,2026-03-18 09:00:00-04:00,159.487,TP,0.022,7.5513,7.0509,7050.89
2026-03-20 09:45:00-04:00,LONG,Breakout,159.008,158.86971979365123,159.288,2026-03-20 13:00:00-04:00,159.288,TP,0.022,2.0249,1.8658,1865.78
2026-03-24 13:00:00-04:00,LONG,Breakout,159.132,158.92392610019164,159.628,2026-03-24 14:30:00-04:00,158.92392610019164,SL,0.014,-1.0,-1.0673,-1067.28
2026-03-26 10:30:00-04:00,LONG,Bounce,159.543,159.39231716223597,159.69,2026-03-26 11:30:00-04:00,159.69,TP,0.014,0.9756,0.8826,882.65
2026-03-27 03:00:00-04:00,LONG,Breakout,159.772,159.74414458840153,159.835,2026-03-27 03:15:00-04:00,159.835,TP,0.014,2.2617,1.7591,1759.08
2026-03-27 06:00:00-04:00,LONG,Retest,159.838,159.74006462296455,159.972,2026-03-27 11:30:00-04:00,159.74006462296455,SL,0.014,-1.0,-1.143,-1142.95
2026-03-27 11:45:00-04:00,LONG,Breakout,160.16,159.92019794017295,161.614,2026-03-29 20:30:00-04:00,159.92019794017295,SL,0.014,-1.0,-1.0584,-1058.38
2026-04-02 03:00:00-04:00,LONG,Breakout,159.598,159.44616245569375,159.766,2026-04-02 09:45:00-04:00,159.44616245569375,SL,0.014,-1.0,-1.0922,-1092.2
2026-04-03 07:45:00-04:00,LONG,Bounce,159.552,159.52334901366063,159.688,2026-04-03 08:30:00-04:00,159.52334901366063,SL,0.014,-1.0,-1.4886,-1488.64
2026-04-06 10:45:00-04:00,LONG,Breakout,159.703,159.5664444173828,159.824,2026-04-06 18:00:00-04:00,159.5664444173828,SL,0.014,-1.0,-1.1025,-1102.52
2026-04-06 18:15:00-04:00,LONG,Retest,159.641,159.56987931536912,159.794,2026-04-06 20:45:00-04:00,159.794,TP,0.033333,2.1513,1.6826,1682.59
2026-04-07 01:30:00-04:00,LONG,Retest,159.8,159.7349856189346,159.92,2026-04-07 02:00:00-04:00,159.7349856189346,SL,0.014,-1.0,-1.2153,-1215.34
2026-04-13 07:45:00-04:00,LONG,Breakout,159.839,159.75879565839665,160.024,2026-04-13 08:30:00-04:00,159.75879565839665,SL,0.014,-1.0,-1.1746,-1174.55
2026-04-22 09:45:00-04:00,LONG,Bounce,159.165,159.0746238844989,159.366,2026-04-22 10:45:00-04:00,159.366,TP,0.0142,2.224,2.0669,2066.92
2026-04-22 20:00:00-04:00,LONG,Breakout,159.593,159.55450980587398,159.635,2026-04-22 20:15:00-04:00,159.55450980587398,SL,0.017,-1.0,-1.4417,-1441.67
2026-04-23 02:15:00-04:00,LONG,Retest,159.598,159.55485089193084,159.68,2026-04-23 03:00:00-04:00,159.68,TP,0.014,1.9004,1.5759,1575.93
2026-04-23 21:15:00-04:00,LONG,Retest,159.784,159.76270155102353,159.838,2026-04-23 21:30:00-04:00,159.76270155102353,SL,0.017,-1.0,-1.7982,-1798.18
2026-04-29 03:30:00-04:00,LONG,Breakout,159.68,159.6497062805768,159.743,2026-04-29 03:45:00-04:00,159.6497062805768,SL,0.014,-1.0,-1.4621,-1462.14
2026-05-01 02:45:00-04:00,SHORT,Breakout,155.955,157.02602564591987,155.341,2026-05-01 14:00:00-04:00,157.02602564591987,SL,0.014,-1.0,-1.0131,-1013.07
2026-05-03 23:45:00-04:00,SHORT,Breakout,156.192,156.6984037688921,155.487,2026-05-04 00:30:00-04:00,156.6984037688921,SL,0.017,-1.0,-1.0336,-1033.57
2026-05-05 03:00:00-04:00,SHORT,Breakout,157.15,157.17183707318722,156.539,2026-05-05 03:15:00-04:00,157.17183707318722,SL,0.014,-1.0,-1.6411,-1641.11
2026-05-05 19:00:00-04:00,SHORT,Breakout,157.564,157.61310821917886,157.07,2026-05-05 19:15:00-04:00,157.61310821917886,SL,0.017,-1.0,-1.3462,-1346.17
2026-05-05 20:30:00-04:00,SHORT,Breakout,157.581,157.61389962498438,157.07,2026-05-05 21:00:00-04:00,157.61389962498438,SL,0.017,-1.0,-1.5167,-1516.72
2026-05-06 00:15:00-04:00,SHORT,Breakout,156.873,157.5654898118949,156.539,2026-05-06 00:30:00-04:00,156.539,TP,0.017,0.4823,0.4578,457.77
2026-05-06 21:00:00-04:00,SHORT,Breakout,156.132,156.2349951637591,156.038,2026-05-06 21:30:00-04:00,156.038,TP,0.017,0.9127,0.7476,747.61
2026-05-08 08:30:00-04:00,SHORT,Breakout,156.579,156.63594702121273,156.158,2026-05-08 08:45:00-04:00,156.63594702121273,SL,0.014,-1.0,-1.2458,-1245.84
2026-05-08 09:15:00-04:00,SHORT,Breakout,156.491,156.63896793207158,156.158,2026-05-08 10:00:00-04:00,156.63896793207158,SL,0.014,-1.0,-1.0946,-1094.62
2026-05-10 20:45:00-04:00,SHORT,Bounce,156.925,156.97675983292464,156.518,2026-05-10 21:00:00-04:00,156.97675983292464,SL,0.017,-1.0,-1.3284,-1328.44
2026-05-15 01:45:00-04:00,LONG,Breakout,158.603,158.57141758487307,160.72,2026-05-15 02:00:00-04:00,158.57141758487307,SL,0.014133,-1.0,-1.4475,-1447.51
2026-05-17 20:30:00-04:00,LONG,Breakout,158.873,158.82637068852515,160.72,2026-05-18 00:00:00-04:00,158.82637068852515,SL,0.017,-1.0,-1.3646,-1364.58
2026-05-19 02:30:00-04:00,LONG,Breakout,159.049,159.01248345967247,159.076,2026-05-19 02:45:00-04:00,159.01248345967247,SL,0.014,-1.0,-1.3834,-1383.39
2026-05-19 03:30:00-04:00,LONG,Retest,159.076,159.01121113837218,160.72,2026-05-19 03:45:00-04:00,159.01121113837218,SL,0.014,-1.0,-1.2161,-1216.09
2026-05-19 08:30:00-04:00,LONG,Bounce,158.95,158.693085839399,160.72,2026-05-20 11:15:00-04:00,158.693085839399,SL,0.014,-1.0,-1.0545,-1054.49
2026-05-20 21:30:00-04:00,LONG,Bounce,158.858,158.79552366297045,158.925,2026-05-20 22:30:00-04:00,158.925,TP,0.017,1.0724,0.8003,800.3
2026-05-21 04:15:00-04:00,LONG,Breakout,158.947,158.91410629173913,159.162,2026-05-21 05:15:00-04:00,158.91410629173913,SL,0.014,-1.0,-1.4256,-1425.61
2026-05-21 06:30:00-04:00,LONG,Breakout,159.095,159.06818214045302,159.162,2026-05-21 07:00:00-04:00,159.06818214045302,SL,0.014,-1.0,-1.522,-1522.04
2026-05-21 08:45:00-04:00,LONG,Retest,159.157,159.06802512302937,159.246,2026-05-21 09:15:00-04:00,159.246,TP,0.014,1.0003,0.8429,842.93
2026-05-22 01:45:00-04:00,LONG,Breakout,159.129,159.11081932112123,159.337,2026-05-22 02:00:00-04:00,159.11081932112123,SL,0.014,-1.0,-1.77,-1770.05
2026-05-22 10:00:00-04:00,LONG,Breakout,159.164,159.12916371860436,159.337,2026-05-22 10:15:00-04:00,159.12916371860436,SL,0.014,-1.0,-1.4019,-1401.88
2026-05-22 16:30:00-04:00,LONG,Retest,159.161,159.13084753289996,159.228,2026-05-24 17:15:00-04:00,159.13084753289996,SL,0.025,-1.0,-1.8291,-1829.12
2026-05-25 18:15:00-04:00,LONG,Bounce,158.908,158.86751516505348,159.035,2026-05-26 02:00:00-04:00,159.035,TP,0.026333,3.137,2.4865,2486.53
2026-05-26 09:00:00-04:00,LONG,Breakout,159.244,159.22695494019032,159.337,2026-05-26 09:15:00-04:00,159.22695494019032,SL,0.014,-1.0,-1.8214,-1821.35
2026-05-27 10:45:00-04:00,LONG,Breakout,159.496,159.42699340703672,160.72,2026-05-27 11:30:00-04:00,159.42699340703672,SL,0.014067,-1.0,-1.2038,-1203.85
2026-05-27 11:30:00-04:00,LONG,Retest,159.481,159.42668808865147,160.72,2026-05-27 17:45:00-04:00,159.42668808865147,SL,0.014,-1.0,-1.2578,-1257.77
2026-05-27 23:30:00-04:00,LONG,Breakout,159.616,159.56524688208472,160.72,2026-05-28 00:00:00-04:00,159.56524688208472,SL,0.017,-1.0,-1.335,-1334.95
2026-05-28 06:45:00-04:00,LONG,Bounce,159.46,159.40780522341285,159.644,2026-05-28 08:15:00-04:00,159.40780522341285,SL,0.014,-1.0,-1.2682,-1268.23
2026-05-29 10:00:00-04:00,LONG,Breakout,159.323,159.30562382465035,159.372,2026-05-29 10:30:00-04:00,159.30562382465035,SL,0.014,-1.0,-1.8057,-1805.7
2026-06-01 09:00:00-04:00,LONG,Breakout,159.631,159.48551430722048,160.72,2026-06-03 04:30:00-04:00,159.48551430722048,SL,0.014,-1.0,-1.0962,-1096.23
2026-06-04 21:15:00-04:00,LONG,Bounce,159.947,159.90009928854985,160.035,2026-06-05 03:30:00-04:00,159.90009928854985,SL,0.017,-1.0,-1.3625,-1362.47
2026-06-05 05:15:00-04:00,LONG,Bounce,159.919,159.87987389262702,159.966,2026-06-05 07:30:00-04:00,159.87987389262702,SL,0.014,-1.0,-1.3578,-1357.82
2026-06-05 08:30:00-04:00,LONG,Breakout,160.019,159.95758211526595,160.082,2026-06-05 08:45:00-04:00,160.082,TP,0.014267,1.0258,0.7935,793.47
2026-06-09 09:45:00-04:00,LONG,Bounce,160.189,160.1263980386217,160.252,2026-06-09 10:45:00-04:00,160.252,TP,0.014,1.0064,0.7827,782.72
2026-06-09 10:45:00-04:00,LONG,Breakout,160.245,160.20968156968644,160.268,2026-06-09 11:30:00-04:00,160.268,TP,0.014,0.6512,0.2548,254.82
2026-06-09 12:00:00-04:00,LONG,Breakout,160.291,160.2085761540087,160.386,2026-06-09 12:30:00-04:00,160.386,TP,0.014,1.1526,0.9827,982.73
2026-06-09 21:00:00-04:00,LONG,Bounce,160.337,160.29629094099022,160.439,2026-06-10 05:30:00-04:00,160.439,TP,0.017,2.5056,2.088,2087.99
2026-06-10 08:45:00-04:00,LONG,Bounce,160.432,160.3057086038362,160.72,2026-06-11 13:30:00-04:00,160.3057086038362,SL,0.014,-1.0,-1.1109,-1110.85
2026-06-12 02:30:00-04:00,LONG,Breakout,160.317,160.28734209570294,160.546,2026-06-12 02:45:00-04:00,160.28734209570294,SL,0.014,-1.0,-1.472,-1472.05
2026-06-17 14:00:00-04:00,LONG,Breakout,160.441,160.32998607779663,160.473,2026-06-17 14:30:00-04:00,160.32998607779663,SL,0.014,-1.0,-1.1261,-1126.11
2026-06-17 14:45:00-04:00,LONG,Breakout,160.483,160.32676173940203,160.546,2026-06-17 15:00:00-04:00,160.546,TP,0.014,0.4032,0.3136,313.62
2026-06-18 05:00:00-04:00,LONG,Bounce,160.7,160.53586535900195,161.614,2026-06-18 14:45:00-04:00,161.614,TP,0.014067,5.5686,5.4829,5482.9
2026-06-23 01:45:00-04:00,LONG,Breakout,161.641,161.61919646021386,161.685,2026-06-23 02:15:00-04:00,161.685,TP,0.014,2.018,1.3759,1375.92
2026-06-23 03:00:00-04:00,LONG,Bounce,161.563,161.49625845090992,161.917,2026-06-23 03:15:00-04:00,161.49625845090992,SL,0.014,-1.0,-1.2098,-1209.76
2026-06-24 02:15:00-04:00,LONG,Breakout,161.674,161.62322110634418,161.735,2026-06-24 02:30:00-04:00,161.62322110634418,SL,0.014,-1.0,-1.2757,-1275.71
2026-07-07 03:15:00-04:00,LONG,Bounce,161.952,161.64793610863754,162.171,2026-07-07 18:00:00-04:00,162.171,TP,0.014,0.7202,0.6742,674.2
2026-07-08 20:45:00-04:00,LONG,Bounce,162.441,162.39882291068534,162.616,2026-07-08 23:30:00-04:00,162.39882291068534,SL,0.017,-1.0,-1.4031,-1403.06
2026-07-13 01:45:00-04:00,LONG,Breakout,162.257,162.1440099489143,162.417,2026-07-13 03:00:00-04:00,162.1440099489143,SL,0.014,-1.0,-1.1239,-1123.9
2026-07-13 03:30:00-04:00,LONG,Breakout,162.211,162.13896369835706,162.417,2026-07-13 03:45:00-04:00,162.13896369835706,SL,0.014,-1.0,-1.1943,-1194.35
2026-07-13 08:30:00-04:00,LONG,Retest,162.171,162.14731207829004,162.352,2026-07-13 08:45:00-04:00,162.14731207829004,SL,0.014,-1.0,-1.591,-1591.02
2026-07-13 20:45:00-04:00,LONG,Bounce,162.375,162.33091154026567,162.475,2026-07-13 21:00:00-04:00,162.33091154026567,SL,0.017,-1.0,-1.3856,-1385.59
2026-07-13 21:30:00-04:00,LONG,Bounce,162.387,162.33053427622585,162.475,2026-07-13 22:15:00-04:00,162.33053427622585,SL,0.017,-1.0,-1.3011,-1301.07
2026-07-16 03:15:00-04:00,LONG,Bounce,162.085,162.00719947738145,162.278,2026-07-16 03:45:00-04:00,162.00719947738145,SL,0.014,-1.0,-1.1799,-1179.95
2026-07-16 03:45:00-04:00,LONG,Bounce,162.071,162.00694342692583,162.278,2026-07-16 08:30:00-04:00,162.278,TP,0.014,3.2315,3.013,3012.96
2026-07-16 08:30:00-04:00,LONG,Breakout,162.26,162.16557584660265,162.413,2026-07-16 10:30:00-04:00,162.413,TP,0.014,1.6203,1.4721,1472.08
2026-07-19 21:00:00-04:00,LONG,Bounce,162.342,162.28185759861617,162.58,2026-07-20 07:30:00-04:00,162.28185759861617,SL,0.017,-1.0,-1.2827,-1282.66
2026-07-21 02:30:00-04:00,LONG,Breakout,162.541,162.52535182721533,162.585,2026-07-21 02:45:00-04:00,162.52535182721533,SL,0.014,-1.0,-1.8947,-1894.67
2026-07-21 03:00:00-04:00,LONG,Breakout,162.552,162.52509315713974,162.585,2026-07-21 03:30:00-04:00,162.585,TP,0.014,1.2265,0.7061,706.14
2026-07-23 20:30:00-04:00,LONG,Breakout,163.916,163.85640319720744,163.982,2026-07-23 20:45:00-04:00,163.85640319720744,SL,0.017,-1.0,-1.2853,-1285.25
2026-07-24 11:15:00-04:00,LONG,Bounce,163.69,163.63118721839209,163.93,2026-07-26 17:15:00-04:00,163.63118721839209,SL,0.014,-1.0,-1.238,-1238.04
2026-07-26 18:00:00-04:00,LONG,Bounce,163.64,163.6195830280553,163.874,2026-07-26 19:45:00-04:00,163.6195830280553,SL,0.035067,-1.0,-2.7175,-2717.53
2026-07-27 20:00:00-04:00,LONG,Breakout,163.808,163.78424411493444,163.862,2026-07-27 20:15:00-04:00,163.78424411493444,SL,0.017,-1.0,-1.7156,-1715.61
2026-07-29 08:15:00-04:00,LONG,Breakout,163.754,163.67561980959064,163.877,2026-07-29 11:00:00-04:00,163.877,TP,0.014067,1.5693,1.3898,1389.81
2026-07-30 19:15:00-04:00,LONG,Breakout,159.907,159.7936130334143,163.734,2026-07-31 04:45:00-04:00,159.7936130334143,SL,0.017,-1.0,-1.1499,-1149.93
2026-07-31 13:30:00-04:00,SHORT,Breakout,158.193,158.60182764650784,157.945,2026-07-31 13:45:00-04:00,158.60182764650784,SL,0.014,-1.0,-1.0342,-1034.24
2026-08-05 09:30:00-04:00,SHORT,Breakout,157.466,157.53677362804373,157.299,2026-08-05 09:45:00-04:00,157.53677362804373,SL,0.014,-1.0,-1.1978,-1197.81
2026-08-05 10:00:00-04:00,SHORT,Breakout,157.376,157.53879664867037,157.299,2026-08-05 10:45:00-04:00,157.53879664867037,SL,0.014,-1.0,-1.086,-1086.0
2026-08-06 21:30:00-04:00,SHORT,Breakout,158.265,158.30797375117177,157.811,2026-08-06 21:45:00-04:00,158.30797375117177,SL,0.017,-1.0,-1.3956,-1395.59
2026-08-11 21:00:00-04:00,SHORT,Bounce,159.33,159.36456054798708,159.048,2026-08-11 22:15:00-04:00,159.36456054798708,SL,0.017,-1.0,-1.4919,-1491.89
2026-08-12 05:00:00-04:00,SHORT,Breakout,159.257,159.31546211067837,159.189,2026-08-12 05:15:00-04:00,159.189,TP,0.014,1.1631,0.9237,923.68
2026-08-13 10:00:00-04:00,SHORT,Breakout,159.072,159.18912002247427,158.673,2026-08-13 10:45:00-04:00,159.18912002247427,SL,0.014,-1.0,-1.1195,-1119.54
2026-08-14 08:00:00-04:00,SHORT,Breakout,159.041,159.0719275471804,158.673,2026-08-14 08:30:00-04:00,158.673,TP,0.014,11.8988,11.4461,11446.11
2026-08-14 09:15:00-04:00,SHORT,Breakout,158.981,159.0797399911035,158.577,2026-08-14 11:15:00-04:00,159.0797399911035,SL,0.014,-1.0,-1.1418,-1141.79
2026-08-17 03:00:00-04:00,SHORT,Breakout,158.919,158.95844565975554,158.599,2026-08-17 03:45:00-04:00,158.95844565975554,SL,0.014,-1.0,-1.3549,-1354.92
2026-08-21 03:30:00-04:00,SHORT,Breakout,158.836,158.88749222571278,158.489,2026-08-21 05:00:00-04:00,158.489,TP,0.014,6.7389,6.467,6467.0
2026-08-24 21:00:00-04:00,SHORT,Bounce,159.123,159.22172679944185,159.008,2026-08-24 21:45:00-04:00,159.22172679944185,SL,0.017,-1.0,-1.1722,-1172.19
