entry_time,direction,entry_type,entry_price,stop,target,exit_time,exit_price,exit_reason,spread_price,r_multiple_gross,r_multiple_net,pnl_usd_net
2020-01-03 00:10:00-05:00,SHORT,Breakout,1.3119,1.3123128035459335,1.31141,2020-01-03 00:30:00-05:00,1.3123128035459335,SL,0.000268,-1.0,-1.6492,-1649.22
2020-01-03 00:45:00-05:00,SHORT,Retest,1.31211,1.312310122494872,1.31141,2020-01-03 00:55:00-05:00,1.312310122494872,SL,0.000282,-1.0,-2.4091,-2409.14
2020-01-03 14:00:00-05:00,SHORT,Breakout,1.3075999999999999,1.3080178258076143,1.30682,2020-01-03 14:10:00-05:00,1.3080178258076143,SL,0.000276,-1.0,-1.6606,-1660.56
2020-01-03 14:25:00-05:00,SHORT,Breakout,1.3078,1.308013736433455,1.30682,2020-01-05 17:15:00-05:00,1.30682,TP,0.000248,4.5851,3.4248,3424.78
2020-01-06 01:05:00-05:00,SHORT,Breakout,1.30759,1.3080249556617307,1.30744,2020-01-06 01:10:00-05:00,1.30744,TP,0.000248,0.3449,-0.2253,-225.31
2020-01-08 02:10:00-05:00,SHORT,Bounce,1.31351,1.3139740434692333,1.31148,2020-01-08 02:20:00-05:00,1.3139740434692333,SL,0.000252,-1.0,-1.5431,-1543.05
2020-01-08 02:20:00-05:00,SHORT,Bounce,1.31365,1.3139797721750022,1.31148,2020-01-08 02:30:00-05:00,1.3139797721750022,SL,0.000258,-1.0,-1.7824,-1782.36
2020-01-08 05:00:00-05:00,SHORT,Breakout,1.31089,1.3116853670063753,1.30626,2020-01-08 05:10:00-05:00,1.3116853670063753,SL,0.000236,-1.0,-1.2967,-1296.72
2020-01-08 07:20:00-05:00,SHORT,Retest,1.3112,1.311637786219462,1.30902,2020-01-08 07:45:00-05:00,1.30902,TP,0.000242,4.9796,4.4268,4426.82
2020-01-09 03:05:00-05:00,SHORT,Breakout,1.3091300000000001,1.3104722017141395,1.30816,2020-01-09 03:30:00-05:00,1.3104722017141395,SL,0.000236,-1.0,-1.1758,-1175.83
2020-01-10 02:40:00-05:00,SHORT,Breakout,1.30563,1.3059605132285965,1.3053,2020-01-10 02:50:00-05:00,1.3059605132285965,SL,0.00023,-1.0,-1.6959,-1695.89
2020-01-12 22:50:00-05:00,SHORT,Bounce,1.3036400000000001,1.3038448934522713,1.3029899999999999,2020-01-12 22:55:00-05:00,1.3038448934522713,SL,0.000234,-1.0,-2.1421,-2142.06
2020-01-14 10:50:00-05:00,SHORT,Bounce,1.30024,1.3014356657322192,1.29721,2020-01-14 11:45:00-05:00,1.3014356657322192,SL,0.00023,-1.0,-1.1924,-1192.36
2020-01-14 19:35:00-05:00,SHORT,Breakout,1.30144,1.301776085693143,1.30126,2020-01-14 19:50:00-05:00,1.301776085693143,SL,0.000236,-1.0,-1.7022,-1702.2
2020-01-15 03:05:00-05:00,SHORT,Breakout,1.30151,1.301821402643838,1.29922,2020-01-15 04:00:00-05:00,1.301821402643838,SL,0.000242,-1.0,-1.7771,-1777.13
2020-01-15 04:25:00-05:00,SHORT,Retest,1.30132,1.3018511329088311,1.29922,2020-01-15 04:30:00-05:00,1.29922,TP,0.000242,3.9538,3.4982,3498.18
2020-01-16 01:20:00-05:00,SHORT,Breakout,1.30379,1.30393645411424,1.30363,2020-01-16 01:25:00-05:00,1.30363,TP,0.000244,1.0925,-0.5736,-573.56
2020-01-16 02:00:00-05:00,SHORT,Breakout,1.30361,1.3039505548827626,1.30216,2020-01-16 02:20:00-05:00,1.3039505548827626,SL,0.000224,-1.0,-1.6578,-1657.75
2020-01-16 02:40:00-05:00,SHORT,Breakout,1.30368,1.3039692024899472,1.30216,2020-01-16 02:45:00-05:00,1.3039692024899472,SL,0.000244,-1.0,-1.8437,-1843.7
2020-01-16 03:00:00-05:00,SHORT,Retest,1.30344,1.3039706713951318,1.30216,2020-01-16 03:20:00-05:00,1.3039706713951318,SL,0.00025,-1.0,-1.4711,-1471.1
2020-01-16 09:30:00-05:00,SHORT,Breakout,1.30477,1.3051927725365444,1.30241,2020-01-16 10:00:00-05:00,1.3051927725365444,SL,0.000228,-1.0,-1.5393,-1539.3
2020-01-16 20:30:00-05:00,SHORT,Breakout,1.30648,1.306637960682841,1.30615,2020-01-16 20:35:00-05:00,1.306637960682841,SL,0.000244,-1.0,-2.5447,-2544.69
2020-01-17 04:30:00-05:00,SHORT,Breakout,1.30637,1.3075781195676106,1.3030599999999999,2020-01-17 06:35:00-05:00,1.3030599999999999,TP,0.000212,2.7398,2.5643,2564.32
2020-01-17 14:35:00-05:00,SHORT,Breakout,1.30156,1.3016902269786035,1.30083,2020-01-17 14:55:00-05:00,1.3016902269786035,SL,0.00026,-1.0,-2.9965,-2996.51
2020-01-19 23:55:00-05:00,SHORT,Breakout,1.29999,1.3000495784599833,1.29986,2020-01-20 00:00:00-05:00,1.3000495784599833,SL,0.000236,-1.0,-4.9612,-4961.16
2020-01-20 00:10:00-05:00,SHORT,Breakout,1.29996,1.3000500808588131,1.29986,2020-01-20 00:15:00-05:00,1.29986,TP,0.000278,1.1101,-1.976,-1976.0
2020-01-20 00:15:00-05:00,SHORT,Retest,1.29988,1.3000506465117552,1.29977,2020-01-20 00:20:00-05:00,1.29977,TP,0.000258,0.6446,-0.8673,-867.29
2020-01-21 21:35:00-05:00,SHORT,Breakout,1.30426,1.3044329492589262,1.30372,2020-01-21 22:50:00-05:00,1.30372,TP,0.000258,3.1223,1.6305,1630.54
2020-01-22 19:30:00-05:00,SHORT,Bounce,1.3146200000000001,1.3147376927460643,1.3129,2020-01-22 19:40:00-05:00,1.3147376927460643,SL,0.000256,-1.0,-3.1752,-3175.16
2020-01-22 19:40:00-05:00,SHORT,Bounce,1.31455,1.3147352962963512,1.3129,2020-01-22 23:00:00-05:00,1.3129,TP,0.000252,8.9047,7.5447,7544.67
2020-01-23 02:45:00-05:00,LONG,Breakout,1.3142800000000001,1.3136682812690235,1.31497,2020-01-23 03:00:00-05:00,1.3136682812690235,SL,0.000244,-1.0,-1.3989,-1398.88
2020-01-23 03:10:00-05:00,LONG,Breakout,1.31418,1.313659151092587,1.31497,2020-01-23 03:25:00-05:00,1.313659151092587,SL,0.00025,-1.0,-1.48,-1479.99
2020-01-23 05:00:00-05:00,LONG,Bounce,1.3128199999999999,1.3119101354632143,1.3146,2020-01-23 06:35:00-05:00,1.3119101354632143,SL,0.000252,-1.0,-1.277,-1276.96
2020-01-23 07:00:00-05:00,LONG,Bounce,1.31228,1.3117076906721146,1.31444,2020-01-23 09:10:00-05:00,1.3117076906721146,SL,0.000252,-1.0,-1.4403,-1440.32
2020-01-23 21:45:00-05:00,LONG,Breakout,1.31216,1.3119398855047164,1.3127900000000001,2020-01-23 22:25:00-05:00,1.3119398855047164,SL,0.000268,-1.0,-2.2175,-2217.55
2020-01-23 22:35:00-05:00,LONG,Retest,1.31204,1.3119413857580833,1.3127900000000001,2020-01-23 22:45:00-05:00,1.3119413857580833,SL,0.000234,-1.0,-3.3729,-3372.88
2020-01-24 04:05:00-05:00,LONG,Breakout,1.31412,1.313597714279432,1.31444,2020-01-24 04:10:00-05:00,1.31444,TP,0.000246,0.6127,0.1417,141.68
2020-01-27 02:00:00-05:00,SHORT,Bounce,1.30607,1.3063007919301597,1.30538,2020-01-27 02:05:00-05:00,1.3063007919301597,SL,0.000278,-1.0,-2.2045,-2204.55
2020-01-27 18:35:00-05:00,SHORT,Bounce,1.3057699999999999,1.3059542732402372,1.30454,2020-01-27 20:00:00-05:00,1.3059542732402372,SL,0.000262,-1.0,-2.4218,-2421.8
2020-01-28 01:00:00-05:00,SHORT,Breakout,1.30508,1.3052861579074306,1.30454,2020-01-28 01:30:00-05:00,1.30454,TP,0.00022,2.6194,1.5522,1552.21
2020-01-28 13:20:00-05:00,SHORT,Bounce,1.29992,1.3001115028295052,1.29743,2020-01-28 14:40:00-05:00,1.3001115028295052,SL,0.00027,-1.0,-2.4099,-2409.9
2020-01-28 20:35:00-05:00,SHORT,Breakout,1.3018399999999999,1.3021067672341156,1.30165,2020-01-28 20:55:00-05:00,1.30165,TP,0.000276,0.7122,-0.3224,-322.38
2020-01-30 01:55:00-05:00,SHORT,Breakout,1.30091,1.3010026749162664,1.29971,2020-01-30 02:00:00-05:00,1.3010026749162664,SL,0.000256,-1.0,-3.7623,-3762.34
2020-01-30 02:05:00-05:00,SHORT,Breakout,1.30022,1.3010121329635154,1.29971,2020-01-30 02:35:00-05:00,1.29971,TP,0.000254,0.6438,0.3232,323.18
2020-01-31 02:10:00-05:00,LONG,Breakout,1.31103,1.309779618409459,1.31714,2020-01-31 10:55:00-05:00,1.31714,TP,0.00026,4.8865,4.6786,4678.57
2020-02-02 20:20:00-05:00,LONG,Bounce,1.3176999999999999,1.3173970322940318,1.32034,2020-02-02 20:45:00-05:00,1.3173970322940318,SL,0.000278,-1.0,-1.9176,-1917.59
2020-02-03 01:35:00-05:00,LONG,Bounce,1.31568,1.315396792486366,1.31685,2020-02-03 01:55:00-05:00,1.315396792486366,SL,0.00028,-1.0,-1.9887,-1988.67
2020-02-03 20:40:00-05:00,LONG,Bounce,1.29866,1.2984771687873968,1.29978,2020-02-03 21:00:00-05:00,1.2984771687873968,SL,0.000254,-1.0,-2.3893,-2389.26
2020-02-04 02:25:00-05:00,SHORT,Breakout,1.29654,1.2981713098657544,1.29608,2020-02-04 02:30:00-05:00,1.29608,TP,0.000224,0.282,0.1447,144.67
2020-02-04 20:10:00-05:00,SHORT,Breakout,1.30215,1.3022773465225705,1.30169,2020-02-04 20:15:00-05:00,1.3022773465225705,SL,0.000226,-1.0,-2.7747,-2774.69
2020-02-04 20:25:00-05:00,SHORT,Retest,1.30209,1.3022772457398277,1.30169,2020-02-04 20:55:00-05:00,1.30169,TP,0.00026,2.1362,0.7477,747.68
2020-02-05 02:00:00-05:00,SHORT,Breakout,1.30127,1.3014344085914495,1.30071,2020-02-05 02:05:00-05:00,1.3014344085914495,SL,0.000222,-1.0,-2.3503,-2350.29
2020-02-05 02:10:00-05:00,SHORT,Breakout,1.3012299999999999,1.3014417196528316,1.30071,2020-02-05 02:30:00-05:00,1.3014417196528316,SL,0.00023,-1.0,-2.0863,-2086.34
2020-02-05 08:15:00-05:00,SHORT,Breakout,1.30419,1.3047293048072506,1.30328,2020-02-05 08:20:00-05:00,1.3047293048072506,SL,0.000248,-1.0,-1.4599,-1459.85
2020-02-06 02:05:00-05:00,SHORT,Bounce,1.29836,1.2986251253453702,1.29705,2020-02-06 02:10:00-05:00,1.2986251253453702,SL,0.000232,-1.0,-1.8751,-1875.06
2020-02-07 01:45:00-05:00,SHORT,Bounce,1.2941500000000001,1.2943697841518331,1.2934,2020-02-07 02:10:00-05:00,1.2943697841518331,SL,0.000264,-1.0,-2.2012,-2201.18
2020-02-07 02:55:00-05:00,SHORT,Breakout,1.29322,1.293712929031469,1.29253,2020-02-07 03:30:00-05:00,1.29253,TP,0.000242,1.3998,0.9089,908.85
2020-02-10 01:10:00-05:00,SHORT,Bounce,1.29009,1.2902075479515567,1.28912,2020-02-10 01:15:00-05:00,1.2902075479515567,SL,0.000262,-1.0,-3.2289,-3228.88
2020-02-10 02:00:00-05:00,SHORT,Breakout,1.28892,1.2891805366401659,1.28819,2020-02-10 02:15:00-05:00,1.2891805366401659,SL,0.000244,-1.0,-1.9365,-1936.53
2020-02-10 02:30:00-05:00,SHORT,Breakout,1.28894,1.28917977009016,1.28819,2020-02-10 02:50:00-05:00,1.28819,TP,0.000262,3.128,2.0353,2035.28
2020-02-10 19:05:00-05:00,SHORT,Bounce,1.29135,1.2915880528876182,1.29036,2020-02-10 20:15:00-05:00,1.2915880528876182,SL,0.000256,-1.0,-2.0754,-2075.39
2020-02-11 02:05:00-05:00,SHORT,Breakout,1.29028,1.2910628416625651,1.28707,2020-02-11 03:00:00-05:00,1.2910628416625651,SL,0.000258,-1.0,-1.3296,-1329.57
2020-02-11 19:40:00-05:00,SHORT,Bounce,1.29547,1.2956491945577684,1.29417,2020-02-11 20:00:00-05:00,1.2956491945577684,SL,0.00025,-1.0,-2.3951,-2395.13
2020-02-12 14:50:00-05:00,SHORT,Breakout,1.29609,1.2962839127792085,1.29527,2020-02-12 17:05:00-05:00,1.2962839127792085,SL,0.00021,-1.0,-2.083,-2082.96
2020-02-12 19:10:00-05:00,SHORT,Bounce,1.29606,1.2964511051370753,1.29508,2020-02-12 23:50:00-05:00,1.29508,TP,0.000236,2.5057,1.9023,1902.3
2020-02-13 09:40:00-05:00,SHORT,Bounce,1.30414,1.3045829718121515,1.2961,2020-02-13 09:45:00-05:00,1.3045829718121515,SL,0.000162,-1.0,-1.3657,-1365.71
2020-02-14 02:00:00-05:00,LONG,Breakout,1.3048199999999999,1.304371929349099,1.3061099999999999,2020-02-14 03:05:00-05:00,1.3061099999999999,TP,0.0002,2.879,2.4327,2432.65
2020-02-17 11:00:00-05:00,LONG,Bounce,1.30078,1.300121370296386,1.30141,2020-02-17 11:25:00-05:00,1.30141,TP,0.00018,0.9565,0.6832,683.24
2020-02-20 01:50:00-05:00,SHORT,Breakout,1.28994,1.2900806357495758,1.28933,2020-02-20 01:55:00-05:00,1.2900806357495758,SL,0.000172,-1.0,-2.223,-2223.02
2020-02-20 02:05:00-05:00,SHORT,Breakout,1.28996,1.2900823741770473,1.28933,2020-02-20 02:15:00-05:00,1.28933,TP,0.000184,5.1481,3.6446,3644.56
2020-02-20 02:15:00-05:00,SHORT,Breakout,1.2889300000000001,1.290093292020005,1.28707,2020-02-20 02:20:00-05:00,1.290093292020005,SL,0.000166,-1.0,-1.1427,-1142.7
2020-02-20 02:25:00-05:00,SHORT,Breakout,1.28958,1.2901156344458207,1.28707,2020-02-20 02:40:00-05:00,1.2901156344458207,SL,0.000168,-1.0,-1.3136,-1313.65
2020-02-20 02:50:00-05:00,SHORT,Breakout,1.28986,1.2901245603660159,1.28707,2020-02-20 03:55:00-05:00,1.2901245603660159,SL,0.000188,-1.0,-1.7106,-1710.61
2020-02-21 02:05:00-05:00,SHORT,Breakout,1.28873,1.2888462179678106,1.28781,2020-02-21 02:15:00-05:00,1.2888462179678106,SL,0.00016,-1.0,-2.3767,-2376.72
2020-02-21 02:35:00-05:00,SHORT,Bounce,1.28933,1.2898772343417961,1.28781,2020-02-21 03:15:00-05:00,1.2898772343417961,SL,0.00014,-1.0,-1.2558,-1255.83
2020-02-21 03:20:00-05:00,SHORT,Bounce,1.28955,1.2899064955958888,1.28781,2020-02-21 03:25:00-05:00,1.2899064955958888,SL,0.00014,-1.0,-1.3927,-1392.71
2020-02-21 10:20:00-05:00,SHORT,Bounce,1.29471,1.2952045273265553,1.29241,2020-02-21 10:25:00-05:00,1.2952045273265553,SL,0.000132,-1.0,-1.2669,-1266.92
2020-02-21 13:00:00-05:00,SHORT,Bounce,1.29728,1.2977906199302767,1.29241,2020-02-21 13:45:00-05:00,1.2977906199302767,SL,0.000168,-1.0,-1.329,-1329.01
2020-02-23 21:55:00-05:00,SHORT,Breakout,1.29391,1.2942459507543171,1.29241,2020-02-24 00:35:00-05:00,1.2942459507543171,SL,0.000144,-1.0,-1.4286,-1428.63
2020-02-24 03:10:00-05:00,SHORT,Breakout,1.29282,1.2934640691820853,1.29241,2020-02-24 03:15:00-05:00,1.29241,TP,0.000154,0.6366,0.3975,397.47
2020-02-27 02:05:00-05:00,SHORT,Bounce,1.29272,1.2936004590982217,1.29241,2020-02-27 02:20:00-05:00,1.29241,TP,0.00017,0.3521,0.159,159.01
2020-02-27 02:25:00-05:00,SHORT,Breakout,1.29226,1.292494843770937,1.29176,2020-02-27 02:30:00-05:00,1.292494843770937,SL,0.000182,-1.0,-1.775,-1774.98
2020-02-27 02:55:00-05:00,SHORT,Retest,1.2921,1.2925020754255179,1.28921,2020-02-27 03:25:00-05:00,1.2925020754255179,SL,0.000174,-1.0,-1.4328,-1432.75
2020-02-27 18:00:00-05:00,SHORT,Bounce,1.28895,1.2895089035306406,1.28638,2020-02-27 19:50:00-05:00,1.2895089035306406,SL,0.0005,-1.0,-1.8946,-1894.61
2020-02-28 02:15:00-05:00,SHORT,Breakout,1.28678,1.287008091643379,1.28638,2020-02-28 02:20:00-05:00,1.287008091643379,SL,0.000164,-1.0,-1.719,-1719.01
2020-02-28 03:30:00-05:00,SHORT,Breakout,1.28646,1.2870395208798724,1.28484,2020-02-28 03:35:00-05:00,1.2870395208798724,SL,0.000172,-1.0,-1.2968,-1296.8
2020-03-01 21:35:00-05:00,SHORT,Bounce,1.28224,1.2827672629040776,1.27932,2020-03-01 21:50:00-05:00,1.2827672629040776,SL,0.000186,-1.0,-1.3528,-1352.77
2020-03-02 02:10:00-05:00,SHORT,Bounce,1.28323,1.2837707169635975,1.28192,2020-03-02 02:15:00-05:00,1.2837707169635975,SL,0.000194,-1.0,-1.3588,-1358.78
2020-03-02 02:45:00-05:00,SHORT,Breakout,1.28173,1.282064162357818,1.27932,2020-03-02 02:50:00-05:00,1.282064162357818,SL,0.000164,-1.0,-1.4908,-1490.78
2020-03-02 06:55:00-05:00,SHORT,Bounce,1.27812,1.2791506080904473,1.27249,2020-03-02 12:00:00-05:00,1.2791506080904473,SL,0.000154,-1.0,-1.1494,-1149.43
2020-03-02 15:50:00-05:00,SHORT,Breakout,1.2764,1.2767593110347657,1.27389,2020-03-02 17:30:00-05:00,1.27389,TP,0.00015,6.9856,6.5681,6568.13
2020-03-03 02:20:00-05:00,SHORT,Bounce,1.27803,1.2785597947063387,1.27724,2020-03-03 02:25:00-05:00,1.2785597947063387,SL,0.000176,-1.0,-1.3322,-1332.2
2020-03-03 02:25:00-05:00,SHORT,Bounce,1.27808,1.2785616665130288,1.27724,2020-03-03 02:30:00-05:00,1.2785616665130288,SL,0.000182,-1.0,-1.3779,-1377.85
2020-03-04 02:05:00-05:00,SHORT,Breakout,1.28015,1.28069962885916,1.27961,2020-03-04 02:25:00-05:00,1.27961,TP,0.000198,0.9825,0.6222,622.24
2020-03-04 17:55:00-05:00,SHORT,Breakout,1.28603,1.2863196519802267,1.27989,2020-03-04 18:00:00-05:00,1.2863196519802267,SL,0.000676,-1.0,-3.3338,-3333.84
2020-03-04 18:30:00-05:00,SHORT,Bounce,1.28692,1.2872402279138482,1.27989,2020-03-04 19:30:00-05:00,1.2872402279138482,SL,0.000182,-1.0,-1.5683,-1568.35
2020-03-05 01:55:00-05:00,SHORT,Bounce,1.2876400000000001,1.2879257247910925,1.28709,2020-03-05 02:00:00-05:00,1.2879257247910925,SL,0.00018,-1.0,-1.63,-1629.98
2020-03-05 02:10:00-05:00,SHORT,Bounce,1.2878,1.287932949477416,1.28709,2020-03-05 02:15:00-05:00,1.287932949477416,SL,0.000172,-1.0,-2.2937,-2293.72
2020-03-06 00:55:00-05:00,LONG,Bounce,1.29521,1.2951117767083156,1.29627,2020-03-06 01:05:00-05:00,1.2951117767083156,SL,0.000174,-1.0,-2.7715,-2771.47
2020-03-09 02:55:00-04:00,LONG,Breakout,1.30936,1.3084454612357446,1.31237,2020-03-09 03:05:00-04:00,1.31237,TP,0.000198,3.2913,3.0748,3074.77
2020-03-11 03:00:00-04:00,SHORT,Breakout,1.28861,1.2906264911776133,1.27989,2020-03-11 03:25:00-04:00,1.2906264911776133,SL,0.00016,-1.0,-1.0793,-1079.35
2020-03-11 03:30:00-04:00,SHORT,Retest,1.2893,1.2906809467341047,1.27989,2020-03-11 03:50:00-04:00,1.2906809467341047,SL,0.000168,-1.0,-1.1217,-1121.66
2020-03-12 00:40:00-04:00,SHORT,Breakout,1.28134,1.281822649896732,1.28099,2020-03-12 00:55:00-04:00,1.281822649896732,SL,0.00023,-1.0,-1.4765,-1476.54
2020-03-12 02:10:00-04:00,SHORT,Breakout,1.28047,1.2810259620610938,1.27989,2020-03-12 02:30:00-04:00,1.2810259620610938,SL,0.000194,-1.0,-1.3489,-1348.94
2020-03-12 03:15:00-04:00,SHORT,Breakout,1.28067,1.2810826560806248,1.27691,2020-03-12 03:25:00-04:00,1.2810826560806248,SL,0.000204,-1.0,-1.4944,-1494.36
2020-03-13 03:10:00-04:00,SHORT,Bounce,1.2566899999999999,1.2571644887867015,1.25388,2020-03-13 03:15:00-04:00,1.2571644887867015,SL,0.000278,-1.0,-1.5859,-1585.89
2020-03-13 06:55:00-04:00,SHORT,Breakout,1.25753,1.2583009691264568,1.25388,2020-03-13 07:00:00-04:00,1.2583009691264568,SL,0.000106,-1.0,-1.1375,-1137.49
2020-03-16 02:25:00-04:00,SHORT,Bounce,1.23462,1.2359390411669986,1.23272,2020-03-16 02:35:00-04:00,1.2359390411669986,SL,0.000206,-1.0,-1.1562,-1156.17
2020-03-16 08:05:00-04:00,SHORT,Bounce,1.23054,1.2338868222186572,1.22701,2020-03-16 08:55:00-04:00,1.22701,TP,9.6e-05,1.0547,1.026,1026.05
2020-03-17 00:35:00-04:00,SHORT,Bounce,1.22615,1.226334846465968,1.22387,2020-03-17 01:55:00-04:00,1.22387,TP,0.00021,12.3346,11.1985,11198.48
2020-03-18 01:55:00-04:00,SHORT,Breakout,1.20999,1.2102427355975272,1.20978,2020-03-18 02:00:00-04:00,1.20978,TP,0.000124,0.8309,0.3403,340.28
2020-03-18 02:20:00-04:00,SHORT,Retest,1.20972,1.2102811988572706,1.20424,2020-03-18 02:30:00-04:00,1.2102811988572706,SL,0.000132,-1.0,-1.2352,-1235.21
2020-03-18 03:05:00-04:00,SHORT,Breakout,1.20753,1.2082715792532412,1.20424,2020-03-18 03:10:00-04:00,1.2082715792532412,SL,9.2e-05,-1.0,-1.1241,-1124.06
2020-03-18 03:30:00-04:00,SHORT,Breakout,1.2077499999999999,1.2083172821846435,1.20424,2020-03-18 03:45:00-04:00,1.20424,TP,6.6e-05,6.1874,6.0711,6071.05
2020-03-20 12:00:00-04:00,SHORT,Retest,1.17408,1.1753590054248124,1.17129,2020-03-20 12:30:00-04:00,1.17129,TP,6e-05,2.1814,2.1345,2134.47
2020-03-22 18:55:00-04:00,SHORT,Breakout,1.15445,1.1561227984839622,1.14096,2020-03-22 19:00:00-04:00,1.1561227984839622,SL,0.000134,-1.0,-1.0801,-1080.11
2020-03-22 19:10:00-04:00,SHORT,Breakout,1.15368,1.1561164221097904,1.14096,2020-03-22 19:25:00-04:00,1.1561164221097904,SL,0.000162,-1.0,-1.0665,-1066.49
2020-03-22 19:30:00-04:00,SHORT,Breakout,1.15525,1.1561006494657884,1.14096,2020-03-22 19:35:00-04:00,1.1561006494657884,SL,0.000344,-1.0,-1.4044,-1404.4
2020-03-23 11:55:00-04:00,SHORT,Breakout,1.14893,1.15109661138772,1.14096,2020-03-23 12:05:00-04:00,1.15109661138772,SL,7.2e-05,-1.0,-1.0332,-1033.23
2020-03-24 01:40:00-04:00,SHORT,Breakout,1.16065,1.1612475790430146,1.14806,2020-03-24 01:55:00-04:00,1.1612475790430146,SL,0.000182,-1.0,-1.3046,-1304.56
2020-03-24 05:40:00-04:00,SHORT,Bounce,1.16899,1.1696001076519902,1.1627,2020-03-24 05:45:00-04:00,1.1696001076519902,SL,4e-05,-1.0,-1.0656,-1065.56
2020-03-25 08:45:00-04:00,SHORT,Breakout,1.18391,1.1856558080605264,1.18147,2020-03-25 09:00:00-04:00,1.18147,TP,7.6e-05,1.3976,1.3541,1354.1
2020-03-26 21:25:00-04:00,SHORT,Bounce,1.21969,1.220576409311925,1.2165,2020-03-26 22:30:00-04:00,1.220576409311925,SL,0.00023,-1.0,-1.2595,-1259.47
2020-03-30 18:20:00-04:00,LONG,Bounce,1.23962,1.2370181596245762,1.24284,2020-03-30 19:05:00-04:00,1.2370181596245762,SL,0.000196,-1.0,-1.0753,-1075.33
2020-03-31 02:05:00-04:00,LONG,Breakout,1.23588,1.23503341947828,1.23889,2020-03-31 02:15:00-04:00,1.23503341947828,SL,8.2e-05,-1.0,-1.0969,-1096.86
2020-03-31 02:20:00-04:00,LONG,Bounce,1.23432,1.2327899156682878,1.23889,2020-03-31 02:40:00-04:00,1.2327899156682878,SL,0.000122,-1.0,-1.0797,-1079.73
2020-03-31 10:10:00-04:00,LONG,Breakout,1.2436,1.2410848457958878,1.2466599999999999,2020-03-31 10:20:00-04:00,1.2410848457958878,SL,6.4e-05,-1.0,-1.0254,-1025.45
2020-03-31 11:05:00-04:00,LONG,Breakout,1.24308,1.240905014027092,1.2466599999999999,2020-03-31 11:15:00-04:00,1.2466599999999999,TP,5.6e-05,1.646,1.6202,1620.24
2020-03-31 12:10:00-04:00,LONG,Retest,1.2425,1.2409845887539641,1.24724,2020-03-31 12:35:00-04:00,1.2409845887539641,SL,6.8e-05,-1.0,-1.0449,-1044.87
2020-04-01 20:20:00-04:00,LONG,Bounce,1.23773,1.237535739817281,1.2399499999999999,2020-04-01 20:25:00-04:00,1.237535739817281,SL,0.000176,-1.0,-1.906,-1906.0
2020-04-01 20:35:00-04:00,LONG,Bounce,1.23798,1.2375255015956874,1.2399499999999999,2020-04-01 20:50:00-04:00,1.2375255015956874,SL,0.00014,-1.0,-1.308,-1308.03
2020-04-01 21:10:00-04:00,LONG,Breakout,1.24039,1.2397703467925563,1.24169,2020-04-01 21:15:00-04:00,1.2397703467925563,SL,0.00014,-1.0,-1.2259,-1225.93
2020-04-02 00:20:00-04:00,LONG,Bounce,1.23823,1.2375043811031732,1.24081,2020-04-02 01:55:00-04:00,1.24081,TP,9.2e-05,3.5556,3.4288,3428.8
2020-04-06 07:00:00-04:00,SHORT,Bounce,1.23069,1.2321493091961722,1.22721,2020-04-06 07:15:00-04:00,1.2321493091961722,SL,9.6e-05,-1.0,-1.0658,-1065.78
2020-04-06 08:00:00-04:00,SHORT,Bounce,1.23048,1.2321470855912249,1.22892,2020-04-06 08:05:00-04:00,1.22892,TP,9.2e-05,0.9358,0.8806,880.58
2020-04-06 10:55:00-04:00,SHORT,Breakout,1.22595,1.2267026357091513,1.22443,2020-04-06 11:00:00-04:00,1.2267026357091513,SL,6.8e-05,-1.0,-1.0903,-1090.35
2020-04-06 15:10:00-04:00,SHORT,Breakout,1.22651,1.2288620964596617,1.22152,2020-04-06 15:35:00-04:00,1.22152,TP,4.6e-05,2.1215,2.102,2101.95
2020-04-06 18:20:00-04:00,SHORT,Breakout,1.21848,1.2216394400876818,1.21435,2020-04-06 19:10:00-04:00,1.2216394400876818,SL,9.8e-05,-1.0,-1.031,-1031.02
2020-04-06 19:55:00-04:00,SHORT,Bounce,1.22298,1.2235987843503395,1.21643,2020-04-06 20:00:00-04:00,1.2235987843503395,SL,0.00011,-1.0,-1.1778,-1177.77
2020-04-08 01:30:00-04:00,LONG,Breakout,1.23226,1.2319815325268373,1.23526,2020-04-08 01:40:00-04:00,1.2319815325268373,SL,0.000112,-1.0,-1.4022,-1402.2
2020-04-08 03:00:00-04:00,LONG,Bounce,1.23131,1.2307196299539933,1.23421,2020-04-08 03:05:00-04:00,1.2307196299539933,SL,6.8e-05,-1.0,-1.1152,-1115.18
2020-04-08 09:30:00-04:00,LONG,Retest,1.23786,1.2372083903566986,1.23952,2020-04-08 09:40:00-04:00,1.23952,TP,8.4e-05,2.5475,2.4186,2418.63
2020-04-08 20:20:00-04:00,LONG,Breakout,1.23979,1.2393008009183757,1.24079,2020-04-08 20:40:00-04:00,1.24079,TP,0.000102,2.0442,1.8357,1835.65
2020-04-08 22:25:00-04:00,LONG,Retest,1.23966,1.2392668824943442,1.24184,2020-04-08 22:35:00-04:00,1.2392668824943442,SL,0.000128,-1.0,-1.3256,-1325.6
2020-04-09 03:10:00-04:00,LONG,Breakout,1.24042,1.240022530081437,1.24184,2020-04-09 03:15:00-04:00,1.240022530081437,SL,7.6e-05,-1.0,-1.1912,-1191.21
2020-04-09 11:35:00-04:00,LONG,Bounce,1.245,1.2439669781748897,1.24799,2020-04-09 13:35:00-04:00,1.24799,TP,6e-05,2.8944,2.8363,2836.34
2020-04-09 13:35:00-04:00,LONG,Breakout,1.2479,1.2471983588111646,1.2485,2020-04-09 13:40:00-04:00,1.2471983588111646,SL,8.4e-05,-1.0,-1.1197,-1119.72
2020-04-09 22:55:00-04:00,LONG,Breakout,1.24621,1.2460518692304772,1.24777,2020-04-09 23:00:00-04:00,1.2460518692304772,SL,0.000184,-1.0,-2.1636,-2163.59
2020-04-09 23:50:00-04:00,LONG,Retest,1.2462900000000001,1.246064513440342,1.24777,2020-04-10 02:05:00-04:00,1.246064513440342,SL,0.00022,-1.0,-1.9757,-1975.67
2020-04-10 03:15:00-04:00,LONG,Breakout,1.24713,1.2469387675892298,1.24777,2020-04-10 03:25:00-04:00,1.2469387675892298,SL,0.000158,-1.0,-1.8262,-1826.22
2020-04-10 05:40:00-04:00,LONG,Breakout,1.24797,1.2476546536312318,1.2483,2020-04-10 06:00:00-04:00,1.2476546536312318,SL,0.000202,-1.0,-1.6406,-1640.57
2020-04-10 15:50:00-04:00,LONG,Bounce,1.24726,1.246717226404074,1.24804,2020-04-12 17:15:00-04:00,1.246717226404074,SL,0.000648,-1.0,-2.1939,-2193.87
2020-04-13 01:25:00-04:00,LONG,Retest,1.2472,1.2470988280331894,1.24804,2020-04-13 01:30:00-04:00,1.2470988280331894,SL,0.000168,-1.0,-2.6605,-2660.54
2020-04-13 02:00:00-04:00,LONG,Breakout,1.24744,1.2470813728950008,1.2483,2020-04-13 02:20:00-04:00,1.2483,TP,0.000104,2.398,2.108,2108.04
2020-04-13 09:55:00-04:00,LONG,Breakout,1.24996,1.2496926370758756,1.2515800000000001,2020-04-13 10:40:00-04:00,1.2496926370758756,SL,8e-05,-1.0,-1.2992,-1299.22
2020-04-13 10:55:00-04:00,LONG,Breakout,1.25024,1.2496628359141992,1.2515800000000001,2020-04-13 11:15:00-04:00,1.2515800000000001,TP,6.6e-05,2.3217,2.2073,2207.34
2020-04-13 13:45:00-04:00,LONG,Breakout,1.25231,1.2520661767593884,1.25363,2020-04-13 14:20:00-04:00,1.2520661767593884,SL,7.8e-05,-1.0,-1.3199,-1319.9
2020-04-13 19:10:00-04:00,LONG,Breakout,1.25179,1.2513767498874468,1.25314,2020-04-13 20:20:00-04:00,1.2513767498874468,SL,0.000136,-1.0,-1.3291,-1329.1
2020-04-14 03:10:00-04:00,LONG,Bounce,1.25575,1.2555250393148025,1.25739,2020-04-14 03:15:00-04:00,1.2555250393148025,SL,8.2e-05,-1.0,-1.3645,-1364.51
2020-04-14 13:55:00-04:00,LONG,Breakout,1.2643,1.2628305924649394,1.27622,2020-04-14 14:05:00-04:00,1.2628305924649394,SL,5.2e-05,-1.0,-1.0354,-1035.39
2020-04-14 16:30:00-04:00,LONG,Retest,1.26319,1.2628858775134035,1.2646899999999999,2020-04-14 16:45:00-04:00,1.2628858775134035,SL,6.4e-05,-1.0,-1.2104,-1210.44
2020-04-15 06:15:00-04:00,LONG,Breakout,1.25322,1.2528155228962419,1.262,2020-04-15 06:20:00-04:00,1.2528155228962419,SL,5.8e-05,-1.0,-1.1434,-1143.4
2020-04-16 09:00:00-04:00,LONG,Breakout,1.25138,1.2497383646906433,1.25253,2020-04-16 09:15:00-04:00,1.2497383646906433,SL,5.4e-05,-1.0,-1.0329,-1032.89
2020-04-16 17:30:00-04:00,LONG,Breakout,1.24705,1.24611199107712,1.25146,2020-04-16 21:25:00-04:00,1.25146,TP,0.000286,4.7014,4.3965,4396.55
2020-04-17 09:55:00-04:00,LONG,Breakout,1.25041,1.2498228489808691,1.25221,2020-04-17 10:00:00-04:00,1.2498228489808691,SL,5.8e-05,-1.0,-1.0988,-1098.78
2020-04-17 12:35:00-04:00,LONG,Breakout,1.25147,1.2506903155714169,1.25221,2020-04-17 12:45:00-04:00,1.2506903155714169,SL,7.2e-05,-1.0,-1.0923,-1092.35
2020-04-20 00:25:00-04:00,LONG,Bounce,1.248,1.2475070739771261,1.2487,2020-04-20 01:00:00-04:00,1.2475070739771261,SL,0.000102,-1.0,-1.2069,-1206.93
2020-04-20 05:10:00-04:00,LONG,Breakout,1.24754,1.2469393364135002,1.24838,2020-04-20 05:20:00-04:00,1.24838,TP,6e-05,1.3985,1.2986,1298.56
2020-04-22 03:00:00-04:00,SHORT,Bounce,1.23003,1.230381321301975,1.22739,2020-04-22 03:05:00-04:00,1.230381321301975,SL,5.6e-05,-1.0,-1.1594,-1159.4
2020-04-22 03:20:00-04:00,SHORT,Bounce,1.23213,1.2329213296466501,1.22739,2020-04-22 03:30:00-04:00,1.2329213296466501,SL,6e-05,-1.0,-1.0758,-1075.82
2020-04-22 07:00:00-04:00,SHORT,Bounce,1.23611,1.237020858689978,1.23142,2020-04-22 07:15:00-04:00,1.237020858689978,SL,6e-05,-1.0,-1.0659,-1065.87
2020-04-22 12:25:00-04:00,SHORT,Breakout,1.23061,1.231269967024585,1.22739,2020-04-22 13:00:00-04:00,1.231269967024585,SL,4.6e-05,-1.0,-1.0697,-1069.7
2020-04-22 20:20:00-04:00,SHORT,Breakout,1.23156,1.2318454351147083,1.23037,2020-04-22 20:25:00-04:00,1.2318454351147083,SL,7.8e-05,-1.0,-1.2733,-1273.27
2020-04-23 03:20:00-04:00,SHORT,Breakout,1.23179,1.2323816769716947,1.23122,2020-04-23 03:25:00-04:00,1.23122,TP,5.2e-05,0.9634,0.8755,875.48
2020-04-23 09:40:00-04:00,SHORT,Bounce,1.23482,1.2357747595533013,1.23072,2020-04-23 10:10:00-04:00,1.2357747595533013,SL,5e-05,-1.0,-1.0524,-1052.37
2020-04-24 01:45:00-04:00,SHORT,Breakout,1.23327,1.234245686312896,1.2323,2020-04-24 02:10:00-04:00,1.2323,TP,0.000118,0.9942,0.8732,873.23
2020-04-24 09:45:00-04:00,SHORT,Breakout,1.23332,1.2339921917562982,1.2297500000000001,2020-04-24 09:50:00-04:00,1.2339921917562982,SL,5e-05,-1.0,-1.0744,-1074.38
2020-04-24 09:50:00-04:00,SHORT,Retest,1.2331699999999999,1.2339970352022767,1.2297500000000001,2020-04-24 10:10:00-04:00,1.2339970352022767,SL,5.2e-05,-1.0,-1.0629,-1062.88
2020-04-26 20:10:00-04:00,SHORT,Breakout,1.2361900000000001,1.2363201204389682,1.23254,2020-04-26 20:15:00-04:00,1.2363201204389682,SL,0.00011,-1.0,-1.8454,-1845.37
2020-04-27 02:05:00-04:00,LONG,Breakout,1.24486,1.2444491106506304,1.24664,2020-04-27 02:10:00-04:00,1.2444491106506304,SL,7e-05,-1.0,-1.1704,-1170.36
2020-04-27 02:20:00-04:00,LONG,Breakout,1.24504,1.2444413251091235,1.24664,2020-04-27 02:25:00-04:00,1.2444413251091235,SL,7e-05,-1.0,-1.1169,-1116.92
2020-04-27 06:35:00-04:00,LONG,Breakout,1.24431,1.2437424266716566,1.24541,2020-04-27 07:05:00-04:00,1.2437424266716566,SL,4.6e-05,-1.0,-1.081,-1081.05
2020-04-28 00:25:00-04:00,LONG,Bounce,1.24122,1.2409482981353899,1.24195,2020-04-28 00:30:00-04:00,1.2409482981353899,SL,0.000102,-1.0,-1.3754,-1375.41
2020-04-28 01:35:00-04:00,LONG,Breakout,1.2420499999999999,1.2418854996173596,1.24352,2020-04-28 02:05:00-04:00,1.2418854996173596,SL,0.000122,-1.0,-1.7416,-1741.64
2020-04-28 03:05:00-04:00,LONG,Breakout,1.24284,1.2423433774030164,1.24352,2020-04-28 03:10:00-04:00,1.2423433774030164,SL,6.2e-05,-1.0,-1.1248,-1124.84
2020-04-28 03:20:00-04:00,LONG,Breakout,1.24291,1.2423413746918466,1.24352,2020-04-28 03:25:00-04:00,1.24352,TP,6.8e-05,1.0728,0.9532,953.18
2020-04-28 16:50:00-04:00,LONG,Bounce,1.24217,1.241896657653856,1.24393,2020-04-28 20:05:00-04:00,1.24393,TP,9e-05,6.4388,6.1096,6109.55
2020-04-28 20:10:00-04:00,LONG,Breakout,1.24414,1.243875250412563,1.24528,2020-04-28 20:25:00-04:00,1.243875250412563,SL,0.000122,-1.0,-1.4608,-1460.81
2020-04-29 03:00:00-04:00,LONG,Bounce,1.24686,1.2462899978863098,1.24847,2020-04-29 03:35:00-04:00,1.2462899978863098,SL,6.4e-05,-1.0,-1.1123,-1112.28
2020-04-29 17:35:00-04:00,LONG,Bounce,1.24695,1.2443448145041847,1.24847,2020-04-29 20:45:00-04:00,1.2443448145041847,SL,0.000348,-1.0,-1.1336,-1133.58
2020-04-30 02:10:00-04:00,LONG,Breakout,1.24677,1.2465176206816724,1.24817,2020-04-30 02:15:00-04:00,1.2465176206816724,SL,0.000144,-1.0,-1.5706,-1570.57
2020-04-30 02:15:00-04:00,LONG,Retest,1.24712,1.2465157906329813,1.24817,2020-04-30 02:20:00-04:00,1.2465157906329813,SL,0.000142,-1.0,-1.235,-1235.02
2020-04-30 17:55:00-04:00,LONG,Bounce,1.25933,1.2580072593948328,1.2603900000000001,2020-04-30 18:10:00-04:00,1.2580072593948328,SL,0.00034,-1.0,-1.257,-1257.04
2020-05-01 00:55:00-04:00,LONG,Breakout,1.25688,1.2564827809673584,1.25872,2020-05-01 01:00:00-04:00,1.2564827809673584,SL,0.000146,-1.0,-1.3676,-1367.56
2020-05-01 01:20:00-04:00,LONG,Breakout,1.25722,1.256468722113021,1.25872,2020-05-01 01:40:00-04:00,1.256468722113021,SL,0.000176,-1.0,-1.2343,-1234.27
2020-05-01 03:00:00-04:00,LONG,Bounce,1.25613,1.2556028096609537,1.2579500000000001,2020-05-01 03:10:00-04:00,1.2556028096609537,SL,0.00012,-1.0,-1.2276,-1227.62
2020-05-01 10:00:00-04:00,LONG,Bounce,1.2521200000000001,1.2511669024352692,1.2569,2020-05-01 11:50:00-04:00,1.2511669024352692,SL,0.000122,-1.0,-1.128,-1128.0
2020-05-05 00:50:00-04:00,LONG,Bounce,1.24606,1.2456825229405233,1.2468,2020-05-05 01:00:00-04:00,1.2468,TP,0.000166,1.9604,1.5206,1520.62
2020-05-05 03:05:00-04:00,LONG,Bounce,1.24567,1.245482560084568,1.24732,2020-05-05 03:10:00-04:00,1.245482560084568,SL,0.000138,-1.0,-1.7362,-1736.24
2020-05-05 03:10:00-04:00,LONG,Bounce,1.2459,1.2454803772213845,1.24732,2020-05-05 03:15:00-04:00,1.2454803772213845,SL,0.000136,-1.0,-1.3241,-1324.1
2020-05-05 08:35:00-04:00,LONG,Breakout,1.24675,1.2463978610518938,1.24829,2020-05-05 08:45:00-04:00,1.2463978610518938,SL,0.00013,-1.0,-1.3692,-1369.17
2020-05-05 09:05:00-04:00,LONG,Breakout,1.24665,1.2463790860329282,1.24829,2020-05-05 09:10:00-04:00,1.2463790860329282,SL,0.000118,-1.0,-1.4356,-1435.56
2020-05-05 09:30:00-04:00,LONG,Breakout,1.24768,1.2463622062727286,1.24829,2020-05-05 10:00:00-04:00,1.2463622062727286,SL,0.000134,-1.0,-1.1017,-1101.69
2020-05-05 20:00:00-04:00,LONG,Breakout,1.2448,1.2445630818685602,1.24526,2020-05-05 20:05:00-04:00,1.2445630818685602,SL,0.000156,-1.0,-1.6585,-1658.46
2020-05-07 05:00:00-04:00,SHORT,Breakout,1.2349,1.235614116974974,1.23178,2020-05-07 05:30:00-04:00,1.235614116974974,SL,0.000122,-1.0,-1.1708,-1170.84
2020-05-07 08:10:00-04:00,SHORT,Breakout,1.2325599999999999,1.2335465931674454,1.23178,2020-05-07 08:15:00-04:00,1.2335465931674454,SL,0.000122,-1.0,-1.1237,-1123.66
2020-05-07 08:20:00-04:00,SHORT,Breakout,1.23297,1.233586133904583,1.23178,2020-05-07 08:30:00-04:00,1.233586133904583,SL,0.000106,-1.0,-1.172,-1172.04
2020-05-08 02:55:00-04:00,SHORT,Breakout,1.23763,1.2382395540124869,1.2349,2020-05-08 03:00:00-04:00,1.2382395540124869,SL,0.000144,-1.0,-1.2362,-1236.24
2020-05-08 04:05:00-04:00,SHORT,Breakout,1.23793,1.2382510051792537,1.2349,2020-05-08 04:10:00-04:00,1.2382510051792537,SL,0.000134,-1.0,-1.4174,-1417.44
2020-05-08 06:10:00-04:00,SHORT,Retest,1.23781,1.2382560551369493,1.23754,2020-05-08 06:15:00-04:00,1.23754,TP,0.000138,0.6053,0.2959,295.93
2020-05-08 08:45:00-04:00,SHORT,Breakout,1.23598,1.2369730896656792,1.2349,2020-05-08 08:55:00-04:00,1.2369730896656792,SL,0.000138,-1.0,-1.139,-1138.96
2020-05-08 09:10:00-04:00,SHORT,Retest,1.23635,1.2369670576047909,1.2349,2020-05-08 09:40:00-04:00,1.2369670576047909,SL,0.000154,-1.0,-1.2496,-1249.57
2020-05-12 03:20:00-04:00,SHORT,Bounce,1.23404,1.2342932368345754,1.23116,2020-05-12 03:50:00-04:00,1.2342932368345754,SL,0.000122,-1.0,-1.4818,-1481.76
2020-05-12 04:40:00-04:00,SHORT,Breakout,1.23047,1.2313311139828678,1.2286299999999999,2020-05-12 04:50:00-04:00,1.2313311139828678,SL,0.000126,-1.0,-1.1463,-1146.32
2020-05-12 08:30:00-04:00,SHORT,Bounce,1.23562,1.2368010807421665,1.2303600000000001,2020-05-12 09:10:00-04:00,1.2368010807421665,SL,0.00014,-1.0,-1.1185,-1118.54
2020-05-12 19:55:00-04:00,SHORT,Breakout,1.22511,1.2255229998789912,1.22468,2020-05-12 20:20:00-04:00,1.2255229998789912,SL,0.000148,-1.0,-1.3584,-1358.35
2020-05-13 09:35:00-04:00,SHORT,Breakout,1.22812,1.2286543925286257,1.22649,2020-05-13 10:00:00-04:00,1.22649,TP,0.00013,3.0502,2.8069,2806.93
2020-05-13 21:35:00-04:00,SHORT,Breakout,1.22216,1.2227849225193894,1.22135,2020-05-13 21:40:00-04:00,1.22135,TP,0.000138,1.2962,1.0753,1075.33
2020-05-14 01:30:00-04:00,SHORT,Breakout,1.22027,1.2204137211236081,1.21643,2020-05-14 01:35:00-04:00,1.2204137211236081,SL,0.000136,-1.0,-1.9463,-1946.28
2020-05-14 01:55:00-04:00,SHORT,Breakout,1.21946,1.220424456638506,1.21643,2020-05-14 02:40:00-04:00,1.220424456638506,SL,0.000132,-1.0,-1.1369,-1136.86
2020-05-14 06:05:00-04:00,SHORT,Breakout,1.2196799999999999,1.2200145278233543,1.21804,2020-05-14 06:10:00-04:00,1.2200145278233543,SL,0.000134,-1.0,-1.4006,-1400.56
2020-05-14 08:15:00-04:00,SHORT,Retest,1.21918,1.2200051186375485,1.21832,2020-05-14 08:35:00-04:00,1.21832,TP,0.000152,1.0423,0.8581,858.06
2020-05-15 02:25:00-04:00,SHORT,Breakout,1.21994,1.2202733143380875,1.21874,2020-05-15 03:05:00-04:00,1.21874,TP,0.00013,3.6002,3.2102,3210.18
2020-05-15 03:25:00-04:00,SHORT,Bounce,1.22073,1.2218608538082594,1.21779,2020-05-15 04:05:00-04:00,1.2218608538082594,SL,0.000124,-1.0,-1.1097,-1109.65
2020-05-15 07:00:00-04:00,SHORT,Breakout,1.21918,1.2196877001215811,1.21864,2020-05-15 07:05:00-04:00,1.2196877001215811,SL,0.000118,-1.0,-1.2324,-1232.42
2020-05-15 08:45:00-04:00,SHORT,Retest,1.2174,1.2197881268868327,1.21435,2020-05-15 10:00:00-04:00,1.21435,TP,0.000126,1.2772,1.2244,1224.39
2020-05-18 18:00:00-04:00,SHORT,Bounce,1.2193,1.219942208266522,1.21733,2020-05-18 18:40:00-04:00,1.219942208266522,SL,0.000274,-1.0,-1.4267,-1426.65
2020-05-19 06:45:00-04:00,SHORT,Bounce,1.22539,1.226127281802199,1.2218,2020-05-19 10:15:00-04:00,1.226127281802199,SL,0.000126,-1.0,-1.1709,-1170.9
2020-05-20 02:15:00-04:00,SHORT,Breakout,1.22431,1.225821092660428,1.22336,2020-05-20 02:40:00-04:00,1.22336,TP,0.000138,0.6287,0.5374,537.36
2020-05-20 08:30:00-04:00,SHORT,Breakout,1.2242899999999999,1.2245994241622586,1.22206,2020-05-20 08:35:00-04:00,1.2245994241622586,SL,0.000136,-1.0,-1.4395,-1439.53
2020-05-20 20:00:00-04:00,SHORT,Breakout,1.2224,1.2225286160614743,1.22206,2020-05-20 20:05:00-04:00,1.22206,TP,0.000154,2.6435,1.4462,1446.16
2020-05-21 01:30:00-04:00,SHORT,Breakout,1.21908,1.2195200687506298,1.21832,2020-05-21 02:05:00-04:00,1.2195200687506298,SL,0.000164,-1.0,-1.3727,-1372.67
2020-05-21 09:00:00-04:00,SHORT,Breakout,1.22117,1.2219647751830658,1.21864,2020-05-21 09:20:00-04:00,1.2219647751830658,SL,0.000136,-1.0,-1.1711,-1171.12
2020-05-21 21:15:00-04:00,SHORT,Bounce,1.22277,1.2230748503477182,1.22196,2020-05-21 21:20:00-04:00,1.2230748503477182,SL,0.000152,-1.0,-1.4986,-1498.61
2020-05-22 02:00:00-04:00,SHORT,Bounce,1.22117,1.2218824668288768,1.21984,2020-05-22 03:05:00-04:00,1.21984,TP,0.00014,1.8668,1.6703,1670.25
2020-05-22 03:05:00-04:00,SHORT,Breakout,1.21949,1.2199564029490735,1.21864,2020-05-22 03:10:00-04:00,1.21864,TP,0.00012,1.8225,1.5652,1565.17
2020-05-22 12:55:00-04:00,SHORT,Breakout,1.21684,1.2170908366238211,1.21655,2020-05-22 13:00:00-04:00,1.2170908366238211,SL,0.000146,-1.0,-1.5821,-1582.05
2020-05-24 21:30:00-04:00,SHORT,Breakout,1.21759,1.2177370835131283,1.21622,2020-05-24 21:35:00-04:00,1.2177370835131283,SL,0.000154,-1.0,-2.047,-2047.02
2020-05-24 22:45:00-04:00,SHORT,Breakout,1.2174,1.2177258833290663,1.21622,2020-05-24 23:05:00-04:00,1.2177258833290663,SL,0.000144,-1.0,-1.4419,-1441.88
2020-05-25 01:50:00-04:00,SHORT,Breakout,1.21711,1.2173280117352203,1.21622,2020-05-25 01:55:00-04:00,1.2173280117352203,SL,0.00016,-1.0,-1.7339,-1733.91
2020-05-25 03:30:00-04:00,SHORT,Retest,1.21651,1.217371681033407,1.21622,2020-05-25 04:30:00-04:00,1.217371681033407,SL,0.00012,-1.0,-1.1393,-1139.26
2020-05-25 16:45:00-04:00,SHORT,Breakout,1.21828,1.218486160739757,1.21733,2020-05-25 16:50:00-04:00,1.218486160739757,SL,0.000504,-1.0,-3.4447,-3444.69
2020-05-25 19:40:00-04:00,SHORT,Bounce,1.2194,1.2195023062761965,1.21774,2020-05-25 19:45:00-04:00,1.2195023062761965,SL,0.000164,-1.0,-2.603,-2603.03
2020-05-26 15:35:00-04:00,SHORT,Bounce,1.23394,1.2344611364565319,1.2321,2020-05-26 20:10:00-04:00,1.2321,TP,0.000134,3.5307,3.2736,3273.61
2020-05-26 21:20:00-04:00,SHORT,Breakout,1.23274,1.2329002565701292,1.23005,2020-05-26 21:25:00-04:00,1.2329002565701292,SL,0.000154,-1.0,-1.961,-1960.96
2020-05-27 02:10:00-04:00,LONG,Breakout,1.23276,1.2323078413298563,1.23308,2020-05-27 02:20:00-04:00,1.23308,TP,0.000134,0.7077,0.4114,411.36
2020-05-27 07:20:00-04:00,LONG,Retest,1.23202,1.2312800107012094,1.23535,2020-05-27 07:45:00-04:00,1.2312800107012094,SL,0.000128,-1.0,-1.173,-1172.98
2020-05-27 15:45:00-04:00,LONG,Breakout,1.22586,1.225539917594045,1.23406,2020-05-27 15:50:00-04:00,1.225539917594045,SL,0.000142,-1.0,-1.4436,-1443.64
2020-05-27 19:05:00-04:00,LONG,Breakout,1.22667,1.2262285949286238,1.23406,2020-05-27 19:20:00-04:00,1.2262285949286238,SL,0.000146,-1.0,-1.3308,-1330.76
2020-05-27 21:05:00-04:00,LONG,Retest,1.22652,1.2262076826612016,1.23406,2020-05-27 21:10:00-04:00,1.2262076826612016,SL,0.000148,-1.0,-1.4739,-1473.88
2020-05-27 21:15:00-04:00,LONG,Bounce,1.22605,1.2258362161721585,1.23406,2020-05-27 23:35:00-04:00,1.2258362161721585,SL,0.000146,-1.0,-1.6829,-1682.93
2020-05-29 03:55:00-04:00,LONG,Bounce,1.23198,1.231280043243556,1.23527,2020-05-29 04:15:00-04:00,1.231280043243556,SL,0.00011,-1.0,-1.1572,-1157.15
2020-05-29 14:05:00-04:00,LONG,Breakout,1.23223,1.2315429184669846,1.23932,2020-05-29 14:45:00-04:00,1.2315429184669846,SL,0.000128,-1.0,-1.1863,-1186.3
2020-05-29 14:55:00-04:00,LONG,Breakout,1.23246,1.2315429831070046,1.23932,2020-05-31 21:20:00-04:00,1.23932,TP,0.000126,7.4808,7.3434,7343.38
2020-05-31 21:20:00-04:00,LONG,Breakout,1.23956,1.2388974274544782,1.24291,2020-05-31 23:20:00-04:00,1.2388974274544782,SL,0.000166,-1.0,-1.2505,-1250.54
2020-06-01 02:05:00-04:00,LONG,Breakout,1.23972,1.239272095902315,1.2414,2020-06-01 02:30:00-04:00,1.239272095902315,SL,0.00015,-1.0,-1.3349,-1334.89
2020-06-01 03:00:00-04:00,LONG,Breakout,1.24013,1.2392357201095103,1.2414,2020-06-01 03:55:00-04:00,1.2414,TP,0.000126,1.4201,1.2792,1279.24
2020-06-01 18:35:00-04:00,LONG,Bounce,1.24898,1.2484472942936926,1.24979,2020-06-01 18:45:00-04:00,1.2484472942936926,SL,0.000202,-1.0,-1.3792,-1379.2
2020-06-01 20:10:00-04:00,LONG,Breakout,1.25075,1.2496919753958746,1.25203,2020-06-01 20:35:00-04:00,1.25203,TP,0.000158,1.2098,1.0605,1060.47
2020-06-02 01:10:00-04:00,LONG,Breakout,1.24931,1.2489976807499694,1.2524899999999999,2020-06-02 01:45:00-04:00,1.2489976807499694,SL,0.000152,-1.0,-1.4867,-1486.68
2020-06-02 01:55:00-04:00,LONG,Breakout,1.25001,1.2489825255017883,1.2524899999999999,2020-06-02 02:35:00-04:00,1.2524899999999999,TP,0.000152,2.4137,2.2657,2265.75
2020-06-02 10:15:00-04:00,LONG,Breakout,1.2561200000000001,1.2551967789189433,1.25749,2020-06-02 10:55:00-04:00,1.2551967789189433,SL,0.00013,-1.0,-1.1408,-1140.81
2020-06-02 19:25:00-04:00,LONG,Breakout,1.25572,1.2550978536935404,1.25693,2020-06-02 19:30:00-04:00,1.25693,TP,0.000176,1.9449,1.662,1661.99
2020-06-03 02:05:00-04:00,LONG,Breakout,1.25901,1.2587082401591179,1.2610700000000001,2020-06-03 02:10:00-04:00,1.2587082401591179,SL,0.000152,-1.0,-1.5037,-1503.71
2020-06-03 02:35:00-04:00,LONG,Breakout,1.25904,1.2587017357871975,1.2610700000000001,2020-06-03 03:35:00-04:00,1.2587017357871975,SL,0.000134,-1.0,-1.3961,-1396.14
2020-06-03 07:30:00-04:00,LONG,Bounce,1.25648,1.2561182168356684,1.26021,2020-06-03 07:40:00-04:00,1.2561182168356684,SL,0.000138,-1.0,-1.3814,-1381.44
2020-06-04 07:45:00-04:00,LONG,Breakout,1.2558500000000001,1.2542093388620676,1.25797,2020-06-04 07:55:00-04:00,1.25797,TP,0.000126,1.2922,1.2154,1215.36
2020-06-04 08:35:00-04:00,LONG,Bounce,1.25313,1.2518460359714292,1.25934,2020-06-04 08:40:00-04:00,1.2518460359714292,SL,0.000144,-1.0,-1.1122,-1112.15
2020-06-04 20:05:00-04:00,LONG,Breakout,1.26052,1.2601976945368432,1.26325,2020-06-04 20:15:00-04:00,1.2601976945368432,SL,0.000182,-1.0,-1.5647,-1564.68
2020-06-05 00:35:00-04:00,LONG,Breakout,1.2616399999999999,1.2611478936772222,1.26325,2020-06-05 01:00:00-04:00,1.2611478936772222,SL,0.000146,-1.0,-1.2967,-1296.68
2020-06-05 01:50:00-04:00,LONG,Breakout,1.26341,1.2620941538439931,1.26421,2020-06-05 02:00:00-04:00,1.26421,TP,0.000154,0.608,0.4909,490.94
2020-06-05 09:10:00-04:00,LONG,Breakout,1.26928,1.2686782000290486,1.27622,2020-06-05 09:30:00-04:00,1.2686782000290486,SL,0.000122,-1.0,-1.2027,-1202.73
2020-06-08 02:05:00-04:00,LONG,Bounce,1.26947,1.2687578714280165,1.27101,2020-06-08 02:40:00-04:00,1.2687578714280165,SL,0.00016,-1.0,-1.2247,-1224.68
2020-06-08 14:00:00-04:00,LONG,Breakout,1.2707,1.2702751064224138,1.27286,2020-06-08 15:40:00-04:00,1.27286,TP,0.000154,5.0836,4.7212,4721.18
2020-06-08 18:45:00-04:00,LONG,Breakout,1.27317,1.2728499675168943,1.27622,2020-06-08 21:00:00-04:00,1.2728499675168943,SL,0.000174,-1.0,-1.5437,-1543.69
2020-06-09 09:35:00-04:00,LONG,Breakout,1.26814,1.2675388193206865,1.27197,2020-06-09 10:15:00-04:00,1.27197,TP,0.000138,6.3708,6.1412,6141.25
2020-06-09 21:10:00-04:00,LONG,Breakout,1.2733400000000001,1.2729188582039204,1.27444,2020-06-09 21:40:00-04:00,1.2729188582039204,SL,0.000152,-1.0,-1.3609,-1360.92
2020-06-09 22:00:00-04:00,LONG,Breakout,1.2732,1.2729248131885282,1.27444,2020-06-09 22:10:00-04:00,1.2729248131885282,SL,0.00017,-1.0,-1.6178,-1617.76
2020-06-10 13:40:00-04:00,LONG,Breakout,1.27665,1.2762882189830198,1.27985,2020-06-10 14:00:00-04:00,1.2762882189830198,SL,0.000154,-1.0,-1.4257,-1425.67
2020-06-10 14:00:00-04:00,LONG,Bounce,1.2776399999999999,1.2742290100576332,1.27985,2020-06-10 14:10:00-04:00,1.27985,TP,0.00012,0.6479,0.6127,612.73
2020-06-10 14:55:00-04:00,LONG,Breakout,1.27667,1.2761274500399018,1.2827600000000001,2020-06-10 15:00:00-04:00,1.2761274500399018,SL,0.000122,-1.0,-1.2249,-1224.86
2020-06-11 08:20:00-04:00,LONG,Bounce,1.26522,1.2648206269081717,1.27187,2020-06-11 08:25:00-04:00,1.2648206269081717,SL,0.00013,-1.0,-1.3255,-1325.51
2020-06-11 10:55:00-04:00,LONG,Bounce,1.26441,1.2630161727262972,1.27187,2020-06-11 11:35:00-04:00,1.2630161727262972,SL,0.000132,-1.0,-1.0947,-1094.7
2020-06-12 02:25:00-04:00,LONG,Breakout,1.2582499999999999,1.2576071983634394,1.26203,2020-06-12 02:55:00-04:00,1.2576071983634394,SL,0.00015,-1.0,-1.2334,-1233.35
2020-06-12 03:45:00-04:00,LONG,Breakout,1.2613699999999999,1.260393718156483,1.26203,2020-06-12 03:50:00-04:00,1.26203,TP,0.000146,0.676,0.5265,526.49
2020-06-12 08:35:00-04:00,LONG,Bounce,1.26038,1.260058434358992,1.26371,2020-06-12 08:40:00-04:00,1.260058434358992,SL,0.000132,-1.0,-1.4105,-1410.49
2020-06-16 03:30:00-04:00,LONG,Bounce,1.26296,1.2617763159448077,1.2686600000000001,2020-06-16 03:55:00-04:00,1.2617763159448077,SL,0.000134,-1.0,-1.1132,-1113.21
2020-06-16 08:40:00-04:00,LONG,Breakout,1.268,1.2661768923352945,1.2686600000000001,2020-06-16 09:00:00-04:00,1.2661768923352945,SL,0.00015,-1.0,-1.0823,-1082.28
2020-06-16 20:05:00-04:00,LONG,Breakout,1.25773,1.2574012202500724,1.25887,2020-06-16 20:10:00-04:00,1.2574012202500724,SL,0.00016,-1.0,-1.4866,-1486.65
2020-06-16 20:30:00-04:00,LONG,Bounce,1.2558099999999999,1.2553350933247869,1.25887,2020-06-16 21:25:00-04:00,1.2553350933247869,SL,0.000178,-1.0,-1.3748,-1374.81
2020-06-17 02:05:00-04:00,LONG,Breakout,1.25719,1.2564669192373528,1.2586,2020-06-17 02:55:00-04:00,1.2564669192373528,SL,0.000162,-1.0,-1.224,-1224.04
2020-06-17 03:00:00-04:00,LONG,Breakout,1.25693,1.2564299926802938,1.2586,2020-06-17 03:15:00-04:00,1.2564299926802938,SL,0.000144,-1.0,-1.288,-1288.0
2020-06-18 07:00:00-04:00,LONG,Breakout,1.25413,1.2534085490727305,1.25595,2020-06-18 07:05:00-04:00,1.2534085490727305,SL,0.000126,-1.0,-1.1746,-1174.65
2020-06-19 02:10:00-04:00,SHORT,Bounce,1.24352,1.2437231242741265,1.24255,2020-06-19 02:15:00-04:00,1.2437231242741265,SL,0.000136,-1.0,-1.6695,-1669.54
2020-06-19 03:30:00-04:00,SHORT,Breakout,1.24293,1.2435342550098007,1.24255,2020-06-19 03:50:00-04:00,1.24255,TP,0.000144,0.6289,0.3906,390.56
2020-06-19 06:10:00-04:00,SHORT,Breakout,1.23929,1.240788837152337,1.23742,2020-06-19 07:10:00-04:00,1.23742,TP,0.000132,1.2476,1.1596,1159.57
2020-06-19 10:45:00-04:00,SHORT,Breakout,1.2353399999999999,1.2361081285599915,1.23405,2020-06-19 10:55:00-04:00,1.2361081285599915,SL,0.000132,-1.0,-1.1718,-1171.85
2020-06-19 12:20:00-04:00,SHORT,Retest,1.23527,1.2360983653222384,1.23474,2020-06-19 12:25:00-04:00,1.2360983653222384,SL,0.00015,-1.0,-1.1811,-1181.08
2020-06-21 18:05:00-04:00,SHORT,Breakout,1.23419,1.2344196261371394,1.23261,2020-06-21 18:10:00-04:00,1.2344196261371394,SL,0.000208,-1.0,-1.9058,-1905.82
2020-06-21 19:15:00-04:00,SHORT,Breakout,1.23386,1.2340179628407857,1.23261,2020-06-21 19:35:00-04:00,1.2340179628407857,SL,0.000186,-1.0,-2.1775,-2177.49
2020-06-21 20:05:00-04:00,SHORT,Breakout,1.23384,1.234014208073226,1.23261,2020-06-21 20:15:00-04:00,1.234014208073226,SL,0.00017,-1.0,-1.9758,-1975.84
2020-06-22 21:15:00-04:00,SHORT,Breakout,1.2449,1.2457929506340393,1.23908,2020-06-22 21:50:00-04:00,1.2457929506340393,SL,0.000132,-1.0,-1.1478,-1147.82
2020-06-23 01:40:00-04:00,SHORT,Breakout,1.24543,1.2466245233050226,1.2435100000000001,2020-06-23 02:40:00-04:00,1.2466245233050226,SL,0.000158,-1.0,-1.1323,-1132.27
2020-06-23 22:00:00-04:00,SHORT,Breakout,1.25183,1.2525552572611518,1.25077,2020-06-23 22:15:00-04:00,1.2525552572611518,SL,0.000166,-1.0,-1.2289,-1228.88
2020-06-24 01:40:00-04:00,LONG,Breakout,1.2522,1.2519110377395537,1.25374,2020-06-24 01:45:00-04:00,1.2519110377395537,SL,0.00018,-1.0,-1.6229,-1622.92
2020-06-24 02:45:00-04:00,LONG,Bounce,1.25115,1.2509088742010912,1.25225,2020-06-24 02:50:00-04:00,1.2509088742010912,SL,0.000142,-1.0,-1.5889,-1588.9
2020-06-24 03:00:00-04:00,LONG,Bounce,1.2517800000000001,1.25090001407427,1.25225,2020-06-24 03:05:00-04:00,1.25225,TP,0.000152,0.5341,0.3614,361.37
2020-06-24 20:00:00-04:00,LONG,Bounce,1.2414399999999999,1.241115678193365,1.24245,2020-06-24 20:10:00-04:00,1.241115678193365,SL,0.000172,-1.0,-1.5303,-1530.34
2020-06-24 21:00:00-04:00,LONG,Breakout,1.24297,1.2423516492661117,1.24494,2020-06-24 21:30:00-04:00,1.2423516492661117,SL,0.000202,-1.0,-1.3267,-1326.68
2020-06-25 03:00:00-04:00,SHORT,Bounce,1.24173,1.2425271515626979,1.24031,2020-06-25 03:20:00-04:00,1.2425271515626979,SL,0.000172,-1.0,-1.2158,-1215.77
2020-06-26 02:55:00-04:00,SHORT,Breakout,1.24053,1.241468615865827,1.23998,2020-06-26 03:10:00-04:00,1.23998,TP,0.00021,0.586,0.3622,362.24
2020-06-26 04:45:00-04:00,SHORT,Bounce,1.24097,1.241763209546045,1.23967,2020-06-26 05:45:00-04:00,1.23967,TP,0.000166,1.6389,1.4296,1429.63
2020-06-29 10:05:00-04:00,SHORT,Breakout,1.22965,1.2299761426020064,1.22903,2020-06-29 10:10:00-04:00,1.2299761426020064,SL,0.00017,-1.0,-1.5212,-1521.24
2020-06-29 18:00:00-04:00,SHORT,Bounce,1.2298,1.230096076198808,1.22803,2020-06-29 18:10:00-04:00,1.230096076198808,SL,0.00033,-1.0,-2.1146,-2114.58
2020-06-29 20:15:00-04:00,SHORT,Bounce,1.23092,1.2311430956037932,1.22883,2020-06-29 22:00:00-04:00,1.2311430956037932,SL,0.000212,-1.0,-1.9503,-1950.27
2020-06-30 00:40:00-04:00,SHORT,Breakout,1.2297500000000001,1.229906836248024,1.22947,2020-06-30 00:55:00-04:00,1.229906836248024,SL,0.000202,-1.0,-2.288,-2287.97
2020-07-01 09:35:00-04:00,SHORT,Bounce,1.24173,1.2421759210489525,1.23721,2020-07-01 09:40:00-04:00,1.2421759210489525,SL,0.000166,-1.0,-1.3723,-1372.26
2020-07-02 02:05:00-04:00,LONG,Breakout,1.25016,1.2492623888006265,1.25091,2020-07-02 02:50:00-04:00,1.2492623888006265,SL,0.000174,-1.0,-1.1938,-1193.85
2020-07-02 03:05:00-04:00,LONG,Bounce,1.24899,1.2483045039395484,1.25091,2020-07-02 03:10:00-04:00,1.2483045039395484,SL,0.000184,-1.0,-1.2684,-1268.42
2020-07-02 08:35:00-04:00,LONG,Breakout,1.25271,1.2524413715910194,1.25365,2020-07-02 08:40:00-04:00,1.2524413715910194,SL,0.000184,-1.0,-1.685,-1684.96
2020-07-06 00:55:00-04:00,LONG,Breakout,1.24958,1.2493256934570462,1.25199,2020-07-06 01:05:00-04:00,1.2493256934570462,SL,0.000184,-1.0,-1.7235,-1723.54
2020-07-06 01:20:00-04:00,LONG,Breakout,1.2495,1.2493254221803918,1.25199,2020-07-06 01:25:00-04:00,1.2493254221803918,SL,0.000212,-1.0,-2.2144,-2214.36
2020-07-06 02:00:00-04:00,LONG,Breakout,1.2500499999999999,1.2497343651297672,1.25199,2020-07-06 02:05:00-04:00,1.2497343651297672,SL,0.000182,-1.0,-1.5766,-1576.62
2020-07-06 02:45:00-04:00,LONG,Breakout,1.2499,1.2497226391865721,1.25199,2020-07-06 03:10:00-04:00,1.2497226391865721,SL,0.000188,-1.0,-2.06,-2059.99
2020-07-06 07:10:00-04:00,LONG,Breakout,1.25057,1.2501790606844805,1.2509000000000001,2020-07-06 07:15:00-04:00,1.2509000000000001,TP,0.000144,0.8441,0.4758,475.78
2020-07-06 08:50:00-04:00,LONG,Retest,1.2509299999999999,1.2501794133594026,1.25199,2020-07-06 10:00:00-04:00,1.2501794133594026,SL,0.00015,-1.0,-1.1998,-1199.84
2020-07-06 17:40:00-04:00,LONG,Bounce,1.2488299999999999,1.248415087157977,1.25028,2020-07-06 17:45:00-04:00,1.248415087157977,SL,0.00032,-1.0,-1.7712,-1771.25
2020-07-06 17:45:00-04:00,LONG,Bounce,1.24881,1.2484084380752645,1.25028,2020-07-06 18:00:00-04:00,1.2484084380752645,SL,0.00032,-1.0,-1.7969,-1796.89
2020-07-06 20:10:00-04:00,LONG,Breakout,1.2506,1.2502206533189013,1.25137,2020-07-06 20:25:00-04:00,1.25137,TP,0.000188,2.0298,1.5342,1534.22
2020-07-07 20:00:00-04:00,LONG,Bounce,1.25453,1.2537791304219406,1.2549299999999999,2020-07-07 20:05:00-04:00,1.2549299999999999,TP,0.000186,0.5327,0.285,285.0
2020-07-07 20:15:00-04:00,LONG,Breakout,1.25575,1.2548473161578,1.25721,2020-07-07 20:45:00-04:00,1.2548473161578,SL,0.000186,-1.0,-1.2061,-1206.05
2020-07-07 21:00:00-04:00,LONG,Breakout,1.2551,1.2548415720933004,1.25721,2020-07-07 21:55:00-04:00,1.2548415720933004,SL,0.000202,-1.0,-1.7816,-1781.65
2020-07-08 09:30:00-04:00,LONG,Breakout,1.25666,1.256372487278082,1.25721,2020-07-08 09:35:00-04:00,1.25721,TP,0.000156,1.913,1.3704,1370.37
2020-07-08 20:10:00-04:00,LONG,Breakout,1.26264,1.2621602929958151,1.26806,2020-07-08 20:15:00-04:00,1.2621602929958151,SL,0.000178,-1.0,-1.3711,-1371.06
2020-07-08 23:45:00-04:00,LONG,Breakout,1.26236,1.2614542986655999,1.26274,2020-07-08 23:50:00-04:00,1.26274,TP,0.00018,0.4196,0.2208,220.82
2020-07-09 02:00:00-04:00,LONG,Breakout,1.26395,1.2634492697436528,1.26806,2020-07-09 02:10:00-04:00,1.2634492697436528,SL,0.000182,-1.0,-1.3635,-1363.47
2020-07-09 02:20:00-04:00,LONG,Breakout,1.26373,1.2634415610461387,1.26806,2020-07-09 03:35:00-04:00,1.2634415610461387,SL,0.000172,-1.0,-1.5963,-1596.31
2020-07-10 01:10:00-04:00,LONG,Bounce,1.25828,1.2581752741269312,1.25975,2020-07-10 01:15:00-04:00,1.2581752741269312,SL,0.000176,-1.0,-2.6806,-2680.58
2020-07-10 01:30:00-04:00,LONG,Bounce,1.2583199999999999,1.2581741943549376,1.25975,2020-07-10 01:35:00-04:00,1.2581741943549376,SL,0.00017,-1.0,-2.1659,-2165.94
2020-07-10 02:30:00-04:00,LONG,Bounce,1.2584,1.2581419868987724,1.25975,2020-07-10 02:55:00-04:00,1.2581419868987724,SL,0.000172,-1.0,-1.6666,-1666.63
2020-07-10 09:00:00-04:00,LONG,Breakout,1.26279,1.2623829363746166,1.26687,2020-07-10 12:35:00-04:00,1.2623829363746166,SL,0.000166,-1.0,-1.4078,-1407.8
2020-07-13 01:05:00-04:00,LONG,Breakout,1.26593,1.265748699582382,1.26633,2020-07-13 01:15:00-04:00,1.265748699582382,SL,0.00017,-1.0,-1.9377,-1937.67
2020-07-13 02:25:00-04:00,LONG,Bounce,1.26523,1.2650017569559113,1.2665199999999999,2020-07-13 03:05:00-04:00,1.2650017569559113,SL,0.00018,-1.0,-1.7886,-1788.63
2020-07-13 09:35:00-04:00,LONG,Breakout,1.26201,1.2614607831557385,1.2665199999999999,2020-07-13 09:45:00-04:00,1.2614607831557385,SL,0.000164,-1.0,-1.2986,-1298.61
2020-07-13 09:50:00-04:00,LONG,Breakout,1.26205,1.2614568828692265,1.2665199999999999,2020-07-13 09:55:00-04:00,1.2614568828692265,SL,0.000152,-1.0,-1.2563,-1256.27
2020-07-13 10:50:00-04:00,LONG,Retest,1.26223,1.2614515894948157,1.2665199999999999,2020-07-13 10:55:00-04:00,1.2614515894948157,SL,0.000174,-1.0,-1.2235,-1223.53
2020-07-14 01:00:00-04:00,LONG,Breakout,1.2556,1.2554567290725682,1.25607,2020-07-14 01:05:00-04:00,1.2554567290725682,SL,0.000192,-1.0,-2.3401,-2340.12
2020-07-14 17:05:00-04:00,LONG,Retest,1.2558,1.2553615532485927,1.25626,2020-07-14 17:30:00-04:00,1.2553615532485927,SL,0.000466,-1.0,-2.0628,-2062.84
2020-07-14 18:00:00-04:00,LONG,Breakout,1.25628,1.255712661439319,1.2618800000000001,2020-07-15 04:25:00-04:00,1.2618800000000001,TP,0.000222,9.8706,9.4793,9479.35
2020-07-15 09:00:00-04:00,LONG,Breakout,1.26371,1.2633292772929108,1.2665199999999999,2020-07-15 09:10:00-04:00,1.2633292772929108,SL,0.000152,-1.0,-1.3992,-1399.24
2020-07-15 15:05:00-04:00,LONG,Bounce,1.25827,1.2579646492750505,1.25964,2020-07-15 15:10:00-04:00,1.2579646492750505,SL,0.00017,-1.0,-1.5567,-1556.74
2020-07-15 19:40:00-04:00,LONG,Breakout,1.25923,1.2590165916991976,1.25964,2020-07-15 19:55:00-04:00,1.2590165916991976,SL,0.000194,-1.0,-1.9091,-1909.06
2020-07-16 03:40:00-04:00,LONG,Breakout,1.25628,1.2559383552693604,1.2581,2020-07-16 03:45:00-04:00,1.2559383552693604,SL,0.00016,-1.0,-1.4683,-1468.32
2020-07-16 07:45:00-04:00,LONG,Breakout,1.2555100000000001,1.255126220176501,1.25632,2020-07-16 07:50:00-04:00,1.255126220176501,SL,0.000156,-1.0,-1.4065,-1406.48
2020-07-16 07:55:00-04:00,LONG,Breakout,1.25535,1.2551234143358605,1.25632,2020-07-16 08:00:00-04:00,1.2551234143358605,SL,0.000152,-1.0,-1.6708,-1670.83
2020-07-16 09:00:00-04:00,LONG,Retest,1.25628,1.255085103631227,1.2581,2020-07-16 09:45:00-04:00,1.2581,TP,0.000148,1.5231,1.3993,1399.28
2020-07-17 03:05:00-04:00,LONG,Bounce,1.25553,1.2553931859040846,1.25702,2020-07-17 03:10:00-04:00,1.2553931859040846,SL,0.000132,-1.0,-1.9648,-1964.81
2020-07-17 04:55:00-04:00,LONG,Breakout,1.25627,1.2556331207694518,1.25702,2020-07-17 05:05:00-04:00,1.2556331207694518,SL,0.000142,-1.0,-1.223,-1222.96
2020-07-21 02:00:00-04:00,LONG,Breakout,1.26909,1.2683991140146433,1.27187,2020-07-21 02:05:00-04:00,1.2683991140146433,SL,0.000138,-1.0,-1.1997,-1199.74
2020-07-21 02:15:00-04:00,LONG,Retest,1.2689,1.2683966375693045,1.27187,2020-07-21 02:30:00-04:00,1.2683966375693045,SL,0.000144,-1.0,-1.2861,-1286.08
2020-07-21 06:35:00-04:00,LONG,Breakout,1.26992,1.2696239178366393,1.27156,2020-07-21 06:40:00-04:00,1.2696239178366393,SL,0.000122,-1.0,-1.412,-1412.05
2020-07-21 10:15:00-04:00,LONG,Breakout,1.27276,1.2713420725096403,1.27438,2020-07-21 10:55:00-04:00,1.27438,TP,0.000136,1.1425,1.0466,1046.6
2020-07-21 19:50:00-04:00,LONG,Breakout,1.2732299999999999,1.2729557820103012,1.2767,2020-07-21 19:55:00-04:00,1.2729557820103012,SL,0.000174,-1.0,-1.6345,-1634.53
2020-07-21 20:30:00-04:00,LONG,Retest,1.27336,1.2729455566209782,1.2767,2020-07-21 21:00:00-04:00,1.2729455566209782,SL,0.000146,-1.0,-1.3523,-1352.28
2020-07-22 01:20:00-04:00,LONG,Bounce,1.2723,1.2718779393350212,1.27316,2020-07-22 01:30:00-04:00,1.2718779393350212,SL,0.000188,-1.0,-1.4454,-1445.43
2020-07-22 02:10:00-04:00,LONG,Bounce,1.27224,1.2718689394576863,1.27316,2020-07-22 02:15:00-04:00,1.2718689394576863,SL,0.000148,-1.0,-1.3989,-1398.86
2020-07-23 00:25:00-04:00,LONG,Breakout,1.2742499999999999,1.2738704163193544,1.2767,2020-07-23 00:30:00-04:00,1.2738704163193544,SL,0.000154,-1.0,-1.4057,-1405.71
2020-07-23 02:00:00-04:00,LONG,Breakout,1.27485,1.2744176279442487,1.2767,2020-07-23 02:15:00-04:00,1.2744176279442487,SL,0.000166,-1.0,-1.3839,-1383.93
2020-07-23 02:25:00-04:00,LONG,Breakout,1.27471,1.274405911347028,1.2767,2020-07-23 02:30:00-04:00,1.274405911347028,SL,0.000182,-1.0,-1.5985,-1598.51
2020-07-23 02:30:00-04:00,LONG,Retest,1.27468,1.2744063462508117,1.2767,2020-07-23 02:40:00-04:00,1.2744063462508117,SL,0.000162,-1.0,-1.592,-1591.99
2020-07-23 03:00:00-04:00,LONG,Breakout,1.27481,1.2743901691796857,1.2767,2020-07-23 03:05:00-04:00,1.2743901691796857,SL,0.00014,-1.0,-1.3335,-1333.47
2020-07-23 20:25:00-04:00,LONG,Breakout,1.2745199999999999,1.2741276636484886,1.27593,2020-07-23 21:00:00-04:00,1.27593,TP,0.000168,3.5939,3.1657,3165.65
2020-07-24 03:10:00-04:00,LONG,Bounce,1.27259,1.2721754338831537,1.27568,2020-07-24 03:15:00-04:00,1.2721754338831537,SL,0.000146,-1.0,-1.3522,-1352.18
2020-07-24 10:05:00-04:00,LONG,Breakout,1.2776100000000001,1.276918112426549,1.2812299999999999,2020-07-24 10:10:00-04:00,1.276918112426549,SL,0.000142,-1.0,-1.2052,-1205.24
2020-07-26 19:30:00-04:00,LONG,Breakout,1.27972,1.2793632387142617,1.28026,2020-07-26 19:55:00-04:00,1.2793632387142617,SL,0.000192,-1.0,-1.5382,-1538.17
2020-07-26 20:00:00-04:00,LONG,Breakout,1.2803499999999999,1.279355283482428,1.2812299999999999,2020-07-26 20:35:00-04:00,1.2812299999999999,TP,0.000178,0.8847,0.7057,705.73
2020-07-27 15:50:00-04:00,LONG,Bounce,1.28685,1.2866247534350388,1.28777,2020-07-27 16:45:00-04:00,1.28777,TP,0.000172,4.0844,3.3208,3320.81
2020-07-28 02:30:00-04:00,LONG,Breakout,1.28651,1.2857572725838582,1.28956,2020-07-28 03:30:00-04:00,1.2857572725838582,SL,0.000156,-1.0,-1.2072,-1207.25
2020-07-28 03:40:00-04:00,LONG,Bounce,1.28449,1.284250043658112,1.28956,2020-07-28 03:45:00-04:00,1.284250043658112,SL,0.00015,-1.0,-1.6251,-1625.11
2020-07-28 04:35:00-04:00,LONG,Retest,1.2864499999999999,1.2857151328089689,1.28732,2020-07-28 04:55:00-04:00,1.28732,TP,0.000154,1.1839,0.9743,974.33
2020-07-28 20:45:00-04:00,LONG,Bounce,1.29247,1.2921841739141782,1.29493,2020-07-28 21:15:00-04:00,1.2921841739141782,SL,0.000192,-1.0,-1.6717,-1671.74
2020-07-29 03:00:00-04:00,LONG,Breakout,1.29465,1.293494764806009,1.29493,2020-07-29 03:10:00-04:00,1.29493,TP,0.00012,0.2424,0.1385,138.5
2020-07-29 09:55:00-04:00,LONG,Breakout,1.29847,1.2977018726818517,1.30381,2020-07-29 10:25:00-04:00,1.2977018726818517,SL,0.000126,-1.0,-1.164,-1164.04
2020-07-29 19:50:00-04:00,LONG,Bounce,1.29862,1.2981838797132808,1.30007,2020-07-29 19:55:00-04:00,1.2981838797132808,SL,0.000186,-1.0,-1.4265,-1426.49
2020-07-30 08:30:00-04:00,LONG,Breakout,1.3012299999999999,1.3008669540479052,1.30381,2020-07-30 09:00:00-04:00,1.30381,TP,0.000144,7.1065,6.7099,6709.89
2020-07-30 09:10:00-04:00,LONG,Retest,1.30366,1.3024820077473602,1.30442,2020-07-30 09:30:00-04:00,1.30442,TP,0.000144,0.6452,0.5229,522.92
2020-07-30 14:55:00-04:00,LONG,Breakout,1.30895,1.3084483975137664,1.31172,2020-07-30 15:35:00-04:00,1.3084483975137664,SL,0.00015,-1.0,-1.299,-1299.04
2020-07-30 17:10:00-04:00,LONG,Retest,1.30923,1.3084576202181797,1.31172,2020-07-30 17:15:00-04:00,1.3084576202181797,SL,0.000642,-1.0,-1.8312,-1831.2
2020-07-30 19:15:00-04:00,LONG,Breakout,1.31142,1.3101052936718962,1.31172,2020-07-30 19:50:00-04:00,1.31172,TP,0.000142,0.2282,0.1202,120.18
2020-07-30 22:40:00-04:00,LONG,Breakout,1.31392,1.3134078787725045,1.3148900000000001,2020-07-30 22:45:00-04:00,1.3134078787725045,SL,0.00016,-1.0,-1.3124,-1312.43
2020-07-31 08:00:00-04:00,LONG,Breakout,1.3151,1.31403581343901,1.31992,2020-07-31 09:05:00-04:00,1.31403581343901,SL,0.000132,-1.0,-1.124,-1124.04
2020-07-31 09:35:00-04:00,LONG,Bounce,1.31339,1.3120422766568003,1.31992,2020-07-31 10:55:00-04:00,1.3120422766568003,SL,0.000142,-1.0,-1.1054,-1105.36
2020-08-03 22:35:00-04:00,LONG,Breakout,1.30822,1.307645690462793,1.31116,2020-08-03 23:45:00-04:00,1.307645690462793,SL,0.000176,-1.0,-1.3065,-1306.45
2020-08-04 02:30:00-04:00,LONG,Breakout,1.30832,1.3080947004411347,1.3087900000000001,2020-08-04 02:35:00-04:00,1.3080947004411347,SL,0.000166,-1.0,-1.7368,-1736.8
2020-08-04 03:00:00-04:00,LONG,Breakout,1.3084799999999999,1.3080748407000873,1.31116,2020-08-04 03:05:00-04:00,1.3080748407000873,SL,0.00016,-1.0,-1.3949,-1394.91
2020-08-04 20:35:00-04:00,LONG,Breakout,1.3077,1.3073622336006632,1.3106900000000001,2020-08-05 02:15:00-04:00,1.3073622336006632,SL,0.000176,-1.0,-1.5211,-1521.07
2020-08-05 03:15:00-04:00,LONG,Breakout,1.31025,1.309473341510673,1.3106900000000001,2020-08-05 03:20:00-04:00,1.3106900000000001,TP,0.000156,0.5665,0.3657,365.67
2020-08-05 08:15:00-04:00,LONG,Breakout,1.31333,1.3130488837941852,1.31694,2020-08-05 08:20:00-04:00,1.3130488837941852,SL,0.000156,-1.0,-1.5549,-1554.93
2020-08-05 09:05:00-04:00,LONG,Breakout,1.31375,1.313019840373949,1.31694,2020-08-05 12:20:00-04:00,1.313019840373949,SL,0.000158,-1.0,-1.2164,-1216.39
2020-08-05 18:10:00-04:00,LONG,Breakout,1.3122099999999999,1.3119407325251498,1.31363,2020-08-05 20:10:00-04:00,1.31363,TP,0.00025,5.2736,4.3451,4345.12
2020-08-05 20:10:00-04:00,LONG,Breakout,1.31373,1.3130017159671499,1.31607,2020-08-05 21:50:00-04:00,1.3130017159671499,SL,0.000178,-1.0,-1.2444,-1244.41
2020-08-05 22:05:00-04:00,LONG,Bounce,1.31262,1.3121666040739328,1.31434,2020-08-05 22:55:00-04:00,1.3121666040739328,SL,0.000184,-1.0,-1.4058,-1405.83
2020-08-06 21:35:00-04:00,LONG,Bounce,1.31319,1.3129307717977146,1.31467,2020-08-06 21:45:00-04:00,1.3129307717977146,SL,0.000182,-1.0,-1.7021,-1702.08
2020-08-07 08:30:00-04:00,LONG,Bounce,1.30903,1.3069985797114163,1.31094,2020-08-07 09:10:00-04:00,1.3069985797114163,SL,0.000144,-1.0,-1.0709,-1070.89
2020-08-10 02:15:00-04:00,LONG,Bounce,1.30679,1.306386471596808,1.30752,2020-08-10 02:25:00-04:00,1.306386471596808,SL,0.000172,-1.0,-1.4262,-1426.24
2020-08-10 09:45:00-04:00,LONG,Breakout,1.3094700000000001,1.3083912972243084,1.31087,2020-08-10 10:45:00-04:00,1.3083912972243084,SL,0.000154,-1.0,-1.1428,-1142.76
2020-08-10 10:55:00-04:00,LONG,Breakout,1.3088199999999999,1.308384983302255,1.31087,2020-08-10 11:00:00-04:00,1.308384983302255,SL,0.000144,-1.0,-1.331,-1331.02
2020-08-11 01:10:00-04:00,LONG,Bounce,1.30841,1.30795337364135,1.30893,2020-08-11 01:35:00-04:00,1.30795337364135,SL,0.00018,-1.0,-1.3942,-1394.2
2020-08-11 05:00:00-04:00,LONG,Breakout,1.30971,1.3087999598853,1.31024,2020-08-11 05:55:00-04:00,1.3087999598853,SL,0.000156,-1.0,-1.1714,-1171.42
2020-08-11 08:00:00-04:00,LONG,Breakout,1.31205,1.3112985656714802,1.31325,2020-08-11 08:10:00-04:00,1.3112985656714802,SL,0.000164,-1.0,-1.2182,-1218.25
2020-08-11 08:35:00-04:00,LONG,Breakout,1.31232,1.3113007970299184,1.31325,2020-08-11 08:45:00-04:00,1.3113007970299184,SL,0.000172,-1.0,-1.1688,-1168.76
2020-08-12 02:05:00-04:00,LONG,Breakout,1.30466,1.303918708254467,1.3058,2020-08-12 02:55:00-04:00,1.303918708254467,SL,0.00016,-1.0,-1.2158,-1215.84
2020-08-12 03:05:00-04:00,LONG,Breakout,1.30426,1.3038960407816373,1.3058,2020-08-12 03:20:00-04:00,1.3038960407816373,SL,0.000178,-1.0,-1.4891,-1489.07
2020-08-13 01:25:00-04:00,LONG,Breakout,1.30682,1.3065427769897926,1.3072599999999999,2020-08-13 01:30:00-04:00,1.3065427769897926,SL,0.000186,-1.0,-1.6709,-1670.94
2020-08-13 01:45:00-04:00,LONG,Breakout,1.30728,1.306527228384149,1.30961,2020-08-13 03:00:00-04:00,1.306527228384149,SL,0.000174,-1.0,-1.2311,-1231.15
2020-08-13 09:40:00-04:00,LONG,Breakout,1.31143,1.3109683068704032,1.31186,2020-08-13 09:45:00-04:00,1.31186,TP,0.000152,0.9314,0.6021,602.13
2020-08-14 06:00:00-04:00,LONG,Breakout,1.3085,1.3081058423120637,1.3124,2020-08-14 08:35:00-04:00,1.3124,TP,0.000142,9.8945,9.5343,9534.26
2020-08-16 19:50:00-04:00,LONG,Breakout,1.31039,1.3101955253561448,1.3142,2020-08-16 20:00:00-04:00,1.3101955253561448,SL,0.000188,-1.0,-1.9667,-1966.71
2020-08-16 21:15:00-04:00,LONG,Bounce,1.3094999999999999,1.3092084813079783,1.31059,2020-08-16 22:30:00-04:00,1.31059,TP,0.000182,3.739,3.1147,3114.72
2020-08-16 22:30:00-04:00,LONG,Breakout,1.3108,1.3102443356491504,1.3142,2020-08-16 23:00:00-04:00,1.3102443356491504,SL,0.000156,-1.0,-1.2807,-1280.75
2020-08-17 02:40:00-04:00,LONG,Breakout,1.31104,1.3108731427619895,1.3142,2020-08-17 02:45:00-04:00,1.3108731427619895,SL,0.000168,-1.0,-2.0068,-2006.85
2020-08-17 03:00:00-04:00,LONG,Breakout,1.3118699999999999,1.3108590756045706,1.3142,2020-08-17 03:10:00-04:00,1.3108590756045706,SL,0.000152,-1.0,-1.1504,-1150.36
2020-08-17 07:00:00-04:00,LONG,Bounce,1.3088600000000001,1.307648969036954,1.31208,2020-08-17 07:15:00-04:00,1.307648969036954,SL,0.00016,-1.0,-1.1321,-1132.12
2020-08-17 17:40:00-04:00,LONG,Bounce,1.3100100000000001,1.309761156847709,1.31108,2020-08-17 20:05:00-04:00,1.31108,TP,0.000446,4.2999,2.5076,2507.6
2020-08-17 20:25:00-04:00,LONG,Breakout,1.31124,1.3109457375562477,1.3118400000000001,2020-08-17 20:30:00-04:00,1.3109457375562477,SL,0.000196,-1.0,-1.6661,-1666.07
2020-08-17 20:35:00-04:00,LONG,Breakout,1.31128,1.3109401104439073,1.3118400000000001,2020-08-17 20:45:00-04:00,1.3118400000000001,TP,0.000198,1.6476,1.0651,1065.05
2020-08-18 02:15:00-04:00,LONG,Breakout,1.31381,1.3133690180483584,1.31467,2020-08-18 02:25:00-04:00,1.31467,TP,0.000182,1.9502,1.5375,1537.48
2020-08-19 02:00:00-04:00,LONG,Breakout,1.32581,1.3246616607297257,1.32627,2020-08-19 02:05:00-04:00,1.32627,TP,0.00015,0.4006,0.27,269.96
2020-08-19 03:55:00-04:00,LONG,Retest,1.32522,1.324627480051232,1.3266200000000001,2020-08-19 04:45:00-04:00,1.324627480051232,SL,0.000158,-1.0,-1.2667,-1266.66
2020-08-20 14:45:00-04:00,LONG,Breakout,1.32121,1.3199087617925982,1.3226,2020-08-20 20:00:00-04:00,1.3226,TP,0.000154,1.0682,0.9499,949.86
2020-08-20 20:00:00-04:00,LONG,Breakout,1.3228,1.322294560370569,1.32637,2020-08-20 20:05:00-04:00,1.322294560370569,SL,0.00015,-1.0,-1.2968,-1296.77
2020-08-20 20:10:00-04:00,LONG,Breakout,1.32252,1.3222872178705416,1.32637,2020-08-20 20:20:00-04:00,1.3222872178705416,SL,0.00018,-1.0,-1.7733,-1773.26
2020-08-20 22:25:00-04:00,LONG,Retest,1.32259,1.3222880822838028,1.32335,2020-08-20 23:10:00-04:00,1.32335,TP,0.000168,2.5172,1.9608,1960.8
2020-08-21 03:00:00-04:00,LONG,Bounce,1.3242,1.3232929493527392,1.32541,2020-08-21 03:10:00-04:00,1.3232929493527392,SL,0.000142,-1.0,-1.1566,-1156.55
2020-08-23 18:55:00-04:00,LONG,Breakout,1.30973,1.3095721763012498,1.31003,2020-08-23 19:00:00-04:00,1.3095721763012498,SL,0.00022,-1.0,-2.394,-2393.96
2020-08-23 19:20:00-04:00,LONG,Retest,1.30985,1.309578178057171,1.31003,2020-08-23 19:25:00-04:00,1.31003,TP,0.000204,0.6622,-0.0883,-88.29
2020-08-23 21:05:00-04:00,LONG,Bounce,1.30875,1.3084602338935902,1.3100399999999999,2020-08-23 22:50:00-04:00,1.3084602338935902,SL,0.000182,-1.0,-1.6281,-1628.09
2020-08-24 01:35:00-04:00,LONG,Breakout,1.3094000000000001,1.309083393768723,1.30969,2020-08-24 01:55:00-04:00,1.30969,TP,0.000178,0.916,0.3538,353.75
2020-08-24 20:20:00-04:00,LONG,Bounce,1.30618,1.3056464384075266,1.30831,2020-08-24 21:35:00-04:00,1.30831,TP,0.000178,3.992,3.6584,3658.43
2020-08-25 00:00:00-04:00,LONG,Breakout,1.311,1.3107591372460572,1.3148,2020-08-25 00:15:00-04:00,1.3107591372460572,SL,0.000172,-1.0,-1.7141,-1714.1
2020-08-25 02:10:00-04:00,LONG,Bounce,1.31005,1.3095507875761399,1.31147,2020-08-25 02:30:00-04:00,1.3095507875761399,SL,0.000156,-1.0,-1.3125,-1312.49
2020-08-25 09:05:00-04:00,LONG,Breakout,1.31649,1.3141244493112905,1.32541,2020-08-25 09:40:00-04:00,1.3141244493112905,SL,0.000124,-1.0,-1.0524,-1052.42
2020-08-25 14:20:00-04:00,LONG,Breakout,1.31436,1.3139529320080343,1.31698,2020-08-25 20:35:00-04:00,1.3139529320080343,SL,0.000132,-1.0,-1.3243,-1324.27
2020-08-26 01:20:00-04:00,LONG,Bounce,1.31348,1.3130733806164374,1.31387,2020-08-26 01:35:00-04:00,1.3130733806164374,SL,0.000172,-1.0,-1.423,-1423.0
2020-08-26 02:30:00-04:00,LONG,Breakout,1.3140399999999999,1.313782244169078,1.3148900000000001,2020-08-26 02:45:00-04:00,1.3148900000000001,TP,0.000164,3.2977,2.6614,2661.43
2020-08-26 03:10:00-04:00,LONG,Breakout,1.31483,1.313749861723695,1.31578,2020-08-26 03:20:00-04:00,1.313749861723695,SL,0.000172,-1.0,-1.1592,-1159.24
2020-08-26 03:25:00-04:00,LONG,Breakout,1.31543,1.3137257777722149,1.31578,2020-08-26 03:30:00-04:00,1.31578,TP,0.000166,0.2054,0.108,107.97
2020-08-26 09:35:00-04:00,LONG,Breakout,1.31719,1.3160402418353787,1.32541,2020-08-27 09:05:00-04:00,1.32541,TP,0.000128,7.1493,7.038,7038.0
2020-08-27 09:10:00-04:00,LONG,Breakout,1.32452,1.3226090679483489,1.32637,2020-08-27 09:15:00-04:00,1.32637,TP,0.000168,0.9681,0.8802,880.2
2020-08-27 20:20:00-04:00,LONG,Bounce,1.31948,1.3191555087955957,1.32071,2020-08-27 20:25:00-04:00,1.3191555087955957,SL,0.000164,-1.0,-1.5054,-1505.41
2020-08-27 21:50:00-04:00,LONG,Breakout,1.32076,1.320132812425101,1.32196,2020-08-27 22:05:00-04:00,1.32196,TP,0.00014,1.9133,1.6901,1690.08
2020-08-28 03:00:00-04:00,LONG,Breakout,1.32764,1.3270467193822635,1.32836,2020-08-28 03:15:00-04:00,1.32836,TP,0.000146,1.2136,0.9675,967.5
2020-08-31 07:00:00-04:00,LONG,Breakout,1.33228,1.3319430439155098,1.33393,2020-08-31 08:05:00-04:00,1.3319430439155098,SL,0.000152,-1.0,-1.4511,-1451.1
2020-08-31 08:45:00-04:00,LONG,Retest,1.33226,1.3319358381889201,1.33371,2020-08-31 08:50:00-04:00,1.3319358381889201,SL,0.00017,-1.0,-1.5244,-1524.43
2020-08-31 09:15:00-04:00,LONG,Breakout,1.33396,1.3335834437214755,1.33471,2020-08-31 09:20:00-04:00,1.3335834437214755,SL,0.000152,-1.0,-1.4037,-1403.66
2020-08-31 10:20:00-04:00,LONG,Retest,1.33461,1.3335489547264798,1.33566,2020-08-31 10:30:00-04:00,1.33566,TP,0.000154,0.9896,0.8445,844.45
2020-08-31 14:35:00-04:00,LONG,Bounce,1.33725,1.3366606534189234,1.33834,2020-08-31 15:00:00-04:00,1.3366606534189234,SL,0.00017,-1.0,-1.2885,-1288.46
2020-08-31 21:35:00-04:00,LONG,Breakout,1.33788,1.337133236613655,1.3382,2020-08-31 21:50:00-04:00,1.3382,TP,0.000142,0.4285,0.2384,238.36
2020-09-01 03:00:00-04:00,LONG,Bounce,1.34087,1.3402040521588559,1.34178,2020-09-01 03:10:00-04:00,1.3402040521588559,SL,0.00015,-1.0,-1.2252,-1225.24
2020-09-01 19:35:00-04:00,LONG,Breakout,1.33964,1.3393753464317677,1.34557,2020-09-01 20:15:00-04:00,1.3393753464317677,SL,0.00017,-1.0,-1.6423,-1642.35
2020-09-02 01:15:00-04:00,LONG,Breakout,1.3382,1.3380398636783477,1.34016,2020-09-02 01:20:00-04:00,1.3380398636783477,SL,0.000186,-1.0,-2.1615,-2161.51
2020-09-02 15:20:00-04:00,LONG,Breakout,1.33357,1.3328126858687173,1.3363399999999999,2020-09-02 20:55:00-04:00,1.3328126858687173,SL,0.000144,-1.0,-1.1901,-1190.15
2020-09-03 00:00:00-04:00,LONG,Bounce,1.33262,1.3320540861549368,1.33386,2020-09-03 00:10:00-04:00,1.3320540861549368,SL,0.00018,-1.0,-1.3181,-1318.07
2020-09-03 15:05:00-04:00,LONG,Breakout,1.32819,1.3275458640403603,1.32964,2020-09-03 15:20:00-04:00,1.3275458640403603,SL,0.00016,-1.0,-1.2484,-1248.39
2020-09-04 03:30:00-04:00,LONG,Breakout,1.3287499999999999,1.3282792649943178,1.32955,2020-09-04 03:50:00-04:00,1.32955,TP,0.000166,1.6995,1.3468,1346.83
2020-09-08 02:15:00-04:00,SHORT,Breakout,1.3142,1.314395258944637,1.31163,2020-09-08 02:20:00-04:00,1.314395258944637,SL,0.000158,-1.0,-1.8092,-1809.18
2020-09-08 03:50:00-04:00,SHORT,Retest,1.31392,1.3144230926756413,1.31163,2020-09-08 03:55:00-04:00,1.3144230926756413,SL,0.000154,-1.0,-1.3061,-1306.11
2020-09-09 01:45:00-04:00,SHORT,Bounce,1.29629,1.2966189988904582,1.29516,2020-09-09 02:00:00-04:00,1.2966189988904582,SL,0.000186,-1.0,-1.5654,-1565.35
2020-09-09 02:15:00-04:00,SHORT,Breakout,1.29436,1.2952667262013828,1.29243,2020-09-09 02:40:00-04:00,1.29243,TP,0.000136,2.1285,1.9785,1978.55
2020-09-09 03:50:00-04:00,SHORT,Retest,1.2947600000000001,1.2953213059716968,1.29182,2020-09-09 03:55:00-04:00,1.2953213059716968,SL,0.000156,-1.0,-1.2779,-1277.92
2020-09-09 07:30:00-04:00,SHORT,Breakout,1.2917100000000001,1.2933290555941763,1.29112,2020-09-09 07:35:00-04:00,1.29112,TP,0.000136,0.3644,0.2804,280.41
2020-09-09 08:20:00-04:00,SHORT,Retest,1.29209,1.2933917790102973,1.2873299999999999,2020-09-09 08:25:00-04:00,1.2933917790102973,SL,0.000138,-1.0,-1.106,-1106.01
2020-09-09 13:10:00-04:00,SHORT,Bounce,1.30166,1.3019331058980579,1.30005,2020-09-09 13:15:00-04:00,1.3019331058980579,SL,0.000178,-1.0,-1.6518,-1651.76
2020-09-10 07:05:00-04:00,SHORT,Breakout,1.29955,1.3013786504335993,1.2991,2020-09-10 07:10:00-04:00,1.2991,TP,0.000136,0.2461,0.1717,171.71
2020-09-11 02:00:00-04:00,SHORT,Breakout,1.28169,1.2818512253466259,1.28095,2020-09-11 02:05:00-04:00,1.2818512253466259,SL,0.000154,-1.0,-1.9552,-1955.18
2020-09-11 02:10:00-04:00,SHORT,Breakout,1.28156,1.2818665565488765,1.27985,2020-09-11 02:15:00-04:00,1.2818665565488765,SL,0.000162,-1.0,-1.5285,-1528.45
2020-09-11 02:20:00-04:00,SHORT,Breakout,1.28145,1.2818729390651027,1.27985,2020-09-11 02:30:00-04:00,1.2818729390651027,SL,0.00017,-1.0,-1.4019,-1401.95
2020-09-11 04:35:00-04:00,SHORT,Breakout,1.2793700000000001,1.2810266658154668,1.2772000000000001,2020-09-11 04:45:00-04:00,1.2810266658154668,SL,0.000144,-1.0,-1.0869,-1086.92
2020-09-11 04:45:00-04:00,SHORT,Breakout,1.2799,1.2810331659327239,1.2772000000000001,2020-09-11 05:00:00-04:00,1.2772000000000001,TP,0.000168,2.3827,2.2344,2234.45
2020-09-11 07:10:00-04:00,SHORT,Bounce,1.28418,1.2864907848339218,1.27615,2020-09-14 06:10:00-04:00,1.2864907848339218,SL,0.000148,-1.0,-1.064,-1064.05
2020-09-14 20:20:00-04:00,SHORT,Breakout,1.28388,1.2844063409299105,1.28326,2020-09-14 20:55:00-04:00,1.28326,TP,0.000148,1.1779,0.8968,896.76
2020-09-15 09:45:00-04:00,SHORT,Breakout,1.28734,1.2884104223693362,1.2843499999999999,2020-09-15 09:55:00-04:00,1.2884104223693362,SL,0.000138,-1.0,-1.1289,-1128.92
2020-09-15 20:05:00-04:00,SHORT,Breakout,1.28815,1.2884442229991848,1.28403,2020-09-15 20:45:00-04:00,1.2884442229991848,SL,0.00019,-1.0,-1.6458,-1645.77
2020-09-16 01:40:00-04:00,SHORT,Breakout,1.28871,1.2893613289800494,1.28753,2020-09-16 02:00:00-04:00,1.2893613289800494,SL,0.000164,-1.0,-1.2518,-1251.79
2020-09-16 02:10:00-04:00,SHORT,Breakout,1.28874,1.2893745729642387,1.28753,2020-09-16 02:25:00-04:00,1.2893745729642387,SL,0.000174,-1.0,-1.2742,-1274.2
2020-09-16 02:25:00-04:00,SHORT,Breakout,1.2889599999999999,1.2893797233245017,1.28753,2020-09-16 02:30:00-04:00,1.2893797233245017,SL,0.000172,-1.0,-1.4098,-1409.79
2020-09-16 02:55:00-04:00,SHORT,Retest,1.2889300000000001,1.289389599661681,1.28848,2020-09-16 03:05:00-04:00,1.28848,TP,0.000154,0.9791,0.644,644.04
2020-09-16 03:05:00-04:00,SHORT,Breakout,1.2882799999999999,1.2885890017491026,1.28753,2020-09-16 03:10:00-04:00,1.2885890017491026,SL,0.000166,-1.0,-1.5372,-1537.21
2020-09-16 03:35:00-04:00,SHORT,Breakout,1.2882,1.288610801913635,1.28753,2020-09-16 03:50:00-04:00,1.288610801913635,SL,0.000158,-1.0,-1.3846,-1384.61
2020-09-16 04:15:00-04:00,SHORT,Bounce,1.28956,1.2900589089433034,1.28765,2020-09-16 04:20:00-04:00,1.2900589089433034,SL,0.000164,-1.0,-1.3287,-1328.72
2020-09-16 13:25:00-04:00,SHORT,Breakout,1.29696,1.2976610299533684,1.29607,2020-09-16 14:00:00-04:00,1.2976610299533684,SL,0.000144,-1.0,-1.2054,-1205.41
2020-09-16 14:05:00-04:00,SHORT,Breakout,1.2962,1.297731968942602,1.28765,2020-09-16 14:10:00-04:00,1.297731968942602,SL,0.000126,-1.0,-1.0822,-1082.25
2020-09-16 14:40:00-04:00,SHORT,Breakout,1.29612,1.2978073737836124,1.28765,2020-09-17 06:05:00-04:00,1.2978073737836124,SL,0.000144,-1.0,-1.0853,-1085.34
2020-09-17 07:00:00-04:00,SHORT,Breakout,1.29155,1.2934668026195193,1.29001,2020-09-17 07:05:00-04:00,1.29001,TP,0.000122,0.8034,0.7398,739.77
2020-09-17 08:05:00-04:00,SHORT,Breakout,1.28697,1.288359039835818,1.28403,2020-09-17 08:10:00-04:00,1.288359039835818,SL,0.00013,-1.0,-1.0936,-1093.59
2020-09-17 21:30:00-04:00,SHORT,Breakout,1.29584,1.2964204720387127,1.2935699999999999,2020-09-17 21:40:00-04:00,1.2964204720387127,SL,0.00017,-1.0,-1.2929,-1292.87
2020-09-18 07:50:00-04:00,SHORT,Breakout,1.29636,1.2971365744711811,1.29518,2020-09-18 08:00:00-04:00,1.2971365744711811,SL,0.000162,-1.0,-1.2086,-1208.61
2020-09-21 02:00:00-04:00,SHORT,Breakout,1.29439,1.2945547917847142,1.29278,2020-09-21 02:10:00-04:00,1.2945547917847142,SL,0.000152,-1.0,-1.9224,-1922.38
2020-09-21 02:50:00-04:00,SHORT,Bounce,1.29579,1.2962719734416193,1.29278,2020-09-21 03:00:00-04:00,1.2962719734416193,SL,0.000156,-1.0,-1.3237,-1323.67
2020-09-21 03:00:00-04:00,SHORT,Bounce,1.29592,1.296274640365478,1.29278,2020-09-21 03:25:00-04:00,1.29278,TP,0.000154,8.854,8.4198,8419.8
2020-09-21 03:25:00-04:00,SHORT,Breakout,1.29307,1.293735180098358,1.29134,2020-09-21 03:35:00-04:00,1.29134,TP,0.000136,2.6008,2.3963,2396.34
2020-09-21 09:05:00-04:00,SHORT,Breakout,1.28286,1.2835811278122227,1.28139,2020-09-21 09:10:00-04:00,1.2835811278122227,SL,0.000136,-1.0,-1.1886,-1188.59
2020-09-21 09:20:00-04:00,SHORT,Breakout,1.2824900000000001,1.2835917287913459,1.28139,2020-09-21 09:35:00-04:00,1.28139,TP,0.00014,0.9984,0.8714,871.36
2020-09-21 21:20:00-04:00,SHORT,Breakout,1.27992,1.280227732349869,1.27745,2020-09-21 21:25:00-04:00,1.280227732349869,SL,0.000158,-1.0,-1.5134,-1513.43
2020-09-22 01:55:00-04:00,SHORT,Breakout,1.27946,1.2798004854015061,1.27745,2020-09-22 02:00:00-04:00,1.2798004854015061,SL,0.000152,-1.0,-1.4464,-1446.42
2020-09-22 02:05:00-04:00,SHORT,Breakout,1.27935,1.2798135307798701,1.27745,2020-09-22 02:10:00-04:00,1.2798135307798701,SL,0.00017,-1.0,-1.3668,-1366.75
2020-09-22 09:40:00-04:00,SHORT,Breakout,1.27806,1.278878050726306,1.27111,2020-09-22 11:50:00-04:00,1.27111,TP,0.000136,8.4958,8.3296,8329.56
2020-09-22 20:45:00-04:00,SHORT,Breakout,1.2720500000000001,1.2723593669609325,1.27102,2020-09-22 20:50:00-04:00,1.2723593669609325,SL,0.000152,-1.0,-1.4913,-1491.33
2020-09-22 20:55:00-04:00,SHORT,Breakout,1.2720099999999999,1.2723613725326408,1.27102,2020-09-22 21:00:00-04:00,1.2723613725326408,SL,0.000176,-1.0,-1.5009,-1500.89
2020-09-23 02:00:00-04:00,SHORT,Breakout,1.27146,1.2715931842211599,1.27102,2020-09-23 02:05:00-04:00,1.27102,TP,0.000144,3.3037,2.2225,2222.49
2020-09-23 02:05:00-04:00,SHORT,Breakout,1.26923,1.271622099633934,1.26725,2020-09-23 05:05:00-04:00,1.271622099633934,SL,0.000146,-1.0,-1.061,-1061.03
2020-09-24 13:15:00-04:00,SHORT,Bounce,1.27614,1.2769606387052153,1.27066,2020-09-24 13:40:00-04:00,1.2769606387052153,SL,0.000172,-1.0,-1.2096,-1209.59
2020-09-24 21:25:00-04:00,SHORT,Bounce,1.27564,1.2758275221665862,1.27309,2020-09-25 00:55:00-04:00,1.2758275221665862,SL,0.000172,-1.0,-1.9172,-1917.22
2020-09-27 20:55:00-04:00,SHORT,Breakout,1.2751299999999999,1.275408171545304,1.26865,2020-09-27 21:00:00-04:00,1.275408171545304,SL,0.000174,-1.0,-1.6255,-1625.51
2020-09-28 01:50:00-04:00,SHORT,Breakout,1.27634,1.276818355626016,1.27615,2020-09-28 01:55:00-04:00,1.276818355626016,SL,0.000164,-1.0,-1.3428,-1342.84
2020-09-28 14:55:00-04:00,SHORT,Breakout,1.2832,1.2841371294911292,1.27617,2020-09-28 17:00:00-04:00,1.2841371294911292,SL,0.000132,-1.0,-1.1409,-1140.86
2020-09-29 03:05:00-04:00,SHORT,Breakout,1.28417,1.2846981844761622,1.2835,2020-09-29 03:15:00-04:00,1.2835,TP,0.000156,1.2685,0.9731,973.14
2020-09-29 23:10:00-04:00,SHORT,Breakout,1.28423,1.2848265906245355,1.28391,2020-09-29 23:35:00-04:00,1.28391,TP,0.0002,0.5364,0.2011,201.14
2020-09-30 01:45:00-04:00,SHORT,Breakout,1.28329,1.2835678457221604,1.2821799999999999,2020-09-30 01:50:00-04:00,1.2835678457221604,SL,0.000182,-1.0,-1.655,-1655.04
2020-09-30 02:00:00-04:00,SHORT,Breakout,1.28315,1.2835819406164672,1.2821799999999999,2020-09-30 02:10:00-04:00,1.2821799999999999,TP,0.000174,2.2457,1.8428,1842.85
2020-09-30 02:45:00-04:00,SHORT,Breakout,1.28319,1.2836103078420937,1.27617,2020-09-30 02:50:00-04:00,1.2836103078420937,SL,0.000162,-1.0,-1.3854,-1385.43
2020-09-30 03:25:00-04:00,SHORT,Breakout,1.28131,1.2819588801842294,1.27617,2020-09-30 03:45:00-04:00,1.2819588801842294,SL,0.000152,-1.0,-1.2342,-1234.25
2020-09-30 09:50:00-04:00,SHORT,Bounce,1.28517,1.2859219488335627,1.28145,2020-09-30 09:55:00-04:00,1.2859219488335627,SL,0.000136,-1.0,-1.1809,-1180.86
2020-09-30 21:30:00-04:00,SHORT,Bounce,1.2926199999999999,1.2927914999170185,1.29124,2020-09-30 21:35:00-04:00,1.2927914999170185,SL,0.000172,-1.0,-2.0029,-2002.92
2020-10-01 01:45:00-04:00,LONG,Breakout,1.29429,1.2939322726457645,1.2965499999999999,2020-10-01 01:50:00-04:00,1.2939322726457645,SL,0.000162,-1.0,-1.4529,-1452.86
2020-10-01 01:55:00-04:00,LONG,Breakout,1.2942,1.2939279289649703,1.2965499999999999,2020-10-01 02:50:00-04:00,1.2939279289649703,SL,0.000178,-1.0,-1.6542,-1654.24
2020-10-01 02:55:00-04:00,LONG,Breakout,1.29407,1.293913111365558,1.2965499999999999,2020-10-01 03:00:00-04:00,1.293913111365558,SL,0.000172,-1.0,-2.0963,-2096.32
2020-10-01 07:10:00-04:00,LONG,Breakout,1.28913,1.285155402034922,1.2949,2020-10-01 07:30:00-04:00,1.2949,TP,0.000112,1.4517,1.4235,1423.54
2020-10-01 17:50:00-04:00,LONG,Bounce,1.2883,1.2878945329626872,1.2891599999999999,2020-10-01 17:55:00-04:00,1.2878945329626872,SL,0.000574,-1.0,-2.4157,-2415.65
2020-10-01 17:55:00-04:00,LONG,Bounce,1.28829,1.2878934948939238,1.2891599999999999,2020-10-01 18:00:00-04:00,1.2878934948939238,SL,0.0006,-1.0,-2.5132,-2513.22
2020-10-01 18:00:00-04:00,LONG,Bounce,1.28841,1.2878892452586435,1.2891599999999999,2020-10-01 20:10:00-04:00,1.2878892452586435,SL,0.000264,-1.0,-1.507,-1506.96
2020-10-01 20:35:00-04:00,LONG,Bounce,1.28776,1.2874876130582236,1.2891599999999999,2020-10-01 20:40:00-04:00,1.2874876130582236,SL,0.000198,-1.0,-1.7269,-1726.91
2020-10-01 21:00:00-04:00,LONG,Bounce,1.28777,1.287476432563863,1.28879,2020-10-01 21:45:00-04:00,1.287476432563863,SL,0.000192,-1.0,-1.654,-1654.02
2020-10-02 00:55:00-04:00,SHORT,Breakout,1.28424,1.285586952658835,1.2824499999999999,2020-10-02 01:15:00-04:00,1.285586952658835,SL,0.000162,-1.0,-1.1203,-1120.27
2020-10-02 01:30:00-04:00,SHORT,Breakout,1.28538,1.2856166246886462,1.2824499999999999,2020-10-02 01:35:00-04:00,1.2856166246886462,SL,0.00019,-1.0,-1.803,-1802.96
2020-10-02 04:40:00-04:00,SHORT,Bounce,1.29349,1.294268751158833,1.28603,2020-10-02 04:45:00-04:00,1.294268751158833,SL,0.000144,-1.0,-1.1849,-1184.91
2020-10-04 20:00:00-04:00,LONG,Breakout,1.29376,1.2930122268206092,1.29409,2020-10-04 20:10:00-04:00,1.29409,TP,0.000178,0.4413,0.2033,203.27
2020-10-05 04:10:00-04:00,LONG,Breakout,1.29492,1.2938504443988235,1.2978,2020-10-05 06:15:00-04:00,1.2938504443988235,SL,0.000166,-1.0,-1.1552,-1155.2
2020-10-05 08:35:00-04:00,LONG,Breakout,1.29668,1.2957833392279676,1.2978,2020-10-05 09:00:00-04:00,1.2978,TP,0.000146,1.2491,1.0863,1086.25
2020-10-05 17:55:00-04:00,LONG,Bounce,1.2974700000000001,1.2968509432967392,1.29839,2020-10-05 18:10:00-04:00,1.29839,TP,0.0006,1.4861,0.5169,516.92
2020-10-05 20:10:00-04:00,LONG,Breakout,1.29926,1.2991352197789583,1.2999100000000001,2020-10-05 20:35:00-04:00,1.2991352197789583,SL,0.000188,-1.0,-2.5066,-2506.65
2020-10-05 23:30:00-04:00,LONG,Breakout,1.29977,1.2994071772465126,1.30069,2020-10-05 23:35:00-04:00,1.2994071772465126,SL,0.000146,-1.0,-1.4024,-1402.4
2020-10-06 03:05:00-04:00,LONG,Breakout,1.3002,1.2999247763803812,1.30069,2020-10-06 03:10:00-04:00,1.2999247763803812,SL,0.000134,-1.0,-1.4869,-1486.88
2020-10-08 01:50:00-04:00,LONG,Breakout,1.29373,1.2932845713732433,1.29507,2020-10-08 02:05:00-04:00,1.2932845713732433,SL,0.000188,-1.0,-1.4221,-1422.07
2020-10-08 02:25:00-04:00,LONG,Breakout,1.29398,1.2932484453076112,1.29507,2020-10-08 02:50:00-04:00,1.29507,TP,0.00016,1.49,1.2713,1271.27
2020-10-08 17:50:00-04:00,LONG,Bounce,1.2931599999999999,1.2926370633082815,1.29446,2020-10-08 17:55:00-04:00,1.2926370633082815,SL,0.000416,-1.0,-1.7955,-1795.51
2020-10-08 17:55:00-04:00,LONG,Bounce,1.29301,1.2926247016434043,1.29446,2020-10-08 18:00:00-04:00,1.2926247016434043,SL,0.00052,-1.0,-2.3496,-2349.6
2020-10-08 20:45:00-04:00,LONG,Breakout,1.2939,1.293786843852764,1.29446,2020-10-08 21:00:00-04:00,1.29446,TP,0.000168,4.9489,3.4642,3464.24
2020-10-09 07:00:00-04:00,LONG,Bounce,1.29406,1.2922477773239367,1.29719,2020-10-09 09:05:00-04:00,1.29719,TP,0.000124,1.7272,1.6587,1658.74
2020-10-09 09:55:00-04:00,LONG,Breakout,1.29705,1.295457870866427,1.2981500000000001,2020-10-09 10:20:00-04:00,1.2981500000000001,TP,0.000172,0.6909,0.5829,582.87
2020-10-12 07:00:00-04:00,LONG,Bounce,1.30158,1.3006728813182165,1.30266,2020-10-12 08:00:00-04:00,1.30266,TP,0.000158,1.1906,1.0164,1016.41
2020-10-12 08:00:00-04:00,LONG,Breakout,1.3031,1.302532918971525,1.30586,2020-10-12 08:10:00-04:00,1.302532918971525,SL,0.000154,-1.0,-1.2716,-1271.57
2020-10-12 08:20:00-04:00,LONG,Breakout,1.30294,1.3025278551318649,1.30586,2020-10-12 10:45:00-04:00,1.30586,TP,0.000174,7.0849,6.6627,6662.71
2020-10-13 01:55:00-04:00,LONG,Breakout,1.30467,1.3044231628901057,1.30546,2020-10-13 02:00:00-04:00,1.3044231628901057,SL,0.000188,-1.0,-1.7616,-1761.64
2020-10-13 02:05:00-04:00,LONG,Breakout,1.30457,1.3044142169817747,1.30546,2020-10-13 02:25:00-04:00,1.30546,TP,0.000168,5.7131,4.6347,4634.65
2020-10-13 02:30:00-04:00,LONG,Breakout,1.30539,1.3052267815899146,1.3067,2020-10-13 02:35:00-04:00,1.3052267815899146,SL,0.000154,-1.0,-1.9435,-1943.52
2020-10-13 04:55:00-04:00,LONG,Breakout,1.30617,1.305491908867413,1.3067,2020-10-13 05:10:00-04:00,1.305491908867413,SL,0.000154,-1.0,-1.2271,-1227.11
2020-10-13 21:30:00-04:00,LONG,Bounce,1.29294,1.2925637356307618,1.29431,2020-10-13 21:45:00-04:00,1.2925637356307618,SL,0.000172,-1.0,-1.4571,-1457.13
2020-10-14 01:15:00-04:00,SHORT,Breakout,1.29122,1.2919885056476437,1.29091,2020-10-14 01:55:00-04:00,1.2919885056476437,SL,0.000192,-1.0,-1.2498,-1249.84
2020-10-14 01:55:00-04:00,SHORT,Retest,1.29153,1.2919833339604228,1.29091,2020-10-14 02:00:00-04:00,1.29091,TP,0.000176,1.3676,0.9794,979.41
2020-10-14 20:30:00-04:00,SHORT,Bounce,1.30167,1.3019556923600895,1.30057,2020-10-14 20:40:00-04:00,1.3019556923600895,SL,0.000174,-1.0,-1.609,-1609.05
2020-10-15 09:30:00-04:00,LONG,Bounce,1.29207,1.290567110288483,1.29352,2020-10-15 09:45:00-04:00,1.29352,TP,0.00014,0.9648,0.8717,871.65
2020-10-16 02:20:00-04:00,SHORT,Breakout,1.28841,1.2886130075878144,1.2862,2020-10-16 02:30:00-04:00,1.2886130075878144,SL,0.000158,-1.0,-1.7783,-1778.3
2020-10-16 06:50:00-04:00,SHORT,Breakout,1.2898399999999999,1.2926359268642944,1.28436,2020-10-16 07:05:00-04:00,1.2926359268642944,SL,0.000146,-1.0,-1.0522,-1052.22
2020-10-16 07:05:00-04:00,SHORT,Retest,1.2888600000000001,1.2927353474201366,1.28436,2020-10-16 08:15:00-04:00,1.2927353474201366,SL,0.000142,-1.0,-1.0366,-1036.64
2020-10-21 08:20:00-04:00,LONG,Breakout,1.30756,1.306900680454336,1.31468,2020-10-21 10:30:00-04:00,1.31468,TP,0.000132,10.799,10.5988,10598.81
2020-10-21 20:15:00-04:00,LONG,Bounce,1.31364,1.3132230831868477,1.31522,2020-10-21 20:25:00-04:00,1.3132230831868477,SL,0.000188,-1.0,-1.4509,-1450.93
2020-10-22 01:05:00-04:00,LONG,Breakout,1.3134299999999999,1.313105865721746,1.31443,2020-10-22 02:05:00-04:00,1.31443,TP,0.000172,3.0851,2.5545,2554.5
2020-10-22 03:20:00-04:00,LONG,Retest,1.31345,1.313041717084568,1.31488,2020-10-22 03:45:00-04:00,1.313041717084568,SL,0.000182,-1.0,-1.4458,-1445.77
2020-10-22 08:15:00-04:00,LONG,Bounce,1.30952,1.3081790108439288,1.31213,2020-10-22 10:20:00-04:00,1.3081790108439288,SL,0.00015,-1.0,-1.1119,-1111.86
2020-10-23 00:00:00-04:00,LONG,Bounce,1.30657,1.3064439311539606,1.30721,2020-10-23 00:05:00-04:00,1.3064439311539606,SL,0.000194,-1.0,-2.5388,-2538.84
2020-10-23 03:05:00-04:00,LONG,Breakout,1.30648,1.306275450327222,1.30721,2020-10-23 03:10:00-04:00,1.306275450327222,SL,0.000174,-1.0,-1.8506,-1850.65
2020-10-23 03:20:00-04:00,LONG,Breakout,1.30685,1.3062565868691352,1.30867,2020-10-23 03:50:00-04:00,1.30867,TP,0.000156,3.067,2.8041,2804.12
2020-10-23 08:25:00-04:00,LONG,Breakout,1.31055,1.310060094117565,1.31486,2020-10-23 08:30:00-04:00,1.310060094117565,SL,0.000136,-1.0,-1.2776,-1277.6
2020-10-26 01:35:00-04:00,LONG,Bounce,1.30217,1.3019486953008605,1.30538,2020-10-26 01:50:00-04:00,1.3019486953008605,SL,0.000184,-1.0,-1.8314,-1831.43
2020-10-26 20:10:00-04:00,LONG,Breakout,1.30223,1.3018680469875916,1.30304,2020-10-26 21:45:00-04:00,1.30304,TP,0.000146,2.2379,1.8345,1834.49
2020-10-27 02:10:00-04:00,LONG,Breakout,1.30432,1.3037511953701115,1.30738,2020-10-27 02:30:00-04:00,1.3037511953701115,SL,0.00016,-1.0,-1.2813,-1281.29
2020-10-27 07:50:00-04:00,LONG,Breakout,1.30463,1.3042478230283783,1.30738,2020-10-27 08:15:00-04:00,1.3042478230283783,SL,0.000164,-1.0,-1.4291,-1429.12
2020-10-28 10:00:00-04:00,LONG,Breakout,1.29853,1.297991358218108,1.30631,2020-10-28 10:05:00-04:00,1.297991358218108,SL,0.000112,-1.0,-1.2079,-1207.93
2020-10-28 20:15:00-04:00,LONG,Breakout,1.29935,1.2992278664968087,1.29999,2020-10-28 20:35:00-04:00,1.2992278664968087,SL,0.000164,-1.0,-2.3428,-2342.79
2020-10-30 09:30:00-04:00,SHORT,Bounce,1.29756,1.2989049206649448,1.2958,2020-10-30 10:05:00-04:00,1.2958,TP,0.000136,1.3086,1.2075,1207.51
2020-10-30 14:55:00-04:00,SHORT,Bounce,1.29573,1.2963417492832578,1.2923,2020-11-01 17:15:00-05:00,1.2923,TP,0.000116,5.6069,5.4173,5417.25
2020-11-01 23:10:00-05:00,SHORT,Breakout,1.29136,1.291630913409857,1.28982,2020-11-02 01:15:00-05:00,1.28982,TP,0.000152,5.6845,5.1234,5123.41
2020-11-02 01:40:00-05:00,SHORT,Breakout,1.28971,1.2899253486505018,1.28799,2020-11-02 01:45:00-05:00,1.2899253486505018,SL,0.000136,-1.0,-1.6315,-1631.53
2020-11-02 03:05:00-05:00,SHORT,Breakout,1.28881,1.2894194750550487,1.28799,2020-11-02 03:10:00-05:00,1.28799,TP,0.000142,1.3454,1.1124,1112.43
2020-11-02 07:55:00-05:00,SHORT,Bounce,1.29244,1.293062865501391,1.29041,2020-11-02 08:05:00-05:00,1.293062865501391,SL,0.00014,-1.0,-1.2248,-1224.77
2020-11-02 19:10:00-05:00,SHORT,Bounce,1.29186,1.2919870545755503,1.29054,2020-11-02 19:20:00-05:00,1.2919870545755503,SL,0.000202,-1.0,-2.5899,-2589.87
2020-11-02 22:30:00-05:00,SHORT,Bounce,1.2925,1.2928577555835994,1.2917100000000001,2020-11-02 23:15:00-05:00,1.2917100000000001,TP,0.00014,2.2082,1.8169,1816.88
2020-11-03 21:25:00-05:00,SHORT,Retest,1.29825,1.3001752751502837,1.29706,2020-11-03 21:30:00-05:00,1.29706,TP,0.000178,0.6181,0.5256,525.64
2020-11-06 02:35:00-05:00,LONG,Breakout,1.31388,1.3134429211295247,1.3142800000000001,2020-11-06 02:55:00-05:00,1.3142800000000001,TP,0.000154,0.9152,0.5628,562.83
2020-11-06 02:55:00-05:00,LONG,Breakout,1.31491,1.3134414234792886,1.31562,2020-11-06 03:10:00-05:00,1.3134414234792886,SL,0.000142,-1.0,-1.0967,-1096.69
2020-11-06 03:20:00-05:00,LONG,Breakout,1.31376,1.313412712314615,1.31562,2020-11-06 03:55:00-05:00,1.313412712314615,SL,0.000138,-1.0,-1.3974,-1397.37
2020-11-06 09:20:00-05:00,LONG,Bounce,1.31264,1.3104068362161,1.31556,2020-11-06 09:35:00-05:00,1.3104068362161,SL,0.000128,-1.0,-1.0573,-1057.32
2020-11-06 11:00:00-05:00,LONG,Breakout,1.31575,1.314733099074252,1.31661,2020-11-06 11:05:00-05:00,1.31661,TP,0.000142,0.8457,0.7061,706.07
2020-11-06 12:35:00-05:00,LONG,Retest,1.31539,1.314841177008502,1.31764,2020-11-06 12:45:00-05:00,1.314841177008502,SL,0.000172,-1.0,-1.3134,-1313.4
2020-11-08 17:40:00-05:00,LONG,Breakout,1.31623,1.3159384691015434,1.31764,2020-11-08 17:50:00-05:00,1.3159384691015434,SL,0.000444,-1.0,-2.523,-2522.99
2020-11-08 20:05:00-05:00,LONG,Breakout,1.31839,1.3180135652209986,1.32375,2020-11-08 20:35:00-05:00,1.3180135652209986,SL,0.000168,-1.0,-1.4463,-1446.29
2020-11-09 01:15:00-05:00,LONG,Bounce,1.31742,1.3173010055590697,1.3192300000000001,2020-11-09 01:30:00-05:00,1.3173010055590697,SL,0.000158,-1.0,-2.3278,-2327.79
2020-11-09 02:05:00-05:00,LONG,Breakout,1.3195999999999999,1.3189412443356854,1.32375,2020-11-09 02:15:00-05:00,1.3189412443356854,SL,0.000154,-1.0,-1.2338,-1233.77
2020-11-09 02:25:00-05:00,LONG,Breakout,1.31945,1.3189357200507994,1.32375,2020-11-09 02:35:00-05:00,1.3189357200507994,SL,0.000156,-1.0,-1.3033,-1303.34
2020-11-09 03:05:00-05:00,LONG,Bounce,1.31773,1.3163726374074933,1.32375,2020-11-09 03:25:00-05:00,1.3163726374074933,SL,0.000146,-1.0,-1.1076,-1107.56
2020-11-10 02:15:00-05:00,LONG,Bounce,1.31782,1.317398555284951,1.31977,2020-11-10 02:30:00-05:00,1.317398555284951,SL,0.000176,-1.0,-1.4176,-1417.61
2020-11-10 14:40:00-05:00,LONG,Breakout,1.3253599999999999,1.3250413816590374,1.32775,2020-11-10 15:00:00-05:00,1.3250413816590374,SL,0.000182,-1.0,-1.5712,-1571.22
2020-11-10 20:00:00-05:00,LONG,Bounce,1.32581,1.3253188980388726,1.32771,2020-11-10 21:40:00-05:00,1.32771,TP,0.000168,3.8689,3.5268,3526.76
2020-11-11 02:00:00-05:00,LONG,Breakout,1.32711,1.3265341603371787,1.32792,2020-11-11 02:10:00-05:00,1.32792,TP,0.000168,1.4066,1.1149,1114.89
2020-11-11 17:35:00-05:00,LONG,Breakout,1.3219,1.3216886730062694,1.32525,2020-11-11 18:45:00-05:00,1.3216886730062694,SL,0.00047,-1.0,-3.224,-3224.04
2020-11-11 22:00:00-05:00,LONG,Bounce,1.32154,1.3213665414325348,1.32272,2020-11-11 22:05:00-05:00,1.3213665414325348,SL,0.000164,-1.0,-1.9455,-1945.47
2020-11-13 04:50:00-05:00,LONG,Breakout,1.31705,1.3163950930615724,1.31825,2020-11-13 05:05:00-05:00,1.31825,TP,0.000142,1.8323,1.6155,1615.5
2020-11-13 10:05:00-05:00,LONG,Bounce,1.31653,1.3150666772473345,1.31724,2020-11-13 10:35:00-05:00,1.3150666772473345,SL,0.000144,-1.0,-1.0984,-1098.41
2020-11-13 12:05:00-05:00,LONG,Breakout,1.3186,1.3170574135497612,1.31998,2020-11-15 17:20:00-05:00,1.3170574135497612,SL,0.000138,-1.0,-1.0895,-1089.46
2020-11-15 18:00:00-05:00,LONG,Breakout,1.31937,1.3189592871022466,1.31998,2020-11-15 18:25:00-05:00,1.31998,TP,0.000416,1.4852,0.4723,472.35
2020-11-16 03:00:00-05:00,LONG,Breakout,1.32315,1.322336692688414,1.32525,2020-11-16 03:25:00-05:00,1.322336692688414,SL,0.000156,-1.0,-1.1918,-1191.81
2020-11-16 03:50:00-05:00,LONG,Bounce,1.3213300000000001,1.3202766272904762,1.32525,2020-11-16 04:05:00-05:00,1.3202766272904762,SL,0.00014,-1.0,-1.1329,-1132.91
2020-11-16 07:25:00-05:00,LONG,Bounce,1.31806,1.3162313008738986,1.32415,2020-11-17 05:20:00-05:00,1.32415,TP,0.000128,3.3302,3.2602,3260.24
2020-11-17 05:20:00-05:00,LONG,Breakout,1.32489,1.3223650233765094,1.3281100000000001,2020-11-18 03:05:00-05:00,1.3281100000000001,TP,0.000154,1.2753,1.2143,1214.27
2020-11-19 02:10:00-05:00,LONG,Breakout,1.32432,1.323771178298783,1.32731,2020-11-19 02:25:00-05:00,1.323771178298783,SL,0.000114,-1.0,-1.2077,-1207.72
2020-11-19 02:50:00-05:00,LONG,Bounce,1.32318,1.32236467064107,1.32731,2020-11-19 03:05:00-05:00,1.32236467064107,SL,0.000132,-1.0,-1.1619,-1161.9
2020-11-19 05:45:00-05:00,LONG,Breakout,1.32365,1.3227992167993297,1.32488,2020-11-19 05:55:00-05:00,1.32488,TP,0.000124,1.4457,1.3,1299.98
2020-11-19 09:30:00-05:00,LONG,Bounce,1.32097,1.320329766878644,1.32638,2020-11-19 09:40:00-05:00,1.320329766878644,SL,0.000138,-1.0,-1.2155,-1215.55
2020-11-22 18:05:00-05:00,LONG,Breakout,1.32989,1.3296467271330794,1.33114,2020-11-22 18:15:00-05:00,1.3296467271330794,SL,0.0002,-1.0,-1.8221,-1822.12
2020-11-23 02:05:00-05:00,LONG,Bounce,1.33152,1.3311842155320914,1.33314,2020-11-23 03:00:00-05:00,1.33314,TP,0.00013,4.8245,4.4374,4437.37
2020-11-23 03:00:00-05:00,LONG,Breakout,1.33342,1.333050070219783,1.33582,2020-11-23 03:30:00-05:00,1.33582,TP,0.000114,6.4877,6.1796,6179.55
2020-11-23 06:45:00-05:00,LONG,Bounce,1.33628,1.3349852157411697,1.33778,2020-11-23 07:25:00-05:00,1.33778,TP,0.000114,1.1585,1.0704,1070.45
2020-11-23 14:50:00-05:00,LONG,Breakout,1.33193,1.3316311356984678,1.33945,2020-11-23 17:00:00-05:00,1.3316311356984678,SL,0.000134,-1.0,-1.4484,-1448.36
2020-11-23 18:15:00-05:00,LONG,Breakout,1.3327,1.3324587106972245,1.33313,2020-11-23 18:35:00-05:00,1.33313,TP,0.000128,1.7821,1.2516,1251.61
2020-11-23 18:50:00-05:00,LONG,Retest,1.33276,1.3324711256617832,1.33945,2020-11-23 19:00:00-05:00,1.3324711256617832,SL,0.000166,-1.0,-1.5746,-1574.64
2020-11-23 20:00:00-05:00,LONG,Breakout,1.3336999999999999,1.3332866139614854,1.33945,2020-11-23 20:05:00-05:00,1.3332866139614854,SL,0.000124,-1.0,-1.3,-1299.96
2020-11-24 00:45:00-05:00,LONG,Breakout,1.33342,1.3332519291071483,1.33378,2020-11-24 00:50:00-05:00,1.3332519291071483,SL,0.000144,-1.0,-1.8568,-1856.78
2020-11-24 00:55:00-05:00,LONG,Breakout,1.33349,1.33324856132198,1.33378,2020-11-24 01:00:00-05:00,1.33378,TP,0.000156,1.2011,0.555,555.01
2020-11-24 03:00:00-05:00,LONG,Breakout,1.3355299999999999,1.3342042778342031,1.33945,2020-11-24 06:25:00-05:00,1.3342042778342031,SL,9.2e-05,-1.0,-1.0694,-1069.4
2020-11-24 06:25:00-05:00,LONG,Bounce,1.33467,1.3343413758684683,1.33801,2020-11-24 06:30:00-05:00,1.3343413758684683,SL,9.4e-05,-1.0,-1.286,-1286.04
2020-11-24 10:40:00-05:00,LONG,Breakout,1.33506,1.3335251176708218,1.33801,2020-11-24 12:30:00-05:00,1.3335251176708218,SL,9e-05,-1.0,-1.0586,-1058.64
2020-11-24 19:15:00-05:00,LONG,Breakout,1.33647,1.3363634374181232,1.33801,2020-11-24 19:25:00-05:00,1.3363634374181232,SL,0.000124,-1.0,-2.1636,-2163.64
2020-11-25 02:35:00-05:00,LONG,Breakout,1.33735,1.3364817025464126,1.33801,2020-11-25 02:55:00-05:00,1.33801,TP,0.000112,0.7601,0.6311,631.12
2020-11-25 09:45:00-05:00,LONG,Breakout,1.33621,1.3356684195732207,1.3384,2020-11-25 09:55:00-05:00,1.3356684195732207,SL,9.4e-05,-1.0,-1.1736,-1173.57
2020-11-25 10:30:00-05:00,LONG,Retest,1.3364099999999999,1.3356746920295064,1.3384,2020-11-25 10:40:00-05:00,1.3384,TP,0.000116,2.7063,2.5486,2548.59
2020-11-25 15:50:00-05:00,LONG,Breakout,1.33906,1.3387484158293623,1.3393,2020-11-25 16:15:00-05:00,1.3387484158293623,SL,0.000132,-1.0,-1.4236,-1423.64
2020-11-25 20:35:00-05:00,LONG,Breakout,1.33961,1.339133641415244,1.34016,2020-11-25 21:05:00-05:00,1.339133641415244,SL,0.000128,-1.0,-1.2687,-1268.71
2020-11-26 17:30:00-05:00,LONG,Bounce,1.33483,1.333806298343309,1.33599,2020-11-26 22:00:00-05:00,1.33599,TP,0.000698,1.1331,0.4513,451.3
2020-11-27 03:05:00-05:00,LONG,Breakout,1.3379400000000001,1.3375254617523287,1.33972,2020-11-27 03:15:00-05:00,1.3375254617523287,SL,0.000106,-1.0,-1.2557,-1255.71
2020-11-29 20:55:00-05:00,LONG,Breakout,1.33392,1.3335059708524664,1.33624,2020-11-29 21:15:00-05:00,1.3335059708524664,SL,0.000116,-1.0,-1.2802,-1280.17
2020-11-29 22:50:00-05:00,LONG,Retest,1.3336700000000001,1.3335244107834165,1.33624,2020-11-29 23:00:00-05:00,1.3335244107834165,SL,0.000134,-1.0,-1.9204,-1920.4
2020-11-30 07:30:00-05:00,LONG,Bounce,1.33385,1.3315967509788103,1.33636,2020-11-30 08:50:00-05:00,1.33636,TP,9.4e-05,1.1139,1.0722,1072.23
2020-11-30 09:00:00-05:00,LONG,Breakout,1.3373599999999999,1.3361778228294763,1.33814,2020-11-30 09:05:00-05:00,1.33814,TP,9e-05,0.6598,0.5837,583.67
2020-11-30 18:00:00-05:00,LONG,Bounce,1.33327,1.3315313659660581,1.33515,2020-11-30 21:30:00-05:00,1.33515,TP,0.000378,1.0813,0.8639,863.9
2020-12-01 02:05:00-05:00,LONG,Breakout,1.33764,1.3367792084160168,1.33806,2020-12-01 02:10:00-05:00,1.33806,TP,0.00011,0.4879,0.3601,360.13
2020-12-01 11:05:00-05:00,LONG,Breakout,1.34249,1.3404464070887916,1.34557,2020-12-01 11:35:00-05:00,1.3404464070887916,SL,9.6e-05,-1.0,-1.047,-1046.98
2020-12-02 02:30:00-05:00,LONG,Breakout,1.34265,1.342429479082453,1.34311,2020-12-02 02:35:00-05:00,1.34311,TP,0.000116,2.086,1.5599,1559.94
2020-12-02 14:15:00-05:00,LONG,Breakout,1.3365,1.336290496656052,1.33769,2020-12-02 14:25:00-05:00,1.336290496656052,SL,9.8e-05,-1.0,-1.4678,-1467.77
2020-12-02 14:30:00-05:00,LONG,Breakout,1.3367,1.3362907365719192,1.33769,2020-12-02 14:35:00-05:00,1.3362907365719192,SL,0.00013,-1.0,-1.3176,-1317.64
2020-12-02 16:15:00-05:00,LONG,Retest,1.33659,1.336315871133043,1.33686,2020-12-02 16:20:00-05:00,1.33686,TP,0.000148,0.9849,0.445,445.05
2020-12-02 18:20:00-05:00,LONG,Bounce,1.33711,1.3355493094638582,1.34405,2020-12-02 19:15:00-05:00,1.3355493094638582,SL,0.000142,-1.0,-1.091,-1090.99
2020-12-03 01:40:00-05:00,LONG,Breakout,1.33897,1.3387964912883672,1.34405,2020-12-03 01:45:00-05:00,1.3387964912883672,SL,0.000134,-1.0,-1.7723,-1772.3
2020-12-03 20:00:00-05:00,LONG,Breakout,1.34584,1.3456190996508017,1.35001,2020-12-03 20:05:00-05:00,1.3456190996508017,SL,0.000132,-1.0,-1.5976,-1597.55
2020-12-04 04:45:00-05:00,LONG,Breakout,1.34889,1.3464105371931139,1.35001,2020-12-04 05:10:00-05:00,1.3464105371931139,SL,0.000106,-1.0,-1.0428,-1042.75
2020-12-04 12:10:00-05:00,LONG,Bounce,1.3472,1.3458782782278267,1.3538299999999999,2020-12-04 14:15:00-05:00,1.3458782782278267,SL,0.000136,-1.0,-1.1029,-1102.9
2020-12-07 08:00:00-05:00,LONG,Breakout,1.32826,1.3276381456010196,1.34371,2020-12-09 04:20:00-05:00,1.34371,TP,0.000108,24.845,24.6714,24671.37
2020-12-09 08:20:00-05:00,LONG,Breakout,1.34765,1.346056722235521,1.34931,2020-12-09 08:40:00-05:00,1.346056722235521,SL,0.0001,-1.0,-1.0628,-1062.76
2020-12-09 09:05:00-05:00,LONG,Bounce,1.34477,1.343567990009401,1.34931,2020-12-09 09:15:00-05:00,1.343567990009401,SL,8.4e-05,-1.0,-1.0699,-1069.88
2020-12-09 14:50:00-05:00,LONG,Breakout,1.3396,1.339269594236212,1.34771,2020-12-09 15:00:00-05:00,1.339269594236212,SL,0.00012,-1.0,-1.3632,-1363.19
2020-12-10 19:00:00-05:00,LONG,Breakout,1.3308200000000001,1.3305320252524506,1.33141,2020-12-10 19:05:00-05:00,1.3305320252524506,SL,0.000124,-1.0,-1.4306,-1430.59
2020-12-10 21:55:00-05:00,LONG,Breakout,1.33206,1.331408162989644,1.33295,2020-12-10 23:50:00-05:00,1.331408162989644,SL,0.000104,-1.0,-1.1595,-1159.55
2020-12-11 02:35:00-05:00,SHORT,Breakout,1.33039,1.3308468139701137,1.32914,2020-12-11 02:40:00-05:00,1.32914,TP,0.000132,2.7363,2.4474,2447.39
2020-12-16 20:15:00-05:00,LONG,Breakout,1.35195,1.3511095290801423,1.35544,2020-12-17 00:50:00-05:00,1.35544,TP,0.000112,4.1524,4.0192,4019.18
2020-12-24 02:25:00-05:00,LONG,Breakout,1.35647,1.3560851526428777,1.35892,2020-12-24 02:55:00-05:00,1.3560851526428777,SL,0.000144,-1.0,-1.3742,-1374.17
2020-12-24 03:05:00-05:00,LONG,Breakout,1.35698,1.3560442403070292,1.35892,2020-12-24 03:50:00-05:00,1.35892,TP,0.000192,2.0732,1.868,1868.0
2020-12-24 07:35:00-05:00,LONG,Bounce,1.35689,1.3554904364357208,1.36184,2020-12-24 10:00:00-05:00,1.3554904364357208,SL,0.000126,-1.0,-1.09,-1090.03
2020-12-27 18:20:00-05:00,LONG,Breakout,1.35555,1.355229367350904,1.36134,2020-12-27 19:05:00-05:00,1.355229367350904,SL,0.000168,-1.0,-1.524,-1523.96
2020-12-28 00:55:00-05:00,LONG,Breakout,1.3572,1.3569558599371552,1.3574899999999999,2020-12-28 01:00:00-05:00,1.3574899999999999,TP,0.000168,1.1878,0.4997,499.71
2020-12-28 02:55:00-05:00,LONG,Bounce,1.35637,1.3558420734643963,1.3575,2020-12-28 03:00:00-05:00,1.3558420734643963,SL,0.000146,-1.0,-1.2766,-1276.55
2020-12-28 22:35:00-05:00,LONG,Breakout,1.3489,1.34868476921217,1.35346,2020-12-29 00:00:00-05:00,1.34868476921217,SL,0.000134,-1.0,-1.6226,-1622.59
2020-12-29 10:55:00-05:00,LONG,Bounce,1.34934,1.347983791760379,1.35133,2020-12-29 11:30:00-05:00,1.35133,TP,0.000138,1.4673,1.3656,1365.57
2020-12-29 19:00:00-05:00,LONG,Bounce,1.3495599999999999,1.3493216443747986,1.35062,2020-12-29 19:20:00-05:00,1.35062,TP,0.000166,4.4471,3.7507,3750.7
2020-12-29 19:50:00-05:00,LONG,Breakout,1.3513,1.3505292047760862,1.35208,2020-12-29 20:10:00-05:00,1.35208,TP,0.000108,1.0119,0.8718,871.83
2020-12-30 04:00:00-05:00,LONG,Breakout,1.35532,1.3549878302555771,1.35737,2020-12-30 04:15:00-05:00,1.35737,TP,0.000116,6.1715,5.8223,5822.32
2020-12-31 10:15:00-05:00,LONG,Breakout,1.3672,1.3666938312414554,1.36855,2020-12-31 10:20:00-05:00,1.3666938312414554,SL,0.000122,-1.0,-1.241,-1241.03
2021-01-03 18:45:00-05:00,LONG,Breakout,1.36803,1.3676314658727484,1.36855,2021-01-03 19:00:00-05:00,1.3676314658727484,SL,0.000124,-1.0,-1.3111,-1311.14
2021-01-04 02:00:00-05:00,LONG,Breakout,1.3689,1.3685177750198638,1.36975,2021-01-04 02:10:00-05:00,1.36975,TP,0.00013,2.2238,1.8837,1883.71
2021-01-04 04:55:00-05:00,LONG,Bounce,1.36722,1.3669149411680146,1.36958,2021-01-04 05:50:00-05:00,1.36958,TP,0.000116,7.7362,7.356,7355.96
2021-01-05 09:35:00-05:00,LONG,Breakout,1.35952,1.3590799338048385,1.36067,2021-01-05 09:55:00-05:00,1.3590799338048385,SL,0.000106,-1.0,-1.2409,-1240.87
2021-01-05 23:20:00-05:00,LONG,Breakout,1.3617,1.3609310328332682,1.3646099999999999,2021-01-05 23:45:00-05:00,1.3609310328332682,SL,0.000104,-1.0,-1.1352,-1135.25
2021-01-06 17:35:00-05:00,LONG,Bounce,1.36054,1.359420079255979,1.36258,2021-01-06 18:50:00-05:00,1.36258,TP,0.00057,1.8216,1.3126,1312.59
2021-01-07 03:30:00-05:00,LONG,Breakout,1.36035,1.3597748967426648,1.3608500000000001,2021-01-07 03:35:00-05:00,1.3597748967426648,SL,0.000122,-1.0,-1.2121,-1212.14
2021-01-07 18:00:00-05:00,LONG,Bounce,1.35637,1.355546439880398,1.35766,2021-01-07 20:05:00-05:00,1.355546439880398,SL,0.000376,-1.0,-1.4566,-1456.55
2021-01-08 01:30:00-05:00,LONG,Breakout,1.35707,1.3569145756187933,1.35766,2021-01-08 02:00:00-05:00,1.35766,TP,0.000134,3.7961,2.9339,2933.9
2021-01-08 02:10:00-05:00,LONG,Retest,1.35786,1.356885154419906,1.36125,2021-01-08 03:00:00-05:00,1.356885154419906,SL,0.000184,-1.0,-1.1887,-1188.75
2021-01-08 08:55:00-05:00,LONG,Breakout,1.36191,1.3604943100076814,1.3626,2021-01-08 09:25:00-05:00,1.3626,TP,0.000114,0.4874,0.4069,406.87
2021-01-11 02:30:00-05:00,SHORT,Breakout,1.34876,1.349350861188027,1.34802,2021-01-11 02:50:00-05:00,1.349350861188027,SL,0.000112,-1.0,-1.1896,-1189.55
2021-01-11 09:55:00-05:00,SHORT,Breakout,1.34549,1.345957953664106,1.34352,2021-01-11 10:00:00-05:00,1.345957953664106,SL,0.000132,-1.0,-1.2821,-1282.08
2021-01-11 19:10:00-05:00,SHORT,Bounce,1.35158,1.351805989378808,1.35027,2021-01-11 19:15:00-05:00,1.351805989378808,SL,0.000158,-1.0,-1.6991,-1699.15
2021-01-13 02:30:00-05:00,LONG,Breakout,1.36978,1.369146518024064,1.37033,2021-01-13 02:40:00-05:00,1.369146518024064,SL,0.000116,-1.0,-1.1831,-1183.11
2021-01-13 03:50:00-05:00,LONG,Bounce,1.36788,1.3668919517504476,1.36999,2021-01-13 04:30:00-05:00,1.36999,TP,0.00014,2.1355,1.9938,1993.83
2021-01-14 12:50:00-05:00,LONG,Breakout,1.3695599999999999,1.369205554898501,1.36999,2021-01-14 12:55:00-05:00,1.369205554898501,SL,0.000134,-1.0,-1.3781,-1378.06
2021-01-19 00:55:00-05:00,LONG,Breakout,1.3608,1.360612536940011,1.36139,2021-01-19 01:00:00-05:00,1.360612536940011,SL,0.000144,-1.0,-1.7682,-1768.15
2021-01-19 05:00:00-05:00,LONG,Breakout,1.36134,1.3609718336338255,1.36341,2021-01-19 07:00:00-05:00,1.3609718336338255,SL,0.000116,-1.0,-1.3151,-1315.07
2021-01-19 08:00:00-05:00,LONG,Bounce,1.36116,1.3603350500689793,1.36246,2021-01-19 11:45:00-05:00,1.36246,TP,0.000124,1.5759,1.4255,1425.54
2021-01-19 13:15:00-05:00,LONG,Breakout,1.36256,1.3623003422916227,1.36341,2021-01-19 13:20:00-05:00,1.3623003422916227,SL,0.000158,-1.0,-1.6085,-1608.49
2021-01-19 14:10:00-05:00,LONG,Retest,1.36259,1.3623145510740957,1.36279,2021-01-19 14:25:00-05:00,1.3623145510740957,SL,0.000152,-1.0,-1.5518,-1551.83
2021-01-20 01:00:00-05:00,LONG,Breakout,1.36575,1.3653256085328762,1.36598,2021-01-20 01:05:00-05:00,1.36598,TP,0.000132,0.542,0.2309,230.92
2021-01-20 15:50:00-05:00,LONG,Breakout,1.36499,1.3646345931570094,1.36588,2021-01-20 16:55:00-05:00,1.36588,TP,0.00015,2.5042,2.0821,2082.12
2021-01-20 17:15:00-05:00,LONG,Retest,1.36529,1.3645902608777867,1.36794,2021-01-20 20:05:00-05:00,1.36794,TP,0.000414,3.7871,3.1955,3195.48
2021-01-21 03:35:00-05:00,LONG,Breakout,1.37116,1.3708847921649598,1.3718,2021-01-21 03:40:00-05:00,1.3718,TP,9.6e-05,2.3255,1.9767,1976.69
2021-01-22 04:45:00-05:00,LONG,Bounce,1.36586,1.3652480979172616,1.37186,2021-01-22 08:10:00-05:00,1.3652480979172616,SL,0.00014,-1.0,-1.2288,-1228.79
2021-01-22 14:15:00-05:00,LONG,Breakout,1.36872,1.3683420102905464,1.3698299999999999,2021-01-22 14:50:00-05:00,1.3683420102905464,SL,0.000128,-1.0,-1.3386,-1338.63
2021-01-25 00:10:00-05:00,LONG,Breakout,1.3707099999999999,1.3706047435349409,1.37186,2021-01-25 00:15:00-05:00,1.3706047435349409,SL,0.000144,-1.0,-2.3681,-2368.09
2021-01-25 03:25:00-05:00,LONG,Bounce,1.37074,1.3701866158144216,1.37229,2021-01-25 03:50:00-05:00,1.3701866158144216,SL,0.000102,-1.0,-1.1843,-1184.32
2021-01-27 00:25:00-05:00,LONG,Breakout,1.37352,1.373349719981968,1.37515,2021-01-27 00:30:00-05:00,1.373349719981968,SL,0.000148,-1.0,-1.8692,-1869.16
2021-01-27 00:35:00-05:00,LONG,Breakout,1.37384,1.3733458708007784,1.37515,2021-01-27 02:40:00-05:00,1.37515,TP,0.000136,2.6511,2.3759,2375.9
2021-01-27 14:55:00-05:00,LONG,Bounce,1.3685399999999999,1.3681483580312648,1.37293,2021-01-27 15:00:00-05:00,1.3681483580312648,SL,0.000144,-1.0,-1.3677,-1367.68
2021-01-27 15:00:00-05:00,LONG,Bounce,1.36852,1.3681476181718888,1.37293,2021-01-27 15:20:00-05:00,1.3681476181718888,SL,0.000154,-1.0,-1.4136,-1413.55
2021-01-28 03:10:00-05:00,LONG,Bounce,1.36652,1.3658992593302504,1.36764,2021-01-28 03:15:00-05:00,1.3658992593302504,SL,0.00016,-1.0,-1.2578,-1257.76
2021-01-28 08:55:00-05:00,LONG,Breakout,1.36816,1.3673570932903871,1.36914,2021-01-28 09:00:00-05:00,1.36914,TP,0.00016,1.2206,1.0213,1021.29
2021-01-28 22:40:00-05:00,LONG,Bounce,1.3709,1.3704787152611584,1.37267,2021-01-28 22:45:00-05:00,1.3704787152611584,SL,0.000148,-1.0,-1.3513,-1351.31
2021-01-31 20:45:00-05:00,LONG,Breakout,1.37232,1.3718526721821334,1.37353,2021-01-31 22:40:00-05:00,1.37353,TP,0.000176,2.5892,2.2126,2212.58
2021-02-01 00:50:00-05:00,LONG,Breakout,1.37457,1.3738019447116956,1.37507,2021-02-01 00:55:00-05:00,1.37507,TP,0.000154,0.651,0.4505,450.49
2021-02-01 01:55:00-05:00,LONG,Retest,1.374,1.373804442954066,1.3752499999999999,2021-02-01 02:00:00-05:00,1.373804442954066,SL,0.000156,-1.0,-1.7977,-1797.72
2021-02-01 03:00:00-05:00,LONG,Bounce,1.3739,1.3728839489646376,1.3752499999999999,2021-02-01 03:10:00-05:00,1.3752499999999999,TP,0.000158,1.3287,1.1732,1173.17
2021-02-01 03:10:00-05:00,LONG,Breakout,1.37538,1.3751169866072641,1.37582,2021-02-01 03:15:00-05:00,1.3751169866072641,SL,0.00015,-1.0,-1.5703,-1570.31
2021-02-01 07:55:00-05:00,LONG,Bounce,1.37028,1.3697236570897464,1.37432,2021-02-01 08:15:00-05:00,1.3697236570897464,SL,0.000146,-1.0,-1.2624,-1262.43
2021-02-01 13:15:00-05:00,LONG,Breakout,1.36842,1.367958591960351,1.36959,2021-02-01 13:30:00-05:00,1.367958591960351,SL,0.00014,-1.0,-1.3034,-1303.42
2021-02-01 20:15:00-05:00,LONG,Breakout,1.36833,1.3678135363031236,1.3686099999999999,2021-02-01 20:25:00-05:00,1.3686099999999999,TP,0.000154,0.5421,0.244,243.97
2021-02-02 07:00:00-05:00,LONG,Bounce,1.36728,1.3668856433878074,1.3709799999999999,2021-02-02 07:40:00-05:00,1.3668856433878074,SL,0.000144,-1.0,-1.3652,-1365.15
2021-02-02 15:45:00-05:00,LONG,Breakout,1.36582,1.3654551609887728,1.36801,2021-02-02 17:30:00-05:00,1.3654551609887728,SL,0.000164,-1.0,-1.4495,-1449.51
2021-02-02 17:30:00-05:00,LONG,Retest,1.366,1.365437303195725,1.36801,2021-02-02 21:25:00-05:00,1.36801,TP,0.000332,3.5721,2.9821,2982.07
2021-02-04 00:00:00-05:00,SHORT,Breakout,1.36022,1.3606317004495803,1.35893,2021-02-04 00:10:00-05:00,1.3606317004495803,SL,0.000154,-1.0,-1.3741,-1374.06
2021-02-04 01:55:00-05:00,SHORT,Breakout,1.3599999999999999,1.36064233439681,1.35893,2021-02-04 02:00:00-05:00,1.35893,TP,0.000156,1.6658,1.4229,1422.93
2021-02-04 06:55:00-05:00,SHORT,Breakout,1.35664,1.3569437739622114,1.35296,2021-02-04 07:00:00-05:00,1.3569437739622114,SL,0.000148,-1.0,-1.4872,-1487.2
2021-02-07 19:20:00-05:00,LONG,Breakout,1.37377,1.3735963965360534,1.37432,2021-02-07 19:30:00-05:00,1.3735963965360534,SL,0.000174,-1.0,-2.0023,-2002.28
2021-02-08 02:00:00-05:00,LONG,Breakout,1.37343,1.3732267059486534,1.37404,2021-02-08 02:05:00-05:00,1.3732267059486534,SL,0.00014,-1.0,-1.6887,-1688.66
2021-02-08 02:55:00-05:00,LONG,Retest,1.37347,1.3732072412911784,1.37432,2021-02-08 03:15:00-05:00,1.3732072412911784,SL,0.000158,-1.0,-1.6013,-1601.31
2021-02-08 07:35:00-05:00,LONG,Bounce,1.36877,1.3683601889654278,1.36993,2021-02-08 07:40:00-05:00,1.3683601889654278,SL,0.000148,-1.0,-1.3611,-1361.14
2021-02-08 18:55:00-05:00,LONG,Breakout,1.37446,1.3743003687685433,1.37486,2021-02-08 19:00:00-05:00,1.3743003687685433,SL,0.000172,-1.0,-2.0775,-2077.48
2021-02-09 02:05:00-05:00,LONG,Bounce,1.3778299999999999,1.3773137368105994,1.37867,2021-02-09 02:40:00-05:00,1.3773137368105994,SL,0.000142,-1.0,-1.2751,-1275.05
2021-02-09 06:00:00-05:00,LONG,Bounce,1.37668,1.3760301228542848,1.37884,2021-02-09 09:30:00-05:00,1.37884,TP,0.000132,3.3237,3.1206,3120.59
2021-02-09 20:35:00-05:00,LONG,Bounce,1.38053,1.38024871290704,1.3817,2021-02-09 21:00:00-05:00,1.3817,TP,0.000146,4.1595,3.6404,3640.41
2021-02-10 22:25:00-05:00,LONG,Breakout,1.3837,1.3835883776099067,1.38522,2021-02-10 22:30:00-05:00,1.3835883776099067,SL,0.000166,-1.0,-2.4872,-2487.16
2021-02-11 02:35:00-05:00,LONG,Bounce,1.38446,1.3840003374107308,1.38652,2021-02-11 02:45:00-05:00,1.3840003374107308,SL,0.000158,-1.0,-1.3437,-1343.73
2021-02-11 08:05:00-05:00,LONG,Breakout,1.38392,1.3835914757243537,1.38585,2021-02-11 08:35:00-05:00,1.3835914757243537,SL,0.00012,-1.0,-1.3653,-1365.27
2021-02-11 10:05:00-05:00,LONG,Bounce,1.3820299999999999,1.3817383217701875,1.38443,2021-02-11 10:15:00-05:00,1.3817383217701875,SL,0.000126,-1.0,-1.432,-1431.98
2021-02-11 15:35:00-05:00,LONG,Breakout,1.38152,1.3813775603166922,1.38198,2021-02-11 16:15:00-05:00,1.3813775603166922,SL,0.000144,-1.0,-2.011,-2010.95
2021-02-11 19:05:00-05:00,LONG,Bounce,1.38093,1.3806790380165634,1.38186,2021-02-11 19:35:00-05:00,1.3806790380165634,SL,0.000178,-1.0,-1.7093,-1709.27
2021-02-11 19:50:00-05:00,LONG,Bounce,1.38065,1.3804944516369115,1.38186,2021-02-11 20:25:00-05:00,1.3804944516369115,SL,0.00017,-1.0,-2.0929,-2092.91
2021-02-12 03:05:00-05:00,LONG,Breakout,1.38048,1.37996381809395,1.38133,2021-02-12 03:10:00-05:00,1.37996381809395,SL,0.000128,-1.0,-1.248,-1247.97
2021-02-12 07:30:00-05:00,LONG,Breakout,1.38004,1.3798435802473088,1.3806,2021-02-12 07:35:00-05:00,1.3798435802473088,SL,0.00013,-1.0,-1.6618,-1661.85
2021-02-12 09:10:00-05:00,LONG,Retest,1.38042,1.3798251285819358,1.381,2021-02-12 09:15:00-05:00,1.3798251285819358,SL,0.000144,-1.0,-1.2421,-1242.07
2021-02-12 09:40:00-05:00,LONG,Breakout,1.38225,1.3808599089276479,1.3832,2021-02-12 10:35:00-05:00,1.3832,TP,0.000114,0.6834,0.6014,601.4
2021-02-12 14:00:00-05:00,LONG,Breakout,1.38615,1.3859468442376954,1.38652,2021-02-12 14:10:00-05:00,1.3859468442376954,SL,0.00014,-1.0,-1.6891,-1689.13
2021-02-14 17:45:00-05:00,LONG,Bounce,1.38545,1.3850848873075114,1.38617,2021-02-14 18:15:00-05:00,1.38617,TP,0.000316,1.972,1.1065,1106.51
2021-02-15 09:10:00-05:00,LONG,Bounce,1.38989,1.38975332439827,1.39115,2021-02-15 10:55:00-05:00,1.39115,TP,0.00013,9.2189,8.2678,8267.75
2021-02-17 19:00:00-05:00,LONG,Breakout,1.3866800000000001,1.3864767633522241,1.3885100000000001,2021-02-17 20:30:00-05:00,1.3864767633522241,SL,0.00018,-1.0,-1.8857,-1885.67
2021-02-18 20:35:00-05:00,LONG,Bounce,1.39645,1.3962763586750435,1.3979300000000001,2021-02-18 20:40:00-05:00,1.3962763586750435,SL,0.00018,-1.0,-2.0366,-2036.62
2021-02-22 20:25:00-05:00,LONG,Breakout,1.40746,1.4073079993427353,1.40848,2021-02-22 22:00:00-05:00,1.4073079993427353,SL,0.0002,-1.0,-2.3158,-2315.78
2021-02-23 05:10:00-05:00,LONG,Retest,1.40865,1.4081878634400316,1.40973,2021-02-23 05:15:00-05:00,1.4081878634400316,SL,0.0002,-1.0,-1.4328,-1432.77
2021-02-23 09:55:00-05:00,LONG,Bounce,1.40677,1.4059783593504636,1.4095,2021-02-23 10:20:00-05:00,1.4095,TP,0.0002,3.4485,3.1959,3195.89
2021-02-24 14:20:00-05:00,LONG,Breakout,1.41188,1.411593876077939,1.41282,2021-02-24 15:30:00-05:00,1.41282,TP,0.0002,3.2853,2.5863,2586.29
2021-02-24 19:10:00-05:00,LONG,Breakout,1.41459,1.4144535545816816,1.41506,2021-02-24 19:15:00-05:00,1.4144535545816816,SL,0.0002,-1.0,-2.4658,-2465.79
2021-02-25 02:45:00-05:00,LONG,Bounce,1.4129,1.4124868389073846,1.41687,2021-02-25 04:00:00-05:00,1.41687,TP,0.0002,9.6088,9.1248,9124.77
2021-02-26 09:00:00-05:00,LONG,Breakout,1.39755,1.3964449314675151,1.4021,2021-02-26 09:05:00-05:00,1.3964449314675151,SL,0.0002,-1.0,-1.181,-1180.98
2021-02-26 09:15:00-05:00,LONG,Retest,1.39715,1.3964521269803685,1.4021,2021-02-26 09:30:00-05:00,1.3964521269803685,SL,0.0002,-1.0,-1.2866,-1286.59
2021-03-01 08:00:00-05:00,LONG,Bounce,1.39273,1.3924827944195042,1.39771,2021-03-01 08:05:00-05:00,1.3924827944195042,SL,0.0002,-1.0,-1.809,-1809.04
2021-03-01 14:50:00-05:00,LONG,Breakout,1.393,1.3923986895083809,1.3955199999999999,2021-03-01 14:55:00-05:00,1.3923986895083809,SL,0.0002,-1.0,-1.3326,-1332.61
2021-03-02 04:05:00-05:00,SHORT,Breakout,1.3859,1.3868694935696875,1.38387,2021-03-02 04:10:00-05:00,1.3868694935696875,SL,0.0002,-1.0,-1.2063,-1206.29
2021-03-02 09:30:00-05:00,SHORT,Bounce,1.39252,1.3928984337922397,1.38579,2021-03-02 09:55:00-05:00,1.3928984337922397,SL,0.0002,-1.0,-1.5285,-1528.49
2021-03-03 02:15:00-05:00,LONG,Breakout,1.39664,1.3963595426060087,1.39709,2021-03-03 02:20:00-05:00,1.39709,TP,0.0002,1.6045,0.8914,891.4
2021-03-03 04:10:00-05:00,LONG,Retest,1.39711,1.3963218997849822,1.39877,2021-03-03 04:20:00-05:00,1.39877,TP,0.0002,2.1063,1.8526,1852.56
2021-03-03 23:20:00-05:00,LONG,Bounce,1.39345,1.3930018007645746,1.39435,2021-03-03 23:35:00-05:00,1.39435,TP,0.000202,2.008,1.5573,1557.34
2021-03-04 02:00:00-05:00,LONG,Breakout,1.39612,1.395901833842151,1.3983400000000001,2021-03-04 02:05:00-05:00,1.395901833842151,SL,0.0002,-1.0,-1.9167,-1916.73
2021-03-05 02:00:00-05:00,SHORT,Breakout,1.38733,1.3878285347168724,1.38662,2021-03-05 02:10:00-05:00,1.3878285347168724,SL,0.0002,-1.0,-1.4012,-1401.18
2021-03-05 02:25:00-05:00,SHORT,Breakout,1.38682,1.3878527382947428,1.38579,2021-03-05 03:05:00-05:00,1.38579,TP,0.0002,0.9973,0.8037,803.69
2021-03-08 02:20:00-05:00,SHORT,Breakout,1.38035,1.3809148436018068,1.37928,2021-03-08 02:25:00-05:00,1.3809148436018068,SL,0.0002,-1.0,-1.3541,-1354.08
2021-03-08 03:05:00-05:00,SHORT,Bounce,1.38354,1.3839843141699233,1.37928,2021-03-08 03:10:00-05:00,1.3839843141699233,SL,0.0002,-1.0,-1.4501,-1450.13
2021-03-08 19:00:00-05:00,SHORT,Bounce,1.38189,1.3823736471953403,1.38101,2021-03-08 19:25:00-05:00,1.38101,TP,0.0002,1.8195,1.406,1405.98
2021-03-08 19:25:00-05:00,SHORT,Breakout,1.3809,1.3810967364604396,1.38018,2021-03-08 19:30:00-05:00,1.38018,TP,0.0002,3.6597,2.6431,2643.13
2021-03-08 20:35:00-05:00,SHORT,Retest,1.38059,1.381119178808172,1.38011,2021-03-08 21:00:00-05:00,1.381119178808172,SL,0.0002,-1.0,-1.3779,-1377.94
2021-03-09 17:55:00-05:00,SHORT,Breakout,1.3887800000000001,1.388995927095076,1.38651,2021-03-09 18:45:00-05:00,1.388995927095076,SL,0.000756,-1.0,-4.5012,-4501.18
2021-03-09 18:55:00-05:00,SHORT,Retest,1.38864,1.3889653798069481,1.38762,2021-03-09 19:50:00-05:00,1.3889653798069481,SL,0.0002,-1.0,-1.6147,-1614.67
2021-03-09 20:05:00-05:00,SHORT,Bounce,1.38883,1.3891295639503407,1.38777,2021-03-09 20:30:00-05:00,1.38777,TP,0.0002,3.5385,2.8708,2870.84
2021-03-09 20:30:00-05:00,SHORT,Breakout,1.3873199999999999,1.387864688213642,1.38651,2021-03-09 21:05:00-05:00,1.38651,TP,0.0002,1.4871,1.1199,1119.91
2021-03-11 03:05:00-05:00,LONG,Breakout,1.39415,1.3939403282182916,1.4016,2021-03-11 03:10:00-05:00,1.3939403282182916,SL,0.0002,-1.0,-1.9539,-1953.87
2021-03-11 03:25:00-05:00,LONG,Breakout,1.39469,1.3939156107414261,1.4016,2021-03-11 03:35:00-05:00,1.3939156107414261,SL,0.0002,-1.0,-1.2583,-1258.27
2021-03-11 03:45:00-05:00,LONG,Retest,1.39487,1.3939114905868875,1.3954,2021-03-11 04:10:00-05:00,1.3954,TP,0.0002,0.5529,0.3443,344.28
2021-03-11 08:10:00-05:00,LONG,Breakout,1.39694,1.396158423900913,1.4016,2021-03-11 08:20:00-05:00,1.396158423900913,SL,0.0002,-1.0,-1.2559,-1255.89
2021-03-11 08:45:00-05:00,LONG,Breakout,1.39658,1.3961260514815792,1.4016,2021-03-11 08:50:00-05:00,1.3961260514815792,SL,0.0002,-1.0,-1.4406,-1440.58
2021-03-11 10:55:00-05:00,LONG,Retest,1.39675,1.3961125076017904,1.4016,2021-03-11 11:05:00-05:00,1.3961125076017904,SL,0.0002,-1.0,-1.3137,-1313.73
2021-03-11 13:00:00-05:00,LONG,Breakout,1.39837,1.3978662367560584,1.4016,2021-03-11 13:05:00-05:00,1.3978662367560584,SL,0.0002,-1.0,-1.397,-1397.01
2021-03-11 19:50:00-05:00,LONG,Breakout,1.39939,1.3992347701129095,1.4016,2021-03-11 20:25:00-05:00,1.3992347701129095,SL,0.0002,-1.0,-2.2884,-2288.41
2021-03-11 20:45:00-05:00,LONG,Retest,1.39946,1.3992276185538177,1.4016,2021-03-11 21:00:00-05:00,1.3992276185538177,SL,0.0002,-1.0,-1.8607,-1860.65
2021-03-16 04:55:00-04:00,SHORT,Breakout,1.38181,1.3821487037469236,1.38022,2021-03-16 05:05:00-04:00,1.3821487037469236,SL,0.0002,-1.0,-1.5905,-1590.49
2021-03-16 21:15:00-04:00,SHORT,Breakout,1.38818,1.3885966510598395,1.3868,2021-03-16 21:55:00-04:00,1.3885966510598395,SL,0.0002,-1.0,-1.48,-1480.02
2021-03-18 06:35:00-04:00,LONG,Breakout,1.39755,1.3971884472282892,1.40005,2021-03-18 06:40:00-04:00,1.3971884472282892,SL,0.0002,-1.0,-1.5532,-1553.17
2021-03-18 20:05:00-04:00,LONG,Bounce,1.39181,1.3915610320641092,1.39328,2021-03-18 20:10:00-04:00,1.3915610320641092,SL,0.0002,-1.0,-1.8033,-1803.32
2021-03-21 21:00:00-04:00,SHORT,Breakout,1.38272,1.3829427262343683,1.38083,2021-03-21 21:05:00-04:00,1.3829427262343683,SL,0.000194,-1.0,-1.871,-1871.02
2021-03-21 21:10:00-04:00,SHORT,Breakout,1.38249,1.382946840477593,1.38083,2021-03-21 22:05:00-04:00,1.382946840477593,SL,0.0002,-1.0,-1.4378,-1437.79
2021-03-22 09:00:00-04:00,SHORT,Breakout,1.3826,1.3840983043257327,1.38166,2021-03-22 10:45:00-04:00,1.3840983043257327,SL,0.0002,-1.0,-1.1335,-1133.48
2021-03-22 20:20:00-04:00,SHORT,Breakout,1.385,1.3854617188060054,1.3820299999999999,2021-03-23 04:25:00-04:00,1.3820299999999999,TP,0.0002,6.4325,5.9993,5999.32
2021-03-23 04:25:00-04:00,SHORT,Breakout,1.38083,1.3822506884779233,1.38022,2021-03-23 04:30:00-04:00,1.38022,TP,0.0002,0.4294,0.2886,288.59
2021-03-23 19:20:00-04:00,SHORT,Breakout,1.37356,1.374027285349005,1.37302,2021-03-23 19:45:00-04:00,1.37302,TP,0.0002,1.1556,0.7276,727.61
2021-03-23 21:15:00-04:00,SHORT,Retest,1.37344,1.374045475337501,1.37228,2021-03-23 22:25:00-04:00,1.37228,TP,0.000204,1.9159,1.5789,1578.92
2021-03-24 03:20:00-04:00,SHORT,Breakout,1.36866,1.3701644670196067,1.36792,2021-03-24 03:25:00-04:00,1.36792,TP,0.0002,0.4919,0.3589,358.93
2021-03-25 02:00:00-04:00,SHORT,Breakout,1.3685100000000001,1.3696263183957473,1.3678,2021-03-25 03:00:00-04:00,1.3678,TP,0.0002,0.636,0.4569,456.86
2021-03-26 03:05:00-04:00,SHORT,Breakout,1.37436,1.3756587804072797,1.37277,2021-03-26 03:35:00-04:00,1.3756587804072797,SL,0.0002,-1.0,-1.154,-1153.99
2021-03-26 04:00:00-04:00,SHORT,Bounce,1.37664,1.3770764793072683,1.37277,2021-03-26 04:05:00-04:00,1.3770764793072683,SL,0.0002,-1.0,-1.4582,-1458.21
2021-03-26 08:05:00-04:00,SHORT,Breakout,1.37591,1.3766155090597714,1.37409,2021-03-26 08:35:00-04:00,1.3766155090597714,SL,0.0002,-1.0,-1.2835,-1283.48
2021-03-26 14:05:00-04:00,SHORT,Breakout,1.3780999999999999,1.3784897915127245,1.37503,2021-03-26 14:25:00-04:00,1.3784897915127245,SL,0.0002,-1.0,-1.5131,-1513.09
2021-03-26 14:25:00-04:00,SHORT,Retest,1.37827,1.378483131700201,1.37503,2021-03-26 14:30:00-04:00,1.378483131700201,SL,0.0002,-1.0,-1.9384,-1938.39
2021-03-28 20:50:00-04:00,SHORT,Breakout,1.3771499999999999,1.3775994826908973,1.37503,2021-03-28 21:00:00-04:00,1.3775994826908973,SL,0.0002,-1.0,-1.445,-1444.96
2021-03-28 21:35:00-04:00,SHORT,Retest,1.3772199999999999,1.3776130922635592,1.37503,2021-03-28 21:40:00-04:00,1.3776130922635592,SL,0.0002,-1.0,-1.5088,-1508.79
2021-03-29 07:35:00-04:00,SHORT,Bounce,1.38347,1.38418285074012,1.3755600000000001,2021-03-29 07:50:00-04:00,1.38418285074012,SL,0.0002,-1.0,-1.2806,-1280.56
2021-03-29 09:35:00-04:00,SHORT,Breakout,1.38178,1.3821970435384203,1.3755600000000001,2021-03-29 14:50:00-04:00,1.3755600000000001,TP,0.0002,14.9145,14.4349,14434.94
2021-03-30 01:45:00-04:00,SHORT,Breakout,1.37695,1.3771418829566056,1.37674,2021-03-30 01:55:00-04:00,1.37674,TP,0.0002,1.0944,0.0521,52.12
2021-03-30 02:55:00-04:00,SHORT,Breakout,1.3752499999999999,1.3772124706949034,1.37409,2021-03-30 04:35:00-04:00,1.3772124706949034,SL,0.0002,-1.0,-1.1019,-1101.91
2021-03-30 06:50:00-04:00,SHORT,Breakout,1.37445,1.3754766326342183,1.37411,2021-03-30 07:20:00-04:00,1.3754766326342183,SL,0.0002,-1.0,-1.1948,-1194.81
2021-03-30 08:25:00-04:00,SHORT,Retest,1.37452,1.3755040679341755,1.37277,2021-03-30 09:30:00-04:00,1.37277,TP,0.0002,1.7783,1.5751,1575.09
2021-03-30 17:55:00-04:00,SHORT,Bounce,1.3734600000000001,1.3741421258546254,1.37232,2021-03-30 18:25:00-04:00,1.3741421258546254,SL,0.000618,-1.0,-1.906,-1905.99
2021-03-31 20:50:00-04:00,SHORT,Bounce,1.37818,1.3787308210582223,1.37705,2021-03-31 20:55:00-04:00,1.3787308210582223,SL,0.0002,-1.0,-1.3631,-1363.09
2021-04-02 01:15:00-04:00,LONG,Breakout,1.38494,1.384834513887103,1.38519,2021-04-02 01:20:00-04:00,1.384834513887103,SL,0.000216,-1.0,-3.0477,-3047.66
2021-04-06 07:50:00-04:00,LONG,Bounce,1.3824,1.3820243801141332,1.39177,2021-04-06 12:50:00-04:00,1.3820243801141332,SL,0.0002,-1.0,-1.5325,-1532.45
2021-04-06 20:10:00-04:00,LONG,Breakout,1.38262,1.3824423516035083,1.38331,2021-04-06 20:55:00-04:00,1.38331,TP,0.000192,3.8841,2.8033,2803.29
2021-04-08 04:00:00-04:00,SHORT,Breakout,1.37509,1.375387717739508,1.37316,2021-04-08 04:05:00-04:00,1.375387717739508,SL,0.000202,-1.0,-1.6785,-1678.5
2021-04-08 06:15:00-04:00,SHORT,Retest,1.37457,1.3753992598673117,1.37179,2021-04-08 07:35:00-04:00,1.3753992598673117,SL,0.00024,-1.0,-1.2894,-1289.41
2021-04-08 10:55:00-04:00,SHORT,Breakout,1.37302,1.3738926225425796,1.37179,2021-04-08 11:10:00-04:00,1.3738926225425796,SL,0.00023,-1.0,-1.2636,-1263.57
2021-04-08 23:00:00-04:00,SHORT,Breakout,1.3731,1.373297373013855,1.37209,2021-04-08 23:25:00-04:00,1.373297373013855,SL,0.000232,-1.0,-2.1754,-2175.44
2021-04-11 21:25:00-04:00,SHORT,Breakout,1.36989,1.370258290097413,1.3691900000000001,2021-04-11 21:30:00-04:00,1.3691900000000001,TP,0.00023,1.9007,1.2762,1276.17
2021-04-12 01:55:00-04:00,SHORT,Bounce,1.36898,1.3694025688879392,1.3667500000000001,2021-04-12 02:15:00-04:00,1.3694025688879392,SL,0.000234,-1.0,-1.5538,-1553.76
2021-04-12 14:20:00-04:00,SHORT,Breakout,1.3736,1.3737447218829522,1.37305,2021-04-12 14:35:00-04:00,1.3737447218829522,SL,0.000232,-1.0,-2.6031,-2603.07
2021-04-12 21:20:00-04:00,SHORT,Breakout,1.3728500000000001,1.3732879280903056,1.3667500000000001,2021-04-12 21:25:00-04:00,1.3732879280903056,SL,0.000236,-1.0,-1.5389,-1538.9
2021-04-13 03:00:00-04:00,SHORT,Bounce,1.37419,1.3743947024080516,1.37247,2021-04-13 03:05:00-04:00,1.3743947024080516,SL,0.00023,-1.0,-2.1236,-2123.58
2021-04-13 08:45:00-04:00,SHORT,Breakout,1.37277,1.3740239210644165,1.3667500000000001,2021-04-13 09:35:00-04:00,1.3740239210644165,SL,0.000232,-1.0,-1.185,-1185.02
2021-04-13 10:30:00-04:00,SHORT,Retest,1.3733,1.374046143062544,1.36927,2021-04-13 11:55:00-04:00,1.374046143062544,SL,0.00023,-1.0,-1.3083,-1308.25
2021-04-18 20:05:00-04:00,LONG,Bounce,1.3820700000000001,1.3815679473253073,1.38317,2021-04-18 20:55:00-04:00,1.3815679473253073,SL,0.00024,-1.0,-1.478,-1478.04
2021-04-19 03:45:00-04:00,LONG,Breakout,1.38683,1.386537764752648,1.39177,2021-04-19 06:55:00-04:00,1.39177,TP,0.00024,16.9042,16.0829,16082.93
2021-04-19 06:55:00-04:00,LONG,Breakout,1.39174,1.3898971575794143,1.39337,2021-04-19 08:05:00-04:00,1.39337,TP,0.00023,0.8845,0.7597,759.7
2021-04-19 19:40:00-04:00,LONG,Breakout,1.39905,1.3989376831586555,1.39928,2021-04-19 19:45:00-04:00,1.3989376831586555,SL,0.00021,-1.0,-2.8697,-2869.71
2021-04-19 19:55:00-04:00,LONG,Breakout,1.39904,1.3989370961733114,1.39928,2021-04-19 20:00:00-04:00,1.39928,TP,0.00023,2.3323,0.0972,97.18
2021-04-19 22:05:00-04:00,LONG,Retest,1.39911,1.398913858297409,1.39933,2021-04-19 22:20:00-04:00,1.39933,TP,0.000242,1.1216,-0.1122,-112.16
2021-04-20 20:15:00-04:00,LONG,Breakout,1.39444,1.3940504282202217,1.3954,2021-04-20 20:20:00-04:00,1.3940504282202217,SL,0.000256,-1.0,-1.6571,-1657.13
2021-04-20 20:30:00-04:00,LONG,Breakout,1.39432,1.3940467619532897,1.3954,2021-04-20 20:50:00-04:00,1.3940467619532897,SL,0.000244,-1.0,-1.893,-1892.99
2021-04-21 20:45:00-04:00,LONG,Breakout,1.3938,1.3931374425499612,1.39416,2021-04-21 22:10:00-04:00,1.39416,TP,0.00022,0.5433,0.2113,211.3
2021-04-22 20:55:00-04:00,LONG,Breakout,1.38448,1.3842618523367234,1.38574,2021-04-22 21:00:00-04:00,1.3842618523367234,SL,0.00022,-1.0,-2.0085,-2008.49
2021-04-23 03:05:00-04:00,LONG,Breakout,1.38733,1.386364609316545,1.39177,2021-04-23 04:30:00-04:00,1.386364609316545,SL,0.000224,-1.0,-1.232,-1232.03
2021-04-23 04:40:00-04:00,LONG,Retest,1.3866399999999999,1.386339530572438,1.38898,2021-04-23 05:10:00-04:00,1.386339530572438,SL,0.000224,-1.0,-1.7455,-1745.5
2021-04-26 03:00:00-04:00,LONG,Breakout,1.39189,1.3904422141271187,1.39449,2021-04-26 04:35:00-04:00,1.3904422141271187,SL,0.000222,-1.0,-1.1533,-1153.34
2021-04-26 14:55:00-04:00,LONG,Breakout,1.39051,1.3902848410213395,1.3928099999999999,2021-04-26 15:00:00-04:00,1.3902848410213395,SL,0.00022,-1.0,-1.9771,-1977.09
2021-04-26 20:10:00-04:00,LONG,Breakout,1.38999,1.3898866568447295,1.39072,2021-04-26 20:15:00-04:00,1.3898866568447295,SL,0.000244,-1.0,-3.3611,-3361.07
2021-04-28 02:05:00-04:00,LONG,Breakout,1.38836,1.3882458648224267,1.3905699999999999,2021-04-28 02:10:00-04:00,1.3882458648224267,SL,0.00022,-1.0,-2.9275,-2927.54
2021-04-28 02:10:00-04:00,LONG,Breakout,1.38869,1.3882410173351105,1.3905699999999999,2021-04-28 02:20:00-04:00,1.3882410173351105,SL,0.000222,-1.0,-1.4945,-1494.45
2021-04-28 09:40:00-04:00,LONG,Breakout,1.38846,1.388100430071779,1.38959,2021-04-28 10:00:00-04:00,1.38959,TP,0.00022,3.1426,2.5308,2530.8
2021-04-28 14:10:00-04:00,LONG,Bounce,1.39072,1.3904422769223703,1.39175,2021-04-28 14:20:00-04:00,1.39175,TP,0.00022,3.7087,2.9166,2916.57
2021-04-28 20:05:00-04:00,LONG,Breakout,1.39567,1.3953877932677339,1.39723,2021-04-28 20:10:00-04:00,1.3953877932677339,SL,0.00023,-1.0,-1.815,-1815.01
2021-04-28 20:20:00-04:00,LONG,Retest,1.39572,1.3953888680062723,1.39723,2021-04-28 20:30:00-04:00,1.3953888680062723,SL,0.00023,-1.0,-1.6946,-1694.59
2021-04-29 09:20:00-04:00,LONG,Bounce,1.3949,1.3939917188551574,1.39686,2021-04-29 10:00:00-04:00,1.3939917188551574,SL,0.00022,-1.0,-1.2422,-1242.22
2021-04-29 19:40:00-04:00,LONG,Breakout,1.39505,1.3949010642582078,1.3955,2021-04-29 19:45:00-04:00,1.3949010642582078,SL,0.00024,-1.0,-2.6114,-2611.43
2021-04-29 20:40:00-04:00,LONG,Breakout,1.39509,1.3948942231804773,1.3955,2021-04-29 20:45:00-04:00,1.3948942231804773,SL,0.000234,-1.0,-2.1952,-2195.24
2021-04-29 20:55:00-04:00,LONG,Breakout,1.3952,1.3948825547840775,1.3955,2021-04-29 21:00:00-04:00,1.3955,TP,0.000222,0.945,0.2457,245.71
2021-04-29 22:15:00-04:00,LONG,Retest,1.39505,1.3948925910733991,1.39569,2021-04-29 22:25:00-04:00,1.3948925910733991,SL,0.000246,-1.0,-2.5628,-2562.81
2021-04-29 23:35:00-04:00,LONG,Bounce,1.39426,1.394120546829918,1.39569,2021-04-30 01:00:00-04:00,1.394120546829918,SL,0.000242,-1.0,-2.7353,-2735.35
2021-04-30 08:15:00-04:00,LONG,Bounce,1.39039,1.3898426286304881,1.39224,2021-04-30 08:30:00-04:00,1.3898426286304881,SL,0.00022,-1.0,-1.4019,-1401.92
2021-05-03 01:00:00-04:00,SHORT,Breakout,1.38145,1.3815867012744385,1.38107,2021-05-03 01:05:00-04:00,1.3815867012744385,SL,0.00022,-1.0,-2.6093,-2609.35
2021-05-03 02:55:00-04:00,SHORT,Bounce,1.38231,1.3827372676955338,1.38001,2021-05-03 03:05:00-04:00,1.3827372676955338,SL,0.000228,-1.0,-1.5336,-1533.62
2021-05-03 17:55:00-04:00,SHORT,Bounce,1.39071,1.3910785578475782,1.38651,2021-05-04 03:05:00-04:00,1.38651,TP,0.00064,11.3958,9.6593,9659.27
2021-05-05 00:00:00-04:00,LONG,Breakout,1.3911,1.3909310770482606,1.39136,2021-05-05 00:15:00-04:00,1.3909310770482606,SL,0.000218,-1.0,-2.2905,-2290.53
2021-05-05 02:30:00-04:00,LONG,Bounce,1.38922,1.3884646246281926,1.39134,2021-05-05 03:50:00-04:00,1.3884646246281926,SL,0.000222,-1.0,-1.2939,-1293.89
2021-05-05 06:20:00-04:00,LONG,Breakout,1.39218,1.3911741630368963,1.39306,2021-05-05 06:55:00-04:00,1.3911741630368963,SL,0.000226,-1.0,-1.2247,-1224.69
2021-05-06 07:00:00-04:00,LONG,Bounce,1.39131,1.389090700995407,1.39218,2021-05-06 07:05:00-04:00,1.39218,TP,0.00022,0.392,0.2929,292.89
2021-05-06 07:05:00-04:00,LONG,Breakout,1.39343,1.3919656509243066,1.3945699999999999,2021-05-06 07:25:00-04:00,1.3919656509243066,SL,0.000222,-1.0,-1.1516,-1151.6
2021-05-06 15:25:00-04:00,LONG,Breakout,1.38934,1.3890996238366828,1.391,2021-05-06 15:30:00-04:00,1.3890996238366828,SL,0.00022,-1.0,-1.9152,-1915.23
2021-05-06 15:50:00-04:00,LONG,Retest,1.38956,1.389098463384292,1.391,2021-05-06 16:15:00-04:00,1.389098463384292,SL,0.00022,-1.0,-1.4767,-1476.67
2021-05-06 20:00:00-04:00,LONG,Breakout,1.3897,1.389547607971509,1.391,2021-05-06 20:10:00-04:00,1.389547607971509,SL,0.000228,-1.0,-2.4961,-2496.14
2021-05-07 08:30:00-04:00,LONG,Breakout,1.39634,1.3922082625358172,1.39755,2021-05-07 09:05:00-04:00,1.3922082625358172,SL,0.00022,-1.0,-1.0532,-1053.25
2021-05-10 01:15:00-04:00,LONG,Breakout,1.4043999999999999,1.4042335416194305,1.4050500000000001,2021-05-10 01:30:00-04:00,1.4050500000000001,TP,0.000224,3.9049,2.5592,2559.2
2021-05-10 02:00:00-04:00,LONG,Breakout,1.40482,1.4042238919390508,1.41808,2021-05-13 02:15:00-04:00,1.4042238919390508,SL,0.000226,-1.0,-1.3791,-1379.13
2021-05-14 02:20:00-04:00,LONG,Bounce,1.40463,1.4040112318219498,1.40615,2021-05-14 02:40:00-04:00,1.40615,TP,0.000218,2.4565,2.1042,2104.18
2021-05-14 06:50:00-04:00,LONG,Breakout,1.40777,1.4069947829471487,1.41521,2021-05-14 06:55:00-04:00,1.4069947829471487,SL,0.000212,-1.0,-1.2735,-1273.47
2021-05-14 07:25:00-04:00,LONG,Retest,1.4076,1.4069939108532477,1.41521,2021-05-14 07:30:00-04:00,1.4069939108532477,SL,0.000214,-1.0,-1.3531,-1353.08
2021-05-14 14:10:00-04:00,LONG,Breakout,1.40987,1.40967373329813,1.41098,2021-05-14 14:15:00-04:00,1.40967373329813,SL,0.000214,-1.0,-2.0904,-2090.35
2021-05-17 02:05:00-04:00,LONG,Breakout,1.40906,1.4088709329135547,1.4092500000000001,2021-05-17 02:10:00-04:00,1.4088709329135547,SL,0.000212,-1.0,-2.1213,-2121.3
2021-05-17 10:55:00-04:00,LONG,Breakout,1.41163,1.4110505706128496,1.41521,2021-05-17 20:15:00-04:00,1.41521,TP,0.00021,6.1785,5.8161,5816.07
2021-05-18 02:10:00-04:00,LONG,Breakout,1.4179,1.4176221686469712,1.41946,2021-05-18 02:30:00-04:00,1.4176221686469712,SL,0.00022,-1.0,-1.7918,-1791.85
2021-05-18 02:40:00-04:00,LONG,Breakout,1.41836,1.4176077684466504,1.41946,2021-05-18 03:25:00-04:00,1.41946,TP,0.000212,1.4623,1.1805,1180.49
2021-05-18 22:40:00-04:00,LONG,Bounce,1.41837,1.4181896995513374,1.41998,2021-05-18 22:45:00-04:00,1.4181896995513374,SL,0.00023,-1.0,-2.2756,-2275.65
2021-05-19 01:45:00-04:00,LONG,Breakout,1.4196,1.4194001184077647,1.41998,2021-05-19 01:50:00-04:00,1.4194001184077647,SL,0.000222,-1.0,-2.1107,-2110.66
2021-05-19 02:40:00-04:00,LONG,Bounce,1.41852,1.4181669601276372,1.41998,2021-05-19 02:45:00-04:00,1.4181669601276372,SL,0.00021,-1.0,-1.5948,-1594.83
2021-05-19 03:00:00-04:00,LONG,Bounce,1.41916,1.4181480094285048,1.41995,2021-05-19 03:40:00-04:00,1.4181480094285048,SL,0.000212,-1.0,-1.2095,-1209.49
2021-05-19 09:40:00-04:00,LONG,Breakout,1.417,1.416391548354491,1.41865,2021-05-19 10:05:00-04:00,1.416391548354491,SL,0.00021,-1.0,-1.3451,-1345.14
2021-05-19 10:10:00-04:00,LONG,Bounce,1.41506,1.414261261781522,1.41865,2021-05-19 10:20:00-04:00,1.414261261781522,SL,0.00021,-1.0,-1.2629,-1262.91
2021-05-19 20:30:00-04:00,LONG,Breakout,1.41153,1.4113239935207427,1.41247,2021-05-19 20:40:00-04:00,1.4113239935207427,SL,0.00023,-1.0,-2.1165,-2116.47
2021-05-19 20:40:00-04:00,LONG,Breakout,1.41173,1.4113201984949262,1.41247,2021-05-19 21:05:00-04:00,1.4113201984949262,SL,0.000218,-1.0,-1.532,-1531.96
2021-05-19 21:30:00-04:00,LONG,Bounce,1.41086,1.4102032278513803,1.41247,2021-05-19 22:25:00-04:00,1.4102032278513803,SL,0.000226,-1.0,-1.3441,-1344.11
2021-05-20 02:05:00-04:00,LONG,Breakout,1.41187,1.4114537442370598,1.41247,2021-05-20 02:15:00-04:00,1.41247,TP,0.000218,1.4414,0.9177,917.71
2021-05-20 02:50:00-04:00,LONG,Retest,1.41196,1.411434121942708,1.41697,2021-05-20 04:45:00-04:00,1.411434121942708,SL,0.000212,-1.0,-1.4031,-1403.14
2021-05-20 14:15:00-04:00,LONG,Breakout,1.41868,1.4181614660906563,1.41988,2021-05-20 14:40:00-04:00,1.4181614660906563,SL,0.00021,-1.0,-1.405,-1404.99
2021-05-20 19:50:00-04:00,LONG,Bounce,1.4184999999999999,1.4183571498616914,1.4193,2021-05-20 19:55:00-04:00,1.4183571498616914,SL,0.000232,-1.0,-2.6241,-2624.08
2021-05-20 20:05:00-04:00,LONG,Bounce,1.4186,1.418352407524102,1.4193,2021-05-20 20:40:00-04:00,1.418352407524102,SL,0.000218,-1.0,-1.8805,-1880.48
2021-05-23 20:00:00-04:00,LONG,Bounce,1.41397,1.4136866516013322,1.41458,2021-05-23 20:10:00-04:00,1.41458,TP,0.00022,2.1528,1.3764,1376.4
2021-05-23 20:10:00-04:00,LONG,Breakout,1.41493,1.4145106944929853,1.41592,2021-05-23 20:30:00-04:00,1.4145106944929853,SL,0.00023,-1.0,-1.5485,-1548.53
2021-05-24 01:05:00-04:00,LONG,Breakout,1.41517,1.4149109273949854,1.41592,2021-05-24 02:20:00-04:00,1.41592,TP,0.000218,2.8949,2.0535,2053.48
2021-05-24 02:45:00-04:00,LONG,Retest,1.41533,1.414879626773465,1.41726,2021-05-24 03:00:00-04:00,1.414879626773465,SL,0.000212,-1.0,-1.4707,-1470.72
2021-05-24 07:55:00-04:00,LONG,Bounce,1.41226,1.4116536498585697,1.41706,2021-05-24 21:05:00-04:00,1.41706,TP,0.00021,7.9162,7.5699,7569.88
2021-05-24 23:10:00-04:00,LONG,Breakout,1.4175499999999999,1.4174217579871038,1.4207,2021-05-25 01:40:00-04:00,1.4174217579871038,SL,0.000222,-1.0,-2.7311,-2731.1
2021-05-25 02:00:00-04:00,LONG,Bounce,1.4177,1.4175293990815707,1.41844,2021-05-25 02:05:00-04:00,1.4175293990815707,SL,0.000212,-1.0,-2.2427,-2242.67
2021-05-25 02:20:00-04:00,LONG,Breakout,1.4188100000000001,1.418354772104559,1.4207,2021-05-25 03:25:00-04:00,1.4207,TP,0.000212,4.1518,3.6861,3686.07
2021-05-27 07:05:00-04:00,LONG,Breakout,1.41574,1.4136959589331253,1.41748,2021-05-27 07:10:00-04:00,1.41748,TP,0.00021,0.8513,0.7485,748.52
2021-05-28 03:20:00-04:00,LONG,Bounce,1.41764,1.4172909821250241,1.41991,2021-05-28 04:10:00-04:00,1.41991,TP,0.00021,6.504,5.9023,5902.28
2021-05-28 07:00:00-04:00,LONG,Bounce,1.41771,1.4171164518281494,1.42044,2021-05-28 07:15:00-04:00,1.4171164518281494,SL,0.00021,-1.0,-1.3538,-1353.8
2021-05-28 10:55:00-04:00,LONG,Breakout,1.41763,1.4163089258706216,1.42044,2021-05-31 04:45:00-04:00,1.4163089258706216,SL,0.00021,-1.0,-1.159,-1158.96
2021-05-31 10:50:00-04:00,LONG,Breakout,1.41879,1.4184152250269444,1.41905,2021-05-31 10:55:00-04:00,1.41905,TP,0.00021,0.6937,0.1334,133.41
2021-05-31 14:10:00-04:00,LONG,Bounce,1.42057,1.4202266680575868,1.42166,2021-05-31 14:45:00-04:00,1.4202266680575868,SL,0.000308,-1.0,-1.8971,-1897.09
2021-05-31 18:30:00-04:00,LONG,Breakout,1.42164,1.4214201593484355,1.42183,2021-05-31 18:40:00-04:00,1.4214201593484355,SL,0.000216,-1.0,-1.9825,-1982.53
2021-05-31 19:15:00-04:00,LONG,Breakout,1.42153,1.4214373296579192,1.42183,2021-05-31 19:20:00-04:00,1.42183,TP,0.000232,3.2373,0.7338,733.78
2021-05-31 19:20:00-04:00,LONG,Breakout,1.42232,1.4214289489680678,1.42325,2021-05-31 21:10:00-04:00,1.42325,TP,0.00022,1.0437,0.7968,796.81
2021-06-01 00:30:00-04:00,LONG,Bounce,1.42332,1.423186811398164,1.42427,2021-06-01 00:40:00-04:00,1.423186811398164,SL,0.000212,-1.0,-2.5917,-2591.73
2021-06-01 00:45:00-04:00,LONG,Bounce,1.42329,1.423176747318428,1.42427,2021-06-01 01:00:00-04:00,1.423176747318428,SL,0.000212,-1.0,-2.8719,-2871.92
2021-06-01 15:30:00-04:00,LONG,Bounce,1.41552,1.4153420189208104,1.41912,2021-06-01 16:15:00-04:00,1.4153420189208104,SL,0.00021,-1.0,-2.1799,-2179.9
2021-06-03 06:00:00-04:00,LONG,Breakout,1.4197600000000001,1.418519123291134,1.42424,2021-06-03 06:35:00-04:00,1.418519123291134,SL,0.00021,-1.0,-1.1692,-1169.24
2021-06-03 19:35:00-04:00,LONG,Breakout,1.411,1.4108081691914738,1.41934,2021-06-03 19:45:00-04:00,1.4108081691914738,SL,0.000232,-1.0,-2.2094,-2209.4
2021-06-03 19:50:00-04:00,LONG,Retest,1.41092,1.4108111318198497,1.41934,2021-06-03 19:55:00-04:00,1.4108111318198497,SL,0.000238,-1.0,-3.1861,-3186.13
2021-06-08 02:15:00-04:00,LONG,Bounce,1.4157600000000001,1.4156191390002584,1.41836,2021-06-08 02:20:00-04:00,1.4156191390002584,SL,0.000212,-1.0,-2.505,-2505.03
2021-06-08 14:25:00-04:00,LONG,Breakout,1.41535,1.4151523632600855,1.41578,2021-06-08 14:45:00-04:00,1.41578,TP,0.00021,2.1757,1.1132,1113.15
2021-06-08 20:55:00-04:00,LONG,Breakout,1.41585,1.4154516181892218,1.41635,2021-06-08 21:30:00-04:00,1.4154516181892218,SL,0.000226,-1.0,-1.5673,-1567.29
2021-06-10 03:10:00-04:00,SHORT,Breakout,1.4091,1.4101221199839828,1.40819,2021-06-10 03:25:00-04:00,1.40819,TP,0.00021,0.8903,0.6849,684.85
2021-06-10 05:35:00-04:00,SHORT,Retest,1.40982,1.4101374981631956,1.40754,2021-06-10 06:55:00-04:00,1.4101374981631956,SL,0.00021,-1.0,-1.6614,-1661.42
2021-06-10 20:35:00-04:00,SHORT,Breakout,1.41689,1.4169945059783877,1.41593,2021-06-10 20:40:00-04:00,1.4169945059783877,SL,0.000216,-1.0,-3.0669,-3066.87
2021-06-10 23:00:00-04:00,SHORT,Bounce,1.4177,1.4178009975320651,1.41593,2021-06-10 23:05:00-04:00,1.4178009975320651,SL,0.000216,-1.0,-3.1387,-3138.67
2021-06-10 23:05:00-04:00,SHORT,Bounce,1.41764,1.4177992119940606,1.41593,2021-06-10 23:45:00-04:00,1.4177992119940606,SL,0.00022,-1.0,-2.3818,-2381.81
2021-06-11 01:30:00-04:00,LONG,Breakout,1.41841,1.4182584999093804,1.4188,2021-06-11 01:35:00-04:00,1.4182584999093804,SL,0.00021,-1.0,-2.3861,-2386.14
2021-06-16 20:10:00-04:00,SHORT,Breakout,1.39726,1.3980036046987219,1.39704,2021-06-16 20:15:00-04:00,1.39704,TP,0.000218,0.2959,0.0027,2.69
2021-06-16 20:50:00-04:00,SHORT,Breakout,1.39773,1.3980107261726633,1.39172,2021-06-16 21:00:00-04:00,1.3980107261726633,SL,0.00021,-1.0,-1.7481,-1748.06
2021-06-17 02:05:00-04:00,SHORT,Breakout,1.39839,1.3991162872045049,1.39698,2021-06-17 02:15:00-04:00,1.3991162872045049,SL,0.00021,-1.0,-1.2891,-1289.14
2021-06-17 02:15:00-04:00,SHORT,Breakout,1.3985,1.399128492538578,1.39698,2021-06-17 02:25:00-04:00,1.399128492538578,SL,0.00021,-1.0,-1.3341,-1334.13
2021-06-17 03:10:00-04:00,SHORT,Breakout,1.39761,1.3982206691005457,1.39698,2021-06-17 03:30:00-04:00,1.39698,TP,0.00021,1.0317,0.6878,687.77
2021-06-17 04:20:00-04:00,SHORT,Breakout,1.39794,1.398243420085155,1.39172,2021-06-17 04:25:00-04:00,1.398243420085155,SL,0.00021,-1.0,-1.6921,-1692.11
2021-06-17 05:10:00-04:00,SHORT,Retest,1.39776,1.3982265316964597,1.39651,2021-06-17 05:40:00-04:00,1.3982265316964597,SL,0.00021,-1.0,-1.4501,-1450.13
2021-06-17 20:55:00-04:00,SHORT,Bounce,1.39325,1.3934861529734643,1.39096,2021-06-17 21:30:00-04:00,1.3934861529734643,SL,0.000224,-1.0,-1.9485,-1948.54
2021-06-18 08:00:00-04:00,SHORT,Breakout,1.38822,1.389022484592869,1.38687,2021-06-18 08:10:00-04:00,1.38687,TP,0.00021,1.6823,1.4206,1420.59
2021-06-22 01:55:00-04:00,SHORT,Breakout,1.38931,1.390084446621519,1.38655,2021-06-22 02:00:00-04:00,1.390084446621519,SL,0.000192,-1.0,-1.2479,-1247.92
2021-06-22 02:10:00-04:00,SHORT,Breakout,1.38988,1.3901075434502468,1.38655,2021-06-22 02:15:00-04:00,1.3901075434502468,SL,0.000188,-1.0,-1.8262,-1826.22
2021-06-22 02:20:00-04:00,SHORT,Breakout,1.38994,1.3901111063423046,1.38655,2021-06-22 02:25:00-04:00,1.3901111063423046,SL,0.000214,-1.0,-2.2507,-2250.68
2021-06-22 03:05:00-04:00,SHORT,Breakout,1.38895,1.3892346450836057,1.38655,2021-06-22 03:15:00-04:00,1.3892346450836057,SL,0.000212,-1.0,-1.7448,-1744.79
2021-06-22 03:45:00-04:00,SHORT,Breakout,1.38884,1.3892499996676537,1.38655,2021-06-22 04:35:00-04:00,1.38655,TP,0.00021,5.5854,5.0732,5073.17
2021-06-22 20:00:00-04:00,SHORT,Breakout,1.3944,1.3948003176810315,1.39268,2021-06-22 20:10:00-04:00,1.3948003176810315,SL,0.0002,-1.0,-1.4996,-1499.6
2021-06-22 20:15:00-04:00,SHORT,Breakout,1.39438,1.3948127193677937,1.39268,2021-06-22 21:45:00-04:00,1.39268,TP,0.000218,3.9286,3.4249,3424.85
2021-06-23 07:50:00-04:00,SHORT,Bounce,1.39686,1.3972364318951045,1.39524,2021-06-23 07:55:00-04:00,1.3972364318951045,SL,0.00021,-1.0,-1.5579,-1557.87
2021-06-23 20:20:00-04:00,SHORT,Bounce,1.39656,1.3967372713172694,1.39553,2021-06-23 21:10:00-04:00,1.39553,TP,0.000226,5.8103,4.5354,4535.42
2021-06-23 21:10:00-04:00,SHORT,Breakout,1.39524,1.3956003704223967,1.39506,2021-06-23 21:20:00-04:00,1.3956003704223967,SL,0.000228,-1.0,-1.6327,-1632.68
2021-06-23 21:30:00-04:00,SHORT,Breakout,1.39504,1.3956033133494916,1.39234,2021-06-23 21:40:00-04:00,1.3956033133494916,SL,0.000212,-1.0,-1.3763,-1376.34
2021-06-23 23:50:00-04:00,SHORT,Retest,1.39532,1.3955836495063674,1.39502,2021-06-24 00:00:00-04:00,1.3955836495063674,SL,0.000238,-1.0,-1.9027,-1902.71
2021-06-24 01:55:00-04:00,SHORT,Bounce,1.39558,1.3962076752443513,1.39516,2021-06-24 02:00:00-04:00,1.39516,TP,0.000214,0.6691,0.3282,328.2
2021-06-24 07:00:00-04:00,SHORT,Breakout,1.39142,1.3950995428416921,1.38791,2021-06-25 14:20:00-04:00,1.38791,TP,0.00021,0.9539,0.8969,896.85
2021-06-27 21:25:00-04:00,SHORT,Breakout,1.38789,1.3882982802948534,1.38703,2021-06-27 21:50:00-04:00,1.3882982802948534,SL,0.000214,-1.0,-1.5241,-1524.15
2021-06-27 22:20:00-04:00,SHORT,Retest,1.38789,1.3882893181552245,1.38703,2021-06-27 22:45:00-04:00,1.3882893181552245,SL,0.000214,-1.0,-1.5359,-1535.91
2021-06-28 01:30:00-04:00,SHORT,Bounce,1.38946,1.389602855755128,1.3878300000000001,2021-06-28 01:50:00-04:00,1.389602855755128,SL,0.000218,-1.0,-2.526,-2526.01
2021-06-28 14:55:00-04:00,SHORT,Breakout,1.38773,1.388017851131451,1.38751,2021-06-28 15:00:00-04:00,1.38751,TP,0.000212,0.7643,0.0278,27.79
2021-06-28 17:40:00-04:00,SHORT,Retest,1.38765,1.3880377541781261,1.38592,2021-06-28 17:45:00-04:00,1.3880377541781261,SL,0.000484,-1.0,-2.2482,-2248.21
2021-06-28 20:20:00-04:00,SHORT,Breakout,1.38663,1.3870706386405234,1.38592,2021-06-28 20:35:00-04:00,1.38592,TP,0.000214,1.6113,1.1256,1125.64
2021-06-29 07:05:00-04:00,SHORT,Breakout,1.38265,1.3836191200534127,1.37998,2021-06-29 07:35:00-04:00,1.3836191200534127,SL,0.000212,-1.0,-1.2188,-1218.76
2021-06-29 08:40:00-04:00,SHORT,Breakout,1.3819,1.3822109564530598,1.37998,2021-06-29 08:50:00-04:00,1.3822109564530598,SL,0.00021,-1.0,-1.6753,-1675.34
2021-06-29 14:55:00-04:00,SHORT,Bounce,1.38487,1.3851286269323593,1.3835899999999999,2021-06-29 17:00:00-04:00,1.3835899999999999,TP,0.00021,4.9492,4.1372,4137.23
2021-06-30 01:55:00-04:00,SHORT,Breakout,1.3845399999999999,1.3846758271998996,1.38419,2021-06-30 02:00:00-04:00,1.38419,TP,0.000222,2.5768,0.9424,942.37
2021-06-30 02:10:00-04:00,SHORT,Retest,1.38412,1.3846882880314064,1.38368,2021-06-30 02:25:00-04:00,1.3846882880314064,SL,0.000212,-1.0,-1.3731,-1373.05
2021-06-30 20:45:00-04:00,SHORT,Breakout,1.3814899999999999,1.3816657673522494,1.38001,2021-06-30 21:10:00-04:00,1.3816657673522494,SL,0.00022,-1.0,-2.2517,-2251.65
2021-07-01 01:15:00-04:00,SHORT,Breakout,1.38092,1.3811879082199952,1.38001,2021-07-01 01:30:00-04:00,1.3811879082199952,SL,0.000228,-1.0,-1.851,-1851.04
2021-07-01 02:00:00-04:00,SHORT,Breakout,1.3809,1.3811945317780991,1.38001,2021-07-01 02:10:00-04:00,1.3811945317780991,SL,0.000212,-1.0,-1.7198,-1719.79
2021-07-01 02:15:00-04:00,SHORT,Breakout,1.38082,1.3812032778121295,1.38001,2021-07-01 02:20:00-04:00,1.3812032778121295,SL,0.000216,-1.0,-1.5636,-1563.56
2021-07-01 02:35:00-04:00,SHORT,Retest,1.38074,1.3812090581422385,1.38001,2021-07-01 02:40:00-04:00,1.3812090581422385,SL,0.000216,-1.0,-1.4605,-1460.5
2021-07-01 02:55:00-04:00,SHORT,Bounce,1.38158,1.3822044302270011,1.38043,2021-07-01 03:10:00-04:00,1.3822044302270011,SL,0.00021,-1.0,-1.3363,-1336.31
2021-07-01 04:00:00-04:00,SHORT,Bounce,1.38134,1.3822419228762048,1.38043,2021-07-01 04:05:00-04:00,1.38043,TP,0.000212,1.009,0.7739,773.9
2021-07-02 02:00:00-04:00,SHORT,Breakout,1.37618,1.3764139808807645,1.37567,2021-07-02 02:05:00-04:00,1.3764139808807645,SL,0.000218,-1.0,-1.9317,-1931.7
2021-07-02 06:55:00-04:00,SHORT,Breakout,1.37386,1.3744082560442274,1.3715,2021-07-02 07:00:00-04:00,1.3744082560442274,SL,0.00021,-1.0,-1.383,-1383.03
2021-07-02 08:00:00-04:00,SHORT,Retest,1.37393,1.3744044871855372,1.37363,2021-07-02 08:10:00-04:00,1.3744044871855372,SL,0.000212,-1.0,-1.4468,-1446.8
2021-07-04 20:00:00-04:00,SHORT,Breakout,1.38244,1.3828581950862224,1.38186,2021-07-04 20:15:00-04:00,1.3828581950862224,SL,0.000232,-1.0,-1.5548,-1554.77
2021-07-04 20:15:00-04:00,SHORT,Retest,1.38244,1.382861047596367,1.38186,2021-07-04 20:50:00-04:00,1.38186,TP,0.000216,1.3775,0.8645,864.51
2021-07-04 23:55:00-04:00,SHORT,Breakout,1.38201,1.3821331270593837,1.38162,2021-07-05 00:00:00-04:00,1.3821331270593837,SL,0.000232,-1.0,-2.8842,-2884.23
2021-07-05 00:10:00-04:00,SHORT,Retest,1.38193,1.382132589704616,1.38162,2021-07-05 00:15:00-04:00,1.382132589704616,SL,0.000234,-1.0,-2.155,-2155.04
2021-07-05 10:00:00-04:00,SHORT,Breakout,1.38418,1.384545202038135,1.38283,2021-07-05 11:10:00-04:00,1.384545202038135,SL,0.000214,-1.0,-1.586,-1585.98
2021-07-05 18:25:00-04:00,SHORT,Bounce,1.38541,1.3858868401944793,1.38338,2021-07-05 20:20:00-04:00,1.3858868401944793,SL,0.000276,-1.0,-1.5788,-1578.81
2021-07-05 20:55:00-04:00,SHORT,Bounce,1.38565,1.3858077785965033,1.38501,2021-07-05 21:00:00-04:00,1.3858077785965033,SL,0.000238,-1.0,-2.5084,-2508.44
2021-07-06 03:55:00-04:00,SHORT,Breakout,1.38694,1.3876385110485787,1.38501,2021-07-06 04:30:00-04:00,1.38501,TP,0.00021,2.763,2.4624,2462.38
2021-07-06 09:05:00-04:00,SHORT,Breakout,1.38446,1.3847841750586862,1.38335,2021-07-06 09:30:00-04:00,1.38335,TP,0.00021,3.4241,2.7763,2776.28
2021-07-07 04:55:00-04:00,SHORT,Breakout,1.37786,1.3786214741797411,1.3771900000000001,2021-07-07 05:00:00-04:00,1.3786214741797411,SL,0.00021,-1.0,-1.2758,-1275.78
2021-07-07 18:55:00-04:00,SHORT,Bounce,1.38023,1.3803434056628412,1.37909,2021-07-07 19:00:00-04:00,1.3803434056628412,SL,0.00026,-1.0,-3.2927,-3292.65
2021-07-07 19:00:00-04:00,SHORT,Bounce,1.3801,1.3803441624012096,1.37909,2021-07-07 20:50:00-04:00,1.37909,TP,0.000238,4.1366,3.1618,3161.83
2021-07-07 20:55:00-04:00,SHORT,Breakout,1.37886,1.379145632107286,1.37528,2021-07-07 21:40:00-04:00,1.379145632107286,SL,0.000224,-1.0,-1.7842,-1784.23
2021-07-08 01:15:00-04:00,SHORT,Bounce,1.37812,1.3786360918888518,1.37734,2021-07-08 01:35:00-04:00,1.3786360918888518,SL,0.000226,-1.0,-1.4379,-1437.91
2021-07-08 02:30:00-04:00,SHORT,Breakout,1.37721,1.3777356882094671,1.37528,2021-07-08 03:35:00-04:00,1.3777356882094671,SL,0.000212,-1.0,-1.4033,-1403.28
2021-07-08 04:05:00-04:00,SHORT,Retest,1.37714,1.3777924040645384,1.37587,2021-07-08 04:15:00-04:00,1.3777924040645384,SL,0.00021,-1.0,-1.3219,-1321.89
2021-07-08 06:25:00-04:00,SHORT,Retest,1.37572,1.3760227580484574,1.37528,2021-07-08 06:30:00-04:00,1.3760227580484574,SL,0.00021,-1.0,-1.6936,-1693.62
2021-07-08 14:55:00-04:00,SHORT,Bounce,1.37736,1.3778931784183952,1.3753199999999999,2021-07-08 15:00:00-04:00,1.3778931784183952,SL,0.000208,-1.0,-1.3901,-1390.11
2021-07-08 20:15:00-04:00,SHORT,Bounce,1.37896,1.3792734513231737,1.37832,2021-07-08 20:35:00-04:00,1.37832,TP,0.000232,2.0418,1.3016,1301.64
2021-07-08 21:00:00-04:00,SHORT,Breakout,1.37816,1.3783994101751331,1.37671,2021-07-08 21:05:00-04:00,1.3783994101751331,SL,0.000214,-1.0,-1.8939,-1893.86
2021-07-08 21:25:00-04:00,SHORT,Retest,1.37801,1.3783991413141765,1.37671,2021-07-08 22:05:00-04:00,1.37671,TP,0.000218,3.3407,2.7805,2780.48
2021-07-09 01:05:00-04:00,SHORT,Bounce,1.37768,1.3781234086871068,1.37659,2021-07-09 01:25:00-04:00,1.3781234086871068,SL,0.000216,-1.0,-1.4871,-1487.14
2021-07-09 02:00:00-04:00,SHORT,Breakout,1.37648,1.3771798622700397,1.37607,2021-07-09 02:10:00-04:00,1.3771798622700397,SL,0.000218,-1.0,-1.3115,-1311.49
2021-07-09 02:50:00-04:00,SHORT,Retest,1.37636,1.3771895337523912,1.3753199999999999,2021-07-09 03:10:00-04:00,1.3771895337523912,SL,0.000222,-1.0,-1.2676,-1267.62
2021-07-14 20:15:00-04:00,SHORT,Breakout,1.38461,1.3851148757617924,1.38339,2021-07-14 21:10:00-04:00,1.38339,TP,0.00021,2.4164,2.0005,2000.49
2021-07-15 03:25:00-04:00,SHORT,Breakout,1.38191,1.3822174009028616,1.38144,2021-07-15 03:30:00-04:00,1.3822174009028616,SL,0.00019,-1.0,-1.6181,-1618.09
2021-07-16 02:00:00-04:00,SHORT,Breakout,1.38182,1.3823488478530863,1.38159,2021-07-16 02:05:00-04:00,1.38159,TP,0.000208,0.4349,0.0416,41.6
2021-07-16 02:15:00-04:00,SHORT,Retest,1.38196,1.3823511540572997,1.38039,2021-07-16 02:25:00-04:00,1.3823511540572997,SL,0.000202,-1.0,-1.5164,-1516.42
2021-07-16 02:30:00-04:00,SHORT,Breakout,1.3822,1.3823638955772186,1.38039,2021-07-16 02:50:00-04:00,1.38039,TP,0.000196,11.0436,9.8477,9847.73
2021-07-16 09:45:00-04:00,SHORT,Breakout,1.37962,1.3800588976583943,1.37904,2021-07-16 09:50:00-04:00,1.3800588976583943,SL,0.000192,-1.0,-1.4375,-1437.46
2021-07-16 14:00:00-04:00,SHORT,Breakout,1.37732,1.3775490482811787,1.37696,2021-07-16 14:05:00-04:00,1.3775490482811787,SL,0.000196,-1.0,-1.8557,-1855.71
2021-07-18 19:30:00-04:00,SHORT,Breakout,1.37565,1.3759372327625479,1.37544,2021-07-18 19:40:00-04:00,1.3759372327625479,SL,0.000224,-1.0,-1.7799,-1779.86
2021-07-18 20:05:00-04:00,SHORT,Breakout,1.37565,1.3759387224715507,1.37544,2021-07-18 20:20:00-04:00,1.37544,TP,0.000206,0.7273,0.0139,13.85
2021-07-19 01:45:00-04:00,SHORT,Breakout,1.3750499999999999,1.3752366839159351,1.3746,2021-07-19 01:50:00-04:00,1.3752366839159351,SL,0.000222,-1.0,-2.1892,-2189.18
2021-07-19 02:00:00-04:00,SHORT,Breakout,1.37503,1.3752397655114101,1.3746,2021-07-19 02:05:00-04:00,1.3752397655114101,SL,0.000196,-1.0,-1.9344,-1934.38
2021-07-19 02:25:00-04:00,SHORT,Breakout,1.37501,1.3752464661153612,1.3746,2021-07-19 02:30:00-04:00,1.3752464661153612,SL,0.000206,-1.0,-1.8712,-1871.16
2021-07-19 02:45:00-04:00,SHORT,Breakout,1.37503,1.3752489357746989,1.3746,2021-07-19 02:55:00-04:00,1.3752489357746989,SL,0.000202,-1.0,-1.9226,-1922.65
2021-07-19 04:35:00-04:00,SHORT,Breakout,1.37045,1.3712932336143424,1.36927,2021-07-19 05:05:00-04:00,1.3712932336143424,SL,0.000194,-1.0,-1.2301,-1230.07
2021-07-19 09:00:00-04:00,SHORT,Breakout,1.36951,1.370090940760083,1.3667500000000001,2021-07-19 09:10:00-04:00,1.370090940760083,SL,0.000192,-1.0,-1.3305,-1330.5
2021-07-19 19:45:00-04:00,SHORT,Breakout,1.3667799999999999,1.366935348752557,1.36539,2021-07-19 20:00:00-04:00,1.366935348752557,SL,0.000232,-1.0,-2.4934,-2493.41
2021-07-19 20:10:00-04:00,SHORT,Breakout,1.36679,1.366939182417265,1.36539,2021-07-19 20:15:00-04:00,1.366939182417265,SL,0.000214,-1.0,-2.4345,-2434.49
2021-07-19 20:55:00-04:00,SHORT,Breakout,1.36682,1.3669469284893763,1.36539,2021-07-19 21:00:00-04:00,1.3669469284893763,SL,0.000194,-1.0,-2.5284,-2528.42
2021-07-20 02:30:00-04:00,SHORT,Breakout,1.36565,1.3660991038303976,1.36539,2021-07-20 02:35:00-04:00,1.36539,TP,0.000198,0.5789,0.1381,138.05
2021-07-21 20:30:00-04:00,SHORT,Breakout,1.37015,1.3702899889237958,1.36701,2021-07-21 21:40:00-04:00,1.3702899889237958,SL,0.00019,-1.0,-2.3573,-2357.25
2021-07-23 02:00:00-04:00,SHORT,Breakout,1.37539,1.3755270412896257,1.37458,2021-07-23 02:05:00-04:00,1.3755270412896257,SL,0.000202,-1.0,-2.474,-2474.01
2021-07-23 02:10:00-04:00,SHORT,Breakout,1.37541,1.3755312039691159,1.37458,2021-07-23 02:15:00-04:00,1.3755312039691159,SL,0.000212,-1.0,-2.7491,-2749.12
2021-07-23 02:20:00-04:00,SHORT,Breakout,1.37537,1.375535691177452,1.37458,2021-07-23 02:30:00-04:00,1.375535691177452,SL,0.000206,-1.0,-2.2433,-2243.28
2021-07-23 02:45:00-04:00,SHORT,Retest,1.3750499999999999,1.3755414031213737,1.37458,2021-07-23 03:00:00-04:00,1.37458,TP,0.0002,0.9564,0.5494,549.45
2021-07-25 20:00:00-04:00,SHORT,Breakout,1.3752,1.3755271233634407,1.37426,2021-07-25 20:45:00-04:00,1.37426,TP,0.000224,2.8735,2.1888,2188.78
2021-07-26 17:55:00-04:00,SHORT,Bounce,1.38186,1.3822854847784243,1.38098,2021-07-26 18:00:00-04:00,1.3822854847784243,SL,0.000324,-1.0,-1.7615,-1761.48
2021-07-27 20:00:00-04:00,LONG,Breakout,1.38842,1.388256720431448,1.38931,2021-07-27 20:25:00-04:00,1.388256720431448,SL,0.00023,-1.0,-2.4086,-2408.63
2021-07-28 02:55:00-04:00,LONG,Bounce,1.3871,1.3862410636425184,1.38889,2021-07-28 03:10:00-04:00,1.38889,TP,0.000208,2.084,1.8418,1841.81
2021-07-28 03:35:00-04:00,LONG,Retest,1.38801,1.3874448734055747,1.38977,2021-07-28 03:45:00-04:00,1.3874448734055747,SL,0.000216,-1.0,-1.3822,-1382.22
2021-07-28 14:00:00-04:00,LONG,Bounce,1.38727,1.38428531147497,1.38861,2021-07-28 14:20:00-04:00,1.38861,TP,0.000246,0.449,0.3665,366.54
2021-07-29 03:00:00-04:00,LONG,Breakout,1.3942700000000001,1.39379538129507,1.39809,2021-07-29 03:55:00-04:00,1.39379538129507,SL,0.000224,-1.0,-1.472,-1471.96
2021-07-29 04:00:00-04:00,LONG,Breakout,1.39479,1.3937783850223235,1.39809,2021-07-30 01:20:00-04:00,1.3937783850223235,SL,0.000204,-1.0,-1.2017,-1201.66
2021-07-30 03:05:00-04:00,LONG,Breakout,1.3958,1.3949331176915634,1.397,2021-07-30 04:10:00-04:00,1.397,TP,0.000216,1.3843,1.1351,1135.1
2021-08-02 20:10:00-04:00,LONG,Breakout,1.38949,1.3891974457365759,1.3896899999999999,2021-08-02 20:20:00-04:00,1.3896899999999999,TP,0.000204,0.6836,-0.0137,-13.67
2021-08-02 20:50:00-04:00,LONG,Retest,1.38951,1.3891976138001267,1.39171,2021-08-02 20:55:00-04:00,1.3891976138001267,SL,0.000252,-1.0,-1.8067,-1806.69
2021-08-03 00:30:00-04:00,LONG,Breakout,1.3899,1.389524074632784,1.39171,2021-08-03 00:45:00-04:00,1.389524074632784,SL,0.000206,-1.0,-1.548,-1547.98
2021-08-03 02:10:00-04:00,LONG,Retest,1.38972,1.3895161749693639,1.3903400000000001,2021-08-03 02:15:00-04:00,1.3895161749693639,SL,0.000216,-1.0,-2.0597,-2059.73
2021-08-03 03:00:00-04:00,LONG,Breakout,1.3902,1.3898041050455576,1.39171,2021-08-03 03:10:00-04:00,1.3898041050455576,SL,0.000208,-1.0,-1.5254,-1525.39
2021-08-03 03:20:00-04:00,LONG,Retest,1.39045,1.389795380055346,1.39171,2021-08-03 03:45:00-04:00,1.39171,TP,0.000208,1.9248,1.607,1607.04
2021-08-03 09:30:00-04:00,LONG,Bounce,1.39083,1.3904861518697964,1.39379,2021-08-03 09:35:00-04:00,1.3904861518697964,SL,0.000196,-1.0,-1.57,-1570.02
2021-08-03 16:55:00-04:00,LONG,Bounce,1.39126,1.3906012737562363,1.39174,2021-08-03 17:00:00-04:00,1.3906012737562363,SL,0.00021,-1.0,-1.3188,-1318.8
2021-08-03 19:15:00-04:00,LONG,Breakout,1.3916,1.391435701123923,1.39174,2021-08-03 19:25:00-04:00,1.391435701123923,SL,0.000274,-1.0,-2.6677,-2667.69
2021-08-03 19:35:00-04:00,LONG,Breakout,1.3915199999999999,1.3914400844387849,1.39174,2021-08-03 19:40:00-04:00,1.3914400844387849,SL,0.000262,-1.0,-4.2785,-4278.46
2021-08-03 20:05:00-04:00,LONG,Bounce,1.39099,1.3907335680448152,1.39174,2021-08-03 20:25:00-04:00,1.3907335680448152,SL,0.000236,-1.0,-1.9203,-1920.32
2021-08-03 21:50:00-04:00,LONG,Breakout,1.39195,1.3915952355047185,1.39379,2021-08-04 02:45:00-04:00,1.39379,TP,0.000212,5.1865,4.589,4588.96
2021-08-05 01:05:00-04:00,LONG,Breakout,1.38936,1.389291830473116,1.3896600000000001,2021-08-05 01:15:00-04:00,1.389291830473116,SL,0.00024,-1.0,-4.5206,-4520.63
2021-08-05 02:55:00-04:00,LONG,Breakout,1.3897300000000001,1.3894409080492285,1.39046,2021-08-05 03:00:00-04:00,1.39046,TP,0.000216,2.5251,1.778,1777.98
2021-08-05 07:00:00-04:00,LONG,Bounce,1.39306,1.3903746385751892,1.39566,2021-08-05 08:50:00-04:00,1.3903746385751892,SL,0.000232,-1.0,-1.0864,-1086.39
2021-08-05 10:50:00-04:00,LONG,Retest,1.39413,1.3936522339001367,1.39566,2021-08-05 10:55:00-04:00,1.3936522339001367,SL,0.000192,-1.0,-1.4019,-1401.87
2021-08-05 16:55:00-04:00,LONG,Bounce,1.39261,1.3924418933296312,1.3932,2021-08-05 17:00:00-04:00,1.3924418933296312,SL,0.000208,-1.0,-2.2343,-2234.34
2021-08-06 02:50:00-04:00,LONG,Breakout,1.39223,1.3920923767021371,1.3930500000000001,2021-08-06 03:00:00-04:00,1.3920923767021371,SL,0.000204,-1.0,-2.4823,-2482.31
2021-08-06 03:15:00-04:00,LONG,Bounce,1.39161,1.3913286999592185,1.3930500000000001,2021-08-06 03:25:00-04:00,1.3930500000000001,TP,0.000208,5.1191,4.3797,4379.67
2021-08-11 02:00:00-04:00,SHORT,Breakout,1.38212,1.3825899491119555,1.38186,2021-08-11 02:10:00-04:00,1.3825899491119555,SL,0.000242,-1.0,-1.5149,-1514.95
2021-08-11 02:20:00-04:00,SHORT,Breakout,1.38243,1.3826016766604166,1.38186,2021-08-11 02:25:00-04:00,1.3826016766604166,SL,0.000204,-1.0,-2.1883,-2188.28
2021-08-11 03:05:00-04:00,SHORT,Retest,1.3822,1.3826116312816974,1.38202,2021-08-11 03:15:00-04:00,1.38202,TP,0.000198,0.4373,-0.0437,-43.73
2021-08-11 03:15:00-04:00,SHORT,Breakout,1.38195,1.3820878351357495,1.38029,2021-08-11 03:20:00-04:00,1.3820878351357495,SL,0.000204,-1.0,-2.48,-2480.03
2021-08-11 03:30:00-04:00,SHORT,Breakout,1.38194,1.3820891551724641,1.38029,2021-08-11 03:35:00-04:00,1.3820891551724641,SL,0.000222,-1.0,-2.4884,-2488.38
2021-08-11 20:55:00-04:00,SHORT,Bounce,1.38699,1.3871152904931061,1.38643,2021-08-11 21:00:00-04:00,1.3871152904931061,SL,0.000224,-1.0,-2.7878,-2787.85
2021-08-11 21:00:00-04:00,SHORT,Bounce,1.38693,1.387117198315027,1.38643,2021-08-11 21:25:00-04:00,1.38643,TP,0.00022,2.671,1.4957,1495.74
2021-08-11 21:25:00-04:00,SHORT,Breakout,1.38638,1.3864779796922067,1.38594,2021-08-11 21:30:00-04:00,1.3864779796922067,SL,0.000194,-1.0,-2.98,-2980.0
2021-08-11 22:15:00-04:00,SHORT,Retest,1.38629,1.3864788769228935,1.38594,2021-08-11 22:25:00-04:00,1.3864788769228935,SL,0.000234,-1.0,-2.2389,-2238.9
2021-08-13 02:00:00-04:00,SHORT,Breakout,1.38036,1.3808565178322858,1.3802400000000001,2021-08-13 02:15:00-04:00,1.3802400000000001,TP,0.000238,0.2417,-0.2377,-237.66
2021-08-13 03:05:00-04:00,SHORT,Retest,1.38032,1.3808836023277795,1.3794,2021-08-13 04:30:00-04:00,1.3794,TP,0.000196,1.6324,1.2846,1284.59
2021-08-13 04:50:00-04:00,SHORT,Breakout,1.37941,1.3797310162551983,1.37824,2021-08-13 04:55:00-04:00,1.3797310162551983,SL,0.000208,-1.0,-1.6479,-1647.94
2021-08-13 06:10:00-04:00,SHORT,Retest,1.37939,1.3797194821537548,1.37896,2021-08-13 06:20:00-04:00,1.3797194821537548,SL,0.000202,-1.0,-1.6131,-1613.08
2021-08-17 02:20:00-04:00,SHORT,Breakout,1.38117,1.3814067027017378,1.3791,2021-08-17 02:35:00-04:00,1.3814067027017378,SL,0.00022,-1.0,-1.9294,-1929.44
2021-08-17 03:40:00-04:00,SHORT,Retest,1.3808500000000001,1.38145222187249,1.37824,2021-08-17 08:00:00-04:00,1.37824,TP,0.000206,4.334,3.9919,3991.88
2021-08-17 08:30:00-04:00,SHORT,Breakout,1.37694,1.378565977931143,1.37404,2021-08-17 10:55:00-04:00,1.37404,TP,0.000204,1.7835,1.6581,1658.08
2021-08-17 19:00:00-04:00,SHORT,Bounce,1.3738000000000001,1.3741625933899317,1.37188,2021-08-17 20:05:00-04:00,1.3741625933899317,SL,0.000254,-1.0,-1.7005,-1700.51
2021-08-18 02:00:00-04:00,SHORT,Breakout,1.37327,1.3739018388450412,1.37188,2021-08-18 02:05:00-04:00,1.3739018388450412,SL,0.000238,-1.0,-1.3767,-1376.68
2021-08-18 06:45:00-04:00,SHORT,Bounce,1.3755600000000001,1.3762631990695404,1.37366,2021-08-18 07:55:00-04:00,1.3762631990695404,SL,0.000216,-1.0,-1.3072,-1307.17
2021-08-18 09:35:00-04:00,SHORT,Bounce,1.37595,1.3768932783695365,1.37465,2021-08-18 09:55:00-04:00,1.3768932783695365,SL,0.000194,-1.0,-1.2057,-1205.67
2021-08-19 02:00:00-04:00,SHORT,Breakout,1.3704100000000001,1.3711403431740472,1.36984,2021-08-19 02:50:00-04:00,1.36984,TP,0.000228,0.7805,0.4683,468.27
2021-08-19 03:20:00-04:00,SHORT,Retest,1.3706,1.3711775189760116,1.36895,2021-08-19 04:00:00-04:00,1.36895,TP,0.00019,2.857,2.5281,2528.06
2021-08-19 21:40:00-04:00,SHORT,Breakout,1.36255,1.3627110287125432,1.35951,2021-08-19 23:15:00-04:00,1.3627110287125432,SL,0.000226,-1.0,-2.4035,-2403.48
2021-08-20 02:45:00-04:00,SHORT,Breakout,1.36135,1.3618009974348515,1.35951,2021-08-20 02:50:00-04:00,1.3618009974348515,SL,0.00021,-1.0,-1.4656,-1465.63
2021-08-20 03:00:00-04:00,SHORT,Breakout,1.36152,1.3618068219257902,1.35951,2021-08-20 03:05:00-04:00,1.3618068219257902,SL,0.000206,-1.0,-1.7182,-1718.22
2021-08-20 03:15:00-04:00,SHORT,Breakout,1.36158,1.3618252324238196,1.35951,2021-08-20 03:20:00-04:00,1.3618252324238196,SL,0.000214,-1.0,-1.8726,-1872.64
2021-08-20 05:35:00-04:00,SHORT,Retest,1.3614,1.3618147644210374,1.36082,2021-08-20 06:25:00-04:00,1.3618147644210374,SL,0.000218,-1.0,-1.5256,-1525.6
2021-08-23 03:05:00-04:00,SHORT,Breakout,1.36407,1.3642916440180122,1.36053,2021-08-23 03:35:00-04:00,1.3642916440180122,SL,0.000208,-1.0,-1.9384,-1938.44
2021-08-23 15:50:00-04:00,SHORT,Bounce,1.37277,1.373133785091398,1.36844,2021-08-24 01:05:00-04:00,1.373133785091398,SL,0.000202,-1.0,-1.5553,-1555.27
2021-08-24 08:45:00-04:00,SHORT,Breakout,1.3707799999999999,1.3712357483463573,1.36927,2021-08-24 08:50:00-04:00,1.3712357483463573,SL,0.000198,-1.0,-1.4345,-1434.45
2021-08-24 09:30:00-04:00,SHORT,Breakout,1.37083,1.3712493382480009,1.36927,2021-08-24 09:35:00-04:00,1.3712493382480009,SL,0.000206,-1.0,-1.4913,-1491.25
2021-08-24 16:55:00-04:00,SHORT,Bounce,1.37279,1.3730951521136943,1.3725399999999999,2021-08-24 17:00:00-04:00,1.3725399999999999,TP,0.000208,0.8193,0.1393,139.27
2021-08-25 02:55:00-04:00,SHORT,Breakout,1.3707799999999999,1.3713280052613144,1.37054,2021-08-25 03:00:00-04:00,1.3713280052613144,SL,0.000198,-1.0,-1.3613,-1361.31
2021-08-25 07:05:00-04:00,SHORT,Breakout,1.37155,1.3721746407744162,1.37053,2021-08-25 08:30:00-04:00,1.37053,TP,0.0002,1.6329,1.3128,1312.75
2021-08-25 11:00:00-04:00,SHORT,Bounce,1.37247,1.3733469272566616,1.36958,2021-08-25 12:20:00-04:00,1.3733469272566616,SL,0.0002,-1.0,-1.2281,-1228.07
2021-08-25 17:55:00-04:00,SHORT,Breakout,1.37553,1.3757103987117265,1.3715,2021-08-25 18:00:00-04:00,1.3757103987117265,SL,0.000378,-1.0,-3.0954,-3095.36
2021-08-27 00:35:00-04:00,SHORT,Bounce,1.3695300000000001,1.3696851066802032,1.36891,2021-08-27 00:40:00-04:00,1.3696851066802032,SL,0.000244,-1.0,-2.5731,-2573.11
2021-08-27 01:05:00-04:00,SHORT,Bounce,1.36957,1.3696865517389074,1.36891,2021-08-27 01:10:00-04:00,1.3696865517389074,SL,0.00023,-1.0,-2.9734,-2973.37
2021-08-27 15:45:00-04:00,SHORT,Breakout,1.37607,1.3762837253848,1.37361,2021-08-27 15:50:00-04:00,1.3762837253848,SL,0.000254,-1.0,-2.1884,-2188.44
2021-09-01 01:50:00-04:00,SHORT,Bounce,1.3736,1.3738800298211804,1.37301,2021-09-01 01:55:00-04:00,1.3738800298211804,SL,0.00024,-1.0,-1.8571,-1857.05
2021-09-01 05:35:00-04:00,SHORT,Breakout,1.37452,1.3747414789357628,1.37303,2021-09-01 05:40:00-04:00,1.3747414789357628,SL,0.000238,-1.0,-2.0746,-2074.59
2021-09-01 07:00:00-04:00,SHORT,Bounce,1.37561,1.3758229705773661,1.37431,2021-09-01 07:40:00-04:00,1.3758229705773661,SL,0.000236,-1.0,-2.1081,-2108.13
2021-09-01 07:45:00-04:00,SHORT,Bounce,1.37562,1.37580489921963,1.37431,2021-09-01 07:50:00-04:00,1.37580489921963,SL,0.000236,-1.0,-2.2764,-2276.37
2021-09-01 14:35:00-04:00,SHORT,Breakout,1.37753,1.3777404746215776,1.3773,2021-09-01 14:50:00-04:00,1.3777404746215776,SL,0.00024,-1.0,-2.1403,-2140.28
2021-09-03 01:40:00-04:00,LONG,Breakout,1.38357,1.3834848448554173,1.38442,2021-09-03 01:50:00-04:00,1.3834848448554173,SL,0.000242,-1.0,-3.8419,-3841.87
2021-09-03 01:55:00-04:00,LONG,Breakout,1.3835600000000001,1.3834825576338745,1.38442,2021-09-03 02:00:00-04:00,1.3834825576338745,SL,0.000244,-1.0,-4.1507,-4150.73
2021-09-03 04:45:00-04:00,LONG,Breakout,1.3838300000000001,1.3836283226857211,1.38442,2021-09-03 04:55:00-04:00,1.3836283226857211,SL,0.00025,-1.0,-2.2396,-2239.6
2021-09-03 05:35:00-04:00,LONG,Retest,1.38387,1.3836241980992614,1.38442,2021-09-03 05:45:00-04:00,1.3836241980992614,SL,0.000246,-1.0,-2.0008,-2000.81
2021-09-03 08:30:00-04:00,LONG,Breakout,1.38524,1.3838811352207017,1.38711,2021-09-03 08:35:00-04:00,1.3838811352207017,SL,0.00024,-1.0,-1.1766,-1176.62
2021-09-03 08:45:00-04:00,LONG,Breakout,1.3845100000000001,1.3838352923031638,1.38711,2021-09-03 09:40:00-04:00,1.3838352923031638,SL,0.00023,-1.0,-1.3409,-1340.89
2021-09-03 10:55:00-04:00,LONG,Breakout,1.3869500000000001,1.3864178068441007,1.38771,2021-09-03 11:00:00-04:00,1.3864178068441007,SL,0.000236,-1.0,-1.4434,-1443.45
2021-09-06 04:15:00-04:00,LONG,Bounce,1.38429,1.383967923953337,1.3854600000000001,2021-09-06 04:30:00-04:00,1.383967923953337,SL,0.000234,-1.0,-1.7265,-1726.54
2021-09-06 07:55:00-04:00,LONG,Breakout,1.3844699999999999,1.3843271614412873,1.3854600000000001,2021-09-06 08:00:00-04:00,1.3843271614412873,SL,0.000236,-1.0,-2.6522,-2652.21
2021-09-06 14:50:00-04:00,LONG,Bounce,1.38304,1.3823433499891928,1.38457,2021-09-06 17:25:00-04:00,1.3823433499891928,SL,0.000284,-1.0,-1.4077,-1407.67
2021-09-06 20:05:00-04:00,LONG,Breakout,1.38394,1.3837989602508234,1.38457,2021-09-06 20:30:00-04:00,1.38457,TP,0.000232,4.4668,2.8219,2821.9
2021-09-07 09:35:00-04:00,LONG,Breakout,1.37893,1.3785066804933994,1.38236,2021-09-07 10:05:00-04:00,1.3785066804933994,SL,0.00025,-1.0,-1.5906,-1590.57
2021-09-07 11:50:00-04:00,LONG,Retest,1.37899,1.3785271389472233,1.3798599999999999,2021-09-07 12:10:00-04:00,1.3785271389472233,SL,0.00025,-1.0,-1.5401,-1540.12
2021-09-07 13:45:00-04:00,LONG,Breakout,1.37937,1.37912831974015,1.3798599999999999,2021-09-07 13:55:00-04:00,1.37912831974015,SL,0.00024,-1.0,-1.993,-1993.05
2021-09-13 08:00:00-04:00,LONG,Breakout,1.38319,1.383007286989412,1.38448,2021-09-13 08:25:00-04:00,1.383007286989412,SL,0.000242,-1.0,-2.3245,-2324.48
2021-09-13 09:25:00-04:00,LONG,Breakout,1.38416,1.3839091420517298,1.38448,2021-09-13 09:30:00-04:00,1.3839091420517298,SL,0.000238,-1.0,-1.9487,-1948.74
2021-09-13 10:55:00-04:00,LONG,Breakout,1.38474,1.384286341883223,1.38583,2021-09-13 11:05:00-04:00,1.384286341883223,SL,0.00023,-1.0,-1.507,-1506.99
2021-09-13 22:00:00-04:00,LONG,Breakout,1.38407,1.3838882468456892,1.385,2021-09-14 00:50:00-04:00,1.3838882468456892,SL,0.000248,-1.0,-2.3645,-2364.49
2021-09-14 01:35:00-04:00,LONG,Bounce,1.38421,1.3839425317709717,1.38475,2021-09-14 01:50:00-04:00,1.3839425317709717,SL,0.000254,-1.0,-1.9496,-1949.65
2021-09-14 08:30:00-04:00,LONG,Breakout,1.38948,1.387068194442178,1.39272,2021-09-14 10:00:00-04:00,1.387068194442178,SL,0.000234,-1.0,-1.097,-1097.02
2021-09-16 15:00:00-04:00,LONG,Breakout,1.37938,1.3787998108369603,1.38401,2021-09-16 15:45:00-04:00,1.3787998108369603,SL,0.00026,-1.0,-1.4481,-1448.13
2021-09-16 17:00:00-04:00,LONG,Retest,1.3792,1.3787954929511959,1.38014,2021-09-16 17:05:00-04:00,1.3787954929511959,SL,0.00077,-1.0,-2.9036,-2903.55
2021-09-19 21:05:00-04:00,SHORT,Breakout,1.37183,1.3722193546677783,1.37009,2021-09-19 22:20:00-04:00,1.37009,TP,0.00023,4.4689,3.8782,3878.21
2021-09-20 01:55:00-04:00,SHORT,Bounce,1.37103,1.371378019279308,1.37023,2021-09-20 02:05:00-04:00,1.37023,TP,0.000238,2.2987,1.6149,1614.85
2021-09-20 02:10:00-04:00,SHORT,Breakout,1.37008,1.3702888638325947,1.36992,2021-09-20 02:15:00-04:00,1.36992,TP,0.000234,0.766,-0.3543,-354.3
2021-09-20 21:35:00-04:00,SHORT,Bounce,1.36578,1.3663754803021155,1.36436,2021-09-20 21:45:00-04:00,1.3663754803021155,SL,0.000242,-1.0,-1.4064,-1406.39
2021-09-21 01:20:00-04:00,SHORT,Bounce,1.36708,1.3672736107965329,1.36612,2021-09-21 01:25:00-04:00,1.3672736107965329,SL,0.00023,-1.0,-2.188,-2187.95
2021-09-21 03:00:00-04:00,SHORT,Bounce,1.3664,1.3677206596391904,1.36612,2021-09-21 03:20:00-04:00,1.3677206596391904,SL,0.000236,-1.0,-1.1787,-1178.7
2021-09-21 08:10:00-04:00,SHORT,Breakout,1.36703,1.3676301326507536,1.36613,2021-09-21 08:15:00-04:00,1.3676301326507536,SL,0.000234,-1.0,-1.3899,-1389.91
2021-09-21 14:50:00-04:00,SHORT,Bounce,1.3660700000000001,1.36659628714431,1.3649,2021-09-21 15:00:00-04:00,1.36659628714431,SL,0.00023,-1.0,-1.437,-1437.02
2021-09-23 02:05:00-04:00,SHORT,Breakout,1.3634,1.363633920718443,1.36111,2021-09-23 02:10:00-04:00,1.363633920718443,SL,0.00023,-1.0,-1.9832,-1983.24
2021-09-23 22:10:00-04:00,SHORT,Breakout,1.3717,1.3719532318113932,1.37101,2021-09-23 22:30:00-04:00,1.3719532318113932,SL,0.000246,-1.0,-1.9714,-1971.44
2021-09-24 02:05:00-04:00,SHORT,Breakout,1.3713,1.3715833828735207,1.37101,2021-09-24 02:10:00-04:00,1.3715833828735207,SL,0.000234,-1.0,-1.8257,-1825.74
2021-09-24 03:00:00-04:00,SHORT,Breakout,1.37066,1.371612768639118,1.36531,2021-09-24 03:25:00-04:00,1.371612768639118,SL,0.000232,-1.0,-1.2435,-1243.5
2021-09-26 21:00:00-04:00,SHORT,Bounce,1.36674,1.3672708639853055,1.36613,2021-09-26 21:20:00-04:00,1.3672708639853055,SL,0.000184,-1.0,-1.3466,-1346.6
2021-09-27 02:25:00-04:00,SHORT,Breakout,1.36622,1.3664129015793876,1.36535,2021-09-27 02:35:00-04:00,1.3664129015793876,SL,0.000176,-1.0,-1.9124,-1912.38
2021-09-27 08:00:00-04:00,SHORT,Breakout,1.36848,1.3687552452762541,1.36572,2021-09-27 08:05:00-04:00,1.3687552452762541,SL,0.000168,-1.0,-1.6104,-1610.36
2021-09-27 08:45:00-04:00,SHORT,Bounce,1.37107,1.3714389234233721,1.36572,2021-09-27 09:55:00-04:00,1.3714389234233721,SL,0.00017,-1.0,-1.4608,-1460.8
2021-09-27 21:10:00-04:00,SHORT,Retest,1.369,1.369228215598044,1.36801,2021-09-27 21:45:00-04:00,1.369228215598044,SL,0.000192,-1.0,-1.8413,-1841.31
2021-09-28 03:00:00-04:00,SHORT,Breakout,1.36834,1.368815541133751,1.36801,2021-09-28 03:10:00-04:00,1.36801,TP,0.000176,0.6939,0.3238,323.84
2021-09-28 10:15:00-04:00,SHORT,Breakout,1.3525800000000001,1.353285223695765,1.35188,2021-09-28 10:20:00-04:00,1.353285223695765,SL,0.000168,-1.0,-1.2382,-1238.22
2021-09-28 18:25:00-04:00,SHORT,Bounce,1.3538000000000001,1.3539828277383497,1.35239,2021-09-28 19:20:00-04:00,1.3539828277383497,SL,0.000204,-1.0,-2.1158,-2115.8
2021-09-28 20:30:00-04:00,SHORT,Bounce,1.35386,1.353958834100346,1.35341,2021-09-28 20:35:00-04:00,1.353958834100346,SL,0.00017,-1.0,-2.7201,-2720.05
2021-09-29 07:05:00-04:00,SHORT,Breakout,1.34914,1.3500960349624644,1.34498,2021-09-29 09:30:00-04:00,1.34498,TP,0.000172,4.3513,4.1714,4171.4
2021-09-30 03:05:00-04:00,SHORT,Breakout,1.3422100000000001,1.3433529410552059,1.34145,2021-09-30 03:20:00-04:00,1.3433529410552059,SL,0.00017,-1.0,-1.1487,-1148.74
2021-10-01 02:05:00-04:00,SHORT,Bounce,1.34571,1.3460450505153003,1.34437,2021-10-01 02:20:00-04:00,1.34437,TP,0.000144,3.9994,3.5696,3569.61
2021-10-01 02:30:00-04:00,SHORT,Breakout,1.34478,1.3450959255462336,1.34318,2021-10-01 02:50:00-04:00,1.3450959255462336,SL,0.000156,-1.0,-1.4938,-1493.79
2021-10-01 03:00:00-04:00,SHORT,Breakout,1.3441,1.3451222209328557,1.34318,2021-10-01 03:20:00-04:00,1.3451222209328557,SL,0.000156,-1.0,-1.1526,-1152.61
2021-10-03 22:05:00-04:00,SHORT,Breakout,1.35339,1.3536719510819073,1.35244,2021-10-03 22:30:00-04:00,1.3536719510819073,SL,0.000164,-1.0,-1.5817,-1581.66
2021-10-04 03:20:00-04:00,SHORT,Bounce,1.35487,1.3552459230004943,1.35244,2021-10-04 03:45:00-04:00,1.3552459230004943,SL,0.000156,-1.0,-1.415,-1414.98
2021-10-05 02:50:00-04:00,SHORT,Bounce,1.36002,1.3606406601537975,1.35839,2021-10-05 03:15:00-04:00,1.3606406601537975,SL,0.00019,-1.0,-1.3061,-1306.13
2021-10-05 03:15:00-04:00,SHORT,Bounce,1.36046,1.3606644460241342,1.3584100000000001,2021-10-05 03:20:00-04:00,1.3606644460241342,SL,0.000168,-1.0,-1.8217,-1821.73
2021-10-05 09:05:00-04:00,SHORT,Breakout,1.36063,1.3617332340656918,1.3584100000000001,2021-10-05 09:50:00-04:00,1.3617332340656918,SL,0.00014,-1.0,-1.1269,-1126.9
2021-10-05 10:00:00-04:00,SHORT,Breakout,1.3612199999999999,1.3617741184516237,1.3584100000000001,2021-10-05 10:10:00-04:00,1.3617741184516237,SL,0.000138,-1.0,-1.249,-1249.04
2021-10-05 22:50:00-04:00,SHORT,Breakout,1.36108,1.3611943363720325,1.35991,2021-10-05 22:55:00-04:00,1.3611943363720325,SL,0.000192,-1.0,-2.6793,-2679.26
2021-10-06 01:15:00-04:00,SHORT,Breakout,1.36105,1.3611900110684194,1.3584100000000001,2021-10-06 01:25:00-04:00,1.3611900110684194,SL,0.000196,-1.0,-2.3999,-2399.89
2021-10-06 03:00:00-04:00,SHORT,Breakout,1.35921,1.359705841659417,1.3584100000000001,2021-10-06 03:10:00-04:00,1.3584100000000001,TP,0.000144,1.6134,1.323,1323.0
2021-10-06 10:00:00-04:00,SHORT,Breakout,1.35541,1.3560247486600192,1.3543,2021-10-06 10:05:00-04:00,1.3560247486600192,SL,0.000144,-1.0,-1.2342,-1234.24
2021-10-07 01:40:00-04:00,SHORT,Breakout,1.35748,1.3577087503532934,1.35525,2021-10-07 02:00:00-04:00,1.3577087503532934,SL,0.000182,-1.0,-1.7956,-1795.63
2021-10-07 02:20:00-04:00,SHORT,Bounce,1.35862,1.3587777008149915,1.35525,2021-10-07 02:25:00-04:00,1.3587777008149915,SL,0.000174,-1.0,-2.1034,-2103.36
2021-10-08 01:25:00-04:00,SHORT,Breakout,1.3603399999999999,1.3606577724711904,1.3584399999999999,2021-10-08 01:40:00-04:00,1.3606577724711904,SL,0.000178,-1.0,-1.5601,-1560.15
2021-10-08 08:45:00-04:00,SHORT,Bounce,1.36348,1.3638793529876359,1.35827,2021-10-08 08:50:00-04:00,1.3638793529876359,SL,0.00014,-1.0,-1.3506,-1350.57
2021-10-08 09:30:00-04:00,SHORT,Breakout,1.3611,1.3619916757680135,1.35827,2021-10-08 09:40:00-04:00,1.3619916757680135,SL,0.000148,-1.0,-1.166,-1165.98
2021-10-12 03:00:00-04:00,SHORT,Breakout,1.35903,1.3595027691823809,1.35801,2021-10-12 03:35:00-04:00,1.3595027691823809,SL,0.00018,-1.0,-1.3807,-1380.74
2021-10-12 09:45:00-04:00,SHORT,Breakout,1.35915,1.359617556305757,1.35678,2021-10-12 09:50:00-04:00,1.359617556305757,SL,0.000146,-1.0,-1.3123,-1312.26
2021-10-12 10:00:00-04:00,SHORT,Breakout,1.35853,1.3596298335290629,1.35678,2021-10-12 10:50:00-04:00,1.3596298335290629,SL,0.000144,-1.0,-1.1309,-1130.93
2021-10-14 02:10:00-04:00,LONG,Breakout,1.36738,1.3670774863176482,1.36758,2021-10-14 02:15:00-04:00,1.36758,TP,0.000172,0.6611,0.0926,92.56
2021-10-14 20:25:00-04:00,LONG,Bounce,1.367,1.3667588854503505,1.36756,2021-10-14 20:50:00-04:00,1.36756,TP,0.000162,2.3225,1.6507,1650.67
2021-10-15 01:05:00-04:00,LONG,Bounce,1.36842,1.3682532864927888,1.36905,2021-10-15 01:30:00-04:00,1.3682532864927888,SL,0.000142,-1.0,-1.8518,-1851.76
2021-10-15 02:50:00-04:00,LONG,Breakout,1.36909,1.3687054169179482,1.37183,2021-10-15 03:25:00-04:00,1.37183,TP,0.00016,7.1246,6.7086,6708.56
2021-10-15 10:35:00-04:00,LONG,Breakout,1.37643,1.3752565372055412,1.38062,2021-10-15 11:40:00-04:00,1.3752565372055412,SL,0.000148,-1.0,-1.1261,-1126.12
2021-10-18 01:35:00-04:00,LONG,Bounce,1.3728099999999999,1.372601535283443,1.37338,2021-10-18 01:45:00-04:00,1.372601535283443,SL,0.000156,-1.0,-1.7483,-1748.33
2021-10-18 02:35:00-04:00,LONG,Bounce,1.37307,1.372575085759076,1.37338,2021-10-18 02:40:00-04:00,1.372575085759076,SL,0.000162,-1.0,-1.3273,-1327.33
2021-10-18 03:10:00-04:00,LONG,Breakout,1.37391,1.3732745678156173,1.37421,2021-10-18 03:15:00-04:00,1.37421,TP,0.000142,0.4721,0.2486,248.65
2021-10-18 03:45:00-04:00,LONG,Retest,1.37371,1.3732825180943224,1.37642,2021-10-18 04:20:00-04:00,1.3732825180943224,SL,0.000172,-1.0,-1.4024,-1402.36
2021-10-18 08:20:00-04:00,LONG,Breakout,1.37431,1.3737304092142824,1.37463,2021-10-18 08:25:00-04:00,1.3737304092142824,SL,0.000158,-1.0,-1.2726,-1272.61
2021-10-19 18:00:00-04:00,LONG,Bounce,1.37921,1.3790786715991614,1.38119,2021-10-19 19:20:00-04:00,1.3790786715991614,SL,0.000184,-1.0,-2.4011,-2401.07
2021-10-19 21:05:00-04:00,LONG,Breakout,1.3798,1.3793711098869097,1.38119,2021-10-19 21:30:00-04:00,1.38119,TP,0.00019,3.2409,2.7979,2797.92
2021-10-20 13:10:00-04:00,LONG,Breakout,1.38243,1.3822474051526632,1.3833199999999999,2021-10-20 13:20:00-04:00,1.3822474051526632,SL,0.000186,-1.0,-2.0186,-2018.65
2021-10-20 13:50:00-04:00,LONG,Retest,1.38246,1.382259340129257,1.383,2021-10-20 14:10:00-04:00,1.383,TP,0.000154,2.6911,1.9237,1923.65
2021-10-20 21:35:00-04:00,LONG,Breakout,1.3827099999999999,1.3825909108440668,1.3834,2021-10-20 21:40:00-04:00,1.3825909108440668,SL,0.000158,-1.0,-2.3267,-2326.74
2021-10-20 22:35:00-04:00,LONG,Breakout,1.38293,1.38274489772999,1.3834,2021-10-20 22:50:00-04:00,1.38274489772999,SL,0.000172,-1.0,-1.9292,-1929.22
2021-10-21 20:00:00-04:00,LONG,Bounce,1.37903,1.378916739531951,1.38236,2021-10-21 20:10:00-04:00,1.378916739531951,SL,0.000152,-1.0,-2.342,-2342.04
2021-10-24 18:35:00-04:00,LONG,Breakout,1.3759299999999999,1.3756157140087202,1.37918,2021-10-24 19:35:00-04:00,1.3756157140087202,SL,0.000186,-1.0,-1.5918,-1591.82
2021-10-24 20:00:00-04:00,LONG,Breakout,1.37648,1.3763352056812952,1.37918,2021-10-24 21:25:00-04:00,1.3763352056812952,SL,0.000162,-1.0,-2.1188,-2118.83
2021-10-24 21:35:00-04:00,LONG,Breakout,1.37686,1.3763289898723572,1.37918,2021-10-24 21:50:00-04:00,1.3763289898723572,SL,0.000176,-1.0,-1.3314,-1331.44
2021-10-25 03:15:00-04:00,LONG,Breakout,1.3784100000000001,1.3782043586991761,1.37918,2021-10-25 03:20:00-04:00,1.3782043586991761,SL,0.000168,-1.0,-1.817,-1816.96
2021-10-25 08:55:00-04:00,LONG,Bounce,1.37472,1.3740454272252776,1.37743,2021-10-25 11:20:00-04:00,1.37743,TP,0.000152,4.0174,3.792,3792.03
2021-10-25 17:10:00-04:00,LONG,Bounce,1.37669,1.3761546481741518,1.3775,2021-10-25 18:40:00-04:00,1.3761546481741518,SL,0.000678,-1.0,-2.2665,-2266.46
2021-10-25 21:00:00-04:00,LONG,Bounce,1.37585,1.3757098245524886,1.37689,2021-10-25 21:20:00-04:00,1.37689,TP,0.00019,7.4193,6.0638,6063.83
2021-10-26 03:30:00-04:00,LONG,Breakout,1.37677,1.3764740810670004,1.37915,2021-10-26 03:40:00-04:00,1.3764740810670004,SL,0.000158,-1.0,-1.5339,-1533.93
2021-10-26 04:00:00-04:00,LONG,Retest,1.37701,1.3764675641440491,1.37872,2021-10-26 05:20:00-04:00,1.37872,TP,0.00019,3.1524,2.8022,2802.17
2021-10-26 10:00:00-04:00,LONG,Bounce,1.37977,1.3787936014850632,1.38287,2021-10-26 10:45:00-04:00,1.3787936014850632,SL,0.000172,-1.0,-1.1762,-1176.16
2021-10-26 16:55:00-04:00,LONG,Bounce,1.37632,1.3759607495091937,1.37664,2021-10-26 17:05:00-04:00,1.37664,TP,0.000155,0.8907,0.4593,459.29
2021-10-26 20:10:00-04:00,LONG,Breakout,1.37692,1.376779153711782,1.37706,2021-10-26 20:15:00-04:00,1.376779153711782,SL,0.000158,-1.0,-2.1218,-2121.79
2021-10-26 20:25:00-04:00,LONG,Breakout,1.37717,1.3767700651256505,1.38031,2021-10-26 20:50:00-04:00,1.3767700651256505,SL,0.000182,-1.0,-1.4551,-1455.07
2021-10-26 22:30:00-04:00,LONG,Retest,1.37702,1.3767606563266908,1.37738,2021-10-26 22:35:00-04:00,1.3767606563266908,SL,0.000188,-1.0,-1.7249,-1724.91
2021-10-27 02:50:00-04:00,LONG,Breakout,1.37753,1.3773805417600697,1.38031,2021-10-27 02:55:00-04:00,1.3773805417600697,SL,0.00017,-1.0,-2.1374,-2137.44
2021-10-27 08:10:00-04:00,LONG,Breakout,1.37426,1.3736181181364293,1.3780000000000001,2021-10-27 08:55:00-04:00,1.3736181181364293,SL,0.00017,-1.0,-1.2648,-1264.85
2021-10-27 09:45:00-04:00,LONG,Retest,1.37424,1.3736093962710467,1.37535,2021-10-27 09:50:00-04:00,1.3736093962710467,SL,0.00016,-1.0,-1.2537,-1253.73
2021-10-27 13:00:00-04:00,LONG,Breakout,1.3754,1.3750188508513816,1.3780000000000001,2021-10-27 13:30:00-04:00,1.3750188508513816,SL,0.000174,-1.0,-1.4565,-1456.51
2021-10-27 13:50:00-04:00,LONG,Retest,1.37534,1.3750485855319443,1.3780000000000001,2021-10-27 14:25:00-04:00,1.3750485855319443,SL,0.000186,-1.0,-1.6383,-1638.27
2021-10-29 01:45:00-04:00,LONG,Bounce,1.3788,1.3786033826520667,1.3798300000000001,2021-10-29 01:50:00-04:00,1.3786033826520667,SL,0.00022,-1.0,-2.1189,-2118.92
2021-10-29 02:00:00-04:00,LONG,Bounce,1.37884,1.3786029138799527,1.3798300000000001,2021-10-29 02:05:00-04:00,1.3786029138799527,SL,0.00022,-1.0,-1.9279,-1927.93
2021-10-31 20:50:00-04:00,SHORT,Breakout,1.36659,1.3674256786708203,1.36599,2021-10-31 20:55:00-04:00,1.3674256786708203,SL,0.000206,-1.0,-1.2465,-1246.51
2021-11-01 02:45:00-04:00,SHORT,Breakout,1.36681,1.3672312066045333,1.36647,2021-11-01 02:55:00-04:00,1.36647,TP,0.00019,0.8072,0.3561,356.12
2021-11-01 08:00:00-04:00,SHORT,Bounce,1.36715,1.3678211954159345,1.36406,2021-11-01 08:15:00-04:00,1.3678211954159345,SL,0.000196,-1.0,-1.292,-1292.02
2021-11-01 08:15:00-04:00,SHORT,Bounce,1.36716,1.3678204826271168,1.36406,2021-11-01 08:30:00-04:00,1.3678204826271168,SL,0.000182,-1.0,-1.2756,-1275.56
2021-11-01 17:20:00-04:00,SHORT,Bounce,1.3663,1.3664443151769772,1.3651900000000001,2021-11-01 17:25:00-04:00,1.3664443151769772,SL,0.00057,-1.0,-4.9497,-4949.69
2021-11-01 20:15:00-04:00,SHORT,Breakout,1.36497,1.3654020129742266,1.36406,2021-11-01 20:50:00-04:00,1.3654020129742266,SL,0.00021,-1.0,-1.4861,-1486.1
2021-11-01 20:50:00-04:00,SHORT,Breakout,1.36489,1.3654029067903621,1.36406,2021-11-01 22:40:00-04:00,1.3654029067903621,SL,0.000184,-1.0,-1.3587,-1358.74
2021-11-01 22:45:00-04:00,SHORT,Retest,1.36527,1.3653947637426456,1.36466,2021-11-01 22:50:00-04:00,1.3653947637426456,SL,0.000172,-1.0,-2.3786,-2378.61
2021-11-01 23:30:00-04:00,SHORT,Breakout,1.3646099999999999,1.3647239747249142,1.36406,2021-11-01 23:35:00-04:00,1.3647239747249142,SL,0.000194,-1.0,-2.7021,-2702.13
2021-11-02 02:10:00-04:00,SHORT,Breakout,1.36417,1.3645291198487537,1.3630900000000001,2021-11-02 02:15:00-04:00,1.3645291198487537,SL,0.00022,-1.0,-1.6126,-1612.61
2021-11-02 02:20:00-04:00,SHORT,Breakout,1.36414,1.364536526808364,1.3630900000000001,2021-11-02 02:30:00-04:00,1.364536526808364,SL,0.00021,-1.0,-1.5296,-1529.6
2021-11-03 02:30:00-04:00,SHORT,Bounce,1.36307,1.3633087561048507,1.36254,2021-11-03 03:00:00-04:00,1.36254,TP,0.000178,2.2198,1.4743,1474.31
2021-11-03 19:55:00-04:00,SHORT,Bounce,1.36928,1.3694027912795625,1.36413,2021-11-04 04:10:00-04:00,1.36413,TP,0.000194,41.9411,40.3612,40361.17
2021-11-04 08:00:00-04:00,SHORT,Breakout,1.35716,1.361779299897184,1.35525,2021-11-04 08:15:00-04:00,1.35525,TP,0.000186,0.4135,0.3732,373.22
2021-11-04 19:10:00-04:00,SHORT,Bounce,1.35011,1.3503721516001894,1.34938,2021-11-04 19:20:00-04:00,1.3503721516001894,SL,0.000182,-1.0,-1.6943,-1694.25
2021-11-04 20:30:00-04:00,SHORT,Breakout,1.34924,1.3494443297263379,1.3483399999999999,2021-11-04 20:45:00-04:00,1.3494443297263379,SL,0.000198,-1.0,-1.969,-1969.02
2021-11-04 21:00:00-04:00,SHORT,Breakout,1.3492899999999999,1.3494509966351254,1.3483399999999999,2021-11-04 22:00:00-04:00,1.3483399999999999,TP,0.000218,5.9007,4.5467,4546.68
2021-11-05 02:05:00-04:00,SHORT,Breakout,1.3489900000000001,1.3490920589052005,1.34836,2021-11-05 02:10:00-04:00,1.3490920589052005,SL,0.00023,-1.0,-3.2536,-3253.6
2021-11-05 04:00:00-04:00,SHORT,Breakout,1.34871,1.3489629259658042,1.34836,2021-11-05 04:05:00-04:00,1.34836,TP,0.000192,1.3838,0.6247,624.69
2021-11-07 20:40:00-05:00,SHORT,Retest,1.34798,1.3482285334252635,1.34758,2021-11-07 20:45:00-05:00,1.34758,TP,0.00023,1.6094,0.684,684.01
2021-11-08 02:55:00-05:00,SHORT,Bounce,1.34799,1.3485216947904295,1.3471899999999999,2021-11-08 03:10:00-05:00,1.3471899999999999,TP,0.000204,1.5046,1.1209,1120.94
2021-11-08 03:15:00-05:00,SHORT,Breakout,1.34606,1.347303149492645,1.34501,2021-11-08 03:25:00-05:00,1.34501,TP,0.000214,0.8446,0.6725,672.49
2021-11-09 08:35:00-05:00,SHORT,Breakout,1.35521,1.355689455299813,1.35465,2021-11-09 08:40:00-05:00,1.355689455299813,SL,0.000212,-1.0,-1.4422,-1442.17
2021-11-09 09:20:00-05:00,SHORT,Retest,1.35527,1.3557080408678865,1.35297,2021-11-09 09:30:00-05:00,1.3557080408678865,SL,0.000176,-1.0,-1.4018,-1401.79
2021-11-09 10:00:00-05:00,SHORT,Breakout,1.35409,1.3545484799433887,1.35297,2021-11-09 10:15:00-05:00,1.35297,TP,0.00019,2.4429,2.0284,2028.44
2021-11-09 19:20:00-05:00,SHORT,Bounce,1.35581,1.3559784311878051,1.3550499999999999,2021-11-09 20:25:00-05:00,1.3550499999999999,TP,0.0002,4.5122,3.3248,3324.8
2021-11-09 20:25:00-05:00,SHORT,Breakout,1.35455,1.3551094163286443,1.3523100000000001,2021-11-09 20:35:00-05:00,1.3551094163286443,SL,0.000192,-1.0,-1.3432,-1343.21
2021-11-10 00:05:00-05:00,SHORT,Breakout,1.3551199999999999,1.355281096880564,1.35453,2021-11-10 00:25:00-05:00,1.355281096880564,SL,0.0002,-1.0,-2.2415,-2241.49
2021-11-10 02:35:00-05:00,SHORT,Breakout,1.3547500000000001,1.3549198077436757,1.35453,2021-11-10 02:40:00-05:00,1.3549198077436757,SL,0.000222,-1.0,-2.3074,-2307.36
2021-11-10 03:15:00-05:00,SHORT,Breakout,1.3542,1.3549446617327645,1.3523100000000001,2021-11-10 04:15:00-05:00,1.3523100000000001,TP,0.00021,2.5381,2.2561,2256.06
2021-11-10 08:35:00-05:00,SHORT,Breakout,1.34839,1.3491720060959251,1.34741,2021-11-10 08:40:00-05:00,1.3491720060959251,SL,0.000166,-1.0,-1.2123,-1212.27
2021-11-10 20:05:00-05:00,SHORT,Breakout,1.3397999999999999,1.3400510224124034,1.3394599999999999,2021-11-10 20:10:00-05:00,1.3400510224124034,SL,0.00018,-1.0,-1.7171,-1717.07
2021-11-12 01:25:00-05:00,SHORT,Bounce,1.33693,1.3371199003689012,1.33587,2021-11-12 01:45:00-05:00,1.3371199003689012,SL,0.000174,-1.0,-1.9163,-1916.27
2021-11-12 06:50:00-05:00,SHORT,Bounce,1.33964,1.3400630147633616,1.33811,2021-11-12 07:25:00-05:00,1.3400630147633616,SL,0.00017,-1.0,-1.4019,-1401.88
2021-11-12 14:55:00-05:00,SHORT,Breakout,1.3413300000000001,1.341756625494577,1.33849,2021-11-12 15:05:00-05:00,1.341756625494577,SL,0.00018,-1.0,-1.4219,-1421.92
2021-11-15 02:30:00-05:00,SHORT,Breakout,1.34218,1.3428533296812917,1.34117,2021-11-15 02:45:00-05:00,1.3428533296812917,SL,0.000192,-1.0,-1.2852,-1285.15
2021-11-15 02:50:00-05:00,SHORT,Breakout,1.34256,1.3428560743707665,1.34117,2021-11-15 03:05:00-05:00,1.34117,TP,0.000192,4.6948,4.0463,4046.28
2021-11-15 09:05:00-05:00,SHORT,Breakout,1.34246,1.3427308357307441,1.34145,2021-11-15 09:20:00-05:00,1.3427308357307441,SL,0.000176,-1.0,-1.6498,-1649.84
2021-11-15 09:30:00-05:00,SHORT,Breakout,1.3421,1.3427417862924955,1.34145,2021-11-15 09:50:00-05:00,1.3427417862924955,SL,0.000188,-1.0,-1.2929,-1292.93
2021-11-15 15:30:00-05:00,SHORT,Breakout,1.34145,1.3416241647053588,1.34074,2021-11-15 17:00:00-05:00,1.34074,TP,0.000198,4.0766,2.9397,2939.75
2021-11-16 09:10:00-05:00,SHORT,Breakout,1.34241,1.3433043641879512,1.34159,2021-11-16 09:20:00-05:00,1.34159,TP,0.000162,0.9169,0.7357,735.72
2021-11-16 18:15:00-05:00,SHORT,Breakout,1.34207,1.3421978613947965,1.3418999999999999,2021-11-16 18:20:00-05:00,1.3421978613947965,SL,0.00018,-1.0,-2.4078,-2407.77
2021-11-18 00:05:00-05:00,SHORT,Breakout,1.34867,1.34900892790791,1.34836,2021-11-18 00:10:00-05:00,1.34836,TP,0.000212,0.9146,0.2891,289.15
2021-11-18 01:05:00-05:00,SHORT,Retest,1.34879,1.3490122668886686,1.34826,2021-11-18 01:20:00-05:00,1.3490122668886686,SL,0.000214,-1.0,-1.9628,-1962.81
2021-11-19 02:00:00-05:00,SHORT,Bounce,1.34982,1.3504349153972093,1.34801,2021-11-19 02:20:00-05:00,1.3504349153972093,SL,0.000232,-1.0,-1.3773,-1377.29
2021-11-22 02:15:00-05:00,SHORT,Bounce,1.3445,1.3446674174182107,1.34262,2021-11-22 02:20:00-05:00,1.3446674174182107,SL,0.000218,-1.0,-2.3021,-2302.13
2021-11-22 08:55:00-05:00,SHORT,Bounce,1.3444099999999999,1.3449749733541767,1.34294,2021-11-22 09:00:00-05:00,1.34294,TP,0.000188,2.6019,2.2691,2269.13
2021-11-22 09:00:00-05:00,SHORT,Breakout,1.34271,1.343083332400307,1.3418,2021-11-22 09:10:00-05:00,1.3418,TP,0.00017,2.4375,1.9821,1982.15
2021-11-22 14:55:00-05:00,SHORT,Breakout,1.33837,1.3385385759423345,1.33777,2021-11-22 15:00:00-05:00,1.3385385759423345,SL,0.000188,-1.0,-2.1152,-2115.22
2021-11-23 01:15:00-05:00,SHORT,Breakout,1.33825,1.3384967104695447,1.33777,2021-11-23 01:20:00-05:00,1.3384967104695447,SL,0.000214,-1.0,-1.8674,-1867.41
2021-11-23 02:05:00-05:00,SHORT,Breakout,1.3382,1.3385009962496621,1.33777,2021-11-23 02:20:00-05:00,1.3385009962496621,SL,0.000182,-1.0,-1.6047,-1604.66
2021-11-23 02:55:00-05:00,SHORT,Bounce,1.33969,1.3399122679631352,1.33777,2021-11-23 03:05:00-05:00,1.33777,TP,0.000204,8.6382,7.7204,7720.41
2021-11-23 03:10:00-05:00,SHORT,Retest,1.3378,1.338567737141038,1.33617,2021-11-23 03:15:00-05:00,1.338567737141038,SL,0.000208,-1.0,-1.2709,-1270.93
2021-11-23 20:15:00-05:00,SHORT,Bounce,1.33778,1.3380774212106106,1.33647,2021-11-23 20:50:00-05:00,1.3380774212106106,SL,0.000194,-1.0,-1.6523,-1652.27
2021-11-24 01:00:00-05:00,SHORT,Bounce,1.33798,1.3382375399400495,1.33682,2021-11-24 01:05:00-05:00,1.3382375399400495,SL,0.000166,-1.0,-1.6446,-1644.56
2021-11-24 03:15:00-05:00,SHORT,Breakout,1.33722,1.3375383036145359,1.33647,2021-11-24 03:30:00-05:00,1.3375383036145359,SL,0.000204,-1.0,-1.6409,-1640.9
2021-11-24 08:35:00-05:00,SHORT,Breakout,1.33408,1.3354581293559884,1.33374,2021-11-24 08:40:00-05:00,1.3354581293559884,SL,0.000164,-1.0,-1.119,-1119.0
2021-11-24 14:00:00-05:00,SHORT,Bounce,1.33242,1.3326279003493227,1.33182,2021-11-24 14:05:00-05:00,1.3326279003493227,SL,0.000198,-1.0,-1.9524,-1952.38
2021-11-25 02:50:00-05:00,SHORT,Bounce,1.33473,1.335107827004544,1.334,2021-11-25 03:00:00-05:00,1.335107827004544,SL,0.000168,-1.0,-1.4446,-1444.65
2021-11-25 03:00:00-05:00,SHORT,Bounce,1.3348200000000001,1.3351105855294283,1.334,2021-11-25 03:35:00-05:00,1.3351105855294283,SL,0.000196,-1.0,-1.6745,-1674.5
2021-11-25 03:55:00-05:00,SHORT,Breakout,1.33374,1.3342558343066828,1.3332600000000001,2021-11-25 04:10:00-05:00,1.3332600000000001,TP,0.000194,0.9305,0.5544,554.44
2021-11-25 08:10:00-05:00,SHORT,Breakout,1.33113,1.331574010040099,1.33029,2021-11-25 09:00:00-05:00,1.331574010040099,SL,0.000176,-1.0,-1.3964,-1396.39
2021-11-25 09:00:00-05:00,SHORT,Retest,1.33132,1.3315655352750195,1.33029,2021-11-25 10:15:00-05:00,1.3315655352750195,SL,0.000174,-1.0,-1.7087,-1708.66
2021-11-25 12:55:00-05:00,SHORT,Bounce,1.33206,1.3326221846683264,1.33073,2021-11-25 13:00:00-05:00,1.3326221846683264,SL,0.000216,-1.0,-1.3842,-1384.22
2021-11-25 19:10:00-05:00,SHORT,Breakout,1.33076,1.3310255279742877,1.33043,2021-11-25 19:15:00-05:00,1.3310255279742877,SL,0.000204,-1.0,-1.7683,-1768.28
2021-11-25 19:25:00-05:00,SHORT,Breakout,1.33052,1.3310296264429702,1.33029,2021-11-25 20:00:00-05:00,1.3310296264429702,SL,0.000176,-1.0,-1.3454,-1345.35
2021-11-26 03:00:00-05:00,SHORT,Breakout,1.32847,1.3296690403043647,1.3187,2021-11-26 03:20:00-05:00,1.3296690403043647,SL,0.00018,-1.0,-1.1501,-1150.12
2021-11-26 15:20:00-05:00,SHORT,Bounce,1.33365,1.3346734932951179,1.3318699999999999,2021-11-26 15:25:00-05:00,1.3346734932951179,SL,0.000434,-1.0,-1.424,-1424.04
2021-11-26 15:25:00-05:00,SHORT,Bounce,1.33323,1.3346839580597523,1.3318699999999999,2021-11-26 15:40:00-05:00,1.3346839580597523,SL,0.000672,-1.0,-1.4622,-1462.19
2021-11-29 00:30:00-05:00,SHORT,Bounce,1.33339,1.3337586881110883,1.33262,2021-11-29 00:40:00-05:00,1.3337586881110883,SL,0.0002,-1.0,-1.5425,-1542.46
2021-11-29 01:15:00-05:00,SHORT,Bounce,1.33345,1.333764578065827,1.33263,2021-11-29 01:40:00-05:00,1.333764578065827,SL,0.00016,-1.0,-1.5086,-1508.62
2021-11-29 02:10:00-05:00,SHORT,Breakout,1.33257,1.3327080954286528,1.33212,2021-11-29 02:15:00-05:00,1.3327080954286528,SL,0.000202,-1.0,-2.4628,-2462.76
2021-11-29 03:05:00-05:00,SHORT,Breakout,1.33192,1.3327252954725546,1.3306499999999999,2021-11-29 03:15:00-05:00,1.3327252954725546,SL,0.000188,-1.0,-1.2335,-1233.45
2021-11-29 17:30:00-05:00,SHORT,Bounce,1.33046,1.3308711164939095,1.32866,2021-11-29 17:40:00-05:00,1.3308711164939095,SL,0.00075,-1.0,-2.8243,-2824.3
2021-11-29 17:40:00-05:00,SHORT,Bounce,1.3305799999999999,1.3308699728952587,1.32866,2021-11-29 18:00:00-05:00,1.3308699728952587,SL,0.000362,-1.0,-2.2484,-2248.39
2021-11-30 01:10:00-05:00,SHORT,Breakout,1.33068,1.3309105030499744,1.3303099999999999,2021-11-30 01:15:00-05:00,1.3309105030499744,SL,0.000212,-1.0,-1.9197,-1919.73
2021-11-30 10:35:00-05:00,SHORT,Breakout,1.3327200000000001,1.3338375793973984,1.33102,2021-11-30 10:50:00-05:00,1.33102,TP,0.000148,1.5211,1.3887,1388.72
2021-11-30 20:50:00-05:00,SHORT,Breakout,1.32912,1.3294084759030518,1.31931,2021-11-30 21:00:00-05:00,1.3294084759030518,SL,0.000168,-1.0,-1.5824,-1582.37
2021-12-01 06:40:00-05:00,SHORT,Bounce,1.3320699999999999,1.3329701152770699,1.33,2021-12-01 08:55:00-05:00,1.3329701152770699,SL,0.000176,-1.0,-1.1955,-1195.53
2021-12-01 13:05:00-05:00,SHORT,Breakout,1.32957,1.3298885318944615,1.32754,2021-12-01 15:00:00-05:00,1.32754,TP,0.00014,6.373,5.9335,5933.47
2021-12-01 18:10:00-05:00,SHORT,Bounce,1.32789,1.3280514208319254,1.32614,2021-12-01 20:15:00-05:00,1.3280514208319254,SL,0.000374,-1.0,-3.3169,-3316.93
2021-12-02 02:25:00-05:00,SHORT,Breakout,1.32828,1.328486473379689,1.32705,2021-12-02 02:30:00-05:00,1.328486473379689,SL,0.000194,-1.0,-1.9396,-1939.59
2021-12-02 02:40:00-05:00,SHORT,Breakout,1.32796,1.3284952908218575,1.32705,2021-12-02 03:05:00-05:00,1.3284952908218575,SL,0.000182,-1.0,-1.34,-1340.0
2021-12-02 03:05:00-05:00,SHORT,Breakout,1.32819,1.3285027830984113,1.32705,2021-12-02 03:10:00-05:00,1.3285027830984113,SL,0.000178,-1.0,-1.5691,-1569.08
2021-12-02 08:55:00-05:00,SHORT,Breakout,1.33111,1.3316034125361658,1.32755,2021-12-02 09:55:00-05:00,1.3316034125361658,SL,0.00019,-1.0,-1.3851,-1385.07
2021-12-02 15:40:00-05:00,SHORT,Bounce,1.33018,1.3303640222632798,1.32886,2021-12-02 20:00:00-05:00,1.32886,TP,0.000178,7.173,6.2058,6205.77
2021-12-02 20:00:00-05:00,SHORT,Breakout,1.32874,1.3292681495052332,1.32755,2021-12-03 00:25:00-05:00,1.3292681495052332,SL,0.0002,-1.0,-1.3787,-1378.68
2021-12-03 01:55:00-05:00,SHORT,Breakout,1.32797,1.3282946574411862,1.32755,2021-12-03 02:20:00-05:00,1.32755,TP,0.00019,1.2937,0.7084,708.44
2021-12-03 06:00:00-05:00,SHORT,Breakout,1.32584,1.3268776493488026,1.31931,2021-12-03 06:25:00-05:00,1.3268776493488026,SL,0.000166,-1.0,-1.16,-1159.98
2021-12-03 08:30:00-05:00,SHORT,Bounce,1.3281800000000001,1.329035587827366,1.32531,2021-12-03 08:35:00-05:00,1.329035587827366,SL,0.000176,-1.0,-1.2057,-1205.71
2021-12-06 00:55:00-05:00,SHORT,Breakout,1.32293,1.3232706497985214,1.32266,2021-12-06 01:15:00-05:00,1.3232706497985214,SL,0.000198,-1.0,-1.5812,-1581.24
2021-12-06 01:25:00-05:00,SHORT,Breakout,1.3228900000000001,1.3232709586119717,1.32266,2021-12-06 01:35:00-05:00,1.32266,TP,0.000176,0.6037,0.1417,141.75
2021-12-06 02:20:00-05:00,SHORT,Retest,1.32291,1.3232814025402317,1.3207900000000001,2021-12-06 02:35:00-05:00,1.3232814025402317,SL,0.000196,-1.0,-1.5277,-1527.73
2021-12-06 09:30:00-05:00,SHORT,Breakout,1.32487,1.3252128357144377,1.32212,2021-12-06 09:50:00-05:00,1.3252128357144377,SL,0.000158,-1.0,-1.4609,-1460.86
2021-12-06 10:25:00-05:00,SHORT,Breakout,1.32498,1.3252200655098298,1.32212,2021-12-06 10:30:00-05:00,1.3252200655098298,SL,0.000152,-1.0,-1.6332,-1633.16
2021-12-07 02:10:00-05:00,SHORT,Breakout,1.32736,1.3278675089977283,1.32549,2021-12-07 02:25:00-05:00,1.3278675089977283,SL,0.000194,-1.0,-1.3823,-1382.26
2021-12-07 02:45:00-05:00,SHORT,Retest,1.32766,1.327874955196268,1.32549,2021-12-07 02:50:00-05:00,1.327874955196268,SL,0.000198,-1.0,-1.9211,-1921.12
2021-12-07 08:25:00-05:00,SHORT,Breakout,1.32364,1.3239096114243658,1.3229899999999999,2021-12-07 08:30:00-05:00,1.3229899999999999,TP,0.000152,2.4109,1.8471,1847.1
2021-12-07 10:40:00-05:00,SHORT,Retest,1.32336,1.323920040144689,1.3207900000000001,2021-12-07 10:45:00-05:00,1.323920040144689,SL,0.00019,-1.0,-1.3393,-1339.26
2021-12-08 01:40:00-05:00,SHORT,Breakout,1.32473,1.3248745872289134,1.32378,2021-12-08 01:50:00-05:00,1.3248745872289134,SL,0.0002,-1.0,-2.3832,-2383.25
2021-12-08 01:55:00-05:00,SHORT,Breakout,1.32476,1.3248801173986597,1.32378,2021-12-08 02:00:00-05:00,1.3248801173986597,SL,0.00017,-1.0,-2.4153,-2415.28
2021-12-08 03:20:00-05:00,SHORT,Retest,1.32424,1.324930616803379,1.32325,2021-12-08 03:50:00-05:00,1.32325,TP,0.000188,1.4335,1.1613,1161.28
2021-12-08 19:15:00-05:00,SHORT,Bounce,1.32062,1.320785247621267,1.31994,2021-12-08 19:35:00-05:00,1.320785247621267,SL,0.000184,-1.0,-2.1135,-2113.48
2021-12-08 20:20:00-05:00,SHORT,Breakout,1.31969,1.3200059509681268,1.31907,2021-12-08 20:40:00-05:00,1.3200059509681268,SL,0.000168,-1.0,-1.5317,-1531.73
2021-12-08 21:00:00-05:00,SHORT,Retest,1.31986,1.3200011326993502,1.31907,2021-12-08 21:05:00-05:00,1.3200011326993502,SL,0.00019,-1.0,-2.3463,-2346.25
2021-12-09 01:55:00-05:00,SHORT,Breakout,1.32043,1.3206271621017531,1.31924,2021-12-09 02:00:00-05:00,1.3206271621017531,SL,0.000168,-1.0,-1.8521,-1852.09
2021-12-09 02:05:00-05:00,SHORT,Breakout,1.32024,1.3206330836489606,1.31924,2021-12-09 02:10:00-05:00,1.3206330836489606,SL,0.0002,-1.0,-1.5088,-1508.8
2021-12-09 02:15:00-05:00,SHORT,Breakout,1.32032,1.3206389547789508,1.31924,2021-12-09 02:20:00-05:00,1.3206389547789508,SL,0.0002,-1.0,-1.627,-1627.05
2021-12-09 02:30:00-05:00,SHORT,Breakout,1.3201399999999999,1.3206500975398523,1.31924,2021-12-09 02:40:00-05:00,1.3206500975398523,SL,0.000184,-1.0,-1.3607,-1360.72
2021-12-09 04:15:00-05:00,SHORT,Retest,1.3204500000000001,1.3206876786416457,1.31914,2021-12-09 04:40:00-05:00,1.3206876786416457,SL,0.00017,-1.0,-1.7153,-1715.25
2021-12-09 07:00:00-05:00,SHORT,Breakout,1.31747,1.3178517556562976,1.3158699999999999,2021-12-09 07:05:00-05:00,1.3178517556562976,SL,0.000176,-1.0,-1.461,-1461.03
2021-12-09 08:30:00-05:00,SHORT,Bounce,1.32036,1.3209371310705404,1.31693,2021-12-09 08:40:00-05:00,1.3209371310705404,SL,0.000182,-1.0,-1.3154,-1315.35
2021-12-10 02:30:00-05:00,SHORT,Breakout,1.32127,1.3214980356098232,1.32062,2021-12-10 02:40:00-05:00,1.3214980356098232,SL,0.000198,-1.0,-1.8683,-1868.29
2021-12-10 03:00:00-05:00,SHORT,Breakout,1.32114,1.321500004087611,1.32062,2021-12-10 03:10:00-05:00,1.321500004087611,SL,0.0002,-1.0,-1.5555,-1555.55
2021-12-10 03:35:00-05:00,SHORT,Breakout,1.32114,1.321517137944599,1.32062,2021-12-10 03:45:00-05:00,1.32062,TP,0.000192,1.3788,0.8697,869.71
2021-12-10 08:50:00-05:00,SHORT,Bounce,1.32219,1.3230181865369093,1.31948,2021-12-10 08:55:00-05:00,1.3230181865369093,SL,0.000174,-1.0,-1.2101,-1210.1
2021-12-12 17:30:00-05:00,SHORT,Breakout,1.32538,1.325550571661065,1.32029,2021-12-12 17:35:00-05:00,1.325550571661065,SL,0.000542,-1.0,-4.1776,-4177.55
2021-12-12 19:25:00-05:00,SHORT,Retest,1.32535,1.3255325838405272,1.32458,2021-12-12 19:50:00-05:00,1.3255325838405272,SL,0.000198,-1.0,-2.0844,-2084.43
2021-12-12 20:20:00-05:00,SHORT,Bounce,1.32575,1.3259885596278633,1.32458,2021-12-12 20:45:00-05:00,1.3259885596278633,SL,0.000176,-1.0,-1.7378,-1737.76
2021-12-12 23:45:00-05:00,SHORT,Breakout,1.32462,1.3247055471892075,1.32029,2021-12-12 23:50:00-05:00,1.3247055471892075,SL,0.000196,-1.0,-3.2911,-3291.13
2021-12-13 09:55:00-05:00,SHORT,Bounce,1.3261,1.3264247004267307,1.32372,2021-12-13 10:50:00-05:00,1.32372,TP,0.000158,7.3298,6.8432,6843.23
2021-12-13 19:50:00-05:00,SHORT,Breakout,1.3204099999999999,1.3205683694435495,1.31948,2021-12-13 19:55:00-05:00,1.3205683694435495,SL,0.000194,-1.0,-2.225,-2224.98
2021-12-13 20:15:00-05:00,SHORT,Breakout,1.32042,1.3205660314002423,1.31948,2021-12-13 22:45:00-05:00,1.31948,TP,0.0002,6.437,5.0674,5067.4
2021-12-14 04:00:00-05:00,SHORT,Bounce,1.32102,1.321764403166781,1.3197,2021-12-14 04:25:00-05:00,1.321764403166781,SL,0.000178,-1.0,-1.2391,-1239.12
2021-12-14 04:25:00-05:00,SHORT,Bounce,1.32158,1.32176440014392,1.3197,2021-12-14 04:30:00-05:00,1.32176440014392,SL,0.00017,-1.0,-1.9219,-1921.91
2021-12-14 14:55:00-05:00,SHORT,Breakout,1.32195,1.3222205849553104,1.3197,2021-12-14 15:05:00-05:00,1.3222205849553104,SL,0.00017,-1.0,-1.6283,-1628.27
2021-12-14 17:15:00-05:00,SHORT,Bounce,1.32225,1.3227560032257841,1.32185,2021-12-14 17:20:00-05:00,1.3227560032257841,SL,0.000492,-1.0,-1.9723,-1972.33
2021-12-15 09:30:00-05:00,SHORT,Breakout,1.32419,1.324681994775956,1.32356,2021-12-15 09:40:00-05:00,1.32356,TP,0.000182,1.2805,0.9106,910.58
2021-12-15 14:00:00-05:00,SHORT,Breakout,1.3195000000000001,1.320685516354085,1.31693,2021-12-15 14:10:00-05:00,1.320685516354085,SL,0.00017,-1.0,-1.1434,-1143.4
2021-12-15 14:15:00-05:00,SHORT,Breakout,1.31972,1.320723574865133,1.31693,2021-12-15 14:35:00-05:00,1.320723574865133,SL,0.000152,-1.0,-1.1515,-1151.46
2021-12-15 19:25:00-05:00,SHORT,Breakout,1.32497,1.3251658743510217,1.31708,2021-12-15 19:30:00-05:00,1.3251658743510217,SL,0.000164,-1.0,-1.8373,-1837.27
2021-12-16 00:00:00-05:00,SHORT,Breakout,1.32453,1.324759632762718,1.31708,2021-12-16 01:20:00-05:00,1.324759632762718,SL,0.000182,-1.0,-1.7926,-1792.57
2021-12-16 14:50:00-05:00,SHORT,Breakout,1.33056,1.3306978614950251,1.3258,2021-12-16 14:55:00-05:00,1.3306978614950251,SL,0.00017,-1.0,-2.2331,-2233.12
2021-12-16 15:00:00-05:00,SHORT,Breakout,1.33036,1.3307023805747922,1.3258,2021-12-16 15:20:00-05:00,1.3307023805747922,SL,0.000168,-1.0,-1.4907,-1490.68
2021-12-17 00:30:00-05:00,LONG,Breakout,1.33316,1.3329075782001258,1.33735,2021-12-17 01:15:00-05:00,1.3329075782001258,SL,0.000192,-1.0,-1.7606,-1760.63
2021-12-17 02:05:00-05:00,LONG,Bounce,1.33185,1.331682907385776,1.33377,2021-12-17 02:10:00-05:00,1.331682907385776,SL,0.000198,-1.0,-2.185,-2184.97
2021-12-17 03:35:00-05:00,LONG,Bounce,1.3322,1.3316551266432382,1.33377,2021-12-17 03:45:00-05:00,1.3316551266432382,SL,0.000198,-1.0,-1.3634,-1363.39
2021-12-17 07:55:00-05:00,LONG,Breakout,1.32957,1.3292894280772771,1.33385,2021-12-17 08:00:00-05:00,1.3292894280772771,SL,0.00019,-1.0,-1.6772,-1677.19
2021-12-17 08:05:00-05:00,LONG,Breakout,1.32966,1.3292819150258155,1.33385,2021-12-17 08:30:00-05:00,1.3292819150258155,SL,0.000188,-1.0,-1.4972,-1497.24
2021-12-17 08:40:00-05:00,LONG,Breakout,1.32999,1.3292687741914542,1.33385,2021-12-17 08:55:00-05:00,1.3292687741914542,SL,0.00017,-1.0,-1.2357,-1235.71
2021-12-20 00:50:00-05:00,SHORT,Breakout,1.32184,1.3221090423118538,1.31708,2021-12-20 00:55:00-05:00,1.3221090423118538,SL,0.00018,-1.0,-1.669,-1669.04
2021-12-20 01:20:00-05:00,SHORT,Breakout,1.32168,1.32211750326504,1.31708,2021-12-20 01:50:00-05:00,1.32211750326504,SL,0.000192,-1.0,-1.4389,-1438.85
2021-12-20 02:00:00-05:00,SHORT,Breakout,1.32094,1.322132647761099,1.31708,2021-12-20 08:05:00-05:00,1.322132647761099,SL,0.000196,-1.0,-1.1643,-1164.34
2021-12-20 14:55:00-05:00,SHORT,Breakout,1.32008,1.320891431866702,1.31725,2021-12-20 16:15:00-05:00,1.320891431866702,SL,0.000198,-1.0,-1.244,-1244.01
2021-12-20 17:25:00-05:00,SHORT,Retest,1.32043,1.3208918206228606,1.31995,2021-12-20 17:40:00-05:00,1.3208918206228606,SL,0.000514,-1.0,-2.113,-2112.99
2021-12-20 19:50:00-05:00,SHORT,Breakout,1.31976,1.3200428646323488,1.31725,2021-12-20 19:55:00-05:00,1.3200428646323488,SL,0.000194,-1.0,-1.6858,-1685.84
2021-12-20 20:00:00-05:00,SHORT,Breakout,1.3199,1.3200510516472803,1.31725,2021-12-20 20:05:00-05:00,1.3200510516472803,SL,0.000186,-1.0,-2.2314,-2231.37
2021-12-20 22:15:00-05:00,SHORT,Bounce,1.32121,1.321408150559489,1.31964,2021-12-21 00:25:00-05:00,1.321408150559489,SL,0.000178,-1.0,-1.8983,-1898.31
2021-12-21 02:50:00-05:00,SHORT,Breakout,1.32093,1.3211689082936906,1.32068,2021-12-21 02:55:00-05:00,1.3211689082936906,SL,0.0002,-1.0,-1.8371,-1837.14
2021-12-21 09:30:00-05:00,SHORT,Bounce,1.32541,1.325956366967193,1.32398,2021-12-21 10:00:00-05:00,1.32398,TP,0.0002,2.6173,2.2512,2251.23
2021-12-21 10:00:00-05:00,SHORT,Breakout,1.32359,1.3240977237036318,1.32091,2021-12-21 10:15:00-05:00,1.3240977237036318,SL,0.000186,-1.0,-1.3663,-1366.34
2021-12-21 10:45:00-05:00,SHORT,Breakout,1.3237700000000001,1.3241102690136173,1.32091,2021-12-21 11:10:00-05:00,1.3241102690136173,SL,0.000148,-1.0,-1.4349,-1434.95
2021-12-21 13:20:00-05:00,SHORT,Bounce,1.32491,1.3253220633858376,1.3229600000000001,2021-12-21 13:35:00-05:00,1.3253220633858376,SL,0.000192,-1.0,-1.4659,-1465.95
2021-12-23 00:30:00-05:00,LONG,Breakout,1.33529,1.3350561891934976,1.33598,2021-12-23 00:55:00-05:00,1.3350561891934976,SL,0.000198,-1.0,-1.8468,-1846.84
2021-12-23 01:00:00-05:00,LONG,Breakout,1.33521,1.335057419189028,1.33598,2021-12-23 01:20:00-05:00,1.335057419189028,SL,0.000194,-1.0,-2.2715,-2271.46
2021-12-23 02:25:00-05:00,LONG,Retest,1.33522,1.3350460221329534,1.33598,2021-12-23 02:35:00-05:00,1.33598,TP,0.000194,4.3684,3.2533,3253.29
2021-12-23 02:35:00-05:00,LONG,Breakout,1.33647,1.3352584680636181,1.33735,2021-12-23 03:10:00-05:00,1.33735,TP,0.00018,0.7264,0.5778,577.78
2021-12-23 18:05:00-05:00,LONG,Bounce,1.34064,1.3399364635487325,1.34202,2021-12-23 18:35:00-05:00,1.3399364635487325,SL,0.00157,-1.0,-3.2316,-3231.58
2021-12-23 19:55:00-05:00,LONG,Bounce,1.34015,1.3396507616519442,1.34202,2021-12-24 00:40:00-05:00,1.3396507616519442,SL,0.000574,-1.0,-2.1498,-2149.75
2021-12-24 03:20:00-05:00,LONG,Breakout,1.34073,1.3403165645427566,1.34202,2021-12-24 03:25:00-05:00,1.3403165645427566,SL,0.00057,-1.0,-2.3787,-2378.69
2021-12-24 03:30:00-05:00,LONG,Retest,1.34089,1.340320364325132,1.34202,2021-12-24 03:45:00-05:00,1.340320364325132,SL,0.00039,-1.0,-1.6846,-1684.65
2021-12-24 08:10:00-05:00,LONG,Bounce,1.34108,1.339383355302796,1.34202,2021-12-24 09:30:00-05:00,1.339383355302796,SL,0.000512,-1.0,-1.3018,-1301.77
2021-12-24 10:40:00-05:00,LONG,Bounce,1.3397700000000001,1.3395058722928024,1.34175,2021-12-24 10:45:00-05:00,1.3395058722928024,SL,0.00128,-1.0,-5.8461,-5846.14
2021-12-24 12:30:00-05:00,LONG,Bounce,1.33874,1.3381730885989263,1.34175,2021-12-24 12:35:00-05:00,1.3381730885989263,SL,0.001132,-1.0,-2.9968,-2996.78
2021-12-26 19:00:00-05:00,LONG,Breakout,1.34071,1.3399698718953263,1.34175,2021-12-26 19:10:00-05:00,1.3399698718953263,SL,0.000202,-1.0,-1.2729,-1272.93
2021-12-27 07:55:00-05:00,LONG,Breakout,1.34125,1.3408307811010205,1.34182,2021-12-27 08:30:00-05:00,1.34182,TP,0.000198,1.3597,0.8874,887.36
2021-12-28 00:15:00-05:00,LONG,Breakout,1.34345,1.3433704597651892,1.34384,2021-12-28 00:25:00-05:00,1.3433704597651892,SL,0.000196,-1.0,-3.4642,-3464.16
2021-12-28 02:45:00-05:00,LONG,Bounce,1.3431199999999999,1.343034141771855,1.34388,2021-12-28 02:50:00-05:00,1.343034141771855,SL,0.00018,-1.0,-3.0965,-3096.48
2021-12-28 09:00:00-05:00,LONG,Breakout,1.3458,1.345585332026581,1.34742,2021-12-28 09:05:00-05:00,1.345585332026581,SL,0.000184,-1.0,-1.8571,-1857.14
2021-12-28 09:15:00-05:00,LONG,Bounce,1.34491,1.344300711538775,1.34742,2021-12-28 09:20:00-05:00,1.344300711538775,SL,0.000196,-1.0,-1.3217,-1321.69
2021-12-28 10:00:00-05:00,LONG,Bounce,1.3446799999999999,1.3442598724402373,1.3461,2021-12-28 10:05:00-05:00,1.3442598724402373,SL,0.000182,-1.0,-1.4332,-1433.2
2021-12-29 08:20:00-05:00,LONG,Breakout,1.34435,1.3439635749118972,1.3461,2021-12-29 08:50:00-05:00,1.3461,TP,0.000192,4.5287,4.0318,4031.83
2021-12-29 18:00:00-05:00,LONG,Bounce,1.3485800000000001,1.347922391610613,1.34896,2021-12-29 18:40:00-05:00,1.34896,TP,0.000368,0.5779,0.0182,18.25
2021-12-29 20:15:00-05:00,LONG,Breakout,1.34998,1.349644729762146,1.3508499999999999,2021-12-29 20:20:00-05:00,1.349644729762146,SL,0.000216,-1.0,-1.6443,-1644.26
2021-12-29 20:25:00-05:00,LONG,Retest,1.34981,1.3496440884173604,1.3508499999999999,2021-12-29 20:30:00-05:00,1.3496440884173604,SL,0.000188,-1.0,-2.1331,-2133.13
2021-12-31 02:55:00-05:00,LONG,Breakout,1.35052,1.3503734748723866,1.35125,2021-12-31 03:00:00-05:00,1.3503734748723866,SL,0.000184,-1.0,-2.2558,-2255.76
2022-01-03 02:10:00-05:00,LONG,Breakout,1.35055,1.3504253831172608,1.35288,2022-01-03 02:15:00-05:00,1.3504253831172608,SL,0.0002,-1.0,-2.6049,-2604.92
2022-01-03 03:15:00-05:00,LONG,Breakout,1.35094,1.350588971758816,1.35288,2022-01-03 07:05:00-05:00,1.350588971758816,SL,0.00019,-1.0,-1.5413,-1541.27
2022-01-04 01:45:00-05:00,LONG,Bounce,1.3463,1.3461228858006085,1.34756,2022-01-04 01:55:00-05:00,1.3461228858006085,SL,0.000194,-1.0,-2.0953,-2095.34
2022-01-04 02:50:00-05:00,LONG,Breakout,1.3479700000000001,1.3474769198536538,1.3484099999999999,2022-01-04 02:55:00-05:00,1.3484099999999999,TP,0.000178,0.8923,0.5314,531.35
2022-01-04 10:00:00-05:00,LONG,Breakout,1.35305,1.3512601152359878,1.35431,2022-01-04 10:25:00-05:00,1.35431,TP,0.000188,0.704,0.5989,598.92
2022-01-04 19:05:00-05:00,LONG,Breakout,1.3532,1.3529395808689006,1.35368,2022-01-04 19:25:00-05:00,1.3529395808689006,SL,0.00016,-1.0,-1.6144,-1614.39
2022-01-04 19:50:00-05:00,LONG,Breakout,1.35325,1.3529453772824944,1.35368,2022-01-04 19:55:00-05:00,1.3529453772824944,SL,0.000166,-1.0,-1.5449,-1544.94
2022-01-04 20:15:00-05:00,LONG,Breakout,1.35318,1.3529431892911978,1.35368,2022-01-04 20:45:00-05:00,1.35368,TP,0.00019,2.1114,1.3091,1309.06
2022-01-05 02:05:00-05:00,LONG,Breakout,1.35355,1.3531441265391586,1.35397,2022-01-05 02:25:00-05:00,1.3531441265391586,SL,0.00019,-1.0,-1.4681,-1468.13
2022-01-05 04:25:00-05:00,LONG,Bounce,1.35388,1.3527700957026845,1.35538,2022-01-05 05:45:00-05:00,1.3527700957026845,SL,0.000196,-1.0,-1.1766,-1176.59
2022-01-05 19:50:00-05:00,LONG,Bounce,1.35477,1.3543337910810798,1.35568,2022-01-05 20:05:00-05:00,1.3543337910810798,SL,0.000178,-1.0,-1.4081,-1408.06
2022-01-06 06:40:00-05:00,LONG,Breakout,1.3541,1.3536022196930844,1.3551,2022-01-06 06:55:00-05:00,1.3536022196930844,SL,0.000158,-1.0,-1.3174,-1317.41
2022-01-06 07:10:00-05:00,LONG,Retest,1.3538999999999999,1.35359816441658,1.3551,2022-01-06 07:50:00-05:00,1.35359816441658,SL,0.0002,-1.0,-1.6626,-1662.61
2022-01-06 09:35:00-05:00,LONG,Breakout,1.35511,1.3544056838029106,1.35605,2022-01-06 09:40:00-05:00,1.3544056838029106,SL,0.000194,-1.0,-1.2754,-1275.44
2022-01-06 20:00:00-05:00,LONG,Breakout,1.35381,1.3536475823090877,1.35407,2022-01-06 20:15:00-05:00,1.35407,TP,0.000196,1.6008,0.394,394.05
2022-01-07 04:10:00-05:00,LONG,Breakout,1.35476,1.3544593067992896,1.35524,2022-01-07 04:20:00-05:00,1.3544593067992896,SL,0.000182,-1.0,-1.6053,-1605.27
2022-01-07 07:55:00-05:00,LONG,Bounce,1.35419,1.353828015563043,1.35535,2022-01-07 08:25:00-05:00,1.353828015563043,SL,0.000172,-1.0,-1.4752,-1475.16
2022-01-07 09:00:00-05:00,LONG,Bounce,1.35398,1.3533234697774275,1.35978,2022-01-10 04:15:00-05:00,1.35978,TP,0.000148,8.8343,8.6089,8608.9
2022-01-11 00:35:00-05:00,LONG,Breakout,1.35971,1.359616457722897,1.36029,2022-01-11 00:50:00-05:00,1.359616457722897,SL,0.000174,-1.0,-2.8601,-2860.12
2022-01-11 01:00:00-05:00,LONG,Breakout,1.3597299999999999,1.3596144948632036,1.36029,2022-01-11 01:05:00-05:00,1.3596144948632036,SL,0.000192,-1.0,-2.6623,-2662.26
2022-01-11 03:05:00-05:00,LONG,Breakout,1.3614,1.3598311481204568,1.36503,2022-01-11 06:00:00-05:00,1.3598311481204568,SL,0.000176,-1.0,-1.1122,-1112.18
2022-01-11 19:00:00-05:00,LONG,Breakout,1.3636599999999999,1.3634197958743546,1.36503,2022-01-11 20:15:00-05:00,1.3634197958743546,SL,0.000198,-1.0,-1.8243,-1824.3
2022-01-12 14:55:00-05:00,LONG,Breakout,1.37114,1.370710448149023,1.3774600000000001,2022-01-12 15:00:00-05:00,1.370710448149023,SL,0.000186,-1.0,-1.433,-1433.01
2022-01-13 02:20:00-05:00,LONG,Breakout,1.37231,1.371567525499755,1.3774600000000001,2022-01-13 07:05:00-05:00,1.371567525499755,SL,0.000172,-1.0,-1.2317,-1231.66
2022-01-13 19:15:00-05:00,LONG,Breakout,1.37094,1.370800608841687,1.3719700000000001,2022-01-13 19:30:00-05:00,1.370800608841687,SL,0.000186,-1.0,-2.3344,-2334.37
2022-01-13 21:10:00-05:00,LONG,Breakout,1.37162,1.3713740106693362,1.3719700000000001,2022-01-13 21:30:00-05:00,1.3719700000000001,TP,0.000184,1.4228,0.6748,674.83
2022-01-14 02:40:00-05:00,LONG,Bounce,1.37248,1.372265818727221,1.37366,2022-01-14 02:45:00-05:00,1.372265818727221,SL,0.000168,-1.0,-1.7844,-1784.38
2022-01-14 03:45:00-05:00,LONG,Breakout,1.3740700000000001,1.37356756601733,1.37474,2022-01-14 03:50:00-05:00,1.37356756601733,SL,0.000162,-1.0,-1.3224,-1322.43
2022-01-16 20:25:00-05:00,LONG,Bounce,1.36659,1.3664054586442116,1.3673899999999999,2022-01-16 20:30:00-05:00,1.3664054586442116,SL,0.0002,-1.0,-2.0838,-2083.77
2022-01-17 02:35:00-05:00,LONG,Breakout,1.3682400000000001,1.3680381027178314,1.37222,2022-01-17 02:50:00-05:00,1.3680381027178314,SL,0.000186,-1.0,-1.9213,-1921.26
2022-01-17 03:25:00-05:00,LONG,Breakout,1.3682699999999999,1.368019902122448,1.37222,2022-01-17 03:45:00-05:00,1.368019902122448,SL,0.000194,-1.0,-1.7757,-1775.7
2022-01-17 18:35:00-05:00,LONG,Breakout,1.36453,1.364461824192079,1.36558,2022-01-17 18:40:00-05:00,1.364461824192079,SL,0.000202,-1.0,-3.9629,-3962.93
2022-01-17 21:50:00-05:00,LONG,Bounce,1.36541,1.3651758603928554,1.36609,2022-01-17 22:20:00-05:00,1.3651758603928554,SL,0.000172,-1.0,-1.7346,-1734.6
2022-01-18 01:30:00-05:00,LONG,Breakout,1.36402,1.3638566775519172,1.36598,2022-01-18 01:35:00-05:00,1.3638566775519172,SL,0.000188,-1.0,-2.1511,-2151.1
2022-01-18 02:00:00-05:00,LONG,Breakout,1.36437,1.3638486703961161,1.36598,2022-01-18 02:10:00-05:00,1.3638486703961161,SL,0.0002,-1.0,-1.3836,-1383.63
2022-01-18 02:35:00-05:00,LONG,Breakout,1.36416,1.363835716718686,1.36598,2022-01-18 03:15:00-05:00,1.363835716718686,SL,0.000184,-1.0,-1.5674,-1567.41
2022-01-18 14:00:00-05:00,LONG,Breakout,1.35888,1.358703286525422,1.36002,2022-01-18 14:40:00-05:00,1.36002,TP,0.000176,6.4511,5.4552,5455.16
2022-01-18 21:45:00-05:00,LONG,Breakout,1.36017,1.3599010688813182,1.36218,2022-01-18 21:50:00-05:00,1.3599010688813182,SL,0.000156,-1.0,-1.5801,-1580.07
2022-01-19 02:00:00-05:00,LONG,Breakout,1.3609,1.3607655937458507,1.36218,2022-01-19 02:05:00-05:00,1.3607655937458507,SL,0.000232,-1.0,-2.7261,-2726.11
2022-01-19 13:00:00-05:00,LONG,Bounce,1.3624800000000001,1.3620505414035553,1.36479,2022-01-19 14:10:00-05:00,1.3620505414035553,SL,0.000216,-1.0,-1.503,-1502.96
2022-01-19 19:15:00-05:00,LONG,Breakout,1.36128,1.3610318529604992,1.36334,2022-01-19 20:15:00-05:00,1.36334,TP,0.00021,8.3015,7.4553,7455.26
2022-01-20 02:30:00-05:00,LONG,Breakout,1.36297,1.3627309200322417,1.36349,2022-01-20 02:35:00-05:00,1.3627309200322417,SL,0.000224,-1.0,-1.9369,-1936.93
2022-01-20 02:40:00-05:00,LONG,Breakout,1.36325,1.36272925247678,1.36349,2022-01-20 02:50:00-05:00,1.36272925247678,SL,0.000228,-1.0,-1.4378,-1437.83
2022-01-20 03:00:00-05:00,LONG,Breakout,1.36328,1.362717319866444,1.36349,2022-01-20 03:05:00-05:00,1.36349,TP,0.000216,0.3732,-0.0107,-10.66
2022-01-20 03:30:00-05:00,LONG,Retest,1.3632,1.3627148273789023,1.36479,2022-01-20 03:45:00-05:00,1.3627148273789023,SL,0.0002,-1.0,-1.4122,-1412.22
2022-01-20 09:55:00-05:00,LONG,Breakout,1.36486,1.3634851911016996,1.36521,2022-01-20 10:15:00-05:00,1.3634851911016996,SL,0.0002,-1.0,-1.1455,-1145.47
2022-01-25 03:00:00-05:00,SHORT,Bounce,1.34835,1.348715073283342,1.34659,2022-01-25 03:40:00-05:00,1.348715073283342,SL,0.00022,-1.0,-1.6026,-1602.62
2022-01-25 09:35:00-05:00,SHORT,Bounce,1.34731,1.3477614056735383,1.34352,2022-01-25 10:25:00-05:00,1.3477614056735383,SL,0.000174,-1.0,-1.3855,-1385.46
2022-01-26 03:55:00-05:00,SHORT,Breakout,1.3495300000000001,1.3497104741818036,1.34581,2022-01-26 04:00:00-05:00,1.3497104741818036,SL,0.000188,-1.0,-2.0417,-2041.7
2022-01-26 08:55:00-05:00,SHORT,Breakout,1.35072,1.350909455394767,1.34924,2022-01-26 09:25:00-05:00,1.350909455394767,SL,0.000178,-1.0,-1.9395,-1939.54
2022-01-26 09:30:00-05:00,SHORT,Breakout,1.35067,1.350925521931339,1.34924,2022-01-26 10:15:00-05:00,1.34924,TP,0.000178,5.5964,4.8998,4899.78
2022-01-26 14:00:00-05:00,SHORT,Bounce,1.34989,1.3522996065968216,1.34906,2022-01-26 14:35:00-05:00,1.34906,TP,0.000182,0.3445,0.2689,268.92
2022-01-26 14:40:00-05:00,SHORT,Breakout,1.3468200000000001,1.3492696617128983,1.34581,2022-01-26 14:45:00-05:00,1.34581,TP,0.000174,0.4123,0.3413,341.27
2022-01-26 18:35:00-05:00,SHORT,Bounce,1.34654,1.3467124611449615,1.3443100000000001,2022-01-26 18:45:00-05:00,1.3467124611449615,SL,0.000224,-1.0,-2.2988,-2298.84
2022-01-26 21:00:00-05:00,SHORT,Breakout,1.34415,1.3443887913143402,1.34352,2022-01-26 21:20:00-05:00,1.3443887913143402,SL,0.000204,-1.0,-1.8543,-1854.3
2022-01-27 05:15:00-05:00,SHORT,Bounce,1.34247,1.3433190279247607,1.34046,2022-01-27 06:00:00-05:00,1.34046,TP,0.000176,2.3674,2.1601,2160.12
2022-01-28 02:05:00-05:00,SHORT,Breakout,1.33951,1.339813630063747,1.33856,2022-01-28 02:20:00-05:00,1.33856,TP,0.00021,3.1288,2.4372,2437.18
2022-01-31 05:40:00-05:00,SHORT,Bounce,1.34444,1.3448418380646294,1.3428200000000001,2022-01-31 06:35:00-05:00,1.3428200000000001,TP,0.00019,4.0315,3.5586,3558.65
2022-01-31 10:55:00-05:00,SHORT,Breakout,1.3418,1.3424756476790478,1.3409200000000001,2022-01-31 11:00:00-05:00,1.3424756476790478,SL,0.000172,-1.0,-1.2546,-1254.57
2022-01-31 19:50:00-05:00,SHORT,Breakout,1.34342,1.3435760737935079,1.34234,2022-01-31 20:00:00-05:00,1.3435760737935079,SL,0.000186,-1.0,-2.1917,-2191.74
2022-02-04 02:45:00-05:00,LONG,Bounce,1.35849,1.3581016028244435,1.36113,2022-02-04 02:55:00-05:00,1.3581016028244435,SL,0.00018,-1.0,-1.4634,-1463.44
2022-02-09 06:40:00-05:00,LONG,Retest,1.35764,1.357185564855957,1.35886,2022-02-09 07:40:00-05:00,1.357185564855957,SL,0.0002,-1.0,-1.4401,-1440.11
2022-02-17 07:40:00-05:00,LONG,Breakout,1.3620700000000001,1.361749220702481,1.36426,2022-02-17 08:05:00-05:00,1.361749220702481,SL,0.000198,-1.0,-1.6172,-1617.25
2022-02-18 01:20:00-05:00,LONG,Breakout,1.36145,1.3612632708575163,1.36176,2022-02-18 01:30:00-05:00,1.3612632708575163,SL,0.000212,-1.0,-2.1353,-2135.33
2022-02-20 19:50:00-05:00,LONG,Breakout,1.36055,1.3595915773752956,1.3611,2022-02-20 20:45:00-05:00,1.3611,TP,0.000212,0.5739,0.3527,352.66
2022-02-21 01:50:00-05:00,LONG,Breakout,1.36242,1.3623202429430672,1.3627799999999999,2022-02-21 02:00:00-05:00,1.3627799999999999,TP,0.000208,3.6088,1.5237,1523.7
2022-02-21 03:30:00-05:00,LONG,Retest,1.36323,1.3622829368055733,1.36415,2022-02-21 06:20:00-05:00,1.3622829368055733,SL,0.000214,-1.0,-1.226,-1225.96
2022-02-21 18:05:00-05:00,LONG,Bounce,1.35989,1.359165191143017,1.36043,2022-02-21 18:15:00-05:00,1.359165191143017,SL,0.00022,-1.0,-1.3035,-1303.53
2022-02-21 20:15:00-05:00,LONG,Bounce,1.35822,1.3579360775617961,1.3602699999999999,2022-02-21 21:00:00-05:00,1.3579360775617961,SL,0.000216,-1.0,-1.7608,-1760.77
2022-02-21 21:00:00-05:00,LONG,Bounce,1.3581400000000001,1.3579431330749026,1.35985,2022-02-22 02:15:00-05:00,1.3579431330749026,SL,0.00021,-1.0,-2.0667,-2066.71
2022-02-22 05:45:00-05:00,LONG,Bounce,1.35601,1.3553260142134027,1.35957,2022-02-22 06:55:00-05:00,1.3553260142134027,SL,0.000214,-1.0,-1.3129,-1312.87
2022-02-22 09:45:00-05:00,LONG,Bounce,1.35471,1.354116774269915,1.35608,2022-02-22 10:00:00-05:00,1.354116774269915,SL,0.000216,-1.0,-1.3641,-1364.11
2022-02-22 10:35:00-05:00,LONG,Breakout,1.3562400000000001,1.355929060258581,1.35957,2022-02-22 10:55:00-05:00,1.35957,TP,0.000208,10.7095,10.0405,10040.53
2022-02-22 20:00:00-05:00,LONG,Breakout,1.35967,1.3593801125875011,1.36037,2022-02-22 20:50:00-05:00,1.3593801125875011,SL,0.00022,-1.0,-1.7589,-1758.92
2022-02-23 02:35:00-05:00,LONG,Breakout,1.35999,1.3595884662644295,1.36033,2022-02-23 02:45:00-05:00,1.36033,TP,0.000198,0.8468,0.3536,353.64
2022-02-23 05:00:00-05:00,LONG,Retest,1.36033,1.3595481454520917,1.36197,2022-02-23 05:45:00-05:00,1.3595481454520917,SL,0.000202,-1.0,-1.2584,-1258.36
2022-02-23 08:00:00-05:00,LONG,Bounce,1.35843,1.3579820530550295,1.36128,2022-02-23 09:50:00-05:00,1.3579820530550295,SL,0.000196,-1.0,-1.4376,-1437.55
2022-02-23 19:10:00-05:00,LONG,Bounce,1.35406,1.3536244511893631,1.35517,2022-02-23 19:40:00-05:00,1.3536244511893631,SL,0.000206,-1.0,-1.473,-1472.97
2022-02-24 03:10:00-05:00,SHORT,Breakout,1.34823,1.349140763468924,1.34421,2022-02-24 04:45:00-05:00,1.34421,TP,0.000206,4.4139,4.1877,4187.7
2022-02-24 20:20:00-05:00,SHORT,Bounce,1.33801,1.339030804905401,1.33681,2022-02-24 21:00:00-05:00,1.339030804905401,SL,0.000216,-1.0,-1.2116,-1211.6
2022-02-27 23:45:00-05:00,SHORT,Breakout,1.33409,1.3344298866514421,1.33197,2022-02-28 00:00:00-05:00,1.3344298866514421,SL,0.000224,-1.0,-1.659,-1659.04
2022-03-01 10:05:00-05:00,SHORT,Breakout,1.33732,1.3383310767086138,1.33506,2022-03-01 10:55:00-05:00,1.33506,TP,0.000182,2.2352,2.0552,2055.23
2022-03-01 18:05:00-05:00,SHORT,Bounce,1.3324099999999999,1.3328095100787178,1.3306,2022-03-01 18:35:00-05:00,1.3328095100787178,SL,0.000238,-1.0,-1.5957,-1595.73
2022-03-01 23:25:00-05:00,SHORT,Breakout,1.3314300000000001,1.3316782060339598,1.33076,2022-03-02 00:05:00-05:00,1.33076,TP,0.000214,2.6994,1.8372,1837.18
2022-03-02 01:40:00-05:00,SHORT,Breakout,1.329,1.3301679444786818,1.32717,2022-03-02 02:20:00-05:00,1.32717,TP,0.000206,1.5669,1.3905,1390.48
2022-03-03 02:30:00-05:00,SHORT,Breakout,1.33993,1.340234470949989,1.33864,2022-03-03 03:00:00-05:00,1.33864,TP,0.00022,4.2369,3.5143,3514.29
2022-03-03 06:45:00-05:00,SHORT,Breakout,1.33636,1.3368782915787505,1.3347,2022-03-03 06:55:00-05:00,1.3368782915787505,SL,0.00022,-1.0,-1.4245,-1424.47
2022-03-03 07:35:00-05:00,SHORT,Bounce,1.33844,1.3392122397428161,1.3347,2022-03-03 10:35:00-05:00,1.3347,TP,0.000212,4.8431,4.5685,4568.53
2022-03-03 19:35:00-05:00,SHORT,Breakout,1.33246,1.3327937295370813,1.33166,2022-03-03 19:40:00-05:00,1.3327937295370813,SL,0.000224,-1.0,-1.6712,-1671.2
2022-03-03 19:50:00-05:00,SHORT,Retest,1.33235,1.3327971209158045,1.33166,2022-03-03 19:55:00-05:00,1.33166,TP,0.00023,1.5432,1.0288,1028.8
2022-03-03 20:50:00-05:00,SHORT,Bounce,1.33414,1.3351203477187599,1.33142,2022-03-04 03:15:00-05:00,1.33142,TP,0.00022,2.7745,2.5501,2550.12
2022-03-06 18:05:00-05:00,SHORT,Breakout,1.32071,1.3217269863881411,1.32008,2022-03-06 18:10:00-05:00,1.32008,TP,0.00024,0.6195,0.3835,383.49
2022-03-06 18:20:00-05:00,SHORT,Breakout,1.32071,1.321736969786715,1.31964,2022-03-06 18:25:00-05:00,1.321736969786715,SL,0.00024,-1.0,-1.2337,-1233.7
2022-03-06 20:00:00-05:00,SHORT,Breakout,1.3198699999999999,1.320223131657063,1.31725,2022-03-06 20:10:00-05:00,1.320223131657063,SL,0.000218,-1.0,-1.6173,-1617.33
2022-03-06 20:15:00-05:00,SHORT,Breakout,1.31995,1.3202243346394196,1.31725,2022-03-06 20:20:00-05:00,1.3202243346394196,SL,0.000216,-1.0,-1.7874,-1787.36
2022-03-06 20:20:00-05:00,SHORT,Breakout,1.31966,1.3202308821651754,1.31725,2022-03-06 21:10:00-05:00,1.3202308821651754,SL,0.000218,-1.0,-1.3819,-1381.87
2022-03-07 00:20:00-05:00,SHORT,Bounce,1.32181,1.3221758058810773,1.32036,2022-03-07 02:15:00-05:00,1.3221758058810773,SL,0.00023,-1.0,-1.6287,-1628.75
2022-03-07 10:55:00-05:00,SHORT,Breakout,1.3134000000000001,1.314251296405069,1.31109,2022-03-07 11:30:00-05:00,1.31109,TP,0.000186,2.7135,2.495,2495.02
2022-03-07 19:45:00-05:00,SHORT,Breakout,1.31022,1.3103869948430424,1.30992,2022-03-07 19:50:00-05:00,1.3103869948430424,SL,0.000226,-1.0,-2.3533,-2353.34
2022-03-08 00:05:00-05:00,SHORT,Breakout,1.31093,1.3117072204242162,1.31005,2022-03-08 01:00:00-05:00,1.3117072204242162,SL,0.000224,-1.0,-1.2882,-1288.21
2022-03-08 01:20:00-05:00,SHORT,Breakout,1.31045,1.310672599408435,1.31005,2022-03-08 01:25:00-05:00,1.310672599408435,SL,0.000222,-1.0,-1.9973,-1997.31
2022-03-08 01:45:00-05:00,SHORT,Breakout,1.3103,1.3106773441797985,1.30992,2022-03-08 02:00:00-05:00,1.30992,TP,0.000222,1.007,0.4187,418.72
2022-03-08 02:30:00-05:00,SHORT,Breakout,1.3101,1.3107251660297483,1.30785,2022-03-08 02:35:00-05:00,1.3107251660297483,SL,0.000208,-1.0,-1.3327,-1332.71
2022-03-08 04:10:00-05:00,SHORT,Retest,1.31033,1.3107828836135034,1.30807,2022-03-08 04:30:00-05:00,1.3107828836135034,SL,0.0002,-1.0,-1.4416,-1441.61
2022-03-08 08:05:00-05:00,SHORT,Breakout,1.3097400000000001,1.3101008459168788,1.30807,2022-03-08 08:50:00-05:00,1.3101008459168788,SL,0.000186,-1.0,-1.5155,-1515.46
2022-03-08 18:15:00-05:00,SHORT,Breakout,1.30891,1.3092604856950114,1.30843,2022-03-08 18:35:00-05:00,1.3092604856950114,SL,0.000364,-1.0,-2.0386,-2038.56
2022-03-08 19:05:00-05:00,SHORT,Bounce,1.3101,1.3106211725831611,1.30843,2022-03-08 19:50:00-05:00,1.3106211725831611,SL,0.00021,-1.0,-1.4029,-1402.94
2022-03-09 19:30:00-05:00,SHORT,Breakout,1.31676,1.3169712880921298,1.31589,2022-03-09 19:35:00-05:00,1.3169712880921298,SL,0.00019,-1.0,-1.8992,-1899.25
2022-03-09 20:10:00-05:00,SHORT,Breakout,1.31674,1.3169645319840018,1.31589,2022-03-09 20:20:00-05:00,1.31589,TP,0.00021,3.7857,2.8504,2850.37
2022-03-09 22:50:00-05:00,SHORT,Bounce,1.31632,1.3165370941770511,1.3142800000000001,2022-03-09 22:55:00-05:00,1.3165370941770511,SL,0.000188,-1.0,-1.866,-1865.98
2022-03-10 04:55:00-05:00,SHORT,Bounce,1.31673,1.318332820798403,1.31455,2022-03-10 05:25:00-05:00,1.31455,TP,0.000184,1.3601,1.2453,1245.3
2022-03-11 02:45:00-05:00,SHORT,Bounce,1.30812,1.3093737311092768,1.30682,2022-03-11 02:55:00-05:00,1.30682,TP,0.000204,1.0369,0.8742,874.19
2022-03-15 11:50:00-04:00,SHORT,Bounce,1.3076699999999999,1.3079187707351638,1.30308,2022-03-15 14:20:00-04:00,1.30308,TP,0.000184,18.4507,17.7111,17711.09
2022-03-16 10:40:00-04:00,SHORT,Breakout,1.3078,1.3081730739656932,1.30518,2022-03-16 10:45:00-04:00,1.3081730739656932,SL,0.00017,-1.0,-1.4557,-1455.67
2022-03-16 13:55:00-04:00,SHORT,Breakout,1.30827,1.3087412543142682,1.30738,2022-03-16 14:00:00-04:00,1.3087412543142682,SL,0.000206,-1.0,-1.4371,-1437.13
2022-03-17 08:00:00-04:00,SHORT,Breakout,1.31371,1.3155137095653702,1.31249,2022-03-17 08:05:00-04:00,1.31249,TP,0.000224,0.6764,0.5522,552.2
2022-03-18 03:15:00-04:00,SHORT,Breakout,1.31491,1.3152776910960662,1.31443,2022-03-18 03:20:00-04:00,1.31443,TP,0.00021,1.3054,0.7343,734.31
2022-03-18 04:00:00-04:00,SHORT,Breakout,1.31486,1.315289244698712,1.30868,2022-03-18 04:10:00-04:00,1.315289244698712,SL,0.000202,-1.0,-1.4706,-1470.59
2022-03-18 09:05:00-04:00,SHORT,Breakout,1.31189,1.3122335867168322,1.30868,2022-03-18 09:40:00-04:00,1.3122335867168322,SL,0.000198,-1.0,-1.5763,-1576.27
2022-03-18 11:35:00-04:00,SHORT,Bounce,1.31569,1.3159005948696374,1.3109600000000001,2022-03-18 11:40:00-04:00,1.3159005948696374,SL,0.00018,-1.0,-1.8547,-1854.72
2022-03-21 04:15:00-04:00,SHORT,Bounce,1.31623,1.3166698441273295,1.3109600000000001,2022-03-21 09:05:00-04:00,1.3166698441273295,SL,0.000206,-1.0,-1.4683,-1468.35
2022-03-22 02:45:00-04:00,SHORT,Breakout,1.3122,1.3125217770404445,1.3109600000000001,2022-03-22 03:05:00-04:00,1.3125217770404445,SL,0.000204,-1.0,-1.634,-1633.98
2022-03-22 18:50:00-04:00,SHORT,Bounce,1.32638,1.3267988018108032,1.32498,2022-03-22 18:55:00-04:00,1.3267988018108032,SL,0.00022,-1.0,-1.5253,-1525.31
2022-03-22 19:10:00-04:00,SHORT,Bounce,1.32652,1.3268026905070376,1.32498,2022-03-22 19:25:00-04:00,1.3268026905070376,SL,0.000198,-1.0,-1.7004,-1700.41
2022-03-22 19:30:00-04:00,SHORT,Bounce,1.3266200000000001,1.3267926258738936,1.32498,2022-03-22 20:00:00-04:00,1.3267926258738936,SL,0.000206,-1.0,-2.1933,-2193.33
2022-03-23 18:00:00-04:00,LONG,Bounce,1.32046,1.32024760022436,1.32101,2022-03-23 18:10:00-04:00,1.32024760022436,SL,0.000356,-1.0,-2.6761,-2676.08
2022-03-23 20:10:00-04:00,LONG,Breakout,1.32095,1.3208339374020595,1.3212,2022-03-23 20:15:00-04:00,1.3212,TP,0.000206,2.154,0.3791,379.11
2022-03-23 20:20:00-04:00,LONG,Retest,1.32111,1.3208336705150412,1.32137,2022-03-23 20:25:00-04:00,1.3208336705150412,SL,0.00022,-1.0,-1.7962,-1796.15
2022-03-27 20:15:00-04:00,SHORT,Breakout,1.3168199999999999,1.3169807586450886,1.3162099999999999,2022-03-27 20:20:00-04:00,1.3162099999999999,TP,0.00022,3.7945,2.426,2426.0
2022-03-28 03:00:00-04:00,SHORT,Bounce,1.31548,1.3157886971510502,1.31293,2022-03-28 03:05:00-04:00,1.3157886971510502,SL,0.000188,-1.0,-1.609,-1609.01
2022-03-28 20:50:00-04:00,SHORT,Breakout,1.30806,1.308471056964664,1.30659,2022-03-28 21:05:00-04:00,1.308471056964664,SL,0.000214,-1.0,-1.5206,-1520.61
2022-03-28 23:35:00-04:00,SHORT,Breakout,1.30928,1.3094415753265796,1.30774,2022-03-28 23:55:00-04:00,1.3094415753265796,SL,0.00022,-1.0,-2.3616,-2361.59
2022-03-30 08:10:00-04:00,SHORT,Bounce,1.3158400000000001,1.316096332441222,1.3128600000000001,2022-03-30 08:15:00-04:00,1.316096332441222,SL,0.000198,-1.0,-1.7724,-1772.43
2022-03-30 19:30:00-04:00,SHORT,Bounce,1.31365,1.31384383113876,1.3121399999999999,2022-03-30 20:00:00-04:00,1.31384383113876,SL,0.000218,-1.0,-2.1247,-2124.69
2022-03-31 09:10:00-04:00,SHORT,Breakout,1.31132,1.3116931021946452,1.3103799999999999,2022-03-31 09:15:00-04:00,1.3116931021946452,SL,0.0002,-1.0,-1.536,-1536.05
2022-04-01 02:05:00-04:00,SHORT,Breakout,1.31269,1.3128761202009835,1.3121,2022-04-01 02:15:00-04:00,1.3128761202009835,SL,0.00022,-1.0,-2.182,-2182.03
2022-04-01 08:55:00-04:00,SHORT,Breakout,1.31109,1.3113555643333696,1.31043,2022-04-01 09:05:00-04:00,1.3113555643333696,SL,0.000194,-1.0,-1.7305,-1730.52
2022-04-01 10:55:00-04:00,SHORT,Retest,1.31068,1.311378331473904,1.30775,2022-04-03 17:40:00-04:00,1.311378331473904,SL,0.000192,-1.0,-1.2749,-1274.94
2022-04-04 20:05:00-04:00,SHORT,Bounce,1.3113000000000001,1.3115448308002822,1.31045,2022-04-04 20:45:00-04:00,1.3115448308002822,SL,0.00022,-1.0,-1.8986,-1898.58
2022-04-04 20:45:00-04:00,SHORT,Bounce,1.3112,1.3115547752249488,1.31045,2022-04-04 21:20:00-04:00,1.3115547752249488,SL,0.0002,-1.0,-1.5637,-1563.74
2022-04-05 00:15:00-04:00,SHORT,Breakout,1.31071,1.3111166011776654,1.31049,2022-04-05 00:30:00-04:00,1.3111166011776654,SL,0.000192,-1.0,-1.4722,-1472.21
2022-04-05 00:40:00-04:00,SHORT,Bounce,1.31202,1.3122628103785978,1.31049,2022-04-05 01:10:00-04:00,1.3122628103785978,SL,0.00022,-1.0,-1.9061,-1906.06
2022-04-05 20:55:00-04:00,SHORT,Breakout,1.30637,1.3065647712463924,1.3059,2022-04-05 21:05:00-04:00,1.3059,TP,0.000204,2.4131,1.3657,1365.7
2022-04-05 22:00:00-04:00,SHORT,Retest,1.30628,1.3065788567613872,1.30551,2022-04-05 22:10:00-04:00,1.3065788567613872,SL,0.00022,-1.0,-1.7361,-1736.14
2022-04-06 01:55:00-04:00,SHORT,Breakout,1.30589,1.3062087621596907,1.30551,2022-04-06 02:05:00-04:00,1.30551,TP,0.00021,1.1921,0.5333,533.31
2022-04-06 10:00:00-04:00,SHORT,Breakout,1.30677,1.3071906994893823,1.30538,2022-04-06 10:05:00-04:00,1.3071906994893823,SL,0.000202,-1.0,-1.4802,-1480.15
2022-04-06 10:10:00-04:00,SHORT,Retest,1.30689,1.3071848582331917,1.30538,2022-04-06 10:15:00-04:00,1.3071848582331917,SL,0.000206,-1.0,-1.6986,-1698.64
2022-04-06 14:05:00-04:00,SHORT,Breakout,1.3063,1.3070872618104719,1.30538,2022-04-06 14:15:00-04:00,1.30538,TP,0.000202,1.1686,0.912,912.02
2022-04-06 15:15:00-04:00,SHORT,Retest,1.30666,1.3071150669743687,1.30442,2022-04-06 15:45:00-04:00,1.3071150669743687,SL,0.00022,-1.0,-1.4834,-1483.45
2022-04-07 07:05:00-04:00,SHORT,Bounce,1.3078699999999999,1.3089563051388162,1.30618,2022-04-07 10:00:00-04:00,1.30618,TP,0.000206,1.5557,1.3661,1366.1
2022-04-07 10:00:00-04:00,SHORT,Breakout,1.30595,1.3065605461092007,1.30521,2022-04-07 10:05:00-04:00,1.30521,TP,0.0002,1.212,0.8845,884.45
2022-04-07 11:15:00-04:00,SHORT,Retest,1.30606,1.3065640407670431,1.30506,2022-04-07 11:50:00-04:00,1.3065640407670431,SL,0.0002,-1.0,-1.3968,-1396.79
2022-04-07 15:00:00-04:00,SHORT,Bounce,1.3072,1.3074530126150785,1.3051300000000001,2022-04-07 15:05:00-04:00,1.3074530126150785,SL,0.00022,-1.0,-1.8695,-1869.52
2022-04-07 18:00:00-04:00,SHORT,Bounce,1.30721,1.3075461996009528,1.30625,2022-04-07 21:40:00-04:00,1.3075461996009528,SL,0.000374,-1.0,-2.1124,-2112.43
2022-04-08 00:55:00-04:00,SHORT,Breakout,1.30596,1.3064162201833798,1.3051300000000001,2022-04-08 01:15:00-04:00,1.3064162201833798,SL,0.000216,-1.0,-1.4735,-1473.46
2022-04-10 21:35:00-04:00,SHORT,Breakout,1.30176,1.3020261109186175,1.2981099999999999,2022-04-10 21:45:00-04:00,1.3020261109186175,SL,0.00022,-1.0,-1.8267,-1826.72
2022-04-10 22:00:00-04:00,SHORT,Breakout,1.3017,1.3020352939387352,1.2981099999999999,2022-04-11 01:50:00-04:00,1.3020352939387352,SL,0.00022,-1.0,-1.6561,-1656.14
2022-04-11 02:10:00-04:00,SHORT,Breakout,1.3009,1.3011449722189354,1.2981099999999999,2022-04-11 03:20:00-04:00,1.3011449722189354,SL,0.00022,-1.0,-1.8981,-1898.06
2022-04-11 15:00:00-04:00,SHORT,Bounce,1.30309,1.3034621431254272,1.30186,2022-04-11 20:10:00-04:00,1.3034621431254272,SL,0.000216,-1.0,-1.5804,-1580.42
2022-04-11 20:25:00-04:00,SHORT,Bounce,1.30294,1.303158241919031,1.30186,2022-04-11 20:45:00-04:00,1.30186,TP,0.00022,4.9486,3.9406,3940.58
2022-04-12 03:00:00-04:00,SHORT,Breakout,1.30023,1.3004319880107664,1.29881,2022-04-12 03:05:00-04:00,1.3004319880107664,SL,0.000216,-1.0,-2.0694,-2069.37
2022-04-13 02:25:00-04:00,SHORT,Breakout,1.29938,1.2999001274475352,1.29865,2022-04-13 02:50:00-04:00,1.29865,TP,0.00022,1.4035,0.9805,980.53
2022-04-13 08:20:00-04:00,SHORT,Retest,1.2995700000000001,1.2999858280363947,1.29926,2022-04-13 08:25:00-04:00,1.29926,TP,0.000204,0.7455,0.2549,254.91
2022-04-14 17:55:00-04:00,LONG,Bounce,1.30689,1.305959210886821,1.308,2022-04-14 19:10:00-04:00,1.305959210886821,SL,0.000756,-1.0,-1.8122,-1812.21
2022-04-15 07:10:00-04:00,SHORT,Breakout,1.30599,1.306185675979359,1.30439,2022-04-15 07:20:00-04:00,1.306185675979359,SL,0.000574,-1.0,-3.9334,-3933.42
2022-04-15 07:25:00-04:00,SHORT,Retest,1.30568,1.306199556168605,1.30439,2022-04-15 07:30:00-04:00,1.306199556168605,SL,0.000844,-1.0,-2.6245,-2624.46
2022-04-15 14:25:00-04:00,SHORT,Bounce,1.30603,1.306310145892404,1.30529,2022-04-15 14:30:00-04:00,1.306310145892404,SL,0.000866,-1.0,-4.0912,-4091.25
2022-04-17 18:00:00-04:00,SHORT,Breakout,1.30526,1.3055652060536018,1.3042,2022-04-17 18:10:00-04:00,1.3055652060536018,SL,0.000678,-1.0,-3.2215,-3221.45
2022-04-17 20:25:00-04:00,SHORT,Breakout,1.30414,1.3044135207645364,1.30322,2022-04-17 21:10:00-04:00,1.3044135207645364,SL,0.000204,-1.0,-1.7458,-1745.83
2022-04-18 03:30:00-04:00,SHORT,Breakout,1.30096,1.3018230619017117,1.29916,2022-04-18 05:05:00-04:00,1.3018230619017117,SL,0.000214,-1.0,-1.248,-1247.95
2022-04-18 12:10:00-04:00,SHORT,Breakout,1.30078,1.3013986914852187,1.30054,2022-04-18 12:20:00-04:00,1.30054,TP,0.000214,0.3879,0.042,42.02
2022-04-19 03:00:00-04:00,SHORT,Bounce,1.30056,1.3009357117790268,1.29868,2022-04-19 03:10:00-04:00,1.3009357117790268,SL,0.000188,-1.0,-1.5004,-1500.38
2022-04-19 08:20:00-04:00,SHORT,Breakout,1.30097,1.301458359591288,1.30003,2022-04-19 08:25:00-04:00,1.301458359591288,SL,0.00019,-1.0,-1.3891,-1389.06
2022-04-19 08:55:00-04:00,SHORT,Breakout,1.3000099999999999,1.300572907481285,1.29868,2022-04-19 09:05:00-04:00,1.29868,TP,0.00021,2.3627,1.9897,1989.67
2022-04-19 18:20:00-04:00,SHORT,Bounce,1.29993,1.3001759659588026,1.29855,2022-04-19 18:25:00-04:00,1.3001759659588026,SL,0.00024,-1.0,-1.9757,-1975.74
2022-04-20 09:00:00-04:00,SHORT,Bounce,1.30551,1.3061800164350974,1.29955,2022-04-20 09:35:00-04:00,1.3061800164350974,SL,0.00019,-1.0,-1.2836,-1283.58
2022-04-20 09:35:00-04:00,SHORT,Bounce,1.30585,1.3061832993712077,1.30313,2022-04-20 12:35:00-04:00,1.3061832993712077,SL,0.000204,-1.0,-1.6121,-1612.06
2022-04-20 17:05:00-04:00,SHORT,Breakout,1.30468,1.305329832657,1.3033299999999999,2022-04-20 17:10:00-04:00,1.305329832657,SL,0.001362,-1.0,-3.0959,-3095.92
2022-04-21 19:00:00-04:00,SHORT,Bounce,1.30316,1.3033507251168135,1.3023,2022-04-21 20:00:00-04:00,1.3023,TP,0.000252,4.5091,3.1878,3187.83
2022-04-21 21:00:00-04:00,SHORT,Breakout,1.30214,1.3023831453323758,1.29955,2022-04-21 21:05:00-04:00,1.3023831453323758,SL,0.00022,-1.0,-1.9048,-1904.81
2022-04-21 22:15:00-04:00,SHORT,Retest,1.30222,1.3023732360146596,1.30138,2022-04-21 22:35:00-04:00,1.3023732360146596,SL,0.000208,-1.0,-2.3574,-2357.38
2022-04-21 23:00:00-04:00,SHORT,Breakout,1.30112,1.3014600185224243,1.29955,2022-04-21 23:10:00-04:00,1.3014600185224243,SL,0.000198,-1.0,-1.5823,-1582.32
2022-04-22 09:35:00-04:00,SHORT,Breakout,1.28572,1.286294387638799,1.28525,2022-04-22 09:40:00-04:00,1.286294387638799,SL,0.000206,-1.0,-1.3586,-1358.64
2022-04-22 14:55:00-04:00,SHORT,Breakout,1.28234,1.2828911277484367,1.28185,2022-04-22 15:10:00-04:00,1.2828911277484367,SL,0.00021,-1.0,-1.381,-1381.04
2022-04-24 20:05:00-04:00,SHORT,Breakout,1.28221,1.2824549209390597,1.28185,2022-04-24 20:20:00-04:00,1.28185,TP,0.00021,1.4699,0.6124,612.44
2022-04-24 20:55:00-04:00,SHORT,Breakout,1.28206,1.2824556788143677,1.28145,2022-04-24 21:10:00-04:00,1.28145,TP,0.00021,1.5417,1.0109,1010.92
2022-04-25 02:05:00-04:00,SHORT,Breakout,1.2787899999999999,1.2795736794589003,1.27617,2022-04-25 02:25:00-04:00,1.27617,TP,0.000202,3.3432,3.0854,3085.45
2022-04-25 17:50:00-04:00,SHORT,Bounce,1.27401,1.274535821385405,1.26965,2022-04-25 20:35:00-04:00,1.274535821385405,SL,0.000418,-1.0,-1.7949,-1794.95
2022-04-26 18:20:00-04:00,SHORT,Breakout,1.25632,1.2567607050439584,1.2517,2022-04-26 18:25:00-04:00,1.2567607050439584,SL,0.000284,-1.0,-1.6444,-1644.42
2022-04-26 21:30:00-04:00,SHORT,Bounce,1.25826,1.258783228173788,1.25683,2022-04-26 22:00:00-04:00,1.258783228173788,SL,0.0002,-1.0,-1.3822,-1382.24
2022-04-27 02:50:00-04:00,SHORT,Breakout,1.25705,1.257414332503245,1.25592,2022-04-27 02:55:00-04:00,1.257414332503245,SL,0.000194,-1.0,-1.5325,-1532.48
2022-04-27 03:05:00-04:00,SHORT,Breakout,1.25686,1.2574250963956375,1.25592,2022-04-27 03:15:00-04:00,1.25592,TP,0.000194,1.6634,1.3201,1320.13
2022-04-27 04:55:00-04:00,SHORT,Breakout,1.2537099999999999,1.2542410279028648,1.2517,2022-04-27 05:00:00-04:00,1.2542410279028648,SL,0.000194,-1.0,-1.3653,-1365.33
2022-04-27 20:55:00-04:00,SHORT,Breakout,1.25315,1.2533050855518115,1.25017,2022-04-27 21:00:00-04:00,1.2533050855518115,SL,0.000192,-1.0,-2.238,-2238.03
2022-04-27 22:20:00-04:00,SHORT,Retest,1.25293,1.2533256858640964,1.25017,2022-04-27 22:35:00-04:00,1.2533256858640964,SL,0.000214,-1.0,-1.5408,-1540.83
2022-04-27 23:15:00-04:00,SHORT,Breakout,1.25207,1.2526546171269504,1.25017,2022-04-28 01:40:00-04:00,1.25017,TP,0.000194,3.25,2.9181,2918.15
2022-04-28 06:30:00-04:00,SHORT,Breakout,1.24864,1.2492262549290363,1.24619,2022-04-28 07:00:00-04:00,1.24619,TP,0.000192,4.1791,3.8516,3851.57
2022-04-29 07:45:00-04:00,SHORT,Breakout,1.25455,1.255422869416394,1.24648,2022-04-29 07:55:00-04:00,1.255422869416394,SL,0.000212,-1.0,-1.2429,-1242.88
2022-04-29 09:05:00-04:00,SHORT,Retest,1.25461,1.255453200814414,1.24648,2022-04-29 09:20:00-04:00,1.255453200814414,SL,0.0002,-1.0,-1.2372,-1237.19
2022-05-02 08:30:00-04:00,SHORT,Breakout,1.25553,1.2564390444754536,1.25385,2022-05-02 08:55:00-04:00,1.25385,TP,0.00022,1.8481,1.6061,1606.08
2022-05-03 00:55:00-04:00,SHORT,Breakout,1.25118,1.251544454582193,1.25085,2022-05-03 01:10:00-04:00,1.251544454582193,SL,0.000218,-1.0,-1.5982,-1598.15
2022-05-03 02:00:00-04:00,SHORT,Breakout,1.25129,1.2515511071949867,1.24903,2022-05-03 02:30:00-04:00,1.2515511071949867,SL,0.00022,-1.0,-1.8426,-1842.57
2022-05-03 02:55:00-04:00,SHORT,Breakout,1.25114,1.2515824170107732,1.24903,2022-05-03 03:00:00-04:00,1.2515824170107732,SL,0.00022,-1.0,-1.4973,-1497.27
2022-05-03 22:35:00-04:00,SHORT,Breakout,1.2487300000000001,1.2488991763682993,1.24791,2022-05-03 22:40:00-04:00,1.2488991763682993,SL,0.000196,-1.0,-2.1586,-2158.55
2022-05-04 01:00:00-04:00,SHORT,Breakout,1.24759,1.248152690706682,1.24693,2022-05-04 02:00:00-04:00,1.24693,TP,0.00022,1.1729,0.782,781.96
2022-05-04 02:20:00-04:00,SHORT,Breakout,1.24758,1.2481828301149245,1.24648,2022-05-04 02:25:00-04:00,1.2481828301149245,SL,0.00022,-1.0,-1.3649,-1364.95
2022-05-04 09:40:00-04:00,SHORT,Breakout,1.24977,1.250293280115185,1.2465600000000001,2022-05-04 10:55:00-04:00,1.250293280115185,SL,0.000204,-1.0,-1.3898,-1389.85
2022-05-04 14:30:00-04:00,SHORT,Breakout,1.24594,1.2480899847258846,1.24399,2022-05-04 14:35:00-04:00,1.2480899847258846,SL,0.000208,-1.0,-1.0967,-1096.74
2022-05-04 19:55:00-04:00,SHORT,Breakout,1.26158,1.262049768457471,1.245,2022-05-04 20:00:00-04:00,1.262049768457471,SL,0.000214,-1.0,-1.4555,-1455.54
2022-05-04 20:05:00-04:00,SHORT,Breakout,1.26176,1.2620619840271052,1.245,2022-05-04 20:10:00-04:00,1.2620619840271052,SL,0.000202,-1.0,-1.6689,-1668.91
2022-05-05 02:30:00-04:00,SHORT,Breakout,1.2539500000000001,1.2542286288651163,1.245,2022-05-05 03:45:00-04:00,1.2542286288651163,SL,0.000212,-1.0,-1.7609,-1760.87
2022-05-05 07:00:00-04:00,SHORT,Breakout,1.24921,1.2523787397634263,1.245,2022-05-05 07:20:00-04:00,1.245,TP,0.000204,1.3286,1.2642,1264.22
2022-05-05 21:15:00-04:00,SHORT,Breakout,1.23555,1.2358705328891162,1.23493,2022-05-05 21:20:00-04:00,1.23493,TP,0.000198,1.9343,1.3166,1316.56
2022-05-06 08:50:00-04:00,SHORT,Breakout,1.23223,1.232754704131738,1.22747,2022-05-06 09:00:00-04:00,1.232754704131738,SL,0.000184,-1.0,-1.3507,-1350.67
2022-05-06 09:35:00-04:00,SHORT,Breakout,1.23125,1.2327646871865308,1.22747,2022-05-06 09:50:00-04:00,1.2327646871865308,SL,0.000208,-1.0,-1.1373,-1137.32
2022-05-08 20:15:00-04:00,SHORT,Breakout,1.23177,1.2322701586728404,1.23,2022-05-08 20:20:00-04:00,1.2322701586728404,SL,0.00022,-1.0,-1.4399,-1439.86
2022-05-08 20:30:00-04:00,SHORT,Breakout,1.23193,1.232275957217285,1.23,2022-05-08 21:20:00-04:00,1.23,TP,0.00022,5.5787,4.9428,4942.81
2022-05-09 02:05:00-04:00,SHORT,Breakout,1.22811,1.2286331085075808,1.2260900000000001,2022-05-09 02:10:00-04:00,1.2286331085075808,SL,0.000212,-1.0,-1.4053,-1405.27
2022-05-09 02:10:00-04:00,SHORT,Retest,1.2279200000000001,1.2286363150427535,1.2260900000000001,2022-05-09 02:55:00-04:00,1.2260900000000001,TP,0.00022,2.5547,2.2476,2247.61
2022-05-09 03:20:00-04:00,SHORT,Breakout,1.22663,1.2268960874373323,1.22566,2022-05-09 03:25:00-04:00,1.2268960874373323,SL,0.00019,-1.0,-1.7141,-1714.05
2022-05-09 20:15:00-04:00,SHORT,Breakout,1.23183,1.2322309585916396,1.22998,2022-05-09 20:20:00-04:00,1.2322309585916396,SL,0.000206,-1.0,-1.5138,-1513.77
2022-05-10 05:50:00-04:00,SHORT,Breakout,1.23114,1.2317760571708611,1.22998,2022-05-10 06:05:00-04:00,1.2317760571708611,SL,0.000214,-1.0,-1.3364,-1336.45
2022-05-10 20:15:00-04:00,SHORT,Bounce,1.23139,1.2317334893491374,1.23019,2022-05-10 20:30:00-04:00,1.2317334893491374,SL,0.00022,-1.0,-1.6405,-1640.49
2022-05-11 04:00:00-04:00,SHORT,Bounce,1.23443,1.2347360197773016,1.23114,2022-05-11 04:05:00-04:00,1.2347360197773016,SL,0.000218,-1.0,-1.7124,-1712.37
2022-05-11 04:05:00-04:00,SHORT,Bounce,1.23417,1.234740018364637,1.23114,2022-05-11 04:15:00-04:00,1.234740018364637,SL,0.000216,-1.0,-1.3789,-1378.94
2022-05-11 08:30:00-04:00,SHORT,Breakout,1.23204,1.2324719640533033,1.22903,2022-05-11 08:35:00-04:00,1.22903,TP,0.000208,6.9682,6.4867,6486.65
2022-05-11 08:35:00-04:00,SHORT,Breakout,1.2282,1.2325159666209244,1.22678,2022-05-11 09:10:00-04:00,1.2325159666209244,SL,0.000194,-1.0,-1.0449,-1044.95
2022-05-11 09:30:00-04:00,SHORT,Bounce,1.23519,1.2367002469536443,1.22678,2022-05-11 09:35:00-04:00,1.2367002469536443,SL,0.000184,-1.0,-1.1218,-1121.83
2022-05-12 01:20:00-04:00,SHORT,Breakout,1.22035,1.2210149131348775,1.21774,2022-05-12 02:30:00-04:00,1.2210149131348775,SL,0.000198,-1.0,-1.2978,-1297.78
2022-05-12 08:30:00-04:00,SHORT,Bounce,1.2209699999999999,1.2219823202543616,1.21637,2022-05-12 08:35:00-04:00,1.2219823202543616,SL,0.000204,-1.0,-1.2015,-1201.52
2022-05-12 15:30:00-04:00,SHORT,Bounce,1.21881,1.2193666557401976,1.21721,2022-05-12 15:50:00-04:00,1.2193666557401976,SL,0.00022,-1.0,-1.3952,-1395.22
2022-05-13 02:15:00-04:00,SHORT,Breakout,1.2206299999999999,1.2211264148915566,1.2192,2022-05-13 02:20:00-04:00,1.2211264148915566,SL,0.00022,-1.0,-1.4432,-1443.18
2022-05-13 02:25:00-04:00,SHORT,Breakout,1.22084,1.2211313373299646,1.2192,2022-05-13 02:30:00-04:00,1.2211313373299646,SL,0.00022,-1.0,-1.7551,-1755.14
2022-05-13 03:00:00-04:00,SHORT,Breakout,1.2208700000000001,1.2211602629354585,1.2192,2022-05-13 03:05:00-04:00,1.2211602629354585,SL,0.000202,-1.0,-1.6959,-1695.92
2022-05-13 05:10:00-04:00,SHORT,Retest,1.22045,1.221181167112212,1.2192,2022-05-13 05:20:00-04:00,1.2192,TP,0.000214,1.7096,1.4169,1416.91
2022-05-13 09:45:00-04:00,SHORT,Breakout,1.21639,1.2174466003231108,1.2117,2022-05-13 09:50:00-04:00,1.2174466003231108,SL,0.0002,-1.0,-1.1893,-1189.29
2022-05-16 02:40:00-04:00,SHORT,Breakout,1.22292,1.2232511629175526,1.22125,2022-05-16 03:00:00-04:00,1.2232511629175526,SL,0.00022,-1.0,-1.6643,-1664.33
2022-05-16 03:00:00-04:00,SHORT,Retest,1.22216,1.223269198877765,1.22125,2022-05-16 03:25:00-04:00,1.223269198877765,SL,0.000218,-1.0,-1.1965,-1196.54
2022-05-16 04:45:00-04:00,SHORT,Retest,1.22271,1.2233013374373793,1.22162,2022-05-16 04:55:00-04:00,1.2233013374373793,SL,0.000212,-1.0,-1.3585,-1358.51
2022-05-16 09:55:00-04:00,SHORT,Breakout,1.22394,1.2245109405128036,1.22183,2022-05-16 10:00:00-04:00,1.2245109405128036,SL,0.000202,-1.0,-1.3538,-1353.8
2022-05-16 21:05:00-04:00,SHORT,Bounce,1.23221,1.2326981802121766,1.23131,2022-05-16 21:10:00-04:00,1.2326981802121766,SL,0.0002,-1.0,-1.4097,-1409.68
2022-05-17 09:40:00-04:00,SHORT,Breakout,1.24553,1.2464373186739783,1.24414,2022-05-17 09:55:00-04:00,1.2464373186739783,SL,0.000196,-1.0,-1.216,-1216.02
2022-05-17 20:00:00-04:00,SHORT,Bounce,1.24865,1.2495761792329576,1.24514,2022-05-17 20:05:00-04:00,1.2495761792329576,SL,0.00022,-1.0,-1.2375,-1237.54
2022-05-17 20:45:00-04:00,SHORT,Bounce,1.2494,1.2495933544346316,1.24836,2022-05-17 20:50:00-04:00,1.2495933544346316,SL,0.00021,-1.0,-2.0861,-2086.09
2022-05-17 21:30:00-04:00,SHORT,Breakout,1.24767,1.2484617739196238,1.24514,2022-05-17 21:55:00-04:00,1.2484617739196238,SL,0.000216,-1.0,-1.2728,-1272.81
2022-05-19 18:15:00-04:00,SHORT,Breakout,1.24594,1.2461755967248314,1.24092,2022-05-19 18:40:00-04:00,1.2461755967248314,SL,0.000324,-1.0,-2.3752,-2375.23
2022-05-19 20:15:00-04:00,SHORT,Breakout,1.24548,1.2457710214424331,1.24092,2022-05-19 20:20:00-04:00,1.2457710214424331,SL,0.000208,-1.0,-1.7147,-1714.72
2022-05-19 20:45:00-04:00,SHORT,Breakout,1.24549,1.2457679360007747,1.24092,2022-05-19 20:50:00-04:00,1.2457679360007747,SL,0.00022,-1.0,-1.7915,-1791.55
2022-05-22 20:15:00-04:00,LONG,Breakout,1.25116,1.2507051399673224,1.25238,2022-05-22 20:30:00-04:00,1.25238,TP,0.000216,2.6821,2.2073,2207.27
2022-05-23 01:45:00-04:00,LONG,Breakout,1.25653,1.255133738446845,1.2576100000000001,2022-05-23 02:05:00-04:00,1.255133738446845,SL,0.000218,-1.0,-1.1561,-1156.13
2022-05-23 02:10:00-04:00,LONG,Breakout,1.25543,1.2551190845874198,1.2576100000000001,2022-05-23 03:40:00-04:00,1.2551190845874198,SL,0.00022,-1.0,-1.7076,-1707.59
2022-05-23 04:00:00-04:00,LONG,Breakout,1.25594,1.2550782502436555,1.2576100000000001,2022-05-23 04:10:00-04:00,1.2550782502436555,SL,0.000206,-1.0,-1.239,-1239.05
2022-05-24 01:15:00-04:00,LONG,Breakout,1.2569,1.2564999569856088,1.2588599999999999,2022-05-24 01:30:00-04:00,1.2564999569856088,SL,0.000214,-1.0,-1.5349,-1534.94
2022-05-24 01:50:00-04:00,LONG,Breakout,1.25671,1.2564928457422186,1.2588599999999999,2022-05-24 03:00:00-04:00,1.2588599999999999,TP,0.000216,9.9008,8.9061,8906.11
2022-05-24 09:50:00-04:00,LONG,Breakout,1.25266,1.251943139531899,1.25979,2022-05-24 09:55:00-04:00,1.251943139531899,SL,0.00019,-1.0,-1.265,-1265.04
2022-05-24 18:15:00-04:00,LONG,Breakout,1.25404,1.2535959047522662,1.25537,2022-05-24 20:05:00-04:00,1.2535959047522662,SL,0.00022,-1.0,-1.4954,-1495.39
2022-05-25 01:15:00-04:00,LONG,Breakout,1.25385,1.253399045039732,1.25482,2022-05-25 01:30:00-04:00,1.253399045039732,SL,0.000216,-1.0,-1.479,-1478.98
2022-05-25 02:45:00-04:00,LONG,Breakout,1.25448,1.2540538784183142,1.25482,2022-05-25 02:50:00-04:00,1.25482,TP,0.00021,0.7979,0.3051,305.08
2022-05-25 03:20:00-04:00,LONG,Breakout,1.25495,1.2539940583175713,1.25979,2022-05-25 03:30:00-04:00,1.2539940583175713,SL,0.000192,-1.0,-1.2008,-1200.85
2022-05-25 14:00:00-04:00,LONG,Breakout,1.25674,1.255579596561071,1.25979,2022-05-25 14:05:00-04:00,1.255579596561071,SL,0.000204,-1.0,-1.1758,-1175.8
2022-05-25 14:10:00-04:00,LONG,Breakout,1.2561499999999999,1.255535927647046,1.25979,2022-05-25 20:30:00-04:00,1.25979,TP,0.000206,5.9276,5.5922,5592.17
2022-05-25 21:20:00-04:00,LONG,Retest,1.2600500000000001,1.2592512802262268,1.26323,2022-05-25 21:30:00-04:00,1.2592512802262268,SL,0.00021,-1.0,-1.2629,-1262.92
2022-05-26 00:25:00-04:00,LONG,Bounce,1.25782,1.257247197578763,1.25964,2022-05-26 00:40:00-04:00,1.257247197578763,SL,0.000214,-1.0,-1.3736,-1373.6
2022-05-26 21:30:00-04:00,LONG,Breakout,1.26289,1.2623712215127176,1.26323,2022-05-26 21:35:00-04:00,1.2623712215127176,SL,0.00022,-1.0,-1.4241,-1424.07
2022-05-26 21:45:00-04:00,LONG,Breakout,1.26459,1.2623461762621868,1.26966,2022-05-27 02:40:00-04:00,1.2623461762621868,SL,0.0002,-1.0,-1.0891,-1089.13
2022-05-31 02:30:00-04:00,LONG,Bounce,1.26055,1.2601091910583424,1.26211,2022-05-31 02:35:00-04:00,1.2601091910583424,SL,0.000218,-1.0,-1.4945,-1494.55
2022-05-31 03:05:00-04:00,LONG,Bounce,1.26124,1.260070983987959,1.26211,2022-05-31 03:20:00-04:00,1.26211,TP,0.000204,0.7442,0.5697,569.71
2022-05-31 20:35:00-04:00,LONG,Breakout,1.26115,1.2610257209040179,1.2622900000000001,2022-05-31 20:40:00-04:00,1.2610257209040179,SL,0.00022,-1.0,-2.7702,-2770.21
2022-06-01 02:20:00-04:00,LONG,Breakout,1.25922,1.258544253427493,1.2603,2022-06-01 02:30:00-04:00,1.258544253427493,SL,0.000216,-1.0,-1.3196,-1319.65
2022-06-01 07:55:00-04:00,LONG,Bounce,1.25719,1.2570124352468912,1.26037,2022-06-01 08:00:00-04:00,1.2570124352468912,SL,0.000196,-1.0,-2.1038,-2103.82
2022-06-01 20:20:00-04:00,LONG,Breakout,1.24879,1.248549915046033,1.24967,2022-06-01 20:50:00-04:00,1.248549915046033,SL,0.000236,-1.0,-1.983,-1982.99
2022-06-02 19:55:00-04:00,SHORT,Bounce,1.25773,1.2578041266123898,1.25636,2022-06-02 20:20:00-04:00,1.2578041266123898,SL,0.00017,-1.0,-3.2934,-3293.37
2022-06-03 07:00:00-04:00,LONG,Bounce,1.2567300000000001,1.2563538696116812,1.25754,2022-06-03 07:10:00-04:00,1.2563538696116812,SL,0.000168,-1.0,-1.4467,-1446.65
2022-06-06 11:10:00-04:00,SHORT,Breakout,1.25382,1.2541838763615039,1.2515100000000001,2022-06-06 11:55:00-04:00,1.2541838763615039,SL,0.000166,-1.0,-1.4562,-1456.2
2022-06-06 19:05:00-04:00,SHORT,Breakout,1.25245,1.2525408954280668,1.2515100000000001,2022-06-06 19:20:00-04:00,1.2515100000000001,TP,0.000168,10.3416,8.4933,8493.28
2022-06-06 20:30:00-04:00,SHORT,Breakout,1.25125,1.2514977321975431,1.24896,2022-06-06 20:35:00-04:00,1.2514977321975431,SL,0.00017,-1.0,-1.6862,-1686.22
2022-06-06 21:00:00-04:00,SHORT,Breakout,1.25116,1.2515116609382957,1.24896,2022-06-07 00:30:00-04:00,1.2515116609382957,SL,0.00017,-1.0,-1.4834,-1483.42
2022-06-07 00:45:00-04:00,SHORT,Breakout,1.24885,1.249230146243324,1.24749,2022-06-07 00:50:00-04:00,1.249230146243324,SL,0.000186,-1.0,-1.4893,-1489.29
2022-06-07 19:55:00-04:00,SHORT,Breakout,1.25864,1.2587577959471223,1.25766,2022-06-07 20:00:00-04:00,1.2587577959471223,SL,0.00017,-1.0,-2.4432,-2443.17
2022-06-08 17:55:00-04:00,LONG,Bounce,1.25355,1.2532680004427752,1.25421,2022-06-08 19:30:00-04:00,1.25421,TP,0.00038,2.3404,0.9929,992.91
2022-06-08 23:45:00-04:00,LONG,Breakout,1.2545899999999999,1.2544250196385367,1.25634,2022-06-08 23:50:00-04:00,1.2544250196385367,SL,0.00017,-1.0,-2.0304,-2030.43
2022-06-10 03:30:00-04:00,SHORT,Breakout,1.24877,1.2494424549787064,1.24294,2022-06-10 07:30:00-04:00,1.24294,TP,0.00016,8.6697,8.4318,8431.79
2022-06-12 19:45:00-04:00,SHORT,Breakout,1.22738,1.2290353285248647,1.22352,2022-06-13 00:15:00-04:00,1.2290353285248647,SL,0.000204,-1.0,-1.1232,-1123.24
2022-06-13 01:45:00-04:00,SHORT,Bounce,1.22905,1.229257798762001,1.22769,2022-06-13 02:00:00-04:00,1.22769,TP,0.000164,6.5448,5.7556,5755.57
2022-06-13 02:00:00-04:00,SHORT,Breakout,1.22622,1.2278261493732203,1.22352,2022-06-13 03:55:00-04:00,1.22352,TP,0.00016,1.681,1.5814,1581.42
2022-06-13 18:10:00-04:00,SHORT,Bounce,1.21312,1.213718120542593,1.21056,2022-06-13 18:35:00-04:00,1.213718120542593,SL,0.000338,-1.0,-1.5651,-1565.1
2022-06-16 01:35:00-04:00,SHORT,Breakout,1.21344,1.2142563484421725,1.20269,2022-06-16 02:00:00-04:00,1.2142563484421725,SL,0.000234,-1.0,-1.2866,-1286.64
2022-06-16 02:30:00-04:00,SHORT,Breakout,1.21323,1.2142833912607058,1.20269,2022-06-16 06:05:00-04:00,1.2142833912607058,SL,0.00017,-1.0,-1.1614,-1161.38
2022-06-16 07:10:00-04:00,SHORT,Breakout,1.2046999999999999,1.2061899779314436,1.20269,2022-06-16 07:15:00-04:00,1.2061899779314436,SL,0.000166,-1.0,-1.1114,-1111.41
2022-06-16 20:05:00-04:00,SHORT,Breakout,1.23373,1.2345216210262342,1.22235,2022-06-17 09:55:00-04:00,1.22235,TP,0.00029,14.3756,14.0092,14009.23
2022-06-19 18:45:00-04:00,SHORT,Bounce,1.2223,1.2227065425836308,1.22041,2022-06-19 19:40:00-04:00,1.2227065425836308,SL,0.000342,-1.0,-1.8412,-1841.24
2022-06-20 03:15:00-04:00,SHORT,Breakout,1.22251,1.2228195337320444,1.21979,2022-06-20 03:20:00-04:00,1.2228195337320444,SL,0.00017,-1.0,-1.5492,-1549.21
2022-06-20 03:50:00-04:00,SHORT,Breakout,1.22206,1.2228555233082212,1.21979,2022-06-20 04:00:00-04:00,1.2228555233082212,SL,0.000168,-1.0,-1.2112,-1211.18
2022-06-20 13:55:00-04:00,SHORT,Breakout,1.22337,1.2238318379008288,1.22249,2022-06-20 14:40:00-04:00,1.2238318379008288,SL,0.000168,-1.0,-1.3638,-1363.76
2022-06-21 06:55:00-04:00,SHORT,Breakout,1.22804,1.2288681992778017,1.22438,2022-06-21 09:50:00-04:00,1.2288681992778017,SL,0.000164,-1.0,-1.198,-1198.02
2022-06-21 14:45:00-04:00,SHORT,Breakout,1.22619,1.2264464897745384,1.22573,2022-06-21 14:50:00-04:00,1.2264464897745384,SL,0.000162,-1.0,-1.6316,-1631.6
2022-06-21 20:00:00-04:00,SHORT,Retest,1.22599,1.226596262084908,1.22573,2022-06-21 20:05:00-04:00,1.22573,TP,0.000226,0.4289,0.0561,56.08
2022-06-22 02:30:00-04:00,SHORT,Breakout,1.22263,1.2237231154285577,1.21979,2022-06-22 03:05:00-04:00,1.21979,TP,0.00017,2.5981,2.4426,2442.56
2022-06-22 09:35:00-04:00,SHORT,Bounce,1.22647,1.227375439637746,1.22344,2022-06-22 09:40:00-04:00,1.227375439637746,SL,0.000168,-1.0,-1.1855,-1185.55
2022-06-22 21:00:00-04:00,SHORT,Breakout,1.2252399999999999,1.2259562188851802,1.22344,2022-06-22 21:05:00-04:00,1.2259562188851802,SL,0.00017,-1.0,-1.2374,-1237.36
2022-06-22 22:50:00-04:00,SHORT,Retest,1.22549,1.225971381322065,1.21603,2022-06-22 22:55:00-04:00,1.225971381322065,SL,0.00017,-1.0,-1.3532,-1353.15
2022-06-23 02:05:00-04:00,SHORT,Breakout,1.22433,1.2249040201746728,1.223,2022-06-23 02:45:00-04:00,1.223,TP,0.00017,2.317,2.0208,2020.83
2022-06-23 20:15:00-04:00,SHORT,Breakout,1.22518,1.2255475222561394,1.22485,2022-06-23 20:20:00-04:00,1.2255475222561394,SL,0.00019,-1.0,-1.517,-1516.98
2022-06-24 07:00:00-04:00,SHORT,Bounce,1.22982,1.2308284063775305,1.22423,2022-06-24 10:00:00-04:00,1.2308284063775305,SL,0.00015,-1.0,-1.1487,-1148.75
2022-06-26 18:00:00-04:00,SHORT,Bounce,1.22708,1.227760825895969,1.22605,2022-06-26 18:30:00-04:00,1.227760825895969,SL,0.00038,-1.0,-1.5581,-1558.15
2022-06-28 02:00:00-04:00,SHORT,Breakout,1.22594,1.2261139279211513,1.22372,2022-06-28 02:05:00-04:00,1.2261139279211513,SL,0.00017,-1.0,-1.9774,-1977.42
2022-06-28 03:10:00-04:00,SHORT,Bounce,1.22774,1.2281239827418866,1.22574,2022-06-28 03:25:00-04:00,1.22574,TP,0.00017,5.2086,4.7658,4765.84
2022-06-28 10:50:00-04:00,SHORT,Breakout,1.21953,1.2206656836680532,1.21688,2022-06-28 11:15:00-04:00,1.2206656836680532,SL,0.00015,-1.0,-1.1321,-1132.08
2022-06-28 20:50:00-04:00,SHORT,Bounce,1.21895,1.2192710805044213,1.21743,2022-06-28 20:55:00-04:00,1.2192710805044213,SL,0.000154,-1.0,-1.4796,-1479.63
2022-06-29 01:55:00-04:00,SHORT,Breakout,1.21897,1.2194476384965562,1.21743,2022-06-29 02:05:00-04:00,1.2194476384965562,SL,0.00017,-1.0,-1.3559,-1355.92
2022-06-29 07:45:00-04:00,SHORT,Breakout,1.21509,1.2155295127995118,1.20404,2022-06-29 08:00:00-04:00,1.2155295127995118,SL,0.000148,-1.0,-1.3367,-1336.74
2022-06-29 09:25:00-04:00,SHORT,Retest,1.21442,1.215586461249727,1.20404,2022-06-29 11:55:00-04:00,1.215586461249727,SL,0.000148,-1.0,-1.1269,-1126.88
2022-06-29 21:30:00-04:00,SHORT,Breakout,1.21131,1.2119401550259914,1.21049,2022-06-29 21:40:00-04:00,1.2119401550259914,SL,0.00019,-1.0,-1.3015,-1301.51
2022-06-30 18:15:00-04:00,SHORT,Breakout,1.21641,1.2166189253411326,1.21228,2022-06-30 18:40:00-04:00,1.2166189253411326,SL,0.000358,-1.0,-2.7135,-2713.53
2022-07-01 03:10:00-04:00,SHORT,Breakout,1.21067,1.2111572775917425,1.20911,2022-07-01 03:35:00-04:00,1.2111572775917425,SL,0.000154,-1.0,-1.316,-1316.04
2022-07-01 05:10:00-04:00,SHORT,Breakout,1.20902,1.2094413227774508,1.20404,2022-07-01 05:15:00-04:00,1.2094413227774508,SL,0.000132,-1.0,-1.3133,-1313.3
2022-07-01 05:40:00-04:00,SHORT,Retest,1.20829,1.2094340860913746,1.20404,2022-07-01 07:35:00-04:00,1.20404,TP,0.000144,3.7148,3.5889,3588.89
2022-07-03 21:10:00-04:00,SHORT,Breakout,1.20962,1.2098337974055546,1.20853,2022-07-03 21:15:00-04:00,1.2098337974055546,SL,0.000164,-1.0,-1.7671,-1767.08
2022-07-03 21:20:00-04:00,SHORT,Breakout,1.20939,1.2098362844976467,1.20853,2022-07-03 21:40:00-04:00,1.2098362844976467,SL,0.00017,-1.0,-1.3809,-1380.92
2022-07-03 22:00:00-04:00,SHORT,Retest,1.20956,1.2098322469375478,1.20853,2022-07-03 22:05:00-04:00,1.2098322469375478,SL,0.000188,-1.0,-1.6905,-1690.55
2022-07-05 03:05:00-04:00,SHORT,Breakout,1.20944,1.210156655132016,1.20834,2022-07-05 03:10:00-04:00,1.20834,TP,0.000188,1.5349,1.2726,1272.58
2022-07-05 21:35:00-04:00,SHORT,Bounce,1.19571,1.1959543401205297,1.19432,2022-07-05 21:45:00-04:00,1.1959543401205297,SL,0.00017,-1.0,-1.6958,-1695.75
2022-07-06 17:50:00-04:00,SHORT,Breakout,1.19139,1.1916094731779718,1.19072,2022-07-06 17:55:00-04:00,1.1916094731779718,SL,0.000378,-1.0,-2.7223,-2722.31
2022-07-06 20:05:00-04:00,SHORT,Breakout,1.19107,1.1913758087415929,1.19072,2022-07-06 20:15:00-04:00,1.1913758087415929,SL,0.00022,-1.0,-1.7194,-1719.4
2022-07-06 20:50:00-04:00,SHORT,Bounce,1.19218,1.1926560635133245,1.19072,2022-07-06 20:55:00-04:00,1.1926560635133245,SL,0.00017,-1.0,-1.3571,-1357.1
2022-07-07 20:00:00-04:00,SHORT,Bounce,1.2031100000000001,1.2033194033845447,1.20181,2022-07-07 20:45:00-04:00,1.2033194033845447,SL,0.00017,-1.0,-1.8118,-1811.83
2022-07-08 02:50:00-04:00,SHORT,Breakout,1.1994799999999999,1.1998867781273324,1.19885,2022-07-08 02:55:00-04:00,1.1998867781273324,SL,0.00016,-1.0,-1.3933,-1393.33
2022-07-08 03:05:00-04:00,SHORT,Breakout,1.19937,1.1998910596012204,1.19885,2022-07-08 03:10:00-04:00,1.19885,TP,0.000164,0.998,0.6832,683.22
2022-07-08 03:10:00-04:00,SHORT,Retest,1.19908,1.1998948410582762,1.19474,2022-07-08 03:35:00-04:00,1.19474,TP,0.000164,5.3262,5.1249,5124.93
2022-07-10 18:25:00-04:00,SHORT,Bounce,1.2027,1.2032362191287147,1.20194,2022-07-10 19:20:00-04:00,1.20194,TP,0.000296,1.4173,0.8653,865.32
2022-07-10 19:20:00-04:00,SHORT,Breakout,1.2016499999999999,1.202029821548417,1.20112,2022-07-10 19:25:00-04:00,1.202029821548417,SL,0.00017,-1.0,-1.4476,-1447.58
2022-07-12 01:20:00-04:00,SHORT,Breakout,1.18548,1.1860098330741562,1.1818,2022-07-12 01:25:00-04:00,1.1860098330741562,SL,0.000162,-1.0,-1.3058,-1305.76
2022-07-12 18:20:00-04:00,SHORT,Breakout,1.18802,1.1881857632149868,1.18583,2022-07-12 18:45:00-04:00,1.1881857632149868,SL,0.000224,-1.0,-2.3513,-2351.33
2022-07-12 18:50:00-04:00,SHORT,Breakout,1.188,1.188174661852997,1.18583,2022-07-12 19:40:00-04:00,1.188174661852997,SL,0.00017,-1.0,-1.9733,-1973.31
2022-07-12 19:45:00-04:00,SHORT,Breakout,1.18796,1.1881716484478866,1.18583,2022-07-12 20:00:00-04:00,1.1881716484478866,SL,0.000212,-1.0,-2.0017,-2001.66
2022-07-12 21:40:00-04:00,SHORT,Breakout,1.1872,1.1874826991959555,1.18583,2022-07-12 21:45:00-04:00,1.1874826991959555,SL,0.00017,-1.0,-1.6013,-1601.35
2022-07-13 08:30:00-04:00,SHORT,Breakout,1.185,1.1878724629476338,1.18326,2022-07-13 08:35:00-04:00,1.18326,TP,0.000152,0.6058,0.5528,552.84
2022-07-13 14:00:00-04:00,SHORT,Breakout,1.19027,1.1916932195583296,1.18453,2022-07-13 14:30:00-04:00,1.1916932195583296,SL,0.00017,-1.0,-1.1194,-1119.45
2022-07-13 14:45:00-04:00,SHORT,Retest,1.19131,1.1916643038399035,1.18453,2022-07-14 01:50:00-04:00,1.18453,TP,0.00017,19.1361,18.6563,18656.3
2022-07-14 02:45:00-04:00,SHORT,Breakout,1.18439,1.1846817833207266,1.18265,2022-07-14 03:00:00-04:00,1.1846817833207266,SL,0.000168,-1.0,-1.5758,-1575.77
2022-07-15 01:00:00-04:00,SHORT,Breakout,1.18217,1.182541466251811,1.18176,2022-07-15 01:10:00-04:00,1.182541466251811,SL,0.00017,-1.0,-1.4576,-1457.65
2022-07-15 08:30:00-04:00,SHORT,Breakout,1.18098,1.1826961399605411,1.18033,2022-07-15 08:35:00-04:00,1.1826961399605411,SL,0.000168,-1.0,-1.0979,-1097.89
2022-07-17 23:10:00-04:00,SHORT,Bounce,1.18996,1.1905668928819053,1.18733,2022-07-17 23:25:00-04:00,1.1905668928819053,SL,0.000166,-1.0,-1.2735,-1273.52
2022-07-18 02:50:00-04:00,SHORT,Bounce,1.19036,1.1907918777978774,1.18733,2022-07-18 02:55:00-04:00,1.1907918777978774,SL,0.00017,-1.0,-1.3936,-1393.63
2022-07-18 09:35:00-04:00,SHORT,Bounce,1.19857,1.199275944189148,1.19517,2022-07-18 09:40:00-04:00,1.199275944189148,SL,0.000168,-1.0,-1.238,-1237.98
2022-07-18 20:00:00-04:00,SHORT,Breakout,1.19433,1.194682957063127,1.18773,2022-07-18 23:10:00-04:00,1.194682957063127,SL,0.00017,-1.0,-1.4816,-1481.64
2022-07-19 09:50:00-04:00,SHORT,Bounce,1.20218,1.2033831253623724,1.19992,2022-07-19 10:10:00-04:00,1.2033831253623724,SL,0.00015,-1.0,-1.1247,-1124.68
2022-07-19 10:10:00-04:00,SHORT,Bounce,1.20188,1.2034134587014451,1.19992,2022-07-19 11:00:00-04:00,1.2034134587014451,SL,0.000148,-1.0,-1.0965,-1096.51
2022-07-20 20:00:00-04:00,LONG,Bounce,1.19649,1.196310433864636,1.19808,2022-07-20 20:05:00-04:00,1.196310433864636,SL,0.00017,-1.0,-1.9467,-1946.73
2022-07-20 20:35:00-04:00,LONG,Bounce,1.19646,1.196301189817848,1.19808,2022-07-20 21:05:00-04:00,1.196301189817848,SL,0.00017,-1.0,-2.0705,-2070.46
2022-07-22 01:10:00-04:00,SHORT,Breakout,1.19561,1.1958972655152544,1.19501,2022-07-22 01:15:00-04:00,1.1958972655152544,SL,0.00017,-1.0,-1.5918,-1591.79
2022-07-22 01:20:00-04:00,SHORT,Breakout,1.19573,1.195899438122847,1.19501,2022-07-22 01:25:00-04:00,1.195899438122847,SL,0.000168,-1.0,-1.9915,-1991.51
2022-07-22 03:30:00-04:00,SHORT,Breakout,1.19329,1.1952673384171544,1.18889,2022-07-22 04:30:00-04:00,1.1952673384171544,SL,0.00017,-1.0,-1.086,-1085.97
2022-07-26 01:45:00-04:00,LONG,Bounce,1.20611,1.2058535497011975,1.20894,2022-07-26 01:55:00-04:00,1.2058535497011975,SL,0.000186,-1.0,-1.7253,-1725.29
2022-07-26 03:30:00-04:00,LONG,Bounce,1.20566,1.2047241935667732,1.20698,2022-07-26 03:45:00-04:00,1.2047241935667732,SL,0.00017,-1.0,-1.1817,-1181.66
2022-07-26 09:00:00-04:00,LONG,Breakout,1.20142,1.2001378163767613,1.20662,2022-07-26 09:10:00-04:00,1.2001378163767613,SL,0.00016,-1.0,-1.1248,-1124.79
2022-07-26 19:40:00-04:00,LONG,Breakout,1.20364,1.2033701221408772,1.20411,2022-07-26 20:00:00-04:00,1.2033701221408772,SL,0.000222,-1.0,-1.8226,-1822.59
2022-07-26 20:00:00-04:00,LONG,Breakout,1.20367,1.2033641704619324,1.20533,2022-07-26 23:05:00-04:00,1.20533,TP,0.000262,5.4279,4.5712,4571.17
2022-07-27 02:00:00-04:00,LONG,Breakout,1.20635,1.2059687448792913,1.20894,2022-07-27 02:05:00-04:00,1.2059687448792913,SL,0.000186,-1.0,-1.4879,-1487.86
2022-07-27 03:45:00-04:00,LONG,Bounce,1.20408,1.2037520094629925,1.20734,2022-07-27 05:10:00-04:00,1.20734,TP,0.000142,9.9393,9.5064,9506.37
2022-07-27 05:35:00-04:00,LONG,Breakout,1.20839,1.2071888921418565,1.20894,2022-07-27 05:50:00-04:00,1.2071888921418565,SL,0.000146,-1.0,-1.1216,-1121.55
2022-07-27 14:00:00-04:00,LONG,Breakout,1.2067,1.204917157603789,1.2086999999999999,2022-07-27 14:30:00-04:00,1.204917157603789,SL,0.000266,-1.0,-1.1492,-1149.2
2022-07-27 14:35:00-04:00,LONG,Breakout,1.20808,1.204805395133749,1.20894,2022-07-27 14:40:00-04:00,1.20894,TP,0.000158,0.2626,0.2144,214.38
2022-07-27 21:05:00-04:00,LONG,Bounce,1.21548,1.2146450755689369,1.21694,2022-07-27 21:30:00-04:00,1.21694,TP,0.000188,1.7487,1.5235,1523.49
2022-07-27 21:30:00-04:00,LONG,Breakout,1.21802,1.2167858606332504,1.21856,2022-07-27 21:40:00-04:00,1.2167858606332504,SL,0.000288,-1.0,-1.2334,-1233.36
2022-07-28 02:50:00-04:00,LONG,Bounce,1.2160199999999999,1.2151311504491618,1.21855,2022-07-28 04:00:00-04:00,1.21855,TP,0.00017,2.8464,2.6551,2655.12
2022-07-28 04:45:00-04:00,LONG,Retest,1.21852,1.218083545577513,1.22111,2022-07-28 04:50:00-04:00,1.218083545577513,SL,0.000146,-1.0,-1.3345,-1334.51
2022-07-28 14:55:00-04:00,LONG,Breakout,1.215,1.2142974000999376,1.2165300000000001,2022-07-28 15:30:00-04:00,1.2165300000000001,TP,0.000144,2.1776,1.9727,1972.67
2022-07-28 21:10:00-04:00,LONG,Breakout,1.21776,1.2174140450625892,1.21831,2022-07-28 21:20:00-04:00,1.2174140450625892,SL,0.00017,-1.0,-1.4914,-1491.39
2022-07-28 21:55:00-04:00,LONG,Bounce,1.21696,1.2164865880287892,1.21831,2022-07-28 22:10:00-04:00,1.2164865880287892,SL,0.000184,-1.0,-1.3887,-1388.67
2022-07-28 23:50:00-04:00,LONG,Breakout,1.2195,1.2178812527627456,1.22111,2022-07-29 02:20:00-04:00,1.22111,TP,0.000164,0.9946,0.8933,893.28
2022-07-31 20:10:00-04:00,LONG,Breakout,1.21732,1.2169823638337138,1.21798,2022-07-31 20:15:00-04:00,1.21798,TP,0.00017,1.9548,1.4513,1451.27
2022-08-01 01:55:00-04:00,LONG,Bounce,1.21786,1.2175003834046036,1.21875,2022-08-01 02:10:00-04:00,1.21875,TP,0.000168,2.4749,2.0077,2007.69
2022-08-01 02:40:00-04:00,LONG,Breakout,1.21961,1.2186204676630923,1.2245,2022-08-01 03:20:00-04:00,1.2186204676630923,SL,0.00017,-1.0,-1.1718,-1171.8
2022-08-01 03:35:00-04:00,LONG,Breakout,1.2201,1.2197454688737634,1.2245,2022-08-01 03:45:00-04:00,1.2197454688737634,SL,0.000156,-1.0,-1.44,-1440.02
2022-08-01 09:15:00-04:00,LONG,Breakout,1.22686,1.2258903684215887,1.22868,2022-08-01 09:20:00-04:00,1.2258903684215887,SL,0.00014,-1.0,-1.1444,-1144.38
2022-08-01 20:25:00-04:00,LONG,Breakout,1.22602,1.2257754791026723,1.22629,2022-08-01 20:30:00-04:00,1.2257754791026723,SL,0.000186,-1.0,-1.7607,-1760.67
2022-08-01 20:35:00-04:00,LONG,Breakout,1.22741,1.2257437345324063,1.22837,2022-08-01 21:10:00-04:00,1.2257437345324063,SL,0.00017,-1.0,-1.102,-1102.02
2022-08-02 09:30:00-04:00,LONG,Breakout,1.2235,1.2225137867850502,1.22556,2022-08-02 09:35:00-04:00,1.2225137867850502,SL,0.00017,-1.0,-1.1724,-1172.38
2022-08-02 22:50:00-04:00,LONG,Breakout,1.21738,1.2170489386990113,1.22251,2022-08-03 01:15:00-04:00,1.2170489386990113,SL,0.000206,-1.0,-1.6222,-1622.24
2022-08-03 03:20:00-04:00,LONG,Breakout,1.21956,1.2191635726328438,1.22251,2022-08-03 03:35:00-04:00,1.2191635726328438,SL,0.000144,-1.0,-1.3632,-1363.24
2022-08-03 03:35:00-04:00,LONG,Retest,1.21947,1.2191695084090224,1.22251,2022-08-03 03:40:00-04:00,1.2191695084090224,SL,0.000168,-1.0,-1.5591,-1559.08
2022-08-03 20:40:00-04:00,LONG,Breakout,1.21512,1.2148598050090824,1.21544,2022-08-03 20:45:00-04:00,1.2148598050090824,SL,0.000156,-1.0,-1.5996,-1599.55
2022-08-03 20:50:00-04:00,LONG,Breakout,1.21569,1.2148504849313007,1.22049,2022-08-03 22:10:00-04:00,1.2148504849313007,SL,0.000168,-1.0,-1.2001,-1200.12
2022-08-03 22:20:00-04:00,LONG,Retest,1.2152,1.2148552128618015,1.21669,2022-08-03 22:30:00-04:00,1.2148552128618015,SL,0.00017,-1.0,-1.4931,-1493.06
2022-08-04 03:00:00-04:00,LONG,Bounce,1.2151,1.214492845840857,1.21599,2022-08-04 03:05:00-04:00,1.21599,TP,0.00017,1.4659,1.1859,1185.86
2022-08-04 03:20:00-04:00,LONG,Breakout,1.21666,1.2158428735438545,1.22049,2022-08-04 04:25:00-04:00,1.2158428735438545,SL,0.00017,-1.0,-1.208,-1208.05
2022-08-04 05:10:00-04:00,LONG,Retest,1.21659,1.215848079699486,1.21753,2022-08-04 05:50:00-04:00,1.21753,TP,0.000136,1.267,1.0837,1083.67
2022-08-07 20:05:00-04:00,SHORT,Breakout,1.20539,1.205644815137615,1.20382,2022-08-07 20:40:00-04:00,1.205644815137615,SL,0.000268,-1.0,-2.0517,-2051.74
2022-08-08 17:15:00-04:00,SHORT,Bounce,1.20818,1.2094067666037704,1.20679,2022-08-09 03:15:00-04:00,1.20679,TP,0.00038,1.1331,0.8233,823.3
2022-08-11 02:15:00-04:00,LONG,Breakout,1.22085,1.2201372093426384,1.22174,2022-08-11 02:30:00-04:00,1.2201372093426384,SL,0.00017,-1.0,-1.2385,-1238.5
2022-08-12 00:15:00-04:00,LONG,Breakout,1.21946,1.21914586211172,1.22005,2022-08-12 00:40:00-04:00,1.21914586211172,SL,0.000168,-1.0,-1.5348,-1534.8
2022-08-12 02:25:00-04:00,LONG,Bounce,1.21961,1.21817859076113,1.22295,2022-08-12 03:45:00-04:00,1.21817859076113,SL,0.00017,-1.0,-1.1188,-1118.76
2022-08-14 20:05:00-04:00,LONG,Bounce,1.21314,1.2126210716858192,1.21427,2022-08-14 20:50:00-04:00,1.21427,TP,0.00019,2.1776,1.8114,1811.43
2022-08-16 03:00:00-04:00,SHORT,Retest,1.20272,1.2044838233814021,1.20027,2022-08-16 03:55:00-04:00,1.2044838233814021,SL,0.00017,-1.0,-1.0964,-1096.38
2022-08-18 01:55:00-04:00,SHORT,Breakout,1.20259,1.2030200024886775,1.20122,2022-08-18 02:35:00-04:00,1.20122,TP,0.00017,3.186,2.7907,2790.68
2022-08-18 08:35:00-04:00,SHORT,Breakout,1.20428,1.2051612155783644,1.20378,2022-08-18 08:40:00-04:00,1.20378,TP,0.00015,0.5674,0.3972,397.18
2022-08-18 08:55:00-04:00,SHORT,Retest,1.20484,1.205157739643213,1.19933,2022-08-18 09:00:00-04:00,1.205157739643213,SL,0.000154,-1.0,-1.4847,-1484.67
2022-08-18 20:05:00-04:00,SHORT,Breakout,1.19245,1.1928440812057506,1.19217,2022-08-18 20:10:00-04:00,1.19217,TP,0.000226,0.7105,0.137,137.03
2022-08-19 02:00:00-04:00,SHORT,Bounce,1.19102,1.1926160122842666,1.18929,2022-08-19 04:05:00-04:00,1.18929,TP,0.000188,1.084,0.9662,966.16
2022-08-21 20:05:00-04:00,SHORT,Breakout,1.18137,1.1816400021104783,1.18099,2022-08-21 20:10:00-04:00,1.1816400021104783,SL,0.00017,-1.0,-1.6296,-1629.62
2022-08-21 20:35:00-04:00,SHORT,Retest,1.18139,1.1816369025455056,1.17912,2022-08-21 20:40:00-04:00,1.1816369025455056,SL,0.00017,-1.0,-1.6885,-1688.53
2022-08-21 21:40:00-04:00,SHORT,Breakout,1.18142,1.1816443761785513,1.17912,2022-08-21 21:45:00-04:00,1.1816443761785513,SL,0.00017,-1.0,-1.7577,-1757.66
2022-08-22 01:30:00-04:00,SHORT,Bounce,1.18312,1.1833840004962801,1.18226,2022-08-22 01:40:00-04:00,1.1833840004962801,SL,0.00017,-1.0,-1.6439,-1643.94
2022-08-22 02:00:00-04:00,SHORT,Breakout,1.18177,1.1823546812368584,1.18045,2022-08-22 02:15:00-04:00,1.1823546812368584,SL,0.00017,-1.0,-1.2908,-1290.76
2022-08-22 02:30:00-04:00,SHORT,Breakout,1.1818,1.1823598352076674,1.18045,2022-08-22 02:40:00-04:00,1.1823598352076674,SL,0.00017,-1.0,-1.3037,-1303.66
2022-08-22 06:10:00-04:00,SHORT,Bounce,1.18106,1.1820475380882964,1.17814,2022-08-22 08:30:00-04:00,1.1820475380882964,SL,0.00014,-1.0,-1.1418,-1141.77
2022-08-22 10:40:00-04:00,SHORT,Retest,1.17815,1.1790505920891252,1.17594,2022-08-22 10:55:00-04:00,1.1790505920891252,SL,0.00017,-1.0,-1.1888,-1188.76
2022-08-22 20:00:00-04:00,SHORT,Breakout,1.17573,1.1758983965773429,1.17511,2022-08-22 20:05:00-04:00,1.1758983965773429,SL,0.000158,-1.0,-1.9383,-1938.26
2022-08-22 21:40:00-04:00,SHORT,Bounce,1.17665,1.1769737761218546,1.17565,2022-08-22 21:45:00-04:00,1.1769737761218546,SL,0.00017,-1.0,-1.5251,-1525.05
2022-08-23 20:10:00-04:00,SHORT,Breakout,1.1823,1.1826498664045713,1.1816,2022-08-23 20:15:00-04:00,1.1826498664045713,SL,0.00017,-1.0,-1.4859,-1485.9
2022-08-24 17:15:00-04:00,SHORT,Bounce,1.17931,1.180235793198818,1.17851,2022-08-24 20:00:00-04:00,1.17851,TP,0.00038,0.8641,0.4537,453.67
2022-08-24 20:00:00-04:00,SHORT,Breakout,1.17834,1.1788609251101083,1.17785,2022-08-24 20:05:00-04:00,1.1788609251101083,SL,0.000166,-1.0,-1.3187,-1318.66
2022-08-25 08:45:00-04:00,SHORT,Breakout,1.18104,1.182253224422961,1.17826,2022-08-25 10:15:00-04:00,1.182253224422961,SL,0.00016,-1.0,-1.1319,-1131.88
2022-08-25 17:55:00-04:00,SHORT,Bounce,1.18343,1.1838793920663593,1.18174,2022-08-25 20:10:00-04:00,1.18174,TP,0.000274,3.7606,3.1509,3150.92
2022-08-29 03:55:00-04:00,SHORT,Bounce,1.16724,1.1678073786602767,1.16474,2022-08-29 04:00:00-04:00,1.1678073786602767,SL,0.00016,-1.0,-1.282,-1282.0
2022-08-29 04:00:00-04:00,SHORT,Bounce,1.16677,1.1678117087559712,1.16474,2022-08-29 05:40:00-04:00,1.1678117087559712,SL,0.000166,-1.0,-1.1594,-1159.35
2022-08-29 10:50:00-04:00,SHORT,Breakout,1.16895,1.1706372744943834,1.16792,2022-08-29 11:10:00-04:00,1.1706372744943834,SL,0.000162,-1.0,-1.096,-1096.01
2022-08-30 02:40:00-04:00,SHORT,Bounce,1.17079,1.1715283218217363,1.16871,2022-08-30 02:50:00-04:00,1.1715283218217363,SL,0.000168,-1.0,-1.2275,-1227.54
2022-08-30 03:25:00-04:00,SHORT,Bounce,1.17098,1.1715377604685158,1.16972,2022-08-30 03:35:00-04:00,1.1715377604685158,SL,0.00016,-1.0,-1.2869,-1286.86
2022-08-30 07:50:00-04:00,SHORT,Breakout,1.17051,1.171185933031972,1.16972,2022-08-30 07:55:00-04:00,1.171185933031972,SL,0.000168,-1.0,-1.2485,-1248.55
2022-08-30 08:15:00-04:00,SHORT,Breakout,1.17078,1.171183040223642,1.16972,2022-08-30 08:30:00-04:00,1.16972,TP,0.000148,2.63,2.2628,2262.8
2022-08-30 10:00:00-04:00,SHORT,Breakout,1.16699,1.1689552193597363,1.16551,2022-08-30 10:15:00-04:00,1.16551,TP,0.000136,0.7531,0.6839,683.89
2022-08-31 03:40:00-04:00,SHORT,Breakout,1.16597,1.1663871668501757,1.16532,2022-08-31 03:45:00-04:00,1.16532,TP,0.000166,1.5581,1.1602,1160.21
2022-08-31 08:25:00-04:00,SHORT,Breakout,1.16107,1.1613966081180478,1.16028,2022-08-31 08:30:00-04:00,1.16028,TP,0.000144,2.4188,1.9779,1977.91
2022-08-31 10:55:00-04:00,SHORT,Bounce,1.1637,1.1652276790349736,1.15984,2022-08-31 11:55:00-04:00,1.1652276790349736,SL,0.000134,-1.0,-1.0877,-1087.71
2022-08-31 19:00:00-04:00,SHORT,Breakout,1.16076,1.161017750786688,1.16049,2022-08-31 19:05:00-04:00,1.16049,TP,0.00017,1.0475,0.388,387.97
2022-09-01 02:00:00-04:00,SHORT,Bounce,1.15848,1.1591241573757116,1.15676,2022-09-01 02:35:00-04:00,1.1591241573757116,SL,0.00017,-1.0,-1.2639,-1263.91
2022-09-01 02:55:00-04:00,SHORT,Bounce,1.1589,1.1591587285710987,1.15676,2022-09-01 03:00:00-04:00,1.1591587285710987,SL,0.000166,-1.0,-1.6416,-1641.6
2022-09-01 04:20:00-04:00,SHORT,Bounce,1.16008,1.1617848967017717,1.15741,2022-09-01 06:30:00-04:00,1.15741,TP,0.000156,1.5661,1.4746,1474.58
2022-09-01 10:00:00-04:00,SHORT,Breakout,1.1528100000000001,1.1551188046715197,1.14806,2022-09-01 14:00:00-04:00,1.1551188046715197,SL,0.000154,-1.0,-1.0667,-1066.7
2022-09-02 08:35:00-04:00,SHORT,Bounce,1.15631,1.1583624862951372,1.15311,2022-09-02 08:45:00-04:00,1.15311,TP,0.000164,1.5591,1.4792,1479.18
2022-09-04 20:45:00-04:00,SHORT,Bounce,1.14784,1.1486494311843118,1.14641,2022-09-04 21:00:00-04:00,1.1486494311843118,SL,0.000188,-1.0,-1.2323,-1232.26
2022-09-05 01:00:00-04:00,SHORT,Breakout,1.1451500000000001,1.1458139935840295,1.14461,2022-09-05 01:25:00-04:00,1.14461,TP,0.00017,0.8133,0.5572,557.23
2022-09-06 18:50:00-04:00,SHORT,Breakout,1.15101,1.151238074175292,1.14929,2022-09-06 19:45:00-04:00,1.151238074175292,SL,0.00027,-1.0,-2.1838,-2183.83
2022-09-06 20:15:00-04:00,SHORT,Breakout,1.14916,1.1501897320949699,1.14795,2022-09-06 20:20:00-04:00,1.14795,TP,0.00017,1.1751,1.01,1009.97
2022-09-06 22:10:00-04:00,SHORT,Breakout,1.14643,1.1475360588138483,1.14426,2022-09-06 22:25:00-04:00,1.1475360588138483,SL,0.000166,-1.0,-1.1501,-1150.08
2022-09-07 20:05:00-04:00,SHORT,Breakout,1.15129,1.1517132390162221,1.1495,2022-09-07 23:05:00-04:00,1.1495,TP,0.000168,4.2293,3.8323,3832.35
2022-09-07 23:05:00-04:00,SHORT,Breakout,1.15023,1.1504143544448586,1.14043,2022-09-07 23:10:00-04:00,1.1504143544448586,SL,0.000162,-1.0,-1.8787,-1878.74
2022-09-08 04:20:00-04:00,SHORT,Breakout,1.14866,1.1491492538682893,1.14043,2022-09-08 04:40:00-04:00,1.1491492538682893,SL,0.00015,-1.0,-1.3066,-1306.59
2022-09-08 09:10:00-04:00,SHORT,Breakout,1.14658,1.1478250222879254,1.14043,2022-09-08 09:25:00-04:00,1.1478250222879254,SL,0.000156,-1.0,-1.1253,-1125.3
2022-09-09 07:30:00-04:00,SHORT,Breakout,1.15564,1.157924271751642,1.14959,2022-09-09 08:40:00-04:00,1.157924271751642,SL,0.000142,-1.0,-1.0622,-1062.16
2022-09-09 09:00:00-04:00,SHORT,Retest,1.1571500000000001,1.1579194849530452,1.14959,2022-09-09 09:15:00-04:00,1.1579194849530452,SL,0.000148,-1.0,-1.1923,-1192.34
2022-09-12 08:05:00-04:00,SHORT,Bounce,1.16964,1.1700951778417015,1.16623,2022-09-12 08:10:00-04:00,1.1700951778417015,SL,0.000144,-1.0,-1.3164,-1316.36
2022-09-12 14:05:00-04:00,SHORT,Breakout,1.16862,1.1690621903339096,1.16628,2022-09-12 14:15:00-04:00,1.1690621903339096,SL,0.000154,-1.0,-1.3483,-1348.27
2022-09-12 14:15:00-04:00,SHORT,Breakout,1.16863,1.169063786563422,1.16628,2022-09-12 20:05:00-04:00,1.169063786563422,SL,0.000158,-1.0,-1.3642,-1364.23
2022-09-14 02:30:00-04:00,SHORT,Breakout,1.1495199999999999,1.1500784493530167,1.14867,2022-09-14 02:35:00-04:00,1.14867,TP,0.000164,1.5221,1.2284,1228.4
2022-09-14 20:50:00-04:00,SHORT,Breakout,1.15295,1.15311432567619,1.15258,2022-09-14 20:55:00-04:00,1.15311432567619,SL,0.00017,-1.0,-2.0345,-2034.53
2022-09-15 00:55:00-04:00,SHORT,Breakout,1.15237,1.1525149434587763,1.14789,2022-09-15 03:00:00-04:00,1.1525149434587763,SL,0.00017,-1.0,-2.1729,-2172.87
2022-09-15 03:00:00-04:00,SHORT,Retest,1.15177,1.1525650366617497,1.14789,2022-09-15 03:15:00-04:00,1.1525650366617497,SL,0.00017,-1.0,-1.2138,-1213.83
2022-09-15 04:00:00-04:00,SHORT,Bounce,1.15324,1.1537625927424344,1.15053,2022-09-15 05:10:00-04:00,1.15053,TP,0.00017,5.1857,4.8604,4860.38
2022-09-15 06:30:00-04:00,SHORT,Breakout,1.14941,1.150218308108775,1.14789,2022-09-15 06:45:00-04:00,1.150218308108775,SL,0.000166,-1.0,-1.2054,-1205.37
2022-09-19 01:00:00-04:00,SHORT,Breakout,1.13962,1.1397843707782316,1.13935,2022-09-19 01:05:00-04:00,1.1397843707782316,SL,0.00017,-1.0,-2.0342,-2034.25
2022-09-19 01:35:00-04:00,SHORT,Breakout,1.13902,1.139793966411212,1.1385399999999999,2022-09-19 02:05:00-04:00,1.1385399999999999,TP,0.00017,0.6202,0.4005,400.53
2022-09-19 02:55:00-04:00,SHORT,Retest,1.13924,1.1398342593309998,1.13834,2022-09-19 03:05:00-04:00,1.13834,TP,0.00017,1.5145,1.2284,1228.42
2022-09-19 03:20:00-04:00,SHORT,Breakout,1.1381999999999999,1.138467281671671,1.13756,2022-09-19 03:25:00-04:00,1.13756,TP,0.00017,2.3945,1.7584,1758.44
2022-09-19 04:10:00-04:00,SHORT,Retest,1.13815,1.1384793333120358,1.13531,2022-09-19 04:25:00-04:00,1.1384793333120358,SL,0.000166,-1.0,-1.504,-1504.05
2022-09-20 02:00:00-04:00,SHORT,Breakout,1.14135,1.1421336414976362,1.14082,2022-09-20 02:10:00-04:00,1.1421336414976362,SL,0.00017,-1.0,-1.2169,-1216.94
2022-09-22 07:10:00-04:00,SHORT,Breakout,1.1286100000000001,1.1294056836949693,1.12108,2022-09-22 07:15:00-04:00,1.1294056836949693,SL,0.00017,-1.0,-1.2137,-1213.65
2022-09-22 07:30:00-04:00,SHORT,Retest,1.12852,1.1293886143276763,1.12108,2022-09-22 07:35:00-04:00,1.1293886143276763,SL,0.00017,-1.0,-1.1957,-1195.71
2022-09-23 02:45:00-04:00,SHORT,Breakout,1.1219999999999999,1.1222524429703211,1.12108,2022-09-23 02:55:00-04:00,1.1222524429703211,SL,0.00017,-1.0,-1.6734,-1673.42
2022-09-26 17:40:00-04:00,SHORT,Breakout,1.06728,1.0679594861971544,1.06407,2022-09-26 17:45:00-04:00,1.0679594861971544,SL,0.000484,-1.0,-1.7123,-1712.3
2022-09-27 08:55:00-04:00,SHORT,Breakout,1.07701,1.0782352409030185,1.07624,2022-09-27 09:05:00-04:00,1.0782352409030185,SL,0.000166,-1.0,-1.1355,-1135.48
2022-09-27 09:40:00-04:00,SHORT,Breakout,1.07691,1.0783395441314172,1.06487,2022-09-27 11:05:00-04:00,1.0783395441314172,SL,0.000188,-1.0,-1.1315,-1131.51
2022-09-28 06:00:00-04:00,SHORT,Bounce,1.06949,1.0716234938183495,1.06387,2022-09-28 06:05:00-04:00,1.06387,TP,0.0002,2.6342,2.5404,2540.43
2022-09-28 18:15:00-04:00,SHORT,Breakout,1.08639,1.0867427666696439,1.05379,2022-09-29 05:40:00-04:00,1.0867427666696439,SL,0.000462,-1.0,-2.3096,-2309.65
2022-09-29 22:15:00-04:00,SHORT,Breakout,1.10787,1.1143807955149483,1.1043,2022-09-30 01:30:00-04:00,1.1143807955149483,SL,0.000374,-1.0,-1.0574,-1057.44
2022-09-30 06:45:00-04:00,SHORT,Breakout,1.10839,1.1095436767224574,1.1043,2022-09-30 07:35:00-04:00,1.1043,TP,0.000232,3.5452,3.3441,3344.09
2022-10-02 19:00:00-04:00,SHORT,Breakout,1.1131,1.1152459649850555,1.10987,2022-10-02 19:45:00-04:00,1.1152459649850555,SL,0.000346,-1.0,-1.1612,-1161.23
2022-10-02 20:00:00-04:00,SHORT,Breakout,1.11235,1.1128181680905522,1.10987,2022-10-02 20:20:00-04:00,1.1128181680905522,SL,0.000352,-1.0,-1.7519,-1751.87
2022-10-02 20:25:00-04:00,SHORT,Breakout,1.11202,1.1128195218637424,1.10987,2022-10-02 20:40:00-04:00,1.1128195218637424,SL,0.00035,-1.0,-1.4378,-1437.76
2022-10-03 00:00:00-04:00,SHORT,Breakout,1.11025,1.111050167575592,1.10987,2022-10-03 00:05:00-04:00,1.10987,TP,0.000294,0.4749,0.1075,107.48
2022-10-04 10:00:00-04:00,LONG,Breakout,1.13906,1.1371394108494735,1.1428099999999999,2022-10-04 11:05:00-04:00,1.1428099999999999,TP,0.0001,1.9525,1.9005,1900.46
2022-10-05 20:05:00-04:00,LONG,Breakout,1.13599,1.1354938693117296,1.1432,2022-10-05 21:15:00-04:00,1.1354938693117296,SL,0.000226,-1.0,-1.4555,-1455.53
2022-10-05 21:15:00-04:00,LONG,Breakout,1.13584,1.135474546628999,1.1432,2022-10-05 21:20:00-04:00,1.135474546628999,SL,0.000256,-1.0,-1.7005,-1700.5
2022-10-05 23:00:00-04:00,LONG,Retest,1.13595,1.1354666729204652,1.13827,2022-10-06 00:10:00-04:00,1.1354666729204652,SL,0.000242,-1.0,-1.5007,-1500.7
2022-10-07 02:10:00-04:00,SHORT,Breakout,1.11424,1.1152124476854088,1.11337,2022-10-07 02:20:00-04:00,1.11337,TP,0.000132,0.8946,0.7589,758.91
2022-10-07 08:30:00-04:00,SHORT,Breakout,1.11703,1.1188239154796153,1.11142,2022-10-07 08:45:00-04:00,1.11142,TP,0.000184,3.1272,3.0247,3024.67
2022-10-10 01:30:00-04:00,SHORT,Breakout,1.10625,1.1069785816062006,1.10573,2022-10-10 01:45:00-04:00,1.1069785816062006,SL,0.000164,-1.0,-1.2251,-1225.09
2022-10-10 02:45:00-04:00,SHORT,Bounce,1.10807,1.1087314736045348,1.10548,2022-10-10 03:05:00-04:00,1.1087314736045348,SL,0.00012,-1.0,-1.1814,-1181.41
2022-10-10 04:55:00-04:00,SHORT,Breakout,1.10543,1.1062843943995657,1.1024,2022-10-10 05:00:00-04:00,1.1062843943995657,SL,8.6e-05,-1.0,-1.1007,-1100.66
2022-10-10 06:35:00-04:00,SHORT,Retest,1.1056,1.1062496021457584,1.1026799999999999,2022-10-10 06:45:00-04:00,1.1062496021457584,SL,8.8e-05,-1.0,-1.1355,-1135.47
2022-10-10 10:40:00-04:00,SHORT,Retest,1.10347,1.1045643743195739,1.1026799999999999,2022-10-10 10:45:00-04:00,1.1026799999999999,TP,8.8e-05,0.7219,0.6415,641.46
2022-10-10 11:00:00-04:00,SHORT,Breakout,1.10382,1.104568521369777,1.1024,2022-10-10 11:20:00-04:00,1.104568521369777,SL,8.6e-05,-1.0,-1.1149,-1114.89
2022-10-10 18:55:00-04:00,SHORT,Bounce,1.10633,1.1066061392762938,1.1049,2022-10-10 19:05:00-04:00,1.1066061392762938,SL,0.00026,-1.0,-1.9416,-1941.55
2022-10-10 21:25:00-04:00,SHORT,Bounce,1.10864,1.1096103604092102,1.10588,2022-10-10 21:40:00-04:00,1.10588,TP,0.000112,2.8443,2.7289,2728.88
2022-10-10 21:40:00-04:00,SHORT,Breakout,1.10527,1.1060493957066453,1.10193,2022-10-10 21:50:00-04:00,1.1060493957066453,SL,0.000198,-1.0,-1.254,-1254.04
2022-10-11 02:00:00-04:00,SHORT,Bounce,1.10368,1.1056095128003303,1.10169,2022-10-11 02:10:00-04:00,1.10169,TP,0.000244,1.0313,0.9049,904.89
2022-10-11 02:10:00-04:00,SHORT,Breakout,1.10092,1.1019047737921215,1.08373,2022-10-11 02:20:00-04:00,1.1019047737921215,SL,0.000146,-1.0,-1.1483,-1148.26
2022-10-11 14:55:00-04:00,SHORT,Breakout,1.10191,1.104590835213575,1.09964,2022-10-11 15:00:00-04:00,1.09964,TP,0.000198,0.8468,0.7729,772.89
2022-10-11 20:00:00-04:00,SHORT,Breakout,1.09587,1.0962798277205537,1.08373,2022-10-11 20:20:00-04:00,1.0962798277205537,SL,0.000254,-1.0,-1.6198,-1619.77
2022-10-12 05:30:00-04:00,SHORT,Bounce,1.10525,1.1068627723056153,1.09526,2022-10-12 05:55:00-04:00,1.1068627723056153,SL,0.000166,-1.0,-1.1029,-1102.93
2022-10-13 02:25:00-04:00,SHORT,Breakout,1.10642,1.1075981075954633,1.10542,2022-10-13 02:45:00-04:00,1.1075981075954633,SL,0.0001,-1.0,-1.0849,-1084.88
2022-10-13 02:55:00-04:00,SHORT,Breakout,1.10641,1.107617755818785,1.10542,2022-10-13 03:35:00-04:00,1.107617755818785,SL,0.000156,-1.0,-1.1292,-1129.17
2022-10-13 20:10:00-04:00,SHORT,Breakout,1.13015,1.1305124947940894,1.11508,2022-10-13 20:15:00-04:00,1.1305124947940894,SL,0.000244,-1.0,-1.6731,-1673.11
2022-10-17 01:05:00-04:00,LONG,Breakout,1.1253,1.1239469963864395,1.12658,2022-10-17 01:30:00-04:00,1.12658,TP,0.00026,0.946,0.7539,753.88
2022-10-17 06:05:00-04:00,LONG,Breakout,1.13202,1.1301966784644206,1.13337,2022-10-17 06:15:00-04:00,1.1301966784644206,SL,0.00015,-1.0,-1.0823,-1082.27
2022-10-17 08:45:00-04:00,LONG,Retest,1.13407,1.1327337190837987,1.13479,2022-10-17 08:50:00-04:00,1.13479,TP,0.000174,0.5388,0.4086,408.6
2022-10-24 02:00:00-04:00,LONG,Breakout,1.13679,1.1350346223312018,1.13885,2022-10-24 02:30:00-04:00,1.1350346223312018,SL,0.00026,-1.0,-1.1481,-1148.12
2022-10-24 18:20:00-04:00,LONG,Breakout,1.12967,1.1293928885485107,1.13431,2022-10-24 18:25:00-04:00,1.1293928885485107,SL,0.000344,-1.0,-2.2414,-2241.38
2022-10-24 18:45:00-04:00,LONG,Breakout,1.12968,1.1293943751001112,1.13431,2022-10-24 21:15:00-04:00,1.1293943751001112,SL,0.000266,-1.0,-1.9313,-1931.29
2022-10-25 08:45:00-04:00,LONG,Breakout,1.13556,1.1336999415944151,1.13808,2022-10-25 09:05:00-04:00,1.13808,TP,0.00015,1.3548,1.2742,1274.15
2022-10-26 02:05:00-04:00,LONG,Breakout,1.147,1.1465520656455628,1.14787,2022-10-26 02:10:00-04:00,1.14787,TP,0.000212,1.9422,1.469,1468.97
2022-10-26 02:25:00-04:00,LONG,Retest,1.1473200000000001,1.1465515664541577,1.14873,2022-10-26 03:10:00-04:00,1.14873,TP,0.000266,1.8349,1.4887,1488.74
2022-10-27 00:50:00-04:00,LONG,Breakout,1.16241,1.16199560200712,1.16442,2022-10-27 01:00:00-04:00,1.16199560200712,SL,0.000282,-1.0,-1.6805,-1680.51
2022-10-27 01:00:00-04:00,LONG,Breakout,1.16255,1.1619946160163432,1.16442,2022-10-27 01:05:00-04:00,1.1619946160163432,SL,0.0003,-1.0,-1.5402,-1540.17
2022-10-27 01:35:00-04:00,LONG,Breakout,1.16273,1.1619775922079394,1.16442,2022-10-27 02:00:00-04:00,1.1619775922079394,SL,0.000308,-1.0,-1.4094,-1409.35
2022-10-27 16:30:00-04:00,LONG,Bounce,1.15651,1.15555476557917,1.16012,2022-10-27 20:00:00-04:00,1.15555476557917,SL,0.000278,-1.0,-1.291,-1291.03
2022-10-30 18:35:00-04:00,LONG,Breakout,1.1598,1.1595507162634664,1.16334,2022-10-30 18:40:00-04:00,1.1595507162634664,SL,0.000316,-1.0,-2.2676,-2267.63
2022-10-31 11:50:00-04:00,LONG,Breakout,1.15195,1.1510918918430884,1.15592,2022-10-31 11:55:00-04:00,1.1510918918430884,SL,0.00015,-1.0,-1.1748,-1174.8
2022-10-31 20:25:00-04:00,LONG,Breakout,1.1475,1.1473187014268742,1.14774,2022-10-31 20:35:00-04:00,1.14774,TP,0.00017,1.3238,0.3861,386.1
2022-10-31 20:55:00-04:00,LONG,Retest,1.14797,1.1473123004598889,1.1528,2022-10-31 21:15:00-04:00,1.1473123004598889,SL,0.00015,-1.0,-1.2281,-1228.07
2022-11-01 18:25:00-04:00,LONG,Breakout,1.14876,1.148352987888432,1.15073,2022-11-01 18:30:00-04:00,1.148352987888432,SL,0.000186,-1.0,-1.457,-1456.99
2022-11-01 20:30:00-04:00,LONG,Breakout,1.14957,1.1492310658079787,1.15073,2022-11-01 21:25:00-04:00,1.15073,TP,0.00015,3.4225,2.9799,2979.93
2022-11-02 14:00:00-04:00,LONG,Breakout,1.15423,1.1512862451634291,1.1565699999999999,2022-11-02 14:35:00-04:00,1.1512862451634291,SL,0.000296,-1.0,-1.1006,-1100.55
2022-11-02 18:55:00-04:00,LONG,Bounce,1.13869,1.1381627722376548,1.15639,2022-11-02 19:00:00-04:00,1.1381627722376548,SL,0.000226,-1.0,-1.4287,-1428.66
2022-11-02 21:20:00-04:00,LONG,Breakout,1.14124,1.1400095443223925,1.15639,2022-11-03 02:00:00-04:00,1.1400095443223925,SL,0.00015,-1.0,-1.1219,-1121.91
2022-11-03 16:05:00-04:00,LONG,Bounce,1.11598,1.1152318837138444,1.12284,2022-11-03 16:15:00-04:00,1.1152318837138444,SL,0.00015,-1.0,-1.2005,-1200.5
2022-11-03 20:00:00-04:00,LONG,Breakout,1.11747,1.1171789172101443,1.12284,2022-11-04 00:35:00-04:00,1.12284,TP,0.00016,18.4484,17.8987,17898.69
2022-11-07 02:00:00-05:00,SHORT,Breakout,1.13131,1.1318557773388438,1.1305399999999999,2022-11-07 02:05:00-05:00,1.1318557773388438,SL,0.00015,-1.0,-1.2748,-1274.84
2022-11-07 02:10:00-05:00,SHORT,Breakout,1.13148,1.1318614916850236,1.1305399999999999,2022-11-07 02:15:00-05:00,1.1318614916850236,SL,0.00015,-1.0,-1.3932,-1393.19
2022-11-07 02:30:00-05:00,SHORT,Retest,1.12965,1.1318800014060797,1.12619,2022-11-07 03:10:00-05:00,1.1318800014060797,SL,0.00016,-1.0,-1.0717,-1071.75
2022-11-07 07:20:00-05:00,SHORT,Breakout,1.14277,1.1438043128273008,1.12896,2022-11-07 07:35:00-05:00,1.1438043128273008,SL,0.00015,-1.0,-1.145,-1145.02
2022-11-07 09:30:00-05:00,SHORT,Bounce,1.1474,1.1478414283611542,1.14257,2022-11-07 12:05:00-05:00,1.1478414283611542,SL,0.00015,-1.0,-1.3398,-1339.81
2022-11-08 17:55:00-05:00,LONG,Bounce,1.15441,1.1528338393404145,1.1553499999999999,2022-11-08 18:15:00-05:00,1.1553499999999999,TP,0.000538,0.5964,0.2551,255.05
2022-11-08 20:00:00-05:00,LONG,Bounce,1.15309,1.152857658885336,1.15567,2022-11-08 20:15:00-05:00,1.152857658885336,SL,0.000252,-1.0,-2.0846,-2084.61
2022-11-09 03:05:00-05:00,LONG,Breakout,1.15592,1.1548850287236403,1.15845,2022-11-09 03:15:00-05:00,1.1548850287236403,SL,0.00018,-1.0,-1.1739,-1173.92
2022-11-09 03:15:00-05:00,LONG,Retest,1.15539,1.1548887441545674,1.15845,2022-11-09 03:50:00-05:00,1.1548887441545674,SL,0.000216,-1.0,-1.4309,-1430.92
2022-11-09 10:05:00-05:00,LONG,Bounce,1.14248,1.1414791423962314,1.14754,2022-11-09 10:15:00-05:00,1.1414791423962314,SL,0.00015,-1.0,-1.1499,-1149.87
2022-11-09 19:05:00-05:00,LONG,Breakout,1.13668,1.1363466847511214,1.14212,2022-11-10 04:55:00-05:00,1.1363466847511214,SL,0.00022,-1.0,-1.66,-1660.04
2022-11-11 00:00:00-05:00,LONG,Breakout,1.16817,1.1678284629700018,1.16897,2022-11-11 00:10:00-05:00,1.16897,TP,0.000226,2.3424,1.6806,1680.64
2022-11-11 02:45:00-05:00,LONG,Breakout,1.17429,1.1726421052297218,1.176,2022-11-11 03:00:00-05:00,1.1726421052297218,SL,0.000198,-1.0,-1.1202,-1120.15
2022-11-11 04:15:00-05:00,LONG,Retest,1.17449,1.172598314355746,1.17939,2022-11-11 04:25:00-05:00,1.172598314355746,SL,0.000232,-1.0,-1.1226,-1122.64
2022-11-11 04:35:00-05:00,LONG,Bounce,1.17177,1.1709980089627878,1.17939,2022-11-11 08:25:00-05:00,1.17939,TP,0.000162,9.8706,9.6607,9660.73
2022-11-14 20:20:00-05:00,LONG,Breakout,1.17609,1.1757594410036631,1.18024,2022-11-14 20:25:00-05:00,1.1757594410036631,SL,0.00015,-1.0,-1.4538,-1453.78
2022-11-15 00:05:00-05:00,LONG,Breakout,1.17797,1.1772416816867655,1.18024,2022-11-15 01:00:00-05:00,1.1772416816867655,SL,0.00015,-1.0,-1.206,-1205.95
2022-11-18 02:40:00-05:00,LONG,Breakout,1.19081,1.1904729102650609,1.19305,2022-11-18 03:00:00-05:00,1.1904729102650609,SL,0.000158,-1.0,-1.4687,-1468.72
2022-11-18 03:05:00-05:00,LONG,Breakout,1.19132,1.1904487475104222,1.19305,2022-11-18 03:10:00-05:00,1.1904487475104222,SL,0.000158,-1.0,-1.1813,-1181.35
2022-11-18 03:20:00-05:00,LONG,Bounce,1.18876,1.1878507617639933,1.19305,2022-11-18 04:20:00-05:00,1.19305,TP,0.000156,4.7182,4.5467,4546.66
2022-11-21 19:05:00-05:00,LONG,Breakout,1.18322,1.1825098431808472,1.18378,2022-11-21 19:10:00-05:00,1.18378,TP,0.00018,0.7886,0.5351,535.09
2022-11-22 02:00:00-05:00,LONG,Bounce,1.1834500000000001,1.1831957599686773,1.1852,2022-11-22 02:05:00-05:00,1.1831957599686773,SL,0.000178,-1.0,-1.7001,-1700.13
2022-11-22 18:10:00-05:00,LONG,Bounce,1.18838,1.1880609530349135,1.18929,2022-11-22 18:15:00-05:00,1.1880609530349135,SL,0.000174,-1.0,-1.5454,-1545.37
2022-11-22 18:15:00-05:00,LONG,Bounce,1.18841,1.1880558849609912,1.18929,2022-11-22 19:00:00-05:00,1.18929,TP,0.000206,2.4851,1.9033,1903.34
2022-11-22 20:25:00-05:00,LONG,Bounce,1.18809,1.1877538812405146,1.19087,2022-11-22 20:30:00-05:00,1.1877538812405146,SL,0.000176,-1.0,-1.5236,-1523.62
2022-11-22 20:30:00-05:00,LONG,Bounce,1.18825,1.1877521754376208,1.19087,2022-11-22 20:45:00-05:00,1.1877521754376208,SL,0.000176,-1.0,-1.3535,-1353.54
2022-11-23 02:05:00-05:00,LONG,Breakout,1.1894,1.1889708928289113,1.19087,2022-11-23 02:20:00-05:00,1.1889708928289113,SL,0.000178,-1.0,-1.4148,-1414.81
2022-11-24 01:20:00-05:00,LONG,Bounce,1.20882,1.2084512093352258,1.21121,2022-11-24 01:25:00-05:00,1.2084512093352258,SL,0.00017,-1.0,-1.461,-1460.97
2022-11-24 19:00:00-05:00,LONG,Bounce,1.21136,1.2107083721169223,1.21205,2022-11-24 19:10:00-05:00,1.2107083721169223,SL,0.000178,-1.0,-1.2732,-1273.16
2022-11-28 03:05:00-05:00,LONG,Breakout,1.20696,1.205775743649785,1.21013,2022-11-28 03:50:00-05:00,1.21013,TP,0.000172,2.6768,2.5315,2531.55
2022-11-28 19:10:00-05:00,LONG,Breakout,1.19703,1.1963581507217542,1.20654,2022-11-28 20:00:00-05:00,1.1963581507217542,SL,0.00018,-1.0,-1.2679,-1267.92
2022-11-28 20:40:00-05:00,LONG,Breakout,1.19867,1.197359291329346,1.20654,2022-11-29 09:15:00-05:00,1.197359291329346,SL,0.000174,-1.0,-1.1328,-1132.75
2022-11-30 04:00:00-05:00,LONG,Breakout,1.19957,1.1989476637123115,1.2016499999999999,2022-11-30 04:40:00-05:00,1.1989476637123115,SL,0.00018,-1.0,-1.2892,-1289.23
2022-11-30 13:35:00-05:00,LONG,Breakout,1.19966,1.1960179141018337,1.20223,2022-11-30 14:05:00-05:00,1.20223,TP,0.000302,0.7056,0.6227,622.72
2022-12-01 00:40:00-05:00,LONG,Breakout,1.21049,1.2102358190961986,1.21098,2022-12-01 00:45:00-05:00,1.2102358190961986,SL,0.000296,-1.0,-2.1645,-2164.52
2022-12-01 02:15:00-05:00,LONG,Breakout,1.2111399999999999,1.210522043082567,1.21196,2022-12-01 02:20:00-05:00,1.210522043082567,SL,0.000268,-1.0,-1.4337,-1433.69
2022-12-02 08:25:00-05:00,LONG,Bounce,1.22722,1.2263132981793545,1.22964,2022-12-02 08:30:00-05:00,1.2263132981793545,SL,0.000294,-1.0,-1.3243,-1324.25
2022-12-04 19:15:00-05:00,LONG,Breakout,1.23007,1.2296847818682595,1.23094,2022-12-04 19:20:00-05:00,1.2296847818682595,SL,0.000224,-1.0,-1.5815,-1581.49
2022-12-04 20:25:00-05:00,LONG,Breakout,1.23235,1.2301211878395888,1.23318,2022-12-04 20:40:00-05:00,1.23318,TP,0.000216,0.3724,0.2755,275.48
2022-12-05 08:20:00-05:00,LONG,Breakout,1.23026,1.2296667763935305,1.23427,2022-12-05 08:35:00-05:00,1.2296667763935305,SL,0.000212,-1.0,-1.3574,-1357.37
2022-12-06 03:05:00-05:00,LONG,Breakout,1.22149,1.2210593421660743,1.22225,2022-12-06 03:15:00-05:00,1.2210593421660743,SL,0.000226,-1.0,-1.5248,-1524.78
2022-12-06 20:50:00-05:00,LONG,Breakout,1.2138,1.2135970243657006,1.21469,2022-12-06 20:55:00-05:00,1.2135970243657006,SL,0.000232,-1.0,-2.143,-2142.99
2022-12-06 21:00:00-05:00,LONG,Retest,1.21428,1.2135913628459356,1.21469,2022-12-06 21:05:00-05:00,1.21469,TP,0.000264,0.5954,0.212,212.01
2022-12-07 07:55:00-05:00,LONG,Breakout,1.21936,1.218405624459478,1.22687,2022-12-07 08:10:00-05:00,1.218405624459478,SL,0.00018,-1.0,-1.1886,-1188.61
2022-12-07 15:40:00-05:00,LONG,Bounce,1.22066,1.220469213311911,1.22191,2022-12-07 17:00:00-05:00,1.220469213311911,SL,0.000172,-1.0,-1.9015,-1901.53
2022-12-07 17:40:00-05:00,LONG,Bounce,1.22073,1.2199930778302421,1.22191,2022-12-07 19:15:00-05:00,1.2199930778302421,SL,0.000306,-1.0,-1.4152,-1415.24
2022-12-08 03:10:00-05:00,LONG,Breakout,1.22007,1.2194599017595056,1.22191,2022-12-08 03:20:00-05:00,1.2194599017595056,SL,0.00018,-1.0,-1.295,-1295.03
2022-12-08 03:25:00-05:00,LONG,Breakout,1.21986,1.2194440678446188,1.22191,2022-12-08 03:30:00-05:00,1.2194440678446188,SL,0.000172,-1.0,-1.4135,-1413.53
2022-12-08 19:55:00-05:00,LONG,Breakout,1.22375,1.2235003125165727,1.22414,2022-12-08 20:00:00-05:00,1.22414,TP,0.00017,1.562,0.8811,881.1
2022-12-09 08:30:00-05:00,LONG,Bounce,1.22623,1.2234188461881725,1.23192,2022-12-09 11:50:00-05:00,1.23192,TP,0.00022,2.0241,1.9458,1945.82
2022-12-12 01:25:00-05:00,LONG,Bounce,1.22231,1.2220449388939865,1.22373,2022-12-12 02:00:00-05:00,1.2220449388939865,SL,0.00018,-1.0,-1.6791,-1679.09
2022-12-12 02:00:00-05:00,LONG,Bounce,1.22293,1.2219958581877828,1.22373,2022-12-12 02:25:00-05:00,1.22373,TP,0.000218,0.8564,0.623,623.03
2022-12-12 02:40:00-05:00,LONG,Breakout,1.22423,1.2235821515391883,1.22804,2022-12-12 03:15:00-05:00,1.2235821515391883,SL,0.00018,-1.0,-1.2778,-1277.84
2022-12-12 19:00:00-05:00,LONG,Breakout,1.22735,1.2271421736439587,1.22877,2022-12-12 19:05:00-05:00,1.2271421736439587,SL,0.000156,-1.0,-1.7506,-1750.63
2022-12-12 19:55:00-05:00,LONG,Breakout,1.22741,1.227129349734184,1.22877,2022-12-12 20:00:00-05:00,1.227129349734184,SL,0.000174,-1.0,-1.62,-1619.99
2022-12-12 20:20:00-05:00,LONG,Retest,1.22741,1.2271299513462663,1.22877,2022-12-12 20:30:00-05:00,1.2271299513462663,SL,0.00018,-1.0,-1.6427,-1642.75
2022-12-13 02:00:00-05:00,LONG,Breakout,1.22929,1.228897297240667,1.2321900000000001,2022-12-13 02:10:00-05:00,1.228897297240667,SL,0.00018,-1.0,-1.4584,-1458.36
2022-12-13 02:30:00-05:00,LONG,Breakout,1.22937,1.228882803810079,1.2321900000000001,2022-12-13 02:50:00-05:00,1.228882803810079,SL,0.000176,-1.0,-1.3613,-1361.25
2022-12-13 08:30:00-05:00,LONG,Breakout,1.23745,1.2298479053739444,1.24572,2022-12-15 04:10:00-05:00,1.2298479053739444,SL,0.000292,-1.0,-1.0384,-1038.41
2022-12-15 09:35:00-05:00,LONG,Bounce,1.23103,1.2285392933582004,1.24015,2022-12-15 10:00:00-05:00,1.2285392933582004,SL,0.00018,-1.0,-1.0723,-1072.27
2022-12-16 01:35:00-05:00,LONG,Breakout,1.22189,1.2216481971748183,1.22223,2022-12-16 01:40:00-05:00,1.2216481971748183,SL,0.00018,-1.0,-1.7444,-1744.41
2022-12-19 02:05:00-05:00,LONG,Breakout,1.2191,1.2185557515242642,1.22016,2022-12-19 02:10:00-05:00,1.2185557515242642,SL,0.00018,-1.0,-1.3307,-1330.73
2022-12-19 02:55:00-05:00,LONG,Breakout,1.21897,1.2185292432949735,1.22016,2022-12-19 03:00:00-05:00,1.22016,TP,0.00018,2.6999,2.2915,2291.51
2022-12-19 21:55:00-05:00,LONG,Breakout,1.21582,1.2154154408168358,1.21891,2022-12-19 22:00:00-05:00,1.2154154408168358,SL,0.00018,-1.0,-1.4449,-1444.93
2022-12-20 03:25:00-05:00,SHORT,Bounce,1.21524,1.2166101162358123,1.20847,2022-12-20 03:30:00-05:00,1.2166101162358123,SL,0.00018,-1.0,-1.1314,-1131.38
2022-12-20 03:30:00-05:00,SHORT,Bounce,1.21573,1.2166152507903971,1.20847,2022-12-20 03:40:00-05:00,1.2166152507903971,SL,0.00018,-1.0,-1.2033,-1203.33
2022-12-20 18:05:00-05:00,SHORT,Bounce,1.21833,1.218836255246358,1.21232,2022-12-20 18:25:00-05:00,1.218836255246358,SL,0.000334,-1.0,-1.6597,-1659.75
2022-12-22 02:00:00-05:00,SHORT,Breakout,1.2112,1.2117680059510658,1.20724,2022-12-22 02:40:00-05:00,1.2117680059510658,SL,0.000178,-1.0,-1.3134,-1313.38
2022-12-22 03:55:00-05:00,SHORT,Retest,1.21149,1.2118495407818,1.21004,2022-12-22 04:00:00-05:00,1.2118495407818,SL,0.000178,-1.0,-1.4951,-1495.08
2022-12-23 00:55:00-05:00,SHORT,Breakout,1.20349,1.2038675627261584,1.20177,2022-12-23 01:40:00-05:00,1.2038675627261584,SL,0.00018,-1.0,-1.4767,-1476.74
2022-12-23 08:30:00-05:00,SHORT,Breakout,1.20312,1.2043500208827573,1.20177,2022-12-23 08:35:00-05:00,1.2043500208827573,SL,0.000174,-1.0,-1.1415,-1141.46
2022-12-23 09:50:00-05:00,SHORT,Retest,1.20371,1.2043865973065877,1.20223,2022-12-23 09:55:00-05:00,1.2043865973065877,SL,0.00018,-1.0,-1.266,-1266.04
2022-12-29 01:35:00-05:00,SHORT,Breakout,1.20238,1.2027861186809135,1.20088,2022-12-29 01:50:00-05:00,1.2027861186809135,SL,0.000174,-1.0,-1.4284,-1428.45
2022-12-29 02:00:00-05:00,SHORT,Retest,1.20251,1.202785681612186,1.20088,2022-12-29 02:05:00-05:00,1.202785681612186,SL,0.000168,-1.0,-1.6094,-1609.4
2022-12-29 18:20:00-05:00,SHORT,Breakout,1.20492,1.205132990320318,1.20218,2022-12-29 18:30:00-05:00,1.205132990320318,SL,0.000164,-1.0,-1.77,-1769.99
2022-12-30 08:20:00-05:00,SHORT,Breakout,1.20193,1.202764783792049,1.2014,2022-12-30 08:30:00-05:00,1.2014,TP,0.00018,0.6349,0.4193,419.27
2023-01-02 02:50:00-05:00,SHORT,Breakout,1.20638,1.206546929051943,1.20152,2023-01-02 02:55:00-05:00,1.206546929051943,SL,0.00038,-1.0,-3.2764,-3276.42
2023-01-02 10:55:00-05:00,SHORT,Breakout,1.20422,1.2048818729697646,1.20152,2023-01-02 15:20:00-05:00,1.2048818729697646,SL,0.000262,-1.0,-1.3958,-1395.85
2023-01-02 20:20:00-05:00,SHORT,Breakout,1.20384,1.2043211281220916,1.2033,2023-01-02 20:25:00-05:00,1.2043211281220916,SL,0.00018,-1.0,-1.3741,-1374.12
2023-01-02 20:40:00-05:00,SHORT,Breakout,1.2037,1.204322823466656,1.2033,2023-01-02 20:50:00-05:00,1.204322823466656,SL,0.000176,-1.0,-1.2826,-1282.58
2023-01-03 02:45:00-05:00,SHORT,Breakout,1.2049400000000001,1.2057859919126732,1.2034,2023-01-03 02:50:00-05:00,1.2034,TP,0.00018,1.8203,1.6076,1607.58
2023-01-04 10:05:00-05:00,SHORT,Breakout,1.20261,1.2031114737165558,1.1971,2023-01-04 10:15:00-05:00,1.2031114737165558,SL,0.00018,-1.0,-1.3589,-1358.94
2023-01-05 07:45:00-05:00,SHORT,Breakout,1.20085,1.2012793957754937,1.19992,2023-01-05 07:55:00-05:00,1.19992,TP,0.000178,2.1658,1.7513,1751.3
2023-01-05 08:05:00-05:00,SHORT,Breakout,1.2008,1.2012877218019544,1.1971,2023-01-05 08:20:00-05:00,1.1971,TP,0.00018,7.5863,7.2172,7217.23
2023-01-05 13:25:00-05:00,SHORT,Bounce,1.19159,1.1920868424380815,1.18727,2023-01-05 13:35:00-05:00,1.1920868424380815,SL,0.00018,-1.0,-1.3623,-1362.29
2023-01-05 17:30:00-05:00,SHORT,Breakout,1.19027,1.1906850994641789,1.18727,2023-01-05 17:35:00-05:00,1.1906850994641789,SL,0.00049,-1.0,-2.1804,-2180.44
2023-01-06 00:00:00-05:00,SHORT,Breakout,1.19153,1.1921811367490025,1.1911,2023-01-06 00:15:00-05:00,1.1911,TP,0.00018,0.6604,0.3839,383.94
2023-01-06 07:05:00-05:00,SHORT,Breakout,1.18459,1.1850970870518829,1.18274,2023-01-06 07:10:00-05:00,1.1850970870518829,SL,0.00018,-1.0,-1.355,-1354.97
2023-01-06 08:45:00-05:00,SHORT,Bounce,1.19065,1.1919712689471962,1.18408,2023-01-06 08:50:00-05:00,1.1919712689471962,SL,0.00018,-1.0,-1.1362,-1136.23
2023-01-08 18:25:00-05:00,LONG,Breakout,1.21018,1.2097257086318003,1.2107,2023-01-08 18:35:00-05:00,1.2107,TP,0.00018,1.1446,0.7484,748.42
2023-01-09 02:35:00-05:00,LONG,Bounce,1.21333,1.2130524301597274,1.21822,2023-01-09 02:40:00-05:00,1.2130524301597274,SL,0.00018,-1.0,-1.6485,-1648.49
2023-01-09 02:40:00-05:00,LONG,Bounce,1.2134,1.2130525422911753,1.21822,2023-01-09 02:50:00-05:00,1.2130525422911753,SL,0.00018,-1.0,-1.518,-1518.05
2023-01-09 02:50:00-05:00,LONG,Bounce,1.21374,1.2130496002408604,1.21822,2023-01-09 05:30:00-05:00,1.2130496002408604,SL,0.00018,-1.0,-1.2607,-1260.72
2023-01-09 08:25:00-05:00,LONG,Breakout,1.21769,1.2171762649701978,1.21822,2023-01-09 08:30:00-05:00,1.21822,TP,0.00018,1.0317,0.6813,681.29
2023-01-09 18:00:00-05:00,LONG,Bounce,1.21855,1.217452433835836,1.22039,2023-01-09 19:25:00-05:00,1.217452433835836,SL,0.00042,-1.0,-1.3827,-1382.66
2023-01-09 20:30:00-05:00,LONG,Bounce,1.21792,1.2174140921065555,1.21973,2023-01-09 21:00:00-05:00,1.2174140921065555,SL,0.00018,-1.0,-1.3558,-1355.8
2023-01-10 06:55:00-05:00,LONG,Bounce,1.21538,1.2148442278695217,1.2184,2023-01-10 07:00:00-05:00,1.2148442278695217,SL,0.000178,-1.0,-1.3322,-1332.23
2023-01-10 09:20:00-05:00,LONG,Bounce,1.21593,1.2147787183782377,1.2184,2023-01-10 09:45:00-05:00,1.2147787183782377,SL,0.00018,-1.0,-1.1563,-1156.35
2023-01-10 18:00:00-05:00,LONG,Bounce,1.21465,1.2140082544822648,1.21546,2023-01-10 18:35:00-05:00,1.21546,TP,0.00022,1.2622,0.9194,919.37
2023-01-10 19:30:00-05:00,LONG,Breakout,1.21586,1.2153716067380271,1.21671,2023-01-10 19:50:00-05:00,1.2153716067380271,SL,0.000178,-1.0,-1.3645,-1364.46
2023-01-11 03:20:00-05:00,LONG,Bounce,1.21479,1.2144269359210351,1.21775,2023-01-11 03:50:00-05:00,1.2144269359210351,SL,0.00018,-1.0,-1.4958,-1495.78
2023-01-11 09:25:00-05:00,LONG,Breakout,1.21289,1.2120817036163725,1.21402,2023-01-11 09:30:00-05:00,1.2120817036163725,SL,0.00017,-1.0,-1.2103,-1210.32
2023-01-11 10:55:00-05:00,LONG,Retest,1.21255,1.2120575092193635,1.2153100000000001,2023-01-11 12:00:00-05:00,1.2120575092193635,SL,0.00017,-1.0,-1.3452,-1345.18
2023-01-11 13:15:00-05:00,LONG,Bounce,1.21329,1.2111336578271834,1.2153100000000001,2023-01-11 14:50:00-05:00,1.2153100000000001,TP,0.000166,0.9368,0.8598,859.79
2023-01-11 20:00:00-05:00,LONG,Breakout,1.21567,1.2154579900632883,1.21775,2023-01-11 20:05:00-05:00,1.2154579900632883,SL,0.00017,-1.0,-1.8018,-1801.85
2023-01-11 20:40:00-05:00,LONG,Retest,1.21611,1.2154625037159599,1.21648,2023-01-11 20:50:00-05:00,1.2154625037159599,SL,0.00017,-1.0,-1.2625,-1262.55
2023-01-11 23:50:00-05:00,LONG,Breakout,1.2167,1.2165837826490806,1.21775,2023-01-12 00:00:00-05:00,1.2165837826490806,SL,0.000158,-1.0,-2.3595,-2359.52
2023-01-12 00:15:00-05:00,LONG,Breakout,1.21679,1.2165815467013839,1.21775,2023-01-12 00:25:00-05:00,1.2165815467013839,SL,0.000158,-1.0,-1.758,-1757.96
2023-01-12 05:50:00-05:00,LONG,Breakout,1.21829,1.2179648905458003,1.21973,2023-01-12 05:55:00-05:00,1.2179648905458003,SL,0.00017,-1.0,-1.5229,-1522.9
2023-01-12 08:20:00-05:00,LONG,Bounce,1.2153,1.2148172458875117,1.21903,2023-01-12 08:30:00-05:00,1.2148172458875117,SL,0.00017,-1.0,-1.3521,-1352.15
2023-01-12 08:45:00-05:00,LONG,Breakout,1.22042,1.2185837347706905,1.22228,2023-01-12 08:50:00-05:00,1.22228,TP,0.00017,1.0129,0.9203,920.35
2023-01-12 19:50:00-05:00,LONG,Bounce,1.22088,1.2201883188563636,1.22461,2023-01-12 21:10:00-05:00,1.2201883188563636,SL,0.00017,-1.0,-1.2458,-1245.78
2023-01-13 00:15:00-05:00,LONG,Bounce,1.21919,1.2188599197234748,1.22183,2023-01-13 00:20:00-05:00,1.2188599197234748,SL,0.00017,-1.0,-1.515,-1515.03
2023-01-13 03:20:00-05:00,LONG,Breakout,1.22226,1.2216535046818295,1.22321,2023-01-13 03:25:00-05:00,1.2216535046818295,SL,0.00017,-1.0,-1.2803,-1280.3
2023-01-16 18:30:00-05:00,LONG,Breakout,1.22054,1.2197440524848702,1.22107,2023-01-16 19:10:00-05:00,1.22107,TP,0.00017,0.6659,0.4523,452.29
2023-01-17 09:15:00-05:00,LONG,Breakout,1.2275800000000001,1.226977953868752,1.22886,2023-01-17 09:20:00-05:00,1.226977953868752,SL,0.00017,-1.0,-1.2824,-1282.37
2023-01-17 09:20:00-05:00,LONG,Retest,1.22803,1.2269776714495553,1.22886,2023-01-17 09:25:00-05:00,1.22886,TP,0.00017,0.7887,0.6272,627.18
2023-01-17 21:40:00-05:00,LONG,Bounce,1.22715,1.226670568835244,1.22899,2023-01-17 21:45:00-05:00,1.226670568835244,SL,0.00017,-1.0,-1.3546,-1354.59
2023-01-18 01:10:00-05:00,LONG,Breakout,1.22901,1.2286094638132852,1.22987,2023-01-18 01:25:00-05:00,1.2286094638132852,SL,0.00017,-1.0,-1.4244,-1424.43
2023-01-18 01:40:00-05:00,LONG,Breakout,1.22886,1.228606118095609,1.22987,2023-01-18 01:45:00-05:00,1.228606118095609,SL,0.00017,-1.0,-1.6696,-1669.6
2023-01-18 08:30:00-05:00,LONG,Breakout,1.23929,1.2385581164079662,1.24252,2023-01-18 08:35:00-05:00,1.2385581164079662,SL,0.00017,-1.0,-1.2323,-1232.28
2023-01-18 08:35:00-05:00,LONG,Retest,1.23945,1.2385535366645402,1.24252,2023-01-18 09:15:00-05:00,1.24252,TP,0.00017,3.4246,3.2349,3234.93
2023-01-18 22:40:00-05:00,LONG,Breakout,1.23421,1.2335998117166964,1.23492,2023-01-18 22:55:00-05:00,1.2335998117166964,SL,0.000162,-1.0,-1.2655,-1265.49
2023-01-19 03:00:00-05:00,LONG,Bounce,1.23306,1.232568264650352,1.23448,2023-01-19 03:40:00-05:00,1.23448,TP,0.00017,2.8877,2.542,2542.02
2023-01-19 07:30:00-05:00,LONG,Breakout,1.23525,1.2347203930695199,1.24163,2023-01-19 07:40:00-05:00,1.2347203930695199,SL,0.00017,-1.0,-1.321,-1320.99
2023-01-19 08:30:00-05:00,LONG,Bounce,1.23382,1.2320292183246537,1.23584,2023-01-19 10:00:00-05:00,1.23584,TP,0.00017,1.128,1.0331,1033.07
2023-01-19 10:50:00-05:00,LONG,Breakout,1.23631,1.2355125073876168,1.24163,2023-01-19 10:55:00-05:00,1.2355125073876168,SL,0.00017,-1.0,-1.2132,-1213.17
2023-01-19 11:50:00-05:00,LONG,Retest,1.23628,1.2355485733249902,1.24163,2023-01-20 02:00:00-05:00,1.2355485733249902,SL,0.00017,-1.0,-1.2324,-1232.42
2023-01-20 03:00:00-05:00,LONG,Bounce,1.23683,1.2362958432098634,1.2382,2023-01-20 03:20:00-05:00,1.2362958432098634,SL,0.00017,-1.0,-1.3183,-1318.26
2023-01-20 09:30:00-05:00,LONG,Bounce,1.23477,1.233940244478133,1.23603,2023-01-20 09:45:00-05:00,1.23603,TP,0.000168,1.5185,1.3161,1316.05
2023-01-20 10:00:00-05:00,LONG,Breakout,1.23641,1.2358488269871148,1.23705,2023-01-20 10:05:00-05:00,1.23705,TP,0.000166,1.1405,0.8447,844.66
2023-01-22 19:50:00-05:00,LONG,Breakout,1.24197,1.2413096080448538,1.24353,2023-01-22 22:10:00-05:00,1.24353,TP,0.00017,2.3622,2.1048,2104.81
2023-01-23 11:00:00-05:00,LONG,Breakout,1.23822,1.2369833067343974,1.24235,2023-01-23 11:15:00-05:00,1.2369833067343974,SL,0.00017,-1.0,-1.1375,-1137.46
2023-01-23 20:40:00-05:00,LONG,Breakout,1.2388,1.2383818433401657,1.24235,2023-01-23 22:20:00-05:00,1.2383818433401657,SL,0.00017,-1.0,-1.4065,-1406.55
2023-01-24 02:20:00-05:00,LONG,Breakout,1.2401,1.238940798389228,1.24235,2023-01-24 03:30:00-05:00,1.238940798389228,SL,0.00017,-1.0,-1.1467,-1146.65
2023-01-24 17:40:00-05:00,LONG,Bounce,1.23339,1.2325941749050302,1.23415,2023-01-24 17:50:00-05:00,1.2325941749050302,SL,0.00048,-1.0,-1.6031,-1603.15
2023-01-25 01:20:00-05:00,LONG,Breakout,1.23358,1.2331831390803198,1.23415,2023-01-25 01:25:00-05:00,1.2331831390803198,SL,0.000166,-1.0,-1.4183,-1418.28
2023-01-25 09:45:00-05:00,LONG,Breakout,1.23617,1.2333675520192016,1.24132,2023-01-25 11:10:00-05:00,1.2333675520192016,SL,0.00017,-1.0,-1.0607,-1060.66
2023-01-25 11:10:00-05:00,LONG,Retest,1.2343600000000001,1.2333290946917852,1.23989,2023-01-25 13:45:00-05:00,1.23989,TP,0.00017,5.3642,5.1993,5199.31
2023-01-25 16:50:00-05:00,LONG,Breakout,1.24015,1.239855896341998,1.24132,2023-01-25 16:55:00-05:00,1.239855896341998,SL,0.000162,-1.0,-1.5508,-1550.83
2023-01-26 08:10:00-05:00,LONG,Bounce,1.23871,1.2380610839417874,1.24065,2023-01-26 08:30:00-05:00,1.2380610839417874,SL,0.000168,-1.0,-1.2589,-1258.89
2023-01-26 08:30:00-05:00,LONG,Bounce,1.23887,1.2380094153077204,1.24065,2023-01-26 08:35:00-05:00,1.2380094153077204,SL,0.00017,-1.0,-1.1975,-1197.54
2023-01-26 08:35:00-05:00,LONG,Bounce,1.23955,1.237989171357169,1.24065,2023-01-26 09:05:00-05:00,1.24065,TP,0.000162,0.7048,0.601,600.96
2023-01-26 09:15:00-05:00,LONG,Breakout,1.24136,1.2404283223036938,1.24297,2023-01-26 09:20:00-05:00,1.2404283223036938,SL,0.00017,-1.0,-1.1825,-1182.47
2023-01-27 04:00:00-05:00,LONG,Breakout,1.23831,1.2380290082171026,1.24037,2023-01-27 04:20:00-05:00,1.2380290082171026,SL,0.000166,-1.0,-1.5908,-1590.76
2023-01-27 08:00:00-05:00,LONG,Bounce,1.23629,1.2358132943971054,1.23842,2023-01-27 08:30:00-05:00,1.23842,TP,0.000168,4.4682,4.1157,4115.75
2023-01-27 08:30:00-05:00,LONG,Breakout,1.23864,1.2382722090757783,1.24037,2023-01-27 08:35:00-05:00,1.2382722090757783,SL,0.00017,-1.0,-1.4622,-1462.22
2023-01-27 10:10:00-05:00,LONG,Retest,1.23906,1.2381998092982722,1.24037,2023-01-27 10:20:00-05:00,1.2381998092982722,SL,0.00017,-1.0,-1.1976,-1197.63
2023-01-27 10:50:00-05:00,LONG,Bounce,1.23572,1.2344763959664111,1.2397,2023-01-27 12:50:00-05:00,1.2397,TP,0.00017,3.2004,3.0637,3063.68
2023-01-29 18:50:00-05:00,LONG,Breakout,1.23984,1.239648246219565,1.24037,2023-01-29 19:15:00-05:00,1.239648246219565,SL,0.000202,-1.0,-2.0534,-2053.43
2023-01-29 20:35:00-05:00,LONG,Bounce,1.23842,1.2379095641814326,1.24036,2023-01-29 23:00:00-05:00,1.24036,TP,0.00017,3.8007,3.4676,3467.62
2023-01-29 23:05:00-05:00,LONG,Breakout,1.24007,1.2393132459870557,1.2417799999999999,2023-01-30 00:40:00-05:00,1.2393132459870557,SL,0.00017,-1.0,-1.2246,-1224.64
2023-01-30 03:15:00-05:00,LONG,Bounce,1.23859,1.2381712347204161,1.23972,2023-01-30 03:20:00-05:00,1.2381712347204161,SL,0.00017,-1.0,-1.406,-1405.96
2023-01-30 08:45:00-05:00,LONG,Bounce,1.23828,1.2376467233124593,1.2416800000000001,2023-01-30 08:55:00-05:00,1.2376467233124593,SL,0.00017,-1.0,-1.2684,-1268.45
2023-01-31 02:05:00-05:00,LONG,Breakout,1.23471,1.2344259789617804,1.23703,2023-01-31 03:05:00-05:00,1.2344259789617804,SL,0.00017,-1.0,-1.5985,-1598.55
2023-01-31 10:50:00-05:00,LONG,Bounce,1.23041,1.2292667928554424,1.23291,2023-01-31 13:30:00-05:00,1.23291,TP,0.00017,2.1868,2.0381,2038.13
2023-02-02 02:00:00-05:00,LONG,Bounce,1.23884,1.2385420555809925,1.23966,2023-02-02 02:20:00-05:00,1.2385420555809925,SL,0.00017,-1.0,-1.5706,-1570.58
2023-02-03 02:25:00-05:00,SHORT,Breakout,1.21959,1.2208537565009554,1.21913,2023-02-03 02:30:00-05:00,1.21913,TP,0.00017,0.364,0.2295,229.47
2023-02-03 08:30:00-05:00,SHORT,Breakout,1.21667,1.2185078252246093,1.2086999999999999,2023-02-03 10:00:00-05:00,1.2086999999999999,TP,0.000166,4.3366,4.2463,4246.32
2023-02-03 10:00:00-05:00,SHORT,Breakout,1.20781,1.210394152824871,1.20479,2023-02-03 10:15:00-05:00,1.210394152824871,SL,0.000166,-1.0,-1.0642,-1064.24
2023-02-05 21:35:00-05:00,SHORT,Bounce,1.20519,1.2058142048369167,1.20303,2023-02-05 22:00:00-05:00,1.2058142048369167,SL,0.000162,-1.0,-1.2595,-1259.53
2023-02-06 02:20:00-05:00,SHORT,Bounce,1.20617,1.2068966940150367,1.20507,2023-02-06 03:00:00-05:00,1.20507,TP,0.000166,1.5137,1.2853,1285.27
2023-02-06 04:25:00-05:00,SHORT,Retest,1.20523,1.2056280718806345,1.20349,2023-02-06 04:30:00-05:00,1.2056280718806345,SL,0.000168,-1.0,-1.422,-1422.03
2023-02-06 08:00:00-05:00,SHORT,Bounce,1.20658,1.2071031417174851,1.20209,2023-02-06 09:30:00-05:00,1.2071031417174851,SL,0.00016,-1.0,-1.3058,-1305.84
2023-02-06 22:30:00-05:00,SHORT,Bounce,1.20445,1.2055349821358492,1.20138,2023-02-07 01:20:00-05:00,1.2055349821358492,SL,0.00017,-1.0,-1.1567,-1156.68
2023-02-07 02:05:00-05:00,SHORT,Breakout,1.20324,1.2035526610924077,1.20138,2023-02-07 03:05:00-05:00,1.20138,TP,0.00017,5.9489,5.4052,5405.21
2023-02-07 08:20:00-05:00,SHORT,Breakout,1.19687,1.1973517713641242,1.1877900000000001,2023-02-07 08:45:00-05:00,1.1973517713641242,SL,0.000166,-1.0,-1.3446,-1344.56
2023-02-08 08:20:00-05:00,SHORT,Breakout,1.20807,1.208618227548745,1.20377,2023-02-08 08:30:00-05:00,1.208618227548745,SL,0.000162,-1.0,-1.2955,-1295.5
2023-02-08 08:35:00-05:00,SHORT,Retest,1.20812,1.2086138884564843,1.20377,2023-02-08 09:05:00-05:00,1.2086138884564843,SL,0.000166,-1.0,-1.3361,-1336.11
2023-02-08 09:25:00-05:00,SHORT,Breakout,1.20822,1.2086294055102194,1.20377,2023-02-08 11:50:00-05:00,1.2086294055102194,SL,0.00016,-1.0,-1.3908,-1390.81
2023-02-08 19:25:00-05:00,SHORT,Bounce,1.20699,1.2072052559848134,1.20618,2023-02-08 20:00:00-05:00,1.20618,TP,0.00017,3.763,2.9732,2973.2
2023-02-08 20:05:00-05:00,SHORT,Breakout,1.20575,1.206247632224379,1.2054,2023-02-08 20:15:00-05:00,1.206247632224379,SL,0.00017,-1.0,-1.3416,-1341.62
2023-02-09 08:00:00-05:00,SHORT,Bounce,1.21569,1.21595040207513,1.21314,2023-02-09 08:05:00-05:00,1.21595040207513,SL,0.000166,-1.0,-1.6375,-1637.48
2023-02-09 13:00:00-05:00,SHORT,Breakout,1.21314,1.214359026365509,1.20852,2023-02-10 05:05:00-05:00,1.20852,TP,0.000166,3.7899,3.6537,3653.74
2023-02-12 19:05:00-05:00,SHORT,Breakout,1.20449,1.204628867578808,1.20377,2023-02-12 19:45:00-05:00,1.204628867578808,SL,0.000166,-1.0,-2.1954,-2195.38
2023-02-12 20:45:00-05:00,SHORT,Retest,1.20424,1.2046438347414121,1.20209,2023-02-12 20:50:00-05:00,1.2046438347414121,SL,0.00017,-1.0,-1.421,-1420.96
2023-02-13 04:55:00-05:00,SHORT,Breakout,1.2037499999999999,1.2041947945116132,1.20209,2023-02-13 05:00:00-05:00,1.2041947945116132,SL,0.000166,-1.0,-1.3732,-1373.21
2023-02-13 05:10:00-05:00,SHORT,Retest,1.20343,1.2042031630984018,1.20209,2023-02-13 05:30:00-05:00,1.2042031630984018,SL,0.000168,-1.0,-1.2173,-1217.29
2023-02-14 08:00:00-05:00,SHORT,Bounce,1.22107,1.2216655225842323,1.21359,2023-02-14 08:20:00-05:00,1.2216655225842323,SL,0.000162,-1.0,-1.272,-1272.03
2023-02-14 08:20:00-05:00,SHORT,Bounce,1.22105,1.2216771518775578,1.21974,2023-02-14 08:30:00-05:00,1.2216771518775578,SL,0.000168,-1.0,-1.2679,-1267.88
2023-02-16 01:05:00-05:00,SHORT,Breakout,1.2039,1.2045062752557694,1.20135,2023-02-16 02:15:00-05:00,1.2045062752557694,SL,0.000168,-1.0,-1.2771,-1277.1
2023-02-16 15:15:00-05:00,SHORT,Breakout,1.19953,1.2005540739268925,1.19646,2023-02-16 19:25:00-05:00,1.19646,TP,0.000168,2.9978,2.8338,2833.78
2023-02-16 20:45:00-05:00,SHORT,Breakout,1.1953,1.1956969393881718,1.1877900000000001,2023-02-16 22:35:00-05:00,1.1956969393881718,SL,0.000166,-1.0,-1.4182,-1418.2
2023-02-16 23:35:00-05:00,SHORT,Breakout,1.19443,1.1946914666727706,1.1877900000000001,2023-02-16 23:55:00-05:00,1.1946914666727706,SL,0.00016,-1.0,-1.6119,-1611.93
2023-02-17 01:40:00-05:00,SHORT,Retest,1.19404,1.1947077019425616,1.1877900000000001,2023-02-17 02:35:00-05:00,1.1947077019425616,SL,0.00016,-1.0,-1.2396,-1239.63
2023-02-17 03:00:00-05:00,SHORT,Breakout,1.19181,1.1933510612004783,1.1877900000000001,2023-02-17 03:55:00-05:00,1.1933510612004783,SL,0.000166,-1.0,-1.1077,-1107.72
2023-02-20 10:00:00-05:00,SHORT,Bounce,1.20378,1.2041613162892988,1.20195,2023-02-20 15:00:00-05:00,1.2041613162892988,SL,0.00017,-1.0,-1.4458,-1445.82
2023-02-20 19:05:00-05:00,SHORT,Breakout,1.20274,1.2032733565308897,1.20237,2023-02-20 19:30:00-05:00,1.2032733565308897,SL,0.000158,-1.0,-1.2962,-1296.24
2023-02-20 19:55:00-05:00,SHORT,Breakout,1.20293,1.2032797427419994,1.20237,2023-02-20 20:00:00-05:00,1.20237,TP,0.000162,1.6012,1.138,1137.98
2023-02-21 02:00:00-05:00,SHORT,Breakout,1.20166,1.2020274830768582,1.20126,2023-02-21 02:10:00-05:00,1.20126,TP,0.00017,1.0885,0.6259,625.88
2023-02-21 02:10:00-05:00,SHORT,Retest,1.20097,1.202034727755046,1.19205,2023-02-21 03:10:00-05:00,1.202034727755046,SL,0.000168,-1.0,-1.1578,-1157.79
2023-02-21 04:20:00-05:00,SHORT,Breakout,1.1992099999999999,1.1997770345805847,1.19205,2023-02-21 04:25:00-05:00,1.1997770345805847,SL,0.00017,-1.0,-1.2998,-1299.81
2023-02-21 08:20:00-05:00,SHORT,Bounce,1.21098,1.2119879650599463,1.19855,2023-02-21 08:30:00-05:00,1.2119879650599463,SL,0.00017,-1.0,-1.1687,-1168.66
2023-02-23 03:05:00-05:00,SHORT,Breakout,1.20485,1.2052956275242264,1.20449,2023-02-23 03:15:00-05:00,1.2052956275242264,SL,0.000168,-1.0,-1.377,-1377.0
2023-02-23 08:35:00-05:00,SHORT,Bounce,1.20337,1.2044141136165618,1.20186,2023-02-23 09:10:00-05:00,1.2044141136165618,SL,0.00017,-1.0,-1.1628,-1162.82
2023-02-24 02:00:00-05:00,SHORT,Breakout,1.20128,1.201608875588746,1.20068,2023-02-24 02:10:00-05:00,1.201608875588746,SL,0.00017,-1.0,-1.5169,-1516.91
2023-02-24 03:00:00-05:00,SHORT,Bounce,1.20228,1.2028032780369915,1.20102,2023-02-24 03:05:00-05:00,1.20102,TP,0.00017,2.4079,2.083,2083.02
2023-02-27 01:15:00-05:00,SHORT,Breakout,1.19337,1.1938092816217964,1.19275,2023-02-27 01:20:00-05:00,1.1938092816217964,SL,0.00017,-1.0,-1.387,-1387.0
2023-02-27 19:10:00-05:00,SHORT,Bounce,1.20634,1.2066016258837389,1.20394,2023-02-27 19:40:00-05:00,1.2066016258837389,SL,0.000166,-1.0,-1.6345,-1634.49
2023-02-28 03:10:00-05:00,SHORT,Breakout,1.2033800000000001,1.2037880483266594,1.20152,2023-02-28 03:20:00-05:00,1.2037880483266594,SL,0.00017,-1.0,-1.4166,-1416.62
2023-03-01 10:00:00-05:00,SHORT,Breakout,1.19981,1.20086597975444,1.19736,2023-03-01 10:05:00-05:00,1.19736,TP,0.00017,2.3201,2.1591,2159.13
2023-03-01 20:10:00-05:00,SHORT,Breakout,1.20173,1.2018873655265807,1.19926,2023-03-01 20:20:00-05:00,1.2018873655265807,SL,0.00017,-1.0,-2.0803,-2080.29
2023-03-01 20:20:00-05:00,SHORT,Breakout,1.20169,1.2018908304795517,1.19926,2023-03-01 20:30:00-05:00,1.2018908304795517,SL,0.000166,-1.0,-1.8266,-1826.57
2023-03-01 20:30:00-05:00,SHORT,Breakout,1.20145,1.201892338525736,1.19926,2023-03-02 00:35:00-05:00,1.19926,TP,0.00017,4.951,4.5666,4566.64
2023-03-02 02:15:00-05:00,SHORT,Breakout,1.19741,1.197956150856588,1.19644,2023-03-02 02:25:00-05:00,1.19644,TP,0.00017,1.7761,1.4648,1464.8
2023-03-02 07:50:00-05:00,SHORT,Breakout,1.19449,1.1957655323740581,1.19396,2023-03-02 08:10:00-05:00,1.19396,TP,0.00017,0.4155,0.2822,282.24
2023-03-03 08:25:00-05:00,SHORT,Bounce,1.20025,1.2007325241895077,1.19737,2023-03-03 08:30:00-05:00,1.2007325241895077,SL,0.00017,-1.0,-1.3523,-1352.31
2023-03-03 10:05:00-05:00,SHORT,Breakout,1.19707,1.1981596949525284,1.1960899999999999,2023-03-03 10:10:00-05:00,1.1981596949525284,SL,0.00017,-1.0,-1.156,-1156.01
2023-03-03 10:55:00-05:00,SHORT,Retest,1.1975500000000001,1.1981787484770827,1.19615,2023-03-03 11:35:00-05:00,1.1981787484770827,SL,0.000168,-1.0,-1.2672,-1267.2
2023-03-08 09:30:00-05:00,SHORT,Bounce,1.1834500000000001,1.1849388258451066,1.18146,2023-03-08 10:00:00-05:00,1.18146,TP,0.00017,1.3366,1.2224,1222.44
2023-03-08 10:15:00-05:00,SHORT,Breakout,1.18127,1.182010143987295,1.17775,2023-03-08 10:20:00-05:00,1.182010143987295,SL,0.00017,-1.0,-1.2297,-1229.69
2023-03-09 08:40:00-05:00,SHORT,Bounce,1.18893,1.1903102165893271,1.18756,2023-03-09 08:50:00-05:00,1.1903102165893271,SL,0.00017,-1.0,-1.1232,-1123.17
2023-03-09 14:50:00-05:00,SHORT,Breakout,1.19102,1.1913538070395597,1.19039,2023-03-09 15:10:00-05:00,1.1913538070395597,SL,0.00017,-1.0,-1.5093,-1509.28
2023-03-09 22:00:00-05:00,SHORT,Breakout,1.19131,1.191782190727973,1.19029,2023-03-09 22:10:00-05:00,1.191782190727973,SL,0.00017,-1.0,-1.36,-1360.02
2023-03-12 22:30:00-04:00,LONG,Breakout,1.21217,1.2101347559426399,1.21425,2023-03-13 03:00:00-04:00,1.2101347559426399,SL,0.00017,-1.0,-1.0835,-1083.53
2023-03-14 08:05:00-04:00,LONG,Breakout,1.21707,1.2165551624880957,1.21827,2023-03-14 08:20:00-04:00,1.21827,TP,0.000166,2.3308,2.0084,2008.4
2023-03-14 08:35:00-04:00,LONG,Breakout,1.21714,1.2164170306696194,1.22202,2023-03-14 09:35:00-04:00,1.2164170306696194,SL,0.00017,-1.0,-1.2351,-1235.14
2023-03-15 03:15:00-04:00,LONG,Bounce,1.21548,1.2146783053549723,1.21811,2023-03-15 03:20:00-04:00,1.2146783053549723,SL,0.00017,-1.0,-1.2121,-1212.05
2023-03-15 14:30:00-04:00,LONG,Breakout,1.20758,1.20710445302225,1.21118,2023-03-15 14:35:00-04:00,1.20710445302225,SL,0.00017,-1.0,-1.3575,-1357.48
2023-03-15 18:15:00-04:00,LONG,Bounce,1.20511,1.2048011068638367,1.20607,2023-03-15 18:35:00-04:00,1.20607,TP,0.000344,3.1079,1.9942,1994.22
2023-03-16 01:25:00-04:00,LONG,Breakout,1.20832,1.2080430005494565,1.21118,2023-03-16 01:30:00-04:00,1.2080430005494565,SL,0.00017,-1.0,-1.6137,-1613.72
2023-03-16 03:40:00-04:00,LONG,Breakout,1.20881,1.208502409039096,1.21118,2023-03-16 03:45:00-04:00,1.208502409039096,SL,0.00017,-1.0,-1.5527,-1552.68
2023-03-16 20:30:00-04:00,LONG,Bounce,1.21066,1.2103022560885668,1.2114099999999999,2023-03-16 20:35:00-04:00,1.2103022560885668,SL,0.00017,-1.0,-1.4752,-1475.2
2023-03-17 09:50:00-04:00,LONG,Breakout,1.21438,1.2138113670702757,1.21712,2023-03-17 12:00:00-04:00,1.2138113670702757,SL,0.00017,-1.0,-1.299,-1298.96
2023-03-19 20:00:00-04:00,LONG,Breakout,1.21948,1.218827619149564,1.22001,2023-03-19 21:00:00-04:00,1.218827619149564,SL,0.00017,-1.0,-1.2606,-1260.58
2023-03-19 21:05:00-04:00,LONG,Breakout,1.21903,1.2188314096604704,1.22001,2023-03-19 21:10:00-04:00,1.2188314096604704,SL,0.00017,-1.0,-1.856,-1856.03
2023-03-19 21:20:00-04:00,LONG,Breakout,1.21942,1.2188262977492905,1.22001,2023-03-19 21:35:00-04:00,1.2188262977492905,SL,0.00017,-1.0,-1.2863,-1286.34
2023-03-20 03:25:00-04:00,LONG,Breakout,1.21942,1.2190354578883287,1.21999,2023-03-20 03:30:00-04:00,1.2190354578883287,SL,0.000168,-1.0,-1.4369,-1436.88
2023-03-20 03:35:00-04:00,LONG,Breakout,1.21957,1.2190355733833038,1.21999,2023-03-20 03:40:00-04:00,1.2190355733833038,SL,0.00017,-1.0,-1.3181,-1318.1
2023-03-20 04:05:00-04:00,LONG,Retest,1.2199200000000001,1.2190264852169763,1.22035,2023-03-20 04:10:00-04:00,1.2190264852169763,SL,0.00017,-1.0,-1.1903,-1190.26
2023-03-20 08:30:00-04:00,LONG,Breakout,1.22321,1.2228236683030693,1.22695,2023-03-20 08:50:00-04:00,1.2228236683030693,SL,0.00017,-1.0,-1.44,-1440.04
2023-03-20 08:50:00-04:00,LONG,Breakout,1.22386,1.222812856528633,1.22695,2023-03-20 08:55:00-04:00,1.222812856528633,SL,0.000168,-1.0,-1.1604,-1160.44
2023-03-20 14:25:00-04:00,LONG,Breakout,1.22817,1.2278060634117676,1.22997,2023-03-20 14:35:00-04:00,1.2278060634117676,SL,0.000162,-1.0,-1.4451,-1445.13
2023-03-20 14:40:00-04:00,LONG,Breakout,1.22813,1.2278098824036638,1.22997,2023-03-20 14:55:00-04:00,1.2278098824036638,SL,0.00017,-1.0,-1.5311,-1531.05
2023-03-20 21:00:00-04:00,LONG,Bounce,1.2274,1.2272045363059227,1.22845,2023-03-20 21:05:00-04:00,1.2272045363059227,SL,0.00017,-1.0,-1.8697,-1869.73
2023-03-21 02:45:00-04:00,LONG,Bounce,1.225,1.2247157172587133,1.2282,2023-03-21 03:15:00-04:00,1.2247157172587133,SL,0.00017,-1.0,-1.598,-1598.0
2023-03-21 03:20:00-04:00,LONG,Bounce,1.22518,1.2246974956368546,1.2262,2023-03-21 03:45:00-04:00,1.2246974956368546,SL,0.00017,-1.0,-1.3523,-1352.33
2023-03-21 04:10:00-04:00,LONG,Bounce,1.22461,1.2242188120146875,1.2262,2023-03-21 04:45:00-04:00,1.2242188120146875,SL,0.00017,-1.0,-1.4346,-1434.57
2023-03-21 18:55:00-04:00,LONG,Breakout,1.22228,1.2219270668229771,1.22583,2023-03-21 19:00:00-04:00,1.2219270668229771,SL,0.000202,-1.0,-1.5723,-1572.35
2023-03-21 20:45:00-04:00,LONG,Breakout,1.2221,1.2219147188853605,1.22583,2023-03-21 21:00:00-04:00,1.2219147188853605,SL,0.00017,-1.0,-1.9175,-1917.52
2023-03-21 22:50:00-04:00,LONG,Retest,1.22226,1.221895679575465,1.22583,2023-03-22 03:00:00-04:00,1.22583,TP,0.00017,9.7991,9.3324,9332.44
2023-03-22 03:00:00-04:00,LONG,Breakout,1.22504,1.2237765501920714,1.2282,2023-03-22 04:45:00-04:00,1.2282,TP,0.00017,2.5011,2.3665,2366.54
2023-03-22 13:40:00-04:00,LONG,Breakout,1.22509,1.2246692027175397,1.2279200000000001,2023-03-22 13:45:00-04:00,1.2246692027175397,SL,0.000166,-1.0,-1.3945,-1394.49
2023-03-22 22:10:00-04:00,LONG,Breakout,1.2294100000000001,1.2291771167042989,1.23346,2023-03-23 02:25:00-04:00,1.23346,TP,0.000166,17.3907,16.6779,16677.88
2023-03-23 03:10:00-04:00,LONG,Retest,1.23266,1.2323035342734392,1.23888,2023-03-23 03:15:00-04:00,1.2323035342734392,SL,0.00017,-1.0,-1.4769,-1476.9
2023-03-23 03:15:00-04:00,LONG,Bounce,1.233,1.232137710396765,1.2336,2023-03-23 03:25:00-04:00,1.2336,TP,0.00017,0.6958,0.4987,498.67
2023-03-23 03:25:00-04:00,LONG,Breakout,1.23405,1.2334799849849658,1.23888,2023-03-23 03:30:00-04:00,1.2334799849849658,SL,0.00017,-1.0,-1.2982,-1298.24
2023-03-23 20:40:00-04:00,LONG,Bounce,1.22796,1.2275824337832881,1.22921,2023-03-23 21:05:00-04:00,1.2275824337832881,SL,0.00017,-1.0,-1.4503,-1450.25
2023-03-24 04:00:00-04:00,LONG,Bounce,1.22726,1.2264707371275432,1.22881,2023-03-24 04:05:00-04:00,1.2264707371275432,SL,0.00017,-1.0,-1.2154,-1215.39
2023-03-26 20:15:00-04:00,LONG,Breakout,1.22357,1.2233098575666694,1.22876,2023-03-26 20:20:00-04:00,1.2233098575666694,SL,0.000166,-1.0,-1.6381,-1638.11
2023-03-26 21:55:00-04:00,LONG,Retest,1.22361,1.2233058087303363,1.22495,2023-03-26 23:45:00-04:00,1.22495,TP,0.00017,4.4051,3.8463,3846.26
2023-03-27 09:40:00-04:00,LONG,Breakout,1.22786,1.227110193494972,1.22876,2023-03-27 10:05:00-04:00,1.22876,TP,0.00017,1.2003,0.9736,973.58
2023-03-27 17:40:00-04:00,LONG,Bounce,1.22828,1.2279970295134486,1.22927,2023-03-27 19:10:00-04:00,1.22927,TP,0.000262,3.4986,2.5727,2572.71
2023-03-27 23:20:00-04:00,LONG,Breakout,1.2318500000000001,1.2316238433705762,1.23296,2023-03-27 23:50:00-04:00,1.2316238433705762,SL,0.00017,-1.0,-1.7517,-1751.69
2023-03-29 05:30:00-04:00,LONG,Breakout,1.23445,1.2328815369006219,1.23888,2023-03-29 08:10:00-04:00,1.2328815369006219,SL,0.00017,-1.0,-1.1084,-1108.39
2023-03-30 08:25:00-04:00,LONG,Breakout,1.23559,1.2352062683556673,1.23888,2023-03-30 08:30:00-04:00,1.2352062683556673,SL,0.00017,-1.0,-1.443,-1443.02
2023-03-30 20:15:00-04:00,LONG,Breakout,1.23909,1.238811434124528,1.2392400000000001,2023-03-30 20:30:00-04:00,1.2392400000000001,TP,0.00017,0.5385,-0.0718,-71.8
2023-03-31 03:20:00-04:00,LONG,Bounce,1.23788,1.2373620107399337,1.24025,2023-03-31 03:30:00-04:00,1.2373620107399337,SL,0.00017,-1.0,-1.3282,-1328.19
2023-04-03 03:05:00-04:00,LONG,Breakout,1.23091,1.2306280249542274,1.23432,2023-04-03 03:15:00-04:00,1.2306280249542274,SL,0.00017,-1.0,-1.6029,-1602.89
2023-04-03 04:45:00-04:00,LONG,Retest,1.23137,1.2306200510542822,1.23255,2023-04-03 04:55:00-04:00,1.23255,TP,0.000168,1.5734,1.3494,1349.43
2023-04-03 10:00:00-04:00,LONG,Breakout,1.24027,1.23910556577309,1.24223,2023-04-03 11:05:00-04:00,1.23910556577309,SL,0.00017,-1.0,-1.146,-1145.99
2023-04-03 14:55:00-04:00,LONG,Breakout,1.24087,1.2403415383180167,1.24201,2023-04-03 15:50:00-04:00,1.24201,TP,0.00017,2.1572,1.8355,1835.52
2023-04-04 02:35:00-04:00,LONG,Breakout,1.24193,1.2413102011778858,1.24247,2023-04-04 02:40:00-04:00,1.24247,TP,0.00017,0.8713,0.597,596.97
2023-04-04 18:10:00-04:00,LONG,Breakout,1.24994,1.2498090621441382,1.25247,2023-04-04 19:50:00-04:00,1.2498090621441382,SL,0.00017,-1.0,-2.2983,-2298.33
2023-04-04 19:55:00-04:00,LONG,Bounce,1.24983,1.2495424510517774,1.25076,2023-04-04 20:05:00-04:00,1.25076,TP,0.000162,3.2342,2.6708,2670.85
2023-04-05 02:10:00-04:00,LONG,Bounce,1.2488,1.2481899137747312,1.25011,2023-04-05 02:30:00-04:00,1.2481899137747312,SL,0.00017,-1.0,-1.2786,-1278.65
2023-04-05 18:20:00-04:00,LONG,Breakout,1.24626,1.2461004446848323,1.24658,2023-04-05 18:35:00-04:00,1.24658,TP,0.000158,2.0056,1.0153,1015.32
2023-04-05 20:05:00-04:00,LONG,Breakout,1.24622,1.2461175906819875,1.24786,2023-04-05 20:10:00-04:00,1.2461175906819875,SL,0.000162,-1.0,-2.5819,-2581.89
2023-04-06 02:25:00-04:00,LONG,Breakout,1.24494,1.2447489593341565,1.24663,2023-04-06 02:55:00-04:00,1.24663,TP,0.00017,8.8463,7.9564,7956.42
2023-04-06 18:40:00-04:00,LONG,Bounce,1.24332,1.243207205272924,1.24604,2023-04-07 04:00:00-04:00,1.243207205272924,SL,0.000188,-1.0,-2.6667,-2666.74
2023-04-07 04:00:00-04:00,LONG,Bounce,1.2435,1.2432153570935016,1.24553,2023-04-07 07:50:00-04:00,1.2432153570935016,SL,0.00017,-1.0,-1.5972,-1597.24
2023-04-09 18:00:00-04:00,LONG,Breakout,1.2422,1.241933531922646,1.24245,2023-04-09 18:05:00-04:00,1.241933531922646,SL,0.00052,-1.0,-2.9515,-2951.45
2023-04-09 18:15:00-04:00,LONG,Breakout,1.24217,1.2419251040940429,1.24245,2023-04-09 18:25:00-04:00,1.24245,TP,0.000376,1.1433,-0.392,-392.0
2023-04-10 13:00:00-04:00,LONG,Breakout,1.2375099999999999,1.2373350018522722,1.24418,2023-04-10 13:40:00-04:00,1.2373350018522722,SL,0.00017,-1.0,-1.9714,-1971.44
2023-04-10 18:10:00-04:00,LONG,Breakout,1.23842,1.2383272910443217,1.24418,2023-04-10 18:15:00-04:00,1.2383272910443217,SL,0.00017,-1.0,-2.8337,-2833.7
2023-04-10 18:15:00-04:00,LONG,Breakout,1.23851,1.238325341684013,1.24418,2023-04-10 18:30:00-04:00,1.238325341684013,SL,0.000198,-1.0,-2.0723,-2072.25
2023-04-10 18:30:00-04:00,LONG,Breakout,1.23842,1.2383277848687233,1.24418,2023-04-10 18:35:00-04:00,1.2383277848687233,SL,0.000184,-1.0,-2.9953,-2995.33
2023-04-10 18:45:00-04:00,LONG,Breakout,1.23845,1.2383307417480267,1.24418,2023-04-11 04:25:00-04:00,1.24418,TP,0.000158,48.047,46.7221,46722.13
2023-04-11 08:00:00-04:00,LONG,Bounce,1.24295,1.2427469151936839,1.24559,2023-04-11 08:05:00-04:00,1.2427469151936839,SL,0.00017,-1.0,-1.8371,-1837.09
2023-04-11 20:20:00-04:00,LONG,Bounce,1.24226,1.2421513379203541,1.24305,2023-04-11 20:25:00-04:00,1.2421513379203541,SL,0.00017,-1.0,-2.5645,-2564.48
2023-04-12 01:50:00-04:00,LONG,Breakout,1.24424,1.243879986397783,1.24559,2023-04-12 02:00:00-04:00,1.243879986397783,SL,0.00017,-1.0,-1.4722,-1472.2
2023-04-12 08:30:00-04:00,LONG,Breakout,1.24571,1.2425222420056539,1.2481200000000001,2023-04-12 10:15:00-04:00,1.2481200000000001,TP,0.00017,0.756,0.7027,702.69
2023-04-13 03:05:00-04:00,LONG,Breakout,1.24999,1.2492621513523237,1.25089,2023-04-13 04:00:00-04:00,1.25089,TP,0.00017,1.2365,1.003,1002.96
2023-04-13 08:50:00-04:00,LONG,Breakout,1.25325,1.2526795347213115,1.2555,2023-04-13 09:00:00-04:00,1.2526795347213115,SL,0.00017,-1.0,-1.298,-1298.0
2023-04-13 09:00:00-04:00,LONG,Retest,1.2533,1.2526795579994983,1.2555,2023-04-13 09:05:00-04:00,1.2526795579994983,SL,0.00017,-1.0,-1.274,-1274.0
2023-04-13 20:00:00-04:00,LONG,Bounce,1.25259,1.2519568636436718,1.25349,2023-04-13 20:10:00-04:00,1.2519568636436718,SL,0.00017,-1.0,-1.2685,-1268.5
2023-04-13 20:10:00-04:00,LONG,Bounce,1.25213,1.2519516120192884,1.25349,2023-04-13 20:50:00-04:00,1.2519516120192884,SL,0.000166,-1.0,-1.9306,-1930.56
2023-04-13 21:20:00-04:00,LONG,Breakout,1.25305,1.252710566444002,1.25349,2023-04-13 22:00:00-04:00,1.25349,TP,0.00017,1.2963,0.7954,795.44
2023-04-14 02:45:00-04:00,LONG,Bounce,1.25311,1.2527402224403466,1.25414,2023-04-14 03:05:00-04:00,1.2527402224403466,SL,0.00017,-1.0,-1.4597,-1459.74
2023-04-17 03:05:00-04:00,LONG,Breakout,1.24254,1.2423004326717004,1.2445599999999999,2023-04-17 03:10:00-04:00,1.2423004326717004,SL,0.00017,-1.0,-1.7096,-1709.61
2023-04-17 20:55:00-04:00,LONG,Bounce,1.23725,1.2371347786304405,1.23774,2023-04-17 21:15:00-04:00,1.2371347786304405,SL,0.000166,-1.0,-2.4407,-2440.7
2023-04-17 21:40:00-04:00,LONG,Breakout,1.2380200000000001,1.2376749498706487,1.24377,2023-04-17 22:00:00-04:00,1.2376749498706487,SL,0.00017,-1.0,-1.4927,-1492.68
2023-04-17 22:40:00-04:00,LONG,Retest,1.23798,1.2376724246519912,1.24377,2023-04-18 04:15:00-04:00,1.24377,TP,0.00017,18.8247,18.2719,18271.95
2023-04-19 01:40:00-04:00,LONG,Bounce,1.24145,1.2413763544619585,1.24208,2023-04-19 01:45:00-04:00,1.2413763544619585,SL,0.00017,-1.0,-3.3084,-3308.35
2023-04-19 02:00:00-04:00,LONG,Breakout,1.24374,1.2419935679869847,1.24424,2023-04-19 02:05:00-04:00,1.24424,TP,0.000168,0.2863,0.1901,190.1
2023-04-19 05:50:00-04:00,LONG,Bounce,1.24052,1.2399725184697612,1.24719,2023-04-19 07:10:00-04:00,1.2399725184697612,SL,0.000166,-1.0,-1.3032,-1303.21
2023-04-19 18:00:00-04:00,LONG,Bounce,1.2436099999999999,1.243443132716454,1.24539,2023-04-19 18:45:00-04:00,1.243443132716454,SL,0.00017,-1.0,-2.0188,-2018.77
2023-04-20 08:45:00-04:00,LONG,Breakout,1.24468,1.2443631892766174,1.24512,2023-04-20 08:50:00-04:00,1.24512,TP,0.000168,1.3888,0.8586,858.56
2023-04-20 21:00:00-04:00,LONG,Breakout,1.24445,1.2442238509551249,1.24521,2023-04-20 21:05:00-04:00,1.2442238509551249,SL,0.000166,-1.0,-1.734,-1734.03
2023-04-20 21:20:00-04:00,LONG,Retest,1.2444,1.2442252837653407,1.24521,2023-04-20 21:30:00-04:00,1.2442252837653407,SL,0.000166,-1.0,-1.9501,-1950.11
2023-04-21 09:00:00-04:00,LONG,Breakout,1.24165,1.241438048290062,1.24333,2023-04-21 09:20:00-04:00,1.241438048290062,SL,0.00017,-1.0,-1.8021,-1802.07
2023-04-21 15:45:00-04:00,LONG,Breakout,1.2442,1.2440379733948816,1.24457,2023-04-21 15:50:00-04:00,1.2440379733948816,SL,0.000168,-1.0,-2.0369,-2036.87
2023-04-24 20:35:00-04:00,LONG,Breakout,1.25034,1.2498537860502166,1.25245,2023-04-24 20:55:00-04:00,1.2498537860502166,SL,0.000166,-1.0,-1.3414,-1341.41
2023-04-24 21:10:00-04:00,LONG,Breakout,1.25014,1.2498422969708167,1.25245,2023-04-24 21:35:00-04:00,1.2498422969708167,SL,0.00017,-1.0,-1.571,-1571.04
2023-04-25 18:25:00-04:00,LONG,Breakout,1.2416,1.24126401361839,1.24189,2023-04-25 18:30:00-04:00,1.24126401361839,SL,0.00017,-1.0,-1.506,-1505.97
2023-04-25 18:40:00-04:00,LONG,Retest,1.24147,1.241267015276823,1.24189,2023-04-25 19:00:00-04:00,1.241267015276823,SL,0.000166,-1.0,-1.8178,-1817.8
2023-04-27 01:10:00-04:00,LONG,Breakout,1.24809,1.2476736136842657,1.249,2023-04-27 01:20:00-04:00,1.2476736136842657,SL,0.00017,-1.0,-1.4083,-1408.27
2023-04-27 08:55:00-04:00,LONG,Bounce,1.24479,1.2437464642869958,1.25149,2023-04-28 09:05:00-04:00,1.25149,TP,0.000168,6.4205,6.2595,6259.49
2023-04-30 18:40:00-04:00,LONG,Bounce,1.25584,1.2556155431413938,1.2583199999999999,2023-04-30 18:50:00-04:00,1.2556155431413938,SL,0.000248,-1.0,-2.1049,-2104.89
2023-04-30 19:05:00-04:00,LONG,Bounce,1.25592,1.2556198874382651,1.25687,2023-04-30 19:50:00-04:00,1.2556198874382651,SL,0.00017,-1.0,-1.5665,-1566.45
2023-04-30 20:00:00-04:00,LONG,Bounce,1.25605,1.2554473497727707,1.25687,2023-04-30 20:15:00-04:00,1.2554473497727707,SL,0.00017,-1.0,-1.2821,-1282.09
2023-05-01 02:00:00-04:00,LONG,Bounce,1.2554,1.2552465055924886,1.25684,2023-05-01 02:05:00-04:00,1.2552465055924886,SL,0.00017,-1.0,-2.1075,-2107.53
2023-05-01 08:10:00-04:00,LONG,Breakout,1.25348,1.2528625814750074,1.25519,2023-05-01 08:40:00-04:00,1.25519,TP,0.000168,2.7696,2.4975,2497.5
2023-05-01 10:05:00-04:00,LONG,Bounce,1.25266,1.2518896505961683,1.25591,2023-05-01 10:10:00-04:00,1.2518896505961683,SL,0.00017,-1.0,-1.2207,-1220.68
2023-05-01 21:00:00-04:00,LONG,Breakout,1.24965,1.2495187968767403,1.25591,2023-05-01 21:05:00-04:00,1.2495187968767403,SL,0.000166,-1.0,-2.2652,-2265.21
2023-05-02 03:15:00-04:00,LONG,Breakout,1.25088,1.250511827185989,1.25116,2023-05-02 03:20:00-04:00,1.250511827185989,SL,0.000166,-1.0,-1.4509,-1450.88
2023-05-02 09:30:00-04:00,LONG,Bounce,1.24562,1.245161165146985,1.24802,2023-05-02 09:35:00-04:00,1.245161165146985,SL,0.00017,-1.0,-1.3705,-1370.5
2023-05-02 20:30:00-04:00,LONG,Breakout,1.2478,1.2476051317790702,1.24819,2023-05-02 20:40:00-04:00,1.24819,TP,0.00017,2.0014,1.129,1128.97
2023-05-02 21:10:00-04:00,LONG,Retest,1.24781,1.247604630594407,1.24889,2023-05-02 21:55:00-04:00,1.24889,TP,0.00017,5.2588,4.431,4431.04
2023-05-03 02:35:00-04:00,LONG,Breakout,1.2493,1.2491009983200132,1.25112,2023-05-03 03:15:00-04:00,1.25112,TP,0.00017,9.1457,8.2914,8291.39
2023-05-03 07:40:00-04:00,LONG,Breakout,1.25226,1.2517911768304484,1.2533,2023-05-03 07:45:00-04:00,1.2517911768304484,SL,0.000166,-1.0,-1.3541,-1354.08
2023-05-03 20:05:00-04:00,LONG,Breakout,1.2582499999999999,1.2575662681266317,1.25894,2023-05-03 20:20:00-04:00,1.25894,TP,0.00017,1.0092,0.7605,760.53
2023-05-04 02:00:00-04:00,LONG,Bounce,1.25845,1.2580199443708076,1.25903,2023-05-04 02:10:00-04:00,1.25903,TP,0.000168,1.3487,0.958,958.02
2023-05-04 02:10:00-04:00,LONG,Breakout,1.25919,1.258932329585033,1.25968,2023-05-04 02:15:00-04:00,1.258932329585033,SL,0.00017,-1.0,-1.6598,-1659.76
2023-05-04 08:20:00-04:00,LONG,Bounce,1.25677,1.2560162784169953,1.25928,2023-05-04 08:30:00-04:00,1.2560162784169953,SL,0.000168,-1.0,-1.2229,-1222.89
2023-05-04 08:30:00-04:00,LONG,Bounce,1.25677,1.2560009849615927,1.25928,2023-05-04 08:35:00-04:00,1.2560009849615927,SL,0.00017,-1.0,-1.2211,-1221.06
2023-05-04 18:40:00-04:00,LONG,Breakout,1.25755,1.2574135597495495,1.25815,2023-05-04 18:55:00-04:00,1.25815,TP,0.00017,4.3975,3.1516,3151.56
2023-05-04 20:40:00-04:00,LONG,Breakout,1.2585,1.2583467667566701,1.2598,2023-05-04 20:55:00-04:00,1.2583467667566701,SL,0.000168,-1.0,-2.0964,-2096.37
2023-05-05 02:35:00-04:00,LONG,Breakout,1.26176,1.2612659620449314,1.2622900000000001,2023-05-05 02:40:00-04:00,1.2622900000000001,TP,0.00017,1.0728,0.7287,728.69
2023-05-05 03:15:00-04:00,LONG,Breakout,1.26176,1.2612314038772072,1.26477,2023-05-05 03:35:00-04:00,1.2612314038772072,SL,0.00017,-1.0,-1.3216,-1321.61
2023-05-08 03:05:00-04:00,LONG,Bounce,1.26459,1.2641573946976088,1.26569,2023-05-08 03:25:00-04:00,1.2641573946976088,SL,0.00017,-1.0,-1.393,-1392.97
2023-05-09 00:25:00-04:00,LONG,Breakout,1.26159,1.2614674867527347,1.26279,2023-05-09 00:40:00-04:00,1.2614674867527347,SL,0.00017,-1.0,-2.3876,-2387.61
2023-05-09 02:10:00-04:00,LONG,Breakout,1.26217,1.2617273558822264,1.26279,2023-05-09 02:20:00-04:00,1.2617273558822264,SL,0.000168,-1.0,-1.3795,-1379.54
2023-05-10 03:00:00-04:00,LONG,Breakout,1.26346,1.2629962499612197,1.26391,2023-05-10 03:10:00-04:00,1.26391,TP,0.00017,0.9704,0.6038,603.77
2023-05-10 08:30:00-04:00,LONG,Breakout,1.26438,1.2625579767527706,1.26681,2023-05-10 08:45:00-04:00,1.26681,TP,0.00017,1.3337,1.2404,1240.38
2023-05-10 09:50:00-04:00,LONG,Retest,1.26289,1.262538258853727,1.26792,2023-05-10 10:35:00-04:00,1.262538258853727,SL,0.000168,-1.0,-1.4776,-1477.62
2023-05-10 20:20:00-04:00,LONG,Breakout,1.26331,1.2630241921093597,1.26528,2023-05-10 20:25:00-04:00,1.2630241921093597,SL,0.00017,-1.0,-1.5948,-1594.81
2023-05-10 20:35:00-04:00,LONG,Breakout,1.2631999999999999,1.2630202850088423,1.26528,2023-05-10 20:45:00-04:00,1.2630202850088423,SL,0.00017,-1.0,-1.9459,-1945.94
2023-05-11 07:00:00-04:00,LONG,Breakout,1.25962,1.259006106408227,1.26243,2023-05-11 07:05:00-04:00,1.259006106408227,SL,0.00017,-1.0,-1.2769,-1276.92
2023-05-11 08:45:00-04:00,LONG,Retest,1.25992,1.2589512353131225,1.2615,2023-05-11 08:55:00-04:00,1.2589512353131225,SL,0.000168,-1.0,-1.1734,-1173.42
2023-05-11 20:10:00-04:00,LONG,Breakout,1.25149,1.2513954732244683,1.25164,2023-05-11 20:15:00-04:00,1.2513954732244683,SL,0.00017,-1.0,-2.7984,-2798.43
2023-05-11 20:20:00-04:00,LONG,Breakout,1.2515100000000001,1.25139513762722,1.25164,2023-05-11 20:25:00-04:00,1.25139513762722,SL,0.00017,-1.0,-2.48,-2480.03
2023-05-11 21:50:00-04:00,LONG,Retest,1.25162,1.2513958912823724,1.25175,2023-05-11 22:05:00-04:00,1.2513958912823724,SL,0.00017,-1.0,-1.7586,-1758.56
2023-05-14 18:00:00-04:00,SHORT,Breakout,1.24415,1.2444849027057527,1.24348,2023-05-14 18:10:00-04:00,1.2444849027057527,SL,0.000324,-1.0,-1.9674,-1967.45
2023-05-15 22:00:00-04:00,SHORT,Breakout,1.25164,1.2523968935810612,1.25028,2023-05-15 22:30:00-04:00,1.2523968935810612,SL,0.00017,-1.0,-1.2246,-1224.6
2023-05-17 01:15:00-04:00,SHORT,Breakout,1.24757,1.2476948855321732,1.24646,2023-05-17 01:55:00-04:00,1.24646,TP,0.00017,8.8881,7.5269,7526.89
2023-05-17 21:00:00-04:00,SHORT,Breakout,1.24808,1.248357241597492,1.24434,2023-05-17 21:10:00-04:00,1.248357241597492,SL,0.00017,-1.0,-1.6132,-1613.18
2023-05-17 21:35:00-04:00,SHORT,Retest,1.248,1.248372871916385,1.2477800000000001,2023-05-17 21:45:00-04:00,1.248372871916385,SL,0.00017,-1.0,-1.4559,-1455.92
2023-05-18 00:00:00-04:00,SHORT,Breakout,1.24757,1.247990005399378,1.24434,2023-05-18 04:15:00-04:00,1.24434,TP,0.00017,7.6904,7.2856,7285.62
2023-05-18 08:30:00-04:00,SHORT,Breakout,1.24215,1.2426692783807278,1.2411,2023-05-18 08:35:00-04:00,1.2426692783807278,SL,0.000168,-1.0,-1.3235,-1323.53
2023-05-18 08:45:00-04:00,SHORT,Breakout,1.24175,1.242712198470284,1.2411,2023-05-18 08:50:00-04:00,1.242712198470284,SL,0.000166,-1.0,-1.1725,-1172.52
2023-05-18 08:55:00-04:00,SHORT,Breakout,1.24238,1.242714497660602,1.2411,2023-05-18 09:00:00-04:00,1.242714497660602,SL,0.000162,-1.0,-1.4843,-1484.31
2023-05-18 10:10:00-04:00,SHORT,Retest,1.24211,1.242712972820295,1.2414,2023-05-18 10:40:00-04:00,1.2414,TP,0.000168,1.1775,0.8989,898.88
2023-05-18 20:25:00-04:00,SHORT,Bounce,1.2413,1.2414398052182871,1.2402,2023-05-18 20:50:00-04:00,1.2414398052182871,SL,0.000166,-1.0,-2.1874,-2187.37
2023-05-18 21:15:00-04:00,SHORT,Breakout,1.24007,1.2407606928954074,1.23911,2023-05-18 22:55:00-04:00,1.2407606928954074,SL,0.00017,-1.0,-1.2461,-1246.13
2023-05-19 11:20:00-04:00,SHORT,Bounce,1.24631,1.2469380224103062,1.23959,2023-05-19 11:35:00-04:00,1.2469380224103062,SL,0.00017,-1.0,-1.2707,-1270.69
2023-05-22 03:10:00-04:00,SHORT,Breakout,1.24259,1.2430181887427616,1.2421,2023-05-22 03:15:00-04:00,1.2421,TP,0.00017,1.1444,0.7473,747.33
2023-05-22 20:40:00-04:00,SHORT,Bounce,1.2442199999999999,1.244378304174268,1.24304,2023-05-22 20:50:00-04:00,1.244378304174268,SL,0.00017,-1.0,-2.0739,-2073.88
2023-05-23 01:30:00-04:00,SHORT,Breakout,1.24244,1.2427864834036983,1.24194,2023-05-23 01:55:00-04:00,1.2427864834036983,SL,0.00017,-1.0,-1.4906,-1490.64
2023-05-23 02:00:00-04:00,SHORT,Breakout,1.24256,1.2427972846556974,1.24194,2023-05-23 02:05:00-04:00,1.2427972846556974,SL,0.000168,-1.0,-1.708,-1708.01
2023-05-23 02:20:00-04:00,SHORT,Breakout,1.24264,1.2428099361477347,1.24194,2023-05-23 02:40:00-04:00,1.2428099361477347,SL,0.000168,-1.0,-1.9886,-1988.61
2023-05-23 03:05:00-04:00,SHORT,Breakout,1.24126,1.2421472296547416,1.23959,2023-05-23 04:00:00-04:00,1.23959,TP,0.00017,1.8823,1.6907,1690.66
2023-05-24 21:05:00-04:00,SHORT,Breakout,1.23565,1.2358575180290277,1.23526,2023-05-24 21:20:00-04:00,1.23526,TP,0.00017,1.8794,1.0601,1060.15
2023-05-25 02:10:00-04:00,SHORT,Bounce,1.23418,1.2345373411889864,1.23377,2023-05-25 02:15:00-04:00,1.2345373411889864,SL,0.00017,-1.0,-1.4757,-1475.74
2023-05-26 00:55:00-04:00,SHORT,Bounce,1.2335,1.233654609868414,1.23244,2023-05-26 01:20:00-04:00,1.233654609868414,SL,0.00017,-1.0,-2.0995,-2099.54
2023-05-26 01:50:00-04:00,SHORT,Bounce,1.23354,1.2336698037045208,1.23244,2023-05-26 01:55:00-04:00,1.2336698037045208,SL,0.00017,-1.0,-2.3097,-2309.67
2023-05-26 02:00:00-04:00,SHORT,Bounce,1.2332,1.2336842185003267,1.23244,2023-05-26 02:10:00-04:00,1.2336842185003267,SL,0.00017,-1.0,-1.3511,-1351.08
2023-05-28 20:30:00-04:00,SHORT,Breakout,1.23417,1.2342842997950925,1.23396,2023-05-28 20:40:00-04:00,1.2342842997950925,SL,0.00017,-1.0,-2.4873,-2487.32
2023-05-29 01:25:00-04:00,SHORT,Bounce,1.23565,1.2357414246740455,1.23443,2023-05-29 02:00:00-04:00,1.2357414246740455,SL,0.00017,-1.0,-2.8595,-2859.45
2023-05-30 01:20:00-04:00,SHORT,Breakout,1.2340200000000001,1.2343242869295248,1.23358,2023-05-30 01:40:00-04:00,1.23358,TP,0.00017,1.446,0.8873,887.32
2023-05-30 02:40:00-04:00,SHORT,Retest,1.23383,1.2343434393753128,1.23203,2023-05-30 02:50:00-04:00,1.2343434393753128,SL,0.00017,-1.0,-1.3311,-1331.1
2023-05-30 20:00:00-04:00,SHORT,Bounce,1.24114,1.2413531134404652,1.24052,2023-05-30 20:15:00-04:00,1.24052,TP,0.00017,2.9092,2.1116,2111.55
2023-05-30 21:35:00-04:00,SHORT,Breakout,1.2403,1.2405224381083504,1.2382900000000001,2023-05-30 23:30:00-04:00,1.2382900000000001,TP,0.00017,9.0362,8.272,8271.96
2023-06-02 08:30:00-04:00,LONG,Bounce,1.25263,1.2516865142366176,1.25409,2023-06-02 08:40:00-04:00,1.2516865142366176,SL,0.000166,-1.0,-1.1759,-1175.94
2023-06-09 01:45:00-04:00,LONG,Breakout,1.25562,1.2553899095421082,1.25629,2023-06-09 01:55:00-04:00,1.2553899095421082,SL,0.00017,-1.0,-1.7388,-1738.84
2023-06-09 02:00:00-04:00,LONG,Breakout,1.25572,1.2553813510437362,1.25629,2023-06-09 02:05:00-04:00,1.2553813510437362,SL,0.000166,-1.0,-1.4902,-1490.18
2023-06-11 17:35:00-04:00,LONG,Bounce,1.25797,1.2570377438935918,1.25838,2023-06-11 17:40:00-04:00,1.2570377438935918,SL,0.000314,-1.0,-1.3368,-1336.82
2023-06-12 20:00:00-04:00,LONG,Breakout,1.25156,1.2514696582675187,1.25986,2023-06-12 21:20:00-04:00,1.2514696582675187,SL,0.00017,-1.0,-2.8817,-2881.74
2023-06-13 08:20:00-04:00,LONG,Breakout,1.25806,1.2574330848916113,1.25986,2023-06-13 08:25:00-04:00,1.2574330848916113,SL,0.000166,-1.0,-1.2648,-1264.79
2023-06-13 08:30:00-04:00,LONG,Breakout,1.25972,1.2573856701361343,1.26106,2023-06-13 09:20:00-04:00,1.2573856701361343,SL,0.000166,-1.0,-1.0711,-1071.11
2023-06-15 08:20:00-04:00,LONG,Bounce,1.2653699999999999,1.2646694305554662,1.26693,2023-06-15 08:25:00-04:00,1.2646694305554662,SL,0.00017,-1.0,-1.2427,-1242.66
2023-06-15 15:50:00-04:00,LONG,Breakout,1.27823,1.2781016485444985,1.28064,2023-06-15 17:15:00-04:00,1.2781016485444985,SL,0.00017,-1.0,-2.3245,-2324.49
2023-06-15 20:05:00-04:00,LONG,Breakout,1.2788300000000001,1.2785445388353784,1.28064,2023-06-15 20:30:00-04:00,1.2785445388353784,SL,0.00017,-1.0,-1.5955,-1595.53
2023-06-18 23:40:00-04:00,LONG,Bounce,1.28141,1.2812765443094496,1.28219,2023-06-18 23:45:00-04:00,1.2812765443094496,SL,0.00017,-1.0,-2.2738,-2273.83
2023-06-19 16:45:00-04:00,LONG,Breakout,1.27857,1.278260470916514,1.2803200000000001,2023-06-19 18:10:00-04:00,1.2803200000000001,TP,0.000162,5.6537,5.1304,5130.37
2023-06-21 02:00:00-04:00,LONG,Breakout,1.27716,1.2766262133133541,1.28057,2023-06-21 02:05:00-04:00,1.2766262133133541,SL,0.000168,-1.0,-1.3147,-1314.73
2023-06-21 02:10:00-04:00,LONG,Bounce,1.27741,1.2753252655610043,1.28057,2023-06-21 03:50:00-04:00,1.2753252655610043,SL,0.00017,-1.0,-1.0815,-1081.55
2023-06-22 07:10:00-04:00,LONG,Bounce,1.27624,1.273558567642398,1.28467,2023-06-22 09:05:00-04:00,1.273558567642398,SL,0.00017,-1.0,-1.0634,-1063.4
2023-06-22 14:55:00-04:00,LONG,Breakout,1.27445,1.2739786973374128,1.27552,2023-06-22 18:05:00-04:00,1.2739786973374128,SL,0.00017,-1.0,-1.3607,-1360.7
2023-06-26 07:00:00-04:00,LONG,Bounce,1.2711999999999999,1.2708476847899945,1.2748,2023-06-26 07:15:00-04:00,1.2708476847899945,SL,0.000166,-1.0,-1.4712,-1471.17
2023-06-28 03:00:00-04:00,LONG,Bounce,1.27251,1.2722738277733714,1.27356,2023-06-28 03:30:00-04:00,1.27356,TP,0.00017,4.4459,3.7261,3726.09
2023-06-28 19:15:00-04:00,LONG,Breakout,1.2641200000000001,1.2640358152787865,1.26529,2023-06-28 20:00:00-04:00,1.2640358152787865,SL,0.00017,-1.0,-3.0194,-3019.37
2023-06-28 21:00:00-04:00,LONG,Bounce,1.26349,1.263200759012995,1.26452,2023-06-28 21:20:00-04:00,1.26452,TP,0.00017,3.561,2.9733,2973.3
2023-06-29 01:40:00-04:00,SHORT,Breakout,1.26183,1.2620744604189384,1.26058,2023-06-29 01:55:00-04:00,1.2620744604189384,SL,0.00017,-1.0,-1.6954,-1695.41
2023-06-29 02:40:00-04:00,SHORT,Bounce,1.26235,1.2626803000532212,1.2614,2023-06-29 02:45:00-04:00,1.2626803000532212,SL,0.00017,-1.0,-1.5147,-1514.68
2023-06-29 08:30:00-04:00,SHORT,Breakout,1.26253,1.2637469153899645,1.2614,2023-06-29 08:50:00-04:00,1.2614,TP,0.00017,0.9286,0.7889,788.88
2023-06-29 22:05:00-04:00,SHORT,Bounce,1.26192,1.2621630178546264,1.26082,2023-06-29 22:30:00-04:00,1.2621630178546264,SL,0.00017,-1.0,-1.6995,-1699.54
2023-07-02 21:35:00-04:00,LONG,Breakout,1.27029,1.269962045284191,1.27215,2023-07-02 21:50:00-04:00,1.269962045284191,SL,0.00017,-1.0,-1.5184,-1518.36
2023-07-02 23:45:00-04:00,LONG,Retest,1.27019,1.2699840867916037,1.2704900000000001,2023-07-02 23:55:00-04:00,1.2699840867916037,SL,0.000168,-1.0,-1.8159,-1815.88
2023-07-03 20:35:00-04:00,LONG,Breakout,1.26955,1.2693359259467978,1.2704,2023-07-03 21:10:00-04:00,1.2693359259467978,SL,0.000166,-1.0,-1.7754,-1775.43
2023-07-03 21:45:00-04:00,LONG,Bounce,1.26936,1.2688499787568395,1.2704,2023-07-03 22:10:00-04:00,1.2688499787568395,SL,0.00017,-1.0,-1.3333,-1333.32
2023-07-05 01:25:00-04:00,LONG,Breakout,1.27087,1.2706183090575345,1.27206,2023-07-05 01:45:00-04:00,1.2706183090575345,SL,0.000166,-1.0,-1.6595,-1659.54
2023-07-05 02:25:00-04:00,LONG,Bounce,1.27003,1.2697181894453926,1.27131,2023-07-05 02:30:00-04:00,1.2697181894453926,SL,0.00017,-1.0,-1.5452,-1545.2
2023-07-05 02:30:00-04:00,LONG,Bounce,1.27014,1.269715175913579,1.27131,2023-07-05 03:05:00-04:00,1.27131,TP,0.00017,2.7541,2.3539,2353.92
2023-07-05 03:05:00-04:00,LONG,Breakout,1.27146,1.271218569990304,1.27206,2023-07-05 03:10:00-04:00,1.27206,TP,0.00017,2.4852,1.7811,1781.05
2023-07-06 02:00:00-04:00,LONG,Breakout,1.27159,1.2710557035916326,1.2722,2023-07-06 02:05:00-04:00,1.2710557035916326,SL,0.00017,-1.0,-1.3182,-1318.18
2023-07-06 19:10:00-04:00,LONG,Breakout,1.27439,1.274277379338139,1.27591,2023-07-06 19:25:00-04:00,1.274277379338139,SL,0.00017,-1.0,-2.5095,-2509.49
2023-07-07 08:30:00-04:00,LONG,Breakout,1.28051,1.276938205768858,1.2842500000000001,2023-07-07 09:00:00-04:00,1.276938205768858,SL,0.000166,-1.0,-1.0465,-1046.48
2023-07-09 21:05:00-04:00,LONG,Bounce,1.28299,1.2828230911855183,1.28388,2023-07-09 21:15:00-04:00,1.2828230911855183,SL,0.00017,-1.0,-2.0185,-2018.52
2023-07-10 03:05:00-04:00,LONG,Breakout,1.28226,1.2813996521404047,1.28336,2023-07-10 03:15:00-04:00,1.2813996521404047,SL,0.00017,-1.0,-1.1976,-1197.59
2023-07-10 05:00:00-04:00,LONG,Retest,1.28189,1.2813903013315326,1.28246,2023-07-10 05:10:00-04:00,1.2813903013315326,SL,0.00017,-1.0,-1.3402,-1340.21
2023-07-10 21:00:00-04:00,LONG,Breakout,1.28687,1.2867199117843477,1.28937,2023-07-10 21:35:00-04:00,1.2867199117843477,SL,0.00017,-1.0,-2.1327,-2132.67
2023-07-10 22:55:00-04:00,LONG,Breakout,1.2876699999999999,1.2873342226082412,1.28937,2023-07-10 23:05:00-04:00,1.2873342226082412,SL,0.000168,-1.0,-1.5003,-1500.33
2023-07-11 00:40:00-04:00,LONG,Breakout,1.28812,1.2878147579638568,1.28937,2023-07-11 00:50:00-04:00,1.2878147579638568,SL,0.00017,-1.0,-1.5569,-1556.94
2023-07-11 02:00:00-04:00,LONG,Breakout,1.28971,1.2877606012216014,1.29149,2023-07-11 03:45:00-04:00,1.2877606012216014,SL,0.00017,-1.0,-1.0872,-1087.21
2023-07-11 12:55:00-04:00,LONG,Breakout,1.29219,1.2910656605039754,1.29343,2023-07-11 18:50:00-04:00,1.29343,TP,0.00017,1.1029,0.9517,951.67
2023-07-11 20:25:00-04:00,LONG,Breakout,1.29439,1.2938169920826776,1.30323,2023-07-12 03:05:00-04:00,1.2938169920826776,SL,0.00017,-1.0,-1.2967,-1296.68
2023-07-13 03:05:00-04:00,LONG,Breakout,1.3023,1.3015852465393742,1.30323,2023-07-13 03:20:00-04:00,1.3015852465393742,SL,0.00017,-1.0,-1.2378,-1237.84
2023-07-13 03:50:00-04:00,LONG,Retest,1.30214,1.3015738345009127,1.30323,2023-07-13 04:00:00-04:00,1.30323,TP,0.00017,1.9252,1.625,1624.97
2023-07-14 08:15:00-04:00,LONG,Bounce,1.31059,1.3100066333701188,1.31415,2023-07-14 08:40:00-04:00,1.3100066333701188,SL,0.00017,-1.0,-1.2914,-1291.41
2023-07-14 09:05:00-04:00,LONG,Bounce,1.31057,1.3099875347093384,1.31269,2023-07-14 09:15:00-04:00,1.3099875347093384,SL,0.000168,-1.0,-1.2884,-1288.43
2023-07-14 10:20:00-04:00,LONG,Bounce,1.31111,1.3099254104663873,1.31415,2023-07-14 13:15:00-04:00,1.3099254104663873,SL,0.00017,-1.0,-1.1435,-1143.51
2023-07-16 22:00:00-04:00,LONG,Bounce,1.30863,1.3082696720481197,1.31167,2023-07-17 02:15:00-04:00,1.3082696720481197,SL,0.00017,-1.0,-1.4718,-1471.79
2023-07-17 08:10:00-04:00,LONG,Bounce,1.30776,1.3069560631764479,1.31005,2023-07-17 08:20:00-04:00,1.3069560631764479,SL,0.00017,-1.0,-1.2115,-1211.46
2023-07-19 01:35:00-04:00,LONG,Breakout,1.30244,1.3023189262774626,1.30377,2023-07-19 01:40:00-04:00,1.3023189262774626,SL,0.00022,-1.0,-2.8171,-2817.07
2023-07-19 01:50:00-04:00,LONG,Breakout,1.30263,1.3023145798220064,1.30377,2023-07-19 02:00:00-04:00,1.3023145798220064,SL,0.00022,-1.0,-1.6975,-1697.48
2023-07-19 09:45:00-04:00,LONG,Bounce,1.2898800000000001,1.2894882720621772,1.29559,2023-07-19 10:05:00-04:00,1.2894882720621772,SL,0.00021,-1.0,-1.5361,-1536.09
2023-07-19 14:55:00-04:00,LONG,Breakout,1.29283,1.2924514784115784,1.29559,2023-07-19 15:05:00-04:00,1.2924514784115784,SL,0.00023,-1.0,-1.6076,-1607.63
2023-07-19 15:15:00-04:00,LONG,Retest,1.2926199999999999,1.2924570095510488,1.29559,2023-07-19 21:25:00-04:00,1.29559,TP,0.000214,18.2219,16.909,16908.97
2023-07-20 20:05:00-04:00,LONG,Breakout,1.28726,1.2871461734067986,1.28822,2023-07-20 20:10:00-04:00,1.2871461734067986,SL,0.00023,-1.0,-3.0206,-3020.62
2023-07-24 01:30:00-04:00,SHORT,Bounce,1.28674,1.2869613107932651,1.28558,2023-07-24 01:40:00-04:00,1.2869613107932651,SL,0.00022,-1.0,-1.9941,-1994.08
2023-07-24 03:30:00-04:00,SHORT,Breakout,1.28464,1.2857221119872506,1.28359,2023-07-24 04:30:00-04:00,1.28359,TP,0.000194,0.9703,0.791,791.05
2023-07-24 04:30:00-04:00,SHORT,Breakout,1.2822200000000001,1.2843120260962524,1.27496,2023-07-24 07:15:00-04:00,1.2843120260962524,SL,0.000194,-1.0,-1.0927,-1092.73
2023-07-24 09:50:00-04:00,SHORT,Breakout,1.28209,1.282932337677503,1.28063,2023-07-24 10:00:00-04:00,1.282932337677503,SL,0.00019,-1.0,-1.2256,-1225.56
2023-07-24 11:35:00-04:00,SHORT,Retest,1.28223,1.2829082989389897,1.27969,2023-07-24 12:55:00-04:00,1.2829082989389897,SL,0.00019,-1.0,-1.2801,-1280.11
2023-07-25 02:10:00-04:00,SHORT,Bounce,1.2836699999999999,1.2840507004482815,1.2828300000000001,2023-07-25 02:15:00-04:00,1.2840507004482815,SL,0.0002,-1.0,-1.5253,-1525.35
2023-07-25 09:20:00-04:00,SHORT,Breakout,1.28135,1.2820472175223703,1.28084,2023-07-25 09:30:00-04:00,1.2820472175223703,SL,0.00019,-1.0,-1.2725,-1272.51
2023-07-25 18:00:00-04:00,SHORT,Bounce,1.28985,1.29030531163227,1.28114,2023-07-26 03:45:00-04:00,1.29030531163227,SL,0.000268,-1.0,-1.5886,-1588.61
2023-07-27 23:00:00-04:00,LONG,Breakout,1.28009,1.279903759499853,1.28514,2023-07-27 23:25:00-04:00,1.279903759499853,SL,0.00017,-1.0,-1.9128,-1912.8
2023-07-27 23:30:00-04:00,LONG,Breakout,1.28019,1.2798765367004987,1.28514,2023-07-27 23:35:00-04:00,1.2798765367004987,SL,0.00017,-1.0,-1.5423,-1542.33
2023-07-28 02:45:00-04:00,SHORT,Bounce,1.27979,1.2808879561142257,1.27623,2023-07-28 04:35:00-04:00,1.2808879561142257,SL,0.00015,-1.0,-1.1366,-1136.62
2023-07-30 17:55:00-04:00,SHORT,Breakout,1.28511,1.2853262388934934,1.2837100000000001,2023-07-30 18:05:00-04:00,1.2853262388934934,SL,0.000484,-1.0,-3.2383,-3238.27
2023-07-30 20:20:00-04:00,SHORT,Bounce,1.28549,1.2858441769609323,1.28379,2023-07-30 21:35:00-04:00,1.2858441769609323,SL,0.00017,-1.0,-1.48,-1479.99
2023-07-31 08:15:00-04:00,SHORT,Breakout,1.2847,1.285176927176722,1.28348,2023-07-31 08:30:00-04:00,1.285176927176722,SL,0.00015,-1.0,-1.3145,-1314.51
2023-07-31 09:00:00-04:00,SHORT,Breakout,1.28481,1.2851848084486643,1.28348,2023-07-31 09:15:00-04:00,1.28348,TP,0.00015,3.5485,3.1483,3148.27
2023-07-31 13:55:00-04:00,SHORT,Breakout,1.2851,1.285247119507614,1.28471,2023-07-31 14:05:00-04:00,1.28471,TP,0.00017,2.6509,1.4954,1495.38
2023-07-31 20:25:00-04:00,SHORT,Breakout,1.28273,1.283107250731111,1.27717,2023-07-31 20:50:00-04:00,1.283107250731111,SL,0.00017,-1.0,-1.4506,-1450.63
2023-07-31 20:55:00-04:00,SHORT,Retest,1.2828300000000001,1.2831111635051857,1.27717,2023-08-01 00:50:00-04:00,1.2831111635051857,SL,0.000162,-1.0,-1.5762,-1576.18
2023-08-02 02:05:00-04:00,SHORT,Breakout,1.27681,1.27706412822982,1.27627,2023-08-02 02:15:00-04:00,1.27627,TP,0.00016,2.1249,1.4953,1495.31
2023-08-02 03:00:00-04:00,SHORT,Breakout,1.27682,1.2770809218412336,1.27482,2023-08-02 03:10:00-04:00,1.2770809218412336,SL,0.00015,-1.0,-1.5749,-1574.88
2023-08-02 08:10:00-04:00,SHORT,Breakout,1.27621,1.2767068291528225,1.27482,2023-08-02 08:15:00-04:00,1.27482,TP,0.00015,2.7977,2.4958,2495.83
2023-08-03 02:45:00-04:00,SHORT,Breakout,1.26881,1.269313442844312,1.26796,2023-08-03 03:15:00-04:00,1.269313442844312,SL,0.00015,-1.0,-1.2979,-1297.95
2023-08-04 02:05:00-04:00,SHORT,Breakout,1.27179,1.2722801452160415,1.27097,2023-08-04 03:00:00-04:00,1.27097,TP,0.00016,1.673,1.3465,1346.54
2023-08-04 08:00:00-04:00,SHORT,Breakout,1.26907,1.2694722920040107,1.26364,2023-08-04 08:05:00-04:00,1.2694722920040107,SL,0.00015,-1.0,-1.3729,-1372.86
2023-08-07 20:40:00-04:00,SHORT,Breakout,1.27725,1.2773367433605969,1.27631,2023-08-07 20:45:00-04:00,1.2773367433605969,SL,0.00017,-1.0,-2.9598,-2959.8
2023-08-07 21:00:00-04:00,SHORT,Breakout,1.27712,1.277344549019211,1.27631,2023-08-07 21:25:00-04:00,1.27631,TP,0.000166,3.6072,2.868,2867.97
2023-08-08 07:30:00-04:00,SHORT,Breakout,1.27108,1.2716920138209025,1.26775,2023-08-08 10:40:00-04:00,1.2716920138209025,SL,0.00015,-1.0,-1.2451,-1245.09
2023-08-08 20:10:00-04:00,SHORT,Bounce,1.27446,1.2747666771248156,1.27376,2023-08-08 20:30:00-04:00,1.2747666771248156,SL,0.00017,-1.0,-1.5543,-1554.33
2023-08-09 08:05:00-04:00,SHORT,Breakout,1.27256,1.2729909705490294,1.26864,2023-08-09 08:30:00-04:00,1.2729909705490294,SL,0.00015,-1.0,-1.3481,-1348.05
2023-08-09 09:35:00-04:00,SHORT,Bounce,1.27408,1.2743072246474663,1.27118,2023-08-09 09:40:00-04:00,1.2743072246474663,SL,0.00015,-1.0,-1.6601,-1660.14
2023-08-09 20:15:00-04:00,SHORT,Breakout,1.2714400000000001,1.2716280597890774,1.27131,2023-08-09 20:20:00-04:00,1.27131,TP,0.000166,0.6913,-0.1914,-191.43
2023-08-09 20:25:00-04:00,SHORT,Retest,1.2714699999999999,1.2716280311446637,1.2711299999999999,2023-08-09 20:30:00-04:00,1.2711299999999999,TP,0.000162,2.1515,1.1264,1126.36
2023-08-10 00:45:00-04:00,SHORT,Breakout,1.2711700000000001,1.2713154199557144,1.27068,2023-08-10 01:00:00-04:00,1.2713154199557144,SL,0.000166,-1.0,-2.1415,-2141.52
2023-08-10 07:50:00-04:00,SHORT,Bounce,1.2765900000000001,1.2769761743453987,1.27538,2023-08-10 08:10:00-04:00,1.2769761743453987,SL,0.00015,-1.0,-1.3884,-1388.43
2023-08-10 20:00:00-04:00,SHORT,Breakout,1.26666,1.2669758167856047,1.26364,2023-08-10 20:15:00-04:00,1.2669758167856047,SL,0.000166,-1.0,-1.5256,-1525.62
2023-08-11 04:30:00-04:00,SHORT,Breakout,1.26985,1.2701949023026693,1.26789,2023-08-11 04:40:00-04:00,1.2701949023026693,SL,0.00015,-1.0,-1.4349,-1434.91
2023-08-13 20:30:00-04:00,SHORT,Breakout,1.26827,1.2685687325783224,1.26809,2023-08-13 20:40:00-04:00,1.26809,TP,0.00017,0.6025,0.0335,33.47
2023-08-14 03:00:00-04:00,SHORT,Breakout,1.26719,1.2673627381390846,1.2666,2023-08-14 03:05:00-04:00,1.2673627381390846,SL,0.00015,-1.0,-1.8684,-1868.37
2023-08-14 03:55:00-04:00,SHORT,Bounce,1.26929,1.269745891534893,1.2669000000000001,2023-08-14 04:35:00-04:00,1.269745891534893,SL,0.00015,-1.0,-1.329,-1329.03
2023-08-14 08:00:00-04:00,SHORT,Breakout,1.26859,1.268809506916614,1.2669000000000001,2023-08-14 08:25:00-04:00,1.2669000000000001,TP,0.00015,7.6991,7.0157,7015.72
2023-08-14 18:00:00-04:00,SHORT,Bounce,1.26841,1.2687337592801569,1.26727,2023-08-14 21:20:00-04:00,1.2687337592801569,SL,0.000206,-1.0,-1.6363,-1636.28
2023-08-15 08:30:00-04:00,SHORT,Breakout,1.2692700000000001,1.2697441347115221,1.26786,2023-08-15 08:35:00-04:00,1.2697441347115221,SL,0.000152,-1.0,-1.3206,-1320.58
2023-08-15 21:00:00-04:00,SHORT,Breakout,1.26925,1.269597794631887,1.26806,2023-08-15 21:25:00-04:00,1.269597794631887,SL,0.00017,-1.0,-1.4888,-1488.79
2023-08-17 04:55:00-04:00,SHORT,Breakout,1.2711999999999999,1.2727742913643036,1.26986,2023-08-17 06:00:00-04:00,1.2727742913643036,SL,0.00015,-1.0,-1.0953,-1095.28
2023-08-17 15:10:00-04:00,SHORT,Breakout,1.27355,1.2737717111012004,1.2701799999999999,2023-08-17 15:15:00-04:00,1.2737717111012004,SL,0.000166,-1.0,-1.7487,-1748.72
2023-08-24 02:10:00-04:00,SHORT,Bounce,1.27198,1.2721521165956984,1.27122,2023-08-24 02:15:00-04:00,1.27122,TP,0.00016,4.4156,3.486,3486.01
2023-08-24 02:20:00-04:00,SHORT,Breakout,1.27114,1.2712984984932298,1.2704900000000001,2023-08-24 02:25:00-04:00,1.2712984984932298,SL,0.00016,-1.0,-2.0095,-2009.47
2023-08-24 02:35:00-04:00,SHORT,Breakout,1.27097,1.2713009909583184,1.2704900000000001,2023-08-24 02:40:00-04:00,1.2713009909583184,SL,0.00015,-1.0,-1.4532,-1453.18
2023-08-24 02:50:00-04:00,SHORT,Breakout,1.271,1.2713044187811318,1.2704900000000001,2023-08-24 02:55:00-04:00,1.2704900000000001,TP,0.00015,1.6753,1.1826,1182.58
2023-08-24 04:05:00-04:00,SHORT,Retest,1.27097,1.2713383895771175,1.26916,2023-08-24 04:50:00-04:00,1.26916,TP,0.00015,4.9133,4.5061,4506.1
2023-08-24 15:35:00-04:00,SHORT,Breakout,1.25964,1.2605247527578127,1.25904,2023-08-24 19:05:00-04:00,1.25904,TP,0.00017,0.6782,0.486,486.01
2023-08-24 19:05:00-04:00,SHORT,Breakout,1.2588,1.25931061488465,1.25716,2023-08-24 19:55:00-04:00,1.25931061488465,SL,0.000164,-1.0,-1.3212,-1321.18
2023-08-24 20:50:00-04:00,SHORT,Retest,1.25912,1.259307435106505,1.25855,2023-08-24 21:30:00-04:00,1.25855,TP,0.000166,3.0411,2.1554,2155.41
2023-08-24 21:30:00-04:00,SHORT,Breakout,1.25835,1.2586106052357824,1.25716,2023-08-24 22:10:00-04:00,1.25716,TP,0.00017,4.5663,3.914,3913.97
2023-08-25 10:30:00-04:00,SHORT,Breakout,1.25712,1.2584470674034525,1.25604,2023-08-25 10:45:00-04:00,1.25604,TP,0.00015,0.8138,0.7008,700.79
2023-08-28 08:20:00-04:00,SHORT,Bounce,1.25847,1.2587582956484975,1.2565,2023-08-28 08:25:00-04:00,1.2587582956484975,SL,0.00015,-1.0,-1.5203,-1520.3
2023-08-28 08:35:00-04:00,SHORT,Bounce,1.25846,1.2587678540596754,1.2565,2023-08-28 08:40:00-04:00,1.2587678540596754,SL,0.00015,-1.0,-1.4872,-1487.24
2023-08-28 09:00:00-04:00,SHORT,Bounce,1.2592400000000001,1.2594984157036113,1.2565,2023-08-28 09:45:00-04:00,1.2594984157036113,SL,0.00015,-1.0,-1.5805,-1580.46
2023-08-28 18:35:00-04:00,SHORT,Bounce,1.26054,1.2607273254441127,1.2595399999999999,2023-08-28 18:55:00-04:00,1.2607273254441127,SL,0.000162,-1.0,-1.8648,-1864.81
2023-08-29 02:05:00-04:00,SHORT,Bounce,1.26282,1.2631931162008878,1.2595399999999999,2023-08-29 03:30:00-04:00,1.2631931162008878,SL,0.00016,-1.0,-1.4288,-1428.82
2023-08-29 03:35:00-04:00,SHORT,Bounce,1.26269,1.2632596869909456,1.2595399999999999,2023-08-29 03:40:00-04:00,1.2632596869909456,SL,0.00015,-1.0,-1.2633,-1263.3
2023-08-29 03:50:00-04:00,SHORT,Breakout,1.2610700000000001,1.2618396990958844,1.2595399999999999,2023-08-29 06:25:00-04:00,1.2595399999999999,TP,0.00015,1.9878,1.7929,1792.91
2023-08-29 06:40:00-04:00,SHORT,Retest,1.26009,1.2602972722254844,1.25719,2023-08-29 08:15:00-04:00,1.25719,TP,0.00015,13.9913,13.2676,13267.58
2023-08-29 19:50:00-04:00,SHORT,Breakout,1.26366,1.2638381468505917,1.262,2023-08-29 20:15:00-04:00,1.2638381468505917,SL,0.00017,-1.0,-1.9543,-1954.27
2023-08-29 20:40:00-04:00,SHORT,Breakout,1.26361,1.2638432212352502,1.262,2023-08-29 20:50:00-04:00,1.2638432212352502,SL,0.00017,-1.0,-1.7289,-1728.92
2023-08-30 01:35:00-04:00,SHORT,Breakout,1.26227,1.2625061214370694,1.25622,2023-08-30 01:40:00-04:00,1.2625061214370694,SL,0.00016,-1.0,-1.6776,-1677.62
2023-08-30 01:45:00-04:00,SHORT,Breakout,1.2622200000000001,1.2625091659329835,1.25622,2023-08-30 02:00:00-04:00,1.2625091659329835,SL,0.00016,-1.0,-1.5533,-1553.32
2023-08-30 14:25:00-04:00,SHORT,Breakout,1.27078,1.2710662604850413,1.26492,2023-08-30 14:35:00-04:00,1.2710662604850413,SL,0.00017,-1.0,-1.5939,-1593.86
2023-09-01 02:00:00-04:00,SHORT,Breakout,1.26578,1.2659020034330775,1.26519,2023-09-01 02:10:00-04:00,1.2659020034330775,SL,0.00016,-1.0,-2.3114,-2311.44
2023-09-01 02:15:00-04:00,SHORT,Breakout,1.26573,1.2659036077049823,1.26519,2023-09-01 02:20:00-04:00,1.26519,TP,0.000158,3.1105,2.2004,2200.36
2023-09-01 10:05:00-04:00,SHORT,Breakout,1.2653400000000001,1.266270526074542,1.26194,2023-09-01 10:10:00-04:00,1.266270526074542,SL,0.00015,-1.0,-1.1612,-1161.2
2023-09-04 21:45:00-04:00,SHORT,Breakout,1.26194,1.2622153337070088,1.26143,2023-09-04 22:30:00-04:00,1.26143,TP,0.00017,1.8523,1.2349,1234.87
2023-09-05 02:00:00-04:00,SHORT,Breakout,1.26077,1.2612449973253121,1.2605,2023-09-05 02:05:00-04:00,1.2605,TP,0.00016,0.5684,0.2316,231.58
2023-09-05 15:30:00-04:00,SHORT,Breakout,1.25621,1.2564632051195785,1.2546300000000001,2023-09-05 15:40:00-04:00,1.2564632051195785,SL,0.000162,-1.0,-1.6398,-1639.8
2023-09-05 16:35:00-04:00,SHORT,Retest,1.25627,1.2564586607021446,1.2546300000000001,2023-09-05 16:50:00-04:00,1.2564586607021446,SL,0.00015,-1.0,-1.7951,-1795.08
2023-09-05 20:45:00-04:00,SHORT,Breakout,1.2555100000000001,1.2557045784666943,1.2546300000000001,2023-09-05 21:00:00-04:00,1.2557045784666943,SL,0.00017,-1.0,-1.8737,-1873.68
2023-09-05 21:15:00-04:00,SHORT,Breakout,1.2556,1.2557095225868162,1.2546300000000001,2023-09-05 21:20:00-04:00,1.2557095225868162,SL,0.00017,-1.0,-2.5522,-2552.19
2023-09-05 21:30:00-04:00,SHORT,Breakout,1.25548,1.2557111090099253,1.2546300000000001,2023-09-05 22:15:00-04:00,1.2557111090099253,SL,0.00017,-1.0,-1.7356,-1735.58
2023-09-06 03:00:00-04:00,SHORT,Breakout,1.2561200000000001,1.2568101307364778,1.25488,2023-09-06 03:25:00-04:00,1.2568101307364778,SL,0.00015,-1.0,-1.2174,-1217.35
2023-09-06 09:25:00-04:00,SHORT,Breakout,1.25384,1.2541385990238452,1.2527300000000001,2023-09-06 09:30:00-04:00,1.2527300000000001,TP,0.00015,3.7174,3.215,3215.01
2023-09-06 09:35:00-04:00,SHORT,Retest,1.2536,1.2541560471174993,1.25159,2023-09-06 09:45:00-04:00,1.2541560471174993,SL,0.00015,-1.0,-1.2698,-1269.76
2023-09-06 19:40:00-04:00,SHORT,Breakout,1.24954,1.249765900501293,1.24813,2023-09-06 19:50:00-04:00,1.249765900501293,SL,0.000154,-1.0,-1.6817,-1681.72
2023-09-06 20:00:00-04:00,SHORT,Breakout,1.2496800000000001,1.2497626833667594,1.24813,2023-09-06 20:05:00-04:00,1.2497626833667594,SL,0.00017,-1.0,-3.056,-3056.04
2023-09-06 20:10:00-04:00,SHORT,Breakout,1.24962,1.2497642422907262,1.24813,2023-09-06 20:15:00-04:00,1.2497642422907262,SL,0.000158,-1.0,-2.0954,-2095.38
2023-09-06 20:40:00-04:00,SHORT,Breakout,1.2494,1.2495791093335709,1.24813,2023-09-06 21:05:00-04:00,1.2495791093335709,SL,0.000166,-1.0,-1.9268,-1926.81
2023-09-06 21:15:00-04:00,SHORT,Bounce,1.24974,1.2501295048186658,1.24813,2023-09-06 23:25:00-04:00,1.2501295048186658,SL,0.00017,-1.0,-1.4365,-1436.45
2023-09-07 02:55:00-04:00,SHORT,Breakout,1.24803,1.2491712370088335,1.24528,2023-09-07 06:20:00-04:00,1.24528,TP,0.00015,2.4097,2.2782,2278.23
2023-09-07 08:30:00-04:00,SHORT,Breakout,1.24485,1.2451171760545163,1.24408,2023-09-07 08:35:00-04:00,1.2451171760545163,SL,0.00015,-1.0,-1.5614,-1561.43
2023-09-07 11:00:00-04:00,SHORT,Bounce,1.24719,1.2474884839048574,1.24467,2023-09-07 11:10:00-04:00,1.2474884839048574,SL,0.00015,-1.0,-1.5025,-1502.54
2023-09-07 14:55:00-04:00,SHORT,Breakout,1.24686,1.2472426385411002,1.24467,2023-09-07 15:00:00-04:00,1.2472426385411002,SL,0.00017,-1.0,-1.4443,-1444.28
2023-09-07 15:50:00-04:00,SHORT,Breakout,1.24702,1.2472324190794712,1.24467,2023-09-07 16:15:00-04:00,1.2472324190794712,SL,0.00017,-1.0,-1.8003,-1800.3
2023-09-07 16:25:00-04:00,SHORT,Breakout,1.24711,1.2472305075501453,1.24467,2023-09-07 16:30:00-04:00,1.2472305075501453,SL,0.000278,-1.0,-3.3069,-3306.91
2023-09-08 02:45:00-04:00,SHORT,Breakout,1.24853,1.2489251629831521,1.24726,2023-09-08 03:35:00-04:00,1.2489251629831521,SL,0.00015,-1.0,-1.3796,-1379.59
2023-09-08 08:50:00-04:00,SHORT,Bounce,1.24817,1.2484026184723842,1.24662,2023-09-08 09:20:00-04:00,1.2484026184723842,SL,0.00015,-1.0,-1.6448,-1644.83
2023-09-11 07:00:00-04:00,SHORT,Breakout,1.2511700000000001,1.251649665178939,1.25095,2023-09-11 07:05:00-04:00,1.25095,TP,0.00015,0.4587,0.1459,145.94
2023-09-11 07:35:00-04:00,SHORT,Retest,1.25129,1.2516548840920512,1.24954,2023-09-11 08:00:00-04:00,1.2516548840920512,SL,0.00015,-1.0,-1.4111,-1411.09
2023-09-11 20:05:00-04:00,SHORT,Breakout,1.25043,1.2505146890577807,1.25001,2023-09-11 20:10:00-04:00,1.2505146890577807,SL,0.000158,-1.0,-2.8656,-2865.65
2023-09-11 20:20:00-04:00,SHORT,Breakout,1.25041,1.250517704759455,1.25001,2023-09-11 20:35:00-04:00,1.250517704759455,SL,0.000162,-1.0,-2.5041,-2504.11
2023-09-11 21:00:00-04:00,SHORT,Breakout,1.25026,1.250528542028704,1.25001,2023-09-11 21:05:00-04:00,1.250528542028704,SL,0.00017,-1.0,-1.633,-1633.05
2023-09-11 21:50:00-04:00,SHORT,Retest,1.25027,1.2505524374965402,1.25001,2023-09-11 21:55:00-04:00,1.2505524374965402,SL,0.00017,-1.0,-1.6019,-1601.9
2023-09-12 02:00:00-04:00,SHORT,Bounce,1.2511700000000001,1.2518222925976805,1.25004,2023-09-12 02:10:00-04:00,1.2518222925976805,SL,0.000164,-1.0,-1.2514,-1251.42
2023-09-12 02:10:00-04:00,SHORT,Bounce,1.25161,1.2518300278010612,1.25004,2023-09-12 02:15:00-04:00,1.2518300278010612,SL,0.00016,-1.0,-1.7272,-1727.18
2023-09-12 03:10:00-04:00,SHORT,Breakout,1.24953,1.2501604889522033,1.24503,2023-09-12 03:15:00-04:00,1.2501604889522033,SL,0.00015,-1.0,-1.2379,-1237.91
2023-09-12 07:30:00-04:00,SHORT,Breakout,1.2461,1.2463262278333551,1.24503,2023-09-12 07:40:00-04:00,1.2463262278333551,SL,0.00015,-1.0,-1.663,-1663.05
2023-09-12 08:20:00-04:00,SHORT,Breakout,1.2461,1.2463319291220132,1.24503,2023-09-12 08:25:00-04:00,1.2463319291220132,SL,0.00015,-1.0,-1.6467,-1646.75
2023-09-12 17:50:00-04:00,SHORT,Bounce,1.24884,1.2490328847844674,1.24752,2023-09-12 18:00:00-04:00,1.2490328847844674,SL,0.00049,-1.0,-3.5404,-3540.38
2023-09-13 02:00:00-04:00,SHORT,Breakout,1.24537,1.2481542996994206,1.24503,2023-09-13 02:15:00-04:00,1.24503,TP,0.00016,0.1221,0.0646,64.65
2023-09-13 08:35:00-04:00,SHORT,Bounce,1.24764,1.2482708703222236,1.2431,2023-09-13 08:45:00-04:00,1.2482708703222236,SL,0.00015,-1.0,-1.2378,-1237.77
2023-09-13 19:40:00-04:00,SHORT,Bounce,1.24901,1.249149815572403,1.24818,2023-09-13 20:30:00-04:00,1.249149815572403,SL,0.000162,-1.0,-2.1587,-2158.67
2023-09-14 01:00:00-04:00,SHORT,Bounce,1.25004,1.2504074783256096,1.24846,2023-09-14 01:25:00-04:00,1.2504074783256096,SL,0.00017,-1.0,-1.4626,-1462.61
2023-09-14 08:20:00-04:00,SHORT,Breakout,1.24565,1.246135761742556,1.24339,2023-09-14 08:25:00-04:00,1.246135761742556,SL,0.00015,-1.0,-1.3088,-1308.79
2023-09-14 19:45:00-04:00,SHORT,Breakout,1.24002,1.24030150764611,1.23958,2023-09-14 20:00:00-04:00,1.24030150764611,SL,0.00017,-1.0,-1.6039,-1603.89
2023-09-14 20:10:00-04:00,SHORT,Bounce,1.24084,1.2410799197738427,1.23958,2023-09-14 21:00:00-04:00,1.2410799197738427,SL,0.000166,-1.0,-1.6919,-1691.9
2023-09-14 21:05:00-04:00,SHORT,Bounce,1.24094,1.2410904771449731,1.23989,2023-09-14 21:55:00-04:00,1.2410904771449731,SL,0.00017,-1.0,-2.1297,-2129.74
2023-09-15 02:25:00-04:00,SHORT,Bounce,1.24285,1.2429822532987218,1.24004,2023-09-15 02:30:00-04:00,1.2429822532987218,SL,0.00016,-1.0,-2.2098,-2209.8
2023-09-15 08:35:00-04:00,SHORT,Breakout,1.23906,1.2399215004881095,1.23676,2023-09-15 09:05:00-04:00,1.2399215004881095,SL,0.00015,-1.0,-1.1741,-1174.11
2023-09-18 02:35:00-04:00,SHORT,Bounce,1.23946,1.2399644605554603,1.23856,2023-09-18 03:10:00-04:00,1.23856,TP,0.00015,1.7841,1.4867,1486.74
2023-09-18 20:20:00-04:00,SHORT,Bounce,1.2387,1.238929759955677,1.23808,2023-09-18 20:40:00-04:00,1.23808,TP,0.000158,2.6985,2.0108,2010.79
2023-09-18 20:40:00-04:00,SHORT,Breakout,1.23803,1.2381869970349357,1.23736,2023-09-18 20:45:00-04:00,1.2381869970349357,SL,0.000166,-1.0,-2.0573,-2057.34
2023-09-18 21:00:00-04:00,SHORT,Breakout,1.23789,1.2381896781110684,1.23736,2023-09-19 01:20:00-04:00,1.23736,TP,0.000162,1.7686,1.228,1227.98
2023-09-19 01:20:00-04:00,SHORT,Breakout,1.23737,1.2376034934371907,1.23722,2023-09-19 01:25:00-04:00,1.23722,TP,0.000166,0.6424,-0.0685,-68.52
2023-09-19 02:20:00-04:00,SHORT,Breakout,1.23746,1.237625056030878,1.23695,2023-09-19 02:25:00-04:00,1.23695,TP,0.00016,3.0899,2.1205,2120.49
2023-09-20 00:05:00-04:00,SHORT,Breakout,1.23843,1.23852861031375,1.23811,2023-09-20 00:10:00-04:00,1.23852861031375,SL,0.00017,-1.0,-2.724,-2723.96
2023-09-20 14:00:00-04:00,SHORT,Breakout,1.23576,1.2385574455153463,1.23334,2023-09-20 14:30:00-04:00,1.2385574455153463,SL,0.000176,-1.0,-1.0629,-1062.91
2023-09-20 19:00:00-04:00,SHORT,Breakout,1.23322,1.2334287917299553,1.23265,2023-09-20 19:25:00-04:00,1.23265,TP,0.00017,2.73,1.9158,1915.78
2023-09-21 02:00:00-04:00,SHORT,Breakout,1.23127,1.231568323324091,1.2303,2023-09-21 02:05:00-04:00,1.231568323324091,SL,0.00016,-1.0,-1.5363,-1536.33
2023-09-21 02:10:00-04:00,SHORT,Bounce,1.23191,1.2323672073559764,1.2303,2023-09-21 02:45:00-04:00,1.2323672073559764,SL,0.000158,-1.0,-1.3456,-1345.58
2023-09-21 03:30:00-04:00,SHORT,Breakout,1.23098,1.2312329870794647,1.2303,2023-09-21 03:40:00-04:00,1.2303,TP,0.00015,2.6879,2.095,2094.97
2023-09-21 05:45:00-04:00,SHORT,Breakout,1.22912,1.229530856301692,1.22738,2023-09-21 06:30:00-04:00,1.229530856301692,SL,0.00015,-1.0,-1.3651,-1365.09
2023-09-21 07:00:00-04:00,SHORT,Breakout,1.2259,1.2283185434675574,1.22257,2023-09-21 09:35:00-04:00,1.2283185434675574,SL,0.000148,-1.0,-1.0612,-1061.19
2023-09-21 20:05:00-04:00,SHORT,Breakout,1.22867,1.228888970468041,1.22573,2023-09-22 03:15:00-04:00,1.22573,TP,0.000162,13.4265,12.6866,12686.64
2023-09-22 03:15:00-04:00,SHORT,Breakout,1.2257,1.2269640381818148,1.22436,2023-09-22 03:30:00-04:00,1.2269640381818148,SL,0.00015,-1.0,-1.1187,-1118.67
2023-09-25 01:55:00-04:00,SHORT,Breakout,1.22356,1.2236429537697402,1.22299,2023-09-25 02:00:00-04:00,1.2236429537697402,SL,0.000158,-1.0,-2.9047,-2904.68
2023-09-25 02:05:00-04:00,SHORT,Breakout,1.22349,1.223648832587174,1.22299,2023-09-25 02:10:00-04:00,1.223648832587174,SL,0.00016,-1.0,-2.0073,-2007.35
2023-09-25 09:10:00-04:00,SHORT,Breakout,1.22047,1.2212851034575423,1.21955,2023-09-25 09:20:00-04:00,1.2212851034575423,SL,0.00015,-1.0,-1.184,-1184.03
2023-09-25 10:15:00-04:00,SHORT,Retest,1.2206299999999999,1.2212992566241325,1.21955,2023-09-25 10:25:00-04:00,1.21955,TP,0.00015,1.6137,1.3896,1389.6
2023-09-25 21:50:00-04:00,SHORT,Breakout,1.2203,1.2204004907934416,1.21932,2023-09-25 21:55:00-04:00,1.2204004907934416,SL,0.00017,-1.0,-2.6917,-2691.7
2023-09-26 02:00:00-04:00,SHORT,Breakout,1.21887,1.2193537688135567,1.2178,2023-09-26 02:15:00-04:00,1.2178,TP,0.00016,2.2118,1.8811,1881.06
2023-09-26 04:25:00-04:00,SHORT,Retest,1.21898,1.2194075944989375,1.21667,2023-09-26 10:50:00-04:00,1.21667,TP,0.00015,5.4023,5.0515,5051.51
2023-09-26 19:20:00-04:00,SHORT,Breakout,1.21476,1.2151311215615137,1.2134800000000001,2023-09-26 19:30:00-04:00,1.2151311215615137,SL,0.000162,-1.0,-1.4365,-1436.51
2023-09-26 20:50:00-04:00,SHORT,Breakout,1.21411,1.2143424210857843,1.2134800000000001,2023-09-26 21:05:00-04:00,1.2143424210857843,SL,0.00017,-1.0,-1.7314,-1731.43
2023-09-27 01:20:00-04:00,SHORT,Breakout,1.2138,1.2139727510718232,1.21124,2023-09-27 01:25:00-04:00,1.2139727510718232,SL,0.00017,-1.0,-1.9841,-1984.07
2023-09-27 02:55:00-04:00,SHORT,Bounce,1.2153,1.2157722785381875,1.21347,2023-09-27 04:25:00-04:00,1.2157722785381875,SL,0.00015,-1.0,-1.3176,-1317.61
2023-09-27 07:15:00-04:00,SHORT,Breakout,1.21375,1.213918008982997,1.21347,2023-09-27 07:20:00-04:00,1.21347,TP,0.00015,1.6666,0.7738,773.77
2023-09-27 08:00:00-04:00,SHORT,Breakout,1.21371,1.2139278979372254,1.21124,2023-09-27 08:10:00-04:00,1.2139278979372254,SL,0.00015,-1.0,-1.6884,-1688.4
2023-09-27 08:10:00-04:00,SHORT,Retest,1.21344,1.2139300650581177,1.21124,2023-09-27 08:15:00-04:00,1.2139300650581177,SL,0.00015,-1.0,-1.3061,-1306.08
2023-09-27 10:55:00-04:00,SHORT,Breakout,1.21281,1.2131719926623623,1.21124,2023-09-27 11:00:00-04:00,1.2131719926623623,SL,0.00015,-1.0,-1.4144,-1414.37
2023-09-28 08:45:00-04:00,SHORT,Breakout,1.21796,1.2187605067229232,1.21194,2023-09-28 08:55:00-04:00,1.2187605067229232,SL,0.00015,-1.0,-1.1874,-1187.38
2023-09-28 08:55:00-04:00,SHORT,Retest,1.21772,1.2187663961029287,1.21194,2023-09-28 09:00:00-04:00,1.2187663961029287,SL,0.00015,-1.0,-1.1433,-1143.35
2023-10-02 20:05:00-04:00,SHORT,Breakout,1.20791,1.2084622951034396,1.20265,2023-10-02 20:10:00-04:00,1.2084622951034396,SL,0.000166,-1.0,-1.3006,-1300.56
2023-10-02 20:20:00-04:00,SHORT,Breakout,1.20821,1.208468806976041,1.20265,2023-10-02 20:45:00-04:00,1.208468806976041,SL,0.00017,-1.0,-1.6569,-1656.86
2023-10-02 22:00:00-04:00,SHORT,Breakout,1.20756,1.2077625950474022,1.20265,2023-10-02 23:30:00-04:00,1.2077625950474022,SL,0.000166,-1.0,-1.8194,-1819.37
2023-10-03 00:15:00-04:00,SHORT,Breakout,1.20683,1.2070597746046727,1.20265,2023-10-03 02:15:00-04:00,1.2070597746046727,SL,0.000166,-1.0,-1.7224,-1722.45
2023-10-03 02:45:00-04:00,SHORT,Bounce,1.20788,1.2081767113283266,1.20606,2023-10-03 02:50:00-04:00,1.2081767113283266,SL,0.00015,-1.0,-1.5055,-1505.54
2023-10-03 06:55:00-04:00,SHORT,Breakout,1.20558,1.2063484004540364,1.20265,2023-10-03 07:25:00-04:00,1.2063484004540364,SL,0.00015,-1.0,-1.1952,-1195.21
2023-10-03 10:20:00-04:00,SHORT,Bounce,1.20776,1.2090620470594793,1.20515,2023-10-03 10:35:00-04:00,1.2090620470594793,SL,0.00015,-1.0,-1.1152,-1115.2
2023-10-03 21:30:00-04:00,SHORT,Breakout,1.20657,1.2072229117911415,1.20608,2023-10-03 23:50:00-04:00,1.20608,TP,0.000166,0.7505,0.4962,496.24
2023-10-04 02:20:00-04:00,SHORT,Breakout,1.20589,1.206022181760011,1.20527,2023-10-04 02:30:00-04:00,1.20527,TP,0.00016,4.6905,3.4801,3480.06
2023-10-04 20:05:00-04:00,SHORT,Breakout,1.21313,1.2133399711612223,1.213,2023-10-04 20:15:00-04:00,1.2133399711612223,SL,0.000166,-1.0,-1.7906,-1790.58
2023-10-05 02:00:00-04:00,SHORT,Breakout,1.21484,1.2154817329034806,1.21302,2023-10-05 03:50:00-04:00,1.21302,TP,0.00016,2.8361,2.5867,2586.75
2023-10-05 08:20:00-04:00,SHORT,Bounce,1.21334,1.2135981772942084,1.21152,2023-10-05 08:25:00-04:00,1.2135981772942084,SL,0.00015,-1.0,-1.581,-1581.0
2023-10-05 08:40:00-04:00,SHORT,Breakout,1.21106,1.2116763483886892,1.21056,2023-10-05 08:45:00-04:00,1.2116763483886892,SL,0.00015,-1.0,-1.2434,-1243.37
2023-10-06 01:20:00-04:00,SHORT,Breakout,1.2174800000000001,1.2176435017147569,1.21689,2023-10-06 02:00:00-04:00,1.21689,TP,0.000166,3.6085,2.5932,2593.24
2023-10-06 08:30:00-04:00,SHORT,Breakout,1.21315,1.2193694161521027,1.21069,2023-10-06 08:50:00-04:00,1.21069,TP,0.00015,0.3955,0.3714,371.42
2023-10-10 02:10:00-04:00,SHORT,Breakout,1.22203,1.2222728985039626,1.21955,2023-10-10 02:15:00-04:00,1.2222728985039626,SL,0.00016,-1.0,-1.6587,-1658.71
2023-10-10 02:40:00-04:00,SHORT,Breakout,1.22193,1.2222861667758826,1.21955,2023-10-10 02:55:00-04:00,1.2222861667758826,SL,0.00015,-1.0,-1.4212,-1421.15
2023-10-11 01:30:00-04:00,LONG,Breakout,1.22957,1.229364782175654,1.2297,2023-10-11 01:35:00-04:00,1.229364782175654,SL,0.00016,-1.0,-1.7797,-1779.66
2023-10-11 02:45:00-04:00,LONG,Breakout,1.22972,1.2295888991508923,1.23028,2023-10-11 02:50:00-04:00,1.2295888991508923,SL,0.00015,-1.0,-2.1442,-2144.16
2023-10-11 08:30:00-04:00,LONG,Bounce,1.22869,1.2271606641790245,1.23037,2023-10-11 08:45:00-04:00,1.23037,TP,0.000152,1.0985,0.9991,999.13
2023-10-11 08:45:00-04:00,LONG,Breakout,1.2308,1.229574216181238,1.23308,2023-10-11 09:55:00-04:00,1.23308,TP,0.00015,1.86,1.7377,1737.66
2023-10-11 19:05:00-04:00,LONG,Breakout,1.23156,1.23132681524718,1.23368,2023-10-11 20:10:00-04:00,1.23132681524718,SL,0.000158,-1.0,-1.6776,-1677.57
2023-10-11 21:40:00-04:00,LONG,Breakout,1.23212,1.2317903436394122,1.23368,2023-10-11 21:55:00-04:00,1.2317903436394122,SL,0.00017,-1.0,-1.5157,-1515.69
2023-10-12 01:45:00-04:00,LONG,Breakout,1.23235,1.2321642359138185,1.23368,2023-10-12 01:55:00-04:00,1.2321642359138185,SL,0.00016,-1.0,-1.8613,-1861.31
2023-10-12 02:00:00-04:00,LONG,Breakout,1.23228,1.2321471852414938,1.23368,2023-10-12 02:05:00-04:00,1.2321471852414938,SL,0.00016,-1.0,-2.2047,-2204.69
2023-10-12 02:35:00-04:00,LONG,Breakout,1.23275,1.2321264175306232,1.23368,2023-10-12 02:55:00-04:00,1.2321264175306232,SL,0.00015,-1.0,-1.2405,-1240.55
2023-10-12 07:55:00-04:00,LONG,Breakout,1.2312,1.2303076677622913,1.23307,2023-10-12 08:15:00-04:00,1.2303076677622913,SL,0.00015,-1.0,-1.1681,-1168.1
2023-10-12 08:15:00-04:00,LONG,Breakout,1.23082,1.2303028546688568,1.23307,2023-10-12 08:20:00-04:00,1.2303028546688568,SL,0.00015,-1.0,-1.2901,-1290.05
2023-10-12 08:25:00-04:00,LONG,Breakout,1.2310699999999999,1.2302910328522285,1.23307,2023-10-12 08:30:00-04:00,1.2302910328522285,SL,0.00015,-1.0,-1.1926,-1192.56
2023-10-13 02:00:00-04:00,SHORT,Breakout,1.21925,1.2200102355388325,1.21713,2023-10-13 03:25:00-04:00,1.2200102355388325,SL,0.00016,-1.0,-1.2105,-1210.46
2023-10-16 21:10:00-04:00,SHORT,Breakout,1.22025,1.2205127600879604,1.21897,2023-10-16 23:35:00-04:00,1.2205127600879604,SL,0.00017,-1.0,-1.647,-1646.98
2023-10-17 01:40:00-04:00,SHORT,Breakout,1.21926,1.2195060951667895,1.21897,2023-10-17 01:50:00-04:00,1.2195060951667895,SL,0.00016,-1.0,-1.6502,-1650.15
2023-10-17 01:55:00-04:00,SHORT,Breakout,1.21936,1.219506657099649,1.21897,2023-10-17 02:00:00-04:00,1.219506657099649,SL,0.000164,-1.0,-2.1183,-2118.25
2023-10-17 02:05:00-04:00,SHORT,Retest,1.2190699999999999,1.2195255155604114,1.21525,2023-10-17 04:35:00-04:00,1.21525,TP,0.00016,8.3861,8.0349,8034.85
2023-10-17 08:30:00-04:00,SHORT,Breakout,1.2136,1.2151038611541278,1.2126000000000001,2023-10-17 08:50:00-04:00,1.2151038611541278,SL,0.000152,-1.0,-1.1011,-1101.07
2023-10-17 08:55:00-04:00,SHORT,Breakout,1.21406,1.2151078282068104,1.2126000000000001,2023-10-17 09:10:00-04:00,1.2151078282068104,SL,0.00015,-1.0,-1.1432,-1143.15
2023-10-17 20:15:00-04:00,SHORT,Breakout,1.2172399999999999,1.2174890970772372,1.21701,2023-10-17 20:25:00-04:00,1.21701,TP,0.00017,0.9233,0.2409,240.87
2023-10-18 09:20:00-04:00,SHORT,Breakout,1.21713,1.2176704594008254,1.21576,2023-10-18 09:45:00-04:00,1.2176704594008254,SL,0.00015,-1.0,-1.2775,-1277.54
2023-10-18 20:50:00-04:00,SHORT,Retest,1.21387,1.2140278759019607,1.2132100000000001,2023-10-18 20:55:00-04:00,1.2140278759019607,SL,0.00017,-1.0,-2.0768,-2076.8
2023-10-18 21:40:00-04:00,SHORT,Breakout,1.21338,1.2136092648279742,1.2126000000000001,2023-10-18 22:05:00-04:00,1.2136092648279742,SL,0.00017,-1.0,-1.7415,-1741.5
2023-10-19 03:05:00-04:00,SHORT,Bounce,1.21391,1.2145507640648951,1.21103,2023-10-19 04:35:00-04:00,1.21103,TP,0.00015,4.4946,4.2605,4260.54
2023-10-19 19:00:00-04:00,SHORT,Breakout,1.21366,1.2138485140662674,1.21248,2023-10-19 19:10:00-04:00,1.2138485140662674,SL,0.000162,-1.0,-1.8594,-1859.35
2023-10-19 20:00:00-04:00,SHORT,Breakout,1.21305,1.213519963992122,1.21248,2023-10-19 20:15:00-04:00,1.21248,TP,0.000176,1.2129,0.8384,838.36
2023-10-20 02:00:00-04:00,SHORT,Breakout,1.21149,1.2118038158431348,1.20892,2023-10-20 04:35:00-04:00,1.2118038158431348,SL,0.00016,-1.0,-1.5099,-1509.85
2023-10-22 19:00:00-04:00,SHORT,Bounce,1.21601,1.2162593517328202,1.21484,2023-10-22 19:10:00-04:00,1.2162593517328202,SL,0.00017,-1.0,-1.6818,-1681.77
2023-10-22 20:00:00-04:00,SHORT,Bounce,1.21609,1.2162540620945506,1.21484,2023-10-22 20:50:00-04:00,1.2162540620945506,SL,0.00017,-1.0,-2.0362,-2036.19
2023-10-23 05:45:00-04:00,SHORT,Breakout,1.21495,1.216026654130184,1.21448,2023-10-23 05:50:00-04:00,1.21448,TP,0.00015,0.4365,0.2972,297.22
2023-10-23 08:25:00-04:00,SHORT,Bounce,1.21745,1.2185431824237913,1.21423,2023-10-23 10:10:00-04:00,1.2185431824237913,SL,0.00015,-1.0,-1.1372,-1137.21
2023-10-23 21:30:00-04:00,SHORT,Bounce,1.22499,1.2253351531770562,1.22457,2023-10-23 21:40:00-04:00,1.2253351531770562,SL,0.00017,-1.0,-1.4925,-1492.53
2023-10-24 02:00:00-04:00,LONG,Bounce,1.22693,1.2260930843549496,1.22733,2023-10-24 02:10:00-04:00,1.22733,TP,0.000164,0.4779,0.282,281.99
2023-10-24 02:10:00-04:00,LONG,Breakout,1.22742,1.2272484757958495,1.23139,2023-10-24 02:15:00-04:00,1.2272484757958495,SL,0.00016,-1.0,-1.9328,-1932.81
2023-10-24 02:20:00-04:00,LONG,Breakout,1.22771,1.227243787803564,1.23139,2023-10-24 03:30:00-04:00,1.227243787803564,SL,0.00016,-1.0,-1.3432,-1343.19
2023-10-24 20:05:00-04:00,LONG,Breakout,1.2165,1.2164118793208358,1.21673,2023-10-24 20:10:00-04:00,1.2164118793208358,SL,0.000166,-1.0,-2.8838,-2883.78
2023-10-24 20:20:00-04:00,LONG,Breakout,1.2166,1.2164074456515583,1.21673,2023-10-24 20:25:00-04:00,1.2164074456515583,SL,0.00017,-1.0,-1.8829,-1882.87
2023-10-24 20:30:00-04:00,LONG,Breakout,1.21664,1.2164017669138436,1.22332,2023-10-24 20:35:00-04:00,1.2164017669138436,SL,0.00017,-1.0,-1.7136,-1713.59
2023-10-24 21:50:00-04:00,LONG,Retest,1.21656,1.216388633648133,1.22332,2023-10-25 02:00:00-04:00,1.216388633648133,SL,0.00017,-1.0,-1.992,-1992.03
2023-10-25 02:30:00-04:00,SHORT,Breakout,1.21644,1.2170532842095507,1.21546,2023-10-25 03:20:00-04:00,1.21546,TP,0.00015,1.598,1.3534,1353.37
2023-10-25 08:55:00-04:00,SHORT,Bounce,1.21301,1.2133547299943768,1.21139,2023-10-25 09:00:00-04:00,1.2133547299943768,SL,0.00015,-1.0,-1.4351,-1435.12
2023-10-25 13:25:00-04:00,SHORT,Breakout,1.21182,1.2122820907775842,1.21139,2023-10-25 13:40:00-04:00,1.21139,TP,0.00017,0.9306,0.5627,562.66
2023-10-25 18:00:00-04:00,SHORT,Breakout,1.21039,1.21055045456443,1.2096,2023-10-25 19:20:00-04:00,1.2096,TP,0.000262,4.9235,3.2907,3290.65
2023-10-25 22:20:00-04:00,SHORT,Breakout,1.20814,1.2087006323556677,1.20365,2023-10-25 22:35:00-04:00,1.2087006323556677,SL,0.00017,-1.0,-1.3032,-1303.23
2023-10-26 02:00:00-04:00,SHORT,Breakout,1.2075,1.207691625812367,1.20365,2023-10-26 02:10:00-04:00,1.207691625812367,SL,0.00016,-1.0,-1.835,-1834.96
2023-10-26 02:15:00-04:00,SHORT,Breakout,1.20737,1.2076945852440855,1.20365,2023-10-26 02:20:00-04:00,1.2076945852440855,SL,0.00016,-1.0,-1.4929,-1492.94
2023-10-26 02:35:00-04:00,SHORT,Breakout,1.20715,1.2077077623166474,1.20365,2023-10-26 02:45:00-04:00,1.2077077623166474,SL,0.00015,-1.0,-1.2689,-1268.93
2023-10-26 02:45:00-04:00,SHORT,Bounce,1.2077499999999999,1.2088725195485377,1.20365,2023-10-26 03:15:00-04:00,1.2088725195485377,SL,0.00015,-1.0,-1.1336,-1133.63
2023-10-26 08:25:00-04:00,SHORT,Bounce,1.209,1.2095149818026976,1.20734,2023-10-26 08:30:00-04:00,1.2095149818026976,SL,0.000152,-1.0,-1.2952,-1295.16
2023-10-27 01:30:00-04:00,SHORT,Bounce,1.21344,1.2138937665409602,1.21291,2023-10-27 01:50:00-04:00,1.2138937665409602,SL,0.00016,-1.0,-1.3526,-1352.6
2023-10-27 02:10:00-04:00,SHORT,Breakout,1.21235,1.2129819215705588,1.21215,2023-10-27 02:15:00-04:00,1.21215,TP,0.00016,0.3165,0.0633,63.3
2023-10-27 09:05:00-04:00,SHORT,Bounce,1.21381,1.214427077157913,1.21047,2023-10-27 09:20:00-04:00,1.214427077157913,SL,0.00015,-1.0,-1.2431,-1243.08
2023-10-29 20:50:00-04:00,SHORT,Breakout,1.21086,1.2110163728573025,1.21047,2023-10-29 20:55:00-04:00,1.2110163728573025,SL,0.000166,-1.0,-2.0616,-2061.57
2023-10-30 03:30:00-04:00,SHORT,Breakout,1.21037,1.2112243846165727,1.20971,2023-10-30 03:35:00-04:00,1.2112243846165727,SL,0.00015,-1.0,-1.1756,-1175.56
2023-10-30 09:00:00-04:00,SHORT,Bounce,1.21405,1.214247370730609,1.21187,2023-10-30 09:05:00-04:00,1.214247370730609,SL,0.000152,-1.0,-1.7701,-1770.12
2023-10-30 20:05:00-04:00,SHORT,Breakout,1.21579,1.2160157993309082,1.2140900000000001,2023-10-30 20:15:00-04:00,1.2160157993309082,SL,0.000166,-1.0,-1.7352,-1735.17
2023-10-31 20:15:00-04:00,SHORT,Breakout,1.21463,1.21478575618274,1.21403,2023-10-31 20:30:00-04:00,1.21403,TP,0.00017,3.8522,2.7607,2760.73
2023-11-01 08:25:00-04:00,SHORT,Breakout,1.21292,1.21317670875744,1.21188,2023-11-01 08:30:00-04:00,1.21317670875744,SL,0.00015,-1.0,-1.5843,-1584.32
2023-11-01 10:00:00-04:00,SHORT,Bounce,1.21194,1.2145569702552883,1.20892,2023-11-01 10:20:00-04:00,1.2145569702552883,SL,0.00015,-1.0,-1.0573,-1057.32
2023-11-03 02:35:00-04:00,LONG,Breakout,1.2206,1.2203237283465007,1.22086,2023-11-03 03:00:00-04:00,1.2203237283465007,SL,0.00016,-1.0,-1.5791,-1579.14
2023-11-03 03:25:00-04:00,LONG,Breakout,1.22113,1.2207518510141324,1.22251,2023-11-03 03:40:00-04:00,1.2207518510141324,SL,0.00016,-1.0,-1.4231,-1423.11
2023-11-03 05:55:00-04:00,LONG,Retest,1.22143,1.2207140780915504,1.22251,2023-11-03 07:15:00-04:00,1.22251,TP,0.00015,1.5085,1.299,1299.02
2023-11-05 20:00:00-05:00,LONG,Bounce,1.23675,1.2364513008675646,1.23767,2023-11-05 20:15:00-05:00,1.2364513008675646,SL,0.00017,-1.0,-1.5691,-1569.13
2023-11-05 20:15:00-05:00,LONG,Bounce,1.23687,1.2364500969409764,1.23767,2023-11-05 23:05:00-05:00,1.23767,TP,0.000166,1.9052,1.5099,1509.87
2023-11-06 01:00:00-05:00,LONG,Breakout,1.23813,1.2380231350957882,1.23888,2023-11-06 01:05:00-05:00,1.2380231350957882,SL,0.00017,-1.0,-2.5908,-2590.79
2023-11-06 01:30:00-05:00,LONG,Breakout,1.23846,1.2380178858777708,1.23888,2023-11-06 02:00:00-05:00,1.23888,TP,0.00016,0.95,0.5881,588.08
2023-11-06 02:10:00-05:00,LONG,Breakout,1.23836,1.2380071538438213,1.2420499999999999,2023-11-06 02:55:00-05:00,1.2380071538438213,SL,0.00016,-1.0,-1.4535,-1453.46
2023-11-06 07:00:00-05:00,LONG,Breakout,1.2424,1.242212160036095,1.24449,2023-11-06 07:05:00-05:00,1.242212160036095,SL,0.00015,-1.0,-1.7986,-1798.55
2023-11-07 19:00:00-05:00,LONG,Bounce,1.22894,1.2286078081512042,1.23015,2023-11-07 19:40:00-05:00,1.2286078081512042,SL,0.00017,-1.0,-1.5118,-1511.75
2023-11-08 02:35:00-05:00,LONG,Bounce,1.22725,1.2269929019750745,1.22836,2023-11-08 03:00:00-05:00,1.2269929019750745,SL,0.00015,-1.0,-1.5834,-1583.44
2023-11-08 17:45:00-05:00,LONG,Bounce,1.22838,1.2279837783204082,1.23008,2023-11-08 18:00:00-05:00,1.2279837783204082,SL,0.000486,-1.0,-2.2266,-2226.59
2023-11-08 20:35:00-05:00,LONG,Breakout,1.22909,1.2285043903038662,1.23008,2023-11-08 21:25:00-05:00,1.2285043903038662,SL,0.00017,-1.0,-1.2903,-1290.3
2023-11-09 01:00:00-05:00,LONG,Bounce,1.22783,1.227726035050072,1.22934,2023-11-09 01:05:00-05:00,1.227726035050072,SL,0.00017,-1.0,-2.6352,-2635.17
2023-11-09 01:45:00-05:00,LONG,Breakout,1.22874,1.2286273369995893,1.22934,2023-11-09 01:55:00-05:00,1.2286273369995893,SL,0.00016,-1.0,-2.4202,-2420.16
2023-11-09 03:05:00-05:00,LONG,Breakout,1.22903,1.228811292140368,1.22934,2023-11-09 03:10:00-05:00,1.228811292140368,SL,0.00015,-1.0,-1.6858,-1685.85
2023-11-09 03:55:00-05:00,LONG,Breakout,1.2294,1.2287741761047297,1.23008,2023-11-09 04:25:00-05:00,1.23008,TP,0.00015,1.0866,0.8469,846.88
2023-11-09 08:15:00-05:00,LONG,Bounce,1.22566,1.2251785332587146,1.23082,2023-11-09 13:00:00-05:00,1.2251785332587146,SL,0.00015,-1.0,-1.3115,-1311.55
2023-11-09 20:20:00-05:00,LONG,Breakout,1.22252,1.2223654802953037,1.22682,2023-11-09 20:35:00-05:00,1.2223654802953037,SL,0.00017,-1.0,-2.1002,-2100.18
2023-11-14 01:50:00-05:00,LONG,Breakout,1.22761,1.2274274074495861,1.22799,2023-11-14 02:00:00-05:00,1.22799,TP,0.000156,2.0811,1.2268,1226.78
2023-11-14 14:30:00-05:00,LONG,Breakout,1.2495,1.2492302759614031,1.25054,2023-11-14 15:40:00-05:00,1.25054,TP,0.00017,3.8558,3.2255,3225.52
2023-11-15 06:45:00-05:00,LONG,Breakout,1.2473,1.247029437396125,1.2496800000000001,2023-11-15 06:50:00-05:00,1.247029437396125,SL,0.00015,-1.0,-1.5544,-1554.4
2023-11-15 07:45:00-05:00,LONG,Bounce,1.24593,1.2453306840318477,1.24742,2023-11-15 08:30:00-05:00,1.2453306840318477,SL,0.00015,-1.0,-1.2503,-1250.29
2023-11-16 02:05:00-05:00,LONG,Bounce,1.23917,1.2388787298378452,1.24236,2023-11-16 02:10:00-05:00,1.2388787298378452,SL,0.00016,-1.0,-1.5493,-1549.32
2023-11-16 08:30:00-05:00,LONG,Breakout,1.2417,1.2409094850161821,1.24236,2023-11-16 08:35:00-05:00,1.24236,TP,0.00015,0.8349,0.6451,645.15
2023-11-16 09:25:00-05:00,LONG,Retest,1.24159,1.2408887139908382,1.24536,2023-11-16 10:25:00-05:00,1.24536,TP,0.00015,5.3758,5.1619,5161.95
2023-11-16 17:45:00-05:00,LONG,Bounce,1.24093,1.2404347745258697,1.24306,2023-11-16 21:40:00-05:00,1.2404347745258697,SL,0.000576,-1.0,-2.1631,-2163.11
2023-11-17 00:05:00-05:00,LONG,Bounce,1.24054,1.2402759749629022,1.24218,2023-11-17 02:00:00-05:00,1.2402759749629022,SL,0.00017,-1.0,-1.6439,-1643.88
2023-11-17 08:05:00-05:00,LONG,Breakout,1.24384,1.243602058600217,1.24554,2023-11-17 08:10:00-05:00,1.243602058600217,SL,0.00015,-1.0,-1.6304,-1630.41
2023-11-17 08:30:00-05:00,LONG,Bounce,1.24275,1.2418847299299594,1.24396,2023-11-17 08:40:00-05:00,1.2418847299299594,SL,0.00015,-1.0,-1.1734,-1173.36
2023-11-19 19:50:00-05:00,LONG,Bounce,1.24493,1.2444615184166608,1.24617,2023-11-19 20:15:00-05:00,1.24617,TP,0.00017,2.6468,2.284,2283.97
2023-11-19 20:15:00-05:00,LONG,Breakout,1.2465600000000001,1.2460952758439139,1.24805,2023-11-19 21:40:00-05:00,1.24805,TP,0.00017,3.2062,2.8404,2840.39
2023-11-20 09:15:00-05:00,LONG,Bounce,1.24679,1.2459284346451056,1.2509700000000001,2023-11-20 12:00:00-05:00,1.2509700000000001,TP,0.00015,4.8516,4.6775,4677.53
2023-11-20 17:45:00-05:00,LONG,Bounce,1.25034,1.250072821509331,1.2513,2023-11-20 17:50:00-05:00,1.250072821509331,SL,0.000546,-1.0,-3.0436,-3043.58
2023-11-20 20:15:00-05:00,LONG,Breakout,1.25136,1.250987805401733,1.25293,2023-11-20 21:15:00-05:00,1.25293,TP,0.00017,4.2182,3.7615,3761.47
2023-11-21 08:20:00-05:00,LONG,Breakout,1.25548,1.2552073672573993,1.2558,2023-11-21 08:30:00-05:00,1.2552073672573993,SL,0.00015,-1.0,-1.5502,-1550.19
2023-11-22 07:45:00-05:00,LONG,Breakout,1.25384,1.25357607347697,1.25487,2023-11-22 07:50:00-05:00,1.25357607347697,SL,0.00015,-1.0,-1.5683,-1568.34
2023-11-22 08:00:00-05:00,LONG,Breakout,1.25403,1.2535728029988715,1.25487,2023-11-22 08:05:00-05:00,1.2535728029988715,SL,0.00015,-1.0,-1.3281,-1328.09
2023-11-22 08:35:00-05:00,LONG,Bounce,1.25275,1.2518633103336205,1.2548,2023-11-22 08:40:00-05:00,1.2518633103336205,SL,0.00015,-1.0,-1.1692,-1169.17
2023-11-22 21:00:00-05:00,LONG,Breakout,1.24967,1.2495010796045936,1.2548,2023-11-23 04:30:00-05:00,1.2548,TP,0.00017,30.3693,29.3629,29362.94
2023-11-23 04:30:00-05:00,LONG,Breakout,1.25418,1.253515673414576,1.25809,2023-11-23 08:10:00-05:00,1.253515673414576,SL,0.000152,-1.0,-1.2288,-1228.8
2023-11-24 00:55:00-05:00,LONG,Breakout,1.25447,1.2543771316703405,1.25622,2023-11-24 01:00:00-05:00,1.2543771316703405,SL,0.00017,-1.0,-2.8305,-2830.55
2023-11-27 05:45:00-05:00,LONG,Breakout,1.26183,1.2615023231125326,1.26241,2023-11-27 05:55:00-05:00,1.26241,TP,0.00015,1.77,1.3123,1312.27
2023-11-27 19:30:00-05:00,LONG,Breakout,1.2635399999999999,1.2632536374885417,1.26438,2023-11-27 19:55:00-05:00,1.2632536374885417,SL,0.00017,-1.0,-1.5937,-1593.65
2023-11-28 08:40:00-05:00,LONG,Breakout,1.26437,1.2637982008436561,1.27124,2023-11-28 08:45:00-05:00,1.2637982008436561,SL,0.00015,-1.0,-1.2623,-1262.33
2023-11-28 09:20:00-05:00,LONG,Breakout,1.26556,1.2637590513556447,1.27124,2023-11-28 12:00:00-05:00,1.27124,TP,0.00015,3.1539,3.0706,3070.6
2023-11-29 01:20:00-05:00,LONG,Breakout,1.2718099999999999,1.2715497126995534,1.27218,2023-11-29 01:25:00-05:00,1.2715497126995534,SL,0.00017,-1.0,-1.6531,-1653.12
2023-11-29 01:30:00-05:00,LONG,Breakout,1.27169,1.271545935950125,1.27218,2023-11-29 01:35:00-05:00,1.271545935950125,SL,0.00016,-1.0,-2.1106,-2110.62
2023-11-29 19:50:00-05:00,LONG,Breakout,1.27021,1.2697976520227556,1.2727,2023-11-29 20:00:00-05:00,1.2697976520227556,SL,0.00017,-1.0,-1.4123,-1412.27
2023-11-29 20:30:00-05:00,LONG,Bounce,1.26942,1.2689109128875744,1.2727,2023-11-30 02:25:00-05:00,1.2689109128875744,SL,0.00017,-1.0,-1.3339,-1333.93
2023-11-30 17:30:00-05:00,LONG,Bounce,1.26226,1.2610368911234129,1.26262,2023-11-30 18:00:00-05:00,1.26262,TP,0.000732,0.2943,-0.3041,-304.14
2023-12-01 02:00:00-05:00,LONG,Bounce,1.26422,1.2635230557937036,1.26556,2023-12-01 02:35:00-05:00,1.2635230557937036,SL,0.00016,-1.0,-1.2296,-1229.57
2023-12-01 02:40:00-05:00,LONG,Bounce,1.26355,1.2633129123031275,1.26556,2023-12-01 02:50:00-05:00,1.2633129123031275,SL,0.00015,-1.0,-1.6327,-1632.68
2023-12-01 03:10:00-05:00,LONG,Breakout,1.2646600000000001,1.2643542572627244,1.26556,2023-12-01 03:45:00-05:00,1.26556,TP,0.00015,2.9437,2.453,2453.04
2023-12-03 17:55:00-05:00,LONG,Bounce,1.27034,1.269306280147131,1.27155,2023-12-03 18:05:00-05:00,1.27155,TP,0.00109,1.1705,0.1161,116.09
2023-12-03 18:15:00-05:00,LONG,Breakout,1.2719,1.271427948960907,1.2727,2023-12-03 18:35:00-05:00,1.271427948960907,SL,0.00017,-1.0,-1.3601,-1360.13
2023-12-04 02:15:00-05:00,LONG,Bounce,1.26746,1.2669766907518407,1.26849,2023-12-04 02:30:00-05:00,1.2669766907518407,SL,0.00016,-1.0,-1.3311,-1331.05
2023-12-04 02:30:00-05:00,LONG,Bounce,1.26746,1.2669719983898666,1.26849,2023-12-04 02:40:00-05:00,1.2669719983898666,SL,0.00015,-1.0,-1.3074,-1307.38
2023-12-04 08:50:00-05:00,LONG,Bounce,1.26594,1.265080907596068,1.26871,2023-12-04 09:00:00-05:00,1.265080907596068,SL,0.00015,-1.0,-1.1746,-1174.6
2023-12-05 01:50:00-05:00,LONG,Bounce,1.26333,1.2631461396078953,1.264,2023-12-05 01:55:00-05:00,1.2631461396078953,SL,0.00016,-1.0,-1.8702,-1870.23
2023-12-05 10:00:00-05:00,LONG,Breakout,1.26444,1.2635151815121535,1.26871,2023-12-05 10:05:00-05:00,1.2635151815121535,SL,0.00015,-1.0,-1.1622,-1162.19
2023-12-05 19:45:00-05:00,LONG,Breakout,1.25968,1.2595253938223734,1.2604899999999999,2023-12-05 20:05:00-05:00,1.2604899999999999,TP,0.00017,5.2391,4.1395,4139.55
2023-12-06 19:35:00-05:00,LONG,Breakout,1.25621,1.2560827403178043,1.25935,2023-12-06 19:40:00-05:00,1.2560827403178043,SL,0.00017,-1.0,-2.3359,-2335.85
2023-12-08 08:45:00-05:00,LONG,Bounce,1.25725,1.2551303749126095,1.2586300000000001,2023-12-08 08:50:00-05:00,1.2551303749126095,SL,0.00015,-1.0,-1.0708,-1070.77
2023-12-14 07:00:00-05:00,LONG,Breakout,1.27081,1.2668538626315975,1.27241,2023-12-14 07:50:00-05:00,1.27241,TP,0.000152,0.4044,0.366,366.01
2023-12-14 18:25:00-05:00,LONG,Breakout,1.2771,1.276696033346553,1.27935,2023-12-14 19:00:00-05:00,1.276696033346553,SL,0.00017,-1.0,-1.4208,-1420.83
2023-12-18 02:35:00-05:00,LONG,Breakout,1.27016,1.2698379413378569,1.27154,2023-12-18 02:40:00-05:00,1.2698379413378569,SL,0.00015,-1.0,-1.4658,-1465.75
2023-12-18 19:05:00-05:00,LONG,Breakout,1.26532,1.2651051587631676,1.26556,2023-12-18 19:10:00-05:00,1.2651051587631676,SL,0.00017,-1.0,-1.7913,-1791.28
2023-12-18 19:30:00-05:00,LONG,Breakout,1.26552,1.2650995251655799,1.2671999999999999,2023-12-18 21:15:00-05:00,1.2650995251655799,SL,0.00017,-1.0,-1.4043,-1404.3
2023-12-19 02:00:00-05:00,LONG,Bounce,1.26558,1.2653506067421325,1.2671999999999999,2023-12-19 02:15:00-05:00,1.2671999999999999,TP,0.00016,7.0621,6.3646,6364.62
2023-12-19 03:00:00-05:00,LONG,Retest,1.26701,1.2662815730810197,1.26941,2023-12-19 04:30:00-05:00,1.26941,TP,0.00015,3.2948,3.0888,3088.85
2023-12-20 07:00:00-05:00,LONG,Bounce,1.2651,1.2647138489247804,1.26637,2023-12-20 07:45:00-05:00,1.2647138489247804,SL,0.00015,-1.0,-1.3884,-1388.45
2023-12-20 10:45:00-05:00,LONG,Breakout,1.2668300000000001,1.266208154265348,1.2725,2023-12-20 11:55:00-05:00,1.266208154265348,SL,0.00015,-1.0,-1.2412,-1241.22
2023-12-21 08:30:00-05:00,LONG,Breakout,1.26753,1.2670981542559085,1.2681,2023-12-21 08:35:00-05:00,1.2670981542559085,SL,0.000152,-1.0,-1.352,-1351.98
2023-12-22 02:00:00-05:00,LONG,Breakout,1.27009,1.2688216804179366,1.2725,2023-12-22 04:55:00-05:00,1.2688216804179366,SL,0.00016,-1.0,-1.1262,-1126.15
2023-12-26 08:50:00-05:00,LONG,Retest,1.27037,1.2698293984226572,1.27124,2023-12-26 09:20:00-05:00,1.27124,TP,0.00015,1.6093,1.3318,1331.85
2023-12-27 02:00:00-05:00,LONG,Bounce,1.27306,1.2724953806694632,1.2732999999999999,2023-12-27 02:10:00-05:00,1.2732999999999999,TP,0.00016,0.4251,0.1417,141.69
2023-12-27 02:10:00-05:00,LONG,Breakout,1.2733400000000001,1.2732518231282615,1.27437,2023-12-27 02:15:00-05:00,1.2732518231282615,SL,0.00016,-1.0,-2.8145,-2814.53
2023-12-27 05:55:00-05:00,LONG,Breakout,1.27317,1.2727411542525604,1.27346,2023-12-27 06:00:00-05:00,1.2727411542525604,SL,0.00015,-1.0,-1.3498,-1349.78
2023-12-27 06:40:00-05:00,LONG,Breakout,1.2732,1.2727404617904958,1.27346,2023-12-27 06:50:00-05:00,1.27346,TP,0.00015,0.5658,0.2394,239.37
2023-12-27 19:30:00-05:00,LONG,Breakout,1.28033,1.2801628105937615,1.28182,2023-12-27 19:50:00-05:00,1.2801628105937615,SL,0.00017,-1.0,-2.0168,-2016.81
2023-12-28 02:10:00-05:00,LONG,Breakout,1.2818100000000001,1.281500239158628,1.2832,2023-12-28 02:40:00-05:00,1.281500239158628,SL,0.00016,-1.0,-1.5165,-1516.53
2023-12-28 20:05:00-05:00,LONG,Breakout,1.27402,1.2737733418633919,1.2743,2023-12-28 20:15:00-05:00,1.2743,TP,0.00019,1.1352,0.3649,364.88
2024-01-02 00:10:00-05:00,LONG,Breakout,1.272,1.2718712268767964,1.2732700000000001,2024-01-02 00:45:00-05:00,1.2732700000000001,TP,0.00019,9.8623,8.3868,8386.84
2024-01-02 02:30:00-05:00,LONG,Breakout,1.27411,1.273951217689551,1.27551,2024-01-02 02:35:00-05:00,1.273951217689551,SL,0.00015,-1.0,-1.9447,-1944.69
2024-01-02 03:00:00-05:00,LONG,Breakout,1.27478,1.2739157764673528,1.27551,2024-01-02 03:10:00-05:00,1.27551,TP,0.00015,0.8447,0.6711,671.12
2024-01-02 04:30:00-05:00,LONG,Retest,1.27442,1.273918321926243,1.27594,2024-01-02 04:35:00-05:00,1.273918321926243,SL,0.000152,-1.0,-1.303,-1302.98
2024-01-03 02:15:00-05:00,SHORT,Breakout,1.26246,1.2629665178207978,1.26192,2024-01-03 02:20:00-05:00,1.2629665178207978,SL,0.00016,-1.0,-1.3159,-1315.88
2024-01-03 14:00:00-05:00,SHORT,Bounce,1.26413,1.2656960270249566,1.26364,2024-01-03 14:05:00-05:00,1.26364,TP,0.000176,0.3129,0.2005,200.51
2024-01-03 19:40:00-05:00,SHORT,Bounce,1.2666,1.2667643017308925,1.2659799999999999,2024-01-03 19:45:00-05:00,1.2667643017308925,SL,0.00019,-1.0,-2.1564,-2156.41
2024-01-09 03:15:00-05:00,LONG,Bounce,1.2735,1.2732440029941265,1.2764199999999999,2024-01-09 03:25:00-05:00,1.2732440029941265,SL,0.00015,-1.0,-1.5859,-1585.94
2024-01-09 19:00:00-05:00,LONG,Breakout,1.27131,1.2710290394488535,1.2717,2024-01-09 19:25:00-05:00,1.2717,TP,0.00019,1.3881,0.7118,711.84
2024-01-09 19:50:00-05:00,LONG,Breakout,1.27127,1.2710291526110744,1.2718099999999999,2024-01-09 20:00:00-05:00,1.2710291526110744,SL,0.00019,-1.0,-1.7889,-1788.88
2024-01-11 01:30:00-05:00,LONG,Breakout,1.27708,1.2768508746160996,1.27744,2024-01-11 01:50:00-05:00,1.2768508746160996,SL,0.00016,-1.0,-1.6983,-1698.31
2024-01-11 02:00:00-05:00,LONG,Breakout,1.27707,1.2768501160888084,1.27744,2024-01-11 02:15:00-05:00,1.2768501160888084,SL,0.00016,-1.0,-1.7277,-1727.66
2024-01-11 21:00:00-05:00,LONG,Breakout,1.27828,1.277903692352839,1.28118,2024-01-11 21:15:00-05:00,1.277903692352839,SL,0.00019,-1.0,-1.5049,-1504.91
2024-01-12 03:10:00-05:00,LONG,Bounce,1.27698,1.2766152067196994,1.27779,2024-01-12 03:15:00-05:00,1.2766152067196994,SL,0.00015,-1.0,-1.4112,-1411.19
2024-01-12 08:35:00-05:00,LONG,Breakout,1.27638,1.2756071975034327,1.2778800000000001,2024-01-12 08:40:00-05:00,1.2756071975034327,SL,0.00015,-1.0,-1.1941,-1194.1
2024-01-12 10:50:00-05:00,LONG,Retest,1.27611,1.2755837560544248,1.28118,2024-01-12 11:10:00-05:00,1.2755837560544248,SL,0.00015,-1.0,-1.285,-1285.04
2024-01-15 01:05:00-05:00,LONG,Bounce,1.27519,1.2749796268920168,1.27646,2024-01-15 02:00:00-05:00,1.2749796268920168,SL,0.00019,-1.0,-1.9032,-1903.16
2024-01-15 17:20:00-05:00,LONG,Bounce,1.27273,1.2724959949135553,1.27311,2024-01-15 17:25:00-05:00,1.2724959949135553,SL,0.000478,-1.0,-3.0427,-3042.69
2024-01-16 03:30:00-05:00,SHORT,Breakout,1.26511,1.2661457158030789,1.26106,2024-01-16 03:45:00-05:00,1.2661457158030789,SL,0.00015,-1.0,-1.1448,-1144.83
2024-01-16 19:00:00-05:00,SHORT,Bounce,1.26367,1.2639104125771963,1.26271,2024-01-16 19:55:00-05:00,1.2639104125771963,SL,0.00019,-1.0,-1.7903,-1790.31
2024-01-17 00:10:00-05:00,SHORT,Breakout,1.26128,1.2616035350476613,1.26106,2024-01-17 00:15:00-05:00,1.26106,TP,0.00019,0.68,0.0927,92.73
2024-01-17 08:00:00-05:00,SHORT,Breakout,1.26678,1.2671189294554548,1.26429,2024-01-17 08:05:00-05:00,1.2671189294554548,SL,0.00015,-1.0,-1.4426,-1442.57
2024-01-17 08:15:00-05:00,SHORT,Breakout,1.26667,1.2671196989845606,1.26429,2024-01-17 08:30:00-05:00,1.26429,TP,0.00015,5.2924,4.9589,4958.87
2024-01-17 17:45:00-05:00,SHORT,Breakout,1.26738,1.2675348168177571,1.26616,2024-01-17 18:00:00-05:00,1.2675348168177571,SL,0.000366,-1.0,-3.3641,-3364.08
2024-01-23 20:10:00-05:00,LONG,Breakout,1.26942,1.2690487069178704,1.27177,2024-01-23 20:15:00-05:00,1.2690487069178704,SL,0.00019,-1.0,-1.5117,-1511.73
2024-01-31 01:55:00-05:00,SHORT,Breakout,1.26691,1.267202685169237,1.26393,2024-01-31 02:05:00-05:00,1.267202685169237,SL,0.000164,-1.0,-1.5603,-1560.33
2024-01-31 02:45:00-05:00,SHORT,Breakout,1.26701,1.2672264543855638,1.26393,2024-01-31 02:50:00-05:00,1.2672264543855638,SL,0.00015,-1.0,-1.693,-1692.99
2024-01-31 14:00:00-05:00,SHORT,Breakout,1.26941,1.2714087442462132,1.2677800000000001,2024-01-31 14:35:00-05:00,1.2714087442462132,SL,0.000176,-1.0,-1.0881,-1088.06
2024-01-31 14:45:00-05:00,SHORT,Bounce,1.27279,1.273411535212197,1.2677800000000001,2024-01-31 15:00:00-05:00,1.2677800000000001,TP,0.00017,8.0607,7.7872,7787.17
2024-01-31 15:00:00-05:00,SHORT,Breakout,1.26729,1.2687671643080165,1.26393,2024-01-31 18:00:00-05:00,1.2687671643080165,SL,0.00017,-1.0,-1.1151,-1115.09
2024-02-01 00:50:00-05:00,SHORT,Breakout,1.26703,1.2673655424040684,1.26572,2024-02-01 02:05:00-05:00,1.26572,TP,0.00019,3.9041,3.3379,3337.88
2024-02-01 05:40:00-05:00,SHORT,Breakout,1.26361,1.2642862454139876,1.25957,2024-02-01 06:55:00-05:00,1.2642862454139876,SL,0.00015,-1.0,-1.2218,-1221.81
2024-02-02 03:00:00-05:00,LONG,Breakout,1.2753700000000001,1.2751316341978505,1.2757800000000001,2024-02-02 03:05:00-05:00,1.2757800000000001,TP,0.00015,1.72,1.0908,1090.76
2024-02-04 18:10:00-05:00,SHORT,Breakout,1.2612,1.2614338442790676,1.25957,2024-02-04 18:25:00-05:00,1.2614338442790676,SL,0.00019,-1.0,-1.8125,-1812.51
2024-02-05 02:25:00-05:00,SHORT,Bounce,1.26148,1.2616193834569513,1.26023,2024-02-05 02:30:00-05:00,1.2616193834569513,SL,0.00016,-1.0,-2.1479,-2147.91
2024-02-05 06:30:00-05:00,SHORT,Breakout,1.25787,1.2582062367460418,1.24994,2024-02-05 06:40:00-05:00,1.2582062367460418,SL,0.00015,-1.0,-1.4461,-1446.11
2024-02-05 06:45:00-05:00,SHORT,Breakout,1.25783,1.2582089796395968,1.24994,2024-02-06 10:15:00-05:00,1.2582089796395968,SL,0.00015,-1.0,-1.3958,-1395.8
2024-02-08 03:35:00-05:00,SHORT,Breakout,1.262,1.2625894393721877,1.26155,2024-02-08 03:45:00-05:00,1.26155,TP,0.00015,0.7634,0.509,508.96
2024-02-08 08:40:00-05:00,SHORT,Breakout,1.25766,1.2590315487930293,1.25723,2024-02-08 08:45:00-05:00,1.25723,TP,0.00015,0.3135,0.2041,204.15
2024-02-08 19:00:00-05:00,SHORT,Bounce,1.26187,1.2620245244067618,1.26051,2024-02-08 21:20:00-05:00,1.2620245244067618,SL,0.00019,-1.0,-2.2296,-2229.58
2024-02-09 04:35:00-05:00,SHORT,Breakout,1.26082,1.2613308795865839,1.26051,2024-02-09 05:10:00-05:00,1.26051,TP,0.00015,0.6068,0.3132,313.19
2024-02-11 22:20:00-05:00,SHORT,Breakout,1.26297,1.2633492191898719,1.26207,2024-02-12 02:00:00-05:00,1.2633492191898719,SL,0.000162,-1.0,-1.4272,-1427.19
2024-02-12 07:00:00-05:00,SHORT,Breakout,1.26113,1.2616216688026174,1.25982,2024-02-12 07:15:00-05:00,1.2616216688026174,SL,0.00014,-1.0,-1.2847,-1284.74
2024-02-12 21:00:00-05:00,SHORT,Breakout,1.2617,1.261911852391045,1.26099,2024-02-12 22:55:00-05:00,1.26099,TP,0.000168,3.3514,2.5584,2558.39
2024-02-13 19:30:00-05:00,SHORT,Bounce,1.2594400000000001,1.25964001455044,1.25724,2024-02-13 19:50:00-05:00,1.25964001455044,SL,0.000168,-1.0,-1.8399,-1839.94
2024-02-13 20:00:00-05:00,SHORT,Breakout,1.25864,1.2587740500804028,1.25724,2024-02-13 20:05:00-05:00,1.2587740500804028,SL,0.00018,-1.0,-2.3428,-2342.78
2024-02-15 02:00:00-05:00,SHORT,Breakout,1.25586,1.2563275081480134,1.25389,2024-02-15 08:30:00-05:00,1.2563275081480134,SL,0.00015,-1.0,-1.3209,-1320.85
2024-02-15 08:30:00-05:00,SHORT,Bounce,1.25519,1.2561434130036169,1.25389,2024-02-15 08:35:00-05:00,1.2561434130036169,SL,0.000144,-1.0,-1.151,-1151.04
2024-02-15 19:00:00-05:00,SHORT,Bounce,1.25982,1.2600413571461082,1.259,2024-02-15 19:20:00-05:00,1.259,TP,0.000174,3.7044,2.9184,2918.36
2024-02-15 19:20:00-05:00,SHORT,Breakout,1.2588599999999999,1.259053891801593,1.25726,2024-02-16 02:00:00-05:00,1.259053891801593,SL,0.00018,-1.0,-1.9284,-1928.35
2024-02-16 08:30:00-05:00,SHORT,Breakout,1.2557,1.2583214331709527,1.2540200000000001,2024-02-16 10:40:00-05:00,1.2583214331709527,SL,0.000144,-1.0,-1.0549,-1054.93
2024-02-20 00:30:00-05:00,SHORT,Breakout,1.25809,1.2581965268020727,1.25793,2024-02-20 00:35:00-05:00,1.25793,TP,0.00018,1.502,-0.1877,-187.75
2024-02-20 18:55:00-05:00,SHORT,Bounce,1.26243,1.2625073705592713,1.26157,2024-02-20 19:05:00-05:00,1.2625073705592713,SL,0.000174,-1.0,-3.2489,-3248.92
2024-02-23 02:50:00-05:00,LONG,Breakout,1.26701,1.2666536527500694,1.26823,2024-02-23 03:00:00-05:00,1.2666536527500694,SL,0.00014,-1.0,-1.3929,-1392.88
2024-02-23 03:10:00-05:00,LONG,Retest,1.267,1.2666349338347234,1.26823,2024-02-23 03:35:00-05:00,1.2666349338347234,SL,0.00014,-1.0,-1.3835,-1383.49
2024-02-23 06:15:00-05:00,LONG,Breakout,1.268,1.2675294340150964,1.26894,2024-02-23 07:25:00-05:00,1.26894,TP,0.00014,1.9976,1.7001,1700.08
2024-02-25 23:35:00-05:00,LONG,Breakout,1.26666,1.2665579348878278,1.26806,2024-02-25 23:45:00-05:00,1.2665579348878278,SL,0.000174,-1.0,-2.7048,-2704.79
2024-02-26 02:00:00-05:00,LONG,Breakout,1.26719,1.2669027135493023,1.26806,2024-02-26 02:05:00-05:00,1.2669027135493023,SL,0.00015,-1.0,-1.5221,-1522.13
2024-02-26 03:15:00-05:00,LONG,Breakout,1.26745,1.2668693771752082,1.26806,2024-02-26 03:50:00-05:00,1.2668693771752082,SL,0.00014,-1.0,-1.2411,-1241.12
2024-02-26 05:50:00-05:00,LONG,Retest,1.26789,1.267665509814818,1.26997,2024-02-26 05:55:00-05:00,1.267665509814818,SL,0.00014,-1.0,-1.6236,-1623.64
2024-02-26 06:15:00-05:00,LONG,Breakout,1.2692,1.2688149613138744,1.26997,2024-02-26 07:40:00-05:00,1.2688149613138744,SL,0.00014,-1.0,-1.3636,-1363.6
2024-02-26 08:05:00-05:00,LONG,Breakout,1.26929,1.2688103709469423,1.26997,2024-02-26 08:20:00-05:00,1.2688103709469423,SL,0.00014,-1.0,-1.2919,-1291.89
2024-02-26 15:05:00-05:00,LONG,Breakout,1.26791,1.2678131559097143,1.26852,2024-02-26 15:15:00-05:00,1.26852,TP,0.00016,6.2988,4.6466,4646.64
2024-02-26 19:15:00-05:00,LONG,Bounce,1.2681200000000001,1.267818589760183,1.26861,2024-02-26 19:40:00-05:00,1.267818589760183,SL,0.00018,-1.0,-1.5972,-1597.19
2024-02-26 22:00:00-05:00,LONG,Bounce,1.26783,1.2673833191941335,1.26819,2024-02-26 23:15:00-05:00,1.26819,TP,0.00018,0.8059,0.403,402.97
2024-02-27 02:10:00-05:00,LONG,Breakout,1.2688,1.2686026905999765,1.26985,2024-02-27 02:15:00-05:00,1.2686026905999765,SL,0.00015,-1.0,-1.7602,-1760.23
2024-02-27 03:30:00-05:00,LONG,Retest,1.26886,1.2685965086256015,1.26947,2024-02-27 03:45:00-05:00,1.26947,TP,0.00014,2.3151,1.7837,1783.74
2024-02-27 08:40:00-05:00,LONG,Bounce,1.2674400000000001,1.2669707150782759,1.26944,2024-02-27 09:50:00-05:00,1.2669707150782759,SL,0.00014,-1.0,-1.2983,-1298.33
2024-02-27 10:05:00-05:00,LONG,Bounce,1.26724,1.2669180447823585,1.26863,2024-02-27 10:30:00-05:00,1.2669180447823585,SL,0.00014,-1.0,-1.4348,-1434.84
2024-02-27 15:25:00-05:00,LONG,Bounce,1.26823,1.2680249705141922,1.2693400000000001,2024-02-27 15:50:00-05:00,1.2680249705141922,SL,0.00016,-1.0,-1.7804,-1780.38
2024-02-28 20:00:00-05:00,LONG,Breakout,1.26634,1.2661332930153593,1.2673,2024-02-28 20:05:00-05:00,1.2661332930153593,SL,0.00018,-1.0,-1.8708,-1870.8
2024-02-28 20:05:00-05:00,LONG,Retest,1.26634,1.2661320577999766,1.2673,2024-02-28 20:10:00-05:00,1.2661320577999766,SL,0.00018,-1.0,-1.8656,-1865.63
2024-02-29 02:35:00-05:00,LONG,Bounce,1.26579,1.2655327940865468,1.26678,2024-02-29 02:45:00-05:00,1.2655327940865468,SL,0.00014,-1.0,-1.5443,-1544.31
2024-02-29 03:10:00-05:00,LONG,Bounce,1.26587,1.2655066524224372,1.26678,2024-02-29 03:15:00-05:00,1.26678,TP,0.00014,2.5045,2.1192,2119.18
2024-02-29 19:40:00-05:00,LONG,Breakout,1.26255,1.2624050279357948,1.26813,2024-02-29 20:05:00-05:00,1.2624050279357948,SL,0.000174,-1.0,-2.2002,-2200.23
2024-02-29 20:15:00-05:00,LONG,Retest,1.2625600000000001,1.262407479921137,1.26813,2024-02-29 20:20:00-05:00,1.262407479921137,SL,0.000174,-1.0,-2.1408,-2140.83
2024-02-29 20:30:00-05:00,LONG,Breakout,1.26288,1.2626621426336508,1.26813,2024-02-29 23:50:00-05:00,1.2626621426336508,SL,0.00018,-1.0,-1.8262,-1826.23
2024-03-05 00:55:00-05:00,LONG,Bounce,1.26824,1.2681012201934498,1.26902,2024-03-05 01:10:00-05:00,1.2681012201934498,SL,0.000174,-1.0,-2.2538,-2253.78
2024-03-05 06:00:00-05:00,LONG,Bounce,1.2683,1.267911098658425,1.26902,2024-03-05 06:15:00-05:00,1.267911098658425,SL,0.00014,-1.0,-1.36,-1359.99
2024-03-05 08:35:00-05:00,LONG,Breakout,1.2691,1.268828209516806,1.26941,2024-03-05 08:40:00-05:00,1.268828209516806,SL,0.00014,-1.0,-1.5151,-1515.1
2024-03-05 08:55:00-05:00,LONG,Breakout,1.26906,1.2688160922014133,1.26941,2024-03-05 09:00:00-05:00,1.2688160922014133,SL,0.00014,-1.0,-1.574,-1573.99
2024-03-07 02:00:00-05:00,LONG,Breakout,1.27405,1.2739389812465316,1.27528,2024-03-07 02:10:00-05:00,1.2739389812465316,SL,0.00015,-1.0,-2.3511,-2351.12
2024-03-07 03:10:00-05:00,LONG,Bounce,1.2735699999999999,1.2730132535922345,1.27437,2024-03-07 04:10:00-05:00,1.2730132535922345,SL,0.00014,-1.0,-1.2515,-1251.46
2024-03-07 04:25:00-05:00,LONG,Breakout,1.27462,1.2739820723010233,1.27528,2024-03-07 05:45:00-05:00,1.27528,TP,0.00014,1.0346,0.8151,815.14
2024-03-07 08:00:00-05:00,LONG,Bounce,1.27528,1.274744070001003,1.27622,2024-03-07 08:15:00-05:00,1.274744070001003,SL,0.00014,-1.0,-1.2612,-1261.23
2024-03-07 08:15:00-05:00,LONG,Bounce,1.27525,1.2747387353470132,1.27622,2024-03-07 08:20:00-05:00,1.2747387353470132,SL,0.000144,-1.0,-1.2817,-1281.65
2024-03-07 08:35:00-05:00,LONG,Bounce,1.2751700000000001,1.2747195866890368,1.27622,2024-03-07 09:35:00-05:00,1.27622,TP,0.00014,2.3312,2.0204,2020.37
2024-03-08 02:25:00-05:00,LONG,Bounce,1.28037,1.2802728998646866,1.28193,2024-03-08 02:30:00-05:00,1.2802728998646866,SL,0.00015,-1.0,-2.5448,-2544.8
2024-03-08 08:15:00-05:00,LONG,Breakout,1.2846,1.2838501211374942,1.28662,2024-03-08 08:30:00-05:00,1.2838501211374942,SL,0.00014,-1.0,-1.1867,-1186.7
2024-03-08 08:30:00-05:00,LONG,Bounce,1.28675,1.2822218914501,1.28871,2024-03-08 08:40:00-05:00,1.28871,TP,0.000144,0.4329,0.4011,401.05
2024-03-10 21:00:00-04:00,LONG,Breakout,1.28571,1.2855527841545153,1.28857,2024-03-10 21:20:00-04:00,1.2855527841545153,SL,0.00018,-1.0,-2.1449,-2144.92
2024-03-10 21:30:00-04:00,LONG,Breakout,1.28579,1.2855538546510796,1.28857,2024-03-10 21:45:00-04:00,1.2855538546510796,SL,0.00018,-1.0,-1.7622,-1762.24
2024-03-11 06:50:00-04:00,LONG,Breakout,1.28482,1.2845668286070329,1.28573,2024-03-11 06:55:00-04:00,1.2845668286070329,SL,0.00014,-1.0,-1.553,-1552.99
2024-03-11 19:25:00-04:00,LONG,Breakout,1.28134,1.2812011378359827,1.28533,2024-03-12 03:00:00-04:00,1.2812011378359827,SL,0.000156,-1.0,-2.1234,-2123.42
2024-03-12 08:40:00-04:00,LONG,Breakout,1.2801,1.2796640290375203,1.28229,2024-03-12 08:45:00-04:00,1.2796640290375203,SL,0.00014,-1.0,-1.3211,-1321.12
2024-03-12 17:35:00-04:00,LONG,Breakout,1.27894,1.2788146160947995,1.28075,2024-03-13 01:00:00-04:00,1.2788146160947995,SL,0.000408,-1.0,-4.254,-4254.01
2024-03-13 07:30:00-04:00,LONG,Breakout,1.28024,1.2799234202964593,1.28075,2024-03-13 07:35:00-04:00,1.2799234202964593,SL,0.00014,-1.0,-1.4422,-1442.23
2024-03-14 04:00:00-04:00,LONG,Breakout,1.2806,1.2802869399277566,1.28107,2024-03-14 04:15:00-04:00,1.28107,TP,0.00014,1.5013,1.0541,1054.11
2024-03-14 04:55:00-04:00,LONG,Retest,1.28065,1.2802788818780209,1.28229,2024-03-14 08:15:00-04:00,1.2802788818780209,SL,0.00014,-1.0,-1.3772,-1377.24
2024-03-14 15:55:00-04:00,LONG,Breakout,1.2754699999999999,1.2752926926022674,1.27569,2024-03-14 16:00:00-04:00,1.2752926926022674,SL,0.00016,-1.0,-1.9024,-1902.39
2024-03-22 02:30:00-04:00,SHORT,Breakout,1.2631299999999999,1.2634060484197362,1.2598799999999999,2024-03-22 03:50:00-04:00,1.2598799999999999,TP,0.00015,11.7733,11.2299,11229.91
2024-03-24 20:05:00-04:00,SHORT,Bounce,1.25992,1.2600142563600794,1.2591,2024-03-24 20:25:00-04:00,1.2591,TP,0.000174,8.6997,6.8536,6853.65
2024-03-25 03:00:00-04:00,SHORT,Breakout,1.26017,1.2603789422826044,1.25908,2024-03-25 03:10:00-04:00,1.2603789422826044,SL,0.00015,-1.0,-1.7179,-1717.9
2024-03-25 03:30:00-04:00,SHORT,Breakout,1.26026,1.2603981167663127,1.25908,2024-03-25 03:35:00-04:00,1.2603981167663127,SL,0.00014,-1.0,-2.0136,-2013.64
2024-03-25 03:55:00-04:00,SHORT,Breakout,1.26018,1.2604004175501922,1.25908,2024-03-25 04:00:00-04:00,1.2604004175501922,SL,0.00014,-1.0,-1.6352,-1635.16
2024-03-25 04:35:00-04:00,SHORT,Breakout,1.25979,1.2604201552528598,1.25908,2024-03-25 04:55:00-04:00,1.2604201552528598,SL,0.00014,-1.0,-1.2222,-1222.17
2024-03-25 05:00:00-04:00,SHORT,Breakout,1.26004,1.2604357291721828,1.25908,2024-03-25 05:05:00-04:00,1.2604357291721828,SL,0.00014,-1.0,-1.3538,-1353.78
2024-03-25 17:55:00-04:00,SHORT,Breakout,1.26338,1.263509038282951,1.25943,2024-03-25 18:00:00-04:00,1.263509038282951,SL,0.00039,-1.0,-4.0224,-4022.36
2024-03-26 01:55:00-04:00,SHORT,Bounce,1.26454,1.2646200573625677,1.26352,2024-03-26 02:05:00-04:00,1.2646200573625677,SL,0.000168,-1.0,-3.0985,-3098.5
2024-03-26 15:50:00-04:00,SHORT,Breakout,1.26243,1.2625997053626237,1.26211,2024-03-26 16:05:00-04:00,1.26211,TP,0.000158,1.8856,0.9546,954.6
2024-03-26 16:40:00-04:00,SHORT,Retest,1.26235,1.2626038260369519,1.25943,2024-03-26 16:45:00-04:00,1.2626038260369519,SL,0.000258,-1.0,-2.0164,-2016.44
2024-03-26 20:20:00-04:00,SHORT,Breakout,1.26197,1.2621099113526837,1.25943,2024-03-26 20:25:00-04:00,1.2621099113526837,SL,0.000168,-1.0,-2.2008,-2200.76
2024-03-26 20:30:00-04:00,SHORT,Breakout,1.26192,1.26211252560512,1.25943,2024-03-26 20:45:00-04:00,1.26211252560512,SL,0.00018,-1.0,-1.9349,-1934.94
2024-03-26 21:15:00-04:00,SHORT,Breakout,1.26189,1.2621148668988038,1.25943,2024-03-27 03:05:00-04:00,1.2621148668988038,SL,0.00018,-1.0,-1.8005,-1800.47
2024-03-27 07:55:00-04:00,SHORT,Breakout,1.26148,1.261658984298936,1.26077,2024-03-27 08:00:00-04:00,1.26077,TP,0.00014,3.9668,3.1846,3184.64
2024-03-27 20:10:00-04:00,SHORT,Breakout,1.2610700000000001,1.2612673759098638,1.26047,2024-03-27 20:20:00-04:00,1.2612673759098638,SL,0.000164,-1.0,-1.8309,-1830.9
2024-03-28 03:00:00-04:00,SHORT,Breakout,1.26243,1.262657377141151,1.26101,2024-03-28 04:00:00-04:00,1.26101,TP,0.000158,6.2451,5.5503,5550.25
2024-03-28 22:05:00-04:00,SHORT,Breakout,1.26179,1.2618848499040614,1.26147,2024-03-28 22:10:00-04:00,1.2618848499040614,SL,0.000176,-1.0,-2.8556,-2855.56
2024-03-28 22:35:00-04:00,SHORT,Breakout,1.2618,1.2618878166482732,1.26147,2024-03-28 22:40:00-04:00,1.2618878166482732,SL,0.000174,-1.0,-2.9814,-2981.4
2024-03-29 01:00:00-04:00,SHORT,Breakout,1.26199,1.2621872079572343,1.26152,2024-03-29 02:15:00-04:00,1.2621872079572343,SL,0.00018,-1.0,-1.9127,-1912.74
2024-03-29 02:40:00-04:00,SHORT,Retest,1.26211,1.262180435438264,1.2616399999999999,2024-03-29 02:50:00-04:00,1.262180435438264,SL,0.00015,-1.0,-3.1296,-3129.61
2024-03-29 03:55:00-04:00,SHORT,Breakout,1.26174,1.2618272825990509,1.2616399999999999,2024-03-29 04:00:00-04:00,1.2618272825990509,SL,0.00014,-1.0,-2.604,-2603.99
2024-03-29 05:55:00-04:00,SHORT,Breakout,1.26131,1.261718855496137,1.26105,2024-03-29 06:10:00-04:00,1.261718855496137,SL,0.00014,-1.0,-1.3424,-1342.42
2024-03-31 20:30:00-04:00,SHORT,Bounce,1.26392,1.2641970080384979,1.26234,2024-04-01 01:40:00-04:00,1.26234,TP,0.000174,5.7038,5.0757,5075.66
2024-04-01 03:45:00-04:00,SHORT,Breakout,1.26176,1.2622324863330796,1.26145,2024-04-01 04:15:00-04:00,1.2622324863330796,SL,0.00014,-1.0,-1.2963,-1296.3
2024-04-01 05:20:00-04:00,SHORT,Retest,1.26207,1.2622288463987195,1.26157,2024-04-01 05:25:00-04:00,1.2622288463987195,SL,0.00014,-1.0,-1.8814,-1881.35
2024-04-01 08:10:00-04:00,SHORT,Breakout,1.2607,1.260876406254047,1.25851,2024-04-01 08:15:00-04:00,1.260876406254047,SL,0.00014,-1.0,-1.7936,-1793.62
2024-04-01 09:10:00-04:00,SHORT,Breakout,1.2606,1.2608900556801614,1.25851,2024-04-01 10:00:00-04:00,1.25851,TP,0.00014,7.2055,6.7228,6722.85
2024-04-01 10:00:00-04:00,SHORT,Breakout,1.25796,1.2603293093857426,1.2576399999999999,2024-04-01 10:05:00-04:00,1.2576399999999999,TP,0.00014,0.1351,0.076,75.97
2024-04-02 02:30:00-04:00,SHORT,Bounce,1.25442,1.2548131179840178,1.25348,2024-04-02 02:55:00-04:00,1.2548131179840178,SL,0.00014,-1.0,-1.3561,-1356.13
2024-04-02 07:55:00-04:00,SHORT,Bounce,1.25724,1.2574077100119874,1.25587,2024-04-02 08:00:00-04:00,1.2574077100119874,SL,0.000144,-1.0,-1.8586,-1858.62
2024-04-02 08:00:00-04:00,SHORT,Bounce,1.25711,1.257410445011131,1.25587,2024-04-02 08:40:00-04:00,1.25587,TP,0.000144,4.1272,3.6479,3647.92
2024-04-02 08:45:00-04:00,SHORT,Breakout,1.25575,1.255957813070223,1.25474,2024-04-02 09:25:00-04:00,1.255957813070223,SL,0.00014,-1.0,-1.6737,-1673.68
2024-04-02 18:00:00-04:00,SHORT,Bounce,1.2576,1.2578269759069658,1.25662,2024-04-02 18:45:00-04:00,1.2578269759069658,SL,0.000164,-1.0,-1.7225,-1722.54
2024-04-02 20:20:00-04:00,SHORT,Breakout,1.25717,1.2572394277049934,1.25662,2024-04-02 20:45:00-04:00,1.2572394277049934,SL,0.000174,-1.0,-3.5062,-3506.2
2024-04-02 20:45:00-04:00,SHORT,Retest,1.2570999999999999,1.2572383757713863,1.25662,2024-04-02 20:50:00-04:00,1.2572383757713863,SL,0.000162,-1.0,-2.1707,-2170.73
2024-04-02 21:00:00-04:00,SHORT,Breakout,1.25701,1.2572434859948016,1.25662,2024-04-02 21:45:00-04:00,1.2572434859948016,SL,0.000174,-1.0,-1.7452,-1745.23
2024-04-03 03:05:00-04:00,SHORT,Breakout,1.25686,1.2570728983026545,1.25663,2024-04-03 03:10:00-04:00,1.2570728983026545,SL,0.00014,-1.0,-1.6576,-1657.59
2024-04-05 02:10:00-04:00,SHORT,Breakout,1.26156,1.262112349671661,1.25668,2024-04-05 02:45:00-04:00,1.262112349671661,SL,0.00015,-1.0,-1.2716,-1271.57
2024-04-10 01:35:00-04:00,LONG,Breakout,1.26788,1.267764309208345,1.27089,2024-04-10 01:40:00-04:00,1.267764309208345,SL,0.00015,-1.0,-2.2966,-2296.56
2024-04-10 02:10:00-04:00,LONG,Bounce,1.26757,1.2672547573627864,1.26792,2024-04-10 02:20:00-04:00,1.26792,TP,0.00015,1.1103,0.6344,634.43
2024-04-10 02:20:00-04:00,LONG,Breakout,1.26817,1.2678697244607697,1.27089,2024-04-10 02:30:00-04:00,1.2678697244607697,SL,0.00015,-1.0,-1.4995,-1499.54
2024-04-10 02:50:00-04:00,LONG,Retest,1.26816,1.267865904898358,1.27089,2024-04-10 03:05:00-04:00,1.267865904898358,SL,0.00014,-1.0,-1.476,-1476.04
2024-04-10 08:25:00-04:00,LONG,Breakout,1.2705,1.2703127513395278,1.27089,2024-04-10 08:30:00-04:00,1.2703127513395278,SL,0.00014,-1.0,-1.7477,-1747.67
2024-04-10 20:00:00-04:00,LONG,Bounce,1.25343,1.2531806273988944,1.25397,2024-04-10 20:05:00-04:00,1.2531806273988944,SL,0.00018,-1.0,-1.7218,-1721.81
2024-04-11 08:50:00-04:00,SHORT,Bounce,1.25668,1.257070846024111,1.25194,2024-04-11 08:55:00-04:00,1.257070846024111,SL,0.00014,-1.0,-1.3582,-1358.2
2024-04-11 08:55:00-04:00,SHORT,Bounce,1.25664,1.257069785593817,1.25194,2024-04-11 09:05:00-04:00,1.257069785593817,SL,0.00014,-1.0,-1.3257,-1325.74
2024-04-11 20:00:00-04:00,SHORT,Breakout,1.25498,1.255240076932737,1.25101,2024-04-11 20:05:00-04:00,1.255240076932737,SL,0.000174,-1.0,-1.669,-1669.03
2024-04-11 20:15:00-04:00,SHORT,Breakout,1.25495,1.2552480732584632,1.25101,2024-04-11 20:35:00-04:00,1.2552480732584632,SL,0.00018,-1.0,-1.6039,-1603.88
2024-04-12 02:30:00-04:00,SHORT,Breakout,1.25348,1.2536679626118938,1.25101,2024-04-12 03:10:00-04:00,1.25101,TP,0.00014,13.1409,12.3961,12396.08
2024-04-12 08:40:00-04:00,SHORT,Breakout,1.2459500000000001,1.2463106750696615,1.24481,2024-04-12 09:10:00-04:00,1.24481,TP,0.00012,3.1607,2.828,2828.03
2024-04-15 07:45:00-04:00,SHORT,Breakout,1.24805,1.2482549933116271,1.2461,2024-04-15 08:30:00-04:00,1.2461,TP,0.00012,9.5125,8.9271,8927.12
2024-04-15 09:25:00-04:00,SHORT,Retest,1.24783,1.2483208330332105,1.24506,2024-04-15 10:25:00-04:00,1.24506,TP,0.00012,5.6435,5.399,5398.98
2024-04-15 13:45:00-04:00,SHORT,Breakout,1.24401,1.2445331674283135,1.24344,2024-04-15 13:55:00-04:00,1.2445331674283135,SL,0.00014,-1.0,-1.2676,-1267.6
2024-04-15 14:25:00-04:00,SHORT,Retest,1.24411,1.2445294877323212,1.24344,2024-04-15 14:35:00-04:00,1.2445294877323212,SL,0.00014,-1.0,-1.3337,-1333.74
2024-04-16 02:00:00-04:00,SHORT,Bounce,1.24274,1.243614242999257,1.24195,2024-04-16 02:10:00-04:00,1.24195,TP,0.000138,0.9036,0.7458,745.79
2024-04-16 13:45:00-04:00,SHORT,Breakout,1.24185,1.2427906973900915,1.24043,2024-04-16 13:55:00-04:00,1.2427906973900915,SL,0.00014,-1.0,-1.1488,-1148.83
2024-04-16 20:25:00-04:00,SHORT,Bounce,1.24295,1.2432550859977665,1.24212,2024-04-16 21:20:00-04:00,1.2432550859977665,SL,0.00016,-1.0,-1.5244,-1524.44
2024-04-17 08:20:00-04:00,SHORT,Breakout,1.24462,1.2454014532227629,1.24163,2024-04-17 08:35:00-04:00,1.2454014532227629,SL,0.00012,-1.0,-1.1536,-1153.56
2024-04-17 20:00:00-04:00,SHORT,Breakout,1.24481,1.2450663970420193,1.24449,2024-04-17 20:25:00-04:00,1.2450663970420193,SL,0.00016,-1.0,-1.624,-1624.03
2024-04-18 03:20:00-04:00,SHORT,Breakout,1.2463,1.2466556443700412,1.24486,2024-04-18 03:30:00-04:00,1.2466556443700412,SL,0.00012,-1.0,-1.3374,-1337.42
2024-04-18 09:40:00-04:00,SHORT,Breakout,1.24411,1.244798873473223,1.24235,2024-04-18 09:50:00-04:00,1.244798873473223,SL,0.00012,-1.0,-1.1742,-1174.2
2024-04-18 13:20:00-04:00,SHORT,Breakout,1.24334,1.2436574455694758,1.24235,2024-04-18 13:25:00-04:00,1.2436574455694758,SL,0.00014,-1.0,-1.441,-1441.02
2024-04-18 20:15:00-04:00,SHORT,Breakout,1.2426599999999999,1.2431613077438481,1.24235,2024-04-18 21:10:00-04:00,1.24235,TP,0.00016,0.6184,0.2992,299.22
2024-04-19 07:00:00-04:00,SHORT,Breakout,1.24321,1.2434531302403287,1.24027,2024-04-19 07:10:00-04:00,1.2434531302403287,SL,0.00012,-1.0,-1.4936,-1493.56
2024-04-19 07:10:00-04:00,SHORT,Retest,1.24299,1.2434536071970181,1.24027,2024-04-19 07:15:00-04:00,1.2434536071970181,SL,0.00012,-1.0,-1.2588,-1258.84
2024-04-21 19:50:00-04:00,SHORT,Bounce,1.23748,1.2376238898000276,1.2368999999999999,2024-04-21 20:00:00-04:00,1.2376238898000276,SL,0.000154,-1.0,-2.0703,-2070.26
2024-04-21 20:00:00-04:00,SHORT,Bounce,1.23723,1.2376258131439013,1.2368999999999999,2024-04-21 20:05:00-04:00,1.2376258131439013,SL,0.000156,-1.0,-1.3941,-1394.13
2024-04-22 02:50:00-04:00,SHORT,Breakout,1.23762,1.237774888743364,1.23715,2024-04-22 02:55:00-04:00,1.237774888743364,SL,0.00012,-1.0,-1.7747,-1774.75
2024-04-23 01:00:00-04:00,SHORT,Breakout,1.23471,1.234867856416281,1.22989,2024-04-23 03:25:00-04:00,1.234867856416281,SL,0.000156,-1.0,-1.9882,-1988.24
2024-04-23 20:10:00-04:00,SHORT,Bounce,1.245,1.2451868976750433,1.24443,2024-04-23 20:20:00-04:00,1.2451868976750433,SL,0.000158,-1.0,-1.8454,-1845.38
2024-04-24 02:10:00-04:00,SHORT,Breakout,1.24442,1.2447743151861286,1.24225,2024-04-24 02:35:00-04:00,1.2447743151861286,SL,0.00013,-1.0,-1.3669,-1366.9
2024-04-24 21:00:00-04:00,SHORT,Bounce,1.2460499999999999,1.24642993447754,1.24516,2024-04-24 21:30:00-04:00,1.24642993447754,SL,0.00016,-1.0,-1.4211,-1421.13
2024-04-25 08:15:00-04:00,SHORT,Breakout,1.25022,1.2504450992278242,1.24592,2024-04-25 08:20:00-04:00,1.2504450992278242,SL,0.00014,-1.0,-1.6219,-1621.95
2024-04-25 08:30:00-04:00,SHORT,Breakout,1.24838,1.2505215389954556,1.24592,2024-04-25 09:10:00-04:00,1.24592,TP,0.000124,1.1487,1.0908,1090.8
2024-04-25 10:45:00-04:00,SHORT,Retest,1.24969,1.2505707893730744,1.24537,2024-04-25 12:40:00-04:00,1.2505707893730744,SL,0.000126,-1.0,-1.1431,-1143.05
2024-04-25 19:55:00-04:00,SHORT,Breakout,1.2506300000000001,1.250721719062543,1.25033,2024-04-25 20:00:00-04:00,1.25033,TP,0.00018,3.2709,1.3083,1308.34
2024-04-25 23:30:00-04:00,SHORT,Breakout,1.24984,1.249947438591284,1.24867,2024-04-25 23:50:00-04:00,1.249947438591284,SL,0.000176,-1.0,-2.6381,-2638.15
2024-04-29 00:05:00-04:00,LONG,Breakout,1.25287,1.2527089930177393,1.25399,2024-04-29 00:30:00-04:00,1.25399,TP,0.000174,6.9562,5.8755,5875.52
2024-04-30 05:00:00-04:00,LONG,Breakout,1.25498,1.2540351119903823,1.25628,2024-04-30 05:20:00-04:00,1.2540351119903823,SL,0.000144,-1.0,-1.1524,-1152.4
2024-04-30 06:05:00-04:00,LONG,Retest,1.25455,1.2540264606911713,1.25628,2024-04-30 07:00:00-04:00,1.2540264606911713,SL,0.00014,-1.0,-1.2674,-1267.41
2024-04-30 10:50:00-04:00,LONG,Bounce,1.25198,1.2512890356008637,1.25542,2024-04-30 11:40:00-04:00,1.2512890356008637,SL,0.00014,-1.0,-1.2026,-1202.62
2024-04-30 14:50:00-04:00,LONG,Bounce,1.25006,1.2496505123727633,1.25114,2024-04-30 15:20:00-04:00,1.2496505123727633,SL,0.00014,-1.0,-1.3419,-1341.89
2024-04-30 19:35:00-04:00,LONG,Bounce,1.24879,1.248644097067175,1.25114,2024-04-30 20:10:00-04:00,1.248644097067175,SL,0.000154,-1.0,-2.0555,-2055.5
2024-05-01 01:40:00-04:00,SHORT,Bounce,1.2477800000000001,1.247848591222456,1.24712,2024-05-01 01:45:00-04:00,1.247848591222456,SL,0.00013,-1.0,-2.8953,-2895.29
2024-05-01 10:00:00-04:00,SHORT,Bounce,1.24825,1.2498774227299878,1.24756,2024-05-01 14:00:00-04:00,1.2498774227299878,SL,0.00012,-1.0,-1.0737,-1073.74
2024-05-01 19:55:00-04:00,SHORT,Bounce,1.25353,1.2538035610953602,1.25296,2024-05-01 20:10:00-04:00,1.25296,TP,0.000174,2.0836,1.4476,1447.57
2024-05-01 20:20:00-04:00,SHORT,Breakout,1.25282,1.2530456760199984,1.25134,2024-05-01 20:50:00-04:00,1.2530456760199984,SL,0.00018,-1.0,-1.7976,-1797.6
2024-05-02 02:10:00-04:00,LONG,Breakout,1.254,1.25354246241697,1.25495,2024-05-02 02:30:00-04:00,1.25354246241697,SL,0.00015,-1.0,-1.3278,-1327.84
2024-05-02 19:45:00-04:00,LONG,Breakout,1.2539,1.2537571426014351,1.25441,2024-05-02 20:00:00-04:00,1.2537571426014351,SL,0.000162,-1.0,-2.134,-2134.0
2024-05-02 20:50:00-04:00,LONG,Breakout,1.25416,1.2540358564945346,1.25441,2024-05-02 20:55:00-04:00,1.25441,TP,0.000174,2.0138,0.6122,612.19
2024-05-05 20:00:00-04:00,LONG,Bounce,1.2542200000000001,1.2539214618306553,1.25525,2024-05-05 21:00:00-04:00,1.25525,TP,0.00018,3.4501,2.8472,2847.21
2024-05-05 21:00:00-04:00,LONG,Breakout,1.25548,1.2551901752204502,1.25614,2024-05-05 21:05:00-04:00,1.2551901752204502,SL,0.00018,-1.0,-1.6211,-1621.06
2024-05-06 02:00:00-04:00,LONG,Bounce,1.2546,1.2542069997252572,1.25538,2024-05-06 02:35:00-04:00,1.25538,TP,0.00015,1.9847,1.6031,1603.05
2024-05-06 02:35:00-04:00,LONG,Breakout,1.25561,1.255324526284178,1.25614,2024-05-06 03:05:00-04:00,1.25614,TP,0.00014,1.8566,1.3662,1366.15
2024-05-06 08:25:00-04:00,LONG,Breakout,1.25851,1.2582941998140973,1.2601200000000001,2024-05-06 09:30:00-04:00,1.2582941998140973,SL,0.00014,-1.0,-1.6487,-1648.75
2024-05-06 20:40:00-04:00,LONG,Breakout,1.25656,1.2563951556001323,1.25689,2024-05-06 21:00:00-04:00,1.25689,TP,0.000174,2.0019,0.9463,946.35
2024-05-06 21:30:00-04:00,LONG,Bounce,1.25574,1.2555581542800094,1.25865,2024-05-06 21:45:00-04:00,1.2555581542800094,SL,0.00018,-1.0,-1.9899,-1989.85
2024-05-07 00:30:00-04:00,LONG,Bounce,1.25548,1.2549995391573987,1.25575,2024-05-07 00:40:00-04:00,1.2549995391573987,SL,0.00018,-1.0,-1.3746,-1374.64
2024-05-08 03:05:00-04:00,SHORT,Breakout,1.24817,1.248382227552203,1.24712,2024-05-08 03:10:00-04:00,1.248382227552203,SL,0.00012,-1.0,-1.5654,-1565.43
2024-05-08 06:00:00-04:00,SHORT,Bounce,1.24915,1.2493298373978174,1.24669,2024-05-08 06:50:00-04:00,1.2493298373978174,SL,0.00012,-1.0,-1.6673,-1667.27
2024-05-08 20:00:00-04:00,SHORT,Breakout,1.24905,1.2491659633564,1.24859,2024-05-08 20:05:00-04:00,1.2491659633564,SL,0.000158,-1.0,-2.3625,-2362.5
2024-05-08 20:55:00-04:00,SHORT,Breakout,1.24892,1.2491757312366112,1.24859,2024-05-08 21:20:00-04:00,1.2491757312366112,SL,0.00016,-1.0,-1.6257,-1625.66
2024-05-09 02:00:00-04:00,SHORT,Breakout,1.24891,1.2489753417354739,1.24866,2024-05-09 02:10:00-04:00,1.24866,TP,0.00013,3.826,1.8365,1836.5
2024-05-09 07:00:00-04:00,SHORT,Breakout,1.2457799999999999,1.2470616098778333,1.24451,2024-05-09 07:35:00-04:00,1.2470616098778333,SL,0.000124,-1.0,-1.0968,-1096.75
2024-05-09 07:45:00-04:00,SHORT,Retest,1.2459500000000001,1.2471231500400435,1.24451,2024-05-09 07:50:00-04:00,1.2471231500400435,SL,0.00012,-1.0,-1.1023,-1102.29
2024-05-09 20:45:00-04:00,SHORT,Breakout,1.25169,1.2519012268002945,1.25118,2024-05-09 20:50:00-04:00,1.2519012268002945,SL,0.000174,-1.0,-1.8238,-1823.76
2024-05-14 02:00:00-04:00,LONG,Bounce,1.25584,1.2550783153785272,1.25614,2024-05-14 02:15:00-04:00,1.25614,TP,0.000158,0.3939,0.1864,186.43
2024-05-14 02:15:00-04:00,LONG,Breakout,1.25604,1.2558065046962916,1.25664,2024-05-14 02:20:00-04:00,1.2558065046962916,SL,0.00015,-1.0,-1.6424,-1642.41
2024-05-14 08:00:00-04:00,LONG,Breakout,1.25573,1.2552169702703875,1.25628,2024-05-14 08:30:00-04:00,1.2552169702703875,SL,0.00014,-1.0,-1.2729,-1272.89
2024-05-14 08:40:00-04:00,LONG,Breakout,1.2558500000000001,1.255148194660013,1.25628,2024-05-14 08:45:00-04:00,1.255148194660013,SL,0.00014,-1.0,-1.1995,-1199.49
2024-05-14 08:50:00-04:00,LONG,Retest,1.25591,1.2551436168241947,1.25628,2024-05-14 08:55:00-04:00,1.25628,TP,0.00014,0.4828,0.3001,300.11
2024-05-14 09:05:00-04:00,LONG,Breakout,1.25701,1.2551186378144155,1.25865,2024-05-14 10:50:00-04:00,1.25865,TP,0.00014,0.8671,0.7931,793.08
2024-05-15 02:15:00-04:00,LONG,Bounce,1.25937,1.2590358763330838,1.2601200000000001,2024-05-15 02:30:00-04:00,1.2590358763330838,SL,0.00015,-1.0,-1.4489,-1448.94
2024-05-15 04:15:00-04:00,LONG,Breakout,1.2601499999999999,1.25989522886872,1.26333,2024-05-15 08:30:00-04:00,1.26333,TP,0.00014,12.4818,11.9323,11932.28
2024-05-15 08:30:00-04:00,LONG,Breakout,1.26434,1.2622548788086163,1.27077,2024-05-15 09:45:00-04:00,1.2622548788086163,SL,0.000144,-1.0,-1.0691,-1069.06
2024-05-15 20:05:00-04:00,LONG,Breakout,1.26867,1.268476542002399,1.27077,2024-05-15 22:00:00-04:00,1.268476542002399,SL,0.000174,-1.0,-1.8994,-1899.42
2024-05-17 01:35:00-04:00,LONG,Breakout,1.26594,1.265843654296695,1.2671700000000001,2024-05-17 01:50:00-04:00,1.265843654296695,SL,0.00015,-1.0,-2.5569,-2556.89
2024-05-17 08:00:00-04:00,LONG,Breakout,1.26579,1.2655888945771416,1.26693,2024-05-17 08:05:00-04:00,1.2655888945771416,SL,0.00014,-1.0,-1.6962,-1696.15
2024-05-17 08:45:00-04:00,LONG,Breakout,1.26594,1.2655824203326846,1.26693,2024-05-17 09:20:00-04:00,1.26693,TP,0.00014,2.7686,2.3771,2377.09
2024-05-21 20:00:00-04:00,LONG,Breakout,1.27111,1.2710237329118248,1.2715,2024-05-21 20:10:00-04:00,1.2710237329118248,SL,0.000168,-1.0,-2.9474,-2947.44
2024-05-21 20:25:00-04:00,LONG,Breakout,1.27135,1.2712811534554616,1.2726,2024-05-21 20:35:00-04:00,1.2712811534554616,SL,0.000156,-1.0,-3.2659,-3265.91
2024-05-22 01:55:00-04:00,LONG,Bounce,1.27107,1.270932314952986,1.27223,2024-05-22 02:00:00-04:00,1.27223,TP,0.000158,8.425,7.2775,7277.48
2024-05-22 02:00:00-04:00,LONG,Breakout,1.27419,1.2721424353134871,1.27841,2024-05-22 05:10:00-04:00,1.2721424353134871,SL,0.000158,-1.0,-1.0772,-1077.16
2024-05-22 20:15:00-04:00,LONG,Breakout,1.27221,1.2720482000698823,1.27497,2024-05-22 20:35:00-04:00,1.2720482000698823,SL,0.000168,-1.0,-2.0383,-2038.32
2024-05-22 21:00:00-04:00,LONG,Bounce,1.272,1.2716873493161212,1.27497,2024-05-22 22:15:00-04:00,1.2716873493161212,SL,0.000174,-1.0,-1.5565,-1556.53
2024-05-23 07:55:00-04:00,LONG,Breakout,1.27398,1.2737383206365498,1.27497,2024-05-23 08:10:00-04:00,1.2737383206365498,SL,0.00014,-1.0,-1.5793,-1579.28
2024-05-24 01:55:00-04:00,LONG,Bounce,1.26891,1.2686026509605435,1.26933,2024-05-24 02:00:00-04:00,1.2686026509605435,SL,0.00015,-1.0,-1.488,-1488.04
2024-05-24 02:00:00-04:00,LONG,Bounce,1.2689599999999999,1.2685798901776475,1.26933,2024-05-24 02:05:00-04:00,1.26933,TP,0.00015,0.9734,0.5788,578.78
2024-05-24 02:05:00-04:00,LONG,Breakout,1.26948,1.26926332659353,1.26971,2024-05-24 02:10:00-04:00,1.26926332659353,SL,0.00015,-1.0,-1.6923,-1692.29
2024-05-24 03:00:00-04:00,LONG,Breakout,1.26983,1.2692554650219663,1.2722,2024-05-24 06:35:00-04:00,1.2722,TP,0.00014,4.1251,3.8814,3881.4
2024-05-24 08:30:00-04:00,LONG,Bounce,1.27141,1.2712261026072638,1.27247,2024-05-24 09:25:00-04:00,1.27247,TP,0.00014,5.7641,5.0028,5002.79
2024-05-24 10:05:00-04:00,LONG,Breakout,1.27272,1.2723704324018663,1.2746,2024-05-24 10:15:00-04:00,1.2723704324018663,SL,0.00014,-1.0,-1.4005,-1400.49
2024-05-27 02:50:00-04:00,LONG,Breakout,1.27432,1.2741435479660652,1.27454,2024-05-27 03:10:00-04:00,1.2741435479660652,SL,0.00014,-1.0,-1.7934,-1793.42
2024-05-27 04:35:00-04:00,LONG,Retest,1.27436,1.2741286726451373,1.27463,2024-05-27 04:40:00-04:00,1.27463,TP,0.00014,1.1672,0.562,561.97
2024-05-27 20:00:00-04:00,LONG,Breakout,1.2772000000000001,1.2770610830856741,1.27734,2024-05-27 20:15:00-04:00,1.27734,TP,0.000174,1.0078,-0.2448,-244.75
2024-05-27 21:00:00-04:00,LONG,Breakout,1.2772000000000001,1.2770465924263095,1.2777,2024-05-27 21:30:00-04:00,1.2777,TP,0.00018,3.2593,2.0859,2085.95
2024-05-27 21:45:00-04:00,LONG,Breakout,1.27793,1.27750006863305,1.27841,2024-05-28 00:55:00-04:00,1.27750006863305,SL,0.00018,-1.0,-1.4187,-1418.67
2024-05-28 03:05:00-04:00,LONG,Bounce,1.27771,1.2772629605647177,1.27805,2024-05-28 03:10:00-04:00,1.2772629605647177,SL,0.00014,-1.0,-1.3132,-1313.17
2024-05-28 10:05:00-04:00,LONG,Breakout,1.2778800000000001,1.2775169464509215,1.2802799999999999,2024-05-28 10:10:00-04:00,1.2775169464509215,SL,0.00014,-1.0,-1.3856,-1385.62
2024-05-28 10:20:00-04:00,LONG,Retest,1.27799,1.2775127155075345,1.27999,2024-05-28 10:35:00-04:00,1.2775127155075345,SL,0.00014,-1.0,-1.2933,-1293.33
2024-05-28 21:40:00-04:00,LONG,Bounce,1.27526,1.2750623930330565,1.2760099999999999,2024-05-28 22:50:00-04:00,1.2750623930330565,SL,0.00018,-1.0,-1.9109,-1910.9
2024-05-29 01:30:00-04:00,LONG,Breakout,1.27525,1.2751504856189262,1.2759,2024-05-29 01:35:00-04:00,1.2751504856189262,SL,0.00015,-1.0,-2.5073,-2507.32
2024-05-29 02:10:00-04:00,LONG,Breakout,1.27541,1.2751424610527569,1.2759,2024-05-29 02:15:00-04:00,1.2751424610527569,SL,0.00015,-1.0,-1.5607,-1560.67
2024-05-30 03:10:00-04:00,LONG,Breakout,1.27011,1.269528382625962,1.27164,2024-05-30 03:35:00-04:00,1.269528382625962,SL,0.00014,-1.0,-1.2407,-1240.71
2024-05-30 08:30:00-04:00,LONG,Breakout,1.2723,1.2721153322006447,1.27551,2024-05-30 08:35:00-04:00,1.2721153322006447,SL,0.000144,-1.0,-1.7798,-1779.78
2024-05-30 20:15:00-04:00,LONG,Bounce,1.27286,1.2726696178382157,1.27328,2024-05-30 20:50:00-04:00,1.27328,TP,0.000168,2.2061,1.3237,1323.65
2024-05-31 08:30:00-04:00,LONG,Breakout,1.27278,1.2725964142346042,1.2732999999999999,2024-05-31 08:35:00-04:00,1.2725964142346042,SL,0.000144,-1.0,-1.7844,-1784.37
2024-05-31 11:00:00-04:00,LONG,Retest,1.2732,1.2725558731298598,1.27653,2024-05-31 11:10:00-04:00,1.2725558731298598,SL,0.00014,-1.0,-1.2173,-1217.35
2024-05-31 15:45:00-04:00,LONG,Breakout,1.27428,1.273944068981866,1.27653,2024-06-02 17:15:00-04:00,1.273944068981866,SL,0.00016,-1.0,-1.4763,-1476.29
2024-06-02 20:10:00-04:00,LONG,Breakout,1.27446,1.2743617023757414,1.27459,2024-06-02 20:20:00-04:00,1.27459,TP,0.00018,1.3225,-0.5087,-508.66
2024-06-03 20:00:00-04:00,LONG,Breakout,1.28148,1.281128194838907,1.28223,2024-06-03 20:50:00-04:00,1.281128194838907,SL,0.000174,-1.0,-1.4946,-1494.59
2024-06-04 20:40:00-04:00,LONG,Breakout,1.27748,1.277196194784496,1.27965,2024-06-04 21:20:00-04:00,1.277196194784496,SL,0.000168,-1.0,-1.592,-1591.96
2024-06-04 21:55:00-04:00,LONG,Breakout,1.27771,1.2775921746789392,1.27965,2024-06-04 22:05:00-04:00,1.2775921746789392,SL,0.00018,-1.0,-2.5277,-2527.69
2024-06-05 03:25:00-04:00,LONG,Breakout,1.27779,1.2774893961736056,1.278,2024-06-05 03:30:00-04:00,1.278,TP,0.00014,0.6986,0.2329,232.86
2024-06-05 08:05:00-04:00,LONG,Breakout,1.2783,1.2777619214582276,1.27965,2024-06-05 08:30:00-04:00,1.2777619214582276,SL,0.00014,-1.0,-1.2602,-1260.19
2024-06-06 08:20:00-04:00,LONG,Bounce,1.2778100000000001,1.2773868320297503,1.2790599999999999,2024-06-06 08:25:00-04:00,1.2773868320297503,SL,0.00014,-1.0,-1.3308,-1330.84
2024-06-06 08:25:00-04:00,LONG,Bounce,1.2779,1.2773843440276254,1.2790599999999999,2024-06-06 08:30:00-04:00,1.2790599999999999,TP,0.00014,2.2496,1.9781,1978.06
2024-06-06 08:40:00-04:00,LONG,Bounce,1.27814,1.2773680269055003,1.2799800000000001,2024-06-06 08:50:00-04:00,1.2773680269055003,SL,0.000144,-1.0,-1.1865,-1186.53
2024-06-06 20:35:00-04:00,LONG,Bounce,1.27868,1.2786220020322498,1.27936,2024-06-06 20:40:00-04:00,1.2786220020322498,SL,0.000168,-1.0,-3.8967,-3896.65
2024-06-07 07:30:00-04:00,LONG,Breakout,1.28025,1.279879885197707,1.28082,2024-06-07 08:10:00-04:00,1.279879885197707,SL,0.00014,-1.0,-1.3783,-1378.26
2024-06-07 08:15:00-04:00,LONG,Breakout,1.28018,1.2798710724099656,1.28082,2024-06-07 08:25:00-04:00,1.28082,TP,0.00014,2.0717,1.6185,1618.5
2024-06-13 08:30:00-04:00,LONG,Breakout,1.28042,1.2798804894500926,1.2849599999999999,2024-06-13 08:35:00-04:00,1.2798804894500926,SL,0.000144,-1.0,-1.2669,-1266.91
2024-06-16 21:30:00-04:00,SHORT,Breakout,1.2677399999999999,1.2678274374191152,1.26729,2024-06-16 21:35:00-04:00,1.2678274374191152,SL,0.000174,-1.0,-2.99,-2989.99
2024-06-17 01:50:00-04:00,SHORT,Breakout,1.2677100000000001,1.2678462434184565,1.26729,2024-06-17 02:00:00-04:00,1.26729,TP,0.00015,3.0827,1.9817,1981.75
2024-06-18 03:35:00-04:00,SHORT,Breakout,1.26862,1.268864126967651,1.26632,2024-06-18 06:30:00-04:00,1.268864126967651,SL,0.00014,-1.0,-1.5735,-1573.47
2024-06-21 06:45:00-04:00,SHORT,Breakout,1.26305,1.263336050264795,1.2613400000000001,2024-06-21 06:50:00-04:00,1.263336050264795,SL,0.00014,-1.0,-1.4894,-1489.42
2024-06-21 09:50:00-04:00,SHORT,Breakout,1.2628599999999999,1.2631507615793185,1.2613400000000001,2024-06-21 09:55:00-04:00,1.2631507615793185,SL,0.00014,-1.0,-1.4815,-1481.49
2024-06-21 11:00:00-04:00,SHORT,Retest,1.2625899999999999,1.263151063380747,1.26217,2024-06-21 11:10:00-04:00,1.263151063380747,SL,0.00014,-1.0,-1.2495,-1249.53
2024-06-23 21:15:00-04:00,SHORT,Breakout,1.26345,1.2635975541439608,1.26236,2024-06-23 21:20:00-04:00,1.2635975541439608,SL,0.00018,-1.0,-2.2199,-2219.89
2024-06-24 21:05:00-04:00,SHORT,Bounce,1.26853,1.268770597155274,1.26789,2024-06-24 22:20:00-04:00,1.268770597155274,SL,0.000168,-1.0,-1.6983,-1698.26
2024-06-27 05:25:00-04:00,SHORT,Bounce,1.2643900000000001,1.2647549311467665,1.2625600000000001,2024-06-27 05:55:00-04:00,1.2647549311467665,SL,0.00014,-1.0,-1.3836,-1383.63
2024-06-27 17:30:00-04:00,SHORT,Breakout,1.26366,1.2640439883666392,1.2625600000000001,2024-06-27 17:50:00-04:00,1.2640439883666392,SL,0.00047,-1.0,-2.224,-2224.0
2024-06-27 20:50:00-04:00,SHORT,Breakout,1.26311,1.2636440888535068,1.2625600000000001,2024-06-27 21:10:00-04:00,1.2625600000000001,TP,0.000168,1.0298,0.7152,715.24
2024-06-30 20:25:00-04:00,SHORT,Bounce,1.26499,1.2650910670785627,1.26303,2024-06-30 20:30:00-04:00,1.2650910670785627,SL,0.000174,-1.0,-2.7216,-2721.63
2024-07-01 00:25:00-04:00,SHORT,Breakout,1.2655,1.2656053543955261,1.26457,2024-07-01 00:55:00-04:00,1.2656053543955261,SL,0.000156,-1.0,-2.4807,-2480.72
2024-07-01 20:05:00-04:00,SHORT,Breakout,1.26434,1.2644152536717366,1.26325,2024-07-01 20:10:00-04:00,1.2644152536717366,SL,0.00018,-1.0,-3.3919,-3391.91
2024-07-01 23:25:00-04:00,SHORT,Retest,1.26326,1.2634670404899904,1.26303,2024-07-02 00:15:00-04:00,1.2634670404899904,SL,0.00015,-1.0,-1.7245,-1724.5
2024-07-02 03:05:00-04:00,SHORT,Breakout,1.26295,1.2630682851308965,1.2619099999999999,2024-07-02 03:10:00-04:00,1.2630682851308965,SL,0.00014,-1.0,-2.1836,-2183.58
2024-07-04 03:25:00-04:00,LONG,Bounce,1.27427,1.2739562282166519,1.27531,2024-07-04 03:55:00-04:00,1.27531,TP,0.00014,3.3145,2.8683,2868.33
2024-07-04 04:00:00-04:00,LONG,Breakout,1.27538,1.2752483995353616,1.27765,2024-07-04 04:30:00-04:00,1.2752483995353616,SL,0.00014,-1.0,-2.0638,-2063.83
2024-07-04 08:55:00-04:00,LONG,Bounce,1.27487,1.274574973636489,1.27631,2024-07-04 10:50:00-04:00,1.27631,TP,0.00014,4.8809,4.4064,4406.39
2024-07-04 10:50:00-04:00,LONG,Breakout,1.27618,1.2758021715632684,1.27765,2024-07-04 16:40:00-04:00,1.2758021715632684,SL,0.00014,-1.0,-1.3705,-1370.54
2024-07-04 20:30:00-04:00,LONG,Breakout,1.27633,1.2759087637773967,1.2766899999999999,2024-07-04 21:15:00-04:00,1.2766899999999999,TP,0.000174,0.8546,0.4416,441.56
2024-07-04 23:20:00-04:00,LONG,Breakout,1.27689,1.276748440247439,1.27765,2024-07-04 23:45:00-04:00,1.276748440247439,SL,0.000168,-1.0,-2.1868,-2186.78
2024-07-05 02:25:00-04:00,LONG,Retest,1.27732,1.2771285617733108,1.27765,2024-07-05 02:30:00-04:00,1.2771285617733108,SL,0.00015,-1.0,-1.7835,-1783.54
2024-07-05 02:35:00-04:00,LONG,Breakout,1.27725,1.2771219843861712,1.27765,2024-07-05 02:40:00-04:00,1.2771219843861712,SL,0.00014,-1.0,-2.0936,-2093.62
2024-07-05 03:15:00-04:00,LONG,Bounce,1.27675,1.27641351214099,1.2776100000000001,2024-07-05 03:25:00-04:00,1.27641351214099,SL,0.00014,-1.0,-1.4161,-1416.06
2024-07-05 03:45:00-04:00,LONG,Retest,1.2772700000000001,1.2771060511205126,1.2776100000000001,2024-07-05 03:50:00-04:00,1.2776100000000001,TP,0.00014,2.0738,1.2199,1219.89
2024-07-05 03:50:00-04:00,LONG,Breakout,1.2778800000000001,1.2775401903261905,1.28071,2024-07-05 04:05:00-04:00,1.2775401903261905,SL,0.00014,-1.0,-1.412,-1412.0
2024-07-05 08:05:00-04:00,LONG,Breakout,1.27917,1.279018008681907,1.28071,2024-07-05 08:15:00-04:00,1.279018008681907,SL,0.00014,-1.0,-1.9211,-1921.11
2024-07-05 08:20:00-04:00,LONG,Breakout,1.2791299999999999,1.279014309429355,1.28071,2024-07-05 08:25:00-04:00,1.279014309429355,SL,0.00014,-1.0,-2.2101,-2210.12
2024-07-05 08:40:00-04:00,LONG,Breakout,1.2800500000000001,1.2789203681177583,1.2849599999999999,2024-07-05 10:00:00-04:00,1.2789203681177583,SL,0.00014,-1.0,-1.1239,-1123.93
2024-07-05 14:50:00-04:00,LONG,Breakout,1.28153,1.2810947386650526,1.2849599999999999,2024-07-07 17:15:00-04:00,1.2810947386650526,SL,0.000158,-1.0,-1.363,-1363.0
2024-07-07 20:05:00-04:00,LONG,Bounce,1.28077,1.280371497010421,1.28151,2024-07-07 20:30:00-04:00,1.280371497010421,SL,0.00018,-1.0,-1.4517,-1451.69
2024-07-08 20:35:00-04:00,LONG,Breakout,1.28115,1.2808884478676525,1.28452,2024-07-08 20:45:00-04:00,1.2808884478676525,SL,0.000162,-1.0,-1.6194,-1619.38
2024-07-09 22:00:00-04:00,LONG,Bounce,1.27869,1.278310960043404,1.27909,2024-07-09 23:15:00-04:00,1.27909,TP,0.00018,1.0553,0.5804,580.41
2024-07-10 01:00:00-04:00,LONG,Breakout,1.2794699999999999,1.2793696318513672,1.28206,2024-07-10 01:05:00-04:00,1.2793696318513672,SL,0.000174,-1.0,-2.7336,-2733.62
2024-07-10 19:05:00-04:00,LONG,Breakout,1.28501,1.2848926623451231,1.28556,2024-07-10 20:40:00-04:00,1.28556,TP,0.00015,4.6873,3.409,3408.97
2024-07-11 04:00:00-04:00,LONG,Breakout,1.28686,1.2866817667363681,1.28857,2024-07-11 04:35:00-04:00,1.2866817667363681,SL,0.00014,-1.0,-1.7855,-1785.49
2024-07-11 08:25:00-04:00,LONG,Bounce,1.28747,1.2869739317047058,1.28814,2024-07-11 08:30:00-04:00,1.28814,TP,0.000144,1.3506,1.0603,1060.34
2024-07-11 19:45:00-04:00,LONG,Breakout,1.29184,1.2913648918420528,1.29278,2024-07-11 20:40:00-04:00,1.2913648918420528,SL,0.00018,-1.0,-1.3789,-1378.86
2024-07-14 22:40:00-04:00,LONG,Breakout,1.29684,1.2966586966159732,1.29897,2024-07-15 02:25:00-04:00,1.2966586966159732,SL,0.00018,-1.0,-1.9928,-1992.81
2024-07-15 08:30:00-04:00,LONG,Bounce,1.29708,1.2968180776568756,1.2990300000000001,2024-07-15 09:40:00-04:00,1.2990300000000001,TP,0.00014,7.445,6.9104,6910.45
2024-07-15 12:50:00-04:00,LONG,Bounce,1.29718,1.2965818420293396,1.299,2024-07-15 13:00:00-04:00,1.2965818420293396,SL,0.00016,-1.0,-1.2675,-1267.49
2024-07-16 19:55:00-04:00,LONG,Breakout,1.29766,1.2974980173097503,1.29793,2024-07-16 20:00:00-04:00,1.2974980173097503,SL,0.000174,-1.0,-2.0742,-2074.19
2024-07-17 02:00:00-04:00,LONG,Breakout,1.29776,1.297545605288167,1.29888,2024-07-17 02:05:00-04:00,1.297545605288167,SL,0.000158,-1.0,-1.737,-1736.96
2024-07-17 02:30:00-04:00,LONG,Breakout,1.29833,1.297522244472086,1.29888,2024-07-17 02:40:00-04:00,1.29888,TP,0.00014,0.6809,0.5076,507.58
2024-07-17 20:05:00-04:00,LONG,Bounce,1.3006,1.3004549779195922,1.30101,2024-07-17 20:35:00-04:00,1.3004549779195922,SL,0.000168,-1.0,-2.1584,-2158.44
2024-07-18 01:20:00-04:00,LONG,Breakout,1.3005499999999999,1.300433577622003,1.30066,2024-07-18 01:30:00-04:00,1.30066,TP,0.000162,0.9448,-0.4466,-446.65
2024-07-19 03:25:00-04:00,LONG,Bounce,1.29298,1.2925388762420233,1.29421,2024-07-19 03:35:00-04:00,1.2925388762420233,SL,0.00014,-1.0,-1.3174,-1317.37
2024-07-22 01:25:00-04:00,LONG,Bounce,1.29138,1.2911004070084846,1.29244,2024-07-22 02:00:00-04:00,1.2911004070084846,SL,0.000162,-1.0,-1.5794,-1579.41
2024-07-22 02:25:00-04:00,LONG,Bounce,1.29121,1.2910860791446124,1.29244,2024-07-22 03:05:00-04:00,1.29244,TP,0.00015,9.9257,8.7152,8715.24
2024-07-22 03:05:00-04:00,LONG,Breakout,1.29257,1.29236555506734,1.29388,2024-07-22 03:10:00-04:00,1.29236555506734,SL,0.00014,-1.0,-1.6848,-1684.78
2024-07-22 03:20:00-04:00,LONG,Breakout,1.2926,1.2923588230622982,1.29388,2024-07-22 03:55:00-04:00,1.2923588230622982,SL,0.00014,-1.0,-1.5805,-1580.49
2024-07-22 15:35:00-04:00,LONG,Breakout,1.29258,1.29246286248319,1.29417,2024-07-22 15:40:00-04:00,1.29246286248319,SL,0.000154,-1.0,-2.3147,-2314.69
2024-07-31 03:00:00-04:00,SHORT,Breakout,1.28331,1.2835333614189497,1.28311,2024-07-31 03:05:00-04:00,1.28311,TP,0.00014,0.8954,0.2686,268.62
2024-07-31 04:10:00-04:00,SHORT,Breakout,1.28243,1.282721727428141,1.28193,2024-07-31 04:15:00-04:00,1.282721727428141,SL,0.00014,-1.0,-1.4799,-1479.9
2024-07-31 04:40:00-04:00,SHORT,Retest,1.28241,1.2827298487983454,1.28193,2024-07-31 04:45:00-04:00,1.2827298487983454,SL,0.00014,-1.0,-1.4377,-1437.71
2024-07-31 20:35:00-04:00,SHORT,Breakout,1.28485,1.2850883314681705,1.28207,2024-07-31 20:45:00-04:00,1.2850883314681705,SL,0.00018,-1.0,-1.7553,-1755.25
2024-08-02 03:05:00-04:00,SHORT,Bounce,1.2718099999999999,1.272495799073097,1.2711700000000001,2024-08-02 03:15:00-04:00,1.2711700000000001,TP,0.00014,0.9332,0.7291,729.08
2024-08-02 03:15:00-04:00,SHORT,Breakout,1.271,1.2712597859354766,1.26955,2024-08-02 03:25:00-04:00,1.2712597859354766,SL,0.00014,-1.0,-1.5389,-1538.91
2024-08-04 20:05:00-04:00,SHORT,Breakout,1.27795,1.2783739669315188,1.27063,2024-08-04 20:10:00-04:00,1.2783739669315188,SL,0.00018,-1.0,-1.4246,-1424.56
2024-08-05 01:50:00-04:00,SHORT,Breakout,1.27691,1.2782941517354118,1.27063,2024-08-05 03:20:00-04:00,1.2782941517354118,SL,0.00015,-1.0,-1.1084,-1108.37
2024-08-05 10:00:00-04:00,SHORT,Bounce,1.27682,1.2779314958345183,1.27419,2024-08-05 12:20:00-04:00,1.2779314958345183,SL,0.00014,-1.0,-1.126,-1125.96
2024-08-06 08:15:00-04:00,SHORT,Breakout,1.26752,1.268067628613515,1.26643,2024-08-06 08:20:00-04:00,1.268067628613515,SL,0.00014,-1.0,-1.2556,-1255.65
2024-08-06 08:30:00-04:00,SHORT,Breakout,1.26739,1.2680675772827597,1.26643,2024-08-06 08:35:00-04:00,1.2680675772827597,SL,0.00014,-1.0,-1.2066,-1206.62
2024-08-07 03:20:00-04:00,SHORT,Breakout,1.26891,1.2698723215025793,1.26797,2024-08-07 03:40:00-04:00,1.2698723215025793,SL,0.00014,-1.0,-1.1455,-1145.48
2024-08-07 19:35:00-04:00,SHORT,Breakout,1.2677800000000001,1.268143507353755,1.26719,2024-08-07 19:55:00-04:00,1.268143507353755,SL,0.000168,-1.0,-1.4622,-1462.16
2024-08-08 15:10:00-04:00,SHORT,Bounce,1.27469,1.2748617663519284,1.2665,2024-08-08 15:15:00-04:00,1.2748617663519284,SL,0.00016,-1.0,-1.9315,-1931.5
2024-08-08 15:15:00-04:00,SHORT,Bounce,1.27473,1.2748599258982192,1.2665,2024-08-08 16:30:00-04:00,1.2748599258982192,SL,0.000158,-1.0,-2.2161,-2216.08
2024-08-08 20:15:00-04:00,SHORT,Breakout,1.27392,1.274061992169804,1.2665,2024-08-08 20:20:00-04:00,1.274061992169804,SL,0.000174,-1.0,-2.2254,-2225.42
2024-08-11 18:15:00-04:00,SHORT,Breakout,1.27502,1.2753921827717032,1.27307,2024-08-11 20:15:00-04:00,1.2753921827717032,SL,0.00041,-1.0,-2.1016,-2101.61
2024-08-12 08:05:00-04:00,SHORT,Bounce,1.27695,1.2773175328731345,1.2752,2024-08-12 09:30:00-04:00,1.2773175328731345,SL,0.00014,-1.0,-1.3809,-1380.92
2024-08-14 08:20:00-04:00,LONG,Breakout,1.28541,1.2852135249229208,1.28616,2024-08-14 08:25:00-04:00,1.2852135249229208,SL,0.00014,-1.0,-1.7126,-1712.56
2024-08-14 08:35:00-04:00,LONG,Bounce,1.28379,1.2835796232710122,1.28616,2024-08-14 08:40:00-04:00,1.2835796232710122,SL,0.00014,-1.0,-1.6655,-1665.47
2024-08-14 08:40:00-04:00,LONG,Bounce,1.28417,1.2835732216087972,1.28616,2024-08-14 08:45:00-04:00,1.2835732216087972,SL,0.00014,-1.0,-1.2346,-1234.59
2024-08-14 08:45:00-04:00,LONG,Bounce,1.28421,1.283572991493883,1.28616,2024-08-14 08:50:00-04:00,1.283572991493883,SL,0.00014,-1.0,-1.2198,-1219.78
2024-08-14 08:50:00-04:00,LONG,Bounce,1.28406,1.2835696349586057,1.28616,2024-08-14 10:40:00-04:00,1.28616,TP,0.00014,4.2825,3.997,3997.02
2024-08-14 21:30:00-04:00,LONG,Bounce,1.2824,1.2821672497026988,1.28309,2024-08-14 22:10:00-04:00,1.28309,TP,0.00016,2.9646,2.2771,2277.12
2024-08-15 07:55:00-04:00,LONG,Breakout,1.28609,1.285954975959007,1.28633,2024-08-15 08:00:00-04:00,1.28633,TP,0.00014,1.7775,0.7406,740.61
2024-08-16 01:10:00-04:00,LONG,Breakout,1.2877399999999999,1.2874218010013159,1.28872,2024-08-16 02:55:00-04:00,1.2874218010013159,SL,0.00015,-1.0,-1.4714,-1471.4
2024-08-16 03:00:00-04:00,LONG,Breakout,1.2881,1.2873953625297854,1.28872,2024-08-16 03:20:00-04:00,1.2873953625297854,SL,0.00014,-1.0,-1.1987,-1198.68
2024-08-19 01:45:00-04:00,LONG,Breakout,1.29612,1.2958823341290087,1.29765,2024-08-19 02:30:00-04:00,1.2958823341290087,SL,0.00015,-1.0,-1.6311,-1631.14
2024-08-19 02:40:00-04:00,LONG,Breakout,1.29632,1.295867996891342,1.29765,2024-08-19 03:05:00-04:00,1.295867996891342,SL,0.00014,-1.0,-1.3097,-1309.73
2024-08-19 03:15:00-04:00,LONG,Retest,1.29626,1.2958559138623675,1.29685,2024-08-19 03:25:00-04:00,1.2958559138623675,SL,0.00014,-1.0,-1.3465,-1346.46
2024-08-19 09:55:00-04:00,LONG,Breakout,1.29617,1.2956752390803803,1.29746,2024-08-19 10:10:00-04:00,1.29746,TP,0.00014,2.6073,2.3244,2324.35
2024-08-20 02:05:00-04:00,LONG,Bounce,1.29802,1.2976545531553176,1.29836,2024-08-20 02:15:00-04:00,1.29836,TP,0.00015,0.9304,0.5199,519.91
2024-08-20 04:05:00-04:00,LONG,Breakout,1.30072,1.3001285961891502,1.3012299999999999,2024-08-20 04:10:00-04:00,1.3012299999999999,TP,0.00014,0.8624,0.6256,625.63
2024-08-20 04:15:00-04:00,LONG,Retest,1.30061,1.30012587120391,1.30358,2024-08-20 04:30:00-04:00,1.30012587120391,SL,0.00014,-1.0,-1.2892,-1289.18
2024-08-21 08:30:00-04:00,LONG,Breakout,1.30454,1.30420988537378,1.3052000000000001,2024-08-21 08:45:00-04:00,1.30420988537378,SL,0.00014,-1.0,-1.4241,-1424.1
2024-08-21 08:50:00-04:00,LONG,Retest,1.30446,1.3042119202457447,1.3052000000000001,2024-08-21 08:55:00-04:00,1.3042119202457447,SL,0.00014,-1.0,-1.5643,-1564.33
2024-08-21 10:10:00-04:00,LONG,Breakout,1.3057400000000001,1.3041241701292416,1.3097699999999999,2024-08-21 13:45:00-04:00,1.3097699999999999,TP,0.00014,2.4941,2.4074,2407.43
2024-08-21 20:00:00-04:00,LONG,Breakout,1.30961,1.3094311462376806,1.31189,2024-08-21 20:05:00-04:00,1.3094311462376806,SL,0.000158,-1.0,-1.8834,-1883.4
2024-08-22 02:20:00-04:00,LONG,Breakout,1.30892,1.3086968196902051,1.30963,2024-08-22 03:10:00-04:00,1.30963,TP,0.00015,3.1813,2.5092,2509.18
2024-08-22 03:35:00-04:00,LONG,Breakout,1.30925,1.3086515076584422,1.31189,2024-08-22 04:35:00-04:00,1.31189,TP,0.00014,4.4111,4.1772,4177.16
2024-08-22 05:15:00-04:00,LONG,Retest,1.3113000000000001,1.3105558314280021,1.31296,2024-08-22 07:30:00-04:00,1.3105558314280021,SL,0.00014,-1.0,-1.1881,-1188.13
2024-08-22 08:00:00-04:00,LONG,Bounce,1.31104,1.3107787243018276,1.31271,2024-08-22 08:10:00-04:00,1.3107787243018276,SL,0.00014,-1.0,-1.5358,-1535.83
2024-08-22 20:10:00-04:00,LONG,Breakout,1.30927,1.3091774219945616,1.31016,2024-08-22 21:25:00-04:00,1.31016,TP,0.000152,9.6135,7.9717,7971.66
2024-08-23 10:00:00-04:00,LONG,Breakout,1.31719,1.312843788510934,1.31818,2024-08-23 10:05:00-04:00,1.31818,TP,0.000144,0.2278,0.1947,194.65
2024-08-26 07:00:00-04:00,LONG,Breakout,1.32049,1.3200891847191483,1.32093,2024-08-26 07:10:00-04:00,1.3200891847191483,SL,0.00014,-1.0,-1.3493,-1349.29
2024-08-26 07:35:00-04:00,LONG,Bounce,1.3187,1.318262663960166,1.32093,2024-08-26 07:40:00-04:00,1.318262663960166,SL,0.00014,-1.0,-1.3201,-1320.12
2024-08-26 10:00:00-04:00,LONG,Bounce,1.31879,1.317786939240139,1.32047,2024-08-26 10:30:00-04:00,1.32047,TP,0.00014,1.6749,1.5353,1535.3
2024-08-26 18:00:00-04:00,LONG,Bounce,1.31876,1.3184961533701651,1.32066,2024-08-26 18:05:00-04:00,1.3184961533701651,SL,0.000372,-1.0,-2.4099,-2409.91
2024-08-26 21:45:00-04:00,LONG,Breakout,1.31936,1.3191614641431293,1.32066,2024-08-26 22:05:00-04:00,1.3191614641431293,SL,0.00015,-1.0,-1.7555,-1755.53
2024-08-27 02:15:00-04:00,LONG,Breakout,1.32028,1.3201010450899602,1.32066,2024-08-27 02:20:00-04:00,1.3201010450899602,SL,0.00015,-1.0,-1.8382,-1838.2
2024-08-27 02:30:00-04:00,LONG,Breakout,1.32026,1.3200921545417794,1.32066,2024-08-27 02:40:00-04:00,1.3200921545417794,SL,0.00014,-1.0,-1.8341,-1834.1
2024-08-27 03:00:00-04:00,LONG,Breakout,1.32065,1.3200718392750432,1.32091,2024-08-27 03:05:00-04:00,1.32091,TP,0.00014,0.4497,0.2076,207.55
2024-08-27 10:10:00-04:00,LONG,Breakout,1.32275,1.3224467781841518,1.32462,2024-08-27 11:30:00-04:00,1.3224467781841518,SL,0.00014,-1.0,-1.4617,-1461.71
2024-08-28 20:05:00-04:00,LONG,Breakout,1.31966,1.3192982709965735,1.32301,2024-08-29 04:10:00-04:00,1.3192982709965735,SL,0.00015,-1.0,-1.4147,-1414.68
2024-08-29 17:35:00-04:00,LONG,Bounce,1.31649,1.3161652076134942,1.31898,2024-08-29 17:55:00-04:00,1.3161652076134942,SL,0.0005,-1.0,-2.5394,-2539.44
2024-08-29 17:55:00-04:00,LONG,Bounce,1.31633,1.3161710100127293,1.31898,2024-08-29 22:20:00-04:00,1.3161710100127293,SL,0.00051,-1.0,-4.2077,-4207.75
2024-09-01 21:00:00-04:00,LONG,Breakout,1.31346,1.3132161273550211,1.31634,2024-09-01 21:10:00-04:00,1.3132161273550211,SL,0.000154,-1.0,-1.6315,-1631.48
2024-09-02 07:35:00-04:00,LONG,Bounce,1.31303,1.3128664211893688,1.31421,2024-09-02 07:40:00-04:00,1.3128664211893688,SL,0.00014,-1.0,-1.8559,-1855.86
2024-09-02 08:40:00-04:00,LONG,Breakout,1.31395,1.313763377687168,1.31455,2024-09-02 08:45:00-04:00,1.31455,TP,0.00014,3.215,2.4649,2464.87
2024-09-02 10:50:00-04:00,LONG,Breakout,1.31519,1.3147457531877318,1.31634,2024-09-02 11:15:00-04:00,1.3147457531877318,SL,0.00014,-1.0,-1.3151,-1315.14
2024-09-03 08:10:00-04:00,LONG,Breakout,1.31305,1.3125888201516265,1.31392,2024-09-03 08:15:00-04:00,1.3125888201516265,SL,0.00014,-1.0,-1.3036,-1303.57
2024-09-04 00:55:00-04:00,LONG,Breakout,1.31168,1.3114263591064659,1.31459,2024-09-04 01:10:00-04:00,1.3114263591064659,SL,0.000152,-1.0,-1.5993,-1599.27
2024-09-04 02:20:00-04:00,LONG,Bounce,1.31075,1.3103812826685377,1.31182,2024-09-04 03:00:00-04:00,1.3103812826685377,SL,0.00015,-1.0,-1.4068,-1406.82
2024-09-04 03:05:00-04:00,LONG,Bounce,1.31085,1.3103573767838184,1.31182,2024-09-04 03:30:00-04:00,1.31182,TP,0.00014,1.9691,1.6849,1684.86
2024-09-04 09:05:00-04:00,LONG,Breakout,1.3127499999999999,1.3125452430258644,1.31459,2024-09-04 09:10:00-04:00,1.3125452430258644,SL,0.00014,-1.0,-1.6837,-1683.74
2024-09-04 09:20:00-04:00,LONG,Retest,1.31299,1.3125441585013937,1.31459,2024-09-04 09:40:00-04:00,1.3125441585013937,SL,0.00014,-1.0,-1.314,-1314.01
2024-09-04 09:50:00-04:00,LONG,Breakout,1.3128600000000001,1.3125343541084011,1.31459,2024-09-04 10:00:00-04:00,1.31459,TP,0.00014,5.3125,4.8826,4882.6
2024-09-05 07:25:00-04:00,LONG,Breakout,1.31724,1.3170570245051934,1.31744,2024-09-05 07:30:00-04:00,1.3170570245051934,SL,0.00014,-1.0,-1.7651,-1765.13
2024-09-05 08:15:00-04:00,LONG,Breakout,1.31769,1.317039957754141,1.31866,2024-09-05 08:30:00-04:00,1.317039957754141,SL,0.00014,-1.0,-1.2154,-1215.37
2024-09-06 02:10:00-04:00,LONG,Breakout,1.31823,1.3181199371385626,1.31848,2024-09-06 02:15:00-04:00,1.3181199371385626,SL,0.00015,-1.0,-2.3629,-2362.86
2024-09-06 02:25:00-04:00,LONG,Breakout,1.3182800000000001,1.318112209144833,1.31848,2024-09-06 02:30:00-04:00,1.318112209144833,SL,0.00015,-1.0,-1.894,-1893.97
2024-09-06 02:40:00-04:00,LONG,Breakout,1.31825,1.3181067148291539,1.31848,2024-09-06 02:45:00-04:00,1.31848,TP,0.00014,1.6052,0.6281,628.12
2024-09-06 02:50:00-04:00,LONG,Retest,1.31857,1.318101891867995,1.31993,2024-09-06 03:20:00-04:00,1.318101891867995,SL,0.00014,-1.0,-1.2991,-1299.08
2024-09-06 03:20:00-04:00,LONG,Breakout,1.3184,1.3180918749016493,1.31993,2024-09-06 03:30:00-04:00,1.3180918749016493,SL,0.00014,-1.0,-1.4544,-1454.36
2024-09-06 08:30:00-04:00,LONG,Breakout,1.32122,1.319043055101695,1.32388,2024-09-06 09:05:00-04:00,1.319043055101695,SL,0.000144,-1.0,-1.0661,-1066.15
2024-09-08 20:15:00-04:00,LONG,Breakout,1.31392,1.3137085782222737,1.31996,2024-09-08 20:40:00-04:00,1.3137085782222737,SL,0.00016,-1.0,-1.7568,-1756.78
2024-09-09 08:30:00-04:00,LONG,Breakout,1.30957,1.308891236014088,1.30994,2024-09-09 08:40:00-04:00,1.308891236014088,SL,0.00014,-1.0,-1.2063,-1206.26
2024-09-09 09:20:00-04:00,LONG,Breakout,1.30948,1.3088765156921767,1.30994,2024-09-09 09:30:00-04:00,1.3088765156921767,SL,0.00014,-1.0,-1.232,-1231.99
2024-09-12 04:00:00-04:00,SHORT,Breakout,1.30336,1.3038438777532042,1.30312,2024-09-12 04:05:00-04:00,1.3038438777532042,SL,0.00014,-1.0,-1.2893,-1289.33
2024-09-12 22:15:00-04:00,SHORT,Bounce,1.31451,1.3149016997528495,1.30847,2024-09-12 23:30:00-04:00,1.3149016997528495,SL,0.00016,-1.0,-1.4085,-1408.48
2024-09-16 02:40:00-04:00,LONG,Breakout,1.31636,1.3162002391774357,1.31996,2024-09-16 02:45:00-04:00,1.3162002391774357,SL,0.00014,-1.0,-1.8763,-1876.31
2024-09-16 09:15:00-04:00,LONG,Breakout,1.32055,1.3202181543954423,1.32383,2024-09-16 09:20:00-04:00,1.3202181543954423,SL,0.00014,-1.0,-1.4219,-1421.88
2024-09-16 20:25:00-04:00,LONG,Bounce,1.32056,1.320391295533468,1.3217400000000001,2024-09-16 20:35:00-04:00,1.320391295533468,SL,0.000154,-1.0,-1.9128,-1912.84
2024-09-17 02:10:00-04:00,LONG,Breakout,1.32142,1.3210265921690454,1.3217400000000001,2024-09-17 02:20:00-04:00,1.3210265921690454,SL,0.00015,-1.0,-1.3813,-1381.28
2024-09-17 03:55:00-04:00,LONG,Breakout,1.32165,1.3214301538771958,1.32383,2024-09-17 04:00:00-04:00,1.3214301538771958,SL,0.00014,-1.0,-1.6368,-1636.81
2024-09-17 08:50:00-04:00,LONG,Bounce,1.32089,1.3205146165681825,1.32246,2024-09-17 08:55:00-04:00,1.3205146165681825,SL,0.00014,-1.0,-1.373,-1372.95
2024-09-17 08:55:00-04:00,LONG,Bounce,1.32097,1.3205142868133124,1.32246,2024-09-17 09:00:00-04:00,1.3205142868133124,SL,0.00014,-1.0,-1.3072,-1307.21
2024-09-17 20:50:00-04:00,LONG,Breakout,1.31702,1.3168194905545862,1.32034,2024-09-17 20:55:00-04:00,1.3168194905545862,SL,0.000156,-1.0,-1.778,-1778.02
2024-09-17 21:00:00-04:00,LONG,Breakout,1.31699,1.3168152648149238,1.32034,2024-09-17 21:10:00-04:00,1.3168152648149238,SL,0.000156,-1.0,-1.8928,-1892.78
2024-09-18 02:00:00-04:00,LONG,Breakout,1.31765,1.316601327171527,1.32034,2024-09-18 04:25:00-04:00,1.32034,TP,0.000158,2.5651,2.4145,2414.48
2024-09-18 09:00:00-04:00,LONG,Breakout,1.32285,1.32256871436136,1.32383,2024-09-18 09:10:00-04:00,1.32383,TP,0.00014,3.484,2.9863,2986.29
2024-09-18 14:00:00-04:00,LONG,Breakout,1.32564,1.3251304888690272,1.3287,2024-09-18 14:10:00-04:00,1.3251304888690272,SL,0.000168,-1.0,-1.3297,-1329.73
2024-09-18 14:50:00-04:00,LONG,Breakout,1.32616,1.3249887508668083,1.3298,2024-09-18 14:55:00-04:00,1.3249887508668083,SL,0.00016,-1.0,-1.1366,-1136.61
2024-09-19 07:00:00-04:00,LONG,Breakout,1.33047,1.3285047693310794,1.33158,2024-09-19 07:15:00-04:00,1.3285047693310794,SL,0.000144,-1.0,-1.0733,-1073.27
2024-09-19 07:20:00-04:00,LONG,Breakout,1.32922,1.3284684052182674,1.33158,2024-09-19 07:40:00-04:00,1.3284684052182674,SL,0.00014,-1.0,-1.1863,-1186.27
2024-09-19 20:50:00-04:00,LONG,Bounce,1.32769,1.3275208649686836,1.3281800000000001,2024-09-19 21:15:00-04:00,1.3275208649686836,SL,0.000156,-1.0,-1.9223,-1922.34
2024-09-20 02:00:00-04:00,LONG,Breakout,1.33083,1.3300114664561564,1.33138,2024-09-20 02:05:00-04:00,1.33138,TP,0.00015,0.6719,0.4887,488.68
2024-09-20 11:40:00-04:00,LONG,Breakout,1.33013,1.3292359644828196,1.33228,2024-09-20 12:40:00-04:00,1.33228,TP,0.00014,2.4048,2.2482,2248.23
2024-09-23 08:45:00-04:00,LONG,Breakout,1.33225,1.3317167528934417,1.33308,2024-09-23 09:00:00-04:00,1.33308,TP,0.00014,1.5565,1.294,1293.96
2024-09-23 09:50:00-04:00,LONG,Retest,1.33285,1.3316880043615582,1.33395,2024-09-23 10:15:00-04:00,1.33395,TP,0.00014,0.9466,0.8262,826.16
2024-09-23 20:10:00-04:00,LONG,Breakout,1.3351899999999999,1.334835742473894,1.33535,2024-09-23 20:15:00-04:00,1.33535,TP,0.00016,0.4516,0.0,0.0
2024-09-23 21:05:00-04:00,LONG,Bounce,1.33464,1.3341882174902862,1.33538,2024-09-23 21:30:00-04:00,1.33538,TP,0.000156,1.638,1.2927,1292.66
2024-09-24 04:30:00-04:00,LONG,Breakout,1.33701,1.3363906184307814,1.33915,2024-09-24 07:00:00-04:00,1.3363906184307814,SL,0.00014,-1.0,-1.226,-1226.03
2024-09-24 10:20:00-04:00,LONG,Breakout,1.33949,1.3392330227165947,1.3417,2024-09-24 10:30:00-04:00,1.3392330227165947,SL,0.00014,-1.0,-1.5448,-1544.8
2024-09-24 14:20:00-04:00,LONG,Breakout,1.33978,1.33953850842939,1.3417,2024-09-24 18:45:00-04:00,1.3417,TP,0.00016,7.9506,7.288,7288.04
2024-09-24 21:35:00-04:00,LONG,Bounce,1.34172,1.3416075645002383,1.34291,2024-09-24 21:40:00-04:00,1.3416075645002383,SL,0.00016,-1.0,-2.423,-2423.04
2024-09-25 08:00:00-04:00,LONG,Breakout,1.33816,1.3375809162326642,1.34241,2024-09-25 10:45:00-04:00,1.3375809162326642,SL,0.00014,-1.0,-1.2418,-1241.76
2024-09-25 20:05:00-04:00,LONG,Breakout,1.33232,1.3321599957746788,1.33318,2024-09-25 20:10:00-04:00,1.3321599957746788,SL,0.00016,-1.0,-2.0,-1999.97
2024-09-25 20:25:00-04:00,LONG,Breakout,1.33231,1.3321620119044304,1.33318,2024-09-25 21:25:00-04:00,1.3321620119044304,SL,0.000158,-1.0,-2.0677,-2067.65
2024-09-25 21:30:00-04:00,LONG,Breakout,1.33259,1.3321591264141506,1.33318,2024-09-25 21:55:00-04:00,1.33318,TP,0.000158,1.3693,1.0026,1002.61
2024-09-26 01:00:00-04:00,LONG,Breakout,1.33405,1.333947722299429,1.34121,2024-09-26 01:05:00-04:00,1.333947722299429,SL,0.000158,-1.0,-2.5448,-2544.81
2024-09-26 03:00:00-04:00,LONG,Breakout,1.33532,1.334797593242644,1.34121,2024-09-26 03:20:00-04:00,1.334797593242644,SL,0.00014,-1.0,-1.268,-1267.99
2024-09-26 05:10:00-04:00,LONG,Retest,1.33507,1.334765495562168,1.33572,2024-09-26 05:20:00-04:00,1.33572,TP,0.00014,2.1346,1.6749,1674.85
2024-09-27 02:30:00-04:00,LONG,Breakout,1.33942,1.3387521932140591,1.3397299999999999,2024-09-27 02:35:00-04:00,1.3387521932140591,SL,0.00014,-1.0,-1.2096,-1209.64
2024-09-27 08:30:00-04:00,LONG,Breakout,1.34016,1.3396032632961221,1.34155,2024-09-27 08:40:00-04:00,1.34155,TP,0.000144,2.4967,2.238,2238.04
2024-09-27 09:45:00-04:00,LONG,Retest,1.34023,1.3395802553846068,1.34335,2024-09-27 10:10:00-04:00,1.3395802553846068,SL,0.00014,-1.0,-1.2155,-1215.47
2024-09-30 01:00:00-04:00,LONG,Breakout,1.33903,1.338827843151408,1.34222,2024-09-30 01:55:00-04:00,1.338827843151408,SL,0.000158,-1.0,-1.7816,-1781.57
2024-09-30 03:00:00-04:00,LONG,Breakout,1.33979,1.3394858194830312,1.34222,2024-09-30 03:05:00-04:00,1.3394858194830312,SL,0.00014,-1.0,-1.4603,-1460.25
2024-09-30 03:30:00-04:00,LONG,Bounce,1.33832,1.337743085122519,1.34222,2024-09-30 04:45:00-04:00,1.34222,TP,0.00014,6.7601,6.5174,6517.43
2024-09-30 09:30:00-04:00,LONG,Bounce,1.3388200000000001,1.3383707268357232,1.34167,2024-09-30 09:55:00-04:00,1.3383707268357232,SL,0.00014,-1.0,-1.3116,-1311.61
2024-09-30 20:40:00-04:00,LONG,Bounce,1.3370600000000001,1.336766828342613,1.33819,2024-09-30 21:30:00-04:00,1.33819,TP,0.00016,3.8544,3.3086,3308.64
2024-10-01 00:00:00-04:00,LONG,Bounce,1.33725,1.3367986515511172,1.33887,2024-10-01 02:00:00-04:00,1.3367986515511172,SL,0.00016,-1.0,-1.3545,-1354.49
2024-10-01 10:00:00-04:00,LONG,Bounce,1.33179,1.33089311908764,1.3327,2024-10-01 10:05:00-04:00,1.33089311908764,SL,0.00014,-1.0,-1.1561,-1156.1
2024-10-03 00:30:00-04:00,SHORT,Breakout,1.32471,1.3250106808401372,1.32362,2024-10-03 00:35:00-04:00,1.3250106808401372,SL,0.00016,-1.0,-1.5321,-1532.13
2024-10-03 03:00:00-04:00,SHORT,Breakout,1.31577,1.3169547876308614,1.3152599999999999,2024-10-03 03:20:00-04:00,1.3169547876308614,SL,0.00014,-1.0,-1.1182,-1118.16
2024-10-03 07:15:00-04:00,SHORT,Breakout,1.30992,1.3106378887337407,1.30847,2024-10-03 07:40:00-04:00,1.3106378887337407,SL,0.00014,-1.0,-1.195,-1195.02
2024-10-03 08:30:00-04:00,SHORT,Bounce,1.3111,1.3122211910955197,1.3092,2024-10-03 09:40:00-04:00,1.3122211910955197,SL,0.00014,-1.0,-1.1249,-1124.87
2024-10-03 19:55:00-04:00,SHORT,Bounce,1.3128,1.312934197094813,1.31136,2024-10-03 20:00:00-04:00,1.312934197094813,SL,0.000156,-1.0,-2.1625,-2162.47
2024-10-03 20:45:00-04:00,SHORT,Bounce,1.31271,1.3129392485689233,1.31136,2024-10-03 20:50:00-04:00,1.3129392485689233,SL,0.000154,-1.0,-1.6718,-1671.76
2024-10-04 04:00:00-04:00,SHORT,Bounce,1.3153000000000001,1.3156524679234043,1.31296,2024-10-04 04:30:00-04:00,1.3156524679234043,SL,0.00014,-1.0,-1.3972,-1397.2
2024-10-04 06:55:00-04:00,SHORT,Bounce,1.31643,1.316787459889332,1.31444,2024-10-04 07:00:00-04:00,1.316787459889332,SL,0.00014,-1.0,-1.3917,-1391.65
2024-10-06 21:55:00-04:00,SHORT,Bounce,1.31253,1.3128599079282988,1.31053,2024-10-06 22:00:00-04:00,1.3128599079282988,SL,0.00016,-1.0,-1.485,-1484.98
2024-10-07 03:40:00-04:00,SHORT,Breakout,1.30999,1.3104825532623556,1.30951,2024-10-07 03:45:00-04:00,1.3104825532623556,SL,0.00014,-1.0,-1.2842,-1284.23
2024-10-07 14:50:00-04:00,SHORT,Breakout,1.30709,1.3074571544063298,1.30677,2024-10-07 14:55:00-04:00,1.3074571544063298,SL,0.000156,-1.0,-1.4249,-1424.89
2024-10-08 02:00:00-04:00,SHORT,Breakout,1.30891,1.3090418991369444,1.30839,2024-10-08 02:05:00-04:00,1.3090418991369444,SL,0.00015,-1.0,-2.1372,-2137.23
2024-10-08 02:10:00-04:00,SHORT,Breakout,1.30864,1.3090458109905285,1.30839,2024-10-08 02:20:00-04:00,1.3090458109905285,SL,0.00015,-1.0,-1.3696,-1369.63
2024-10-08 02:40:00-04:00,SHORT,Retest,1.30883,1.3090538896247235,1.30773,2024-10-08 02:50:00-04:00,1.30773,TP,0.00014,4.9131,4.2878,4287.83
2024-10-09 01:05:00-04:00,SHORT,Bounce,1.3094999999999999,1.3099525305189272,1.30751,2024-10-09 01:35:00-04:00,1.3099525305189272,SL,0.00016,-1.0,-1.3536,-1353.57
2024-10-09 01:35:00-04:00,SHORT,Bounce,1.30952,1.3099759452565911,1.30751,2024-10-09 02:55:00-04:00,1.30751,TP,0.00015,4.4084,4.0794,4079.44
2024-10-09 20:10:00-04:00,SHORT,Bounce,1.30695,1.3072345396989749,1.30607,2024-10-09 21:10:00-04:00,1.3072345396989749,SL,0.000152,-1.0,-1.5342,-1534.2
2024-10-10 08:35:00-04:00,SHORT,Breakout,1.30565,1.306935487032024,1.30013,2024-10-10 08:45:00-04:00,1.306935487032024,SL,0.00014,-1.0,-1.1089,-1108.91
2024-10-10 13:10:00-04:00,SHORT,Breakout,1.30227,1.3025930749820578,1.30013,2024-10-10 13:15:00-04:00,1.3025930749820578,SL,0.00016,-1.0,-1.4952,-1495.24
2024-10-10 23:00:00-04:00,SHORT,Breakout,1.3052000000000001,1.3055102354426322,1.30502,2024-10-10 23:05:00-04:00,1.3055102354426322,SL,0.000156,-1.0,-1.5028,-1502.84
2024-10-10 23:40:00-04:00,SHORT,Retest,1.30536,1.3055038474191574,1.30502,2024-10-10 23:50:00-04:00,1.3055038474191574,SL,0.00015,-1.0,-2.0428,-2042.77
2024-10-14 01:35:00-04:00,SHORT,Bounce,1.30615,1.3062288372513817,1.30419,2024-10-14 01:45:00-04:00,1.3062288372513817,SL,0.00015,-1.0,-2.9027,-2902.65
2024-10-14 07:00:00-04:00,SHORT,Breakout,1.30504,1.305696707828893,1.30419,2024-10-14 07:55:00-04:00,1.30419,TP,0.00014,1.2943,1.0812,1081.15
2024-10-15 20:00:00-04:00,SHORT,Breakout,1.30632,1.30642518668171,1.30613,2024-10-15 20:05:00-04:00,1.30613,TP,0.000158,1.8063,0.3042,304.22
2024-10-15 20:25:00-04:00,SHORT,Retest,1.30629,1.3064267342227422,1.30346,2024-10-15 20:30:00-04:00,1.3064267342227422,SL,0.000154,-1.0,-2.1263,-2126.27
2024-10-16 10:55:00-04:00,SHORT,Breakout,1.3008600000000001,1.3010896792441076,1.29817,2024-10-16 15:00:00-04:00,1.29817,TP,0.00014,11.712,11.1024,11102.44
2024-10-17 03:00:00-04:00,SHORT,Breakout,1.29765,1.2981756185228097,1.29736,2024-10-17 03:05:00-04:00,1.29736,TP,0.00014,0.5517,0.2854,285.38
2024-10-17 21:30:00-04:00,SHORT,Bounce,1.30173,1.3019184168008098,1.30069,2024-10-17 21:40:00-04:00,1.3019184168008098,SL,0.00016,-1.0,-1.8492,-1849.18
2024-10-18 01:55:00-04:00,SHORT,Bounce,1.30252,1.3026196515449338,1.30175,2024-10-18 02:00:00-04:00,1.3026196515449338,SL,0.00015,-1.0,-2.5052,-2505.25
2024-10-21 20:15:00-04:00,SHORT,Bounce,1.2983500000000001,1.2986051083727106,1.2979,2024-10-21 20:20:00-04:00,1.2986051083727106,SL,0.000154,-1.0,-1.6037,-1603.67
2024-10-21 20:25:00-04:00,SHORT,Bounce,1.29847,1.2986073332397352,1.2979,2024-10-21 20:45:00-04:00,1.2979,TP,0.000158,4.1505,3.0,3000.0
2024-10-22 08:35:00-04:00,SHORT,Breakout,1.29692,1.29720836699443,1.29656,2024-10-22 08:40:00-04:00,1.29720836699443,SL,0.00014,-1.0,-1.4855,-1485.49
2024-10-23 02:35:00-04:00,SHORT,Breakout,1.29739,1.2980005409807687,1.29704,2024-10-23 02:45:00-04:00,1.29704,TP,0.00014,0.5733,0.344,343.96
2024-10-27 20:45:00-04:00,SHORT,Bounce,1.29602,1.2963456868697047,1.29555,2024-10-27 20:55:00-04:00,1.29555,TP,0.000156,1.4431,0.9641,964.12
2024-10-27 20:55:00-04:00,SHORT,Breakout,1.29527,1.2956150973519394,1.29475,2024-10-27 21:05:00-04:00,1.2956150973519394,SL,0.000158,-1.0,-1.4578,-1457.84
2024-10-27 21:30:00-04:00,SHORT,Breakout,1.29517,1.2956176248611073,1.29475,2024-10-27 21:55:00-04:00,1.2956176248611073,SL,0.00016,-1.0,-1.3574,-1357.44
2024-10-27 21:55:00-04:00,SHORT,Retest,1.29539,1.2956158207174746,1.29475,2024-10-27 22:00:00-04:00,1.2956158207174746,SL,0.00016,-1.0,-1.7085,-1708.53
2024-10-29 07:05:00-04:00,SHORT,Bounce,1.29849,1.2990160582302968,1.29734,2024-10-29 07:35:00-04:00,1.2990160582302968,SL,0.00014,-1.0,-1.2661,-1266.13
2024-10-29 08:35:00-04:00,SHORT,Breakout,1.29721,1.2974304176422924,1.29572,2024-10-29 08:40:00-04:00,1.2974304176422924,SL,0.00014,-1.0,-1.6352,-1635.16
2024-10-29 08:45:00-04:00,SHORT,Breakout,1.29718,1.2974351458242215,1.29572,2024-10-29 08:50:00-04:00,1.2974351458242215,SL,0.00014,-1.0,-1.5487,-1548.71
2024-10-29 09:30:00-04:00,SHORT,Breakout,1.29711,1.2974504349704974,1.29572,2024-10-29 09:50:00-04:00,1.2974504349704974,SL,0.00014,-1.0,-1.4112,-1411.24
2024-10-30 04:00:00-04:00,SHORT,Bounce,1.30068,1.3013597305863334,1.29949,2024-10-30 04:05:00-04:00,1.3013597305863334,SL,0.00014,-1.0,-1.206,-1205.96
2024-10-30 18:00:00-04:00,SHORT,Breakout,1.29573,1.2959781119041964,1.29364,2024-10-30 19:00:00-04:00,1.2959781119041964,SL,0.000362,-1.0,-2.459,-2459.02
2024-10-30 21:15:00-04:00,SHORT,Bounce,1.29543,1.2959719362322466,1.29364,2024-10-31 02:40:00-04:00,1.2959719362322466,SL,0.000154,-1.0,-1.2842,-1284.17
2024-10-31 19:40:00-04:00,SHORT,Bounce,1.2898800000000001,1.290007697447989,1.2891,2024-10-31 20:05:00-04:00,1.2891,TP,0.00013,6.1082,5.0902,5090.16
2024-10-31 20:05:00-04:00,SHORT,Breakout,1.28901,1.2891461411550176,1.2854999999999999,2024-10-31 20:10:00-04:00,1.2891461411550176,SL,0.00013,-1.0,-1.9549,-1954.89
2024-11-01 01:40:00-04:00,SHORT,Breakout,1.28843,1.2888937229606625,1.2854999999999999,2024-11-01 01:55:00-04:00,1.2888937229606625,SL,0.00013,-1.0,-1.2803,-1280.34
2024-11-05 14:55:00-05:00,SHORT,Breakout,1.30205,1.3022247736849317,1.29831,2024-11-05 15:05:00-05:00,1.3022247736849317,SL,0.000116,-1.0,-1.6637,-1663.72
2024-11-05 19:10:00-05:00,SHORT,Breakout,1.30095,1.3016900285358404,1.29831,2024-11-05 19:30:00-05:00,1.29831,TP,0.00013,3.5674,3.3918,3391.76
2024-11-10 20:30:00-05:00,SHORT,Bounce,1.29207,1.2925587353670158,1.29092,2024-11-10 23:00:00-05:00,1.29092,TP,0.00013,2.353,2.087,2087.02
2024-11-11 02:30:00-05:00,SHORT,Breakout,1.28968,1.2901502605905792,1.28829,2024-11-11 02:35:00-05:00,1.2901502605905792,SL,0.000124,-1.0,-1.2637,-1263.68
2024-11-11 02:40:00-05:00,SHORT,Breakout,1.29,1.2901575104071832,1.28829,2024-11-11 03:45:00-05:00,1.2901575104071832,SL,0.00013,-1.0,-1.8253,-1825.34
2024-11-11 08:15:00-05:00,SHORT,Breakout,1.28696,1.2877536895824724,1.28338,2024-11-12 00:55:00-05:00,1.28338,TP,0.00013,4.5106,4.3468,4346.79
2024-11-12 00:55:00-05:00,SHORT,Breakout,1.28325,1.2836179142647295,1.27982,2024-11-12 03:25:00-05:00,1.27982,TP,0.00013,9.3228,8.9695,8969.48
2024-11-12 19:05:00-05:00,SHORT,Breakout,1.27339,1.2735644582235113,1.27187,2024-11-12 19:20:00-05:00,1.2735644582235113,SL,0.00013,-1.0,-1.7452,-1745.16
2024-11-12 20:45:00-05:00,SHORT,Bounce,1.27487,1.2751392647511395,1.27306,2024-11-12 21:00:00-05:00,1.2751392647511395,SL,0.00013,-1.0,-1.4828,-1482.8
2024-11-13 01:00:00-05:00,SHORT,Bounce,1.27431,1.2747724710488062,1.27306,2024-11-13 02:15:00-05:00,1.27306,TP,0.00013,2.7029,2.4218,2421.77
2024-11-13 03:00:00-05:00,SHORT,Retest,1.27345,1.2740710011484477,1.27187,2024-11-13 03:30:00-05:00,1.2740710011484477,SL,0.00013,-1.0,-1.2093,-1209.34
2024-11-13 08:35:00-05:00,SHORT,Bounce,1.27556,1.2759383392842656,1.27291,2024-11-13 08:40:00-05:00,1.2759383392842656,SL,0.00013,-1.0,-1.3436,-1343.61
2024-11-13 20:10:00-05:00,SHORT,Breakout,1.26978,1.2698906800260985,1.2686,2024-11-13 20:15:00-05:00,1.2698906800260985,SL,0.00013,-1.0,-2.1746,-2174.56
2024-11-18 03:00:00-05:00,SHORT,Breakout,1.26205,1.2625656160214271,1.25966,2024-11-18 03:15:00-05:00,1.2625656160214271,SL,0.00013,-1.0,-1.2521,-1252.13
2024-11-18 19:40:00-05:00,SHORT,Breakout,1.26708,1.2671727006436557,1.26688,2024-11-18 19:45:00-05:00,1.2671727006436557,SL,0.00013,-1.0,-2.4024,-2402.36
2024-11-18 19:50:00-05:00,SHORT,Breakout,1.26687,1.2671745020856011,1.26183,2024-11-18 20:10:00-05:00,1.2671745020856011,SL,0.00013,-1.0,-1.4269,-1426.93
2024-11-19 02:10:00-05:00,SHORT,Breakout,1.26642,1.2667439798533788,1.26183,2024-11-19 02:15:00-05:00,1.2667439798533788,SL,0.00013,-1.0,-1.4013,-1401.26
2024-11-19 03:00:00-05:00,SHORT,Bounce,1.26718,1.2680032634076415,1.26626,2024-11-19 03:35:00-05:00,1.26626,TP,0.00013,1.1175,0.9596,959.6
2024-11-19 03:35:00-05:00,SHORT,Breakout,1.2654,1.2663733969405653,1.26183,2024-11-19 04:30:00-05:00,1.26183,TP,0.00013,3.6676,3.534,3534.02
2024-11-20 01:35:00-05:00,SHORT,Bounce,1.26894,1.2690337548560489,1.26794,2024-11-20 01:40:00-05:00,1.2690337548560489,SL,0.00013,-1.0,-2.3866,-2386.59
2024-11-21 00:35:00-05:00,SHORT,Breakout,1.2650000000000001,1.2651764415899702,1.26424,2024-11-21 00:50:00-05:00,1.2651764415899702,SL,0.00013,-1.0,-1.7368,-1736.79
2024-11-21 02:00:00-05:00,SHORT,Breakout,1.26501,1.265199068619892,1.26424,2024-11-21 02:10:00-05:00,1.26424,TP,0.00014,4.0726,3.3321,3332.12
2024-11-21 02:55:00-05:00,SHORT,Retest,1.26478,1.2652221652071285,1.26303,2024-11-21 04:05:00-05:00,1.26303,TP,0.00013,3.9578,3.6638,3663.79
2024-11-21 18:45:00-05:00,SHORT,Breakout,1.25847,1.2586482268260306,1.25759,2024-11-21 18:50:00-05:00,1.2586482268260306,SL,0.00013,-1.0,-1.7294,-1729.41
2024-11-21 18:55:00-05:00,SHORT,Breakout,1.25843,1.258652491497955,1.25759,2024-11-21 19:05:00-05:00,1.258652491497955,SL,0.00013,-1.0,-1.5843,-1584.29
2024-11-21 21:20:00-05:00,SHORT,Retest,1.25848,1.2586674932232733,1.25759,2024-11-21 21:55:00-05:00,1.2586674932232733,SL,0.00013,-1.0,-1.6934,-1693.36
2024-11-22 00:05:00-05:00,SHORT,Breakout,1.25775,1.2580879586894769,1.25759,2024-11-22 00:10:00-05:00,1.25759,TP,0.00013,0.4734,0.0888,88.77
2024-11-22 02:00:00-05:00,SHORT,Breakout,1.25532,1.2565075546287654,1.25195,2024-11-22 02:20:00-05:00,1.2565075546287654,SL,0.000128,-1.0,-1.1078,-1107.78
2024-11-22 04:00:00-05:00,SHORT,Breakout,1.25426,1.2552620638343719,1.25195,2024-11-22 04:10:00-05:00,1.25195,TP,0.000128,2.3052,2.1775,2177.51
2024-11-25 00:40:00-05:00,SHORT,Breakout,1.25902,1.259120368725676,1.25286,2024-11-25 00:50:00-05:00,1.259120368725676,SL,0.00013,-1.0,-2.2952,-2295.22
2024-11-25 02:25:00-05:00,SHORT,Retest,1.25877,1.2591462011312484,1.25286,2024-11-25 08:15:00-05:00,1.2591462011312484,SL,0.00013,-1.0,-1.3456,-1345.56
2024-11-25 18:35:00-05:00,SHORT,Breakout,1.2557,1.2563431259855862,1.25411,2024-11-25 18:40:00-05:00,1.25411,TP,0.00013,2.4723,2.2702,2270.16
2024-11-26 02:00:00-05:00,SHORT,Breakout,1.25442,1.2546784079699689,1.2506599999999999,2024-11-26 02:05:00-05:00,1.2546784079699689,SL,0.00013,-1.0,-1.5031,-1503.08
2024-11-26 10:00:00-05:00,SHORT,Breakout,1.2565,1.257468415606195,1.25374,2024-11-26 10:50:00-05:00,1.257468415606195,SL,0.00013,-1.0,-1.1342,-1134.24
2024-11-27 01:50:00-05:00,SHORT,Bounce,1.2572,1.2575426093278277,1.2566,2024-11-27 02:00:00-05:00,1.2575426093278277,SL,0.00014,-1.0,-1.4086,-1408.63
2024-11-27 19:00:00-05:00,SHORT,Breakout,1.26726,1.2673842669851743,1.26689,2024-11-27 19:10:00-05:00,1.26689,TP,0.00013,2.9775,1.9313,1931.33
2024-11-27 19:55:00-05:00,SHORT,Retest,1.267,1.2673899004655966,1.26329,2024-11-27 20:30:00-05:00,1.2673899004655966,SL,0.00013,-1.0,-1.3334,-1333.42
2024-11-28 02:00:00-05:00,SHORT,Breakout,1.26563,1.2657863589290663,1.26329,2024-11-28 02:05:00-05:00,1.2657863589290663,SL,0.00013,-1.0,-1.8314,-1831.42
2024-11-28 02:30:00-05:00,SHORT,Breakout,1.2653400000000001,1.2658079646249183,1.26329,2024-11-28 05:35:00-05:00,1.2658079646249183,SL,0.000124,-1.0,-1.265,-1264.98
2024-12-03 19:30:00-05:00,SHORT,Breakout,1.26662,1.2667776600846685,1.26363,2024-12-03 19:50:00-05:00,1.2667776600846685,SL,0.000126,-1.0,-1.7992,-1799.19
2024-12-06 08:30:00-05:00,LONG,Breakout,1.2795,1.2776328398144465,1.28308,2024-12-06 09:05:00-05:00,1.2776328398144465,SL,0.000118,-1.0,-1.0632,-1063.2
2024-12-10 04:55:00-05:00,LONG,Breakout,1.2753999999999999,1.2750087227324383,1.27625,2024-12-10 05:05:00-05:00,1.27625,TP,0.000118,2.1724,1.8708,1870.8
2024-12-11 08:30:00-05:00,LONG,Breakout,1.27507,1.2746972085055122,1.2771,2024-12-11 08:35:00-05:00,1.2746972085055122,SL,9.8e-05,-1.0,-1.2629,-1262.88
2024-12-11 09:50:00-05:00,LONG,Retest,1.2755,1.2746529566772715,1.27811,2024-12-11 10:00:00-05:00,1.2746529566772715,SL,0.000126,-1.0,-1.1488,-1148.75
2024-12-12 00:30:00-05:00,LONG,Bounce,1.27636,1.2760357230201387,1.27692,2024-12-12 01:55:00-05:00,1.27692,TP,0.00013,1.7269,1.326,1326.03
2024-12-12 03:30:00-05:00,LONG,Bounce,1.2764,1.2759510662895575,1.27874,2024-12-12 03:40:00-05:00,1.2759510662895575,SL,0.000118,-1.0,-1.2628,-1262.85
2024-12-12 19:55:00-05:00,LONG,Bounce,1.26761,1.2671849888525606,1.2719,2024-12-12 20:15:00-05:00,1.2671849888525606,SL,0.00013,-1.0,-1.3059,-1305.87
2024-12-13 01:00:00-05:00,SHORT,Bounce,1.2662200000000001,1.2664760263025336,1.26294,2024-12-13 02:25:00-05:00,1.26294,TP,0.00013,12.8112,12.3034,12303.42
2024-12-17 19:00:00-05:00,SHORT,Breakout,1.2707,1.2709704825158012,1.27024,2024-12-17 19:15:00-05:00,1.2709704825158012,SL,0.00013,-1.0,-1.4806,-1480.62
2024-12-19 19:05:00-05:00,SHORT,Breakout,1.24936,1.2494943565615408,1.24867,2024-12-19 19:15:00-05:00,1.2494943565615408,SL,0.000122,-1.0,-1.908,-1908.03
2024-12-19 20:25:00-05:00,SHORT,Retest,1.24913,1.2495037242411664,1.24452,2024-12-19 20:30:00-05:00,1.2495037242411664,SL,0.000138,-1.0,-1.3693,-1369.26
2024-12-23 01:15:00-05:00,SHORT,Breakout,1.25742,1.2575882331089676,1.2570299999999999,2024-12-23 01:25:00-05:00,1.2570299999999999,TP,0.00012,2.3182,1.6049,1604.92
2024-12-26 07:10:00-05:00,SHORT,Breakout,1.25224,1.2523732541682475,1.25183,2024-12-26 07:20:00-05:00,1.25183,TP,0.00012,3.0768,2.1763,2176.29
2024-12-26 08:35:00-05:00,SHORT,Breakout,1.2522,1.2524049942980413,1.25096,2024-12-26 08:40:00-05:00,1.2524049942980413,SL,0.000118,-1.0,-1.5756,-1575.63
2024-12-26 09:30:00-05:00,SHORT,Breakout,1.25123,1.2514795207044058,1.25096,2024-12-26 09:40:00-05:00,1.25096,TP,0.00012,1.0821,0.6012,601.15
2024-12-27 00:55:00-05:00,SHORT,Breakout,1.25202,1.2521190773470312,1.25179,2024-12-27 01:10:00-05:00,1.25179,TP,0.00012,2.3214,1.1102,1110.24
2024-12-27 05:55:00-05:00,SHORT,Bounce,1.25326,1.2534732631175858,1.25047,2024-12-27 06:15:00-05:00,1.2534732631175858,SL,0.00012,-1.0,-1.5627,-1562.69
2024-12-30 03:10:00-05:00,SHORT,Breakout,1.25702,1.2579035838136476,1.2563,2024-12-30 03:30:00-05:00,1.2563,TP,0.00012,0.8149,0.6791,679.05
2024-12-30 09:30:00-05:00,SHORT,Breakout,1.25508,1.2562588850286514,1.25047,2024-12-31 02:40:00-05:00,1.2562588850286514,SL,0.00012,-1.0,-1.1018,-1101.79
2024-12-31 07:55:00-05:00,SHORT,Breakout,1.25308,1.2532971895640452,1.2506,2024-12-31 08:00:00-05:00,1.2532971895640452,SL,0.00012,-1.0,-1.5525,-1552.51
2024-12-31 09:45:00-05:00,SHORT,Retest,1.25255,1.2533143970179572,1.25198,2024-12-31 10:05:00-05:00,1.2533143970179572,SL,0.00012,-1.0,-1.157,-1156.99
2024-12-31 11:00:00-05:00,SHORT,Breakout,1.25176,1.252160788284374,1.2506,2024-12-31 11:15:00-05:00,1.252160788284374,SL,0.00012,-1.0,-1.2994,-1299.41
2025-01-02 02:00:00-05:00,SHORT,Breakout,1.25259,1.2529554287669864,1.2509000000000001,2025-01-02 02:10:00-05:00,1.2529554287669864,SL,0.00012,-1.0,-1.3284,-1328.38
2025-01-02 02:55:00-05:00,SHORT,Breakout,1.25211,1.2526091680953786,1.2509000000000001,2025-01-02 03:05:00-05:00,1.2509000000000001,TP,0.00012,2.424,2.1836,2183.63
2025-01-03 02:35:00-05:00,SHORT,Bounce,1.23928,1.239625142899781,1.23859,2025-01-03 02:55:00-05:00,1.239625142899781,SL,0.00012,-1.0,-1.3477,-1347.68
2025-01-03 03:00:00-05:00,SHORT,Bounce,1.24023,1.2406893493200162,1.23859,2025-01-03 04:10:00-05:00,1.2406893493200162,SL,0.00012,-1.0,-1.2612,-1261.24
2025-01-03 08:55:00-05:00,SHORT,Breakout,1.24011,1.2403488055488308,1.23861,2025-01-03 09:30:00-05:00,1.2403488055488308,SL,0.00012,-1.0,-1.5025,-1502.5
2025-01-03 10:05:00-05:00,SHORT,Bounce,1.24076,1.241322664034274,1.2393399999999999,2025-01-03 10:20:00-05:00,1.2393399999999999,TP,0.00012,2.5237,2.3104,2310.44
2025-01-06 02:00:00-05:00,SHORT,Bounce,1.2441,1.2444222473074005,1.24353,2025-01-06 02:10:00-05:00,1.2444222473074005,SL,0.00012,-1.0,-1.3724,-1372.38
2025-01-08 00:30:00-05:00,SHORT,Bounce,1.24851,1.2487119916334395,1.24776,2025-01-08 00:45:00-05:00,1.2487119916334395,SL,0.000118,-1.0,-1.5842,-1584.18
2025-01-08 02:30:00-05:00,SHORT,Breakout,1.24738,1.247941675734889,1.24663,2025-01-08 02:40:00-05:00,1.24663,TP,0.00012,1.3353,1.1216,1121.64
2025-01-08 19:35:00-05:00,SHORT,Breakout,1.23479,1.2351631825780869,1.23374,2025-01-08 19:45:00-05:00,1.2351631825780869,SL,0.00012,-1.0,-1.3216,-1321.56
2025-01-09 01:00:00-05:00,SHORT,Breakout,1.23288,1.2332448648951213,1.23238,2025-01-09 01:05:00-05:00,1.23238,TP,0.00012,1.3704,1.0415,1041.48
2025-01-09 14:55:00-05:00,SHORT,Bounce,1.23083,1.2309399060591082,1.2296,2025-01-09 15:00:00-05:00,1.2309399060591082,SL,0.00012,-1.0,-2.0918,-2091.84
2025-01-10 03:35:00-05:00,SHORT,Bounce,1.22923,1.2294680212379308,1.22658,2025-01-10 03:40:00-05:00,1.2294680212379308,SL,0.00012,-1.0,-1.5042,-1504.16
2025-01-12 20:05:00-05:00,SHORT,Breakout,1.21964,1.2199594746582274,1.21915,2025-01-12 20:10:00-05:00,1.2199594746582274,SL,0.00012,-1.0,-1.3756,-1375.62
2025-01-12 20:30:00-05:00,SHORT,Breakout,1.21977,1.2199646159343525,1.21915,2025-01-12 20:35:00-05:00,1.21915,TP,0.00012,3.1858,2.5692,2569.16
2025-01-14 07:05:00-05:00,SHORT,Breakout,1.21696,1.2175203703900779,1.2163599999999999,2025-01-14 07:10:00-05:00,1.2163599999999999,TP,0.00012,1.0707,0.8566,856.58
2025-01-15 20:25:00-05:00,SHORT,Breakout,1.22318,1.223348162816893,1.21876,2025-01-15 20:30:00-05:00,1.223348162816893,SL,0.00012,-1.0,-1.7136,-1713.59
2025-01-15 21:00:00-05:00,SHORT,Retest,1.22275,1.2233512908210753,1.21876,2025-01-16 08:10:00-05:00,1.21876,TP,0.00012,6.6357,6.4362,6436.15
2025-01-16 08:25:00-05:00,SHORT,Breakout,1.21827,1.2190602425726618,1.21638,2025-01-16 08:30:00-05:00,1.2190602425726618,SL,0.00012,-1.0,-1.1519,-1151.85
2025-01-16 08:35:00-05:00,SHORT,Breakout,1.21853,1.2190881989529583,1.21638,2025-01-16 08:40:00-05:00,1.2190881989529583,SL,0.00012,-1.0,-1.215,-1214.98
2025-01-16 08:45:00-05:00,SHORT,Breakout,1.21878,1.219092732770663,1.21638,2025-01-16 08:50:00-05:00,1.219092732770663,SL,0.00012,-1.0,-1.3837,-1383.71
2025-01-17 07:00:00-05:00,SHORT,Breakout,1.21882,1.2195093985833558,1.21834,2025-01-17 07:10:00-05:00,1.2195093985833558,SL,0.00012,-1.0,-1.1741,-1174.06
2025-01-17 07:25:00-05:00,SHORT,Retest,1.21897,1.2195076652961006,1.21834,2025-01-17 07:35:00-05:00,1.2195076652961006,SL,0.00012,-1.0,-1.2232,-1223.19
2025-01-19 18:40:00-05:00,SHORT,Retest,1.21633,1.2165688454275505,1.21374,2025-01-19 18:45:00-05:00,1.2165688454275505,SL,0.00016,-1.0,-1.6699,-1669.89
2025-01-19 19:00:00-05:00,SHORT,Bounce,1.21762,1.2180432632303277,1.21374,2025-01-19 19:05:00-05:00,1.2180432632303277,SL,0.00015,-1.0,-1.3544,-1354.39
2025-01-20 19:20:00-05:00,SHORT,Bounce,1.23393,1.2344844838706384,1.2316799999999999,2025-01-20 19:50:00-05:00,1.2316799999999999,TP,0.000128,4.0578,3.827,3826.98
2025-01-20 19:50:00-05:00,SHORT,Breakout,1.22725,1.231883438972488,1.22555,2025-01-20 19:55:00-05:00,1.22555,TP,0.000114,0.3669,0.3423,342.29
2025-01-24 09:30:00-05:00,LONG,Breakout,1.24277,1.2420507056297236,1.24353,2025-01-24 09:45:00-05:00,1.24353,TP,0.00012,1.0566,0.8898,889.76
2025-01-24 14:55:00-05:00,LONG,Bounce,1.24825,1.2478087793632793,1.25013,2025-01-24 15:00:00-05:00,1.2478087793632793,SL,0.00013,-1.0,-1.2946,-1294.64
2025-01-28 03:00:00-05:00,LONG,Bounce,1.24383,1.2432885811018153,1.24531,2025-01-28 03:05:00-05:00,1.2432885811018153,SL,0.00012,-1.0,-1.2216,-1221.64
2025-01-28 19:20:00-05:00,LONG,Breakout,1.24429,1.2441764984621044,1.24552,2025-01-28 19:25:00-05:00,1.2441764984621044,SL,0.000132,-1.0,-2.163,-2162.98
2025-01-29 01:00:00-05:00,LONG,Breakout,1.2458,1.2452670274811743,1.2465,2025-01-29 01:55:00-05:00,1.2452670274811743,SL,0.00012,-1.0,-1.2252,-1225.15
2025-01-29 02:05:00-05:00,LONG,Breakout,1.24551,1.245256245194658,1.2465,2025-01-29 02:25:00-05:00,1.245256245194658,SL,0.00012,-1.0,-1.4729,-1472.9
2025-01-29 14:35:00-05:00,LONG,Bounce,1.24392,1.2431852374825092,1.24488,2025-01-29 14:40:00-05:00,1.24488,TP,0.00012,1.3065,1.1432,1143.23
2025-01-29 14:40:00-05:00,LONG,Breakout,1.24516,1.2446874348051868,1.24627,2025-01-29 14:45:00-05:00,1.2446874348051868,SL,0.000122,-1.0,-1.2582,-1258.17
2025-01-30 08:20:00-05:00,LONG,Breakout,1.24429,1.243540052468409,1.24619,2025-01-30 08:30:00-05:00,1.243540052468409,SL,0.00012,-1.0,-1.16,-1160.01
2025-01-30 08:45:00-05:00,LONG,Breakout,1.24421,1.2435262638245095,1.24619,2025-01-30 08:55:00-05:00,1.24619,TP,0.00012,2.8959,2.7203,2720.35
2025-01-30 20:25:00-05:00,LONG,Bounce,1.24165,1.2408720613271014,1.24304,2025-01-31 01:45:00-05:00,1.24304,TP,0.000116,1.7868,1.6377,1637.66
2025-01-31 02:20:00-05:00,LONG,Breakout,1.24262,1.2424661458604729,1.24638,2025-01-31 02:25:00-05:00,1.2424661458604729,SL,0.00013,-1.0,-1.845,-1844.96
2025-01-31 08:05:00-05:00,LONG,Breakout,1.24297,1.2425076339281997,1.2439,2025-01-31 08:15:00-05:00,1.2425076339281997,SL,0.00012,-1.0,-1.2595,-1259.53
2025-02-03 16:20:00-05:00,SHORT,Bounce,1.24078,1.2409638607375388,1.23922,2025-02-03 16:25:00-05:00,1.2409638607375388,SL,0.00012,-1.0,-1.6527,-1652.67
2025-02-03 23:50:00-05:00,SHORT,Breakout,1.24075,1.2409568120899377,1.23967,2025-02-03 23:55:00-05:00,1.2409568120899377,SL,0.000128,-1.0,-1.6189,-1618.92
2025-02-04 09:35:00-05:00,LONG,Breakout,1.24411,1.2435209183943823,1.24524,2025-02-04 10:00:00-05:00,1.24524,TP,0.00013,1.9182,1.6976,1697.56
2025-02-04 20:00:00-05:00,LONG,Breakout,1.24852,1.2481713121760607,1.24899,2025-02-04 20:15:00-05:00,1.2481713121760607,SL,0.00012,-1.0,-1.3441,-1344.15
2025-02-05 01:20:00-05:00,LONG,Breakout,1.24865,1.2481371717505207,1.24892,2025-02-05 01:35:00-05:00,1.2481371717505207,SL,0.00012,-1.0,-1.234,-1234.0
2025-02-05 02:15:00-05:00,LONG,Breakout,1.2494,1.2486659839564442,1.24998,2025-02-05 02:25:00-05:00,1.24998,TP,0.00012,0.7902,0.6267,626.69
2025-02-05 03:35:00-05:00,LONG,Retest,1.24969,1.2486415042961612,1.25054,2025-02-05 03:50:00-05:00,1.25054,TP,0.00012,0.8107,0.6962,696.24
2025-02-05 19:10:00-05:00,LONG,Breakout,1.25069,1.2505887910611175,1.25136,2025-02-05 19:15:00-05:00,1.2505887910611175,SL,0.00012,-1.0,-2.1857,-2185.67
2025-02-05 20:35:00-05:00,LONG,Breakout,1.25089,1.25065866752525,1.25136,2025-02-05 20:40:00-05:00,1.25065866752525,SL,0.00012,-1.0,-1.5187,-1518.73
2025-02-06 01:55:00-05:00,LONG,Bounce,1.24851,1.2481819836468273,1.24961,2025-02-06 02:05:00-05:00,1.2481819836468273,SL,0.00012,-1.0,-1.3658,-1365.84
2025-02-06 19:00:00-05:00,LONG,Breakout,1.24408,1.2439872577782212,1.24548,2025-02-06 19:05:00-05:00,1.2439872577782212,SL,0.00012,-1.0,-2.2939,-2293.91
2025-02-11 02:00:00-05:00,SHORT,Breakout,1.23548,1.2358509114214218,1.2345,2025-02-11 02:10:00-05:00,1.2345,TP,0.00012,2.6421,2.3186,2318.61
2025-02-11 02:25:00-05:00,SHORT,Retest,1.2353,1.2358662550395556,1.23355,2025-02-11 03:00:00-05:00,1.23355,TP,0.00012,3.0905,2.8786,2878.56
2025-02-11 07:15:00-05:00,SHORT,Bounce,1.23649,1.2369842815272363,1.23556,2025-02-11 07:20:00-05:00,1.2369842815272363,SL,0.00012,-1.0,-1.2428,-1242.78
2025-02-12 03:00:00-05:00,LONG,Breakout,1.24592,1.2457328946564532,1.24659,2025-02-12 03:15:00-05:00,1.2457328946564532,SL,0.00012,-1.0,-1.6413,-1641.35
2025-02-12 19:00:00-05:00,LONG,Breakout,1.24537,1.245100053114697,1.2483,2025-02-12 19:10:00-05:00,1.245100053114697,SL,0.000142,-1.0,-1.526,-1526.03
2025-02-13 06:50:00-05:00,LONG,Bounce,1.24748,1.2470552898186686,1.25046,2025-02-13 07:00:00-05:00,1.2470552898186686,SL,0.00012,-1.0,-1.2825,-1282.55
2025-02-13 08:30:00-05:00,LONG,Bounce,1.24708,1.2458102207068058,1.25046,2025-02-13 10:10:00-05:00,1.25046,TP,0.00012,2.6619,2.5674,2567.38
2025-02-13 10:15:00-05:00,LONG,Breakout,1.25123,1.2502878350170052,1.25167,2025-02-13 10:25:00-05:00,1.25167,TP,0.000128,0.467,0.3312,331.15
2025-02-13 19:55:00-05:00,LONG,Bounce,1.25606,1.255663506022877,1.25694,2025-02-13 20:20:00-05:00,1.25694,TP,0.00012,2.2195,1.9168,1916.8
2025-02-14 02:00:00-05:00,LONG,Breakout,1.25625,1.2561355114754962,1.25716,2025-02-14 02:15:00-05:00,1.25716,TP,0.00012,7.9484,6.9003,6900.25
2025-02-14 03:10:00-05:00,LONG,Breakout,1.25777,1.2573647685278007,1.26067,2025-02-14 06:05:00-05:00,1.2573647685278007,SL,0.00012,-1.0,-1.2961,-1296.13
2025-02-14 08:15:00-05:00,LONG,Breakout,1.25966,1.2594571297921213,1.26067,2025-02-14 08:20:00-05:00,1.2594571297921213,SL,0.000124,-1.0,-1.6112,-1611.23
2025-02-14 08:30:00-05:00,LONG,Breakout,1.26036,1.259447718714756,1.26078,2025-02-14 08:45:00-05:00,1.26078,TP,0.00012,0.4604,0.3288,328.85
2025-02-16 20:20:00-05:00,LONG,Breakout,1.25881,1.2586947284806977,1.26112,2025-02-16 22:20:00-05:00,1.2586947284806977,SL,0.000126,-1.0,-2.0931,-2093.07
2025-02-16 22:45:00-05:00,LONG,Retest,1.25895,1.2587013718104367,1.25999,2025-02-17 00:35:00-05:00,1.2587013718104367,SL,0.00012,-1.0,-1.4826,-1482.65
2025-02-17 10:55:00-05:00,LONG,Breakout,1.26058,1.2599356783930296,1.26112,2025-02-17 11:25:00-05:00,1.26112,TP,0.00012,0.8381,0.6518,651.85
2025-02-18 02:00:00-05:00,LONG,Breakout,1.26138,1.2611125714270877,1.2622499999999999,2025-02-18 02:25:00-05:00,1.2611125714270877,SL,0.000122,-1.0,-1.4562,-1456.2
2025-02-18 02:55:00-05:00,LONG,Breakout,1.2614,1.2610947849845389,1.2622499999999999,2025-02-18 03:05:00-05:00,1.2610947849845389,SL,0.00012,-1.0,-1.3932,-1393.17
2025-02-19 04:00:00-05:00,LONG,Bounce,1.26139,1.260975194604811,1.2635399999999999,2025-02-19 04:40:00-05:00,1.260975194604811,SL,0.00012,-1.0,-1.2893,-1289.29
2025-02-19 10:30:00-05:00,LONG,Breakout,1.26027,1.259504056601838,1.2635399999999999,2025-02-19 10:40:00-05:00,1.259504056601838,SL,0.00012,-1.0,-1.1567,-1156.67
2025-02-19 20:30:00-05:00,LONG,Breakout,1.25884,1.2586754950561316,1.26056,2025-02-19 20:35:00-05:00,1.2586754950561316,SL,0.000192,-1.0,-2.1671,-2167.14
2025-02-19 21:40:00-05:00,LONG,Retest,1.25907,1.2586553642918805,1.25933,2025-02-19 21:50:00-05:00,1.25933,TP,0.0002,0.6271,0.1447,144.71
2025-02-20 03:00:00-05:00,LONG,Breakout,1.2601499999999999,1.2597973783032337,1.26056,2025-02-20 03:05:00-05:00,1.26056,TP,0.00018,1.1627,0.6523,652.26
2025-02-20 10:10:00-05:00,LONG,Breakout,1.2624900000000001,1.2621024466048472,1.2635399999999999,2025-02-20 10:25:00-05:00,1.2635399999999999,TP,0.00018,2.7093,2.2449,2244.85
2025-02-20 18:10:00-05:00,LONG,Breakout,1.26714,1.2669985099364007,1.27177,2025-02-20 18:30:00-05:00,1.2669985099364007,SL,0.000192,-1.0,-2.357,-2356.99
2025-02-21 02:00:00-05:00,LONG,Breakout,1.2677100000000001,1.267243332264167,1.27177,2025-02-21 02:05:00-05:00,1.267243332264167,SL,0.00019,-1.0,-1.4071,-1407.14
2025-02-21 09:50:00-05:00,LONG,Breakout,1.2656,1.2653203408707638,1.26779,2025-02-21 09:55:00-05:00,1.2653203408707638,SL,0.00018,-1.0,-1.6436,-1643.64
2025-02-24 08:35:00-05:00,LONG,Breakout,1.26474,1.2643206482247693,1.2656399999999999,2025-02-24 08:40:00-05:00,1.2643206482247693,SL,0.000172,-1.0,-1.4102,-1410.16
2025-02-24 09:00:00-05:00,LONG,Breakout,1.26472,1.2643129008101521,1.2656399999999999,2025-02-24 09:10:00-05:00,1.2643129008101521,SL,0.00018,-1.0,-1.4422,-1442.15
2025-02-26 12:25:00-05:00,LONG,Breakout,1.27089,1.2706398669420895,1.27177,2025-02-26 12:30:00-05:00,1.2706398669420895,SL,0.0002,-1.0,-1.7996,-1799.57
2025-02-26 21:05:00-05:00,LONG,Bounce,1.26637,1.2658973029447131,1.2683499999999999,2025-02-26 21:55:00-05:00,1.2658973029447131,SL,0.0002,-1.0,-1.4231,-1423.1
2025-02-27 03:00:00-05:00,LONG,Breakout,1.26704,1.2664484514668304,1.2683499999999999,2025-02-27 03:25:00-05:00,1.2664484514668304,SL,0.00018,-1.0,-1.3043,-1304.29
2025-02-27 03:30:00-05:00,LONG,Breakout,1.2665899999999999,1.266433704533209,1.2683499999999999,2025-02-27 06:00:00-05:00,1.2683499999999999,TP,0.00018,11.2607,10.1091,10109.06
2025-02-27 18:00:00-05:00,LONG,Bounce,1.26002,1.2595377101261922,1.26113,2025-02-27 18:55:00-05:00,1.2595377101261922,SL,0.0002,-1.0,-1.4147,-1414.69
2025-02-27 20:00:00-05:00,LONG,Breakout,1.2607,1.2604785691303935,1.26113,2025-02-27 20:10:00-05:00,1.2604785691303935,SL,0.0002,-1.0,-1.9032,-1903.22
2025-03-03 03:00:00-05:00,LONG,Bounce,1.25999,1.2598459991527067,1.26072,2025-03-03 03:05:00-05:00,1.2598459991527067,SL,0.00018,-1.0,-2.25,-2249.99
2025-03-04 02:00:00-05:00,LONG,Breakout,1.2701500000000001,1.2697455437025058,1.27078,2025-03-04 02:05:00-05:00,1.2697455437025058,SL,0.00019,-1.0,-1.4698,-1469.77
2025-03-04 02:40:00-05:00,LONG,Breakout,1.27037,1.269722580625581,1.27078,2025-03-04 02:50:00-05:00,1.27078,TP,0.00018,0.6333,0.3553,355.26
2025-03-04 10:20:00-05:00,LONG,Bounce,1.27091,1.2701874231706989,1.27531,2025-03-04 13:05:00-05:00,1.27531,TP,0.00018,6.0893,5.8402,5840.21
2025-03-04 13:10:00-05:00,LONG,Breakout,1.27656,1.2751534066105001,1.27874,2025-03-04 14:55:00-05:00,1.27874,TP,0.0002,1.5498,1.4077,1407.66
2025-03-04 19:15:00-05:00,LONG,Bounce,1.27874,1.2785349659770393,1.27963,2025-03-04 19:20:00-05:00,1.2785349659770393,SL,0.0002,-1.0,-1.9754,-1975.45
2025-03-05 01:55:00-05:00,LONG,Breakout,1.27958,1.2793186881620437,1.28101,2025-03-05 02:30:00-05:00,1.28101,TP,0.00019,5.4724,4.7453,4745.29
2025-03-05 06:50:00-05:00,LONG,Bounce,1.28213,1.2815107623934379,1.28537,2025-03-05 07:55:00-05:00,1.2815107623934379,SL,0.00018,-1.0,-1.2907,-1290.68
2025-03-05 19:25:00-05:00,LONG,Bounce,1.28965,1.2887886189286448,1.29,2025-03-05 20:40:00-05:00,1.29,TP,0.000188,0.4063,0.1881,188.07
2025-03-06 01:10:00-05:00,LONG,Breakout,1.29114,1.2906886562783626,1.29217,2025-03-06 01:20:00-05:00,1.2906886562783626,SL,0.00019,-1.0,-1.421,-1420.97
2025-03-06 02:05:00-05:00,LONG,Breakout,1.2913700000000001,1.2906604042786913,1.29217,2025-03-06 02:10:00-05:00,1.2906604042786913,SL,0.00019,-1.0,-1.2678,-1267.76
2025-03-06 02:35:00-05:00,LONG,Breakout,1.29105,1.2906348011577375,1.29217,2025-03-06 02:40:00-05:00,1.2906348011577375,SL,0.00018,-1.0,-1.4335,-1433.53
2025-03-07 02:05:00-05:00,LONG,Breakout,1.28974,1.289108713161939,1.29025,2025-03-07 02:25:00-05:00,1.29025,TP,0.00019,0.8079,0.5069,506.9
2025-03-07 08:30:00-05:00,LONG,Breakout,1.29298,1.292087963500565,1.29439,2025-03-07 08:40:00-05:00,1.292087963500565,SL,0.00018,-1.0,-1.2018,-1201.79
2025-03-09 20:40:00-04:00,LONG,Breakout,1.29394,1.2936358556269019,1.29439,2025-03-09 21:00:00-04:00,1.29439,TP,0.0002,1.4796,0.822,821.98
2025-03-09 21:00:00-04:00,LONG,Breakout,1.29419,1.2936317778154922,1.29457,2025-03-09 21:25:00-04:00,1.2936317778154922,SL,0.00019,-1.0,-1.3404,-1340.37
2025-03-10 03:00:00-04:00,LONG,Breakout,1.2917399999999999,1.2915018293887865,1.29449,2025-03-10 03:05:00-04:00,1.2915018293887865,SL,0.00019,-1.0,-1.7977,-1797.75
2025-03-10 20:00:00-04:00,LONG,Breakout,1.28809,1.287925661149429,1.29458,2025-03-10 20:10:00-04:00,1.287925661149429,SL,0.0002,-1.0,-2.217,-2217.0
2025-03-10 20:15:00-04:00,LONG,Retest,1.2883200000000001,1.2879242228663612,1.29458,2025-03-10 21:00:00-04:00,1.2879242228663612,SL,0.0002,-1.0,-1.5053,-1505.33
2025-03-11 08:30:00-04:00,LONG,Breakout,1.2948,1.2939431508520676,1.2976,2025-03-11 09:00:00-04:00,1.2939431508520676,SL,0.00018,-1.0,-1.2101,-1210.07
2025-03-11 14:40:00-04:00,LONG,Breakout,1.29633,1.2954698195610603,1.2976,2025-03-11 14:50:00-04:00,1.2954698195610603,SL,0.0002,-1.0,-1.2325,-1232.51
2025-03-11 15:15:00-04:00,LONG,Retest,1.29583,1.2954709578284025,1.2976,2025-03-11 15:50:00-04:00,1.2954709578284025,SL,0.0002,-1.0,-1.557,-1557.04
2025-03-12 04:50:00-04:00,LONG,Breakout,1.29346,1.293052922883854,1.29422,2025-03-12 05:00:00-04:00,1.29422,TP,0.00018,1.867,1.4248,1424.79
2025-03-12 21:00:00-04:00,LONG,Breakout,1.2968600000000001,1.2965827492926343,1.29719,2025-03-12 21:05:00-04:00,1.2965827492926343,SL,0.0002,-1.0,-1.7214,-1721.37
2025-03-13 01:30:00-04:00,LONG,Bounce,1.29538,1.2952770333329666,1.29727,2025-03-13 01:35:00-04:00,1.2952770333329666,SL,0.000178,-1.0,-2.7287,-2728.71
2025-03-13 02:25:00-04:00,LONG,Bounce,1.29541,1.2952657564383752,1.29617,2025-03-13 02:35:00-04:00,1.2952657564383752,SL,0.0002,-1.0,-2.3865,-2386.54
2025-03-13 07:20:00-04:00,LONG,Bounce,1.29477,1.2942076147156556,1.29627,2025-03-13 07:40:00-04:00,1.2942076147156556,SL,0.00018,-1.0,-1.3201,-1320.07
2025-03-13 08:35:00-04:00,LONG,Bounce,1.2945,1.2941754225736553,1.2965,2025-03-13 08:40:00-04:00,1.2941754225736553,SL,0.00018,-1.0,-1.5546,-1554.57
2025-03-14 06:45:00-04:00,LONG,Breakout,1.2943,1.2938625823150625,1.29489,2025-03-14 06:50:00-04:00,1.29489,TP,0.00018,1.3488,0.9373,937.32
2025-03-14 08:30:00-04:00,LONG,Retest,1.29439,1.293867706213457,1.2953000000000001,2025-03-14 08:35:00-04:00,1.293867706213457,SL,0.00018,-1.0,-1.3446,-1344.63
2025-03-17 04:05:00-04:00,LONG,Breakout,1.29375,1.293583947995585,1.29441,2025-03-17 04:15:00-04:00,1.29441,TP,0.00018,3.9747,2.8907,2890.66
2025-03-17 09:45:00-04:00,LONG,Breakout,1.29789,1.2975557273673828,1.29819,2025-03-17 09:50:00-04:00,1.29819,TP,0.000158,0.8975,0.4248,424.8
2025-03-17 10:55:00-04:00,LONG,Retest,1.29812,1.2975645125269244,1.29885,2025-03-17 11:20:00-04:00,1.29885,TP,0.000172,1.3142,1.0045,1004.52
2025-03-17 11:55:00-04:00,LONG,Breakout,1.2984200000000001,1.2981025651584497,1.3008600000000001,2025-03-17 12:15:00-04:00,1.2981025651584497,SL,0.00018,-1.0,-1.567,-1567.05
2025-03-17 14:15:00-04:00,LONG,Breakout,1.29968,1.299206502004692,1.3008600000000001,2025-03-17 15:15:00-04:00,1.299206502004692,SL,0.000178,-1.0,-1.3759,-1375.93
2025-03-17 20:35:00-04:00,LONG,Bounce,1.2983500000000001,1.2982497072081363,1.29974,2025-03-17 20:40:00-04:00,1.2982497072081363,SL,0.000182,-1.0,-2.8147,-2814.69
2025-03-18 11:50:00-04:00,LONG,Breakout,1.29919,1.2975602968256517,1.3002500000000001,2025-03-18 13:00:00-04:00,1.3002500000000001,TP,0.00018,0.6504,0.54,539.98
2025-03-19 14:00:00-04:00,LONG,Breakout,1.29818,1.2974053834725499,1.3002099999999999,2025-03-19 14:05:00-04:00,1.2974053834725499,SL,0.0002,-1.0,-1.2582,-1258.19
2025-03-19 20:00:00-04:00,LONG,Breakout,1.30128,1.3009901264044599,1.30473,2025-03-19 20:10:00-04:00,1.3009901264044599,SL,0.000182,-1.0,-1.6279,-1627.86
2025-03-19 20:30:00-04:00,LONG,Bounce,1.30072,1.3001689666773868,1.30473,2025-03-19 21:05:00-04:00,1.3001689666773868,SL,0.0002,-1.0,-1.363,-1362.95
2025-03-19 21:15:00-04:00,LONG,Bounce,1.30045,1.300167489664059,1.30139,2025-03-19 21:45:00-04:00,1.300167489664059,SL,0.0002,-1.0,-1.7079,-1707.94
2025-03-20 17:55:00-04:00,LONG,Bounce,1.297,1.2954935560148129,1.29729,2025-03-20 23:20:00-04:00,1.2954935560148129,SL,0.00058,-1.0,-1.385,-1385.01
2025-03-21 08:00:00-04:00,LONG,Breakout,1.2951,1.2945811161966092,1.29672,2025-03-21 08:20:00-04:00,1.2945811161966092,SL,0.00018,-1.0,-1.3469,-1346.9
2025-03-24 18:15:00-04:00,LONG,Bounce,1.29182,1.2916901527108493,1.29264,2025-03-24 20:15:00-04:00,1.2916901527108493,SL,0.000228,-1.0,-2.7559,-2755.91
2025-03-24 21:15:00-04:00,LONG,Breakout,1.29239,1.292230069821823,1.29264,2025-03-24 21:20:00-04:00,1.292230069821823,SL,0.000188,-1.0,-2.1755,-2175.51
2025-03-26 01:10:00-04:00,LONG,Bounce,1.2931300000000001,1.292959728535102,1.29454,2025-03-26 01:15:00-04:00,1.292959728535102,SL,0.000174,-1.0,-2.0219,-2021.9
2025-03-26 02:00:00-04:00,LONG,Bounce,1.29309,1.292959076825011,1.29454,2025-03-26 03:00:00-04:00,1.292959076825011,SL,0.000144,-1.0,-2.0999,-2099.88
2025-03-26 11:55:00-04:00,LONG,Bounce,1.2885,1.287249183895663,1.29027,2025-03-26 17:20:00-04:00,1.287249183895663,SL,0.00018,-1.0,-1.1439,-1143.91
2025-03-26 18:15:00-04:00,LONG,Bounce,1.28739,1.2870914434427323,1.28919,2025-03-26 18:25:00-04:00,1.2870914434427323,SL,0.00034,-1.0,-2.1388,-2138.81
2025-03-26 18:25:00-04:00,LONG,Bounce,1.28725,1.2870933976623558,1.28919,2025-03-26 21:00:00-04:00,1.28919,TP,0.00033,12.3881,10.2808,10280.82
2025-03-26 21:00:00-04:00,LONG,Breakout,1.28929,1.2891238981232909,1.2901099999999999,2025-03-26 21:05:00-04:00,1.2891238981232909,SL,0.000188,-1.0,-2.1318,-2131.84
2025-03-26 21:15:00-04:00,LONG,Breakout,1.28933,1.28912597382539,1.2901099999999999,2025-03-26 21:50:00-04:00,1.2901099999999999,TP,0.0002,3.823,2.8428,2842.77
2025-03-27 02:05:00-04:00,LONG,Breakout,1.2925499999999999,1.2924102587102937,1.29425,2025-03-27 02:10:00-04:00,1.2924102587102937,SL,0.000188,-1.0,-2.3453,-2345.34
2025-03-27 20:20:00-04:00,LONG,Bounce,1.29453,1.29412152812692,1.29529,2025-03-27 20:40:00-04:00,1.29412152812692,SL,0.000166,-1.0,-1.4064,-1406.39
2025-03-28 01:30:00-04:00,LONG,Bounce,1.29406,1.2939506814954747,1.29522,2025-03-28 01:45:00-04:00,1.2939506814954747,SL,0.000134,-1.0,-2.2258,-2225.78
2025-03-28 03:10:00-04:00,LONG,Breakout,1.29562,1.2951241587686253,1.2965900000000001,2025-03-28 03:30:00-04:00,1.2965900000000001,TP,0.00019,1.9563,1.5731,1573.08
2025-03-28 04:00:00-04:00,LONG,Breakout,1.29546,1.2951088923737377,1.29915,2025-03-28 04:20:00-04:00,1.2951088923737377,SL,0.00018,-1.0,-1.5127,-1512.66
2025-03-31 02:20:00-04:00,LONG,Breakout,1.29611,1.295965985363752,1.2971,2025-03-31 02:25:00-04:00,1.295965985363752,SL,0.00019,-1.0,-2.3193,-2319.31
2025-03-31 02:55:00-04:00,LONG,Breakout,1.29657,1.295945182119391,1.2971,2025-03-31 03:00:00-04:00,1.295945182119391,SL,0.00018,-1.0,-1.2881,-1288.08
2025-03-31 20:35:00-04:00,LONG,Retest,1.29213,1.292010932856243,1.29587,2025-03-31 20:40:00-04:00,1.292010932856243,SL,0.000164,-1.0,-2.3774,-2377.37
2025-04-01 18:15:00-04:00,LONG,Breakout,1.29284,1.2926583586956808,1.29322,2025-04-01 18:30:00-04:00,1.2926583586956808,SL,0.000308,-1.0,-2.6956,-2695.65
2025-04-03 01:25:00-04:00,LONG,Breakout,1.30872,1.30751218416899,1.30981,2025-04-03 01:45:00-04:00,1.30981,TP,0.0002,0.9025,0.7369,736.87
2025-04-03 06:10:00-04:00,LONG,Breakout,1.31939,1.3180282864415547,1.32514,2025-04-03 06:35:00-04:00,1.3180282864415547,SL,0.00018,-1.0,-1.1322,-1132.19
2025-04-06 18:45:00-04:00,SHORT,Bounce,1.28765,1.2887018045355645,1.28259,2025-04-06 19:00:00-04:00,1.2887018045355645,SL,0.00037,-1.0,-1.3518,-1351.78
2025-04-07 10:20:00-04:00,SHORT,Breakout,1.27951,1.2806099877872674,1.27843,2025-04-07 10:30:00-04:00,1.2806099877872674,SL,0.00018,-1.0,-1.1636,-1163.64
2025-04-07 19:45:00-04:00,SHORT,Bounce,1.27338,1.273731315746555,1.27064,2025-04-07 19:50:00-04:00,1.273731315746555,SL,0.0002,-1.0,-1.5693,-1569.29
2025-04-07 19:50:00-04:00,SHORT,Bounce,1.27337,1.273730507478944,1.27064,2025-04-07 20:00:00-04:00,1.273730507478944,SL,0.0002,-1.0,-1.5548,-1554.77
2025-04-08 02:30:00-04:00,SHORT,Bounce,1.27831,1.2791674847226224,1.27251,2025-04-08 02:40:00-04:00,1.2791674847226224,SL,0.00018,-1.0,-1.2099,-1209.92
2025-04-08 20:00:00-04:00,SHORT,Bounce,1.27823,1.2786493726546644,1.2751299999999999,2025-04-08 20:25:00-04:00,1.2786493726546644,SL,0.0002,-1.0,-1.4769,-1476.9
2025-04-09 13:20:00-04:00,SHORT,Bounce,1.27646,1.2789213300087026,1.27429,2025-04-09 13:45:00-04:00,1.2789213300087026,SL,0.0002,-1.0,-1.0813,-1081.26
2025-04-10 02:30:00-04:00,SHORT,Bounce,1.2863,1.2870738599763827,1.28212,2025-04-10 02:40:00-04:00,1.2870738599763827,SL,0.00018,-1.0,-1.2326,-1232.6
2025-04-10 02:55:00-04:00,SHORT,Bounce,1.2866900000000001,1.2871040500985658,1.28212,2025-04-10 03:50:00-04:00,1.2871040500985658,SL,0.00018,-1.0,-1.4347,-1434.73
2025-04-13 20:05:00-04:00,LONG,Breakout,1.30971,1.309237873046072,1.3134000000000001,2025-04-13 20:20:00-04:00,1.309237873046072,SL,0.0002,-1.0,-1.4236,-1423.61
2025-04-13 20:55:00-04:00,LONG,Breakout,1.3096,1.3092294829978828,1.3134000000000001,2025-04-14 02:05:00-04:00,1.3134000000000001,TP,0.0002,10.2559,9.7162,9716.15
2025-04-14 02:05:00-04:00,LONG,Breakout,1.3132,1.311521704160832,1.31444,2025-04-14 02:20:00-04:00,1.31444,TP,0.00019,0.7388,0.6256,625.63
2025-04-14 08:10:00-04:00,LONG,Bounce,1.3168199999999999,1.3159725040948136,1.32003,2025-04-14 08:50:00-04:00,1.3159725040948136,SL,0.00018,-1.0,-1.2124,-1212.39
2025-04-14 18:15:00-04:00,LONG,Bounce,1.31808,1.3178487048925371,1.31988,2025-04-14 18:55:00-04:00,1.3178487048925371,SL,0.000354,-1.0,-2.5305,-2530.51
2025-04-15 20:05:00-04:00,LONG,Breakout,1.32404,1.3236330221918342,1.32458,2025-04-15 20:10:00-04:00,1.32458,TP,0.0002,1.3269,0.8354,835.43
2025-04-16 08:40:00-04:00,LONG,Bounce,1.32617,1.325593641194656,1.32751,2025-04-16 08:45:00-04:00,1.325593641194656,SL,0.00018,-1.0,-1.3123,-1312.31
2025-04-16 08:45:00-04:00,LONG,Bounce,1.32614,1.3255920953950378,1.32751,2025-04-16 08:50:00-04:00,1.3255920953950378,SL,0.00018,-1.0,-1.3285,-1328.52
2025-04-16 13:30:00-04:00,LONG,Bounce,1.3231899999999999,1.3224091582402993,1.32705,2025-04-16 13:50:00-04:00,1.3224091582402993,SL,0.0002,-1.0,-1.2561,-1256.13
2025-04-17 06:10:00-04:00,LONG,Bounce,1.32425,1.3233383235645937,1.32467,2025-04-17 06:20:00-04:00,1.3233383235645937,SL,0.00018,-1.0,-1.1974,-1197.44
2025-04-17 08:20:00-04:00,LONG,Bounce,1.32243,1.3217479628063675,1.32362,2025-04-17 08:40:00-04:00,1.32362,TP,0.00018,1.7448,1.4809,1480.86
2025-04-17 08:45:00-04:00,LONG,Breakout,1.32394,1.3234768217488708,1.3244799999999999,2025-04-17 08:50:00-04:00,1.3234768217488708,SL,0.00018,-1.0,-1.3886,-1388.62
2025-04-17 08:55:00-04:00,LONG,Retest,1.32488,1.3234655350793836,1.32705,2025-04-17 10:25:00-04:00,1.32705,TP,0.00018,1.5341,1.4069,1406.89
2025-04-17 14:45:00-04:00,LONG,Breakout,1.32691,1.3266529104881062,1.3272599999999999,2025-04-17 14:55:00-04:00,1.3266529104881062,SL,0.000188,-1.0,-1.7313,-1731.26
2025-04-20 18:00:00-04:00,LONG,Bounce,1.32836,1.3277928875726244,1.32977,2025-04-20 18:20:00-04:00,1.32977,TP,0.000596,2.4863,1.4353,1435.34
2025-04-20 18:20:00-04:00,LONG,Breakout,1.3301,1.3296474644929643,1.3305,2025-04-20 18:25:00-04:00,1.3296474644929643,SL,0.00037,-1.0,-1.8176,-1817.62
2025-04-21 09:45:00-04:00,LONG,Breakout,1.34069,1.3400202164588217,1.34212,2025-04-21 09:55:00-04:00,1.3400202164588217,SL,0.0002,-1.0,-1.2986,-1298.6
2025-04-21 18:00:00-04:00,LONG,Bounce,1.33789,1.3371199125992772,1.33836,2025-04-21 19:30:00-04:00,1.33836,TP,0.000326,0.6103,0.187,186.99
2025-04-22 01:40:00-04:00,LONG,Breakout,1.34144,1.3408202422865045,1.3427,2025-04-22 02:25:00-04:00,1.3408202422865045,SL,0.00021,-1.0,-1.3388,-1338.84
2025-04-23 01:30:00-04:00,LONG,Breakout,1.33114,1.3308360636844896,1.33166,2025-04-23 01:35:00-04:00,1.3308360636844896,SL,0.00019,-1.0,-1.6251,-1625.13
2025-04-23 02:35:00-04:00,LONG,Retest,1.33115,1.330806210614125,1.33162,2025-04-23 02:40:00-04:00,1.33162,TP,0.00018,1.3671,0.8435,843.54
2025-04-23 09:30:00-04:00,LONG,Breakout,1.33151,1.330831739263115,1.33379,2025-04-23 09:35:00-04:00,1.330831739263115,SL,0.00018,-1.0,-1.2654,-1265.38
2025-04-23 18:15:00-04:00,LONG,Breakout,1.32711,1.3268886261715616,1.32766,2025-04-23 18:20:00-04:00,1.3268886261715616,SL,0.000312,-1.0,-2.4094,-2409.38
2025-04-23 20:50:00-04:00,LONG,Breakout,1.32764,1.3271439350703067,1.32987,2025-04-23 23:40:00-04:00,1.3271439350703067,SL,0.0002,-1.0,-1.4032,-1403.17
2025-04-24 01:55:00-04:00,LONG,Bounce,1.32673,1.3263374515046378,1.32738,2025-04-24 02:10:00-04:00,1.32738,TP,0.00019,1.6558,1.1718,1171.83
2025-04-24 02:35:00-04:00,LONG,Breakout,1.32759,1.3272796367387025,1.32855,2025-04-24 02:55:00-04:00,1.3272796367387025,SL,0.00018,-1.0,-1.58,-1579.97
2025-04-24 03:00:00-04:00,LONG,Breakout,1.328,1.3272781436894283,1.32855,2025-04-24 03:10:00-04:00,1.32855,TP,0.00018,0.7619,0.5126,512.57
2025-04-25 02:30:00-04:00,LONG,Breakout,1.33016,1.329045848335023,1.33168,2025-04-25 04:35:00-04:00,1.329045848335023,SL,0.00018,-1.0,-1.1616,-1161.56
2025-04-25 06:20:00-04:00,LONG,Bounce,1.32931,1.3288079704752744,1.33091,2025-04-25 06:40:00-04:00,1.33091,TP,0.00018,3.1871,2.8285,2828.52
2025-04-25 08:20:00-04:00,LONG,Breakout,1.3322,1.331608917648724,1.3338999999999999,2025-04-25 09:25:00-04:00,1.331608917648724,SL,0.00018,-1.0,-1.3045,-1304.53
2025-04-28 09:30:00-04:00,LONG,Breakout,1.33555,1.335196365434719,1.33893,2025-04-28 10:30:00-04:00,1.33893,TP,0.0002,9.5579,8.9923,8992.33
2025-04-29 08:20:00-04:00,LONG,Breakout,1.33936,1.3391141929835568,1.3425099999999999,2025-04-29 08:25:00-04:00,1.3391141929835568,SL,0.0002,-1.0,-1.8136,-1813.65
2025-04-29 10:45:00-04:00,LONG,Retest,1.33988,1.3390765351783922,1.3425099999999999,2025-04-29 10:50:00-04:00,1.3390765351783922,SL,0.0002,-1.0,-1.2489,-1248.92
2025-04-30 02:10:00-04:00,LONG,Bounce,1.3388,1.33802804466972,1.34108,2025-04-30 03:30:00-04:00,1.33802804466972,SL,0.00021,-1.0,-1.272,-1272.04
2025-04-30 04:00:00-04:00,LONG,Bounce,1.33847,1.337979968926435,1.34053,2025-04-30 04:15:00-04:00,1.337979968926435,SL,0.0002,-1.0,-1.4081,-1408.14
2025-04-30 23:10:00-04:00,LONG,Bounce,1.33034,1.330214048075255,1.33254,2025-04-30 23:20:00-04:00,1.330214048075255,SL,0.0002,-1.0,-2.5879,-2587.91
2025-05-01 10:00:00-04:00,LONG,Bounce,1.3320699999999999,1.3309191702957666,1.33443,2025-05-01 10:05:00-04:00,1.3309191702957666,SL,0.00018,-1.0,-1.1564,-1156.41
2025-05-02 02:05:00-04:00,LONG,Breakout,1.33161,1.3312028691306017,1.3326500000000001,2025-05-02 02:10:00-04:00,1.3312028691306017,SL,0.00019,-1.0,-1.4667,-1466.68
2025-05-02 02:15:00-04:00,LONG,Breakout,1.33159,1.3311928718524064,1.3326500000000001,2025-05-02 02:35:00-04:00,1.3311928718524064,SL,0.00019,-1.0,-1.4784,-1478.43
2025-05-02 08:25:00-04:00,LONG,Bounce,1.32886,1.328528110260549,1.33152,2025-05-02 08:30:00-04:00,1.328528110260549,SL,0.000184,-1.0,-1.5544,-1554.4
2025-05-02 08:55:00-04:00,LONG,Bounce,1.32896,1.3284675012171547,1.33064,2025-05-02 09:00:00-04:00,1.3284675012171547,SL,0.00018,-1.0,-1.3655,-1365.48
2025-05-04 21:05:00-04:00,LONG,Breakout,1.32805,1.327456942188501,1.32828,2025-05-04 21:10:00-04:00,1.32828,TP,0.000178,0.3878,0.0877,87.68
2025-05-05 01:10:00-04:00,LONG,Breakout,1.33026,1.3299028262770114,1.333,2025-05-05 01:30:00-04:00,1.3299028262770114,SL,0.0002,-1.0,-1.56,-1559.95
2025-05-05 01:30:00-04:00,LONG,Retest,1.33023,1.3299066026993367,1.333,2025-05-05 01:40:00-04:00,1.3299066026993367,SL,0.00019,-1.0,-1.5875,-1587.51
2025-05-05 14:50:00-04:00,LONG,Breakout,1.32864,1.3281880591047552,1.33357,2025-05-05 20:15:00-04:00,1.3281880591047552,SL,0.000182,-1.0,-1.4027,-1402.71
2025-05-06 03:00:00-04:00,LONG,Breakout,1.33074,1.330379602895962,1.33357,2025-05-06 03:15:00-04:00,1.330379602895962,SL,0.00018,-1.0,-1.4994,-1499.45
2025-05-06 16:30:00-04:00,LONG,Bounce,1.33632,1.3357277345400935,1.33962,2025-05-06 17:15:00-04:00,1.3357277345400935,SL,0.00039,-1.0,-1.6585,-1658.49
2025-05-07 01:55:00-04:00,LONG,Breakout,1.33566,1.3353116958959026,1.33612,2025-05-07 02:00:00-04:00,1.33612,TP,0.00021,1.3207,0.7178,717.76
2025-05-07 02:25:00-04:00,LONG,Breakout,1.33558,1.3353009062953687,1.33783,2025-05-07 02:30:00-04:00,1.3353009062953687,SL,0.00021,-1.0,-1.7524,-1752.44
2025-05-07 04:35:00-04:00,LONG,Retest,1.3355000000000001,1.3352741214891963,1.33663,2025-05-07 04:40:00-04:00,1.3352741214891963,SL,0.0002,-1.0,-1.8854,-1885.43
2025-05-07 13:55:00-04:00,LONG,Bounce,1.33335,1.3330436580656484,1.33509,2025-05-07 14:00:00-04:00,1.3330436580656484,SL,0.000194,-1.0,-1.6333,-1633.28
2025-05-07 14:00:00-04:00,LONG,Bounce,1.33382,1.3330318253466735,1.33509,2025-05-07 14:10:00-04:00,1.3330318253466735,SL,0.000212,-1.0,-1.269,-1268.98
2025-05-07 20:05:00-04:00,LONG,Breakout,1.32958,1.3293397439277612,1.33524,2025-05-07 20:40:00-04:00,1.3293397439277612,SL,0.000184,-1.0,-1.7658,-1765.85
2025-05-07 20:45:00-04:00,LONG,Breakout,1.32989,1.329328900221869,1.33524,2025-05-07 21:00:00-04:00,1.329328900221869,SL,0.00019,-1.0,-1.3386,-1338.62
2025-05-08 07:00:00-04:00,LONG,Breakout,1.33108,1.3292094937611387,1.33552,2025-05-08 11:25:00-04:00,1.3292094937611387,SL,0.00018,-1.0,-1.0962,-1096.23
2025-05-08 19:55:00-04:00,LONG,Bounce,1.32382,1.3234694967497542,1.3249900000000001,2025-05-08 20:10:00-04:00,1.3234694967497542,SL,0.000164,-1.0,-1.4679,-1467.9
2025-05-13 01:55:00-04:00,SHORT,Bounce,1.31982,1.3200029617953597,1.3178,2025-05-13 02:00:00-04:00,1.3200029617953597,SL,0.000198,-1.0,-2.0822,-2082.19
2025-05-13 20:00:00-04:00,SHORT,Breakout,1.3299699999999999,1.330205129859685,1.32203,2025-05-13 20:05:00-04:00,1.330205129859685,SL,0.000196,-1.0,-1.8336,-1833.58
2025-05-13 20:05:00-04:00,SHORT,Retest,1.33006,1.3302041920125647,1.32203,2025-05-13 20:10:00-04:00,1.3302041920125647,SL,0.000176,-1.0,-2.2206,-2220.59
2025-05-13 20:30:00-04:00,SHORT,Bounce,1.3309199999999999,1.3314050620963755,1.32203,2025-05-13 20:55:00-04:00,1.3314050620963755,SL,0.000192,-1.0,-1.3958,-1395.83
2025-05-13 20:55:00-04:00,SHORT,Bounce,1.3312599999999999,1.331411382569297,1.32982,2025-05-13 21:10:00-04:00,1.331411382569297,SL,0.0002,-1.0,-2.3212,-2321.16
2025-05-14 03:35:00-04:00,LONG,Breakout,1.33226,1.3310329973954313,1.3344,2025-05-14 04:05:00-04:00,1.3344,TP,0.00018,1.7441,1.5974,1597.39
2025-05-14 20:50:00-04:00,LONG,Breakout,1.3271899999999999,1.326728783111696,1.3308900000000001,2025-05-15 01:30:00-04:00,1.326728783111696,SL,0.000188,-1.0,-1.4076,-1407.62
2025-05-19 02:05:00-04:00,LONG,Breakout,1.33052,1.3302701524914737,1.33129,2025-05-19 02:15:00-04:00,1.33129,TP,0.00019,3.0819,2.3214,2321.42
2025-05-19 21:00:00-04:00,LONG,Breakout,1.3361399999999999,1.3359681608460336,1.3363399999999999,2025-05-19 21:05:00-04:00,1.3359681608460336,SL,0.00022,-1.0,-2.2803,-2280.27
2025-05-19 22:40:00-04:00,LONG,Retest,1.33612,1.3359644121229313,1.33725,2025-05-19 22:50:00-04:00,1.3359644121229313,SL,0.000194,-1.0,-2.2469,-2246.88
2025-05-20 01:55:00-04:00,LONG,Breakout,1.33746,1.336821447789118,1.3403100000000001,2025-05-20 02:30:00-04:00,1.336821447789118,SL,0.00021,-1.0,-1.3289,-1328.87
2025-05-20 02:40:00-04:00,LONG,Retest,1.33712,1.336812246183304,1.33818,2025-05-20 02:45:00-04:00,1.336812246183304,SL,0.0002,-1.0,-1.6499,-1649.87
2025-05-21 02:10:00-04:00,LONG,Breakout,1.3448,1.3433398268212846,1.35118,2025-05-21 03:00:00-04:00,1.3433398268212846,SL,0.00021,-1.0,-1.1438,-1143.82
2025-05-22 02:10:00-04:00,LONG,Bounce,1.34236,1.3418899355743545,1.3439999999999999,2025-05-22 02:45:00-04:00,1.3418899355743545,SL,0.00021,-1.0,-1.4467,-1446.75
2025-05-22 04:05:00-04:00,LONG,Breakout,1.34359,1.3430411857611038,1.3439999999999999,2025-05-22 04:15:00-04:00,1.3430411857611038,SL,0.0002,-1.0,-1.3644,-1364.42
2025-05-22 20:15:00-04:00,LONG,Breakout,1.34263,1.3425160556027573,1.3429,2025-05-22 20:20:00-04:00,1.3425160556027573,SL,0.00022,-1.0,-2.9308,-2930.77
2025-05-23 01:55:00-04:00,LONG,Breakout,1.34551,1.345364382403782,1.3468,2025-05-23 02:15:00-04:00,1.345364382403782,SL,0.00021,-1.0,-2.4421,-2442.13
2025-05-23 07:20:00-04:00,LONG,Breakout,1.35028,1.349939166877105,1.35429,2025-05-23 07:25:00-04:00,1.349939166877105,SL,0.0002,-1.0,-1.5868,-1586.8
2025-05-23 08:35:00-04:00,LONG,Retest,1.35062,1.3498747867319372,1.35151,2025-05-23 08:40:00-04:00,1.35151,TP,0.0002,1.1943,0.9259,925.91
2025-05-25 20:00:00-04:00,LONG,Breakout,1.3542399999999999,1.3536890672183743,1.3548499999999999,2025-05-25 20:05:00-04:00,1.3536890672183743,SL,0.00022,-1.0,-1.3993,-1399.32
2025-05-25 20:10:00-04:00,LONG,Breakout,1.35388,1.3536858997954349,1.3548499999999999,2025-05-25 20:20:00-04:00,1.3548499999999999,TP,0.00022,4.9974,3.864,3863.98
2025-05-26 01:50:00-04:00,LONG,Breakout,1.3587500000000001,1.3583840766804787,1.35925,2025-05-26 02:00:00-04:00,1.3583840766804787,SL,0.00021,-1.0,-1.5739,-1573.89
2025-05-26 02:15:00-04:00,LONG,Retest,1.35881,1.3583749431652827,1.35925,2025-05-26 02:20:00-04:00,1.3583749431652827,SL,0.00021,-1.0,-1.4827,-1482.7
2025-05-26 20:00:00-04:00,LONG,Breakout,1.3568500000000001,1.3566711560170146,1.35916,2025-05-26 22:55:00-04:00,1.3566711560170146,SL,0.000182,-1.0,-2.0176,-2017.65
2025-05-27 20:05:00-04:00,LONG,Breakout,1.35157,1.3513533346950974,1.3564,2025-05-27 20:15:00-04:00,1.3513533346950974,SL,0.000208,-1.0,-1.96,-1960.01
2025-05-27 20:20:00-04:00,LONG,Breakout,1.35161,1.3513492865616359,1.3564,2025-05-27 21:00:00-04:00,1.3513492865616359,SL,0.000184,-1.0,-1.7058,-1705.76
2025-05-29 01:50:00-04:00,LONG,Bounce,1.3429,1.342699400506873,1.34451,2025-05-29 02:15:00-04:00,1.34451,TP,0.00019,8.0259,7.0788,7078.78
2025-05-29 02:20:00-04:00,LONG,Breakout,1.3448,1.344401454121367,1.34701,2025-05-29 04:10:00-04:00,1.34701,TP,0.00021,5.5452,5.0182,5018.24
2025-05-29 08:30:00-04:00,LONG,Breakout,1.34884,1.3481864465059863,1.35186,2025-05-29 10:10:00-04:00,1.3481864465059863,SL,0.0002,-1.0,-1.306,-1306.02
2025-05-29 19:30:00-04:00,LONG,Breakout,1.34992,1.3497066774141384,1.35037,2025-05-29 19:40:00-04:00,1.3497066774141384,SL,0.000212,-1.0,-1.9938,-1993.8
2025-05-29 19:50:00-04:00,LONG,Breakout,1.34986,1.3497131972518015,1.35037,2025-05-29 20:00:00-04:00,1.3497131972518015,SL,0.000186,-1.0,-2.267,-2267.01
2025-05-29 20:00:00-04:00,LONG,Breakout,1.35008,1.3497102568140533,1.35037,2025-05-29 20:05:00-04:00,1.35037,TP,0.00022,0.7843,0.1893,189.32
2025-05-29 21:00:00-04:00,LONG,Breakout,1.34989,1.3496887737731855,1.35186,2025-05-29 21:10:00-04:00,1.3496887737731855,SL,0.00022,-1.0,-2.0933,-2093.3
2025-05-30 08:10:00-04:00,LONG,Breakout,1.34849,1.3480028896690566,1.35101,2025-05-30 08:15:00-04:00,1.3480028896690566,SL,0.0002,-1.0,-1.4106,-1410.58
2025-05-30 08:20:00-04:00,LONG,Breakout,1.3483800000000001,1.3479926038472987,1.35101,2025-05-30 09:15:00-04:00,1.3479926038472987,SL,0.0002,-1.0,-1.5163,-1516.27
2025-06-01 20:05:00-04:00,LONG,Breakout,1.34806,1.3474737036680766,1.34881,2025-06-01 20:10:00-04:00,1.34881,TP,0.00021,1.2792,0.921,921.04
2025-06-02 02:15:00-04:00,LONG,Breakout,1.35101,1.3503632063825628,1.35186,2025-06-02 02:30:00-04:00,1.35186,TP,0.00021,1.3142,0.9895,989.5
2025-06-03 01:45:00-04:00,LONG,Bounce,1.3515,1.3513010464877648,1.35585,2025-06-03 04:00:00-04:00,1.3513010464877648,SL,0.00021,-1.0,-2.0555,-2055.52
2025-06-03 07:00:00-04:00,LONG,Bounce,1.35071,1.3503159733682042,1.3525800000000001,2025-06-03 07:05:00-04:00,1.3503159733682042,SL,0.0002,-1.0,-1.5076,-1507.58
2025-06-03 21:30:00-04:00,LONG,Breakout,1.3536299999999999,1.3531144318655033,1.35585,2025-06-03 22:20:00-04:00,1.3531144318655033,SL,0.00022,-1.0,-1.4267,-1426.71
2025-06-04 00:00:00-04:00,LONG,Bounce,1.35184,1.3513452876208056,1.35433,2025-06-04 00:45:00-04:00,1.3513452876208056,SL,0.00019,-1.0,-1.3841,-1384.06
2025-06-04 10:00:00-04:00,LONG,Breakout,1.35541,1.3546528991688798,1.35585,2025-06-04 10:05:00-04:00,1.35585,TP,0.0002,0.5812,0.317,317.0
2025-06-04 19:20:00-04:00,LONG,Breakout,1.3556599999999999,1.3555310595116286,1.35727,2025-06-04 19:30:00-04:00,1.3555310595116286,SL,0.000214,-1.0,-2.6597,-2659.68
2025-06-04 21:00:00-04:00,LONG,Breakout,1.35642,1.355815656393328,1.35727,2025-06-04 21:10:00-04:00,1.355815656393328,SL,0.00022,-1.0,-1.364,-1364.03
2025-06-05 01:55:00-04:00,LONG,Bounce,1.3544100000000001,1.3541477426863415,1.3559999999999999,2025-06-05 03:10:00-04:00,1.3559999999999999,TP,0.000198,6.0627,5.3078,5307.76
2025-06-05 08:30:00-04:00,LONG,Breakout,1.35885,1.3582852603467177,1.36059,2025-06-05 08:45:00-04:00,1.3582852603467177,SL,0.0002,-1.0,-1.3541,-1354.15
2025-06-05 09:10:00-04:00,LONG,Breakout,1.35926,1.358256343937251,1.36059,2025-06-05 09:20:00-04:00,1.36059,TP,0.0002,1.3252,1.1259,1125.88
2025-06-05 15:05:00-04:00,LONG,Bounce,1.35793,1.3573447817097355,1.35885,2025-06-05 15:10:00-04:00,1.3573447817097355,SL,0.000204,-1.0,-1.3486,-1348.59
2025-06-06 08:40:00-04:00,LONG,Bounce,1.353,1.3526734917170906,1.35759,2025-06-06 08:55:00-04:00,1.3526734917170906,SL,0.0002,-1.0,-1.6125,-1612.54
2025-06-06 08:55:00-04:00,LONG,Bounce,1.35349,1.3526644647603674,1.35759,2025-06-06 09:05:00-04:00,1.3526644647603674,SL,0.0002,-1.0,-1.2423,-1242.27
2025-06-06 09:05:00-04:00,LONG,Bounce,1.35301,1.3526571456352148,1.35759,2025-06-06 09:15:00-04:00,1.3526571456352148,SL,0.0002,-1.0,-1.5668,-1566.81
2025-06-08 21:10:00-04:00,LONG,Breakout,1.35418,1.3538388548393716,1.35474,2025-06-08 21:20:00-04:00,1.35474,TP,0.000184,1.6415,1.1022,1102.17
2025-06-09 01:35:00-04:00,LONG,Bounce,1.35495,1.3547675471694034,1.35644,2025-06-09 02:45:00-04:00,1.35644,TP,0.00021,8.1665,7.0155,7015.51
2025-06-09 02:45:00-04:00,LONG,Breakout,1.3566799999999999,1.3563665717863604,1.35759,2025-06-09 03:00:00-04:00,1.3563665717863604,SL,0.0002,-1.0,-1.6381,-1638.1
2025-06-09 03:35:00-04:00,LONG,Retest,1.35679,1.3563545510778607,1.35759,2025-06-09 03:50:00-04:00,1.3563545510778607,SL,0.00019,-1.0,-1.4363,-1436.33
2025-06-10 08:00:00-04:00,LONG,Breakout,1.3509,1.3505813076844293,1.3545,2025-06-10 08:05:00-04:00,1.3505813076844293,SL,0.0002,-1.0,-1.6276,-1627.56
2025-06-10 09:00:00-04:00,LONG,Breakout,1.35138,1.3510709134612735,1.3545,2025-06-10 11:00:00-04:00,1.3510709134612735,SL,0.0002,-1.0,-1.6471,-1647.07
2025-06-10 11:10:00-04:00,LONG,Retest,1.35137,1.3510721396052758,1.35359,2025-06-10 11:15:00-04:00,1.3510721396052758,SL,0.000176,-1.0,-1.5909,-1590.88
2025-06-12 01:55:00-04:00,LONG,Breakout,1.3587799999999999,1.3583983849808812,1.35924,2025-06-12 02:00:00-04:00,1.3583983849808812,SL,0.000196,-1.0,-1.5136,-1513.61
2025-06-12 06:50:00-04:00,LONG,Breakout,1.35889,1.3583943628497248,1.36157,2025-06-12 07:25:00-04:00,1.3583943628497248,SL,0.0002,-1.0,-1.4035,-1403.52
2025-06-12 08:30:00-04:00,LONG,Breakout,1.36007,1.3597021622963867,1.36157,2025-06-12 08:40:00-04:00,1.36157,TP,0.0002,4.0779,3.5342,3534.17
2025-06-12 19:45:00-04:00,LONG,Breakout,1.36211,1.3619596642083114,1.36228,2025-06-12 19:50:00-04:00,1.36228,TP,0.000206,1.1308,-0.2395,-239.46
2025-06-12 19:50:00-04:00,LONG,Retest,1.36231,1.3619579739077177,1.3637299999999999,2025-06-12 20:05:00-04:00,1.3619579739077177,SL,0.000194,-1.0,-1.5511,-1551.1
2025-06-13 02:40:00-04:00,LONG,Bounce,1.35277,1.352513741421485,1.36314,2025-06-13 02:45:00-04:00,1.352513741421485,SL,0.0002,-1.0,-1.7805,-1780.46
2025-06-13 10:10:00-04:00,LONG,Breakout,1.3554300000000001,1.3545457826932403,1.3569499999999999,2025-06-13 10:55:00-04:00,1.3569499999999999,TP,0.0002,1.719,1.4928,1492.85
2025-06-16 06:55:00-04:00,LONG,Bounce,1.35799,1.3574844563924504,1.35901,2025-06-16 07:20:00-04:00,1.35901,TP,0.0002,2.0176,1.622,1622.02
2025-06-16 08:00:00-04:00,LONG,Bounce,1.35795,1.3574241026176226,1.35919,2025-06-16 08:25:00-04:00,1.3574241026176226,SL,0.0002,-1.0,-1.3803,-1380.3
2025-06-16 09:05:00-04:00,LONG,Breakout,1.35929,1.3589179838482526,1.36017,2025-06-16 09:20:00-04:00,1.36017,TP,0.0002,2.3655,1.8279,1827.88
2025-06-16 11:10:00-04:00,LONG,Retest,1.35969,1.358885430474375,1.36216,2025-06-16 11:30:00-04:00,1.358885430474375,SL,0.0002,-1.0,-1.2486,-1248.58
2025-06-17 08:50:00-04:00,LONG,Bounce,1.35555,1.3553250912210735,1.35765,2025-06-17 08:55:00-04:00,1.3553250912210735,SL,0.0002,-1.0,-1.8892,-1889.25
2025-06-17 20:20:00-04:00,LONG,Breakout,1.34357,1.3433651885214464,1.3573,2025-06-17 20:25:00-04:00,1.3433651885214464,SL,0.00022,-1.0,-2.0742,-2074.16
2025-06-17 20:45:00-04:00,LONG,Retest,1.34363,1.3433640524998762,1.3573,2025-06-17 20:50:00-04:00,1.3433640524998762,SL,0.00022,-1.0,-1.8272,-1827.23
2025-06-18 06:50:00-04:00,SHORT,Breakout,1.34424,1.3448479292924833,1.34371,2025-06-18 07:00:00-04:00,1.34371,TP,0.0002,0.8718,0.5428,542.83
2025-06-18 09:35:00-04:00,SHORT,Breakout,1.34351,1.343811009285926,1.34289,2025-06-18 09:40:00-04:00,1.343811009285926,SL,0.0002,-1.0,-1.6644,-1664.43
2025-06-18 10:20:00-04:00,SHORT,Bounce,1.34558,1.3464943976721406,1.34289,2025-06-18 11:20:00-04:00,1.3464943976721406,SL,0.0002,-1.0,-1.2187,-1218.72
2025-06-18 14:00:00-04:00,SHORT,Bounce,1.34442,1.3475947762256444,1.34289,2025-06-18 14:45:00-04:00,1.34289,TP,0.00022,0.4819,0.4126,412.63
2025-06-18 14:45:00-04:00,SHORT,Breakout,1.34262,1.3434795310010155,1.3421,2025-06-18 14:50:00-04:00,1.3421,TP,0.00022,0.605,0.349,349.03
2025-06-18 21:05:00-04:00,SHORT,Breakout,1.34024,1.3405161776106191,1.33898,2025-06-18 21:10:00-04:00,1.3405161776106191,SL,0.00022,-1.0,-1.7966,-1796.59
2025-06-23 02:55:00-04:00,SHORT,Bounce,1.34363,1.3441152608704607,1.34043,2025-06-23 03:00:00-04:00,1.3441152608704607,SL,0.0002,-1.0,-1.4121,-1412.15
2025-06-23 03:00:00-04:00,SHORT,Bounce,1.3437999999999999,1.3441234565225708,1.34043,2025-06-23 03:05:00-04:00,1.3441234565225708,SL,0.0002,-1.0,-1.6183,-1618.32
2025-06-24 02:15:00-04:00,LONG,Breakout,1.35811,1.3570548034888366,1.3599,2025-06-24 03:30:00-04:00,1.3570548034888366,SL,0.00021,-1.0,-1.199,-1199.02
2025-06-24 07:30:00-04:00,LONG,Breakout,1.36222,1.3615843616121797,1.36314,2025-06-24 07:40:00-04:00,1.3615843616121797,SL,0.0002,-1.0,-1.3146,-1314.64
2025-06-24 10:30:00-04:00,LONG,Retest,1.36351,1.362408773120286,1.3660700000000001,2025-06-24 10:50:00-04:00,1.362408773120286,SL,0.0002,-1.0,-1.1816,-1181.62
2025-06-25 03:40:00-04:00,LONG,Breakout,1.3630900000000001,1.3628142800371372,1.36384,2025-06-25 03:45:00-04:00,1.3628142800371372,SL,0.0002,-1.0,-1.7254,-1725.37
2025-06-25 07:25:00-04:00,LONG,Bounce,1.36071,1.3601154193205451,1.36235,2025-06-25 08:00:00-04:00,1.3601154193205451,SL,0.0002,-1.0,-1.3364,-1336.37
2025-06-25 19:00:00-04:00,LONG,Breakout,1.3674,1.367004541266809,1.36853,2025-06-25 19:35:00-04:00,1.36853,TP,0.00021,2.8574,2.3264,2326.41
2025-06-26 08:35:00-04:00,LONG,Bounce,1.3710499999999999,1.369730109075336,1.37642,2025-06-26 12:35:00-04:00,1.37642,TP,0.0002,4.0685,3.917,3916.99
2025-06-26 20:15:00-04:00,LONG,Breakout,1.37308,1.3728506316082896,1.377,2025-06-26 20:20:00-04:00,1.3728506316082896,SL,0.000192,-1.0,-1.8371,-1837.08
2025-06-26 20:45:00-04:00,LONG,Retest,1.37307,1.3728537656677087,1.377,2025-06-26 20:55:00-04:00,1.3728537656677087,SL,0.000184,-1.0,-1.8509,-1850.93
2025-06-30 01:00:00-04:00,LONG,Breakout,1.37313,1.3728011116804453,1.37517,2025-06-30 01:50:00-04:00,1.3728011116804453,SL,0.00022,-1.0,-1.6689,-1668.92
2025-06-30 07:20:00-04:00,LONG,Breakout,1.37077,1.3702033011937413,1.37371,2025-06-30 07:40:00-04:00,1.3702033011937413,SL,0.0002,-1.0,-1.3529,-1352.92
2025-06-30 20:10:00-04:00,LONG,Breakout,1.37369,1.3735168948369465,1.37401,2025-06-30 20:15:00-04:00,1.3735168948369465,SL,0.00022,-1.0,-2.2709,-2270.9
2025-06-30 20:30:00-04:00,LONG,Breakout,1.37369,1.3735098140732516,1.37401,2025-06-30 20:35:00-04:00,1.3735098140732516,SL,0.000182,-1.0,-2.0101,-2010.07
2025-07-01 03:00:00-04:00,LONG,Bounce,1.37369,1.3734316970816474,1.37517,2025-07-01 03:10:00-04:00,1.37517,TP,0.0002,5.7297,4.9554,4955.42
2025-07-01 15:05:00-04:00,LONG,Breakout,1.37393,1.373729634933637,1.37878,2025-07-01 15:15:00-04:00,1.373729634933637,SL,0.000204,-1.0,-2.0181,-2018.14
2025-07-01 15:55:00-04:00,LONG,Breakout,1.3739,1.373746345787356,1.37878,2025-07-01 16:15:00-04:00,1.373746345787356,SL,0.00022,-1.0,-2.4318,-2431.79
2025-07-01 16:15:00-04:00,LONG,Retest,1.37397,1.3737453263232162,1.37878,2025-07-01 21:50:00-04:00,1.3737453263232162,SL,0.00016,-1.0,-1.7121,-1712.14
2025-07-02 17:15:00-04:00,LONG,Breakout,1.36436,1.3639208818064654,1.37119,2025-07-02 17:50:00-04:00,1.3639208818064654,SL,0.000472,-1.0,-2.0749,-2074.88
2025-07-02 18:00:00-04:00,LONG,Retest,1.36491,1.3638521118938085,1.37119,2025-07-02 22:10:00-04:00,1.3638521118938085,SL,0.000286,-1.0,-1.2703,-1270.35
2025-07-03 01:50:00-04:00,LONG,Breakout,1.36403,1.363674638007985,1.36527,2025-07-03 02:40:00-04:00,1.363674638007985,SL,0.000174,-1.0,-1.4896,-1489.64
2025-07-03 03:00:00-04:00,LONG,Breakout,1.36536,1.3649259608112967,1.36652,2025-07-03 03:15:00-04:00,1.36652,TP,0.0002,2.6726,2.2118,2211.78
2025-07-04 16:30:00-04:00,LONG,Bounce,1.36482,1.3645974256064515,1.36599,2025-07-04 16:35:00-04:00,1.3645974256064515,SL,0.00039,-1.0,-2.7522,-2752.22
2025-07-06 20:35:00-04:00,LONG,Bounce,1.36471,1.36455361646259,1.36604,2025-07-06 20:40:00-04:00,1.36455361646259,SL,0.000184,-1.0,-2.1766,-2176.59
2025-07-09 07:50:00-04:00,SHORT,Breakout,1.3576,1.3578988147350983,1.35628,2025-07-09 08:00:00-04:00,1.3578988147350983,SL,0.0002,-1.0,-1.6693,-1669.31
2025-07-09 08:00:00-04:00,SHORT,Retest,1.35765,1.3578957841338348,1.35628,2025-07-09 08:05:00-04:00,1.3578957841338348,SL,0.0002,-1.0,-1.8137,-1813.72
2025-07-09 19:50:00-04:00,SHORT,Bounce,1.35904,1.3591787689575496,1.358,2025-07-09 19:55:00-04:00,1.3591787689575496,SL,0.000208,-1.0,-2.4989,-2498.89
2025-07-11 02:00:00-04:00,SHORT,Breakout,1.3544,1.354853843784761,1.3531900000000001,2025-07-11 02:55:00-04:00,1.3531900000000001,TP,0.00021,2.6661,2.2034,2203.4
2025-07-11 09:50:00-04:00,SHORT,Breakout,1.34928,1.349645116268087,1.34697,2025-07-11 09:55:00-04:00,1.349645116268087,SL,0.0002,-1.0,-1.5478,-1547.77
2025-07-15 02:05:00-04:00,SHORT,Bounce,1.34371,1.3438546592846357,1.34268,2025-07-15 02:10:00-04:00,1.3438546592846357,SL,0.00021,-1.0,-2.4517,-2451.69
2025-07-15 08:35:00-04:00,SHORT,Breakout,1.34337,1.3441670893609037,1.34266,2025-07-15 08:50:00-04:00,1.3441670893609037,SL,0.0002,-1.0,-1.2509,-1250.91
2025-07-15 09:00:00-04:00,SHORT,Breakout,1.34386,1.3441809036340475,1.34266,2025-07-15 09:30:00-04:00,1.34266,TP,0.0002,3.7394,3.1162,3116.2
2025-07-15 17:50:00-04:00,SHORT,Breakout,1.33816,1.3383156637207767,1.3378,2025-07-15 17:55:00-04:00,1.3383156637207767,SL,0.000488,-1.0,-4.135,-4134.96
2025-07-16 11:05:00-04:00,SHORT,Bounce,1.34045,1.3413851450180705,1.3363800000000001,2025-07-16 11:10:00-04:00,1.3413851450180705,SL,0.0002,-1.0,-1.2139,-1213.87
2025-07-16 20:15:00-04:00,SHORT,Breakout,1.3402,1.3405755580453538,1.33652,2025-07-17 04:55:00-04:00,1.3405755580453538,SL,0.000206,-1.0,-1.5485,-1548.52
2025-07-21 20:10:00-04:00,SHORT,Breakout,1.34799,1.3482108961973975,1.34656,2025-07-21 20:25:00-04:00,1.3482108961973975,SL,0.000176,-1.0,-1.7968,-1796.75
2025-07-21 20:50:00-04:00,SHORT,Breakout,1.3480400000000001,1.3482160000477748,1.34656,2025-07-21 20:55:00-04:00,1.3482160000477748,SL,0.000196,-1.0,-2.1136,-2113.64
2025-07-22 01:15:00-04:00,SHORT,Breakout,1.34724,1.3473659509757088,1.34656,2025-07-22 01:25:00-04:00,1.3473659509757088,SL,0.00019,-1.0,-2.5085,-2508.52
2025-07-22 03:00:00-04:00,SHORT,Retest,1.34698,1.3473864949914776,1.34455,2025-07-22 04:00:00-04:00,1.3473864949914776,SL,0.0002,-1.0,-1.492,-1492.01
2025-07-23 02:55:00-04:00,LONG,Breakout,1.35318,1.3529612473295924,1.35342,2025-07-23 03:00:00-04:00,1.35342,TP,0.0002,1.0971,0.1829,182.85
2025-07-23 07:00:00-04:00,LONG,Bounce,1.35365,1.3534345676107684,1.35476,2025-07-23 07:20:00-04:00,1.3534345676107684,SL,0.0002,-1.0,-1.9284,-1928.37
2025-07-23 08:55:00-04:00,LONG,Breakout,1.35443,1.3541936767376488,1.35476,2025-07-23 09:00:00-04:00,1.3541936767376488,SL,0.000188,-1.0,-1.7955,-1795.52
2025-07-23 09:05:00-04:00,LONG,Bounce,1.35359,1.3530628947380747,1.35476,2025-07-23 09:20:00-04:00,1.3530628947380747,SL,0.000186,-1.0,-1.3529,-1352.87
2025-07-23 19:00:00-04:00,LONG,Breakout,1.35843,1.358222712952902,1.3615599999999999,2025-07-23 19:30:00-04:00,1.358222712952902,SL,0.00018,-1.0,-1.8684,-1868.36
2025-07-23 21:30:00-04:00,LONG,Retest,1.35861,1.3582059625753322,1.3615599999999999,2025-07-23 21:50:00-04:00,1.3582059625753322,SL,0.000192,-1.0,-1.4752,-1475.2
2025-07-24 00:00:00-04:00,LONG,Bounce,1.3577,1.357338324304085,1.3587799999999999,2025-07-24 02:05:00-04:00,1.357338324304085,SL,0.000174,-1.0,-1.4811,-1481.09
2025-07-24 08:10:00-04:00,LONG,Breakout,1.35513,1.354928049689834,1.35652,2025-07-24 08:20:00-04:00,1.354928049689834,SL,0.000192,-1.0,-1.9507,-1950.73
2025-07-24 08:40:00-04:00,LONG,Bounce,1.35359,1.3533302011015471,1.35652,2025-07-24 08:45:00-04:00,1.3533302011015471,SL,0.000204,-1.0,-1.7852,-1785.22
2025-07-24 10:55:00-04:00,LONG,Bounce,1.35408,1.3528789766899103,1.35652,2025-07-24 11:10:00-04:00,1.3528789766899103,SL,0.0002,-1.0,-1.1665,-1166.52
2025-07-28 00:40:00-04:00,SHORT,Breakout,1.34327,1.3433896735320077,1.34292,2025-07-28 00:45:00-04:00,1.3433896735320077,SL,0.000178,-1.0,-2.4874,-2487.38
2025-07-28 20:25:00-04:00,SHORT,Breakout,1.33505,1.3351385293272418,1.33337,2025-07-28 20:30:00-04:00,1.3351385293272418,SL,0.000146,-1.0,-2.6492,-2649.17
2025-07-29 02:30:00-04:00,SHORT,Breakout,1.333,1.3336404977886045,1.32919,2025-07-29 02:40:00-04:00,1.3336404977886045,SL,0.000184,-1.0,-1.2873,-1287.28
2025-07-29 02:45:00-04:00,SHORT,Breakout,1.33292,1.333652017362086,1.32919,2025-07-29 04:05:00-04:00,1.333652017362086,SL,0.000188,-1.0,-1.2568,-1256.82
2025-07-29 20:45:00-04:00,SHORT,Bounce,1.3361100000000001,1.3363863167159575,1.3348200000000001,2025-07-29 20:55:00-04:00,1.3363863167159575,SL,0.000156,-1.0,-1.5646,-1564.57
2025-07-30 00:00:00-04:00,SHORT,Breakout,1.33529,1.3354363204142947,1.3348200000000001,2025-07-30 00:25:00-04:00,1.3354363204142947,SL,0.000204,-1.0,-2.3942,-2394.2
2025-07-30 02:00:00-04:00,SHORT,Breakout,1.3342,1.3347170322115225,1.33382,2025-07-30 02:05:00-04:00,1.3347170322115225,SL,0.00021,-1.0,-1.4062,-1406.16
2025-07-30 08:15:00-04:00,SHORT,Breakout,1.33534,1.3358756644370118,1.33406,2025-07-30 08:20:00-04:00,1.3358756644370118,SL,0.0002,-1.0,-1.3734,-1373.37
2025-07-30 14:45:00-04:00,SHORT,Breakout,1.32548,1.3270565651216577,1.32496,2025-07-30 14:50:00-04:00,1.32496,TP,0.0002,0.3298,0.203,202.97
2025-07-31 09:05:00-04:00,SHORT,Breakout,1.32051,1.3210279035368737,1.3201100000000001,2025-07-31 09:15:00-04:00,1.3201100000000001,TP,0.00018,0.7723,0.4248,424.79
2025-07-31 21:00:00-04:00,SHORT,Bounce,1.3207200000000001,1.3211674437863807,1.31988,2025-07-31 21:15:00-04:00,1.3211674437863807,SL,0.0002,-1.0,-1.447,-1446.98
2025-08-01 02:10:00-04:00,SHORT,Bounce,1.32015,1.3204700991556524,1.31927,2025-08-01 02:25:00-04:00,1.3204700991556524,SL,0.00018,-1.0,-1.5623,-1562.33
2025-08-01 03:05:00-04:00,SHORT,Bounce,1.32006,1.320490309833333,1.31927,2025-08-01 03:50:00-04:00,1.31927,TP,0.00018,1.8359,1.4176,1417.58
2025-08-05 01:35:00-04:00,SHORT,Breakout,1.3271600000000001,1.3275010143842145,1.32696,2025-08-05 01:40:00-04:00,1.3275010143842145,SL,0.00019,-1.0,-1.5572,-1557.16
2025-08-05 02:25:00-04:00,SHORT,Bounce,1.32855,1.328717021775118,1.32702,2025-08-05 03:10:00-04:00,1.328717021775118,SL,0.000168,-1.0,-2.0059,-2005.86
2025-08-05 03:45:00-04:00,SHORT,Breakout,1.32686,1.3272652591437815,1.32648,2025-08-05 03:50:00-04:00,1.32648,TP,0.00018,0.9377,0.4935,493.51
2025-08-06 04:10:00-04:00,SHORT,Retest,1.32968,1.3302089053487416,1.3288,2025-08-06 04:15:00-04:00,1.3288,TP,0.000168,1.6638,1.3462,1346.18
2025-08-10 20:00:00-04:00,LONG,Bounce,1.34415,1.3438535232245237,1.34527,2025-08-10 20:30:00-04:00,1.3438535232245237,SL,0.000192,-1.0,-1.6476,-1647.61
2025-08-11 02:00:00-04:00,LONG,Breakout,1.34738,1.3466728491820623,1.34759,2025-08-11 02:05:00-04:00,1.34759,TP,0.000198,0.297,0.017,16.97
2025-08-11 17:35:00-04:00,LONG,Bounce,1.34294,1.342160194318909,1.34348,2025-08-11 20:00:00-04:00,1.34348,TP,0.000428,0.6925,0.1436,143.63
2025-08-12 00:30:00-04:00,LONG,Bounce,1.34295,1.342632550980976,1.34388,2025-08-12 01:00:00-04:00,1.34388,TP,0.000204,2.9296,2.287,2286.98
2025-08-12 08:30:00-04:00,LONG,Breakout,1.34879,1.3461083255478044,1.35036,2025-08-12 08:40:00-04:00,1.35036,TP,0.0002,0.5855,0.5109,510.87
2025-08-12 09:30:00-04:00,LONG,Retest,1.34692,1.3460699377448673,1.35087,2025-08-12 11:25:00-04:00,1.35087,TP,0.0002,4.6467,4.4114,4411.44
2025-08-12 18:00:00-04:00,LONG,Breakout,1.34994,1.3498038043611709,1.35202,2025-08-12 18:15:00-04:00,1.3498038043611709,SL,0.000374,-1.0,-3.746,-3746.05
2025-08-12 19:05:00-04:00,LONG,Retest,1.35012,1.3498193843793662,1.35202,2025-08-12 20:05:00-04:00,1.3498193843793662,SL,0.000166,-1.0,-1.5522,-1552.2
2025-08-13 02:00:00-04:00,LONG,Breakout,1.3507500000000001,1.350518818406248,1.35202,2025-08-13 03:05:00-04:00,1.35202,TP,0.000178,5.4935,4.7236,4723.56
2025-08-14 01:55:00-04:00,LONG,Bounce,1.35721,1.3569278827538014,1.3577,2025-08-14 02:00:00-04:00,1.3577,TP,0.000182,1.7369,1.0917,1091.74
2025-08-14 02:05:00-04:00,LONG,Breakout,1.35785,1.3576204091091448,1.35911,2025-08-14 02:15:00-04:00,1.3576204091091448,SL,0.00021,-1.0,-1.9147,-1914.67
2025-08-14 04:30:00-04:00,LONG,Retest,1.35805,1.357574953079669,1.35901,2025-08-14 04:40:00-04:00,1.357574953079669,SL,0.000188,-1.0,-1.3958,-1395.75
2025-08-14 20:50:00-04:00,LONG,Breakout,1.3532,1.3531050969206917,1.35386,2025-08-14 21:15:00-04:00,1.3531050969206917,SL,0.000166,-1.0,-2.7492,-2749.15
2025-08-14 21:15:00-04:00,LONG,Retest,1.3532600000000001,1.3530996970885911,1.35386,2025-08-14 21:20:00-04:00,1.3530996970885911,SL,0.000168,-1.0,-2.048,-2048.02
2025-08-15 01:55:00-04:00,LONG,Breakout,1.3551,1.3549847364626888,1.3556300000000001,2025-08-15 02:00:00-04:00,1.3549847364626888,SL,0.00021,-1.0,-2.8219,-2821.91
2025-08-15 02:30:00-04:00,LONG,Breakout,1.3550900000000001,1.3549644081937695,1.3556300000000001,2025-08-15 03:05:00-04:00,1.3556300000000001,TP,0.0002,4.2996,2.7072,2707.18
2025-08-15 06:55:00-04:00,LONG,Breakout,1.35579,1.3556516916619865,1.35815,2025-08-15 07:40:00-04:00,1.3556516916619865,SL,0.0002,-1.0,-2.446,-2446.04
2025-08-18 01:35:00-04:00,LONG,Breakout,1.35612,1.355916858943605,1.35655,2025-08-18 02:00:00-04:00,1.355916858943605,SL,0.000196,-1.0,-1.9648,-1964.85
2025-08-18 08:00:00-04:00,LONG,Bounce,1.35397,1.353492928761553,1.35468,2025-08-18 08:35:00-04:00,1.353492928761553,SL,0.000192,-1.0,-1.4025,-1402.46
2025-08-18 21:00:00-04:00,LONG,Bounce,1.35025,1.3499807942548836,1.3509,2025-08-18 21:10:00-04:00,1.3499807942548836,SL,0.000178,-1.0,-1.6612,-1661.2
2025-08-19 02:45:00-04:00,LONG,Breakout,1.35125,1.3508001154333493,1.35456,2025-08-19 08:30:00-04:00,1.3508001154333493,SL,0.000184,-1.0,-1.409,-1408.99
2025-08-25 02:05:00-04:00,LONG,Breakout,1.35172,1.3513402956759284,1.35286,2025-08-25 03:00:00-04:00,1.3513402956759284,SL,0.000198,-1.0,-1.5215,-1521.46
2025-08-25 20:05:00-04:00,LONG,Breakout,1.3465099999999999,1.3462030363398003,1.35125,2025-08-25 22:40:00-04:00,1.3462030363398003,SL,0.00022,-1.0,-1.7167,-1716.7
2025-08-28 09:00:00-04:00,LONG,Bounce,1.35032,1.3497288023026264,1.35255,2025-08-28 09:05:00-04:00,1.3497288023026264,SL,0.0002,-1.0,-1.3383,-1338.3
2025-08-28 20:50:00-04:00,LONG,Bounce,1.35056,1.3504486350343656,1.3510499999999999,2025-08-28 21:00:00-04:00,1.3510499999999999,TP,0.000148,4.3999,3.071,3070.98
2025-08-29 10:55:00-04:00,LONG,Breakout,1.3508499999999999,1.3499858001190284,1.35298,2025-08-29 12:45:00-04:00,1.3499858001190284,SL,0.0002,-1.0,-1.2314,-1231.43
2025-08-29 16:50:00-04:00,LONG,Bounce,1.35019,1.3497676509956047,1.35154,2025-08-31 17:15:00-04:00,1.3497676509956047,SL,0.000292,-1.0,-1.6914,-1691.37
2025-09-01 09:05:00-04:00,LONG,Breakout,1.35362,1.3531241617344085,1.35398,2025-09-01 09:10:00-04:00,1.35398,TP,0.00019,0.726,0.3429,342.85
2025-09-01 10:50:00-04:00,LONG,Breakout,1.35464,1.3543087674880048,1.35533,2025-09-01 11:00:00-04:00,1.3543087674880048,SL,0.0002,-1.0,-1.6038,-1603.81
2025-09-01 17:25:00-04:00,LONG,Bounce,1.35415,1.353863553361379,1.35533,2025-09-01 17:35:00-04:00,1.353863553361379,SL,0.000452,-1.0,-2.578,-2577.96
2025-09-02 02:35:00-04:00,LONG,Breakout,1.35313,1.3529264558057525,1.35408,2025-09-02 02:40:00-04:00,1.3529264558057525,SL,0.0002,-1.0,-1.9826,-1982.59
2025-09-02 10:00:00-04:00,LONG,Breakout,1.34062,1.3394235967755455,1.34334,2025-09-02 10:55:00-04:00,1.3394235967755455,SL,0.0002,-1.0,-1.1672,-1167.17
2025-09-03 03:15:00-04:00,SHORT,Breakout,1.33348,1.3359400232004617,1.3311899999999999,2025-09-03 03:35:00-04:00,1.3359400232004617,SL,0.0002,-1.0,-1.0813,-1081.3
2025-09-03 03:40:00-04:00,SHORT,Breakout,1.33496,1.3359631582862963,1.3311899999999999,2025-09-03 03:45:00-04:00,1.3359631582862963,SL,0.0002,-1.0,-1.1994,-1199.37
2025-09-03 21:35:00-04:00,SHORT,Bounce,1.34408,1.3442778584867512,1.3409900000000001,2025-09-04 04:10:00-04:00,1.3442778584867512,SL,0.000188,-1.0,-1.9502,-1950.17
2025-09-04 08:15:00-04:00,SHORT,Bounce,1.3437000000000001,1.345617249556855,1.34154,2025-09-04 22:40:00-04:00,1.345617249556855,SL,0.0002,-1.0,-1.1043,-1104.32
2025-09-07 21:00:00-04:00,LONG,Breakout,1.34985,1.3495094634476064,1.35079,2025-09-07 21:05:00-04:00,1.3495094634476064,SL,0.000208,-1.0,-1.6108,-1610.8
2025-09-07 21:55:00-04:00,LONG,Breakout,1.35005,1.349857229744439,1.35079,2025-09-07 22:10:00-04:00,1.349857229744439,SL,0.000208,-1.0,-2.079,-2079.0
2025-09-07 23:15:00-04:00,LONG,Retest,1.3503,1.3498687899650417,1.35079,2025-09-07 23:35:00-04:00,1.3498687899650417,SL,0.000188,-1.0,-1.436,-1435.98
2025-09-08 02:30:00-04:00,LONG,Breakout,1.35073,1.3503806675351202,1.3542399999999999,2025-09-08 06:00:00-04:00,1.3503806675351202,SL,0.0002,-1.0,-1.5725,-1572.52
2025-09-08 06:50:00-04:00,LONG,Breakout,1.3526500000000001,1.3524245841082394,1.3542399999999999,2025-09-08 07:00:00-04:00,1.3524245841082394,SL,0.000188,-1.0,-1.834,-1834.01
2025-09-08 07:05:00-04:00,LONG,Retest,1.35274,1.3524218568825808,1.3542399999999999,2025-09-08 07:20:00-04:00,1.3524218568825808,SL,0.000188,-1.0,-1.5909,-1590.93
2025-09-08 14:55:00-04:00,LONG,Breakout,1.35519,1.354678335123617,1.35552,2025-09-08 16:15:00-04:00,1.354678335123617,SL,0.000202,-1.0,-1.3948,-1394.79
2025-09-08 19:20:00-04:00,LONG,Breakout,1.35552,1.355373924908054,1.35644,2025-09-08 19:45:00-04:00,1.355373924908054,SL,0.000184,-1.0,-2.2596,-2259.63
2025-09-08 20:25:00-04:00,LONG,Breakout,1.35583,1.3556410105640573,1.35644,2025-09-08 20:40:00-04:00,1.3556410105640573,SL,0.000176,-1.0,-1.9313,-1931.27
2025-09-09 10:20:00-04:00,LONG,Bounce,1.35456,1.3542829501010438,1.35897,2025-09-09 10:30:00-04:00,1.3542829501010438,SL,0.0002,-1.0,-1.7219,-1721.89
2025-09-09 20:05:00-04:00,LONG,Bounce,1.35174,1.3515664798328493,1.3529900000000001,2025-09-09 21:20:00-04:00,1.3515664798328493,SL,0.00017,-1.0,-1.9797,-1979.71
2025-09-10 02:15:00-04:00,LONG,Breakout,1.35418,1.354069162185329,1.35458,2025-09-10 02:20:00-04:00,1.354069162185329,SL,0.00021,-1.0,-2.8947,-2894.66
2025-09-10 02:45:00-04:00,LONG,Bounce,1.35365,1.3529679299216586,1.35458,2025-09-10 02:55:00-04:00,1.3529679299216586,SL,0.0002,-1.0,-1.2932,-1293.23
2025-09-10 08:30:00-04:00,LONG,Breakout,1.35496,1.3543340340749237,1.35738,2025-09-10 08:35:00-04:00,1.3543340340749237,SL,0.0002,-1.0,-1.3195,-1319.51
2025-09-11 08:30:00-04:00,LONG,Bounce,1.35422,1.3491328235681008,1.35606,2025-09-11 09:05:00-04:00,1.35606,TP,0.0002,0.3617,0.3224,322.38
2025-09-12 02:05:00-04:00,LONG,Bounce,1.35515,1.3550656608060698,1.35794,2025-09-12 02:15:00-04:00,1.3550656608060698,SL,0.00021,-1.0,-3.4899,-3489.95
2025-09-12 02:15:00-04:00,LONG,Bounce,1.3552,1.3550627381440092,1.35794,2025-09-12 02:20:00-04:00,1.3550627381440092,SL,0.000186,-1.0,-2.3551,-2355.07
2025-09-12 03:00:00-04:00,LONG,Breakout,1.35678,1.3558889335175062,1.35794,2025-09-12 03:30:00-04:00,1.3558889335175062,SL,0.0002,-1.0,-1.2245,-1224.45
2025-09-15 03:05:00-04:00,LONG,Breakout,1.35703,1.3566348689016003,1.35743,2025-09-15 03:10:00-04:00,1.35743,TP,0.000186,1.0123,0.5416,541.59
2025-09-16 02:10:00-04:00,LONG,Breakout,1.36249,1.3623523654415561,1.3645800000000001,2025-09-16 02:50:00-04:00,1.3623523654415561,SL,0.00021,-1.0,-2.5258,-2525.78
2025-09-16 07:00:00-04:00,LONG,Bounce,1.36276,1.3622122530843161,1.36442,2025-09-16 07:50:00-04:00,1.36442,TP,0.0002,3.0306,2.6655,2665.46
2025-09-16 20:00:00-04:00,LONG,Breakout,1.36541,1.3653091336356178,1.3660700000000001,2025-09-16 20:05:00-04:00,1.3653091336356178,SL,0.000192,-1.0,-2.9035,-2903.51
2025-09-17 01:05:00-04:00,LONG,Breakout,1.36457,1.3645020541367425,1.36584,2025-09-17 01:10:00-04:00,1.3645020541367425,SL,0.000146,-1.0,-3.1488,-3148.77
2025-09-17 01:55:00-04:00,LONG,Breakout,1.36477,1.3644986325356896,1.36584,2025-09-17 02:00:00-04:00,1.3644986325356896,SL,0.000188,-1.0,-1.6928,-1692.79
2025-09-17 09:35:00-04:00,LONG,Breakout,1.3654600000000001,1.365087365293246,1.36584,2025-09-17 09:45:00-04:00,1.36584,TP,0.0002,1.0198,0.483,483.05
2025-09-18 00:35:00-04:00,LONG,Bounce,1.36105,1.3608174697130215,1.36295,2025-09-18 00:45:00-04:00,1.3608174697130215,SL,0.000168,-1.0,-1.7225,-1722.49
2025-09-18 09:05:00-04:00,LONG,Bounce,1.35942,1.3583632543370072,1.36599,2025-09-18 09:15:00-04:00,1.3583632543370072,SL,0.0002,-1.0,-1.1893,-1189.26
2025-09-18 16:00:00-04:00,LONG,Bounce,1.35473,1.354228208325284,1.35618,2025-09-18 20:10:00-04:00,1.354228208325284,SL,0.00034,-1.0,-1.6776,-1677.57
2025-09-21 20:50:00-04:00,SHORT,Breakout,1.34595,1.3460551290871576,1.34566,2025-09-21 20:55:00-04:00,1.3460551290871576,SL,0.000146,-1.0,-2.3888,-2388.77
2025-09-21 21:00:00-04:00,SHORT,Bounce,1.34674,1.347180167427192,1.34489,2025-09-21 21:05:00-04:00,1.347180167427192,SL,0.00022,-1.0,-1.4998,-1499.81
2025-09-22 08:45:00-04:00,SHORT,Bounce,1.35041,1.3506896822553671,1.34891,2025-09-22 08:50:00-04:00,1.3506896822553671,SL,0.000186,-1.0,-1.665,-1665.04
2025-09-25 03:45:00-04:00,SHORT,Breakout,1.34458,1.3449538458951589,1.34416,2025-09-25 03:50:00-04:00,1.34416,TP,0.0002,1.1235,0.5885,588.48
2025-09-25 07:10:00-04:00,SHORT,Breakout,1.34304,1.34340823840986,1.34254,2025-09-25 07:15:00-04:00,1.34340823840986,SL,0.000188,-1.0,-1.5105,-1510.54
2025-09-26 02:20:00-04:00,SHORT,Bounce,1.33526,1.3355185936069702,1.33484,2025-09-26 02:30:00-04:00,1.3355185936069702,SL,0.00017,-1.0,-1.6574,-1657.4
2025-09-26 08:30:00-04:00,SHORT,Bounce,1.33636,1.337083660734215,1.3342100000000001,2025-09-26 08:35:00-04:00,1.337083660734215,SL,0.0002,-1.0,-1.2764,-1276.37
2025-09-26 08:35:00-04:00,SHORT,Bounce,1.33625,1.3370902563960567,1.3342100000000001,2025-09-26 08:55:00-04:00,1.3370902563960567,SL,0.0002,-1.0,-1.238,-1238.02
2025-09-30 02:30:00-04:00,SHORT,Bounce,1.34442,1.3446519422780234,1.3427,2025-09-30 02:35:00-04:00,1.3446519422780234,SL,0.0002,-1.0,-1.8623,-1862.28
2025-09-30 08:20:00-04:00,SHORT,Bounce,1.3446799999999999,1.3450833756961484,1.34234,2025-09-30 09:05:00-04:00,1.34234,TP,0.0002,5.801,5.3052,5305.23
2025-09-30 09:15:00-04:00,SHORT,Breakout,1.34202,1.3424690431069088,1.34154,2025-09-30 09:20:00-04:00,1.34154,TP,0.0002,1.0689,0.6235,623.55
2025-09-30 20:00:00-04:00,SHORT,Breakout,1.34359,1.3441368072475102,1.34123,2025-09-30 20:15:00-04:00,1.3441368072475102,SL,0.000164,-1.0,-1.2999,-1299.92
2025-09-30 21:25:00-04:00,SHORT,Retest,1.3439999999999999,1.3441401283675054,1.34123,2025-09-30 21:55:00-04:00,1.3441401283675054,SL,0.000182,-1.0,-2.2988,-2298.81
2025-10-03 01:20:00-04:00,SHORT,Breakout,1.34326,1.3435100277787477,1.34242,2025-10-03 01:50:00-04:00,1.3435100277787477,SL,0.000186,-1.0,-1.7439,-1743.92
2025-10-03 01:55:00-04:00,SHORT,Breakout,1.3431600000000001,1.343506984553281,1.34242,2025-10-03 02:05:00-04:00,1.343506984553281,SL,0.000198,-1.0,-1.5706,-1570.63
2025-10-03 07:35:00-04:00,SHORT,Bounce,1.3450199999999999,1.3456227570845034,1.3441,2025-10-03 08:35:00-04:00,1.3441,TP,0.000166,1.5263,1.2509,1250.92
2025-10-03 08:35:00-04:00,SHORT,Breakout,1.34412,1.3444535799971078,1.34276,2025-10-03 08:40:00-04:00,1.3444535799971078,SL,0.0002,-1.0,-1.5996,-1599.56
2025-10-03 15:00:00-04:00,SHORT,Bounce,1.34778,1.3482258317616937,1.34616,2025-10-03 15:15:00-04:00,1.3482258317616937,SL,0.000202,-1.0,-1.4531,-1453.09
2025-10-06 06:55:00-04:00,SHORT,Breakout,1.34215,1.3424412624800321,1.34172,2025-10-06 07:00:00-04:00,1.34172,TP,0.0002,1.4763,0.7897,789.67
2025-10-06 07:05:00-04:00,SHORT,Retest,1.34205,1.3424402314241093,1.34003,2025-10-06 07:20:00-04:00,1.3424402314241093,SL,0.00016,-1.0,-1.41,-1410.01
2025-10-08 01:05:00-04:00,SHORT,Breakout,1.33866,1.3389032698471015,1.3342100000000001,2025-10-08 01:15:00-04:00,1.3389032698471015,SL,0.000176,-1.0,-1.7235,-1723.48
2025-10-08 02:10:00-04:00,SHORT,Breakout,1.33842,1.3389214373683387,1.3342100000000001,2025-10-08 02:25:00-04:00,1.3389214373683387,SL,0.00021,-1.0,-1.4188,-1418.8
2025-10-08 02:35:00-04:00,SHORT,Breakout,1.33871,1.3389364195848503,1.3342100000000001,2025-10-08 02:40:00-04:00,1.3389364195848503,SL,0.0002,-1.0,-1.8833,-1883.32
2025-10-08 09:55:00-04:00,SHORT,Bounce,1.34237,1.3427680903620522,1.33998,2025-10-08 10:00:00-04:00,1.3427680903620522,SL,0.0002,-1.0,-1.5024,-1502.4
2025-10-08 19:55:00-04:00,SHORT,Breakout,1.33991,1.3400191117184308,1.337,2025-10-08 20:00:00-04:00,1.3400191117184308,SL,0.00017,-1.0,-2.558,-2558.04
2025-10-09 01:55:00-04:00,SHORT,Breakout,1.34043,1.3407820652250015,1.33981,2025-10-09 02:05:00-04:00,1.33981,TP,0.000188,1.761,1.227,1227.05
2025-10-09 09:05:00-04:00,SHORT,Bounce,1.3378700000000001,1.3390198570011431,1.33579,2025-10-09 09:10:00-04:00,1.3390198570011431,SL,0.000186,-1.0,-1.1618,-1161.76
2025-10-09 10:00:00-04:00,SHORT,Breakout,1.33567,1.3369125601023257,1.33418,2025-10-09 10:20:00-04:00,1.33418,TP,0.00019,1.1991,1.0462,1046.23
2025-10-09 18:00:00-04:00,SHORT,Bounce,1.33014,1.330288874926454,1.32788,2025-10-09 19:55:00-04:00,1.330288874926454,SL,0.000262,-1.0,-2.7599,-2759.87
2025-10-09 21:05:00-04:00,SHORT,Bounce,1.33029,1.330387911378544,1.3292,2025-10-09 21:15:00-04:00,1.330387911378544,SL,0.000178,-1.0,-2.818,-2817.97
2025-10-10 02:00:00-04:00,SHORT,Breakout,1.33035,1.330464964786154,1.32989,2025-10-10 02:15:00-04:00,1.330464964786154,SL,0.00019,-1.0,-2.6527,-2652.68
2025-10-10 06:50:00-04:00,SHORT,Breakout,1.32714,1.3279998034319571,1.32675,2025-10-10 06:55:00-04:00,1.32675,TP,0.00018,0.4536,0.2442,244.24
2025-10-10 16:45:00-04:00,SHORT,Breakout,1.33393,1.3341710166956615,1.3330600000000001,2025-10-10 16:50:00-04:00,1.3341710166956615,SL,0.000276,-1.0,-2.1451,-2145.15
2025-10-12 19:15:00-04:00,SHORT,Retest,1.3338999999999999,1.334209924982887,1.33257,2025-10-12 19:20:00-04:00,1.334209924982887,SL,0.000206,-1.0,-1.6647,-1664.68
2025-10-13 02:05:00-04:00,SHORT,Breakout,1.33463,1.334812358484958,1.3334,2025-10-13 02:10:00-04:00,1.334812358484958,SL,0.00021,-1.0,-2.1516,-2151.58
2025-10-13 03:00:00-04:00,SHORT,Breakout,1.33356,1.3345946851117678,1.33257,2025-10-13 04:20:00-04:00,1.33257,TP,0.0002,0.9568,0.7635,763.52
2025-10-13 20:00:00-04:00,SHORT,Breakout,1.33266,1.332868727545459,1.33182,2025-10-13 20:10:00-04:00,1.332868727545459,SL,0.000192,-1.0,-1.9199,-1919.86
2025-10-14 01:35:00-04:00,SHORT,Bounce,1.3345099999999999,1.3347002746206322,1.33384,2025-10-14 01:40:00-04:00,1.3347002746206322,SL,0.000198,-1.0,-2.0406,-2040.6
2025-10-14 02:00:00-04:00,SHORT,Breakout,1.3318400000000001,1.3339368310538733,1.3314,2025-10-14 02:05:00-04:00,1.3314,TP,0.000194,0.2098,0.1173,117.32
2025-10-14 08:40:00-04:00,SHORT,Breakout,1.32525,1.325890607226136,1.3215,2025-10-14 08:55:00-04:00,1.325890607226136,SL,0.00018,-1.0,-1.281,-1280.98
2025-10-14 15:35:00-04:00,SHORT,Bounce,1.33251,1.332938842372402,1.3247499999999999,2025-10-14 20:50:00-04:00,1.332938842372402,SL,0.000176,-1.0,-1.4104,-1410.41
2025-10-17 03:25:00-04:00,LONG,Bounce,1.34341,1.3428701428751455,1.34706,2025-10-17 04:05:00-04:00,1.3428701428751455,SL,0.0002,-1.0,-1.3705,-1370.47
2025-10-17 07:05:00-04:00,LONG,Breakout,1.34412,1.343714610091385,1.34706,2025-10-17 07:10:00-04:00,1.343714610091385,SL,0.000176,-1.0,-1.4341,-1434.15
2025-10-17 08:15:00-04:00,LONG,Bounce,1.3428200000000001,1.3425229966129655,1.34425,2025-10-17 08:20:00-04:00,1.3425229966129655,SL,0.0002,-1.0,-1.6734,-1673.39
2025-10-21 06:15:00-04:00,SHORT,Breakout,1.33688,1.3373792976888648,1.33331,2025-10-21 06:30:00-04:00,1.3373792976888648,SL,0.000178,-1.0,-1.3565,-1356.5
2025-10-21 08:45:00-04:00,SHORT,Retest,1.33698,1.337376239116977,1.33655,2025-10-21 08:50:00-04:00,1.337376239116977,SL,0.0002,-1.0,-1.5047,-1504.75
2025-10-22 02:00:00-04:00,SHORT,Breakout,1.33426,1.337107107662739,1.33331,2025-10-22 02:15:00-04:00,1.33331,TP,0.00021,0.3337,0.2599,259.91
2025-10-22 08:55:00-04:00,SHORT,Bounce,1.33234,1.3327467862161626,1.33046,2025-10-22 09:15:00-04:00,1.3327467862161626,SL,0.00018,-1.0,-1.4425,-1442.49
2025-10-23 06:45:00-04:00,SHORT,Breakout,1.33404,1.3343573200258836,1.33283,2025-10-23 08:15:00-04:00,1.33283,TP,0.000176,3.8132,3.2585,3258.54
2025-10-23 08:15:00-04:00,SHORT,Breakout,1.3326500000000001,1.3333311515143271,1.33091,2025-10-23 08:25:00-04:00,1.3333311515143271,SL,0.00018,-1.0,-1.2643,-1264.26
2025-10-23 10:10:00-04:00,SHORT,Retest,1.33283,1.3333570060156301,1.33091,2025-10-23 10:30:00-04:00,1.3333570060156301,SL,0.00018,-1.0,-1.3416,-1341.55
2025-10-23 18:55:00-04:00,SHORT,Bounce,1.33246,1.332649883838468,1.33188,2025-10-23 19:00:00-04:00,1.332649883838468,SL,0.00021,-1.0,-2.1059,-2105.94
2025-10-23 21:00:00-04:00,SHORT,Bounce,1.33284,1.3329605244899727,1.33233,2025-10-23 21:20:00-04:00,1.33233,TP,0.000168,4.2315,2.8376,2837.6
2025-10-23 21:30:00-04:00,SHORT,Breakout,1.3321100000000001,1.3323766781696669,1.33188,2025-10-23 21:40:00-04:00,1.3323766781696669,SL,0.000174,-1.0,-1.6525,-1652.47
2025-10-23 22:30:00-04:00,SHORT,Retest,1.33218,1.332372402911478,1.33188,2025-10-23 22:40:00-04:00,1.33188,TP,0.000166,1.5592,0.6965,696.46
2025-10-24 02:10:00-04:00,SHORT,Breakout,1.3311600000000001,1.3317836954061024,1.33069,2025-10-24 02:20:00-04:00,1.3317836954061024,SL,0.00019,-1.0,-1.3046,-1304.64
2025-10-24 03:55:00-04:00,SHORT,Retest,1.33147,1.331810743282489,1.33103,2025-10-24 04:00:00-04:00,1.33103,TP,0.000158,1.2913,0.8276,827.6
2025-10-26 20:50:00-04:00,SHORT,Bounce,1.33244,1.3326433680591008,1.33049,2025-10-26 21:05:00-04:00,1.3326433680591008,SL,0.000184,-1.0,-1.9048,-1904.76
2025-10-27 00:00:00-04:00,SHORT,Breakout,1.33182,1.3320355458327897,1.33166,2025-10-27 00:05:00-04:00,1.33166,TP,0.000136,0.7423,0.1113,111.35
2025-10-27 02:10:00-04:00,SHORT,Bounce,1.33257,1.3326569076056178,1.33115,2025-10-27 02:20:00-04:00,1.3326569076056178,SL,0.0002,-1.0,-3.3013,-3301.29
2025-10-27 03:00:00-04:00,SHORT,Bounce,1.33227,1.3326667257583957,1.33115,2025-10-27 03:20:00-04:00,1.33115,TP,0.00019,2.8231,2.3442,2344.19
2025-10-27 03:20:00-04:00,SHORT,Breakout,1.33109,1.3312239559658878,1.33049,2025-10-27 03:25:00-04:00,1.3312239559658878,SL,0.00019,-1.0,-2.4184,-2418.38
2025-10-27 08:00:00-04:00,SHORT,Bounce,1.33462,1.3350905418572097,1.33095,2025-10-27 09:00:00-04:00,1.3350905418572097,SL,0.0002,-1.0,-1.425,-1425.04
2025-10-27 11:00:00-04:00,SHORT,Breakout,1.33223,1.332593323053223,1.33095,2025-10-27 11:25:00-04:00,1.332593323053223,SL,0.00018,-1.0,-1.4954,-1495.43
2025-10-29 08:20:00-04:00,SHORT,Breakout,1.32103,1.321420106052704,1.31968,2025-10-29 08:50:00-04:00,1.31968,TP,0.00017,3.4606,3.0248,3024.82
2025-10-29 15:50:00-04:00,SHORT,Retest,1.31841,1.3196025761683132,1.31398,2025-10-29 16:35:00-04:00,1.3196025761683132,SL,0.000192,-1.0,-1.161,-1161.0
2025-10-29 20:00:00-04:00,SHORT,Breakout,1.31863,1.3191320277740273,1.3177699999999999,2025-10-29 20:05:00-04:00,1.3191320277740273,SL,0.0002,-1.0,-1.3984,-1398.38
2025-10-30 03:00:00-04:00,SHORT,Breakout,1.31945,1.319704392733436,1.3186200000000001,2025-10-30 03:05:00-04:00,1.319704392733436,SL,0.00019,-1.0,-1.7469,-1746.88
2025-10-30 03:10:00-04:00,SHORT,Breakout,1.31928,1.3197178794487279,1.3186200000000001,2025-10-30 03:15:00-04:00,1.3197178794487279,SL,0.00019,-1.0,-1.4339,-1433.91
2025-10-31 01:55:00-04:00,SHORT,Breakout,1.31487,1.3149800048273286,1.31433,2025-10-31 02:00:00-04:00,1.3149800048273286,SL,0.00018,-1.0,-2.6363,-2636.29
2025-10-31 03:55:00-04:00,SHORT,Retest,1.31448,1.3150314261914042,1.31154,2025-10-31 07:40:00-04:00,1.31154,TP,0.00018,5.3316,5.0052,5005.2
2025-10-31 16:50:00-04:00,SHORT,Bounce,1.31423,1.3143988430956062,1.31338,2025-11-02 17:15:00-05:00,1.31338,TP,0.000284,5.0343,3.3522,3352.22
2025-11-03 00:35:00-05:00,SHORT,Bounce,1.3142800000000001,1.3144522397543654,1.31363,2025-11-03 00:55:00-05:00,1.3144522397543654,SL,0.000166,-1.0,-1.9638,-1963.77
2025-11-03 09:00:00-05:00,SHORT,Breakout,1.31212,1.312396454404881,1.31164,2025-11-03 09:05:00-05:00,1.312396454404881,SL,0.000168,-1.0,-1.6077,-1607.7
2025-11-03 19:00:00-05:00,SHORT,Breakout,1.31277,1.3133336558936977,1.3107199999999999,2025-11-04 02:20:00-05:00,1.3133336558936977,SL,0.000182,-1.0,-1.3229,-1322.89
2025-11-04 03:00:00-05:00,SHORT,Breakout,1.31113,1.3115763956955833,1.3107199999999999,2025-11-04 03:05:00-05:00,1.3107199999999999,TP,0.00018,0.9185,0.5152,515.24
2025-11-04 03:15:00-05:00,SHORT,Retest,1.31041,1.3115888780405236,1.30959,2025-11-04 03:50:00-05:00,1.30959,TP,0.000174,0.6956,0.548,547.98
2025-11-04 17:45:00-05:00,SHORT,Bounce,1.30224,1.3025089098983702,1.30135,2025-11-04 17:50:00-05:00,1.3025089098983702,SL,0.000428,-1.0,-2.5916,-2591.61
2025-11-04 20:05:00-05:00,SHORT,Breakout,1.30125,1.301407863041965,1.3008899999999999,2025-11-04 20:10:00-05:00,1.301407863041965,SL,0.000192,-1.0,-2.2162,-2216.24
2025-11-04 20:20:00-05:00,SHORT,Breakout,1.3012299999999999,1.3014096840755092,1.3008899999999999,2025-11-04 20:25:00-05:00,1.3014096840755092,SL,0.0002,-1.0,-2.1131,-2113.06
2025-11-06 03:05:00-05:00,SHORT,Bounce,1.30621,1.3067592452536756,1.3052000000000001,2025-11-06 03:25:00-05:00,1.3067592452536756,SL,0.00018,-1.0,-1.3277,-1327.72
2025-11-06 17:55:00-05:00,SHORT,Breakout,1.31283,1.3129968138037933,1.31012,2025-11-06 18:00:00-05:00,1.3129968138037933,SL,0.000428,-1.0,-3.5657,-3565.73
2025-11-06 20:05:00-05:00,SHORT,Retest,1.31268,1.3129736204537268,1.3123,2025-11-06 20:45:00-05:00,1.3123,TP,0.000178,1.2942,0.688,687.96
2025-11-07 02:20:00-05:00,SHORT,Bounce,1.31196,1.312200069794165,1.31012,2025-11-07 02:55:00-05:00,1.312200069794165,SL,0.000154,-1.0,-1.6415,-1641.48
2025-11-07 03:25:00-05:00,SHORT,Breakout,1.31084,1.3113292343773273,1.31012,2025-11-07 03:40:00-05:00,1.31012,TP,0.000172,1.4717,1.1201,1120.12
2025-11-10 01:55:00-05:00,SHORT,Breakout,1.31402,1.3141797595358666,1.31358,2025-11-10 02:00:00-05:00,1.3141797595358666,SL,0.000184,-1.0,-2.1517,-2151.73
2025-11-12 03:50:00-05:00,SHORT,Breakout,1.31216,1.3130547620310156,1.31156,2025-11-12 03:55:00-05:00,1.31156,TP,0.00018,0.6706,0.4694,469.4
2025-11-12 04:20:00-05:00,SHORT,Retest,1.31243,1.3130854942113517,1.31087,2025-11-12 06:55:00-05:00,1.3130854942113517,SL,0.000158,-1.0,-1.241,-1241.04
2025-11-12 19:00:00-05:00,SHORT,Breakout,1.31215,1.3123023762202122,1.30837,2025-11-12 19:05:00-05:00,1.3123023762202122,SL,0.000178,-1.0,-2.1682,-2168.16
2025-11-12 19:10:00-05:00,SHORT,Breakout,1.31217,1.3123019978633461,1.30837,2025-11-12 19:20:00-05:00,1.3123019978633461,SL,0.00017,-1.0,-2.2879,-2287.9
2025-11-13 02:00:00-05:00,SHORT,Breakout,1.3103500000000001,1.3114977903260634,1.30837,2025-11-13 02:15:00-05:00,1.3114977903260634,SL,0.00019,-1.0,-1.1655,-1165.54
2025-11-13 17:45:00-05:00,SHORT,Breakout,1.31732,1.3183535437343714,1.31573,2025-11-13 18:00:00-05:00,1.31573,TP,0.000416,1.5384,1.1359,1135.9
2025-11-14 02:20:00-05:00,SHORT,Breakout,1.31292,1.314099833869929,1.30998,2025-11-14 02:30:00-05:00,1.314099833869929,SL,0.00019,-1.0,-1.161,-1161.04
2025-11-14 03:00:00-05:00,SHORT,Breakout,1.31294,1.314159352013842,1.30998,2025-11-14 03:35:00-05:00,1.314159352013842,SL,0.00018,-1.0,-1.1476,-1147.62
2025-11-17 01:05:00-05:00,SHORT,Breakout,1.31354,1.314102616060828,1.31242,2025-11-17 01:25:00-05:00,1.314102616060828,SL,0.00019,-1.0,-1.3377,-1337.71
2025-11-17 19:00:00-05:00,SHORT,Breakout,1.3146499999999999,1.3149483179958255,1.3143799999999999,2025-11-17 19:05:00-05:00,1.3149483179958255,SL,0.0002,-1.0,-1.6704,-1670.43
2025-11-17 19:30:00-05:00,SHORT,Retest,1.3148,1.314946748029774,1.3143799999999999,2025-11-17 20:25:00-05:00,1.314946748029774,SL,0.000188,-1.0,-2.2811,-2281.11
2025-11-18 02:20:00-05:00,SHORT,Bounce,1.31603,1.316412105270997,1.3143799999999999,2025-11-18 03:00:00-05:00,1.316412105270997,SL,0.00019,-1.0,-1.4972,-1497.25
2025-11-18 19:50:00-05:00,SHORT,Breakout,1.31395,1.3143009122107157,1.3136700000000001,2025-11-18 20:05:00-05:00,1.3136700000000001,TP,0.000186,0.7979,0.2679,267.87
2025-11-19 18:00:00-05:00,SHORT,Bounce,1.30529,1.306020152996483,1.30426,2025-11-19 18:30:00-05:00,1.306020152996483,SL,0.0002,-1.0,-1.2739,-1273.92
2025-11-21 02:00:00-05:00,SHORT,Breakout,1.3075999999999999,1.3087955234653819,1.30488,2025-11-21 02:10:00-05:00,1.3087955234653819,SL,0.00019,-1.0,-1.1589,-1158.93
2025-11-21 02:35:00-05:00,SHORT,Retest,1.30822,1.3088095079082411,1.30488,2025-11-21 03:10:00-05:00,1.3088095079082411,SL,0.00018,-1.0,-1.3053,-1305.34
2025-11-21 03:30:00-05:00,SHORT,Bounce,1.3089,1.3097954998233445,1.30645,2025-11-21 03:45:00-05:00,1.3097954998233445,SL,0.00018,-1.0,-1.201,-1201.01
2025-11-21 10:00:00-05:00,SHORT,Bounce,1.30908,1.3095967567437508,1.3038,2025-11-21 11:50:00-05:00,1.3095967567437508,SL,0.00018,-1.0,-1.3483,-1348.33
2025-11-24 09:50:00-05:00,SHORT,Breakout,1.30853,1.3088061368721877,1.30719,2025-11-24 09:55:00-05:00,1.3088061368721877,SL,0.00018,-1.0,-1.6519,-1651.85
2025-11-25 15:35:00-05:00,SHORT,Breakout,1.31659,1.3171644940836613,1.31079,2025-11-25 17:25:00-05:00,1.3171644940836613,SL,0.0002,-1.0,-1.3481,-1348.13
2025-11-25 18:45:00-05:00,SHORT,Breakout,1.31586,1.316132613280663,1.3153000000000001,2025-11-25 19:00:00-05:00,1.316132613280663,SL,0.000174,-1.0,-1.6383,-1638.27
2025-11-25 19:30:00-05:00,SHORT,Bounce,1.31686,1.3172901541497681,1.3153000000000001,2025-11-25 20:30:00-05:00,1.3172901541497681,SL,0.0002,-1.0,-1.4649,-1464.95
2025-11-26 18:30:00-05:00,LONG,Breakout,1.32432,1.324080195080998,1.32468,2025-11-26 18:35:00-05:00,1.324080195080998,SL,0.000182,-1.0,-1.759,-1758.95
2025-11-26 19:50:00-05:00,LONG,Breakout,1.32491,1.3247211586651846,1.32538,2025-11-26 19:55:00-05:00,1.3247211586651846,SL,0.000176,-1.0,-1.932,-1932.0
2025-11-26 20:00:00-05:00,LONG,Breakout,1.32514,1.3247179786449808,1.32538,2025-11-26 20:10:00-05:00,1.32538,TP,0.0002,0.5687,0.0948,94.78
2025-11-26 20:20:00-05:00,LONG,Breakout,1.3251,1.324709516817974,1.32794,2025-11-26 22:30:00-05:00,1.324709516817974,SL,0.00019,-1.0,-1.4866,-1486.58
2025-11-28 10:55:00-05:00,LONG,Breakout,1.32501,1.3228723018073587,1.3254299999999999,2025-11-28 12:25:00-05:00,1.3228723018073587,SL,0.00018,-1.0,-1.0842,-1084.2
2025-12-02 18:00:00-05:00,LONG,Breakout,1.32149,1.3213156179016938,1.32203,2025-12-02 18:05:00-05:00,1.3213156179016938,SL,0.000198,-1.0,-2.1354,-2135.44
2025-12-03 18:50:00-05:00,LONG,Bounce,1.33469,1.3344947323465695,1.33525,2025-12-03 19:00:00-05:00,1.3344947323465695,SL,0.00017,-1.0,-1.8706,-1870.6
2025-12-04 23:25:00-05:00,LONG,Breakout,1.33346,1.333316406526732,1.33506,2025-12-04 23:30:00-05:00,1.333316406526732,SL,0.00018,-1.0,-2.2535,-2253.54
2025-12-08 09:40:00-05:00,LONG,Breakout,1.33294,1.332716726786008,1.3345799999999999,2025-12-08 09:45:00-05:00,1.332716726786008,SL,0.00018,-1.0,-1.8062,-1806.19
2025-12-09 08:15:00-05:00,LONG,Bounce,1.33254,1.3322139186977422,1.3336700000000001,2025-12-09 08:20:00-05:00,1.3322139186977422,SL,0.00018,-1.0,-1.552,-1552.01
2025-12-09 20:30:00-05:00,LONG,Bounce,1.32968,1.329371044058817,1.33063,2025-12-09 23:35:00-05:00,1.33063,TP,0.00017,3.0749,2.5246,2524.63
2025-12-10 14:05:00-05:00,LONG,Breakout,1.3351600000000001,1.3345455265761745,1.33586,2025-12-10 14:10:00-05:00,1.33586,TP,0.00022,1.1392,0.7812,781.16
2025-12-10 14:30:00-05:00,LONG,Breakout,1.33542,1.3345080602000796,1.33612,2025-12-10 14:35:00-05:00,1.3345080602000796,SL,0.00022,-1.0,-1.2412,-1241.24
2025-12-10 14:50:00-05:00,LONG,Breakout,1.33507,1.3344309401128298,1.33844,2025-12-10 15:10:00-05:00,1.33844,TP,0.000216,5.2734,4.9354,4935.37
2025-12-10 19:00:00-05:00,LONG,Breakout,1.33896,1.3387469238232481,1.33974,2025-12-10 19:20:00-05:00,1.3387469238232481,SL,0.00017,-1.0,-1.7978,-1797.84
2025-12-11 01:35:00-05:00,LONG,Bounce,1.33618,1.336092826598083,1.337,2025-12-11 01:40:00-05:00,1.336092826598083,SL,0.00021,-1.0,-3.409,-3408.99
2025-12-12 04:00:00-05:00,LONG,Bounce,1.33792,1.3373025217076104,1.33981,2025-12-12 04:30:00-05:00,1.3373025217076104,SL,0.000188,-1.0,-1.3045,-1304.46
2025-12-12 08:00:00-05:00,LONG,Breakout,1.33778,1.3375366156932627,1.33849,2025-12-12 08:20:00-05:00,1.3375366156932627,SL,0.0002,-1.0,-1.8217,-1821.75
2025-12-12 09:00:00-05:00,LONG,Bounce,1.3369900000000001,1.336266333511806,1.3382800000000001,2025-12-12 09:10:00-05:00,1.336266333511806,SL,0.0002,-1.0,-1.2764,-1276.37
2025-12-15 03:15:00-05:00,LONG,Breakout,1.33703,1.3368401643217638,1.33732,2025-12-15 03:25:00-05:00,1.3368401643217638,SL,0.0002,-1.0,-2.0535,-2053.54
2025-12-15 08:45:00-05:00,LONG,Breakout,1.33951,1.3392957731801336,1.33981,2025-12-15 08:50:00-05:00,1.3392957731801336,SL,0.000182,-1.0,-1.8496,-1849.57
2025-12-15 09:35:00-05:00,LONG,Breakout,1.33952,1.3392825454385946,1.33981,2025-12-15 09:45:00-05:00,1.33981,TP,0.0002,1.2213,0.379,379.02
2025-12-15 09:55:00-05:00,LONG,Breakout,1.3395299999999999,1.3392740707588426,1.34376,2025-12-15 10:00:00-05:00,1.3392740707588426,SL,0.0002,-1.0,-1.7815,-1781.47
2025-12-15 18:00:00-05:00,LONG,Breakout,1.33784,1.3375794379063646,1.34009,2025-12-15 18:15:00-05:00,1.3375794379063646,SL,0.00021,-1.0,-1.8059,-1805.95
2025-12-15 18:40:00-05:00,LONG,Retest,1.33783,1.3375878858785477,1.34009,2025-12-15 19:30:00-05:00,1.3375878858785477,SL,0.000182,-1.0,-1.7517,-1751.71
2025-12-16 02:00:00-05:00,LONG,Breakout,1.33717,1.3368378685415145,1.33826,2025-12-16 02:05:00-05:00,1.3368378685415145,SL,0.00021,-1.0,-1.6323,-1632.28
2025-12-16 03:00:00-05:00,LONG,Breakout,1.3382100000000001,1.3376981237682928,1.34009,2025-12-16 04:10:00-05:00,1.34009,TP,0.000186,3.6728,3.3094,3309.39
2025-12-16 14:25:00-05:00,LONG,Bounce,1.34114,1.340706443742533,1.34397,2025-12-16 21:50:00-05:00,1.340706443742533,SL,0.00022,-1.0,-1.5074,-1507.43
2025-12-18 07:00:00-05:00,LONG,Breakout,1.33771,1.3373098092110758,1.34057,2025-12-18 07:10:00-05:00,1.3373098092110758,SL,0.0002,-1.0,-1.4998,-1499.76
2025-12-18 07:10:00-05:00,LONG,Breakout,1.33766,1.337300508962611,1.34057,2025-12-18 08:15:00-05:00,1.34057,TP,0.0002,8.0948,7.5384,7538.44
2025-12-19 09:05:00-05:00,LONG,Breakout,1.33796,1.337686167995437,1.3387,2025-12-19 09:10:00-05:00,1.337686167995437,SL,0.0002,-1.0,-1.7304,-1730.37
2025-12-19 09:10:00-05:00,LONG,Retest,1.33825,1.3376844417100486,1.3387,2025-12-19 09:30:00-05:00,1.3376844417100486,SL,0.0002,-1.0,-1.3536,-1353.63
2025-12-21 19:20:00-05:00,LONG,Breakout,1.33868,1.3383867388200854,1.33931,2025-12-21 19:35:00-05:00,1.3383867388200854,SL,0.00022,-1.0,-1.7502,-1750.18
2025-12-21 19:50:00-05:00,LONG,Breakout,1.33857,1.3383930292973483,1.33931,2025-12-21 20:00:00-05:00,1.33931,TP,0.00022,4.1815,2.9383,2938.34
2025-12-22 05:00:00-05:00,LONG,Breakout,1.34277,1.3422172648116715,1.34459,2025-12-22 09:25:00-05:00,1.34459,TP,0.000184,3.2927,2.9598,2959.83
2025-12-22 18:00:00-05:00,LONG,Breakout,1.34674,1.3461482962049793,1.34768,2025-12-22 20:40:00-05:00,1.34768,TP,0.000254,1.5886,1.1594,1159.36
2025-12-22 20:40:00-05:00,LONG,Breakout,1.3479,1.3474862365914186,1.34864,2025-12-22 20:55:00-05:00,1.3474862365914186,SL,0.000172,-1.0,-1.4157,-1415.7
2025-12-23 08:30:00-05:00,LONG,Bounce,1.35055,1.3500227901034825,1.35181,2025-12-23 08:50:00-05:00,1.3500227901034825,SL,0.0002,-1.0,-1.3794,-1379.36
2025-12-24 02:55:00-05:00,LONG,Bounce,1.351,1.3507550796909615,1.35233,2025-12-24 03:05:00-05:00,1.3507550796909615,SL,0.0002,-1.0,-1.8166,-1816.59
2025-12-26 08:05:00-05:00,LONG,Breakout,1.35038,1.3496169737394184,1.35182,2025-12-26 08:30:00-05:00,1.35182,TP,0.0002,1.8872,1.6251,1625.11
2025-12-26 15:55:00-05:00,LONG,Breakout,1.35022,1.349832038564519,1.35251,2025-12-26 16:30:00-05:00,1.349832038564519,SL,0.000208,-1.0,-1.5361,-1536.14
2025-12-28 17:45:00-05:00,LONG,Retest,1.35006,1.349792274682889,1.3505,2025-12-28 17:55:00-05:00,1.349792274682889,SL,0.00038,-1.0,-2.4194,-2419.37
2025-12-30 00:10:00-05:00,LONG,Breakout,1.3513600000000001,1.3510115294301295,1.35251,2025-12-30 02:05:00-05:00,1.3510115294301295,SL,0.000206,-1.0,-1.5912,-1591.15
2025-12-30 07:05:00-05:00,LONG,Bounce,1.35005,1.349885896733391,1.353,2025-12-30 07:25:00-05:00,1.349885896733391,SL,0.000186,-1.0,-2.1334,-2133.43
2025-12-30 15:55:00-05:00,LONG,Bounce,1.34626,1.346022022017669,1.3474,2025-12-30 19:35:00-05:00,1.346022022017669,SL,0.000198,-1.0,-1.832,-1832.01
2025-12-30 20:10:00-05:00,LONG,Bounce,1.34635,1.3460974477403393,1.34669,2025-12-30 20:30:00-05:00,1.3460974477403393,SL,0.000146,-1.0,-1.5781,-1578.1
2025-12-30 20:30:00-05:00,LONG,Bounce,1.34628,1.3460998464939564,1.34669,2025-12-30 20:55:00-05:00,1.3460998464939564,SL,0.000192,-1.0,-2.0658,-2065.76
2025-12-31 02:00:00-05:00,LONG,Bounce,1.34575,1.3455378611159399,1.34623,2025-12-31 02:05:00-05:00,1.3455378611159399,SL,0.00021,-1.0,-1.9899,-1989.92
2026-01-02 16:50:00-05:00,LONG,Breakout,1.34586,1.3455557432105452,1.3501,2026-01-04 17:15:00-05:00,1.3455557432105452,SL,0.00031,-1.0,-2.0189,-2018.88
2026-01-06 02:00:00-05:00,LONG,Breakout,1.3566500000000001,1.3560709326944151,1.36599,2026-01-06 02:10:00-05:00,1.3560709326944151,SL,0.000192,-1.0,-1.3316,-1331.57
2026-01-06 19:35:00-05:00,LONG,Breakout,1.3504,1.350194716432566,1.35055,2026-01-06 19:40:00-05:00,1.350194716432566,SL,0.00022,-1.0,-2.0717,-2071.69
2026-01-06 20:30:00-05:00,LONG,Breakout,1.35035,1.35019522065338,1.35055,2026-01-06 20:35:00-05:00,1.35055,TP,0.000204,1.2922,-0.0258,-25.84
2026-01-07 14:00:00-05:00,LONG,Bounce,1.3468499999999999,1.3466407155552804,1.3479,2026-01-07 14:05:00-05:00,1.3466407155552804,SL,0.000202,-1.0,-1.9652,-1965.19
2026-01-16 10:20:00-05:00,SHORT,Breakout,1.33842,1.3388615285525907,1.33757,2026-01-16 10:30:00-05:00,1.33757,TP,0.0002,1.9251,1.4722,1472.16
2026-01-16 11:35:00-05:00,SHORT,Retest,1.3383099999999999,1.3388680077705397,1.33656,2026-01-18 17:15:00-05:00,1.33656,TP,0.0002,3.1362,2.7777,2777.74
2026-01-19 02:30:00-05:00,SHORT,Breakout,1.339,1.339282121245983,1.33799,2026-01-19 03:00:00-05:00,1.339282121245983,SL,0.0002,-1.0,-1.7089,-1708.92
2026-01-23 04:30:00-05:00,LONG,Breakout,1.3514599999999999,1.3508877298150554,1.35338,2026-01-23 04:55:00-05:00,1.35338,TP,0.0002,3.3551,3.0056,3005.57
2026-01-26 02:25:00-05:00,LONG,Breakout,1.36716,1.3666993285120133,1.36786,2026-01-26 02:30:00-05:00,1.3666993285120133,SL,0.00021,-1.0,-1.4559,-1455.86
2026-01-26 04:30:00-05:00,LONG,Retest,1.3670499999999999,1.3666848278938808,1.36755,2026-01-26 04:35:00-05:00,1.3666848278938808,SL,0.0002,-1.0,-1.5477,-1547.69
2026-01-26 17:55:00-05:00,LONG,Bounce,1.36754,1.3673161666505818,1.36852,2026-01-26 18:50:00-05:00,1.3673161666505818,SL,0.000444,-1.0,-2.9836,-2983.62
2026-01-26 20:00:00-05:00,LONG,Bounce,1.36734,1.367218895008364,1.36852,2026-01-26 20:10:00-05:00,1.367218895008364,SL,0.00022,-1.0,-2.8166,-2816.61
2026-01-27 04:50:00-05:00,LONG,Breakout,1.36932,1.368815483041022,1.36998,2026-01-27 05:00:00-05:00,1.368815483041022,SL,0.0002,-1.0,-1.3964,-1396.42
2026-01-27 09:30:00-05:00,LONG,Breakout,1.37608,1.3746211633720364,1.37878,2026-01-27 10:15:00-05:00,1.37878,TP,0.0002,1.8508,1.7137,1713.69
2026-01-27 15:45:00-05:00,LONG,Breakout,1.38395,1.3788174008590608,1.3912,2026-01-28 00:05:00-05:00,1.3788174008590608,SL,0.00022,-1.0,-1.0429,-1042.86
2026-01-28 02:10:00-05:00,LONG,Breakout,1.38266,1.380837741747922,1.38305,2026-01-28 02:30:00-05:00,1.380837741747922,SL,0.00021,-1.0,-1.1152,-1115.24
2026-01-29 02:00:00-05:00,LONG,Breakout,1.38445,1.384226219968669,1.38693,2026-01-29 02:05:00-05:00,1.384226219968669,SL,0.00021,-1.0,-1.9384,-1938.42
2026-01-30 02:00:00-05:00,LONG,Bounce,1.37504,1.37436557636919,1.37631,2026-01-30 02:45:00-05:00,1.37631,TP,0.00021,1.8831,1.5717,1571.71
2026-02-02 22:40:00-05:00,LONG,Breakout,1.36874,1.3684947379008672,1.3711,2026-02-02 22:45:00-05:00,1.3684947379008672,SL,0.000206,-1.0,-1.8399,-1839.92
2026-02-02 23:50:00-05:00,LONG,Retest,1.36872,1.3684991218952824,1.3711,2026-02-03 00:10:00-05:00,1.3684991218952824,SL,0.000206,-1.0,-1.9326,-1932.64
2026-02-03 01:40:00-05:00,LONG,Breakout,1.3695300000000001,1.3692760163348923,1.3711,2026-02-03 01:45:00-05:00,1.3692760163348923,SL,0.00021,-1.0,-1.8268,-1826.82
2026-02-03 20:15:00-05:00,LONG,Breakout,1.37055,1.370035554689199,1.3711,2026-02-03 21:05:00-05:00,1.3711,TP,0.000196,1.0691,0.6881,688.12
2026-02-03 21:30:00-05:00,LONG,Retest,1.3703400000000001,1.3700414187385817,1.37145,2026-02-03 21:50:00-05:00,1.3700414187385817,SL,0.00022,-1.0,-1.7368,-1736.82
2026-02-04 17:45:00-05:00,LONG,Bounce,1.36527,1.364569342210468,1.3663,2026-02-04 18:25:00-05:00,1.364569342210468,SL,0.000588,-1.0,-1.8392,-1839.21
2026-02-10 02:05:00-05:00,LONG,Bounce,1.3673199999999999,1.3670022018895054,1.36843,2026-02-10 02:25:00-05:00,1.3670022018895054,SL,0.00021,-1.0,-1.6608,-1660.8
2026-02-10 03:00:00-05:00,LONG,Bounce,1.36735,1.36699572999615,1.36843,2026-02-10 03:05:00-05:00,1.36699572999615,SL,0.0002,-1.0,-1.5645,-1564.54
2026-02-10 05:50:00-05:00,LONG,Bounce,1.3664,1.3661388759350916,1.36835,2026-02-10 06:05:00-05:00,1.3661388759350916,SL,0.000192,-1.0,-1.7353,-1735.28
2026-02-10 07:55:00-05:00,LONG,Breakout,1.36845,1.3682306623911402,1.36954,2026-02-10 08:05:00-05:00,1.3682306623911402,SL,0.0002,-1.0,-1.9118,-1911.84
2026-02-10 20:00:00-05:00,LONG,Breakout,1.36453,1.3641966034478001,1.36564,2026-02-10 20:05:00-05:00,1.3641966034478001,SL,0.00022,-1.0,-1.6599,-1659.87
2026-02-10 20:10:00-05:00,LONG,Retest,1.36455,1.3641944692993786,1.36564,2026-02-10 20:15:00-05:00,1.3641944692993786,SL,0.00022,-1.0,-1.6188,-1618.79
2026-02-11 05:40:00-05:00,LONG,Breakout,1.3703699999999999,1.3697106279401077,1.37283,2026-02-11 06:30:00-05:00,1.3697106279401077,SL,0.00019,-1.0,-1.2882,-1288.15
2026-02-11 18:45:00-05:00,LONG,Bounce,1.36213,1.3618719134643542,1.36288,2026-02-11 19:00:00-05:00,1.3618719134643542,SL,0.000216,-1.0,-1.8369,-1836.93
2026-02-11 19:55:00-05:00,LONG,Breakout,1.36308,1.3628039128709917,1.36667,2026-02-11 20:00:00-05:00,1.3628039128709917,SL,0.000186,-1.0,-1.6737,-1673.7
2026-02-11 20:30:00-05:00,LONG,Retest,1.3630900000000001,1.362800075534003,1.36667,2026-02-11 22:50:00-05:00,1.362800075534003,SL,0.00021,-1.0,-1.7243,-1724.33
2026-02-15 20:00:00-05:00,LONG,Bounce,1.36394,1.3638102544223905,1.36575,2026-02-15 20:15:00-05:00,1.3638102544223905,SL,0.000206,-1.0,-2.5877,-2587.72
2026-02-18 08:05:00-05:00,SHORT,Bounce,1.35765,1.3582300139247416,1.35645,2026-02-18 08:25:00-05:00,1.35645,TP,0.0002,2.0689,1.7241,1724.1
2026-02-19 20:25:00-05:00,SHORT,Breakout,1.34519,1.3455020015813415,1.34461,2026-02-19 20:40:00-05:00,1.34461,TP,0.00022,1.859,1.1538,1153.84
2026-02-20 00:55:00-05:00,SHORT,Bounce,1.3444,1.344731289833259,1.3436,2026-02-20 01:25:00-05:00,1.344731289833259,SL,0.00021,-1.0,-1.6339,-1633.89
2026-02-20 03:00:00-05:00,SHORT,Bounce,1.34406,1.3447727367580915,1.3436,2026-02-20 03:10:00-05:00,1.3436,TP,0.0002,0.6454,0.3648,364.79
2026-02-20 10:00:00-05:00,SHORT,Bounce,1.34734,1.3498108981011412,1.34656,2026-02-20 10:05:00-05:00,1.34656,TP,0.0002,0.3157,0.2347,234.73
2026-02-23 20:20:00-05:00,SHORT,Breakout,1.34816,1.3484635193669428,1.34747,2026-02-23 20:40:00-05:00,1.3484635193669428,SL,0.00022,-1.0,-1.7248,-1724.83
2026-02-24 02:10:00-05:00,SHORT,Breakout,1.34767,1.3478457791405738,1.34596,2026-02-24 02:15:00-05:00,1.3478457791405738,SL,0.00021,-1.0,-2.1947,-2194.68
2026-02-24 02:20:00-05:00,SHORT,Breakout,1.34747,1.3478516462997805,1.34596,2026-02-24 02:25:00-05:00,1.3478516462997805,SL,0.00021,-1.0,-1.5502,-1550.25
2026-02-24 09:35:00-05:00,SHORT,Bounce,1.34866,1.3492469764350536,1.34688,2026-02-24 09:55:00-05:00,1.3492469764350536,SL,0.0002,-1.0,-1.3407,-1340.73
2026-02-27 01:20:00-05:00,SHORT,Breakout,1.34706,1.3475950184599599,1.34439,2026-02-27 01:45:00-05:00,1.3475950184599599,SL,0.000194,-1.0,-1.3626,-1362.6
2026-02-27 06:55:00-05:00,SHORT,Breakout,1.34653,1.34680440813586,1.34602,2026-02-27 07:00:00-05:00,1.34680440813586,SL,0.0002,-1.0,-1.7288,-1728.84
2026-02-27 08:25:00-05:00,SHORT,Breakout,1.34586,1.346541798194321,1.34439,2026-02-27 08:35:00-05:00,1.34439,TP,0.0002,2.1561,1.8627,1862.72
2026-03-02 15:10:00-05:00,SHORT,Breakout,1.33877,1.339548882102203,1.33586,2026-03-02 15:15:00-05:00,1.339548882102203,SL,0.00022,-1.0,-1.2825,-1282.46
2026-03-02 15:25:00-05:00,SHORT,Breakout,1.33915,1.3395606530534039,1.33586,2026-03-02 15:30:00-05:00,1.3395606530534039,SL,0.00022,-1.0,-1.5357,-1535.73
2026-03-03 19:05:00-05:00,SHORT,Breakout,1.33409,1.3343370924032893,1.33327,2026-03-03 19:10:00-05:00,1.3343370924032893,SL,0.00022,-1.0,-1.8904,-1890.36
2026-03-03 19:20:00-05:00,SHORT,Breakout,1.33377,1.3343478491290184,1.33327,2026-03-03 19:35:00-05:00,1.33327,TP,0.00022,0.8653,0.4846,484.56
2026-03-04 19:40:00-05:00,SHORT,Bounce,1.33792,1.338053573369403,1.33459,2026-03-04 19:50:00-05:00,1.338053573369403,SL,0.00022,-1.0,-2.647,-2647.03
2026-03-04 20:10:00-05:00,SHORT,Bounce,1.33789,1.3380594674332646,1.3363399999999999,2026-03-04 20:15:00-05:00,1.3380594674332646,SL,0.00022,-1.0,-2.2982,-2298.18
2026-03-06 01:00:00-05:00,SHORT,Breakout,1.33521,1.3354440273009947,1.33452,2026-03-06 01:05:00-05:00,1.3354440273009947,SL,0.00022,-1.0,-1.9401,-1940.06
2026-03-06 07:00:00-05:00,SHORT,Breakout,1.33144,1.3318934572904793,1.3296299999999999,2026-03-06 07:05:00-05:00,1.3318934572904793,SL,0.00018,-1.0,-1.397,-1396.95
2026-03-06 07:05:00-05:00,SHORT,Retest,1.33144,1.3318897817697306,1.3296299999999999,2026-03-06 07:15:00-05:00,1.3318897817697306,SL,0.00018,-1.0,-1.4002,-1400.19
2026-03-09 04:00:00-04:00,SHORT,Bounce,1.3338,1.3341516101423745,1.33057,2026-03-09 04:05:00-04:00,1.3341516101423745,SL,0.0002,-1.0,-1.5688,-1568.81
2026-03-09 19:40:00-04:00,SHORT,Breakout,1.34209,1.3423744313161845,1.3382100000000001,2026-03-09 19:45:00-04:00,1.3423744313161845,SL,0.00022,-1.0,-1.7735,-1773.47
2026-03-09 20:00:00-04:00,SHORT,Breakout,1.34192,1.3423716197631599,1.3382100000000001,2026-03-09 20:05:00-04:00,1.3423716197631599,SL,0.00022,-1.0,-1.4871,-1487.14
2026-03-09 21:00:00-04:00,SHORT,Bounce,1.3431600000000001,1.3438550525097783,1.34175,2026-03-09 23:40:00-04:00,1.34175,TP,0.00022,2.0286,1.7121,1712.1
2026-03-10 08:05:00-04:00,SHORT,Breakout,1.34335,1.3438881953990394,1.34127,2026-03-10 08:20:00-04:00,1.3438881953990394,SL,0.0002,-1.0,-1.3716,-1371.61
2026-03-10 14:10:00-04:00,SHORT,Breakout,1.34409,1.3447056409146247,1.34364,2026-03-10 14:15:00-04:00,1.34364,TP,0.00022,0.7309,0.3736,373.59
2026-03-10 14:35:00-04:00,SHORT,Breakout,1.34311,1.3447416527044418,1.34127,2026-03-10 15:40:00-04:00,1.34127,TP,0.00022,1.1277,0.9929,992.86
2026-03-12 04:00:00-04:00,SHORT,Bounce,1.33923,1.3397755028007554,1.33629,2026-03-12 07:20:00-04:00,1.3397755028007554,SL,0.0002,-1.0,-1.3666,-1366.63
2026-03-13 02:15:00-04:00,SHORT,Breakout,1.3324799999999999,1.332780388350175,1.33019,2026-03-13 03:00:00-04:00,1.33019,TP,0.0002,7.6235,6.9577,6957.66
2026-03-13 07:05:00-04:00,SHORT,Breakout,1.3252,1.3256007925369861,1.32365,2026-03-13 07:15:00-04:00,1.3256007925369861,SL,0.00018,-1.0,-1.4491,-1449.11
2026-03-13 09:00:00-04:00,SHORT,Bounce,1.3268900000000001,1.3275347046092103,1.32494,2026-03-13 09:35:00-04:00,1.3275347046092103,SL,0.00018,-1.0,-1.2792,-1279.2
2026-03-16 01:55:00-04:00,SHORT,Breakout,1.32495,1.3250904312847713,1.32463,2026-03-16 02:00:00-04:00,1.3250904312847713,SL,0.0002,-1.0,-2.4242,-2424.18
2026-03-16 02:00:00-04:00,SHORT,Retest,1.32485,1.3250904004787163,1.32463,2026-03-16 02:05:00-04:00,1.3250904004787163,SL,0.000172,-1.0,-1.7155,-1715.47
2026-03-16 02:20:00-04:00,SHORT,Breakout,1.3244799999999999,1.3251029340918528,1.32164,2026-03-16 03:00:00-04:00,1.3251029340918528,SL,0.000186,-1.0,-1.2986,-1298.59
2026-03-16 21:15:00-04:00,SHORT,Breakout,1.32961,1.3299551175237811,1.3287900000000001,2026-03-16 21:30:00-04:00,1.3299551175237811,SL,0.0002,-1.0,-1.5795,-1579.51
2026-03-17 07:50:00-04:00,SHORT,Breakout,1.33172,1.3322585502006257,1.32721,2026-03-17 08:05:00-04:00,1.3322585502006257,SL,0.00018,-1.0,-1.3342,-1334.23
2026-03-18 07:55:00-04:00,SHORT,Bounce,1.33585,1.3363931229128638,1.33406,2026-03-18 08:15:00-04:00,1.33406,TP,0.0002,3.2958,2.9275,2927.51
2026-03-18 08:15:00-04:00,SHORT,Breakout,1.33391,1.3349153359931878,1.33324,2026-03-18 08:25:00-04:00,1.33324,TP,0.0002,0.6664,0.4675,467.51
2026-03-18 14:35:00-04:00,SHORT,Breakout,1.33148,1.3323372807899754,1.33016,2026-03-18 14:45:00-04:00,1.33016,TP,0.0002,1.5398,1.3065,1306.46
2026-03-19 01:35:00-04:00,SHORT,Breakout,1.3266,1.3267797926051574,1.3249,2026-03-19 01:50:00-04:00,1.3267797926051574,SL,0.00019,-1.0,-2.0568,-2056.77
2026-03-19 02:30:00-04:00,SHORT,Breakout,1.3264,1.3268018756008253,1.3249,2026-03-19 02:35:00-04:00,1.3268018756008253,SL,0.00019,-1.0,-1.4728,-1472.78
2026-03-19 03:00:00-04:00,SHORT,Breakout,1.32528,1.326159908726772,1.3249,2026-03-19 03:05:00-04:00,1.326159908726772,SL,0.00019,-1.0,-1.2159,-1215.93
2026-03-19 04:30:00-04:00,SHORT,Retest,1.32566,1.3261867438771058,1.32505,2026-03-19 04:40:00-04:00,1.32505,TP,0.00018,1.1581,0.8163,816.34
2026-03-19 20:30:00-04:00,SHORT,Breakout,1.3418,1.3420333645513547,1.33928,2026-03-19 20:35:00-04:00,1.3420333645513547,SL,0.000206,-1.0,-1.8827,-1882.74
2026-03-20 03:00:00-04:00,LONG,Bounce,1.3404099999999999,1.3396788303247011,1.34281,2026-03-20 03:45:00-04:00,1.34281,TP,0.00021,3.2824,2.9952,2995.2
2026-03-20 04:00:00-04:00,LONG,Breakout,1.34305,1.3426953245659494,1.3441100000000001,2026-03-20 04:30:00-04:00,1.3426953245659494,SL,0.0002,-1.0,-1.5639,-1563.9
2026-03-23 01:30:00-04:00,SHORT,Breakout,1.33057,1.3312991426058294,1.33014,2026-03-23 01:55:00-04:00,1.33014,TP,0.00018,0.5897,0.3429,342.87
2026-03-23 18:55:00-04:00,SHORT,Bounce,1.34311,1.343724008350587,1.34213,2026-03-23 20:00:00-04:00,1.34213,TP,0.000318,1.5961,1.0782,1078.16
2026-03-23 20:00:00-04:00,SHORT,Breakout,1.34164,1.3422231475375692,1.33773,2026-03-24 03:00:00-04:00,1.3422231475375692,SL,0.00018,-1.0,-1.3087,-1308.67
2026-03-24 03:00:00-04:00,LONG,Breakout,1.34223,1.341216768754653,1.34358,2026-03-24 03:10:00-04:00,1.34358,TP,0.00014,1.3324,1.1942,1194.2
2026-03-24 04:10:00-04:00,LONG,Retest,1.34184,1.341182124011899,1.34444,2026-03-24 04:15:00-04:00,1.341182124011899,SL,0.00014,-1.0,-1.2128,-1212.81
2026-03-24 16:20:00-04:00,LONG,Breakout,1.34227,1.3393514629901595,1.34444,2026-03-25 00:05:00-04:00,1.3393514629901595,SL,0.00035,-1.0,-1.1199,-1119.92
2026-03-30 02:25:00-04:00,SHORT,Bounce,1.32717,1.3277562396180616,1.32663,2026-03-30 02:45:00-04:00,1.3277562396180616,SL,0.00014,-1.0,-1.2388,-1238.81
2026-03-30 09:30:00-04:00,SHORT,Breakout,1.32078,1.322055623810548,1.32027,2026-03-30 09:35:00-04:00,1.32027,TP,0.00014,0.3998,0.2901,290.05
2026-03-30 15:10:00-04:00,SHORT,Breakout,1.31786,1.318134753938621,1.31726,2026-03-30 15:35:00-04:00,1.318134753938621,SL,0.00014,-1.0,-1.5095,-1509.55
2026-03-30 17:25:00-04:00,SHORT,Retest,1.3176,1.3181278806419103,1.31235,2026-03-30 17:35:00-04:00,1.3181278806419103,SL,0.000622,-1.0,-2.1783,-2178.3
2026-03-30 19:05:00-04:00,SHORT,Breakout,1.31701,1.3172882279911127,1.31235,2026-03-30 19:20:00-04:00,1.3172882279911127,SL,0.000172,-1.0,-1.6182,-1618.2
2026-03-31 07:25:00-04:00,SHORT,Bounce,1.32103,1.322123686355136,1.31898,2026-03-31 07:40:00-04:00,1.322123686355136,SL,0.00014,-1.0,-1.128,-1128.01
2026-03-31 10:55:00-04:00,SHORT,Breakout,1.3186200000000001,1.3193263241458144,1.31581,2026-03-31 11:00:00-04:00,1.3193263241458144,SL,0.00014,-1.0,-1.1982,-1198.21
2026-04-01 08:45:00-04:00,SHORT,Bounce,1.33072,1.3320682415691099,1.32763,2026-04-01 09:35:00-04:00,1.3320682415691099,SL,0.00014,-1.0,-1.1038,-1103.84
2026-04-01 14:00:00-04:00,SHORT,Breakout,1.33104,1.3314495718730137,1.33022,2026-04-01 14:15:00-04:00,1.33022,TP,0.00014,2.0021,1.6603,1660.27
2026-04-01 21:10:00-04:00,SHORT,Bounce,1.3303099999999999,1.3310916128963395,1.32861,2026-04-01 21:15:00-04:00,1.32861,TP,0.00018,2.175,1.9447,1944.7
2026-04-01 21:15:00-04:00,SHORT,Breakout,1.32656,1.3287977834037439,1.32609,2026-04-01 21:30:00-04:00,1.32609,TP,0.00018,0.21,0.1296,129.59
2026-04-03 08:30:00-04:00,SHORT,Breakout,1.32096,1.32298951130102,1.32009,2026-04-03 11:05:00-04:00,1.32009,TP,0.00014,0.4287,0.3597,359.69
2026-04-03 11:25:00-04:00,SHORT,Breakout,1.3201,1.3203791587463927,1.31813,2026-04-03 11:30:00-04:00,1.3203791587463927,SL,0.00014,-1.0,-1.5015,-1501.51
2026-04-03 11:35:00-04:00,SHORT,Breakout,1.32007,1.3203778766741854,1.31813,2026-04-03 16:10:00-04:00,1.3203778766741854,SL,0.00014,-1.0,-1.4547,-1454.73
2026-04-03 16:10:00-04:00,SHORT,Bounce,1.31903,1.3202073689908795,1.31813,2026-04-05 18:00:00-04:00,1.31813,TP,0.00063,0.7644,0.2293,229.32
2026-04-05 18:05:00-04:00,SHORT,Breakout,1.31789,1.3184164886094667,1.31747,2026-04-05 18:10:00-04:00,1.3184164886094667,SL,0.000322,-1.0,-1.6116,-1611.6
2026-04-05 20:05:00-04:00,SHORT,Bounce,1.31902,1.3194606163656886,1.31748,2026-04-05 20:20:00-04:00,1.3194606163656886,SL,0.00018,-1.0,-1.4085,-1408.52
2026-04-06 13:10:00-04:00,SHORT,Breakout,1.3221,1.3224177847471792,1.32087,2026-04-06 13:20:00-04:00,1.3224177847471792,SL,0.00014,-1.0,-1.4405,-1440.55
2026-04-06 21:35:00-04:00,SHORT,Breakout,1.32217,1.3229031493842716,1.32173,2026-04-06 21:50:00-04:00,1.32173,TP,0.00018,0.6002,0.3546,354.63
2026-04-07 04:00:00-04:00,SHORT,Bounce,1.32405,1.3249449806281643,1.32182,2026-04-07 04:10:00-04:00,1.3249449806281643,SL,0.00014,-1.0,-1.1564,-1156.43
2026-04-07 15:05:00-04:00,SHORT,Bounce,1.3256299999999999,1.325932191170958,1.32378,2026-04-07 15:10:00-04:00,1.325932191170958,SL,0.00014,-1.0,-1.4633,-1463.28
2026-04-08 19:55:00-04:00,LONG,Bounce,1.33918,1.3390914487511882,1.34024,2026-04-08 20:00:00-04:00,1.3390914487511882,SL,0.000176,-1.0,-2.9875,-2987.55
2026-04-09 11:30:00-04:00,LONG,Breakout,1.34383,1.3427733585332837,1.3484,2026-04-09 17:55:00-04:00,1.3427733585332837,SL,0.00014,-1.0,-1.1325,-1132.5
2026-04-09 20:10:00-04:00,LONG,Bounce,1.34235,1.3421012481326218,1.34367,2026-04-09 20:25:00-04:00,1.3421012481326218,SL,0.000174,-1.0,-1.6995,-1699.49
2026-04-10 03:25:00-04:00,LONG,Retest,1.34269,1.342318607617048,1.34313,2026-04-10 03:30:00-04:00,1.342318607617048,SL,0.00014,-1.0,-1.377,-1376.96
2026-04-10 05:30:00-04:00,LONG,Breakout,1.34313,1.3427272451372756,1.34367,2026-04-10 05:50:00-04:00,1.34367,TP,0.00014,1.3408,0.9932,993.16
2026-04-13 02:00:00-04:00,LONG,Breakout,1.3409200000000001,1.3406114656226127,1.34718,2026-04-13 02:05:00-04:00,1.3406114656226127,SL,0.00014,-1.0,-1.4538,-1453.76
2026-04-13 02:05:00-04:00,LONG,Retest,1.34122,1.3406055037924263,1.34718,2026-04-13 02:40:00-04:00,1.3406055037924263,SL,0.00014,-1.0,-1.2278,-1227.83
2026-04-13 07:00:00-04:00,LONG,Breakout,1.3437999999999999,1.3433145100527382,1.34718,2026-04-13 07:40:00-04:00,1.3433145100527382,SL,0.00014,-1.0,-1.2884,-1288.37
2026-04-13 12:35:00-04:00,LONG,Breakout,1.34689,1.346366604362347,1.34791,2026-04-13 12:45:00-04:00,1.34791,TP,0.00014,1.9488,1.6813,1681.33
2026-04-14 02:45:00-04:00,LONG,Breakout,1.3523100000000001,1.3520484436650309,1.35532,2026-04-14 02:55:00-04:00,1.3520484436650309,SL,0.00014,-1.0,-1.5353,-1535.26
2026-04-14 03:00:00-04:00,LONG,Breakout,1.35325,1.3520303865641665,1.35532,2026-04-14 06:45:00-04:00,1.35532,TP,0.00014,1.6973,1.5825,1582.47
2026-04-15 04:00:00-04:00,LONG,Bounce,1.35617,1.3554606134818152,1.35694,2026-04-15 05:00:00-04:00,1.3554606134818152,SL,0.00014,-1.0,-1.1974,-1197.35
2026-04-15 09:45:00-04:00,LONG,Breakout,1.35601,1.3555335269923072,1.35694,2026-04-15 09:50:00-04:00,1.3555335269923072,SL,0.00014,-1.0,-1.2938,-1293.83
2026-04-15 22:40:00-04:00,LONG,Breakout,1.35822,1.3574500143591166,1.35885,2026-04-15 23:00:00-04:00,1.35885,TP,0.000174,0.8182,0.5922,592.22
2026-04-16 09:55:00-04:00,LONG,Bounce,1.35402,1.3534662371597792,1.35798,2026-04-16 10:20:00-04:00,1.3534662371597792,SL,0.00014,-1.0,-1.2528,-1252.82
2026-04-17 08:30:00-04:00,LONG,Breakout,1.35465,1.3538467683920163,1.35547,2026-04-17 08:45:00-04:00,1.35547,TP,0.00014,1.0209,0.8466,846.58
2026-04-17 13:10:00-04:00,LONG,Bounce,1.35467,1.354181975187927,1.35887,2026-04-17 13:20:00-04:00,1.354181975187927,SL,0.00014,-1.0,-1.2869,-1286.87
2026-04-19 20:20:00-04:00,LONG,Breakout,1.34927,1.3490346754315792,1.35542,2026-04-19 20:35:00-04:00,1.3490346754315792,SL,0.00018,-1.0,-1.7649,-1764.9
2026-04-20 09:40:00-04:00,LONG,Breakout,1.35308,1.3526592567688533,1.35542,2026-04-20 10:00:00-04:00,1.3526592567688533,SL,0.00014,-1.0,-1.3327,-1332.74
2026-04-21 09:30:00-04:00,LONG,Breakout,1.3526099999999999,1.3522397082122262,1.3529200000000001,2026-04-21 09:35:00-04:00,1.3522397082122262,SL,0.00014,-1.0,-1.3781,-1378.08
2026-04-21 11:00:00-04:00,LONG,Bounce,1.3511,1.3504338531151343,1.35416,2026-04-21 11:30:00-04:00,1.3504338531151343,SL,0.00014,-1.0,-1.2102,-1210.16
2026-04-21 20:05:00-04:00,LONG,Breakout,1.3516,1.3511959137802172,1.35242,2026-04-21 20:55:00-04:00,1.3511959137802172,SL,0.000176,-1.0,-1.4356,-1435.55
2026-04-22 01:15:00-04:00,LONG,Breakout,1.3525800000000001,1.3510927874399967,1.35398,2026-04-22 03:15:00-04:00,1.3510927874399967,SL,0.00017,-1.0,-1.1143,-1114.31
2026-04-22 20:00:00-04:00,LONG,Bounce,1.35002,1.3497015493240299,1.35083,2026-04-22 20:05:00-04:00,1.3497015493240299,SL,0.00018,-1.0,-1.5652,-1565.24
2026-04-23 20:05:00-04:00,LONG,Breakout,1.34679,1.3466850889768174,1.34735,2026-04-23 20:10:00-04:00,1.3466850889768174,SL,0.00018,-1.0,-2.7157,-2715.74
2026-04-23 20:25:00-04:00,LONG,Breakout,1.34688,1.3466887480286047,1.34735,2026-04-23 20:40:00-04:00,1.3466887480286047,SL,0.000174,-1.0,-1.9098,-1909.79
2026-04-26 20:55:00-04:00,LONG,Breakout,1.35208,1.3516931948609718,1.35368,2026-04-26 22:35:00-04:00,1.35368,TP,0.000174,4.1364,3.6866,3686.61
2026-04-27 08:05:00-04:00,LONG,Breakout,1.35696,1.3561926091744532,1.35887,2026-04-27 08:35:00-04:00,1.3561926091744532,SL,0.00014,-1.0,-1.1824,-1182.44
2026-04-27 08:40:00-04:00,LONG,Breakout,1.35647,1.3561872849496164,1.35887,2026-04-27 08:55:00-04:00,1.3561872849496164,SL,0.00014,-1.0,-1.4952,-1495.2
2026-04-27 09:00:00-04:00,LONG,Bounce,1.35549,1.354532920903946,1.35887,2026-04-27 09:45:00-04:00,1.354532920903946,SL,0.00014,-1.0,-1.1463,-1146.28
2026-04-27 16:45:00-04:00,LONG,Bounce,1.35325,1.3529111952456536,1.35372,2026-04-27 17:20:00-04:00,1.35372,TP,0.000258,1.3872,0.6257,625.73
2026-04-28 01:00:00-04:00,LONG,Bounce,1.35304,1.3527074121128073,1.35357,2026-04-28 01:05:00-04:00,1.3527074121128073,SL,0.000174,-1.0,-1.5232,-1523.17
2026-04-28 20:00:00-04:00,LONG,Breakout,1.3526799999999999,1.3522348145296248,1.3534,2026-04-28 20:20:00-04:00,1.3522348145296248,SL,0.00018,-1.0,-1.4043,-1404.33
2026-04-28 20:30:00-04:00,LONG,Breakout,1.35233,1.3522341379868459,1.3534,2026-04-28 20:45:00-04:00,1.3522341379868459,SL,0.000148,-1.0,-2.5439,-2543.89
2026-05-01 02:50:00-04:00,LONG,Breakout,1.36168,1.3610741254545307,1.36285,2026-05-01 02:55:00-04:00,1.3610741254545307,SL,0.00014,-1.0,-1.2311,-1231.07
2026-05-01 07:15:00-04:00,LONG,Breakout,1.36168,1.3613331440450458,1.36222,2026-05-01 07:25:00-04:00,1.36222,TP,0.00014,1.5568,1.1532,1153.22
2026-05-01 08:00:00-04:00,LONG,Retest,1.36192,1.3613256199766572,1.36285,2026-05-01 08:10:00-04:00,1.36285,TP,0.00014,1.5647,1.3291,1329.12
2026-05-01 11:50:00-04:00,LONG,Bounce,1.36259,1.3615696317864425,1.36575,2026-05-01 11:55:00-04:00,1.3615696317864425,SL,0.00014,-1.0,-1.1372,-1137.21
2026-05-03 23:45:00-04:00,LONG,Breakout,1.35904,1.358801603917812,1.3604,2026-05-04 00:20:00-04:00,1.358801603917812,SL,0.00018,-1.0,-1.755,-1755.05
2026-05-04 01:45:00-04:00,LONG,Retest,1.35901,1.3588028445688216,1.36006,2026-05-04 02:40:00-04:00,1.3588028445688216,SL,0.00014,-1.0,-1.6758,-1675.82
2026-05-04 11:00:00-04:00,LONG,Bounce,1.35548,1.3548066694616967,1.35978,2026-05-04 11:15:00-04:00,1.3548066694616967,SL,0.00014,-1.0,-1.2079,-1207.92
2026-05-06 00:30:00-04:00,LONG,Breakout,1.35874,1.3578427074601742,1.35978,2026-05-06 03:55:00-04:00,1.35978,TP,0.00018,1.159,0.9584,958.44
2026-05-06 06:50:00-04:00,LONG,Breakout,1.36395,1.3632688823677823,1.36575,2026-05-06 07:05:00-04:00,1.3632688823677823,SL,0.00014,-1.0,-1.2055,-1205.54
2026-05-06 07:30:00-04:00,LONG,Retest,1.3638,1.3632672970647528,1.36575,2026-05-06 07:40:00-04:00,1.3632672970647528,SL,0.00014,-1.0,-1.2628,-1262.81
2026-05-06 08:15:00-04:00,LONG,Bounce,1.36167,1.3611583544840318,1.36428,2026-05-06 08:40:00-04:00,1.3611583544840318,SL,0.00014,-1.0,-1.2736,-1273.63
2026-05-06 21:00:00-04:00,LONG,Bounce,1.35921,1.3588078948381856,1.3599,2026-05-06 21:10:00-04:00,1.3599,TP,0.00018,1.716,1.2683,1268.32
2026-05-06 21:15:00-04:00,LONG,Breakout,1.36012,1.3598197882505445,1.36185,2026-05-06 23:10:00-04:00,1.3598197882505445,SL,0.00018,-1.0,-1.5996,-1599.58
2026-05-07 02:40:00-04:00,LONG,Breakout,1.36076,1.359999791158204,1.36185,2026-05-07 02:50:00-04:00,1.359999791158204,SL,0.00014,-1.0,-1.1842,-1184.16
2026-05-07 03:00:00-04:00,LONG,Breakout,1.36057,1.3599910756786096,1.36185,2026-05-07 03:10:00-04:00,1.36185,TP,0.00014,2.211,1.9692,1969.17
2026-05-08 08:30:00-04:00,LONG,Breakout,1.36228,1.3620754085318887,1.36321,2026-05-08 08:35:00-04:00,1.3620754085318887,SL,0.00014,-1.0,-1.6843,-1684.29
2026-05-08 09:30:00-04:00,LONG,Breakout,1.3626,1.3622693756436812,1.36321,2026-05-08 09:35:00-04:00,1.3622693756436812,SL,0.00014,-1.0,-1.4234,-1423.44
2026-05-11 03:20:00-04:00,LONG,Retest,1.36006,1.3596696490758409,1.3636300000000001,2026-05-11 03:55:00-04:00,1.3596696490758409,SL,0.00014,-1.0,-1.3587,-1358.65
2026-05-12 08:30:00-04:00,LONG,Bounce,1.35263,1.352035098168879,1.35521,2026-05-12 09:15:00-04:00,1.352035098168879,SL,0.00014,-1.0,-1.2353,-1235.33
2026-05-15 16:45:00-04:00,SHORT,Breakout,1.33164,1.3317738323691677,1.3285,2026-05-17 17:15:00-04:00,1.3317738323691677,SL,0.000192,-1.0,-2.4346,-2434.63
2026-05-17 18:30:00-04:00,SHORT,Breakout,1.33096,1.3313167188468165,1.3285,2026-05-17 18:35:00-04:00,1.3313167188468165,SL,0.00035,-1.0,-1.9812,-1981.16
2026-05-17 20:15:00-04:00,SHORT,Retest,1.33107,1.3313158640727911,1.3285,2026-05-17 20:20:00-04:00,1.3313158640727911,SL,0.00018,-1.0,-1.7321,-1732.11
2026-05-17 21:00:00-04:00,SHORT,Breakout,1.3304,1.330739344439338,1.3285,2026-05-17 21:05:00-04:00,1.330739344439338,SL,0.00018,-1.0,-1.5304,-1530.43
2026-05-19 01:15:00-04:00,SHORT,Breakout,1.34059,1.3408469156957092,1.33996,2026-05-19 01:20:00-04:00,1.33996,TP,0.00018,2.4522,1.7515,1751.55
2026-05-19 02:05:00-04:00,SHORT,Breakout,1.3406,1.3408730969255704,1.33792,2026-05-19 02:10:00-04:00,1.3408730969255704,SL,0.00014,-1.0,-1.5126,-1512.64
2026-05-19 08:40:00-04:00,SHORT,Bounce,1.34119,1.3416401992056028,1.33924,2026-05-19 09:15:00-04:00,1.33924,TP,0.00014,4.3314,4.0204,4020.44
2026-05-19 10:05:00-04:00,SHORT,Breakout,1.3393,1.3402998801871142,1.33792,2026-05-19 10:25:00-04:00,1.33792,TP,0.00014,1.3802,1.2401,1240.15
2026-05-19 11:40:00-04:00,SHORT,Retest,1.33948,1.3402937940116786,1.3378,2026-05-19 13:00:00-04:00,1.3402937940116786,SL,0.00014,-1.0,-1.172,-1172.03
2026-05-19 17:40:00-04:00,SHORT,Breakout,1.33939,1.3396474924314001,1.33871,2026-05-19 17:45:00-04:00,1.3396474924314001,SL,0.000404,-1.0,-2.569,-2568.98
2026-05-19 18:25:00-04:00,SHORT,Retest,1.33948,1.3396500397720295,1.33871,2026-05-19 18:30:00-04:00,1.3396500397720295,SL,0.000228,-1.0,-2.3409,-2340.86
2026-05-19 20:05:00-04:00,SHORT,Breakout,1.33896,1.3393108778793805,1.33871,2026-05-19 20:20:00-04:00,1.3393108778793805,SL,0.00018,-1.0,-1.513,-1513.0
2026-05-19 20:55:00-04:00,SHORT,Breakout,1.33888,1.3393272729304324,1.3378,2026-05-19 21:35:00-04:00,1.3378,TP,0.00018,2.4146,2.0122,2012.19
2026-05-19 21:50:00-04:00,SHORT,Retest,1.3385099999999999,1.3393420087701082,1.33457,2026-05-19 22:20:00-04:00,1.3393420087701082,SL,0.00018,-1.0,-1.2163,-1216.34
2026-05-20 02:00:00-04:00,SHORT,Breakout,1.3386,1.338947992785181,1.33457,2026-05-20 02:05:00-04:00,1.338947992785181,SL,0.00014,-1.0,-1.4023,-1402.31
2026-05-20 02:50:00-04:00,SHORT,Retest,1.3383099999999999,1.3389666941096185,1.33755,2026-05-20 03:00:00-04:00,1.3389666941096185,SL,0.00014,-1.0,-1.2132,-1213.19
2026-05-20 20:05:00-04:00,SHORT,Breakout,1.34307,1.3431794527901106,1.33823,2026-05-20 20:10:00-04:00,1.3431794527901106,SL,0.00018,-1.0,-2.6445,-2644.54
2026-05-20 20:15:00-04:00,SHORT,Breakout,1.3429,1.3431848240894322,1.33823,2026-05-20 20:30:00-04:00,1.3431848240894322,SL,0.00018,-1.0,-1.632,-1631.97
2026-05-20 21:00:00-04:00,SHORT,Bounce,1.34369,1.343834773526984,1.33823,2026-05-20 21:05:00-04:00,1.343834773526984,SL,0.00018,-1.0,-2.2433,-2243.32
2026-05-21 03:15:00-04:00,SHORT,Breakout,1.34184,1.3426261594938282,1.33823,2026-05-21 03:45:00-04:00,1.3426261594938282,SL,0.00014,-1.0,-1.1781,-1178.08
2026-05-22 01:50:00-04:00,SHORT,Bounce,1.3427799999999999,1.343071272883573,1.34218,2026-05-22 01:55:00-04:00,1.34218,TP,0.000138,2.0599,1.5861,1586.14
2026-05-22 04:40:00-04:00,SHORT,Bounce,1.3429,1.3432970648749887,1.3412899999999999,2026-05-22 08:55:00-04:00,1.3432970648749887,SL,0.00014,-1.0,-1.3526,-1352.59
2026-05-25 07:30:00-04:00,LONG,Breakout,1.34961,1.349499209979971,1.35119,2026-05-25 09:55:00-04:00,1.349499209979971,SL,0.00014,-1.0,-2.2637,-2263.65
2026-05-25 15:35:00-04:00,LONG,Breakout,1.35076,1.3506419013075839,1.35119,2026-05-25 15:50:00-04:00,1.3506419013075839,SL,0.000132,-1.0,-2.1177,-2117.71
2026-05-25 15:55:00-04:00,LONG,Breakout,1.3507500000000001,1.350642492899987,1.35119,2026-05-25 16:00:00-04:00,1.350642492899987,SL,0.000134,-1.0,-2.2464,-2246.43
2026-05-28 07:55:00-04:00,SHORT,Bounce,1.34059,1.3410298484822905,1.3385799999999999,2026-05-28 08:25:00-04:00,1.3410298484822905,SL,0.00014,-1.0,-1.3183,-1318.29
2026-06-05 08:50:00-04:00,SHORT,Breakout,1.34145,1.3424448458245342,1.34108,2026-06-05 08:55:00-04:00,1.34108,TP,0.00014,0.3719,0.2312,231.19
2026-06-05 09:20:00-04:00,SHORT,Retest,1.34098,1.3424705969907673,1.3385799999999999,2026-06-05 10:15:00-04:00,1.3385799999999999,TP,0.00014,1.6101,1.5162,1516.17
2026-06-09 04:10:00-04:00,SHORT,Bounce,1.33708,1.3374896680555894,1.33575,2026-06-09 04:20:00-04:00,1.3374896680555894,SL,0.00014,-1.0,-1.3417,-1341.74
2026-06-09 09:00:00-04:00,SHORT,Bounce,1.34012,1.3407757656733208,1.33575,2026-06-09 09:10:00-04:00,1.3407757656733208,SL,0.00014,-1.0,-1.2135,-1213.49
2026-06-10 07:00:00-04:00,SHORT,Breakout,1.33788,1.3381049208707412,1.33715,2026-06-10 07:05:00-04:00,1.3381049208707412,SL,0.000136,-1.0,-1.6047,-1604.66
2026-06-10 07:45:00-04:00,SHORT,Retest,1.33772,1.338113162198008,1.33715,2026-06-10 07:50:00-04:00,1.338113162198008,SL,0.00014,-1.0,-1.3561,-1356.09
2026-06-11 08:20:00-04:00,SHORT,Breakout,1.3347,1.335272493357003,1.3329900000000001,2026-06-11 08:30:00-04:00,1.335272493357003,SL,0.00014,-1.0,-1.2445,-1244.54
2026-06-15 09:45:00-04:00,LONG,Breakout,1.34348,1.3432599029369998,1.34593,2026-06-15 10:20:00-04:00,1.3432599029369998,SL,0.00014,-1.0,-1.6361,-1636.08
2026-06-15 11:05:00-04:00,LONG,Retest,1.34368,1.343250478240573,1.34593,2026-06-15 11:30:00-04:00,1.343250478240573,SL,0.00014,-1.0,-1.3259,-1325.94
2026-06-15 21:00:00-04:00,LONG,Breakout,1.34167,1.3415530930928605,1.34307,2026-06-15 21:05:00-04:00,1.3415530930928605,SL,0.000174,-1.0,-2.4884,-2488.36
2026-06-18 01:50:00-04:00,SHORT,Breakout,1.33025,1.3305984316597752,1.32779,2026-06-18 02:00:00-04:00,1.3305984316597752,SL,0.00014,-1.0,-1.4018,-1401.8
2026-06-18 03:50:00-04:00,SHORT,Retest,1.3299699999999999,1.3306544532044178,1.32779,2026-06-18 04:20:00-04:00,1.32779,TP,0.00014,3.185,2.9805,2980.48
2026-06-18 07:00:00-04:00,SHORT,Breakout,1.32155,1.3225609779004144,1.32105,2026-06-18 07:15:00-04:00,1.32105,TP,0.00014,0.4946,0.3561,356.09
2026-06-18 17:55:00-04:00,SHORT,Bounce,1.32036,1.3209020041132309,1.3192300000000001,2026-06-18 20:35:00-04:00,1.3209020041132309,SL,0.000676,-1.0,-2.2472,-2247.22
2026-06-18 20:35:00-04:00,SHORT,Bounce,1.32043,1.3210094516018047,1.3195000000000001,2026-06-18 20:50:00-04:00,1.3210094516018047,SL,0.000162,-1.0,-1.2796,-1279.57
2026-06-18 20:55:00-04:00,SHORT,Bounce,1.32083,1.3210099521865666,1.31997,2026-06-18 21:00:00-04:00,1.3210099521865666,SL,0.000172,-1.0,-1.9558,-1955.81
2026-06-18 23:15:00-04:00,SHORT,Breakout,1.31866,1.31928806076473,1.3184,2026-06-19 00:00:00-04:00,1.3184,TP,0.000166,0.414,0.1497,149.67
2026-06-19 10:50:00-04:00,SHORT,Breakout,1.3220399999999999,1.3223340879156438,1.3161800000000001,2026-06-19 10:55:00-04:00,1.3223340879156438,SL,0.00014,-1.0,-1.476,-1476.05
2026-06-21 23:55:00-04:00,SHORT,Breakout,1.32117,1.3217113487933703,1.32002,2026-06-22 01:30:00-04:00,1.3217113487933703,SL,0.000162,-1.0,-1.2993,-1299.25
2026-06-23 04:10:00-04:00,SHORT,Retest,1.32281,1.323444193134088,1.31829,2026-06-23 13:05:00-04:00,1.31829,TP,0.00014,7.1272,6.9064,6906.41
2026-06-23 19:50:00-04:00,SHORT,Bounce,1.32005,1.3202846683848166,1.3192599999999999,2026-06-23 20:25:00-04:00,1.3192599999999999,TP,0.000162,3.3665,2.6761,2676.12
2026-06-23 20:35:00-04:00,SHORT,Breakout,1.3195999999999999,1.3197316244221737,1.31813,2026-06-23 20:45:00-04:00,1.3197316244221737,SL,0.000156,-1.0,-2.1852,-2185.19
2026-06-23 21:00:00-04:00,SHORT,Breakout,1.31921,1.3197407798249654,1.31813,2026-06-23 21:40:00-04:00,1.3197407798249654,SL,0.00018,-1.0,-1.3391,-1339.12
2026-06-23 23:00:00-04:00,SHORT,Breakout,1.31879,1.3191062048671593,1.31813,2026-06-23 23:10:00-04:00,1.3191062048671593,SL,0.000168,-1.0,-1.5313,-1531.3
2026-06-24 19:45:00-04:00,SHORT,Bounce,1.3164,1.3166614747483318,1.31521,2026-06-24 21:00:00-04:00,1.3166614747483318,SL,0.00017,-1.0,-1.6502,-1650.16
2026-06-25 04:00:00-04:00,SHORT,Bounce,1.3182,1.3185822721697575,1.31667,2026-06-25 04:05:00-04:00,1.3185822721697575,SL,0.00014,-1.0,-1.3662,-1366.23
2026-06-25 17:55:00-04:00,SHORT,Breakout,1.31925,1.3194406455686147,1.31504,2026-06-25 18:00:00-04:00,1.3194406455686147,SL,0.000412,-1.0,-3.1611,-3161.08
2026-06-25 20:35:00-04:00,SHORT,Breakout,1.31884,1.3190356580302083,1.31504,2026-06-25 20:40:00-04:00,1.3190356580302083,SL,0.00018,-1.0,-1.92,-1919.97
2026-06-26 02:30:00-04:00,SHORT,Bounce,1.32043,1.3207658862107023,1.3179,2026-06-26 03:35:00-04:00,1.3207658862107023,SL,0.00014,-1.0,-1.4168,-1416.81
2026-06-26 10:55:00-04:00,SHORT,Breakout,1.31972,1.3200922621666336,1.31901,2026-06-26 11:00:00-04:00,1.3200922621666336,SL,0.00014,-1.0,-1.3761,-1376.08
2026-06-26 16:35:00-04:00,SHORT,Breakout,1.31939,1.319526985449104,1.31901,2026-06-26 16:40:00-04:00,1.319526985449104,SL,0.00031,-1.0,-3.263,-3263.01
2026-06-28 17:45:00-04:00,SHORT,Retest,1.31929,1.319558575847424,1.31901,2026-06-28 17:50:00-04:00,1.319558575847424,SL,0.00038,-1.0,-2.4149,-2414.87
2026-06-29 15:00:00-04:00,SHORT,Bounce,1.32558,1.3258691306085224,1.32497,2026-06-29 15:25:00-04:00,1.3258691306085224,SL,0.00014,-1.0,-1.4842,-1484.21
2026-06-29 20:05:00-04:00,SHORT,Breakout,1.32505,1.325184202093016,1.32275,2026-06-29 20:10:00-04:00,1.325184202093016,SL,0.00018,-1.0,-2.3413,-2341.26
2026-06-29 23:30:00-04:00,SHORT,Breakout,1.32317,1.3233434613044002,1.32275,2026-06-30 00:05:00-04:00,1.3233434613044002,SL,0.000164,-1.0,-1.9455,-1945.46
2026-06-30 00:55:00-04:00,SHORT,Breakout,1.3228,1.3230764686385061,1.3209,2026-06-30 01:05:00-04:00,1.3230764686385061,SL,0.000176,-1.0,-1.6366,-1636.6
2026-06-30 02:10:00-04:00,SHORT,Retest,1.32287,1.3230852627976954,1.3209,2026-06-30 02:15:00-04:00,1.3230852627976954,SL,0.00014,-1.0,-1.6504,-1650.37
2026-07-01 08:00:00-04:00,SHORT,Breakout,1.32408,1.3242821843192003,1.32279,2026-07-01 08:15:00-04:00,1.3242821843192003,SL,0.000138,-1.0,-1.6825,-1682.55
2026-07-03 01:00:00-04:00,LONG,Breakout,1.33685,1.336518749305306,1.33843,2026-07-03 01:55:00-04:00,1.336518749305306,SL,0.00018,-1.0,-1.5434,-1543.4
2026-07-03 02:30:00-04:00,LONG,Breakout,1.33779,1.3375770339253064,1.33843,2026-07-03 02:35:00-04:00,1.3375770339253064,SL,0.00014,-1.0,-1.6574,-1657.38
2026-07-03 03:00:00-04:00,LONG,Bounce,1.33652,1.336264445159167,1.33843,2026-07-03 03:30:00-04:00,1.336264445159167,SL,0.00014,-1.0,-1.5478,-1547.83
2026-07-06 02:05:00-04:00,LONG,Bounce,1.33396,1.3337636534303343,1.33449,2026-07-06 02:10:00-04:00,1.3337636534303343,SL,0.00014,-1.0,-1.713,-1713.02
2026-07-06 08:00:00-04:00,LONG,Breakout,1.335,1.3345890934039377,1.3356,2026-07-06 08:05:00-04:00,1.3345890934039377,SL,0.00014,-1.0,-1.3407,-1340.71
2026-07-06 09:40:00-04:00,LONG,Retest,1.33491,1.3345772633091348,1.3356,2026-07-06 09:45:00-04:00,1.3345772633091348,SL,0.00014,-1.0,-1.4208,-1420.75
2026-07-07 01:00:00-04:00,LONG,Bounce,1.33884,1.3387424232069463,1.33963,2026-07-07 01:05:00-04:00,1.3387424232069463,SL,0.000174,-1.0,-2.7832,-2783.21
2026-07-07 20:20:00-04:00,LONG,Bounce,1.33478,1.3345348140892903,1.33541,2026-07-07 20:50:00-04:00,1.33541,TP,0.00018,2.5695,1.8353,1835.34
2026-07-08 02:15:00-04:00,LONG,Breakout,1.33628,1.3357611229866215,1.33755,2026-07-08 03:05:00-04:00,1.3357611229866215,SL,0.00014,-1.0,-1.2698,-1269.81
2026-07-08 20:00:00-04:00,LONG,Breakout,1.33964,1.3392123497730022,1.34069,2026-07-08 21:10:00-04:00,1.3392123497730022,SL,0.00018,-1.0,-1.4209,-1420.9
2026-07-09 01:10:00-04:00,LONG,Breakout,1.34049,1.339941511932445,1.34101,2026-07-09 02:00:00-04:00,1.34101,TP,0.00017,0.9481,0.6381,638.12
2026-07-09 20:40:00-04:00,LONG,Breakout,1.34139,1.3409839437025077,1.34189,2026-07-09 20:45:00-04:00,1.34189,TP,0.000156,1.2314,0.8472,847.17
2026-07-10 06:55:00-04:00,LONG,Breakout,1.34326,1.3429441578879346,1.34513,2026-07-10 07:05:00-04:00,1.3429441578879346,SL,0.00014,-1.0,-1.4433,-1443.26
2026-07-13 20:40:00-04:00,LONG,Breakout,1.3353,1.3351072959098236,1.3360699999999999,2026-07-13 20:55:00-04:00,1.3351072959098236,SL,0.00018,-1.0,-1.9341,-1934.07
2026-07-13 21:00:00-04:00,LONG,Breakout,1.33525,1.335105084560612,1.3360699999999999,2026-07-13 21:10:00-04:00,1.335105084560612,SL,0.00018,-1.0,-2.2421,-2242.1
2026-07-13 23:35:00-04:00,LONG,Breakout,1.33618,1.3358711527256124,1.33839,2026-07-14 00:05:00-04:00,1.3358711527256124,SL,0.00018,-1.0,-1.5828,-1582.81
2026-07-15 17:55:00-04:00,LONG,Bounce,1.35349,1.3526272629580327,1.35388,2026-07-15 18:00:00-04:00,1.35388,TP,0.000452,0.452,-0.0719,-71.86
2026-07-15 19:40:00-04:00,LONG,Breakout,1.3542100000000001,1.3540566335450281,1.35574,2026-07-15 19:50:00-04:00,1.3540566335450281,SL,0.00015,-1.0,-1.978,-1978.05
2026-07-15 20:10:00-04:00,LONG,Breakout,1.35433,1.3540537512166544,1.35574,2026-07-15 20:15:00-04:00,1.3540537512166544,SL,0.000172,-1.0,-1.6226,-1622.63
2026-07-16 01:30:00-04:00,LONG,Breakout,1.35384,1.3536985802286836,1.35438,2026-07-16 01:35:00-04:00,1.3536985802286836,SL,0.00014,-1.0,-1.99,-1989.96
2026-07-17 02:15:00-04:00,LONG,Breakout,1.34706,1.3467906207619977,1.34792,2026-07-17 03:00:00-04:00,1.34792,TP,0.000138,3.1925,2.6802,2680.24
2026-07-20 08:00:00-04:00,LONG,Bounce,1.34605,1.3455791472655192,1.34801,2026-07-20 08:10:00-04:00,1.3455791472655192,SL,0.00014,-1.0,-1.2973,-1297.33
2026-07-21 21:00:00-04:00,LONG,Breakout,1.33856,1.3383384341198539,1.33988,2026-07-21 21:15:00-04:00,1.3383384341198539,SL,0.000162,-1.0,-1.7312,-1731.16
2026-07-24 10:55:00-04:00,SHORT,Bounce,1.33255,1.3329152097026224,1.33049,2026-07-24 11:00:00-04:00,1.3329152097026224,SL,0.00014,-1.0,-1.3833,-1383.34
2026-07-27 06:10:00-04:00,SHORT,Breakout,1.33291,1.3330587134089034,1.3314599999999999,2026-07-27 06:15:00-04:00,1.3330587134089034,SL,0.00014,-1.0,-1.9414,-1941.41
2026-07-28 01:30:00-04:00,SHORT,Breakout,1.3287900000000001,1.3289065901761536,1.3284799999999999,2026-07-28 01:40:00-04:00,1.3289065901761536,SL,0.000136,-1.0,-2.1665,-2166.48
2026-07-28 04:15:00-04:00,SHORT,Bounce,1.33,1.3304563302196126,1.3285,2026-07-28 04:20:00-04:00,1.3304563302196126,SL,0.000138,-1.0,-1.3024,-1302.41
2026-07-28 11:20:00-04:00,SHORT,Bounce,1.33017,1.3303850559827126,1.32735,2026-07-28 11:25:00-04:00,1.3303850559827126,SL,0.00014,-1.0,-1.651,-1650.99
2026-07-28 20:55:00-04:00,SHORT,Bounce,1.3291,1.3293773311366286,1.32795,2026-07-28 22:15:00-04:00,1.3293773311366286,SL,0.000172,-1.0,-1.6202,-1620.2
2026-07-29 06:00:00-04:00,SHORT,Breakout,1.3295,1.3296628097595318,1.32803,2026-07-29 07:25:00-04:00,1.3296628097595318,SL,0.000138,-1.0,-1.8476,-1847.62
2026-07-29 19:50:00-04:00,SHORT,Bounce,1.3366500000000001,1.3369525497496637,1.33413,2026-07-29 23:20:00-04:00,1.33413,TP,0.00018,8.3292,7.7343,7734.27
2026-07-31 02:10:00-04:00,LONG,Breakout,1.34538,1.3451216683335097,1.34643,2026-07-31 02:15:00-04:00,1.3451216683335097,SL,0.00014,-1.0,-1.5419,-1541.94
2026-07-31 02:45:00-04:00,LONG,Breakout,1.34531,1.3451010699029566,1.34643,2026-07-31 02:55:00-04:00,1.3451010699029566,SL,0.00014,-1.0,-1.6701,-1670.08
2026-07-31 03:00:00-04:00,LONG,Breakout,1.34537,1.3450874972947506,1.34643,2026-07-31 03:05:00-04:00,1.3450874972947506,SL,0.00014,-1.0,-1.4956,-1495.57
2026-08-04 22:40:00-04:00,LONG,Breakout,1.3457,1.3455105144304453,1.3470900000000001,2026-08-04 22:45:00-04:00,1.3455105144304453,SL,0.00018,-1.0,-1.9499,-1949.94
2026-08-04 23:20:00-04:00,LONG,Retest,1.34577,1.345510913449903,1.3470900000000001,2026-08-04 23:25:00-04:00,1.345510913449903,SL,0.000148,-1.0,-1.5712,-1571.24
2026-08-05 02:40:00-04:00,LONG,Breakout,1.34626,1.345856968796229,1.3470900000000001,2026-08-05 03:10:00-04:00,1.345856968796229,SL,0.00014,-1.0,-1.3474,-1347.37
2026-08-05 03:50:00-04:00,LONG,Retest,1.34603,1.3458513119494167,1.34688,2026-08-05 04:00:00-04:00,1.34688,TP,0.000132,4.7569,4.0182,4018.18
2026-08-05 09:00:00-04:00,LONG,Breakout,1.34706,1.3468166942425406,1.35023,2026-08-05 09:15:00-04:00,1.3468166942425406,SL,0.00014,-1.0,-1.5754,-1575.41
2026-08-05 19:45:00-04:00,LONG,Breakout,1.34693,1.3467124138549569,1.34727,2026-08-05 19:55:00-04:00,1.3467124138549569,SL,0.000158,-1.0,-1.7261,-1726.15
2026-08-05 20:20:00-04:00,LONG,Breakout,1.34689,1.3467119191224002,1.34727,2026-08-05 20:25:00-04:00,1.3467119191224002,SL,0.000156,-1.0,-1.876,-1876.01
2026-08-05 20:35:00-04:00,LONG,Breakout,1.3468499999999999,1.3467115314547788,1.34727,2026-08-05 20:40:00-04:00,1.3467115314547788,SL,0.00017,-1.0,-2.2277,-2227.72
2026-08-05 22:15:00-04:00,LONG,Retest,1.34691,1.3467085820393274,1.34727,2026-08-05 22:55:00-04:00,1.3467085820393274,SL,0.00018,-1.0,-1.8937,-1893.66
2026-08-06 07:55:00-04:00,LONG,Breakout,1.34676,1.34648998328698,1.34715,2026-08-06 08:05:00-04:00,1.34648998328698,SL,0.00014,-1.0,-1.5185,-1518.49
2026-08-06 08:55:00-04:00,LONG,Retest,1.34687,1.3464854195843348,1.34715,2026-08-06 09:10:00-04:00,1.3464854195843348,SL,0.00014,-1.0,-1.364,-1364.03
2026-08-07 00:30:00-04:00,LONG,Breakout,1.34538,1.3453166528181895,1.34558,2026-08-07 00:35:00-04:00,1.3453166528181895,SL,0.000172,-1.0,-3.7152,-3715.2
2026-08-07 02:20:00-04:00,LONG,Breakout,1.34576,1.3455041964603769,1.34588,2026-08-07 02:25:00-04:00,1.3455041964603769,SL,0.00014,-1.0,-1.5473,-1547.3
2026-08-07 08:30:00-04:00,LONG,Breakout,1.3495300000000001,1.3456308067356357,1.35023,2026-08-07 08:40:00-04:00,1.35023,TP,0.00014,0.1795,0.1436,143.62
2026-08-10 02:15:00-04:00,LONG,Breakout,1.34946,1.3492856813387222,1.34984,2026-08-10 02:35:00-04:00,1.3492856813387222,SL,0.000138,-1.0,-1.7917,-1791.65
2026-08-10 09:30:00-04:00,LONG,Breakout,1.35046,1.3502900473962343,1.3508499999999999,2026-08-10 09:35:00-04:00,1.3502900473962343,SL,0.00014,-1.0,-1.8238,-1823.76
2026-08-10 10:00:00-04:00,LONG,Breakout,1.35083,1.3502798423871765,1.35168,2026-08-10 10:10:00-04:00,1.35168,TP,0.00014,1.545,1.2905,1290.54
2026-08-10 19:55:00-04:00,LONG,Breakout,1.351,1.3508478940557935,1.35115,2026-08-10 20:05:00-04:00,1.35115,TP,0.00018,0.9862,-0.1972,-197.23
2026-08-10 22:00:00-04:00,LONG,Retest,1.35101,1.3508377681199146,1.35147,2026-08-10 22:05:00-04:00,1.3508377681199146,SL,0.000172,-1.0,-1.9987,-1998.65
2026-08-11 01:40:00-04:00,LONG,Breakout,1.35133,1.3512121491774307,1.35147,2026-08-11 01:45:00-04:00,1.3512121491774307,SL,0.00014,-1.0,-2.1879,-2187.94
2026-08-11 02:00:00-04:00,LONG,Breakout,1.35138,1.3512084052649052,1.35297,2026-08-11 02:05:00-04:00,1.3512084052649052,SL,0.00014,-1.0,-1.8159,-1815.88
2026-08-11 19:00:00-04:00,LONG,Breakout,1.35088,1.3508012628906092,1.35151,2026-08-11 19:15:00-04:00,1.3508012628906092,SL,0.000172,-1.0,-3.1845,-3184.48
2026-08-11 20:30:00-04:00,LONG,Retest,1.35096,1.3508059710464346,1.35151,2026-08-11 20:45:00-04:00,1.3508059710464346,SL,0.000148,-1.0,-1.9609,-1960.86
2026-08-12 19:50:00-04:00,LONG,Breakout,1.34962,1.3495006447496274,1.3511199999999999,2026-08-12 20:50:00-04:00,1.3495006447496274,SL,0.00015,-1.0,-2.2568,-2256.75
2026-08-12 21:05:00-04:00,LONG,Retest,1.34964,1.3494960805684124,1.3511199999999999,2026-08-12 21:40:00-04:00,1.3494960805684124,SL,0.000168,-1.0,-2.1673,-2167.32
2026-08-13 00:45:00-04:00,LONG,Breakout,1.34914,1.349039522651343,1.35001,2026-08-13 02:10:00-04:00,1.349039522651343,SL,0.00018,-1.0,-2.7914,-2791.45
2026-08-13 02:15:00-04:00,LONG,Breakout,1.3492199999999999,1.349026816161702,1.35001,2026-08-13 02:20:00-04:00,1.349026816161702,SL,0.000138,-1.0,-1.7143,-1714.35
2026-08-13 05:55:00-04:00,LONG,Breakout,1.34904,1.348642542891189,1.34982,2026-08-13 06:15:00-04:00,1.34982,TP,0.00014,1.9625,1.6102,1610.24
2026-08-13 08:15:00-04:00,LONG,Retest,1.34889,1.3486488720105376,1.35006,2026-08-13 08:25:00-04:00,1.3486488720105376,SL,0.000136,-1.0,-1.564,-1564.02
2026-08-13 08:55:00-04:00,LONG,Breakout,1.35077,1.3499639369577983,1.3511199999999999,2026-08-13 09:30:00-04:00,1.3499639369577983,SL,0.00014,-1.0,-1.1737,-1173.68
2026-08-13 20:00:00-04:00,LONG,Breakout,1.34908,1.348869025398405,1.35127,2026-08-13 21:55:00-04:00,1.348869025398405,SL,0.00018,-1.0,-1.8532,-1853.18
2026-08-16 17:30:00-04:00,LONG,Bounce,1.35321,1.3525687828303885,1.35567,2026-08-17 01:45:00-04:00,1.35567,TP,0.001224,3.8365,1.9276,1927.58
2026-08-17 01:45:00-04:00,LONG,Breakout,1.3556599999999999,1.3555011737344318,1.35614,2026-08-17 01:50:00-04:00,1.3555011737344318,SL,0.000138,-1.0,-1.8689,-1868.87
2026-08-17 09:30:00-04:00,LONG,Breakout,1.35626,1.3561033998364298,1.35709,2026-08-17 09:35:00-04:00,1.3561033998364298,SL,0.00014,-1.0,-1.894,-1894.0
2026-08-18 09:00:00-04:00,LONG,Breakout,1.35366,1.3532474761492563,1.35416,2026-08-18 09:25:00-04:00,1.3532474761492563,SL,0.00014,-1.0,-1.3394,-1339.37
2026-08-18 09:30:00-04:00,LONG,Breakout,1.35382,1.3532372056300037,1.35416,2026-08-18 09:35:00-04:00,1.35416,TP,0.00014,0.5834,0.3432,343.17
2026-08-18 20:00:00-04:00,LONG,Breakout,1.35394,1.3535112290722577,1.35465,2026-08-18 20:30:00-04:00,1.3535112290722577,SL,0.00018,-1.0,-1.4198,-1419.8
2026-08-19 08:30:00-04:00,LONG,Breakout,1.35766,1.3562843295080338,1.35859,2026-08-19 08:40:00-04:00,1.35859,TP,0.00014,0.676,0.5743,574.27
2026-08-20 03:30:00-04:00,LONG,Breakout,1.36198,1.3615282453152058,1.36298,2026-08-20 03:40:00-04:00,1.36298,TP,0.00014,2.2136,1.9037,1903.69
2026-08-21 03:45:00-04:00,LONG,Bounce,1.3642,1.3638668728912675,1.36531,2026-08-21 03:50:00-04:00,1.3638668728912675,SL,0.000138,-1.0,-1.4143,-1414.26
2026-08-23 19:45:00-04:00,LONG,Breakout,1.36477,1.364484760789031,1.36534,2026-08-23 19:55:00-04:00,1.36534,TP,0.000138,1.9983,1.5145,1514.52
2026-08-23 22:05:00-04:00,LONG,Retest,1.36477,1.36448256529169,1.36551,2026-08-23 22:35:00-04:00,1.36448256529169,SL,0.000172,-1.0,-1.5984,-1598.4
2026-08-24 17:15:00-04:00,LONG,Bounce,1.36325,1.362379697288806,1.36341,2026-08-24 17:20:00-04:00,1.36341,TP,0.000486,0.1838,-0.3746,-374.58
2026-08-24 19:55:00-04:00,LONG,Breakout,1.36365,1.3635716305737007,1.36441,2026-08-24 20:00:00-04:00,1.3635716305737007,SL,0.000146,-1.0,-2.863,-2862.97
2026-08-24 20:05:00-04:00,LONG,Breakout,1.3637299999999999,1.3635665692191603,1.36441,2026-08-24 20:50:00-04:00,1.3635665692191603,SL,0.00017,-1.0,-2.0402,-2040.2
2026-08-25 02:40:00-04:00,LONG,Bounce,1.36254,1.3621881333529753,1.36283,2026-08-25 03:00:00-04:00,1.36283,TP,0.000136,0.8242,0.4377,437.67
2026-08-25 05:00:00-04:00,LONG,Breakout,1.36449,1.3642872703104219,1.3649200000000001,2026-08-25 05:05:00-04:00,1.3642872703104219,SL,0.00014,-1.0,-1.6906,-1690.57
2026-08-26 03:05:00-04:00,LONG,Breakout,1.36368,1.3635654685859662,1.36472,2026-08-26 03:10:00-04:00,1.3635654685859662,SL,0.00014,-1.0,-2.2224,-2222.37
2026-08-26 08:05:00-04:00,LONG,Breakout,1.36301,1.3628756106422897,1.36403,2026-08-26 08:25:00-04:00,1.3628756106422897,SL,0.00014,-1.0,-2.0417,-2041.75
2026-08-26 17:55:00-04:00,LONG,Bounce,1.35913,1.3588250373313868,1.35955,2026-08-26 18:00:00-04:00,1.35955,TP,0.000684,1.3772,-0.8657,-865.68
2026-08-27 01:55:00-04:00,LONG,Bounce,1.35885,1.358768520464933,1.35923,2026-08-27 02:00:00-04:00,1.358768520464933,SL,0.00014,-1.0,-2.7182,-2718.22
2026-08-27 03:05:00-04:00,LONG,Retest,1.35924,1.3590366808997423,1.35942,2026-08-27 03:10:00-04:00,1.35942,TP,0.000138,0.8853,0.2066,206.57
