entry_time,direction,entry_type,entry_price,stop,target,exit_time,exit_price,exit_reason,spread_price,r_multiple_gross,r_multiple_net,pnl_usd_net
2020-01-08 03:10:00-05:00,SHORT,Breakout,1.11418,1.1145246064866328,1.11242,2020-01-08 06:20:00-05:00,1.11242,TP,0.000172,5.1073,4.6082,4608.15
2020-01-09 01:40:00-05:00,SHORT,Breakout,1.11113,1.1112055785227815,1.11103,2020-01-09 01:45:00-05:00,1.1112055785227815,SL,0.000176,-1.0,-3.3287,-3328.7
2020-01-09 04:20:00-05:00,SHORT,Retest,1.11108,1.111243185531654,1.11043,2020-01-09 04:40:00-05:00,1.11043,TP,0.00018,3.9832,2.8802,2880.16
2020-01-09 04:40:00-05:00,SHORT,Breakout,1.1103,1.1104987770191996,1.11008,2020-01-09 04:45:00-05:00,1.1104987770191996,SL,0.000162,-1.0,-1.815,-1814.98
2020-01-09 20:45:00-05:00,SHORT,Breakout,1.11016,1.1102249976941605,1.10915,2020-01-09 20:50:00-05:00,1.1102249976941605,SL,0.000182,-1.0,-3.8001,-3800.1
2020-01-10 02:30:00-05:00,SHORT,Breakout,1.11054,1.1106161007357207,1.11013,2020-01-10 02:35:00-05:00,1.1106161007357207,SL,0.000176,-1.0,-3.3127,-3312.72
2020-01-10 03:05:00-05:00,SHORT,Breakout,1.11043,1.1106245499342957,1.11013,2020-01-10 03:10:00-05:00,1.1106245499342957,SL,0.000178,-1.0,-1.9149,-1914.93
2020-01-12 17:35:00-05:00,SHORT,Breakout,1.11153,1.1116729519144077,1.10853,2020-01-12 18:00:00-05:00,1.1116729519144077,SL,0.000216,-1.0,-2.511,-2511.0
2020-01-13 01:05:00-05:00,SHORT,Breakout,1.11247,1.1126450577749405,1.11119,2020-01-13 01:20:00-05:00,1.1126450577749405,SL,0.000178,-1.0,-2.0168,-2016.81
2020-01-13 02:50:00-05:00,SHORT,Breakout,1.11238,1.1124608293054927,1.11119,2020-01-13 03:00:00-05:00,1.1124608293054927,SL,0.000174,-1.0,-3.1527,-3152.68
2020-01-13 03:15:00-05:00,SHORT,Retest,1.11229,1.112465028182685,1.11119,2020-01-13 03:40:00-05:00,1.112465028182685,SL,0.000176,-1.0,-2.0056,-2005.55
2020-01-13 04:10:00-05:00,SHORT,Breakout,1.11237,1.1124851672722484,1.11119,2020-01-13 05:00:00-05:00,1.11119,TP,0.000166,10.246,8.8046,8804.58
2020-01-14 01:00:00-05:00,SHORT,Breakout,1.11339,1.1134614833415581,1.11304,2020-01-14 01:05:00-05:00,1.1134614833415581,SL,0.000176,-1.0,-3.4621,-3462.11
2020-01-14 03:00:00-05:00,SHORT,Bounce,1.11415,1.1144087490193386,1.11339,2020-01-14 03:55:00-05:00,1.11339,TP,0.00017,2.9372,2.2802,2280.2
2020-01-14 13:35:00-05:00,SHORT,Bounce,1.1131,1.1132318629236004,1.11128,2020-01-14 13:40:00-05:00,1.1132318629236004,SL,0.000172,-1.0,-2.3044,-2304.38
2020-01-14 13:40:00-05:00,SHORT,Bounce,1.1131199999999999,1.1132323012862004,1.11128,2020-01-14 13:45:00-05:00,1.1132323012862004,SL,0.000174,-1.0,-2.5494,-2549.4
2020-01-14 20:50:00-05:00,SHORT,Bounce,1.11283,1.1129518142033703,1.11253,2020-01-14 21:00:00-05:00,1.1129518142033703,SL,0.000182,-1.0,-2.4941,-2494.08
2020-01-17 04:30:00-05:00,SHORT,Breakout,1.11273,1.1130400141549606,1.11242,2020-01-17 04:45:00-05:00,1.11242,TP,0.00017,1.0,0.4516,451.59
2020-01-17 08:20:00-05:00,SHORT,Breakout,1.11048,1.1106010005316922,1.10853,2020-01-20 04:00:00-05:00,1.10853,TP,0.000172,16.1156,14.6942,14694.15
2020-01-21 03:05:00-05:00,SHORT,Breakout,1.10903,1.1093257086623245,1.1088,2020-01-21 03:15:00-05:00,1.1088,TP,0.000172,0.7778,0.1961,196.14
2020-01-22 02:00:00-05:00,SHORT,Breakout,1.10791,1.108006685831315,1.10764,2020-01-22 02:20:00-05:00,1.10764,TP,0.000184,2.7925,0.8895,889.48
2020-01-22 18:50:00-05:00,SHORT,Bounce,1.10937,1.1094811029941278,1.10911,2020-01-22 18:55:00-05:00,1.1094811029941278,SL,0.000184,-1.0,-2.6561,-2656.12
2020-01-22 19:30:00-05:00,SHORT,Bounce,1.10955,1.1096160305763747,1.10911,2020-01-22 19:50:00-05:00,1.10911,TP,0.000176,6.6636,3.9981,3998.15
2020-01-22 19:50:00-05:00,SHORT,Breakout,1.10803,1.1091567111435818,1.10693,2020-01-23 06:00:00-05:00,1.1091567111435818,SL,0.000172,-1.0,-1.1527,-1152.66
2020-01-23 07:00:00-05:00,SHORT,Bounce,1.10903,1.1091775135658173,1.10782,2020-01-23 08:20:00-05:00,1.1091775135658173,SL,0.000178,-1.0,-2.2067,-2206.67
2020-01-23 22:55:00-05:00,SHORT,Breakout,1.10495,1.104999553732067,1.10473,2020-01-23 23:00:00-05:00,1.104999553732067,SL,0.000186,-1.0,-4.7535,-4753.5
2020-01-24 02:25:00-05:00,SHORT,Breakout,1.10431,1.1044222132143815,1.10355,2020-01-24 02:35:00-05:00,1.1044222132143815,SL,0.00018,-1.0,-2.6041,-2604.09
2020-01-27 06:20:00-05:00,SHORT,Retest,1.10227,1.102589124741416,1.10142,2020-01-27 08:30:00-05:00,1.102589124741416,SL,0.000176,-1.0,-1.5515,-1551.51
2020-01-27 09:50:00-05:00,SHORT,Breakout,1.10157,1.1019897197222819,1.10142,2020-01-27 10:00:00-05:00,1.1019897197222819,SL,0.000168,-1.0,-1.4003,-1400.27
2020-01-27 20:00:00-05:00,SHORT,Bounce,1.10188,1.101971353871089,1.10148,2020-01-27 20:05:00-05:00,1.101971353871089,SL,0.000176,-1.0,-2.9266,-2926.57
2020-01-28 01:40:00-05:00,SHORT,Breakout,1.10177,1.1019397625425902,1.10169,2020-01-28 02:00:00-05:00,1.10169,TP,0.000176,0.4712,-0.5655,-565.5
2020-01-29 02:05:00-05:00,SHORT,Breakout,1.10091,1.1010639596685419,1.10018,2020-01-29 03:10:00-05:00,1.10018,TP,0.00018,4.7415,3.5724,3572.36
2020-01-29 08:20:00-05:00,SHORT,Breakout,1.09948,1.0996591954223247,1.09937,2020-01-29 08:25:00-05:00,1.0996591954223247,SL,0.00017,-1.0,-1.9487,-1948.68
2020-01-30 01:30:00-05:00,SHORT,Breakout,1.10101,1.1010481472954532,1.10035,2020-01-30 01:35:00-05:00,1.1010481472954532,SL,0.000182,-1.0,-5.771,-5770.98
2020-01-30 01:40:00-05:00,SHORT,Breakout,1.10099,1.101048963739447,1.10035,2020-01-30 01:45:00-05:00,1.101048963739447,SL,0.000182,-1.0,-4.0866,-4086.64
2020-01-30 01:55:00-05:00,SHORT,Breakout,1.10089,1.10105083576369,1.10035,2020-01-30 02:00:00-05:00,1.10105083576369,SL,0.000174,-1.0,-2.0818,-2081.85
2020-01-30 02:45:00-05:00,SHORT,Breakout,1.10099,1.1010641260449918,1.10035,2020-01-30 03:00:00-05:00,1.1010641260449918,SL,0.000174,-1.0,-3.3474,-3347.35
2020-01-30 03:05:00-05:00,SHORT,Bounce,1.10133,1.1016742727501825,1.1006,2020-01-30 03:30:00-05:00,1.1016742727501825,SL,0.000174,-1.0,-1.5054,-1505.41
2020-01-30 07:00:00-05:00,SHORT,Bounce,1.1019700000000001,1.1020778131728677,1.10106,2020-01-30 07:05:00-05:00,1.1020778131728677,SL,0.000174,-1.0,-2.6139,-2613.9
2020-01-30 14:55:00-05:00,SHORT,Breakout,1.1029,1.1030605779121918,1.1025,2020-01-30 15:00:00-05:00,1.1030605779121918,SL,0.000174,-1.0,-2.0836,-2083.59
2020-01-31 00:55:00-05:00,SHORT,Breakout,1.10208,1.1021682223274272,1.10142,2020-01-31 01:00:00-05:00,1.1021682223274272,SL,0.000182,-1.0,-3.063,-3062.97
2020-02-05 02:10:00-05:00,SHORT,Bounce,1.1037,1.1037588547717399,1.10328,2020-02-05 02:15:00-05:00,1.1037588547717399,SL,0.000182,-1.0,-4.0924,-4092.36
2020-02-05 08:30:00-05:00,SHORT,Breakout,1.10131,1.1014257530113218,1.10106,2020-02-05 08:35:00-05:00,1.10106,TP,0.000168,2.1598,0.7084,708.4
2020-02-05 19:55:00-05:00,SHORT,Breakout,1.09955,1.0995915988100295,1.09927,2020-02-05 20:00:00-05:00,1.0995915988100295,SL,0.000178,-1.0,-5.279,-5278.97
2020-02-05 20:25:00-05:00,SHORT,Breakout,1.09955,1.0995952208479567,1.09927,2020-02-05 20:30:00-05:00,1.0995952208479567,SL,0.00018,-1.0,-4.9805,-4980.46
2020-02-06 20:05:00-05:00,SHORT,Bounce,1.09803,1.0980824180033628,1.09769,2020-02-06 20:10:00-05:00,1.0980824180033628,SL,0.000178,-1.0,-4.3958,-4395.78
2020-02-07 01:20:00-05:00,SHORT,Breakout,1.09776,1.0978605777215364,1.09769,2020-02-07 01:25:00-05:00,1.0978605777215364,SL,0.000176,-1.0,-2.7499,-2749.89
2020-02-07 01:30:00-05:00,SHORT,Breakout,1.09781,1.0978624063007125,1.09769,2020-02-07 01:35:00-05:00,1.0978624063007125,SL,0.00018,-1.0,-4.4347,-4434.7
2020-02-09 18:35:00-05:00,SHORT,Bounce,1.09465,1.094728933252605,1.09414,2020-02-09 18:40:00-05:00,1.094728933252605,SL,0.000168,-1.0,-3.1284,-3128.38
2020-02-10 01:45:00-05:00,SHORT,Bounce,1.09541,1.0956851523021083,1.09493,2020-02-10 02:00:00-05:00,1.09493,TP,0.000178,1.7445,1.0976,1097.57
2020-02-10 02:00:00-05:00,SHORT,Breakout,1.09482,1.0949602462127301,1.09414,2020-02-10 02:15:00-05:00,1.0949602462127301,SL,0.000178,-1.0,-2.2692,-2269.2
2020-02-10 08:45:00-05:00,SHORT,Breakout,1.09428,1.0947022786978424,1.09414,2020-02-10 08:50:00-05:00,1.09414,TP,0.000166,0.3315,-0.0616,-61.57
2020-02-10 20:20:00-05:00,SHORT,Bounce,1.09127,1.0913154607566422,1.09071,2020-02-10 20:25:00-05:00,1.0913154607566422,SL,0.000178,-1.0,-4.9155,-4915.46
2020-02-10 23:25:00-05:00,SHORT,Breakout,1.09106,1.0911221438070011,1.09071,2020-02-11 00:00:00-05:00,1.09071,TP,0.00018,5.6321,2.7356,2735.59
2020-02-12 08:55:00-05:00,SHORT,Breakout,1.09042,1.0909299171516051,1.0901399999999999,2020-02-12 09:00:00-05:00,1.0901399999999999,TP,0.000172,0.5491,0.2118,211.8
2020-02-12 23:45:00-05:00,SHORT,Breakout,1.08661,1.0867100445657822,1.08643,2020-02-12 23:55:00-05:00,1.0867100445657822,SL,0.000176,-1.0,-2.7592,-2759.22
2020-02-13 06:00:00-05:00,SHORT,Breakout,1.0868,1.0869242641578387,1.08644,2020-02-13 06:10:00-05:00,1.0869242641578387,SL,0.000174,-1.0,-2.4002,-2400.24
2020-02-13 06:50:00-05:00,SHORT,Retest,1.08666,1.0869233125700237,1.08644,2020-02-13 06:55:00-05:00,1.08644,TP,0.000176,0.8355,0.1671,167.1
2020-02-13 17:20:00-05:00,SHORT,Breakout,1.08377,1.083844548726152,1.08331,2020-02-13 17:25:00-05:00,1.083844548726152,SL,0.000236,-1.0,-4.1657,-4165.71
2020-02-13 21:25:00-05:00,SHORT,Retest,1.08342,1.0835712281901864,1.08324,2020-02-13 21:50:00-05:00,1.0835712281901864,SL,0.000182,-1.0,-2.2035,-2203.48
2020-02-14 06:55:00-05:00,SHORT,Breakout,1.08362,1.0837612878489329,1.08314,2020-02-14 07:25:00-05:00,1.0837612878489329,SL,0.000178,-1.0,-2.2598,-2259.84
2020-02-17 01:35:00-05:00,SHORT,Breakout,1.08361,1.0836921845998353,1.08327,2020-02-17 02:05:00-05:00,1.0836921845998353,SL,0.000184,-1.0,-3.2389,-3238.86
2020-02-17 10:55:00-05:00,SHORT,Breakout,1.08288,1.083175563665153,1.08264,2020-02-17 11:10:00-05:00,1.083175563665153,SL,0.00017,-1.0,-1.5752,-1575.17
2020-02-17 16:15:00-05:00,SHORT,Bounce,1.0833,1.083476217520152,1.0829,2020-02-17 16:45:00-05:00,1.083476217520152,SL,0.000274,-1.0,-2.5549,-2554.9
2020-02-17 19:10:00-05:00,SHORT,Breakout,1.08302,1.0831704234031239,1.0829,2020-02-17 19:20:00-05:00,1.0829,TP,0.000176,0.7977,-0.3723,-372.28
2020-02-17 19:30:00-05:00,SHORT,Breakout,1.08306,1.0831732989591998,1.08264,2020-02-17 19:50:00-05:00,1.08264,TP,0.000184,3.707,2.083,2082.98
2020-02-18 01:55:00-05:00,SHORT,Breakout,1.08289,1.0829481123631426,1.0822,2020-02-18 02:00:00-05:00,1.0829481123631426,SL,0.00018,-1.0,-4.0974,-4097.45
2020-02-18 02:30:00-05:00,SHORT,Bounce,1.08341,1.0836180297184748,1.0822,2020-02-18 02:35:00-05:00,1.0836180297184748,SL,0.000174,-1.0,-1.8364,-1836.42
2020-02-19 14:05:00-05:00,SHORT,Bounce,1.07932,1.079554602148578,1.07852,2020-02-19 14:20:00-05:00,1.079554602148578,SL,0.000176,-1.0,-1.7502,-1750.21
2020-02-19 20:30:00-05:00,SHORT,Breakout,1.08031,1.0804160152666362,1.08014,2020-02-19 20:35:00-05:00,1.08014,TP,0.000172,1.6035,-0.0189,-18.87
2020-02-20 01:30:00-05:00,SHORT,Breakout,1.07905,1.0791060759249493,1.07852,2020-02-20 02:15:00-05:00,1.07852,TP,0.000178,9.4515,6.2772,6277.2
2020-02-20 07:30:00-05:00,SHORT,Breakout,1.0786,1.0787292118674117,1.07767,2020-02-20 07:35:00-05:00,1.0787292118674117,SL,0.000166,-1.0,-2.2847,-2284.71
2020-02-20 17:15:00-05:00,SHORT,Retest,1.07833,1.078423928321402,1.07767,2020-02-20 17:20:00-05:00,1.078423928321402,SL,0.000448,-1.0,-5.7696,-5769.59
2020-02-20 23:10:00-05:00,SHORT,Bounce,1.07904,1.0793087767128127,1.07867,2020-02-20 23:45:00-05:00,1.0793087767128127,SL,0.00018,-1.0,-1.6697,-1669.7
2020-02-21 15:30:00-05:00,SHORT,Breakout,1.08508,1.0852212207125558,1.07955,2020-02-24 10:00:00-05:00,1.0852212207125558,SL,0.000182,-1.0,-2.2888,-2288.76
2020-02-24 14:55:00-05:00,SHORT,Breakout,1.08423,1.0845700364182325,1.08122,2020-02-24 15:00:00-05:00,1.0845700364182325,SL,0.000176,-1.0,-1.5176,-1517.59
2020-02-25 02:45:00-05:00,SHORT,Bounce,1.08559,1.0857299296907568,1.0844,2020-02-25 02:50:00-05:00,1.0857299296907568,SL,0.000178,-1.0,-2.2721,-2272.07
2020-02-25 10:25:00-05:00,SHORT,Bounce,1.08476,1.0850037765123561,1.08293,2020-02-25 10:30:00-05:00,1.0850037765123561,SL,0.000166,-1.0,-1.681,-1680.95
2020-02-25 19:05:00-05:00,SHORT,Breakout,1.08758,1.0876486485781378,1.08744,2020-02-25 19:15:00-05:00,1.0876486485781378,SL,0.00018,-1.0,-3.622,-3622.05
2020-02-26 07:55:00-05:00,SHORT,Breakout,1.08685,1.087386411822679,1.08645,2020-02-26 08:10:00-05:00,1.087386411822679,SL,0.00017,-1.0,-1.3169,-1316.92
2020-02-26 08:15:00-05:00,SHORT,Breakout,1.08711,1.0873822811866811,1.08645,2020-02-26 08:20:00-05:00,1.0873822811866811,SL,0.000174,-1.0,-1.639,-1639.05
2020-02-27 02:10:00-05:00,LONG,Breakout,1.09162,1.0913159871669127,1.09247,2020-02-27 02:25:00-05:00,1.0913159871669127,SL,0.000172,-1.0,-1.5658,-1565.77
2020-02-28 14:30:00-05:00,LONG,Breakout,1.10252,1.100623610340815,1.10523,2020-03-01 18:00:00-05:00,1.10523,TP,0.000172,1.429,1.3383,1338.33
2020-03-03 10:00:00-05:00,LONG,Breakout,1.11772,1.1130882595627563,1.11888,2020-03-03 10:15:00-05:00,1.11888,TP,0.000166,0.2504,0.2146,214.61
2020-03-04 03:00:00-05:00,LONG,Breakout,1.11658,1.116183517548869,1.11702,2020-03-04 03:20:00-05:00,1.116183517548869,SL,0.000168,-1.0,-1.4237,-1423.73
2020-03-04 10:55:00-05:00,LONG,Breakout,1.11386,1.113002024415077,1.11539,2020-03-04 11:15:00-05:00,1.113002024415077,SL,0.00017,-1.0,-1.1981,-1198.14
2020-03-04 17:55:00-05:00,LONG,Bounce,1.11323,1.1129757109474028,1.11414,2020-03-04 19:35:00-05:00,1.11414,TP,0.000196,3.5786,2.8078,2807.83
2020-03-05 01:05:00-05:00,LONG,Bounce,1.11358,1.1134636185511437,1.11392,2020-03-05 01:45:00-05:00,1.1134636185511437,SL,0.000178,-1.0,-2.5295,-2529.45
2020-03-06 01:50:00-05:00,LONG,Bounce,1.12263,1.1224320924240425,1.12362,2020-03-06 02:00:00-05:00,1.1224320924240425,SL,0.00018,-1.0,-1.9095,-1909.52
2020-03-06 03:00:00-05:00,LONG,Breakout,1.12418,1.123514828501893,1.12479,2020-03-06 03:05:00-05:00,1.123514828501893,SL,0.000174,-1.0,-1.2616,-1261.59
2020-03-06 03:10:00-05:00,LONG,Breakout,1.12376,1.1234970613103057,1.12479,2020-03-06 03:20:00-05:00,1.1234970613103057,SL,0.000168,-1.0,-1.6389,-1638.93
2020-03-06 08:35:00-05:00,LONG,Bounce,1.1313900000000001,1.1302347905840988,1.13397,2020-03-06 09:15:00-05:00,1.13397,TP,0.000172,2.2334,2.0845,2084.47
2020-03-09 02:05:00-04:00,LONG,Bounce,1.13989,1.1394402776741768,1.14263,2020-03-09 02:35:00-04:00,1.1394402776741768,SL,0.000188,-1.0,-1.418,-1418.04
2020-03-09 03:05:00-04:00,LONG,Breakout,1.14363,1.1421495764834682,1.14947,2020-03-09 04:05:00-04:00,1.1421495764834682,SL,0.000172,-1.0,-1.1162,-1116.18
2020-03-09 09:50:00-04:00,LONG,Bounce,1.14087,1.1398031617534454,1.14947,2020-03-09 09:55:00-04:00,1.1398031617534454,SL,0.00018,-1.0,-1.1687,-1168.72
2020-03-10 18:45:00-04:00,LONG,Breakout,1.13084,1.1305311288096038,1.13302,2020-03-10 18:50:00-04:00,1.1305311288096038,SL,0.000188,-1.0,-1.6087,-1608.67
2020-03-10 19:45:00-04:00,LONG,Breakout,1.13209,1.1307756874054027,1.13302,2020-03-10 20:05:00-04:00,1.1307756874054027,SL,0.000186,-1.0,-1.1415,-1141.52
2020-03-10 23:30:00-04:00,LONG,Breakout,1.13321,1.1326597751240353,1.1385,2020-03-10 23:55:00-04:00,1.1326597751240353,SL,0.000186,-1.0,-1.338,-1338.04
2020-03-11 01:00:00-04:00,LONG,Breakout,1.13421,1.1336457188941218,1.1385,2020-03-11 03:15:00-04:00,1.1336457188941218,SL,0.000178,-1.0,-1.3154,-1315.45
2020-03-11 03:15:00-04:00,LONG,Retest,1.13457,1.1335816808996086,1.1385,2020-03-11 03:25:00-04:00,1.1335816808996086,SL,0.000168,-1.0,-1.17,-1169.99
2020-03-12 00:10:00-04:00,LONG,Bounce,1.13063,1.1303510091076392,1.13324,2020-03-12 00:15:00-04:00,1.1303510091076392,SL,0.000184,-1.0,-1.6595,-1659.52
2020-03-12 22:45:00-04:00,LONG,Breakout,1.11901,1.1186538232802081,1.12253,2020-03-12 22:50:00-04:00,1.1186538232802081,SL,0.000184,-1.0,-1.5166,-1516.6
2020-03-12 22:55:00-04:00,LONG,Breakout,1.1206,1.118637490481404,1.12253,2020-03-13 03:20:00-04:00,1.118637490481404,SL,0.00018,-1.0,-1.0917,-1091.72
2020-03-17 02:05:00-04:00,LONG,Bounce,1.11684,1.1166617922506155,1.11847,2020-03-17 02:10:00-04:00,1.1166617922506155,SL,0.000138,-1.0,-1.7744,-1774.38
2020-03-17 02:30:00-04:00,LONG,Bounce,1.11704,1.116651887126844,1.11847,2020-03-17 02:40:00-04:00,1.116651887126844,SL,0.00013,-1.0,-1.335,-1334.95
2020-03-17 18:10:00-04:00,LONG,Breakout,1.10176,1.1010128115145665,1.11804,2020-03-17 18:30:00-04:00,1.1010128115145665,SL,0.000262,-1.0,-1.3506,-1350.65
2020-03-17 18:35:00-04:00,LONG,Breakout,1.1015,1.101019010772442,1.11804,2020-03-17 18:40:00-04:00,1.101019010772442,SL,0.000202,-1.0,-1.42,-1419.97
2020-03-17 19:05:00-04:00,LONG,Retest,1.10165,1.1010348789653865,1.11804,2020-03-17 19:50:00-04:00,1.1010348789653865,SL,0.000176,-1.0,-1.2861,-1286.12
2020-03-17 19:55:00-04:00,LONG,Breakout,1.10155,1.1010617737702173,1.11804,2020-03-17 20:00:00-04:00,1.1010617737702173,SL,0.000172,-1.0,-1.3523,-1352.3
2020-03-18 03:45:00-04:00,SHORT,Breakout,1.09809,1.0985706367785897,1.09577,2020-03-18 03:50:00-04:00,1.0985706367785897,SL,0.00012,-1.0,-1.2497,-1249.67
2020-03-18 03:55:00-04:00,SHORT,Breakout,1.09673,1.0985899572223554,1.09577,2020-03-18 04:10:00-04:00,1.0985899572223554,SL,0.000124,-1.0,-1.0667,-1066.67
2020-03-18 08:20:00-04:00,SHORT,Breakout,1.09649,1.097002532216672,1.095,2020-03-18 08:30:00-04:00,1.097002532216672,SL,0.000122,-1.0,-1.238,-1238.03
2020-03-18 22:55:00-04:00,SHORT,Breakout,1.08798,1.088789640550061,1.0801,2020-03-18 23:00:00-04:00,1.088789640550061,SL,0.000158,-1.0,-1.1951,-1195.15
2020-03-19 03:20:00-04:00,SHORT,Bounce,1.09058,1.0913823438378736,1.08767,2020-03-19 03:30:00-04:00,1.08767,TP,0.000128,3.6269,3.4673,3467.34
2020-03-19 03:35:00-04:00,SHORT,Breakout,1.08586,1.0879507133424957,1.0801,2020-03-19 04:25:00-04:00,1.0879507133424957,SL,0.00012,-1.0,-1.0574,-1057.4
2020-03-23 18:20:00-04:00,SHORT,Bounce,1.07471,1.0750356178058316,1.07193,2020-03-23 18:25:00-04:00,1.0750356178058316,SL,0.000248,-1.0,-1.7616,-1761.63
2020-03-26 03:05:00-04:00,SHORT,Bounce,1.0913,1.0920553598323597,1.08912,2020-03-26 03:10:00-04:00,1.0920553598323597,SL,0.000122,-1.0,-1.1615,-1161.51
2020-03-26 08:05:00-04:00,SHORT,Bounce,1.09446,1.0951960920892512,1.09255,2020-03-26 08:30:00-04:00,1.0951960920892512,SL,0.000128,-1.0,-1.1739,-1173.89
2020-03-26 18:10:00-04:00,SHORT,Breakout,1.10227,1.1026047595169846,1.10178,2020-03-26 18:25:00-04:00,1.1026047595169846,SL,0.00038,-1.0,-2.1351,-2135.14
2020-03-26 19:45:00-04:00,SHORT,Bounce,1.1050200000000001,1.1059100530048136,1.10204,2020-03-26 22:50:00-04:00,1.1059100530048136,SL,0.00016,-1.0,-1.1798,-1179.76
2020-03-27 14:55:00-04:00,LONG,Breakout,1.11176,1.1108027590553136,1.11804,2020-03-29 18:20:00-04:00,1.1108027590553136,SL,0.000136,-1.0,-1.1421,-1142.07
2020-03-30 01:55:00-04:00,LONG,Breakout,1.10999,1.1084085939147936,1.11433,2020-03-30 02:10:00-04:00,1.1084085939147936,SL,0.000128,-1.0,-1.0809,-1080.94
2020-03-30 02:15:00-04:00,LONG,Breakout,1.10871,1.1083979807059667,1.11433,2020-03-30 02:30:00-04:00,1.1083979807059667,SL,0.000142,-1.0,-1.4551,-1455.1
2020-03-30 07:50:00-04:00,LONG,Bounce,1.10576,1.1053983891948325,1.10726,2020-03-30 07:55:00-04:00,1.1053983891948325,SL,0.00013,-1.0,-1.3595,-1359.5
2020-03-30 20:05:00-04:00,LONG,Bounce,1.10286,1.1021967175464948,1.10531,2020-03-30 20:50:00-04:00,1.1021967175464948,SL,0.000154,-1.0,-1.2322,-1232.18
2020-04-02 19:25:00-04:00,SHORT,Breakout,1.08415,1.084889300407117,1.08199,2020-04-02 21:30:00-04:00,1.084889300407117,SL,0.00015,-1.0,-1.2029,-1202.89
2020-04-03 08:30:00-04:00,SHORT,Breakout,1.0782,1.0787661895878005,1.07595,2020-04-03 08:35:00-04:00,1.0787661895878005,SL,0.000124,-1.0,-1.219,-1219.01
2020-04-03 08:40:00-04:00,SHORT,Breakout,1.07837,1.078787683879277,1.07595,2020-04-03 08:45:00-04:00,1.078787683879277,SL,0.000124,-1.0,-1.2969,-1296.88
2020-04-03 08:55:00-04:00,SHORT,Breakout,1.07755,1.0787954232808932,1.07595,2020-04-03 09:10:00-04:00,1.0787954232808932,SL,0.00012,-1.0,-1.0964,-1096.35
2020-04-06 04:30:00-04:00,SHORT,Breakout,1.07946,1.080768705019186,1.07776,2020-04-06 05:45:00-04:00,1.080768705019186,SL,0.000128,-1.0,-1.0978,-1097.81
2020-04-06 06:25:00-04:00,SHORT,Retest,1.0802100000000001,1.080742050230058,1.07824,2020-04-06 06:30:00-04:00,1.080742050230058,SL,0.000132,-1.0,-1.2481,-1248.1
2020-04-06 15:15:00-04:00,SHORT,Breakout,1.07862,1.078851483168925,1.07769,2020-04-06 15:20:00-04:00,1.078851483168925,SL,0.000126,-1.0,-1.5443,-1544.32
2020-04-07 20:15:00-04:00,SHORT,Breakout,1.08888,1.0890927394868373,1.08868,2020-04-07 20:20:00-04:00,1.08868,TP,0.000146,0.9401,0.2538,253.83
2020-04-07 22:55:00-04:00,SHORT,Breakout,1.08638,1.0867036258196037,1.08596,2020-04-07 23:50:00-04:00,1.08596,TP,0.00015,1.2978,0.8343,834.3
2020-04-08 02:00:00-04:00,SHORT,Breakout,1.08422,1.0859426509583217,1.07896,2020-04-08 03:00:00-04:00,1.0859426509583217,SL,0.000122,-1.0,-1.0708,-1070.82
2020-04-09 13:30:00-04:00,SHORT,Bounce,1.09438,1.0945862589522746,1.09221,2020-04-09 13:35:00-04:00,1.0945862589522746,SL,0.000128,-1.0,-1.6206,-1620.58
2020-04-09 19:30:00-04:00,SHORT,Bounce,1.09306,1.0933927446567442,1.0918,2020-04-09 22:50:00-04:00,1.0933927446567442,SL,0.000296,-1.0,-1.8896,-1889.57
2020-04-16 02:25:00-04:00,SHORT,Bounce,1.0889199999999999,1.0892338869140676,1.08639,2020-04-16 02:35:00-04:00,1.0892338869140676,SL,0.000134,-1.0,-1.4269,-1426.91
2020-04-16 10:40:00-04:00,SHORT,Breakout,1.0866,1.0872489801145544,1.08523,2020-04-16 10:55:00-04:00,1.08523,TP,0.000126,2.111,1.9169,1916.85
2020-04-17 02:05:00-04:00,SHORT,Breakout,1.08542,1.0863905288291154,1.08294,2020-04-17 03:35:00-04:00,1.08294,TP,0.000128,2.5553,2.4234,2423.42
2020-04-19 19:55:00-04:00,SHORT,Breakout,1.08629,1.0864551174065777,1.08586,2020-04-19 20:00:00-04:00,1.0864551174065777,SL,0.000146,-1.0,-1.8842,-1884.22
2020-04-19 20:55:00-04:00,SHORT,Breakout,1.08601,1.0864656162986641,1.08113,2020-04-19 22:00:00-04:00,1.0864656162986641,SL,0.000138,-1.0,-1.3029,-1302.89
2020-04-20 01:35:00-04:00,SHORT,Breakout,1.08531,1.0858880043111292,1.08113,2020-04-20 03:05:00-04:00,1.0858880043111292,SL,0.000136,-1.0,-1.2353,-1235.29
2020-04-20 17:45:00-04:00,SHORT,Bounce,1.08623,1.086526684658184,1.08562,2020-04-20 17:50:00-04:00,1.086526684658184,SL,0.000328,-1.0,-2.1056,-2105.55
2020-04-20 18:20:00-04:00,SHORT,Bounce,1.08622,1.0865303489588745,1.08562,2020-04-20 18:35:00-04:00,1.0865303489588745,SL,0.000144,-1.0,-1.464,-1463.99
2020-04-20 20:15:00-04:00,SHORT,Breakout,1.08542,1.085665413874737,1.08494,2020-04-20 20:45:00-04:00,1.085665413874737,SL,0.000138,-1.0,-1.5623,-1562.32
2020-04-20 20:55:00-04:00,SHORT,Breakout,1.0855299999999999,1.0856710568219912,1.08494,2020-04-20 21:00:00-04:00,1.0856710568219912,SL,0.000138,-1.0,-1.9783,-1978.33
2020-04-21 03:00:00-04:00,SHORT,Bounce,1.08336,1.0838874785618915,1.08278,2020-04-21 03:05:00-04:00,1.0838874785618915,SL,0.000126,-1.0,-1.2389,-1238.87
2020-04-21 04:00:00-04:00,SHORT,Breakout,1.0823,1.082890396359098,1.08113,2020-04-21 04:25:00-04:00,1.082890396359098,SL,0.000124,-1.0,-1.21,-1210.03
2020-04-21 05:35:00-04:00,SHORT,Bounce,1.08428,1.0846444609656527,1.08194,2020-04-21 09:00:00-04:00,1.08194,TP,0.000126,6.4204,6.0747,6074.72
2020-04-21 09:00:00-04:00,SHORT,Breakout,1.0820400000000001,1.082343077537252,1.08113,2020-04-21 09:05:00-04:00,1.082343077537252,SL,0.000124,-1.0,-1.4091,-1409.14
2020-04-21 20:25:00-04:00,SHORT,Breakout,1.08494,1.0852198815497256,1.0841,2020-04-21 20:35:00-04:00,1.0852198815497256,SL,0.000138,-1.0,-1.4931,-1493.07
2020-04-21 20:40:00-04:00,SHORT,Breakout,1.08513,1.0852216303807387,1.0841,2020-04-21 20:50:00-04:00,1.0852216303807387,SL,0.000134,-1.0,-2.4624,-2462.4
2020-04-21 21:50:00-04:00,SHORT,Breakout,1.08474,1.084902681102841,1.0841,2020-04-21 21:55:00-04:00,1.084902681102841,SL,0.000138,-1.0,-1.8483,-1848.29
2020-04-22 00:30:00-04:00,SHORT,Breakout,1.08469,1.0847930742312712,1.0841,2020-04-22 00:45:00-04:00,1.0847930742312712,SL,0.000142,-1.0,-2.3776,-2377.65
2020-04-22 19:30:00-04:00,SHORT,Breakout,1.08155,1.0818157789790432,1.0812599999999999,2020-04-22 19:35:00-04:00,1.0812599999999999,TP,0.000148,1.0911,0.5343,534.28
2020-04-22 21:30:00-04:00,SHORT,Retest,1.08162,1.0818329010432675,1.08039,2020-04-22 21:35:00-04:00,1.0818329010432675,SL,0.000132,-1.0,-1.62,-1620.01
2020-04-23 03:15:00-04:00,SHORT,Breakout,1.08002,1.0808359554238567,1.07896,2020-04-23 03:25:00-04:00,1.07896,TP,0.000122,1.2991,1.1496,1149.57
2020-04-23 08:55:00-04:00,SHORT,Bounce,1.07877,1.07929796936552,1.07629,2020-04-23 09:25:00-04:00,1.07929796936552,SL,0.000124,-1.0,-1.2349,-1234.86
2020-04-23 13:05:00-04:00,SHORT,Breakout,1.07961,1.0808663744081415,1.07629,2020-04-23 14:00:00-04:00,1.07629,TP,0.000126,2.6425,2.5422,2542.24
2020-04-24 01:05:00-04:00,SHORT,Breakout,1.07648,1.0766329052796528,1.07607,2020-04-24 01:15:00-04:00,1.0766329052796528,SL,0.000126,-1.0,-1.824,-1824.04
2020-04-24 02:35:00-04:00,SHORT,Retest,1.07632,1.0766596009083251,1.07452,2020-04-24 02:55:00-04:00,1.07452,TP,0.000126,5.3003,4.9293,4929.32
2020-04-26 20:10:00-04:00,SHORT,Breakout,1.08131,1.081427828166279,1.07839,2020-04-26 20:15:00-04:00,1.081427828166279,SL,0.000136,-1.0,-2.1542,-2154.22
2020-04-26 20:20:00-04:00,SHORT,Retest,1.0813,1.0814261375515366,1.07839,2020-04-26 20:25:00-04:00,1.0814261375515366,SL,0.000144,-1.0,-2.1416,-2141.61
2020-04-26 20:50:00-04:00,SHORT,Breakout,1.08121,1.0814267612021504,1.07839,2020-04-26 20:55:00-04:00,1.0814267612021504,SL,0.000136,-1.0,-1.6274,-1627.42
2020-04-26 21:00:00-04:00,SHORT,Bounce,1.08171,1.0821218196079767,1.07839,2020-04-26 21:15:00-04:00,1.0821218196079767,SL,0.00013,-1.0,-1.3157,-1315.67
2020-04-27 06:40:00-04:00,SHORT,Bounce,1.08546,1.085964715544609,1.0835,2020-04-27 07:10:00-04:00,1.0835,TP,0.000122,3.8834,3.6417,3641.66
2020-04-28 00:00:00-04:00,SHORT,Breakout,1.08202,1.0823191052198895,1.08158,2020-04-28 01:20:00-04:00,1.0823191052198895,SL,0.000142,-1.0,-1.4747,-1474.75
2020-04-28 10:55:00-04:00,SHORT,Breakout,1.08317,1.0840390130971667,1.0809,2020-04-28 11:25:00-04:00,1.0840390130971667,SL,0.00012,-1.0,-1.1381,-1138.09
2020-05-01 00:55:00-04:00,LONG,Breakout,1.09484,1.0945114239945561,1.09546,2020-05-01 01:05:00-04:00,1.0945114239945561,SL,0.00018,-1.0,-1.5478,-1547.82
2020-05-01 01:20:00-04:00,LONG,Breakout,1.09511,1.0945048297049047,1.09546,2020-05-01 01:40:00-04:00,1.0945048297049047,SL,0.000172,-1.0,-1.2842,-1284.22
2020-05-01 04:20:00-04:00,LONG,Breakout,1.09754,1.0967786140244944,1.09865,2020-05-01 04:25:00-04:00,1.0967786140244944,SL,0.000156,-1.0,-1.2049,-1204.89
2020-05-01 04:55:00-04:00,LONG,Retest,1.09754,1.0967724478456236,1.09865,2020-05-01 05:25:00-04:00,1.09865,TP,0.00016,1.4462,1.2377,1237.7
2020-05-01 10:15:00-04:00,LONG,Breakout,1.09892,1.0984513013430839,1.10325,2020-05-01 12:45:00-04:00,1.0984513013430839,SL,0.00015,-1.0,-1.32,-1320.04
2020-05-04 14:55:00-04:00,LONG,Breakout,1.09062,1.0904786706199396,1.09427,2020-05-04 15:00:00-04:00,1.0904786706199396,SL,0.000162,-1.0,-2.1463,-2146.26
2020-05-04 15:15:00-04:00,LONG,Retest,1.09078,1.0904805311738883,1.09427,2020-05-04 15:40:00-04:00,1.0904805311738883,SL,0.00017,-1.0,-1.5677,-1567.67
2020-05-04 20:05:00-04:00,LONG,Breakout,1.09058,1.0904879045757117,1.09086,2020-05-04 20:30:00-04:00,1.09086,TP,0.000188,3.0403,0.999,998.96
2020-05-05 00:00:00-04:00,LONG,Bounce,1.09032,1.0901038542165329,1.09141,2020-05-05 00:15:00-04:00,1.0901038542165329,SL,0.00018,-1.0,-1.8328,-1832.77
2020-05-05 02:15:00-04:00,LONG,Breakout,1.09111,1.0909172436697665,1.09141,2020-05-05 02:30:00-04:00,1.0909172436697665,SL,0.000162,-1.0,-1.8404,-1840.44
2020-05-05 09:05:00-04:00,LONG,Breakout,1.08617,1.0854379278382968,1.0925,2020-05-05 10:45:00-04:00,1.0854379278382968,SL,0.000156,-1.0,-1.2131,-1213.09
2020-05-05 20:15:00-04:00,LONG,Bounce,1.08367,1.0833786154985376,1.08447,2020-05-05 21:10:00-04:00,1.0833786154985376,SL,0.000158,-1.0,-1.5422,-1542.24
2020-05-06 02:05:00-04:00,SHORT,Breakout,1.0825,1.0831960123206692,1.08173,2020-05-06 02:20:00-04:00,1.08173,TP,0.000154,1.1063,0.885,885.04
2020-05-06 03:00:00-04:00,SHORT,Breakout,1.08203,1.0832367397890639,1.0809,2020-05-06 03:15:00-04:00,1.0832367397890639,SL,0.000154,-1.0,-1.1276,-1127.62
2020-05-06 03:40:00-04:00,SHORT,Retest,1.0829,1.0832379052143184,1.08155,2020-05-06 03:45:00-04:00,1.0832379052143184,SL,0.000154,-1.0,-1.4557,-1455.75
2020-05-06 04:10:00-04:00,SHORT,Breakout,1.08142,1.08165985497428,1.0809,2020-05-06 04:20:00-04:00,1.0809,TP,0.000156,2.168,1.5176,1517.58
2020-05-06 10:55:00-04:00,SHORT,Breakout,1.0796000000000001,1.0802989794346438,1.07811,2020-05-06 11:05:00-04:00,1.0802989794346438,SL,0.000152,-1.0,-1.2175,-1217.46
2020-05-06 11:40:00-04:00,SHORT,Retest,1.07986,1.0802746050223884,1.07892,2020-05-06 11:55:00-04:00,1.0802746050223884,SL,0.000154,-1.0,-1.3714,-1371.44
2020-05-06 19:35:00-04:00,SHORT,Bounce,1.07956,1.079706108572935,1.07893,2020-05-06 19:40:00-04:00,1.079706108572935,SL,0.00018,-1.0,-2.232,-2231.96
2020-05-07 01:50:00-04:00,SHORT,Breakout,1.0789,1.0791793858677552,1.07811,2020-05-07 01:55:00-04:00,1.0791793858677552,SL,0.000178,-1.0,-1.6371,-1637.11
2020-05-07 02:30:00-04:00,SHORT,Breakout,1.07894,1.0792277472911502,1.07811,2020-05-07 02:35:00-04:00,1.0792277472911502,SL,0.00016,-1.0,-1.556,-1556.04
2020-05-07 10:00:00-04:00,SHORT,Breakout,1.07706,1.0776966787166118,1.07263,2020-05-07 10:25:00-04:00,1.0776966787166118,SL,0.000152,-1.0,-1.2387,-1238.74
2020-05-07 17:50:00-04:00,SHORT,Bounce,1.08269,1.0832100270832798,1.07657,2020-05-07 18:00:00-04:00,1.0832100270832798,SL,0.000202,-1.0,-1.3884,-1388.44
2020-05-08 03:35:00-04:00,SHORT,Breakout,1.0826500000000001,1.0832170510726224,1.08211,2020-05-08 03:45:00-04:00,1.0832170510726224,SL,0.00016,-1.0,-1.2822,-1282.16
2020-05-11 01:15:00-04:00,SHORT,Breakout,1.08422,1.0844539474420014,1.0828,2020-05-11 02:15:00-04:00,1.0844539474420014,SL,0.000178,-1.0,-1.7609,-1760.85
2020-05-11 04:15:00-04:00,SHORT,Breakout,1.08232,1.082643203210878,1.0818,2020-05-11 04:30:00-04:00,1.0818,TP,0.000158,1.6089,1.12,1120.04
2020-05-11 07:40:00-04:00,SHORT,Breakout,1.08136,1.0815203153259585,1.08078,2020-05-11 07:45:00-04:00,1.0815203153259585,SL,0.000158,-1.0,-1.9856,-1985.56
2020-05-11 07:55:00-04:00,SHORT,Breakout,1.08135,1.0815209354122197,1.08078,2020-05-11 08:00:00-04:00,1.0815209354122197,SL,0.000158,-1.0,-1.9243,-1924.33
2020-05-11 20:10:00-04:00,SHORT,Breakout,1.07989,1.080028160318949,1.07657,2020-05-11 23:15:00-04:00,1.080028160318949,SL,0.000174,-1.0,-2.2594,-2259.41
2020-05-12 02:50:00-04:00,SHORT,Bounce,1.08137,1.0817104799574004,1.07994,2020-05-12 02:55:00-04:00,1.0817104799574004,SL,0.000164,-1.0,-1.4817,-1481.67
2020-05-12 19:55:00-04:00,SHORT,Breakout,1.08448,1.0845729256581818,1.08117,2020-05-12 20:00:00-04:00,1.0845729256581818,SL,0.000168,-1.0,-2.8079,-2807.9
2020-05-14 06:05:00-04:00,SHORT,Breakout,1.07914,1.0802315737739614,1.07836,2020-05-14 06:55:00-04:00,1.07836,TP,0.000154,0.7146,0.5735,573.48
2020-05-14 09:55:00-04:00,SHORT,Bounce,1.07898,1.0795389349597377,1.07741,2020-05-14 10:00:00-04:00,1.0795389349597377,SL,0.000156,-1.0,-1.2791,-1279.1
2020-05-14 20:45:00-04:00,SHORT,Breakout,1.07996,1.0801332430495894,1.07794,2020-05-14 20:50:00-04:00,1.0801332430495894,SL,0.00017,-1.0,-1.9813,-1981.28
2020-05-14 22:35:00-04:00,SHORT,Retest,1.08001,1.080134548812215,1.07794,2020-05-14 22:50:00-04:00,1.080134548812215,SL,0.000178,-1.0,-2.4292,-2429.16
2020-05-15 02:10:00-04:00,SHORT,Bounce,1.08048,1.0806766489754873,1.07976,2020-05-15 02:15:00-04:00,1.0806766489754873,SL,0.000164,-1.0,-1.834,-1833.97
2020-05-15 02:20:00-04:00,SHORT,Bounce,1.08058,1.0806769677390682,1.07976,2020-05-15 02:25:00-04:00,1.0806769677390682,SL,0.000166,-1.0,-2.7119,-2711.91
2020-05-15 03:00:00-04:00,SHORT,Breakout,1.07966,1.0798260828059563,1.07794,2020-05-15 03:05:00-04:00,1.0798260828059563,SL,0.000152,-1.0,-1.9152,-1915.21
2020-05-15 07:25:00-04:00,SHORT,Breakout,1.08027,1.0805857052838004,1.07925,2020-05-15 08:00:00-04:00,1.07925,TP,0.000156,3.2309,2.7367,2736.73
2020-05-17 18:30:00-04:00,SHORT,Bounce,1.08176,1.082055819389198,1.08032,2020-05-17 18:45:00-04:00,1.082055819389198,SL,0.00018,-1.0,-1.6085,-1608.48
2020-05-17 20:15:00-04:00,SHORT,Bounce,1.08209,1.0822914349484103,1.08099,2020-05-17 22:00:00-04:00,1.0822914349484103,SL,0.000176,-1.0,-1.8737,-1873.73
2020-05-18 20:05:00-04:00,SHORT,Bounce,1.09182,1.0919026276743053,1.09105,2020-05-18 20:10:00-04:00,1.0919026276743053,SL,0.00017,-1.0,-3.0574,-3057.42
2020-05-19 01:55:00-04:00,LONG,Breakout,1.09146,1.0912131241289456,1.0923,2020-05-19 02:10:00-04:00,1.0923,TP,0.000164,3.4025,2.7382,2738.22
2020-05-19 04:50:00-04:00,LONG,Breakout,1.09456,1.0943204888096962,1.09615,2020-05-19 06:00:00-04:00,1.0943204888096962,SL,0.00015,-1.0,-1.6263,-1626.28
2020-05-19 07:55:00-04:00,LONG,Bounce,1.09475,1.0942108909163577,1.09752,2020-05-19 08:20:00-04:00,1.0942108909163577,SL,0.000152,-1.0,-1.2819,-1281.95
2020-05-19 08:50:00-04:00,LONG,Bounce,1.09478,1.0942097143223455,1.09752,2020-05-19 09:00:00-04:00,1.0942097143223455,SL,0.000158,-1.0,-1.2771,-1277.05
2020-05-19 14:20:00-04:00,LONG,Breakout,1.0951,1.0947998273185149,1.09752,2020-05-19 14:50:00-04:00,1.0947998273185149,SL,0.000154,-1.0,-1.513,-1513.04
2020-05-20 02:40:00-04:00,LONG,Bounce,1.09396,1.0936162677913897,1.09533,2020-05-20 03:05:00-04:00,1.09533,TP,0.00016,3.9857,3.5202,3520.18
2020-05-20 05:00:00-04:00,LONG,Bounce,1.09423,1.0936341976808492,1.09592,2020-05-20 07:10:00-04:00,1.09592,TP,0.000154,2.8365,2.578,2578.04
2020-05-20 09:00:00-04:00,LONG,Breakout,1.09674,1.096471886123746,1.09752,2020-05-20 09:10:00-04:00,1.09752,TP,0.000156,2.9092,2.3274,2327.37
2020-05-20 09:10:00-04:00,LONG,Breakout,1.09755,1.0964648201781277,1.0979700000000001,2020-05-20 09:15:00-04:00,1.0979700000000001,TP,0.000154,0.387,0.2451,245.12
2020-05-21 13:00:00-04:00,LONG,Breakout,1.09612,1.0957135554859718,1.1007500000000001,2020-05-21 13:50:00-04:00,1.0957135554859718,SL,0.000152,-1.0,-1.374,-1373.97
2020-05-21 20:20:00-04:00,LONG,Breakout,1.09522,1.0951518311776058,1.09607,2020-05-21 20:25:00-04:00,1.0951518311776058,SL,0.000166,-1.0,-3.4351,-3435.13
2020-05-22 09:35:00-04:00,LONG,Bounce,1.08982,1.0895585588740795,1.09125,2020-05-22 09:45:00-04:00,1.0895585588740795,SL,0.00015,-1.0,-1.5737,-1573.74
2020-05-22 15:05:00-04:00,LONG,Breakout,1.09044,1.0902132248465322,1.09125,2020-05-22 15:10:00-04:00,1.0902132248465322,SL,0.00016,-1.0,-1.7055,-1705.54
2020-05-24 19:25:00-04:00,LONG,Breakout,1.0906,1.090458631391466,1.09125,2020-05-24 20:05:00-04:00,1.090458631391466,SL,0.00017,-1.0,-2.2025,-2202.53
2020-05-26 02:00:00-04:00,LONG,Breakout,1.09259,1.0920677547340045,1.09314,2020-05-26 02:45:00-04:00,1.0920677547340045,SL,0.000158,-1.0,-1.3025,-1302.54
2020-05-26 03:10:00-04:00,LONG,Breakout,1.09346,1.0927993125358724,1.09529,2020-05-26 03:15:00-04:00,1.0927993125358724,SL,0.000156,-1.0,-1.2361,-1236.12
2020-05-26 07:55:00-04:00,LONG,Breakout,1.09776,1.0971499699390723,1.1007500000000001,2020-05-26 08:15:00-04:00,1.0971499699390723,SL,0.000152,-1.0,-1.2492,-1249.17
2020-05-26 10:00:00-04:00,LONG,Breakout,1.09821,1.0978265213879341,1.1007500000000001,2020-05-26 10:05:00-04:00,1.0978265213879341,SL,0.00015,-1.0,-1.3912,-1391.16
2020-05-27 05:30:00-04:00,LONG,Breakout,1.09812,1.0976665903339164,1.09951,2020-05-27 05:40:00-04:00,1.09951,TP,0.000152,3.0657,2.7304,2730.42
2020-05-27 20:20:00-04:00,LONG,Breakout,1.10139,1.10108446754176,1.10291,2020-05-27 21:50:00-04:00,1.10291,TP,0.000162,4.9749,4.4447,4444.7
2020-05-28 03:10:00-04:00,LONG,Bounce,1.10138,1.1007060238543236,1.10297,2020-05-28 03:15:00-04:00,1.1007060238543236,SL,0.000152,-1.0,-1.2255,-1225.53
2020-05-28 08:45:00-04:00,LONG,Breakout,1.10235,1.101794884946501,1.10297,2020-05-28 09:10:00-04:00,1.10297,TP,0.00015,1.1169,0.8467,846.67
2020-05-28 15:00:00-04:00,LONG,Breakout,1.10903,1.1088317825618164,1.10951,2020-05-28 15:05:00-04:00,1.1088317825618164,SL,0.00016,-1.0,-1.8072,-1807.19
2020-05-31 20:15:00-04:00,LONG,Breakout,1.11242,1.1116474094443034,1.11321,2020-05-31 20:35:00-04:00,1.1116474094443034,SL,0.000162,-1.0,-1.2097,-1209.68
2020-05-31 21:20:00-04:00,LONG,Breakout,1.11331,1.1124455645951765,1.11443,2020-06-01 02:10:00-04:00,1.11443,TP,0.00016,1.2956,1.1106,1110.55
2020-06-01 10:05:00-04:00,LONG,Breakout,1.1125,1.1118917240933879,1.11529,2020-06-01 10:35:00-04:00,1.1118917240933879,SL,0.00015,-1.0,-1.2466,-1246.6
2020-06-01 10:35:00-04:00,LONG,Retest,1.11242,1.1118720449333772,1.11529,2020-06-01 11:15:00-04:00,1.1118720449333772,SL,0.000156,-1.0,-1.2847,-1284.69
2020-06-01 15:00:00-04:00,LONG,Breakout,1.11337,1.1131360836162452,1.11396,2020-06-01 15:05:00-04:00,1.1131360836162452,SL,0.000156,-1.0,-1.6669,-1666.9
2020-06-01 15:20:00-04:00,LONG,Retest,1.11346,1.1131372153832668,1.11396,2020-06-01 15:30:00-04:00,1.1131372153832668,SL,0.000162,-1.0,-1.5019,-1501.88
2020-06-01 20:35:00-04:00,LONG,Breakout,1.1136,1.1134061644729902,1.11396,2020-06-01 20:45:00-04:00,1.1134061644729902,SL,0.000154,-1.0,-1.7945,-1794.49
2020-06-02 03:10:00-04:00,LONG,Bounce,1.11264,1.1121447729808067,1.11372,2020-06-02 03:35:00-04:00,1.1121447729808067,SL,0.000154,-1.0,-1.311,-1310.97
2020-06-02 04:15:00-04:00,LONG,Breakout,1.1145100000000001,1.1135750136498637,1.11529,2020-06-02 04:20:00-04:00,1.11529,TP,0.000154,0.8342,0.6695,669.53
2020-06-02 09:50:00-04:00,LONG,Breakout,1.11833,1.1177096607075363,1.11869,2020-06-02 09:55:00-04:00,1.11869,TP,0.000152,0.5803,0.3353,335.3
2020-06-02 19:25:00-04:00,LONG,Breakout,1.11723,1.1170592249782676,1.11832,2020-06-02 19:40:00-04:00,1.11832,TP,0.00016,6.3827,5.4458,5445.76
2020-06-03 03:00:00-04:00,LONG,Breakout,1.12167,1.1209122894694266,1.12357,2020-06-03 03:40:00-04:00,1.1209122894694266,SL,0.000156,-1.0,-1.2059,-1205.88
2020-06-03 04:15:00-04:00,LONG,Bounce,1.12029,1.1197318539842498,1.12268,2020-06-03 07:10:00-04:00,1.1197318539842498,SL,0.000154,-1.0,-1.2759,-1275.91
2020-06-04 02:00:00-04:00,LONG,Breakout,1.12196,1.1217568814099832,1.12357,2020-06-04 02:10:00-04:00,1.1217568814099832,SL,0.000168,-1.0,-1.8271,-1827.1
2020-06-04 07:45:00-04:00,LONG,Breakout,1.12436,1.1208272077973978,1.13003,2020-06-04 10:30:00-04:00,1.13003,TP,0.00015,1.605,1.5625,1562.5
2020-06-05 00:25:00-04:00,LONG,Breakout,1.1345399999999999,1.1343189725517209,1.13614,2020-06-05 01:45:00-04:00,1.1343189725517209,SL,0.000164,-1.0,-1.742,-1741.99
2020-06-05 01:45:00-04:00,LONG,Breakout,1.13559,1.1353638669951354,1.13614,2020-06-05 01:50:00-04:00,1.1353638669951354,SL,0.000158,-1.0,-1.6987,-1698.7
2020-06-07 19:10:00-04:00,LONG,Breakout,1.13067,1.1303090897820953,1.1322,2020-06-07 20:35:00-04:00,1.1303090897820953,SL,0.000188,-1.0,-1.5209,-1520.91
2020-06-08 20:00:00-04:00,LONG,Breakout,1.13099,1.130734918990686,1.1317599999999999,2020-06-08 20:20:00-04:00,1.130734918990686,SL,0.00016,-1.0,-1.6273,-1627.25
2020-06-09 02:00:00-04:00,LONG,Breakout,1.12916,1.1290168498937594,1.13143,2020-06-09 02:05:00-04:00,1.1290168498937594,SL,0.000162,-1.0,-2.1317,-2131.68
2020-06-09 19:30:00-04:00,LONG,Bounce,1.13338,1.1332618022898602,1.13474,2020-06-09 19:45:00-04:00,1.1332618022898602,SL,0.000176,-1.0,-2.489,-2489.03
2020-06-09 20:15:00-04:00,LONG,Breakout,1.13408,1.133983047817665,1.13474,2020-06-09 20:25:00-04:00,1.133983047817665,SL,0.00017,-1.0,-2.7534,-2753.44
2020-06-09 20:30:00-04:00,LONG,Breakout,1.13419,1.1339824672213594,1.13474,2020-06-09 20:50:00-04:00,1.1339824672213594,SL,0.00017,-1.0,-1.8191,-1819.15
2020-06-09 21:10:00-04:00,LONG,Breakout,1.13443,1.1339768594845565,1.13474,2020-06-09 21:40:00-04:00,1.1339768594845565,SL,0.000158,-1.0,-1.3487,-1348.68
2020-06-10 01:20:00-04:00,LONG,Breakout,1.13541,1.134438793125842,1.13628,2020-06-10 01:35:00-04:00,1.13628,TP,0.000162,0.8958,0.729,728.99
2020-06-10 09:45:00-04:00,LONG,Bounce,1.13666,1.136179321771117,1.13886,2020-06-10 09:50:00-04:00,1.136179321771117,SL,0.000152,-1.0,-1.3162,-1316.22
2020-06-10 14:00:00-04:00,LONG,Bounce,1.13757,1.1339383965469505,1.13931,2020-06-10 14:05:00-04:00,1.13931,TP,0.00015,0.4791,0.4378,437.82
2020-06-10 20:05:00-04:00,LONG,Bounce,1.13742,1.1370915871465788,1.13813,2020-06-10 20:40:00-04:00,1.13813,TP,0.000164,2.1619,1.6625,1662.54
2020-06-10 20:40:00-04:00,LONG,Breakout,1.13822,1.1380499980118495,1.1414900000000001,2020-06-10 20:45:00-04:00,1.1380499980118495,SL,0.000162,-1.0,-1.9529,-1952.93
2020-06-10 20:55:00-04:00,LONG,Breakout,1.13858,1.1380414065714408,1.1414900000000001,2020-06-10 23:20:00-04:00,1.1380414065714408,SL,0.000172,-1.0,-1.3194,-1319.35
2020-06-10 23:50:00-04:00,LONG,Bounce,1.13652,1.1362346559956706,1.13933,2020-06-10 23:55:00-04:00,1.1362346559956706,SL,0.000162,-1.0,-1.5677,-1567.74
2020-06-11 08:20:00-04:00,LONG,Bounce,1.13431,1.134098238917013,1.14006,2020-06-11 08:25:00-04:00,1.134098238917013,SL,0.00016,-1.0,-1.7556,-1755.57
2020-06-11 18:10:00-04:00,LONG,Bounce,1.12916,1.1286958117793293,1.13008,2020-06-11 18:25:00-04:00,1.1286958117793293,SL,0.0002,-1.0,-1.4309,-1430.86
2020-06-12 09:05:00-04:00,LONG,Bounce,1.13023,1.129031441540034,1.13175,2020-06-12 09:40:00-04:00,1.13175,TP,0.00015,1.2682,1.143,1143.04
2020-06-12 09:40:00-04:00,LONG,Breakout,1.13191,1.1315818116557563,1.13266,2020-06-12 09:45:00-04:00,1.1315818116557563,SL,0.00015,-1.0,-1.4571,-1457.05
2020-06-15 04:00:00-04:00,LONG,Breakout,1.12515,1.124621637007185,1.12675,2020-06-15 04:20:00-04:00,1.124621637007185,SL,0.000154,-1.0,-1.2915,-1291.47
2020-06-15 05:55:00-04:00,LONG,Retest,1.12485,1.124626912574641,1.12667,2020-06-15 06:45:00-04:00,1.124626912574641,SL,0.000164,-1.0,-1.7351,-1735.14
2020-06-15 09:50:00-04:00,LONG,Breakout,1.12745,1.126520242874864,1.13222,2020-06-15 11:10:00-04:00,1.126520242874864,SL,0.000154,-1.0,-1.1656,-1165.63
2020-06-15 11:10:00-04:00,LONG,Retest,1.127,1.1265171876133366,1.13222,2020-06-15 11:15:00-04:00,1.1265171876133366,SL,0.000164,-1.0,-1.3397,-1339.68
2020-06-15 17:40:00-04:00,LONG,Breakout,1.13239,1.1322170855312954,1.13316,2020-06-15 18:00:00-04:00,1.1322170855312954,SL,0.000228,-1.0,-2.3186,-2318.57
2020-06-15 18:05:00-04:00,LONG,Retest,1.13246,1.1322287669203517,1.13316,2020-06-15 19:35:00-04:00,1.13316,TP,0.000208,3.0272,2.1277,2127.72
2020-06-15 22:30:00-04:00,LONG,Breakout,1.13438,1.1338116968278351,1.14028,2020-06-15 23:55:00-04:00,1.1338116968278351,SL,0.000172,-1.0,-1.3027,-1302.66
2020-06-16 03:30:00-04:00,LONG,Bounce,1.13346,1.1325777159940476,1.14028,2020-06-16 03:50:00-04:00,1.1325777159940476,SL,0.000154,-1.0,-1.1745,-1174.55
2020-06-17 01:00:00-04:00,LONG,Breakout,1.12761,1.1271505642305548,1.13182,2020-06-17 01:05:00-04:00,1.1271505642305548,SL,0.00017,-1.0,-1.37,-1370.02
2020-06-17 01:25:00-04:00,LONG,Retest,1.12728,1.127151802438819,1.13182,2020-06-17 01:40:00-04:00,1.127151802438819,SL,0.000168,-1.0,-2.3105,-2310.48
2020-06-17 02:10:00-04:00,LONG,Breakout,1.12802,1.127826198269915,1.13182,2020-06-17 02:15:00-04:00,1.127826198269915,SL,0.000156,-1.0,-1.8049,-1804.95
2020-06-17 02:20:00-04:00,LONG,Breakout,1.12827,1.1278162525898756,1.13182,2020-06-17 02:30:00-04:00,1.1278162525898756,SL,0.000158,-1.0,-1.3482,-1348.21
2020-06-17 03:00:00-04:00,LONG,Breakout,1.1284399999999999,1.1278105909947995,1.13182,2020-06-17 03:55:00-04:00,1.1278105909947995,SL,0.000156,-1.0,-1.2479,-1247.85
2020-06-17 08:15:00-04:00,LONG,Bounce,1.12306,1.122213878026315,1.12539,2020-06-17 09:55:00-04:00,1.122213878026315,SL,0.000156,-1.0,-1.1844,-1184.37
2020-06-17 18:30:00-04:00,LONG,Breakout,1.12463,1.1244991140580187,1.12476,2020-06-17 18:45:00-04:00,1.1244991140580187,SL,0.000192,-1.0,-2.4669,-2466.93
2020-06-17 20:35:00-04:00,LONG,Retest,1.12461,1.124473902064794,1.12539,2020-06-17 20:40:00-04:00,1.124473902064794,SL,0.000172,-1.0,-2.2638,-2263.8
2020-06-18 00:50:00-04:00,LONG,Breakout,1.12586,1.125025924765259,1.1293199999999999,2020-06-18 01:35:00-04:00,1.125025924765259,SL,0.000158,-1.0,-1.1894,-1189.43
2020-06-18 02:40:00-04:00,LONG,Retest,1.12524,1.1250163726857285,1.12604,2020-06-18 03:00:00-04:00,1.1250163726857285,SL,0.000166,-1.0,-1.7423,-1742.31
2020-06-18 03:40:00-04:00,LONG,Bounce,1.12446,1.1242765722774462,1.12581,2020-06-18 03:45:00-04:00,1.1242765722774462,SL,0.000164,-1.0,-1.8941,-1894.09
2020-06-18 20:45:00-04:00,LONG,Bounce,1.12004,1.1198224397080716,1.12124,2020-06-18 21:10:00-04:00,1.1198224397080716,SL,0.00017,-1.0,-1.7814,-1781.39
2020-06-18 21:10:00-04:00,LONG,Bounce,1.11998,1.1198226092374624,1.12124,2020-06-18 23:15:00-04:00,1.12124,TP,0.000172,8.0056,6.9127,6912.73
2020-06-21 19:15:00-04:00,SHORT,Breakout,1.11718,1.117489283095352,1.11674,2020-06-21 19:50:00-04:00,1.117489283095352,SL,0.000172,-1.0,-1.5561,-1556.12
2020-06-23 03:15:00-04:00,LONG,Breakout,1.12898,1.1274297805971392,1.1293199999999999,2020-06-23 03:20:00-04:00,1.1293199999999999,TP,0.000152,0.2193,0.1213,121.27
2020-06-23 10:10:00-04:00,LONG,Breakout,1.13386,1.1335818921715735,1.13464,2020-06-23 10:15:00-04:00,1.13464,TP,0.000154,2.8047,2.2509,2250.93
2020-06-23 10:30:00-04:00,LONG,Retest,1.13421,1.1335770467594832,1.13524,2020-06-23 10:40:00-04:00,1.1335770467594832,SL,0.000158,-1.0,-1.2496,-1249.62
2020-06-23 19:50:00-04:00,LONG,Breakout,1.13128,1.131151249115161,1.13204,2020-06-23 19:55:00-04:00,1.131151249115161,SL,0.000178,-1.0,-2.3825,-2382.51
2020-06-23 20:00:00-04:00,LONG,Breakout,1.13157,1.1311471076554194,1.13204,2020-06-23 20:20:00-04:00,1.13204,TP,0.000174,1.1114,0.6999,699.94
2020-06-24 10:50:00-04:00,LONG,Bounce,1.12713,1.1266066430417823,1.131,2020-06-24 11:10:00-04:00,1.1266066430417823,SL,0.000176,-1.0,-1.3363,-1336.29
2020-06-25 01:00:00-04:00,LONG,Breakout,1.12497,1.124836934357841,1.12587,2020-06-25 01:05:00-04:00,1.124836934357841,SL,0.000188,-1.0,-2.4128,-2412.84
2020-06-25 02:00:00-04:00,LONG,Breakout,1.12494,1.1248310797905017,1.12587,2020-06-25 02:05:00-04:00,1.1248310797905017,SL,0.00019,-1.0,-2.7444,-2744.4
2020-06-25 02:30:00-04:00,LONG,Bounce,1.12399,1.123836946359312,1.12587,2020-06-25 02:55:00-04:00,1.123836946359312,SL,0.000186,-1.0,-2.2153,-2215.26
2020-07-02 02:05:00-04:00,LONG,Breakout,1.12707,1.126553121977043,1.12741,2020-07-02 02:20:00-04:00,1.126553121977043,SL,0.000172,-1.0,-1.3328,-1332.77
2020-07-02 08:35:00-04:00,LONG,Breakout,1.12938,1.1286970124210889,1.1301700000000001,2020-07-02 08:40:00-04:00,1.1286970124210889,SL,0.000168,-1.0,-1.246,-1245.98
2020-07-02 20:40:00-04:00,LONG,Bounce,1.12335,1.1232744126029113,1.12411,2020-07-02 21:10:00-04:00,1.12411,TP,0.000172,10.0546,7.7791,7779.07
2020-07-02 21:15:00-04:00,LONG,Breakout,1.12456,1.1240604856652028,1.12808,2020-07-02 22:00:00-04:00,1.1240604856652028,SL,0.000182,-1.0,-1.3644,-1364.35
2020-07-06 00:55:00-04:00,LONG,Breakout,1.12908,1.1284007431744765,1.12964,2020-07-06 01:45:00-04:00,1.1284007431744765,SL,0.000174,-1.0,-1.2562,-1256.16
2020-07-06 02:40:00-04:00,LONG,Breakout,1.12937,1.129101333114767,1.12964,2020-07-06 02:45:00-04:00,1.12964,TP,0.000178,1.005,0.3424,342.43
2020-07-06 03:00:00-04:00,LONG,Breakout,1.1293199999999999,1.1290811052449725,1.131,2020-07-06 03:05:00-04:00,1.1290811052449725,SL,0.000176,-1.0,-1.7367,-1736.73
2020-07-06 07:10:00-04:00,LONG,Breakout,1.13119,1.1298217686549477,1.13244,2020-07-06 08:10:00-04:00,1.13244,TP,0.000172,0.9136,0.7879,787.88
2020-07-06 19:05:00-04:00,LONG,Breakout,1.13126,1.1311662349185738,1.13167,2020-07-06 19:10:00-04:00,1.1311662349185738,SL,0.000188,-1.0,-3.005,-3005.01
2020-07-06 19:20:00-04:00,LONG,Breakout,1.13125,1.1311672128703012,1.13167,2020-07-06 19:40:00-04:00,1.1311672128703012,SL,0.000202,-1.0,-3.44,-3439.99
2020-07-06 20:00:00-04:00,LONG,Breakout,1.13141,1.1311638217867075,1.13167,2020-07-06 20:05:00-04:00,1.13167,TP,0.000176,1.0561,0.3412,341.22
2020-07-06 21:50:00-04:00,LONG,Retest,1.13151,1.1311284853973478,1.13315,2020-07-06 22:00:00-04:00,1.1311284853973478,SL,0.000184,-1.0,-1.4823,-1482.29
2020-07-07 01:00:00-04:00,LONG,Breakout,1.13131,1.131123013335353,1.13315,2020-07-07 01:25:00-04:00,1.131123013335353,SL,0.000182,-1.0,-1.9733,-1973.33
2020-07-07 09:40:00-04:00,LONG,Breakout,1.12968,1.1292640376811203,1.13075,2020-07-07 09:55:00-04:00,1.1292640376811203,SL,0.000172,-1.0,-1.4135,-1413.5
2020-07-07 20:00:00-04:00,LONG,Bounce,1.12742,1.127093022788505,1.12975,2020-07-07 20:35:00-04:00,1.127093022788505,SL,0.000182,-1.0,-1.5566,-1556.61
2020-07-08 01:55:00-04:00,LONG,Bounce,1.12747,1.127243183511265,1.12817,2020-07-08 02:00:00-04:00,1.127243183511265,SL,0.000188,-1.0,-1.8289,-1828.86
2020-07-08 02:40:00-04:00,LONG,Bounce,1.12755,1.1272206686113266,1.12816,2020-07-08 02:45:00-04:00,1.1272206686113266,SL,0.000186,-1.0,-1.5648,-1564.78
2020-07-08 02:55:00-04:00,LONG,Bounce,1.12753,1.1272183166687626,1.12816,2020-07-08 03:00:00-04:00,1.1272183166687626,SL,0.000184,-1.0,-1.5903,-1590.34
2020-07-08 03:05:00-04:00,LONG,Breakout,1.1284399999999999,1.1280758444745964,1.12975,2020-07-08 04:55:00-04:00,1.1280758444745964,SL,0.000174,-1.0,-1.4778,-1477.82
2020-07-08 07:50:00-04:00,LONG,Breakout,1.12938,1.1291897786311629,1.12975,2020-07-08 07:55:00-04:00,1.1291897786311629,SL,0.000174,-1.0,-1.9147,-1914.72
2020-07-08 23:45:00-04:00,LONG,Breakout,1.13584,1.1345137277592918,1.14028,2020-07-09 03:30:00-04:00,1.1345137277592918,SL,0.000172,-1.0,-1.1297,-1129.69
2020-07-12 18:00:00-04:00,LONG,Breakout,1.1308,1.1304477809482185,1.13239,2020-07-12 20:00:00-04:00,1.1304477809482185,SL,0.000196,-1.0,-1.5565,-1556.47
2020-07-12 21:00:00-04:00,LONG,Breakout,1.13184,1.131573467866657,1.13239,2020-07-12 22:30:00-04:00,1.13239,TP,0.000182,2.0635,1.3807,1380.7
2020-07-13 18:00:00-04:00,LONG,Bounce,1.13469,1.1339400223454066,1.13738,2020-07-13 20:20:00-04:00,1.1339400223454066,SL,0.000222,-1.0,-1.296,-1296.01
2020-07-14 03:10:00-04:00,LONG,Bounce,1.13398,1.1335444324295656,1.13493,2020-07-14 03:15:00-04:00,1.1335444324295656,SL,0.000172,-1.0,-1.3949,-1394.89
2020-07-14 04:45:00-04:00,LONG,Breakout,1.13552,1.1347039526772458,1.13738,2020-07-14 05:00:00-04:00,1.1347039526772458,SL,0.00017,-1.0,-1.2083,-1208.32
2020-07-14 09:40:00-04:00,LONG,Breakout,1.13839,1.1379025133115899,1.14028,2020-07-14 10:30:00-04:00,1.14028,TP,0.000162,3.877,3.5447,3544.71
2020-07-14 18:00:00-04:00,LONG,Breakout,1.14052,1.1402025631492207,1.14078,2020-07-14 18:20:00-04:00,1.14078,TP,0.000182,0.8191,0.2457,245.72
2020-07-14 20:45:00-04:00,LONG,Retest,1.14136,1.141063241014218,1.14243,2020-07-14 20:50:00-04:00,1.141063241014218,SL,0.000192,-1.0,-1.647,-1646.99
2020-07-15 03:20:00-04:00,LONG,Breakout,1.1402700000000001,1.1399616139336426,1.14201,2020-07-15 03:40:00-04:00,1.14201,TP,0.000176,5.6423,5.0716,5071.57
2020-07-15 06:50:00-04:00,LONG,Breakout,1.1445,1.1442730648605741,1.14571,2020-07-15 06:55:00-04:00,1.1442730648605741,SL,0.000176,-1.0,-1.7756,-1775.55
2020-07-15 09:30:00-04:00,LONG,Breakout,1.1446,1.1443782277457093,1.14571,2020-07-15 09:35:00-04:00,1.1443782277457093,SL,0.000174,-1.0,-1.7846,-1784.59
2020-07-15 19:00:00-04:00,LONG,Breakout,1.14143,1.1411647967691556,1.1451,2020-07-15 20:00:00-04:00,1.1411647967691556,SL,0.000188,-1.0,-1.7089,-1708.89
2020-07-16 03:40:00-04:00,LONG,Breakout,1.14089,1.1405540623651915,1.14178,2020-07-16 03:50:00-04:00,1.1405540623651915,SL,0.000174,-1.0,-1.518,-1517.95
2020-07-16 08:30:00-04:00,LONG,Breakout,1.14158,1.1413353767226324,1.1451,2020-07-16 08:35:00-04:00,1.1413353767226324,SL,0.000168,-1.0,-1.6868,-1686.77
2020-07-16 08:40:00-04:00,LONG,Breakout,1.14163,1.1413149421741065,1.1451,2020-07-16 08:50:00-04:00,1.1413149421741065,SL,0.000178,-1.0,-1.565,-1564.98
2020-07-17 04:05:00-04:00,LONG,Breakout,1.13944,1.1391934689214371,1.1435,2020-07-17 10:05:00-04:00,1.1435,TP,0.000166,16.4685,15.7952,15795.17
2020-07-20 00:15:00-04:00,LONG,Breakout,1.14253,1.1420935462254838,1.14448,2020-07-20 01:00:00-04:00,1.14448,TP,0.000178,4.4678,4.06,4059.99
2020-07-20 19:05:00-04:00,LONG,Breakout,1.14486,1.1447825224378239,1.14633,2020-07-20 23:25:00-04:00,1.14633,TP,0.00019,18.9732,16.5209,16520.91
2020-07-20 23:25:00-04:00,LONG,Breakout,1.14672,1.146100228683222,1.1478,2020-07-20 23:30:00-04:00,1.146100228683222,SL,0.000178,-1.0,-1.2872,-1287.2
2020-07-20 23:40:00-04:00,LONG,Bounce,1.14539,1.145233250151982,1.1478,2020-07-20 23:45:00-04:00,1.145233250151982,SL,0.000194,-1.0,-2.2376,-2237.64
2020-07-21 03:00:00-04:00,LONG,Breakout,1.14575,1.1448343998949686,1.14688,2020-07-21 03:30:00-04:00,1.1448343998949686,SL,0.00017,-1.0,-1.1857,-1185.67
2020-07-21 19:40:00-04:00,LONG,Breakout,1.15359,1.1533163706336933,1.15388,2020-07-21 19:45:00-04:00,1.15388,TP,0.000188,1.0598,0.3728,372.77
2020-07-21 21:05:00-04:00,LONG,Bounce,1.15327,1.1527942434156815,1.15414,2020-07-21 22:55:00-04:00,1.15414,TP,0.000186,1.8287,1.4377,1437.71
2020-07-22 03:45:00-04:00,LONG,Bounce,1.15223,1.1516799227963432,1.15461,2020-07-22 03:55:00-04:00,1.1516799227963432,SL,0.00018,-1.0,-1.3272,-1327.23
2020-07-22 21:00:00-04:00,LONG,Bounce,1.15672,1.1562561437533982,1.15744,2020-07-22 21:10:00-04:00,1.15744,TP,0.000184,1.5522,1.1555,1155.53
2020-07-23 20:20:00-04:00,LONG,Breakout,1.16029,1.1601054677203688,1.16236,2020-07-24 00:25:00-04:00,1.1601054677203688,SL,0.000182,-1.0,-1.9863,-1986.28
2020-07-24 08:50:00-04:00,LONG,Breakout,1.16121,1.1609973623733472,1.1620300000000001,2020-07-24 09:00:00-04:00,1.1620300000000001,TP,0.00018,3.8563,3.0098,3009.82
2020-07-24 10:10:00-04:00,LONG,Retest,1.16164,1.1609483215305156,1.16236,2020-07-24 10:15:00-04:00,1.16236,TP,0.00017,1.0409,0.7952,795.17
2020-07-27 09:15:00-04:00,LONG,Retest,1.17333,1.1730526704215851,1.17633,2020-07-27 09:20:00-04:00,1.1730526704215851,SL,0.000178,-1.0,-1.6418,-1641.84
2020-07-27 18:10:00-04:00,LONG,Breakout,1.17555,1.1752718356133394,1.17638,2020-07-27 19:15:00-04:00,1.1752718356133394,SL,0.00022,-1.0,-1.7909,-1790.9
2020-07-28 02:00:00-04:00,LONG,Breakout,1.17354,1.1733551259384771,1.17728,2020-07-28 02:10:00-04:00,1.1733551259384771,SL,0.000176,-1.0,-1.952,-1952.0
2020-07-28 20:15:00-04:00,LONG,Breakout,1.1723,1.1722107300924962,1.17363,2020-07-28 20:25:00-04:00,1.1722107300924962,SL,0.00018,-1.0,-3.0164,-3016.36
2020-07-28 20:45:00-04:00,LONG,Bounce,1.1718,1.1716517845292236,1.17363,2020-07-28 21:30:00-04:00,1.1716517845292236,SL,0.00017,-1.0,-2.147,-2146.98
2020-07-29 01:55:00-04:00,LONG,Breakout,1.1733500000000001,1.173224830719048,1.17363,2020-07-29 02:00:00-04:00,1.173224830719048,SL,0.000184,-1.0,-2.47,-2470.01
2020-07-29 09:30:00-04:00,LONG,Breakout,1.17581,1.1752444261683206,1.17689,2020-07-29 09:40:00-04:00,1.1752444261683206,SL,0.00017,-1.0,-1.3006,-1300.58
2020-07-29 10:15:00-04:00,LONG,Breakout,1.1755,1.1752300672637659,1.17689,2020-07-29 10:30:00-04:00,1.1752300672637659,SL,0.000168,-1.0,-1.6224,-1622.38
2020-07-30 08:55:00-04:00,LONG,Breakout,1.1776200000000001,1.1757554892295197,1.17841,2020-07-30 09:00:00-04:00,1.17841,TP,0.000164,0.4237,0.3357,335.74
2020-07-30 23:50:00-04:00,LONG,Retest,1.18902,1.1886582356611015,1.19038,2020-07-31 00:35:00-04:00,1.1886582356611015,SL,0.000178,-1.0,-1.492,-1492.03
2020-07-31 09:05:00-04:00,LONG,Bounce,1.1836,1.1825182728618202,1.18615,2020-07-31 09:20:00-04:00,1.1825182728618202,SL,0.000172,-1.0,-1.159,-1159.0
2020-08-03 10:05:00-04:00,LONG,Breakout,1.17379,1.1731800900085598,1.17839,2020-08-03 10:20:00-04:00,1.1731800900085598,SL,0.000168,-1.0,-1.2755,-1275.45
2020-08-03 11:00:00-04:00,LONG,Retest,1.1739600000000001,1.1731775143677532,1.17839,2020-08-04 03:15:00-04:00,1.17839,TP,0.00017,5.6614,5.4442,5444.19
2020-08-04 15:05:00-04:00,LONG,Breakout,1.17924,1.1789528865959784,1.18052,2020-08-04 19:50:00-04:00,1.18052,TP,0.000172,4.4582,3.8591,3859.1
2020-08-04 20:35:00-04:00,LONG,Breakout,1.18028,1.180118060933742,1.18503,2020-08-05 02:00:00-04:00,1.180118060933742,SL,0.000186,-1.0,-2.1486,-2148.58
2020-08-05 02:25:00-04:00,LONG,Bounce,1.18119,1.1810448500238284,1.18174,2020-08-05 02:40:00-04:00,1.18174,TP,0.000174,3.7892,2.5904,2590.42
2020-08-05 03:15:00-04:00,LONG,Breakout,1.18251,1.1816371369601413,1.18503,2020-08-05 03:35:00-04:00,1.1816371369601413,SL,0.000176,-1.0,-1.2016,-1201.64
2020-08-05 04:50:00-04:00,LONG,Breakout,1.18381,1.1827619443486037,1.18503,2020-08-05 05:40:00-04:00,1.18503,TP,0.000172,1.1641,0.9999,999.95
2020-08-05 08:20:00-04:00,LONG,Breakout,1.18664,1.1859428248242825,1.19078,2020-08-05 14:30:00-04:00,1.1859428248242825,SL,0.000166,-1.0,-1.2381,-1238.1
2020-08-05 18:00:00-04:00,LONG,Breakout,1.18675,1.186472102031104,1.19039,2020-08-05 22:05:00-04:00,1.186472102031104,SL,0.000212,-1.0,-1.7629,-1762.87
2020-08-06 02:00:00-04:00,LONG,Breakout,1.18883,1.1884183529513286,1.19039,2020-08-06 02:05:00-04:00,1.19039,TP,0.000172,3.7897,3.3718,3371.82
2020-08-06 07:05:00-04:00,LONG,Bounce,1.1838899999999999,1.1835718569415938,1.1869399999999999,2020-08-06 07:10:00-04:00,1.1835718569415938,SL,0.00017,-1.0,-1.5344,-1534.35
2020-08-06 12:00:00-04:00,LONG,Breakout,1.18698,1.1863935569038921,1.19153,2020-08-06 15:10:00-04:00,1.1863935569038921,SL,0.00017,-1.0,-1.2899,-1289.88
2020-08-06 15:10:00-04:00,LONG,Bounce,1.18742,1.1864848714751,1.18929,2020-08-06 15:45:00-04:00,1.1864848714751,SL,0.000176,-1.0,-1.1882,-1188.21
2020-08-06 18:20:00-04:00,LONG,Breakout,1.18801,1.1878474891195432,1.18929,2020-08-06 18:35:00-04:00,1.1878474891195432,SL,0.000186,-1.0,-2.1445,-2144.54
2020-08-06 21:15:00-04:00,LONG,Bounce,1.18717,1.1866438943260569,1.1882,2020-08-06 21:25:00-04:00,1.1866438943260569,SL,0.000182,-1.0,-1.3459,-1345.94
2020-08-07 08:30:00-04:00,LONG,Bounce,1.18234,1.180674328795144,1.18353,2020-08-07 08:40:00-04:00,1.18353,TP,0.00017,0.7144,0.6124,612.37
2020-08-07 08:40:00-04:00,LONG,Breakout,1.18401,1.1821720079917313,1.18498,2020-08-07 09:05:00-04:00,1.1821720079917313,SL,0.00017,-1.0,-1.0925,-1092.49
2020-08-09 18:00:00-04:00,LONG,Breakout,1.1785700000000001,1.1784361752553767,1.17958,2020-08-09 18:10:00-04:00,1.1784361752553767,SL,0.000226,-1.0,-2.6888,-2688.78
2020-08-09 20:15:00-04:00,LONG,Breakout,1.17907,1.178703858449888,1.17958,2020-08-09 21:15:00-04:00,1.17958,TP,0.00018,1.3929,0.9013,901.29
2020-08-10 02:05:00-04:00,LONG,Breakout,1.17983,1.1794804932290996,1.18446,2020-08-10 02:25:00-04:00,1.1794804932290996,SL,0.000184,-1.0,-1.5265,-1526.46
2020-08-10 06:35:00-04:00,LONG,Bounce,1.17559,1.175041345219692,1.17744,2020-08-10 06:50:00-04:00,1.175041345219692,SL,0.000176,-1.0,-1.3208,-1320.78
2020-08-10 09:45:00-04:00,LONG,Breakout,1.17812,1.1773225842334543,1.17997,2020-08-10 10:15:00-04:00,1.1773225842334543,SL,0.000172,-1.0,-1.2157,-1215.7
2020-08-10 14:25:00-04:00,LONG,Bounce,1.17471,1.1744883385132276,1.17908,2020-08-10 14:40:00-04:00,1.1744883385132276,SL,0.000182,-1.0,-1.8211,-1821.07
2020-08-10 21:50:00-04:00,LONG,Breakout,1.17439,1.1741488908476383,1.17557,2020-08-10 23:05:00-04:00,1.1741488908476383,SL,0.000182,-1.0,-1.7548,-1754.84
2020-08-11 04:10:00-04:00,LONG,Breakout,1.17653,1.175396330008526,1.17908,2020-08-11 06:05:00-04:00,1.17908,TP,0.000174,2.2493,2.0958,2095.85
2020-08-13 02:00:00-04:00,LONG,Breakout,1.18228,1.1813031640277745,1.18446,2020-08-13 06:20:00-04:00,1.18446,TP,0.000174,2.2317,2.0536,2053.57
2020-08-13 09:45:00-04:00,LONG,Breakout,1.18587,1.18506774225724,1.1881,2020-08-13 10:00:00-04:00,1.18506774225724,SL,0.00017,-1.0,-1.2119,-1211.9
2020-08-13 20:25:00-04:00,LONG,Bounce,1.18118,1.1809817987503755,1.18209,2020-08-13 20:45:00-04:00,1.1809817987503755,SL,0.00018,-1.0,-1.9082,-1908.17
2020-08-13 23:05:00-04:00,LONG,Bounce,1.18039,1.1800082803320326,1.1819600000000001,2020-08-14 01:55:00-04:00,1.1819600000000001,TP,0.000174,4.113,3.6571,3657.13
2020-08-14 08:30:00-04:00,LONG,Breakout,1.1819600000000001,1.181561926969567,1.1825700000000001,2020-08-14 08:35:00-04:00,1.1825700000000001,TP,0.000178,1.5324,1.0852,1085.23
2020-08-14 09:05:00-04:00,LONG,Breakout,1.18265,1.1815344412196054,1.18632,2020-08-14 10:15:00-04:00,1.1815344412196054,SL,0.000168,-1.0,-1.1506,-1150.6
2020-08-14 10:20:00-04:00,LONG,Breakout,1.18202,1.1815237965028087,1.18632,2020-08-16 22:30:00-04:00,1.18632,TP,0.00017,8.6658,8.3232,8323.2
2020-08-17 02:35:00-04:00,LONG,Breakout,1.18626,1.1859809082823503,1.1881,2020-08-17 02:50:00-04:00,1.1859809082823503,SL,0.000186,-1.0,-1.6664,-1666.45
2020-08-17 02:55:00-04:00,LONG,Breakout,1.18612,1.1859764524534624,1.1881,2020-08-17 03:00:00-04:00,1.1859764524534624,SL,0.000174,-1.0,-2.2121,-2212.14
2020-08-17 09:30:00-04:00,LONG,Breakout,1.18693,1.1861781347135383,1.1881,2020-08-17 10:55:00-04:00,1.1861781347135383,SL,0.000176,-1.0,-1.2341,-1234.08
2020-08-17 17:35:00-04:00,LONG,Breakout,1.18729,1.1869790216713867,1.18802,2020-08-17 17:45:00-04:00,1.1869790216713867,SL,0.000328,-1.0,-2.0547,-2054.74
2020-08-17 18:25:00-04:00,LONG,Retest,1.18707,1.1869807543358324,1.18802,2020-08-17 18:40:00-04:00,1.1869807543358324,SL,0.0002,-1.0,-3.241,-3241.01
2020-08-17 20:00:00-04:00,LONG,Breakout,1.18777,1.1874030057787286,1.18802,2020-08-17 20:20:00-04:00,1.1874030057787286,SL,0.000182,-1.0,-1.4959,-1495.92
2020-08-17 20:20:00-04:00,LONG,Retest,1.18761,1.18739978253973,1.18802,2020-08-17 20:35:00-04:00,1.18739978253973,SL,0.000196,-1.0,-1.9324,-1932.37
2020-08-18 02:30:00-04:00,LONG,Breakout,1.18988,1.1893438523304078,1.19153,2020-08-18 02:40:00-04:00,1.1893438523304078,SL,0.000176,-1.0,-1.3283,-1328.27
2020-08-18 03:15:00-04:00,LONG,Retest,1.18992,1.1892966113915664,1.19153,2020-08-18 03:25:00-04:00,1.1892966113915664,SL,0.000176,-1.0,-1.2823,-1282.33
2020-08-18 04:50:00-04:00,LONG,Breakout,1.1911,1.1903568819814603,1.19153,2020-08-18 05:25:00-04:00,1.1903568819814603,SL,0.000174,-1.0,-1.2341,-1234.15
2020-08-19 02:00:00-04:00,LONG,Breakout,1.19457,1.1939311815999232,1.19519,2020-08-19 02:10:00-04:00,1.1939311815999232,SL,0.000152,-1.0,-1.2379,-1237.94
2020-08-19 02:15:00-04:00,LONG,Breakout,1.19434,1.1939308454719502,1.19519,2020-08-19 02:25:00-04:00,1.1939308454719502,SL,0.000166,-1.0,-1.4057,-1405.71
2020-08-19 08:00:00-04:00,LONG,Bounce,1.19335,1.193065710954004,1.19412,2020-08-19 08:05:00-04:00,1.193065710954004,SL,0.000154,-1.0,-1.5417,-1541.7
2020-08-19 21:40:00-04:00,LONG,Bounce,1.18385,1.1837145370376072,1.18492,2020-08-19 21:45:00-04:00,1.1837145370376072,SL,0.00016,-1.0,-2.1811,-2181.13
2020-08-20 03:05:00-04:00,LONG,Breakout,1.18552,1.1849503502468857,1.1859,2020-08-20 03:20:00-04:00,1.1859,TP,0.000158,0.6671,0.3897,389.71
2020-08-20 07:35:00-04:00,LONG,Breakout,1.18454,1.184253673636947,1.18678,2020-08-20 07:50:00-04:00,1.184253673636947,SL,0.000154,-1.0,-1.5378,-1537.85
2020-08-20 07:55:00-04:00,LONG,Breakout,1.18486,1.1842583759044367,1.18678,2020-08-20 08:10:00-04:00,1.1842583759044367,SL,0.000154,-1.0,-1.256,-1255.97
2020-08-20 08:30:00-04:00,LONG,Breakout,1.18476,1.1842427528687969,1.18678,2020-08-20 08:45:00-04:00,1.1842427528687969,SL,0.00016,-1.0,-1.3093,-1309.33
2020-08-20 18:10:00-04:00,LONG,Breakout,1.18625,1.186172657257927,1.18644,2020-08-20 18:40:00-04:00,1.18644,TP,0.000204,2.4566,-0.181,-181.01
2020-08-21 09:50:00-04:00,LONG,Bounce,1.1762,1.1757645399939023,1.1789,2020-08-21 09:55:00-04:00,1.1757645399939023,SL,0.000152,-1.0,-1.3491,-1349.06
2020-08-21 09:55:00-04:00,LONG,Bounce,1.17605,1.1757642157086234,1.1789,2020-08-21 10:00:00-04:00,1.1757642157086234,SL,0.000156,-1.0,-1.5459,-1545.87
2020-08-27 02:50:00-04:00,LONG,Breakout,1.18362,1.1834164953960702,1.18489,2020-08-27 02:55:00-04:00,1.1834164953960702,SL,0.000162,-1.0,-1.7961,-1796.05
2020-08-27 09:10:00-04:00,LONG,Breakout,1.18641,1.1837276450662269,1.1882,2020-08-27 09:15:00-04:00,1.1882,TP,0.000154,0.6673,0.6099,609.91
2020-08-27 17:35:00-04:00,LONG,Bounce,1.18187,1.1817171720472557,1.1834,2020-08-27 17:40:00-04:00,1.1817171720472557,SL,0.000356,-1.0,-3.3294,-3329.42
2020-08-27 20:10:00-04:00,LONG,Bounce,1.18143,1.181130185646617,1.18242,2020-08-27 20:40:00-04:00,1.181130185646617,SL,0.000158,-1.0,-1.527,-1526.99
2020-08-28 03:00:00-04:00,LONG,Breakout,1.18812,1.1877319550473704,1.19006,2020-08-28 04:15:00-04:00,1.19006,TP,0.000156,4.9994,4.5974,4597.41
2020-08-28 09:30:00-04:00,LONG,Bounce,1.18955,1.188306518743848,1.1918199999999999,2020-08-28 09:35:00-04:00,1.188306518743848,SL,0.000152,-1.0,-1.1222,-1122.24
2020-08-31 02:35:00-04:00,LONG,Bounce,1.1899899999999999,1.1898528801142954,1.19163,2020-08-31 02:40:00-04:00,1.1898528801142954,SL,0.00016,-1.0,-2.1669,-2166.86
2020-08-31 20:00:00-04:00,LONG,Breakout,1.1942599999999999,1.193874305735415,1.19494,2020-08-31 20:40:00-04:00,1.193874305735415,SL,0.000156,-1.0,-1.4045,-1404.47
2020-09-02 00:30:00-04:00,LONG,Breakout,1.19077,1.1906447314827342,1.19278,2020-09-02 00:40:00-04:00,1.1906447314827342,SL,0.000172,-1.0,-2.3731,-2373.05
2020-09-02 02:00:00-04:00,LONG,Breakout,1.19103,1.190783872649255,1.19278,2020-09-02 02:05:00-04:00,1.190783872649255,SL,0.000156,-1.0,-1.6338,-1633.82
2020-09-03 00:10:00-04:00,SHORT,Breakout,1.1814,1.1824367440416175,1.18102,2020-09-03 00:15:00-04:00,1.18102,TP,0.000164,0.3665,0.2083,208.34
2020-09-03 11:15:00-04:00,SHORT,Breakout,1.18173,1.182500430426801,1.18011,2020-09-03 11:30:00-04:00,1.182500430426801,SL,0.000156,-1.0,-1.2025,-1202.48
2020-09-03 19:15:00-04:00,SHORT,Breakout,1.18419,1.1844383525857187,1.18311,2020-09-03 19:25:00-04:00,1.1844383525857187,SL,0.000164,-1.0,-1.6604,-1660.35
2020-09-08 01:05:00-04:00,SHORT,Breakout,1.18039,1.180618454274567,1.17944,2020-09-08 01:20:00-04:00,1.180618454274567,SL,0.00016,-1.0,-1.7004,-1700.36
2020-09-08 01:25:00-04:00,SHORT,Breakout,1.18048,1.1806183764196143,1.17944,2020-09-08 01:55:00-04:00,1.1806183764196143,SL,0.000184,-1.0,-2.3297,-2329.71
2020-09-08 09:40:00-04:00,SHORT,Breakout,1.17741,1.1782299610378397,1.17614,2020-09-08 10:05:00-04:00,1.1782299610378397,SL,0.000158,-1.0,-1.1927,-1192.69
2020-09-08 14:50:00-04:00,SHORT,Breakout,1.17779,1.1780478345181469,1.17647,2020-09-08 14:55:00-04:00,1.1780478345181469,SL,0.000158,-1.0,-1.6128,-1612.8
2020-09-08 15:00:00-04:00,SHORT,Breakout,1.17734,1.1780528267018715,1.17647,2020-09-08 15:05:00-04:00,1.1780528267018715,SL,0.000162,-1.0,-1.2273,-1227.26
2020-09-08 15:15:00-04:00,SHORT,Breakout,1.17766,1.1780530810000043,1.17647,2020-09-08 15:30:00-04:00,1.1780530810000043,SL,0.000166,-1.0,-1.4223,-1422.3
2020-09-08 17:55:00-04:00,SHORT,Breakout,1.17717,1.1774104692422331,1.17647,2020-09-08 18:05:00-04:00,1.17647,TP,0.00018,2.911,2.1624,2162.44
2020-09-08 23:50:00-04:00,SHORT,Bounce,1.17782,1.1779342002265367,1.17724,2020-09-08 23:55:00-04:00,1.1779342002265367,SL,0.000164,-1.0,-2.4361,-2436.07
2020-09-09 02:05:00-04:00,SHORT,Breakout,1.17739,1.177633152482465,1.17724,2020-09-09 02:10:00-04:00,1.17724,TP,0.000158,0.6169,-0.0329,-32.9
2020-09-09 03:25:00-04:00,SHORT,Retest,1.17722,1.177674456355197,1.17582,2020-09-09 03:35:00-04:00,1.177674456355197,SL,0.00016,-1.0,-1.3521,-1352.07
2020-09-09 19:00:00-04:00,SHORT,Bounce,1.18076,1.1810594182582923,1.17966,2020-09-09 20:15:00-04:00,1.1810594182582923,SL,0.000174,-1.0,-1.5811,-1581.13
2020-09-17 09:55:00-04:00,SHORT,Bounce,1.18081,1.1813269045958061,1.17904,2020-09-17 10:30:00-04:00,1.1813269045958061,SL,0.000144,-1.0,-1.2786,-1278.58
2020-09-21 15:00:00-04:00,LONG,Breakout,1.17624,1.1755497011890508,1.17964,2020-09-21 20:30:00-04:00,1.1755497011890508,SL,0.000174,-1.0,-1.2521,-1252.06
2020-09-21 21:00:00-04:00,LONG,Bounce,1.17681,1.1762188260073552,1.17727,2020-09-21 21:10:00-04:00,1.1762188260073552,SL,0.000166,-1.0,-1.2808,-1280.8
2020-09-22 01:55:00-04:00,SHORT,Breakout,1.17516,1.1752664093563236,1.17489,2020-09-22 02:00:00-04:00,1.1752664093563236,SL,0.000174,-1.0,-2.6352,-2635.19
2020-09-22 02:15:00-04:00,SHORT,Breakout,1.17447,1.1752824915562776,1.17328,2020-09-22 03:15:00-04:00,1.17328,TP,0.000164,1.4646,1.2628,1262.78
2020-09-22 09:50:00-04:00,SHORT,Breakout,1.1729,1.1735083873809453,1.17193,2020-09-22 10:30:00-04:00,1.1735083873809453,SL,0.000164,-1.0,-1.2696,-1269.57
2020-09-23 03:05:00-04:00,SHORT,Bounce,1.16836,1.1690262383714007,1.16711,2020-09-23 03:10:00-04:00,1.1690262383714007,SL,0.000164,-1.0,-1.2462,-1246.16
2020-09-23 09:50:00-04:00,SHORT,Breakout,1.16792,1.1685810906007792,1.16743,2020-09-23 10:10:00-04:00,1.16743,TP,0.000158,0.7412,0.5022,502.2
2020-09-23 11:25:00-04:00,SHORT,Retest,1.16771,1.168584823099448,1.16633,2020-09-23 12:35:00-04:00,1.168584823099448,SL,0.00017,-1.0,-1.1943,-1194.33
2020-09-23 14:55:00-04:00,SHORT,Breakout,1.16566,1.1664184556799406,1.16414,2020-09-23 17:05:00-04:00,1.1664184556799406,SL,0.00016,-1.0,-1.211,-1210.95
2020-09-23 17:25:00-04:00,SHORT,Retest,1.1658,1.1664049805000767,1.16541,2020-09-23 17:45:00-04:00,1.16541,TP,0.00027,0.6446,0.1984,198.35
2020-09-23 22:00:00-04:00,SHORT,Bounce,1.16609,1.1664720212817712,1.16512,2020-09-23 22:15:00-04:00,1.1664720212817712,SL,0.000164,-1.0,-1.4293,-1429.3
2020-09-24 08:40:00-04:00,SHORT,Breakout,1.16263,1.1633518672091558,1.15968,2020-09-24 08:45:00-04:00,1.1633518672091558,SL,0.00016,-1.0,-1.2216,-1221.65
2020-09-24 21:05:00-04:00,SHORT,Breakout,1.16627,1.1665470452000408,1.16343,2020-09-24 21:10:00-04:00,1.1665470452000408,SL,0.00017,-1.0,-1.6136,-1613.62
2020-09-25 00:00:00-04:00,SHORT,Breakout,1.16623,1.1664136410197294,1.16343,2020-09-25 00:20:00-04:00,1.1664136410197294,SL,0.000168,-1.0,-1.9148,-1914.83
2020-09-25 07:50:00-04:00,SHORT,Retest,1.16342,1.1638945539180447,1.1629800000000001,2020-09-25 07:55:00-04:00,1.1629800000000001,TP,0.000168,0.9272,0.5732,573.17
2020-09-25 10:05:00-04:00,SHORT,Breakout,1.16188,1.1627900834363443,1.15968,2020-09-25 10:25:00-04:00,1.1627900834363443,SL,0.000164,-1.0,-1.1802,-1180.2
2020-09-27 20:05:00-04:00,SHORT,Breakout,1.16273,1.162995935973149,1.16204,2020-09-27 20:10:00-04:00,1.162995935973149,SL,0.000176,-1.0,-1.6618,-1661.81
2020-09-27 20:15:00-04:00,SHORT,Retest,1.16272,1.163003679487052,1.16204,2020-09-27 20:20:00-04:00,1.163003679487052,SL,0.00018,-1.0,-1.6345,-1634.52
2020-09-27 20:50:00-04:00,SHORT,Breakout,1.16202,1.163013318247668,1.16113,2020-09-27 21:50:00-04:00,1.163013318247668,SL,0.00016,-1.0,-1.1611,-1161.08
2020-09-27 22:55:00-04:00,SHORT,Bounce,1.16338,1.163563945260542,1.16144,2020-09-27 23:15:00-04:00,1.163563945260542,SL,0.000178,-1.0,-1.9677,-1967.68
2020-09-28 01:50:00-04:00,SHORT,Breakout,1.16252,1.1630880647848574,1.16144,2020-09-28 02:15:00-04:00,1.1630880647848574,SL,0.000178,-1.0,-1.3133,-1313.34
2020-09-28 02:40:00-04:00,SHORT,Breakout,1.16289,1.1631043949684765,1.16144,2020-09-28 02:45:00-04:00,1.1631043949684765,SL,0.000166,-1.0,-1.7743,-1774.27
2020-09-28 03:05:00-04:00,SHORT,Breakout,1.16234,1.16251276476511,1.16144,2020-09-28 03:10:00-04:00,1.16251276476511,SL,0.000166,-1.0,-1.9608,-1960.84
2020-09-29 00:00:00-04:00,SHORT,Bounce,1.16737,1.1674371908343122,1.16661,2020-09-29 00:10:00-04:00,1.1674371908343122,SL,0.00018,-1.0,-3.6789,-3678.94
2020-09-29 03:00:00-04:00,SHORT,Bounce,1.16771,1.1679132242565555,1.16602,2020-09-29 03:25:00-04:00,1.1679132242565555,SL,0.000164,-1.0,-1.807,-1806.99
2020-09-29 03:25:00-04:00,SHORT,Bounce,1.16747,1.167929523100288,1.16643,2020-09-29 03:35:00-04:00,1.167929523100288,SL,0.000166,-1.0,-1.3612,-1361.24
2020-09-29 12:55:00-04:00,SHORT,Bounce,1.17367,1.1742386385976036,1.17089,2020-09-29 14:00:00-04:00,1.1742386385976036,SL,0.000164,-1.0,-1.2884,-1288.41
2020-09-29 23:00:00-04:00,SHORT,Breakout,1.17383,1.1741387930108977,1.17353,2020-09-29 23:05:00-04:00,1.17353,TP,0.000172,0.9715,0.4145,414.52
2020-10-02 08:30:00-04:00,SHORT,Bounce,1.17215,1.172615639196726,1.17015,2020-10-02 08:50:00-04:00,1.17015,TP,0.000168,4.2952,3.9344,3934.38
2020-10-06 22:00:00-04:00,LONG,Bounce,1.17307,1.1728772068130786,1.17397,2020-10-06 23:00:00-04:00,1.1728772068130786,SL,0.00016,-1.0,-1.8299,-1829.9
2020-10-08 01:20:00-04:00,LONG,Breakout,1.17733,1.1770651671388,1.17742,2020-10-08 01:35:00-04:00,1.17742,TP,0.000168,0.3398,-0.2945,-294.53
2020-10-08 02:20:00-04:00,LONG,Breakout,1.1773,1.177050257600291,1.1781,2020-10-08 03:05:00-04:00,1.177050257600291,SL,0.000174,-1.0,-1.6967,-1696.72
2020-10-08 08:15:00-04:00,LONG,Breakout,1.1767,1.1764761925594371,1.17808,2020-10-08 08:20:00-04:00,1.1764761925594371,SL,0.000162,-1.0,-1.7238,-1723.84
2020-10-08 18:00:00-04:00,LONG,Breakout,1.17622,1.175913249035579,1.17681,2020-10-08 20:15:00-04:00,1.175913249035579,SL,0.000224,-1.0,-1.7302,-1730.23
2020-10-09 02:30:00-04:00,LONG,Bounce,1.1775,1.1772271506419114,1.17767,2020-10-09 02:40:00-04:00,1.1772271506419114,SL,0.000176,-1.0,-1.645,-1645.04
2020-10-09 04:00:00-04:00,LONG,Breakout,1.17953,1.1775795618988794,1.18069,2020-10-09 06:50:00-04:00,1.18069,TP,0.000158,0.5947,0.5137,513.73
2020-10-09 09:00:00-04:00,LONG,Breakout,1.18105,1.180705413963057,1.18674,2020-10-09 09:45:00-04:00,1.180705413963057,SL,0.000164,-1.0,-1.4759,-1475.93
2020-10-09 10:45:00-04:00,LONG,Breakout,1.18218,1.1816563653731518,1.18674,2020-10-09 10:55:00-04:00,1.1816563653731518,SL,0.000162,-1.0,-1.3094,-1309.38
2020-10-11 20:05:00-04:00,LONG,Bounce,1.18134,1.1809575585945336,1.1827,2020-10-11 21:15:00-04:00,1.1809575585945336,SL,0.000166,-1.0,-1.4341,-1434.05
2020-10-12 08:50:00-04:00,LONG,Breakout,1.18118,1.1807424281033692,1.1822300000000001,2020-10-12 08:55:00-04:00,1.1807424281033692,SL,0.000158,-1.0,-1.3611,-1361.08
2020-10-12 17:50:00-04:00,LONG,Breakout,1.18115,1.1809320031664465,1.18157,2020-10-12 20:00:00-04:00,1.1809320031664465,SL,0.00038,-1.0,-2.7431,-2743.14
2020-10-13 02:00:00-04:00,LONG,Bounce,1.17936,1.179081268133219,1.18046,2020-10-13 02:55:00-04:00,1.179081268133219,SL,0.000166,-1.0,-1.5956,-1595.55
2020-10-13 09:05:00-04:00,LONG,Bounce,1.17831,1.1781680290597158,1.17986,2020-10-13 09:10:00-04:00,1.1781680290597158,SL,0.000168,-1.0,-2.1833,-2183.34
2020-10-13 21:30:00-04:00,LONG,Bounce,1.1741,1.1736611897886366,1.1797900000000001,2020-10-14 03:05:00-04:00,1.1736611897886366,SL,0.000178,-1.0,-1.4056,-1405.64
2020-10-14 03:05:00-04:00,SHORT,Breakout,1.17348,1.1739517244938842,1.17298,2020-10-14 03:15:00-04:00,1.17298,TP,0.000162,1.0599,0.7165,716.52
2020-10-14 10:45:00-04:00,SHORT,Bounce,1.17672,1.1769296212898133,1.17519,2020-10-14 12:15:00-04:00,1.17519,TP,0.00016,7.2989,6.5356,6535.6
2020-10-14 18:40:00-04:00,SHORT,Breakout,1.17402,1.174400028571616,1.17184,2020-10-14 19:00:00-04:00,1.174400028571616,SL,0.000176,-1.0,-1.4631,-1463.12
2020-10-14 20:30:00-04:00,SHORT,Bounce,1.17454,1.1750205355220047,1.1739600000000001,2020-10-14 21:05:00-04:00,1.1750205355220047,SL,0.000168,-1.0,-1.3496,-1349.61
2020-10-14 22:55:00-04:00,SHORT,Retest,1.17428,1.1745000690877458,1.17411,2020-10-14 23:00:00-04:00,1.1745000690877458,SL,0.000178,-1.0,-1.8088,-1808.84
2020-10-16 02:10:00-04:00,SHORT,Bounce,1.17041,1.170541493928708,1.17015,2020-10-16 02:15:00-04:00,1.17015,TP,0.000168,1.9773,0.6997,699.65
2020-10-16 15:50:00-04:00,SHORT,Breakout,1.17129,1.1714876546297384,1.1706,2020-10-18 17:15:00-04:00,1.1714876546297384,SL,0.000172,-1.0,-1.8702,-1870.2
2020-10-19 03:15:00-04:00,SHORT,Bounce,1.17084,1.1713862329004028,1.17016,2020-10-19 03:20:00-04:00,1.1713862329004028,SL,0.000168,-1.0,-1.3076,-1307.56
2020-10-19 10:05:00-04:00,SHORT,Breakout,1.17724,1.1774506203049058,1.17023,2020-10-19 10:10:00-04:00,1.1774506203049058,SL,0.000156,-1.0,-1.7407,-1740.67
2020-10-19 14:40:00-04:00,SHORT,Breakout,1.17708,1.1772546731049245,1.17023,2020-10-19 16:45:00-04:00,1.1772546731049245,SL,0.000162,-1.0,-1.9274,-1927.45
2020-10-20 00:05:00-04:00,LONG,Breakout,1.17765,1.1774938748657537,1.17899,2020-10-20 00:20:00-04:00,1.1774938748657537,SL,0.000168,-1.0,-2.0761,-2076.06
2020-10-20 00:40:00-04:00,LONG,Breakout,1.1776,1.1775005560608973,1.17899,2020-10-20 01:30:00-04:00,1.1775005560608973,SL,0.000168,-1.0,-2.6894,-2689.39
2020-10-20 01:50:00-04:00,LONG,Breakout,1.17781,1.1774954517087037,1.17899,2020-10-20 02:00:00-04:00,1.1774954517087037,SL,0.000168,-1.0,-1.5341,-1534.1
2020-10-20 09:55:00-04:00,LONG,Breakout,1.18187,1.181628591267165,1.18258,2020-10-20 10:00:00-04:00,1.181628591267165,SL,0.00016,-1.0,-1.6628,-1662.78
2020-10-21 02:10:00-04:00,LONG,Breakout,1.18518,1.184841901088307,1.18674,2020-10-21 03:25:00-04:00,1.184841901088307,SL,0.000156,-1.0,-1.4614,-1461.4
2020-10-21 03:50:00-04:00,LONG,Retest,1.18533,1.1848050136093806,1.1862,2020-10-21 03:55:00-04:00,1.1862,TP,0.000164,1.6572,1.3448,1344.8
2020-10-21 03:55:00-04:00,LONG,Breakout,1.18666,1.1860880840658534,1.1871,2020-10-21 04:00:00-04:00,1.1860880840658534,SL,0.000156,-1.0,-1.2728,-1272.77
2020-10-21 08:30:00-04:00,LONG,Breakout,1.1863299999999999,1.185929065085584,1.18695,2020-10-21 08:45:00-04:00,1.185929065085584,SL,0.000156,-1.0,-1.3891,-1389.09
2020-10-22 02:05:00-04:00,LONG,Breakout,1.18507,1.1849742868145434,1.18642,2020-10-22 02:55:00-04:00,1.1849742868145434,SL,0.000174,-1.0,-2.8179,-2817.93
2020-10-22 03:15:00-04:00,LONG,Breakout,1.18514,1.1849364197118626,1.18642,2020-10-22 03:35:00-04:00,1.18642,TP,0.000154,6.2874,5.531,5530.99
2020-10-22 17:35:00-04:00,LONG,Breakout,1.1820599999999999,1.181950276724387,1.18252,2020-10-22 17:40:00-04:00,1.181950276724387,SL,0.000214,-1.0,-2.9504,-2950.36
2020-10-22 18:10:00-04:00,LONG,Retest,1.18205,1.1819466660674416,1.18252,2020-10-22 18:35:00-04:00,1.1819466660674416,SL,0.000188,-1.0,-2.8193,-2819.34
2020-10-23 03:00:00-04:00,LONG,Breakout,1.18038,1.1802192923042265,1.18225,2020-10-23 03:10:00-04:00,1.1802192923042265,SL,0.000158,-1.0,-1.9832,-1983.15
2020-10-23 03:15:00-04:00,LONG,Breakout,1.18038,1.1802046753616564,1.18225,2020-10-23 03:40:00-04:00,1.18225,TP,0.000154,10.6659,9.7876,9787.56
2020-10-23 08:05:00-04:00,LONG,Breakout,1.18557,1.1851965243275382,1.1865999999999999,2020-10-23 08:20:00-04:00,1.1851965243275382,SL,0.000162,-1.0,-1.4338,-1433.76
2020-10-23 09:35:00-04:00,LONG,Bounce,1.1843,1.1839709184826488,1.18593,2020-10-23 09:40:00-04:00,1.1839709184826488,SL,0.00016,-1.0,-1.4862,-1486.2
2020-10-26 03:30:00-04:00,LONG,Breakout,1.18402,1.1835509907721966,1.18436,2020-10-26 03:45:00-04:00,1.18436,TP,0.00017,0.7249,0.3625,362.47
2020-10-26 04:00:00-04:00,LONG,Bounce,1.18297,1.1827348346445459,1.18497,2020-10-26 04:15:00-04:00,1.1827348346445459,SL,0.00016,-1.0,-1.6804,-1680.37
2020-10-26 19:45:00-04:00,LONG,Bounce,1.18085,1.1805372429540588,1.18255,2020-10-27 01:00:00-04:00,1.18255,TP,0.000186,5.4355,4.8408,4840.82
2020-10-27 01:00:00-04:00,LONG,Breakout,1.18263,1.1823881393872369,1.18271,2020-10-27 01:10:00-04:00,1.18271,TP,0.000168,0.3308,-0.3638,-363.85
2020-10-27 09:05:00-04:00,LONG,Breakout,1.18349,1.183164919331441,1.1846700000000001,2020-10-27 09:10:00-04:00,1.183164919331441,SL,0.000156,-1.0,-1.4799,-1479.88
2020-10-27 09:50:00-04:00,LONG,Breakout,1.18336,1.1831549576345524,1.1846700000000001,2020-10-27 10:10:00-04:00,1.1831549576345524,SL,0.000158,-1.0,-1.7706,-1770.57
2020-10-27 21:15:00-04:00,LONG,Breakout,1.17834,1.1780903288487856,1.18151,2020-10-27 21:45:00-04:00,1.1780903288487856,SL,0.000162,-1.0,-1.6489,-1648.85
2020-10-29 03:00:00-04:00,SHORT,Breakout,1.17452,1.1748922679727238,1.17197,2020-10-29 03:15:00-04:00,1.1748922679727238,SL,0.000164,-1.0,-1.4405,-1440.54
2020-10-29 20:20:00-04:00,SHORT,Bounce,1.16716,1.1674945072872178,1.16672,2020-10-29 20:50:00-04:00,1.1674945072872178,SL,0.000166,-1.0,-1.4963,-1496.25
2020-10-30 11:30:00-04:00,SHORT,Breakout,1.16708,1.1675831303463633,1.16637,2020-10-30 11:40:00-04:00,1.16637,TP,0.00016,1.4112,1.0932,1093.16
2020-11-01 19:20:00-05:00,SHORT,Breakout,1.16402,1.1641363918421284,1.16217,2020-11-01 19:50:00-05:00,1.1641363918421284,SL,0.000162,-1.0,-2.3919,-2391.85
2020-11-02 03:00:00-05:00,SHORT,Breakout,1.16256,1.1630204343207433,1.16217,2020-11-02 03:05:00-05:00,1.1630204343207433,SL,0.00016,-1.0,-1.3475,-1347.5
2020-11-02 03:40:00-05:00,SHORT,Retest,1.16248,1.1630294205435991,1.16144,2020-11-02 03:50:00-05:00,1.1630294205435991,SL,0.000168,-1.0,-1.3058,-1305.78
2020-11-03 01:00:00-05:00,SHORT,Bounce,1.16535,1.1654280292195187,1.16483,2020-11-03 01:05:00-05:00,1.1654280292195187,SL,0.000162,-1.0,-3.0761,-3076.15
2020-11-04 05:55:00-05:00,SHORT,Bounce,1.16922,1.1696200135558474,1.16273,2020-11-04 06:00:00-05:00,1.1696200135558474,SL,0.000162,-1.0,-1.405,-1404.99
2020-11-06 01:40:00-05:00,LONG,Breakout,1.18278,1.1825642277089996,1.18324,2020-11-06 01:50:00-05:00,1.1825642277089996,SL,0.000162,-1.0,-1.7508,-1750.79
2020-11-06 02:00:00-05:00,LONG,Retest,1.18291,1.1825643472927099,1.18324,2020-11-06 02:10:00-05:00,1.18324,TP,0.000168,0.9547,0.4687,468.68
2020-11-06 08:50:00-05:00,LONG,Breakout,1.18852,1.1881896330166537,1.18996,2020-11-06 09:05:00-05:00,1.1881896330166537,SL,0.000156,-1.0,-1.4722,-1472.2
2020-11-06 09:20:00-05:00,LONG,Bounce,1.18716,1.18593690492475,1.18996,2020-11-06 09:40:00-05:00,1.18593690492475,SL,0.000158,-1.0,-1.1292,-1129.18
2020-11-08 19:25:00-05:00,LONG,Retest,1.1888,1.188486206220562,1.18942,2020-11-08 19:35:00-05:00,1.188486206220562,SL,0.000172,-1.0,-1.5481,-1548.13
2020-11-09 02:05:00-05:00,LONG,Breakout,1.18959,1.1893992056925267,1.18996,2020-11-09 02:10:00-05:00,1.1893992056925267,SL,0.000166,-1.0,-1.87,-1870.05
2020-11-09 07:25:00-05:00,LONG,Breakout,1.18879,1.188220939838833,1.18996,2020-11-09 07:30:00-05:00,1.188220939838833,SL,0.000176,-1.0,-1.3093,-1309.28
2020-11-10 01:45:00-05:00,LONG,Bounce,1.1824,1.1821380561348689,1.18366,2020-11-10 02:35:00-05:00,1.1821380561348689,SL,0.00017,-1.0,-1.649,-1648.99
2020-11-10 03:05:00-05:00,LONG,Bounce,1.18214,1.1817623944988436,1.18366,2020-11-10 03:10:00-05:00,1.1817623944988436,SL,0.000164,-1.0,-1.4343,-1434.32
2020-11-10 09:25:00-05:00,LONG,Breakout,1.18239,1.1817395534484358,1.18424,2020-11-10 09:30:00-05:00,1.1817395534484358,SL,0.000158,-1.0,-1.2429,-1242.91
2020-11-10 19:15:00-05:00,LONG,Breakout,1.18222,1.181950582258636,1.18253,2020-11-10 19:25:00-05:00,1.18253,TP,0.000172,1.1506,0.5122,512.22
2020-11-10 20:10:00-05:00,LONG,Retest,1.18222,1.1819448126407957,1.18333,2020-11-10 20:15:00-05:00,1.1819448126407957,SL,0.000168,-1.0,-1.6105,-1610.49
2020-11-10 20:45:00-05:00,LONG,Breakout,1.18268,1.182490596791705,1.18333,2020-11-10 20:55:00-05:00,1.182490596791705,SL,0.000162,-1.0,-1.8553,-1855.32
2020-11-10 22:10:00-05:00,LONG,Breakout,1.18279,1.1824895134315225,1.18333,2020-11-10 23:15:00-05:00,1.1824895134315225,SL,0.000162,-1.0,-1.5391,-1539.13
2020-11-11 02:00:00-05:00,LONG,Breakout,1.18261,1.182477718334072,1.1832,2020-11-11 02:10:00-05:00,1.182477718334072,SL,0.000164,-1.0,-2.2398,-2239.78
2020-11-11 20:05:00-05:00,LONG,Breakout,1.17814,1.177872870419815,1.17994,2020-11-11 21:05:00-05:00,1.177872870419815,SL,0.00017,-1.0,-1.6364,-1636.4
2020-11-13 01:30:00-05:00,LONG,Breakout,1.18066,1.180538510014229,1.18128,2020-11-13 02:00:00-05:00,1.180538510014229,SL,0.000172,-1.0,-2.4158,-2415.75
2020-11-13 02:30:00-05:00,LONG,Breakout,1.18119,1.1808299858759794,1.18167,2020-11-13 02:50:00-05:00,1.18167,TP,0.000168,1.3333,0.8666,866.63
2020-11-13 03:25:00-05:00,LONG,Retest,1.18123,1.180814312436663,1.1822300000000001,2020-11-13 04:10:00-05:00,1.180814312436663,SL,0.000168,-1.0,-1.4041,-1404.15
2020-11-16 02:50:00-05:00,LONG,Breakout,1.18551,1.185338712002086,1.19191,2020-11-16 02:55:00-05:00,1.185338712002086,SL,0.000164,-1.0,-1.9575,-1957.45
2020-11-16 13:30:00-05:00,LONG,Breakout,1.18456,1.1843977615682717,1.18485,2020-11-16 13:35:00-05:00,1.1843977615682717,SL,0.000164,-1.0,-2.0109,-2010.86
2020-11-16 18:05:00-05:00,LONG,Breakout,1.18573,1.1855538022369667,1.18679,2020-11-16 18:15:00-05:00,1.1855538022369667,SL,0.000162,-1.0,-1.9194,-1919.42
2020-11-17 03:15:00-05:00,LONG,Breakout,1.18601,1.1858398778021098,1.18661,2020-11-17 03:35:00-05:00,1.18661,TP,0.00016,3.5269,2.5864,2586.38
2020-11-17 08:45:00-05:00,LONG,Breakout,1.18911,1.1883691468027389,1.19191,2020-11-17 08:55:00-05:00,1.1883691468027389,SL,0.000154,-1.0,-1.2079,-1207.87
2020-11-17 23:40:00-05:00,LONG,Breakout,1.1867,1.1864980323885863,1.18686,2020-11-17 23:45:00-05:00,1.18686,TP,0.00017,0.7922,-0.0495,-49.51
2020-11-18 10:55:00-05:00,LONG,Breakout,1.18741,1.1871265430720899,1.1877900000000001,2020-11-18 11:05:00-05:00,1.1871265430720899,SL,0.00016,-1.0,-1.5645,-1564.46
2020-11-18 14:00:00-05:00,LONG,Bounce,1.18668,1.1861137251765497,1.18693,2020-11-18 14:25:00-05:00,1.1861137251765497,SL,0.000166,-1.0,-1.2931,-1293.14
2020-11-19 00:35:00-05:00,LONG,Breakout,1.18476,1.1846551090341044,1.18504,2020-11-19 00:40:00-05:00,1.1846551090341044,SL,0.000172,-1.0,-2.6398,-2639.8
2020-11-19 01:25:00-05:00,LONG,Breakout,1.18473,1.1846501373020708,1.18564,2020-11-19 01:30:00-05:00,1.1846501373020708,SL,0.00018,-1.0,-3.2539,-3253.87
2020-11-19 02:05:00-05:00,LONG,Retest,1.18494,1.184644335792102,1.18513,2020-11-19 02:20:00-05:00,1.18513,TP,0.000162,0.6426,0.0947,94.7
2020-11-19 05:15:00-05:00,LONG,Bounce,1.18231,1.182001786443324,1.18514,2020-11-19 05:25:00-05:00,1.182001786443324,SL,0.00016,-1.0,-1.5191,-1519.12
2020-11-19 23:35:00-05:00,LONG,Breakout,1.188,1.1877785145573598,1.18814,2020-11-19 23:40:00-05:00,1.18814,TP,0.000174,0.6321,-0.1535,-153.51
2020-11-23 00:55:00-05:00,LONG,Breakout,1.18759,1.187486277348467,1.18773,2020-11-23 01:00:00-05:00,1.18773,TP,0.000166,1.3498,-0.2507,-250.67
2020-11-23 02:05:00-05:00,LONG,Bounce,1.18767,1.1870319197564676,1.18778,2020-11-23 02:10:00-05:00,1.18778,TP,0.000164,0.1724,-0.0846,-84.63
2020-11-23 15:00:00-05:00,LONG,Breakout,1.18461,1.184437737435095,1.19051,2020-11-23 15:10:00-05:00,1.184437737435095,SL,0.000156,-1.0,-1.9056,-1905.59
2020-11-23 18:15:00-05:00,LONG,Breakout,1.18426,1.1840933794437536,1.18471,2020-11-23 18:20:00-05:00,1.1840933794437536,SL,0.000188,-1.0,-2.1283,-2128.31
2020-11-23 18:20:00-05:00,LONG,Retest,1.18435,1.1840925666263427,1.18471,2020-11-23 18:50:00-05:00,1.1840925666263427,SL,0.000178,-1.0,-1.6914,-1691.44
2020-11-24 01:20:00-05:00,LONG,Breakout,1.18556,1.1853863355190535,1.19051,2020-11-24 01:40:00-05:00,1.1853863355190535,SL,0.000162,-1.0,-1.9328,-1932.83
2020-11-24 03:00:00-05:00,LONG,Breakout,1.18629,1.1855314140332869,1.19051,2020-11-24 08:55:00-05:00,1.1855314140332869,SL,0.00016,-1.0,-1.2109,-1210.92
2020-11-24 14:55:00-05:00,LONG,Breakout,1.18821,1.1880398458023083,1.18856,2020-11-24 15:45:00-05:00,1.18856,TP,0.000164,2.057,1.0931,1093.13
2020-11-24 20:00:00-05:00,LONG,Breakout,1.18966,1.1895042027868792,1.19051,2020-11-24 20:15:00-05:00,1.19051,TP,0.000174,5.4558,4.339,4338.97
2020-11-24 21:05:00-05:00,LONG,Retest,1.18984,1.1894952442433,1.19053,2020-11-24 22:30:00-05:00,1.19053,TP,0.000168,2.0014,1.5141,1514.12
2020-11-24 23:25:00-05:00,LONG,Breakout,1.19088,1.190785210002128,1.19191,2020-11-24 23:30:00-05:00,1.190785210002128,SL,0.000166,-1.0,-2.7512,-2751.24
2020-11-25 02:35:00-05:00,LONG,Breakout,1.19125,1.1908485180881363,1.19191,2020-11-25 02:40:00-05:00,1.1908485180881363,SL,0.000156,-1.0,-1.3886,-1388.56
2020-11-25 03:00:00-05:00,LONG,Breakout,1.19101,1.1908407433147246,1.19191,2020-11-25 03:05:00-05:00,1.1908407433147246,SL,0.000164,-1.0,-1.9689,-1968.94
2020-11-25 10:35:00-05:00,LONG,Breakout,1.1918,1.1913022552095647,1.19289,2020-11-25 10:50:00-05:00,1.1913022552095647,SL,0.000164,-1.0,-1.3295,-1329.49
2020-11-25 19:00:00-05:00,LONG,Breakout,1.19177,1.1916638255116607,1.19232,2020-11-25 19:15:00-05:00,1.19232,TP,0.000174,5.1802,3.5413,3541.34
2020-11-26 00:00:00-05:00,LONG,Bounce,1.19242,1.1920068644828965,1.19276,2020-11-26 01:00:00-05:00,1.19276,TP,0.000164,0.823,0.426,426.01
2020-11-26 02:45:00-05:00,LONG,Breakout,1.19398,1.1937297754512817,1.19653,2020-11-26 02:50:00-05:00,1.1937297754512817,SL,0.00016,-1.0,-1.6394,-1639.43
2020-11-26 10:00:00-05:00,LONG,Breakout,1.19035,1.1900971598862,1.19402,2020-11-26 10:15:00-05:00,1.1900971598862,SL,0.000164,-1.0,-1.6486,-1648.63
2020-11-26 14:35:00-05:00,LONG,Breakout,1.1916,1.1913605039691297,1.19402,2020-11-26 14:55:00-05:00,1.1913605039691297,SL,0.000194,-1.0,-1.81,-1810.03
2020-11-27 03:05:00-05:00,LONG,Breakout,1.19314,1.1927467188271526,1.19402,2020-11-27 03:10:00-05:00,1.1927467188271526,SL,0.000162,-1.0,-1.4119,-1411.92
2020-11-27 14:45:00-05:00,LONG,Breakout,1.19589,1.1955678776876164,1.19653,2020-11-27 14:55:00-05:00,1.1955678776876164,SL,0.000198,-1.0,-1.6147,-1614.67
2020-11-27 15:00:00-05:00,LONG,Breakout,1.19576,1.1955673342856026,1.19653,2020-11-29 17:50:00-05:00,1.19653,TP,0.000196,3.9966,2.9793,2979.25
2020-11-29 17:50:00-05:00,LONG,Breakout,1.19655,1.1961812246574546,1.2010399999999999,2020-11-30 02:00:00-05:00,1.1961812246574546,SL,0.000296,-1.0,-1.8027,-1802.66
2020-11-30 02:15:00-05:00,LONG,Bounce,1.19654,1.1963818971090843,1.19757,2020-11-30 02:25:00-05:00,1.1963818971090843,SL,0.000164,-1.0,-2.0373,-2037.3
2020-11-30 08:20:00-05:00,LONG,Bounce,1.19821,1.1978302194049968,1.19914,2020-11-30 09:00:00-05:00,1.19914,TP,0.00016,2.4488,2.0275,2027.49
2020-11-30 09:35:00-05:00,LONG,Breakout,1.19937,1.1990270730546153,1.2010399999999999,2020-11-30 09:40:00-05:00,1.1990270730546153,SL,0.000158,-1.0,-1.4607,-1460.74
2020-11-30 18:30:00-05:00,LONG,Breakout,1.19352,1.1933241513050008,1.19589,2020-11-30 18:35:00-05:00,1.1933241513050008,SL,0.00018,-1.0,-1.9191,-1919.08
2020-12-01 02:00:00-05:00,LONG,Bounce,1.1959,1.19547933184587,1.20026,2020-12-01 10:15:00-05:00,1.20026,TP,0.000168,10.3645,9.9651,9965.1
2020-12-02 07:00:00-05:00,LONG,Bounce,1.20511,1.2044069530488317,1.20639,2020-12-02 07:30:00-05:00,1.2044069530488317,SL,0.000156,-1.0,-1.2219,-1221.89
2020-12-02 07:35:00-05:00,LONG,Bounce,1.20427,1.2040608050981099,1.20639,2020-12-02 07:40:00-05:00,1.2040608050981099,SL,0.000166,-1.0,-1.7935,-1793.52
2020-12-02 09:40:00-05:00,LONG,Breakout,1.2079900000000001,1.2076587928898,1.20867,2020-12-02 09:45:00-05:00,1.2076587928898,SL,0.00016,-1.0,-1.4831,-1483.08
2020-12-02 09:55:00-05:00,LONG,Retest,1.20817,1.2076587295841437,1.20867,2020-12-02 10:00:00-05:00,1.20867,TP,0.000162,0.978,0.6611,661.1
2020-12-02 14:20:00-05:00,LONG,Breakout,1.2101,1.2097557589991255,1.21076,2020-12-02 14:25:00-05:00,1.2097557589991255,SL,0.000164,-1.0,-1.4764,-1476.41
2020-12-02 14:30:00-05:00,LONG,Breakout,1.21001,1.2097534656676134,1.21076,2020-12-02 14:35:00-05:00,1.2097534656676134,SL,0.00017,-1.0,-1.6627,-1662.68
2020-12-02 14:55:00-05:00,LONG,Breakout,1.2099,1.2097564491285722,1.21076,2020-12-02 15:00:00-05:00,1.2097564491285722,SL,0.000172,-1.0,-2.1982,-2198.18
2020-12-03 20:45:00-05:00,LONG,Bounce,1.21437,1.2139468098048307,1.2153100000000001,2020-12-03 21:05:00-05:00,1.2139468098048307,SL,0.000174,-1.0,-1.4112,-1411.16
2020-12-04 00:55:00-05:00,LONG,Breakout,1.21492,1.2146377152763115,1.2153100000000001,2020-12-04 01:15:00-05:00,1.2153100000000001,TP,0.000168,1.3816,0.7864,786.44
2020-12-04 03:10:00-05:00,LONG,Breakout,1.21615,1.2158712620158096,1.21737,2020-12-04 03:20:00-05:00,1.2158712620158096,SL,0.000162,-1.0,-1.5812,-1581.19
2020-12-04 04:00:00-05:00,LONG,Breakout,1.21632,1.2158548789104324,1.21737,2020-12-04 05:20:00-05:00,1.2158548789104324,SL,0.000158,-1.0,-1.3397,-1339.7
2020-12-04 05:30:00-05:00,LONG,Retest,1.2163599999999999,1.215848801249349,1.21737,2020-12-04 05:40:00-05:00,1.21737,TP,0.000164,1.9757,1.6549,1654.93
2020-12-07 09:30:00-05:00,LONG,Breakout,1.21445,1.2138329666960632,1.2151,2020-12-07 09:40:00-05:00,1.2151,TP,0.00016,1.0534,0.7941,794.12
2020-12-08 00:40:00-05:00,LONG,Breakout,1.2117,1.2115123592414034,1.21289,2020-12-08 01:35:00-05:00,1.2115123592414034,SL,0.000164,-1.0,-1.874,-1874.01
2020-12-08 08:20:00-05:00,LONG,Breakout,1.21277,1.2121201472562138,1.2133099999999999,2020-12-08 08:35:00-05:00,1.2121201472562138,SL,0.000162,-1.0,-1.2493,-1249.29
2020-12-08 18:05:00-05:00,LONG,Breakout,1.21082,1.2105834187716196,1.21164,2020-12-08 18:30:00-05:00,1.2105834187716196,SL,0.000192,-1.0,-1.8116,-1811.56
2020-12-09 00:55:00-05:00,LONG,Breakout,1.21303,1.2128139326267613,1.21329,2020-12-09 01:00:00-05:00,1.21329,TP,0.000172,1.2033,0.4073,407.28
2020-12-09 02:40:00-05:00,LONG,Retest,1.21308,1.2127897699703052,1.21466,2020-12-09 02:55:00-05:00,1.2127897699703052,SL,0.000168,-1.0,-1.5789,-1578.85
2020-12-10 07:45:00-05:00,LONG,Breakout,1.2113,1.210670945983727,1.21228,2020-12-10 07:50:00-05:00,1.210670945983727,SL,0.000174,-1.0,-1.2766,-1276.61
2020-12-10 07:55:00-05:00,LONG,Breakout,1.21103,1.2106532850573972,1.21228,2020-12-10 08:05:00-05:00,1.21228,TP,0.000158,3.3182,2.8987,2898.74
2020-12-10 08:30:00-05:00,LONG,Breakout,1.21198,1.2106326907879084,1.21357,2020-12-10 09:05:00-05:00,1.2106326907879084,SL,0.000168,-1.0,-1.1247,-1124.69
2020-12-10 19:00:00-05:00,LONG,Breakout,1.21449,1.214357755213931,1.21581,2020-12-10 19:10:00-05:00,1.214357755213931,SL,0.00018,-1.0,-2.3611,-2361.11
2020-12-10 19:10:00-05:00,LONG,Breakout,1.21448,1.2143574930160936,1.21581,2020-12-10 19:15:00-05:00,1.2143574930160936,SL,0.000178,-1.0,-2.453,-2452.98
2020-12-10 20:00:00-05:00,LONG,Breakout,1.21506,1.2145298455286155,1.21581,2020-12-10 20:20:00-05:00,1.21581,TP,0.000166,1.4147,1.1016,1101.57
2020-12-11 01:25:00-05:00,LONG,Breakout,1.216,1.2159012558814077,1.21654,2020-12-11 01:30:00-05:00,1.2159012558814077,SL,0.000174,-1.0,-2.7621,-2762.13
2020-12-14 00:35:00-05:00,LONG,Breakout,1.21363,1.2132617393611242,1.21416,2020-12-14 01:00:00-05:00,1.21416,TP,0.000176,1.4392,0.9613,961.28
2020-12-14 07:35:00-05:00,LONG,Breakout,1.2168,1.2158784206194968,1.21709,2020-12-14 07:45:00-05:00,1.2158784206194968,SL,0.00016,-1.0,-1.1736,-1173.61
2020-12-14 08:00:00-05:00,LONG,Breakout,1.21612,1.21587901786286,1.21709,2020-12-14 08:10:00-05:00,1.21587901786286,SL,0.000168,-1.0,-1.6971,-1697.15
2020-12-14 08:55:00-05:00,LONG,Breakout,1.21707,1.216862567116236,1.21767,2020-12-14 09:00:00-05:00,1.216862567116236,SL,0.00016,-1.0,-1.7713,-1771.33
2020-12-15 23:55:00-05:00,LONG,Breakout,1.21639,1.2162668182601026,1.2168,2020-12-16 00:00:00-05:00,1.2162668182601026,SL,0.000178,-1.0,-2.445,-2445.02
2020-12-16 02:05:00-05:00,LONG,Breakout,1.21672,1.2163933216730674,1.2175799999999999,2020-12-16 02:45:00-05:00,1.2163933216730674,SL,0.000168,-1.0,-1.5143,-1514.27
2020-12-16 02:50:00-05:00,LONG,Breakout,1.2166,1.216376804465508,1.2175799999999999,2020-12-16 02:55:00-05:00,1.216376804465508,SL,0.00016,-1.0,-1.7169,-1716.86
2020-12-16 08:15:00-05:00,LONG,Bounce,1.2189,1.2184724343905853,1.21999,2020-12-16 08:25:00-05:00,1.2184724343905853,SL,0.000164,-1.0,-1.3836,-1383.57
2020-12-16 12:50:00-05:00,LONG,Bounce,1.2168,1.2165471626314641,1.22054,2020-12-16 14:00:00-05:00,1.2165471626314641,SL,0.000164,-1.0,-1.6486,-1648.64
2020-12-16 14:00:00-05:00,LONG,Bounce,1.21696,1.216088068916292,1.22054,2020-12-16 14:05:00-05:00,1.216088068916292,SL,0.000168,-1.0,-1.1927,-1192.68
2020-12-16 20:15:00-05:00,LONG,Breakout,1.22024,1.2200547247998914,1.22054,2020-12-16 20:20:00-05:00,1.22054,TP,0.000168,1.6192,0.7125,712.45
2020-12-16 21:15:00-05:00,LONG,Retest,1.22045,1.2200590473987163,1.22078,2020-12-16 21:25:00-05:00,1.22078,TP,0.000182,0.8441,0.3786,378.56
2020-12-17 19:00:00-05:00,LONG,Bounce,1.22621,1.2260507507044143,1.22717,2020-12-17 19:20:00-05:00,1.2260507507044143,SL,0.000172,-1.0,-2.0801,-2080.07
2020-12-18 03:25:00-05:00,LONG,Breakout,1.22596,1.225444034172942,1.22717,2020-12-18 03:40:00-05:00,1.225444034172942,SL,0.000166,-1.0,-1.3217,-1321.73
2020-12-18 08:10:00-05:00,LONG,Breakout,1.2258,1.2256161324794261,1.22717,2020-12-18 08:20:00-05:00,1.2256161324794261,SL,0.000158,-1.0,-1.8593,-1859.31
2020-12-18 15:45:00-05:00,LONG,Breakout,1.22456,1.2241940440993684,1.2268,2020-12-20 17:15:00-05:00,1.2241940440993684,SL,0.000166,-1.0,-1.4536,-1453.61
2020-12-21 01:45:00-05:00,LONG,Breakout,1.21947,1.2190402170314636,1.2225,2020-12-21 02:20:00-05:00,1.2190402170314636,SL,0.000168,-1.0,-1.3909,-1390.89
2020-12-22 02:30:00-05:00,LONG,Breakout,1.22257,1.2224112508798717,1.22289,2020-12-22 02:35:00-05:00,1.2224112508798717,SL,0.00017,-1.0,-2.0709,-2070.87
2020-12-22 05:00:00-05:00,LONG,Bounce,1.22096,1.220416003074502,1.22252,2020-12-22 05:45:00-05:00,1.22252,TP,0.000166,2.8677,2.5625,2562.51
2020-12-22 18:10:00-05:00,LONG,Breakout,1.21683,1.2165731965643762,1.21776,2020-12-22 18:40:00-05:00,1.21776,TP,0.000194,3.6214,2.866,2866.01
2020-12-22 20:00:00-05:00,LONG,Bounce,1.21645,1.2157448406927192,1.21868,2020-12-22 22:55:00-05:00,1.21868,TP,0.000168,3.1624,2.9242,2924.16
2020-12-23 02:05:00-05:00,LONG,Breakout,1.21891,1.2188224864434412,1.21912,2020-12-23 02:10:00-05:00,1.2188224864434412,SL,0.000168,-1.0,-2.9197,-2919.7
2020-12-23 02:15:00-05:00,LONG,Breakout,1.2192,1.2188179296374568,1.2256,2020-12-23 03:00:00-05:00,1.2188179296374568,SL,0.000166,-1.0,-1.4345,-1434.47
2020-12-23 09:30:00-05:00,LONG,Breakout,1.22092,1.219529961648955,1.2256,2020-12-23 10:45:00-05:00,1.219529961648955,SL,0.00016,-1.0,-1.1151,-1115.1
2020-12-24 00:55:00-05:00,LONG,Bounce,1.22041,1.220067465204295,1.2214800000000001,2020-12-24 03:40:00-05:00,1.220067465204295,SL,0.000184,-1.0,-1.5372,-1537.17
2020-12-28 00:35:00-05:00,LONG,Breakout,1.22174,1.22147183012832,1.22202,2020-12-28 00:40:00-05:00,1.22147183012832,SL,0.000178,-1.0,-1.6638,-1663.76
2020-12-28 00:45:00-05:00,LONG,Retest,1.22161,1.2214705167943167,1.22202,2020-12-28 00:55:00-05:00,1.22202,TP,0.000168,2.9394,1.735,1734.98
2020-12-28 02:40:00-05:00,LONG,Breakout,1.22271,1.2225486584854928,1.2256,2020-12-28 02:50:00-05:00,1.2225486584854928,SL,0.00017,-1.0,-2.0537,-2053.67
2020-12-28 02:55:00-05:00,LONG,Breakout,1.22302,1.2225467706605786,1.2256,2020-12-28 03:10:00-05:00,1.2225467706605786,SL,0.000164,-1.0,-1.3466,-1346.56
2020-12-29 02:05:00-05:00,LONG,Breakout,1.22454,1.2241868299327385,1.22496,2020-12-29 02:30:00-05:00,1.22496,TP,0.000168,1.1892,0.7135,713.54
2020-12-29 03:05:00-05:00,LONG,Breakout,1.22464,1.224160886179877,1.2256,2020-12-29 03:25:00-05:00,1.2256,TP,0.000166,2.0037,1.6572,1657.23
2020-12-29 04:00:00-05:00,LONG,Retest,1.22457,1.224154419153783,1.2268,2020-12-29 04:05:00-05:00,1.224154419153783,SL,0.000168,-1.0,-1.4043,-1404.25
2020-12-29 07:35:00-05:00,LONG,Breakout,1.22594,1.2255148326592182,1.2268,2020-12-29 07:45:00-05:00,1.2255148326592182,SL,0.000166,-1.0,-1.3904,-1390.43
2020-12-29 08:15:00-05:00,LONG,Retest,1.22574,1.2255306911527486,1.2268,2020-12-29 08:20:00-05:00,1.2255306911527486,SL,0.00017,-1.0,-1.8122,-1812.2
2020-12-29 18:00:00-05:00,LONG,Breakout,1.22558,1.2251150827051058,1.22578,2020-12-29 18:05:00-05:00,1.22578,TP,0.000222,0.4302,-0.0473,-47.32
2020-12-29 19:20:00-05:00,LONG,Breakout,1.2259,1.2257568147301945,1.22742,2020-12-29 19:25:00-05:00,1.2257568147301945,SL,0.000168,-1.0,-2.1733,-2173.31
2020-12-29 19:40:00-05:00,LONG,Breakout,1.22618,1.2257531172300367,1.22742,2020-12-29 19:50:00-05:00,1.22742,TP,0.000178,2.9048,2.4878,2487.8
2020-12-30 02:00:00-05:00,LONG,Bounce,1.22828,1.2280361643318958,1.229,2020-12-30 02:05:00-05:00,1.2280361643318958,SL,0.000174,-1.0,-1.7136,-1713.6
2020-12-30 07:55:00-05:00,LONG,Breakout,1.22887,1.228298208340431,1.2294,2020-12-30 08:05:00-05:00,1.228298208340431,SL,0.00016,-1.0,-1.2798,-1279.82
2020-12-30 08:45:00-05:00,LONG,Retest,1.2286299999999999,1.2282863192999856,1.22927,2020-12-30 09:00:00-05:00,1.22927,TP,0.000166,1.8622,1.3792,1379.19
2020-12-30 19:30:00-05:00,LONG,Breakout,1.23042,1.2302985471461274,1.23089,2020-12-30 19:40:00-05:00,1.2302985471461274,SL,0.000176,-1.0,-2.4491,-2449.12
2020-12-30 20:00:00-05:00,LONG,Retest,1.2306,1.230297633450169,1.23089,2020-12-30 20:05:00-05:00,1.230297633450169,SL,0.000188,-1.0,-1.6218,-1621.76
2020-12-31 00:30:00-05:00,LONG,Breakout,1.2295099999999999,1.2292541289862293,1.23083,2020-12-31 00:40:00-05:00,1.2292541289862293,SL,0.00018,-1.0,-1.7035,-1703.48
2020-12-31 02:15:00-05:00,LONG,Breakout,1.22993,1.2295639460312082,1.23083,2020-12-31 02:35:00-05:00,1.2295639460312082,SL,0.000172,-1.0,-1.4699,-1469.88
2020-12-31 02:50:00-05:00,LONG,Breakout,1.22976,1.2295590868799917,1.23083,2020-12-31 02:55:00-05:00,1.2295590868799917,SL,0.00018,-1.0,-1.8959,-1895.91
2021-01-03 18:05:00-05:00,LONG,Breakout,1.22357,1.2231327941434422,1.22864,2021-01-04 04:15:00-05:00,1.22864,TP,0.000224,11.5964,11.084,11084.02
2021-01-04 07:55:00-05:00,LONG,Breakout,1.23024,1.2298935347760134,1.23083,2021-01-04 08:05:00-05:00,1.2298935347760134,SL,0.000164,-1.0,-1.4734,-1473.35
2021-01-04 09:55:00-05:00,LONG,Bounce,1.22882,1.2284043119694126,1.23089,2021-01-04 10:00:00-05:00,1.2284043119694126,SL,0.00016,-1.0,-1.3849,-1384.9
2021-01-05 03:15:00-05:00,LONG,Breakout,1.22757,1.227258476993136,1.23087,2021-01-05 03:20:00-05:00,1.227258476993136,SL,0.000166,-1.0,-1.5329,-1532.87
2021-01-05 04:35:00-05:00,LONG,Retest,1.22764,1.227251921080138,1.23087,2021-01-05 04:50:00-05:00,1.227251921080138,SL,0.000166,-1.0,-1.4277,-1427.75
2021-01-05 07:55:00-05:00,LONG,Bounce,1.22717,1.2266605767046657,1.22898,2021-01-05 08:25:00-05:00,1.2266605767046657,SL,0.000174,-1.0,-1.3416,-1341.56
2021-01-05 23:20:00-05:00,LONG,Breakout,1.23019,1.2293192770425017,1.23254,2021-01-05 23:45:00-05:00,1.2293192770425017,SL,0.000158,-1.0,-1.1815,-1181.46
2021-01-06 14:50:00-05:00,LONG,Bounce,1.23049,1.2294149937904735,1.23167,2021-01-06 15:05:00-05:00,1.23167,TP,0.000172,1.0977,0.9377,937.67
2021-01-06 15:05:00-05:00,LONG,Breakout,1.23282,1.2315240464131452,1.23485,2021-01-07 00:25:00-05:00,1.2315240464131452,SL,0.000158,-1.0,-1.1219,-1121.92
2021-01-07 02:45:00-05:00,LONG,Bounce,1.23112,1.2305913797769423,1.23306,2021-01-07 03:05:00-05:00,1.2305913797769423,SL,0.000164,-1.0,-1.3102,-1310.24
2021-01-08 00:20:00-05:00,LONG,Breakout,1.22664,1.226353187132343,1.22715,2021-01-08 00:25:00-05:00,1.226353187132343,SL,0.000172,-1.0,-1.5997,-1599.69
2021-01-08 01:20:00-05:00,LONG,Retest,1.22648,1.2263532123440088,1.22674,2021-01-08 01:25:00-05:00,1.2263532123440088,SL,0.000174,-1.0,-2.3724,-2372.37
2021-01-08 08:40:00-05:00,LONG,Breakout,1.22708,1.2251333667992312,1.22763,2021-01-08 08:45:00-05:00,1.22763,TP,0.000158,0.2825,0.2014,201.37
2021-01-08 09:45:00-05:00,LONG,Retest,1.22576,1.2250955885883004,1.22839,2021-01-08 09:50:00-05:00,1.2250955885883004,SL,0.000158,-1.0,-1.2378,-1237.8
2021-01-11 13:45:00-05:00,SHORT,Breakout,1.21637,1.2165461135082172,1.21314,2021-01-11 13:50:00-05:00,1.2165461135082172,SL,0.000168,-1.0,-1.9539,-1953.93
2021-01-11 14:55:00-05:00,SHORT,Breakout,1.21614,1.2162828040906466,1.21314,2021-01-11 15:00:00-05:00,1.2162828040906466,SL,0.000168,-1.0,-2.1764,-2176.44
2021-01-11 20:20:00-05:00,SHORT,Breakout,1.21461,1.21485610617974,1.21314,2021-01-11 20:55:00-05:00,1.21485610617974,SL,0.000176,-1.0,-1.7151,-1715.14
2021-01-11 21:00:00-05:00,SHORT,Breakout,1.2146,1.2148581170702881,1.21314,2021-01-11 22:35:00-05:00,1.2148581170702881,SL,0.00017,-1.0,-1.6586,-1658.62
2021-01-11 23:40:00-05:00,SHORT,Breakout,1.21384,1.2140116646571615,1.21314,2021-01-11 23:45:00-05:00,1.2140116646571615,SL,0.000172,-1.0,-2.002,-2001.95
2021-01-12 19:35:00-05:00,SHORT,Bounce,1.2208,1.2209443184209157,1.21997,2021-01-12 19:40:00-05:00,1.2209443184209157,SL,0.000186,-1.0,-2.2888,-2288.82
2021-01-12 22:20:00-05:00,SHORT,Bounce,1.22142,1.2215777001245005,1.22041,2021-01-12 22:25:00-05:00,1.2215777001245005,SL,0.000176,-1.0,-2.116,-2116.04
2021-01-14 02:05:00-05:00,SHORT,Breakout,1.2138200000000001,1.2143067978199602,1.21346,2021-01-14 02:10:00-05:00,1.2143067978199602,SL,0.000172,-1.0,-1.3533,-1353.33
2021-01-14 02:50:00-05:00,SHORT,Breakout,1.21385,1.2143209821024845,1.21346,2021-01-14 02:55:00-05:00,1.2143209821024845,SL,0.000158,-1.0,-1.3355,-1335.47
2021-01-14 07:55:00-05:00,SHORT,Breakout,1.21286,1.2136561562633457,1.21203,2021-01-14 08:00:00-05:00,1.21203,TP,0.000166,1.0425,0.834,834.01
2021-01-14 20:00:00-05:00,SHORT,Bounce,1.2151,1.215720534118401,1.21492,2021-01-14 20:10:00-05:00,1.21492,TP,0.000174,0.2901,0.0097,9.67
2021-01-15 00:20:00-05:00,SHORT,Breakout,1.21389,1.2143052091050037,1.21112,2021-01-15 01:05:00-05:00,1.2143052091050037,SL,0.00017,-1.0,-1.4094,-1409.43
2021-01-15 01:05:00-05:00,SHORT,Retest,1.21396,1.214312954175604,1.21112,2021-01-15 02:15:00-05:00,1.214312954175604,SL,0.00017,-1.0,-1.4816,-1481.65
2021-01-15 03:00:00-05:00,SHORT,Breakout,1.21256,1.2133851747770326,1.21112,2021-01-15 04:00:00-05:00,1.2133851747770326,SL,0.000166,-1.0,-1.2012,-1201.17
2021-01-15 09:05:00-05:00,SHORT,Breakout,1.21111,1.2114135106425963,1.2095799999999999,2021-01-15 09:30:00-05:00,1.2114135106425963,SL,0.00017,-1.0,-1.5601,-1560.11
2021-01-15 14:55:00-05:00,SHORT,Breakout,1.20759,1.2077263905098792,1.20732,2021-01-15 15:00:00-05:00,1.2077263905098792,SL,0.00017,-1.0,-2.2464,-2246.42
2021-01-17 18:35:00-05:00,SHORT,Breakout,1.2074799999999999,1.2076081334612843,1.20732,2021-01-17 18:40:00-05:00,1.2076081334612843,SL,0.000184,-1.0,-2.436,-2436.0
2021-01-17 18:45:00-05:00,SHORT,Retest,1.2070400000000001,1.207616931402842,1.206,2021-01-17 19:35:00-05:00,1.207616931402842,SL,0.000186,-1.0,-1.3224,-1322.4
2021-01-18 14:45:00-05:00,SHORT,Bounce,1.20789,1.2080601205799544,1.20699,2021-01-18 14:50:00-05:00,1.2080601205799544,SL,0.000194,-1.0,-2.1404,-2140.37
2021-01-18 14:50:00-05:00,SHORT,Bounce,1.20788,1.2080602548242434,1.20699,2021-01-18 19:05:00-05:00,1.2080602548242434,SL,0.000172,-1.0,-1.9542,-1954.2
2021-01-19 02:20:00-05:00,SHORT,Breakout,1.20849,1.209056740568576,1.2073,2021-01-19 02:25:00-05:00,1.209056740568576,SL,0.000162,-1.0,-1.2858,-1285.85
2021-01-19 02:30:00-05:00,SHORT,Breakout,1.20889,1.209061761000456,1.2073,2021-01-19 02:35:00-05:00,1.209061761000456,SL,0.000166,-1.0,-1.9665,-1966.46
2021-01-20 03:30:00-05:00,SHORT,Breakout,1.21338,1.2139654261751498,1.21262,2021-01-20 04:05:00-05:00,1.21262,TP,0.000164,1.2982,1.0181,1018.06
2021-01-20 07:15:00-05:00,SHORT,Breakout,1.2105,1.2113233455878711,1.2102,2021-01-20 07:45:00-05:00,1.2102,TP,0.000168,0.3644,0.1603,160.32
2021-01-20 09:50:00-05:00,SHORT,Breakout,1.20771,1.209587563140677,1.2073,2021-01-20 10:10:00-05:00,1.209587563140677,SL,0.000158,-1.0,-1.0842,-1084.15
2021-01-20 15:40:00-05:00,SHORT,Breakout,1.20987,1.2100655114043108,1.20917,2021-01-20 15:50:00-05:00,1.2100655114043108,SL,0.000182,-1.0,-1.9309,-1930.89
2021-01-21 00:25:00-05:00,SHORT,Bounce,1.2132100000000001,1.2133047682361213,1.21221,2021-01-21 00:35:00-05:00,1.2133047682361213,SL,0.000182,-1.0,-2.9205,-2920.47
2021-01-21 02:55:00-05:00,SHORT,Breakout,1.21188,1.212698525893454,1.21084,2021-01-21 03:05:00-05:00,1.212698525893454,SL,0.000168,-1.0,-1.2052,-1205.25
2021-01-21 18:10:00-05:00,SHORT,Bounce,1.21681,1.2169704926868983,1.21556,2021-01-21 19:05:00-05:00,1.2169704926868983,SL,0.000186,-1.0,-2.1589,-2158.93
2021-01-21 20:15:00-05:00,SHORT,Breakout,1.21628,1.2164472844961565,1.21556,2021-01-21 20:25:00-05:00,1.2164472844961565,SL,0.000176,-1.0,-2.0521,-2052.1
2021-01-26 11:50:00-05:00,SHORT,Breakout,1.21432,1.2154192126312067,1.21198,2021-01-26 12:00:00-05:00,1.2154192126312067,SL,0.000162,-1.0,-1.1474,-1147.38
2021-01-26 12:15:00-05:00,SHORT,Retest,1.21497,1.2154190657119777,1.21198,2021-01-26 12:30:00-05:00,1.2154190657119777,SL,0.000176,-1.0,-1.3919,-1391.92
2021-01-28 02:25:00-05:00,SHORT,Breakout,1.20844,1.208699105739538,1.20815,2021-01-28 02:30:00-05:00,1.208699105739538,SL,0.000172,-1.0,-1.6638,-1663.82
2021-01-28 08:30:00-05:00,SHORT,Breakout,1.20937,1.2096357429683307,1.20798,2021-01-28 08:35:00-05:00,1.2096357429683307,SL,0.000174,-1.0,-1.6548,-1654.77
2021-01-29 00:55:00-05:00,SHORT,Bounce,1.20987,1.2101665795122767,1.20873,2021-01-29 01:15:00-05:00,1.2101665795122767,SL,0.00018,-1.0,-1.6069,-1606.92
2021-01-29 02:25:00-05:00,SHORT,Bounce,1.21001,1.2101739289669455,1.20935,2021-01-29 02:35:00-05:00,1.2101739289669455,SL,0.000172,-1.0,-2.0492,-2049.23
2021-02-01 02:05:00-05:00,SHORT,Breakout,1.21223,1.2125564452699125,1.2119,2021-02-01 02:15:00-05:00,1.2125564452699125,SL,0.000174,-1.0,-1.533,-1533.01
2021-02-01 02:20:00-05:00,SHORT,Breakout,1.21238,1.2125605882864423,1.2119,2021-02-01 02:30:00-05:00,1.2125605882864423,SL,0.000174,-1.0,-1.9635,-1963.52
2021-02-01 02:35:00-05:00,SHORT,Breakout,1.21246,1.212565167808059,1.2119,2021-02-01 02:40:00-05:00,1.212565167808059,SL,0.000174,-1.0,-2.6545,-2654.5
2021-02-01 03:20:00-05:00,SHORT,Retest,1.21206,1.2125935997919832,1.20963,2021-02-01 03:55:00-05:00,1.20963,TP,0.000176,4.554,4.2241,4224.14
2021-02-01 15:35:00-05:00,SHORT,Breakout,1.20588,1.2061327686685697,1.20526,2021-02-01 15:50:00-05:00,1.2061327686685697,SL,0.000174,-1.0,-1.6884,-1688.38
2021-02-02 09:50:00-05:00,SHORT,Breakout,1.2024,1.2026564830505684,1.19743,2021-02-02 09:55:00-05:00,1.2026564830505684,SL,0.000162,-1.0,-1.6316,-1631.62
2021-02-02 12:05:00-05:00,SHORT,Retest,1.20212,1.2026398466005765,1.19743,2021-02-02 15:45:00-05:00,1.2026398466005765,SL,0.00017,-1.0,-1.327,-1327.02
2021-02-02 20:00:00-05:00,SHORT,Bounce,1.20416,1.2045530525542607,1.20351,2021-02-02 20:10:00-05:00,1.2045530525542607,SL,0.000182,-1.0,-1.463,-1463.04
2021-02-03 01:10:00-05:00,SHORT,Breakout,1.20376,1.203874211352482,1.20351,2021-02-03 01:15:00-05:00,1.203874211352482,SL,0.000174,-1.0,-2.5235,-2523.49
2021-02-03 03:15:00-05:00,SHORT,Breakout,1.20313,1.2039243919976093,1.20164,2021-02-03 03:30:00-05:00,1.2039243919976093,SL,0.00017,-1.0,-1.214,-1214.0
2021-02-03 03:45:00-05:00,SHORT,Retest,1.20356,1.2039245602578417,1.20269,2021-02-03 04:00:00-05:00,1.20269,TP,0.000178,2.3864,1.8982,1898.18
2021-02-03 04:00:00-05:00,SHORT,Breakout,1.20203,1.2027871599440518,1.20164,2021-02-03 04:05:00-05:00,1.20164,TP,0.000164,0.5151,0.2985,298.48
2021-02-03 04:40:00-05:00,SHORT,Retest,1.20262,1.2027959665097814,1.19743,2021-02-03 04:50:00-05:00,1.2027959665097814,SL,0.000166,-1.0,-1.9434,-1943.36
2021-02-03 07:15:00-05:00,SHORT,Breakout,1.20055,1.2012136201739136,1.19743,2021-02-03 07:20:00-05:00,1.2012136201739136,SL,0.000162,-1.0,-1.2441,-1244.12
2021-02-03 07:55:00-05:00,SHORT,Breakout,1.20097,1.2012223229445163,1.19743,2021-02-03 08:00:00-05:00,1.2012223229445163,SL,0.000164,-1.0,-1.65,-1649.96
2021-02-04 00:00:00-05:00,SHORT,Breakout,1.2014,1.2016271809577304,1.2003300000000001,2021-02-04 00:55:00-05:00,1.2016271809577304,SL,0.00017,-1.0,-1.7483,-1748.3
2021-02-04 20:05:00-05:00,SHORT,Breakout,1.19619,1.196303205805358,1.19575,2021-02-04 20:10:00-05:00,1.196303205805358,SL,0.00017,-1.0,-2.5017,-2501.69
2021-02-04 21:30:00-05:00,SHORT,Retest,1.19616,1.1962971935541533,1.19575,2021-02-04 21:40:00-05:00,1.19575,TP,0.000178,2.9885,1.691,1691.04
2021-02-07 19:55:00-05:00,SHORT,Breakout,1.20315,1.203548278393816,1.19804,2021-02-07 20:05:00-05:00,1.203548278393816,SL,0.000164,-1.0,-1.4118,-1411.77
2021-02-07 20:05:00-05:00,SHORT,Retest,1.2031399999999999,1.2035488522885454,1.19804,2021-02-07 20:55:00-05:00,1.2035488522885454,SL,0.000174,-1.0,-1.4256,-1425.58
2021-02-08 00:10:00-05:00,SHORT,Bounce,1.20386,1.2039530541308903,1.2029,2021-02-08 00:15:00-05:00,1.2039530541308903,SL,0.000178,-1.0,-2.9129,-2912.87
2021-02-08 03:25:00-05:00,SHORT,Breakout,1.20298,1.203211891729165,1.19804,2021-02-08 03:30:00-05:00,1.203211891729165,SL,0.000166,-1.0,-1.7159,-1715.85
2021-02-08 08:55:00-05:00,SHORT,Bounce,1.20368,1.203915355921054,1.20189,2021-02-08 09:00:00-05:00,1.203915355921054,SL,0.000164,-1.0,-1.6968,-1696.82
2021-02-08 20:10:00-05:00,SHORT,Bounce,1.20556,1.2057197773656747,1.20437,2021-02-08 20:15:00-05:00,1.2057197773656747,SL,0.000178,-1.0,-2.1141,-2114.05
2021-02-10 02:15:00-05:00,LONG,Bounce,1.21262,1.2124972008603845,1.2129,2021-02-10 02:20:00-05:00,1.2129,TP,0.000172,2.2801,0.8795,879.48
2021-02-10 03:10:00-05:00,LONG,Bounce,1.21269,1.2121388451936557,1.21357,2021-02-10 03:35:00-05:00,1.21357,TP,0.000172,1.5966,1.2846,1284.58
2021-02-10 07:45:00-05:00,LONG,Bounce,1.2113800000000001,1.2112628215917487,1.21299,2021-02-10 07:50:00-05:00,1.2112628215917487,SL,0.000166,-1.0,-2.4166,-2416.64
2021-02-10 07:50:00-05:00,LONG,Bounce,1.21156,1.2112633343351953,1.21299,2021-02-10 08:30:00-05:00,1.21299,TP,0.000172,4.8202,4.2405,4240.46
2021-02-10 08:30:00-05:00,LONG,Breakout,1.21326,1.2129008883432586,1.21431,2021-02-10 08:55:00-05:00,1.2129008883432586,SL,0.000154,-1.0,-1.4288,-1428.84
2021-02-10 19:15:00-05:00,LONG,Bounce,1.21174,1.2115106920159657,1.21376,2021-02-10 19:30:00-05:00,1.2115106920159657,SL,0.000182,-1.0,-1.7937,-1793.69
2021-02-10 23:00:00-05:00,LONG,Breakout,1.21223,1.2120993849419281,1.21376,2021-02-10 23:55:00-05:00,1.2120993849419281,SL,0.00018,-1.0,-2.3781,-2378.1
2021-02-11 10:05:00-05:00,LONG,Retest,1.21375,1.2134088176197177,1.21485,2021-02-11 10:45:00-05:00,1.2134088176197177,SL,0.000168,-1.0,-1.4924,-1492.41
2021-02-11 15:20:00-05:00,LONG,Breakout,1.21335,1.2131614657240914,1.21485,2021-02-11 16:15:00-05:00,1.2131614657240914,SL,0.000182,-1.0,-1.9653,-1965.34
2021-02-12 02:10:00-05:00,LONG,Bounce,1.21233,1.2120711306330083,1.2131,2021-02-12 02:45:00-05:00,1.2120711306330083,SL,0.00017,-1.0,-1.6567,-1656.7
2021-02-12 10:50:00-05:00,LONG,Breakout,1.21173,1.211285996085869,1.2131,2021-02-12 15:10:00-05:00,1.211285996085869,SL,0.00016,-1.0,-1.3604,-1360.36
2021-02-15 03:10:00-05:00,LONG,Breakout,1.21433,1.213893052763455,1.21485,2021-02-15 03:25:00-05:00,1.213893052763455,SL,0.000168,-1.0,-1.3845,-1384.49
2021-02-15 09:10:00-05:00,LONG,Bounce,1.21234,1.2122389917805154,1.21328,2021-02-15 09:15:00-05:00,1.2122389917805154,SL,0.00017,-1.0,-2.683,-2683.03
2021-02-15 09:35:00-05:00,LONG,Bounce,1.2124,1.212241538379029,1.21328,2021-02-15 09:45:00-05:00,1.212241538379029,SL,0.00017,-1.0,-2.0728,-2072.81
2021-02-15 19:05:00-05:00,LONG,Breakout,1.21337,1.2132317458261752,1.21372,2021-02-15 19:25:00-05:00,1.21372,TP,0.00017,2.5316,1.3019,1301.95
2021-02-16 03:25:00-05:00,LONG,Breakout,1.21422,1.2140430214915752,1.21496,2021-02-16 03:30:00-05:00,1.21496,TP,0.00017,4.1813,3.2207,3220.73
2021-02-16 15:45:00-05:00,LONG,Breakout,1.21163,1.211439909770905,1.21229,2021-02-16 15:50:00-05:00,1.211439909770905,SL,0.00017,-1.0,-1.8943,-1894.31
2021-02-18 18:05:00-05:00,SHORT,Bounce,1.20933,1.2093979454474557,1.20848,2021-02-18 18:10:00-05:00,1.2093979454474557,SL,0.000178,-1.0,-3.6197,-3619.75
2021-02-18 18:35:00-05:00,SHORT,Bounce,1.20932,1.2093921737349138,1.20848,2021-02-18 19:55:00-05:00,1.2093921737349138,SL,0.000174,-1.0,-3.4108,-3410.85
2021-02-18 21:05:00-05:00,SHORT,Breakout,1.20851,1.2087246709157362,1.20838,2021-02-18 21:10:00-05:00,1.20838,TP,0.00017,0.6056,-0.1863,-186.33
2021-02-23 03:10:00-05:00,LONG,Bounce,1.21643,1.216090428868165,1.2181899999999999,2021-02-23 03:25:00-05:00,1.216090428868165,SL,0.0002,-1.0,-1.589,-1588.98
2021-02-23 10:25:00-05:00,LONG,Breakout,1.21582,1.2155924632962463,1.21792,2021-02-23 10:50:00-05:00,1.2155924632962463,SL,0.0002,-1.0,-1.879,-1878.98
2021-02-23 18:30:00-05:00,LONG,Breakout,1.2153,1.2151589628994193,1.21566,2021-02-23 18:45:00-05:00,1.2151589628994193,SL,0.0002,-1.0,-2.4181,-2418.07
2021-02-23 20:25:00-05:00,LONG,Breakout,1.21574,1.2151407612841245,1.21654,2021-02-23 21:50:00-05:00,1.2151407612841245,SL,0.0002,-1.0,-1.3338,-1333.76
2021-02-23 22:10:00-05:00,LONG,Retest,1.21548,1.2151565793864747,1.21651,2021-02-23 22:35:00-05:00,1.2151565793864747,SL,0.0002,-1.0,-1.6184,-1618.39
2021-02-24 03:30:00-05:00,LONG,Breakout,1.2168700000000001,1.2164077895252385,1.21792,2021-02-24 03:35:00-05:00,1.2164077895252385,SL,0.0002,-1.0,-1.4327,-1432.7
2021-02-24 04:25:00-05:00,LONG,Retest,1.21694,1.2164044472095972,1.21737,2021-02-24 04:35:00-05:00,1.2164044472095972,SL,0.0002,-1.0,-1.3734,-1373.45
2021-02-24 20:25:00-05:00,LONG,Bounce,1.2160199999999999,1.2158856462826926,1.21704,2021-02-24 20:40:00-05:00,1.2158856462826926,SL,0.000202,-1.0,-2.5035,-2503.49
2021-02-25 02:55:00-05:00,LONG,Breakout,1.21861,1.217999167674493,1.21886,2021-02-25 03:00:00-05:00,1.21886,TP,0.0002,0.4093,0.0819,81.86
2021-02-25 08:30:00-05:00,LONG,Bounce,1.22241,1.2221098052445825,1.2235800000000001,2021-02-25 08:50:00-05:00,1.2221098052445825,SL,0.0002,-1.0,-1.6662,-1666.23
2021-03-01 03:00:00-05:00,SHORT,Breakout,1.20723,1.2074560807182524,1.20691,2021-03-01 03:05:00-05:00,1.20691,TP,0.0002,1.4154,0.5308,530.78
2021-03-01 09:05:00-05:00,SHORT,Bounce,1.20491,1.2056081049061842,1.20367,2021-03-01 09:10:00-05:00,1.2056081049061842,SL,0.0002,-1.0,-1.2865,-1286.49
2021-03-01 10:00:00-05:00,SHORT,Breakout,1.2034799999999999,1.2040407578834869,1.20272,2021-03-01 10:10:00-05:00,1.20272,TP,0.0002,1.3553,0.9986,998.65
2021-03-01 10:15:00-05:00,SHORT,Retest,1.20331,1.2040480565123983,1.2022599999999999,2021-03-01 10:20:00-05:00,1.2040480565123983,SL,0.0002,-1.0,-1.271,-1270.98
2021-03-01 15:00:00-05:00,SHORT,Bounce,1.20452,1.2046841323204827,1.20317,2021-03-01 15:15:00-05:00,1.2046841323204827,SL,0.0002,-1.0,-2.2185,-2218.53
2021-03-01 19:50:00-05:00,SHORT,Breakout,1.20403,1.2041678135295697,1.20317,2021-03-01 20:20:00-05:00,1.20317,TP,0.0002,6.2403,4.7891,4789.08
2021-03-01 21:50:00-05:00,SHORT,Breakout,1.20167,1.2026851176649294,1.19804,2021-03-02 06:10:00-05:00,1.2026851176649294,SL,0.0002,-1.0,-1.197,-1197.02
2021-03-02 17:35:00-05:00,SHORT,Breakout,1.20825,1.208537073183188,1.2080899999999999,2021-03-02 17:55:00-05:00,1.2080899999999999,TP,0.000276,0.5573,-0.4041,-404.08
2021-03-04 03:40:00-05:00,SHORT,Breakout,1.20383,1.204357143402934,1.2034,2021-03-04 04:20:00-05:00,1.2034,TP,0.0002,0.8157,0.4363,436.31
2021-03-04 10:15:00-05:00,SHORT,Breakout,1.2024,1.2027734570736572,1.20188,2021-03-04 10:25:00-05:00,1.2027734570736572,SL,0.0002,-1.0,-1.5355,-1535.54
2021-03-04 12:15:00-05:00,SHORT,Bounce,1.20352,1.204280009608417,1.20211,2021-03-04 12:20:00-05:00,1.20211,TP,0.0002,1.8552,1.5921,1592.09
2021-03-04 12:25:00-05:00,SHORT,Breakout,1.2015500000000001,1.2022606307337882,1.19905,2021-03-04 12:55:00-05:00,1.19905,TP,0.0002,3.518,3.2366,3236.56
2021-03-04 17:55:00-05:00,SHORT,Bounce,1.19732,1.1974792821326297,1.19644,2021-03-04 18:05:00-05:00,1.19644,TP,0.000304,5.5248,3.6162,3616.22
2021-03-05 02:20:00-05:00,SHORT,Breakout,1.19533,1.1954936239841674,1.19229,2021-03-05 02:25:00-05:00,1.1954936239841674,SL,0.0002,-1.0,-2.2223,-2222.31
2021-03-05 02:30:00-05:00,SHORT,Breakout,1.19535,1.195497890067981,1.19229,2021-03-05 02:35:00-05:00,1.195497890067981,SL,0.0002,-1.0,-2.3524,-2352.36
2021-03-05 02:45:00-05:00,SHORT,Breakout,1.19529,1.1955087822446626,1.19229,2021-03-05 02:50:00-05:00,1.1955087822446626,SL,0.0002,-1.0,-1.9142,-1914.15
2021-03-05 03:00:00-05:00,SHORT,Breakout,1.19413,1.1948245242680482,1.19229,2021-03-05 03:45:00-05:00,1.19229,TP,0.0002,2.6493,2.3613,2361.33
2021-03-05 08:30:00-05:00,SHORT,Breakout,1.19063,1.1923332182058821,1.1884299999999999,2021-03-05 08:45:00-05:00,1.1923332182058821,SL,0.0002,-1.0,-1.1174,-1117.42
2021-03-05 08:50:00-05:00,SHORT,Breakout,1.19196,1.1923499321422897,1.1884299999999999,2021-03-05 08:55:00-05:00,1.1923499321422897,SL,0.0002,-1.0,-1.5129,-1512.91
2021-03-05 08:55:00-05:00,SHORT,Retest,1.19169,1.1923482227035547,1.1884299999999999,2021-03-05 09:00:00-05:00,1.1923482227035547,SL,0.0002,-1.0,-1.3038,-1303.85
2021-03-05 09:20:00-05:00,SHORT,Bounce,1.19395,1.1944128628329547,1.18918,2021-03-05 09:25:00-05:00,1.1944128628329547,SL,0.0002,-1.0,-1.4321,-1432.09
2021-03-07 21:25:00-05:00,SHORT,Breakout,1.19134,1.1919192353742425,1.19065,2021-03-07 21:40:00-05:00,1.19065,TP,0.0002,1.1912,0.8459,845.94
2021-03-08 01:55:00-05:00,SHORT,Breakout,1.18913,1.1898390171956599,1.1884299999999999,2021-03-08 02:20:00-05:00,1.1884299999999999,TP,0.0002,0.9873,0.7052,705.2
2021-03-08 07:00:00-05:00,SHORT,Breakout,1.18616,1.1865293290155532,1.18404,2021-03-08 07:15:00-05:00,1.1865293290155532,SL,0.0002,-1.0,-1.5415,-1541.52
2021-03-08 09:45:00-05:00,SHORT,Bounce,1.18777,1.1880697925697077,1.18556,2021-03-08 10:00:00-05:00,1.1880697925697077,SL,0.0002,-1.0,-1.6671,-1667.13
2021-03-08 19:30:00-05:00,SHORT,Breakout,1.1838899999999999,1.184379879683229,1.18332,2021-03-08 20:00:00-05:00,1.184379879683229,SL,0.0002,-1.0,-1.4083,-1408.26
2021-03-09 00:55:00-05:00,SHORT,Breakout,1.18529,1.1854702627541471,1.18346,2021-03-09 01:00:00-05:00,1.1854702627541471,SL,0.0002,-1.0,-2.1095,-2109.49
2021-03-09 19:05:00-05:00,SHORT,Breakout,1.18906,1.1892089446594778,1.18823,2021-03-09 19:50:00-05:00,1.1892089446594778,SL,0.0002,-1.0,-2.3428,-2342.78
2021-03-09 20:30:00-05:00,SHORT,Breakout,1.18874,1.1892208585992912,1.18823,2021-03-09 21:00:00-05:00,1.18823,TP,0.0002,1.0606,0.6447,644.68
2021-03-10 20:00:00-05:00,SHORT,Breakout,1.19177,1.1918900470778384,1.18851,2021-03-10 20:05:00-05:00,1.1918900470778384,SL,0.0002,-1.0,-2.666,-2666.01
2021-03-11 00:00:00-05:00,SHORT,Breakout,1.19262,1.1926898339350538,1.19147,2021-03-11 00:05:00-05:00,1.1926898339350538,SL,0.0002,-1.0,-3.8639,-3863.94
2021-03-11 00:25:00-05:00,SHORT,Retest,1.19252,1.1926861470578627,1.19147,2021-03-11 00:50:00-05:00,1.1926861470578627,SL,0.0002,-1.0,-2.2038,-2203.75
2021-03-11 01:00:00-05:00,SHORT,Breakout,1.19205,1.1924334308357,1.19147,2021-03-11 01:35:00-05:00,1.1924334308357,SL,0.0002,-1.0,-1.5216,-1521.61
2021-03-11 07:45:00-05:00,SHORT,Breakout,1.1955,1.1956677758687821,1.19178,2021-03-11 08:10:00-05:00,1.1956677758687821,SL,0.0002,-1.0,-2.1921,-2192.07
2021-03-11 20:35:00-05:00,SHORT,Bounce,1.1985999999999999,1.198703391262982,1.1979,2021-03-11 21:05:00-05:00,1.1979,TP,0.0002,6.7704,4.836,4836.0
2021-03-12 01:00:00-05:00,SHORT,Breakout,1.19577,1.195931365322383,1.19271,2021-03-12 04:15:00-05:00,1.19271,TP,0.0002,18.9632,17.7238,17723.76
2021-03-14 18:30:00-04:00,SHORT,Breakout,1.19431,1.194722877024336,1.19104,2021-03-14 19:00:00-04:00,1.194722877024336,SL,0.000212,-1.0,-1.5135,-1513.47
2021-03-14 22:25:00-04:00,SHORT,Breakout,1.1947,1.1949504437884753,1.19439,2021-03-14 22:30:00-04:00,1.1949504437884753,SL,0.0002,-1.0,-1.7986,-1798.58
2021-03-15 03:45:00-04:00,SHORT,Breakout,1.19183,1.1925265813723396,1.19104,2021-03-15 04:00:00-04:00,1.1925265813723396,SL,0.0002,-1.0,-1.2871,-1287.12
2021-03-15 08:20:00-04:00,SHORT,Bounce,1.19301,1.1933948931172031,1.19183,2021-03-15 09:10:00-04:00,1.19183,TP,0.0002,3.0658,2.5462,2546.16
2021-03-15 09:10:00-04:00,SHORT,Breakout,1.19187,1.1920745216242525,1.19104,2021-03-15 09:15:00-04:00,1.1920745216242525,SL,0.0002,-1.0,-1.9779,-1977.89
2021-03-15 20:55:00-04:00,SHORT,Breakout,1.19219,1.192371721567637,1.19204,2021-03-15 21:05:00-04:00,1.192371721567637,SL,0.0002,-1.0,-2.1006,-2100.58
2021-03-16 03:05:00-04:00,SHORT,Breakout,1.19201,1.1921713101413403,1.19183,2021-03-16 03:10:00-04:00,1.19183,TP,0.0002,1.1159,-0.124,-123.98
2021-03-16 03:15:00-04:00,SHORT,Breakout,1.19201,1.192172833744319,1.19101,2021-03-16 03:35:00-04:00,1.192172833744319,SL,0.0002,-1.0,-2.2282,-2228.25
2021-03-16 03:45:00-04:00,SHORT,Breakout,1.19203,1.1921764137735156,1.19101,2021-03-16 03:50:00-04:00,1.1921764137735156,SL,0.0002,-1.0,-2.366,-2365.99
2021-03-16 03:55:00-04:00,SHORT,Breakout,1.19153,1.1921819077945108,1.19101,2021-03-16 04:05:00-04:00,1.1921819077945108,SL,0.0002,-1.0,-1.3068,-1306.79
2021-03-16 17:35:00-04:00,SHORT,Breakout,1.19005,1.1901373933947892,1.18812,2021-03-16 17:40:00-04:00,1.1901373933947892,SL,0.00028,-1.0,-4.2039,-4203.9
2021-03-17 03:40:00-04:00,SHORT,Breakout,1.18953,1.1896405110400574,1.18916,2021-03-17 03:55:00-04:00,1.18916,TP,0.0002,3.3481,1.5383,1538.31
2021-03-18 03:40:00-04:00,SHORT,Breakout,1.19458,1.195531761400784,1.18958,2021-03-19 05:55:00-04:00,1.18958,TP,0.0002,5.2534,5.0433,5043.28
2021-03-19 09:25:00-04:00,SHORT,Breakout,1.18804,1.1890824204550796,1.18709,2021-03-19 11:35:00-04:00,1.1890824204550796,SL,0.0002,-1.0,-1.1919,-1191.86
2021-03-19 12:00:00-04:00,SHORT,Bounce,1.19054,1.190915451212899,1.18728,2021-03-19 13:10:00-04:00,1.190915451212899,SL,0.0002,-1.0,-1.5327,-1532.69
2021-03-21 21:10:00-04:00,SHORT,Breakout,1.18785,1.1881199293791633,1.18728,2021-03-21 21:30:00-04:00,1.1881199293791633,SL,0.000202,-1.0,-1.7483,-1748.34
2021-03-22 02:00:00-04:00,SHORT,Breakout,1.1891,1.1892258141461518,1.1874,2021-03-22 02:05:00-04:00,1.1892258141461518,SL,0.000202,-1.0,-2.6055,-2605.54
2021-03-22 02:10:00-04:00,SHORT,Breakout,1.1888,1.1892299009729574,1.1874,2021-03-22 03:05:00-04:00,1.1874,TP,0.0002,3.2566,2.7913,2791.34
2021-03-22 04:20:00-04:00,SHORT,Retest,1.18874,1.1892790433969316,1.18733,2021-03-22 04:30:00-04:00,1.1892790433969316,SL,0.0002,-1.0,-1.371,-1371.03
2021-03-22 20:25:00-04:00,SHORT,Breakout,1.19289,1.1930032752372786,1.19122,2021-03-22 20:30:00-04:00,1.1930032752372786,SL,0.000198,-1.0,-2.748,-2747.95
2021-03-23 01:25:00-04:00,SHORT,Breakout,1.19213,1.192234624459611,1.19122,2021-03-23 01:45:00-04:00,1.192234624459611,SL,0.0002,-1.0,-2.9116,-2911.6
2021-03-23 02:15:00-04:00,SHORT,Retest,1.19213,1.192239604992674,1.19122,2021-03-23 02:20:00-04:00,1.192239604992674,SL,0.0002,-1.0,-2.8247,-2824.73
2021-03-23 09:25:00-04:00,SHORT,Breakout,1.18736,1.1877179520154055,1.18709,2021-03-23 09:30:00-04:00,1.18709,TP,0.0002,0.7543,0.1956,195.56
2021-03-23 09:30:00-04:00,SHORT,Retest,1.18713,1.1877216697285908,1.18677,2021-03-23 09:40:00-04:00,1.1877216697285908,SL,0.0002,-1.0,-1.338,-1338.03
2021-03-23 19:45:00-04:00,SHORT,Breakout,1.18398,1.1841731328717722,1.18346,2021-03-23 20:05:00-04:00,1.1841731328717722,SL,0.0002,-1.0,-2.0356,-2035.56
2021-03-24 01:20:00-04:00,SHORT,Breakout,1.184,1.1841326499926803,1.18387,2021-03-24 01:30:00-04:00,1.1841326499926803,SL,0.0002,-1.0,-2.5077,-2507.73
2021-03-24 03:20:00-04:00,SHORT,Breakout,1.18252,1.1833328168724646,1.17988,2021-03-24 05:15:00-04:00,1.1833328168724646,SL,0.0002,-1.0,-1.2461,-1246.06
2021-03-24 09:30:00-04:00,SHORT,Breakout,1.1815,1.1818763809580575,1.18113,2021-03-24 09:40:00-04:00,1.1818763809580575,SL,0.0002,-1.0,-1.5314,-1531.38
2021-03-24 11:45:00-04:00,SHORT,Bounce,1.1831800000000001,1.1836457922324237,1.18133,2021-03-24 15:55:00-04:00,1.18133,TP,0.0002,3.9717,3.5424,3542.35
2021-03-24 18:20:00-04:00,SHORT,Breakout,1.1808,1.180914197459393,1.17988,2021-03-24 18:25:00-04:00,1.180914197459393,SL,0.0002,-1.0,-2.7514,-2751.35
2021-03-24 20:15:00-04:00,SHORT,Bounce,1.18119,1.1814370131711385,1.18078,2021-03-24 20:35:00-04:00,1.1814370131711385,SL,0.000202,-1.0,-1.8178,-1817.77
2021-03-24 21:30:00-04:00,SHORT,Breakout,1.18053,1.1810021867321725,1.17988,2021-03-24 21:45:00-04:00,1.1810021867321725,SL,0.0002,-1.0,-1.4236,-1423.56
2021-03-25 02:00:00-04:00,SHORT,Breakout,1.18146,1.1818089290473968,1.18031,2021-03-25 02:15:00-04:00,1.1818089290473968,SL,0.0002,-1.0,-1.5732,-1573.18
2021-03-25 02:25:00-04:00,SHORT,Retest,1.18137,1.1818153284063098,1.18031,2021-03-25 02:50:00-04:00,1.1818153284063098,SL,0.0002,-1.0,-1.4491,-1449.11
2021-03-25 03:10:00-04:00,SHORT,Breakout,1.18105,1.181383476625118,1.18031,2021-03-25 03:20:00-04:00,1.181383476625118,SL,0.0002,-1.0,-1.5997,-1599.74
2021-03-25 08:40:00-04:00,SHORT,Breakout,1.17911,1.1801390490369816,1.17863,2021-03-25 09:00:00-04:00,1.1801390490369816,SL,0.0002,-1.0,-1.1944,-1194.35
2021-03-26 00:30:00-04:00,SHORT,Breakout,1.17747,1.1775794666098178,1.17706,2021-03-26 01:00:00-04:00,1.1775794666098178,SL,0.000202,-1.0,-2.8453,-2845.31
2021-03-26 03:45:00-04:00,SHORT,Bounce,1.17816,1.1786307879325038,1.17736,2021-03-26 03:50:00-04:00,1.1786307879325038,SL,0.0002,-1.0,-1.4248,-1424.82
2021-03-26 11:55:00-04:00,SHORT,Bounce,1.17956,1.1797351999075079,1.1777,2021-03-26 12:10:00-04:00,1.1797351999075079,SL,0.0002,-1.0,-2.1416,-2141.55
2021-03-26 16:00:00-04:00,SHORT,Bounce,1.17971,1.179945407278322,1.17831,2021-03-28 20:35:00-04:00,1.17831,TP,0.0002,5.9471,5.0975,5097.55
2021-03-29 01:50:00-04:00,SHORT,Breakout,1.17736,1.1774492511985255,1.17719,2021-03-29 01:55:00-04:00,1.1774492511985255,SL,0.0002,-1.0,-3.2409,-3240.87
2021-03-29 04:15:00-04:00,SHORT,Breakout,1.17666,1.17729517613868,1.17611,2021-03-29 04:25:00-04:00,1.17729517613868,SL,0.0002,-1.0,-1.3149,-1314.87
2021-03-29 06:40:00-04:00,SHORT,Retest,1.17707,1.1772757466846078,1.17619,2021-03-29 06:50:00-04:00,1.1772757466846078,SL,0.0002,-1.0,-1.9721,-1972.07
2021-03-29 17:50:00-04:00,SHORT,Bounce,1.17655,1.1770624461860237,1.17617,2021-03-29 18:10:00-04:00,1.1770624461860237,SL,0.000236,-1.0,-1.4605,-1460.54
2021-03-29 20:10:00-04:00,SHORT,Breakout,1.17639,1.1765368101842042,1.17617,2021-03-29 20:15:00-04:00,1.1765368101842042,SL,0.000202,-1.0,-2.3759,-2375.93
2021-03-30 00:15:00-04:00,SHORT,Breakout,1.17614,1.176328076872136,1.17578,2021-03-30 00:35:00-04:00,1.176328076872136,SL,0.0002,-1.0,-2.0634,-2063.39
2021-03-30 02:25:00-04:00,SHORT,Breakout,1.17551,1.175964499613209,1.17448,2021-03-30 02:45:00-04:00,1.17448,TP,0.000198,2.2662,1.8306,1830.58
2021-03-30 06:55:00-04:00,SHORT,Retest,1.17313,1.1735506173759453,1.17268,2021-03-30 07:30:00-04:00,1.1735506173759453,SL,0.0002,-1.0,-1.4755,-1475.49
2021-03-30 07:35:00-04:00,SHORT,Breakout,1.17309,1.173549405513485,1.17268,2021-03-30 07:50:00-04:00,1.173549405513485,SL,0.0002,-1.0,-1.4353,-1435.35
2021-03-31 14:55:00-04:00,SHORT,Breakout,1.1724700000000001,1.1728557541223958,1.17202,2021-03-31 15:10:00-04:00,1.1728557541223958,SL,0.0002,-1.0,-1.5185,-1518.46
2021-03-31 15:20:00-04:00,SHORT,Retest,1.17258,1.17285163507275,1.17202,2021-03-31 15:50:00-04:00,1.17202,TP,0.0002,2.0616,1.3253,1325.31
2021-04-01 00:45:00-04:00,SHORT,Breakout,1.17178,1.1720903364047028,1.17036,2021-04-01 02:20:00-04:00,1.1720903364047028,SL,0.000198,-1.0,-1.638,-1638.02
2021-04-01 02:40:00-04:00,SHORT,Bounce,1.17217,1.172692315854573,1.17036,2021-04-01 02:55:00-04:00,1.172692315854573,SL,0.0002,-1.0,-1.3829,-1382.91
2021-04-01 16:55:00-04:00,SHORT,Bounce,1.17761,1.1777776567491627,1.17655,2021-04-01 18:00:00-04:00,1.1777776567491627,SL,0.000193,-1.0,-2.1482,-2148.18
2021-04-01 20:30:00-04:00,SHORT,Breakout,1.17722,1.1774848132079732,1.17655,2021-04-01 22:35:00-04:00,1.1774848132079732,SL,0.00021,-1.0,-1.793,-1793.01
2021-04-02 03:05:00-04:00,SHORT,Breakout,1.17698,1.177519573440684,1.17682,2021-04-02 03:15:00-04:00,1.177519573440684,SL,0.000202,-1.0,-1.3744,-1374.37
2021-04-02 07:25:00-04:00,SHORT,Breakout,1.17719,1.1774949350057375,1.1768399999999999,2021-04-02 07:30:00-04:00,1.1774949350057375,SL,0.000202,-1.0,-1.6624,-1662.44
2021-04-02 07:45:00-04:00,SHORT,Retest,1.17734,1.1774919453534691,1.1768399999999999,2021-04-02 08:00:00-04:00,1.1774919453534691,SL,0.000198,-1.0,-2.3031,-2303.1
2021-04-04 18:45:00-04:00,SHORT,Bounce,1.17625,1.1764033996407994,1.17519,2021-04-04 19:30:00-04:00,1.1764033996407994,SL,0.000204,-1.0,-2.3299,-2329.86
2021-04-05 03:00:00-04:00,SHORT,Breakout,1.17442,1.174621595572124,1.17377,2021-04-05 03:05:00-04:00,1.174621595572124,SL,0.0002,-1.0,-1.9921,-1992.09
2021-04-05 03:45:00-04:00,SHORT,Breakout,1.17411,1.1746359733321852,1.17377,2021-04-05 04:05:00-04:00,1.1746359733321852,SL,0.000202,-1.0,-1.384,-1384.05
2021-04-05 07:45:00-04:00,SHORT,Bounce,1.17556,1.1756548862922511,1.17368,2021-04-05 07:55:00-04:00,1.1756548862922511,SL,0.000202,-1.0,-3.1289,-3128.86
2021-04-05 21:55:00-04:00,SHORT,Breakout,1.18096,1.1810898355825703,1.18067,2021-04-05 22:20:00-04:00,1.18067,TP,0.000202,2.2336,0.6778,677.78
2021-04-06 20:30:00-04:00,SHORT,Breakout,1.18677,1.186967104581551,1.18659,2021-04-06 20:40:00-04:00,1.186967104581551,SL,0.000202,-1.0,-2.0248,-2024.84
2021-04-06 20:50:00-04:00,SHORT,Breakout,1.1869,1.186969283109998,1.18659,2021-04-06 20:55:00-04:00,1.186969283109998,SL,0.000202,-1.0,-3.9156,-3915.57
2021-04-06 22:55:00-04:00,SHORT,Breakout,1.18662,1.1867877761359795,1.18365,2021-04-06 23:05:00-04:00,1.1867877761359795,SL,0.000202,-1.0,-2.204,-2203.99
2021-04-07 02:10:00-04:00,LONG,Bounce,1.18689,1.186386942546491,1.1877,2021-04-07 02:30:00-04:00,1.1877,TP,0.0002,1.6102,1.2126,1212.59
2021-04-07 02:30:00-04:00,LONG,Breakout,1.18788,1.1876337787919182,1.1893799999999999,2021-04-07 02:40:00-04:00,1.1876337787919182,SL,0.0002,-1.0,-1.8123,-1812.28
2021-04-07 03:00:00-04:00,LONG,Breakout,1.18778,1.1876154826712881,1.1893799999999999,2021-04-07 03:10:00-04:00,1.1876154826712881,SL,0.0002,-1.0,-2.2157,-2215.68
2021-04-07 08:15:00-04:00,LONG,Bounce,1.18808,1.1875365137442446,1.18974,2021-04-07 10:10:00-04:00,1.18974,TP,0.0002,3.0544,2.6864,2686.36
2021-04-07 10:10:00-04:00,LONG,Breakout,1.18988,1.1896303672758708,1.19309,2021-04-07 10:15:00-04:00,1.1896303672758708,SL,0.0002,-1.0,-1.8012,-1801.18
2021-04-07 20:10:00-04:00,LONG,Breakout,1.18727,1.187182094225343,1.18737,2021-04-07 20:15:00-04:00,1.187182094225343,SL,0.000198,-1.0,-3.2524,-3252.41
2021-04-08 01:00:00-04:00,LONG,Breakout,1.18735,1.1872520094847674,1.18846,2021-04-08 01:55:00-04:00,1.1872520094847674,SL,0.0002,-1.0,-3.041,-3041.01
2021-04-08 02:05:00-04:00,LONG,Bounce,1.18716,1.1868089434238323,1.18846,2021-04-08 02:35:00-04:00,1.1868089434238323,SL,0.0002,-1.0,-1.5697,-1569.71
2021-04-08 02:55:00-04:00,LONG,Breakout,1.1880600000000001,1.1879526661675237,1.18846,2021-04-08 03:00:00-04:00,1.1879526661675237,SL,0.0002,-1.0,-2.8633,-2863.35
2021-04-08 03:05:00-04:00,LONG,Breakout,1.18848,1.1879410233791403,1.19137,2021-04-08 03:45:00-04:00,1.1879410233791403,SL,0.0002,-1.0,-1.3711,-1371.07
2021-04-08 09:50:00-04:00,LONG,Breakout,1.19048,1.1892668893449834,1.19137,2021-04-08 10:55:00-04:00,1.1892668893449834,SL,0.00023,-1.0,-1.1896,-1189.6
2021-04-08 20:50:00-04:00,LONG,Breakout,1.19177,1.191690962174754,1.19262,2021-04-08 20:55:00-04:00,1.191690962174754,SL,0.00023,-1.0,-3.91,-3910.0
2021-04-09 07:50:00-04:00,LONG,Breakout,1.18983,1.1893602339822824,1.19066,2021-04-09 07:55:00-04:00,1.1893602339822824,SL,0.00023,-1.0,-1.4896,-1489.61
2021-04-13 03:30:00-04:00,LONG,Breakout,1.19017,1.1898535282136056,1.19147,2021-04-13 04:00:00-04:00,1.1898535282136056,SL,0.00023,-1.0,-1.7268,-1726.76
2021-04-13 08:00:00-04:00,LONG,Bounce,1.18932,1.1890816777426154,1.19026,2021-04-13 08:05:00-04:00,1.1890816777426154,SL,0.00023,-1.0,-1.9651,-1965.08
2021-04-13 08:35:00-04:00,LONG,Breakout,1.19136,1.1901133815306721,1.19179,2021-04-13 08:40:00-04:00,1.19179,TP,0.00023,0.3449,0.1604,160.43
2021-04-13 13:05:00-04:00,LONG,Breakout,1.19429,1.194108764826885,1.19457,2021-04-13 13:10:00-04:00,1.194108764826885,SL,0.00023,-1.0,-2.2691,-2269.07
2021-04-13 13:15:00-04:00,LONG,Retest,1.1942599999999999,1.1941120574272632,1.19457,2021-04-13 13:30:00-04:00,1.1941120574272632,SL,0.000234,-1.0,-2.5817,-2581.69
2021-04-13 19:45:00-04:00,LONG,Breakout,1.19522,1.195147135549471,1.1988,2021-04-14 05:35:00-04:00,1.195147135549471,SL,0.00021,-1.0,-3.8821,-3882.06
2021-04-14 09:05:00-04:00,LONG,Breakout,1.19634,1.1960500214100385,1.19707,2021-04-14 09:15:00-04:00,1.1960500214100385,SL,0.00023,-1.0,-1.7932,-1793.16
2021-04-14 20:50:00-04:00,LONG,Breakout,1.19864,1.198315448569291,1.1988,2021-04-14 21:00:00-04:00,1.1988,TP,0.00023,0.493,-0.2157,-215.68
2021-04-15 01:50:00-04:00,LONG,Breakout,1.19762,1.1975456033976764,1.19886,2021-04-15 01:55:00-04:00,1.1975456033976764,SL,0.00023,-1.0,-4.0915,-4091.54
2021-04-15 02:05:00-04:00,LONG,Breakout,1.19772,1.1975381758982124,1.19886,2021-04-15 02:10:00-04:00,1.1975381758982124,SL,0.00023,-1.0,-2.265,-2264.96
2021-04-15 02:40:00-04:00,LONG,Breakout,1.19768,1.1975288023389488,1.19886,2021-04-15 02:50:00-04:00,1.1975288023389488,SL,0.00023,-1.0,-2.5212,-2521.19
2021-04-15 03:00:00-04:00,LONG,Breakout,1.19782,1.1975164224698749,1.19886,2021-04-15 03:25:00-04:00,1.19886,TP,0.00023,3.4258,2.6682,2668.18
2021-04-15 20:00:00-04:00,LONG,Breakout,1.19712,1.1969780590516599,1.19761,2021-04-15 20:05:00-04:00,1.1969780590516599,SL,0.00023,-1.0,-2.6204,-2620.39
2021-04-16 02:35:00-04:00,LONG,Breakout,1.19644,1.196108913118619,1.19737,2021-04-16 02:45:00-04:00,1.196108913118619,SL,0.00023,-1.0,-1.6947,-1694.68
2021-04-16 03:15:00-04:00,LONG,Retest,1.19658,1.1960941390723698,1.19712,2021-04-16 03:35:00-04:00,1.19712,TP,0.00023,1.1114,0.638,638.04
2021-04-16 06:50:00-04:00,LONG,Breakout,1.19906,1.198664737519388,1.20526,2021-04-16 07:00:00-04:00,1.198664737519388,SL,0.00023,-1.0,-1.5819,-1581.89
2021-04-16 07:05:00-04:00,LONG,Retest,1.19892,1.1986685125109677,1.20526,2021-04-16 07:15:00-04:00,1.1986685125109677,SL,0.00023,-1.0,-1.9146,-1914.56
2021-04-18 20:40:00-04:00,LONG,Bounce,1.19692,1.1967790396377311,1.19724,2021-04-18 20:50:00-04:00,1.1967790396377311,SL,0.000226,-1.0,-2.6033,-2603.29
2021-04-19 02:45:00-04:00,LONG,Breakout,1.19782,1.1973327177453268,1.19812,2021-04-19 03:00:00-04:00,1.19812,TP,0.00023,0.6157,0.1437,143.65
2021-04-19 07:00:00-04:00,LONG,Breakout,1.20457,1.2039064077691441,1.20526,2021-04-19 07:20:00-04:00,1.2039064077691441,SL,0.00023,-1.0,-1.3466,-1346.6
2021-04-19 18:30:00-04:00,LONG,Breakout,1.20371,1.2036211774376155,1.20385,2021-04-19 18:50:00-04:00,1.2036211774376155,SL,0.000232,-1.0,-3.6119,-3611.95
2021-04-20 02:55:00-04:00,LONG,Breakout,1.20715,1.2069586097936447,1.2077499999999999,2021-04-20 03:00:00-04:00,1.2069586097936447,SL,0.00023,-1.0,-2.2017,-2201.73
2021-04-20 20:15:00-04:00,LONG,Breakout,1.20377,1.2035167271622247,1.20556,2021-04-20 20:20:00-04:00,1.2035167271622247,SL,0.000236,-1.0,-1.9318,-1931.8
2021-04-21 21:30:00-04:00,LONG,Breakout,1.20394,1.2038460035490306,1.2040899999999999,2021-04-21 21:40:00-04:00,1.2040899999999999,TP,0.000232,1.5958,-0.8724,-872.37
2021-04-22 03:00:00-04:00,LONG,Breakout,1.20464,1.2044999939221515,1.20556,2021-04-22 03:05:00-04:00,1.2044999939221515,SL,0.00023,-1.0,-2.6428,-2642.79
2021-04-22 08:00:00-04:00,LONG,Bounce,1.20447,1.204214242168903,1.20581,2021-04-22 08:30:00-04:00,1.204214242168903,SL,0.00023,-1.0,-1.8993,-1899.29
2021-04-22 08:35:00-04:00,LONG,Bounce,1.20447,1.2042006128029246,1.2058,2021-04-22 08:55:00-04:00,1.2058,TP,0.00023,4.9371,4.0833,4083.34
2021-04-22 08:55:00-04:00,LONG,Breakout,1.20635,1.2056844855337445,1.20787,2021-04-22 09:10:00-04:00,1.2056844855337445,SL,0.00023,-1.0,-1.3456,-1345.6
2021-04-22 20:55:00-04:00,LONG,Breakout,1.20193,1.2017233617005119,1.20685,2021-04-22 21:00:00-04:00,1.2017233617005119,SL,0.000234,-1.0,-2.1324,-2132.41
2021-04-23 02:45:00-04:00,LONG,Breakout,1.203,1.2028195477352563,1.20685,2021-04-23 08:20:00-04:00,1.20685,TP,0.00023,21.3353,20.0607,20060.71
2021-04-23 10:15:00-04:00,LONG,Bounce,1.2056,1.2047115831759665,1.20745,2021-04-23 10:50:00-04:00,1.2047115831759665,SL,0.00023,-1.0,-1.2589,-1258.89
2021-04-25 20:05:00-04:00,LONG,Breakout,1.20954,1.2093342561134361,1.20978,2021-04-25 20:10:00-04:00,1.2093342561134361,SL,0.000232,-1.0,-2.1276,-2127.62
2021-04-25 20:25:00-04:00,LONG,Breakout,1.20951,1.2093316904637612,1.20978,2021-04-25 20:30:00-04:00,1.20978,TP,0.00023,1.5142,0.2243,224.33
2021-04-25 23:35:00-04:00,LONG,Breakout,1.21113,1.2110212915172425,1.21402,2021-04-25 23:50:00-04:00,1.2110212915172425,SL,0.000218,-1.0,-3.0054,-3005.36
2021-04-27 01:30:00-04:00,LONG,Breakout,1.2073800000000001,1.2073155303270187,1.20832,2021-04-27 01:35:00-04:00,1.2073155303270187,SL,0.000228,-1.0,-4.5365,-4536.55
2021-04-27 01:45:00-04:00,LONG,Retest,1.20747,1.2073169431955029,1.20832,2021-04-27 01:55:00-04:00,1.2073169431955029,SL,0.000234,-1.0,-2.5288,-2528.84
2021-04-27 03:00:00-04:00,LONG,Bounce,1.20701,1.2068537733856148,1.20791,2021-04-27 03:05:00-04:00,1.2068537733856148,SL,0.00023,-1.0,-2.4722,-2472.22
2021-04-27 09:40:00-04:00,LONG,Bounce,1.20752,1.2073508782324667,1.20917,2021-04-27 12:00:00-04:00,1.2073508782324667,SL,0.00023,-1.0,-2.36,-2359.97
2021-04-28 09:40:00-04:00,LONG,Bounce,1.20657,1.2059432281788252,1.20735,2021-04-28 10:00:00-04:00,1.20735,TP,0.00023,1.2445,0.8775,877.51
2021-04-28 14:35:00-04:00,LONG,Breakout,1.21204,1.2100007303783227,1.21402,2021-04-28 20:55:00-04:00,1.21402,TP,0.00023,0.9709,0.8582,858.15
2021-04-29 08:30:00-04:00,LONG,Breakout,1.21301,1.2122927343761385,1.2135799999999999,2021-04-29 08:55:00-04:00,1.2122927343761385,SL,0.00023,-1.0,-1.3207,-1320.66
2021-04-29 09:00:00-04:00,LONG,Bounce,1.21222,1.2113105169268537,1.2135799999999999,2021-04-29 09:10:00-04:00,1.2113105169268537,SL,0.00023,-1.0,-1.2529,-1252.89
2021-04-29 09:10:00-04:00,LONG,Bounce,1.2117499999999999,1.2113031089828483,1.2135799999999999,2021-04-29 09:20:00-04:00,1.2113031089828483,SL,0.00023,-1.0,-1.5147,-1514.67
2021-04-29 20:00:00-04:00,LONG,Breakout,1.21245,1.212275173099418,1.21282,2021-04-29 20:05:00-04:00,1.212275173099418,SL,0.000246,-1.0,-2.4071,-2407.11
2021-04-29 20:20:00-04:00,LONG,Breakout,1.21234,1.2122719216704623,1.21282,2021-04-29 20:30:00-04:00,1.2122719216704623,SL,0.000234,-1.0,-4.4372,-4437.22
2021-04-30 02:00:00-04:00,LONG,Bounce,1.21164,1.211388959460396,1.21179,2021-04-30 02:05:00-04:00,1.21179,TP,0.00023,0.5975,-0.3187,-318.67
2021-04-30 02:05:00-04:00,LONG,Breakout,1.21186,1.2117554623560818,1.21206,2021-04-30 02:10:00-04:00,1.2117554623560818,SL,0.00023,-1.0,-3.2002,-3200.16
2021-05-04 02:00:00-04:00,LONG,Bounce,1.20351,1.2032393023934616,1.20417,2021-05-04 02:40:00-04:00,1.2032393023934616,SL,0.000234,-1.0,-1.8644,-1864.43
2021-05-04 08:00:00-04:00,LONG,Breakout,1.20223,1.2020106039568976,1.20417,2021-05-04 08:05:00-04:00,1.2020106039568976,SL,0.00023,-1.0,-2.0483,-2048.33
2021-05-04 08:35:00-04:00,LONG,Retest,1.20235,1.2020098521857092,1.20417,2021-05-04 09:20:00-04:00,1.2020098521857092,SL,0.000242,-1.0,-1.7115,-1711.46
2021-05-04 09:35:00-04:00,LONG,Breakout,1.20223,1.2020084972840117,1.20417,2021-05-04 10:00:00-04:00,1.2020084972840117,SL,0.000248,-1.0,-2.1196,-2119.63
2021-05-04 10:55:00-04:00,LONG,Breakout,1.20315,1.2027686878367132,1.20417,2021-05-04 11:05:00-04:00,1.2027686878367132,SL,0.00023,-1.0,-1.6032,-1603.18
2021-05-04 20:00:00-04:00,LONG,Breakout,1.20167,1.2014953226520038,1.20187,2021-05-04 20:05:00-04:00,1.2014953226520038,SL,0.00023,-1.0,-2.3167,-2316.71
2021-05-04 20:15:00-04:00,LONG,Breakout,1.20163,1.2014924846452086,1.20187,2021-05-04 20:25:00-04:00,1.2014924846452086,SL,0.000236,-1.0,-2.7162,-2716.17
2021-05-07 03:05:00-04:00,LONG,Bounce,1.20615,1.2059898766052297,1.20682,2021-05-07 03:10:00-04:00,1.20682,TP,0.00023,4.1843,2.7479,2747.88
2021-05-07 03:10:00-04:00,LONG,Breakout,1.2081,1.2067354568477133,1.20911,2021-05-07 07:50:00-04:00,1.2067354568477133,SL,0.000228,-1.0,-1.1671,-1167.09
2021-05-07 08:30:00-04:00,LONG,Breakout,1.21221,1.2083860402851765,1.21347,2021-05-07 08:40:00-04:00,1.21347,TP,0.00023,0.3295,0.2694,269.35
2021-05-09 20:45:00-04:00,LONG,Bounce,1.2161,1.2159587168895785,1.2175799999999999,2021-05-09 20:50:00-04:00,1.2159587168895785,SL,0.000236,-1.0,-2.6704,-2670.4
2021-05-09 20:50:00-04:00,LONG,Bounce,1.21625,1.2159578085403229,1.2175799999999999,2021-05-09 21:00:00-04:00,1.2159578085403229,SL,0.000232,-1.0,-1.794,-1794.0
2021-05-10 02:15:00-04:00,LONG,Breakout,1.21572,1.215506438379085,1.2175799999999999,2021-05-10 02:25:00-04:00,1.215506438379085,SL,0.00023,-1.0,-2.077,-2076.97
2021-05-10 02:35:00-04:00,LONG,Breakout,1.21577,1.2154963109783696,1.2175799999999999,2021-05-10 02:40:00-04:00,1.2154963109783696,SL,0.00023,-1.0,-1.8404,-1840.37
2021-05-10 02:40:00-04:00,LONG,Retest,1.21599,1.2154928601942003,1.2175799999999999,2021-05-10 03:00:00-04:00,1.2154928601942003,SL,0.00023,-1.0,-1.4626,-1462.65
2021-05-10 10:00:00-04:00,LONG,Bounce,1.21606,1.2154150884026835,1.21816,2021-05-10 10:50:00-04:00,1.2154150884026835,SL,0.00023,-1.0,-1.3566,-1356.64
2021-05-10 22:40:00-04:00,LONG,Breakout,1.21435,1.2141243852505532,1.21583,2021-05-10 23:40:00-04:00,1.2141243852505532,SL,0.00023,-1.0,-2.0194,-2019.44
2021-05-11 02:20:00-04:00,LONG,Bounce,1.21387,1.2136531651658051,1.21482,2021-05-11 02:25:00-04:00,1.2136531651658051,SL,0.00023,-1.0,-2.0607,-2060.72
2021-05-11 04:35:00-04:00,LONG,Breakout,1.2152,1.214526516790082,1.21583,2021-05-11 04:45:00-04:00,1.21583,TP,0.00023,0.9354,0.5939,593.93
2021-05-11 07:20:00-04:00,LONG,Breakout,1.21694,1.216699258586941,1.21717,2021-05-11 07:30:00-04:00,1.216699258586941,SL,0.00023,-1.0,-1.9554,-1955.38
2021-05-11 09:00:00-04:00,LONG,Breakout,1.21744,1.2169228806345334,1.21816,2021-05-11 09:05:00-04:00,1.2169228806345334,SL,0.00023,-1.0,-1.4448,-1444.77
2021-05-12 20:10:00-04:00,LONG,Bounce,1.20717,1.207094811532452,1.20814,2021-05-12 20:15:00-04:00,1.207094811532452,SL,0.000232,-1.0,-4.0856,-4085.58
2021-05-12 20:40:00-04:00,LONG,Breakout,1.20783,1.2077011872524606,1.20814,2021-05-12 20:50:00-04:00,1.20814,TP,0.00023,2.4066,0.6211,621.06
2021-05-12 21:15:00-04:00,LONG,Breakout,1.20787,1.2076953038652163,1.2151,2021-05-12 23:30:00-04:00,1.2076953038652163,SL,0.00023,-1.0,-2.3166,-2316.57
2021-05-14 15:15:00-04:00,LONG,Breakout,1.21433,1.2142354692338573,1.21466,2021-05-14 15:20:00-04:00,1.2142354692338573,SL,0.000192,-1.0,-3.0311,-3031.08
2021-05-16 19:50:00-04:00,LONG,Breakout,1.215,1.2148747238550874,1.2151,2021-05-16 20:00:00-04:00,1.2148747238550874,SL,0.00019,-1.0,-2.5166,-2516.65
2021-05-17 02:15:00-04:00,LONG,Breakout,1.21362,1.2132809192300786,1.21377,2021-05-17 02:20:00-04:00,1.2132809192300786,SL,0.00019,-1.0,-1.5603,-1560.34
2021-05-17 02:30:00-04:00,LONG,Breakout,1.21383,1.213269189339826,1.2150400000000001,2021-05-17 03:45:00-04:00,1.213269189339826,SL,0.00019,-1.0,-1.3388,-1338.8
2021-05-17 04:20:00-04:00,LONG,Retest,1.2135799999999999,1.2132507412657099,1.21454,2021-05-17 04:45:00-04:00,1.21454,TP,0.000192,2.9156,2.3325,2332.51
2021-05-17 14:00:00-04:00,LONG,Breakout,1.21578,1.2156098551242627,1.21678,2021-05-17 15:25:00-04:00,1.2156098551242627,SL,0.00019,-1.0,-2.1167,-2116.7
2021-05-17 20:05:00-04:00,LONG,Breakout,1.21554,1.215436229866117,1.21605,2021-05-17 20:40:00-04:00,1.215436229866117,SL,0.000198,-1.0,-2.9081,-2908.06
2021-05-17 21:10:00-04:00,LONG,Breakout,1.21612,1.215759933366254,1.21678,2021-05-17 22:00:00-04:00,1.21678,TP,0.00019,1.833,1.3053,1305.31
2021-05-18 02:00:00-04:00,LONG,Breakout,1.21684,1.2167647594960378,1.21708,2021-05-18 02:10:00-04:00,1.21708,TP,0.00019,3.1898,0.6645,664.54
2021-05-18 08:40:00-04:00,LONG,Breakout,1.22278,1.2221875622626663,1.22375,2021-05-18 08:50:00-04:00,1.2221875622626663,SL,0.00019,-1.0,-1.3207,-1320.71
2021-05-18 20:20:00-04:00,LONG,Breakout,1.22253,1.2224019074210972,1.22294,2021-05-18 20:45:00-04:00,1.22294,TP,0.000196,3.2008,1.6707,1670.67
2021-05-18 21:05:00-04:00,LONG,Breakout,1.22259,1.2223890037493947,1.22329,2021-05-18 21:10:00-04:00,1.2223890037493947,SL,0.000196,-1.0,-1.9751,-1975.14
2021-05-19 09:30:00-04:00,LONG,Breakout,1.22164,1.2213624879753757,1.22446,2021-05-19 10:45:00-04:00,1.2213624879753757,SL,0.00019,-1.0,-1.6847,-1684.66
2021-05-19 11:00:00-04:00,LONG,Retest,1.22156,1.2213328293450783,1.22378,2021-05-19 11:05:00-04:00,1.2213328293450783,SL,0.00019,-1.0,-1.8364,-1836.38
2021-05-19 20:15:00-04:00,LONG,Breakout,1.21784,1.2176059623961153,1.22201,2021-05-19 20:20:00-04:00,1.2176059623961153,SL,0.000192,-1.0,-1.8204,-1820.38
2021-05-19 20:30:00-04:00,LONG,Breakout,1.21792,1.2176046331575312,1.22201,2021-05-19 21:10:00-04:00,1.2176046331575312,SL,0.000196,-1.0,-1.6215,-1621.5
2021-05-19 21:30:00-04:00,LONG,Bounce,1.21754,1.2167308317028607,1.22201,2021-05-20 11:40:00-04:00,1.22201,TP,0.000194,5.5242,5.2844,5284.44
2021-05-20 20:10:00-04:00,LONG,Breakout,1.2235800000000001,1.2228662365370602,1.22378,2021-05-20 21:35:00-04:00,1.22378,TP,0.000194,0.2802,0.0084,8.41
2021-05-21 02:00:00-04:00,LONG,Breakout,1.22378,1.2235641087663471,1.22446,2021-05-21 02:10:00-04:00,1.2235641087663471,SL,0.00019,-1.0,-1.8801,-1880.07
2021-05-23 20:10:00-04:00,LONG,Breakout,1.21849,1.2182966264458033,1.21864,2021-05-23 20:25:00-04:00,1.2182966264458033,SL,0.000194,-1.0,-2.0032,-2003.24
2021-05-23 21:25:00-04:00,LONG,Bounce,1.2178499999999999,1.217577414594324,1.21863,2021-05-23 23:05:00-04:00,1.217577414594324,SL,0.00019,-1.0,-1.697,-1697.03
2021-05-24 09:35:00-04:00,LONG,Breakout,1.22179,1.22144679473453,1.22372,2021-05-24 09:40:00-04:00,1.22144679473453,SL,0.00019,-1.0,-1.5536,-1553.6
2021-05-24 09:45:00-04:00,LONG,Retest,1.22186,1.2214436444394672,1.22372,2021-05-24 10:50:00-04:00,1.2214436444394672,SL,0.00019,-1.0,-1.4563,-1456.34
2021-05-24 20:15:00-04:00,LONG,Breakout,1.22181,1.221602938433428,1.22291,2021-05-24 20:20:00-04:00,1.221602938433428,SL,0.000196,-1.0,-1.9466,-1946.58
2021-05-24 20:40:00-04:00,LONG,Retest,1.22179,1.2215994563607477,1.22291,2021-05-24 21:30:00-04:00,1.22291,TP,0.00019,5.8779,4.8808,4880.77
2021-05-25 02:15:00-04:00,LONG,Breakout,1.22316,1.2229999282091764,1.22372,2021-05-25 02:20:00-04:00,1.2229999282091764,SL,0.00019,-1.0,-2.187,-2186.97
2021-05-25 02:30:00-04:00,LONG,Breakout,1.22344,1.2229840270683527,1.22372,2021-05-25 02:35:00-04:00,1.22372,TP,0.00019,0.6141,0.1974,197.38
2021-05-25 10:00:00-04:00,LONG,Bounce,1.22508,1.2244116869724704,1.22655,2021-05-25 10:10:00-04:00,1.2244116869724704,SL,0.00019,-1.0,-1.2843,-1284.3
2021-05-26 04:45:00-04:00,LONG,Bounce,1.22343,1.2230949405344507,1.22619,2021-05-26 07:10:00-04:00,1.2230949405344507,SL,0.00019,-1.0,-1.5671,-1567.06
2021-05-26 23:55:00-04:00,LONG,Breakout,1.21927,1.2191374914000697,1.21959,2021-05-27 00:30:00-04:00,1.2191374914000697,SL,0.00019,-1.0,-2.4339,-2433.87
2021-05-27 01:00:00-04:00,LONG,Retest,1.2193100000000001,1.2191412412564107,1.21959,2021-05-27 01:05:00-04:00,1.2191412412564107,SL,0.00019,-1.0,-2.1259,-2125.87
2021-05-27 02:00:00-04:00,LONG,Breakout,1.21955,1.2194302005705784,1.2239,2021-05-27 02:15:00-04:00,1.2194302005705784,SL,0.00019,-1.0,-2.586,-2585.98
2021-05-27 23:45:00-04:00,LONG,Breakout,1.21873,1.2185556156180297,1.21921,2021-05-28 00:00:00-04:00,1.2185556156180297,SL,0.000192,-1.0,-2.101,-2101.02
2021-05-30 21:20:00-04:00,LONG,Breakout,1.2196,1.2194932491803785,1.2204,2021-05-30 21:30:00-04:00,1.2194932491803785,SL,0.00019,-1.0,-2.7798,-2779.85
2021-05-31 07:45:00-04:00,LONG,Breakout,1.21951,1.219182865423622,1.22027,2021-05-31 09:55:00-04:00,1.22027,TP,0.00019,2.3232,1.7424,1742.4
2021-05-31 10:30:00-04:00,LONG,Retest,1.22025,1.2200329913046286,1.22107,2021-05-31 10:50:00-04:00,1.22107,TP,0.00019,3.7787,2.9031,2903.11
2021-05-31 18:30:00-04:00,LONG,Breakout,1.22309,1.2227889173709485,1.2239,2021-05-31 19:00:00-04:00,1.2227889173709485,SL,0.000182,-1.0,-1.6045,-1604.49
2021-05-31 19:40:00-04:00,LONG,Breakout,1.2233100000000001,1.2231750578339706,1.2239,2021-05-31 19:55:00-04:00,1.2231750578339706,SL,0.000186,-1.0,-2.3784,-2378.37
2021-06-01 00:30:00-04:00,LONG,Bounce,1.22253,1.222464488969361,1.22312,2021-06-01 00:35:00-04:00,1.222464488969361,SL,0.00019,-1.0,-3.9003,-3900.27
2021-06-01 00:35:00-04:00,LONG,Bounce,1.22263,1.2224643111858353,1.22312,2021-06-01 00:40:00-04:00,1.2224643111858353,SL,0.000192,-1.0,-2.1588,-2158.8
2021-06-01 02:20:00-04:00,LONG,Bounce,1.22254,1.2224448331312547,1.22312,2021-06-01 02:40:00-04:00,1.22312,TP,0.00019,6.0946,4.0981,4098.06
2021-06-01 03:00:00-04:00,LONG,Breakout,1.22325,1.2230523299304865,1.2239,2021-06-01 03:05:00-04:00,1.2230523299304865,SL,0.00019,-1.0,-1.9612,-1961.2
2021-06-01 03:55:00-04:00,LONG,Breakout,1.22406,1.2230234757385003,1.22461,2021-06-01 04:05:00-04:00,1.2230234757385003,SL,0.00019,-1.0,-1.1833,-1183.3
2021-06-01 05:50:00-04:00,LONG,Retest,1.22333,1.2230330387789794,1.22406,2021-06-01 05:55:00-04:00,1.2230330387789794,SL,0.00019,-1.0,-1.6398,-1639.81
2021-06-01 09:25:00-04:00,LONG,Breakout,1.2227999999999999,1.2225980644136938,1.22375,2021-06-01 09:30:00-04:00,1.2225980644136938,SL,0.00019,-1.0,-1.9409,-1940.89
2021-06-01 14:55:00-04:00,LONG,Bounce,1.22278,1.2225751542511238,1.22534,2021-06-01 15:00:00-04:00,1.2225751542511238,SL,0.00019,-1.0,-1.9275,-1927.53
2021-06-03 01:05:00-04:00,LONG,Bounce,1.22017,1.2201107192671015,1.22071,2021-06-03 01:15:00-04:00,1.2201107192671015,SL,0.00019,-1.0,-4.2051,-4205.09
2021-06-03 06:00:00-04:00,LONG,Breakout,1.22045,1.2192077346333372,1.22071,2021-06-03 06:05:00-04:00,1.22071,TP,0.00019,0.2093,0.0563,56.35
2021-06-04 06:45:00-04:00,SHORT,Breakout,1.21063,1.2108223065967563,1.21045,2021-06-04 06:55:00-04:00,1.21045,TP,0.00019,0.936,-0.052,-52.0
2021-06-04 07:05:00-04:00,SHORT,Breakout,1.21068,1.2108268928235622,1.21021,2021-06-04 07:10:00-04:00,1.2108268928235622,SL,0.00019,-1.0,-2.2935,-2293.46
2021-06-04 08:05:00-04:00,SHORT,Bounce,1.21153,1.211763757704472,1.21031,2021-06-04 08:10:00-04:00,1.211763757704472,SL,0.00019,-1.0,-1.8128,-1812.81
2021-06-13 20:50:00-04:00,SHORT,Breakout,1.20986,1.2100049638242005,1.20917,2021-06-13 21:05:00-04:00,1.2100049638242005,SL,0.00019,-1.0,-2.3107,-2310.67
2021-06-14 20:00:00-04:00,SHORT,Breakout,1.21145,1.2116667218753578,1.21109,2021-06-14 20:05:00-04:00,1.2116667218753578,SL,0.000196,-1.0,-1.9044,-1904.38
2021-06-15 00:35:00-04:00,SHORT,Bounce,1.21239,1.2125274157308832,1.21181,2021-06-15 00:55:00-04:00,1.2125274157308832,SL,0.000194,-1.0,-2.4118,-2411.77
2021-06-15 02:15:00-04:00,SHORT,Bounce,1.21243,1.212540408909472,1.21181,2021-06-15 02:20:00-04:00,1.212540408909472,SL,0.00019,-1.0,-2.7209,-2720.88
2021-06-15 05:00:00-04:00,SHORT,Breakout,1.2122,1.2123852659218122,1.21181,2021-06-15 05:15:00-04:00,1.2123852659218122,SL,0.00019,-1.0,-2.0256,-2025.55
2021-06-15 20:55:00-04:00,SHORT,Breakout,1.21217,1.2122893088795799,1.21164,2021-06-15 21:10:00-04:00,1.2122893088795799,SL,0.000194,-1.0,-2.626,-2626.03
2021-06-16 08:20:00-04:00,SHORT,Bounce,1.21253,1.2126828831238838,1.21134,2021-06-16 09:15:00-04:00,1.21134,TP,0.000192,7.7837,6.5279,6527.86
2021-06-16 19:35:00-04:00,SHORT,Breakout,1.19866,1.1990559911041516,1.1985000000000001,2021-06-16 19:40:00-04:00,1.1990559911041516,SL,0.00019,-1.0,-1.4798,-1479.81
2021-06-16 20:10:00-04:00,SHORT,Breakout,1.1985000000000001,1.1990676119185897,1.19415,2021-06-16 20:25:00-04:00,1.1990676119185897,SL,0.00019,-1.0,-1.3347,-1334.74
2021-06-16 20:45:00-04:00,SHORT,Breakout,1.19883,1.199071477972718,1.19415,2021-06-16 21:00:00-04:00,1.199071477972718,SL,0.00019,-1.0,-1.7868,-1786.82
2021-06-16 21:30:00-04:00,SHORT,Bounce,1.19942,1.199556031251276,1.19831,2021-06-16 21:45:00-04:00,1.199556031251276,SL,0.00019,-1.0,-2.3967,-2396.74
2021-06-17 01:55:00-04:00,SHORT,Bounce,1.19993,1.2004263570284548,1.19923,2021-06-17 02:00:00-04:00,1.19923,TP,0.00019,1.4103,1.0275,1027.49
2021-06-17 02:00:00-04:00,SHORT,Breakout,1.19865,1.1992973315264222,1.19831,2021-06-17 02:05:00-04:00,1.19831,TP,0.00019,0.5252,0.2317,231.72
2021-06-17 02:25:00-04:00,SHORT,Retest,1.19891,1.1993206053103616,1.19415,2021-06-17 04:50:00-04:00,1.19415,TP,0.00019,11.5926,11.1299,11129.91
2021-06-18 01:10:00-04:00,SHORT,Breakout,1.1899899999999999,1.190421746037578,1.18908,2021-06-18 01:45:00-04:00,1.190421746037578,SL,0.00019,-1.0,-1.4401,-1440.07
2021-06-18 02:00:00-04:00,SHORT,Breakout,1.18994,1.1904444972706305,1.18908,2021-06-18 02:15:00-04:00,1.1904444972706305,SL,0.00019,-1.0,-1.3766,-1376.61
2021-06-18 02:50:00-04:00,SHORT,Breakout,1.18876,1.189539993671417,1.18764,2021-06-18 03:00:00-04:00,1.189539993671417,SL,0.00019,-1.0,-1.2436,-1243.59
2021-06-18 08:05:00-04:00,SHORT,Breakout,1.19005,1.1908836455861493,1.18844,2021-06-18 08:20:00-04:00,1.18844,TP,0.00019,1.9313,1.7034,1703.36
2021-06-18 10:45:00-04:00,SHORT,Breakout,1.18652,1.1867916055953918,1.18365,2021-06-18 10:50:00-04:00,1.1867916055953918,SL,0.00019,-1.0,-1.6995,-1699.54
2021-06-18 10:50:00-04:00,SHORT,Breakout,1.18549,1.1868023480528638,1.18365,2021-06-18 11:35:00-04:00,1.1868023480528638,SL,0.00019,-1.0,-1.1448,-1144.78
2021-06-20 19:00:00-04:00,SHORT,Bounce,1.18709,1.1873347607212739,1.18555,2021-06-20 19:15:00-04:00,1.1873347607212739,SL,0.000206,-1.0,-1.8416,-1841.64
2021-06-20 19:55:00-04:00,SHORT,Bounce,1.18697,1.187326976240673,1.18555,2021-06-20 20:05:00-04:00,1.187326976240673,SL,0.000192,-1.0,-1.5379,-1537.85
2021-06-20 23:15:00-04:00,SHORT,Breakout,1.18569,1.186028563984599,1.18462,2021-06-21 00:10:00-04:00,1.186028563984599,SL,0.00019,-1.0,-1.5612,-1561.19
2021-06-21 00:30:00-04:00,SHORT,Retest,1.18582,1.1860188548182857,1.18462,2021-06-21 00:55:00-04:00,1.1860188548182857,SL,0.000194,-1.0,-1.9756,-1975.59
2021-06-21 18:40:00-04:00,SHORT,Breakout,1.1913,1.191412373257306,1.1907,2021-06-21 18:45:00-04:00,1.191412373257306,SL,0.0002,-1.0,-2.7798,-2779.78
2021-06-21 18:45:00-04:00,SHORT,Retest,1.19133,1.1914110608817843,1.1907,2021-06-21 19:25:00-04:00,1.1914110608817843,SL,0.000202,-1.0,-3.492,-3491.95
2021-06-22 01:15:00-04:00,SHORT,Breakout,1.18977,1.1900111012836971,1.18839,2021-06-22 01:35:00-04:00,1.1900111012836971,SL,0.000206,-1.0,-1.8544,-1854.41
2021-06-22 01:35:00-04:00,SHORT,Retest,1.18979,1.1900113532841439,1.18839,2021-06-22 01:40:00-04:00,1.1900113532841439,SL,0.000192,-1.0,-1.8674,-1867.39
2021-06-22 05:35:00-04:00,SHORT,Breakout,1.1884299999999999,1.1891889818557217,1.18504,2021-06-22 06:30:00-04:00,1.1891889818557217,SL,0.00019,-1.0,-1.2503,-1250.34
2021-06-23 01:05:00-04:00,SHORT,Breakout,1.19177,1.1919726593830944,1.18952,2021-06-23 01:45:00-04:00,1.1919726593830944,SL,0.000198,-1.0,-1.977,-1977.01
2021-06-23 07:35:00-04:00,SHORT,Bounce,1.19467,1.194950746761651,1.19315,2021-06-23 07:40:00-04:00,1.194950746761651,SL,0.00019,-1.0,-1.6768,-1676.77
2021-06-23 12:35:00-04:00,SHORT,Breakout,1.19362,1.1938696005897698,1.19315,2021-06-23 12:40:00-04:00,1.1938696005897698,SL,0.00019,-1.0,-1.7612,-1761.22
2021-06-23 13:55:00-04:00,SHORT,Retest,1.19363,1.193848987317606,1.19106,2021-06-24 03:05:00-04:00,1.193848987317606,SL,0.00019,-1.0,-1.8676,-1867.63
2021-06-24 20:15:00-04:00,SHORT,Breakout,1.19271,1.1928159602552775,1.19255,2021-06-24 20:20:00-04:00,1.1928159602552775,SL,0.000196,-1.0,-2.8498,-2849.75
2021-06-25 02:00:00-04:00,SHORT,Breakout,1.1936,1.193722845023761,1.19259,2021-06-25 02:05:00-04:00,1.193722845023761,SL,0.00019,-1.0,-2.5467,-2546.66
2021-06-25 08:15:00-04:00,SHORT,Bounce,1.1948699999999999,1.1950389586691632,1.19366,2021-06-25 08:20:00-04:00,1.1950389586691632,SL,0.00019,-1.0,-2.1245,-2124.54
2021-06-27 19:00:00-04:00,SHORT,Bounce,1.1937,1.1940164128001962,1.19298,2021-06-27 19:55:00-04:00,1.1940164128001962,SL,0.000198,-1.0,-1.6258,-1625.76
2021-06-27 21:20:00-04:00,SHORT,Breakout,1.19302,1.1932005485570911,1.19251,2021-06-27 21:25:00-04:00,1.19251,TP,0.000192,2.8247,1.7613,1761.3
2021-06-28 02:05:00-04:00,SHORT,Bounce,1.1925,1.1925714762992041,1.19207,2021-06-28 02:10:00-04:00,1.1925714762992041,SL,0.000196,-1.0,-3.7422,-3742.17
2021-06-28 07:30:00-04:00,SHORT,Breakout,1.19181,1.192515999928988,1.19106,2021-06-28 07:35:00-04:00,1.19106,TP,0.00019,1.0623,0.7932,793.2
2021-06-28 09:15:00-04:00,SHORT,Retest,1.19231,1.1925241981199473,1.19015,2021-06-28 09:20:00-04:00,1.1925241981199473,SL,0.00019,-1.0,-1.887,-1887.03
2021-06-28 20:00:00-04:00,SHORT,Bounce,1.19263,1.1928839488191816,1.1923,2021-06-28 20:15:00-04:00,1.1923,TP,0.000192,1.2995,0.5434,543.42
2021-06-28 20:20:00-04:00,SHORT,Breakout,1.19209,1.192338232721383,1.19198,2021-06-28 20:25:00-04:00,1.19198,TP,0.000178,0.4431,-0.2739,-273.94
2021-06-28 21:30:00-04:00,SHORT,Breakout,1.1921,1.1923455380965027,1.19102,2021-06-28 23:05:00-04:00,1.19102,TP,0.00019,4.3985,3.6247,3624.69
2021-06-29 03:20:00-04:00,SHORT,Breakout,1.19058,1.1909674899647913,1.19015,2021-06-29 03:30:00-04:00,1.1909674899647913,SL,0.00019,-1.0,-1.4903,-1490.34
2021-06-29 04:10:00-04:00,SHORT,Retest,1.19053,1.1909770906469885,1.18952,2021-06-29 05:45:00-04:00,1.1909770906469885,SL,0.00019,-1.0,-1.425,-1424.97
2021-06-29 21:00:00-04:00,SHORT,Bounce,1.1899,1.1900860996445157,1.18956,2021-06-29 21:40:00-04:00,1.1900860996445157,SL,0.000192,-1.0,-2.0317,-2031.71
2021-06-29 21:50:00-04:00,SHORT,Bounce,1.19044,1.1906275352948457,1.18956,2021-06-29 22:00:00-04:00,1.1906275352948457,SL,0.000192,-1.0,-2.0238,-2023.81
2021-06-30 02:55:00-04:00,SHORT,Bounce,1.19039,1.1904749533367236,1.18932,2021-06-30 03:30:00-04:00,1.18932,TP,0.00019,12.5951,10.3586,10358.63
2021-06-30 08:25:00-04:00,SHORT,Breakout,1.18765,1.188518331577958,1.18504,2021-06-30 10:55:00-04:00,1.18504,TP,0.00019,3.0058,2.787,2786.95
2021-06-30 20:05:00-04:00,SHORT,Breakout,1.1852,1.1853726011721355,1.18452,2021-07-01 00:35:00-04:00,1.18452,TP,0.000194,3.9397,2.8157,2815.74
2021-07-02 02:25:00-04:00,SHORT,Breakout,1.18372,1.1839960225872697,1.18015,2021-07-02 02:35:00-04:00,1.1839960225872697,SL,0.00019,-1.0,-1.6883,-1688.35
2021-07-02 02:45:00-04:00,SHORT,Breakout,1.18367,1.183998613523402,1.18015,2021-07-02 08:30:00-04:00,1.183998613523402,SL,0.00019,-1.0,-1.5782,-1578.19
2021-07-05 02:10:00-04:00,SHORT,Bounce,1.18555,1.185779858584795,1.18505,2021-07-05 02:30:00-04:00,1.185779858584795,SL,0.00019,-1.0,-1.8266,-1826.6
2021-07-05 10:05:00-04:00,SHORT,Breakout,1.18559,1.1859867698392064,1.18512,2021-07-05 10:35:00-04:00,1.1859867698392064,SL,0.00019,-1.0,-1.4789,-1478.87
2021-07-05 15:25:00-04:00,SHORT,Bounce,1.18653,1.1868885909643971,1.18546,2021-07-05 22:50:00-04:00,1.1868885909643971,SL,0.000254,-1.0,-1.7083,-1708.33
2021-07-06 04:05:00-04:00,SHORT,Breakout,1.18644,1.1870081854061425,1.18573,2021-07-06 04:15:00-04:00,1.18573,TP,0.00019,1.2496,0.9152,915.19
2021-07-06 09:05:00-04:00,SHORT,Breakout,1.18251,1.1831365334732928,1.1806,2021-07-06 09:30:00-04:00,1.1831365334732928,SL,0.00019,-1.0,-1.3033,-1303.26
2021-07-06 09:30:00-04:00,SHORT,Breakout,1.1828400000000001,1.1831357676468497,1.1806,2021-07-06 09:45:00-04:00,1.1831357676468497,SL,0.00019,-1.0,-1.6424,-1642.4
2021-07-06 20:15:00-04:00,SHORT,Breakout,1.18152,1.181733711298502,1.1806,2021-07-06 20:20:00-04:00,1.181733711298502,SL,0.000194,-1.0,-1.9078,-1907.77
2021-07-07 03:05:00-04:00,SHORT,Breakout,1.18146,1.1821738409113438,1.1806,2021-07-07 03:15:00-04:00,1.1821738409113438,SL,0.00019,-1.0,-1.2662,-1266.17
2021-07-07 08:15:00-04:00,SHORT,Bounce,1.18277,1.1830269783170135,1.18139,2021-07-07 08:20:00-04:00,1.1830269783170135,SL,0.00019,-1.0,-1.7394,-1739.36
2021-07-07 21:00:00-04:00,SHORT,Breakout,1.17871,1.1788600400658822,1.1780599999999999,2021-07-07 21:05:00-04:00,1.1788600400658822,SL,0.000194,-1.0,-2.293,-2292.99
2021-07-07 21:50:00-04:00,SHORT,Breakout,1.1785700000000001,1.1788738660600697,1.1780599999999999,2021-07-07 22:50:00-04:00,1.1788738660600697,SL,0.00019,-1.0,-1.6253,-1625.28
2021-07-08 01:10:00-04:00,SHORT,Bounce,1.17927,1.1794538191073378,1.17827,2021-07-08 01:15:00-04:00,1.1794538191073378,SL,0.000196,-1.0,-2.0663,-2066.27
2021-07-08 20:00:00-04:00,SHORT,Bounce,1.18453,1.1848643547888227,1.18385,2021-07-08 20:15:00-04:00,1.1848643547888227,SL,0.00019,-1.0,-1.5683,-1568.26
2021-07-08 20:15:00-04:00,SHORT,Bounce,1.18468,1.1848672782328875,1.18398,2021-07-08 20:35:00-04:00,1.18398,TP,0.000196,3.7378,2.6912,2691.18
2021-07-08 20:40:00-04:00,SHORT,Breakout,1.18391,1.1840294064246362,1.18341,2021-07-08 20:50:00-04:00,1.1840294064246362,SL,0.00019,-1.0,-2.5912,-2591.2
2021-07-08 21:00:00-04:00,SHORT,Breakout,1.18378,1.1840311290840804,1.18341,2021-07-08 21:05:00-04:00,1.1840311290840804,SL,0.000194,-1.0,-1.7725,-1772.51
2021-07-09 00:55:00-04:00,SHORT,Breakout,1.18309,1.1833533890232295,1.17915,2021-07-09 01:05:00-04:00,1.1833533890232295,SL,0.000192,-1.0,-1.729,-1728.96
2021-07-09 01:15:00-04:00,SHORT,Breakout,1.18321,1.1833505532562594,1.17915,2021-07-09 01:30:00-04:00,1.1833505532562594,SL,0.000192,-1.0,-2.366,-2366.03
2021-07-09 02:25:00-04:00,SHORT,Breakout,1.1828,1.1831223239559976,1.17915,2021-07-09 02:55:00-04:00,1.1831223239559976,SL,0.00019,-1.0,-1.5895,-1589.47
2021-07-12 02:10:00-04:00,SHORT,Breakout,1.18635,1.1864768125218246,1.1862300000000001,2021-07-12 02:15:00-04:00,1.1862300000000001,TP,0.000192,0.9463,-0.5678,-567.77
2021-07-12 02:20:00-04:00,SHORT,Retest,1.18621,1.1864779761030018,1.18546,2021-07-12 02:30:00-04:00,1.1864779761030018,SL,0.00019,-1.0,-1.709,-1709.02
2021-07-12 02:35:00-04:00,SHORT,Breakout,1.18629,1.1864855187676002,1.18546,2021-07-12 03:05:00-04:00,1.1864855187676002,SL,0.00019,-1.0,-1.9718,-1971.77
2021-07-12 05:50:00-04:00,SHORT,Breakout,1.18525,1.1856076952994699,1.18279,2021-07-12 09:20:00-04:00,1.1856076952994699,SL,0.00019,-1.0,-1.5312,-1531.18
2021-07-12 19:10:00-04:00,SHORT,Bounce,1.18613,1.1862073075582085,1.18566,2021-07-12 19:50:00-04:00,1.1862073075582085,SL,0.00019,-1.0,-3.4577,-3457.72
2021-07-13 02:55:00-04:00,SHORT,Breakout,1.18531,1.185539067261766,1.18502,2021-07-13 03:00:00-04:00,1.185539067261766,SL,0.00019,-1.0,-1.8295,-1829.45
2021-07-13 08:25:00-04:00,SHORT,Bounce,1.18461,1.1847996385983688,1.18279,2021-07-13 08:30:00-04:00,1.18279,TP,0.00019,9.5972,8.5953,8595.3
2021-07-13 08:30:00-04:00,SHORT,Breakout,1.18164,1.183624521555628,1.17915,2021-07-13 09:15:00-04:00,1.17915,TP,0.00019,1.2547,1.159,1158.97
2021-07-13 20:10:00-04:00,SHORT,Breakout,1.17721,1.177290588841498,1.17368,2021-07-13 20:25:00-04:00,1.177290588841498,SL,0.000194,-1.0,-3.4073,-3407.28
2021-07-13 21:15:00-04:00,SHORT,Bounce,1.17782,1.1779885451657692,1.17709,2021-07-13 21:30:00-04:00,1.1779885451657692,SL,0.000192,-1.0,-2.1392,-2139.16
2021-07-14 01:30:00-04:00,SHORT,Bounce,1.17838,1.178479664118579,1.17769,2021-07-14 01:35:00-04:00,1.178479664118579,SL,0.000192,-1.0,-2.9265,-2926.47
2021-07-14 19:05:00-04:00,SHORT,Bounce,1.18357,1.1837812481975003,1.1833,2021-07-14 19:25:00-04:00,1.1833,TP,0.0002,1.2781,0.3314,331.36
2021-07-14 20:05:00-04:00,SHORT,Breakout,1.18323,1.1833310723815236,1.18309,2021-07-14 20:15:00-04:00,1.18309,TP,0.000198,1.3851,-0.5738,-573.85
2021-07-14 21:20:00-04:00,SHORT,Retest,1.18317,1.1833457858808625,1.18278,2021-07-14 21:45:00-04:00,1.18278,TP,0.000192,2.2186,1.1264,1126.37
2021-07-15 03:25:00-04:00,SHORT,Breakout,1.18276,1.182999463708497,1.18203,2021-07-15 03:30:00-04:00,1.182999463708497,SL,0.00019,-1.0,-1.7934,-1793.44
2021-07-15 03:35:00-04:00,SHORT,Retest,1.18288,1.182998313095592,1.18203,2021-07-15 03:45:00-04:00,1.182998313095592,SL,0.00019,-1.0,-2.6059,-2605.91
2021-07-15 14:00:00-04:00,SHORT,Breakout,1.18019,1.1803421287852387,1.17749,2021-07-15 14:05:00-04:00,1.1803421287852387,SL,0.000192,-1.0,-2.2621,-2262.09
2021-07-15 14:20:00-04:00,SHORT,Retest,1.1801300000000001,1.1803376749332362,1.1795200000000001,2021-07-15 14:25:00-04:00,1.1803376749332362,SL,0.00019,-1.0,-1.9149,-1914.89
2021-07-15 18:30:00-04:00,SHORT,Bounce,1.1811099999999999,1.1813120238922272,1.18015,2021-07-15 18:40:00-04:00,1.1813120238922272,SL,0.000208,-1.0,-2.0296,-2029.58
2021-07-15 21:00:00-04:00,SHORT,Breakout,1.18084,1.1809398618452593,1.18015,2021-07-15 21:10:00-04:00,1.1809398618452593,SL,0.00019,-1.0,-2.9026,-2902.63
2021-07-15 21:15:00-04:00,SHORT,Breakout,1.18079,1.180938894487622,1.18015,2021-07-15 21:55:00-04:00,1.18015,TP,0.0002,4.2983,2.9551,2955.11
2021-07-15 23:30:00-04:00,SHORT,Retest,1.18079,1.1809360509382485,1.18011,2021-07-15 23:35:00-04:00,1.1809360509382485,SL,0.000198,-1.0,-2.3557,-2355.69
2021-07-16 02:00:00-04:00,SHORT,Breakout,1.1804000000000001,1.1807459094666628,1.18011,2021-07-16 02:20:00-04:00,1.1807459094666628,SL,0.000196,-1.0,-1.5666,-1566.62
2021-07-16 02:40:00-04:00,SHORT,Retest,1.18054,1.1807573277323744,1.18011,2021-07-16 02:50:00-04:00,1.1807573277323744,SL,0.00019,-1.0,-1.8743,-1874.26
2021-07-16 03:30:00-04:00,SHORT,Breakout,1.17991,1.180394084258768,1.1795200000000001,2021-07-16 03:45:00-04:00,1.180394084258768,SL,0.00019,-1.0,-1.3925,-1392.49
2021-07-16 07:45:00-04:00,SHORT,Breakout,1.1795499999999999,1.179662653383401,1.17749,2021-07-16 07:50:00-04:00,1.179662653383401,SL,0.00019,-1.0,-2.6866,-2686.59
2021-07-16 07:55:00-04:00,SHORT,Breakout,1.17935,1.1796672164377284,1.17749,2021-07-16 08:00:00-04:00,1.1796672164377284,SL,0.000192,-1.0,-1.6053,-1605.26
2021-07-18 20:15:00-04:00,SHORT,Bounce,1.18087,1.1809882995038887,1.18023,2021-07-18 20:50:00-04:00,1.18023,TP,0.000192,5.41,3.787,3787.0
2021-07-18 20:55:00-04:00,SHORT,Breakout,1.1801,1.1802726873423968,1.17948,2021-07-18 21:00:00-04:00,1.1802726873423968,SL,0.00019,-1.0,-2.1003,-2100.25
2021-07-19 02:55:00-04:00,SHORT,Breakout,1.17964,1.179744325774075,1.17948,2021-07-19 03:00:00-04:00,1.179744325774075,SL,0.00019,-1.0,-2.8212,-2821.22
2021-07-19 14:55:00-04:00,SHORT,Breakout,1.17905,1.1792829732840802,1.1763,2021-07-19 15:00:00-04:00,1.1792829732840802,SL,0.000192,-1.0,-1.8241,-1824.13
2021-07-20 02:10:00-04:00,SHORT,Breakout,1.1777,1.177968823982541,1.1763,2021-07-20 02:15:00-04:00,1.177968823982541,SL,0.000192,-1.0,-1.7142,-1714.22
2021-07-20 02:45:00-04:00,SHORT,Breakout,1.17773,1.1779904952523585,1.1763,2021-07-20 03:05:00-04:00,1.1779904952523585,SL,0.000192,-1.0,-1.7371,-1737.06
2021-07-20 03:25:00-04:00,SHORT,Breakout,1.1776200000000001,1.1780146887030862,1.1763,2021-07-20 03:45:00-04:00,1.1780146887030862,SL,0.000192,-1.0,-1.4865,-1486.46
2021-07-20 09:50:00-04:00,SHORT,Breakout,1.17677,1.1772493003568099,1.17368,2021-07-20 09:55:00-04:00,1.1772493003568099,SL,0.00019,-1.0,-1.3964,-1396.41
2021-07-20 21:00:00-04:00,SHORT,Breakout,1.17768,1.1777451017471479,1.17752,2021-07-20 21:05:00-04:00,1.17752,TP,0.000192,2.4577,-0.4915,-491.54
2021-07-20 21:40:00-04:00,SHORT,Retest,1.17754,1.1777464739751093,1.1755,2021-07-21 03:05:00-04:00,1.1755,TP,0.000192,9.8802,8.9503,8950.28
2021-07-21 08:00:00-04:00,SHORT,Breakout,1.17664,1.1767661965242302,1.1751,2021-07-21 08:05:00-04:00,1.1767661965242302,SL,0.000192,-1.0,-2.5214,-2521.44
2021-07-21 09:10:00-04:00,SHORT,Retest,1.1766,1.1767757892658932,1.1751,2021-07-21 09:15:00-04:00,1.1767757892658932,SL,0.000192,-1.0,-2.0922,-2092.22
2021-07-21 22:30:00-04:00,SHORT,Bounce,1.17959,1.1797030710438023,1.1785700000000001,2021-07-22 00:05:00-04:00,1.1797030710438023,SL,0.000204,-1.0,-2.8042,-2804.18
2021-07-22 04:05:00-04:00,SHORT,Breakout,1.17824,1.1790372460195704,1.1758899999999999,2021-07-22 04:40:00-04:00,1.1790372460195704,SL,0.00019,-1.0,-1.2383,-1238.32
2021-07-22 08:00:00-04:00,SHORT,Breakout,1.17749,1.1785546902446862,1.1758899999999999,2021-07-22 08:30:00-04:00,1.1785546902446862,SL,0.00019,-1.0,-1.1785,-1178.46
2021-07-23 01:55:00-04:00,SHORT,Breakout,1.17636,1.1766631257767146,1.17594,2021-07-23 02:10:00-04:00,1.1766631257767146,SL,0.000194,-1.0,-1.64,-1640.0
2021-07-23 07:30:00-04:00,SHORT,Breakout,1.17588,1.1761795314794605,1.1751,2021-07-23 07:45:00-04:00,1.1761795314794605,SL,0.00019,-1.0,-1.6343,-1634.32
2021-07-25 21:10:00-04:00,SHORT,Breakout,1.17661,1.1766776166919466,1.17539,2021-07-25 21:15:00-04:00,1.1766776166919466,SL,0.000194,-1.0,-3.8691,-3869.11
2021-07-26 02:45:00-04:00,SHORT,Breakout,1.17746,1.1775518211458065,1.17698,2021-07-26 03:00:00-04:00,1.1775518211458065,SL,0.000192,-1.0,-3.091,-3091.02
2021-07-26 08:10:00-04:00,SHORT,Breakout,1.17859,1.1787376737677873,1.17661,2021-07-26 08:15:00-04:00,1.1787376737677873,SL,0.000194,-1.0,-2.3137,-2313.71
2021-07-26 08:45:00-04:00,SHORT,Retest,1.17823,1.1787421260558082,1.17661,2021-07-26 09:30:00-04:00,1.1787421260558082,SL,0.000192,-1.0,-1.3749,-1374.91
2021-07-26 19:10:00-04:00,SHORT,Bounce,1.18014,1.1804428827482925,1.17782,2021-07-26 19:45:00-04:00,1.1804428827482925,SL,0.000208,-1.0,-1.6867,-1686.73
2021-07-26 20:00:00-04:00,SHORT,Bounce,1.18029,1.1804437119064741,1.17981,2021-07-26 20:05:00-04:00,1.1804437119064741,SL,0.000206,-1.0,-2.3402,-2340.17
2021-07-27 01:00:00-04:00,SHORT,Breakout,1.17995,1.180009070256061,1.17981,2021-07-27 01:10:00-04:00,1.180009070256061,SL,0.0002,-1.0,-4.3858,-4385.8
2021-07-27 02:00:00-04:00,SHORT,Breakout,1.17971,1.1800146410499535,1.17782,2021-07-27 03:10:00-04:00,1.17782,TP,0.000192,6.204,5.5738,5573.77
2021-07-29 01:40:00-04:00,LONG,Breakout,1.18586,1.1856661878047166,1.18644,2021-07-29 01:50:00-04:00,1.1856661878047166,SL,0.000194,-1.0,-2.001,-2000.97
2021-07-29 02:10:00-04:00,LONG,Breakout,1.18611,1.1856544890760197,1.18644,2021-07-29 02:20:00-04:00,1.1856544890760197,SL,0.000192,-1.0,-1.4215,-1421.5
2021-07-29 08:30:00-04:00,LONG,Breakout,1.18825,1.1878227600069406,1.18941,2021-07-29 08:45:00-04:00,1.1878227600069406,SL,0.000192,-1.0,-1.4494,-1449.4
2021-07-29 08:50:00-04:00,LONG,Breakout,1.18802,1.1878138942773384,1.18941,2021-07-29 09:10:00-04:00,1.1878138942773384,SL,0.000192,-1.0,-1.9316,-1931.56
2021-07-29 09:45:00-04:00,LONG,Retest,1.18818,1.1878171413495247,1.1884299999999999,2021-07-29 10:00:00-04:00,1.1884299999999999,TP,0.000196,0.689,0.1488,148.82
2021-07-29 10:50:00-04:00,LONG,Breakout,1.18863,1.188345621452466,1.18941,2021-07-29 10:55:00-04:00,1.188345621452466,SL,0.000192,-1.0,-1.6752,-1675.16
2021-07-29 11:00:00-04:00,LONG,Breakout,1.18874,1.188341316456463,1.18941,2021-07-29 11:30:00-04:00,1.188341316456463,SL,0.00019,-1.0,-1.4766,-1476.57
2021-07-29 13:25:00-04:00,LONG,Retest,1.18848,1.188374346994076,1.189,2021-07-29 14:30:00-04:00,1.189,TP,0.000192,4.9218,3.1045,3104.5
2021-07-29 14:55:00-04:00,LONG,Breakout,1.18903,1.1889601170174116,1.18941,2021-07-29 15:20:00-04:00,1.1889601170174116,SL,0.000192,-1.0,-3.7474,-3747.45
2021-07-30 01:20:00-04:00,LONG,Bounce,1.1877,1.1876198137689196,1.18836,2021-07-30 01:30:00-04:00,1.1876198137689196,SL,0.000196,-1.0,-3.4443,-3444.31
2021-07-30 02:05:00-04:00,LONG,Breakout,1.18809,1.1880165356430081,1.18836,2021-07-30 02:10:00-04:00,1.1880165356430081,SL,0.000202,-1.0,-3.7496,-3749.63
2021-07-30 02:40:00-04:00,LONG,Breakout,1.18818,1.1880006802751988,1.18836,2021-07-30 02:45:00-04:00,1.18836,TP,0.000196,1.0038,-0.0892,-89.23
2021-08-01 18:40:00-04:00,LONG,Breakout,1.18673,1.186620915206032,1.18856,2021-08-01 19:00:00-04:00,1.186620915206032,SL,0.000214,-1.0,-2.9618,-2961.78
2021-08-02 01:45:00-04:00,LONG,Breakout,1.18731,1.1872339616011771,1.18856,2021-08-02 01:50:00-04:00,1.1872339616011771,SL,0.000198,-1.0,-3.6039,-3603.95
2021-08-02 02:55:00-04:00,LONG,Breakout,1.18815,1.1871956118037141,1.18856,2021-08-02 03:00:00-04:00,1.18856,TP,0.000196,0.4296,0.2242,224.23
2021-08-02 19:20:00-04:00,LONG,Breakout,1.1873,1.1871354746444918,1.1885,2021-08-02 19:45:00-04:00,1.1871354746444918,SL,0.000204,-1.0,-2.2399,-2239.93
2021-08-02 20:15:00-04:00,LONG,Breakout,1.18769,1.1874836566357814,1.1885,2021-08-02 20:25:00-04:00,1.1874836566357814,SL,0.000206,-1.0,-1.9983,-1998.34
2021-08-03 00:20:00-04:00,LONG,Breakout,1.18766,1.1875563452667,1.18775,2021-08-03 00:30:00-04:00,1.18775,TP,0.000194,0.8683,-1.0033,-1003.33
2021-08-03 03:30:00-04:00,LONG,Breakout,1.18789,1.1877611498327665,1.1885,2021-08-03 03:55:00-04:00,1.1877611498327665,SL,0.000192,-1.0,-2.4901,-2490.1
2021-08-03 18:50:00-04:00,LONG,Breakout,1.18677,1.186636665887244,1.18689,2021-08-03 19:00:00-04:00,1.186636665887244,SL,0.000196,-1.0,-2.47,-2469.99
2021-08-03 21:55:00-04:00,LONG,Breakout,1.18695,1.1868806808628125,1.1886700000000001,2021-08-03 22:05:00-04:00,1.1868806808628125,SL,0.000198,-1.0,-3.8564,-3856.35
2021-08-04 03:15:00-04:00,LONG,Breakout,1.18757,1.1874279403267745,1.1886700000000001,2021-08-04 03:20:00-04:00,1.1874279403267745,SL,0.000192,-1.0,-2.3515,-2351.54
2021-08-04 07:25:00-04:00,LONG,Breakout,1.186,1.1858906073454376,1.1879,2021-08-04 08:10:00-04:00,1.1858906073454376,SL,0.000198,-1.0,-2.81,-2809.99
2021-08-04 08:15:00-04:00,LONG,Breakout,1.18691,1.1858694365953786,1.1879,2021-08-04 08:35:00-04:00,1.1879,TP,0.000192,0.9514,0.7669,766.89
2021-08-08 18:00:00-04:00,SHORT,Breakout,1.17557,1.1756548458290237,1.17534,2021-08-08 18:05:00-04:00,1.1756548458290237,SL,0.00024,-1.0,-3.8287,-3828.66
2021-08-08 18:15:00-04:00,SHORT,Breakout,1.17549,1.1756559767807453,1.17534,2021-08-08 18:25:00-04:00,1.1756559767807453,SL,0.000208,-1.0,-2.2532,-2253.19
2021-08-08 18:45:00-04:00,SHORT,Breakout,1.17523,1.1756524231794752,1.1751,2021-08-08 18:50:00-04:00,1.1751,TP,0.000236,0.3077,-0.2509,-250.93
2021-08-09 03:00:00-04:00,SHORT,Bounce,1.17596,1.1760707796603085,1.17555,2021-08-09 03:05:00-04:00,1.17555,TP,0.000192,3.701,1.9679,1967.87
2021-08-09 07:35:00-04:00,SHORT,Bounce,1.17588,1.176257653729667,1.17511,2021-08-09 07:55:00-04:00,1.176257653729667,SL,0.000194,-1.0,-1.5137,-1513.7
2021-08-09 10:00:00-04:00,SHORT,Breakout,1.17542,1.1756214232077418,1.17511,2021-08-09 10:05:00-04:00,1.1756214232077418,SL,0.000194,-1.0,-1.9631,-1963.15
2021-08-09 20:00:00-04:00,SHORT,Breakout,1.17321,1.1734250885887476,1.17234,2021-08-09 20:15:00-04:00,1.1734250885887476,SL,0.000198,-1.0,-1.9206,-1920.55
2021-08-09 22:15:00-04:00,SHORT,Retest,1.17333,1.1734283856944663,1.17234,2021-08-09 22:40:00-04:00,1.1734283856944663,SL,0.000196,-1.0,-2.9922,-2992.16
2021-08-09 22:55:00-04:00,SHORT,Bounce,1.1737,1.1738795871942955,1.1731,2021-08-09 23:25:00-04:00,1.1738795871942955,SL,0.000202,-1.0,-2.1248,-2124.8
2021-08-09 23:55:00-04:00,SHORT,Bounce,1.17379,1.1738765963448385,1.1731,2021-08-10 01:30:00-04:00,1.1738765963448385,SL,0.00019,-1.0,-3.1941,-3194.09
2021-08-10 02:05:00-04:00,SHORT,Breakout,1.17344,1.1735242220512105,1.1731,2021-08-10 02:10:00-04:00,1.1735242220512105,SL,0.000198,-1.0,-3.3509,-3350.93
2021-08-10 02:15:00-04:00,SHORT,Breakout,1.17342,1.1735270588094622,1.1731,2021-08-10 02:20:00-04:00,1.1735270588094622,SL,0.000196,-1.0,-2.8308,-2830.77
2021-08-10 02:45:00-04:00,SHORT,Bounce,1.17387,1.1739467927127303,1.1731,2021-08-10 02:50:00-04:00,1.1739467927127303,SL,0.000196,-1.0,-3.5523,-3552.33
2021-08-10 07:00:00-04:00,SHORT,Breakout,1.1723,1.1725652767676544,1.17114,2021-08-10 09:45:00-04:00,1.17114,TP,0.00019,4.3728,3.6566,3656.56
2021-08-10 10:25:00-04:00,SHORT,Breakout,1.1714,1.171764185786198,1.17036,2021-08-10 10:55:00-04:00,1.171764185786198,SL,0.00019,-1.0,-1.5217,-1521.71
2021-08-10 20:20:00-04:00,SHORT,Breakout,1.17145,1.1715490725756807,1.17135,2021-08-10 20:25:00-04:00,1.1715490725756807,SL,0.00019,-1.0,-2.9178,-2917.79
2021-08-10 20:45:00-04:00,SHORT,Breakout,1.1714,1.1715493323575041,1.17089,2021-08-10 20:50:00-04:00,1.1715493323575041,SL,0.0002,-1.0,-2.3393,-2339.29
2021-08-11 01:50:00-04:00,SHORT,Breakout,1.17154,1.1716357580167158,1.17109,2021-08-11 01:55:00-04:00,1.1716357580167158,SL,0.000196,-1.0,-3.0468,-3046.83
2021-08-11 02:00:00-04:00,SHORT,Breakout,1.17136,1.1716396893103314,1.17109,2021-08-11 02:10:00-04:00,1.17109,TP,0.0002,0.9654,0.2503,250.28
2021-08-11 04:25:00-04:00,SHORT,Retest,1.17136,1.171671151658716,1.17052,2021-08-11 07:45:00-04:00,1.171671151658716,SL,0.000196,-1.0,-1.6299,-1629.92
2021-08-11 08:25:00-04:00,SHORT,Bounce,1.17163,1.171806520656073,1.17075,2021-08-11 08:30:00-04:00,1.171806520656073,SL,0.000192,-1.0,-2.0877,-2087.69
2021-08-11 20:00:00-04:00,SHORT,Bounce,1.17399,1.174205780256894,1.17342,2021-08-11 20:05:00-04:00,1.174205780256894,SL,0.000196,-1.0,-1.9083,-1908.33
2021-08-12 02:15:00-04:00,SHORT,Breakout,1.1738,1.1738674296655842,1.17334,2021-08-12 02:20:00-04:00,1.1738674296655842,SL,0.000194,-1.0,-3.8771,-3877.07
2021-08-12 02:35:00-04:00,SHORT,Breakout,1.17374,1.1738748546615667,1.17334,2021-08-12 03:00:00-04:00,1.17334,TP,0.000196,2.9662,1.5127,1512.74
2021-08-12 08:40:00-04:00,SHORT,Breakout,1.17272,1.17337628417066,1.17075,2021-08-12 08:50:00-04:00,1.17337628417066,SL,0.000198,-1.0,-1.3017,-1301.7
2021-08-12 09:20:00-04:00,SHORT,Retest,1.17315,1.1733808372295447,1.17075,2021-08-12 09:30:00-04:00,1.1733808372295447,SL,0.00019,-1.0,-1.8231,-1823.09
2021-08-12 19:55:00-04:00,SHORT,Bounce,1.17348,1.173634660390515,1.17275,2021-08-12 21:00:00-04:00,1.173634660390515,SL,0.000184,-1.0,-2.1897,-2189.7
2021-08-13 01:50:00-04:00,SHORT,Breakout,1.17367,1.1737230008151212,1.17316,2021-08-13 02:30:00-04:00,1.1737230008151212,SL,0.000202,-1.0,-4.8113,-4811.26
2021-08-13 02:55:00-04:00,SHORT,Breakout,1.1732,1.1733664154197998,1.17275,2021-08-13 03:00:00-04:00,1.1733664154197998,SL,0.00019,-1.0,-2.1417,-2141.72
2021-08-17 02:10:00-04:00,SHORT,Breakout,1.1764999999999999,1.1766547004365764,1.17292,2021-08-17 02:20:00-04:00,1.1766547004365764,SL,0.000202,-1.0,-2.3057,-2305.75
2021-08-17 03:10:00-04:00,SHORT,Breakout,1.17648,1.1766853045232275,1.17292,2021-08-17 03:20:00-04:00,1.1766853045232275,SL,0.00019,-1.0,-1.9255,-1925.45
2021-08-17 07:55:00-04:00,SHORT,Breakout,1.17616,1.176430944719443,1.17593,2021-08-17 08:05:00-04:00,1.176430944719443,SL,0.00019,-1.0,-1.7013,-1701.25
2021-08-17 08:25:00-04:00,SHORT,Breakout,1.17615,1.1764312137422956,1.17593,2021-08-17 08:30:00-04:00,1.1764312137422956,SL,0.000192,-1.0,-1.6828,-1682.75
2021-08-17 18:10:00-04:00,SHORT,Breakout,1.1705,1.1706902053341666,1.17036,2021-08-17 18:20:00-04:00,1.17036,TP,0.000214,0.736,-0.3891,-389.05
2021-08-18 07:05:00-04:00,SHORT,Breakout,1.17097,1.1712496955959026,1.17009,2021-08-18 07:45:00-04:00,1.1712496955959026,SL,0.00019,-1.0,-1.6793,-1679.31
2021-08-19 01:15:00-04:00,SHORT,Bounce,1.16766,1.1677525250957679,1.16648,2021-08-19 01:30:00-04:00,1.1677525250957679,SL,0.00019,-1.0,-3.0535,-3053.5
2021-08-19 03:00:00-04:00,SHORT,Bounce,1.16784,1.1680704851402988,1.16678,2021-08-19 03:10:00-04:00,1.1680704851402988,SL,0.00019,-1.0,-1.8243,-1824.35
2021-08-19 03:10:00-04:00,SHORT,Bounce,1.16775,1.1680736632077067,1.16678,2021-08-19 03:50:00-04:00,1.1680736632077067,SL,0.00019,-1.0,-1.587,-1587.03
2021-08-19 08:15:00-04:00,SHORT,Bounce,1.16955,1.1697595543447985,1.16883,2021-08-19 08:30:00-04:00,1.1697595543447985,SL,0.00019,-1.0,-1.9067,-1906.69
2021-08-19 10:05:00-04:00,SHORT,Breakout,1.16886,1.1694223060705788,1.16791,2021-08-19 10:20:00-04:00,1.1694223060705788,SL,0.00019,-1.0,-1.3379,-1337.89
2021-08-19 13:30:00-04:00,SHORT,Breakout,1.16773,1.167852648678229,1.16702,2021-08-19 13:35:00-04:00,1.167852648678229,SL,0.00019,-1.0,-2.5491,-2549.14
2021-08-19 13:55:00-04:00,SHORT,Breakout,1.16766,1.1678452979556244,1.16702,2021-08-19 15:05:00-04:00,1.1678452979556244,SL,0.000192,-1.0,-2.0362,-2036.17
2021-08-20 01:55:00-04:00,SHORT,Bounce,1.16859,1.16867268523304,1.16748,2021-08-20 04:25:00-04:00,1.16748,TP,0.000198,13.4244,11.0298,11029.78
2021-08-20 07:50:00-04:00,SHORT,Breakout,1.1669,1.1670251275669694,1.16648,2021-08-20 08:05:00-04:00,1.1670251275669694,SL,0.000196,-1.0,-2.5664,-2566.4
2021-08-20 08:55:00-04:00,SHORT,Breakout,1.16673,1.1670357611066189,1.16273,2021-08-20 09:05:00-04:00,1.1670357611066189,SL,0.00019,-1.0,-1.6214,-1621.4
2021-08-20 09:35:00-04:00,SHORT,Bounce,1.16811,1.1683261139346068,1.16273,2021-08-20 09:40:00-04:00,1.1683261139346068,SL,0.00019,-1.0,-1.8792,-1879.17
2021-08-23 02:05:00-04:00,SHORT,Breakout,1.17145,1.1715610136679397,1.16919,2021-08-23 02:15:00-04:00,1.1715610136679397,SL,0.000192,-1.0,-2.7295,-2729.52
2021-08-23 02:20:00-04:00,SHORT,Breakout,1.17133,1.1715634427946298,1.16919,2021-08-23 03:35:00-04:00,1.1715634427946298,SL,0.000194,-1.0,-1.831,-1831.04
2021-08-23 03:40:00-04:00,SHORT,Bounce,1.17195,1.1722503017537462,1.16919,2021-08-23 03:45:00-04:00,1.1722503017537462,SL,0.00019,-1.0,-1.6327,-1632.7
2021-08-23 20:55:00-04:00,SHORT,Breakout,1.17382,1.1741444882384182,1.1728399999999999,2021-08-23 22:55:00-04:00,1.1741444882384182,SL,0.0002,-1.0,-1.6164,-1616.36
2021-08-29 18:05:00-04:00,LONG,Breakout,1.17984,1.179706157345726,1.1801,2021-08-29 18:20:00-04:00,1.179706157345726,SL,0.00019,-1.0,-2.4196,-2419.58
2021-08-30 20:15:00-04:00,LONG,Breakout,1.17986,1.1797510457256701,1.18032,2021-08-30 20:20:00-04:00,1.1797510457256701,SL,0.000198,-1.0,-2.8173,-2817.28
2021-08-30 20:25:00-04:00,LONG,Breakout,1.17984,1.1797487179981543,1.18032,2021-08-30 20:30:00-04:00,1.1797487179981543,SL,0.000188,-1.0,-3.0596,-3059.55
2021-08-31 01:40:00-04:00,LONG,Breakout,1.18241,1.182342495889664,1.18291,2021-08-31 01:55:00-04:00,1.182342495889664,SL,0.000192,-1.0,-3.8443,-3844.27
2021-08-31 03:00:00-04:00,LONG,Breakout,1.18278,1.182331537100216,1.18334,2021-08-31 03:25:00-04:00,1.182331537100216,SL,0.00019,-1.0,-1.4237,-1423.67
2021-08-31 05:05:00-04:00,LONG,Retest,1.1826,1.1823194384563553,1.18306,2021-08-31 05:30:00-04:00,1.1823194384563553,SL,0.000192,-1.0,-1.6843,-1684.34
2021-08-31 06:45:00-04:00,LONG,Breakout,1.18297,1.1828415554367349,1.18378,2021-08-31 06:50:00-04:00,1.1828415554367349,SL,0.00019,-1.0,-2.4792,-2479.24
2021-08-31 09:30:00-04:00,LONG,Bounce,1.18235,1.1817997737262347,1.18441,2021-08-31 10:45:00-04:00,1.1817997737262347,SL,0.00019,-1.0,-1.3453,-1345.31
2021-08-31 10:50:00-04:00,LONG,Bounce,1.18178,1.1814276624719753,1.18441,2021-08-31 10:55:00-04:00,1.1814276624719753,SL,0.00019,-1.0,-1.5393,-1539.26
2021-08-31 18:05:00-04:00,LONG,Breakout,1.181,1.1808744425974298,1.18122,2021-08-31 18:25:00-04:00,1.1808744425974298,SL,0.000226,-1.0,-2.8,-2799.97
2021-08-31 18:35:00-04:00,LONG,Breakout,1.18095,1.1808777052940922,1.18122,2021-08-31 18:40:00-04:00,1.1808777052940922,SL,0.000186,-1.0,-3.5728,-3572.8
2021-08-31 19:50:00-04:00,LONG,Breakout,1.18108,1.1810117023779156,1.18122,2021-08-31 19:55:00-04:00,1.1810117023779156,SL,0.000186,-1.0,-3.7234,-3723.37
2021-09-01 02:55:00-04:00,LONG,Breakout,1.18081,1.1804676664595115,1.18109,2021-09-01 03:00:00-04:00,1.18109,TP,0.00019,0.8179,0.2629,262.9
2021-09-01 08:15:00-04:00,LONG,Breakout,1.18239,1.1821808008334023,1.1832,2021-09-01 08:20:00-04:00,1.1821808008334023,SL,0.00019,-1.0,-1.9082,-1908.23
2021-09-01 08:25:00-04:00,LONG,Breakout,1.18252,1.18217378235125,1.1832,2021-09-01 08:40:00-04:00,1.1832,TP,0.00019,1.9641,1.4153,1415.29
2021-09-01 20:00:00-04:00,LONG,Breakout,1.18431,1.184096104309082,1.18465,2021-09-01 20:25:00-04:00,1.184096104309082,SL,0.000196,-1.0,-1.9163,-1916.33
2021-09-01 20:50:00-04:00,LONG,Breakout,1.18438,1.1840847640970757,1.18465,2021-09-01 21:35:00-04:00,1.1840847640970757,SL,0.000204,-1.0,-1.691,-1690.97
2021-09-01 22:45:00-04:00,LONG,Bounce,1.18395,1.1838575552794512,1.18454,2021-09-01 22:50:00-04:00,1.1838575552794512,SL,0.000194,-1.0,-3.0986,-3098.55
2021-09-02 02:40:00-04:00,LONG,Breakout,1.18412,1.1839565381258668,1.18465,2021-09-02 03:10:00-04:00,1.1839565381258668,SL,0.00019,-1.0,-2.1624,-2162.35
2021-09-02 03:30:00-04:00,LONG,Breakout,1.18496,1.1845063541331478,1.18553,2021-09-02 03:45:00-04:00,1.1845063541331478,SL,0.00019,-1.0,-1.4188,-1418.83
2021-09-02 04:50:00-04:00,LONG,Retest,1.1846700000000001,1.1845034383968518,1.18508,2021-09-02 04:55:00-04:00,1.1845034383968518,SL,0.000198,-1.0,-2.1887,-2188.75
2021-09-02 07:05:00-04:00,LONG,Breakout,1.18523,1.1850225756192354,1.18553,2021-09-02 07:10:00-04:00,1.1850225756192354,SL,0.00019,-1.0,-1.916,-1916.0
2021-09-02 09:25:00-04:00,LONG,Retest,1.18516,1.1850154858243689,1.18549,2021-09-02 09:40:00-04:00,1.18549,TP,0.00019,2.2835,0.9688,968.76
2021-09-02 14:05:00-04:00,LONG,Breakout,1.1871,1.186955607112148,1.18987,2021-09-02 14:35:00-04:00,1.186955607112148,SL,0.00019,-1.0,-2.3159,-2315.85
2021-09-02 20:05:00-04:00,LONG,Breakout,1.18753,1.1874885875043442,1.18987,2021-09-02 20:10:00-04:00,1.1874885875043442,SL,0.0002,-1.0,-5.8295,-5829.46
2021-09-03 01:45:00-04:00,LONG,Breakout,1.18796,1.1878989991956679,1.18833,2021-09-03 01:50:00-04:00,1.1878989991956679,SL,0.0002,-1.0,-4.2786,-4278.65
2021-09-03 03:15:00-04:00,LONG,Bounce,1.18776,1.1874023948032462,1.18833,2021-09-03 03:40:00-04:00,1.1874023948032462,SL,0.00019,-1.0,-1.5313,-1531.31
2021-09-03 08:30:00-04:00,LONG,Breakout,1.18954,1.1875574991959468,1.19105,2021-09-03 08:35:00-04:00,1.1875574991959468,SL,0.00019,-1.0,-1.0958,-1095.84
2021-09-06 01:55:00-04:00,LONG,Breakout,1.18706,1.186938529146408,1.18854,2021-09-06 02:00:00-04:00,1.186938529146408,SL,0.000192,-1.0,-2.5806,-2580.63
2021-09-06 02:15:00-04:00,LONG,Breakout,1.18701,1.1869327881338652,1.18854,2021-09-06 03:00:00-04:00,1.1869327881338652,SL,0.00019,-1.0,-3.4608,-3460.76
2021-09-06 03:05:00-04:00,LONG,Breakout,1.18703,1.1869281735930757,1.18854,2021-09-06 03:10:00-04:00,1.1869281735930757,SL,0.00019,-1.0,-2.8659,-2865.92
2021-09-06 10:55:00-04:00,LONG,Bounce,1.18615,1.1858620498019918,1.18701,2021-09-06 12:55:00-04:00,1.18701,TP,0.00019,2.9866,2.3268,2326.79
2021-09-06 16:20:00-04:00,LONG,Bounce,1.1868,1.1866121081840781,1.18691,2021-09-06 17:00:00-04:00,1.18691,TP,0.000272,0.5854,-0.8622,-862.2
2021-09-06 17:55:00-04:00,LONG,Bounce,1.18692,1.1865288567385945,1.18706,2021-09-06 18:00:00-04:00,1.18706,TP,0.000342,0.3579,-0.5164,-516.43
2021-09-07 20:05:00-04:00,LONG,Bounce,1.1841599999999999,1.1840329622584835,1.18445,2021-09-07 20:10:00-04:00,1.1840329622584835,SL,0.000198,-1.0,-2.5586,-2558.59
2021-09-08 10:05:00-04:00,LONG,Bounce,1.18163,1.181047327904151,1.18285,2021-09-08 10:20:00-04:00,1.181047327904151,SL,0.00019,-1.0,-1.3261,-1326.08
2021-09-08 13:00:00-04:00,LONG,Breakout,1.182,1.181751083444782,1.18285,2021-09-08 13:05:00-04:00,1.181751083444782,SL,0.00019,-1.0,-1.7633,-1763.31
2021-09-08 13:15:00-04:00,LONG,Retest,1.1820599999999999,1.1817492792741204,1.18279,2021-09-08 14:15:00-04:00,1.18279,TP,0.00019,2.3494,1.7379,1737.9
2021-09-17 05:50:00-04:00,SHORT,Bounce,1.17785,1.1782996419809604,1.1767400000000001,2021-09-17 06:00:00-04:00,1.1782996419809604,SL,0.000194,-1.0,-1.4315,-1431.45
2021-09-17 08:55:00-04:00,SHORT,Breakout,1.17727,1.1775477658294489,1.1767400000000001,2021-09-17 09:10:00-04:00,1.1767400000000001,TP,0.00019,1.9081,1.2241,1224.05
2021-09-17 13:55:00-04:00,SHORT,Retest,1.17261,1.1728356442946468,1.17235,2021-09-17 14:05:00-04:00,1.1728356442946468,SL,0.0002,-1.0,-1.8864,-1886.35
2021-09-19 18:15:00-04:00,SHORT,Breakout,1.17233,1.1725122933588001,1.17151,2021-09-19 18:40:00-04:00,1.1725122933588001,SL,0.0002,-1.0,-2.0971,-2097.13
2021-09-20 02:35:00-04:00,SHORT,Bounce,1.17105,1.1714432549581362,1.17086,2021-09-20 02:40:00-04:00,1.1714432549581362,SL,0.000194,-1.0,-1.4933,-1493.32
2021-09-20 03:05:00-04:00,SHORT,Bounce,1.17121,1.1717638166233917,1.17086,2021-09-20 03:15:00-04:00,1.17086,TP,0.000194,0.632,0.2817,281.68
2021-09-20 03:20:00-04:00,SHORT,Breakout,1.17079,1.170918253324195,1.17051,2021-09-20 03:25:00-04:00,1.17051,TP,0.00019,2.1832,0.7017,701.74
2021-09-20 05:05:00-04:00,SHORT,Retest,1.1706699999999999,1.170928684220034,1.16919,2021-09-20 06:05:00-04:00,1.170928684220034,SL,0.000194,-1.0,-1.7499,-1749.95
2021-09-20 09:30:00-04:00,SHORT,Bounce,1.17107,1.171608669346789,1.17024,2021-09-20 09:35:00-04:00,1.171608669346789,SL,0.00019,-1.0,-1.3527,-1352.72
2021-09-21 01:55:00-04:00,SHORT,Bounce,1.17326,1.173428033890842,1.17288,2021-09-21 02:10:00-04:00,1.173428033890842,SL,0.0002,-1.0,-2.1902,-2190.24
2021-09-21 03:00:00-04:00,SHORT,Breakout,1.17256,1.1729305355242263,1.17224,2021-09-21 03:05:00-04:00,1.1729305355242263,SL,0.000194,-1.0,-1.5236,-1523.57
2021-09-21 08:15:00-04:00,SHORT,Bounce,1.17356,1.1738757642179398,1.1729,2021-09-21 08:20:00-04:00,1.1738757642179398,SL,0.000192,-1.0,-1.608,-1608.05
2021-09-21 10:05:00-04:00,SHORT,Breakout,1.17205,1.1729952658575387,1.17173,2021-09-21 10:30:00-04:00,1.17173,TP,0.00019,0.3385,0.1375,137.53
2021-09-21 14:00:00-04:00,SHORT,Bounce,1.17269,1.1729388132458027,1.17139,2021-09-21 15:30:00-04:00,1.1729388132458027,SL,0.000194,-1.0,-1.7797,-1779.7
2021-09-21 21:00:00-04:00,SHORT,Breakout,1.17168,1.1718731433872456,1.17139,2021-09-21 21:05:00-04:00,1.1718731433872456,SL,0.000198,-1.0,-2.0251,-2025.15
2021-09-22 07:55:00-04:00,SHORT,Breakout,1.1724999999999999,1.172791910799457,1.1723,2021-09-22 08:00:00-04:00,1.172791910799457,SL,0.000192,-1.0,-1.6577,-1657.74
2021-09-22 09:30:00-04:00,SHORT,Retest,1.17255,1.1728028157911339,1.17233,2021-09-22 09:40:00-04:00,1.17233,TP,0.000192,0.8702,0.1108,110.75
2021-09-22 14:35:00-04:00,SHORT,Breakout,1.17168,1.1725129249442883,1.16994,2021-09-22 14:45:00-04:00,1.16994,TP,0.000198,2.089,1.8513,1851.31
2021-09-23 09:00:00-04:00,SHORT,Bounce,1.17262,1.1732570504985889,1.17105,2021-09-23 09:40:00-04:00,1.1732570504985889,SL,0.00019,-1.0,-1.2982,-1298.25
2021-09-23 21:55:00-04:00,SHORT,Breakout,1.17379,1.1738683540903505,1.17326,2021-09-23 22:00:00-04:00,1.1738683540903505,SL,0.0002,-1.0,-3.5525,-3552.52
2021-09-23 22:15:00-04:00,SHORT,Retest,1.17371,1.173867098791506,1.17326,2021-09-23 22:30:00-04:00,1.173867098791506,SL,0.000202,-1.0,-2.2858,-2285.82
2021-09-24 01:55:00-04:00,SHORT,Breakout,1.1736,1.1737220853234316,1.17326,2021-09-24 02:00:00-04:00,1.1737220853234316,SL,0.000192,-1.0,-2.5727,-2572.67
2021-09-24 04:10:00-04:00,SHORT,Retest,1.17342,1.1737518847788946,1.17301,2021-09-24 04:20:00-04:00,1.17301,TP,0.000194,1.2354,0.6508,650.83
2021-09-24 07:10:00-04:00,SHORT,Breakout,1.17253,1.1730597965384775,1.17105,2021-09-24 08:30:00-04:00,1.17105,TP,0.000192,2.7935,2.4311,2431.12
2021-09-26 17:20:00-04:00,SHORT,Breakout,1.17103,1.1712639946796604,1.17035,2021-09-26 17:25:00-04:00,1.1712639946796604,SL,0.000286,-1.0,-2.2223,-2222.25
2021-09-27 02:05:00-04:00,SHORT,Breakout,1.17143,1.1717870868429228,1.1709,2021-09-27 02:10:00-04:00,1.1717870868429228,SL,0.000196,-1.0,-1.5489,-1548.89
2021-09-27 02:20:00-04:00,SHORT,Breakout,1.17143,1.1717965079423838,1.1709,2021-09-27 02:35:00-04:00,1.1717965079423838,SL,0.000202,-1.0,-1.5511,-1551.15
2021-09-27 14:55:00-04:00,SHORT,Breakout,1.16981,1.1699730498095184,1.16958,2021-09-27 16:45:00-04:00,1.16958,TP,0.0002,1.4106,0.184,183.99
2021-09-27 16:50:00-04:00,SHORT,Breakout,1.16952,1.169622727245444,1.16897,2021-09-27 17:05:00-04:00,1.169622727245444,SL,0.000192,-1.0,-2.869,-2869.03
2021-09-28 02:15:00-04:00,SHORT,Breakout,1.16873,1.169029996061146,1.16841,2021-09-28 02:25:00-04:00,1.16841,TP,0.000198,1.0667,0.4067,406.67
2021-09-28 10:15:00-04:00,SHORT,Bounce,1.16841,1.1688197849919544,1.16704,2021-09-28 10:20:00-04:00,1.1688197849919544,SL,0.000194,-1.0,-1.4734,-1473.42
2021-09-29 02:00:00-04:00,SHORT,Breakout,1.16798,1.1681836783643662,1.1677,2021-09-29 02:05:00-04:00,1.1681836783643662,SL,0.000196,-1.0,-1.9623,-1962.3
2021-09-29 02:20:00-04:00,SHORT,Breakout,1.16805,1.168192405137564,1.1677,2021-09-29 02:25:00-04:00,1.168192405137564,SL,0.000194,-1.0,-2.3623,-2362.31
2021-09-29 13:55:00-04:00,SHORT,Breakout,1.15939,1.160035355530261,1.15805,2021-09-29 14:20:00-04:00,1.160035355530261,SL,0.000196,-1.0,-1.3037,-1303.71
2021-09-29 18:05:00-04:00,SHORT,Bounce,1.15962,1.159758632033754,1.1590799999999999,2021-09-29 18:25:00-04:00,1.159758632033754,SL,0.000204,-1.0,-2.4715,-2471.52
2021-09-29 18:35:00-04:00,SHORT,Bounce,1.15968,1.1597480195829082,1.1590799999999999,2021-09-29 18:40:00-04:00,1.1597480195829082,SL,0.00018,-1.0,-3.6463,-3646.3
2021-09-30 01:50:00-04:00,SHORT,Breakout,1.15966,1.160079006821547,1.1590799999999999,2021-09-30 02:15:00-04:00,1.160079006821547,SL,0.000192,-1.0,-1.4582,-1458.23
2021-09-30 02:25:00-04:00,SHORT,Breakout,1.15984,1.1600870476886809,1.1590799999999999,2021-09-30 02:40:00-04:00,1.1600870476886809,SL,0.000202,-1.0,-1.8177,-1817.66
2021-09-30 03:05:00-04:00,SHORT,Breakout,1.15929,1.1594698931131842,1.1590799999999999,2021-09-30 03:10:00-04:00,1.1590799999999999,TP,0.00019,1.1674,0.1112,111.18
2021-09-30 06:20:00-04:00,SHORT,Breakout,1.15845,1.1591253378586905,1.15805,2021-09-30 06:25:00-04:00,1.15805,TP,0.000194,0.5923,0.305,305.03
2021-10-01 00:25:00-04:00,SHORT,Bounce,1.15769,1.157864976929259,1.1562000000000001,2021-10-01 00:55:00-04:00,1.157864976929259,SL,0.000198,-1.0,-2.1316,-2131.58
2021-10-01 01:05:00-04:00,SHORT,Bounce,1.1577600000000001,1.157866798938252,1.15737,2021-10-01 01:15:00-04:00,1.157866798938252,SL,0.00021,-1.0,-2.9663,-2966.31
2021-10-01 02:10:00-04:00,SHORT,Bounce,1.15787,1.1581509707741233,1.1562000000000001,2021-10-01 02:30:00-04:00,1.1581509707741233,SL,0.000194,-1.0,-1.6905,-1690.46
2021-10-01 02:30:00-04:00,SHORT,Bounce,1.15792,1.158162730796536,1.15735,2021-10-01 02:45:00-04:00,1.158162730796536,SL,0.00019,-1.0,-1.7828,-1782.76
2021-10-04 10:10:00-04:00,SHORT,Bounce,1.16353,1.163995648828525,1.1623,2021-10-04 10:55:00-04:00,1.1623,TP,0.00019,2.6415,2.2334,2233.44
2021-10-04 20:20:00-04:00,SHORT,Breakout,1.1614,1.1615266975362784,1.16129,2021-10-04 20:40:00-04:00,1.16129,TP,0.000202,0.8682,-0.7261,-726.14
2021-10-05 06:50:00-04:00,SHORT,Breakout,1.15912,1.1595495544031755,1.1589,2021-10-05 07:00:00-04:00,1.1595495544031755,SL,0.000202,-1.0,-1.4703,-1470.25
2021-10-05 07:35:00-04:00,SHORT,Bounce,1.1601,1.160295735284771,1.1589,2021-10-05 08:00:00-04:00,1.160295735284771,SL,0.00019,-1.0,-1.9707,-1970.7
2021-10-05 09:05:00-04:00,SHORT,Breakout,1.15854,1.1589990786529467,1.15828,2021-10-05 09:15:00-04:00,1.1589990786529467,SL,0.00019,-1.0,-1.4139,-1413.87
2021-10-05 09:30:00-04:00,SHORT,Breakout,1.15871,1.1589978393754994,1.15828,2021-10-05 09:40:00-04:00,1.1589978393754994,SL,0.000192,-1.0,-1.667,-1667.04
2021-10-05 09:40:00-04:00,SHORT,Breakout,1.15871,1.158998637012548,1.15828,2021-10-05 09:45:00-04:00,1.158998637012548,SL,0.000192,-1.0,-1.6652,-1665.2
2021-10-05 10:00:00-04:00,SHORT,Breakout,1.15832,1.1585966134869685,1.1571500000000001,2021-10-05 10:05:00-04:00,1.1585966134869685,SL,0.000192,-1.0,-1.6941,-1694.11
2021-10-05 21:25:00-04:00,SHORT,Breakout,1.15902,1.1591401308617368,1.15795,2021-10-05 22:20:00-04:00,1.1591401308617368,SL,0.000204,-1.0,-2.6981,-2698.15
2021-10-06 00:15:00-04:00,SHORT,Breakout,1.1586,1.1587239696641178,1.15795,2021-10-06 01:10:00-04:00,1.1587239696641178,SL,0.00021,-1.0,-2.694,-2693.96
2021-10-06 01:55:00-04:00,SHORT,Breakout,1.15812,1.1582686982239396,1.15795,2021-10-06 02:00:00-04:00,1.1582686982239396,SL,0.000198,-1.0,-2.3316,-2331.56
2021-10-07 02:20:00-04:00,SHORT,Bounce,1.15539,1.155637429152866,1.15478,2021-10-07 02:30:00-04:00,1.155637429152866,SL,0.000208,-1.0,-1.8406,-1840.64
2021-10-07 07:25:00-04:00,SHORT,Bounce,1.15674,1.1570154218386597,1.1554,2021-10-07 07:35:00-04:00,1.1570154218386597,SL,0.000192,-1.0,-1.6971,-1697.11
2021-10-07 08:30:00-04:00,SHORT,Breakout,1.15527,1.1556191734065786,1.1548,2021-10-07 08:45:00-04:00,1.1556191734065786,SL,0.000196,-1.0,-1.5613,-1561.33
2021-10-07 14:55:00-04:00,SHORT,Breakout,1.15503,1.1552160456499347,1.15465,2021-10-07 15:00:00-04:00,1.1552160456499347,SL,0.000204,-1.0,-2.0965,-2096.51
2021-10-07 17:20:00-04:00,SHORT,Retest,1.1550799999999999,1.1552135303385709,1.15483,2021-10-07 17:35:00-04:00,1.1552135303385709,SL,0.000364,-1.0,-3.726,-3725.97
2021-10-07 20:40:00-04:00,SHORT,Breakout,1.15523,1.155327289454411,1.15492,2021-10-07 20:45:00-04:00,1.155327289454411,SL,0.000202,-1.0,-3.0763,-3076.28
2021-10-07 23:30:00-04:00,SHORT,Breakout,1.15491,1.155000968212672,1.15483,2021-10-07 23:35:00-04:00,1.155000968212672,SL,0.000208,-1.0,-3.2865,-3286.51
2021-10-08 01:55:00-04:00,SHORT,Breakout,1.15408,1.154905696493416,1.1531500000000001,2021-10-08 03:10:00-04:00,1.154905696493416,SL,0.000204,-1.0,-1.2471,-1247.06
2021-10-08 03:20:00-04:00,SHORT,Retest,1.15468,1.1549168248301986,1.15404,2021-10-08 04:35:00-04:00,1.1549168248301986,SL,0.000194,-1.0,-1.8192,-1819.17
2021-10-08 08:15:00-04:00,SHORT,Bounce,1.15667,1.1568753230681657,1.15422,2021-10-08 08:30:00-04:00,1.1568753230681657,SL,0.000202,-1.0,-1.9838,-1983.82
2021-10-11 04:20:00-04:00,SHORT,Breakout,1.15652,1.1570894971933203,1.15625,2021-10-11 04:40:00-04:00,1.1570894971933203,SL,0.000196,-1.0,-1.3442,-1344.16
2021-10-12 06:15:00-04:00,SHORT,Breakout,1.15537,1.1555223010745799,1.15468,2021-10-12 06:45:00-04:00,1.1555223010745799,SL,0.000202,-1.0,-2.3263,-2326.32
2021-10-12 08:25:00-04:00,SHORT,Breakout,1.1546,1.1549704628565802,1.15422,2021-10-12 08:30:00-04:00,1.15422,TP,0.00019,1.0257,0.5129,512.87
2021-10-12 18:30:00-04:00,SHORT,Bounce,1.15312,1.153261925034107,1.15239,2021-10-12 20:05:00-04:00,1.153261925034107,SL,0.000198,-1.0,-2.3951,-2395.1
2021-10-13 02:25:00-04:00,SHORT,Breakout,1.15485,1.1549439826777208,1.15287,2021-10-13 02:35:00-04:00,1.1549439826777208,SL,0.000196,-1.0,-3.0855,-3085.49
2021-10-13 02:35:00-04:00,SHORT,Breakout,1.15475,1.1549476891455859,1.15287,2021-10-13 02:40:00-04:00,1.1549476891455859,SL,0.000196,-1.0,-1.9915,-1991.46
2021-10-13 08:30:00-04:00,SHORT,Breakout,1.15438,1.1557256063541645,1.15287,2021-10-13 09:20:00-04:00,1.1557256063541645,SL,0.00019,-1.0,-1.1412,-1141.2
2021-10-13 09:30:00-04:00,SHORT,Bounce,1.15615,1.1565578584152953,1.15353,2021-10-13 09:35:00-04:00,1.1565578584152953,SL,0.00019,-1.0,-1.4658,-1465.85
2021-10-13 21:00:00-04:00,SHORT,Bounce,1.15983,1.1598831676617185,1.15934,2021-10-13 21:05:00-04:00,1.1598831676617185,SL,0.000202,-1.0,-4.7993,-4799.3
2021-10-18 02:00:00-04:00,SHORT,Breakout,1.15764,1.1577079048146264,1.15658,2021-10-18 02:05:00-04:00,1.1577079048146264,SL,0.000202,-1.0,-3.9748,-3974.75
2021-10-18 03:00:00-04:00,SHORT,Retest,1.1575,1.1577160395031363,1.15658,2021-10-18 03:05:00-04:00,1.1577160395031363,SL,0.000198,-1.0,-1.9165,-1916.5
2021-10-19 02:30:00-04:00,LONG,Breakout,1.16561,1.165355426364193,1.16578,2021-10-19 02:35:00-04:00,1.165355426364193,SL,0.000194,-1.0,-1.7621,-1762.06
2021-10-19 20:25:00-04:00,LONG,Bounce,1.1630099999999999,1.1627772512750363,1.16353,2021-10-19 20:30:00-04:00,1.1627772512750363,SL,0.000194,-1.0,-1.8335,-1833.52
2021-10-19 21:05:00-04:00,LONG,Breakout,1.16361,1.1634832624928013,1.16434,2021-10-19 21:20:00-04:00,1.16434,TP,0.000196,5.7599,4.2134,4213.43
2021-10-19 22:45:00-04:00,LONG,Retest,1.16368,1.163481800511951,1.1647,2021-10-20 00:15:00-04:00,1.1647,TP,0.0002,5.1463,4.1372,4137.25
2021-10-20 00:25:00-04:00,LONG,Breakout,1.16483,1.1646603649108107,1.16575,2021-10-20 01:20:00-04:00,1.1646603649108107,SL,0.0002,-1.0,-2.179,-2179.0
2021-10-20 08:35:00-04:00,LONG,Breakout,1.16384,1.1634834375803664,1.16512,2021-10-20 12:30:00-04:00,1.16512,TP,0.000192,3.5898,3.0514,3051.36
2021-10-20 20:05:00-04:00,LONG,Breakout,1.16536,1.165224199811456,1.16568,2021-10-20 20:15:00-04:00,1.165224199811456,SL,0.0002,-1.0,-2.4728,-2472.75
2021-10-20 20:15:00-04:00,LONG,Breakout,1.16532,1.165223355959878,1.16568,2021-10-20 20:50:00-04:00,1.16568,TP,0.0002,3.725,1.6556,1655.56
2021-10-21 08:15:00-04:00,LONG,Bounce,1.16367,1.1634729433997464,1.16558,2021-10-21 10:40:00-04:00,1.1634729433997464,SL,0.000196,-1.0,-1.9946,-1994.64
2021-10-21 20:30:00-04:00,LONG,Breakout,1.1626,1.1624375656409431,1.16388,2021-10-21 20:45:00-04:00,1.1624375656409431,SL,0.000208,-1.0,-2.2805,-2280.52
2021-10-25 21:00:00-04:00,LONG,Bounce,1.16036,1.1600719908604031,1.16093,2021-10-25 22:20:00-04:00,1.1600719908604031,SL,0.00021,-1.0,-1.7291,-1729.14
2021-10-26 03:00:00-04:00,SHORT,Breakout,1.15961,1.15983418647833,1.1589800000000001,2021-10-26 03:05:00-04:00,1.15983418647833,SL,0.000194,-1.0,-1.8654,-1865.35
2021-10-26 03:20:00-04:00,SHORT,Breakout,1.15954,1.1598413283009055,1.1589800000000001,2021-10-26 03:30:00-04:00,1.1598413283009055,SL,0.000196,-1.0,-1.6505,-1650.45
2021-10-26 03:45:00-04:00,SHORT,Breakout,1.1597,1.1598493075705585,1.1589800000000001,2021-10-26 03:50:00-04:00,1.1598493075705585,SL,0.000198,-1.0,-2.3261,-2326.12
2021-10-26 03:50:00-04:00,SHORT,Retest,1.15964,1.1598489284583757,1.1589800000000001,2021-10-26 04:00:00-04:00,1.1598489284583757,SL,0.000198,-1.0,-1.9477,-1947.69
2021-10-26 09:30:00-04:00,SHORT,Breakout,1.16035,1.1610945509778956,1.15932,2021-10-26 09:55:00-04:00,1.1610945509778956,SL,0.00019,-1.0,-1.2552,-1255.19
2021-10-26 10:00:00-04:00,SHORT,Breakout,1.16064,1.161095148290554,1.15932,2021-10-26 10:55:00-04:00,1.15932,TP,0.000196,2.9002,2.4695,2469.52
2021-10-26 23:25:00-04:00,SHORT,Bounce,1.16015,1.1603782443828425,1.15848,2021-10-27 00:35:00-04:00,1.1603782443828425,SL,0.000208,-1.0,-1.9113,-1911.3
2021-10-27 01:55:00-04:00,SHORT,Breakout,1.15951,1.1599635359251108,1.15848,2021-10-27 02:15:00-04:00,1.1599635359251108,SL,0.0002,-1.0,-1.441,-1440.98
2021-10-27 04:30:00-04:00,SHORT,Breakout,1.1593499999999999,1.1594874376336208,1.15848,2021-10-27 04:35:00-04:00,1.1594874376336208,SL,0.000192,-1.0,-2.397,-2397.0
2021-10-27 06:00:00-04:00,SHORT,Retest,1.15889,1.1594846144078497,1.15838,2021-10-27 07:00:00-04:00,1.1594846144078497,SL,0.000196,-1.0,-1.3296,-1329.63
2021-10-27 19:05:00-04:00,SHORT,Breakout,1.15994,1.160010113799388,1.1598,2021-10-27 19:20:00-04:00,1.1598,TP,0.000222,1.9968,-1.1695,-1169.53
2021-10-29 08:05:00-04:00,LONG,Bounce,1.16468,1.1643312897077427,1.16559,2021-10-29 08:15:00-04:00,1.1643312897077427,SL,0.000198,-1.0,-1.5678,-1567.81
2021-11-01 07:40:00-04:00,SHORT,Bounce,1.15738,1.1574900773842725,1.15609,2021-11-01 07:50:00-04:00,1.1574900773842725,SL,0.000194,-1.0,-2.7624,-2762.4
2021-11-01 20:10:00-04:00,SHORT,Breakout,1.15985,1.1599245453158509,1.1587399999999999,2021-11-01 20:15:00-04:00,1.1599245453158509,SL,0.000202,-1.0,-3.7098,-3709.76
2021-11-03 03:50:00-04:00,SHORT,Breakout,1.15778,1.1579818841725198,1.15738,2021-11-03 03:55:00-04:00,1.1579818841725198,SL,0.000192,-1.0,-1.951,-1951.04
2021-11-03 08:15:00-04:00,SHORT,Breakout,1.15801,1.158273171336005,1.15781,2021-11-03 08:20:00-04:00,1.15781,TP,0.000198,0.76,0.0076,7.6
2021-11-03 13:55:00-04:00,SHORT,Bounce,1.1581,1.1585513234783469,1.15767,2021-11-03 14:00:00-04:00,1.1585513234783469,SL,0.00022,-1.0,-1.4875,-1487.46
2021-11-03 21:30:00-04:00,SHORT,Breakout,1.16079,1.1609032055391197,1.15708,2021-11-04 03:30:00-04:00,1.15708,TP,0.000198,32.7722,31.0232,31023.22
2021-11-05 08:30:00-04:00,SHORT,Breakout,1.1521,1.1530137486864978,1.15058,2021-11-05 08:35:00-04:00,1.1530137486864978,SL,0.000192,-1.0,-1.2101,-1210.12
2021-11-05 08:40:00-04:00,SHORT,Breakout,1.15235,1.1530354363674393,1.15058,2021-11-05 08:45:00-04:00,1.1530354363674393,SL,0.000196,-1.0,-1.2859,-1285.95
2021-11-05 10:50:00-04:00,SHORT,Retest,1.15256,1.153030243672917,1.15122,2021-11-05 11:10:00-04:00,1.153030243672917,SL,0.000194,-1.0,-1.4126,-1412.55
2021-11-08 03:10:00-05:00,SHORT,Breakout,1.15528,1.1559090097606501,1.15473,2021-11-08 03:35:00-05:00,1.1559090097606501,SL,0.000194,-1.0,-1.3084,-1308.42
2021-11-08 07:20:00-05:00,SHORT,Bounce,1.15712,1.1573633318009378,1.15542,2021-11-08 07:25:00-05:00,1.1573633318009378,SL,0.000194,-1.0,-1.7973,-1797.27
2021-11-08 15:00:00-05:00,SHORT,Bounce,1.15875,1.1589286543480781,1.15825,2021-11-08 15:05:00-05:00,1.15825,TP,0.000202,2.7987,1.668,1668.03
2021-11-08 19:05:00-05:00,SHORT,Bounce,1.15872,1.15906896950053,1.15814,2021-11-08 19:40:00-05:00,1.15814,TP,0.000208,1.662,1.066,1066.0
2021-11-08 20:40:00-05:00,SHORT,Breakout,1.15804,1.1581838584548863,1.15632,2021-11-08 21:00:00-05:00,1.1581838584548863,SL,0.000206,-1.0,-2.432,-2431.96
2021-11-11 02:45:00-05:00,SHORT,Breakout,1.14659,1.1470203201888285,1.1463700000000001,2021-11-11 02:55:00-05:00,1.1463700000000001,TP,0.000176,0.5112,0.1022,102.25
2021-11-11 19:25:00-05:00,SHORT,Breakout,1.14415,1.1442753631203741,1.14243,2021-11-11 19:35:00-05:00,1.1442753631203741,SL,0.00019,-1.0,-2.5156,-2515.6
2021-11-11 19:55:00-05:00,SHORT,Breakout,1.14402,1.1442782578293922,1.14243,2021-11-12 00:50:00-05:00,1.1442782578293922,SL,0.000186,-1.0,-1.7202,-1720.21
2021-11-12 09:30:00-05:00,SHORT,Breakout,1.14367,1.143937768932264,1.14243,2021-11-12 09:35:00-05:00,1.143937768932264,SL,0.000176,-1.0,-1.6573,-1657.28
2021-11-12 09:35:00-05:00,SHORT,Retest,1.14358,1.1439393568656737,1.14243,2021-11-12 09:55:00-05:00,1.1439393568656737,SL,0.000182,-1.0,-1.5065,-1506.46
2021-11-14 20:15:00-05:00,SHORT,Bounce,1.14418,1.1444332075549641,1.14402,2021-11-14 20:20:00-05:00,1.1444332075549641,SL,0.00018,-1.0,-1.7109,-1710.88
2021-11-15 02:50:00-05:00,SHORT,Breakout,1.1451,1.1453090752477206,1.14417,2021-11-15 03:30:00-05:00,1.1453090752477206,SL,0.000186,-1.0,-1.8896,-1889.63
2021-11-15 07:55:00-05:00,SHORT,Breakout,1.144,1.1442254509985816,1.1436,2021-11-15 08:00:00-05:00,1.1442254509985816,SL,0.00017,-1.0,-1.754,-1754.04
2021-11-15 09:50:00-05:00,SHORT,Retest,1.14379,1.1442365905846419,1.14319,2021-11-15 10:00:00-05:00,1.1442365905846419,SL,0.000178,-1.0,-1.3986,-1398.58
2021-11-15 19:20:00-05:00,SHORT,Bounce,1.13708,1.137240872641668,1.1351,2021-11-15 19:30:00-05:00,1.137240872641668,SL,0.000188,-1.0,-2.1686,-2168.63
2021-11-16 06:20:00-05:00,SHORT,Breakout,1.1364,1.1368048014268186,1.13242,2021-11-16 06:25:00-05:00,1.1368048014268186,SL,0.000182,-1.0,-1.4496,-1449.6
2021-11-16 09:05:00-05:00,SHORT,Breakout,1.13342,1.1351726190205342,1.13242,2021-11-16 10:10:00-05:00,1.1351726190205342,SL,0.000174,-1.0,-1.0993,-1099.28
2021-11-16 15:30:00-05:00,SHORT,Breakout,1.13178,1.1319337485832348,1.13,2021-11-16 15:35:00-05:00,1.1319337485832348,SL,0.000176,-1.0,-2.1447,-2144.73
2021-11-16 18:25:00-05:00,SHORT,Breakout,1.13124,1.1313530542056447,1.13,2021-11-16 18:30:00-05:00,1.1313530542056447,SL,0.00019,-1.0,-2.6806,-2680.61
2021-11-16 18:35:00-05:00,SHORT,Breakout,1.13124,1.1313532355140508,1.13,2021-11-16 18:45:00-05:00,1.1313532355140508,SL,0.00019,-1.0,-2.6779,-2677.92
2021-11-17 02:00:00-05:00,SHORT,Bounce,1.12992,1.1302656717408432,1.1290499999999999,2021-11-17 02:10:00-05:00,1.1302656717408432,SL,0.000174,-1.0,-1.5034,-1503.37
2021-11-17 18:00:00-05:00,SHORT,Breakout,1.13163,1.1317231654022166,1.13104,2021-11-17 18:05:00-05:00,1.1317231654022166,SL,0.00023,-1.0,-3.4687,-3468.73
2021-11-17 18:10:00-05:00,SHORT,Breakout,1.13159,1.1317221579233399,1.13104,2021-11-17 18:20:00-05:00,1.1317221579233399,SL,0.0002,-1.0,-2.5133,-2513.34
2021-11-17 18:30:00-05:00,SHORT,Breakout,1.13154,1.1317231895160482,1.13104,2021-11-17 18:35:00-05:00,1.1317231895160482,SL,0.000196,-1.0,-2.0699,-2069.93
2021-11-18 09:40:00-05:00,SHORT,Bounce,1.13426,1.1348573935082498,1.13231,2021-11-18 10:20:00-05:00,1.1348573935082498,SL,0.000178,-1.0,-1.298,-1297.96
2021-11-18 19:05:00-05:00,SHORT,Breakout,1.13656,1.1366271043016176,1.13258,2021-11-18 19:10:00-05:00,1.1366271043016176,SL,0.000178,-1.0,-3.6526,-3652.59
2021-11-19 02:50:00-05:00,SHORT,Breakout,1.13493,1.1350769306871908,1.13258,2021-11-19 03:45:00-05:00,1.13258,TP,0.000176,15.9939,14.7961,14796.09
2021-11-21 18:00:00-05:00,SHORT,Breakout,1.12802,1.1285169820148568,1.12488,2021-11-21 19:20:00-05:00,1.1285169820148568,SL,0.000192,-1.0,-1.3863,-1386.33
2021-11-21 20:30:00-05:00,SHORT,Bounce,1.1284399999999999,1.1288874802210602,1.12707,2021-11-21 20:55:00-05:00,1.12707,TP,0.000186,3.0616,2.6459,2645.93
2021-11-22 01:40:00-05:00,SHORT,Breakout,1.12669,1.1269607695225936,1.1264,2021-11-22 01:45:00-05:00,1.1269607695225936,SL,0.000182,-1.0,-1.6722,-1672.16
2021-11-22 02:55:00-05:00,SHORT,Breakout,1.12592,1.1269921205928124,1.12488,2021-11-22 03:05:00-05:00,1.1269921205928124,SL,0.000178,-1.0,-1.166,-1166.03
2021-11-22 03:55:00-05:00,SHORT,Retest,1.12643,1.1270152237335511,1.12592,2021-11-22 04:00:00-05:00,1.1270152237335511,SL,0.000182,-1.0,-1.311,-1310.99
2021-11-22 09:00:00-05:00,SHORT,Breakout,1.1259000000000001,1.126569321419953,1.12488,2021-11-22 09:05:00-05:00,1.12488,TP,0.000176,1.5239,1.261,1260.98
2021-11-23 01:40:00-05:00,SHORT,Bounce,1.12361,1.1239728534801814,1.12252,2021-11-23 01:55:00-05:00,1.1239728534801814,SL,0.000186,-1.0,-1.5126,-1512.6
2021-11-23 06:15:00-05:00,SHORT,Breakout,1.12469,1.1255480361034778,1.12306,2021-11-23 08:10:00-05:00,1.1255480361034778,SL,0.000178,-1.0,-1.2075,-1207.45
2021-11-23 20:00:00-05:00,SHORT,Breakout,1.12404,1.12416521454012,1.12335,2021-11-23 20:05:00-05:00,1.12416521454012,SL,0.00018,-1.0,-2.4375,-2437.53
2021-11-24 03:20:00-05:00,SHORT,Breakout,1.1235,1.1237240584749395,1.12317,2021-11-24 03:25:00-05:00,1.1237240584749395,SL,0.000174,-1.0,-1.7766,-1776.58
2021-11-24 04:20:00-05:00,SHORT,Retest,1.12328,1.1237392673907847,1.12183,2021-11-24 04:50:00-05:00,1.12183,TP,0.000178,3.1572,2.7696,2769.63
2021-11-24 04:50:00-05:00,SHORT,Breakout,1.12091,1.1219879363967773,1.11838,2021-11-25 03:10:00-05:00,1.1219879363967773,SL,0.000174,-1.0,-1.1614,-1161.42
2021-11-25 07:55:00-05:00,SHORT,Breakout,1.1215,1.1216788153106767,1.12118,2021-11-25 08:00:00-05:00,1.1216788153106767,SL,0.000184,-1.0,-2.029,-2028.99
2021-11-26 01:25:00-05:00,SHORT,Bounce,1.12214,1.1223813863563974,1.12165,2021-11-26 01:40:00-05:00,1.1223813863563974,SL,0.000176,-1.0,-1.7291,-1729.12
2021-11-28 18:10:00-05:00,SHORT,Breakout,1.12825,1.1290765038931638,1.12731,2021-11-28 18:30:00-05:00,1.1290765038931638,SL,0.00027,-1.0,-1.3267,-1326.68
2021-11-28 23:50:00-05:00,SHORT,Breakout,1.12752,1.1276425921613233,1.12731,2021-11-28 23:55:00-05:00,1.12731,TP,0.000184,1.713,0.2121,212.09
2021-11-29 01:15:00-05:00,SHORT,Bounce,1.12795,1.1284823158718793,1.12716,2021-11-29 01:55:00-05:00,1.12716,TP,0.00018,1.4841,1.1459,1145.94
2021-11-29 02:00:00-05:00,SHORT,Breakout,1.12652,1.12723698218834,1.12199,2021-11-29 03:40:00-05:00,1.12723698218834,SL,0.000178,-1.0,-1.2483,-1248.26
2021-11-29 07:55:00-05:00,SHORT,Breakout,1.12782,1.12814874610225,1.12594,2021-11-29 08:00:00-05:00,1.12814874610225,SL,0.00018,-1.0,-1.5475,-1547.54
2021-11-29 14:55:00-05:00,SHORT,Bounce,1.12726,1.1274828332318623,1.12645,2021-11-29 15:00:00-05:00,1.1274828332318623,SL,0.000176,-1.0,-1.7898,-1789.83
2021-11-30 10:30:00-05:00,SHORT,Breakout,1.13581,1.1362174446852469,1.13404,2021-11-30 10:35:00-05:00,1.13404,TP,0.00017,4.3441,3.9269,3926.91
2021-11-30 18:15:00-05:00,SHORT,Bounce,1.1339299999999999,1.1340313204777284,1.13306,2021-11-30 18:45:00-05:00,1.13306,TP,0.00019,8.5866,6.7114,6711.38
2021-11-30 19:50:00-05:00,SHORT,Breakout,1.1328,1.1331200907942203,1.13065,2021-11-30 20:00:00-05:00,1.1331200907942203,SL,0.000186,-1.0,-1.5811,-1581.09
2021-11-30 21:30:00-05:00,SHORT,Breakout,1.13163,1.1318176274349805,1.13065,2021-11-30 21:35:00-05:00,1.1318176274349805,SL,0.000188,-1.0,-2.002,-2001.99
2021-12-01 02:00:00-05:00,SHORT,Bounce,1.13326,1.1336885624935942,1.13247,2021-12-01 02:20:00-05:00,1.13247,TP,0.000182,1.8434,1.4187,1418.7
2021-12-01 02:20:00-05:00,SHORT,Breakout,1.13228,1.1325372531075477,1.13155,2021-12-01 02:25:00-05:00,1.1325372531075477,SL,0.000172,-1.0,-1.6686,-1668.6
2021-12-01 02:40:00-05:00,SHORT,Breakout,1.13231,1.132545951218364,1.13155,2021-12-01 02:55:00-05:00,1.132545951218364,SL,0.000178,-1.0,-1.7544,-1754.39
2021-12-01 07:55:00-05:00,SHORT,Breakout,1.13122,1.131881851153692,1.13016,2021-12-01 08:15:00-05:00,1.131881851153692,SL,0.000172,-1.0,-1.2599,-1259.88
2021-12-02 02:15:00-05:00,SHORT,Breakout,1.13151,1.1316271810899974,1.13105,2021-12-02 02:25:00-05:00,1.1316271810899974,SL,0.000174,-1.0,-2.4849,-2484.88
2021-12-02 18:10:00-05:00,SHORT,Breakout,1.1297,1.129788689398513,1.12944,2021-12-02 18:15:00-05:00,1.129788689398513,SL,0.000206,-1.0,-3.3227,-3322.71
2021-12-02 19:00:00-05:00,SHORT,Bounce,1.13037,1.130450562555793,1.1296599999999999,2021-12-02 19:10:00-05:00,1.130450562555793,SL,0.00018,-1.0,-3.2343,-3234.29
2021-12-02 20:00:00-05:00,SHORT,Breakout,1.12957,1.1297041019721976,1.12944,2021-12-02 20:05:00-05:00,1.12944,TP,0.000178,0.9694,-0.3579,-357.94
2021-12-02 21:15:00-05:00,SHORT,Retest,1.12945,1.129709738045948,1.12899,2021-12-02 22:05:00-05:00,1.129709738045948,SL,0.00018,-1.0,-1.693,-1693.01
2021-12-03 07:50:00-05:00,SHORT,Breakout,1.12986,1.1301371304814607,1.12842,2021-12-03 08:30:00-05:00,1.1301371304814607,SL,0.000172,-1.0,-1.6206,-1620.65
2021-12-03 08:30:00-05:00,SHORT,Bounce,1.13052,1.1314097657584454,1.12842,2021-12-03 08:35:00-05:00,1.1314097657584454,SL,0.000172,-1.0,-1.1933,-1193.31
2021-12-03 09:20:00-05:00,SHORT,Retest,1.12931,1.1302443883875983,1.12842,2021-12-03 09:30:00-05:00,1.1302443883875983,SL,0.000176,-1.0,-1.1884,-1188.36
2021-12-06 08:25:00-05:00,SHORT,Breakout,1.12873,1.1290773317567204,1.12741,2021-12-06 08:35:00-05:00,1.1290773317567204,SL,0.000178,-1.0,-1.5125,-1512.48
2021-12-06 19:50:00-05:00,SHORT,Breakout,1.1279,1.128017728198767,1.12771,2021-12-06 19:55:00-05:00,1.128017728198767,SL,0.00018,-1.0,-2.5289,-2528.95
2021-12-07 02:05:00-05:00,SHORT,Bounce,1.12913,1.129266442576999,1.12855,2021-12-07 02:10:00-05:00,1.129266442576999,SL,0.00018,-1.0,-2.3192,-2319.24
2021-12-07 02:10:00-05:00,SHORT,Bounce,1.12898,1.1292689823929276,1.12855,2021-12-07 02:25:00-05:00,1.1292689823929276,SL,0.00018,-1.0,-1.6229,-1622.88
2021-12-07 07:00:00-05:00,SHORT,Breakout,1.12515,1.1257193590988854,1.12345,2021-12-07 07:05:00-05:00,1.1257193590988854,SL,0.000178,-1.0,-1.3126,-1312.63
2021-12-08 01:45:00-05:00,SHORT,Breakout,1.12874,1.128813317307951,1.12719,2021-12-08 01:50:00-05:00,1.128813317307951,SL,0.00018,-1.0,-3.4551,-3455.08
2021-12-08 02:10:00-05:00,SHORT,Breakout,1.12873,1.128823725224648,1.12719,2021-12-08 02:20:00-05:00,1.128823725224648,SL,0.000178,-1.0,-2.8992,-2899.17
2021-12-08 02:55:00-05:00,SHORT,Breakout,1.12852,1.1288378260675085,1.12719,2021-12-08 03:00:00-05:00,1.1288378260675085,SL,0.00018,-1.0,-1.5663,-1566.35
2021-12-08 16:55:00-05:00,SHORT,Breakout,1.13411,1.1343958361413238,1.13243,2021-12-08 17:25:00-05:00,1.1343958361413238,SL,0.000175,-1.0,-1.6122,-1612.24
2021-12-08 18:15:00-05:00,SHORT,Retest,1.13421,1.13439725917056,1.13243,2021-12-08 18:50:00-05:00,1.13439725917056,SL,0.00018,-1.0,-1.9612,-1961.23
2021-12-08 20:10:00-05:00,SHORT,Breakout,1.13345,1.1337055919417682,1.13243,2021-12-09 02:05:00-05:00,1.13243,TP,0.00018,3.9907,3.2865,3286.49
2021-12-10 00:55:00-05:00,SHORT,Breakout,1.1294,1.1294882553009247,1.12862,2021-12-10 01:00:00-05:00,1.1294882553009247,SL,0.000178,-1.0,-3.0169,-3016.88
2021-12-10 02:05:00-05:00,SHORT,Breakout,1.1292,1.1294081478167086,1.12862,2021-12-10 02:20:00-05:00,1.12862,TP,0.00018,2.7865,1.9217,1921.71
2021-12-13 01:20:00-05:00,SHORT,Breakout,1.12907,1.1291856705618055,1.12692,2021-12-13 03:10:00-05:00,1.1291856705618055,SL,0.000178,-1.0,-2.5389,-2538.85
2021-12-13 03:35:00-05:00,SHORT,Breakout,1.12807,1.1283539053940548,1.12692,2021-12-13 04:15:00-05:00,1.12692,TP,0.000178,4.0506,3.4237,3423.68
2021-12-13 09:55:00-05:00,SHORT,Bounce,1.12864,1.1288259782057393,1.12618,2021-12-13 10:30:00-05:00,1.1288259782057393,SL,0.000176,-1.0,-1.9463,-1946.35
2021-12-13 22:50:00-05:00,SHORT,Breakout,1.12717,1.1273376604316454,1.12618,2021-12-13 23:00:00-05:00,1.1273376604316454,SL,0.00018,-1.0,-2.0736,-2073.6
2021-12-14 03:00:00-05:00,SHORT,Breakout,1.12663,1.1270852142317018,1.12618,2021-12-14 03:15:00-05:00,1.1270852142317018,SL,0.00018,-1.0,-1.3954,-1395.42
2021-12-14 18:20:00-05:00,SHORT,Breakout,1.1253199999999999,1.125417157189881,1.12404,2021-12-14 18:25:00-05:00,1.125417157189881,SL,0.000184,-1.0,-2.8938,-2893.84
2021-12-15 08:05:00-05:00,SHORT,Breakout,1.12595,1.1262145655439109,1.1256599999999999,2021-12-15 08:25:00-05:00,1.1256599999999999,TP,0.000174,1.0961,0.4385,438.45
2021-12-15 14:00:00-05:00,SHORT,Breakout,1.12418,1.1248148476134259,1.12199,2021-12-15 14:10:00-05:00,1.1248148476134259,SL,0.000176,-1.0,-1.2772,-1277.23
2021-12-15 14:40:00-05:00,SHORT,Breakout,1.12426,1.1248898525998252,1.12199,2021-12-15 14:45:00-05:00,1.1248898525998252,SL,0.000172,-1.0,-1.2731,-1273.08
2021-12-15 18:15:00-05:00,SHORT,Bounce,1.12951,1.1299195011539487,1.12838,2021-12-15 19:05:00-05:00,1.12838,TP,0.000236,2.7595,2.1831,2183.14
2021-12-15 19:40:00-05:00,SHORT,Breakout,1.12826,1.1284429321785445,1.1221,2021-12-15 20:00:00-05:00,1.1284429321785445,SL,0.000176,-1.0,-1.9621,-1962.11
2021-12-16 20:30:00-05:00,SHORT,Breakout,1.13216,1.1322600459531922,1.13174,2021-12-16 20:40:00-05:00,1.1322600459531922,SL,0.00018,-1.0,-2.7992,-2799.17
2021-12-19 18:20:00-05:00,SHORT,Breakout,1.12338,1.1234995875003506,1.1221,2021-12-19 18:25:00-05:00,1.1234995875003506,SL,0.000178,-1.0,-2.4884,-2488.45
2021-12-20 00:00:00-05:00,SHORT,Bounce,1.12487,1.1250130884400997,1.12357,2021-12-20 00:25:00-05:00,1.1250130884400997,SL,0.00018,-1.0,-2.258,-2257.96
2021-12-20 01:30:00-05:00,SHORT,Bounce,1.12494,1.1250244251618873,1.12436,2021-12-20 01:35:00-05:00,1.1250244251618873,SL,0.00018,-1.0,-3.1321,-3132.07
2021-12-20 14:55:00-05:00,SHORT,Breakout,1.12733,1.1279269053509429,1.12673,2021-12-20 17:00:00-05:00,1.1279269053509429,SL,0.00018,-1.0,-1.3016,-1301.56
2021-12-20 20:20:00-05:00,SHORT,Bounce,1.12763,1.1278869884862912,1.12721,2021-12-20 20:30:00-05:00,1.1278869884862912,SL,0.00018,-1.0,-1.7004,-1700.42
2021-12-21 02:10:00-05:00,SHORT,Breakout,1.12765,1.1277568362469033,1.12721,2021-12-21 02:15:00-05:00,1.1277568362469033,SL,0.000178,-1.0,-2.6661,-2666.1
2021-12-21 10:45:00-05:00,SHORT,Breakout,1.12733,1.1276423152346016,1.12488,2021-12-21 14:20:00-05:00,1.1276423152346016,SL,0.000178,-1.0,-1.5699,-1569.94
2021-12-21 19:15:00-05:00,SHORT,Bounce,1.1286100000000001,1.1287326075830042,1.12659,2021-12-21 19:20:00-05:00,1.1287326075830042,SL,0.00018,-1.0,-2.4681,-2468.1
2021-12-22 00:05:00-05:00,SHORT,Breakout,1.12715,1.1272860298650884,1.12659,2021-12-22 00:10:00-05:00,1.1272860298650884,SL,0.00018,-1.0,-2.3232,-2323.24
2021-12-22 00:45:00-05:00,SHORT,Retest,1.12706,1.1272886853172506,1.12659,2021-12-22 01:05:00-05:00,1.12659,TP,0.00018,2.0552,1.2681,1268.12
2021-12-22 03:10:00-05:00,SHORT,Bounce,1.12713,1.127454872772196,1.12631,2021-12-22 04:15:00-05:00,1.127454872772196,SL,0.000176,-1.0,-1.5418,-1541.75
2021-12-22 17:05:00-05:00,SHORT,Breakout,1.13213,1.1322576987837283,1.1297,2021-12-22 17:10:00-05:00,1.1322576987837283,SL,0.001032,-1.0,-9.0815,-9081.52
2021-12-22 17:45:00-05:00,SHORT,Retest,1.1317599999999999,1.1322773364801884,1.1297,2021-12-22 18:00:00-05:00,1.1322773364801884,SL,0.000602,-1.0,-2.1637,-2163.65
2021-12-23 22:35:00-05:00,LONG,Breakout,1.13277,1.132667410428505,1.13345,2021-12-24 00:55:00-05:00,1.132667410428505,SL,0.000224,-1.0,-3.1835,-3183.46
2021-12-24 03:55:00-05:00,LONG,Breakout,1.13348,1.1333664860448867,1.13411,2021-12-24 05:00:00-05:00,1.13411,TP,0.000188,5.55,3.8938,3893.79
2021-12-24 06:25:00-05:00,LONG,Retest,1.13348,1.1333715284232109,1.13427,2021-12-24 06:40:00-05:00,1.1333715284232109,SL,0.000176,-1.0,-2.6225,-2622.54
2021-12-28 00:55:00-05:00,LONG,Breakout,1.13273,1.1326074934613755,1.13306,2021-12-28 01:00:00-05:00,1.1326074934613755,SL,0.00018,-1.0,-2.4693,-2469.31
2021-12-30 06:55:00-05:00,LONG,Breakout,1.13249,1.1322319507146577,1.13464,2021-12-30 07:05:00-05:00,1.1322319507146577,SL,0.000178,-1.0,-1.6898,-1689.79
2022-01-03 02:55:00-05:00,LONG,Breakout,1.13472,1.1344910606040464,1.1384,2022-01-03 03:00:00-05:00,1.1344910606040464,SL,0.00018,-1.0,-1.7862,-1786.23
2022-01-03 04:40:00-05:00,LONG,Retest,1.13469,1.1344559129378164,1.1384,2022-01-03 04:45:00-05:00,1.1344559129378164,SL,0.000178,-1.0,-1.7604,-1760.4
2022-01-04 01:00:00-05:00,SHORT,Bounce,1.13035,1.1305416189443163,1.1294,2022-01-04 01:25:00-05:00,1.1294,TP,0.00018,4.9578,4.0184,4018.39
2022-01-04 06:25:00-05:00,SHORT,Breakout,1.12807,1.1283112957362453,1.1277300000000001,2022-01-04 06:30:00-05:00,1.1277300000000001,TP,0.000178,1.4091,0.6714,671.38
2022-01-04 06:55:00-05:00,SHORT,Breakout,1.12753,1.1283157687256387,1.1272199999999999,2022-01-04 07:25:00-05:00,1.1272199999999999,TP,0.00018,0.3945,0.1654,165.44
2022-01-04 19:55:00-05:00,SHORT,Breakout,1.12765,1.1279651689456955,1.12714,2022-01-04 20:00:00-05:00,1.1279651689456955,SL,0.00018,-1.0,-1.5711,-1571.12
2022-01-05 14:00:00-05:00,SHORT,Breakout,1.13317,1.1335505899563725,1.13221,2022-01-05 14:05:00-05:00,1.13221,TP,0.000192,2.5224,2.0179,2017.92
2022-01-09 20:55:00-05:00,LONG,Bounce,1.13494,1.134835161081348,1.13571,2022-01-09 21:10:00-05:00,1.134835161081348,SL,0.00018,-1.0,-2.7169,-2716.92
2022-01-11 02:05:00-05:00,LONG,Bounce,1.13388,1.1336176480629805,1.13434,2022-01-11 02:25:00-05:00,1.13434,TP,0.000178,1.7534,1.0749,1074.89
2022-01-11 10:55:00-05:00,LONG,Breakout,1.1339299999999999,1.1336738410623266,1.13508,2022-01-11 11:05:00-05:00,1.13508,TP,0.000194,4.4894,3.7321,3732.06
2022-01-11 19:00:00-05:00,LONG,Breakout,1.1371,1.136825398528039,1.13747,2022-01-11 19:10:00-05:00,1.136825398528039,SL,0.0002,-1.0,-1.7283,-1728.33
2022-01-12 08:30:00-05:00,LONG,Breakout,1.13753,1.1371781567235768,1.1384,2022-01-12 08:35:00-05:00,1.1384,TP,0.000192,2.4727,1.927,1926.99
2022-01-12 14:25:00-05:00,LONG,Breakout,1.1446,1.1443688773267495,1.14542,2022-01-12 14:30:00-05:00,1.1443688773267495,SL,0.000192,-1.0,-1.8307,-1830.73
2022-01-12 15:35:00-05:00,LONG,Retest,1.14452,1.1443740323993488,1.14519,2022-01-12 16:35:00-05:00,1.1443740323993488,SL,0.0002,-1.0,-2.3702,-2370.17
2022-01-12 22:10:00-05:00,LONG,Bounce,1.14391,1.1434305234507895,1.14451,2022-01-12 23:50:00-05:00,1.14451,TP,0.000198,1.2514,0.8384,838.41
2022-01-13 02:10:00-05:00,LONG,Bounce,1.14419,1.1440273938267633,1.1445400000000001,2022-01-13 02:20:00-05:00,1.1445400000000001,TP,0.000198,2.1524,0.9348,934.77
2022-01-13 02:20:00-05:00,LONG,Breakout,1.1449799999999999,1.1444901814118522,1.14519,2022-01-13 02:30:00-05:00,1.14519,TP,0.000198,0.4287,0.0245,24.5
2022-01-13 08:55:00-05:00,LONG,Breakout,1.14711,1.146796573649297,1.14767,2022-01-13 09:00:00-05:00,1.146796573649297,SL,0.00019,-1.0,-1.6062,-1606.2
2022-01-13 20:05:00-05:00,LONG,Breakout,1.14595,1.1457876014044928,1.14644,2022-01-13 20:15:00-05:00,1.1457876014044928,SL,0.000196,-1.0,-2.2069,-2206.91
2022-01-16 20:00:00-05:00,LONG,Bounce,1.14065,1.140542758950251,1.1417,2022-01-16 20:05:00-05:00,1.140542758950251,SL,0.000198,-1.0,-2.8463,-2846.31
2022-01-17 02:25:00-05:00,LONG,Breakout,1.14223,1.142099570595963,1.14543,2022-01-17 03:10:00-05:00,1.142099570595963,SL,0.00019,-1.0,-2.4567,-2456.73
2022-01-18 01:50:00-05:00,LONG,Breakout,1.14035,1.1400467735180473,1.14208,2022-01-18 01:55:00-05:00,1.1400467735180473,SL,0.000198,-1.0,-1.653,-1652.98
2022-01-18 06:55:00-05:00,LONG,Bounce,1.13857,1.138435829382839,1.13987,2022-01-18 07:00:00-05:00,1.138435829382839,SL,0.000192,-1.0,-2.431,-2431.01
2022-01-19 09:45:00-05:00,SHORT,Bounce,1.13443,1.1351132241178346,1.1332,2022-01-19 10:05:00-05:00,1.1351132241178346,SL,0.00019,-1.0,-1.2781,-1278.09
2022-01-21 02:15:00-05:00,SHORT,Bounce,1.13314,1.133441013968546,1.13215,2022-01-21 02:25:00-05:00,1.133441013968546,SL,0.00019,-1.0,-1.6312,-1631.2
2022-01-21 03:00:00-05:00,SHORT,Bounce,1.13283,1.1334621278878427,1.13215,2022-01-21 03:05:00-05:00,1.1334621278878427,SL,0.00019,-1.0,-1.3006,-1300.57
2022-01-21 03:15:00-05:00,SHORT,Bounce,1.1332,1.133649894668218,1.13215,2022-01-21 03:25:00-05:00,1.133649894668218,SL,0.00019,-1.0,-1.4223,-1422.32
2022-01-21 14:55:00-05:00,SHORT,Breakout,1.13404,1.134129609186579,1.13388,2022-01-21 15:05:00-05:00,1.13388,TP,0.000196,1.7855,-0.4017,-401.74
2022-01-21 15:15:00-05:00,SHORT,Breakout,1.13401,1.134133914462148,1.1336,2022-01-21 15:25:00-05:00,1.134133914462148,SL,0.000198,-1.0,-2.5979,-2597.88
2022-01-24 00:05:00-05:00,SHORT,Breakout,1.13264,1.1327015599988925,1.13246,2022-01-24 00:10:00-05:00,1.1327015599988925,SL,0.000196,-1.0,-4.1839,-4183.89
2022-01-24 03:30:00-05:00,SHORT,Bounce,1.13242,1.1329238843823395,1.13001,2022-01-24 04:20:00-05:00,1.1329238843823395,SL,0.000194,-1.0,-1.385,-1385.01
2022-01-24 07:20:00-05:00,SHORT,Breakout,1.13037,1.130890039755713,1.12845,2022-01-24 10:20:00-05:00,1.130890039755713,SL,0.000192,-1.0,-1.3692,-1369.2
2022-01-25 00:40:00-05:00,SHORT,Breakout,1.1308,1.130913004965927,1.12897,2022-01-25 00:55:00-05:00,1.130913004965927,SL,0.000196,-1.0,-2.7344,-2734.44
2022-01-25 01:00:00-05:00,SHORT,Breakout,1.1308,1.130914370596414,1.12897,2022-01-25 01:35:00-05:00,1.130914370596414,SL,0.000198,-1.0,-2.7312,-2731.21
2022-01-25 01:40:00-05:00,SHORT,Breakout,1.13077,1.130919801553155,1.12897,2022-01-25 01:45:00-05:00,1.130919801553155,SL,0.000196,-1.0,-2.3084,-2308.4
2022-01-25 01:55:00-05:00,SHORT,Breakout,1.1305,1.1309263520452921,1.12897,2022-01-25 02:15:00-05:00,1.1309263520452921,SL,0.000194,-1.0,-1.455,-1455.02
2022-01-25 02:25:00-05:00,SHORT,Bounce,1.1313,1.1316147542081456,1.12897,2022-01-25 04:40:00-05:00,1.12897,TP,0.000194,7.4026,6.7862,6786.25
2022-01-25 08:30:00-05:00,SHORT,Bounce,1.12757,1.127816013684666,1.12634,2022-01-25 08:35:00-05:00,1.127816013684666,SL,0.00019,-1.0,-1.7723,-1772.31
2022-01-26 14:00:00-05:00,SHORT,Bounce,1.12759,1.128706324623621,1.1273,2022-01-26 14:05:00-05:00,1.1273,TP,0.000196,0.2598,0.0842,84.2
2022-01-26 19:30:00-05:00,SHORT,Breakout,1.12337,1.1235199507702212,1.1221,2022-01-26 22:55:00-05:00,1.1221,TP,0.000192,8.4694,7.189,7189.03
2022-01-27 02:15:00-05:00,SHORT,Breakout,1.12133,1.121485221272731,1.12114,2022-01-27 02:20:00-05:00,1.12114,TP,0.00019,1.2241,-0.0,-0.0
2022-01-27 02:25:00-05:00,SHORT,Retest,1.1209500000000001,1.1214912265055692,1.12059,2022-01-27 02:35:00-05:00,1.1214912265055692,SL,0.00019,-1.0,-1.3511,-1351.05
2022-01-27 08:30:00-05:00,SHORT,Breakout,1.11435,1.1152713892850552,1.11144,2022-01-27 08:55:00-05:00,1.1152713892850552,SL,0.00019,-1.0,-1.2062,-1206.21
2022-01-28 01:55:00-05:00,SHORT,Breakout,1.1146,1.1148685953448836,1.11371,2022-01-28 02:10:00-05:00,1.11371,TP,0.00019,3.3135,2.6062,2606.15
2022-01-28 07:55:00-05:00,SHORT,Breakout,1.1126,1.1127747302929492,1.11206,2022-01-28 08:00:00-05:00,1.1127747302929492,SL,0.00019,-1.0,-2.0874,-2087.39
2022-01-30 18:00:00-05:00,SHORT,Breakout,1.11386,1.1140631908182805,1.11247,2022-01-30 18:10:00-05:00,1.1140631908182805,SL,0.000194,-1.0,-1.9548,-1954.77
2022-01-31 18:35:00-05:00,SHORT,Breakout,1.12285,1.1229509986383805,1.11979,2022-01-31 18:40:00-05:00,1.1229509986383805,SL,0.000192,-1.0,-2.901,-2901.02
2022-02-01 10:55:00-05:00,SHORT,Breakout,1.12465,1.125404161483618,1.12333,2022-02-01 14:35:00-05:00,1.125404161483618,SL,0.00019,-1.0,-1.2519,-1251.94
2022-02-04 05:10:00-05:00,LONG,Retest,1.14727,1.1466622749557382,1.14821,2022-02-04 05:15:00-05:00,1.1466622749557382,SL,0.000194,-1.0,-1.3192,-1319.22
2022-02-07 03:25:00-05:00,LONG,Breakout,1.14445,1.1438570201425813,1.14608,2022-02-07 03:35:00-05:00,1.1438570201425813,SL,0.000198,-1.0,-1.3339,-1333.91
2022-02-07 18:00:00-05:00,LONG,Bounce,1.14398,1.1433231441526228,1.14502,2022-02-07 18:15:00-05:00,1.1433231441526228,SL,0.000302,-1.0,-1.4598,-1459.77
2022-02-07 20:05:00-05:00,LONG,Breakout,1.1444,1.1442486949769959,1.14502,2022-02-07 20:10:00-05:00,1.1442486949769959,SL,0.00019,-1.0,-2.2557,-2255.74
2022-02-07 20:15:00-05:00,LONG,Breakout,1.14438,1.1442447727097567,1.14502,2022-02-07 20:35:00-05:00,1.1442447727097567,SL,0.000198,-1.0,-2.4642,-2464.2
2022-02-08 21:00:00-05:00,LONG,Breakout,1.14237,1.1421975276570482,1.14326,2022-02-09 00:55:00-05:00,1.1421975276570482,SL,0.000212,-1.0,-2.2292,-2229.18
2022-02-09 05:10:00-05:00,LONG,Breakout,1.14282,1.1426033578635786,1.14478,2022-02-09 05:15:00-05:00,1.1426033578635786,SL,0.00019,-1.0,-1.877,-1877.02
2022-02-09 08:35:00-05:00,LONG,Breakout,1.1441,1.1439374304951897,1.1443699999999999,2022-02-09 08:40:00-05:00,1.1439374304951897,SL,0.00019,-1.0,-2.1687,-2168.73
2022-02-09 08:40:00-05:00,LONG,Breakout,1.14439,1.1439334711741047,1.14478,2022-02-09 08:50:00-05:00,1.1439334711741047,SL,0.000192,-1.0,-1.4206,-1420.56
2022-02-09 09:25:00-05:00,LONG,Bounce,1.14296,1.1427708746616558,1.14478,2022-02-09 09:30:00-05:00,1.1427708746616558,SL,0.00019,-1.0,-2.0046,-2004.62
2022-02-09 12:35:00-05:00,LONG,Breakout,1.14426,1.1438913358315337,1.14478,2022-02-09 12:45:00-05:00,1.1438913358315337,SL,0.000194,-1.0,-1.5262,-1526.22
2022-02-09 17:20:00-05:00,LONG,Bounce,1.14215,1.1418783365606529,1.14327,2022-02-09 17:40:00-05:00,1.1418783365606529,SL,0.000496,-1.0,-2.8258,-2825.79
2022-02-09 19:00:00-05:00,LONG,Bounce,1.14191,1.141771573951247,1.14248,2022-02-09 19:35:00-05:00,1.141771573951247,SL,0.000206,-1.0,-2.4882,-2488.16
2022-02-09 21:35:00-05:00,LONG,Breakout,1.14232,1.1421894707111906,1.14248,2022-02-09 21:50:00-05:00,1.14248,TP,0.0002,1.2258,-0.3064,-306.44
2022-02-10 02:00:00-05:00,LONG,Bounce,1.14227,1.1421174106918324,1.14269,2022-02-10 02:05:00-05:00,1.1421174106918324,SL,0.000192,-1.0,-2.2583,-2258.28
2022-02-10 02:40:00-05:00,LONG,Breakout,1.14275,1.142630413048833,1.14306,2022-02-10 02:45:00-05:00,1.142630413048833,SL,0.000194,-1.0,-2.6223,-2622.25
2022-02-10 02:55:00-05:00,LONG,Breakout,1.14279,1.1426239247333405,1.14306,2022-02-10 03:00:00-05:00,1.1426239247333405,SL,0.000192,-1.0,-2.1561,-2156.1
2022-02-10 15:00:00-05:00,LONG,Bounce,1.14491,1.1444789271697842,1.14941,2022-02-10 15:30:00-05:00,1.1444789271697842,SL,0.00019,-1.0,-1.4408,-1440.76
2022-02-11 02:05:00-05:00,LONG,Bounce,1.13771,1.1372551703536498,1.13878,2022-02-11 02:20:00-05:00,1.1372551703536498,SL,0.00019,-1.0,-1.4177,-1417.74
2022-02-11 02:20:00-05:00,LONG,Bounce,1.13772,1.1372463371964172,1.13878,2022-02-11 02:45:00-05:00,1.13878,TP,0.000192,2.2379,1.8325,1832.53
2022-02-11 03:10:00-05:00,LONG,Breakout,1.13899,1.1386703661870574,1.14063,2022-02-11 03:15:00-05:00,1.1386703661870574,SL,0.000192,-1.0,-1.6007,-1600.69
2022-02-11 03:20:00-05:00,LONG,Breakout,1.13896,1.138671091253126,1.14063,2022-02-11 03:35:00-05:00,1.138671091253126,SL,0.000194,-1.0,-1.6715,-1671.49
2022-02-11 07:05:00-05:00,LONG,Breakout,1.1402700000000001,1.1397531826568341,1.14063,2022-02-11 07:10:00-05:00,1.14063,TP,0.000194,0.6966,0.3212,321.2
2022-02-11 09:50:00-05:00,LONG,Bounce,1.13933,1.1387796574574378,1.14172,2022-02-11 09:55:00-05:00,1.1387796574574378,SL,0.00019,-1.0,-1.3452,-1345.24
2022-02-15 00:05:00-05:00,SHORT,Breakout,1.13145,1.1315827554063478,1.13076,2022-02-15 00:10:00-05:00,1.1315827554063478,SL,0.0002,-1.0,-2.5065,-2506.53
2022-02-15 01:05:00-05:00,SHORT,Retest,1.13137,1.1315882879486923,1.13076,2022-02-15 01:15:00-05:00,1.1315882879486923,SL,0.0002,-1.0,-1.9162,-1916.22
2022-02-15 02:10:00-05:00,SHORT,Bounce,1.13199,1.1320787749922177,1.13076,2022-02-15 02:15:00-05:00,1.1320787749922177,SL,0.0002,-1.0,-3.2529,-3252.89
2022-02-15 02:55:00-05:00,SHORT,Breakout,1.13118,1.1313174252344,1.13076,2022-02-15 03:05:00-05:00,1.1313174252344,SL,0.00019,-1.0,-2.3826,-2382.57
2022-02-15 09:50:00-05:00,SHORT,Breakout,1.13297,1.1336905170095706,1.13086,2022-02-15 10:20:00-05:00,1.1336905170095706,SL,0.00019,-1.0,-1.2637,-1263.7
2022-02-15 20:00:00-05:00,SHORT,Breakout,1.13511,1.1353481020044947,1.1345,2022-02-15 20:05:00-05:00,1.1353481020044947,SL,0.000194,-1.0,-1.8148,-1814.78
2022-02-15 20:25:00-05:00,SHORT,Retest,1.13523,1.135347347068102,1.1345,2022-02-15 21:30:00-05:00,1.1345,TP,0.000196,6.2209,4.5506,4550.6
2022-02-22 00:55:00-05:00,SHORT,Bounce,1.13052,1.1309040991538342,1.12869,2022-02-22 01:40:00-05:00,1.1309040991538342,SL,0.000198,-1.0,-1.5155,-1515.49
2022-02-22 10:55:00-05:00,SHORT,Breakout,1.13344,1.1337325412477106,1.13136,2022-02-22 11:00:00-05:00,1.1337325412477106,SL,0.00019,-1.0,-1.6495,-1649.48
2022-02-22 14:20:00-05:00,SHORT,Breakout,1.13216,1.1324770234931338,1.13136,2022-02-22 14:25:00-05:00,1.1324770234931338,SL,0.000194,-1.0,-1.6119,-1611.94
2022-02-22 14:55:00-05:00,SHORT,Bounce,1.13336,1.1338392027882909,1.13136,2022-02-22 15:00:00-05:00,1.1338392027882909,SL,0.000198,-1.0,-1.4132,-1413.19
2022-02-23 02:00:00-05:00,SHORT,Breakout,1.13161,1.1321386370608097,1.13136,2022-02-23 02:10:00-05:00,1.1321386370608097,SL,0.00019,-1.0,-1.3594,-1359.41
2022-02-23 07:55:00-05:00,SHORT,Breakout,1.13367,1.1339762658197414,1.13151,2022-02-23 08:00:00-05:00,1.1339762658197414,SL,0.0002,-1.0,-1.653,-1653.03
2022-02-23 09:50:00-05:00,SHORT,Breakout,1.13296,1.1336514440526102,1.13151,2022-02-23 10:00:00-05:00,1.1336514440526102,SL,0.00019,-1.0,-1.2748,-1274.79
2022-02-23 19:05:00-05:00,SHORT,Breakout,1.12981,1.130030539409748,1.12916,2022-02-23 19:25:00-05:00,1.12916,TP,0.000206,2.9473,2.0132,2013.25
2022-02-23 21:50:00-05:00,SHORT,Breakout,1.12672,1.1274934331898299,1.12336,2022-02-23 22:00:00-05:00,1.1274934331898299,SL,0.000216,-1.0,-1.2793,-1279.27
2022-02-23 22:05:00-05:00,SHORT,Breakout,1.1265,1.1275107845182422,1.12336,2022-02-23 23:10:00-05:00,1.12336,TP,0.000198,3.1065,2.9106,2910.61
2022-02-24 02:10:00-05:00,SHORT,Bounce,1.12512,1.125403514893258,1.12194,2022-02-24 03:05:00-05:00,1.125403514893258,SL,0.000214,-1.0,-1.7548,-1754.81
2022-02-24 20:20:00-05:00,SHORT,Bounce,1.1194,1.1203407752431167,1.1185,2022-02-24 21:00:00-05:00,1.1203407752431167,SL,0.000206,-1.0,-1.219,-1218.97
2022-02-25 01:35:00-05:00,SHORT,Breakout,1.12121,1.1214125346066344,1.1185,2022-02-25 02:45:00-05:00,1.1214125346066344,SL,0.000198,-1.0,-1.9776,-1977.61
2022-02-25 02:50:00-05:00,SHORT,Breakout,1.12069,1.1214528211517836,1.1185,2022-02-25 03:15:00-05:00,1.1185,TP,0.0002,2.8709,2.6087,2608.74
2022-02-25 15:00:00-05:00,SHORT,Bounce,1.12609,1.1266826659507827,1.12341,2022-02-25 15:30:00-05:00,1.1266826659507827,SL,0.000198,-1.0,-1.3341,-1334.08
2022-02-25 15:30:00-05:00,SHORT,Bounce,1.12614,1.1266763314067736,1.12341,2022-02-25 15:40:00-05:00,1.1266763314067736,SL,0.000196,-1.0,-1.3654,-1365.45
2022-02-27 23:45:00-05:00,SHORT,Breakout,1.11416,1.1145870258241715,1.11054,2022-02-28 00:00:00-05:00,1.1145870258241715,SL,0.0002,-1.0,-1.4684,-1468.36
2022-02-28 11:00:00-05:00,SHORT,Bounce,1.12306,1.1237675317840643,1.11783,2022-02-28 11:25:00-05:00,1.1237675317840643,SL,0.00019,-1.0,-1.2685,-1268.54
2022-03-01 04:35:00-05:00,SHORT,Breakout,1.12062,1.121226195020031,1.11928,2022-03-01 04:45:00-05:00,1.11928,TP,0.000196,2.2105,1.8872,1887.18
2022-03-02 01:40:00-05:00,SHORT,Breakout,1.11028,1.1110893782687377,1.10976,2022-03-02 01:45:00-05:00,1.10976,TP,0.000198,0.6425,0.3978,397.84
2022-03-02 08:30:00-05:00,SHORT,Bounce,1.10954,1.110366348850103,1.10843,2022-03-02 08:50:00-05:00,1.110366348850103,SL,0.000194,-1.0,-1.2348,-1234.77
2022-03-02 10:30:00-05:00,SHORT,Breakout,1.10721,1.1086456189457539,1.10579,2022-03-02 10:45:00-05:00,1.10579,TP,0.000198,0.9891,0.8512,851.2
2022-03-02 17:30:00-05:00,SHORT,Breakout,1.11143,1.1116323649469764,1.10778,2022-03-02 17:35:00-05:00,1.1116323649469764,SL,0.000242,-1.0,-2.1959,-2195.86
2022-03-02 19:10:00-05:00,SHORT,Retest,1.11121,1.1116141036621243,1.10778,2022-03-03 04:20:00-05:00,1.10778,TP,0.0002,8.4879,7.993,7993.0
2022-03-03 07:55:00-05:00,SHORT,Breakout,1.10745,1.1078397043724206,1.10708,2022-03-03 08:20:00-05:00,1.1078397043724206,SL,0.000198,-1.0,-1.5081,-1508.08
2022-03-03 09:00:00-05:00,SHORT,Bounce,1.10825,1.1097421043106197,1.10565,2022-03-03 11:05:00-05:00,1.10565,TP,0.000194,1.7425,1.6125,1612.49
2022-03-03 18:00:00-05:00,SHORT,Bounce,1.10645,1.106612822565258,1.10541,2022-03-03 18:40:00-05:00,1.106612822565258,SL,0.000254,-1.0,-2.56,-2559.98
2022-03-03 19:05:00-05:00,SHORT,Breakout,1.10476,1.105473254797958,1.10324,2022-03-03 19:20:00-05:00,1.10324,TP,0.0002,2.1311,1.8507,1850.67
2022-03-04 01:45:00-05:00,SHORT,Breakout,1.10215,1.102318993274799,1.1009,2022-03-04 02:25:00-05:00,1.1009,TP,0.000206,7.3967,6.1778,6177.76
2022-03-06 18:00:00-05:00,SHORT,Breakout,1.08895,1.0910176768901096,1.08841,2022-03-06 18:05:00-05:00,1.08841,TP,0.00032,0.2612,0.1064,106.4
2022-03-08 00:05:00-05:00,SHORT,Breakout,1.0858,1.08648042939675,1.08479,2022-03-08 00:50:00-05:00,1.08648042939675,SL,0.0002,-1.0,-1.2939,-1293.93
2022-03-08 01:05:00-05:00,SHORT,Retest,1.08624,1.0864858660380905,1.08479,2022-03-08 02:25:00-05:00,1.0864858660380905,SL,0.0002,-1.0,-1.8135,-1813.45
2022-03-08 18:15:00-05:00,SHORT,Breakout,1.08891,1.0893937592769758,1.0871,2022-03-08 18:35:00-05:00,1.0893937592769758,SL,0.000218,-1.0,-1.4506,-1450.64
2022-03-10 03:00:00-05:00,SHORT,Breakout,1.10477,1.1052516327465078,1.1044100000000001,2022-03-10 03:10:00-05:00,1.1044100000000001,TP,0.000194,0.7475,0.3447,344.66
2022-03-10 04:00:00-05:00,SHORT,Bounce,1.10445,1.1072924885917723,1.101,2022-03-10 07:45:00-05:00,1.1072924885917723,SL,0.000194,-1.0,-1.0683,-1068.25
2022-03-11 02:45:00-05:00,SHORT,Breakout,1.09895,1.099329417472798,1.0979700000000001,2022-03-11 03:05:00-05:00,1.0979700000000001,TP,0.000206,2.5829,2.04,2039.97
2022-03-11 10:00:00-05:00,SHORT,Breakout,1.09666,1.0974277489637996,1.09591,2022-03-11 10:05:00-05:00,1.09591,TP,0.000198,0.9769,0.719,718.99
2022-03-11 10:05:00-05:00,SHORT,Retest,1.09615,1.0974381954663854,1.09407,2022-03-11 11:25:00-05:00,1.09407,TP,0.000194,1.6147,1.4641,1464.06
2022-03-13 21:45:00-04:00,SHORT,Breakout,1.09129,1.0920223386122965,1.0904,2022-03-13 22:35:00-04:00,1.0904,TP,0.0002,1.2153,0.9422,942.19
2022-03-14 03:05:00-04:00,SHORT,Bounce,1.09163,1.0918013013156354,1.0907499999999999,2022-03-14 03:20:00-04:00,1.0918013013156354,SL,0.0002,-1.0,-2.1675,-2167.53
2022-03-15 11:30:00-04:00,SHORT,Breakout,1.09687,1.0974506020676276,1.09366,2022-03-15 11:45:00-04:00,1.0974506020676276,SL,0.00019,-1.0,-1.3272,-1327.25
2022-03-15 12:00:00-04:00,SHORT,Breakout,1.09657,1.097479257952076,1.09366,2022-03-15 13:40:00-04:00,1.09366,TP,0.000192,3.2004,2.9893,2989.25
2022-03-17 08:10:00-04:00,SHORT,Bounce,1.10462,1.1055937653546084,1.1022,2022-03-17 08:25:00-04:00,1.1055937653546084,SL,0.00019,-1.0,-1.1951,-1195.12
2022-03-17 18:30:00-04:00,SHORT,Breakout,1.109,1.1092726292782034,1.10393,2022-03-17 18:45:00-04:00,1.1092726292782034,SL,0.000248,-1.0,-1.9097,-1909.66
2022-03-17 21:00:00-04:00,SHORT,Bounce,1.10983,1.1100330210493257,1.10882,2022-03-17 21:15:00-04:00,1.1100330210493257,SL,0.000194,-1.0,-1.9556,-1955.57
2022-03-18 02:20:00-04:00,LONG,Breakout,1.10904,1.1085666112571957,1.11177,2022-03-18 02:45:00-04:00,1.1085666112571957,SL,0.000198,-1.0,-1.4183,-1418.26
2022-03-18 03:00:00-04:00,LONG,Breakout,1.10875,1.1085587173105063,1.11177,2022-03-18 03:05:00-04:00,1.1085587173105063,SL,0.000196,-1.0,-2.0247,-2024.66
2022-03-18 11:55:00-04:00,LONG,Breakout,1.10466,1.1041326350224778,1.10713,2022-03-18 12:00:00-04:00,1.1041326350224778,SL,0.000192,-1.0,-1.3641,-1364.07
2022-03-22 02:00:00-04:00,SHORT,Breakout,1.09756,1.098073896655547,1.09489,2022-03-22 02:10:00-04:00,1.098073896655547,SL,0.0002,-1.0,-1.3892,-1389.18
2022-03-22 18:55:00-04:00,SHORT,Bounce,1.10304,1.1032642055472972,1.10224,2022-03-22 19:05:00-04:00,1.1032642055472972,SL,0.000252,-1.0,-2.124,-2123.97
2022-03-22 22:05:00-04:00,SHORT,Bounce,1.10281,1.1032088783864809,1.10193,2022-03-22 22:50:00-04:00,1.1032088783864809,SL,0.0002,-1.0,-1.5014,-1501.41
2022-03-23 03:45:00-04:00,SHORT,Breakout,1.10208,1.1023519787461575,1.10106,2022-03-23 03:50:00-04:00,1.1023519787461575,SL,0.0002,-1.0,-1.7354,-1735.35
2022-03-23 03:55:00-04:00,SHORT,Breakout,1.10162,1.1023617571841868,1.10106,2022-03-23 04:25:00-04:00,1.10106,TP,0.000198,0.755,0.488,488.03
2022-03-23 09:30:00-04:00,SHORT,Breakout,1.09707,1.0975338207576828,1.09601,2022-03-23 10:05:00-04:00,1.0975338207576828,SL,0.00019,-1.0,-1.4096,-1409.64
2022-03-23 20:15:00-04:00,SHORT,Bounce,1.10076,1.100918611800754,1.1,2022-03-23 20:20:00-04:00,1.100918611800754,SL,0.0002,-1.0,-2.2609,-2260.94
2022-03-23 20:35:00-04:00,SHORT,Bounce,1.10074,1.1009232209923294,1.1,2022-03-23 20:45:00-04:00,1.1009232209923294,SL,0.0002,-1.0,-2.0916,-2091.58
2022-03-23 21:00:00-04:00,SHORT,Breakout,1.09984,1.1000639217325836,1.09962,2022-03-23 21:10:00-04:00,1.09962,TP,0.0002,0.9825,0.0893,89.32
2022-03-24 01:35:00-04:00,SHORT,Breakout,1.09787,1.0980327847735714,1.09631,2022-03-24 02:25:00-04:00,1.0980327847735714,SL,0.0002,-1.0,-2.2286,-2228.62
2022-03-24 03:50:00-04:00,SHORT,Retest,1.09769,1.0980537437268147,1.09742,2022-03-24 04:05:00-04:00,1.09742,TP,0.000198,0.7423,0.1979,197.94
2022-03-24 04:05:00-04:00,SHORT,Breakout,1.09728,1.0974965783410395,1.09631,2022-03-24 04:10:00-04:00,1.0974965783410395,SL,0.000196,-1.0,-1.905,-1904.98
2022-03-27 19:00:00-04:00,SHORT,Breakout,1.09764,1.0977913630012281,1.09648,2022-03-27 19:05:00-04:00,1.0977913630012281,SL,0.00023,-1.0,-2.5195,-2519.53
2022-03-27 20:20:00-04:00,SHORT,Breakout,1.09753,1.097697722151417,1.09648,2022-03-27 20:25:00-04:00,1.097697722151417,SL,0.0002,-1.0,-2.1924,-2192.45
2022-03-28 18:05:00-04:00,SHORT,Bounce,1.09855,1.0989073377738476,1.09735,2022-03-28 18:25:00-04:00,1.0989073377738476,SL,0.000232,-1.0,-1.6492,-1649.25
2022-03-28 18:25:00-04:00,SHORT,Bounce,1.09877,1.0989033594897664,1.09735,2022-03-28 18:30:00-04:00,1.0989033594897664,SL,0.0002,-1.0,-2.4997,-2499.71
2022-03-28 20:50:00-04:00,SHORT,Breakout,1.09693,1.0974399379106348,1.0964,2022-03-28 20:55:00-04:00,1.0974399379106348,SL,0.0002,-1.0,-1.3922,-1392.2
2022-03-28 23:45:00-04:00,SHORT,Breakout,1.0985,1.0987065693433424,1.09681,2022-03-28 23:50:00-04:00,1.0987065693433424,SL,0.000196,-1.0,-1.9488,-1948.83
2022-03-29 01:10:00-04:00,SHORT,Breakout,1.09821,1.098408767914694,1.09681,2022-03-29 01:55:00-04:00,1.098408767914694,SL,0.0002,-1.0,-2.0062,-2006.2
2022-03-29 01:55:00-04:00,SHORT,Breakout,1.09824,1.0984086267200692,1.09681,2022-03-29 02:00:00-04:00,1.0984086267200692,SL,0.000198,-1.0,-2.1742,-2174.19
2022-03-29 05:10:00-04:00,SHORT,Bounce,1.10078,1.1019285183941117,1.09681,2022-03-29 05:15:00-04:00,1.1019285183941117,SL,0.0002,-1.0,-1.1741,-1174.14
2022-03-29 20:05:00-04:00,SHORT,Bounce,1.10919,1.1098788486835984,1.10758,2022-03-29 21:00:00-04:00,1.1098788486835984,SL,0.0002,-1.0,-1.2903,-1290.34
2022-03-30 03:00:00-04:00,LONG,Breakout,1.1124,1.1119481388558772,1.11362,2022-03-30 03:20:00-04:00,1.1119481388558772,SL,0.00019,-1.0,-1.4205,-1420.48
2022-03-30 03:30:00-04:00,LONG,Breakout,1.11215,1.1119306694432163,1.11362,2022-03-30 04:00:00-04:00,1.1119306694432163,SL,0.000194,-1.0,-1.8845,-1884.51
2022-03-30 04:15:00-04:00,LONG,Retest,1.11235,1.1119126804669206,1.1134,2022-03-30 04:30:00-04:00,1.1119126804669206,SL,0.000196,-1.0,-1.4482,-1448.18
2022-03-30 09:30:00-04:00,LONG,Breakout,1.1148,1.11452487148704,1.11608,2022-03-30 09:35:00-04:00,1.11452487148704,SL,0.00019,-1.0,-1.6906,-1690.59
2022-03-30 20:00:00-04:00,LONG,Breakout,1.11642,1.1162911122347179,1.11701,2022-03-30 20:10:00-04:00,1.1162911122347179,SL,0.0002,-1.0,-2.5517,-2551.74
2022-03-30 20:25:00-04:00,LONG,Bounce,1.11583,1.1153776078995452,1.11701,2022-03-30 20:45:00-04:00,1.11701,TP,0.0002,2.6084,2.1663,2166.26
2022-03-31 02:35:00-04:00,LONG,Bounce,1.11611,1.1155747555399032,1.11839,2022-03-31 03:25:00-04:00,1.1155747555399032,SL,0.000194,-1.0,-1.3625,-1362.45
2022-03-31 10:55:00-04:00,LONG,Breakout,1.11185,1.1110219465748035,1.11749,2022-03-31 11:05:00-04:00,1.1110219465748035,SL,0.000192,-1.0,-1.2319,-1231.87
2022-03-31 20:50:00-04:00,LONG,Bounce,1.10665,1.1059829477930474,1.10737,2022-04-01 02:05:00-04:00,1.1059829477930474,SL,0.000198,-1.0,-1.2968,-1296.83
2022-04-01 05:20:00-04:00,LONG,Bounce,1.10531,1.1040410643816945,1.10735,2022-04-01 08:30:00-04:00,1.1040410643816945,SL,0.000196,-1.0,-1.1545,-1154.46
2022-04-01 08:30:00-04:00,LONG,Bounce,1.10463,1.1039306184540636,1.10662,2022-04-01 09:30:00-04:00,1.1039306184540636,SL,0.000194,-1.0,-1.2774,-1277.39
2022-04-05 00:15:00-04:00,SHORT,Breakout,1.09637,1.0964959210386283,1.09598,2022-04-05 00:30:00-04:00,1.0964959210386283,SL,0.000194,-1.0,-2.5406,-2540.65
2022-04-05 10:10:00-04:00,SHORT,Breakout,1.09508,1.0956745316925283,1.09454,2022-04-05 10:15:00-04:00,1.09454,TP,0.00019,0.9083,0.5887,588.7
2022-04-05 20:40:00-04:00,SHORT,Breakout,1.08987,1.0901001529267778,1.0889,2022-04-05 22:40:00-04:00,1.0901001529267778,SL,0.0002,-1.0,-1.869,-1868.99
2022-04-06 01:55:00-04:00,SHORT,Breakout,1.0883,1.089269280959095,1.0871,2022-04-06 03:15:00-04:00,1.089269280959095,SL,0.000192,-1.0,-1.1981,-1198.08
2022-04-06 03:20:00-04:00,SHORT,Bounce,1.08928,1.0901086538962999,1.08731,2022-04-06 04:20:00-04:00,1.0901086538962999,SL,0.000192,-1.0,-1.2317,-1231.7
2022-04-06 13:55:00-04:00,SHORT,Breakout,1.08993,1.0903004296496375,1.08731,2022-04-06 14:00:00-04:00,1.0903004296496375,SL,0.000198,-1.0,-1.5345,-1534.51
2022-04-06 14:00:00-04:00,SHORT,Bounce,1.09068,1.0913692561032349,1.08731,2022-04-07 00:55:00-04:00,1.0913692561032349,SL,0.000198,-1.0,-1.2873,-1287.27
2022-04-07 07:05:00-04:00,SHORT,Bounce,1.08951,1.089890159990398,1.08641,2022-04-07 07:10:00-04:00,1.089890159990398,SL,0.000196,-1.0,-1.5156,-1515.57
2022-04-07 10:00:00-04:00,SHORT,Breakout,1.09011,1.0907879790835049,1.0886,2022-04-07 10:05:00-04:00,1.0907879790835049,SL,0.000192,-1.0,-1.2832,-1283.19
2022-04-07 11:20:00-04:00,SHORT,Retest,1.09029,1.0907817358377947,1.08973,2022-04-07 11:30:00-04:00,1.08973,TP,0.000192,1.1388,0.7484,748.37
2022-04-07 19:50:00-04:00,SHORT,Breakout,1.0862,1.08679007293425,1.08499,2022-04-07 20:30:00-04:00,1.08679007293425,SL,0.0002,-1.0,-1.3389,-1338.94
2022-04-07 20:35:00-04:00,SHORT,Breakout,1.0866500000000001,1.0868193079853126,1.08499,2022-04-07 21:45:00-04:00,1.0868193079853126,SL,0.0002,-1.0,-2.1813,-2181.28
2022-04-08 03:00:00-04:00,SHORT,Bounce,1.0858,1.0865060158879685,1.08536,2022-04-08 03:05:00-04:00,1.08536,TP,0.000196,0.6232,0.3456,345.6
2022-04-08 03:15:00-04:00,SHORT,Breakout,1.0852,1.0854491358986396,1.08466,2022-04-08 03:20:00-04:00,1.0854491358986396,SL,0.000196,-1.0,-1.7867,-1786.72
2022-04-08 03:30:00-04:00,SHORT,Retest,1.0851,1.085452878122927,1.08466,2022-04-08 03:35:00-04:00,1.085452878122927,SL,0.000192,-1.0,-1.5441,-1544.1
2022-04-08 08:00:00-04:00,SHORT,Breakout,1.08584,1.086359318569921,1.08469,2022-04-08 08:35:00-04:00,1.086359318569921,SL,0.000192,-1.0,-1.3697,-1369.72
2022-04-08 08:45:00-04:00,SHORT,Breakout,1.08615,1.0863472219940296,1.08469,2022-04-08 09:15:00-04:00,1.08469,TP,0.000192,7.4028,6.4293,6429.3
2022-04-11 07:55:00-04:00,SHORT,Breakout,1.09004,1.0903642371543822,1.08731,2022-04-11 08:50:00-04:00,1.0903642371543822,SL,0.000194,-1.0,-1.5983,-1598.33
2022-04-11 19:05:00-04:00,SHORT,Breakout,1.08782,1.0879138837923474,1.0872,2022-04-11 19:10:00-04:00,1.0879138837923474,SL,0.000198,-1.0,-3.109,-3108.99
2022-04-11 19:10:00-04:00,SHORT,Retest,1.08773,1.0879136063786083,1.0872,2022-04-11 19:15:00-04:00,1.0879136063786083,SL,0.0002,-1.0,-2.0893,-2089.29
2022-04-11 19:20:00-04:00,SHORT,Bounce,1.08801,1.0885413748876773,1.0872,2022-04-11 20:10:00-04:00,1.0885413748876773,SL,0.000222,-1.0,-1.4178,-1417.78
2022-04-11 20:15:00-04:00,SHORT,Breakout,1.0877,1.0879345256492259,1.0872,2022-04-11 20:20:00-04:00,1.0879345256492259,SL,0.000198,-1.0,-1.8443,-1844.26
2022-04-11 20:30:00-04:00,SHORT,Breakout,1.0876,1.0879389383569058,1.0872,2022-04-11 20:40:00-04:00,1.0872,TP,0.0002,1.1802,0.5901,590.08
2022-04-12 02:55:00-04:00,SHORT,Breakout,1.08597,1.0866204807204596,1.08355,2022-04-12 03:35:00-04:00,1.0866204807204596,SL,0.000194,-1.0,-1.2982,-1298.24
2022-04-12 04:35:00-04:00,SHORT,Retest,1.08618,1.0866415705021109,1.08527,2022-04-12 05:10:00-04:00,1.0866415705021109,SL,0.000194,-1.0,-1.4203,-1420.3
2022-04-12 20:10:00-04:00,SHORT,Breakout,1.08228,1.082405997717558,1.08206,2022-04-12 20:15:00-04:00,1.082405997717558,SL,0.0002,-1.0,-2.5873,-2587.33
2022-04-12 20:20:00-04:00,SHORT,Breakout,1.08199,1.0824099368074862,1.0805,2022-04-12 21:40:00-04:00,1.0824099368074862,SL,0.0002,-1.0,-1.4763,-1476.26
2022-04-13 02:25:00-04:00,SHORT,Breakout,1.08267,1.082890560421823,1.08102,2022-04-13 02:40:00-04:00,1.082890560421823,SL,0.00019,-1.0,-1.8614,-1861.44
2022-04-13 02:50:00-04:00,SHORT,Breakout,1.08224,1.0829019655662446,1.08102,2022-04-13 03:30:00-04:00,1.0829019655662446,SL,0.000194,-1.0,-1.2931,-1293.07
2022-04-13 20:40:00-04:00,SHORT,Breakout,1.08828,1.088637643784438,1.08768,2022-04-13 21:05:00-04:00,1.088637643784438,SL,0.0002,-1.0,-1.5592,-1559.22
2022-04-14 03:30:00-04:00,SHORT,Breakout,1.09054,1.0909195268733234,1.09019,2022-04-14 03:35:00-04:00,1.0909195268733234,SL,0.000194,-1.0,-1.5112,-1511.16
2022-04-14 03:50:00-04:00,SHORT,Retest,1.09072,1.0909186941646445,1.09019,2022-04-14 04:10:00-04:00,1.0909186941646445,SL,0.000198,-1.0,-1.9965,-1996.51
2022-04-14 07:45:00-04:00,SHORT,Breakout,1.08729,1.090210250051319,1.08081,2022-04-14 09:35:00-04:00,1.08081,TP,0.000198,2.219,2.1512,2151.19
2022-04-14 18:35:00-04:00,SHORT,Breakout,1.08223,1.0824641115014968,1.08081,2022-04-14 20:55:00-04:00,1.08081,TP,0.000328,6.0655,4.6644,4664.44
2022-04-15 11:55:00-04:00,SHORT,Breakout,1.0804,1.0805853295683112,1.0801,2022-04-15 12:00:00-04:00,1.0805853295683112,SL,0.000522,-1.0,-3.8166,-3816.6
2022-04-15 13:00:00-04:00,SHORT,Retest,1.08043,1.0805704063536488,1.08018,2022-04-15 13:10:00-04:00,1.0805704063536488,SL,0.000418,-1.0,-3.9771,-3977.07
2022-04-18 20:10:00-04:00,SHORT,Bounce,1.07834,1.0787696254395758,1.07722,2022-04-18 20:50:00-04:00,1.07722,TP,0.0002,2.6069,2.1414,2141.4
2022-04-21 01:15:00-04:00,SHORT,Bounce,1.0842,1.0843798750716906,1.0823,2022-04-21 01:20:00-04:00,1.0843798750716906,SL,0.0002,-1.0,-2.1119,-2111.88
2022-04-21 06:35:00-04:00,SHORT,Breakout,1.09073,1.091130975628472,1.08282,2022-04-22 02:50:00-04:00,1.08282,TP,0.0002,19.7269,19.2281,19228.1
2022-04-22 09:35:00-04:00,SHORT,Breakout,1.08121,1.0815382340988675,1.07895,2022-04-22 09:50:00-04:00,1.0815382340988675,SL,0.00019,-1.0,-1.5789,-1578.86
2022-04-22 09:55:00-04:00,SHORT,Breakout,1.08053,1.0815493327284922,1.07895,2022-04-22 10:05:00-04:00,1.0815493327284922,SL,0.000194,-1.0,-1.1903,-1190.32
2022-04-25 00:50:00-04:00,SHORT,Breakout,1.07755,1.0776937465990193,1.07698,2022-04-25 00:55:00-04:00,1.0776937465990193,SL,0.0002,-1.0,-2.3913,-2391.34
2022-04-25 01:00:00-04:00,SHORT,Retest,1.07736,1.0776970570165014,1.07698,2022-04-25 01:40:00-04:00,1.0776970570165014,SL,0.0002,-1.0,-1.5934,-1593.37
2022-04-25 15:00:00-04:00,SHORT,Breakout,1.0706,1.0709877585099665,1.06954,2022-04-25 15:15:00-04:00,1.0709877585099665,SL,0.0002,-1.0,-1.5158,-1515.78
2022-04-25 23:15:00-04:00,SHORT,Bounce,1.07318,1.0733736839531718,1.07196,2022-04-25 23:20:00-04:00,1.0733736839531718,SL,0.0002,-1.0,-2.0326,-2032.61
2022-04-26 02:10:00-04:00,SHORT,Breakout,1.07198,1.0722242098902004,1.07058,2022-04-26 02:45:00-04:00,1.07058,TP,0.000198,5.7328,4.922,4922.0
2022-04-27 20:20:00-04:00,SHORT,Breakout,1.05462,1.0548551329258604,1.05133,2022-04-27 20:45:00-04:00,1.0548551329258604,SL,0.0002,-1.0,-1.8506,-1850.58
2022-04-27 20:50:00-04:00,SHORT,Breakout,1.05422,1.0548605965901137,1.05133,2022-04-27 21:00:00-04:00,1.0548605965901137,SL,0.000194,-1.0,-1.3028,-1302.84
2022-04-27 21:05:00-04:00,SHORT,Breakout,1.05468,1.054891374893761,1.05133,2022-04-27 23:50:00-04:00,1.05133,TP,0.0002,15.8486,14.9024,14902.43
2022-04-28 06:30:00-04:00,SHORT,Breakout,1.05093,1.0514426303401867,1.04801,2022-04-28 08:15:00-04:00,1.04801,TP,0.00019,5.6961,5.3255,5325.47
2022-04-28 09:15:00-04:00,SHORT,Retest,1.05017,1.0515250714239144,1.04699,2022-04-28 10:05:00-04:00,1.0515250714239144,SL,0.000192,-1.0,-1.1417,-1141.69
2022-04-29 07:10:00-04:00,SHORT,Breakout,1.05578,1.0561787998575134,1.05352,2022-04-29 07:20:00-04:00,1.0561787998575134,SL,0.000196,-1.0,-1.4915,-1491.47
2022-05-02 01:55:00-04:00,SHORT,Breakout,1.0512,1.0516996908352225,1.05091,2022-05-02 02:00:00-04:00,1.0516996908352225,SL,0.00021,-1.0,-1.4203,-1420.26
2022-05-02 02:05:00-04:00,SHORT,Breakout,1.05122,1.0517116109752684,1.05091,2022-05-02 02:15:00-04:00,1.0517116109752684,SL,0.00021,-1.0,-1.4272,-1427.17
2022-05-02 07:00:00-04:00,SHORT,Breakout,1.05165,1.0519027591631356,1.05093,2022-05-02 07:05:00-04:00,1.0519027591631356,SL,0.000208,-1.0,-1.8229,-1822.92
2022-05-02 08:55:00-04:00,SHORT,Breakout,1.05097,1.0513997811591713,1.05042,2022-05-02 09:00:00-04:00,1.0513997811591713,SL,0.000194,-1.0,-1.4514,-1451.39
2022-05-02 20:00:00-04:00,SHORT,Bounce,1.05089,1.0513197883618426,1.04981,2022-05-02 20:30:00-04:00,1.0513197883618426,SL,0.000232,-1.0,-1.5398,-1539.8
2022-05-03 00:55:00-04:00,SHORT,Breakout,1.05007,1.0507750907115652,1.04981,2022-05-03 01:15:00-04:00,1.0507750907115652,SL,0.000206,-1.0,-1.2922,-1292.16
2022-05-03 02:45:00-04:00,SHORT,Retest,1.05043,1.0507972065760403,1.04943,2022-05-03 03:00:00-04:00,1.04943,TP,0.0002,2.7233,2.1786,2178.61
2022-05-03 20:10:00-04:00,SHORT,Bounce,1.05251,1.0527370726240477,1.05168,2022-05-03 20:55:00-04:00,1.0527370726240477,SL,0.000206,-1.0,-1.9072,-1907.2
2022-05-04 01:50:00-04:00,SHORT,Breakout,1.05112,1.0513609564816022,1.04981,2022-05-04 02:05:00-04:00,1.0513609564816022,SL,0.000204,-1.0,-1.8466,-1846.63
2022-05-04 02:45:00-04:00,SHORT,Breakout,1.05082,1.0513849694171988,1.04981,2022-05-04 03:00:00-04:00,1.0513849694171988,SL,0.000202,-1.0,-1.3575,-1357.54
2022-05-04 08:20:00-04:00,SHORT,Bounce,1.05318,1.0536564876164867,1.05204,2022-05-04 08:25:00-04:00,1.0536564876164867,SL,0.00019,-1.0,-1.3988,-1398.75
2022-05-04 20:20:00-04:00,SHORT,Bounce,1.06214,1.0624708176754898,1.0602800000000001,2022-05-04 21:20:00-04:00,1.0624708176754898,SL,0.00021,-1.0,-1.6348,-1634.79
2022-05-05 01:05:00-04:00,SHORT,Breakout,1.06061,1.0613859397586556,1.06033,2022-05-05 01:15:00-04:00,1.0613859397586556,SL,0.000208,-1.0,-1.2681,-1268.06
2022-05-05 02:25:00-04:00,SHORT,Breakout,1.06022,1.0606051991947085,1.05096,2022-05-05 06:10:00-04:00,1.0606051991947085,SL,0.000194,-1.0,-1.5036,-1503.64
2022-05-05 07:00:00-04:00,SHORT,Breakout,1.05879,1.0592447864863983,1.05805,2022-05-05 07:05:00-04:00,1.0592447864863983,SL,0.00019,-1.0,-1.4178,-1417.78
2022-05-05 07:10:00-04:00,SHORT,Retest,1.05789,1.0592596577357212,1.05096,2022-05-05 11:05:00-04:00,1.05096,TP,0.000194,5.0597,4.918,4918.02
2022-05-05 20:10:00-04:00,SHORT,Breakout,1.05338,1.053585022035833,1.05014,2022-05-05 20:15:00-04:00,1.053585022035833,SL,0.00021,-1.0,-2.0243,-2024.28
2022-05-05 21:20:00-04:00,SHORT,Breakout,1.05287,1.0533413764036361,1.05014,2022-05-05 21:25:00-04:00,1.0533413764036361,SL,0.000208,-1.0,-1.4413,-1441.26
2022-05-06 01:45:00-04:00,SHORT,Breakout,1.05222,1.0525724384035733,1.0515,2022-05-06 02:05:00-04:00,1.0515,TP,0.000206,2.0429,1.4584,1458.41
2022-05-08 19:50:00-04:00,SHORT,Breakout,1.05338,1.053534198194728,1.04817,2022-05-09 06:10:00-04:00,1.053534198194728,SL,0.000206,-1.0,-2.3359,-2335.94
2022-05-09 07:55:00-04:00,SHORT,Bounce,1.05455,1.054997037016024,1.05003,2022-05-09 08:00:00-04:00,1.054997037016024,SL,0.00019,-1.0,-1.425,-1425.02
2022-05-10 02:25:00-04:00,SHORT,Breakout,1.05654,1.0569165758777441,1.05523,2022-05-10 03:00:00-04:00,1.05523,TP,0.000196,3.4787,2.9582,2958.24
2022-05-10 03:45:00-04:00,SHORT,Breakout,1.05657,1.0569554949055473,1.05488,2022-05-10 03:50:00-04:00,1.0569554949055473,SL,0.000192,-1.0,-1.4981,-1498.06
2022-05-10 09:55:00-04:00,SHORT,Breakout,1.0543,1.0548724740092867,1.05349,2022-05-10 10:00:00-04:00,1.0548724740092867,SL,0.000194,-1.0,-1.3389,-1338.88
2022-05-10 10:05:00-04:00,SHORT,Retest,1.05406,1.0548851434059665,1.05158,2022-05-10 10:10:00-04:00,1.0548851434059665,SL,0.000198,-1.0,-1.24,-1239.96
2022-05-10 21:15:00-04:00,SHORT,Breakout,1.05253,1.0526596361438787,1.05227,2022-05-10 21:20:00-04:00,1.0526596361438787,SL,0.00021,-1.0,-2.6199,-2619.92
2022-05-11 08:30:00-04:00,SHORT,Breakout,1.05293,1.0544048126113814,1.05003,2022-05-11 09:10:00-04:00,1.0544048126113814,SL,0.000202,-1.0,-1.137,-1136.97
2022-05-11 09:30:00-04:00,SHORT,Bounce,1.05501,1.055871496809134,1.05007,2022-05-11 09:35:00-04:00,1.055871496809134,SL,0.00019,-1.0,-1.2205,-1220.55
2022-05-11 20:15:00-04:00,SHORT,Breakout,1.05077,1.051160774041118,1.05007,2022-05-11 20:20:00-04:00,1.051160774041118,SL,0.000206,-1.0,-1.5272,-1527.16
2022-05-12 01:25:00-04:00,SHORT,Breakout,1.05104,1.0511903028203144,1.05067,2022-05-12 01:30:00-04:00,1.05067,TP,0.0002,2.4617,1.131,1131.05
2022-05-12 18:10:00-04:00,SHORT,Bounce,1.03805,1.0382345561609052,1.03706,2022-05-12 19:45:00-04:00,1.0382345561609052,SL,0.000234,-1.0,-2.2679,-2267.91
2022-05-12 21:25:00-04:00,SHORT,Bounce,1.038,1.0384058470087822,1.03723,2022-05-12 22:20:00-04:00,1.0384058470087822,SL,0.00021,-1.0,-1.5174,-1517.44
2022-05-13 02:15:00-04:00,SHORT,Breakout,1.03845,1.0388993372077997,1.0373,2022-05-13 02:20:00-04:00,1.0388993372077997,SL,0.000198,-1.0,-1.4406,-1440.65
2022-05-13 02:25:00-04:00,SHORT,Breakout,1.03869,1.0389020917761131,1.0373,2022-05-13 02:30:00-04:00,1.0389020917761131,SL,0.0002,-1.0,-1.943,-1942.99
2022-05-13 02:35:00-04:00,SHORT,Bounce,1.03922,1.0398003954600157,1.0373,2022-05-13 02:45:00-04:00,1.0398003954600157,SL,0.000194,-1.0,-1.3343,-1334.25
2022-05-13 05:50:00-04:00,SHORT,Breakout,1.0377,1.0384162053893056,1.03723,2022-05-13 05:55:00-04:00,1.03723,TP,0.000202,0.6562,0.3742,374.19
2022-05-13 06:15:00-04:00,SHORT,Retest,1.03767,1.038408357279726,1.03532,2022-05-13 06:25:00-04:00,1.038408357279726,SL,0.000208,-1.0,-1.2817,-1281.71
2022-05-16 09:55:00-04:00,SHORT,Breakout,1.04035,1.0412992936070082,1.03937,2022-05-16 10:10:00-04:00,1.0412992936070082,SL,0.000194,-1.0,-1.2044,-1204.36
2022-05-16 18:15:00-04:00,SHORT,Breakout,1.04286,1.042992443049477,1.0417,2022-05-16 18:25:00-04:00,1.042992443049477,SL,0.000232,-1.0,-2.7517,-2751.7
2022-05-17 20:00:00-04:00,SHORT,Bounce,1.05473,1.0552295890948373,1.0520100000000001,2022-05-17 20:05:00-04:00,1.0552295890948373,SL,0.000208,-1.0,-1.4163,-1416.34
2022-05-17 21:30:00-04:00,SHORT,Breakout,1.05391,1.0545313965399898,1.0520100000000001,2022-05-18 02:35:00-04:00,1.0520100000000001,TP,0.000208,3.0576,2.7229,2722.9
2022-05-19 01:25:00-04:00,SHORT,Breakout,1.04927,1.0495368143740578,1.0478,2022-05-19 02:45:00-04:00,1.0478,TP,0.00021,5.5094,4.7224,4722.38
2022-05-19 08:40:00-04:00,SHORT,Bounce,1.05361,1.0539684860208485,1.05125,2022-05-19 08:50:00-04:00,1.0539684860208485,SL,0.00019,-1.0,-1.53,-1530.01
2022-05-19 19:55:00-04:00,SHORT,Breakout,1.05786,1.0580288431472193,1.05517,2022-05-19 20:00:00-04:00,1.0580288431472193,SL,0.00021,-1.0,-2.2438,-2243.76
2022-05-19 21:00:00-04:00,SHORT,Retest,1.05734,1.0580563027185568,1.05517,2022-05-20 01:30:00-04:00,1.0580563027185568,SL,0.000202,-1.0,-1.282,-1282.0
2022-05-20 01:50:00-04:00,LONG,Breakout,1.05852,1.0579691293359694,1.06063,2022-05-20 02:55:00-04:00,1.0579691293359694,SL,0.000202,-1.0,-1.3667,-1366.69
2022-05-23 01:45:00-04:00,LONG,Breakout,1.06102,1.0592872991425857,1.06166,2022-05-23 03:40:00-04:00,1.0592872991425857,SL,0.000204,-1.0,-1.1177,-1117.74
2022-05-23 04:05:00-04:00,LONG,Breakout,1.06116,1.0608311510222548,1.06184,2022-05-23 04:10:00-04:00,1.0608311510222548,SL,0.000192,-1.0,-1.5839,-1583.85
2022-05-23 04:15:00-04:00,LONG,Breakout,1.06241,1.0607995230753116,1.0641,2022-05-23 04:55:00-04:00,1.0641,TP,0.000202,1.0494,0.9239,923.95
2022-05-23 14:40:00-04:00,LONG,Breakout,1.06936,1.0689193180795502,1.06964,2022-05-23 14:45:00-04:00,1.06964,TP,0.000198,0.6354,0.1861,186.08
2022-05-23 14:55:00-04:00,LONG,Retest,1.06924,1.0689195385644212,1.07334,2022-05-23 15:05:00-04:00,1.0689195385644212,SL,0.0002,-1.0,-1.6241,-1624.1
2022-05-24 02:50:00-04:00,LONG,Breakout,1.06911,1.0671950311376848,1.06965,2022-05-24 03:00:00-04:00,1.06965,TP,0.000198,0.282,0.1786,178.59
2022-05-24 07:45:00-04:00,LONG,Breakout,1.0721,1.0717669013784816,1.07352,2022-05-24 07:50:00-04:00,1.0717669013784816,SL,0.000196,-1.0,-1.5884,-1588.41
2022-05-24 09:45:00-04:00,LONG,Breakout,1.07301,1.072482556696239,1.07352,2022-05-24 09:50:00-04:00,1.07352,TP,0.000194,0.9669,0.5991,599.12
2022-05-24 11:30:00-04:00,LONG,Retest,1.07341,1.0724916113250273,1.07465,2022-05-24 12:10:00-04:00,1.07465,TP,0.00019,1.3502,1.1433,1143.31
2022-05-25 18:00:00-04:00,LONG,Breakout,1.06839,1.0681957173068077,1.06937,2022-05-25 18:30:00-04:00,1.06937,TP,0.000278,5.0442,3.6133,3613.29
2022-05-25 20:30:00-04:00,LONG,Breakout,1.0698,1.0694046107069244,1.07139,2022-05-25 21:35:00-04:00,1.0694046107069244,SL,0.000206,-1.0,-1.521,-1521.01
2022-05-27 13:55:00-04:00,LONG,Breakout,1.07167,1.0714998947592316,1.07492,2022-05-29 21:50:00-04:00,1.07492,TP,0.000192,19.1058,17.9771,17977.11
2022-05-30 00:40:00-04:00,LONG,Breakout,1.07592,1.0754599863118508,1.07616,2022-05-30 01:00:00-04:00,1.0754599863118508,SL,0.00021,-1.0,-1.4565,-1456.51
2022-05-30 01:00:00-04:00,LONG,Retest,1.07577,1.0754615648441477,1.07616,2022-05-30 01:25:00-04:00,1.0754615648441477,SL,0.00021,-1.0,-1.6809,-1680.86
2022-05-30 02:10:00-04:00,LONG,Breakout,1.07639,1.075934804064817,1.07782,2022-05-30 02:15:00-04:00,1.075934804064817,SL,0.000202,-1.0,-1.4438,-1443.76
2022-05-30 02:30:00-04:00,LONG,Retest,1.07622,1.075925136580988,1.07782,2022-05-30 02:45:00-04:00,1.075925136580988,SL,0.000204,-1.0,-1.6918,-1691.85
2022-05-30 02:55:00-04:00,LONG,Bounce,1.0753,1.074867666207839,1.07782,2022-05-30 03:15:00-04:00,1.074867666207839,SL,0.0002,-1.0,-1.4626,-1462.61
2022-05-30 06:40:00-04:00,LONG,Breakout,1.07722,1.0768243552686054,1.07782,2022-05-30 07:00:00-04:00,1.07782,TP,0.000208,1.5165,0.9908,990.79
2022-05-30 18:30:00-04:00,LONG,Bounce,1.07761,1.0774266984398857,1.07859,2022-05-30 18:35:00-04:00,1.0774266984398857,SL,0.000226,-1.0,-2.2329,-2232.94
2022-05-31 05:00:00-04:00,LONG,Bounce,1.07294,1.0725588590475832,1.07474,2022-05-31 05:55:00-04:00,1.0725588590475832,SL,0.000206,-1.0,-1.5405,-1540.48
2022-05-31 08:40:00-04:00,LONG,Bounce,1.06909,1.0686644616222167,1.07337,2022-05-31 08:50:00-04:00,1.0686644616222167,SL,0.000192,-1.0,-1.4512,-1451.19
2022-05-31 10:45:00-04:00,LONG,Breakout,1.07229,1.071289602623439,1.07337,2022-05-31 10:50:00-04:00,1.07337,TP,0.00019,1.0796,0.8896,889.65
2022-05-31 11:00:00-04:00,LONG,Breakout,1.07195,1.071268674549452,1.07376,2022-05-31 13:55:00-04:00,1.07376,TP,0.000192,2.6566,2.3748,2374.78
2022-05-31 20:30:00-04:00,LONG,Bounce,1.07304,1.0729394709500117,1.07396,2022-05-31 20:35:00-04:00,1.0729394709500117,SL,0.000214,-1.0,-3.1287,-3128.74
2022-05-31 20:35:00-04:00,LONG,Bounce,1.07303,1.0729395087392966,1.07396,2022-05-31 20:40:00-04:00,1.0729395087392966,SL,0.00021,-1.0,-3.3207,-3320.67
2022-05-31 20:40:00-04:00,LONG,Bounce,1.07307,1.0729395438293468,1.07367,2022-05-31 20:50:00-04:00,1.0729395438293468,SL,0.00021,-1.0,-2.6097,-2609.74
2022-06-01 02:00:00-04:00,LONG,Bounce,1.07112,1.0705411602092385,1.07148,2022-06-01 02:20:00-04:00,1.07148,TP,0.000196,0.6219,0.2833,283.33
2022-06-01 02:20:00-04:00,LONG,Breakout,1.07166,1.0714088939695976,1.07212,2022-06-01 02:25:00-04:00,1.0714088939695976,SL,0.000198,-1.0,-1.7885,-1788.51
2022-06-01 02:40:00-04:00,LONG,Breakout,1.07164,1.0714006758815513,1.07212,2022-06-01 02:55:00-04:00,1.0714006758815513,SL,0.00019,-1.0,-1.7939,-1793.9
2022-06-01 02:55:00-04:00,LONG,Breakout,1.07231,1.071393950040732,1.07367,2022-06-01 03:10:00-04:00,1.07367,TP,0.000194,1.4846,1.2729,1272.86
2022-06-01 13:50:00-04:00,LONG,Breakout,1.0651,1.064570091783901,1.07298,2022-06-01 14:15:00-04:00,1.064570091783901,SL,0.000194,-1.0,-1.3661,-1366.1
2022-06-01 20:15:00-04:00,LONG,Breakout,1.06535,1.0652581154256462,1.06595,2022-06-01 20:55:00-04:00,1.0652581154256462,SL,0.000208,-1.0,-3.2637,-3263.71
2022-06-01 22:15:00-04:00,LONG,Retest,1.06569,1.0652425433582544,1.06589,2022-06-01 22:35:00-04:00,1.0652425433582544,SL,0.000206,-1.0,-1.4604,-1460.38
2022-06-05 21:00:00-04:00,LONG,Bounce,1.07158,1.071233765501407,1.07514,2022-06-05 21:30:00-04:00,1.071233765501407,SL,0.000216,-1.0,-1.6239,-1623.85
2022-06-06 02:15:00-04:00,LONG,Bounce,1.07211,1.0719765156907235,1.07355,2022-06-06 02:20:00-04:00,1.0719765156907235,SL,0.000156,-1.0,-2.1687,-2168.68
2022-06-06 02:25:00-04:00,LONG,Bounce,1.07211,1.071977924243532,1.07355,2022-06-06 03:05:00-04:00,1.07355,TP,0.000158,10.9028,9.7066,9706.55
2022-06-06 20:25:00-04:00,LONG,Bounce,1.06854,1.0683528683677486,1.06946,2022-06-06 20:30:00-04:00,1.0683528683677486,SL,0.000166,-1.0,-1.8871,-1887.08
2022-06-09 02:45:00-04:00,LONG,Bounce,1.07127,1.070785991994953,1.07289,2022-06-09 03:50:00-04:00,1.070785991994953,SL,0.000156,-1.0,-1.3223,-1322.31
2022-06-09 07:40:00-04:00,LONG,Breakout,1.0744,1.0722589879474231,1.07477,2022-06-09 07:45:00-04:00,1.0722589879474231,SL,0.000156,-1.0,-1.0729,-1072.86
2022-06-09 07:50:00-04:00,LONG,Breakout,1.0737700000000001,1.0721546681791556,1.07477,2022-06-09 08:10:00-04:00,1.07477,TP,0.000154,0.6191,0.5237,523.73
2022-06-09 20:55:00-04:00,LONG,Breakout,1.06231,1.0618457388266875,1.06427,2022-06-09 21:05:00-04:00,1.0618457388266875,SL,0.00017,-1.0,-1.3662,-1366.17
2022-06-09 21:35:00-04:00,LONG,Retest,1.06214,1.0618419644288524,1.06427,2022-06-09 21:40:00-04:00,1.0618419644288524,SL,0.000168,-1.0,-1.5637,-1563.69
2022-06-09 21:45:00-04:00,LONG,Breakout,1.06214,1.0618411938187553,1.06427,2022-06-10 02:20:00-04:00,1.0618411938187553,SL,0.00017,-1.0,-1.5689,-1568.93
2022-06-10 03:05:00-04:00,SHORT,Breakout,1.06276,1.0629534310951583,1.06109,2022-06-10 03:10:00-04:00,1.0629534310951583,SL,0.000152,-1.0,-1.7858,-1785.81
2022-06-12 18:35:00-04:00,SHORT,Breakout,1.05074,1.0513910070095334,1.04864,2022-06-12 19:45:00-04:00,1.04864,TP,0.000244,3.2258,2.851,2850.97
2022-06-12 19:45:00-04:00,SHORT,Breakout,1.04879,1.0501834626508635,1.04638,2022-06-13 03:50:00-04:00,1.04638,TP,0.00017,1.7295,1.6075,1607.51
2022-06-13 04:40:00-04:00,SHORT,Retest,1.04741,1.0481691565575135,1.04505,2022-06-13 04:55:00-04:00,1.0481691565575135,SL,0.000168,-1.0,-1.2213,-1221.3
2022-06-13 07:20:00-04:00,SHORT,Breakout,1.04548,1.0458869073726904,1.04505,2022-06-13 07:30:00-04:00,1.0458869073726904,SL,0.000152,-1.0,-1.3735,-1373.55
2022-06-13 14:40:00-04:00,SHORT,Breakout,1.04323,1.0434544729209592,1.04175,2022-06-13 14:45:00-04:00,1.0434544729209592,SL,0.00016,-1.0,-1.7128,-1712.78
2022-06-15 14:00:00-04:00,SHORT,Breakout,1.03699,1.0381165324139225,1.03487,2022-06-15 14:05:00-04:00,1.0381165324139225,SL,0.000168,-1.0,-1.1491,-1149.13
2022-06-15 14:10:00-04:00,SHORT,Breakout,1.03764,1.038148438663025,1.03487,2022-06-15 14:15:00-04:00,1.038148438663025,SL,0.00015,-1.0,-1.295,-1295.02
2022-06-15 14:30:00-04:00,SHORT,Breakout,1.03768,1.0382096392819309,1.03487,2022-06-15 14:35:00-04:00,1.0382096392819309,SL,0.000158,-1.0,-1.2983,-1298.32
2022-06-16 01:35:00-04:00,SHORT,Breakout,1.04272,1.043075711056446,1.03583,2022-06-16 02:00:00-04:00,1.043075711056446,SL,0.00017,-1.0,-1.4779,-1477.92
2022-06-16 02:10:00-04:00,SHORT,Breakout,1.04267,1.043082818302468,1.03583,2022-06-16 02:15:00-04:00,1.043082818302468,SL,0.00017,-1.0,-1.4118,-1411.8
2022-06-16 02:30:00-04:00,SHORT,Breakout,1.04228,1.0430928430220947,1.03583,2022-06-16 08:50:00-04:00,1.0430928430220947,SL,0.000154,-1.0,-1.1895,-1189.46
2022-06-16 20:05:00-04:00,SHORT,Breakout,1.05431,1.0545967646503709,1.04346,2022-06-16 20:15:00-04:00,1.0545967646503709,SL,0.00017,-1.0,-1.5928,-1592.82
2022-06-16 20:25:00-04:00,SHORT,Breakout,1.05407,1.0546008728441076,1.04346,2022-06-21 03:15:00-04:00,1.0546008728441076,SL,0.00017,-1.0,-1.3202,-1320.23
2022-06-21 10:00:00-04:00,SHORT,Bounce,1.05566,1.0563665753353857,1.05439,2022-06-21 10:25:00-04:00,1.05439,TP,0.000152,1.7974,1.5823,1582.28
2022-06-21 14:45:00-04:00,SHORT,Breakout,1.05192,1.0527695256881637,1.05122,2022-06-21 14:50:00-04:00,1.0527695256881637,SL,0.00016,-1.0,-1.1883,-1188.34
2022-06-22 02:30:00-04:00,SHORT,Breakout,1.05014,1.0506816369467917,1.04722,2022-06-22 03:05:00-04:00,1.04722,TP,0.000156,5.3911,5.103,5103.05
2022-06-22 19:30:00-04:00,SHORT,Breakout,1.05618,1.0562574854605913,1.05093,2022-06-22 19:35:00-04:00,1.0562574854605913,SL,0.000224,-1.0,-3.8909,-3890.86
2022-06-22 20:40:00-04:00,SHORT,Bounce,1.05637,1.0569077130233184,1.05597,2022-06-22 20:50:00-04:00,1.0569077130233184,SL,0.000168,-1.0,-1.3124,-1312.43
2022-06-22 20:50:00-04:00,SHORT,Bounce,1.05671,1.0569124974537796,1.05597,2022-06-22 20:55:00-04:00,1.0569124974537796,SL,0.000164,-1.0,-1.8099,-1809.89
2022-06-22 21:50:00-04:00,SHORT,Retest,1.05607,1.056319300022548,1.05093,2022-06-22 22:40:00-04:00,1.056319300022548,SL,0.000168,-1.0,-1.6739,-1673.89
2022-06-24 07:50:00-04:00,SHORT,Breakout,1.05171,1.051912645128565,1.05112,2022-06-24 08:00:00-04:00,1.051912645128565,SL,0.000158,-1.0,-1.7797,-1779.69
2022-06-28 02:25:00-04:00,LONG,Breakout,1.05937,1.058310097678437,1.06144,2022-06-28 02:55:00-04:00,1.058310097678437,SL,0.000158,-1.0,-1.1491,-1149.07
2022-06-28 03:25:00-04:00,LONG,Retest,1.05878,1.0582847638053605,1.06144,2022-06-28 03:55:00-04:00,1.0582847638053605,SL,0.00017,-1.0,-1.3433,-1343.27
2022-06-28 20:10:00-04:00,LONG,Breakout,1.05269,1.0525540702833727,1.05337,2022-06-28 20:35:00-04:00,1.0525540702833727,SL,0.00017,-1.0,-2.2506,-2250.65
2022-06-28 21:00:00-04:00,LONG,Bounce,1.05218,1.0519035084142674,1.05337,2022-06-28 22:05:00-04:00,1.05337,TP,0.00017,4.3039,3.6891,3689.08
2022-06-28 22:25:00-04:00,LONG,Retest,1.05321,1.0529710545355242,1.05407,2022-06-28 22:35:00-04:00,1.0529710545355242,SL,0.00017,-1.0,-1.7115,-1711.46
2022-06-29 00:30:00-04:00,SHORT,Breakout,1.05151,1.052432102229202,1.05025,2022-06-29 00:50:00-04:00,1.05025,TP,0.000168,1.3664,1.1843,1184.25
2022-06-29 02:00:00-04:00,SHORT,Breakout,1.04984,1.0501111319476526,1.04936,2022-06-29 02:05:00-04:00,1.0501111319476526,SL,0.000164,-1.0,-1.6049,-1604.87
2022-06-29 14:55:00-04:00,SHORT,Breakout,1.04406,1.04442912093412,1.04346,2022-06-29 15:00:00-04:00,1.04346,TP,0.00015,1.6255,1.2191,1219.11
2022-06-29 20:05:00-04:00,SHORT,Bounce,1.04405,1.0444908972941465,1.04359,2022-06-29 20:45:00-04:00,1.0444908972941465,SL,0.000166,-1.0,-1.3765,-1376.5
2022-06-29 21:10:00-04:00,SHORT,Breakout,1.04332,1.0436539822885604,1.0383,2022-06-29 21:15:00-04:00,1.0436539822885604,SL,0.00017,-1.0,-1.509,-1509.01
2022-06-30 00:55:00-04:00,SHORT,Bounce,1.04526,1.045656588361369,1.04318,2022-06-30 01:05:00-04:00,1.045656588361369,SL,0.00017,-1.0,-1.4287,-1428.66
2022-06-30 01:40:00-04:00,SHORT,Breakout,1.04479,1.0449559526242134,1.04318,2022-06-30 01:45:00-04:00,1.0449559526242134,SL,0.000168,-1.0,-2.0123,-2012.34
2022-06-30 02:55:00-04:00,SHORT,Breakout,1.04396,1.0447783756379352,1.04318,2022-06-30 03:15:00-04:00,1.04318,TP,0.000154,0.9531,0.7649,764.93
2022-06-30 04:10:00-04:00,SHORT,Retest,1.04445,1.0448114382807805,1.04291,2022-06-30 04:35:00-04:00,1.0448114382807805,SL,0.000164,-1.0,-1.4537,-1453.74
2022-06-30 20:05:00-04:00,SHORT,Breakout,1.0471,1.0473256220307308,1.04669,2022-06-30 20:20:00-04:00,1.0473256220307308,SL,0.00018,-1.0,-1.7978,-1797.79
2022-06-30 20:25:00-04:00,SHORT,Breakout,1.04717,1.047326928905136,1.04669,2022-06-30 20:35:00-04:00,1.04669,TP,0.00017,3.0587,1.9754,1975.42
2022-06-30 22:10:00-04:00,SHORT,Retest,1.04699,1.0473391093542421,1.03814,2022-07-01 06:30:00-04:00,1.0473391093542421,SL,0.00017,-1.0,-1.487,-1486.95
2022-07-04 07:55:00-04:00,SHORT,Bounce,1.04513,1.0457487948392092,1.04197,2022-07-04 11:35:00-04:00,1.04197,TP,0.000154,5.1067,4.8578,4857.83
2022-07-05 03:05:00-04:00,SHORT,Breakout,1.04139,1.0429442257385968,1.03927,2022-07-05 03:25:00-04:00,1.03927,TP,0.000152,1.364,1.2662,1266.23
2022-07-05 19:30:00-04:00,SHORT,Breakout,1.02619,1.026289096835013,1.02552,2022-07-05 19:35:00-04:00,1.026289096835013,SL,0.000168,-1.0,-2.6953,-2695.31
2022-07-05 20:20:00-04:00,SHORT,Breakout,1.02587,1.0263054337350317,1.02342,2022-07-05 20:40:00-04:00,1.0263054337350317,SL,0.000158,-1.0,-1.3629,-1362.86
2022-07-06 02:55:00-04:00,SHORT,Bounce,1.02684,1.0270681949672273,1.02376,2022-07-06 03:00:00-04:00,1.0270681949672273,SL,0.000152,-1.0,-1.6661,-1666.1
2022-07-06 14:05:00-04:00,SHORT,Bounce,1.01857,1.0197944967003398,1.01611,2022-07-06 22:40:00-04:00,1.0197944967003398,SL,0.000154,-1.0,-1.1258,-1125.77
2022-07-07 01:30:00-04:00,SHORT,Bounce,1.02042,1.020982078178442,1.01973,2022-07-07 01:45:00-04:00,1.020982078178442,SL,0.00017,-1.0,-1.3024,-1302.45
2022-07-07 03:05:00-04:00,SHORT,Breakout,1.01948,1.0198476020760237,1.01798,2022-07-07 03:10:00-04:00,1.0198476020760237,SL,0.00015,-1.0,-1.408,-1408.05
2022-07-07 03:55:00-04:00,SHORT,Retest,1.01916,1.0198711546584924,1.01798,2022-07-07 04:05:00-04:00,1.0198711546584924,SL,0.000154,-1.0,-1.2165,-1216.55
2022-07-07 05:00:00-04:00,SHORT,Breakout,1.01796,1.0183067082284112,1.01723,2022-07-07 05:05:00-04:00,1.0183067082284112,SL,0.000158,-1.0,-1.4557,-1455.71
2022-07-11 08:25:00-04:00,SHORT,Breakout,1.00898,1.0096271309348421,1.00709,2022-07-11 08:30:00-04:00,1.0096271309348421,SL,0.00015,-1.0,-1.2318,-1231.79
2022-07-11 08:30:00-04:00,SHORT,Retest,1.00813,1.009640907296639,1.00709,2022-07-11 09:00:00-04:00,1.00709,TP,0.00015,0.6883,0.5891,589.05
2022-07-12 18:10:00-04:00,SHORT,Breakout,1.00268,1.003144208382654,0.99989,2022-07-12 18:50:00-04:00,1.003144208382654,SL,0.0002,-1.0,-1.4308,-1430.84
2022-07-12 22:00:00-04:00,SHORT,Breakout,1.0024,1.0027265265440408,0.99989,2022-07-12 22:10:00-04:00,1.0027265265440408,SL,0.000168,-1.0,-1.5145,-1514.51
2022-07-13 02:00:00-04:00,SHORT,Bounce,1.00355,1.004706720695551,1.00219,2022-07-13 03:00:00-04:00,1.004706720695551,SL,0.000154,-1.0,-1.1331,-1133.13
2022-07-13 03:15:00-04:00,SHORT,Breakout,1.00264,1.0030445688437497,1.00219,2022-07-13 03:20:00-04:00,1.00219,TP,0.00015,1.1123,0.7415,741.53
2022-07-13 14:00:00-04:00,SHORT,Breakout,1.00651,1.0074910769325132,0.99968,2022-07-14 09:20:00-04:00,0.99968,TP,0.000164,6.9617,6.7946,6794.57
2022-07-14 20:10:00-04:00,SHORT,Bounce,1.00208,1.0023508825403245,1.00144,2022-07-14 20:20:00-04:00,1.00144,TP,0.00017,2.3626,1.7351,1735.07
2022-07-14 20:20:00-04:00,SHORT,Breakout,1.00125,1.001508403823035,1.00094,2022-07-14 20:30:00-04:00,1.001508403823035,SL,0.000168,-1.0,-1.6501,-1650.15
2022-07-15 01:55:00-04:00,SHORT,Breakout,1.00204,1.0022628047282502,1.00106,2022-07-15 02:00:00-04:00,1.0022628047282502,SL,0.000154,-1.0,-1.6912,-1691.19
2022-07-15 02:25:00-04:00,SHORT,Breakout,1.00185,1.0022802126504953,1.00094,2022-07-15 02:45:00-04:00,1.00094,TP,0.00015,2.1152,1.7666,1766.57
2022-07-17 18:00:00-04:00,SHORT,Bounce,1.00812,1.0082486482676962,1.00721,2022-07-17 18:45:00-04:00,1.0082486482676962,SL,0.000282,-1.0,-3.192,-3192.02
2022-07-18 02:00:00-04:00,SHORT,Breakout,1.00829,1.0086899899051684,1.00775,2022-07-18 02:20:00-04:00,1.0086899899051684,SL,0.000154,-1.0,-1.385,-1385.01
2022-07-18 15:30:00-04:00,SHORT,Breakout,1.01447,1.0150790352747208,1.01187,2022-07-18 21:55:00-04:00,1.01187,TP,0.000154,4.269,4.0162,4016.19
2022-07-19 15:30:00-04:00,SHORT,Retest,1.02273,1.0229884473271496,1.0225,2022-07-19 15:45:00-04:00,1.0229884473271496,SL,0.000156,-1.0,-1.6036,-1603.6
2022-07-19 19:10:00-04:00,SHORT,Bounce,1.02344,1.0235866764671784,1.02224,2022-07-19 20:00:00-04:00,1.0235866764671784,SL,0.000176,-1.0,-2.1999,-2199.92
2022-07-20 00:30:00-04:00,LONG,Breakout,1.02462,1.0244702090062119,1.0248,2022-07-20 00:35:00-04:00,1.0244702090062119,SL,0.00017,-1.0,-2.1349,-2134.91
2022-07-20 02:25:00-04:00,LONG,Bounce,1.02345,1.0229577011199662,1.02474,2022-07-20 02:35:00-04:00,1.0229577011199662,SL,0.000154,-1.0,-1.3128,-1312.82
2022-07-20 02:35:00-04:00,LONG,Bounce,1.02316,1.0229554667820115,1.02474,2022-07-20 02:40:00-04:00,1.0229554667820115,SL,0.00015,-1.0,-1.7334,-1733.38
2022-07-20 02:55:00-04:00,LONG,Breakout,1.02493,1.0246346146595438,1.02635,2022-07-20 03:00:00-04:00,1.0246346146595438,SL,0.00015,-1.0,-1.5078,-1507.81
2022-07-20 18:05:00-04:00,LONG,Breakout,1.01833,1.018089436329253,1.02166,2022-07-20 18:45:00-04:00,1.018089436329253,SL,0.00019,-1.0,-1.7898,-1789.81
2022-07-20 21:30:00-04:00,LONG,Breakout,1.0189,1.0185777840911274,1.02166,2022-07-21 00:30:00-04:00,1.02166,TP,0.000166,8.5657,8.0505,8050.5
2022-07-22 01:10:00-04:00,SHORT,Breakout,1.0182,1.0184640510987257,1.01741,2022-07-22 01:15:00-04:00,1.0184640510987257,SL,0.000168,-1.0,-1.6362,-1636.24
2022-07-22 01:20:00-04:00,SHORT,Breakout,1.01826,1.0184679114065542,1.01741,2022-07-22 01:25:00-04:00,1.0184679114065542,SL,0.000168,-1.0,-1.808,-1808.04
2022-07-27 01:30:00-04:00,SHORT,Bounce,1.01471,1.015198586665718,1.01408,2022-07-27 02:00:00-04:00,1.015198586665718,SL,0.00017,-1.0,-1.3479,-1347.94
2022-07-27 02:00:00-04:00,SHORT,Bounce,1.01495,1.015217660982213,1.01408,2022-07-27 02:10:00-04:00,1.01408,TP,0.00015,3.2504,2.69,2689.97
2022-07-27 02:15:00-04:00,SHORT,Breakout,1.01349,1.014159724190205,1.01275,2022-07-27 02:55:00-04:00,1.01275,TP,0.000152,1.1049,0.878,877.97
2022-07-27 04:00:00-04:00,SHORT,Retest,1.01371,1.014207073155182,1.0127,2022-07-27 04:05:00-04:00,1.014207073155182,SL,0.000156,-1.0,-1.3138,-1313.84
2022-07-27 09:45:00-04:00,SHORT,Breakout,1.0131000000000001,1.013927484448162,1.0127,2022-07-27 09:50:00-04:00,1.0127,TP,0.00015,0.4834,0.3021,302.12
2022-07-27 11:20:00-04:00,SHORT,Retest,1.0131000000000001,1.0139442555819973,1.01082,2022-07-27 11:50:00-04:00,1.01082,TP,0.000152,2.7006,2.5206,2520.56
2022-07-27 21:35:00-04:00,SHORT,Bounce,1.02094,1.0213034739196984,1.01794,2022-07-27 23:10:00-04:00,1.0213034739196984,SL,0.00018,-1.0,-1.4952,-1495.22
2022-08-02 19:05:00-04:00,LONG,Bounce,1.0164,1.0161656416320628,1.01716,2022-08-02 19:15:00-04:00,1.0161656416320628,SL,0.00017,-1.0,-1.7254,-1725.38
2022-08-02 21:50:00-04:00,LONG,Breakout,1.01656,1.0162670430748912,1.01716,2022-08-02 22:05:00-04:00,1.01716,TP,0.00016,2.0481,1.5019,1501.93
2022-08-03 18:05:00-04:00,SHORT,Breakout,1.01597,1.016186320355039,1.01486,2022-08-03 18:15:00-04:00,1.016186320355039,SL,0.000184,-1.0,-1.8506,-1850.59
2022-08-03 18:20:00-04:00,SHORT,Breakout,1.01595,1.0161912295262465,1.01486,2022-08-03 18:30:00-04:00,1.0161912295262465,SL,0.00018,-1.0,-1.7462,-1746.18
2022-08-04 02:15:00-04:00,SHORT,Breakout,1.01572,1.0160182816575034,1.01535,2022-08-04 02:20:00-04:00,1.0160182816575034,SL,0.000152,-1.0,-1.5096,-1509.59
2022-08-04 20:00:00-04:00,SHORT,Breakout,1.02394,1.0242224765983248,1.02299,2022-08-04 21:00:00-04:00,1.02299,TP,0.00017,3.3631,2.7613,2761.29
2022-08-05 01:55:00-04:00,LONG,Bounce,1.02307,1.0228228354741142,1.02391,2022-08-05 02:00:00-04:00,1.0228228354741142,SL,0.000158,-1.0,-1.6393,-1639.25
2022-08-05 02:55:00-04:00,LONG,Bounce,1.02351,1.0228049511065136,1.02391,2022-08-05 03:25:00-04:00,1.0228049511065136,SL,0.000156,-1.0,-1.2213,-1221.26
2022-08-07 20:00:00-04:00,SHORT,Breakout,1.01672,1.0168636766794645,1.01506,2022-08-07 21:00:00-04:00,1.0168636766794645,SL,0.000164,-1.0,-2.1415,-2141.45
2022-08-07 21:10:00-04:00,SHORT,Retest,1.01664,1.0168677455177209,1.01506,2022-08-07 21:15:00-04:00,1.0168677455177209,SL,0.00016,-1.0,-1.7025,-1702.54
2022-08-08 02:40:00-04:00,SHORT,Breakout,1.01768,1.0179565828174957,1.01587,2022-08-08 03:05:00-04:00,1.0179565828174957,SL,0.000152,-1.0,-1.5496,-1549.56
2022-08-11 01:40:00-04:00,LONG,Bounce,1.02839,1.0280073969179166,1.02926,2022-08-11 02:00:00-04:00,1.0280073969179166,SL,0.00017,-1.0,-1.4443,-1444.32
2022-08-11 02:15:00-04:00,LONG,Breakout,1.02957,1.0291865716644013,1.0303,2022-08-11 02:35:00-04:00,1.0291865716644013,SL,0.000168,-1.0,-1.4382,-1438.15
2022-08-11 02:45:00-04:00,LONG,Breakout,1.02963,1.0291760103524143,1.0303,2022-08-11 02:50:00-04:00,1.0303,TP,0.00015,1.4758,1.1454,1145.4
2022-08-11 08:35:00-04:00,LONG,Bounce,1.03362,1.0326040989252507,1.0368,2022-08-11 11:10:00-04:00,1.0326040989252507,SL,0.000156,-1.0,-1.1536,-1153.56
2022-08-11 18:20:00-04:00,LONG,Breakout,1.03257,1.032449018351635,1.03637,2022-08-11 18:30:00-04:00,1.032449018351635,SL,0.000156,-1.0,-2.2895,-2289.45
2022-08-11 18:30:00-04:00,LONG,Breakout,1.03255,1.0324511943950323,1.03637,2022-08-11 18:35:00-04:00,1.0324511943950323,SL,0.000168,-1.0,-2.7003,-2700.31
2022-08-11 21:00:00-04:00,LONG,Bounce,1.03142,1.0310524334879108,1.03241,2022-08-11 21:10:00-04:00,1.0310524334879108,SL,0.000162,-1.0,-1.4407,-1440.74
2022-08-12 02:10:00-04:00,LONG,Breakout,1.03221,1.0320537883061407,1.03241,2022-08-12 02:15:00-04:00,1.0320537883061407,SL,0.00015,-1.0,-1.9602,-1960.24
2022-08-12 06:55:00-04:00,LONG,Bounce,1.02909,1.0286273331097013,1.03076,2022-08-12 07:00:00-04:00,1.0286273331097013,SL,0.000156,-1.0,-1.3372,-1337.18
2022-08-14 20:10:00-04:00,LONG,Bounce,1.02573,1.0254956043585632,1.0262,2022-08-14 20:25:00-04:00,1.0262,TP,0.00017,2.0052,1.2799,1279.89
2022-08-14 21:15:00-04:00,LONG,Breakout,1.02626,1.026140476816196,1.02835,2022-08-14 21:20:00-04:00,1.026140476816196,SL,0.00017,-1.0,-2.4223,-2422.32
2022-08-15 18:10:00-04:00,LONG,Breakout,1.01642,1.0163061858177442,1.02225,2022-08-15 18:15:00-04:00,1.0163061858177442,SL,0.000188,-1.0,-2.6518,-2651.82
2022-08-16 01:50:00-04:00,SHORT,Bounce,1.01611,1.0163373783867915,1.01469,2022-08-16 01:55:00-04:00,1.0163373783867915,SL,0.000166,-1.0,-1.7301,-1730.06
2022-08-16 02:55:00-04:00,SHORT,Breakout,1.01535,1.0155265832132296,1.01469,2022-08-16 03:00:00-04:00,1.0155265832132296,SL,0.00015,-1.0,-1.8495,-1849.46
2022-08-16 04:25:00-04:00,SHORT,Retest,1.01443,1.015567094126266,1.01333,2022-08-16 05:00:00-04:00,1.01333,TP,0.000154,0.9674,0.8319,831.95
2022-08-16 05:00:00-04:00,SHORT,Breakout,1.01322,1.013465908985974,1.01221,2022-08-16 05:10:00-04:00,1.013465908985974,SL,0.000164,-1.0,-1.6669,-1666.91
2022-08-16 08:30:00-04:00,SHORT,Bounce,1.01343,1.0142785989504377,1.01217,2022-08-16 08:40:00-04:00,1.0142785989504377,SL,0.00016,-1.0,-1.1885,-1188.55
2022-08-17 02:00:00-04:00,SHORT,Bounce,1.01822,1.0185146698374747,1.01682,2022-08-17 02:15:00-04:00,1.01682,TP,0.00015,4.7511,4.242,4242.04
2022-08-17 02:35:00-04:00,SHORT,Retest,1.01662,1.016898571163977,1.01642,2022-08-17 02:40:00-04:00,1.016898571163977,SL,0.000154,-1.0,-1.5528,-1552.82
2022-08-17 08:30:00-04:00,SHORT,Breakout,1.01455,1.0149900526457665,1.01217,2022-08-17 08:35:00-04:00,1.0149900526457665,SL,0.000152,-1.0,-1.3454,-1345.41
2022-08-17 23:40:00-04:00,SHORT,Breakout,1.01686,1.0172163783215487,1.01598,2022-08-18 01:30:00-04:00,1.0172163783215487,SL,0.000166,-1.0,-1.4658,-1465.8
2022-08-18 02:15:00-04:00,SHORT,Breakout,1.01584,1.0163015717630965,1.01449,2022-08-18 02:20:00-04:00,1.0163015717630965,SL,0.000154,-1.0,-1.3336,-1333.64
2022-08-18 02:45:00-04:00,SHORT,Breakout,1.01537,1.0163213476392516,1.01449,2022-08-18 03:55:00-04:00,1.0163213476392516,SL,0.000154,-1.0,-1.1619,-1161.88
2022-08-18 08:05:00-04:00,SHORT,Bounce,1.01801,1.0181987096431215,1.0164,2022-08-18 08:20:00-04:00,1.0181987096431215,SL,0.00015,-1.0,-1.7949,-1794.87
2022-08-18 20:00:00-04:00,SHORT,Bounce,1.0088,1.0090695499632971,1.00837,2022-08-18 20:10:00-04:00,1.00837,TP,0.000168,1.5953,0.972,971.99
2022-08-18 20:10:00-04:00,SHORT,Breakout,1.00799,1.0084164384887613,1.00784,2022-08-18 20:30:00-04:00,1.00784,TP,0.00017,0.3518,-0.0469,-46.9
2022-08-18 22:10:00-04:00,SHORT,Retest,1.00811,1.008444446515727,1.00402,2022-08-18 22:55:00-04:00,1.008444446515727,SL,0.000166,-1.0,-1.4963,-1496.34
2022-08-19 02:50:00-04:00,SHORT,Bounce,1.00825,1.008723296839275,1.00732,2022-08-19 03:15:00-04:00,1.008723296839275,SL,0.00015,-1.0,-1.3169,-1316.93
2022-08-19 03:15:00-04:00,SHORT,Bounce,1.0084,1.0087371139468393,1.00732,2022-08-19 03:35:00-04:00,1.0087371139468393,SL,0.000156,-1.0,-1.4628,-1462.75
2022-08-19 07:45:00-04:00,SHORT,Breakout,1.00486,1.0054671532884591,1.00402,2022-08-19 08:00:00-04:00,1.0054671532884591,SL,0.000152,-1.0,-1.2503,-1250.35
2022-08-22 02:55:00-04:00,SHORT,Breakout,1.00216,1.0023692717835306,1.00164,2022-08-22 03:00:00-04:00,1.0023692717835306,SL,0.00015,-1.0,-1.7168,-1716.77
2022-08-22 06:10:00-04:00,SHORT,Bounce,1.00108,1.001878413965524,0.99881,2022-08-22 09:45:00-04:00,0.99881,TP,0.000152,2.8431,2.6528,2652.76
2022-08-22 20:55:00-04:00,SHORT,Bounce,0.9939,0.9945298183018203,0.99294,2022-08-22 21:05:00-04:00,0.9945298183018203,SL,0.00016,-1.0,-1.254,-1254.04
2022-08-23 00:55:00-04:00,SHORT,Breakout,0.99337,0.9935277747456229,0.99294,2022-08-23 01:00:00-04:00,0.9935277747456229,SL,0.000168,-1.0,-2.0648,-2064.81
2022-08-23 19:25:00-04:00,SHORT,Breakout,0.99648,0.9967365608607485,0.9959,2022-08-23 20:00:00-04:00,0.9967365608607485,SL,0.00017,-1.0,-1.6626,-1662.61
2022-08-23 20:05:00-04:00,SHORT,Breakout,0.9965,0.9967483829651239,0.9959,2022-08-23 20:15:00-04:00,0.9959,TP,0.000164,2.4156,1.7554,1755.35
2022-08-24 01:55:00-04:00,SHORT,Breakout,0.99421,0.9944164856256983,0.99133,2022-08-24 02:15:00-04:00,0.9944164856256983,SL,0.000158,-1.0,-1.7652,-1765.19
2022-08-24 02:40:00-04:00,SHORT,Breakout,0.9939,0.9944292047328882,0.99133,2022-08-24 02:45:00-04:00,0.9944292047328882,SL,0.000158,-1.0,-1.2986,-1298.56
2022-08-24 20:00:00-04:00,SHORT,Breakout,0.99632,0.996564835552813,0.99618,2022-08-24 20:05:00-04:00,0.996564835552813,SL,0.000168,-1.0,-1.6862,-1686.17
2022-08-25 07:15:00-04:00,SHORT,Breakout,0.99843,0.9987416151034932,0.99624,2022-08-25 07:20:00-04:00,0.9987416151034932,SL,0.000154,-1.0,-1.4942,-1494.2
2022-08-25 07:30:00-04:00,SHORT,Breakout,0.99805,0.998744371859466,0.99624,2022-08-25 07:45:00-04:00,0.998744371859466,SL,0.00015,-1.0,-1.216,-1216.02
2022-08-25 08:05:00-04:00,SHORT,Breakout,0.99714,0.997470001489392,0.99624,2022-08-25 08:25:00-04:00,0.997470001489392,SL,0.00015,-1.0,-1.4545,-1454.54
2022-08-25 08:30:00-04:00,SHORT,Breakout,0.99701,0.9974730408814051,0.99624,2022-08-25 09:05:00-04:00,0.99624,TP,0.000156,1.6629,1.326,1326.02
2022-08-25 19:45:00-04:00,SHORT,Breakout,0.99694,0.9970878846161433,0.9961,2022-08-25 20:00:00-04:00,0.9970878846161433,SL,0.00017,-1.0,-2.1495,-2149.54
2022-08-25 20:00:00-04:00,SHORT,Breakout,0.99686,0.9970904047017737,0.9961,2022-08-25 20:40:00-04:00,0.9970904047017737,SL,0.000156,-1.0,-1.6771,-1677.07
2022-08-26 02:50:00-04:00,SHORT,Breakout,0.99503,0.9957739528686967,0.99439,2022-08-26 03:05:00-04:00,0.9957739528686967,SL,0.000152,-1.0,-1.2043,-1204.31
2022-08-26 03:15:00-04:00,SHORT,Breakout,0.99544,0.995781864525341,0.99439,2022-08-26 03:20:00-04:00,0.995781864525341,SL,0.000156,-1.0,-1.4563,-1456.32
2022-08-29 19:05:00-04:00,SHORT,Bounce,0.99973,0.9999799023786008,0.99889,2022-08-29 19:20:00-04:00,0.9999799023786008,SL,0.00017,-1.0,-1.6803,-1680.27
2022-08-29 19:20:00-04:00,SHORT,Bounce,0.9999,0.9999801740254323,0.99889,2022-08-29 19:25:00-04:00,0.9999801740254323,SL,0.00017,-1.0,-3.1204,-3120.39
2022-08-30 02:55:00-04:00,SHORT,Breakout,0.9991,0.9996844160059069,0.99813,2022-08-30 03:05:00-04:00,0.9996844160059069,SL,0.000164,-1.0,-1.2806,-1280.62
2022-08-30 10:00:00-04:00,SHORT,Breakout,1.00042,1.000968216539885,0.99817,2022-08-30 10:05:00-04:00,1.000968216539885,SL,0.00015,-1.0,-1.2736,-1273.61
2022-08-30 20:20:00-04:00,SHORT,Bounce,1.00289,1.003134182087049,1.00116,2022-08-30 20:25:00-04:00,1.003134182087049,SL,0.00016,-1.0,-1.6552,-1655.25
2022-08-30 21:50:00-04:00,SHORT,Breakout,1.00164,1.0019538102872436,1.00116,2022-08-30 21:55:00-04:00,1.0019538102872436,SL,0.000166,-1.0,-1.529,-1528.98
2022-08-31 02:55:00-04:00,SHORT,Breakout,1.00148,1.0020721891166604,1.00116,2022-08-31 03:05:00-04:00,1.00116,TP,0.00015,0.5404,0.2871,287.07
2022-08-31 03:20:00-04:00,SHORT,Retest,1.0017,1.0020918468526734,0.99818,2022-08-31 04:10:00-04:00,1.0020918468526734,SL,0.000154,-1.0,-1.393,-1393.01
2022-08-31 19:25:00-04:00,SHORT,Breakout,1.00431,1.0045032615329244,1.004,2022-08-31 19:30:00-04:00,1.004,TP,0.00017,1.604,0.7244,724.41
2022-08-31 23:40:00-04:00,SHORT,Breakout,1.00175,1.0019942091486527,0.99944,2022-09-01 02:00:00-04:00,1.0019942091486527,SL,0.00017,-1.0,-1.6961,-1696.12
2022-09-01 06:30:00-04:00,SHORT,Breakout,1.00069,1.0009775939817724,0.99944,2022-09-01 06:40:00-04:00,1.0009775939817724,SL,0.000154,-1.0,-1.5355,-1535.48
2022-09-01 08:30:00-04:00,SHORT,Breakout,0.99897,1.0002889653045344,0.99814,2022-09-01 09:25:00-04:00,0.99814,TP,0.000152,0.6293,0.514,514.04
2022-09-02 05:40:00-04:00,SHORT,Bounce,0.99937,0.9996826635635334,0.99633,2022-09-02 05:50:00-04:00,0.9996826635635334,SL,0.000164,-1.0,-1.5245,-1524.53
2022-09-02 12:25:00-04:00,SHORT,Breakout,0.99854,0.9990675832601985,0.99766,2022-09-02 12:30:00-04:00,0.9990675832601985,SL,0.00015,-1.0,-1.2843,-1284.32
2022-09-06 18:50:00-04:00,SHORT,Breakout,0.98976,0.9899479861352276,0.98947,2022-09-06 19:00:00-04:00,0.98947,TP,0.00017,1.5427,0.6383,638.34
2022-09-06 20:15:00-04:00,SHORT,Breakout,0.98885,0.9889954921444293,0.98632,2022-09-06 20:50:00-04:00,0.9889954921444293,SL,0.000168,-1.0,-2.1547,-2154.7
2022-09-06 21:00:00-04:00,SHORT,Breakout,0.98878,0.9890016691403025,0.98632,2022-09-06 21:20:00-04:00,0.9890016691403025,SL,0.000164,-1.0,-1.7398,-1739.84
2022-09-06 21:30:00-04:00,SHORT,Breakout,0.98867,0.9890090075145977,0.98632,2022-09-06 22:30:00-04:00,0.9890090075145977,SL,0.000164,-1.0,-1.4838,-1483.77
2022-09-07 03:05:00-04:00,SHORT,Bounce,0.99013,0.990318518566594,0.98866,2022-09-07 03:10:00-04:00,0.990318518566594,SL,0.000152,-1.0,-1.8063,-1806.29
2022-09-07 03:15:00-04:00,SHORT,Bounce,0.99013,0.9903192634579305,0.98866,2022-09-07 03:20:00-04:00,0.9903192634579305,SL,0.00016,-1.0,-1.8454,-1845.38
2022-09-07 07:00:00-04:00,SHORT,Breakout,0.98885,0.9896263785955485,0.98763,2022-09-07 07:10:00-04:00,0.9896263785955485,SL,0.000156,-1.0,-1.2009,-1200.93
2022-09-07 18:30:00-04:00,SHORT,Bounce,1.00065,1.0010599487521739,0.9991,2022-09-07 20:05:00-04:00,0.9991,TP,0.00017,3.781,3.3663,3366.27
2022-09-07 20:25:00-04:00,SHORT,Breakout,0.99903,0.999160271010172,0.99803,2022-09-07 23:05:00-04:00,0.99803,TP,0.000166,7.6763,6.402,6402.04
2022-09-08 06:55:00-04:00,SHORT,Bounce,1.00091,1.001491804026405,0.99918,2022-09-08 07:20:00-04:00,1.001491804026405,SL,0.000156,-1.0,-1.2681,-1268.13
2022-09-08 08:15:00-04:00,SHORT,Bounce,0.9995,1.0015751112907691,0.99754,2022-09-08 08:50:00-04:00,1.0015751112907691,SL,0.00016,-1.0,-1.0771,-1077.1
2022-09-09 03:10:00-04:00,LONG,Breakout,1.01002,1.0082026031146638,1.01387,2022-09-09 05:35:00-04:00,1.0082026031146638,SL,0.000152,-1.0,-1.0836,-1083.64
2022-09-12 02:30:00-04:00,LONG,Breakout,1.01027,1.0093428207037831,1.01126,2022-09-12 02:45:00-04:00,1.01126,TP,0.000158,1.0678,0.8973,897.35
2022-09-13 01:50:00-04:00,LONG,Breakout,1.01351,1.0132440468098218,1.01458,2022-09-13 02:10:00-04:00,1.01458,TP,0.000168,4.0233,3.3916,3391.57
2022-09-13 02:55:00-04:00,LONG,Retest,1.0138,1.0132157571458047,1.01621,2022-09-13 03:10:00-04:00,1.0132157571458047,SL,0.00016,-1.0,-1.2739,-1273.86
2022-09-13 05:00:00-04:00,LONG,Breakout,1.01561,1.0152937231917665,1.01621,2022-09-13 05:05:00-04:00,1.0152937231917665,SL,0.000156,-1.0,-1.4932,-1493.24
2022-09-13 05:25:00-04:00,LONG,Retest,1.0158,1.015290707887786,1.01621,2022-09-13 05:30:00-04:00,1.01621,TP,0.000166,0.805,0.4791,479.1
2022-09-13 20:05:00-04:00,LONG,Breakout,0.99787,0.9976143274353528,1.00081,2022-09-13 20:15:00-04:00,0.9976143274353528,SL,0.00017,-1.0,-1.6649,-1664.91
2022-09-13 20:45:00-04:00,LONG,Breakout,0.99794,0.9975935199459931,1.00081,2022-09-13 20:55:00-04:00,0.9975935199459931,SL,0.000168,-1.0,-1.4849,-1484.88
2022-09-13 21:00:00-04:00,LONG,Retest,0.99799,0.9975947942133189,0.99828,2022-09-13 21:05:00-04:00,0.9975947942133189,SL,0.00017,-1.0,-1.4302,-1430.16
2022-09-14 02:00:00-04:00,SHORT,Breakout,0.99782,0.998217898760832,0.9968,2022-09-14 02:05:00-04:00,0.998217898760832,SL,0.000164,-1.0,-1.4122,-1412.17
2022-09-14 02:10:00-04:00,SHORT,Breakout,0.99803,0.9982259025029623,0.9968,2022-09-14 02:35:00-04:00,0.9968,TP,0.000164,6.2786,5.4415,5441.48
2022-09-14 03:20:00-04:00,SHORT,Breakout,0.99749,0.9982763779934043,0.99544,2022-09-14 03:30:00-04:00,0.9982763779934043,SL,0.000162,-1.0,-1.206,-1206.01
2022-09-14 14:00:00-04:00,SHORT,Breakout,0.99842,0.9987364025212688,0.997,2022-09-14 14:40:00-04:00,0.9987364025212688,SL,0.00017,-1.0,-1.5373,-1537.29
2022-09-14 20:00:00-04:00,SHORT,Breakout,0.99752,0.9979069627714469,0.99722,2022-09-14 20:10:00-04:00,0.99722,TP,0.00017,0.7753,0.3359,335.95
2022-09-14 21:40:00-04:00,SHORT,Retest,0.99764,0.9979192506436697,0.99684,2022-09-14 21:50:00-04:00,0.9979192506436697,SL,0.000174,-1.0,-1.6231,-1623.1
2022-09-15 00:55:00-04:00,SHORT,Breakout,0.99671,0.9968728754817288,0.99587,2022-09-15 01:35:00-04:00,0.99587,TP,0.00017,5.1573,4.1136,4113.57
2022-09-15 19:25:00-04:00,SHORT,Breakout,0.99877,0.9988898975251997,0.99807,2022-09-15 19:30:00-04:00,0.9988898975251997,SL,0.000194,-1.0,-2.618,-2618.05
2022-09-15 19:40:00-04:00,SHORT,Retest,0.99867,0.9988867597896733,0.99807,2022-09-15 19:50:00-04:00,0.9988867597896733,SL,0.00017,-1.0,-1.7843,-1784.28
2022-09-16 08:00:00-04:00,SHORT,Breakout,0.9957,0.996561320578576,0.99483,2022-09-16 08:35:00-04:00,0.996561320578576,SL,0.00017,-1.0,-1.1974,-1197.37
2022-09-16 08:45:00-04:00,SHORT,Breakout,0.99627,0.9965649675545046,0.99483,2022-09-16 09:15:00-04:00,0.9965649675545046,SL,0.00017,-1.0,-1.5763,-1576.33
2022-09-19 19:25:00-04:00,SHORT,Bounce,1.00282,1.0031464211140544,1.00178,2022-09-19 20:00:00-04:00,1.0031464211140544,SL,0.00017,-1.0,-1.5208,-1520.8
2022-09-21 15:40:00-04:00,SHORT,Retest,0.98535,0.9868953726292905,0.98114,2022-09-21 20:40:00-04:00,0.98114,TP,0.00017,2.7243,2.6143,2614.26
2022-09-21 23:00:00-04:00,SHORT,Bounce,0.98191,0.9823827372194662,0.98057,2022-09-21 23:30:00-04:00,0.9823827372194662,SL,0.000182,-1.0,-1.385,-1384.99
2022-09-22 09:35:00-04:00,SHORT,Breakout,0.98535,0.9858026175101188,0.98124,2022-09-22 09:40:00-04:00,0.9858026175101188,SL,0.000168,-1.0,-1.3712,-1371.17
2022-09-22 20:00:00-04:00,SHORT,Bounce,0.98377,0.9840682340120248,0.98308,2022-09-22 20:45:00-04:00,0.9840682340120248,SL,0.00017,-1.0,-1.57,-1570.02
2022-09-23 01:55:00-04:00,SHORT,Bounce,0.98288,0.9832589872702026,0.98176,2022-09-23 02:00:00-04:00,0.9832589872702026,SL,0.00017,-1.0,-1.4486,-1448.56
2022-09-23 02:45:00-04:00,SHORT,Breakout,0.98123,0.9818552963079378,0.98057,2022-09-23 03:00:00-04:00,0.98057,TP,0.00017,1.0555,0.7836,783.63
2022-09-26 08:00:00-04:00,SHORT,Breakout,0.9629,0.9634788367743421,0.95507,2022-09-26 08:05:00-04:00,0.9634788367743421,SL,0.000178,-1.0,-1.3075,-1307.51
2022-09-26 18:10:00-04:00,SHORT,Breakout,0.96012,0.960583761072705,0.95985,2022-09-26 18:15:00-04:00,0.95985,TP,0.000284,0.5822,-0.0302,-30.19
2022-09-26 18:35:00-04:00,SHORT,Breakout,0.96017,0.9606198966650203,0.95507,2022-09-26 18:40:00-04:00,0.9606198966650203,SL,0.00025,-1.0,-1.5557,-1555.68
2022-09-27 20:40:00-04:00,SHORT,Breakout,0.95738,0.9583990922352712,0.95683,2022-09-27 20:45:00-04:00,0.95683,TP,0.00018,0.5397,0.3631,363.07
2022-09-28 02:10:00-04:00,SHORT,Bounce,0.95628,0.9564611846039528,0.95425,2022-09-28 02:20:00-04:00,0.9564611846039528,SL,0.000176,-1.0,-1.9714,-1971.38
2022-09-28 06:00:00-04:00,SHORT,Bounce,0.95568,0.9590407183621134,0.95349,2022-09-28 06:20:00-04:00,0.9590407183621134,SL,0.000188,-1.0,-1.0559,-1055.94
2022-09-28 18:50:00-04:00,SHORT,Breakout,0.97199,0.9721373440890174,0.95498,2022-09-28 19:00:00-04:00,0.9721373440890174,SL,0.000224,-1.0,-2.5203,-2520.25
2022-09-29 01:35:00-04:00,SHORT,Breakout,0.96716,0.9674233454451473,0.95498,2022-09-29 03:00:00-04:00,0.9674233454451473,SL,0.00018,-1.0,-1.6835,-1683.51
2022-09-29 03:25:00-04:00,SHORT,Breakout,0.96509,0.9655003817542698,0.95498,2022-09-29 03:55:00-04:00,0.9655003817542698,SL,0.00018,-1.0,-1.4386,-1438.62
2022-09-29 04:00:00-04:00,SHORT,Breakout,0.96508,0.965523529717182,0.95498,2022-09-29 04:05:00-04:00,0.965523529717182,SL,0.00018,-1.0,-1.4058,-1405.84
2022-09-29 21:40:00-04:00,SHORT,Breakout,0.98127,0.9816548965725832,0.97755,2022-09-30 01:25:00-04:00,0.9816548965725832,SL,0.00019,-1.0,-1.4936,-1493.64
2022-09-30 02:45:00-04:00,SHORT,Breakout,0.97946,0.9798268294343258,0.97755,2022-09-30 02:50:00-04:00,0.9798268294343258,SL,0.00018,-1.0,-1.4907,-1490.69
2022-10-02 20:00:00-04:00,SHORT,Breakout,0.97896,0.9791879067194904,0.97695,2022-10-02 20:15:00-04:00,0.9791879067194904,SL,0.000196,-1.0,-1.86,-1860.0
2022-10-02 20:50:00-04:00,SHORT,Bounce,0.97985,0.9803050574106131,0.97695,2022-10-02 21:00:00-04:00,0.9803050574106131,SL,0.00018,-1.0,-1.3956,-1395.55
2022-10-03 18:20:00-04:00,SHORT,Bounce,0.98257,0.9827823867509374,0.97873,2022-10-03 18:35:00-04:00,0.9827823867509374,SL,0.000224,-1.0,-2.0547,-2054.68
2022-10-03 20:00:00-04:00,SHORT,Bounce,0.98263,0.9827772556839371,0.98115,2022-10-03 20:05:00-04:00,0.9827772556839371,SL,0.00018,-1.0,-2.2224,-2222.36
2022-10-05 01:05:00-04:00,LONG,Breakout,0.99747,0.9969713303998738,0.99897,2022-10-05 01:20:00-04:00,0.9969713303998738,SL,0.00017,-1.0,-1.3409,-1340.91
2022-10-05 01:40:00-04:00,LONG,Retest,0.9975,0.9969693547783508,0.99897,2022-10-05 01:50:00-04:00,0.9969693547783508,SL,0.00017,-1.0,-1.3204,-1320.36
2022-10-05 02:35:00-04:00,LONG,Breakout,0.99892,0.9976743994114204,0.99986,2022-10-05 02:55:00-04:00,0.9976743994114204,SL,0.00017,-1.0,-1.1365,-1136.48
2022-10-06 02:45:00-04:00,LONG,Bounce,0.99091,0.990736769609688,0.99253,2022-10-06 02:50:00-04:00,0.990736769609688,SL,0.00017,-1.0,-1.9814,-1981.35
2022-10-06 03:15:00-04:00,LONG,Bounce,0.99101,0.9907029893463514,0.99253,2022-10-06 03:20:00-04:00,0.9907029893463514,SL,0.00017,-1.0,-1.5537,-1553.73
2022-10-07 02:00:00-04:00,SHORT,Breakout,0.979,0.9791496266556571,0.97858,2022-10-07 02:05:00-04:00,0.9791496266556571,SL,0.000172,-1.0,-2.1495,-2149.53
2022-10-07 02:10:00-04:00,SHORT,Breakout,0.97833,0.9791639433918676,0.97572,2022-10-07 03:15:00-04:00,0.9791639433918676,SL,0.000172,-1.0,-1.2062,-1206.25
2022-10-07 08:30:00-04:00,SHORT,Breakout,0.97732,0.9791900434437142,0.97517,2022-10-07 08:35:00-04:00,0.97517,TP,0.00018,1.1497,1.0535,1053.45
2022-10-07 14:20:00-04:00,SHORT,Breakout,0.97525,0.9755829492175492,0.97251,2022-10-09 20:30:00-04:00,0.97251,TP,0.000168,8.2295,7.7249,7724.9
2022-10-10 01:30:00-04:00,SHORT,Breakout,0.97202,0.9732685289458042,0.9717,2022-10-10 01:55:00-04:00,0.9717,TP,0.000148,0.2563,0.1378,137.76
2022-10-10 02:15:00-04:00,SHORT,Retest,0.97303,0.9732807789198181,0.96823,2022-10-10 04:40:00-04:00,0.96823,TP,0.000144,19.1404,18.5662,18566.15
2022-10-10 17:15:00-04:00,SHORT,Breakout,0.96999,0.9701365359532874,0.9684,2022-10-10 17:25:00-04:00,0.9701365359532874,SL,0.000232,-1.0,-2.5832,-2583.23
2022-10-10 21:40:00-04:00,SHORT,Breakout,0.96932,0.9699108788630169,0.9684,2022-10-10 21:50:00-04:00,0.9699108788630169,SL,0.000148,-1.0,-1.2505,-1250.47
2022-10-10 22:00:00-04:00,SHORT,Retest,0.9693,0.969912406268394,0.9684,2022-10-10 22:15:00-04:00,0.9684,TP,0.000148,1.4696,1.2279,1227.94
2022-10-11 01:35:00-04:00,SHORT,Breakout,0.9679,0.9680793746553448,0.96347,2022-10-11 01:40:00-04:00,0.9680793746553448,SL,0.000148,-1.0,-1.8251,-1825.09
2022-10-11 02:25:00-04:00,SHORT,Bounce,0.96907,0.9696295275741501,0.96697,2022-10-11 02:30:00-04:00,0.9696295275741501,SL,0.00014,-1.0,-1.2502,-1250.21
2022-10-11 06:25:00-04:00,SHORT,Bounce,0.97062,0.9719965464826538,0.96742,2022-10-11 07:00:00-04:00,0.9719965464826538,SL,0.00014,-1.0,-1.1017,-1101.7
2022-10-11 19:50:00-04:00,SHORT,Breakout,0.96995,0.9701593040665213,0.96931,2022-10-11 20:00:00-04:00,0.9701593040665213,SL,0.00015,-1.0,-1.7167,-1716.66
2022-10-11 20:35:00-04:00,SHORT,Retest,0.96984,0.9701815188531172,0.96742,2022-10-11 20:40:00-04:00,0.9701815188531172,SL,0.000148,-1.0,-1.4334,-1433.36
2022-10-12 08:30:00-04:00,SHORT,Breakout,0.96929,0.9698194316787054,0.9682,2022-10-12 08:35:00-04:00,0.9698194316787054,SL,0.00014,-1.0,-1.2644,-1264.43
2022-10-12 09:50:00-04:00,SHORT,Retest,0.96933,0.9698418804548604,0.96863,2022-10-12 10:20:00-04:00,0.96863,TP,0.000142,1.3675,1.0901,1090.1
2022-10-13 01:40:00-04:00,SHORT,Bounce,0.97046,0.9705910043792685,0.96969,2022-10-13 01:55:00-04:00,0.96969,TP,0.000148,5.8777,4.7479,4747.93
2022-10-13 02:55:00-04:00,SHORT,Breakout,0.96891,0.969651789248989,0.96795,2022-10-13 03:40:00-04:00,0.969651789248989,SL,0.000142,-1.0,-1.1914,-1191.43
2022-10-13 07:30:00-04:00,SHORT,Bounce,0.97386,0.9744790511085631,0.96848,2022-10-13 07:35:00-04:00,0.9744790511085631,SL,0.00014,-1.0,-1.2262,-1226.15
2022-10-13 07:35:00-04:00,SHORT,Bounce,0.97401,0.9744872617436657,0.96848,2022-10-13 07:40:00-04:00,0.9744872617436657,SL,0.00014,-1.0,-1.2933,-1293.34
2022-10-13 08:30:00-04:00,SHORT,Breakout,0.96408,0.9720015164439348,0.95498,2022-10-13 10:50:00-04:00,0.9720015164439348,SL,0.000206,-1.0,-1.026,-1026.01
2022-10-13 20:05:00-04:00,SHORT,Bounce,0.97727,0.9777862980312427,0.96306,2022-10-13 21:40:00-04:00,0.9777862980312427,SL,0.000148,-1.0,-1.2867,-1286.66
2022-10-16 19:15:00-04:00,SHORT,Bounce,0.97343,0.9737512569697986,0.97159,2022-10-16 19:25:00-04:00,0.9737512569697986,SL,0.00016,-1.0,-1.498,-1498.04
2022-10-17 01:10:00-04:00,SHORT,Bounce,0.97455,0.9747729578399319,0.97318,2022-10-17 01:40:00-04:00,0.9747729578399319,SL,0.000144,-1.0,-1.6459,-1645.86
2022-10-17 21:15:00-04:00,SHORT,Breakout,0.98345,0.9836665850563805,0.98316,2022-10-17 21:30:00-04:00,0.9836665850563805,SL,0.000166,-1.0,-1.7664,-1766.44
2022-10-18 03:00:00-04:00,LONG,Breakout,0.98696,0.9864260679527619,0.98815,2022-10-18 03:05:00-04:00,0.9864260679527619,SL,0.00016,-1.0,-1.2997,-1299.66
2022-10-18 18:50:00-04:00,LONG,Breakout,0.98658,0.986255872636254,0.98749,2022-10-18 19:50:00-04:00,0.986255872636254,SL,0.0002,-1.0,-1.617,-1617.04
2022-10-18 20:15:00-04:00,LONG,Bounce,0.98564,0.9852300418145089,0.98719,2022-10-18 22:35:00-04:00,0.9852300418145089,SL,0.000166,-1.0,-1.4049,-1404.92
2022-10-19 09:30:00-04:00,LONG,Breakout,0.97921,0.9781996766052826,0.98203,2022-10-19 09:40:00-04:00,0.9781996766052826,SL,0.00016,-1.0,-1.1584,-1158.37
2022-10-19 10:55:00-04:00,LONG,Retest,0.97896,0.9781937279516398,0.98203,2022-10-19 11:20:00-04:00,0.9781937279516398,SL,0.00016,-1.0,-1.2088,-1208.8
2022-10-24 00:50:00-04:00,LONG,Breakout,0.98472,0.9843696259181535,0.98878,2022-10-24 01:10:00-04:00,0.9843696259181535,SL,0.000168,-1.0,-1.4795,-1479.49
2022-10-24 02:00:00-04:00,LONG,Breakout,0.98523,0.9848754021281648,0.98878,2022-10-24 02:20:00-04:00,0.9848754021281648,SL,0.00016,-1.0,-1.4512,-1451.22
2022-10-24 08:00:00-04:00,LONG,Breakout,0.98371,0.9833355360470286,0.98612,2022-10-24 08:25:00-04:00,0.9833355360470286,SL,0.00016,-1.0,-1.4273,-1427.28
2022-10-24 09:45:00-04:00,LONG,Breakout,0.98619,0.9854905884835887,0.98878,2022-10-24 09:55:00-04:00,0.98878,TP,0.00016,3.7031,3.4743,3474.35
2022-10-24 18:10:00-04:00,LONG,Breakout,0.98765,0.9875422485030942,0.98802,2022-10-24 18:15:00-04:00,0.9875422485030942,SL,0.00019,-1.0,-2.7633,-2763.32
2022-10-24 20:30:00-04:00,LONG,Breakout,0.98942,0.9888761310962837,0.98985,2022-10-24 20:45:00-04:00,0.9888761310962837,SL,0.000168,-1.0,-1.3089,-1308.9
2022-10-26 01:55:00-04:00,LONG,Breakout,0.99613,0.9959239947155862,0.9976,2022-10-26 02:10:00-04:00,0.9976,TP,0.000182,7.1357,6.2523,6252.27
2022-10-26 08:30:00-04:00,LONG,Bounce,1.00086,1.0006163302968702,1.00318,2022-10-26 08:35:00-04:00,1.0006163302968702,SL,0.00018,-1.0,-1.7387,-1738.7
2022-10-26 10:10:00-04:00,LONG,Breakout,1.00352,1.0029548901762142,1.00468,2022-10-26 10:15:00-04:00,1.0029548901762142,SL,0.00018,-1.0,-1.3185,-1318.52
2022-10-26 20:05:00-04:00,LONG,Breakout,1.0087,1.0084973278212677,1.01865,2022-10-26 20:25:00-04:00,1.0084973278212677,SL,0.00025,-1.0,-2.2335,-2233.52
2022-10-27 01:10:00-04:00,LONG,Breakout,1.00757,1.007169228320457,1.00925,2022-10-27 02:10:00-04:00,1.007169228320457,SL,0.00019,-1.0,-1.4741,-1474.09
2022-10-27 08:10:00-04:00,LONG,Bounce,1.00343,1.00259842491344,1.0077,2022-10-27 08:15:00-04:00,1.00259842491344,SL,0.000214,-1.0,-1.2573,-1257.34
2022-10-27 21:00:00-04:00,LONG,Breakout,0.99719,0.9970567766805658,0.99946,2022-10-27 21:05:00-04:00,0.9970567766805658,SL,0.00019,-1.0,-2.4262,-2426.18
2022-10-28 07:25:00-04:00,LONG,Breakout,0.99655,0.9962450088767034,0.9976,2022-10-28 07:30:00-04:00,0.9962450088767034,SL,0.000184,-1.0,-1.6033,-1603.3
2022-10-28 09:00:00-04:00,LONG,Breakout,0.99796,0.9972478973688017,0.99896,2022-10-28 09:20:00-04:00,0.9972478973688017,SL,0.00018,-1.0,-1.2528,-1252.77
2022-10-31 20:05:00-04:00,LONG,Breakout,0.9888,0.9884912438478479,0.98951,2022-10-31 20:40:00-04:00,0.9884912438478479,SL,0.000172,-1.0,-1.5571,-1557.07
2022-10-31 20:55:00-04:00,LONG,Bounce,0.98845,0.9881492297899043,0.98894,2022-10-31 21:05:00-04:00,0.98894,TP,0.000178,1.6292,1.0373,1037.34
2022-10-31 21:05:00-04:00,LONG,Breakout,0.98907,0.9888854277270094,0.98951,2022-10-31 21:15:00-04:00,0.9888854277270094,SL,0.000176,-1.0,-1.9536,-1953.56
2022-10-31 21:25:00-04:00,LONG,Breakout,0.98913,0.9888738291678237,0.98951,2022-10-31 21:30:00-04:00,0.98951,TP,0.000176,1.4834,0.7963,796.34
2022-11-01 08:20:00-04:00,LONG,Breakout,0.99436,0.9939903909091516,0.99471,2022-11-01 08:35:00-04:00,0.99471,TP,0.00017,0.9469,0.487,487.0
2022-11-01 09:00:00-04:00,LONG,Breakout,0.99425,0.9939830334334937,0.99477,2022-11-01 09:10:00-04:00,0.99477,TP,0.00017,1.9478,1.311,1311.03
2022-11-01 20:35:00-04:00,LONG,Breakout,0.98843,0.988126234449995,0.9909,2022-11-01 20:50:00-04:00,0.988126234449995,SL,0.000176,-1.0,-1.5794,-1579.39
2022-11-01 20:55:00-04:00,LONG,Breakout,0.98866,0.9881123099782984,0.9909,2022-11-01 21:30:00-04:00,0.9881123099782984,SL,0.000176,-1.0,-1.3213,-1321.35
2022-11-03 02:00:00-04:00,SHORT,Breakout,0.98196,0.982418929391476,0.98091,2022-11-03 02:55:00-04:00,0.98091,TP,0.000188,2.2879,1.8783,1878.28
2022-11-03 18:15:00-04:00,SHORT,Breakout,0.97441,0.9745434081864376,0.97344,2022-11-03 18:20:00-04:00,0.9745434081864376,SL,0.000226,-1.0,-2.694,-2694.05
2022-11-07 00:30:00-05:00,LONG,Breakout,0.99509,0.9943374262650934,0.99658,2022-11-07 00:50:00-05:00,0.9943374262650934,SL,0.000186,-1.0,-1.2472,-1247.15
2022-11-07 01:10:00-05:00,LONG,Breakout,0.99451,0.9943385290841207,0.99658,2022-11-07 01:20:00-05:00,0.9943385290841207,SL,0.00019,-1.0,-2.1081,-2108.06
2022-11-07 03:15:00-05:00,LONG,Breakout,0.99615,0.9946257238907009,0.99752,2022-11-07 03:35:00-05:00,0.99752,TP,0.00018,0.8988,0.7807,780.7
2022-11-07 19:30:00-05:00,LONG,Breakout,1.00279,1.0020620493595636,1.00333,2022-11-07 20:00:00-05:00,1.0020620493595636,SL,0.000182,-1.0,-1.25,-1250.02
2022-11-07 20:10:00-05:00,LONG,Bounce,1.00184,1.0013786536047535,1.00333,2022-11-07 20:40:00-05:00,1.0013786536047535,SL,0.000188,-1.0,-1.4075,-1407.5
2022-11-08 01:05:00-05:00,LONG,Bounce,1.00059,1.0004715858159514,1.0014,2022-11-08 01:10:00-05:00,1.0004715858159514,SL,0.000182,-1.0,-2.537,-2536.98
2022-11-08 02:40:00-05:00,LONG,Bounce,0.99956,0.999349648624863,1.00069,2022-11-08 02:45:00-05:00,0.999349648624863,SL,0.000182,-1.0,-1.8652,-1865.22
2022-11-08 09:55:00-05:00,LONG,Breakout,1.00106,1.0007853974611325,1.0014,2022-11-08 10:00:00-05:00,1.0014,TP,0.00018,1.2382,0.5827,582.66
2022-11-08 22:00:00-05:00,LONG,Breakout,1.00844,1.0082631526361006,1.00955,2022-11-08 22:05:00-05:00,1.0082631526361006,SL,0.00019,-1.0,-2.0744,-2074.37
2022-11-09 03:05:00-05:00,LONG,Breakout,1.0079,1.0071112995548823,1.00874,2022-11-09 03:50:00-05:00,1.0071112995548823,SL,0.000184,-1.0,-1.2333,-1233.3
2022-11-09 10:05:00-05:00,LONG,Breakout,1.00669,1.0061464383429333,1.00844,2022-11-09 10:10:00-05:00,1.0061464383429333,SL,0.000188,-1.0,-1.3459,-1345.87
2022-11-10 00:00:00-05:00,LONG,Breakout,1.00297,1.0027673235819767,1.00519,2022-11-10 02:00:00-05:00,1.0027673235819767,SL,0.00019,-1.0,-1.9375,-1937.45
2022-11-10 08:30:00-05:00,LONG,Breakout,1.00834,1.0038979557239784,1.00955,2022-11-10 08:35:00-05:00,1.00955,TP,0.000274,0.2724,0.2107,210.71
2022-11-11 00:10:00-05:00,LONG,Breakout,1.02009,1.0196365258211757,1.02163,2022-11-11 00:15:00-05:00,1.0196365258211757,SL,0.00019,-1.0,-1.419,-1418.99
2022-11-14 03:00:00-05:00,LONG,Breakout,1.03333,1.0326770079840986,1.0349,2022-11-14 03:05:00-05:00,1.0326770079840986,SL,0.000184,-1.0,-1.2818,-1281.78
2022-11-15 08:30:00-05:00,LONG,Breakout,1.04612,1.0434052152048516,1.04734,2022-11-15 08:35:00-05:00,1.04734,TP,0.000184,0.4494,0.3816,381.61
2022-11-15 19:55:00-05:00,LONG,Bounce,1.03436,1.0337642180465372,1.03605,2022-11-15 20:00:00-05:00,1.0337642180465372,SL,0.000182,-1.0,-1.3055,-1305.48
2022-11-15 20:00:00-05:00,LONG,Bounce,1.03426,1.0337599167574987,1.03605,2022-11-15 20:30:00-05:00,1.0337599167574987,SL,0.000184,-1.0,-1.3679,-1367.94
2022-11-15 20:30:00-05:00,LONG,Bounce,1.03399,1.033350182508769,1.03605,2022-11-15 21:00:00-05:00,1.03605,TP,0.000186,3.2197,2.929,2928.96
2022-11-16 02:00:00-05:00,LONG,Breakout,1.03902,1.0384632210930964,1.04805,2022-11-16 02:05:00-05:00,1.0384632210930964,SL,0.000186,-1.0,-1.3341,-1334.06
2022-11-16 20:10:00-05:00,LONG,Bounce,1.03889,1.0387646710539162,1.03982,2022-11-16 20:15:00-05:00,1.0387646710539162,SL,0.000188,-1.0,-2.5001,-2500.05
2022-11-17 03:15:00-05:00,LONG,Breakout,1.03996,1.0396634497302484,1.04117,2022-11-17 03:20:00-05:00,1.0396634497302484,SL,0.000182,-1.0,-1.6137,-1613.72
2022-11-17 19:20:00-05:00,LONG,Breakout,1.03672,1.036560321577155,1.04058,2022-11-17 20:35:00-05:00,1.036560321577155,SL,0.000188,-1.0,-2.1774,-2177.37
2022-11-17 22:45:00-05:00,LONG,Breakout,1.03858,1.0376474574033236,1.04058,2022-11-17 23:10:00-05:00,1.0376474574033236,SL,0.000188,-1.0,-1.2016,-1201.6
2022-11-21 09:25:00-05:00,LONG,Breakout,1.02472,1.0244198212645712,1.02727,2022-11-21 09:35:00-05:00,1.0244198212645712,SL,0.00018,-1.0,-1.5996,-1599.64
2022-11-21 19:05:00-05:00,LONG,Breakout,1.02463,1.024515243667317,1.02477,2022-11-21 19:10:00-05:00,1.02477,TP,0.000186,1.22,-0.4008,-400.85
2022-11-22 03:15:00-05:00,LONG,Breakout,1.02609,1.0257804195336535,1.02675,2022-11-22 03:25:00-05:00,1.02675,TP,0.000182,2.1319,1.544,1544.03
2022-11-22 06:15:00-05:00,LONG,Breakout,1.02887,1.0278930824057344,1.03029,2022-11-22 06:30:00-05:00,1.0278930824057344,SL,0.000186,-1.0,-1.1904,-1190.39
2022-11-22 09:40:00-05:00,LONG,Bounce,1.02585,1.0253844073423422,1.02759,2022-11-22 10:15:00-05:00,1.02759,TP,0.00018,3.7372,3.3506,3350.57
2022-11-22 20:25:00-05:00,LONG,Bounce,1.0302,1.0298510749993557,1.03204,2022-11-22 21:55:00-05:00,1.03204,TP,0.000184,5.2733,4.746,4746.01
2022-11-23 00:20:00-05:00,LONG,Breakout,1.03259,1.0323423567002121,1.03324,2022-11-23 00:30:00-05:00,1.0323423567002121,SL,0.000188,-1.0,-1.7592,-1759.16
2022-11-23 01:10:00-05:00,LONG,Retest,1.03251,1.0323392518097918,1.03324,2022-11-23 01:15:00-05:00,1.0323392518097918,SL,0.000184,-1.0,-2.0776,-2077.61
2022-11-23 01:45:00-05:00,LONG,Breakout,1.03322,1.032931035067822,1.0371,2022-11-23 02:00:00-05:00,1.032931035067822,SL,0.000186,-1.0,-1.6437,-1643.68
2022-11-23 02:05:00-05:00,LONG,Breakout,1.03386,1.032919181033217,1.0371,2022-11-23 03:20:00-05:00,1.032919181033217,SL,0.000184,-1.0,-1.1956,-1195.57
2022-11-23 08:30:00-05:00,LONG,Breakout,1.0336,1.032744443512603,1.03479,2022-11-23 08:35:00-05:00,1.032744443512603,SL,0.000186,-1.0,-1.2174,-1217.4
2022-11-23 09:35:00-05:00,LONG,Retest,1.03361,1.0327325241345675,1.03479,2022-11-23 09:40:00-05:00,1.0327325241345675,SL,0.00018,-1.0,-1.2051,-1205.13
2022-11-23 14:00:00-05:00,LONG,Breakout,1.03985,1.0371294071949257,1.04058,2022-11-23 18:15:00-05:00,1.04058,TP,0.000182,0.2683,0.2014,201.43
2022-11-23 20:00:00-05:00,LONG,Breakout,1.04195,1.0417656951990966,1.04273,2022-11-23 20:05:00-05:00,1.0417656951990966,SL,0.000182,-1.0,-1.9875,-1987.49
2022-11-23 20:50:00-05:00,LONG,Retest,1.04221,1.041759364097191,1.04273,2022-11-23 21:00:00-05:00,1.041759364097191,SL,0.00019,-1.0,-1.4216,-1421.63
2022-11-24 01:20:00-05:00,LONG,Bounce,1.04344,1.0430166710606725,1.04477,2022-11-24 01:25:00-05:00,1.0430166710606725,SL,0.00019,-1.0,-1.4488,-1448.82
2022-11-24 14:55:00-05:00,LONG,Breakout,1.04127,1.0405805320643442,1.04267,2022-11-24 15:20:00-05:00,1.0405805320643442,SL,0.000186,-1.0,-1.2698,-1269.77
2022-11-24 19:00:00-05:00,LONG,Bounce,1.04089,1.0404611295086603,1.04134,2022-11-24 19:10:00-05:00,1.0404611295086603,SL,0.00019,-1.0,-1.443,-1443.02
2022-11-24 20:20:00-05:00,LONG,Breakout,1.04137,1.0409886258890328,1.04267,2022-11-24 20:30:00-05:00,1.0409886258890328,SL,0.000186,-1.0,-1.4877,-1487.71
2022-11-25 13:50:00-05:00,LONG,Bounce,1.04025,1.0395330535841176,1.04084,2022-11-25 14:55:00-05:00,1.04084,TP,0.000208,0.8229,0.5328,532.82
2022-11-25 15:05:00-05:00,LONG,Breakout,1.04099,1.0407574572634979,1.04209,2022-11-27 17:15:00-05:00,1.0407574572634979,SL,0.000348,-1.0,-2.4965,-2496.5
2022-11-28 01:00:00-05:00,LONG,Bounce,1.0352999999999999,1.0349583603037373,1.03623,2022-11-28 01:25:00-05:00,1.03623,TP,0.000188,2.7222,2.1719,2171.88
2022-11-28 18:10:00-05:00,LONG,Breakout,1.03433,1.0340932941582048,1.04766,2022-11-28 18:40:00-05:00,1.0340932941582048,SL,0.000186,-1.0,-1.7858,-1785.79
2022-11-28 22:15:00-05:00,LONG,Breakout,1.03644,1.0360644200577396,1.04766,2022-11-29 01:50:00-05:00,1.0360644200577396,SL,0.00019,-1.0,-1.5059,-1505.88
2022-11-30 02:00:00-05:00,LONG,Bounce,1.03445,1.0338532855478089,1.03601,2022-11-30 03:50:00-05:00,1.03601,TP,0.00019,2.6143,2.2959,2295.91
2022-11-30 09:40:00-05:00,LONG,Breakout,1.03932,1.0388995592914492,1.04766,2022-11-30 09:45:00-05:00,1.0388995592914492,SL,0.000188,-1.0,-1.4471,-1447.15
2022-11-30 13:35:00-05:00,LONG,Breakout,1.03666,1.032973453449231,1.03985,2022-11-30 14:20:00-05:00,1.03985,TP,0.00019,0.8653,0.8138,813.77
2022-12-01 00:40:00-05:00,LONG,Breakout,1.04491,1.0445626048793908,1.04766,2022-12-01 00:45:00-05:00,1.0445626048793908,SL,0.000188,-1.0,-1.5412,-1541.17
2022-12-01 02:15:00-05:00,LONG,Breakout,1.04598,1.0449601114144909,1.04766,2022-12-01 02:25:00-05:00,1.0449601114144909,SL,0.000188,-1.0,-1.1843,-1184.33
2022-12-01 07:45:00-05:00,LONG,Breakout,1.04508,1.0447687032849824,1.04631,2022-12-01 07:50:00-05:00,1.0447687032849824,SL,0.000186,-1.0,-1.5975,-1597.5
2022-12-01 18:10:00-05:00,LONG,Breakout,1.05368,1.0528717276917574,1.05407,2022-12-01 18:35:00-05:00,1.0528717276917574,SL,0.000184,-1.0,-1.2276,-1227.65
2022-12-02 01:15:00-05:00,LONG,Breakout,1.05299,1.0527006140140633,1.05385,2022-12-02 01:50:00-05:00,1.0527006140140633,SL,0.000188,-1.0,-1.6497,-1649.65
2022-12-02 02:00:00-05:00,LONG,Breakout,1.05302,1.052694379923528,1.05385,2022-12-02 02:05:00-05:00,1.052694379923528,SL,0.00019,-1.0,-1.5835,-1583.5
2022-12-02 14:55:00-05:00,LONG,Breakout,1.05354,1.0531108432941605,1.05438,2022-12-02 15:00:00-05:00,1.0531108432941605,SL,0.000188,-1.0,-1.4381,-1438.07
2022-12-02 15:35:00-05:00,LONG,Retest,1.0536,1.053119851475639,1.05438,2022-12-04 18:05:00-05:00,1.053119851475639,SL,0.000188,-1.0,-1.3915,-1391.55
2022-12-04 19:15:00-05:00,LONG,Breakout,1.05456,1.0540350913230305,1.05899,2022-12-04 19:35:00-05:00,1.0540350913230305,SL,0.000184,-1.0,-1.3505,-1350.54
2022-12-04 19:40:00-05:00,LONG,Breakout,1.05449,1.0540386377785333,1.05899,2022-12-05 02:45:00-05:00,1.0540386377785333,SL,0.000188,-1.0,-1.4165,-1416.52
2022-12-05 18:20:00-05:00,LONG,Breakout,1.04974,1.0495944602224498,1.05151,2022-12-05 18:30:00-05:00,1.0495944602224498,SL,0.000212,-1.0,-2.4566,-2456.65
2022-12-05 19:00:00-05:00,LONG,Breakout,1.04977,1.049605980843275,1.05151,2022-12-05 20:20:00-05:00,1.05151,TP,0.000184,10.6085,9.4867,9486.7
2022-12-06 03:00:00-05:00,LONG,Breakout,1.05046,1.049317042087135,1.05086,2022-12-06 03:15:00-05:00,1.05086,TP,0.00019,0.35,0.1837,183.73
2022-12-06 03:40:00-05:00,LONG,Breakout,1.04976,1.0493090926950268,1.05179,2022-12-06 03:45:00-05:00,1.0493090926950268,SL,0.00019,-1.0,-1.4214,-1421.37
2022-12-06 05:05:00-05:00,LONG,Retest,1.04973,1.0493218009359868,1.05087,2022-12-06 06:15:00-05:00,1.05087,TP,0.000188,2.7928,2.3322,2332.2
2022-12-08 00:25:00-05:00,LONG,Bounce,1.04959,1.0493077381435965,1.05039,2022-12-08 00:55:00-05:00,1.05039,TP,0.000182,2.8342,2.1895,2189.46
2022-12-08 08:45:00-05:00,LONG,Breakout,1.05155,1.0512010515589507,1.05489,2022-12-08 08:50:00-05:00,1.0512010515589507,SL,0.000186,-1.0,-1.533,-1533.03
2022-12-08 08:55:00-05:00,LONG,Breakout,1.05196,1.0511932740482788,1.05489,2022-12-08 11:30:00-05:00,1.05489,TP,0.00019,3.8214,3.5736,3573.64
2022-12-08 17:30:00-05:00,LONG,Bounce,1.05547,1.0551872343092776,1.05627,2022-12-08 19:40:00-05:00,1.0551872343092776,SL,0.000304,-1.0,-2.0751,-2075.1
2022-12-08 20:05:00-05:00,LONG,Breakout,1.05717,1.0561606328860522,1.05941,2022-12-09 03:55:00-05:00,1.0561606328860522,SL,0.000188,-1.0,-1.1863,-1186.26
2022-12-09 15:50:00-05:00,LONG,Bounce,1.05345,1.053049491931932,1.05552,2022-12-11 18:00:00-05:00,1.053049491931932,SL,0.000184,-1.0,-1.4594,-1459.42
2022-12-12 01:25:00-05:00,LONG,Bounce,1.05121,1.050663835703395,1.0519,2022-12-12 01:40:00-05:00,1.0519,TP,0.000186,1.2634,0.9228,922.8
2022-12-12 02:25:00-05:00,LONG,Breakout,1.05292,1.0517893503742395,1.05552,2022-12-12 04:40:00-05:00,1.05552,TP,0.00019,2.2996,2.1315,2131.52
2022-12-12 08:00:00-05:00,LONG,Bounce,1.05555,1.0552829476882697,1.05735,2022-12-12 08:50:00-05:00,1.05735,TP,0.000184,6.7403,6.0512,6051.25
2022-12-12 19:30:00-05:00,LONG,Breakout,1.05432,1.053738336902442,1.05489,2022-12-12 21:05:00-05:00,1.05489,TP,0.000178,0.9799,0.6739,673.93
2022-12-13 02:00:00-05:00,LONG,Breakout,1.05576,1.0552609626470562,1.05794,2022-12-13 02:15:00-05:00,1.0552609626470562,SL,0.000188,-1.0,-1.3767,-1376.73
2022-12-13 02:45:00-05:00,LONG,Breakout,1.05546,1.0552456111551212,1.05794,2022-12-13 02:50:00-05:00,1.0552456111551212,SL,0.00019,-1.0,-1.8862,-1886.24
2022-12-13 03:10:00-05:00,LONG,Bounce,1.05542,1.0543601652894226,1.05794,2022-12-13 03:30:00-05:00,1.0543601652894226,SL,0.00019,-1.0,-1.1793,-1179.27
2022-12-13 08:30:00-05:00,LONG,Breakout,1.06117,1.0557298813972245,1.06592,2022-12-13 08:45:00-05:00,1.06592,TP,0.000238,0.8731,0.8294,829.39
2022-12-14 02:30:00-05:00,LONG,Bounce,1.06237,1.061761295292163,1.0658,2022-12-14 04:40:00-05:00,1.0658,TP,0.00019,5.6349,5.3228,5322.78
2022-12-15 08:15:00-05:00,LONG,Breakout,1.06386,1.062204585019651,1.066,2022-12-15 08:40:00-05:00,1.066,TP,0.00021,1.2927,1.1659,1165.87
2022-12-15 10:30:00-05:00,LONG,Retest,1.06364,1.0620579315832888,1.07351,2022-12-15 12:05:00-05:00,1.0620579315832888,SL,0.000188,-1.0,-1.1188,-1118.83
2022-12-15 19:00:00-05:00,LONG,Breakout,1.06391,1.0636932577493567,1.07351,2022-12-15 19:10:00-05:00,1.0636932577493567,SL,0.00019,-1.0,-1.8766,-1876.62
2022-12-15 19:25:00-05:00,LONG,Breakout,1.06411,1.0636954238738545,1.07351,2022-12-15 19:50:00-05:00,1.0636954238738545,SL,0.000182,-1.0,-1.439,-1439.0
2022-12-16 01:25:00-05:00,LONG,Bounce,1.06499,1.0643948846892999,1.06617,2022-12-16 02:15:00-05:00,1.06617,TP,0.000184,1.9828,1.6736,1673.63
2022-12-16 09:45:00-05:00,LONG,Breakout,1.06456,1.0636967770037353,1.06598,2022-12-16 09:50:00-05:00,1.0636967770037353,SL,0.000186,-1.0,-1.2155,-1215.47
2022-12-16 09:50:00-05:00,LONG,Retest,1.06437,1.063694007217754,1.06598,2022-12-16 10:00:00-05:00,1.063694007217754,SL,0.000184,-1.0,-1.2722,-1272.19
2022-12-19 21:55:00-05:00,LONG,Breakout,1.06134,1.0611311848630527,1.06302,2022-12-19 22:00:00-05:00,1.06302,TP,0.000186,8.0454,7.1547,7154.65
2022-12-19 22:25:00-05:00,LONG,Breakout,1.06156,1.0610066722514704,1.06571,2022-12-19 22:35:00-05:00,1.0610066722514704,SL,0.0002,-1.0,-1.3614,-1361.45
2022-12-20 10:10:00-05:00,LONG,Breakout,1.06544,1.0643596514210192,1.06598,2022-12-20 10:30:00-05:00,1.0643596514210192,SL,0.000184,-1.0,-1.1703,-1170.32
2022-12-21 02:05:00-05:00,LONG,Breakout,1.06201,1.0616201336118842,1.0625,2022-12-21 02:25:00-05:00,1.0625,TP,0.00019,1.2568,0.7695,769.49
2022-12-21 09:25:00-05:00,LONG,Bounce,1.06131,1.0602520770035528,1.06446,2022-12-21 09:40:00-05:00,1.0602520770035528,SL,0.00019,-1.0,-1.1796,-1179.6
2022-12-21 19:55:00-05:00,LONG,Breakout,1.06171,1.0609795575603347,1.06192,2022-12-21 20:10:00-05:00,1.06192,TP,0.00019,0.2875,0.0274,27.38
2022-12-22 02:15:00-05:00,LONG,Bounce,1.06409,1.0636818311061627,1.06578,2022-12-22 02:20:00-05:00,1.0636818311061627,SL,0.000188,-1.0,-1.4606,-1460.59
2022-12-22 03:15:00-05:00,LONG,Breakout,1.06497,1.0647618476608447,1.06578,2022-12-22 03:25:00-05:00,1.0647618476608447,SL,0.000188,-1.0,-1.9032,-1903.18
2022-12-22 09:00:00-05:00,LONG,Bounce,1.06154,1.0611408669305762,1.06381,2022-12-22 09:05:00-05:00,1.0611408669305762,SL,0.000188,-1.0,-1.471,-1471.02
2022-12-22 09:05:00-05:00,LONG,Bounce,1.06161,1.0611418050069636,1.06381,2022-12-22 09:15:00-05:00,1.0611418050069636,SL,0.00019,-1.0,-1.4058,-1405.81
2022-12-22 19:50:00-05:00,LONG,Bounce,1.05949,1.0589967641823639,1.06052,2022-12-22 19:55:00-05:00,1.0589967641823639,SL,0.000212,-1.0,-1.4298,-1429.81
2022-12-23 08:40:00-05:00,LONG,Breakout,1.06277,1.0624455831105173,1.06381,2022-12-23 08:45:00-05:00,1.0624455831105173,SL,0.00019,-1.0,-1.5857,-1585.67
2022-12-26 18:30:00-05:00,LONG,Breakout,1.06434,1.0636215560176447,1.06555,2022-12-26 19:00:00-05:00,1.0636215560176447,SL,0.000178,-1.0,-1.2478,-1247.76
2022-12-26 19:10:00-05:00,LONG,Breakout,1.06419,1.0636158807612295,1.06555,2022-12-26 21:00:00-05:00,1.06555,TP,0.00022,2.3688,1.9857,1985.65
2022-12-27 01:45:00-05:00,LONG,Breakout,1.06633,1.0658913000963186,1.07351,2022-12-27 02:10:00-05:00,1.0658913000963186,SL,0.00019,-1.0,-1.4331,-1433.1
2022-12-27 02:15:00-05:00,LONG,Breakout,1.06608,1.0658790505915121,1.07351,2022-12-27 02:35:00-05:00,1.0658790505915121,SL,0.000198,-1.0,-1.9853,-1985.32
2022-12-27 20:05:00-05:00,LONG,Bounce,1.06308,1.0628777212144531,1.06416,2022-12-27 20:10:00-05:00,1.0628777212144531,SL,0.000206,-1.0,-2.0184,-2018.4
2022-12-28 02:15:00-05:00,LONG,Breakout,1.06523,1.065075417261256,1.06555,2022-12-28 02:20:00-05:00,1.065075417261256,SL,0.00019,-1.0,-2.2291,-2229.12
2022-12-28 09:35:00-05:00,LONG,Breakout,1.06638,1.0655656420674162,1.07351,2022-12-28 09:55:00-05:00,1.0655656420674162,SL,0.000188,-1.0,-1.2309,-1230.86
2022-12-28 10:35:00-05:00,LONG,Bounce,1.06365,1.0631477633546547,1.06735,2022-12-28 10:40:00-05:00,1.0631477633546547,SL,0.000188,-1.0,-1.3743,-1374.33
2022-12-28 19:55:00-05:00,LONG,Breakout,1.06334,1.0627790020808143,1.06735,2022-12-28 20:05:00-05:00,1.0627790020808143,SL,0.000188,-1.0,-1.3351,-1335.12
2022-12-28 20:10:00-05:00,LONG,Breakout,1.06302,1.0627737549458998,1.06735,2022-12-28 20:20:00-05:00,1.0627737549458998,SL,0.000178,-1.0,-1.7229,-1722.86
2022-12-29 00:00:00-05:00,LONG,Bounce,1.06242,1.0621728469788845,1.06365,2022-12-29 00:40:00-05:00,1.0621728469788845,SL,0.000176,-1.0,-1.7121,-1712.11
2022-12-29 03:05:00-05:00,LONG,Breakout,1.06297,1.0626931529607746,1.06365,2022-12-29 03:15:00-05:00,1.0626931529607746,SL,0.000188,-1.0,-1.6791,-1679.08
2022-12-29 08:40:00-05:00,LONG,Breakout,1.06625,1.0656447182620739,1.06735,2022-12-29 08:45:00-05:00,1.0656447182620739,SL,0.000188,-1.0,-1.3106,-1310.6
2022-12-29 09:00:00-05:00,LONG,Breakout,1.06586,1.0656181783184895,1.06735,2022-12-29 09:05:00-05:00,1.0656181783184895,SL,0.00019,-1.0,-1.7857,-1785.7
2022-12-30 00:30:00-05:00,LONG,Bounce,1.06557,1.0653464170650406,1.06624,2022-12-30 00:50:00-05:00,1.0653464170650406,SL,0.00021,-1.0,-1.9392,-1939.25
2022-12-30 03:10:00-05:00,LONG,Breakout,1.06595,1.065604210454333,1.06687,2022-12-30 03:20:00-05:00,1.065604210454333,SL,0.00019,-1.0,-1.5495,-1549.47
2022-12-30 09:30:00-05:00,LONG,Breakout,1.06904,1.06855194129915,1.06977,2022-12-30 09:35:00-05:00,1.06977,TP,0.00019,1.4957,1.1064,1106.42
2022-12-30 09:50:00-05:00,LONG,Breakout,1.06907,1.0685173941442374,1.07351,2022-12-30 10:00:00-05:00,1.0685173941442374,SL,0.00019,-1.0,-1.3438,-1343.83
2023-01-02 18:00:00-05:00,LONG,Breakout,1.06781,1.0667823001536265,1.06858,2023-01-02 18:10:00-05:00,1.0667823001536265,SL,0.000304,-1.0,-1.2958,-1295.81
2023-01-02 18:45:00-05:00,LONG,Retest,1.06699,1.066744392683866,1.06858,2023-01-02 19:20:00-05:00,1.066744392683866,SL,0.000222,-1.0,-1.9039,-1903.88
2023-01-03 18:25:00-05:00,LONG,Bounce,1.05436,1.0538649072279302,1.0568,2023-01-03 20:35:00-05:00,1.0568,TP,0.000268,4.9284,4.3871,4387.06
2023-01-03 23:55:00-05:00,LONG,Breakout,1.05721,1.0568484236755105,1.05966,2023-01-04 00:10:00-05:00,1.0568484236755105,SL,0.000182,-1.0,-1.5034,-1503.35
2023-01-04 02:10:00-05:00,SHORT,Bounce,1.05765,1.057841296220355,1.05394,2023-01-04 02:15:00-05:00,1.057841296220355,SL,0.00019,-1.0,-1.9932,-1993.22
2023-01-04 02:15:00-05:00,SHORT,Bounce,1.05754,1.0578452036331867,1.05394,2023-01-04 02:20:00-05:00,1.0578452036331867,SL,0.00019,-1.0,-1.6225,-1622.54
2023-01-04 10:05:00-05:00,SHORT,Breakout,1.05926,1.0595859031463508,1.05585,2023-01-04 10:15:00-05:00,1.0595859031463508,SL,0.000188,-1.0,-1.5769,-1576.86
2023-01-06 04:20:00-05:00,SHORT,Breakout,1.05053,1.0507547320597201,1.04886,2023-01-06 04:25:00-05:00,1.0507547320597201,SL,0.000186,-1.0,-1.8277,-1827.65
2023-01-09 01:00:00-05:00,LONG,Breakout,1.06781,1.0676211214917029,1.06858,2023-01-09 01:05:00-05:00,1.0676211214917029,SL,0.000186,-1.0,-1.9848,-1984.76
2023-01-09 01:45:00-05:00,LONG,Retest,1.06785,1.0676175218861284,1.06858,2023-01-09 02:00:00-05:00,1.06858,TP,0.00019,3.1401,2.3228,2322.8
2023-01-09 03:00:00-05:00,LONG,Breakout,1.06823,1.0675689911076947,1.06986,2023-01-09 03:45:00-05:00,1.06986,TP,0.000186,2.4659,2.1845,2184.54
2023-01-09 04:55:00-05:00,LONG,Bounce,1.06715,1.0665944796377114,1.06988,2023-01-09 05:00:00-05:00,1.0665944796377114,SL,0.000182,-1.0,-1.3276,-1327.62
2023-01-09 08:15:00-05:00,LONG,Breakout,1.06999,1.0697652516213265,1.07123,2023-01-09 08:25:00-05:00,1.07123,TP,0.000186,5.5173,4.6897,4689.69
2023-01-10 19:35:00-05:00,LONG,Breakout,1.07398,1.0738497594777243,1.07432,2023-01-10 19:55:00-05:00,1.07432,TP,0.00019,2.6106,1.1517,1151.72
2023-01-11 09:25:00-05:00,LONG,Breakout,1.07666,1.0753381342147403,1.07731,2023-01-11 09:45:00-05:00,1.07731,TP,0.00019,0.4917,0.348,347.99
2023-01-11 18:35:00-05:00,LONG,Breakout,1.07657,1.076210517110613,1.07756,2023-01-11 19:00:00-05:00,1.076210517110613,SL,0.000234,-1.0,-1.6509,-1650.94
2023-01-11 19:05:00-05:00,LONG,Breakout,1.07689,1.0762111130864056,1.07756,2023-01-11 19:55:00-05:00,1.0762111130864056,SL,0.00019,-1.0,-1.2799,-1279.87
2023-01-11 20:00:00-05:00,LONG,Breakout,1.07638,1.0762056405586358,1.07756,2023-01-11 20:10:00-05:00,1.0762056405586358,SL,0.000186,-1.0,-2.0668,-2066.76
2023-01-11 21:05:00-05:00,LONG,Retest,1.07652,1.0762193520587766,1.07738,2023-01-11 21:15:00-05:00,1.0762193520587766,SL,0.000186,-1.0,-1.6187,-1618.66
2023-01-12 08:25:00-05:00,LONG,Breakout,1.07783,1.0771064350274109,1.08141,2023-01-12 08:30:00-05:00,1.0771064350274109,SL,0.000206,-1.0,-1.2847,-1284.7
2023-01-12 08:30:00-05:00,LONG,Bounce,1.08052,1.0748365468111674,1.08141,2023-01-12 08:35:00-05:00,1.08141,TP,0.000228,0.1566,0.1165,116.48
2023-01-12 18:20:00-05:00,LONG,Breakout,1.08549,1.0853571122876082,1.08663,2023-01-12 18:25:00-05:00,1.0853571122876082,SL,0.00026,-1.0,-2.9565,-2956.54
2023-01-13 01:35:00-05:00,LONG,Breakout,1.0847,1.0844731838986725,1.08555,2023-01-13 01:55:00-05:00,1.0844731838986725,SL,0.00019,-1.0,-1.8377,-1837.68
2023-01-13 03:10:00-05:00,LONG,Breakout,1.08516,1.0848814959953323,1.0867,2023-01-13 03:15:00-05:00,1.0848814959953323,SL,0.000188,-1.0,-1.675,-1675.04
2023-01-13 03:30:00-05:00,LONG,Breakout,1.08565,1.0848719421887412,1.0867,2023-01-13 04:15:00-05:00,1.0848719421887412,SL,0.000188,-1.0,-1.2416,-1241.63
2023-01-13 10:00:00-05:00,LONG,Breakout,1.08228,1.0817666881513668,1.08509,2023-01-13 10:30:00-05:00,1.0817666881513668,SL,0.000188,-1.0,-1.3662,-1366.25
2023-01-13 10:50:00-05:00,LONG,Retest,1.0830899999999999,1.0817481407069638,1.08509,2023-01-13 11:05:00-05:00,1.0817481407069638,SL,0.000186,-1.0,-1.1386,-1138.61
2023-01-15 19:30:00-05:00,LONG,Breakout,1.08374,1.0833360238491323,1.08509,2023-01-15 20:40:00-05:00,1.08509,TP,0.000184,3.3418,2.8863,2886.31
2023-01-16 20:35:00-05:00,LONG,Bounce,1.08172,1.0814859572132567,1.08329,2023-01-16 20:45:00-05:00,1.0814859572132567,SL,0.00019,-1.0,-1.8118,-1811.82
2023-01-17 06:55:00-05:00,LONG,Breakout,1.08316,1.082538250143595,1.08379,2023-01-17 07:00:00-05:00,1.082538250143595,SL,0.000186,-1.0,-1.2992,-1299.16
2023-01-17 21:40:00-05:00,LONG,Bounce,1.07892,1.0780714845576274,1.08028,2023-01-17 21:45:00-05:00,1.0780714845576274,SL,0.000188,-1.0,-1.2216,-1221.56
2023-01-18 00:50:00-05:00,LONG,Breakout,1.07783,1.077600068789732,1.07984,2023-01-18 02:05:00-05:00,1.07984,TP,0.00019,8.7417,7.9154,7915.41
2023-01-18 09:15:00-05:00,LONG,Breakout,1.08751,1.0868607677610258,1.0895,2023-01-18 09:35:00-05:00,1.0868607677610258,SL,0.000188,-1.0,-1.2896,-1289.57
2023-01-18 19:00:00-05:00,LONG,Breakout,1.07973,1.0796181392253896,1.08865,2023-01-18 19:05:00-05:00,1.0796181392253896,SL,0.000186,-1.0,-2.6628,-2662.78
2023-01-18 22:40:00-05:00,LONG,Breakout,1.08034,1.0796748684910094,1.08865,2023-01-18 23:10:00-05:00,1.0796748684910094,SL,0.00018,-1.0,-1.2706,-1270.62
2023-01-19 08:35:00-05:00,LONG,Bounce,1.08167,1.0812894038398928,1.08263,2023-01-19 08:40:00-05:00,1.0812894038398928,SL,0.000188,-1.0,-1.494,-1493.96
2023-01-19 20:25:00-05:00,LONG,Breakout,1.08426,1.0838947767372558,1.08865,2023-01-19 20:30:00-05:00,1.0838947767372558,SL,0.000184,-1.0,-1.5038,-1503.8
2023-01-20 02:20:00-05:00,LONG,Breakout,1.08411,1.083504358178498,1.08865,2023-01-20 02:35:00-05:00,1.083504358178498,SL,0.000188,-1.0,-1.3104,-1310.41
2023-01-20 10:50:00-05:00,LONG,Breakout,1.08293,1.0825332632084568,1.0851,2023-01-20 14:10:00-05:00,1.0851,TP,0.000184,5.4696,5.0058,5005.84
2023-01-22 19:00:00-05:00,LONG,Breakout,1.08698,1.0865448554742163,1.08865,2023-01-22 19:25:00-05:00,1.0865448554742163,SL,0.00019,-1.0,-1.4366,-1436.64
2023-01-23 01:00:00-05:00,LONG,Bounce,1.08914,1.0887482051172248,1.09023,2023-01-23 01:20:00-05:00,1.0887482051172248,SL,0.000184,-1.0,-1.4696,-1469.63
2023-01-23 01:50:00-05:00,LONG,Breakout,1.09028,1.089661219515867,1.09207,2023-01-23 02:05:00-05:00,1.09207,TP,0.00019,2.8928,2.5857,2585.73
2023-01-23 04:20:00-05:00,LONG,Retest,1.08985,1.089623359878581,1.09147,2023-01-23 04:45:00-05:00,1.09147,TP,0.000186,7.1479,6.3272,6327.21
2023-01-23 11:00:00-05:00,LONG,Breakout,1.08722,1.086588180462931,1.09195,2023-01-23 11:15:00-05:00,1.086588180462931,SL,0.000182,-1.0,-1.2881,-1288.06
2023-01-23 19:15:00-05:00,LONG,Breakout,1.08727,1.0871007803012425,1.08751,2023-01-23 19:25:00-05:00,1.0871007803012425,SL,0.000172,-1.0,-2.0164,-2016.43
2023-01-24 01:25:00-05:00,LONG,Breakout,1.08838,1.0881650700393277,1.09195,2023-01-24 01:35:00-05:00,1.0881650700393277,SL,0.00018,-1.0,-1.8375,-1837.48
2023-01-24 01:40:00-05:00,LONG,Breakout,1.08859,1.0881565017771149,1.09195,2023-01-24 03:15:00-05:00,1.0881565017771149,SL,0.000184,-1.0,-1.4245,-1424.45
2023-01-24 08:25:00-05:00,LONG,Breakout,1.08772,1.0874324815829528,1.08971,2023-01-24 08:30:00-05:00,1.0874324815829528,SL,0.00018,-1.0,-1.626,-1626.05
2023-01-24 09:45:00-05:00,LONG,Bounce,1.08603,1.0851933288336553,1.08801,2023-01-24 09:50:00-05:00,1.0851933288336553,SL,0.000188,-1.0,-1.2247,-1224.7
2023-01-25 00:45:00-05:00,LONG,Bounce,1.08934,1.0891161159147686,1.09019,2023-01-25 00:55:00-05:00,1.0891161159147686,SL,0.000182,-1.0,-1.8129,-1812.92
2023-01-25 01:20:00-05:00,LONG,Breakout,1.09099,1.090128394285763,1.09195,2023-01-25 01:45:00-05:00,1.090128394285763,SL,0.00018,-1.0,-1.2089,-1208.91
2023-01-25 01:55:00-05:00,LONG,Breakout,1.09054,1.0901208539797793,1.09195,2023-01-25 02:05:00-05:00,1.0901208539797793,SL,0.000188,-1.0,-1.4485,-1448.53
2023-01-25 09:35:00-05:00,LONG,Breakout,1.08855,1.0882737366583504,1.0891,2023-01-25 09:40:00-05:00,1.0891,TP,0.00018,1.9909,1.3393,1339.3
2023-01-26 00:55:00-05:00,LONG,Breakout,1.09179,1.091701306610319,1.09209,2023-01-26 01:00:00-05:00,1.091701306610319,SL,0.000184,-1.0,-3.0746,-3074.56
2023-01-26 01:05:00-05:00,LONG,Breakout,1.09185,1.0917015960058363,1.09209,2023-01-26 01:20:00-05:00,1.0917015960058363,SL,0.000178,-1.0,-2.1994,-2199.43
2023-01-26 02:30:00-05:00,LONG,Breakout,1.09211,1.0916565412222083,1.09355,2023-01-26 02:40:00-05:00,1.0916565412222083,SL,0.00019,-1.0,-1.419,-1419.0
2023-01-26 08:30:00-05:00,LONG,Bounce,1.089,1.088499142099716,1.09071,2023-01-26 08:50:00-05:00,1.09071,TP,0.000188,3.4141,3.0388,3038.79
2023-01-26 19:00:00-05:00,LONG,Breakout,1.08968,1.0893516259961051,1.09168,2023-01-26 19:50:00-05:00,1.0893516259961051,SL,0.000186,-1.0,-1.5664,-1566.43
2023-01-26 19:55:00-05:00,LONG,Breakout,1.08956,1.0893491312522456,1.09168,2023-01-26 20:00:00-05:00,1.0893491312522456,SL,0.00019,-1.0,-1.901,-1901.03
2023-01-27 02:20:00-05:00,LONG,Breakout,1.08742,1.0872456375741484,1.08995,2023-01-27 02:30:00-05:00,1.0872456375741484,SL,0.000186,-1.0,-2.0667,-2066.74
2023-01-27 03:00:00-05:00,LONG,Breakout,1.08764,1.0872353051160089,1.08995,2023-01-27 03:15:00-05:00,1.0872353051160089,SL,0.000182,-1.0,-1.4497,-1449.72
2023-01-27 10:50:00-05:00,LONG,Bounce,1.08458,1.0842558727354255,1.08945,2023-01-27 10:55:00-05:00,1.0842558727354255,SL,0.000188,-1.0,-1.58,-1580.02
2023-01-29 19:00:00-05:00,LONG,Breakout,1.08734,1.0871727722718811,1.08784,2023-01-29 19:05:00-05:00,1.0871727722718811,SL,0.00019,-1.0,-2.1362,-2136.18
2023-01-29 19:50:00-05:00,LONG,Breakout,1.08734,1.087172649734743,1.08784,2023-01-29 20:00:00-05:00,1.087172649734743,SL,0.00019,-1.0,-2.1353,-2135.34
2023-01-29 20:35:00-05:00,LONG,Bounce,1.08634,1.0860308239279852,1.08784,2023-01-29 23:15:00-05:00,1.08784,TP,0.00019,4.8516,4.2371,4237.07
2023-01-29 23:55:00-05:00,LONG,Retest,1.08756,1.0873419385425958,1.08945,2023-01-30 00:00:00-05:00,1.0873419385425958,SL,0.00017,-1.0,-1.7796,-1779.6
2023-01-30 19:35:00-05:00,LONG,Breakout,1.0855,1.0853271331648608,1.08989,2023-01-30 19:45:00-05:00,1.0853271331648608,SL,0.000168,-1.0,-1.9718,-1971.85
2023-01-31 08:15:00-05:00,LONG,Breakout,1.0836,1.083236554109309,1.08489,2023-01-31 08:30:00-05:00,1.08489,TP,0.000184,3.5494,3.0431,3043.09
2023-01-31 08:30:00-05:00,LONG,Breakout,1.08491,1.0832040478783351,1.08989,2023-02-01 08:15:00-05:00,1.08989,TP,0.00019,2.9192,2.8078,2807.82
2023-02-01 08:15:00-05:00,LONG,Breakout,1.08985,1.0895066116485197,1.09103,2023-02-01 10:00:00-05:00,1.0895066116485197,SL,0.000188,-1.0,-1.5475,-1547.49
2023-02-01 14:30:00-05:00,LONG,Bounce,1.09064,1.0902071455697568,1.09271,2023-02-01 14:35:00-05:00,1.0902071455697568,SL,0.000186,-1.0,-1.4297,-1429.71
2023-02-01 14:35:00-05:00,LONG,Breakout,1.09363,1.0921712066004887,1.09749,2023-02-01 14:45:00-05:00,1.09749,TP,0.00019,2.646,2.5158,2515.78
2023-02-01 18:10:00-05:00,LONG,Breakout,1.10224,1.0999118019777687,1.1053,2023-02-02 02:25:00-05:00,1.0999118019777687,SL,0.000218,-1.0,-1.0936,-1093.63
2023-02-02 03:50:00-05:00,LONG,Bounce,1.09994,1.0989140330027303,1.10246,2023-02-02 04:30:00-05:00,1.0989140330027303,SL,0.000182,-1.0,-1.1774,-1177.39
2023-02-03 00:45:00-05:00,LONG,Breakout,1.0896,1.0894547312324236,1.08988,2023-02-03 00:50:00-05:00,1.0894547312324236,SL,0.00018,-1.0,-2.2391,-2239.08
2023-02-03 01:55:00-05:00,LONG,Retest,1.08975,1.0894483278856262,1.09107,2023-02-03 02:00:00-05:00,1.0894483278856262,SL,0.000176,-1.0,-1.5834,-1583.41
2023-02-03 02:10:00-05:00,LONG,Breakout,1.0901,1.0896944039230034,1.09107,2023-02-03 02:25:00-05:00,1.0896944039230034,SL,0.00019,-1.0,-1.4684,-1468.45
2023-02-03 02:55:00-05:00,LONG,Breakout,1.08986,1.0896638493426856,1.09107,2023-02-03 03:00:00-05:00,1.0896638493426856,SL,0.000186,-1.0,-1.9483,-1948.25
2023-02-05 21:35:00-05:00,SHORT,Bounce,1.07918,1.079408986721895,1.07806,2023-02-05 22:00:00-05:00,1.079408986721895,SL,0.000182,-1.0,-1.7948,-1794.81
2023-02-05 23:15:00-05:00,SHORT,Bounce,1.07938,1.0798093386431449,1.07814,2023-02-05 23:35:00-05:00,1.0798093386431449,SL,0.000182,-1.0,-1.4239,-1423.91
2023-02-06 01:30:00-05:00,SHORT,Breakout,1.07866,1.0789788448820692,1.07814,2023-02-06 01:35:00-05:00,1.0789788448820692,SL,0.000182,-1.0,-1.5708,-1570.81
2023-02-06 01:55:00-05:00,SHORT,Breakout,1.07864,1.0789805207145797,1.07814,2023-02-06 02:10:00-05:00,1.0789805207145797,SL,0.000182,-1.0,-1.5345,-1534.48
2023-02-06 02:30:00-05:00,SHORT,Breakout,1.07874,1.0790005855663394,1.07814,2023-02-06 02:50:00-05:00,1.07814,TP,0.00018,2.3025,1.6118,1611.75
2023-02-06 09:35:00-05:00,SHORT,Breakout,1.0754299999999999,1.0757104734348697,1.0729,2023-02-06 09:40:00-05:00,1.0757104734348697,SL,0.00018,-1.0,-1.6418,-1641.77
2023-02-07 08:15:00-05:00,SHORT,Breakout,1.06962,1.0698290764867264,1.0659,2023-02-07 08:20:00-05:00,1.0698290764867264,SL,0.00018,-1.0,-1.8609,-1860.93
2023-02-07 09:00:00-05:00,SHORT,Retest,1.0693,1.0698384616733059,1.0659,2023-02-07 09:10:00-05:00,1.0698384616733059,SL,0.00018,-1.0,-1.3343,-1334.29
2023-02-08 09:45:00-05:00,SHORT,Breakout,1.07198,1.0726191980555764,1.07074,2023-02-08 09:55:00-05:00,1.0726191980555764,SL,0.00018,-1.0,-1.2816,-1281.6
2023-02-08 10:25:00-05:00,SHORT,Retest,1.07181,1.0726238022867471,1.07074,2023-02-08 10:35:00-05:00,1.0726238022867471,SL,0.00018,-1.0,-1.2212,-1221.18
2023-02-09 00:35:00-05:00,SHORT,Bounce,1.07303,1.0732381235102342,1.07275,2023-02-09 00:45:00-05:00,1.0732381235102342,SL,0.000174,-1.0,-1.836,-1836.04
2023-02-09 08:35:00-05:00,SHORT,Bounce,1.07729,1.0778515306548948,1.07578,2023-02-09 08:40:00-05:00,1.0778515306548948,SL,0.000182,-1.0,-1.3241,-1324.11
2023-02-09 13:00:00-05:00,SHORT,Breakout,1.07405,1.0744431780298027,1.07232,2023-02-09 13:05:00-05:00,1.0744431780298027,SL,0.00018,-1.0,-1.4578,-1457.81
2023-02-09 13:20:00-05:00,SHORT,Retest,1.07398,1.0744333209524468,1.07232,2023-02-09 13:30:00-05:00,1.0744333209524468,SL,0.000184,-1.0,-1.4059,-1405.89
2023-02-09 19:15:00-05:00,SHORT,Breakout,1.07298,1.0731223149408642,1.07232,2023-02-09 19:55:00-05:00,1.0731223149408642,SL,0.000184,-1.0,-2.2929,-2292.91
2023-02-09 21:10:00-05:00,SHORT,Retest,1.07294,1.0731400185241522,1.07249,2023-02-09 21:20:00-05:00,1.0731400185241522,SL,0.000182,-1.0,-1.9099,-1909.92
2023-02-09 22:05:00-05:00,SHORT,Retest,1.0723,1.0725443616273636,1.07085,2023-02-10 00:50:00-05:00,1.0725443616273636,SL,0.000188,-1.0,-1.7694,-1769.35
2023-02-10 07:35:00-05:00,SHORT,Breakout,1.06915,1.0693802009163953,1.06683,2023-02-10 08:15:00-05:00,1.0693802009163953,SL,0.00018,-1.0,-1.7819,-1781.93
2023-02-10 08:20:00-05:00,SHORT,Breakout,1.06886,1.0693826451060822,1.06683,2023-02-10 08:25:00-05:00,1.0693826451060822,SL,0.000182,-1.0,-1.3482,-1348.23
2023-02-10 08:30:00-05:00,SHORT,Breakout,1.06878,1.0693874541986117,1.06683,2023-02-10 08:50:00-05:00,1.0693874541986117,SL,0.00018,-1.0,-1.2963,-1296.32
2023-02-12 17:30:00-05:00,SHORT,Bounce,1.06746,1.0676481274099399,1.06673,2023-02-12 17:35:00-05:00,1.0676481274099399,SL,0.000322,-1.0,-2.7116,-2711.61
2023-02-12 19:10:00-05:00,SHORT,Breakout,1.06691,1.067099494835096,1.06673,2023-02-12 19:15:00-05:00,1.06673,TP,0.000182,0.9499,-0.0106,-10.55
2023-02-12 19:15:00-05:00,SHORT,Retest,1.06678,1.0670998166325891,1.0665499999999999,2023-02-12 19:20:00-05:00,1.0670998166325891,SL,0.000184,-1.0,-1.5753,-1575.33
2023-02-12 20:15:00-05:00,SHORT,Breakout,1.06651,1.0667867803538906,1.0659,2023-02-12 20:25:00-05:00,1.0659,TP,0.00018,2.2039,1.5536,1553.58
2023-02-12 20:45:00-05:00,SHORT,Retest,1.06641,1.0667936439211105,1.06508,2023-02-12 20:50:00-05:00,1.0667936439211105,SL,0.000186,-1.0,-1.4848,-1484.82
2023-02-13 01:15:00-05:00,SHORT,Bounce,1.06697,1.0670705401704235,1.06599,2023-02-13 01:20:00-05:00,1.0670705401704235,SL,0.000182,-1.0,-2.8102,-2810.22
2023-02-14 02:35:00-05:00,SHORT,Bounce,1.07361,1.0739772499660172,1.07246,2023-02-14 03:05:00-05:00,1.0739772499660172,SL,0.000184,-1.0,-1.501,-1501.02
2023-02-15 01:30:00-05:00,SHORT,Breakout,1.07067,1.0714262061412947,1.06753,2023-02-15 02:40:00-05:00,1.0714262061412947,SL,0.000182,-1.0,-1.2407,-1240.68
2023-02-16 08:25:00-05:00,SHORT,Bounce,1.07017,1.0708247439066396,1.06882,2023-02-16 08:30:00-05:00,1.06882,TP,0.00018,2.0619,1.787,1786.96
2023-02-16 08:30:00-05:00,SHORT,Breakout,1.06879,1.069408833627594,1.06597,2023-02-16 09:50:00-05:00,1.06597,TP,0.000176,4.557,4.2726,4272.55
2023-02-16 15:10:00-05:00,SHORT,Breakout,1.06801,1.068335017812407,1.06537,2023-02-16 20:45:00-05:00,1.06537,TP,0.000182,8.1226,7.5627,7562.66
2023-02-20 01:50:00-05:00,SHORT,Bounce,1.06876,1.0690899537538905,1.06829,2023-02-20 02:05:00-05:00,1.0690899537538905,SL,0.000184,-1.0,-1.5577,-1557.65
2023-02-20 17:40:00-05:00,SHORT,Bounce,1.06859,1.0686896298570923,1.06694,2023-02-20 18:20:00-05:00,1.0686896298570923,SL,0.000336,-1.0,-4.3725,-4372.48
2023-02-20 19:50:00-05:00,SHORT,Breakout,1.06788,1.0682202979095365,1.06694,2023-02-20 20:10:00-05:00,1.06694,TP,0.00019,2.7623,2.204,2203.95
2023-02-21 02:20:00-05:00,SHORT,Breakout,1.06607,1.066260126694327,1.06559,2023-02-21 02:30:00-05:00,1.066260126694327,SL,0.00019,-1.0,-1.9993,-1999.33
2023-02-21 03:35:00-05:00,SHORT,Bounce,1.06699,1.067416970528873,1.06591,2023-02-21 03:40:00-05:00,1.067416970528873,SL,0.000188,-1.0,-1.4403,-1440.31
2023-02-21 04:20:00-05:00,SHORT,Breakout,1.06449,1.0660429637199764,1.06119,2023-02-21 04:30:00-05:00,1.0660429637199764,SL,0.000188,-1.0,-1.1211,-1121.06
2023-02-21 06:45:00-05:00,SHORT,Retest,1.06565,1.066010794397606,1.06449,2023-02-21 07:45:00-05:00,1.066010794397606,SL,0.00019,-1.0,-1.5266,-1526.62
2023-02-21 08:20:00-05:00,SHORT,Bounce,1.0658,1.0661058965406383,1.06463,2023-02-21 08:25:00-05:00,1.0661058965406383,SL,0.00019,-1.0,-1.6211,-1621.13
2023-02-22 14:15:00-05:00,SHORT,Breakout,1.06152,1.06177802477341,1.05002,2023-02-22 14:20:00-05:00,1.06177802477341,SL,0.000188,-1.0,-1.7286,-1728.61
2023-02-23 02:00:00-05:00,SHORT,Bounce,1.06197,1.0624215501400212,1.06144,2023-02-23 02:25:00-05:00,1.06144,TP,0.00019,1.1737,0.753,752.96
2023-02-23 02:25:00-05:00,SHORT,Breakout,1.06115,1.0615011302882333,1.06009,2023-02-23 02:35:00-05:00,1.0615011302882333,SL,0.00019,-1.0,-1.5411,-1541.11
2023-02-23 02:40:00-05:00,SHORT,Breakout,1.06127,1.0615047562839828,1.06009,2023-02-23 02:45:00-05:00,1.0615047562839828,SL,0.00019,-1.0,-1.8094,-1809.35
2023-02-23 03:00:00-05:00,SHORT,Breakout,1.06129,1.0615081328672125,1.06009,2023-02-23 03:20:00-05:00,1.0615081328672125,SL,0.000186,-1.0,-1.8527,-1852.69
2023-02-23 03:35:00-05:00,SHORT,Retest,1.06121,1.0615183988249792,1.06009,2023-02-23 04:10:00-05:00,1.06009,TP,0.00019,3.6317,3.0156,3015.58
2023-02-23 18:15:00-05:00,SHORT,Bounce,1.05996,1.0601777312885419,1.05901,2023-02-23 19:50:00-05:00,1.0601777312885419,SL,0.000188,-1.0,-1.8634,-1863.45
2023-02-24 02:00:00-05:00,SHORT,Breakout,1.05935,1.0595643396259624,1.05901,2023-02-24 02:25:00-05:00,1.05901,TP,0.00019,1.5863,0.6998,699.82
2023-02-27 00:55:00-05:00,SHORT,Breakout,1.05386,1.0539787916585908,1.05353,2023-02-27 01:00:00-05:00,1.0539787916585908,SL,0.00018,-1.0,-2.5153,-2515.26
2023-02-27 01:15:00-05:00,SHORT,Breakout,1.0538,1.0539887580320964,1.05353,2023-02-27 01:30:00-05:00,1.05353,TP,0.00019,1.4304,0.4238,423.82
2023-02-27 02:20:00-05:00,SHORT,Bounce,1.05463,1.0547909915347458,1.05002,2023-02-27 02:25:00-05:00,1.0547909915347458,SL,0.000188,-1.0,-2.1678,-2167.76
2023-02-28 00:55:00-05:00,SHORT,Breakout,1.05839,1.0585286511254535,1.05787,2023-02-28 01:05:00-05:00,1.0585286511254535,SL,0.000186,-1.0,-2.3415,-2341.5
2023-02-28 10:00:00-05:00,SHORT,Bounce,1.06365,1.0641262181863367,1.0605,2023-02-28 10:05:00-05:00,1.0641262181863367,SL,0.000188,-1.0,-1.3948,-1394.78
2023-02-28 10:05:00-05:00,SHORT,Bounce,1.06364,1.0641270597444557,1.0605,2023-02-28 10:20:00-05:00,1.0641270597444557,SL,0.00019,-1.0,-1.3901,-1390.1
2023-02-28 10:50:00-05:00,SHORT,Breakout,1.06108,1.0614773000430735,1.0605,2023-02-28 10:55:00-05:00,1.0605,TP,0.00019,1.4599,0.9816,981.63
2023-03-01 19:55:00-05:00,SHORT,Breakout,1.06596,1.0663232825970383,1.06456,2023-03-01 22:35:00-05:00,1.06456,TP,0.00019,3.8537,3.3307,3330.74
2023-03-03 01:10:00-05:00,SHORT,Bounce,1.06129,1.0614559048195644,1.0601099999999999,2023-03-03 01:15:00-05:00,1.0614559048195644,SL,0.000186,-1.0,-2.1211,-2121.12
2023-03-03 05:00:00-05:00,SHORT,Breakout,1.06068,1.0609453225605487,1.0601099999999999,2023-03-03 05:05:00-05:00,1.0601099999999999,TP,0.000188,2.1483,1.4398,1439.76
2023-03-03 08:25:00-05:00,SHORT,Bounce,1.06157,1.061850180613384,1.05996,2023-03-03 08:35:00-05:00,1.061850180613384,SL,0.00018,-1.0,-1.6424,-1642.44
2023-03-03 10:00:00-05:00,SHORT,Breakout,1.06013,1.0603597918444354,1.05852,2023-03-03 10:10:00-05:00,1.0603597918444354,SL,0.000184,-1.0,-1.8007,-1800.72
2023-03-03 11:05:00-05:00,SHORT,Retest,1.05954,1.060374673178129,1.05875,2023-03-03 11:35:00-05:00,1.060374673178129,SL,0.000182,-1.0,-1.218,-1218.05
2023-03-07 00:55:00-05:00,LONG,Bounce,1.06845,1.068329339189212,1.06924,2023-03-07 01:00:00-05:00,1.068329339189212,SL,0.000188,-1.0,-2.5581,-2558.09
2023-03-08 08:10:00-05:00,SHORT,Bounce,1.05433,1.054852179877196,1.05334,2023-03-08 09:00:00-05:00,1.054852179877196,SL,0.000184,-1.0,-1.3524,-1352.37
2023-03-08 10:10:00-05:00,SHORT,Bounce,1.05438,1.0549972517118786,1.05235,2023-03-08 10:20:00-05:00,1.0549972517118786,SL,0.000184,-1.0,-1.2981,-1298.1
2023-03-09 02:05:00-05:00,SHORT,Bounce,1.05531,1.0555083238646947,1.05372,2023-03-09 02:20:00-05:00,1.0555083238646947,SL,0.00018,-1.0,-1.9076,-1907.61
2023-03-09 05:00:00-05:00,SHORT,Bounce,1.05566,1.0559818898111695,1.05473,2023-03-09 05:30:00-05:00,1.0559818898111695,SL,0.000188,-1.0,-1.5841,-1584.05
2023-03-09 09:00:00-05:00,SHORT,Bounce,1.05712,1.0581821085373853,1.05473,2023-03-09 09:45:00-05:00,1.0581821085373853,SL,0.000186,-1.0,-1.1751,-1175.12
2023-03-09 18:35:00-05:00,SHORT,Bounce,1.05826,1.0584303958730796,1.05716,2023-03-09 19:00:00-05:00,1.0584303958730796,SL,0.000238,-1.0,-2.3967,-2396.75
2023-03-09 21:20:00-05:00,SHORT,Breakout,1.05871,1.0589091717852106,1.05773,2023-03-09 21:35:00-05:00,1.0589091717852106,SL,0.00019,-1.0,-1.954,-1953.95
2023-03-10 01:40:00-05:00,SHORT,Breakout,1.05806,1.0585464442416241,1.05782,2023-03-10 02:00:00-05:00,1.0585464442416241,SL,0.00019,-1.0,-1.3906,-1390.59
2023-03-10 02:40:00-05:00,SHORT,Bounce,1.05951,1.0598484939868769,1.05804,2023-03-10 03:05:00-05:00,1.05804,TP,0.000188,4.3428,3.7874,3787.36
2023-03-14 02:05:00-04:00,LONG,Breakout,1.07081,1.0705481506035213,1.07329,2023-03-14 02:15:00-04:00,1.0705481506035213,SL,0.000182,-1.0,-1.6951,-1695.06
2023-03-14 03:00:00-04:00,LONG,Bounce,1.06987,1.0697192712344215,1.07329,2023-03-14 03:05:00-04:00,1.0697192712344215,SL,0.000182,-1.0,-2.2075,-2207.47
2023-03-14 08:35:00-04:00,LONG,Breakout,1.07175,1.0712702796476028,1.07712,2023-03-14 08:40:00-04:00,1.0712702796476028,SL,0.00018,-1.0,-1.3752,-1375.22
2023-03-14 10:10:00-04:00,LONG,Retest,1.07273,1.0712469117320258,1.0748,2023-03-14 12:40:00-04:00,1.0712469117320258,SL,0.00018,-1.0,-1.1214,-1121.37
2023-03-14 12:55:00-04:00,LONG,Bounce,1.07165,1.0712184329438827,1.07309,2023-03-14 13:15:00-04:00,1.07309,TP,0.000182,3.3367,2.915,2914.96
2023-03-14 21:00:00-04:00,LONG,Breakout,1.0735,1.0733832294357795,1.07416,2023-03-14 21:05:00-04:00,1.0733832294357795,SL,0.000188,-1.0,-2.61,-2609.99
2023-03-14 21:55:00-04:00,LONG,Retest,1.07373,1.0733818656856402,1.07416,2023-03-14 22:00:00-04:00,1.07416,TP,0.000188,1.2352,0.6951,695.13
2023-03-15 14:25:00-04:00,LONG,Breakout,1.05778,1.0560253332943093,1.07435,2023-03-16 09:20:00-04:00,1.0560253332943093,SL,0.000182,-1.0,-1.1037,-1103.72
2023-03-16 09:20:00-04:00,SHORT,Breakout,1.05548,1.0602058217581363,1.05464,2023-03-16 09:50:00-04:00,1.0602058217581363,SL,0.000182,-1.0,-1.0385,-1038.51
2023-03-16 20:00:00-04:00,SHORT,Bounce,1.06125,1.0615251475859608,1.0607,2023-03-16 20:10:00-04:00,1.0615251475859608,SL,0.000184,-1.0,-1.6687,-1668.73
2023-03-20 01:45:00-04:00,LONG,Breakout,1.06747,1.0672971207815338,1.06837,2023-03-20 02:05:00-04:00,1.0672971207815338,SL,0.000184,-1.0,-2.0643,-2064.33
2023-03-20 03:35:00-04:00,LONG,Bounce,1.06682,1.0663355350822787,1.06802,2023-03-20 03:40:00-04:00,1.0663355350822787,SL,0.00018,-1.0,-1.3715,-1371.54
2023-03-21 20:50:00-04:00,LONG,Breakout,1.07703,1.0768962542556328,1.07775,2023-03-21 20:55:00-04:00,1.0768962542556328,SL,0.000184,-1.0,-2.3757,-2375.74
2023-03-21 21:55:00-04:00,LONG,Retest,1.07718,1.0768804943205161,1.07775,2023-03-21 22:10:00-04:00,1.0768804943205161,SL,0.00018,-1.0,-1.601,-1600.99
2023-03-22 19:15:00-04:00,LONG,Breakout,1.0865,1.0862954489514232,1.09116,2023-03-23 02:15:00-04:00,1.09116,TP,0.00017,22.7816,21.9505,21950.51
2023-03-23 08:15:00-04:00,LONG,Breakout,1.08845,1.0878547415537632,1.0926,2023-03-23 08:35:00-04:00,1.0878547415537632,SL,0.00018,-1.0,-1.3024,-1302.39
2023-03-23 08:40:00-04:00,LONG,Bounce,1.08724,1.0867704082222462,1.0926,2023-03-23 13:30:00-04:00,1.0867704082222462,SL,0.00018,-1.0,-1.3833,-1383.31
2023-03-24 09:50:00-04:00,LONG,Breakout,1.07574,1.074554107385798,1.08343,2023-03-24 11:00:00-04:00,1.074554107385798,SL,0.000182,-1.0,-1.1535,-1153.47
2023-03-24 11:50:00-04:00,LONG,Retest,1.07563,1.0745988486467348,1.07667,2023-03-24 13:35:00-04:00,1.07667,TP,0.000182,1.0086,0.8321,832.08
2023-03-26 18:05:00-04:00,LONG,Breakout,1.07745,1.0764955935362446,1.08343,2023-03-26 20:20:00-04:00,1.0764955935362446,SL,0.000196,-1.0,-1.2054,-1205.36
2023-03-26 21:35:00-04:00,LONG,Bounce,1.07591,1.0755870792414788,1.07779,2023-03-27 02:15:00-04:00,1.0755870792414788,SL,0.000182,-1.0,-1.5636,-1563.61
2023-03-27 03:00:00-04:00,LONG,Breakout,1.07712,1.0769079909814014,1.0774,2023-03-27 03:05:00-04:00,1.0774,TP,0.00018,1.3207,0.4717,471.68
2023-03-27 08:20:00-04:00,LONG,Breakout,1.07756,1.0767621950593487,1.07813,2023-03-27 08:50:00-04:00,1.0767621950593487,SL,0.00018,-1.0,-1.2256,-1225.62
2023-03-27 19:00:00-04:00,LONG,Breakout,1.08009,1.0798914367673464,1.08343,2023-03-28 07:35:00-04:00,1.08343,TP,0.000186,16.8208,15.8841,15884.11
2023-03-28 20:00:00-04:00,LONG,Breakout,1.08456,1.0843535893785272,1.08475,2023-03-28 20:05:00-04:00,1.0843535893785272,SL,0.000184,-1.0,-1.8914,-1891.43
2023-03-28 20:10:00-04:00,LONG,Breakout,1.08453,1.0843495745151586,1.08475,2023-03-28 20:15:00-04:00,1.0843495745151586,SL,0.000184,-1.0,-2.0198,-2019.81
2023-03-28 20:25:00-04:00,LONG,Breakout,1.08447,1.084347375805322,1.08475,2023-03-28 20:30:00-04:00,1.084347375805322,SL,0.00019,-1.0,-2.5494,-2549.45
2023-03-28 20:50:00-04:00,LONG,Retest,1.08459,1.0843471267828981,1.08475,2023-03-28 21:00:00-04:00,1.08475,TP,0.000178,0.6588,-0.0741,-74.11
2023-03-29 05:30:00-04:00,LONG,Breakout,1.08488,1.084213632340768,1.08979,2023-03-29 08:15:00-04:00,1.084213632340768,SL,0.000178,-1.0,-1.2671,-1267.12
2023-03-29 13:55:00-04:00,LONG,Breakout,1.08456,1.084202414706141,1.0852,2023-03-29 14:00:00-04:00,1.084202414706141,SL,0.000186,-1.0,-1.5202,-1520.16
2023-03-29 17:30:00-04:00,LONG,Bounce,1.08408,1.0838045571886052,1.08461,2023-03-29 18:20:00-04:00,1.08461,TP,0.00032,1.9242,0.7624,762.41
2023-03-30 06:40:00-04:00,LONG,Breakout,1.08819,1.0877421766642004,1.08979,2023-03-30 07:00:00-04:00,1.0877421766642004,SL,0.000182,-1.0,-1.4064,-1406.41
2023-03-30 08:00:00-04:00,LONG,Breakout,1.08872,1.0883034369135633,1.08979,2023-03-30 08:30:00-04:00,1.08979,TP,0.00018,2.5686,2.1365,2136.53
2023-03-30 18:15:00-04:00,LONG,Bounce,1.09024,1.0900862864672605,1.0907,2023-03-30 20:05:00-04:00,1.0907,TP,0.000182,2.9926,1.8086,1808.56
2023-03-30 20:15:00-04:00,LONG,Breakout,1.09083,1.0905303850969683,1.09254,2023-03-30 22:00:00-04:00,1.0905303850969683,SL,0.000188,-1.0,-1.6275,-1627.47
2023-03-30 22:20:00-04:00,LONG,Retest,1.09084,1.0904955683043334,1.09249,2023-03-30 23:00:00-04:00,1.0904955683043334,SL,0.000184,-1.0,-1.5342,-1534.21
2023-03-31 02:50:00-04:00,LONG,Bounce,1.09019,1.0899775797417968,1.09086,2023-03-31 03:00:00-04:00,1.09086,TP,0.000182,3.1541,2.2973,2297.33
2023-03-31 03:20:00-04:00,LONG,Bounce,1.08925,1.0886282181648275,1.09249,2023-03-31 03:30:00-04:00,1.0886282181648275,SL,0.00018,-1.0,-1.2895,-1289.49
2023-04-03 02:00:00-04:00,LONG,Breakout,1.07957,1.079437119638065,1.08161,2023-04-03 02:05:00-04:00,1.079437119638065,SL,0.000182,-1.0,-2.3697,-2369.65
2023-04-03 02:10:00-04:00,LONG,Breakout,1.08003,1.0794263429532296,1.08161,2023-04-03 03:00:00-04:00,1.08161,TP,0.000184,2.6174,2.3126,2312.57
2023-04-03 04:50:00-04:00,LONG,Breakout,1.08429,1.083999909892944,1.0861399999999999,2023-04-03 06:20:00-04:00,1.0861399999999999,TP,0.00018,6.3773,5.7568,5756.83
2023-04-03 19:20:00-04:00,LONG,Breakout,1.0907,1.090593991145714,1.09158,2023-04-03 19:55:00-04:00,1.090593991145714,SL,0.000174,-1.0,-2.6414,-2641.37
2023-04-03 20:20:00-04:00,LONG,Breakout,1.09073,1.0905876792610016,1.09158,2023-04-03 20:30:00-04:00,1.0905876792610016,SL,0.000178,-1.0,-2.2507,-2250.7
2023-04-03 21:00:00-04:00,LONG,Bounce,1.08997,1.0898491540616804,1.09158,2023-04-03 21:05:00-04:00,1.0898491540616804,SL,0.000184,-1.0,-2.5226,-2522.6
2023-04-04 00:35:00-04:00,LONG,Bounce,1.08897,1.0887131733252868,1.0909,2023-04-04 01:40:00-04:00,1.0887131733252868,SL,0.00018,-1.0,-1.7009,-1700.86
2023-04-04 02:25:00-04:00,LONG,Breakout,1.08987,1.0897201255486595,1.0909,2023-04-04 02:30:00-04:00,1.0897201255486595,SL,0.000186,-1.0,-2.241,-2241.04
2023-04-04 10:00:00-04:00,LONG,Breakout,1.09229,1.0907148540035883,1.09352,2023-04-04 10:05:00-04:00,1.09352,TP,0.00018,0.7809,0.6666,666.6
2023-04-04 18:35:00-04:00,LONG,Breakout,1.09587,1.0956845191673186,1.09724,2023-04-04 18:40:00-04:00,1.0956845191673186,SL,0.000192,-1.0,-2.0351,-2035.15
2023-04-04 18:45:00-04:00,LONG,Breakout,1.09583,1.0956854170371266,1.09724,2023-04-04 18:55:00-04:00,1.0956854170371266,SL,0.00018,-1.0,-2.245,-2244.96
2023-04-04 20:00:00-04:00,LONG,Breakout,1.09625,1.0956833945312838,1.09724,2023-04-04 21:30:00-04:00,1.0956833945312838,SL,0.000184,-1.0,-1.3247,-1324.74
2023-04-05 02:15:00-04:00,LONG,Bounce,1.09567,1.0954982053147777,1.09636,2023-04-05 02:20:00-04:00,1.0954982053147777,SL,0.000184,-1.0,-2.071,-2071.05
2023-04-05 07:50:00-04:00,LONG,Bounce,1.09422,1.0939327569443476,1.0959699999999999,2023-04-05 08:00:00-04:00,1.0939327569443476,SL,0.00018,-1.0,-1.6266,-1626.65
2023-04-05 10:10:00-04:00,LONG,Bounce,1.09386,1.093246699476329,1.09668,2023-04-05 10:25:00-04:00,1.093246699476329,SL,0.00018,-1.0,-1.2935,-1293.49
2023-04-06 02:00:00-04:00,LONG,Breakout,1.08972,1.089465363102663,1.09096,2023-04-06 02:20:00-04:00,1.089465363102663,SL,0.000184,-1.0,-1.7226,-1722.6
2023-04-07 14:35:00-04:00,LONG,Bounce,1.09065,1.0904177009369662,1.09119,2023-04-07 14:40:00-04:00,1.0904177009369662,SL,0.000352,-1.0,-2.5153,-2515.29
2023-04-07 15:40:00-04:00,LONG,Bounce,1.09044,1.0901504911451239,1.09119,2023-04-07 15:45:00-04:00,1.0901504911451239,SL,0.00033,-1.0,-2.1399,-2139.86
2023-04-09 20:20:00-04:00,LONG,Bounce,1.09077,1.0905000301071421,1.09147,2023-04-09 20:35:00-04:00,1.0905000301071421,SL,0.00018,-1.0,-1.6667,-1666.74
2023-04-10 00:05:00-04:00,LONG,Bounce,1.08964,1.0895499358420067,1.09139,2023-04-10 00:20:00-04:00,1.0895499358420067,SL,0.00018,-1.0,-2.9986,-2998.58
2023-04-10 13:00:00-04:00,LONG,Breakout,1.0849199999999999,1.0846265394259773,1.09158,2023-04-11 05:30:00-04:00,1.09158,TP,0.00018,22.6947,22.0813,22081.33
2023-04-12 02:55:00-04:00,LONG,Bounce,1.09259,1.0923747172475151,1.09364,2023-04-12 03:20:00-04:00,1.0923747172475151,SL,0.000188,-1.0,-1.8733,-1873.27
2023-04-12 21:35:00-04:00,LONG,Breakout,1.09992,1.0998113926552986,1.10096,2023-04-12 21:40:00-04:00,1.0998113926552986,SL,0.000188,-1.0,-2.731,-2731.01
2023-04-13 02:10:00-04:00,LONG,Bounce,1.09838,1.0982569235396218,1.09929,2023-04-13 02:55:00-04:00,1.0982569235396218,SL,0.00019,-1.0,-2.5438,-2543.76
2023-04-13 03:10:00-04:00,LONG,Breakout,1.09966,1.0992053989867407,1.10042,2023-04-13 04:00:00-04:00,1.10042,TP,0.000182,1.6718,1.2714,1271.44
2023-04-13 08:30:00-04:00,LONG,Breakout,1.10336,1.1029932408116554,1.1053,2023-04-13 08:35:00-04:00,1.1029932408116554,SL,0.00018,-1.0,-1.4908,-1490.79
2023-04-13 08:45:00-04:00,LONG,Breakout,1.10338,1.1029762449209939,1.1053,2023-04-13 09:00:00-04:00,1.1053,TP,0.00018,4.7554,4.3095,4309.54
2023-04-17 03:05:00-04:00,LONG,Breakout,1.09946,1.099311726187741,1.09984,2023-04-17 03:10:00-04:00,1.099311726187741,SL,0.000182,-1.0,-2.2275,-2227.46
2023-04-17 14:55:00-04:00,LONG,Breakout,1.0925,1.0923990622530797,1.09836,2023-04-17 17:15:00-04:00,1.0923990622530797,SL,0.000178,-1.0,-2.7635,-2763.46
2023-04-17 17:55:00-04:00,LONG,Retest,1.09251,1.0924136338658181,1.0929,2023-04-17 18:45:00-04:00,1.0924136338658181,SL,0.000338,-1.0,-4.5023,-4502.27
2023-04-17 20:55:00-04:00,LONG,Bounce,1.09244,1.0922294737510079,1.0929,2023-04-17 21:35:00-04:00,1.0929,TP,0.000184,2.185,1.311,1311.0
2023-04-17 21:35:00-04:00,LONG,Breakout,1.09305,1.0927822091558215,1.09836,2023-04-17 22:00:00-04:00,1.0927822091558215,SL,0.00018,-1.0,-1.6722,-1672.17
2023-04-17 22:40:00-04:00,LONG,Retest,1.09306,1.0927755999720379,1.09836,2023-04-19 05:35:00-04:00,1.0927755999720379,SL,0.000182,-1.0,-1.6399,-1639.94
2023-04-19 21:30:00-04:00,LONG,Breakout,1.09596,1.0957838458172928,1.09659,2023-04-19 21:40:00-04:00,1.0957838458172928,SL,0.00018,-1.0,-2.0218,-2021.83
2023-04-20 02:05:00-04:00,LONG,Breakout,1.09663,1.0960509260994515,1.09785,2023-04-20 03:05:00-04:00,1.0960509260994515,SL,0.000182,-1.0,-1.3143,-1314.29
2023-04-20 03:30:00-04:00,LONG,Bounce,1.09575,1.095348164836678,1.09724,2023-04-20 03:35:00-04:00,1.095348164836678,SL,0.00018,-1.0,-1.4479,-1447.94
2023-04-20 15:00:00-04:00,LONG,Bounce,1.09644,1.0961930494764809,1.09718,2023-04-20 15:05:00-04:00,1.0961930494764809,SL,0.000182,-1.0,-1.737,-1736.99
2023-04-21 04:00:00-04:00,LONG,Breakout,1.09649,1.0961791342852412,1.09724,2023-04-21 04:10:00-04:00,1.0961791342852412,SL,0.00018,-1.0,-1.579,-1579.03
2023-04-21 07:20:00-04:00,LONG,Breakout,1.0979,1.0970351564275111,1.0989,2023-04-21 08:30:00-04:00,1.0989,TP,0.00018,1.1563,0.9481,948.15
2023-04-24 03:00:00-04:00,LONG,Bounce,1.09745,1.0971129986694357,1.09942,2023-04-24 03:05:00-04:00,1.0971129986694357,SL,0.00018,-1.0,-1.5341,-1534.12
2023-04-24 03:10:00-04:00,LONG,Bounce,1.09722,1.0971039733425236,1.09942,2023-04-24 04:45:00-04:00,1.09942,TP,0.00018,18.9612,17.4098,17409.79
2023-04-24 08:50:00-04:00,LONG,Breakout,1.10179,1.1015785319227203,1.1072899999999999,2023-04-24 09:25:00-04:00,1.1015785319227203,SL,0.000182,-1.0,-1.8606,-1860.65
2023-04-24 09:40:00-04:00,LONG,Breakout,1.10175,1.1015672794342426,1.1072899999999999,2023-04-24 09:45:00-04:00,1.1015672794342426,SL,0.00018,-1.0,-1.9851,-1985.11
2023-04-24 10:40:00-04:00,LONG,Breakout,1.10329,1.1029399415418042,1.1072899999999999,2023-04-24 10:50:00-04:00,1.1029399415418042,SL,0.00018,-1.0,-1.5142,-1514.2
2023-04-24 12:35:00-04:00,LONG,Retest,1.1032,1.1029730990748414,1.10361,2023-04-24 13:10:00-04:00,1.10361,TP,0.00018,1.807,1.0137,1013.66
2023-04-24 17:35:00-04:00,LONG,Bounce,1.10437,1.104070112169379,1.10492,2023-04-24 18:20:00-04:00,1.10492,TP,0.000322,1.834,0.7603,760.28
2023-04-25 01:10:00-04:00,LONG,Bounce,1.10514,1.105018705686519,1.10579,2023-04-25 01:25:00-04:00,1.105018705686519,SL,0.000184,-1.0,-2.517,-2516.97
2023-04-25 01:50:00-04:00,LONG,Bounce,1.10513,1.1050086957493368,1.10579,2023-04-25 01:55:00-04:00,1.1050086957493368,SL,0.000184,-1.0,-2.5168,-2516.85
2023-04-25 02:05:00-04:00,LONG,Bounce,1.10536,1.10500463431534,1.10579,2023-04-25 02:15:00-04:00,1.10500463431534,SL,0.000186,-1.0,-1.5234,-1523.4
2023-04-25 18:25:00-04:00,LONG,Breakout,1.09781,1.0974093350419987,1.10285,2023-04-25 19:00:00-04:00,1.0974093350419987,SL,0.000184,-1.0,-1.4592,-1459.24
2023-04-25 20:15:00-04:00,LONG,Bounce,1.09743,1.0971460603038934,1.0979700000000001,2023-04-25 21:10:00-04:00,1.0971460603038934,SL,0.000186,-1.0,-1.6551,-1655.07
2023-04-26 09:20:00-04:00,LONG,Breakout,1.10933,1.1055758865571585,1.11316,2023-04-26 10:35:00-04:00,1.1055758865571585,SL,0.00018,-1.0,-1.0479,-1047.95
2023-04-26 14:40:00-04:00,LONG,Bounce,1.10349,1.1031373460196754,1.1056,2023-04-27 01:30:00-04:00,1.1056,TP,0.00018,5.9832,5.4728,5472.79
2023-04-27 15:00:00-04:00,LONG,Breakout,1.10266,1.102541271936111,1.1056300000000001,2023-04-27 15:15:00-04:00,1.102541271936111,SL,0.00018,-1.0,-2.5161,-2516.07
2023-04-27 19:30:00-04:00,LONG,Breakout,1.10302,1.1027806406073946,1.1056300000000001,2023-04-27 21:50:00-04:00,1.1027806406073946,SL,0.00018,-1.0,-1.752,-1752.01
2023-04-28 02:15:00-04:00,LONG,Bounce,1.10089,1.10065993991341,1.10388,2023-04-28 02:20:00-04:00,1.10065993991341,SL,0.00018,-1.0,-1.7824,-1782.4
2023-04-28 02:45:00-04:00,LONG,Breakout,1.10275,1.1020343484150295,1.10388,2023-04-28 03:00:00-04:00,1.1020343484150295,SL,0.00018,-1.0,-1.2515,-1251.52
2023-04-28 09:05:00-04:00,LONG,Breakout,1.10114,1.0995845793418975,1.10355,2023-04-28 09:40:00-04:00,1.0995845793418975,SL,0.00018,-1.0,-1.1157,-1115.72
2023-05-01 02:00:00-04:00,LONG,Bounce,1.10055,1.0999402704007726,1.10135,2023-05-01 02:15:00-04:00,1.0999402704007726,SL,0.000182,-1.0,-1.2985,-1298.49
2023-05-01 17:55:00-04:00,LONG,Breakout,1.09752,1.097440365210434,1.10348,2023-05-01 18:00:00-04:00,1.097440365210434,SL,0.000314,-1.0,-4.943,-4943.0
2023-05-01 20:05:00-04:00,LONG,Breakout,1.09764,1.0975421178231397,1.10348,2023-05-01 20:15:00-04:00,1.0975421178231397,SL,0.000184,-1.0,-2.8798,-2879.81
2023-05-01 20:50:00-04:00,LONG,Breakout,1.09764,1.0975346407073192,1.10348,2023-05-02 04:00:00-04:00,1.0975346407073192,SL,0.000176,-1.0,-2.6705,-2670.47
2023-05-03 02:40:00-04:00,LONG,Breakout,1.10269,1.102494887244422,1.1029,2023-05-03 02:45:00-04:00,1.102494887244422,SL,0.000176,-1.0,-1.902,-1902.04
2023-05-03 03:10:00-04:00,LONG,Breakout,1.10318,1.1024776131840477,1.10348,2023-05-03 03:15:00-04:00,1.10348,TP,0.00018,0.4271,0.1708,170.85
2023-05-03 08:15:00-04:00,LONG,Bounce,1.10381,1.1027714805895044,1.10461,2023-05-03 10:10:00-04:00,1.10461,TP,0.00018,0.7703,0.597,597.0
2023-05-03 10:10:00-04:00,LONG,Breakout,1.10479,1.104148918785356,1.1056300000000001,2023-05-03 10:20:00-04:00,1.104148918785356,SL,0.00018,-1.0,-1.2808,-1280.78
2023-05-03 12:20:00-04:00,LONG,Retest,1.10472,1.1041815413758636,1.10585,2023-05-03 13:00:00-04:00,1.1041815413758636,SL,0.000178,-1.0,-1.3306,-1330.57
2023-05-03 14:00:00-04:00,LONG,Breakout,1.10727,1.105713682600629,1.10947,2023-05-03 14:10:00-04:00,1.105713682600629,SL,0.00018,-1.0,-1.1157,-1115.66
2023-05-03 14:25:00-04:00,LONG,Retest,1.10621,1.1056914594697065,1.10947,2023-05-03 14:30:00-04:00,1.1056914594697065,SL,0.00018,-1.0,-1.3471,-1347.13
2023-05-03 20:05:00-04:00,LONG,Breakout,1.10823,1.1076681642350008,1.10905,2023-05-03 20:25:00-04:00,1.1076681642350008,SL,0.00018,-1.0,-1.3204,-1320.38
2023-05-03 21:35:00-04:00,LONG,Retest,1.10819,1.1076706323491292,1.10865,2023-05-03 22:55:00-04:00,1.10865,TP,0.000184,0.8857,0.5314,531.42
2023-05-04 02:25:00-04:00,LONG,Breakout,1.10877,1.1085730958497324,1.10947,2023-05-04 02:30:00-04:00,1.1085730958497324,SL,0.00018,-1.0,-1.9142,-1914.15
2023-05-04 18:55:00-04:00,LONG,Breakout,1.10205,1.101887793955997,1.10307,2023-05-04 19:10:00-04:00,1.101887793955997,SL,0.000174,-1.0,-2.0727,-2072.71
2023-05-04 19:20:00-04:00,LONG,Retest,1.10213,1.10189047565617,1.10307,2023-05-04 20:05:00-04:00,1.10189047565617,SL,0.00018,-1.0,-1.7515,-1751.49
2023-05-05 04:50:00-04:00,LONG,Bounce,1.10305,1.1028257909148673,1.1047,2023-05-05 04:55:00-04:00,1.1028257909148673,SL,0.00018,-1.0,-1.8028,-1802.82
2023-05-05 07:00:00-04:00,LONG,Bounce,1.10234,1.1020534853111235,1.10311,2023-05-05 07:05:00-04:00,1.1020534853111235,SL,0.00018,-1.0,-1.6282,-1628.24
2023-05-07 21:30:00-04:00,LONG,Breakout,1.10256,1.1023954289078903,1.10358,2023-05-07 22:45:00-04:00,1.10358,TP,0.000182,6.1979,5.092,5092.02
2023-05-08 02:10:00-04:00,LONG,Breakout,1.10455,1.104314750603465,1.1047,2023-05-08 02:20:00-04:00,1.104314750603465,SL,0.000178,-1.0,-1.7566,-1756.64
2023-05-08 04:15:00-04:00,LONG,Retest,1.10452,1.1042787021172642,1.10823,2023-05-08 04:55:00-04:00,1.1042787021172642,SL,0.000182,-1.0,-1.7543,-1754.25
2023-05-10 03:05:00-04:00,SHORT,Bounce,1.09754,1.0977196046108504,1.09615,2023-05-10 03:15:00-04:00,1.0977196046108504,SL,0.00018,-1.0,-2.0022,-2002.2
2023-05-10 04:00:00-04:00,SHORT,Breakout,1.09501,1.0962402646153635,1.09452,2023-05-10 07:15:00-04:00,1.09452,TP,0.00018,0.3983,0.252,251.98
2023-05-10 08:20:00-04:00,SHORT,Breakout,1.09435,1.0945694039812062,1.09402,2023-05-10 08:30:00-04:00,1.0945694039812062,SL,0.00018,-1.0,-1.8204,-1820.4
2023-05-10 10:15:00-04:00,SHORT,Bounce,1.0991,1.1007230712787284,1.09408,2023-05-11 02:55:00-04:00,1.09408,TP,0.00018,3.0929,2.982,2982.0
2023-05-12 02:15:00-04:00,SHORT,Bounce,1.09238,1.0925028498480849,1.09142,2023-05-12 02:20:00-04:00,1.0925028498480849,SL,0.000182,-1.0,-2.4815,-2481.48
2023-05-12 07:15:00-04:00,SHORT,Breakout,1.08927,1.0898869618588771,1.08801,2023-05-12 09:35:00-04:00,1.08801,TP,0.00018,2.0423,1.7505,1750.51
2023-05-12 10:20:00-04:00,SHORT,Breakout,1.08777,1.0881712886839365,1.08662,2023-05-12 10:50:00-04:00,1.08662,TP,0.00018,2.8658,2.4172,2417.21
2023-05-14 18:00:00-04:00,SHORT,Breakout,1.08456,1.0850505062570517,1.08364,2023-05-14 18:15:00-04:00,1.0850505062570517,SL,0.000188,-1.0,-1.3833,-1383.28
2023-05-15 05:10:00-04:00,SHORT,Breakout,1.08569,1.0860084295271284,1.08541,2023-05-15 05:15:00-04:00,1.0860084295271284,SL,0.00018,-1.0,-1.5653,-1565.27
2023-05-15 18:50:00-04:00,SHORT,Bounce,1.08751,1.0876254708726396,1.08716,2023-05-15 20:10:00-04:00,1.0876254708726396,SL,0.00017,-1.0,-2.4722,-2472.23
2023-05-15 20:10:00-04:00,SHORT,Bounce,1.08758,1.087666141146083,1.08716,2023-05-15 20:20:00-04:00,1.087666141146083,SL,0.000184,-1.0,-3.136,-3136.03
2023-05-15 20:20:00-04:00,SHORT,Bounce,1.08755,1.0876685196616735,1.08716,2023-05-15 20:25:00-04:00,1.0876685196616735,SL,0.00018,-1.0,-2.5187,-2518.74
2023-05-15 22:00:00-04:00,SHORT,Breakout,1.08697,1.0872385818488417,1.08669,2023-05-15 22:15:00-04:00,1.0872385818488417,SL,0.000178,-1.0,-1.6627,-1662.74
2023-05-16 02:00:00-04:00,SHORT,Breakout,1.08659,1.0868019321977374,1.08631,2023-05-16 02:05:00-04:00,1.0868019321977374,SL,0.000174,-1.0,-1.821,-1821.02
2023-05-16 02:10:00-04:00,SHORT,Breakout,1.08666,1.0868098803133552,1.08631,2023-05-16 02:15:00-04:00,1.0868098803133552,SL,0.000174,-1.0,-2.1609,-2160.93
2023-05-16 02:35:00-04:00,SHORT,Breakout,1.08659,1.0868121981785612,1.08547,2023-05-16 02:40:00-04:00,1.0868121981785612,SL,0.00018,-1.0,-1.8101,-1810.09
2023-05-16 15:40:00-04:00,SHORT,Breakout,1.086,1.0861164101955192,1.08541,2023-05-16 16:15:00-04:00,1.0861164101955192,SL,0.000178,-1.0,-2.5291,-2529.08
2023-05-17 08:30:00-04:00,SHORT,Breakout,1.08217,1.0824417332660174,1.07883,2023-05-17 08:50:00-04:00,1.0824417332660174,SL,0.000176,-1.0,-1.6477,-1647.69
2023-05-17 10:00:00-04:00,SHORT,Breakout,1.08107,1.0813939221251485,1.07883,2023-05-17 10:05:00-04:00,1.0813939221251485,SL,0.000178,-1.0,-1.5495,-1549.51
2023-05-17 20:15:00-04:00,SHORT,Breakout,1.08346,1.0836399426252799,1.08094,2023-05-17 20:25:00-04:00,1.0836399426252799,SL,0.000178,-1.0,-1.9892,-1989.2
2023-05-18 00:45:00-04:00,SHORT,Breakout,1.08328,1.083437378619596,1.08094,2023-05-18 01:35:00-04:00,1.083437378619596,SL,0.00018,-1.0,-2.1437,-2143.74
2023-05-18 02:30:00-04:00,SHORT,Retest,1.08312,1.083458642520635,1.08094,2023-05-18 03:55:00-04:00,1.08094,TP,0.000178,6.4375,5.9118,5911.84
2023-05-18 08:30:00-04:00,SHORT,Breakout,1.07931,1.0805669559949447,1.07883,2023-05-18 08:45:00-04:00,1.07883,TP,0.000172,0.3819,0.245,245.04
2023-05-18 18:15:00-04:00,SHORT,Bounce,1.07737,1.0774392273193534,1.07679,2023-05-18 18:20:00-04:00,1.0774392273193534,SL,0.000186,-1.0,-3.6868,-3686.8
2023-05-18 20:10:00-04:00,SHORT,Bounce,1.07733,1.0776256856969137,1.07679,2023-05-18 20:15:00-04:00,1.0776256856969137,SL,0.000174,-1.0,-1.5885,-1588.46
2023-05-18 21:15:00-04:00,SHORT,Breakout,1.07652,1.0772230843470358,1.07631,2023-05-18 21:20:00-04:00,1.07631,TP,0.000174,0.2987,0.0512,51.2
2023-05-19 11:20:00-04:00,SHORT,Bounce,1.08114,1.0824351978577647,1.07702,2023-05-19 13:35:00-04:00,1.0824351978577647,SL,0.00017,-1.0,-1.1313,-1131.25
2023-05-21 21:40:00-04:00,SHORT,Bounce,1.08211,1.0824333871733731,1.08158,2023-05-21 21:50:00-04:00,1.0824333871733731,SL,0.00017,-1.0,-1.5257,-1525.69
2023-05-22 10:00:00-04:00,SHORT,Breakout,1.08092,1.0812636718253705,1.07947,2023-05-22 10:05:00-04:00,1.0812636718253705,SL,0.000178,-1.0,-1.5179,-1517.94
2023-05-22 10:10:00-04:00,SHORT,Breakout,1.08103,1.0812842578494266,1.07947,2023-05-22 10:15:00-04:00,1.0812842578494266,SL,0.000178,-1.0,-1.7001,-1700.08
2023-05-23 02:15:00-04:00,SHORT,Bounce,1.08078,1.0810495558315627,1.07954,2023-05-23 02:40:00-04:00,1.0810495558315627,SL,0.000178,-1.0,-1.6603,-1660.35
2023-05-23 03:35:00-04:00,SHORT,Breakout,1.07924,1.0800574554377556,1.07813,2023-05-23 03:55:00-04:00,1.0800574554377556,SL,0.000176,-1.0,-1.2153,-1215.3
2023-05-23 04:00:00-04:00,SHORT,Breakout,1.07945,1.080065487006624,1.07813,2023-05-23 04:25:00-04:00,1.080065487006624,SL,0.000172,-1.0,-1.2795,-1279.45
2023-05-23 08:30:00-04:00,SHORT,Breakout,1.07673,1.0770044183221992,1.07598,2023-05-23 08:35:00-04:00,1.0770044183221992,SL,0.000174,-1.0,-1.6341,-1634.07
2023-05-23 08:45:00-04:00,SHORT,Breakout,1.07678,1.0770142722499532,1.07598,2023-05-23 08:50:00-04:00,1.0770142722499532,SL,0.000174,-1.0,-1.7427,-1742.73
2023-05-23 09:00:00-04:00,SHORT,Retest,1.0763,1.077016027745316,1.07598,2023-05-23 09:15:00-04:00,1.077016027745316,SL,0.000178,-1.0,-1.2486,-1248.59
2023-05-23 20:50:00-04:00,SHORT,Bounce,1.07711,1.0773330205516995,1.07594,2023-05-23 21:50:00-04:00,1.0773330205516995,SL,0.00018,-1.0,-1.8071,-1807.1
2023-05-24 23:20:00-04:00,SHORT,Breakout,1.07369,1.073967279536775,1.07222,2023-05-25 02:45:00-04:00,1.073967279536775,SL,0.000174,-1.0,-1.6275,-1627.53
2023-05-25 03:00:00-04:00,SHORT,Breakout,1.07257,1.0728106404529831,1.07222,2023-05-25 03:05:00-04:00,1.07222,TP,0.000178,1.4545,0.7148,714.76
2023-05-25 08:10:00-04:00,SHORT,Bounce,1.07355,1.0737987328711092,1.07212,2023-05-25 08:30:00-04:00,1.07212,TP,0.000178,5.7491,5.0335,5033.51
2023-05-25 08:30:00-04:00,SHORT,Breakout,1.07184,1.0722117474888522,1.07132,2023-05-25 09:05:00-04:00,1.0722117474888522,SL,0.000172,-1.0,-1.4627,-1462.68
2023-05-25 20:15:00-04:00,SHORT,Breakout,1.07183,1.072041571317596,1.07144,2023-05-25 20:20:00-04:00,1.072041571317596,SL,0.00018,-1.0,-1.8508,-1850.78
2023-05-25 21:00:00-04:00,SHORT,Bounce,1.07242,1.0726953961585821,1.07144,2023-05-25 21:15:00-04:00,1.0726953961585821,SL,0.00018,-1.0,-1.6536,-1653.6
2023-05-28 20:05:00-04:00,SHORT,Breakout,1.07171,1.0717758080923732,1.07009,2023-05-28 20:10:00-04:00,1.0717758080923732,SL,0.000174,-1.0,-3.6441,-3644.05
2023-05-28 20:50:00-04:00,SHORT,Breakout,1.07169,1.0717790699201186,1.07009,2023-05-28 20:55:00-04:00,1.0717790699201186,SL,0.000176,-1.0,-2.976,-2975.98
2023-05-29 03:30:00-04:00,SHORT,Breakout,1.07276,1.073387259604779,1.07163,2023-05-29 04:05:00-04:00,1.07163,TP,0.000182,1.8015,1.5113,1511.34
2023-05-29 07:55:00-04:00,SHORT,Breakout,1.07097,1.071150798716813,1.07009,2023-05-29 08:00:00-04:00,1.071150798716813,SL,0.000178,-1.0,-1.9845,-1984.52
2023-05-29 08:45:00-04:00,SHORT,Retest,1.07092,1.0711458241439655,1.07009,2023-05-29 08:50:00-04:00,1.0711458241439655,SL,0.000178,-1.0,-1.7882,-1788.22
2023-05-29 09:40:00-04:00,SHORT,Breakout,1.07077,1.0711503216629417,1.07009,2023-05-29 11:40:00-04:00,1.0711503216629417,SL,0.000182,-1.0,-1.4785,-1478.54
2023-05-29 23:35:00-04:00,SHORT,Breakout,1.07042,1.0706506878330584,1.06304,2023-05-29 23:55:00-04:00,1.0706506878330584,SL,0.000176,-1.0,-1.7629,-1762.94
2023-05-30 01:20:00-04:00,SHORT,Breakout,1.06868,1.0701082623743385,1.06304,2023-05-30 04:40:00-04:00,1.0701082623743385,SL,0.00018,-1.0,-1.126,-1126.03
2023-05-30 15:20:00-04:00,SHORT,Bounce,1.07252,1.0726711568623584,1.07135,2023-05-30 15:30:00-04:00,1.0726711568623584,SL,0.00018,-1.0,-2.1908,-2190.82
2023-05-30 19:40:00-04:00,SHORT,Bounce,1.07321,1.0734230629569899,1.0729899999999999,2023-05-30 19:50:00-04:00,1.0729899999999999,TP,0.00018,1.0326,0.1877,187.74
2023-05-30 20:05:00-04:00,SHORT,Breakout,1.07278,1.0730277440361335,1.07135,2023-05-30 20:20:00-04:00,1.0730277440361335,SL,0.000178,-1.0,-1.7185,-1718.48
2023-05-30 21:30:00-04:00,SHORT,Breakout,1.072,1.0727238882921555,1.07135,2023-05-30 21:45:00-04:00,1.07135,TP,0.000176,0.8979,0.6548,654.8
2023-05-31 01:30:00-04:00,SHORT,Breakout,1.06905,1.0694141575045357,1.06717,2023-05-31 01:50:00-04:00,1.0694141575045357,SL,0.000176,-1.0,-1.4833,-1483.31
2023-05-31 02:00:00-04:00,SHORT,Breakout,1.06919,1.0694220202344886,1.06717,2023-05-31 02:15:00-04:00,1.0694220202344886,SL,0.000174,-1.0,-1.7499,-1749.93
2023-05-31 03:00:00-04:00,SHORT,Breakout,1.06771,1.068520830122246,1.06717,2023-05-31 03:20:00-04:00,1.06717,TP,0.000176,0.666,0.4489,448.92
2023-05-31 09:10:00-04:00,SHORT,Bounce,1.0683,1.0687350812339285,1.06668,2023-05-31 09:30:00-04:00,1.0687350812339285,SL,0.000178,-1.0,-1.4091,-1409.12
2023-05-31 21:40:00-04:00,SHORT,Breakout,1.06804,1.0682946304109842,1.06344,2023-05-31 21:45:00-04:00,1.0682946304109842,SL,0.00018,-1.0,-1.7069,-1706.91
2023-06-01 01:35:00-04:00,SHORT,Breakout,1.0677699999999999,1.0679837331057556,1.06344,2023-06-01 01:40:00-04:00,1.0679837331057556,SL,0.00018,-1.0,-1.8422,-1842.17
2023-06-01 02:20:00-04:00,SHORT,Breakout,1.06786,1.0679950268074152,1.06344,2023-06-01 02:25:00-04:00,1.0679950268074152,SL,0.00018,-1.0,-2.3331,-2333.07
2023-06-01 02:30:00-04:00,SHORT,Breakout,1.06762,1.0679995180125161,1.06344,2023-06-01 02:35:00-04:00,1.0679995180125161,SL,0.000182,-1.0,-1.4796,-1479.56
2023-06-02 00:45:00-04:00,SHORT,Breakout,1.07623,1.0762985713506978,1.07574,2023-06-02 00:50:00-04:00,1.0762985713506978,SL,0.000186,-1.0,-3.7125,-3712.5
2023-06-02 00:55:00-04:00,SHORT,Breakout,1.07622,1.076300829378918,1.07574,2023-06-02 01:00:00-04:00,1.076300829378918,SL,0.00018,-1.0,-3.2269,-3226.91
2023-06-02 04:55:00-04:00,SHORT,Bounce,1.07734,1.0776020837803235,1.07592,2023-06-02 05:20:00-04:00,1.0776020837803235,SL,0.000178,-1.0,-1.6792,-1679.17
2023-06-02 08:30:00-04:00,SHORT,Breakout,1.07566,1.0760511093699119,1.06834,2023-06-02 08:35:00-04:00,1.0760511093699119,SL,0.000178,-1.0,-1.4551,-1455.12
2023-06-02 08:40:00-04:00,SHORT,Breakout,1.0747,1.07608041573222,1.06834,2023-06-02 09:05:00-04:00,1.07608041573222,SL,0.000172,-1.0,-1.1246,-1124.6
2023-06-04 18:00:00-04:00,SHORT,Breakout,1.07031,1.0705238222817146,1.06834,2023-06-04 18:05:00-04:00,1.0705238222817146,SL,0.00018,-1.0,-1.8418,-1841.82
2023-06-04 18:30:00-04:00,SHORT,Breakout,1.07044,1.0705222875473044,1.06834,2023-06-05 03:05:00-04:00,1.06834,TP,0.000176,25.5203,23.3814,23381.42
2023-06-05 05:05:00-04:00,SHORT,Retest,1.06895,1.069395973546791,1.06826,2023-06-05 05:10:00-04:00,1.069395973546791,SL,0.000176,-1.0,-1.3946,-1394.64
2023-06-06 02:25:00-04:00,SHORT,Bounce,1.07261,1.0731065373118531,1.07135,2023-06-06 02:30:00-04:00,1.0731065373118531,SL,0.000176,-1.0,-1.3545,-1354.45
2023-06-06 03:00:00-04:00,SHORT,Breakout,1.07191,1.072128614612336,1.07135,2023-06-06 03:05:00-04:00,1.072128614612336,SL,0.000176,-1.0,-1.8051,-1805.07
2023-06-06 19:35:00-04:00,SHORT,Bounce,1.06943,1.069513512207725,1.06895,2023-06-06 19:40:00-04:00,1.069513512207725,SL,0.000176,-1.0,-3.1075,-3107.48
2023-06-07 01:00:00-04:00,SHORT,Breakout,1.06868,1.0689072859719604,1.06814,2023-06-07 02:00:00-04:00,1.06814,TP,0.000174,2.3759,1.6103,1610.31
2023-06-08 04:30:00-04:00,SHORT,Bounce,1.07168,1.0718982188229422,1.07001,2023-06-08 04:40:00-04:00,1.0718982188229422,SL,0.000174,-1.0,-1.7974,-1797.36
2023-06-08 09:35:00-04:00,SHORT,Bounce,1.07572,1.0759308131931518,1.0723,2023-06-08 09:40:00-04:00,1.0759308131931518,SL,0.000174,-1.0,-1.8254,-1825.38
2023-06-08 19:25:00-04:00,SHORT,Bounce,1.07822,1.0783958417954698,1.07728,2023-06-08 19:40:00-04:00,1.0783958417954698,SL,0.000178,-1.0,-2.0123,-2012.27
2023-06-08 19:50:00-04:00,SHORT,Bounce,1.07827,1.0783937281485494,1.07728,2023-06-08 20:00:00-04:00,1.0783937281485494,SL,0.000172,-1.0,-2.3901,-2390.14
2023-06-08 20:00:00-04:00,SHORT,Bounce,1.07814,1.0783972758015552,1.07728,2023-06-08 20:10:00-04:00,1.0783972758015552,SL,0.00018,-1.0,-1.6996,-1699.64
2023-06-12 09:35:00-04:00,SHORT,Breakout,1.0755,1.076057435686374,1.07434,2023-06-12 09:50:00-04:00,1.07434,TP,0.000176,2.081,1.7652,1765.23
2023-06-13 08:30:00-04:00,LONG,Breakout,1.08172,1.0807972098958807,1.08235,2023-06-13 08:40:00-04:00,1.0807972098958807,SL,0.000178,-1.0,-1.1929,-1192.89
2023-06-13 08:55:00-04:00,LONG,Breakout,1.08134,1.0807721531093282,1.08235,2023-06-13 09:05:00-04:00,1.0807721531093282,SL,0.000172,-1.0,-1.3029,-1302.9
2023-06-13 13:55:00-04:00,LONG,Bounce,1.07881,1.0784648174341092,1.08034,2023-06-13 14:30:00-04:00,1.0784648174341092,SL,0.00018,-1.0,-1.5215,-1521.46
2023-06-15 01:30:00-04:00,LONG,Breakout,1.0816,1.081446364975464,1.08436,2023-06-15 02:10:00-04:00,1.081446364975464,SL,0.00018,-1.0,-2.1716,-2171.61
2023-06-15 03:55:00-04:00,LONG,Breakout,1.08261,1.0821859143677688,1.08436,2023-06-15 05:15:00-04:00,1.08436,TP,0.00018,4.1265,3.7021,3702.08
2023-06-15 08:30:00-04:00,LONG,Breakout,1.08706,1.0846187799090867,1.08964,2023-06-15 09:50:00-04:00,1.08964,TP,0.000182,1.0568,0.9823,982.3
2023-06-15 18:40:00-04:00,LONG,Bounce,1.09454,1.0944146636580803,1.09519,2023-06-15 20:30:00-04:00,1.0944146636580803,SL,0.000174,-1.0,-2.3883,-2388.26
2023-06-15 20:55:00-04:00,LONG,Bounce,1.09411,1.0939271237748165,1.0950199999999999,2023-06-15 21:25:00-04:00,1.0939271237748165,SL,0.000176,-1.0,-1.9624,-1962.4
2023-06-15 21:30:00-04:00,LONG,Bounce,1.09408,1.0939241037350886,1.0950199999999999,2023-06-15 22:45:00-04:00,1.0939241037350886,SL,0.000172,-1.0,-2.1033,-2103.3
2023-06-16 01:40:00-04:00,LONG,Breakout,1.09426,1.0941665782580046,1.09476,2023-06-16 01:50:00-04:00,1.0941665782580046,SL,0.000174,-1.0,-2.8625,-2862.52
2023-06-16 02:05:00-04:00,LONG,Breakout,1.09434,1.0941576177172259,1.09476,2023-06-16 02:10:00-04:00,1.09476,TP,0.000182,2.3029,1.305,1304.95
2023-06-16 04:25:00-04:00,LONG,Retest,1.09478,1.0941127115132159,1.09616,2023-06-16 05:15:00-04:00,1.0941127115132159,SL,0.00018,-1.0,-1.2697,-1269.75
2023-06-18 20:00:00-04:00,LONG,Breakout,1.09438,1.0941847590792544,1.09662,2023-06-18 20:10:00-04:00,1.0941847590792544,SL,0.00018,-1.0,-1.9219,-1921.94
2023-06-19 16:45:00-04:00,LONG,Breakout,1.09211,1.0919849929895429,1.0928,2023-06-19 17:15:00-04:00,1.0919849929895429,SL,0.000184,-1.0,-2.4719,-2471.92
2023-06-19 17:20:00-04:00,LONG,Retest,1.09224,1.0919804801742077,1.0928,2023-06-19 17:30:00-04:00,1.0919804801742077,SL,0.000328,-1.0,-2.2639,-2263.87
2023-06-19 17:35:00-04:00,LONG,Breakout,1.09215,1.0919738472823375,1.0928,2023-06-19 17:40:00-04:00,1.0919738472823375,SL,0.000222,-1.0,-2.2603,-2260.27
2023-06-19 18:00:00-04:00,LONG,Retest,1.09217,1.0919680914444148,1.0928,2023-06-19 19:25:00-04:00,1.0919680914444148,SL,0.000236,-1.0,-2.1688,-2168.85
2023-06-20 18:00:00-04:00,LONG,Breakout,1.09179,1.0916242026045897,1.09238,2023-06-20 20:10:00-04:00,1.0916242026045897,SL,0.00016,-1.0,-1.965,-1965.03
2023-06-21 02:10:00-04:00,LONG,Bounce,1.09118,1.091056178795084,1.09187,2023-06-21 02:15:00-04:00,1.091056178795084,SL,0.000182,-1.0,-2.4699,-2469.86
2023-06-21 02:20:00-04:00,LONG,Bounce,1.09115,1.0910557562059653,1.09187,2023-06-21 02:35:00-04:00,1.0910557562059653,SL,0.000182,-1.0,-2.9312,-2931.16
2023-06-21 04:00:00-04:00,LONG,Breakout,1.09164,1.0915009067911468,1.09204,2023-06-21 04:05:00-04:00,1.09204,TP,0.000172,2.8758,1.6392,1639.19
2023-06-22 07:05:00-04:00,LONG,Breakout,1.10056,1.100202542995327,1.10284,2023-06-22 07:10:00-04:00,1.100202542995327,SL,0.000174,-1.0,-1.4868,-1486.77
2023-06-27 20:00:00-04:00,LONG,Bounce,1.09573,1.0956780640772121,1.0962,2023-06-27 20:30:00-04:00,1.0956780640772121,SL,0.000186,-1.0,-4.5813,-4581.34
2023-06-28 04:10:00-04:00,LONG,Breakout,1.09559,1.0953349547907398,1.09607,2023-06-28 04:20:00-04:00,1.0953349547907398,SL,0.000178,-1.0,-1.6979,-1697.92
2023-06-28 06:40:00-04:00,LONG,Retest,1.09555,1.095328937203259,1.0962,2023-06-28 06:55:00-04:00,1.095328937203259,SL,0.000178,-1.0,-1.8052,-1805.2
2023-07-02 20:30:00-04:00,LONG,Bounce,1.09068,1.0906109890581954,1.09121,2023-07-02 20:35:00-04:00,1.0906109890581954,SL,0.000216,-1.0,-4.1299,-4129.94
2023-07-03 18:15:00-04:00,LONG,Breakout,1.0914,1.0912985350902857,1.09221,2023-07-03 18:25:00-04:00,1.0912985350902857,SL,0.00017,-1.0,-2.6755,-2675.46
2023-07-06 10:15:00-04:00,SHORT,Retest,1.08501,1.0859555080212837,1.08446,2023-07-06 10:20:00-04:00,1.08446,TP,0.000182,0.5817,0.3892,389.21
2023-07-10 03:05:00-04:00,LONG,Breakout,1.09626,1.0956591109549463,1.09686,2023-07-10 03:15:00-04:00,1.0956591109549463,SL,0.000184,-1.0,-1.3062,-1306.21
2023-07-11 02:20:00-04:00,LONG,Breakout,1.10234,1.1020526978833622,1.10284,2023-07-11 02:25:00-04:00,1.1020526978833622,SL,0.000184,-1.0,-1.6404,-1640.44
2023-07-12 01:40:00-04:00,LONG,Bounce,1.10292,1.1025384656427664,1.10434,2023-07-12 01:55:00-04:00,1.1025384656427664,SL,0.000176,-1.0,-1.4613,-1461.3
2023-07-12 03:30:00-04:00,LONG,Bounce,1.10275,1.102519515116022,1.10346,2023-07-12 03:35:00-04:00,1.102519515116022,SL,0.000196,-1.0,-1.8504,-1850.38
2023-07-12 20:00:00-04:00,LONG,Breakout,1.11406,1.1139152631839584,1.11749,2023-07-12 20:05:00-04:00,1.1139152631839584,SL,0.00018,-1.0,-2.2436,-2243.64
2023-07-13 02:30:00-04:00,LONG,Bounce,1.11446,1.1140873075424067,1.11478,2023-07-13 02:45:00-04:00,1.1140873075424067,SL,0.000186,-1.0,-1.4991,-1499.07
2023-07-13 03:00:00-04:00,LONG,Breakout,1.1151,1.1147001484911496,1.11749,2023-07-13 03:20:00-04:00,1.1147001484911496,SL,0.00019,-1.0,-1.4752,-1475.18
2023-07-13 08:00:00-04:00,LONG,Breakout,1.11776,1.1172672785968139,1.11839,2023-07-13 08:20:00-04:00,1.11839,TP,0.000178,1.2786,0.9174,917.35
2023-07-13 10:55:00-04:00,LONG,Breakout,1.1195,1.1192963665705766,1.12287,2023-07-13 11:00:00-04:00,1.1192963665705766,SL,0.000182,-1.0,-1.8938,-1893.76
2023-07-13 20:55:00-04:00,LONG,Bounce,1.12219,1.1217933921857641,1.12272,2023-07-13 21:25:00-04:00,1.12272,TP,0.000184,1.3363,0.8724,872.4
2023-07-17 01:55:00-04:00,LONG,Breakout,1.12317,1.1227183781623502,1.12357,2023-07-17 02:05:00-04:00,1.1227183781623502,SL,0.00018,-1.0,-1.3986,-1398.56
2023-07-17 08:10:00-04:00,LONG,Bounce,1.12308,1.1227582392987265,1.12441,2023-07-17 08:20:00-04:00,1.1227582392987265,SL,0.000186,-1.0,-1.5781,-1578.07
2023-07-17 13:40:00-04:00,LONG,Breakout,1.12409,1.1236842009975323,1.12441,2023-07-17 13:55:00-04:00,1.1236842009975323,SL,0.000196,-1.0,-1.483,-1483.0
2023-07-17 15:00:00-04:00,LONG,Breakout,1.1244399999999999,1.1243006302386789,1.12479,2023-07-17 15:10:00-04:00,1.1243006302386789,SL,0.000202,-1.0,-2.4494,-2449.38
2023-07-17 20:20:00-04:00,LONG,Breakout,1.124,1.1238935663390452,1.12451,2023-07-17 20:25:00-04:00,1.1238935663390452,SL,0.000192,-1.0,-2.8039,-2803.94
2023-07-17 20:30:00-04:00,LONG,Breakout,1.12427,1.1238894424045849,1.12451,2023-07-17 20:45:00-04:00,1.12451,TP,0.000194,0.6307,0.1209,120.88
2023-07-18 01:10:00-04:00,LONG,Breakout,1.12568,1.1254860264391016,1.12692,2023-07-18 01:50:00-04:00,1.1254860264391016,SL,0.000204,-1.0,-2.0517,-2051.69
2023-07-18 14:45:00-04:00,LONG,Breakout,1.12283,1.1226906063880293,1.12446,2023-07-18 14:55:00-04:00,1.1226906063880293,SL,0.000188,-1.0,-2.3487,-2348.7
2023-07-19 01:35:00-04:00,LONG,Breakout,1.12274,1.1225363905022112,1.12317,2023-07-19 01:55:00-04:00,1.12317,TP,0.000202,2.1119,1.1198,1119.79
2023-07-19 08:30:00-04:00,LONG,Bounce,1.12144,1.1208063168640734,1.12392,2023-07-19 08:40:00-04:00,1.1208063168640734,SL,0.0002,-1.0,-1.3156,-1315.62
2023-07-20 17:55:00-04:00,LONG,Retest,1.11341,1.113208564706776,1.11877,2023-07-20 18:00:00-04:00,1.113208564706776,SL,0.00028,-1.0,-2.39,-2390.02
2023-07-20 21:30:00-04:00,LONG,Breakout,1.11387,1.113640061234738,1.11877,2023-07-20 21:45:00-04:00,1.113640061234738,SL,0.00021,-1.0,-1.9133,-1913.29
2023-07-20 21:45:00-04:00,LONG,Retest,1.11382,1.1136433347422445,1.11877,2023-07-20 21:50:00-04:00,1.1136433347422445,SL,0.00021,-1.0,-2.1887,-2188.69
2023-07-21 01:55:00-04:00,LONG,Breakout,1.11422,1.1140239454414027,1.11877,2023-07-21 02:00:00-04:00,1.1140239454414027,SL,0.00021,-1.0,-2.0711,-2071.13
2023-07-21 02:40:00-04:00,LONG,Retest,1.11427,1.1140134787733897,1.11877,2023-07-21 02:45:00-04:00,1.1140134787733897,SL,0.0002,-1.0,-1.7797,-1779.66
2023-07-21 14:35:00-04:00,LONG,Breakout,1.11254,1.1124494283976964,1.11372,2023-07-21 14:55:00-04:00,1.1124494283976964,SL,0.00021,-1.0,-3.3186,-3318.61
2023-07-23 20:00:00-04:00,LONG,Bounce,1.1125099999999999,1.1122343898398297,1.11309,2023-07-23 20:30:00-04:00,1.11309,TP,0.00021,2.1044,1.3425,1342.48
2023-07-23 20:30:00-04:00,LONG,Breakout,1.1131,1.1129148200527095,1.11372,2023-07-23 20:45:00-04:00,1.1129148200527095,SL,0.000204,-1.0,-2.1016,-2101.63
2023-07-24 21:00:00-04:00,LONG,Breakout,1.10694,1.1066069250035084,1.10835,2023-07-25 02:30:00-04:00,1.10835,TP,0.00021,4.2333,3.6028,3602.79
2023-07-28 01:05:00-04:00,SHORT,Retest,1.09693,1.097379191940343,1.0959,2023-07-28 01:30:00-04:00,1.0959,TP,0.00017,2.293,1.9145,1914.55
2023-07-28 01:30:00-04:00,SHORT,Breakout,1.0949200000000001,1.0960154875741988,1.09427,2023-07-28 01:35:00-04:00,1.0960154875741988,SL,0.00017,-1.0,-1.1552,-1155.18
2023-07-28 03:00:00-04:00,SHORT,Bounce,1.0973600000000001,1.0989114884998616,1.09477,2023-07-28 03:55:00-04:00,1.09477,TP,0.00016,1.6694,1.5662,1566.24
2023-07-28 10:00:00-04:00,SHORT,Bounce,1.10247,1.103451253983457,1.09924,2023-07-28 10:10:00-04:00,1.103451253983457,SL,0.00016,-1.0,-1.1631,-1163.06
2023-07-28 13:55:00-04:00,SHORT,Breakout,1.10204,1.102223374670654,1.09924,2023-07-28 14:45:00-04:00,1.102223374670654,SL,0.00017,-1.0,-1.9271,-1927.06
2023-07-31 01:25:00-04:00,SHORT,Breakout,1.10063,1.100883327226258,1.09924,2023-07-31 01:30:00-04:00,1.100883327226258,SL,0.00017,-1.0,-1.6711,-1671.07
2023-07-31 01:35:00-04:00,SHORT,Breakout,1.10066,1.1008856341899875,1.09924,2023-07-31 01:50:00-04:00,1.1008856341899875,SL,0.00017,-1.0,-1.7534,-1753.43
2023-07-31 09:15:00-04:00,SHORT,Breakout,1.10161,1.101916137080961,1.10107,2023-07-31 09:20:00-04:00,1.101916137080961,SL,0.00016,-1.0,-1.5226,-1522.64
2023-07-31 20:50:00-04:00,SHORT,Breakout,1.09896,1.0992334993757082,1.09428,2023-08-01 01:25:00-04:00,1.0992334993757082,SL,0.00017,-1.0,-1.6216,-1621.57
2023-08-01 03:05:00-04:00,SHORT,Breakout,1.0971899999999999,1.0981999020850053,1.09428,2023-08-01 03:45:00-04:00,1.0981999020850053,SL,0.00016,-1.0,-1.1584,-1158.43
2023-08-01 08:10:00-04:00,SHORT,Breakout,1.09606,1.0969445926197041,1.09428,2023-08-01 09:10:00-04:00,1.0969445926197041,SL,0.00016,-1.0,-1.1809,-1180.87
2023-08-01 10:00:00-04:00,SHORT,Bounce,1.09766,1.0984926808093678,1.09516,2023-08-01 17:15:00-04:00,1.0984926808093678,SL,0.00016,-1.0,-1.1922,-1192.15
2023-08-02 04:05:00-04:00,SHORT,Breakout,1.09773,1.0981733570495322,1.09618,2023-08-02 04:10:00-04:00,1.0981733570495322,SL,0.00016,-1.0,-1.3609,-1360.88
2023-08-03 01:40:00-04:00,SHORT,Breakout,1.09268,1.093012696998554,1.09171,2023-08-03 01:50:00-04:00,1.093012696998554,SL,0.00017,-1.0,-1.511,-1510.98
2023-08-03 03:00:00-04:00,SHORT,Breakout,1.09173,1.0919236705905475,1.08737,2023-08-03 03:05:00-04:00,1.0919236705905475,SL,0.00016,-1.0,-1.8261,-1826.15
2023-08-03 03:15:00-04:00,SHORT,Breakout,1.09167,1.0919319257607263,1.08737,2023-08-03 03:20:00-04:00,1.0919319257607263,SL,0.00016,-1.0,-1.6109,-1610.86
2023-08-03 04:00:00-04:00,SHORT,Breakout,1.09149,1.0919375730341159,1.08737,2023-08-03 04:05:00-04:00,1.0919375730341159,SL,0.00016,-1.0,-1.3575,-1357.48
2023-08-03 08:30:00-04:00,SHORT,Bounce,1.09262,1.0939057545227484,1.09209,2023-08-03 08:35:00-04:00,1.0939057545227484,SL,0.00016,-1.0,-1.1244,-1124.44
2023-08-03 15:00:00-04:00,SHORT,Breakout,1.09412,1.0943387240974938,1.09147,2023-08-03 16:15:00-04:00,1.0943387240974938,SL,0.00017,-1.0,-1.7772,-1777.23
2023-08-03 20:40:00-04:00,SHORT,Bounce,1.09512,1.0953021131118115,1.09382,2023-08-03 20:55:00-04:00,1.0953021131118115,SL,0.00017,-1.0,-1.9335,-1933.49
2023-08-06 19:00:00-04:00,SHORT,Breakout,1.10016,1.1004113063225456,1.09342,2023-08-06 20:05:00-04:00,1.1004113063225456,SL,0.00017,-1.0,-1.6765,-1676.47
2023-08-06 21:25:00-04:00,SHORT,Breakout,1.09957,1.1000356854912172,1.09342,2023-08-06 21:55:00-04:00,1.1000356854912172,SL,0.00017,-1.0,-1.3651,-1365.05
2023-08-06 23:20:00-04:00,SHORT,Retest,1.09995,1.1000217215091825,1.09945,2023-08-06 23:25:00-04:00,1.1000217215091825,SL,0.00017,-1.0,-3.3703,-3370.28
2023-08-07 01:00:00-04:00,SHORT,Breakout,1.09942,1.0994858421371372,1.09342,2023-08-07 08:55:00-04:00,1.0994858421371372,SL,0.00017,-1.0,-3.5819,-3581.93
2023-08-07 20:00:00-04:00,SHORT,Bounce,1.10015,1.100470205427334,1.09997,2023-08-07 20:05:00-04:00,1.09997,TP,0.00017,0.5621,0.0312,31.23
2023-08-07 20:10:00-04:00,SHORT,Breakout,1.09991,1.1000028403939768,1.09976,2023-08-07 20:15:00-04:00,1.09976,TP,0.00017,1.6157,-0.2154,-215.42
2023-08-09 03:00:00-04:00,SHORT,Bounce,1.09759,1.097903895915087,1.09625,2023-08-09 03:05:00-04:00,1.097903895915087,SL,0.00016,-1.0,-1.5097,-1509.72
2023-08-09 07:55:00-04:00,SHORT,Breakout,1.09692,1.0973607223440838,1.09625,2023-08-09 08:15:00-04:00,1.09625,TP,0.00016,1.5202,1.1572,1157.19
2023-08-09 09:40:00-04:00,SHORT,Bounce,1.09787,1.0981182981875235,1.09613,2023-08-09 10:00:00-04:00,1.0981182981875235,SL,0.00016,-1.0,-1.6444,-1644.39
2023-08-09 20:25:00-04:00,SHORT,Breakout,1.09692,1.0970021739576348,1.09613,2023-08-09 20:45:00-04:00,1.0970021739576348,SL,0.00017,-1.0,-3.0688,-3068.78
2023-08-13 18:30:00-04:00,SHORT,Breakout,1.09413,1.0942943501318911,1.09284,2023-08-13 19:10:00-04:00,1.0942943501318911,SL,0.00021,-1.0,-2.2778,-2277.76
2023-08-13 20:30:00-04:00,SHORT,Breakout,1.09363,1.0939078795837494,1.09284,2023-08-13 21:00:00-04:00,1.0939078795837494,SL,0.00017,-1.0,-1.6118,-1611.78
2023-08-13 21:15:00-04:00,SHORT,Breakout,1.09361,1.0939094009870916,1.09284,2023-08-13 23:50:00-04:00,1.09284,TP,0.00017,2.5718,2.004,2004.0
2023-08-13 23:50:00-04:00,SHORT,Breakout,1.09289,1.0930638938332795,1.09147,2023-08-13 23:55:00-04:00,1.0930638938332795,SL,0.00017,-1.0,-1.9776,-1977.61
2023-08-15 08:30:00-04:00,SHORT,Breakout,1.09093,1.0918229770945032,1.08739,2023-08-15 08:35:00-04:00,1.0918229770945032,SL,0.00016,-1.0,-1.1792,-1179.18
2023-08-15 21:15:00-04:00,SHORT,Breakout,1.08995,1.0900822221797606,1.08962,2023-08-15 21:20:00-04:00,1.0900822221797606,SL,0.00017,-1.0,-2.2857,-2285.71
2023-08-16 08:20:00-04:00,SHORT,Breakout,1.09062,1.0910667359390662,1.0903100000000001,2023-08-16 08:30:00-04:00,1.0910667359390662,SL,0.00016,-1.0,-1.3582,-1358.15
2023-08-16 08:40:00-04:00,SHORT,Breakout,1.09062,1.0910769703549477,1.0903100000000001,2023-08-16 08:50:00-04:00,1.0903100000000001,TP,0.00016,0.6784,0.3282,328.25
2023-08-16 14:00:00-04:00,SHORT,Breakout,1.08822,1.0883838711144613,1.08739,2023-08-16 14:05:00-04:00,1.0883838711144613,SL,0.000172,-1.0,-2.0496,-2049.61
2023-08-16 20:05:00-04:00,SHORT,Breakout,1.08691,1.0871021867278439,1.08662,2023-08-16 20:15:00-04:00,1.08662,TP,0.00017,1.5089,0.6244,624.39
2023-08-16 20:35:00-04:00,SHORT,Retest,1.08686,1.0871056033911832,1.08328,2023-08-17 01:55:00-04:00,1.0871056033911832,SL,0.00017,-1.0,-1.6922,-1692.17
2023-08-17 06:25:00-04:00,SHORT,Bounce,1.08807,1.0886883165728496,1.08631,2023-08-17 07:05:00-04:00,1.0886883165728496,SL,0.00016,-1.0,-1.2588,-1258.77
2023-08-17 18:20:00-04:00,SHORT,Bounce,1.08718,1.0873893293956334,1.08555,2023-08-17 19:00:00-04:00,1.0873893293956334,SL,0.000282,-1.0,-2.3472,-2347.16
2023-08-17 19:15:00-04:00,SHORT,Bounce,1.08725,1.0873664422985754,1.08631,2023-08-17 19:35:00-04:00,1.0873664422985754,SL,0.00017,-1.0,-2.46,-2459.95
2023-08-18 02:00:00-04:00,SHORT,Breakout,1.08797,1.0882366867431414,1.08707,2023-08-18 02:10:00-04:00,1.0882366867431414,SL,0.00017,-1.0,-1.6375,-1637.45
2023-08-18 08:15:00-04:00,SHORT,Breakout,1.08605,1.0862313368024077,1.08555,2023-08-18 08:20:00-04:00,1.08555,TP,0.00016,2.7573,1.875,1874.96
2023-08-20 21:45:00-04:00,SHORT,Breakout,1.08698,1.0870861645243126,1.0867,2023-08-20 21:50:00-04:00,1.0870861645243126,SL,0.00017,-1.0,-2.6013,-2601.29
2023-08-21 02:05:00-04:00,SHORT,Breakout,1.08765,1.0877898506658998,1.08686,2023-08-21 02:20:00-04:00,1.0877898506658998,SL,0.00017,-1.0,-2.2156,-2215.58
2023-08-21 08:20:00-04:00,SHORT,Bounce,1.08995,1.0904898815508381,1.0891,2023-08-21 08:50:00-04:00,1.0904898815508381,SL,0.00016,-1.0,-1.2964,-1296.36
2023-08-21 09:05:00-04:00,SHORT,Breakout,1.08897,1.0891886531386679,1.08814,2023-08-21 09:20:00-04:00,1.0891886531386679,SL,0.00016,-1.0,-1.7318,-1731.75
2023-08-21 09:35:00-04:00,SHORT,Breakout,1.0887,1.0892011357458946,1.08814,2023-08-21 09:50:00-04:00,1.08814,TP,0.00016,1.1175,0.7982,798.19
2023-08-21 11:05:00-04:00,SHORT,Retest,1.0888,1.089194914008185,1.08716,2023-08-21 12:10:00-04:00,1.089194914008185,SL,0.00016,-1.0,-1.4052,-1405.15
2023-08-22 01:55:00-04:00,SHORT,Breakout,1.09047,1.090788825893754,1.08924,2023-08-22 02:00:00-04:00,1.090788825893754,SL,0.00017,-1.0,-1.5332,-1533.21
2023-08-22 08:40:00-04:00,SHORT,Breakout,1.08748,1.0880806558455063,1.08716,2023-08-22 08:45:00-04:00,1.08716,TP,0.00016,0.5328,0.2664,266.38
2023-08-22 20:50:00-04:00,SHORT,Bounce,1.08468,1.084847359858678,1.08449,2023-08-22 21:00:00-04:00,1.08449,TP,0.00017,1.1353,0.1195,119.5
2023-08-23 02:55:00-04:00,SHORT,Bounce,1.08607,1.0863112774074222,1.08509,2023-08-23 03:15:00-04:00,1.0863112774074222,SL,0.00016,-1.0,-1.6631,-1663.14
2023-08-23 03:30:00-04:00,SHORT,Breakout,1.08188,1.0852868441508154,1.0803,2023-08-23 08:35:00-04:00,1.0803,TP,0.00016,0.4638,0.4168,416.81
2023-08-23 20:00:00-04:00,SHORT,Bounce,1.0864,1.086650384685309,1.08574,2023-08-23 20:10:00-04:00,1.086650384685309,SL,0.00017,-1.0,-1.679,-1678.96
2023-08-24 02:20:00-04:00,SHORT,Breakout,1.0862,1.0863621092183153,1.08577,2023-08-24 02:25:00-04:00,1.0863621092183153,SL,0.00017,-1.0,-2.0487,-2048.68
2023-08-24 07:55:00-04:00,SHORT,Breakout,1.08415,1.0846485123761067,1.08016,2023-08-24 10:15:00-04:00,1.0846485123761067,SL,0.00016,-1.0,-1.321,-1320.95
2023-08-24 14:15:00-04:00,SHORT,Breakout,1.08114,1.0814030739964615,1.08016,2023-08-24 14:20:00-04:00,1.0814030739964615,SL,0.00017,-1.0,-1.6462,-1646.21
2023-08-24 14:45:00-04:00,SHORT,Retest,1.08107,1.0814035178342711,1.08016,2023-08-24 17:45:00-04:00,1.0814035178342711,SL,0.00017,-1.0,-1.5097,-1509.72
2023-08-24 21:30:00-04:00,SHORT,Breakout,1.07891,1.0792359267949097,1.07732,2023-08-25 03:50:00-04:00,1.07732,TP,0.00017,4.8784,4.3568,4356.81
2023-08-25 10:25:00-04:00,SHORT,Breakout,1.07897,1.0800905730625436,1.07652,2023-08-25 10:55:00-04:00,1.07652,TP,0.00016,2.1864,2.0436,2043.6
2023-08-25 12:30:00-04:00,SHORT,Retest,1.07956,1.079992415169832,1.0765,2023-08-25 13:00:00-04:00,1.079992415169832,SL,0.00017,-1.0,-1.3931,-1393.14
2023-08-27 19:20:00-04:00,SHORT,Bounce,1.0798,1.0800149323201451,1.07921,2023-08-27 20:00:00-04:00,1.0800149323201451,SL,0.00017,-1.0,-1.7909,-1790.95
2023-08-28 09:10:00-04:00,SHORT,Bounce,1.0806499999999999,1.081130771353651,1.08017,2023-08-28 09:25:00-04:00,1.08017,TP,0.00016,0.9984,0.6656,665.6
2023-08-28 09:45:00-04:00,SHORT,Bounce,1.08052,1.0811488847065145,1.07922,2023-08-28 10:35:00-04:00,1.0811488847065145,SL,0.00016,-1.0,-1.2544,-1254.42
2023-08-29 00:40:00-04:00,SHORT,Breakout,1.08258,1.0829042023443356,1.08206,2023-08-29 01:30:00-04:00,1.08206,TP,0.00017,1.6039,1.0796,1079.57
2023-08-29 09:50:00-04:00,SHORT,Breakout,1.08018,1.0804100771092955,1.0765,2023-08-29 09:55:00-04:00,1.0804100771092955,SL,0.00016,-1.0,-1.6954,-1695.42
2023-08-29 19:40:00-04:00,SHORT,Breakout,1.08703,1.0874013600497172,1.08595,2023-08-30 01:00:00-04:00,1.08595,TP,0.00017,2.9082,2.4505,2450.45
2023-08-30 07:55:00-04:00,SHORT,Breakout,1.0878,1.0879796614359487,1.0854300000000001,2023-08-30 08:00:00-04:00,1.0879796614359487,SL,0.00016,-1.0,-1.8906,-1890.56
2023-08-30 17:45:00-04:00,SHORT,Bounce,1.09217,1.0924270712772952,1.09159,2023-08-30 17:50:00-04:00,1.0924270712772952,SL,0.00038,-1.0,-2.4782,-2478.19
2023-08-31 07:55:00-04:00,LONG,Bounce,1.0867499999999999,1.0861153070607354,1.09238,2023-08-31 09:05:00-04:00,1.0861153070607354,SL,0.00016,-1.0,-1.2521,-1252.09
2023-08-31 10:50:00-04:00,LONG,Bounce,1.08436,1.0838095909766485,1.08843,2023-08-31 11:40:00-04:00,1.0838095909766485,SL,0.00016,-1.0,-1.2907,-1290.69
2023-08-31 13:05:00-04:00,LONG,Bounce,1.08418,1.0838630660752353,1.08583,2023-08-31 20:15:00-04:00,1.0838630660752353,SL,0.00017,-1.0,-1.5364,-1536.39
2023-08-31 21:05:00-04:00,LONG,Breakout,1.08468,1.084401336437281,1.08497,2023-08-31 21:15:00-04:00,1.08497,TP,0.00017,1.0407,0.4306,430.63
2023-08-31 22:00:00-04:00,LONG,Retest,1.08465,1.0843954359524712,1.08535,2023-08-31 22:45:00-04:00,1.0843954359524712,SL,0.00017,-1.0,-1.6678,-1667.81
2023-09-01 02:20:00-04:00,SHORT,Breakout,1.08301,1.0837820882627707,1.07812,2023-09-01 02:45:00-04:00,1.0837820882627707,SL,0.00017,-1.0,-1.2202,-1220.18
2023-09-01 06:55:00-04:00,SHORT,Breakout,1.08451,1.0846219954006537,1.08277,2023-09-01 07:15:00-04:00,1.0846219954006537,SL,0.00016,-1.0,-2.4286,-2428.63
2023-09-01 14:25:00-04:00,SHORT,Breakout,1.07768,1.0779743681423983,1.0765,2023-09-01 15:00:00-04:00,1.0779743681423983,SL,0.00017,-1.0,-1.5775,-1577.51
2023-09-04 02:10:00-04:00,SHORT,Bounce,1.07857,1.0786754324895582,1.07804,2023-09-04 02:20:00-04:00,1.0786754324895582,SL,0.00017,-1.0,-2.6124,-2612.41
2023-09-04 06:15:00-04:00,SHORT,Bounce,1.07982,1.0800814086947108,1.079,2023-09-04 06:25:00-04:00,1.0800814086947108,SL,0.00016,-1.0,-1.6121,-1612.07
2023-09-04 10:00:00-04:00,SHORT,Breakout,1.07891,1.0795079369871057,1.07827,2023-09-04 10:55:00-04:00,1.07827,TP,0.00016,1.0703,0.8028,802.76
2023-09-04 21:45:00-04:00,SHORT,Breakout,1.07865,1.0788282388130974,1.0784799999999999,2023-09-04 21:50:00-04:00,1.0784799999999999,TP,0.00017,0.9538,0.0,0.0
2023-09-04 22:00:00-04:00,SHORT,Breakout,1.07865,1.0788284535978043,1.07825,2023-09-04 23:10:00-04:00,1.07825,TP,0.00017,2.2415,1.2889,1288.85
2023-09-05 06:55:00-04:00,SHORT,Breakout,1.07387,1.0741925888853525,1.07322,2023-09-05 07:20:00-04:00,1.07322,TP,0.00016,2.0149,1.519,1518.96
2023-09-05 08:20:00-04:00,SHORT,Breakout,1.07231,1.0729303261217253,1.07001,2023-09-05 08:40:00-04:00,1.0729303261217253,SL,0.00016,-1.0,-1.2579,-1257.93
2023-09-05 10:05:00-04:00,SHORT,Retest,1.07228,1.072986388958906,1.07159,2023-09-05 10:40:00-04:00,1.07159,TP,0.00016,0.9768,0.7503,750.29
2023-09-05 19:35:00-04:00,SHORT,Bounce,1.07263,1.072683726976071,1.07175,2023-09-05 20:35:00-04:00,1.07175,TP,0.00017,16.3791,13.215,13214.96
2023-09-05 21:30:00-04:00,SHORT,Breakout,1.07152,1.0718027819503264,1.07053,2023-09-05 22:10:00-04:00,1.0718027819503264,SL,0.00017,-1.0,-1.6012,-1601.17
2023-09-06 10:00:00-04:00,SHORT,Breakout,1.0708,1.0725188587737844,1.07001,2023-09-06 13:10:00-04:00,1.0725188587737844,SL,0.00016,-1.0,-1.0931,-1093.09
2023-09-06 20:40:00-04:00,SHORT,Breakout,1.07196,1.0721054523078244,1.07018,2023-09-06 20:55:00-04:00,1.0721054523078244,SL,0.00017,-1.0,-2.1688,-2168.77
2023-09-07 08:30:00-04:00,SHORT,Breakout,1.06909,1.0704162075099362,1.06674,2023-09-07 10:40:00-04:00,1.0704162075099362,SL,0.00016,-1.0,-1.1206,-1120.64
2023-09-08 08:15:00-04:00,SHORT,Bounce,1.0702099999999999,1.0704731628486523,1.0693,2023-09-08 08:20:00-04:00,1.0704731628486523,SL,0.00016,-1.0,-1.608,-1607.99
2023-09-08 08:20:00-04:00,SHORT,Bounce,1.07022,1.0704736512166058,1.0693,2023-09-08 08:25:00-04:00,1.0704736512166058,SL,0.00016,-1.0,-1.6308,-1630.79
2023-09-08 08:50:00-04:00,SHORT,Bounce,1.07024,1.070487895400085,1.06933,2023-09-08 09:00:00-04:00,1.070487895400085,SL,0.00016,-1.0,-1.6454,-1645.43
2023-09-10 19:50:00-04:00,SHORT,Bounce,1.07175,1.0719557022943886,1.0707,2023-09-10 20:05:00-04:00,1.0719557022943886,SL,0.00017,-1.0,-1.8264,-1826.44
2023-09-11 04:00:00-04:00,SHORT,Breakout,1.07226,1.072410881238107,1.07185,2023-09-11 04:05:00-04:00,1.072410881238107,SL,0.00016,-1.0,-2.0604,-2060.44
2023-09-11 20:25:00-04:00,SHORT,Breakout,1.07433,1.0744295490222755,1.07403,2023-09-11 20:50:00-04:00,1.0744295490222755,SL,0.00017,-1.0,-2.7077,-2707.7
2023-09-11 20:55:00-04:00,SHORT,Breakout,1.07431,1.0744371627168874,1.07403,2023-09-11 21:10:00-04:00,1.0744371627168874,SL,0.00017,-1.0,-2.3369,-2336.87
2023-09-11 21:20:00-04:00,SHORT,Breakout,1.07425,1.0744793050675336,1.07403,2023-09-11 21:30:00-04:00,1.07403,TP,0.00017,0.9594,0.2181,218.05
2023-09-11 22:10:00-04:00,SHORT,Retest,1.07426,1.0744688834672576,1.07216,2023-09-11 22:30:00-04:00,1.0744688834672576,SL,0.00017,-1.0,-1.8139,-1813.85
2023-09-12 01:45:00-04:00,SHORT,Breakout,1.07362,1.0737087925072848,1.07216,2023-09-12 02:00:00-04:00,1.0737087925072848,SL,0.00017,-1.0,-2.9146,-2914.58
2023-09-12 02:15:00-04:00,SHORT,Breakout,1.07361,1.073713384120256,1.07216,2023-09-12 02:25:00-04:00,1.073713384120256,SL,0.00017,-1.0,-2.6444,-2644.35
2023-09-12 07:30:00-04:00,SHORT,Breakout,1.07098,1.0713302924155534,1.07076,2023-09-12 07:40:00-04:00,1.0713302924155534,SL,0.00016,-1.0,-1.4568,-1456.76
2023-09-12 08:45:00-04:00,SHORT,Breakout,1.071,1.0713501510227308,1.06962,2023-09-12 09:20:00-04:00,1.0713501510227308,SL,0.00016,-1.0,-1.4569,-1456.95
2023-09-12 14:55:00-04:00,SHORT,Bounce,1.07315,1.0733864603755834,1.07237,2023-09-12 16:20:00-04:00,1.0733864603755834,SL,0.00017,-1.0,-1.7189,-1718.94
2023-09-13 01:40:00-04:00,SHORT,Breakout,1.07429,1.074575752829119,1.0726,2023-09-13 02:45:00-04:00,1.074575752829119,SL,0.00017,-1.0,-1.5949,-1594.92
2023-09-13 08:40:00-04:00,SHORT,Bounce,1.07423,1.0749790493648492,1.07097,2023-09-13 08:45:00-04:00,1.0749790493648492,SL,0.00016,-1.0,-1.2136,-1213.6
2023-09-13 09:05:00-04:00,SHORT,Bounce,1.07433,1.075011108035013,1.07097,2023-09-13 09:20:00-04:00,1.075011108035013,SL,0.00016,-1.0,-1.2349,-1234.91
2023-09-13 13:15:00-04:00,SHORT,Bounce,1.07419,1.074507013448246,1.07305,2023-09-13 13:25:00-04:00,1.074507013448246,SL,0.00017,-1.0,-1.5363,-1536.25
2023-09-13 15:00:00-04:00,SHORT,Breakout,1.07296,1.0731087833454283,1.07263,2023-09-13 15:30:00-04:00,1.0731087833454283,SL,0.00017,-1.0,-2.1426,-2142.6
2023-09-13 16:25:00-04:00,SHORT,Retest,1.07298,1.0730954568550533,1.07263,2023-09-13 17:40:00-04:00,1.07263,TP,0.00021,3.0314,1.2126,1212.57
2023-09-13 20:15:00-04:00,SHORT,Bounce,1.07308,1.0733677283255965,1.07261,2023-09-13 20:25:00-04:00,1.0733677283255965,SL,0.00017,-1.0,-1.5908,-1590.84
2023-09-14 06:20:00-04:00,SHORT,Breakout,1.07305,1.0732193668476269,1.07101,2023-09-14 06:25:00-04:00,1.0732193668476269,SL,0.00016,-1.0,-1.9447,-1944.69
2023-09-14 08:15:00-04:00,SHORT,Breakout,1.07049,1.0725160233285245,1.06856,2023-09-14 08:30:00-04:00,1.06856,TP,0.00016,0.9526,0.8736,873.63
2023-09-14 12:20:00-04:00,SHORT,Breakout,1.06469,1.0654452771524656,1.06344,2023-09-14 13:40:00-04:00,1.06344,TP,0.00017,1.655,1.4299,1429.94
2023-09-14 20:10:00-04:00,SHORT,Bounce,1.06408,1.0643217800027323,1.0631,2023-09-14 22:00:00-04:00,1.0643217800027323,SL,0.00017,-1.0,-1.7031,-1703.12
2023-09-18 03:05:00-04:00,SHORT,Breakout,1.06608,1.0662861265527679,1.06444,2023-09-18 03:25:00-04:00,1.0662861265527679,SL,0.00016,-1.0,-1.7762,-1776.22
2023-09-18 04:15:00-04:00,SHORT,Retest,1.06607,1.0662849328884385,1.06569,2023-09-18 04:20:00-04:00,1.0662849328884385,SL,0.00016,-1.0,-1.7444,-1744.42
2023-09-18 09:45:00-04:00,SHORT,Bounce,1.06677,1.066892432730985,1.06444,2023-09-18 10:20:00-04:00,1.066892432730985,SL,0.00016,-1.0,-2.3068,-2306.84
2023-09-19 00:45:00-04:00,SHORT,Breakout,1.06786,1.0680394750491888,1.0677,2023-09-19 00:55:00-04:00,1.0680394750491888,SL,0.00017,-1.0,-1.9472,-1947.21
2023-09-19 01:10:00-04:00,SHORT,Retest,1.06793,1.0680401820547958,1.0677,2023-09-19 01:20:00-04:00,1.0677,TP,0.00017,2.0875,0.5446,544.55
2023-09-19 02:05:00-04:00,SHORT,Breakout,1.06786,1.0680485738472683,1.06538,2023-09-19 02:30:00-04:00,1.0680485738472683,SL,0.00017,-1.0,-1.9015,-1901.5
2023-09-19 14:55:00-04:00,SHORT,Breakout,1.06768,1.067801626953539,1.06743,2023-09-19 15:05:00-04:00,1.067801626953539,SL,0.00017,-1.0,-2.3977,-2397.72
2023-09-19 18:30:00-04:00,SHORT,Bounce,1.068,1.0680780697357075,1.06743,2023-09-19 18:35:00-04:00,1.0680780697357075,SL,0.000192,-1.0,-3.4593,-3459.34
2023-09-20 06:00:00-04:00,SHORT,Bounce,1.06982,1.0699691034844128,1.06742,2023-09-20 06:05:00-04:00,1.0699691034844128,SL,0.00016,-1.0,-2.0731,-2073.08
2023-09-20 07:55:00-04:00,SHORT,Bounce,1.07009,1.070470951615265,1.06925,2023-09-20 08:30:00-04:00,1.06925,TP,0.00016,2.205,1.785,1785.0
2023-09-20 08:30:00-04:00,SHORT,Breakout,1.06919,1.0697042760009252,1.06742,2023-09-20 08:40:00-04:00,1.0697042760009252,SL,0.00016,-1.0,-1.3111,-1311.12
2023-09-20 14:00:00-04:00,SHORT,Breakout,1.06824,1.071410105836582,1.0672,2023-09-20 14:30:00-04:00,1.071410105836582,SL,0.000172,-1.0,-1.0543,-1054.26
2023-09-20 22:30:00-04:00,SHORT,Breakout,1.06204,1.062744558628829,1.06113,2023-09-20 23:00:00-04:00,1.062744558628829,SL,0.00017,-1.0,-1.2413,-1241.29
2023-09-21 02:00:00-04:00,SHORT,Bounce,1.06332,1.0637582922053226,1.06318,2023-09-21 02:05:00-04:00,1.0637582922053226,SL,0.00017,-1.0,-1.3879,-1387.87
2023-09-21 20:10:00-04:00,SHORT,Breakout,1.06554,1.0656383866376786,1.06537,2023-09-21 20:20:00-04:00,1.0656383866376786,SL,0.00017,-1.0,-2.7279,-2727.88
2023-09-21 21:00:00-04:00,SHORT,Breakout,1.06521,1.065647942040447,1.0637,2023-09-22 01:20:00-04:00,1.065647942040447,SL,0.00017,-1.0,-1.3882,-1388.18
2023-09-22 03:15:00-04:00,SHORT,Breakout,1.0626,1.0647775215195514,1.06113,2023-09-22 03:30:00-04:00,1.0647775215195514,SL,0.00016,-1.0,-1.0735,-1073.48
2023-09-22 04:15:00-04:00,SHORT,Retest,1.06424,1.0647844422428707,1.06142,2023-09-22 05:00:00-04:00,1.0647844422428707,SL,0.00016,-1.0,-1.2939,-1293.88
2023-09-25 01:30:00-04:00,SHORT,Breakout,1.06442,1.0645213834076892,1.06422,2023-09-25 01:35:00-04:00,1.0645213834076892,SL,0.00017,-1.0,-2.6768,-2676.8
2023-09-25 02:25:00-04:00,SHORT,Breakout,1.06444,1.0645299556472407,1.06389,2023-09-25 02:45:00-04:00,1.0645299556472407,SL,0.00017,-1.0,-2.8898,-2889.82
2023-09-25 02:55:00-04:00,SHORT,Bounce,1.06454,1.0650227758238626,1.06413,2023-09-25 03:10:00-04:00,1.0650227758238626,SL,0.00016,-1.0,-1.3314,-1331.42
2023-09-25 08:40:00-04:00,SHORT,Breakout,1.06223,1.0623895896218118,1.06142,2023-09-25 08:50:00-04:00,1.0623895896218118,SL,0.00016,-1.0,-2.0026,-2002.57
2023-09-25 09:00:00-04:00,SHORT,Retest,1.06195,1.0623950769259831,1.06142,2023-09-25 09:05:00-04:00,1.06142,TP,0.00016,1.1908,0.8313,831.32
2023-09-25 14:55:00-04:00,SHORT,Breakout,1.05862,1.0587343657554635,1.05744,2023-09-25 15:00:00-04:00,1.0587343657554635,SL,0.00017,-1.0,-2.4865,-2486.46
2023-09-25 15:05:00-04:00,SHORT,Retest,1.05864,1.0587328459830272,1.05744,2023-09-25 15:15:00-04:00,1.0587328459830272,SL,0.00017,-1.0,-2.831,-2830.99
2023-09-25 18:25:00-04:00,SHORT,Bounce,1.05936,1.059434417375069,1.05872,2023-09-25 18:30:00-04:00,1.059434417375069,SL,0.000236,-1.0,-4.1713,-4171.3
2023-09-25 20:20:00-04:00,SHORT,Breakout,1.05844,1.0587577369742527,1.05744,2023-09-26 00:35:00-04:00,1.0587577369742527,SL,0.00017,-1.0,-1.535,-1535.03
2023-09-26 20:40:00-04:00,SHORT,Breakout,1.05592,1.056155581078044,1.05493,2023-09-26 21:15:00-04:00,1.056155581078044,SL,0.00017,-1.0,-1.7216,-1721.62
2023-09-27 07:10:00-04:00,SHORT,Breakout,1.0548,1.055272289283951,1.05464,2023-09-27 07:15:00-04:00,1.05464,TP,0.00016,0.3388,-0.0,-0.0
2023-09-27 09:25:00-04:00,SHORT,Breakout,1.05295,1.053510641321722,1.0515,2023-09-27 09:50:00-04:00,1.0515,TP,0.00016,2.5863,2.3009,2300.94
2023-09-28 08:25:00-04:00,SHORT,Bounce,1.05365,1.0541932212181924,1.0531,2023-09-28 08:30:00-04:00,1.0541932212181924,SL,0.00016,-1.0,-1.2945,-1294.54
2023-09-29 01:10:00-04:00,SHORT,Bounce,1.05804,1.0582258741139783,1.05744,2023-09-29 01:50:00-04:00,1.0582258741139783,SL,0.00017,-1.0,-1.9146,-1914.6
2023-09-29 01:50:00-04:00,SHORT,Bounce,1.05794,1.058238007993414,1.05744,2023-09-29 02:05:00-04:00,1.058238007993414,SL,0.00017,-1.0,-1.5705,-1570.45
2023-09-29 04:55:00-04:00,SHORT,Bounce,1.06087,1.0611036087682015,1.05737,2023-09-29 05:40:00-04:00,1.0611036087682015,SL,0.00016,-1.0,-1.6849,-1684.91
2023-09-29 10:55:00-04:00,SHORT,Breakout,1.05861,1.058892707015643,1.05573,2023-09-29 11:00:00-04:00,1.058892707015643,SL,0.00016,-1.0,-1.566,-1565.96
2023-09-29 13:05:00-04:00,SHORT,Breakout,1.05684,1.0573200303853494,1.05573,2023-09-29 14:55:00-04:00,1.0573200303853494,SL,0.00017,-1.0,-1.3541,-1354.14
2023-10-01 18:00:00-04:00,SHORT,Breakout,1.05618,1.056394764488833,1.05573,2023-10-01 18:10:00-04:00,1.056394764488833,SL,0.00031,-1.0,-2.4434,-2443.44
2023-10-01 19:45:00-04:00,SHORT,Retest,1.05619,1.0563659394512026,1.05561,2023-10-01 19:55:00-04:00,1.0563659394512026,SL,0.00017,-1.0,-1.9662,-1966.24
2023-10-03 00:15:00-04:00,SHORT,Breakout,1.04618,1.0463427097998694,1.04422,2023-10-03 00:35:00-04:00,1.0463427097998694,SL,0.00017,-1.0,-2.0448,-2044.8
2023-10-03 02:15:00-04:00,SHORT,Bounce,1.04669,1.047062154276489,1.04589,2023-10-03 02:40:00-04:00,1.047062154276489,SL,0.00017,-1.0,-1.4568,-1456.8
2023-10-03 10:00:00-04:00,SHORT,Breakout,1.04541,1.0462591369504803,1.04422,2023-10-03 10:10:00-04:00,1.0462591369504803,SL,0.00016,-1.0,-1.1884,-1188.43
2023-10-03 12:05:00-04:00,SHORT,Retest,1.04593,1.0462688832287734,1.04422,2023-10-03 12:15:00-04:00,1.0462688832287734,SL,0.000166,-1.0,-1.4898,-1489.84
2023-10-03 20:00:00-04:00,SHORT,Bounce,1.04658,1.0467352435958583,1.04622,2023-10-03 20:10:00-04:00,1.0467352435958583,SL,0.00017,-1.0,-2.0951,-2095.05
2023-10-03 23:45:00-04:00,SHORT,Breakout,1.04591,1.0459959472362685,1.04474,2023-10-04 00:10:00-04:00,1.0459959472362685,SL,0.00017,-1.0,-2.978,-2977.96
2023-10-04 02:25:00-04:00,SHORT,Breakout,1.04554,1.0456871073320886,1.04474,2023-10-04 02:30:00-04:00,1.0456871073320886,SL,0.00017,-1.0,-2.1556,-2155.62
2023-10-04 03:00:00-04:00,SHORT,Breakout,1.04552,1.0457035402105255,1.04474,2023-10-04 03:10:00-04:00,1.0457035402105255,SL,0.00016,-1.0,-1.8717,-1871.74
2023-10-04 10:00:00-04:00,SHORT,Breakout,1.04939,1.0496772617624028,1.04506,2023-10-04 10:05:00-04:00,1.0496772617624028,SL,0.00016,-1.0,-1.557,-1556.98
2023-10-04 10:15:00-04:00,SHORT,Breakout,1.04903,1.0496846895379004,1.04506,2023-10-04 10:35:00-04:00,1.0496846895379004,SL,0.00016,-1.0,-1.2444,-1244.39
2023-10-04 20:05:00-04:00,SHORT,Breakout,1.05026,1.0504046974287107,1.05013,2023-10-04 20:10:00-04:00,1.0504046974287107,SL,0.00017,-1.0,-2.1749,-2174.87
2023-10-05 01:50:00-04:00,SHORT,Breakout,1.05197,1.052066347276227,1.05013,2023-10-05 03:25:00-04:00,1.05013,TP,0.00017,19.0976,17.3331,17333.13
2023-10-05 08:35:00-04:00,SHORT,Breakout,1.05031,1.0505449646595169,1.04969,2023-10-05 08:40:00-04:00,1.0505449646595169,SL,0.00016,-1.0,-1.681,-1680.95
2023-10-05 09:30:00-04:00,SHORT,Bounce,1.05264,1.0530465324976102,1.04991,2023-10-05 10:25:00-04:00,1.0530465324976102,SL,0.00016,-1.0,-1.3936,-1393.57
2023-10-05 20:00:00-04:00,SHORT,Breakout,1.0544,1.0544704885299363,1.0528,2023-10-05 20:05:00-04:00,1.0544704885299363,SL,0.00017,-1.0,-3.4117,-3411.74
2023-10-05 20:15:00-04:00,SHORT,Breakout,1.05437,1.0544741542639469,1.0528,2023-10-05 20:20:00-04:00,1.0544741542639469,SL,0.00017,-1.0,-2.6322,-2632.19
2023-10-05 20:25:00-04:00,SHORT,Breakout,1.05428,1.0544758472990154,1.0528,2023-10-05 20:45:00-04:00,1.0544758472990154,SL,0.00017,-1.0,-1.868,-1868.02
2023-10-09 02:25:00-04:00,SHORT,Breakout,1.05439,1.0547732429673666,1.04815,2023-10-09 09:00:00-04:00,1.0547732429673666,SL,0.00017,-1.0,-1.4436,-1443.58
2023-10-09 18:15:00-04:00,SHORT,Bounce,1.05678,1.0569746953624874,1.05628,2023-10-09 18:25:00-04:00,1.0569746953624874,SL,0.000174,-1.0,-1.8937,-1893.7
2023-10-10 03:15:00-04:00,SHORT,Breakout,1.05573,1.055885925493983,1.05336,2023-10-10 03:20:00-04:00,1.055885925493983,SL,0.00016,-1.0,-2.0261,-2026.13
2023-10-10 21:20:00-04:00,SHORT,Breakout,1.0602,1.0603135611990215,1.05917,2023-10-10 21:45:00-04:00,1.0603135611990215,SL,0.00017,-1.0,-2.497,-2496.99
2023-10-13 02:10:00-04:00,SHORT,Breakout,1.05406,1.054214607371594,1.05335,2023-10-13 02:15:00-04:00,1.054214607371594,SL,0.00017,-1.0,-2.0996,-2099.56
2023-10-13 03:15:00-04:00,SHORT,Retest,1.05374,1.0542404461024881,1.05257,2023-10-13 03:25:00-04:00,1.0542404461024881,SL,0.00016,-1.0,-1.3197,-1319.71
2023-10-13 10:15:00-04:00,SHORT,Breakout,1.05066,1.0514554732103867,1.04815,2023-10-13 15:30:00-04:00,1.0514554732103867,SL,0.00016,-1.0,-1.2011,-1201.14
2023-10-15 17:40:00-04:00,SHORT,Bounce,1.05084,1.0512045441162703,1.05,2023-10-15 17:45:00-04:00,1.0512045441162703,SL,0.000282,-1.0,-1.7736,-1773.57
2023-10-16 18:00:00-04:00,SHORT,Bounce,1.05578,1.056166486639183,1.05427,2023-10-17 01:55:00-04:00,1.05427,TP,0.000232,3.907,3.3067,3306.71
2023-10-17 01:55:00-04:00,SHORT,Breakout,1.05435,1.0545056673529132,1.05386,2023-10-17 02:20:00-04:00,1.05386,TP,0.00017,3.1477,2.0557,2055.67
2023-10-17 08:30:00-04:00,SHORT,Breakout,1.05418,1.054664414751793,1.05321,2023-10-17 08:50:00-04:00,1.054664414751793,SL,0.00016,-1.0,-1.3303,-1330.3
2023-10-17 09:00:00-04:00,SHORT,Breakout,1.05421,1.054670392981146,1.05321,2023-10-17 09:05:00-04:00,1.054670392981146,SL,0.00016,-1.0,-1.3475,-1347.53
2023-10-17 19:35:00-04:00,SHORT,Breakout,1.05726,1.0573294782975542,1.05718,2023-10-17 19:50:00-04:00,1.05718,TP,0.00017,1.1514,-1.2954,-1295.37
2023-10-17 22:05:00-04:00,SHORT,Bounce,1.05739,1.0576777857224802,1.05597,2023-10-17 22:30:00-04:00,1.0576777857224802,SL,0.00017,-1.0,-1.5907,-1590.72
2023-10-19 00:50:00-04:00,SHORT,Breakout,1.05311,1.053179259745592,1.0522,2023-10-19 00:55:00-04:00,1.053179259745592,SL,0.00017,-1.0,-3.4545,-3454.53
2023-10-19 02:10:00-04:00,SHORT,Retest,1.05296,1.0531862178139761,1.0522,2023-10-19 02:15:00-04:00,1.0531862178139761,SL,0.00017,-1.0,-1.7515,-1751.49
2023-10-19 20:15:00-04:00,SHORT,Breakout,1.0575,1.05777999099271,1.05556,2023-10-19 20:35:00-04:00,1.05777999099271,SL,0.00017,-1.0,-1.6072,-1607.16
2023-10-19 22:40:00-04:00,SHORT,Retest,1.05759,1.057774410949834,1.05676,2023-10-19 22:45:00-04:00,1.057774410949834,SL,0.00017,-1.0,-1.9219,-1921.85
2023-10-24 03:05:00-04:00,LONG,Breakout,1.06886,1.068563967327502,1.07361,2023-10-24 03:10:00-04:00,1.068563967327502,SL,0.00016,-1.0,-1.5405,-1540.48
2023-10-25 00:55:00-04:00,LONG,Breakout,1.06055,1.0603976580132985,1.06408,2023-10-25 01:00:00-04:00,1.0603976580132985,SL,0.00017,-1.0,-2.1159,-2115.91
2023-10-25 01:30:00-04:00,LONG,Bounce,1.06003,1.0599667761684466,1.06408,2023-10-25 01:35:00-04:00,1.0599667761684466,SL,0.00017,-1.0,-3.6889,-3688.86
2023-10-25 01:55:00-04:00,LONG,Bounce,1.06003,1.0599601683523068,1.06059,2023-10-25 02:00:00-04:00,1.0599601683523068,SL,0.00017,-1.0,-3.4344,-3434.43
2023-10-25 07:30:00-04:00,LONG,Breakout,1.05773,1.0575899998873675,1.05961,2023-10-25 07:35:00-04:00,1.0575899998873675,SL,0.00016,-1.0,-2.1429,-2142.86
2023-10-25 08:15:00-04:00,LONG,Breakout,1.05786,1.0575871095020402,1.05961,2023-10-25 08:20:00-04:00,1.0575871095020402,SL,0.00016,-1.0,-1.5863,-1586.32
2023-10-25 09:35:00-04:00,LONG,Bounce,1.05711,1.0567721428832948,1.05961,2023-10-25 10:00:00-04:00,1.0567721428832948,SL,0.00016,-1.0,-1.4736,-1473.57
2023-10-25 10:00:00-04:00,LONG,Bounce,1.05759,1.0567642225180862,1.05821,2023-10-25 10:30:00-04:00,1.05821,TP,0.00016,0.7508,0.5571,557.05
2023-10-26 02:00:00-04:00,SHORT,Breakout,1.05393,1.054210029116474,1.05286,2023-10-26 02:10:00-04:00,1.054210029116474,SL,0.00017,-1.0,-1.6071,-1607.08
2023-10-26 02:50:00-04:00,SHORT,Retest,1.05381,1.0542271047597775,1.05286,2023-10-26 03:05:00-04:00,1.0542271047597775,SL,0.00016,-1.0,-1.3836,-1383.6
2023-10-26 08:20:00-04:00,SHORT,Breakout,1.05334,1.0540315758998913,1.05286,2023-10-26 08:30:00-04:00,1.0540315758998913,SL,0.00016,-1.0,-1.2314,-1231.36
2023-10-26 10:10:00-04:00,SHORT,Retest,1.05329,1.0540963795497866,1.0521,2023-10-26 10:40:00-04:00,1.0540963795497866,SL,0.00016,-1.0,-1.1984,-1198.42
2023-10-30 02:30:00-04:00,SHORT,Breakout,1.05561,1.0557926621267062,1.05542,2023-10-30 02:35:00-04:00,1.0557926621267062,SL,0.00017,-1.0,-1.9307,-1930.68
2023-10-30 04:00:00-04:00,SHORT,Breakout,1.05506,1.0556298219089995,1.05342,2023-10-30 04:45:00-04:00,1.0556298219089995,SL,0.00016,-1.0,-1.2808,-1280.79
2023-10-30 20:05:00-04:00,SHORT,Breakout,1.06093,1.0610572856788305,1.05993,2023-10-30 20:15:00-04:00,1.0610572856788305,SL,0.00017,-1.0,-2.3356,-2335.58
2023-10-30 21:00:00-04:00,SHORT,Breakout,1.0608,1.0608833477443909,1.05993,2023-10-30 21:05:00-04:00,1.0608833477443909,SL,0.00017,-1.0,-3.0396,-3039.65
2023-10-30 21:10:00-04:00,SHORT,Retest,1.06072,1.060882713106133,1.05993,2023-10-30 21:55:00-04:00,1.060882713106133,SL,0.00017,-1.0,-2.0448,-2044.78
2023-10-30 22:00:00-04:00,SHORT,Breakout,1.06067,1.0608931014646379,1.05993,2023-10-30 22:10:00-04:00,1.05993,TP,0.00017,3.3169,2.5549,2554.89
2023-11-02 01:40:00-04:00,LONG,Bounce,1.05971,1.0593623810229011,1.06014,2023-11-02 02:35:00-04:00,1.0593623810229011,SL,0.00017,-1.0,-1.489,-1489.04
2023-11-02 02:35:00-04:00,LONG,Bounce,1.05952,1.0593703187303667,1.06012,2023-11-02 02:55:00-04:00,1.06012,TP,0.00017,4.0085,2.8728,2872.77
2023-11-02 03:25:00-04:00,LONG,Breakout,1.06026,1.0600582116369794,1.06151,2023-11-02 03:45:00-04:00,1.0600582116369794,SL,0.00017,-1.0,-1.8425,-1842.47
2023-11-02 19:40:00-04:00,LONG,Bounce,1.06155,1.0614633914556122,1.06236,2023-11-02 19:55:00-04:00,1.0614633914556122,SL,0.00017,-1.0,-2.9629,-2962.85
2023-11-02 21:00:00-04:00,LONG,Bounce,1.06168,1.0614602806430244,1.06211,2023-11-02 21:05:00-04:00,1.0614602806430244,SL,0.00017,-1.0,-1.7737,-1773.71
2023-11-03 01:35:00-04:00,LONG,Breakout,1.06292,1.0627677532589446,1.06317,2023-11-03 01:40:00-04:00,1.0627677532589446,SL,0.00017,-1.0,-2.1166,-2116.61
2023-11-03 01:45:00-04:00,LONG,Breakout,1.06297,1.062764368881437,1.06317,2023-11-03 02:05:00-04:00,1.062764368881437,SL,0.00017,-1.0,-1.8267,-1826.72
2023-11-03 02:20:00-04:00,LONG,Retest,1.06288,1.0627636625643628,1.06317,2023-11-03 02:35:00-04:00,1.06317,TP,0.00017,2.4927,1.0315,1031.48
2023-11-03 03:10:00-04:00,LONG,Breakout,1.06299,1.0627531720817027,1.06427,2023-11-03 03:40:00-04:00,1.0627531720817027,SL,0.00017,-1.0,-1.7178,-1717.82
2023-11-03 08:05:00-04:00,LONG,Breakout,1.06488,1.0647191973205388,1.0667,2023-11-03 08:10:00-04:00,1.0647191973205388,SL,0.00016,-1.0,-1.995,-1995.01
2023-11-03 08:10:00-04:00,LONG,Retest,1.06497,1.0647199689405002,1.0667,2023-11-03 08:30:00-04:00,1.0667,TP,0.00016,6.9191,6.2792,6279.22
2023-11-05 20:00:00-05:00,LONG,Bounce,1.07243,1.0721955765114568,1.07327,2023-11-05 20:15:00-05:00,1.0721955765114568,SL,0.00017,-1.0,-1.7252,-1725.18
2023-11-05 20:15:00-05:00,LONG,Bounce,1.07241,1.0721968008730578,1.07327,2023-11-05 22:10:00-05:00,1.07327,TP,0.00017,4.0338,3.2364,3236.41
2023-11-06 01:00:00-05:00,LONG,Breakout,1.0737700000000001,1.0736369059954545,1.07391,2023-11-06 01:05:00-05:00,1.0736369059954545,SL,0.00017,-1.0,-2.2773,-2277.29
2023-11-06 01:35:00-05:00,LONG,Retest,1.07379,1.0736368178391942,1.0746,2023-11-06 01:45:00-05:00,1.0736368178391942,SL,0.00017,-1.0,-2.1098,-2109.79
2023-11-06 02:20:00-05:00,LONG,Breakout,1.07418,1.0738852577057305,1.0746,2023-11-06 02:25:00-05:00,1.0738852577057305,SL,0.00017,-1.0,-1.5768,-1576.78
2023-11-08 09:30:00-05:00,LONG,Breakout,1.06805,1.0676025399864586,1.06921,2023-11-08 10:25:00-05:00,1.06921,TP,0.00016,2.5924,2.2348,2234.84
2023-11-09 14:05:00-05:00,LONG,Bounce,1.06787,1.0670391697710686,1.07246,2023-11-09 14:15:00-05:00,1.0670391697710686,SL,0.00017,-1.0,-1.2046,-1204.61
2023-11-09 20:15:00-05:00,LONG,Breakout,1.06711,1.0668554648320991,1.07246,2023-11-09 22:50:00-05:00,1.0668554648320991,SL,0.00017,-1.0,-1.6679,-1667.88
2023-11-10 05:55:00-05:00,LONG,Breakout,1.06862,1.0678364138239003,1.07246,2023-11-10 06:25:00-05:00,1.0678364138239003,SL,0.00016,-1.0,-1.2042,-1204.19
2023-11-10 08:00:00-05:00,LONG,Retest,1.06816,1.0678362278152198,1.06881,2023-11-10 08:20:00-05:00,1.0678362278152198,SL,0.00016,-1.0,-1.4942,-1494.17
2023-11-12 18:00:00-05:00,LONG,Breakout,1.06888,1.068617349947386,1.06922,2023-11-12 19:15:00-05:00,1.068617349947386,SL,0.00017,-1.0,-1.6472,-1647.25
2023-11-13 01:45:00-05:00,LONG,Breakout,1.06906,1.0687904608788636,1.06922,2023-11-13 02:00:00-05:00,1.0687904608788636,SL,0.00017,-1.0,-1.6307,-1630.71
2023-11-13 03:55:00-05:00,LONG,Retest,1.06907,1.0687653087943285,1.0697,2023-11-13 04:05:00-05:00,1.0687653087943285,SL,0.00016,-1.0,-1.5251,-1525.12
2023-11-13 20:20:00-05:00,LONG,Bounce,1.06961,1.0695449881726855,1.07015,2023-11-13 20:25:00-05:00,1.0695449881726855,SL,0.00017,-1.0,-3.6149,-3614.91
2023-11-14 02:00:00-05:00,LONG,Breakout,1.07009,1.069872143057199,1.07034,2023-11-14 02:05:00-05:00,1.069872143057199,SL,0.00017,-1.0,-1.7803,-1780.33
2023-11-14 04:35:00-05:00,LONG,Breakout,1.07096,1.0707976399013004,1.07246,2023-11-14 05:10:00-05:00,1.07246,TP,0.00016,9.2387,8.2533,8253.26
2023-11-14 08:30:00-05:00,LONG,Breakout,1.07868,1.0727810552975003,1.07931,2023-11-14 08:40:00-05:00,1.07931,TP,0.00016,0.1068,0.0797,79.68
2023-11-15 08:10:00-05:00,LONG,Breakout,1.087,1.086666339024168,1.08786,2023-11-15 08:20:00-05:00,1.086666339024168,SL,0.00016,-1.0,-1.4795,-1479.53
2023-11-15 08:20:00-05:00,LONG,Breakout,1.08685,1.086666771913696,1.08786,2023-11-15 08:30:00-05:00,1.086666771913696,SL,0.00016,-1.0,-1.8732,-1873.23
2023-11-15 19:55:00-05:00,LONG,Breakout,1.08544,1.0850676892134024,1.08556,2023-11-15 20:05:00-05:00,1.0850676892134024,SL,0.00017,-1.0,-1.4566,-1456.61
2023-11-15 20:30:00-05:00,LONG,Bounce,1.0844,1.0841476823912228,1.08556,2023-11-15 20:35:00-05:00,1.0841476823912228,SL,0.00017,-1.0,-1.6738,-1673.75
2023-11-16 09:25:00-05:00,LONG,Retest,1.08619,1.085624244464236,1.08852,2023-11-16 10:05:00-05:00,1.08852,TP,0.00016,4.1184,3.8356,3835.58
2023-11-16 19:00:00-05:00,LONG,Breakout,1.08537,1.085252824321985,1.08647,2023-11-16 19:05:00-05:00,1.085252824321985,SL,0.00017,-1.0,-2.4508,-2450.81
2023-11-16 20:00:00-05:00,LONG,Breakout,1.08554,1.0854454645783085,1.08647,2023-11-16 20:05:00-05:00,1.0854454645783085,SL,0.00017,-1.0,-2.7983,-2798.27
2023-11-17 08:10:00-05:00,LONG,Breakout,1.08751,1.0872933971421714,1.08948,2023-11-17 08:15:00-05:00,1.0872933971421714,SL,0.00016,-1.0,-1.7387,-1738.68
2023-11-17 09:00:00-05:00,LONG,Breakout,1.08819,1.0872646160372583,1.08948,2023-11-17 09:10:00-05:00,1.0872646160372583,SL,0.00016,-1.0,-1.1729,-1172.9
2023-11-17 10:20:00-05:00,LONG,Retest,1.0877,1.0872622054955252,1.08839,2023-11-17 10:25:00-05:00,1.0872622054955252,SL,0.00016,-1.0,-1.3655,-1365.47
2023-11-20 02:15:00-05:00,LONG,Bounce,1.09172,1.0916037972119952,1.0927,2023-11-20 02:20:00-05:00,1.0916037972119952,SL,0.00017,-1.0,-2.463,-2462.96
2023-11-20 07:05:00-05:00,LONG,Bounce,1.09267,1.0921274767837783,1.09394,2023-11-20 09:10:00-05:00,1.0921274767837783,SL,0.00016,-1.0,-1.2949,-1294.92
2023-11-20 19:45:00-05:00,LONG,Breakout,1.09495,1.094637437170476,1.09511,2023-11-20 19:50:00-05:00,1.09511,TP,0.00017,0.5119,-0.032,-31.99
2023-11-20 20:15:00-05:00,LONG,Breakout,1.09488,1.0946204173541887,1.09516,2023-11-20 20:20:00-05:00,1.09516,TP,0.00017,1.0787,0.4238,423.76
2023-11-21 07:20:00-05:00,LONG,Bounce,1.09442,1.0941007812063293,1.0953,2023-11-21 08:05:00-05:00,1.0953,TP,0.00016,2.7567,2.2555,2255.51
2023-11-21 08:10:00-05:00,LONG,Breakout,1.09538,1.0952298318635307,1.09632,2023-11-21 08:15:00-05:00,1.0952298318635307,SL,0.00016,-1.0,-2.0655,-2065.47
2023-11-21 08:50:00-05:00,LONG,Bounce,1.0943,1.0937232200620675,1.09632,2023-11-21 10:40:00-05:00,1.0937232200620675,SL,0.00016,-1.0,-1.2774,-1277.4
2023-11-21 18:20:00-05:00,LONG,Breakout,1.09164,1.0915313578549461,1.09588,2023-11-21 18:25:00-05:00,1.0915313578549461,SL,0.00017,-1.0,-2.5648,-2564.77
2023-11-21 18:35:00-05:00,LONG,Breakout,1.09177,1.0915287139968357,1.09588,2023-11-21 18:55:00-05:00,1.0915287139968357,SL,0.00017,-1.0,-1.7046,-1704.56
2023-11-21 19:50:00-05:00,LONG,Breakout,1.09168,1.0915381379698639,1.09588,2023-11-21 20:20:00-05:00,1.0915381379698639,SL,0.00017,-1.0,-2.1983,-2198.35
2023-11-21 22:15:00-05:00,LONG,Retest,1.09161,1.0915304646325301,1.09221,2023-11-21 22:20:00-05:00,1.0915304646325301,SL,0.00017,-1.0,-3.1374,-3137.41
2023-11-22 07:15:00-05:00,LONG,Breakout,1.0908,1.0906127441444597,1.0919,2023-11-22 07:20:00-05:00,1.0906127441444597,SL,0.00016,-1.0,-1.8544,-1854.45
2023-11-22 07:30:00-05:00,LONG,Breakout,1.09086,1.0906112874946714,1.0919,2023-11-22 07:40:00-05:00,1.0906112874946714,SL,0.00016,-1.0,-1.6433,-1643.31
2023-11-22 08:00:00-05:00,LONG,Breakout,1.09109,1.090604444362955,1.0919,2023-11-22 08:15:00-05:00,1.090604444362955,SL,0.00016,-1.0,-1.3295,-1329.52
2023-11-22 08:15:00-05:00,LONG,Breakout,1.09116,1.0906010234203398,1.0919,2023-11-22 08:30:00-05:00,1.0906010234203398,SL,0.00016,-1.0,-1.2862,-1286.24
2023-11-22 19:35:00-05:00,LONG,Breakout,1.08888,1.0887991655167815,1.09171,2023-11-22 19:40:00-05:00,1.0887991655167815,SL,0.00017,-1.0,-3.1031,-3103.06
2023-11-22 19:45:00-05:00,LONG,Breakout,1.08891,1.0887991274098778,1.09171,2023-11-22 20:05:00-05:00,1.0887991274098778,SL,0.00017,-1.0,-2.5333,-2533.29
2023-11-22 20:10:00-05:00,LONG,Breakout,1.08902,1.0887936622898862,1.09171,2023-11-23 01:10:00-05:00,1.09171,TP,0.00017,11.8849,11.1338,11133.81
2023-11-23 03:15:00-05:00,LONG,Bounce,1.09069,1.0903697688627667,1.09171,2023-11-23 03:30:00-05:00,1.09171,TP,0.00016,3.1852,2.6856,2685.56
2023-11-23 03:30:00-05:00,LONG,Breakout,1.09221,1.0915950306820328,1.09588,2023-11-23 03:45:00-05:00,1.0915950306820328,SL,0.00016,-1.0,-1.2602,-1260.18
2023-11-23 05:10:00-05:00,LONG,Retest,1.09183,1.0916056612860103,1.09298,2023-11-23 05:15:00-05:00,1.0916056612860103,SL,0.00016,-1.0,-1.7132,-1713.21
2023-11-23 19:50:00-05:00,LONG,Breakout,1.09085,1.0906435347116772,1.091,2023-11-23 19:55:00-05:00,1.0906435347116772,SL,0.00017,-1.0,-1.8234,-1823.38
2023-11-23 20:05:00-05:00,LONG,Breakout,1.09082,1.0906402433533362,1.091,2023-11-23 20:15:00-05:00,1.0906402433533362,SL,0.00017,-1.0,-1.9457,-1945.72
2023-11-23 20:25:00-05:00,LONG,Bounce,1.0903100000000001,1.0901639393589815,1.091,2023-11-23 20:30:00-05:00,1.0901639393589815,SL,0.00017,-1.0,-2.1639,-2163.9
2023-11-24 00:55:00-05:00,LONG,Breakout,1.09107,1.0909255471900445,1.09233,2023-11-24 01:00:00-05:00,1.0909255471900445,SL,0.00017,-1.0,-2.1769,-2176.85
2023-11-24 07:15:00-05:00,LONG,Breakout,1.09212,1.0919565566777347,1.09233,2023-11-24 07:20:00-05:00,1.09233,TP,0.00016,1.2848,0.3059,305.92
2023-11-24 09:50:00-05:00,LONG,Breakout,1.09361,1.0926503483908299,1.09588,2023-11-26 20:00:00-05:00,1.0926503483908299,SL,0.00016,-1.0,-1.1667,-1166.73
2023-11-27 02:00:00-05:00,LONG,Breakout,1.0955,1.09484943117474,1.09588,2023-11-27 02:55:00-05:00,1.09484943117474,SL,0.00017,-1.0,-1.2613,-1261.31
2023-11-27 13:05:00-05:00,LONG,Breakout,1.09386,1.0936684996327874,1.09547,2023-11-27 13:10:00-05:00,1.0936684996327874,SL,0.00017,-1.0,-1.8877,-1887.73
2023-11-27 13:25:00-05:00,LONG,Retest,1.09383,1.0936701537383393,1.09547,2023-11-27 14:40:00-05:00,1.09547,TP,0.00017,10.2599,9.1963,9196.34
2023-11-27 19:15:00-05:00,LONG,Breakout,1.09578,1.0956283868832029,1.09607,2023-11-27 19:20:00-05:00,1.0956283868832029,SL,0.00017,-1.0,-2.1213,-2121.28
2023-11-27 19:30:00-05:00,LONG,Breakout,1.0959,1.0956255043667626,1.09632,2023-11-27 19:40:00-05:00,1.0956255043667626,SL,0.00017,-1.0,-1.6193,-1619.32
2023-11-27 19:55:00-05:00,LONG,Breakout,1.09573,1.0956214697165771,1.09632,2023-11-27 20:00:00-05:00,1.0956214697165771,SL,0.00017,-1.0,-2.5664,-2566.38
2023-11-28 07:55:00-05:00,LONG,Bounce,1.09497,1.0946704219004808,1.09621,2023-11-28 08:00:00-05:00,1.0946704219004808,SL,0.00016,-1.0,-1.5341,-1534.08
2023-11-28 08:10:00-05:00,LONG,Bounce,1.09489,1.0946664267184243,1.09618,2023-11-28 08:15:00-05:00,1.0946664267184243,SL,0.00016,-1.0,-1.7156,-1715.65
2023-11-28 08:40:00-05:00,LONG,Breakout,1.09667,1.0960749297452501,1.0983,2023-11-28 08:45:00-05:00,1.0960749297452501,SL,0.00016,-1.0,-1.2689,-1268.88
2023-11-28 08:50:00-05:00,LONG,Breakout,1.0966,1.0960660465660574,1.0983,2023-11-28 09:45:00-05:00,1.0983,TP,0.00016,3.1838,2.8841,2884.15
2023-11-28 18:00:00-05:00,LONG,Breakout,1.09946,1.099259214061011,1.10082,2023-11-28 20:00:00-05:00,1.10082,TP,0.00017,6.7734,5.9267,5926.71
2023-11-28 20:00:00-05:00,LONG,Breakout,1.10145,1.1004209130424942,1.10213,2023-11-28 20:55:00-05:00,1.1004209130424942,SL,0.00017,-1.0,-1.1652,-1165.19
2023-11-29 01:15:00-05:00,LONG,Bounce,1.09991,1.0995232016387395,1.10038,2023-11-29 01:20:00-05:00,1.10038,TP,0.00017,1.2151,0.7756,775.6
2023-11-29 01:30:00-05:00,LONG,Bounce,1.10001,1.0995129037902007,1.10165,2023-11-29 02:00:00-05:00,1.0995129037902007,SL,0.00017,-1.0,-1.342,-1341.99
2023-11-29 09:00:00-05:00,LONG,Bounce,1.09734,1.096684666507735,1.09977,2023-11-29 09:15:00-05:00,1.096684666507735,SL,0.00016,-1.0,-1.2442,-1244.15
2023-11-30 09:00:00-05:00,LONG,Bounce,1.09155,1.090697312333315,1.09811,2023-11-30 09:30:00-05:00,1.090697312333315,SL,0.00016,-1.0,-1.1876,-1187.64
2023-12-05 09:40:00-05:00,SHORT,Breakout,1.08105,1.0812458819930328,1.08032,2023-12-05 09:45:00-05:00,1.08032,TP,0.00016,3.7267,2.9099,2909.92
2023-12-05 10:10:00-05:00,SHORT,Bounce,1.08214,1.0834720786790726,1.07093,2023-12-13 14:00:00-05:00,1.0834720786790726,SL,0.00016,-1.0,-1.1201,-1120.11
2023-12-14 04:00:00-05:00,LONG,Breakout,1.09083,1.0906089768658769,1.09146,2023-12-14 04:15:00-05:00,1.0906089768658769,SL,0.00016,-1.0,-1.7239,-1723.91
2023-12-17 19:15:00-05:00,LONG,Breakout,1.08974,1.089631932672426,1.09085,2023-12-17 19:25:00-05:00,1.089631932672426,SL,0.00017,-1.0,-2.5731,-2573.09
2023-12-17 19:25:00-05:00,LONG,Retest,1.08979,1.0896331358246938,1.09085,2023-12-17 19:40:00-05:00,1.0896331358246938,SL,0.00017,-1.0,-2.0837,-2083.74
2023-12-17 19:45:00-05:00,LONG,Breakout,1.08986,1.0896335020899908,1.09085,2023-12-17 20:10:00-05:00,1.0896335020899908,SL,0.00017,-1.0,-1.7506,-1750.56
2023-12-18 00:20:00-05:00,LONG,Breakout,1.09143,1.0912556822481678,1.09157,2023-12-18 00:35:00-05:00,1.0912556822481678,SL,0.00017,-1.0,-1.9752,-1975.23
2023-12-18 00:55:00-05:00,LONG,Breakout,1.09144,1.0912525158999151,1.09157,2023-12-18 01:00:00-05:00,1.0912525158999151,SL,0.00017,-1.0,-1.9067,-1906.74
2023-12-18 01:25:00-05:00,LONG,Retest,1.09164,1.0912466749433634,1.09688,2023-12-18 05:30:00-05:00,1.0912466749433634,SL,0.00017,-1.0,-1.4322,-1432.21
2023-12-18 21:50:00-05:00,LONG,Bounce,1.09173,1.0916527901982167,1.09251,2023-12-18 22:05:00-05:00,1.09251,TP,0.00017,10.1023,7.9006,7900.55
2023-12-19 02:10:00-05:00,LONG,Breakout,1.09338,1.0927773739080222,1.09688,2023-12-19 02:55:00-05:00,1.0927773739080222,SL,0.00017,-1.0,-1.2821,-1282.1
2023-12-19 07:10:00-05:00,LONG,Breakout,1.09462,1.0943775210275524,1.09486,2023-12-19 07:25:00-05:00,1.0943775210275524,SL,0.00016,-1.0,-1.6599,-1659.85
2023-12-19 07:45:00-05:00,LONG,Retest,1.09477,1.0943732773205719,1.09688,2023-12-19 07:55:00-05:00,1.09688,TP,0.00016,5.3186,4.9153,4915.27
2023-12-20 00:00:00-05:00,LONG,Bounce,1.0968,1.0966897346826874,1.09706,2023-12-20 00:05:00-05:00,1.0966897346826874,SL,0.00017,-1.0,-2.5417,-2541.74
2023-12-21 08:30:00-05:00,LONG,Breakout,1.09926,1.098302546600741,1.09986,2023-12-21 08:40:00-05:00,1.09986,TP,0.00016,0.6267,0.4596,459.55
2023-12-22 00:35:00-05:00,LONG,Bounce,1.09982,1.0994486037553912,1.10025,2023-12-22 01:55:00-05:00,1.0994486037553912,SL,0.00017,-1.0,-1.4577,-1457.73
2023-12-22 03:00:00-05:00,LONG,Breakout,1.10043,1.1001761926767748,1.10118,2023-12-22 03:20:00-05:00,1.1001761926767748,SL,0.00016,-1.0,-1.6304,-1630.4
2023-12-26 07:05:00-05:00,LONG,Bounce,1.10112,1.100850617940739,1.10187,2023-12-26 07:40:00-05:00,1.100850617940739,SL,0.00016,-1.0,-1.594,-1593.95
2023-12-26 08:20:00-05:00,LONG,Breakout,1.10231,1.1018107621008515,1.10257,2023-12-26 08:35:00-05:00,1.1018107621008515,SL,0.00016,-1.0,-1.3205,-1320.49
2023-12-26 09:55:00-05:00,LONG,Retest,1.10255,1.1023202810429908,1.1028,2023-12-26 10:05:00-05:00,1.1028,TP,0.00016,1.0883,0.3918,391.78
2023-12-27 07:55:00-05:00,LONG,Breakout,1.10673,1.1057686562102034,1.11489,2023-12-28 13:05:00-05:00,1.1057686562102034,SL,0.00016,-1.0,-1.1664,-1166.43
2023-12-28 19:20:00-05:00,LONG,Breakout,1.1072,1.106946030188129,1.10759,2023-12-28 19:30:00-05:00,1.106946030188129,SL,0.000188,-1.0,-1.7402,-1740.25
2023-12-28 19:40:00-05:00,LONG,Retest,1.10711,1.1069469450802571,1.10759,2023-12-28 19:50:00-05:00,1.10759,TP,0.00019,2.9438,1.7785,1778.54
2023-12-29 01:00:00-05:00,LONG,Breakout,1.10686,1.1067510288503037,1.10838,2023-12-29 01:05:00-05:00,1.1067510288503037,SL,0.00019,-1.0,-2.7436,-2743.58
2023-12-29 01:15:00-05:00,LONG,Retest,1.10692,1.1067532253586434,1.10838,2023-12-29 01:25:00-05:00,1.1067532253586434,SL,0.00019,-1.0,-2.1393,-2139.26
2024-01-02 03:00:00-05:00,LONG,Breakout,1.10261,1.1023091811273156,1.1042399999999999,2024-01-02 04:40:00-05:00,1.1023091811273156,SL,0.00016,-1.0,-1.5319,-1531.88
2024-01-02 04:45:00-05:00,LONG,Bounce,1.10182,1.1013477535800302,1.10381,2024-01-02 04:55:00-05:00,1.1013477535800302,SL,0.00016,-1.0,-1.3388,-1338.81
2024-01-02 20:30:00-05:00,LONG,Breakout,1.09515,1.0949837713455282,1.09551,2024-01-02 20:55:00-05:00,1.0949837713455282,SL,0.00019,-1.0,-2.143,-2143.0
2024-01-02 22:00:00-05:00,LONG,Retest,1.09512,1.0949922923439506,1.09539,2024-01-02 22:10:00-05:00,1.0949922923439506,SL,0.00019,-1.0,-2.4878,-2487.77
2024-01-04 01:00:00-05:00,SHORT,Bounce,1.09261,1.0928188164101826,1.09149,2024-01-04 01:10:00-05:00,1.0928188164101826,SL,0.00019,-1.0,-1.9099,-1909.89
2024-01-04 08:30:00-05:00,SHORT,Breakout,1.09382,1.0946503976303714,1.0919699999999999,2024-01-04 08:45:00-05:00,1.0946503976303714,SL,0.00016,-1.0,-1.1927,-1192.68
2024-01-04 09:15:00-05:00,SHORT,Retest,1.09416,1.0946559414977917,1.0919699999999999,2024-01-04 09:20:00-05:00,1.0946559414977917,SL,0.00016,-1.0,-1.3226,-1322.62
2024-01-05 01:05:00-05:00,SHORT,Breakout,1.09318,1.0933411915827733,1.0919699999999999,2024-01-05 03:00:00-05:00,1.0919699999999999,TP,0.00019,7.5066,6.3279,6327.87
2024-01-05 04:35:00-05:00,SHORT,Breakout,1.09226,1.092471305592884,1.08917,2024-01-05 08:20:00-05:00,1.092471305592884,SL,0.00016,-1.0,-1.7572,-1757.2
2024-01-05 08:30:00-05:00,SHORT,Breakout,1.08968,1.0904393196743671,1.08713,2024-01-05 08:40:00-05:00,1.0904393196743671,SL,0.00016,-1.0,-1.2107,-1210.71
2024-01-05 09:05:00-05:00,SHORT,Bounce,1.09278,1.093176002058365,1.08713,2024-01-05 09:10:00-05:00,1.093176002058365,SL,0.00016,-1.0,-1.404,-1404.04
2024-01-05 09:10:00-05:00,SHORT,Bounce,1.0925,1.0931750019113389,1.08713,2024-01-05 09:15:00-05:00,1.0931750019113389,SL,0.00016,-1.0,-1.237,-1237.04
2024-01-07 22:40:00-05:00,SHORT,Breakout,1.09322,1.0934247089150724,1.08762,2024-01-07 23:20:00-05:00,1.0934247089150724,SL,0.00019,-1.0,-1.9281,-1928.15
2024-01-10 01:45:00-05:00,SHORT,Breakout,1.09254,1.0927161121847573,1.09241,2024-01-10 01:50:00-05:00,1.09241,TP,0.00017,0.7382,-0.2271,-227.13
2024-01-11 00:00:00-05:00,LONG,Bounce,1.09763,1.0975735972490344,1.0982,2024-01-11 01:00:00-05:00,1.0975735972490344,SL,0.000186,-1.0,-4.2977,-4297.71
2024-01-11 03:05:00-05:00,LONG,Bounce,1.09749,1.0972903530598563,1.09878,2024-01-11 03:45:00-05:00,1.0972903530598563,SL,0.00016,-1.0,-1.8014,-1801.41
2024-01-11 07:40:00-05:00,LONG,Breakout,1.09838,1.0981016888333996,1.09878,2024-01-11 07:45:00-05:00,1.09878,TP,0.00016,1.4372,0.8623,862.34
2024-01-12 01:00:00-05:00,LONG,Bounce,1.09743,1.0971671850955491,1.09846,2024-01-12 02:00:00-05:00,1.0971671850955491,SL,0.00019,-1.0,-1.7229,-1722.94
2024-01-16 00:00:00-05:00,SHORT,Breakout,1.09145,1.0915565612535487,1.09094,2024-01-16 00:05:00-05:00,1.0915565612535487,SL,0.00019,-1.0,-2.783,-2783.01
2024-01-16 00:30:00-05:00,SHORT,Breakout,1.09139,1.0915562498334135,1.09094,2024-01-16 01:10:00-05:00,1.0915562498334135,SL,0.00019,-1.0,-2.1429,-2142.86
2024-01-16 02:10:00-05:00,SHORT,Breakout,1.0911,1.0912227430145836,1.09094,2024-01-16 02:15:00-05:00,1.09094,TP,0.00017,1.3035,-0.0815,-81.47
2024-01-16 03:30:00-05:00,SHORT,Breakout,1.09013,1.0908803666276425,1.08762,2024-01-16 06:05:00-05:00,1.08762,TP,0.00016,3.345,3.1318,3131.8
2024-01-16 08:40:00-05:00,SHORT,Bounce,1.08922,1.0894799444537728,1.08731,2024-01-16 08:55:00-05:00,1.08731,TP,0.00016,7.3477,6.7322,6732.21
2024-01-16 17:50:00-05:00,SHORT,Bounce,1.08746,1.087677352864188,1.08618,2024-01-16 18:00:00-05:00,1.087677352864188,SL,0.000386,-1.0,-2.7759,-2775.91
2024-01-16 22:15:00-05:00,SHORT,Breakout,1.08674,1.087277378580196,1.08618,2024-01-17 00:15:00-05:00,1.08618,TP,0.00019,1.0421,0.6885,688.53
2024-01-17 00:35:00-05:00,SHORT,Breakout,1.08613,1.0864052675071858,1.0779,2024-01-17 00:55:00-05:00,1.0864052675071858,SL,0.000188,-1.0,-1.683,-1682.97
2024-01-17 01:00:00-05:00,SHORT,Breakout,1.08609,1.0864072968788034,1.0779,2024-01-17 02:00:00-05:00,1.0864072968788034,SL,0.00019,-1.0,-1.5988,-1598.81
2024-01-17 08:30:00-05:00,SHORT,Breakout,1.08599,1.0867363268205061,1.0779,2024-01-17 09:15:00-05:00,1.0867363268205061,SL,0.00016,-1.0,-1.2144,-1214.38
2024-01-17 09:25:00-05:00,SHORT,Retest,1.08639,1.0867445559274542,1.08507,2024-01-17 09:30:00-05:00,1.0867445559274542,SL,0.00016,-1.0,-1.4513,-1451.27
2024-01-18 07:45:00-05:00,SHORT,Breakout,1.0875,1.0876657241713665,1.08693,2024-01-18 07:50:00-05:00,1.0876657241713665,SL,0.00016,-1.0,-1.9655,-1965.46
2024-01-18 08:00:00-05:00,SHORT,Breakout,1.08741,1.0876688236167975,1.08693,2024-01-18 08:05:00-05:00,1.0876688236167975,SL,0.00016,-1.0,-1.6182,-1618.18
2024-01-18 17:15:00-05:00,SHORT,Bounce,1.08678,1.0869111848371655,1.08593,2024-01-18 17:20:00-05:00,1.0869111848371655,SL,0.000564,-1.0,-5.2993,-5299.28
2024-01-19 00:25:00-05:00,SHORT,Breakout,1.08836,1.0884701886431196,1.08752,2024-01-19 01:30:00-05:00,1.08752,TP,0.000188,7.6233,5.9171,5917.13
2024-01-19 09:35:00-05:00,SHORT,Breakout,1.0867499999999999,1.0873171230110052,1.08593,2024-01-19 09:45:00-05:00,1.0873171230110052,SL,0.00016,-1.0,-1.2821,-1282.13
2024-01-19 10:00:00-05:00,SHORT,Bounce,1.08814,1.0889925468891777,1.08593,2024-01-19 12:30:00-05:00,1.0889925468891777,SL,0.00016,-1.0,-1.1877,-1187.67
2024-01-21 17:35:00-05:00,SHORT,Breakout,1.08858,1.0887895073065628,1.08792,2024-01-21 17:40:00-05:00,1.0887895073065628,SL,0.000378,-1.0,-2.8042,-2804.23
2024-01-22 03:00:00-05:00,SHORT,Breakout,1.08942,1.0897780009833198,1.08829,2024-01-22 03:20:00-05:00,1.0897780009833198,SL,0.00016,-1.0,-1.4469,-1446.93
2024-01-22 14:15:00-05:00,SHORT,Breakout,1.08806,1.0881723877595917,1.0879,2024-01-22 14:20:00-05:00,1.0881723877595917,SL,0.00017,-1.0,-2.5126,-2512.62
2024-01-22 18:15:00-05:00,SHORT,Breakout,1.0878700000000001,1.0879712998338715,1.08647,2024-01-22 18:35:00-05:00,1.0879712998338715,SL,0.00019,-1.0,-2.8756,-2875.62
2024-01-23 08:45:00-05:00,SHORT,Bounce,1.08702,1.0873430844718095,1.08594,2024-01-23 08:55:00-05:00,1.0873430844718095,SL,0.00016,-1.0,-1.4952,-1495.23
2024-01-23 09:30:00-05:00,SHORT,Breakout,1.08569,1.0860358566512325,1.08533,2024-01-23 09:35:00-05:00,1.0860358566512325,SL,0.00016,-1.0,-1.4626,-1462.62
2024-01-24 07:05:00-05:00,SHORT,Breakout,1.08894,1.089336044505924,1.08619,2024-01-24 07:15:00-05:00,1.089336044505924,SL,0.00016,-1.0,-1.404,-1403.99
2024-01-24 07:25:00-05:00,SHORT,Breakout,1.08872,1.089337714211102,1.08619,2024-01-24 07:35:00-05:00,1.089337714211102,SL,0.00016,-1.0,-1.259,-1259.02
2024-01-24 19:05:00-05:00,SHORT,Breakout,1.08762,1.087734183811823,1.08619,2024-01-24 20:55:00-05:00,1.087734183811823,SL,0.00019,-1.0,-2.664,-2663.98
2024-01-25 07:05:00-05:00,SHORT,Breakout,1.08901,1.089158830629661,1.08822,2024-01-25 07:10:00-05:00,1.089158830629661,SL,0.00016,-1.0,-2.075,-2075.05
2024-01-26 01:05:00-05:00,SHORT,Breakout,1.08364,1.0837526490010603,1.08206,2024-01-26 01:15:00-05:00,1.0837526490010603,SL,0.000188,-1.0,-2.6689,-2668.9
2024-01-26 01:30:00-05:00,SHORT,Breakout,1.08331,1.0837564373206674,1.08206,2024-01-26 02:15:00-05:00,1.08206,TP,0.00017,2.7999,2.4192,2419.15
2024-01-29 19:15:00-05:00,SHORT,Bounce,1.08344,1.0836313592497429,1.08278,2024-01-29 19:20:00-05:00,1.0836313592497429,SL,0.00019,-1.0,-1.9929,-1992.9
2024-01-29 23:40:00-05:00,SHORT,Breakout,1.08283,1.0829403837821563,1.08083,2024-01-30 03:00:00-05:00,1.0829403837821563,SL,0.00019,-1.0,-2.7213,-2721.27
2024-01-30 19:00:00-05:00,SHORT,Bounce,1.08432,1.0844442866568096,1.08385,2024-01-30 19:05:00-05:00,1.0844442866568096,SL,0.00019,-1.0,-2.5287,-2528.72
2024-01-30 19:55:00-05:00,SHORT,Bounce,1.08419,1.084450871246485,1.08385,2024-01-30 20:30:00-05:00,1.08385,TP,0.00019,1.3033,0.575,575.0
2024-01-31 02:45:00-05:00,SHORT,Breakout,1.08077,1.0817111060351734,1.0795,2024-01-31 03:00:00-05:00,1.0817111060351734,SL,0.00016,-1.0,-1.17,-1170.01
2024-01-31 07:05:00-05:00,SHORT,Bounce,1.08353,1.0836610585015192,1.08206,2024-01-31 07:10:00-05:00,1.0836610585015192,SL,0.00016,-1.0,-2.2208,-2220.83
2024-01-31 14:00:00-05:00,SHORT,Breakout,1.08238,1.0842250253994445,1.08054,2024-01-31 14:30:00-05:00,1.0842250253994445,SL,0.000172,-1.0,-1.0932,-1093.22
2024-01-31 15:00:00-05:00,SHORT,Breakout,1.08037,1.081772786852261,1.0795,2024-01-31 15:30:00-05:00,1.0795,TP,0.00017,0.6202,0.499,499.01
2024-01-31 18:55:00-05:00,SHORT,Breakout,1.08032,1.080780559736248,1.0794,2024-01-31 19:25:00-05:00,1.080780559736248,SL,0.000188,-1.0,-1.4082,-1408.2
2024-02-01 01:15:00-05:00,SHORT,Breakout,1.07991,1.0801128532484057,1.0794,2024-02-01 01:25:00-05:00,1.0801128532484057,SL,0.00019,-1.0,-1.9366,-1936.64
2024-02-01 01:25:00-05:00,SHORT,Breakout,1.07993,1.0801136030560232,1.0794,2024-02-01 01:40:00-05:00,1.0801136030560232,SL,0.00019,-1.0,-2.0348,-2034.84
2024-02-01 23:45:00-05:00,SHORT,Breakout,1.08716,1.0872590357919851,1.0869,2024-02-01 23:50:00-05:00,1.0872590357919851,SL,0.00019,-1.0,-2.9185,-2918.5
2024-02-04 18:00:00-05:00,SHORT,Breakout,1.07776,1.0780211151241355,1.07724,2024-02-04 18:05:00-05:00,1.07724,TP,0.00019,1.9915,1.2638,1263.81
2024-02-04 18:40:00-05:00,SHORT,Retest,1.07763,1.0780202519685218,1.07661,2024-02-04 18:55:00-05:00,1.0780202519685218,SL,0.000188,-1.0,-1.4817,-1481.74
2024-02-05 00:05:00-05:00,SHORT,Breakout,1.07729,1.0774065194465268,1.07664,2024-02-05 00:10:00-05:00,1.0774065194465268,SL,0.00019,-1.0,-2.6306,-2630.63
2024-02-05 08:05:00-05:00,SHORT,Breakout,1.0745,1.0747061555145312,1.07413,2024-02-05 08:10:00-05:00,1.0747061555145312,SL,0.00016,-1.0,-1.7761,-1776.11
2024-02-05 08:15:00-05:00,SHORT,Retest,1.07454,1.0747036136834478,1.07413,2024-02-05 08:30:00-05:00,1.0747036136834478,SL,0.00016,-1.0,-1.9779,-1977.91
2024-02-05 19:05:00-05:00,SHORT,Bounce,1.07419,1.0743319240557296,1.07357,2024-02-05 19:40:00-05:00,1.0743319240557296,SL,0.00019,-1.0,-2.3387,-2338.74
2024-02-06 03:00:00-05:00,SHORT,Bounce,1.0752,1.0754080782892954,1.07473,2024-02-06 03:05:00-05:00,1.0754080782892954,SL,0.00016,-1.0,-1.7689,-1768.94
2024-02-07 07:10:00-05:00,SHORT,Bounce,1.07693,1.0770887875775097,1.07615,2024-02-07 07:50:00-05:00,1.0770887875775097,SL,0.00016,-1.0,-2.0076,-2007.64
2024-02-07 13:00:00-05:00,SHORT,Bounce,1.07645,1.0771483950257434,1.0755,2024-02-07 13:10:00-05:00,1.0771483950257434,SL,0.00017,-1.0,-1.2434,-1243.42
2024-02-07 20:30:00-05:00,SHORT,Bounce,1.07757,1.0779052361542294,1.07678,2024-02-07 21:00:00-05:00,1.0779052361542294,SL,0.00019,-1.0,-1.5668,-1566.76
2024-02-08 02:20:00-05:00,SHORT,Bounce,1.07847,1.0788170663821692,1.07775,2024-02-08 02:45:00-05:00,1.07775,TP,0.00017,2.0745,1.5847,1584.71
2024-02-08 03:05:00-05:00,SHORT,Breakout,1.0777,1.0778112086550549,1.07743,2024-02-08 03:10:00-05:00,1.0778112086550549,SL,0.00016,-1.0,-2.4387,-2438.74
2024-02-08 19:00:00-05:00,SHORT,Bounce,1.07763,1.077823871585681,1.0773,2024-02-08 19:35:00-05:00,1.0773,TP,0.00019,1.7022,0.7221,722.13
2024-02-09 13:20:00-05:00,SHORT,Bounce,1.0787,1.0789643479669844,1.07782,2024-02-09 13:30:00-05:00,1.0789643479669844,SL,0.00018,-1.0,-1.6809,-1680.92
2024-02-12 03:15:00-05:00,SHORT,Breakout,1.07867,1.0789076818066743,1.07789,2024-02-12 03:20:00-05:00,1.0789076818066743,SL,0.00017,-1.0,-1.7152,-1715.24
2024-02-12 20:50:00-05:00,SHORT,Breakout,1.0765,1.076642973445116,1.07549,2024-02-12 20:55:00-05:00,1.076642973445116,SL,0.0002,-1.0,-2.3989,-2398.86
2024-02-12 21:00:00-05:00,SHORT,Breakout,1.07639,1.0766441148582888,1.07549,2024-02-13 00:15:00-05:00,1.0766441148582888,SL,0.0002,-1.0,-1.787,-1787.05
2024-02-13 08:30:00-05:00,SHORT,Breakout,1.0729,1.075736240031817,1.07217,2024-02-13 08:40:00-05:00,1.07217,TP,0.00016,0.2574,0.201,200.97
2024-02-13 19:20:00-05:00,SHORT,Bounce,1.07094,1.0710943817554313,1.06995,2024-02-13 19:25:00-05:00,1.0710943817554313,SL,0.000196,-1.0,-2.2696,-2269.58
2024-02-14 02:20:00-05:00,SHORT,Breakout,1.07077,1.070897651306411,1.07022,2024-02-14 02:25:00-05:00,1.070897651306411,SL,0.00018,-1.0,-2.4101,-2410.09
2024-02-14 20:00:00-05:00,SHORT,Bounce,1.07317,1.0733309629862544,1.07242,2024-02-14 22:45:00-05:00,1.07242,TP,0.0002,4.6595,3.4169,3416.93
2024-02-15 19:15:00-05:00,SHORT,Breakout,1.07676,1.0768428378416592,1.0754299999999999,2024-02-16 03:45:00-05:00,1.0768428378416592,SL,0.000194,-1.0,-3.3419,-3341.92
2024-02-16 08:30:00-05:00,SHORT,Breakout,1.07427,1.0762686974624853,1.07271,2024-02-16 10:05:00-05:00,1.0762686974624853,SL,0.000162,-1.0,-1.0811,-1081.05
2024-02-20 03:05:00-05:00,SHORT,Bounce,1.07722,1.0774647123633692,1.07641,2024-02-20 03:50:00-05:00,1.0774647123633692,SL,0.00017,-1.0,-1.6947,-1694.69
2024-02-21 08:00:00-05:00,LONG,Breakout,1.08062,1.0801856451029925,1.08141,2024-02-21 09:10:00-05:00,1.08141,TP,0.00016,1.8188,1.4504,1450.43
2024-02-21 13:05:00-05:00,LONG,Bounce,1.08022,1.0799210081096455,1.08183,2024-02-21 14:00:00-05:00,1.08183,TP,0.00018,5.3848,4.7827,4782.74
2024-02-22 07:45:00-05:00,LONG,Bounce,1.08443,1.0843062301515105,1.08582,2024-02-22 07:55:00-05:00,1.0843062301515105,SL,0.00016,-1.0,-2.2927,-2292.72
2024-02-22 13:25:00-05:00,LONG,Breakout,1.08219,1.0818012494543063,1.08578,2024-02-22 15:30:00-05:00,1.0818012494543063,SL,0.00018,-1.0,-1.463,-1463.02
2024-02-22 19:05:00-05:00,LONG,Breakout,1.08259,1.0825185327750464,1.08578,2024-02-22 19:35:00-05:00,1.0825185327750464,SL,0.00019,-1.0,-3.6586,-3658.56
2024-02-22 20:40:00-05:00,LONG,Breakout,1.08293,1.082670388110878,1.08578,2024-02-22 20:55:00-05:00,1.082670388110878,SL,0.0002,-1.0,-1.7704,-1770.38
2024-02-22 21:20:00-05:00,LONG,Retest,1.08285,1.0826726287614943,1.08578,2024-02-22 21:25:00-05:00,1.0826726287614943,SL,0.000182,-1.0,-2.0261,-2026.1
2024-02-23 00:50:00-05:00,LONG,Bounce,1.08219,1.0821296004237784,1.08276,2024-02-23 01:45:00-05:00,1.0821296004237784,SL,0.000192,-1.0,-4.1788,-4178.83
2024-02-23 02:15:00-05:00,LONG,Breakout,1.08288,1.0827149582190836,1.08312,2024-02-23 02:20:00-05:00,1.0827149582190836,SL,0.00018,-1.0,-2.0906,-2090.63
2024-02-23 02:50:00-05:00,LONG,Breakout,1.08294,1.082706328833035,1.08312,2024-02-23 02:55:00-05:00,1.082706328833035,SL,0.00017,-1.0,-1.7275,-1727.52
2024-02-23 07:25:00-05:00,LONG,Breakout,1.08329,1.0830036328913781,1.08578,2024-02-23 08:00:00-05:00,1.0830036328913781,SL,0.00016,-1.0,-1.5587,-1558.72
2024-02-23 15:10:00-05:00,LONG,Bounce,1.08214,1.0819667501594141,1.08287,2024-02-23 15:20:00-05:00,1.0819667501594141,SL,0.00018,-1.0,-2.039,-2038.96
2024-02-26 00:55:00-05:00,LONG,Breakout,1.08222,1.0821486886204326,1.08287,2024-02-26 01:00:00-05:00,1.0821486886204326,SL,0.000188,-1.0,-3.6363,-3636.33
2024-02-26 01:50:00-05:00,LONG,Retest,1.08238,1.0821495153370433,1.08287,2024-02-26 02:05:00-05:00,1.08287,TP,0.00018,2.126,1.345,1344.99
2024-02-27 02:10:00-05:00,LONG,Breakout,1.08568,1.0854239153902856,1.08582,2024-02-27 02:20:00-05:00,1.08582,TP,0.00018,0.5467,-0.1562,-156.2
2024-02-27 19:30:00-05:00,LONG,Bounce,1.08425,1.0841176763608797,1.08469,2024-02-27 20:00:00-05:00,1.0841176763608797,SL,0.0002,-1.0,-2.5114,-2511.45
2024-02-28 19:50:00-05:00,LONG,Bounce,1.08355,1.0833701860678275,1.08397,2024-02-28 20:45:00-05:00,1.0833701860678275,SL,0.0002,-1.0,-2.1123,-2112.26
2024-02-29 02:00:00-05:00,LONG,Bounce,1.08338,1.083013558145968,1.08396,2024-02-29 02:45:00-05:00,1.083013558145968,SL,0.000184,-1.0,-1.5021,-1502.13
2024-02-29 03:05:00-05:00,LONG,Breakout,1.08391,1.0836598177593781,1.08451,2024-02-29 03:10:00-05:00,1.0836598177593781,SL,0.00017,-1.0,-1.6795,-1679.5
2024-02-29 04:00:00-05:00,LONG,Breakout,1.08452,1.0836411480183563,1.08559,2024-02-29 06:00:00-05:00,1.0836411480183563,SL,0.00017,-1.0,-1.1934,-1193.43
2024-02-29 06:15:00-05:00,LONG,Retest,1.084,1.0836669015784355,1.08537,2024-02-29 06:25:00-05:00,1.0836669015784355,SL,0.00017,-1.0,-1.5104,-1510.36
2024-02-29 08:45:00-05:00,LONG,Bounce,1.0838,1.083271361698426,1.08537,2024-02-29 10:00:00-05:00,1.08537,TP,0.00016,2.9699,2.6672,2667.23
2024-02-29 19:00:00-05:00,LONG,Breakout,1.08052,1.0804470811318483,1.08086,2024-02-29 19:05:00-05:00,1.0804470811318483,SL,0.000196,-1.0,-3.6879,-3687.92
2024-03-03 19:15:00-05:00,LONG,Breakout,1.08429,1.0842158334058827,1.08552,2024-03-03 20:05:00-05:00,1.0842158334058827,SL,0.000196,-1.0,-3.6427,-3642.7
2024-03-04 01:00:00-05:00,LONG,Bounce,1.08428,1.0841830031876158,1.08458,2024-03-04 01:35:00-05:00,1.08458,TP,0.0002,3.0929,1.031,1030.96
2024-03-04 02:00:00-05:00,LONG,Breakout,1.0849199999999999,1.084545397872329,1.08552,2024-03-04 02:30:00-05:00,1.084545397872329,SL,0.00018,-1.0,-1.4805,-1480.51
2024-03-04 02:35:00-05:00,LONG,Breakout,1.08477,1.0845321225803253,1.08552,2024-03-04 03:00:00-05:00,1.08552,TP,0.00017,3.1529,2.4382,2438.23
2024-03-05 03:10:00-05:00,LONG,Bounce,1.08487,1.084305854602693,1.08532,2024-03-05 03:45:00-05:00,1.084305854602693,SL,0.00017,-1.0,-1.3013,-1301.34
2024-03-05 08:05:00-05:00,LONG,Bounce,1.08485,1.084636361938715,1.08528,2024-03-05 08:20:00-05:00,1.084636361938715,SL,0.00016,-1.0,-1.7489,-1748.93
2024-03-05 09:45:00-05:00,LONG,Bounce,1.08453,1.0840361929921396,1.08551,2024-03-05 10:00:00-05:00,1.08551,TP,0.00016,1.9846,1.6606,1660.57
2024-03-05 10:00:00-05:00,LONG,Breakout,1.08642,1.0851702529168115,1.08876,2024-03-05 13:45:00-05:00,1.0851702529168115,SL,0.000162,-1.0,-1.1296,-1129.63
2024-03-06 00:10:00-05:00,LONG,Breakout,1.08527,1.0852099732440472,1.08579,2024-03-06 00:15:00-05:00,1.0852099732440472,SL,0.000196,-1.0,-4.2652,-4265.21
2024-03-06 08:30:00-05:00,LONG,Bounce,1.08742,1.0869722661651462,1.0878,2024-03-06 08:40:00-05:00,1.0878,TP,0.00016,0.8487,0.4914,491.36
2024-03-06 08:40:00-05:00,LONG,Breakout,1.08809,1.087727127458723,1.08876,2024-03-06 08:45:00-05:00,1.087727127458723,SL,0.00016,-1.0,-1.4409,-1440.93
2024-03-06 19:30:00-05:00,LONG,Breakout,1.09025,1.0900094754172662,1.0907,2024-03-06 20:00:00-05:00,1.0900094754172662,SL,0.000198,-1.0,-1.8232,-1823.2
2024-03-07 02:50:00-05:00,LONG,Bounce,1.08933,1.0891894956903638,1.09048,2024-03-07 02:55:00-05:00,1.0891894956903638,SL,0.00017,-1.0,-2.2099,-2209.93
2024-03-08 08:20:00-05:00,LONG,Breakout,1.09405,1.0937653226388027,1.09504,2024-03-08 08:30:00-05:00,1.0937653226388027,SL,0.00016,-1.0,-1.562,-1562.04
2024-03-08 08:30:00-05:00,LONG,Breakout,1.09481,1.0936918955406003,1.09863,2024-03-08 11:45:00-05:00,1.0936918955406003,SL,0.000162,-1.0,-1.1449,-1144.89
2024-03-11 02:30:00-04:00,LONG,Bounce,1.09367,1.0935441250396167,1.09411,2024-03-11 02:55:00-04:00,1.09411,TP,0.00018,3.4955,2.0655,2065.54
2024-03-11 03:00:00-04:00,LONG,Breakout,1.09429,1.0940707520099973,1.09458,2024-03-11 03:20:00-04:00,1.0940707520099973,SL,0.00018,-1.0,-1.821,-1820.99
2024-03-11 03:25:00-04:00,LONG,Breakout,1.09459,1.0940616716026952,1.09611,2024-03-11 03:35:00-04:00,1.0940616716026952,SL,0.00018,-1.0,-1.3407,-1340.7
2024-03-11 03:50:00-04:00,LONG,Breakout,1.09423,1.0940477091880978,1.09611,2024-03-11 04:00:00-04:00,1.0940477091880978,SL,0.00017,-1.0,-1.9326,-1932.58
2024-03-11 04:15:00-04:00,LONG,Retest,1.09429,1.0940435269522675,1.09611,2024-03-11 04:30:00-04:00,1.0940435269522675,SL,0.00017,-1.0,-1.6897,-1689.73
2024-03-11 19:25:00-04:00,LONG,Breakout,1.09269,1.0925977947598773,1.09295,2024-03-11 19:55:00-04:00,1.09295,TP,0.0002,2.8198,0.6507,650.72
2024-03-11 21:45:00-04:00,LONG,Breakout,1.09317,1.0931050595325529,1.09428,2024-03-11 22:05:00-04:00,1.0931050595325529,SL,0.000198,-1.0,-4.0489,-4048.95
2024-03-11 22:20:00-04:00,LONG,Breakout,1.09333,1.093101587000489,1.09428,2024-03-12 03:55:00-04:00,1.093101587000489,SL,0.0002,-1.0,-1.8756,-1875.61
2024-03-12 08:40:00-04:00,LONG,Breakout,1.09387,1.0931359706601445,1.09475,2024-03-12 08:45:00-04:00,1.0931359706601445,SL,0.00016,-1.0,-1.218,-1217.97
2024-03-12 19:30:00-04:00,LONG,Breakout,1.09269,1.0926129446825787,1.09432,2024-03-12 19:40:00-04:00,1.0926129446825787,SL,0.0002,-1.0,-3.5955,-3595.54
2024-03-12 20:05:00-04:00,LONG,Breakout,1.0927,1.0926132332192358,1.09432,2024-03-12 20:10:00-04:00,1.0926132332192358,SL,0.0002,-1.0,-3.305,-3305.03
2024-03-12 20:25:00-04:00,LONG,Breakout,1.09285,1.0927728601097093,1.09432,2024-03-12 20:30:00-04:00,1.0927728601097093,SL,0.0002,-1.0,-3.5927,-3592.69
2024-03-13 01:20:00-04:00,LONG,Bounce,1.0923,1.0922118100789633,1.09299,2024-03-13 03:05:00-04:00,1.09299,TP,0.0002,7.824,5.5562,5556.19
2024-03-13 03:10:00-04:00,LONG,Breakout,1.09297,1.0928116005799715,1.09432,2024-03-13 03:15:00-04:00,1.0928116005799715,SL,0.00018,-1.0,-2.1364,-2136.37
2024-03-13 03:25:00-04:00,LONG,Bounce,1.09218,1.0920421109599843,1.09432,2024-03-13 05:25:00-04:00,1.0920421109599843,SL,0.00018,-1.0,-2.3054,-2305.4
2024-03-13 10:40:00-04:00,LONG,Breakout,1.0942,1.0940667094519363,1.09467,2024-03-13 10:45:00-04:00,1.0940667094519363,SL,0.00016,-1.0,-2.2004,-2200.39
2024-03-13 12:30:00-04:00,LONG,Retest,1.09439,1.0940751140356333,1.09465,2024-03-13 12:50:00-04:00,1.09465,TP,0.00016,0.8257,0.3176,317.58
2024-03-14 03:10:00-04:00,LONG,Bounce,1.09392,1.0937677159920447,1.09422,2024-03-14 03:25:00-04:00,1.09422,TP,0.00018,1.97,0.788,788.0
2024-03-14 15:55:00-04:00,LONG,Breakout,1.08904,1.0888568923067241,1.08919,2024-03-14 16:00:00-04:00,1.0888568923067241,SL,0.00018,-1.0,-1.983,-1983.03
2024-03-21 03:00:00-04:00,LONG,Breakout,1.09389,1.0936019214885229,1.09438,2024-03-21 03:15:00-04:00,1.0936019214885229,SL,0.00018,-1.0,-1.6248,-1624.83
2024-03-21 15:55:00-04:00,LONG,Bounce,1.0856,1.0854794091352673,1.08624,2024-03-21 16:00:00-04:00,1.0854794091352673,SL,0.00018,-1.0,-2.4927,-2492.65
2024-03-21 20:05:00-04:00,LONG,Breakout,1.08628,1.0862154994666922,1.08654,2024-03-21 20:20:00-04:00,1.08654,TP,0.000198,4.031,0.9612,961.23
2024-03-22 02:40:00-04:00,SHORT,Breakout,1.08274,1.083047432945131,1.08223,2024-03-22 02:55:00-04:00,1.083047432945131,SL,0.00018,-1.0,-1.5855,-1585.49
2024-03-22 03:15:00-04:00,SHORT,Breakout,1.08285,1.0830558977047182,1.08223,2024-03-22 03:25:00-04:00,1.08223,TP,0.00018,3.0112,2.137,2136.98
2024-03-22 14:55:00-04:00,SHORT,Breakout,1.08031,1.080387969232796,1.07971,2024-03-22 15:40:00-04:00,1.080387969232796,SL,0.00018,-1.0,-3.3086,-3308.6
2024-03-24 20:05:00-04:00,SHORT,Bounce,1.08079,1.0809040820976827,1.08041,2024-03-24 20:20:00-04:00,1.08041,TP,0.0002,3.3309,1.5778,1577.81
2024-03-24 20:20:00-04:00,SHORT,Breakout,1.08037,1.080444163399639,1.08008,2024-03-24 21:15:00-04:00,1.080444163399639,SL,0.0002,-1.0,-3.6967,-3696.75
2024-03-25 03:55:00-04:00,SHORT,Breakout,1.08133,1.0814316044487564,1.08095,2024-03-25 04:00:00-04:00,1.0814316044487564,SL,0.00017,-1.0,-2.6732,-2673.16
2024-03-25 04:35:00-04:00,SHORT,Breakout,1.08077,1.0814487246593911,1.08009,2024-03-25 05:05:00-04:00,1.0814487246593911,SL,0.00017,-1.0,-1.2505,-1250.47
2024-03-25 23:40:00-04:00,SHORT,Breakout,1.0835,1.083816134580155,1.08325,2024-03-26 00:25:00-04:00,1.083816134580155,SL,0.0002,-1.0,-1.6326,-1632.64
2024-03-26 01:30:00-04:00,SHORT,Bounce,1.08421,1.0843793757857831,1.08346,2024-03-26 01:40:00-04:00,1.0843793757857831,SL,0.000196,-1.0,-2.1572,-2157.19
2024-03-26 08:20:00-04:00,SHORT,Breakout,1.08493,1.0852949070583553,1.08376,2024-03-26 08:30:00-04:00,1.0852949070583553,SL,0.00016,-1.0,-1.4385,-1438.47
2024-03-26 08:40:00-04:00,SHORT,Breakout,1.08501,1.0853055634239297,1.08376,2024-03-26 09:00:00-04:00,1.0853055634239297,SL,0.00016,-1.0,-1.5413,-1541.34
2024-03-26 15:55:00-04:00,SHORT,Breakout,1.08278,1.0829085946039985,1.08233,2024-03-26 16:10:00-04:00,1.0829085946039985,SL,0.00018,-1.0,-2.3997,-2399.75
2024-03-27 04:00:00-04:00,SHORT,Breakout,1.08216,1.0824010234486405,1.08194,2024-03-27 04:05:00-04:00,1.0824010234486405,SL,0.00017,-1.0,-1.7053,-1705.33
2024-03-27 18:05:00-04:00,SHORT,Breakout,1.08135,1.081687545713399,1.08098,2024-03-27 18:45:00-04:00,1.08098,TP,0.000334,1.0961,0.1067,106.65
2024-03-27 20:10:00-04:00,SHORT,Breakout,1.08075,1.0808671879963017,1.08062,2024-03-27 20:20:00-04:00,1.0808671879963017,SL,0.0002,-1.0,-2.7067,-2706.66
2024-03-28 02:30:00-04:00,SHORT,Breakout,1.08181,1.081962895657184,1.0814,2024-03-28 02:40:00-04:00,1.081962895657184,SL,0.00018,-1.0,-2.1773,-2177.27
2024-03-28 02:40:00-04:00,SHORT,Retest,1.08182,1.08196347635747,1.0814,2024-03-28 02:50:00-04:00,1.0814,TP,0.00018,2.9273,1.6727,1672.75
2024-03-28 17:40:00-04:00,SHORT,Bounce,1.07871,1.078903210385341,1.07828,2024-03-28 18:00:00-04:00,1.078903210385341,SL,0.000398,-1.0,-3.0599,-3059.93
2024-03-28 18:00:00-04:00,SHORT,Bounce,1.07881,1.0789057964862487,1.07828,2024-03-28 18:05:00-04:00,1.0789057964862487,SL,0.00038,-1.0,-4.9667,-4966.74
2024-03-28 18:20:00-04:00,SHORT,Bounce,1.07881,1.0789126427385398,1.07828,2024-03-28 18:25:00-04:00,1.0789126427385398,SL,0.000394,-1.0,-4.8386,-4838.56
2024-03-29 03:50:00-04:00,SHORT,Breakout,1.07689,1.0773405539835925,1.07664,2024-03-29 04:30:00-04:00,1.0773405539835925,SL,0.00017,-1.0,-1.3773,-1377.31
2024-03-29 11:00:00-04:00,SHORT,Breakout,1.0792,1.0793999789522668,1.0777,2024-03-29 16:25:00-04:00,1.0793999789522668,SL,0.00016,-1.0,-1.8001,-1800.08
2024-03-31 20:05:00-04:00,SHORT,Bounce,1.07936,1.0795823794621728,1.07834,2024-03-31 20:20:00-04:00,1.0795823794621728,SL,0.0002,-1.0,-1.8994,-1899.36
2024-04-01 06:15:00-04:00,SHORT,Breakout,1.07811,1.0782443588255597,1.0777,2024-04-01 07:10:00-04:00,1.0782443588255597,SL,0.00017,-1.0,-2.2653,-2265.27
2024-04-01 08:30:00-04:00,SHORT,Breakout,1.07772,1.0779123876912284,1.07671,2024-04-01 08:35:00-04:00,1.0779123876912284,SL,0.00016,-1.0,-1.8317,-1831.65
2024-04-01 08:40:00-04:00,SHORT,Breakout,1.0778,1.0779151199990695,1.07671,2024-04-01 08:45:00-04:00,1.0779151199990695,SL,0.00016,-1.0,-2.3899,-2389.85
2024-04-01 09:40:00-04:00,SHORT,Retest,1.07758,1.0779166969309486,1.07671,2024-04-01 10:00:00-04:00,1.07671,TP,0.00016,2.5839,2.1087,2108.72
2024-04-01 19:05:00-04:00,SHORT,Breakout,1.07349,1.0736080587214925,1.07301,2024-04-01 19:10:00-04:00,1.0736080587214925,SL,0.0002,-1.0,-2.6941,-2694.07
2024-04-01 20:00:00-04:00,SHORT,Breakout,1.07325,1.073499496824699,1.07301,2024-04-01 20:25:00-04:00,1.07301,TP,0.000196,0.9619,0.1764,176.35
2024-04-02 03:00:00-04:00,SHORT,Breakout,1.07273,1.0728580231469296,1.07236,2024-04-02 03:05:00-04:00,1.0728580231469296,SL,0.00017,-1.0,-2.3279,-2327.88
2024-04-02 04:25:00-04:00,SHORT,Retest,1.07264,1.0728868047948734,1.07237,2024-04-02 04:30:00-04:00,1.0728868047948734,SL,0.00017,-1.0,-1.6888,-1688.8
2024-04-02 14:55:00-04:00,SHORT,Breakout,1.07623,1.076384303485102,1.0737700000000001,2024-04-02 15:05:00-04:00,1.076384303485102,SL,0.00018,-1.0,-2.1665,-2166.53
2024-04-03 03:05:00-04:00,SHORT,Breakout,1.0764,1.07650109684724,1.07591,2024-04-03 03:10:00-04:00,1.07650109684724,SL,0.00017,-1.0,-2.6816,-2681.56
2024-04-03 03:20:00-04:00,SHORT,Breakout,1.07641,1.0765038701798053,1.07591,2024-04-03 03:30:00-04:00,1.0765038701798053,SL,0.00017,-1.0,-2.811,-2811.01
2024-04-04 01:25:00-04:00,LONG,Breakout,1.08443,1.084372600626229,1.08579,2024-04-04 01:50:00-04:00,1.084372600626229,SL,0.000196,-1.0,-4.4147,-4414.67
2024-04-04 03:15:00-04:00,LONG,Breakout,1.08485,1.0845140597343745,1.08579,2024-04-04 04:25:00-04:00,1.08579,TP,0.00017,2.7981,2.2921,2292.07
2024-04-04 08:20:00-04:00,LONG,Bounce,1.08519,1.0849380859696887,1.08616,2024-04-04 08:40:00-04:00,1.08616,TP,0.00016,3.8505,3.2154,3215.38
2024-04-04 08:45:00-04:00,LONG,Breakout,1.08651,1.08609294984966,1.08672,2024-04-04 08:50:00-04:00,1.08672,TP,0.00016,0.5035,0.1199,119.89
2024-04-09 02:00:00-04:00,LONG,Breakout,1.08587,1.0857348165653073,1.08613,2024-04-09 02:05:00-04:00,1.08613,TP,0.00018,1.9233,0.5918,591.79
2024-04-09 02:30:00-04:00,LONG,Bounce,1.08554,1.085252511831111,1.08626,2024-04-09 02:50:00-04:00,1.085252511831111,SL,0.00017,-1.0,-1.5913,-1591.33
2024-04-09 04:05:00-04:00,LONG,Bounce,1.08512,1.0849690899891047,1.08595,2024-04-09 05:10:00-04:00,1.08595,TP,0.00017,5.5,4.3735,4373.47
2024-04-09 05:40:00-04:00,LONG,Breakout,1.08635,1.0858865086960159,1.08758,2024-04-09 07:40:00-04:00,1.0858865086960159,SL,0.00017,-1.0,-1.3668,-1366.78
2024-04-09 07:50:00-04:00,LONG,Retest,1.08603,1.0858929149865224,1.08758,2024-04-09 08:40:00-04:00,1.08758,TP,0.00016,11.3069,10.1397,10139.69
2024-04-09 08:40:00-04:00,LONG,Breakout,1.08768,1.087160756556726,1.09164,2024-04-09 10:25:00-04:00,1.087160756556726,SL,0.00016,-1.0,-1.3081,-1308.14
2024-04-09 22:05:00-04:00,LONG,Bounce,1.08532,1.0852436229778546,1.0858,2024-04-09 22:10:00-04:00,1.0852436229778546,SL,0.000194,-1.0,-3.54,-3540.03
2024-04-10 01:10:00-04:00,LONG,Breakout,1.08537,1.0853099978689802,1.0858,2024-04-10 01:40:00-04:00,1.0853099978689802,SL,0.000196,-1.0,-4.2666,-4266.55
2024-04-10 08:00:00-04:00,LONG,Breakout,1.08587,1.0855976648279833,1.08844,2024-04-10 08:30:00-04:00,1.0855976648279833,SL,0.00016,-1.0,-1.5875,-1587.51
2024-04-10 20:00:00-04:00,LONG,Bounce,1.074,1.07373224822109,1.07448,2024-04-10 20:35:00-04:00,1.07448,TP,0.0002,1.7927,1.0457,1045.74
2024-04-10 22:30:00-04:00,LONG,Retest,1.07453,1.0743502299684942,1.07536,2024-04-10 22:40:00-04:00,1.0743502299684942,SL,0.0002,-1.0,-2.1125,-2112.53
2024-04-11 01:55:00-04:00,SHORT,Breakout,1.0742,1.074310225364258,1.074,2024-04-11 02:00:00-04:00,1.074,TP,0.00018,1.8145,0.1814,181.45
2024-04-11 08:15:00-04:00,SHORT,Breakout,1.07192,1.0725973585620807,1.07056,2024-04-11 08:25:00-04:00,1.0725973585620807,SL,0.000162,-1.0,-1.2392,-1239.16
2024-04-11 20:00:00-04:00,SHORT,Breakout,1.0723,1.072371209256304,1.06983,2024-04-11 20:05:00-04:00,1.072371209256304,SL,0.0002,-1.0,-3.8086,-3808.62
2024-04-11 20:15:00-04:00,SHORT,Breakout,1.0722,1.072377444145809,1.06983,2024-04-11 20:35:00-04:00,1.072377444145809,SL,0.0002,-1.0,-2.1271,-2127.12
2024-04-11 21:00:00-04:00,SHORT,Bounce,1.07256,1.0727045667196589,1.06983,2024-04-11 21:05:00-04:00,1.0727045667196589,SL,0.0002,-1.0,-2.3834,-2383.44
2024-04-11 21:05:00-04:00,SHORT,Bounce,1.07252,1.072705811953969,1.07215,2024-04-11 21:30:00-04:00,1.072705811953969,SL,0.0002,-1.0,-2.0764,-2076.36
2024-04-12 02:00:00-04:00,SHORT,Breakout,1.07058,1.0709939243746087,1.06983,2024-04-12 02:35:00-04:00,1.06983,TP,0.000184,1.8119,1.3674,1367.4
2024-04-12 04:55:00-04:00,SHORT,Breakout,1.06703,1.0674546436723191,1.0667,2024-04-12 05:15:00-04:00,1.0667,TP,0.00017,0.7771,0.3768,376.79
2024-04-15 03:00:00-04:00,SHORT,Bounce,1.06518,1.065360068257572,1.06459,2024-04-15 03:05:00-04:00,1.065360068257572,SL,0.00017,-1.0,-1.9441,-1944.09
2024-04-15 07:20:00-04:00,SHORT,Bounce,1.06598,1.0662496706082552,1.0648900000000001,2024-04-15 08:30:00-04:00,1.0648900000000001,TP,0.00016,4.042,3.4487,3448.65
2024-04-15 08:30:00-04:00,SHORT,Breakout,1.06309,1.0651649739620799,1.06216,2024-04-15 09:00:00-04:00,1.0651649739620799,SL,0.000162,-1.0,-1.0781,-1078.07
2024-04-16 02:25:00-04:00,SHORT,Breakout,1.06044,1.0605669372355786,1.05905,2024-04-16 02:35:00-04:00,1.0605669372355786,SL,0.00018,-1.0,-2.418,-2418.02
2024-04-16 14:10:00-04:00,SHORT,Breakout,1.06234,1.0627856142483605,1.05905,2024-04-16 14:35:00-04:00,1.0627856142483605,SL,0.00018,-1.0,-1.4039,-1403.94
2024-04-16 21:35:00-04:00,SHORT,Bounce,1.06236,1.0624798856053983,1.06163,2024-04-16 21:40:00-04:00,1.0624798856053983,SL,0.0002,-1.0,-2.6683,-2668.26
2024-04-17 01:30:00-04:00,SHORT,Breakout,1.06139,1.0616682163374316,1.06104,2024-04-17 01:55:00-04:00,1.06104,TP,0.00018,1.258,0.611,611.04
2024-04-17 02:15:00-04:00,SHORT,Breakout,1.06146,1.0616916779132561,1.06,2024-04-17 02:20:00-04:00,1.0616916779132561,SL,0.00018,-1.0,-1.7769,-1776.94
2024-04-17 09:45:00-04:00,SHORT,Bounce,1.06475,1.0649458968382362,1.06305,2024-04-17 10:50:00-04:00,1.06305,TP,0.00016,8.678,7.8613,7861.28
2024-04-17 12:30:00-04:00,SHORT,Bounce,1.06495,1.065315281327951,1.06291,2024-04-17 12:45:00-04:00,1.065315281327951,SL,0.00018,-1.0,-1.4928,-1492.77
2024-04-17 13:00:00-04:00,SHORT,Bounce,1.06493,1.0653222048547595,1.0635,2024-04-17 13:05:00-04:00,1.0653222048547595,SL,0.00018,-1.0,-1.4589,-1458.94
2024-04-18 00:30:00-04:00,SHORT,Bounce,1.06778,1.0678454316124806,1.06635,2024-04-18 01:25:00-04:00,1.0678454316124806,SL,0.0002,-1.0,-4.0566,-4056.63
2024-04-18 08:00:00-04:00,SHORT,Bounce,1.06763,1.067893141665652,1.06689,2024-04-18 08:10:00-04:00,1.067893141665652,SL,0.00016,-1.0,-1.608,-1608.04
2024-04-18 08:20:00-04:00,SHORT,Breakout,1.06679,1.0669591971863985,1.06635,2024-04-18 08:25:00-04:00,1.0669591971863985,SL,0.00016,-1.0,-1.9456,-1945.64
2024-04-18 08:30:00-04:00,SHORT,Breakout,1.0662,1.06697925675766,1.0635,2024-04-18 20:20:00-04:00,1.0635,TP,0.00016,3.4648,3.2595,3259.52
2024-04-18 20:55:00-04:00,SHORT,Breakout,1.06378,1.0638701824437933,1.06291,2024-04-18 21:00:00-04:00,1.0638701824437933,SL,0.0002,-1.0,-3.2177,-3217.73
2024-04-18 21:05:00-04:00,SHORT,Retest,1.06347,1.063874851188781,1.06291,2024-04-18 21:20:00-04:00,1.06291,TP,0.0002,1.3832,0.8892,889.22
2024-04-21 21:15:00-04:00,SHORT,Bounce,1.06597,1.066454772937582,1.06409,2024-04-21 21:20:00-04:00,1.066454772937582,SL,0.0002,-1.0,-1.4126,-1412.56
2024-04-22 02:45:00-04:00,SHORT,Breakout,1.06607,1.066158864774966,1.0659399999999999,2024-04-22 02:50:00-04:00,1.066158864774966,SL,0.00017,-1.0,-2.913,-2913.02
2024-04-22 03:15:00-04:00,SHORT,Breakout,1.06572,1.066171043567836,1.06518,2024-04-22 03:35:00-04:00,1.06518,TP,0.00017,1.1972,0.8203,820.32
2024-04-22 07:10:00-04:00,SHORT,Breakout,1.06436,1.064707582532558,1.06409,2024-04-22 07:15:00-04:00,1.06409,TP,0.00016,0.7768,0.3165,316.47
2024-04-22 09:25:00-04:00,SHORT,Breakout,1.06266,1.0630526190874003,1.06094,2024-04-22 09:40:00-04:00,1.0630526190874003,SL,0.00016,-1.0,-1.4075,-1407.52
2024-05-01 02:40:00-04:00,SHORT,Breakout,1.06543,1.0656545637187482,1.06522,2024-05-01 02:45:00-04:00,1.06522,TP,0.00017,0.9351,0.1781,178.12
2024-05-03 01:30:00-04:00,LONG,Breakout,1.07363,1.0734889307370126,1.07387,2024-05-03 01:50:00-04:00,1.0734889307370126,SL,0.00018,-1.0,-2.276,-2275.97
2024-05-03 04:00:00-04:00,LONG,Breakout,1.07398,1.0736337203766568,1.07522,2024-05-03 08:25:00-04:00,1.07522,TP,0.00017,3.5809,3.09,3089.99
2024-05-03 10:25:00-04:00,LONG,Retest,1.07558,1.074695045534489,1.08117,2024-05-07 19:45:00-04:00,1.074695045534489,SL,0.00016,-1.0,-1.1808,-1180.8
2024-05-09 08:30:00-04:00,LONG,Breakout,1.07507,1.0736790818706654,1.07567,2024-05-09 08:40:00-04:00,1.07567,TP,0.00016,0.4314,0.3163,316.34
2024-05-09 14:55:00-04:00,LONG,Breakout,1.07809,1.077901672432583,1.0782,2024-05-09 15:00:00-04:00,1.0782,TP,0.00018,0.5841,-0.3717,-371.69
2024-05-09 15:10:00-04:00,LONG,Retest,1.07806,1.0779034017253588,1.07866,2024-05-09 17:15:00-04:00,1.0779034017253588,SL,0.00018,-1.0,-2.1494,-2149.44
2024-05-09 20:05:00-04:00,LONG,Bounce,1.07796,1.0778008878923988,1.0785,2024-05-09 20:15:00-04:00,1.0778008878923988,SL,0.0002,-1.0,-2.257,-2256.98
2024-05-09 20:15:00-04:00,LONG,Bounce,1.07791,1.0778011839480377,1.0785,2024-05-09 20:20:00-04:00,1.0778011839480377,SL,0.000198,-1.0,-2.8196,-2819.58
2024-05-09 21:15:00-04:00,LONG,Bounce,1.07795,1.0777983919861445,1.0785,2024-05-09 21:35:00-04:00,1.0777983919861445,SL,0.0002,-1.0,-2.3192,-2319.19
2024-05-10 02:00:00-04:00,LONG,Breakout,1.07768,1.0775704540989055,1.07816,2024-05-10 02:10:00-04:00,1.07816,TP,0.00018,4.3817,2.7386,2738.58
2024-05-12 21:00:00-04:00,LONG,Bounce,1.07679,1.0766758568082566,1.07743,2024-05-12 21:45:00-04:00,1.0766758568082566,SL,0.000198,-1.0,-2.7347,-2734.66
2024-05-13 01:35:00-04:00,LONG,Breakout,1.07721,1.0771251051286257,1.07743,2024-05-13 02:00:00-04:00,1.07743,TP,0.00018,2.5914,0.4712,471.17
2024-05-13 03:25:00-04:00,LONG,Breakout,1.07754,1.0774456056960597,1.07785,2024-05-13 03:30:00-04:00,1.0774456056960597,SL,0.00017,-1.0,-2.801,-2800.96
2024-05-13 07:45:00-04:00,LONG,Breakout,1.07922,1.0787388049652091,1.07954,2024-05-13 08:05:00-04:00,1.07954,TP,0.00016,0.665,0.3325,332.51
2024-05-14 01:55:00-04:00,LONG,Bounce,1.07855,1.0783270932559774,1.07879,2024-05-14 02:15:00-04:00,1.07879,TP,0.00018,1.0767,0.2692,269.17
2024-05-14 05:15:00-04:00,LONG,Breakout,1.0792,1.0788024521904487,1.07981,2024-05-14 05:30:00-04:00,1.0788024521904487,SL,0.00017,-1.0,-1.4276,-1427.62
2024-05-14 08:30:00-04:00,LONG,Bounce,1.0787,1.0773539362360096,1.08046,2024-05-14 08:40:00-04:00,1.08046,TP,0.000162,1.3075,1.1872,1187.17
2024-05-14 08:40:00-04:00,LONG,Breakout,1.08041,1.0797188123667634,1.08117,2024-05-14 09:05:00-04:00,1.08117,TP,0.00016,1.0996,0.8681,868.07
2024-05-14 19:50:00-04:00,LONG,Bounce,1.08142,1.0813755836114671,1.08163,2024-05-14 19:55:00-04:00,1.0813755836114671,SL,0.000194,-1.0,-5.3678,-5367.76
2024-05-14 20:50:00-04:00,LONG,Breakout,1.08168,1.0816021410020342,1.08209,2024-05-14 20:55:00-04:00,1.0816021410020342,SL,0.000192,-1.0,-3.466,-3466.0
2024-05-15 02:00:00-04:00,LONG,Breakout,1.08273,1.082660541470697,1.08643,2024-05-15 02:05:00-04:00,1.082660541470697,SL,0.00018,-1.0,-3.5915,-3591.47
2024-05-15 02:50:00-04:00,LONG,Breakout,1.08276,1.0826480791327853,1.08643,2024-05-15 02:55:00-04:00,1.0826480791327853,SL,0.00017,-1.0,-2.5189,-2518.93
2024-05-15 04:45:00-04:00,LONG,Retest,1.08284,1.0826279019954312,1.08643,2024-05-15 05:15:00-04:00,1.0826279019954312,SL,0.00017,-1.0,-1.8015,-1801.52
2024-05-15 08:15:00-04:00,LONG,Breakout,1.08329,1.0828610386549362,1.08643,2024-05-15 08:25:00-04:00,1.0828610386549362,SL,0.00016,-1.0,-1.373,-1372.99
2024-05-15 18:05:00-04:00,LONG,Breakout,1.08864,1.0884507951457814,1.09164,2024-05-15 21:45:00-04:00,1.0884507951457814,SL,0.000286,-1.0,-2.5116,-2511.59
2024-05-17 02:00:00-04:00,LONG,Breakout,1.08629,1.0860145780885337,1.08678,2024-05-17 02:35:00-04:00,1.0860145780885337,SL,0.00018,-1.0,-1.6535,-1653.54
2024-05-17 02:55:00-04:00,LONG,Breakout,1.08618,1.0860088908028847,1.08678,2024-05-17 03:40:00-04:00,1.0860088908028847,SL,0.00017,-1.0,-1.9935,-1993.52
2024-05-17 09:00:00-04:00,LONG,Breakout,1.08457,1.0844426714418476,1.08676,2024-05-17 10:40:00-04:00,1.08676,TP,0.00016,17.1996,15.943,15943.01
2024-05-17 14:00:00-04:00,LONG,Breakout,1.08748,1.0873036012767798,1.08777,2024-05-17 14:05:00-04:00,1.0873036012767798,SL,0.000178,-1.0,-2.0091,-2009.08
2024-05-17 14:40:00-04:00,LONG,Retest,1.0874,1.087309131875003,1.08777,2024-05-17 14:45:00-04:00,1.087309131875003,SL,0.000178,-1.0,-2.9589,-2958.88
2024-05-20 02:05:00-04:00,LONG,Breakout,1.08827,1.088114053129476,1.08884,2024-05-20 02:10:00-04:00,1.088114053129476,SL,0.00018,-1.0,-2.1542,-2154.24
2024-05-20 03:15:00-04:00,LONG,Bounce,1.08719,1.0869965943441298,1.08884,2024-05-20 03:25:00-04:00,1.0869965943441298,SL,0.00017,-1.0,-1.879,-1878.98
2024-05-20 03:25:00-04:00,LONG,Bounce,1.08709,1.0869946553273364,1.08839,2024-05-20 03:50:00-04:00,1.0869946553273364,SL,0.00017,-1.0,-2.783,-2783.0
2024-05-20 20:50:00-04:00,LONG,Breakout,1.0860400000000001,1.085954618445878,1.08659,2024-05-20 20:55:00-04:00,1.085954618445878,SL,0.000186,-1.0,-3.1785,-3178.46
2024-05-21 01:55:00-04:00,LONG,Breakout,1.08573,1.0855782782113441,1.08611,2024-05-21 02:15:00-04:00,1.08611,TP,0.000178,2.5046,1.3314,1331.38
2024-05-21 13:00:00-04:00,LONG,Bounce,1.08533,1.085032069797867,1.0861,2024-05-21 13:05:00-04:00,1.085032069797867,SL,0.00018,-1.0,-1.6042,-1604.17
2024-05-21 21:45:00-04:00,LONG,Breakout,1.08595,1.0858482686269346,1.0861,2024-05-21 21:55:00-04:00,1.0858482686269346,SL,0.00019,-1.0,-2.8677,-2867.66
2024-05-21 22:00:00-04:00,LONG,Breakout,1.08602,1.0858442857774693,1.08699,2024-05-21 22:20:00-04:00,1.0858442857774693,SL,0.0002,-1.0,-2.1382,-2138.21
2024-05-23 02:00:00-04:00,LONG,Bounce,1.08227,1.0820353014251756,1.08314,2024-05-23 03:15:00-04:00,1.0820353014251756,SL,0.00018,-1.0,-1.7669,-1766.94
2024-05-23 07:55:00-04:00,LONG,Breakout,1.08495,1.084706327970492,1.08628,2024-05-23 08:40:00-04:00,1.084706327970492,SL,0.00016,-1.0,-1.6566,-1656.62
2024-05-23 08:50:00-04:00,LONG,Breakout,1.08518,1.0846930609503176,1.08628,2024-05-23 09:45:00-04:00,1.0846930609503176,SL,0.00016,-1.0,-1.3286,-1328.58
2024-05-27 02:50:00-04:00,LONG,Breakout,1.0849,1.084832889235831,1.08512,2024-05-27 03:00:00-04:00,1.084832889235831,SL,0.00017,-1.0,-3.5331,-3533.13
2024-05-27 03:50:00-04:00,LONG,Retest,1.08497,1.0848248571147763,1.08525,2024-05-27 04:00:00-04:00,1.0848248571147763,SL,0.00017,-1.0,-2.1713,-2171.26
2024-05-27 19:55:00-04:00,LONG,Breakout,1.0860400000000001,1.085955252191214,1.08612,2024-05-27 20:00:00-04:00,1.08612,TP,0.000188,0.944,-1.2744,-1274.37
2024-05-27 20:00:00-04:00,LONG,Retest,1.0861399999999999,1.0859540198918416,1.08634,2024-05-27 20:15:00-04:00,1.08634,TP,0.000188,1.0754,0.0645,64.52
2024-05-28 03:05:00-04:00,LONG,Bounce,1.08743,1.087114913921604,1.08839,2024-05-28 03:15:00-04:00,1.087114913921604,SL,0.00017,-1.0,-1.5395,-1539.54
2024-05-28 03:15:00-04:00,LONG,Bounce,1.08723,1.0871138696568934,1.08792,2024-05-28 04:30:00-04:00,1.0871138696568934,SL,0.00017,-1.0,-2.4639,-2463.87
2024-05-29 02:05:00-04:00,LONG,Breakout,1.0848,1.084726106642897,1.0856,2024-05-29 02:10:00-04:00,1.084726106642897,SL,0.00018,-1.0,-3.4359,-3435.94
2024-05-29 02:25:00-04:00,LONG,Breakout,1.08488,1.084720526234584,1.0856,2024-05-29 03:15:00-04:00,1.0856,TP,0.00018,4.5148,3.3861,3386.14
2024-05-29 08:00:00-04:00,LONG,Breakout,1.08523,1.085074579734067,1.0858,2024-05-29 08:35:00-04:00,1.085074579734067,SL,0.000162,-1.0,-2.0423,-2042.34
2024-05-29 19:40:00-04:00,LONG,Bounce,1.08002,1.0797767485404643,1.08057,2024-05-29 20:05:00-04:00,1.0797767485404643,SL,0.000182,-1.0,-1.7482,-1748.2
2024-05-30 00:35:00-04:00,SHORT,Breakout,1.07922,1.0793009600721144,1.07663,2024-05-30 00:50:00-04:00,1.0793009600721144,SL,0.0002,-1.0,-3.4704,-3470.35
2024-05-30 08:00:00-04:00,SHORT,Bounce,1.08166,1.0819724170609173,1.08074,2024-05-30 08:30:00-04:00,1.0819724170609173,SL,0.00016,-1.0,-1.5121,-1512.14
2024-05-30 15:00:00-04:00,SHORT,Breakout,1.0834,1.0835194184442274,1.08245,2024-05-30 15:05:00-04:00,1.0835194184442274,SL,0.000176,-1.0,-2.4738,-2473.81
2024-05-30 21:05:00-04:00,SHORT,Bounce,1.08304,1.0832963127025375,1.08282,2024-05-30 21:15:00-04:00,1.08282,TP,0.000196,0.8583,0.0936,93.64
2024-05-30 21:15:00-04:00,SHORT,Breakout,1.0827,1.0828585349322897,1.0826,2024-05-30 21:20:00-04:00,1.0828585349322897,SL,0.000196,-1.0,-2.2363,-2236.32
2024-05-30 21:35:00-04:00,SHORT,Retest,1.0827,1.0828601427061935,1.08245,2024-05-30 21:40:00-04:00,1.08245,TP,0.000196,1.5611,0.3372,337.2
2024-06-02 20:20:00-04:00,LONG,Breakout,1.08538,1.0853159746932899,1.08768,2024-06-02 20:30:00-04:00,1.0853159746932899,SL,0.000194,-1.0,-4.0301,-4030.05
2024-06-02 21:10:00-04:00,LONG,Retest,1.08549,1.0853172433204823,1.08768,2024-06-02 22:05:00-04:00,1.0853172433204823,SL,0.000184,-1.0,-2.0651,-2065.08
2024-06-03 01:45:00-04:00,LONG,Bounce,1.08485,1.0847693089355208,1.08538,2024-06-03 02:15:00-04:00,1.0847693089355208,SL,0.00018,-1.0,-3.2307,-3230.73
2024-06-03 02:20:00-04:00,LONG,Bounce,1.0849199999999999,1.0847630331213616,1.08538,2024-06-03 02:25:00-04:00,1.0847630331213616,SL,0.00018,-1.0,-2.1467,-2146.74
2024-06-03 14:20:00-04:00,LONG,Breakout,1.08913,1.088929732126822,1.08942,2024-06-03 14:35:00-04:00,1.08942,TP,0.00018,1.4481,0.5493,549.26
2024-06-03 20:00:00-04:00,LONG,Breakout,1.09129,1.0908316570651744,1.09164,2024-06-03 21:35:00-04:00,1.0908316570651744,SL,0.0002,-1.0,-1.4364,-1436.35
2024-06-04 10:00:00-04:00,LONG,Breakout,1.08722,1.0868718098946615,1.091,2024-06-04 10:05:00-04:00,1.0868718098946615,SL,0.00016,-1.0,-1.4595,-1459.52
2024-06-04 19:55:00-04:00,LONG,Breakout,1.08807,1.087952096634991,1.08868,2024-06-04 20:00:00-04:00,1.087952096634991,SL,0.000178,-1.0,-2.5097,-2509.71
2024-06-04 20:10:00-04:00,LONG,Breakout,1.08801,1.087948381307243,1.08868,2024-06-04 20:15:00-04:00,1.087948381307243,SL,0.00019,-1.0,-4.0835,-4083.48
2024-06-04 20:35:00-04:00,LONG,Breakout,1.08811,1.087947202747944,1.08868,2024-06-04 23:20:00-04:00,1.087947202747944,SL,0.000192,-1.0,-2.1794,-2179.38
2024-06-05 01:50:00-04:00,LONG,Bounce,1.08767,1.0875317268519262,1.08851,2024-06-05 02:05:00-04:00,1.0875317268519262,SL,0.000178,-1.0,-2.2873,-2287.31
2024-06-05 03:10:00-04:00,LONG,Bounce,1.08732,1.0870629906177018,1.08814,2024-06-05 03:50:00-04:00,1.0870629906177018,SL,0.00017,-1.0,-1.6615,-1661.45
2024-06-06 00:40:00-04:00,LONG,Bounce,1.08873,1.088647808541321,1.08949,2024-06-06 00:45:00-04:00,1.088647808541321,SL,0.000188,-1.0,-3.2873,-3287.34
2024-06-06 08:15:00-04:00,LONG,Breakout,1.08828,1.088064679266908,1.08875,2024-06-06 08:20:00-04:00,1.088064679266908,SL,0.000162,-1.0,-1.7524,-1752.37
2024-06-06 09:45:00-04:00,LONG,Retest,1.08858,1.088011202227585,1.09012,2024-06-06 10:10:00-04:00,1.088011202227585,SL,0.00016,-1.0,-1.2813,-1281.3
2024-06-06 13:30:00-04:00,LONG,Breakout,1.08872,1.0886182406772411,1.08906,2024-06-06 13:45:00-04:00,1.08906,TP,0.00018,3.3412,1.5723,1572.34
2024-06-07 07:45:00-04:00,LONG,Breakout,1.08988,1.089499913842586,1.09012,2024-06-07 08:10:00-04:00,1.089499913842586,SL,0.00016,-1.0,-1.421,-1420.96
2024-06-10 02:25:00-04:00,SHORT,Bounce,1.07514,1.075537511720834,1.07472,2024-06-10 02:40:00-04:00,1.075537511720834,SL,0.00018,-1.0,-1.4528,-1452.82
2024-06-10 03:00:00-04:00,SHORT,Bounce,1.0749900000000001,1.075550821446619,1.0723,2024-06-10 03:20:00-04:00,1.075550821446619,SL,0.00017,-1.0,-1.3031,-1303.13
2024-06-11 01:55:00-04:00,SHORT,Breakout,1.07645,1.076566716420551,1.07601,2024-06-11 02:00:00-04:00,1.076566716420551,SL,0.00018,-1.0,-2.5422,-2542.2
2024-06-11 03:15:00-04:00,SHORT,Breakout,1.07619,1.0763599633647818,1.07601,2024-06-11 03:20:00-04:00,1.0763599633647818,SL,0.00017,-1.0,-2.0002,-2000.22
2024-06-11 04:10:00-04:00,SHORT,Retest,1.07612,1.0763654168787706,1.07574,2024-06-11 04:25:00-04:00,1.07574,TP,0.00017,1.5484,0.8557,855.69
2024-06-12 03:00:00-04:00,SHORT,Bounce,1.07385,1.0742873827589143,1.0735,2024-06-12 03:15:00-04:00,1.0735,TP,0.00017,0.8002,0.4115,411.54
2024-06-12 14:45:00-04:00,SHORT,Breakout,1.08139,1.0818107291541066,1.07429,2024-06-12 14:55:00-04:00,1.0818107291541066,SL,0.00018,-1.0,-1.4278,-1427.83
2024-06-12 21:35:00-04:00,SHORT,Breakout,1.08067,1.080845616637713,1.08026,2024-06-13 00:35:00-04:00,1.08026,TP,0.000192,2.3346,1.2413,1241.34
2024-06-17 01:30:00-04:00,SHORT,Bounce,1.07032,1.0704064182834596,1.06979,2024-06-17 02:00:00-04:00,1.06979,TP,0.000176,6.133,4.0964,4096.36
2024-06-17 10:00:00-04:00,SHORT,Bounce,1.07139,1.071786960451154,1.07061,2024-06-17 11:05:00-04:00,1.071786960451154,SL,0.00016,-1.0,-1.4031,-1403.06
2024-06-17 21:20:00-04:00,SHORT,Breakout,1.07275,1.0728974139419374,1.07107,2024-06-17 21:30:00-04:00,1.0728974139419374,SL,0.00019,-1.0,-2.2889,-2288.89
2024-06-18 20:00:00-04:00,SHORT,Breakout,1.07366,1.0737763127676445,1.07309,2024-06-18 20:05:00-04:00,1.0737763127676445,SL,0.000188,-1.0,-2.6163,-2616.33
2024-06-18 20:25:00-04:00,SHORT,Retest,1.07369,1.0737773869229283,1.07309,2024-06-18 20:30:00-04:00,1.0737773869229283,SL,0.00017,-1.0,-2.9454,-2945.37
2024-06-18 20:35:00-04:00,SHORT,Breakout,1.07367,1.073776797908035,1.07309,2024-06-18 21:40:00-04:00,1.073776797908035,SL,0.000172,-1.0,-2.6105,-2610.52
2024-06-18 21:55:00-04:00,SHORT,Bounce,1.07396,1.0740388122341544,1.07309,2024-06-18 22:00:00-04:00,1.0740388122341544,SL,0.000182,-1.0,-3.3093,-3309.29
2024-06-19 02:30:00-04:00,SHORT,Breakout,1.07327,1.0734763657968605,1.07309,2024-06-19 02:35:00-04:00,1.0734763657968605,SL,0.00017,-1.0,-1.8238,-1823.78
2024-06-19 03:15:00-04:00,SHORT,Breakout,1.07275,1.0735050974981781,1.0709,2024-06-19 03:55:00-04:00,1.0735050974981781,SL,0.00017,-1.0,-1.2251,-1225.14
2024-06-19 21:15:00-04:00,SHORT,Breakout,1.07429,1.074435128881575,1.07411,2024-06-19 21:20:00-04:00,1.074435128881575,SL,0.000188,-1.0,-2.2954,-2295.4
2024-06-19 22:05:00-04:00,SHORT,Retest,1.07435,1.074435528130208,1.07402,2024-06-19 22:30:00-04:00,1.07402,TP,0.000186,3.8584,1.6837,1683.66
2024-06-19 22:30:00-04:00,SHORT,Breakout,1.07397,1.0741258943744596,1.07315,2024-06-20 00:15:00-04:00,1.0741258943744596,SL,0.000194,-1.0,-2.2444,-2244.43
2024-06-20 01:50:00-04:00,SHORT,Breakout,1.07369,1.0738088305792515,1.07315,2024-06-20 02:10:00-04:00,1.07315,TP,0.000176,4.5443,3.0632,3063.18
2024-06-20 11:10:00-04:00,SHORT,Breakout,1.07122,1.0716497313393851,1.0709,2024-06-20 11:15:00-04:00,1.0716497313393851,SL,0.00016,-1.0,-1.3723,-1372.33
2024-06-20 11:25:00-04:00,SHORT,Retest,1.07148,1.071648091746585,1.0709,2024-06-20 11:30:00-04:00,1.071648091746585,SL,0.00016,-1.0,-1.9519,-1951.86
2024-06-21 03:15:00-04:00,SHORT,Breakout,1.06961,1.0703094864986331,1.06854,2024-06-21 03:30:00-04:00,1.06854,TP,0.00017,1.5297,1.2867,1286.66
2024-06-23 17:35:00-04:00,SHORT,Breakout,1.0689,1.0690061251706786,1.06789,2024-06-23 17:50:00-04:00,1.0690061251706786,SL,0.00043,-1.0,-5.0518,-5051.82
2024-06-23 20:00:00-04:00,SHORT,Breakout,1.06846,1.0685458650888189,1.06789,2024-06-23 20:05:00-04:00,1.0685458650888189,SL,0.0002,-1.0,-3.3292,-3329.24
2024-06-24 20:15:00-04:00,SHORT,Bounce,1.07334,1.0733851175315916,1.07297,2024-06-24 20:35:00-04:00,1.0733851175315916,SL,0.000194,-1.0,-5.2999,-5299.88
2024-06-26 01:25:00-04:00,SHORT,Breakout,1.07048,1.0706626979229412,1.0701100000000001,2024-06-26 01:55:00-04:00,1.0701100000000001,TP,0.00019,2.0252,0.9852,985.23
2024-06-28 02:30:00-04:00,SHORT,Bounce,1.06957,1.0696499700611641,1.06845,2024-06-28 02:35:00-04:00,1.0696499700611641,SL,0.00017,-1.0,-3.1258,-3125.8
2024-06-28 02:35:00-04:00,SHORT,Bounce,1.0695000000000001,1.0696519721996522,1.06845,2024-06-28 02:50:00-04:00,1.0696519721996522,SL,0.00017,-1.0,-2.1186,-2118.63
2024-06-28 03:00:00-04:00,SHORT,Bounce,1.06947,1.0696584600574268,1.06845,2024-06-28 03:05:00-04:00,1.0696584600574268,SL,0.00017,-1.0,-1.902,-1902.05
2024-07-04 19:40:00-04:00,LONG,Bounce,1.08089,1.0808168404128513,1.08122,2024-07-04 20:10:00-04:00,1.08122,TP,0.00017,4.5107,2.187,2187.0
2024-07-04 23:00:00-04:00,LONG,Breakout,1.0819,1.0816790753650594,1.08473,2024-07-05 03:00:00-04:00,1.0816790753650594,SL,0.000188,-1.0,-1.851,-1850.97
2024-07-05 03:10:00-04:00,LONG,Breakout,1.08228,1.0821142313266794,1.08473,2024-07-05 03:15:00-04:00,1.0821142313266794,SL,0.00017,-1.0,-2.0255,-2025.53
2024-07-05 03:35:00-04:00,LONG,Breakout,1.08261,1.0824632406883603,1.08473,2024-07-05 03:45:00-04:00,1.0824632406883603,SL,0.00017,-1.0,-2.1584,-2158.36
2024-07-05 05:05:00-04:00,LONG,Retest,1.08269,1.082468183310749,1.08473,2024-07-05 06:00:00-04:00,1.082468183310749,SL,0.00017,-1.0,-1.7664,-1766.4
2024-07-05 08:30:00-04:00,LONG,Bounce,1.08252,1.0814389408338931,1.08473,2024-07-05 08:35:00-04:00,1.0814389408338931,SL,0.000162,-1.0,-1.1499,-1149.85
2024-07-07 23:20:00-04:00,LONG,Breakout,1.08308,1.0828865054217376,1.08418,2024-07-08 00:00:00-04:00,1.0828865054217376,SL,0.0002,-1.0,-2.0336,-2033.62
2024-07-09 03:50:00-04:00,LONG,Bounce,1.08186,1.081758453065413,1.08294,2024-07-09 03:55:00-04:00,1.081758453065413,SL,0.00017,-1.0,-2.6741,-2674.1
2024-07-09 10:05:00-04:00,LONG,Bounce,1.08172,1.081040516816574,1.08277,2024-07-09 11:10:00-04:00,1.081040516816574,SL,0.00016,-1.0,-1.2355,-1235.47
2024-07-09 22:00:00-04:00,LONG,Bounce,1.08132,1.0811246316070313,1.08158,2024-07-09 22:40:00-04:00,1.08158,TP,0.0002,1.3308,0.3071,307.11
2024-07-10 02:50:00-04:00,LONG,Breakout,1.08217,1.0819903990239947,1.0827,2024-07-10 02:55:00-04:00,1.0819903990239947,SL,0.00017,-1.0,-1.9465,-1946.54
2024-07-10 04:00:00-04:00,LONG,Bounce,1.08157,1.0813144557321273,1.08242,2024-07-10 04:20:00-04:00,1.0813144557321273,SL,0.00017,-1.0,-1.6652,-1665.25
2024-07-10 15:50:00-04:00,LONG,Breakout,1.08283,1.0827485264174932,1.08291,2024-07-10 16:15:00-04:00,1.0827485264174932,SL,0.000178,-1.0,-3.1848,-3184.76
2024-07-10 21:40:00-04:00,LONG,Breakout,1.08375,1.0835478004730446,1.08443,2024-07-10 23:00:00-04:00,1.0835478004730446,SL,0.000186,-1.0,-1.9199,-1919.88
2024-07-11 02:15:00-04:00,LONG,Bounce,1.08368,1.083405894563594,1.08392,2024-07-11 02:30:00-04:00,1.083405894563594,SL,0.000172,-1.0,-1.6275,-1627.5
2024-07-11 02:30:00-04:00,LONG,Bounce,1.08366,1.083401452753723,1.08392,2024-07-11 02:40:00-04:00,1.083401452753723,SL,0.00017,-1.0,-1.6575,-1657.52
2024-07-11 07:50:00-04:00,LONG,Breakout,1.08548,1.085117933767127,1.0901,2024-07-11 08:15:00-04:00,1.085117933767127,SL,0.00016,-1.0,-1.4419,-1441.91
2024-07-11 08:30:00-04:00,LONG,Breakout,1.08868,1.0850371603529405,1.0901,2024-07-12 10:30:00-04:00,1.0901,TP,0.000162,0.3898,0.3453,345.33
2024-07-12 14:25:00-04:00,LONG,Bounce,1.09022,1.0899151891003438,1.09101,2024-07-12 15:25:00-04:00,1.09101,TP,0.000176,2.5918,2.0144,2014.36
2024-07-15 03:10:00-04:00,LONG,Bounce,1.08845,1.0881815392173413,1.08952,2024-07-15 03:50:00-04:00,1.08952,TP,0.00017,3.9857,3.3524,3352.44
2024-07-15 04:00:00-04:00,LONG,Breakout,1.08985,1.0894579337356514,1.09105,2024-07-15 05:35:00-04:00,1.09105,TP,0.00017,3.0607,2.6271,2627.11
2024-07-16 00:40:00-04:00,LONG,Breakout,1.08931,1.0892351126015098,1.08978,2024-07-16 00:50:00-04:00,1.0892351126015098,SL,0.00019,-1.0,-3.5371,-3537.14
2024-07-16 04:05:00-04:00,LONG,Breakout,1.08949,1.0893097128436777,1.09011,2024-07-16 04:20:00-04:00,1.09011,TP,0.00017,3.439,2.496,2496.02
2024-07-16 08:20:00-04:00,LONG,Breakout,1.0903,1.0901609648539778,1.09164,2024-07-16 08:25:00-04:00,1.0901609648539778,SL,0.00016,-1.0,-2.1508,-2150.79
2024-07-17 02:45:00-04:00,LONG,Bounce,1.09004,1.0898876337328782,1.0906,2024-07-17 02:50:00-04:00,1.0898876337328782,SL,0.00017,-1.0,-2.1157,-2115.73
2024-07-17 03:30:00-04:00,LONG,Breakout,1.09095,1.0905302413665887,1.09164,2024-07-17 03:55:00-04:00,1.0905302413665887,SL,0.00017,-1.0,-1.405,-1404.99
2024-07-17 19:05:00-04:00,LONG,Breakout,1.09394,1.0938584870557466,1.09474,2024-07-17 19:50:00-04:00,1.0938584870557466,SL,0.000188,-1.0,-3.3064,-3306.38
2024-07-17 20:20:00-04:00,LONG,Breakout,1.09391,1.0938639892826496,1.09474,2024-07-17 20:25:00-04:00,1.0938639892826496,SL,0.000186,-1.0,-5.0425,-5042.54
2024-07-17 21:50:00-04:00,LONG,Bounce,1.09347,1.093336068112846,1.09401,2024-07-17 21:55:00-04:00,1.093336068112846,SL,0.000194,-1.0,-2.4485,-2448.5
2024-07-18 01:40:00-04:00,LONG,Breakout,1.09365,1.0934976109184549,1.09401,2024-07-18 01:50:00-04:00,1.0934976109184549,SL,0.00018,-1.0,-2.1812,-2181.19
2024-07-18 03:10:00-04:00,LONG,Bounce,1.09329,1.0931016120496058,1.09374,2024-07-18 03:15:00-04:00,1.0931016120496058,SL,0.00017,-1.0,-1.9024,-1902.39
2024-07-18 08:55:00-04:00,LONG,Bounce,1.09278,1.0924515534712207,1.09379,2024-07-18 09:00:00-04:00,1.0924515534712207,SL,0.00016,-1.0,-1.4871,-1487.14
2024-07-19 02:10:00-04:00,LONG,Bounce,1.08846,1.0883132893666005,1.08914,2024-07-19 02:50:00-04:00,1.0883132893666005,SL,0.00018,-1.0,-2.2269,-2226.9
2024-07-19 07:55:00-04:00,LONG,Breakout,1.08923,1.0889315138803604,1.09009,2024-07-19 08:00:00-04:00,1.0889315138803604,SL,0.00016,-1.0,-1.536,-1536.04
2024-07-19 08:35:00-04:00,LONG,Breakout,1.08913,1.0889252312088726,1.09009,2024-07-19 08:40:00-04:00,1.0889252312088726,SL,0.00016,-1.0,-1.7814,-1781.37
2024-07-22 08:00:00-04:00,LONG,Bounce,1.08857,1.0883773978394387,1.08947,2024-07-22 08:10:00-04:00,1.0883773978394387,SL,0.00016,-1.0,-1.8307,-1830.73
2024-07-22 21:15:00-04:00,LONG,Breakout,1.08923,1.0891366756096197,1.08947,2024-07-22 21:25:00-04:00,1.0891366756096197,SL,0.000184,-1.0,-2.9716,-2971.62
2024-07-22 23:05:00-04:00,LONG,Retest,1.08922,1.0891387316281238,1.08947,2024-07-22 23:15:00-04:00,1.0891387316281238,SL,0.000178,-1.0,-3.1903,-3190.27
2024-07-23 15:15:00-04:00,LONG,Bounce,1.08501,1.0849263151730117,1.08557,2024-07-23 15:30:00-04:00,1.0849263151730117,SL,0.00018,-1.0,-3.1509,-3150.93
2024-07-23 15:45:00-04:00,LONG,Bounce,1.08502,1.0849294051317278,1.08557,2024-07-23 15:50:00-04:00,1.0849294051317278,SL,0.000174,-1.0,-2.9206,-2920.64
2024-07-30 02:30:00-04:00,SHORT,Bounce,1.08221,1.08244825560538,1.08136,2024-07-30 03:10:00-04:00,1.08244825560538,SL,0.00017,-1.0,-1.7135,-1713.52
2024-07-30 03:15:00-04:00,SHORT,Bounce,1.08231,1.0824580194705407,1.08165,2024-07-30 03:20:00-04:00,1.0824580194705407,SL,0.00017,-1.0,-2.1485,-2148.5
2024-07-30 08:30:00-04:00,SHORT,Breakout,1.0809,1.0815571533165518,1.08018,2024-07-30 08:55:00-04:00,1.08018,TP,0.00016,1.0956,0.8522,852.16
2024-07-30 10:00:00-04:00,SHORT,Breakout,1.08,1.0801637582184007,1.07978,2024-07-30 10:05:00-04:00,1.0801637582184007,SL,0.00016,-1.0,-1.9771,-1977.05
2024-07-30 12:55:00-04:00,SHORT,Bounce,1.08128,1.0814944661716472,1.07973,2024-07-30 13:20:00-04:00,1.0814944661716472,SL,0.00018,-1.0,-1.8393,-1839.29
2024-07-31 01:55:00-04:00,SHORT,Bounce,1.08239,1.0826004120107509,1.08155,2024-07-31 02:35:00-04:00,1.08155,TP,0.000184,3.9922,3.1177,3117.69
2024-07-31 02:45:00-04:00,SHORT,Breakout,1.08184,1.0821032465636449,1.08116,2024-07-31 02:55:00-04:00,1.0821032465636449,SL,0.00017,-1.0,-1.6458,-1645.78
2024-07-31 03:10:00-04:00,SHORT,Retest,1.0815,1.082120882237229,1.08116,2024-07-31 03:15:00-04:00,1.08116,TP,0.00017,0.5476,0.2738,273.8
2024-07-31 10:50:00-04:00,SHORT,Breakout,1.08205,1.0825286778437513,1.08056,2024-07-31 11:30:00-04:00,1.0825286778437513,SL,0.00016,-1.0,-1.3343,-1334.25
2024-07-31 21:05:00-04:00,SHORT,Bounce,1.08275,1.0830460822010584,1.08208,2024-07-31 21:25:00-04:00,1.0830460822010584,SL,0.000194,-1.0,-1.6552,-1655.22
2024-08-01 02:05:00-04:00,SHORT,Breakout,1.08221,1.0824645706306788,1.08208,2024-08-01 02:15:00-04:00,1.08208,TP,0.00018,0.5107,-0.1964,-196.41
2024-08-05 18:15:00-04:00,LONG,Breakout,1.096,1.0957998692427195,1.09635,2024-08-05 18:20:00-04:00,1.0957998692427195,SL,0.000172,-1.0,-1.8594,-1859.44
2024-08-06 01:05:00-04:00,LONG,Bounce,1.0953,1.0949995968339188,1.09554,2024-08-06 01:30:00-04:00,1.0949995968339188,SL,0.000194,-1.0,-1.6458,-1645.8
2024-08-06 09:30:00-04:00,LONG,Breakout,1.09183,1.0916215739586792,1.09342,2024-08-06 09:35:00-04:00,1.0916215739586792,SL,0.00016,-1.0,-1.7677,-1767.66
2024-08-06 15:05:00-04:00,LONG,Bounce,1.09242,1.092109024710561,1.09342,2024-08-06 21:30:00-04:00,1.092109024710561,SL,0.00018,-1.0,-1.5788,-1578.82
2024-08-07 02:15:00-04:00,LONG,Bounce,1.0912,1.0910133670129936,1.09159,2024-08-07 02:20:00-04:00,1.0910133670129936,SL,0.00018,-1.0,-1.9645,-1964.46
2024-08-07 03:00:00-04:00,LONG,Breakout,1.09168,1.0915279950386674,1.09295,2024-08-07 03:05:00-04:00,1.0915279950386674,SL,0.00017,-1.0,-2.1184,-2118.38
2024-08-07 19:00:00-04:00,LONG,Breakout,1.09267,1.0925359911033181,1.09359,2024-08-07 20:55:00-04:00,1.0925359911033181,SL,0.000182,-1.0,-2.3581,-2358.12
2024-08-08 02:05:00-04:00,LONG,Retest,1.09358,1.093379001530936,1.0937000000000001,2024-08-08 02:10:00-04:00,1.0937000000000001,TP,0.00018,0.597,-0.2985,-298.51
2024-08-08 02:10:00-04:00,LONG,Breakout,1.09392,1.0936527871358692,1.09554,2024-08-08 02:20:00-04:00,1.0936527871358692,SL,0.00018,-1.0,-1.6736,-1673.62
2024-08-08 02:35:00-04:00,LONG,Breakout,1.09375,1.0936405828041111,1.09554,2024-08-08 02:40:00-04:00,1.0936405828041111,SL,0.00017,-1.0,-2.5537,-2553.69
2024-08-08 02:45:00-04:00,LONG,Breakout,1.09413,1.0936347474178305,1.09554,2024-08-08 03:15:00-04:00,1.0936347474178305,SL,0.00017,-1.0,-1.3433,-1343.26
2024-08-08 20:00:00-04:00,LONG,Bounce,1.09141,1.0912750942633598,1.09184,2024-08-08 20:15:00-04:00,1.0912750942633598,SL,0.0002,-1.0,-2.4825,-2482.52
2024-08-12 03:05:00-04:00,LONG,Breakout,1.09224,1.0920367473032162,1.09268,2024-08-12 03:20:00-04:00,1.09268,TP,0.00017,2.1648,1.3284,1328.4
2024-08-12 05:25:00-04:00,LONG,Retest,1.09215,1.0920235898747048,1.09278,2024-08-12 06:00:00-04:00,1.09278,TP,0.00017,4.9838,3.6389,3638.95
2024-08-12 11:45:00-04:00,LONG,Retest,1.09302,1.0927348820132872,1.09436,2024-08-12 11:55:00-04:00,1.0927348820132872,SL,0.00016,-1.0,-1.5612,-1561.17
2024-08-13 03:15:00-04:00,LONG,Bounce,1.09288,1.092782516120287,1.09403,2024-08-13 03:20:00-04:00,1.092782516120287,SL,0.00017,-1.0,-2.7439,-2743.88
2024-08-13 23:10:00-04:00,LONG,Bounce,1.09906,1.0988644199275561,1.09956,2024-08-13 23:20:00-04:00,1.0988644199275561,SL,0.000178,-1.0,-1.9101,-1910.11
2024-08-14 00:05:00-04:00,LONG,Bounce,1.09898,1.0988698672302002,1.09956,2024-08-14 01:50:00-04:00,1.0988698672302002,SL,0.000176,-1.0,-2.5981,-2598.07
2024-08-14 08:50:00-04:00,LONG,Bounce,1.10182,1.101577328717033,1.10372,2024-08-14 09:00:00-04:00,1.101577328717033,SL,0.00016,-1.0,-1.6593,-1659.33
2024-08-15 01:25:00-04:00,LONG,Breakout,1.10104,1.1009671380855672,1.10135,2024-08-15 01:30:00-04:00,1.1009671380855672,SL,0.000174,-1.0,-3.3881,-3388.08
2024-08-15 02:00:00-04:00,LONG,Breakout,1.10109,1.1009579038879456,1.10135,2024-08-15 02:15:00-04:00,1.10135,TP,0.00018,1.9683,0.6056,605.62
2024-08-15 02:50:00-04:00,LONG,Breakout,1.10123,1.1009528592318794,1.10147,2024-08-15 02:55:00-04:00,1.10147,TP,0.00017,0.866,0.2526,252.58
2024-08-16 03:00:00-04:00,LONG,Breakout,1.09842,1.0981273503754232,1.09885,2024-08-16 03:15:00-04:00,1.0981273503754232,SL,0.00017,-1.0,-1.5809,-1580.9
2024-08-16 09:15:00-04:00,LONG,Breakout,1.09964,1.099342292775087,1.10134,2024-08-16 10:10:00-04:00,1.099342292775087,SL,0.00016,-1.0,-1.5374,-1537.44
2024-08-18 23:10:00-04:00,LONG,Breakout,1.1037,1.1034833074546075,1.10466,2024-08-19 01:40:00-04:00,1.10466,TP,0.00018,4.4302,3.5996,3599.57
2024-08-19 07:55:00-04:00,LONG,Breakout,1.10414,1.1040050945524664,1.10498,2024-08-19 08:05:00-04:00,1.1040050945524664,SL,0.00016,-1.0,-2.186,-2186.02
2024-08-20 01:10:00-04:00,LONG,Bounce,1.10752,1.1073495407336555,1.1086,2024-08-20 01:25:00-04:00,1.1073495407336555,SL,0.000178,-1.0,-2.0442,-2044.24
2024-08-20 01:25:00-04:00,LONG,Bounce,1.10742,1.1073475061923619,1.1086,2024-08-20 01:45:00-04:00,1.1073475061923619,SL,0.000176,-1.0,-3.4278,-3427.79
2024-08-20 02:40:00-04:00,LONG,Breakout,1.10802,1.1077917570012434,1.1086,2024-08-20 02:45:00-04:00,1.1077917570012434,SL,0.00017,-1.0,-1.7448,-1744.82
2024-08-20 02:55:00-04:00,LONG,Breakout,1.10802,1.1077858353249752,1.1086,2024-08-20 03:05:00-04:00,1.1077858353249752,SL,0.00017,-1.0,-1.726,-1725.98
2024-08-20 08:45:00-04:00,LONG,Breakout,1.10925,1.1085137287480649,1.11128,2024-08-20 10:35:00-04:00,1.11128,TP,0.00016,2.7571,2.5398,2539.82
2024-08-20 19:30:00-04:00,LONG,Breakout,1.11305,1.1128667932942211,1.11315,2024-08-20 19:40:00-04:00,1.1128667932942211,SL,0.00018,-1.0,-1.9825,-1982.5
2024-08-21 02:10:00-04:00,LONG,Bounce,1.1116,1.1115336306578893,1.11202,2024-08-21 02:15:00-04:00,1.1115336306578893,SL,0.00018,-1.0,-3.7121,-3712.1
2024-08-21 03:05:00-04:00,LONG,Breakout,1.11231,1.1119653189494745,1.11318,2024-08-21 03:35:00-04:00,1.1119653189494745,SL,0.00017,-1.0,-1.4932,-1493.21
2024-08-21 07:30:00-04:00,LONG,Bounce,1.11132,1.111182732046137,1.11281,2024-08-21 07:35:00-04:00,1.111182732046137,SL,0.00016,-1.0,-2.1656,-2165.6
2024-08-21 08:30:00-04:00,LONG,Breakout,1.11261,1.1124793635996841,1.11281,2024-08-21 08:35:00-04:00,1.1124793635996841,SL,0.00016,-1.0,-2.2248,-2224.77
2024-08-21 10:00:00-04:00,LONG,Bounce,1.1118999999999999,1.110827893223245,1.11291,2024-08-21 10:05:00-04:00,1.110827893223245,SL,0.00016,-1.0,-1.1492,-1149.24
2024-08-21 10:20:00-04:00,LONG,Bounce,1.11193,1.1107704067146267,1.11291,2024-08-21 10:35:00-04:00,1.1107704067146267,SL,0.00016,-1.0,-1.138,-1137.98
2024-08-21 10:50:00-04:00,LONG,Retest,1.11271,1.1123706871448416,1.11318,2024-08-21 10:55:00-04:00,1.1123706871448416,SL,0.00016,-1.0,-1.4715,-1471.54
2024-08-21 20:55:00-04:00,LONG,Bounce,1.11466,1.1144473858764299,1.11571,2024-08-21 21:05:00-04:00,1.1144473858764299,SL,0.00018,-1.0,-1.8466,-1846.6
2024-08-22 02:00:00-04:00,LONG,Bounce,1.11418,1.1139611764720538,1.11448,2024-08-22 02:20:00-04:00,1.11448,TP,0.000178,1.371,0.5575,557.53
2024-08-22 02:25:00-04:00,LONG,Breakout,1.11478,1.1144458754980033,1.11571,2024-08-22 03:15:00-04:00,1.11571,TP,0.000174,2.7834,2.2626,2262.63
2024-08-23 02:50:00-04:00,LONG,Breakout,1.11286,1.1127694888580202,1.11423,2024-08-23 02:55:00-04:00,1.1127694888580202,SL,0.00017,-1.0,-2.8782,-2878.22
2024-08-23 03:00:00-04:00,LONG,Breakout,1.11287,1.1127669062092111,1.11423,2024-08-23 03:05:00-04:00,1.1127669062092111,SL,0.00017,-1.0,-2.649,-2648.98
2024-08-23 10:00:00-04:00,LONG,Breakout,1.11518,1.112078032533471,1.11644,2024-08-23 10:10:00-04:00,1.11644,TP,0.000162,0.4062,0.354,353.97
2024-08-26 03:10:00-04:00,LONG,Bounce,1.11804,1.1176130926184331,1.12007,2024-08-26 03:25:00-04:00,1.1176130926184331,SL,0.00017,-1.0,-1.3982,-1398.21
2024-08-26 04:00:00-04:00,LONG,Bounce,1.11815,1.1176063185175331,1.11885,2024-08-26 05:50:00-04:00,1.1176063185175331,SL,0.00017,-1.0,-1.3127,-1312.68
2024-08-27 01:00:00-04:00,LONG,Breakout,1.11704,1.1169432572843403,1.11746,2024-08-27 01:15:00-04:00,1.1169432572843403,SL,0.000178,-1.0,-2.8399,-2839.93
2024-08-27 01:45:00-04:00,LONG,Bounce,1.11658,1.1163782147655985,1.11746,2024-08-27 01:50:00-04:00,1.1163782147655985,SL,0.000176,-1.0,-1.8722,-1872.21
2024-08-27 13:10:00-04:00,LONG,Breakout,1.11749,1.1170512172207825,1.11781,2024-08-27 13:15:00-04:00,1.11781,TP,0.00018,0.7293,0.3191,319.06
2024-08-28 23:35:00-04:00,LONG,Breakout,1.11335,1.1132587398644205,1.11368,2024-08-28 23:40:00-04:00,1.1132587398644205,SL,0.000176,-1.0,-2.9286,-2928.55
2024-08-29 00:35:00-04:00,LONG,Retest,1.11342,1.1132595404232943,1.11368,2024-08-29 00:40:00-04:00,1.1132595404232943,SL,0.000172,-1.0,-2.0719,-2071.92
2024-08-29 02:00:00-04:00,LONG,Breakout,1.11368,1.1135863323438502,1.11584,2024-08-29 02:05:00-04:00,1.1135863323438502,SL,0.00018,-1.0,-2.9217,-2921.69
2024-08-29 19:05:00-04:00,LONG,Breakout,1.10796,1.107822171422573,1.10844,2024-08-29 19:35:00-04:00,1.107822171422573,SL,0.000174,-1.0,-2.2624,-2262.44
2024-08-29 19:50:00-04:00,LONG,Breakout,1.10794,1.107827245392349,1.10844,2024-08-29 19:55:00-04:00,1.107827245392349,SL,0.000178,-1.0,-2.5786,-2578.65
2024-08-29 19:55:00-04:00,LONG,Retest,1.10791,1.1078274421500383,1.10844,2024-08-29 20:00:00-04:00,1.1078274421500383,SL,0.00018,-1.0,-3.1803,-3180.29
2024-09-06 03:05:00-04:00,LONG,Breakout,1.11185,1.1117450983444224,1.11306,2024-09-06 03:10:00-04:00,1.1117450983444224,SL,0.00017,-1.0,-2.6206,-2620.57
2024-09-06 03:55:00-04:00,LONG,Bounce,1.1115,1.1112349799395995,1.11202,2024-09-06 04:15:00-04:00,1.1112349799395995,SL,0.00017,-1.0,-1.6415,-1641.46
2024-09-08 19:25:00-04:00,LONG,Breakout,1.10893,1.1088201730553098,1.11344,2024-09-08 19:45:00-04:00,1.1088201730553098,SL,0.000174,-1.0,-2.5843,-2584.31
2024-09-10 02:00:00-04:00,SHORT,Bounce,1.10374,1.1039109895137045,1.10352,2024-09-10 02:05:00-04:00,1.10352,TP,0.000182,1.2866,0.2222,222.24
2024-09-10 02:10:00-04:00,SHORT,Breakout,1.10343,1.103554802182735,1.10272,2024-09-10 02:15:00-04:00,1.103554802182735,SL,0.000178,-1.0,-2.4263,-2426.26
2024-09-10 08:25:00-04:00,SHORT,Breakout,1.10277,1.103355120467531,1.10254,2024-09-10 09:00:00-04:00,1.103355120467531,SL,0.00016,-1.0,-1.2734,-1273.45
2024-09-10 09:10:00-04:00,SHORT,Retest,1.10309,1.103371376270227,1.10254,2024-09-10 09:20:00-04:00,1.103371376270227,SL,0.00016,-1.0,-1.5686,-1568.63
2024-09-10 20:00:00-04:00,SHORT,Bounce,1.1019,1.1020933661018886,1.10176,2024-09-10 20:05:00-04:00,1.10176,TP,0.000178,0.724,-0.1965,-196.52
2024-09-10 20:05:00-04:00,SHORT,Bounce,1.10175,1.102095554237468,1.10164,2024-09-10 20:15:00-04:00,1.10164,TP,0.000178,0.3183,-0.1968,-196.79
2024-09-10 20:15:00-04:00,SHORT,Breakout,1.10163,1.1017980952353679,1.10141,2024-09-10 20:20:00-04:00,1.1017980952353679,SL,0.000176,-1.0,-2.047,-2047.03
2024-09-11 08:30:00-04:00,SHORT,Breakout,1.10247,1.1038672864349381,1.10084,2024-09-11 08:40:00-04:00,1.10084,TP,0.000162,1.1665,1.0506,1050.61
2024-09-11 20:05:00-04:00,SHORT,Breakout,1.10087,1.1009500876537848,1.10011,2024-09-11 20:10:00-04:00,1.1009500876537848,SL,0.00018,-1.0,-3.2475,-3247.54
2024-09-11 21:10:00-04:00,SHORT,Retest,1.10083,1.1009535375201482,1.10011,2024-09-11 21:35:00-04:00,1.1009535375201482,SL,0.000178,-1.0,-2.4409,-2440.86
2024-09-12 04:00:00-04:00,SHORT,Breakout,1.10059,1.1007328062862825,1.10011,2024-09-12 04:05:00-04:00,1.1007328062862825,SL,0.00017,-1.0,-2.1904,-2190.42
2024-09-12 06:45:00-04:00,SHORT,Bounce,1.10204,1.102167318870428,1.10117,2024-09-12 06:55:00-04:00,1.102167318870428,SL,0.00017,-1.0,-2.3352,-2335.23
2024-09-12 08:15:00-04:00,SHORT,Bounce,1.10138,1.1023622386843277,1.10045,2024-09-12 08:35:00-04:00,1.1023622386843277,SL,0.000162,-1.0,-1.1649,-1164.93
2024-09-12 08:40:00-04:00,SHORT,Bounce,1.10217,1.1023864643857844,1.10045,2024-09-12 08:45:00-04:00,1.1023864643857844,SL,0.000162,-1.0,-1.7484,-1748.39
2024-09-12 19:05:00-04:00,SHORT,Bounce,1.10732,1.1074298648485672,1.1029,2024-09-12 19:15:00-04:00,1.1074298648485672,SL,0.000176,-1.0,-2.602,-2601.97
2024-09-16 02:30:00-04:00,LONG,Breakout,1.11049,1.1103419116426836,1.11344,2024-09-16 02:35:00-04:00,1.1103419116426836,SL,0.00017,-1.0,-2.148,-2147.96
2024-09-16 08:40:00-04:00,LONG,Bounce,1.11194,1.1114134157130418,1.11344,2024-09-16 09:35:00-04:00,1.11344,TP,0.00016,2.8485,2.5447,2544.7
2024-09-17 03:00:00-04:00,LONG,Bounce,1.11215,1.1120272473217006,1.11369,2024-09-17 03:05:00-04:00,1.1120272473217006,SL,0.00017,-1.0,-2.3849,-2384.9
2024-09-17 03:40:00-04:00,LONG,Breakout,1.11348,1.1131894768569526,1.11369,2024-09-17 03:45:00-04:00,1.1131894768569526,SL,0.00017,-1.0,-1.5852,-1585.15
2024-09-17 03:55:00-04:00,LONG,Retest,1.11354,1.1131849120461825,1.11544,2024-09-17 06:40:00-04:00,1.1131849120461825,SL,0.00017,-1.0,-1.4788,-1478.75
2024-09-17 20:50:00-04:00,LONG,Breakout,1.11271,1.112223639712718,1.11428,2024-09-18 00:30:00-04:00,1.112223639712718,SL,0.00018,-1.0,-1.3701,-1370.1
2024-09-18 02:55:00-04:00,LONG,Bounce,1.11179,1.111614384140461,1.11253,2024-09-18 03:20:00-04:00,1.11253,TP,0.00017,4.2137,3.2457,3245.72
2024-09-18 14:00:00-04:00,LONG,Breakout,1.1158,1.113755718860342,1.11792,2024-09-18 14:30:00-04:00,1.11792,TP,0.000184,1.037,0.947,947.03
2024-09-19 19:35:00-04:00,LONG,Bounce,1.11583,1.1157784398713262,1.11634,2024-09-19 19:55:00-04:00,1.1157784398713262,SL,0.000172,-1.0,-4.3359,-4335.91
2024-09-19 20:50:00-04:00,LONG,Bounce,1.11585,1.1157060099009934,1.11634,2024-09-19 22:05:00-04:00,1.1157060099009934,SL,0.000178,-1.0,-2.2362,-2236.2
2024-09-19 23:00:00-04:00,LONG,Breakout,1.11652,1.1162655717461543,1.11671,2024-09-19 23:05:00-04:00,1.1162655717461543,SL,0.000178,-1.0,-1.6996,-1699.61
2024-09-19 23:15:00-04:00,LONG,Breakout,1.11647,1.11626368189734,1.11671,2024-09-19 23:25:00-04:00,1.11671,TP,0.000178,1.1633,0.3005,300.51
2024-09-19 23:55:00-04:00,LONG,Retest,1.11648,1.1162654401484502,1.11754,2024-09-20 01:05:00-04:00,1.1162654401484502,SL,0.000176,-1.0,-1.8203,-1820.28
2024-09-20 02:05:00-04:00,LONG,Breakout,1.11699,1.1168089083439376,1.11754,2024-09-20 02:30:00-04:00,1.11754,TP,0.00018,3.0371,2.0432,2043.16
2024-09-20 03:35:00-04:00,LONG,Retest,1.11721,1.1167725998493443,1.1188,2024-09-20 03:40:00-04:00,1.1167725998493443,SL,0.00017,-1.0,-1.3887,-1388.66
2024-09-23 01:40:00-04:00,LONG,Breakout,1.11647,1.1163998385989675,1.11654,2024-09-23 01:45:00-04:00,1.11654,TP,0.000176,0.9977,-1.5108,-1510.8
2024-09-23 09:50:00-04:00,LONG,Breakout,1.11264,1.1123758566407624,1.11664,2024-09-23 10:05:00-04:00,1.1123758566407624,SL,0.00016,-1.0,-1.6057,-1605.73
2024-09-23 10:20:00-04:00,LONG,Retest,1.11314,1.112360296198908,1.11664,2024-09-23 11:05:00-04:00,1.112360296198908,SL,0.00016,-1.0,-1.2052,-1205.21
2024-09-25 03:20:00-04:00,LONG,Bounce,1.11875,1.1185297750280243,1.11979,2024-09-25 04:15:00-04:00,1.1185297750280243,SL,0.00017,-1.0,-1.7719,-1771.94
2024-09-25 20:05:00-04:00,LONG,Breakout,1.11333,1.1131853487385517,1.1138,2024-09-25 21:25:00-04:00,1.1131853487385517,SL,0.000176,-1.0,-2.2167,-2216.72
2024-09-25 21:30:00-04:00,LONG,Breakout,1.11348,1.1131806021433748,1.1138,2024-09-25 21:50:00-04:00,1.1138,TP,0.00018,1.0688,0.4676,467.61
2024-09-26 01:15:00-04:00,LONG,Breakout,1.11449,1.1144141758624238,1.12133,2024-09-26 03:35:00-04:00,1.1144141758624238,SL,0.00018,-1.0,-3.3739,-3373.91
2024-09-26 03:35:00-04:00,LONG,Breakout,1.1148,1.1143800254241738,1.12133,2024-09-26 03:55:00-04:00,1.1143800254241738,SL,0.00017,-1.0,-1.4048,-1404.79
2024-09-26 06:35:00-04:00,LONG,Breakout,1.11534,1.1150685023973312,1.11572,2024-09-26 06:40:00-04:00,1.1150685023973312,SL,0.00017,-1.0,-1.6262,-1626.16
2024-09-26 07:35:00-04:00,LONG,Retest,1.11542,1.1150762841202644,1.12133,2024-09-26 07:55:00-04:00,1.1150762841202644,SL,0.00016,-1.0,-1.4655,-1465.5
2024-09-26 08:40:00-04:00,LONG,Breakout,1.1153,1.1150185428300496,1.12133,2024-09-26 08:45:00-04:00,1.1150185428300496,SL,0.00016,-1.0,-1.5685,-1568.47
2024-09-26 09:30:00-04:00,LONG,Retest,1.11577,1.11500481556125,1.11644,2024-09-26 09:35:00-04:00,1.11500481556125,SL,0.000162,-1.0,-1.2117,-1211.71
2024-09-27 02:25:00-04:00,LONG,Breakout,1.11706,1.1166705298249555,1.11766,2024-09-27 02:35:00-04:00,1.1166705298249555,SL,0.00018,-1.0,-1.4622,-1462.17
2024-09-29 20:15:00-04:00,LONG,Breakout,1.1172,1.1170776558449909,1.11911,2024-09-29 20:20:00-04:00,1.1170776558449909,SL,0.00018,-1.0,-2.4713,-2471.26
2024-09-29 20:45:00-04:00,LONG,Breakout,1.11717,1.117077808153584,1.11911,2024-09-29 20:50:00-04:00,1.117077808153584,SL,0.000172,-1.0,-2.8657,-2865.67
2024-09-30 01:00:00-04:00,LONG,Breakout,1.11626,1.116045281449139,1.1173,2024-09-30 02:10:00-04:00,1.116045281449139,SL,0.000174,-1.0,-1.8104,-1810.36
2024-09-30 20:00:00-04:00,LONG,Breakout,1.11358,1.1134982293728923,1.11612,2024-09-30 20:05:00-04:00,1.1134982293728923,SL,0.000178,-1.0,-3.1768,-3176.82
2024-10-02 00:55:00-04:00,SHORT,Breakout,1.10621,1.1062970611929546,1.10447,2024-10-02 02:10:00-04:00,1.1062970611929546,SL,0.000178,-1.0,-3.0445,-3044.54
2024-10-02 08:25:00-04:00,SHORT,Breakout,1.10599,1.1064512079865763,1.1053,2024-10-02 08:40:00-04:00,1.1053,TP,0.00016,1.4961,1.1492,1149.16
2024-10-02 20:15:00-04:00,SHORT,Breakout,1.10415,1.1043052837597551,1.10357,2024-10-02 21:05:00-04:00,1.10357,TP,0.00018,3.7351,2.5759,2575.93
2024-10-03 00:00:00-04:00,SHORT,Breakout,1.10321,1.1034752023061403,1.1029,2024-10-03 01:05:00-04:00,1.1029,TP,0.000176,1.1689,0.5053,505.27
2024-10-03 01:05:00-04:00,SHORT,Breakout,1.10292,1.1031459651199218,1.10095,2024-10-03 02:20:00-04:00,1.1031459651199218,SL,0.00018,-1.0,-1.7966,-1796.58
2024-10-03 08:30:00-04:00,SHORT,Bounce,1.10326,1.104680122959967,1.10266,2024-10-03 10:00:00-04:00,1.10266,TP,0.00016,0.4225,0.3098,309.83
2024-10-03 10:00:00-04:00,SHORT,Breakout,1.1026,1.1028618690294034,1.10095,2024-10-03 10:05:00-04:00,1.1028618690294034,SL,0.00016,-1.0,-1.611,-1610.99
2024-10-03 10:10:00-04:00,SHORT,Breakout,1.10262,1.1028788462549448,1.10095,2024-10-03 10:15:00-04:00,1.1028788462549448,SL,0.00016,-1.0,-1.6181,-1618.13
2024-10-04 02:55:00-04:00,SHORT,Bounce,1.10311,1.1034990344285718,1.10261,2024-10-04 03:45:00-04:00,1.10261,TP,0.00017,1.2852,0.8483,848.25
2024-10-04 07:35:00-04:00,SHORT,Bounce,1.10334,1.1035495716319204,1.10191,2024-10-04 08:30:00-04:00,1.10191,TP,0.00016,6.8234,6.06,6059.98
2024-10-07 03:15:00-04:00,SHORT,Breakout,1.09615,1.096318202158315,1.0950199999999999,2024-10-07 03:30:00-04:00,1.096318202158315,SL,0.00017,-1.0,-2.0107,-2010.69
2024-10-07 10:00:00-04:00,SHORT,Bounce,1.09805,1.0983636185917576,1.09706,2024-10-07 10:35:00-04:00,1.09706,TP,0.00016,3.1567,2.6465,2646.53
2024-10-08 02:00:00-04:00,SHORT,Bounce,1.09835,1.098632616235325,1.0971899999999999,2024-10-08 02:40:00-04:00,1.098632616235325,SL,0.00018,-1.0,-1.6369,-1636.91
2024-10-08 03:00:00-04:00,SHORT,Breakout,1.09798,1.0981160405566448,1.0971899999999999,2024-10-08 03:05:00-04:00,1.0981160405566448,SL,0.00017,-1.0,-2.2496,-2249.63
2024-10-08 08:30:00-04:00,SHORT,Breakout,1.09744,1.0978427248420497,1.0971899999999999,2024-10-08 08:55:00-04:00,1.0971899999999999,TP,0.00016,0.6208,0.2235,223.48
2024-10-08 11:55:00-04:00,SHORT,Retest,1.0969,1.097114206822395,1.09536,2024-10-08 12:00:00-04:00,1.097114206822395,SL,0.00016,-1.0,-1.7469,-1746.94
2024-10-09 03:00:00-04:00,SHORT,Breakout,1.09595,1.0961755934310702,1.09536,2024-10-09 03:10:00-04:00,1.09536,TP,0.00017,2.6153,1.8618,1861.76
2024-10-09 09:15:00-04:00,SHORT,Breakout,1.09464,1.095289151290073,1.09245,2024-10-09 09:30:00-04:00,1.095289151290073,SL,0.00016,-1.0,-1.2465,-1246.48
2024-10-09 10:40:00-04:00,SHORT,Breakout,1.09442,1.0946218417246794,1.09245,2024-10-09 10:50:00-04:00,1.0946218417246794,SL,0.00016,-1.0,-1.7927,-1792.7
2024-10-09 13:00:00-04:00,SHORT,Breakout,1.09379,1.093947586212542,1.09245,2024-10-09 13:05:00-04:00,1.093947586212542,SL,0.00018,-1.0,-2.1422,-2142.23
2024-10-09 20:05:00-04:00,SHORT,Bounce,1.09404,1.0941699331153973,1.09359,2024-10-09 20:45:00-04:00,1.0941699331153973,SL,0.00017,-1.0,-2.3084,-2308.37
2024-10-10 02:00:00-04:00,SHORT,Breakout,1.09362,1.0938251678239022,1.09346,2024-10-10 02:10:00-04:00,1.0938251678239022,SL,0.00018,-1.0,-1.8773,-1877.33
2024-10-10 12:45:00-04:00,SHORT,Breakout,1.09041,1.0913742573858027,1.08807,2024-10-10 13:25:00-04:00,1.0913742573858027,SL,0.00018,-1.0,-1.1867,-1186.67
2024-10-10 21:30:00-04:00,SHORT,Breakout,1.09304,1.0931576970796217,1.08991,2024-10-10 22:00:00-04:00,1.0931576970796217,SL,0.000176,-1.0,-2.4954,-2495.36
2024-10-11 03:00:00-04:00,SHORT,Bounce,1.09394,1.094027852787179,1.09315,2024-10-11 03:20:00-04:00,1.09315,TP,0.00017,8.9923,7.0573,7057.26
2024-10-11 07:15:00-04:00,SHORT,Breakout,1.09268,1.0931972510664842,1.08991,2024-10-11 07:35:00-04:00,1.0931972510664842,SL,0.00016,-1.0,-1.3093,-1309.33
2024-10-11 08:45:00-04:00,SHORT,Retest,1.09269,1.093230240566972,1.08991,2024-10-11 08:55:00-04:00,1.093230240566972,SL,0.00016,-1.0,-1.2962,-1296.16
2024-10-11 14:55:00-04:00,SHORT,Breakout,1.09382,1.0939568619149302,1.09251,2024-10-13 18:55:00-04:00,1.09251,TP,0.000174,9.5717,8.3003,8300.34
2024-10-14 02:30:00-04:00,SHORT,Bounce,1.09269,1.0928762731867885,1.09214,2024-10-14 02:45:00-04:00,1.0928762731867885,SL,0.00017,-1.0,-1.9126,-1912.64
2024-10-14 03:15:00-04:00,SHORT,Bounce,1.09271,1.0929975606280455,1.09214,2024-10-14 03:40:00-04:00,1.0929975606280455,SL,0.00017,-1.0,-1.5912,-1591.18
2024-10-14 14:50:00-04:00,SHORT,Breakout,1.08946,1.0896818157739037,1.08807,2024-10-14 14:55:00-04:00,1.0896818157739037,SL,0.000178,-1.0,-1.8025,-1802.47
2024-10-14 19:00:00-04:00,SHORT,Bounce,1.09066,1.0908233397048717,1.08873,2024-10-14 19:15:00-04:00,1.0908233397048717,SL,0.000174,-1.0,-2.0653,-2065.26
2024-10-15 03:45:00-04:00,SHORT,Bounce,1.0893,1.0895685828542445,1.08838,2024-10-15 03:55:00-04:00,1.0895685828542445,SL,0.00017,-1.0,-1.633,-1632.95
2024-10-15 06:55:00-04:00,SHORT,Breakout,1.09017,1.090583399368643,1.0884,2024-10-15 07:40:00-04:00,1.090583399368643,SL,0.00017,-1.0,-1.4112,-1411.22
2024-10-15 19:50:00-04:00,SHORT,Breakout,1.0883099999999999,1.0884039641754175,1.0881,2024-10-15 19:55:00-04:00,1.0884039641754175,SL,0.000174,-1.0,-2.8518,-2851.77
2024-10-16 02:00:00-04:00,SHORT,Breakout,1.088,1.0881423409539537,1.08146,2024-10-16 02:05:00-04:00,1.0881423409539537,SL,0.00018,-1.0,-2.2646,-2264.57
2024-10-16 02:10:00-04:00,SHORT,Breakout,1.08786,1.0881460184756029,1.08146,2024-10-16 02:15:00-04:00,1.0881460184756029,SL,0.00018,-1.0,-1.6293,-1629.33
2024-10-16 02:20:00-04:00,SHORT,Breakout,1.08794,1.088149832257025,1.08146,2024-10-16 03:05:00-04:00,1.088149832257025,SL,0.00018,-1.0,-1.8578,-1857.83
2024-10-16 04:30:00-04:00,SHORT,Retest,1.08792,1.0881679580007886,1.08742,2024-10-16 04:50:00-04:00,1.0881679580007886,SL,0.00017,-1.0,-1.6856,-1685.6
2024-10-16 10:00:00-04:00,SHORT,Breakout,1.08842,1.0886664321912096,1.08767,2024-10-16 10:25:00-04:00,1.08767,TP,0.00016,3.0434,2.3942,2394.17
2024-10-17 02:55:00-04:00,SHORT,Breakout,1.08498,1.0850589333290948,1.08146,2024-10-17 03:05:00-04:00,1.0850589333290948,SL,0.00017,-1.0,-3.1537,-3153.72
2024-10-17 08:20:00-04:00,SHORT,Bounce,1.08643,1.0867383067503125,1.08481,2024-10-17 08:30:00-04:00,1.08481,TP,0.00016,5.2545,4.7355,4735.54
2024-10-17 08:30:00-04:00,SHORT,Breakout,1.08413,1.084912621636749,1.08146,2024-10-17 09:10:00-04:00,1.08146,TP,0.00016,3.4116,3.2072,3207.17
2024-10-18 02:10:00-04:00,SHORT,Bounce,1.0838,1.0839291073589152,1.08243,2024-10-18 02:15:00-04:00,1.0839291073589152,SL,0.000176,-1.0,-2.3632,-2363.21
2024-10-21 00:30:00-04:00,SHORT,Breakout,1.08623,1.0863258592319365,1.08581,2024-10-21 00:50:00-04:00,1.08581,TP,0.000172,4.3814,2.5871,2587.13
2024-10-21 02:05:00-04:00,SHORT,Breakout,1.08558,1.085792485503352,1.0852,2024-10-21 02:40:00-04:00,1.0852,TP,0.00018,1.7884,0.9412,941.24
2024-10-22 09:30:00-04:00,SHORT,Breakout,1.0809,1.0814086698351972,1.07851,2024-10-22 11:30:00-04:00,1.0814086698351972,SL,0.00016,-1.0,-1.3145,-1314.55
2024-10-22 20:45:00-04:00,SHORT,Breakout,1.07921,1.0793305052733555,1.07851,2024-10-22 20:50:00-04:00,1.0793305052733555,SL,0.000176,-1.0,-2.4605,-2460.52
2024-10-23 02:20:00-04:00,SHORT,Breakout,1.07966,1.0798143971457907,1.07912,2024-10-23 03:00:00-04:00,1.07912,TP,0.000182,3.4975,2.3187,2318.7
2024-10-23 06:40:00-04:00,SHORT,Breakout,1.07779,1.0778892956945674,1.07764,2024-10-23 06:45:00-04:00,1.0778892956945674,SL,0.00017,-1.0,-2.7121,-2712.06
2024-10-23 07:00:00-04:00,SHORT,Retest,1.07771,1.0778887871286063,1.0754,2024-10-23 07:15:00-04:00,1.0778887871286063,SL,0.000162,-1.0,-1.9061,-1906.11
2024-10-24 02:55:00-04:00,SHORT,Breakout,1.07824,1.0784885910751185,1.07801,2024-10-24 03:00:00-04:00,1.07801,TP,0.00017,0.9252,0.2414,241.36
2024-10-24 03:15:00-04:00,SHORT,Breakout,1.07763,1.0785147955460346,1.0766499999999999,2024-10-24 03:30:00-04:00,1.0785147955460346,SL,0.00017,-1.0,-1.1921,-1192.13
2024-10-24 19:40:00-04:00,SHORT,Breakout,1.0823,1.0823625432829855,1.08168,2024-10-24 19:45:00-04:00,1.0823625432829855,SL,0.000172,-1.0,-3.7501,-3750.1
2024-10-24 20:00:00-04:00,SHORT,Breakout,1.08229,1.082360465501493,1.08168,2024-10-24 20:05:00-04:00,1.082360465501493,SL,0.000176,-1.0,-3.4977,-3497.68
2024-10-24 21:45:00-04:00,SHORT,Retest,1.08228,1.0823627930313795,1.0819,2024-10-24 21:50:00-04:00,1.0823627930313795,SL,0.000174,-1.0,-3.1016,-3101.63
2024-10-25 04:00:00-04:00,SHORT,Bounce,1.08216,1.0825426693797877,1.0812599999999999,2024-10-25 04:10:00-04:00,1.0825426693797877,SL,0.00017,-1.0,-1.4442,-1444.25
2024-10-25 07:35:00-04:00,SHORT,Bounce,1.08262,1.0827492983690163,1.08211,2024-10-25 07:45:00-04:00,1.0827492983690163,SL,0.000164,-1.0,-2.2684,-2268.38
2024-10-25 07:55:00-04:00,SHORT,Breakout,1.0820400000000001,1.0821625444272562,1.0812599999999999,2024-10-25 08:00:00-04:00,1.0821625444272562,SL,0.00016,-1.0,-2.3056,-2305.65
2024-10-27 21:00:00-04:00,SHORT,Breakout,1.07895,1.0793453948844614,1.07875,2024-10-27 21:05:00-04:00,1.0793453948844614,SL,0.00018,-1.0,-1.4552,-1455.24
2024-10-27 21:40:00-04:00,SHORT,Retest,1.0792,1.0793421098056424,1.07875,2024-10-27 22:20:00-04:00,1.0793421098056424,SL,0.000182,-1.0,-2.2807,-2280.7
2024-10-28 18:15:00-04:00,SHORT,Breakout,1.08101,1.0811014393125924,1.0809,2024-10-28 18:20:00-04:00,1.0811014393125924,SL,0.000172,-1.0,-2.881,-2881.03
2024-10-28 19:30:00-04:00,SHORT,Retest,1.08098,1.0810938832529113,1.08075,2024-10-28 19:35:00-04:00,1.0810938832529113,SL,0.000176,-1.0,-2.5454,-2545.44
2024-10-29 03:00:00-04:00,SHORT,Bounce,1.08093,1.081310087496822,1.08056,2024-10-29 03:10:00-04:00,1.08056,TP,0.000174,0.9735,0.5157,515.67
2024-10-29 03:35:00-04:00,SHORT,Bounce,1.08116,1.0813201247142663,1.07812,2024-10-29 03:45:00-04:00,1.0813201247142663,SL,0.00017,-1.0,-2.0617,-2061.67
2024-10-29 07:00:00-04:00,SHORT,Breakout,1.08022,1.0805259995867265,1.07812,2024-10-29 08:30:00-04:00,1.07812,TP,0.00017,6.8628,6.3072,6307.2
2024-10-30 08:15:00-04:00,SHORT,Breakout,1.0812,1.0815702823753175,1.07915,2024-10-30 08:30:00-04:00,1.0815702823753175,SL,0.00016,-1.0,-1.4321,-1432.1
2024-10-31 19:45:00-04:00,SHORT,Bounce,1.08837,1.0885947354816925,1.08798,2024-10-31 20:20:00-04:00,1.08798,TP,0.00016,1.7354,1.0234,1023.43
2024-11-06 19:50:00-05:00,SHORT,Breakout,1.07222,1.072476959075336,1.06977,2024-11-06 20:00:00-05:00,1.072476959075336,SL,0.00016,-1.0,-1.6227,-1622.67
2024-11-06 20:15:00-05:00,SHORT,Breakout,1.07175,1.0724891561179097,1.06977,2024-11-06 21:05:00-05:00,1.0724891561179097,SL,0.00016,-1.0,-1.2165,-1216.46
2024-11-07 14:00:00-05:00,SHORT,Breakout,1.07753,1.0785038254867172,1.07454,2024-11-07 14:05:00-05:00,1.0785038254867172,SL,0.000154,-1.0,-1.1581,-1158.14
2024-11-07 14:40:00-05:00,SHORT,Breakout,1.0775,1.078554795327848,1.07454,2024-11-07 14:45:00-05:00,1.078554795327848,SL,0.00016,-1.0,-1.1517,-1151.69
2024-11-07 14:55:00-05:00,SHORT,Breakout,1.07802,1.0785775281834118,1.07454,2024-11-07 15:00:00-05:00,1.0785775281834118,SL,0.00016,-1.0,-1.287,-1286.98
2024-11-08 01:15:00-05:00,SHORT,Breakout,1.07733,1.0776311757854715,1.07663,2024-11-08 01:25:00-05:00,1.0776311757854715,SL,0.00016,-1.0,-1.5313,-1531.25
2024-11-08 03:00:00-05:00,SHORT,Breakout,1.0768,1.07729640630897,1.07454,2024-11-08 03:25:00-05:00,1.07729640630897,SL,0.00016,-1.0,-1.3223,-1322.32
2024-11-11 02:20:00-05:00,SHORT,Breakout,1.07062,1.0707801268004358,1.06993,2024-11-11 02:25:00-05:00,1.0707801268004358,SL,0.000158,-1.0,-1.9867,-1986.72
2024-11-11 20:50:00-05:00,SHORT,Breakout,1.06507,1.0654123712332113,1.06452,2024-11-11 21:00:00-05:00,1.06452,TP,0.00016,1.6064,1.1391,1139.11
2024-11-12 01:00:00-05:00,SHORT,Breakout,1.06335,1.0637831536207083,1.0628,2024-11-12 02:25:00-05:00,1.0628,TP,0.00016,1.2698,0.9004,900.37
2024-11-13 08:35:00-05:00,SHORT,Bounce,1.06415,1.064415428907025,1.06094,2024-11-13 08:40:00-05:00,1.064415428907025,SL,0.00016,-1.0,-1.6028,-1602.8
2024-11-13 19:55:00-05:00,SHORT,Bounce,1.05646,1.0565709047717904,1.05568,2024-11-13 20:10:00-05:00,1.05568,TP,0.00016,7.0331,5.5904,5590.38
2024-11-14 02:50:00-05:00,SHORT,Bounce,1.05501,1.0554242291343874,1.05333,2024-11-14 03:00:00-05:00,1.0554242291343874,SL,0.00016,-1.0,-1.3863,-1386.26
2024-11-18 02:45:00-05:00,SHORT,Bounce,1.05443,1.0547341666938619,1.05348,2024-11-18 02:55:00-05:00,1.0547341666938619,SL,0.000158,-1.0,-1.5195,-1519.45
2024-11-18 19:45:00-05:00,SHORT,Breakout,1.05872,1.0588800769392404,1.05599,2024-11-18 19:50:00-05:00,1.0588800769392404,SL,0.00016,-1.0,-1.9995,-1999.52
2024-11-19 02:05:00-05:00,SHORT,Breakout,1.05805,1.0582606742700151,1.05599,2024-11-19 02:35:00-05:00,1.0582606742700151,SL,0.00016,-1.0,-1.7595,-1759.47
2024-11-19 02:55:00-05:00,SHORT,Breakout,1.0577,1.0582787347181435,1.05599,2024-11-19 03:00:00-05:00,1.0582787347181435,SL,0.00016,-1.0,-1.2765,-1276.47
2024-11-19 03:35:00-05:00,SHORT,Breakout,1.05648,1.0574840552903157,1.05599,2024-11-19 03:45:00-05:00,1.0574840552903157,SL,0.00016,-1.0,-1.1594,-1159.35
2024-11-19 04:15:00-05:00,SHORT,Breakout,1.05442,1.057524208096497,1.05317,2024-11-19 04:20:00-05:00,1.05317,TP,0.00016,0.4027,0.3511,351.14
2024-11-20 01:05:00-05:00,SHORT,Breakout,1.05832,1.0587388273555456,1.05704,2024-11-20 01:25:00-05:00,1.0587388273555456,SL,0.00016,-1.0,-1.382,-1382.02
2024-11-20 01:35:00-05:00,SHORT,Bounce,1.05914,1.059421120254846,1.05704,2024-11-20 03:05:00-05:00,1.05704,TP,0.000158,7.4701,6.9081,6908.08
2024-11-20 09:20:00-05:00,SHORT,Breakout,1.05342,1.0542501124110906,1.05232,2024-11-20 09:30:00-05:00,1.0542501124110906,SL,0.000156,-1.0,-1.1879,-1187.93
2024-11-21 00:55:00-05:00,SHORT,Breakout,1.05459,1.0547143746688237,1.05443,2024-11-21 01:00:00-05:00,1.0547143746688237,SL,0.00016,-1.0,-2.2864,-2286.44
2024-11-21 01:15:00-05:00,SHORT,Bounce,1.05516,1.055460430157129,1.05443,2024-11-21 01:30:00-05:00,1.05443,TP,0.00016,2.4298,1.8973,1897.28
2024-11-21 01:50:00-05:00,SHORT,Retest,1.05445,1.0547294871666342,1.05355,2024-11-21 02:10:00-05:00,1.05355,TP,0.00016,3.2202,2.6477,2647.71
2024-11-21 18:45:00-05:00,SHORT,Breakout,1.0467,1.0471282037489438,1.04615,2024-11-21 18:50:00-05:00,1.0471282037489438,SL,0.00016,-1.0,-1.3737,-1373.65
2024-11-21 18:55:00-05:00,SHORT,Breakout,1.04683,1.0471355022120994,1.04615,2024-11-21 19:05:00-05:00,1.0471355022120994,SL,0.00016,-1.0,-1.5237,-1523.73
2024-11-21 19:10:00-05:00,SHORT,Breakout,1.04701,1.0471387333673405,1.04615,2024-11-21 19:35:00-05:00,1.0471387333673405,SL,0.00016,-1.0,-2.2429,-2242.88
2024-11-21 19:40:00-05:00,SHORT,Retest,1.04697,1.0471382789619545,1.04615,2024-11-21 19:50:00-05:00,1.0471382789619545,SL,0.00016,-1.0,-1.9508,-1950.8
2024-11-22 03:45:00-05:00,SHORT,Breakout,1.04583,1.046313603203489,1.04506,2024-11-22 03:55:00-05:00,1.04506,TP,0.00016,1.5922,1.2614,1261.36
2024-11-25 18:35:00-05:00,SHORT,Breakout,1.04871,1.0491623472764287,1.04661,2024-11-25 18:40:00-05:00,1.04661,TP,0.00016,4.6425,4.2887,4288.74
2024-11-26 10:55:00-05:00,SHORT,Breakout,1.04789,1.0490560340141428,1.04695,2024-11-26 11:10:00-05:00,1.04695,TP,0.00016,0.8062,0.6689,668.93
2024-11-27 08:00:00-05:00,SHORT,Bounce,1.05264,1.0530879325944007,1.05098,2024-11-27 08:05:00-05:00,1.0530879325944007,SL,0.000162,-1.0,-1.3617,-1361.66
2024-11-27 19:00:00-05:00,SHORT,Breakout,1.05583,1.0558965489673209,1.05324,2024-11-27 19:25:00-05:00,1.0558965489673209,SL,0.000168,-1.0,-3.5245,-3524.46
2024-11-27 19:35:00-05:00,SHORT,Breakout,1.05578,1.0559041747583997,1.05324,2024-11-27 20:30:00-05:00,1.0559041747583997,SL,0.00016,-1.0,-2.2885,-2288.51
2024-11-28 01:00:00-05:00,SHORT,Breakout,1.05429,1.0548527522252793,1.05324,2024-11-28 01:40:00-05:00,1.0548527522252793,SL,0.00016,-1.0,-1.2843,-1284.32
2024-11-28 02:30:00-05:00,SHORT,Breakout,1.05393,1.0542924404114422,1.05324,2024-11-28 02:40:00-05:00,1.05324,TP,0.00016,1.9038,1.4623,1462.31
2024-11-28 02:55:00-05:00,SHORT,Breakout,1.05411,1.0543036153159502,1.05098,2024-11-28 03:45:00-05:00,1.0543036153159502,SL,0.00016,-1.0,-1.8264,-1826.38
2024-11-28 04:05:00-05:00,SHORT,Bounce,1.05399,1.055584530126647,1.05269,2024-11-28 10:05:00-05:00,1.055584530126647,SL,0.00016,-1.0,-1.1003,-1100.34
2024-11-29 08:00:00-05:00,SHORT,Bounce,1.05621,1.0568102286455971,1.05412,2024-11-29 11:40:00-05:00,1.05412,TP,0.00016,3.482,3.2154,3215.44
2024-12-02 00:15:00-05:00,SHORT,Breakout,1.05172,1.0519977177660056,1.05098,2024-12-02 00:25:00-05:00,1.0519977177660056,SL,0.00016,-1.0,-1.5761,-1576.12
2024-12-02 02:30:00-05:00,SHORT,Breakout,1.0512299999999999,1.0515599258267674,1.04737,2024-12-02 04:10:00-05:00,1.0515599258267674,SL,0.00016,-1.0,-1.485,-1484.96
2024-12-02 19:15:00-05:00,SHORT,Breakout,1.04925,1.0493936332356828,1.04839,2024-12-02 20:05:00-05:00,1.0493936332356828,SL,0.00016,-1.0,-2.1139,-2113.95
2024-12-02 20:25:00-05:00,SHORT,Breakout,1.04861,1.0488510184241542,1.04839,2024-12-02 20:30:00-05:00,1.0488510184241542,SL,0.00016,-1.0,-1.6638,-1663.85
2024-12-03 05:55:00-05:00,SHORT,Breakout,1.05139,1.0516492844342769,1.04827,2024-12-03 06:00:00-05:00,1.0516492844342769,SL,0.00016,-1.0,-1.6171,-1617.08
2024-12-03 09:30:00-05:00,SHORT,Bounce,1.05244,1.0527583004143009,1.05056,2024-12-03 09:35:00-05:00,1.0527583004143009,SL,0.00016,-1.0,-1.5027,-1502.67
2024-12-03 09:35:00-05:00,SHORT,Bounce,1.05228,1.0527601360989935,1.05056,2024-12-03 10:00:00-05:00,1.05056,TP,0.00016,3.5823,3.2491,3249.08
2024-12-03 19:20:00-05:00,SHORT,Breakout,1.05037,1.0505373870211776,1.05026,2024-12-03 19:25:00-05:00,1.05026,TP,0.00016,0.6572,-0.2987,-298.71
2024-12-04 03:10:00-05:00,SHORT,Breakout,1.05071,1.0510625420775717,1.04872,2024-12-04 04:00:00-05:00,1.04872,TP,0.00016,5.6447,5.1909,5190.87
2024-12-04 19:50:00-05:00,SHORT,Bounce,1.0512299999999999,1.051520363240823,1.05072,2024-12-04 21:15:00-05:00,1.051520363240823,SL,0.00016,-1.0,-1.551,-1551.03
2024-12-05 00:25:00-05:00,SHORT,Bounce,1.05236,1.0525224327172962,1.05152,2024-12-05 00:30:00-05:00,1.0525224327172962,SL,0.00016,-1.0,-1.985,-1985.02
2024-12-05 02:45:00-05:00,SHORT,Bounce,1.05269,1.0529709670871117,1.05223,2024-12-05 02:50:00-05:00,1.0529709670871117,SL,0.00016,-1.0,-1.5695,-1569.46
2024-12-05 19:05:00-05:00,SHORT,Breakout,1.05794,1.0580700885680177,1.05563,2024-12-05 19:30:00-05:00,1.0580700885680177,SL,0.00016,-1.0,-2.2299,-2229.93
2024-12-09 18:00:00-05:00,SHORT,Bounce,1.0553,1.0554664375062217,1.05464,2024-12-09 18:40:00-05:00,1.0554664375062217,SL,0.000166,-1.0,-1.9974,-1997.37
2024-12-09 19:05:00-05:00,SHORT,Breakout,1.05486,1.0549563444454126,1.05464,2024-12-09 19:10:00-05:00,1.0549563444454126,SL,0.00016,-1.0,-2.6607,-2660.71
2024-12-09 20:20:00-05:00,SHORT,Retest,1.05475,1.0549630917313775,1.05464,2024-12-09 20:35:00-05:00,1.05464,TP,0.000164,0.5162,-0.2534,-253.41
2024-12-11 02:05:00-05:00,SHORT,Breakout,1.05126,1.0520508269017907,1.05039,2024-12-11 02:30:00-05:00,1.05039,TP,0.00016,1.1001,0.8978,897.79
2024-12-11 08:30:00-05:00,SHORT,Bounce,1.05134,1.0518745578475603,1.04894,2024-12-11 08:35:00-05:00,1.0518745578475603,SL,0.000156,-1.0,-1.2918,-1291.83
2024-12-12 09:00:00-05:00,SHORT,Retest,1.04868,1.0495122871024305,1.046,2024-12-12 09:40:00-05:00,1.0495122871024305,SL,0.00016,-1.0,-1.1922,-1192.24
2024-12-16 02:50:00-05:00,SHORT,Breakout,1.05069,1.0511918582854187,1.04845,2024-12-16 03:30:00-05:00,1.0511918582854187,SL,0.00016,-1.0,-1.3188,-1318.82
2024-12-17 21:50:00-05:00,SHORT,Bounce,1.05004,1.0503351490874528,1.04949,2024-12-17 23:35:00-05:00,1.0503351490874528,SL,0.00016,-1.0,-1.5421,-1542.1
2024-12-18 02:50:00-05:00,SHORT,Breakout,1.04939,1.0495773874843202,1.04845,2024-12-18 02:55:00-05:00,1.0495773874843202,SL,0.00016,-1.0,-1.8538,-1853.85
2024-12-18 03:00:00-05:00,SHORT,Breakout,1.04944,1.0495802371676026,1.04845,2024-12-18 03:05:00-05:00,1.0495802371676026,SL,0.00016,-1.0,-2.1409,-2140.92
2024-12-18 03:35:00-05:00,SHORT,Retest,1.04939,1.0495867820140894,1.04845,2024-12-18 04:10:00-05:00,1.0495867820140894,SL,0.00016,-1.0,-1.8131,-1813.08
2024-12-18 14:00:00-05:00,SHORT,Breakout,1.04335,1.0467852798237378,1.04244,2024-12-18 14:05:00-05:00,1.04244,TP,0.000158,0.2649,0.2189,218.91
2024-12-19 08:30:00-05:00,SHORT,Breakout,1.04006,1.0404839785105704,1.03753,2024-12-19 08:35:00-05:00,1.0404839785105704,SL,0.00016,-1.0,-1.3774,-1377.38
2024-12-19 20:10:00-05:00,SHORT,Breakout,1.03599,1.0360800730865765,1.0358,2024-12-19 20:15:00-05:00,1.0360800730865765,SL,0.00016,-1.0,-2.7763,-2776.34
2024-12-20 01:05:00-05:00,SHORT,Breakout,1.0355,1.0358975751400326,1.03467,2024-12-20 01:10:00-05:00,1.03467,TP,0.000158,2.0877,1.6902,1690.25
2024-12-23 01:45:00-05:00,SHORT,Breakout,1.04334,1.0437971853305832,1.04262,2024-12-23 02:40:00-05:00,1.04262,TP,0.000158,1.5749,1.2293,1229.26
2024-12-23 15:00:00-05:00,SHORT,Bounce,1.04097,1.0412414910501526,1.03958,2024-12-23 22:05:00-05:00,1.03958,TP,0.00016,5.1199,4.5305,4530.54
2024-12-24 02:10:00-05:00,SHORT,Bounce,1.03943,1.0398132149900214,1.03918,2024-12-24 02:50:00-05:00,1.03918,TP,0.00016,0.6524,0.2349,234.86
2024-12-24 02:55:00-05:00,SHORT,Breakout,1.03898,1.0392264584453705,1.03881,2024-12-24 03:00:00-05:00,1.0392264584453705,SL,0.00016,-1.0,-1.6492,-1649.2
2024-12-24 14:15:00-05:00,SHORT,Bounce,1.03906,1.0392898089881761,1.03828,2024-12-24 14:30:00-05:00,1.0392898089881761,SL,0.000286,-1.0,-2.2445,-2244.51
2024-12-25 18:00:00-05:00,SHORT,Bounce,1.03959,1.0397536604429058,1.03892,2024-12-25 18:05:00-05:00,1.0397536604429058,SL,0.000218,-1.0,-2.329,-2328.97
2024-12-26 02:15:00-05:00,SHORT,Breakout,1.03923,1.0396425170431656,1.03892,2024-12-26 02:50:00-05:00,1.0396425170431656,SL,0.00016,-1.0,-1.3879,-1387.86
2024-12-26 03:00:00-05:00,SHORT,Breakout,1.03955,1.0396504287944932,1.03892,2024-12-26 03:10:00-05:00,1.0396504287944932,SL,0.00016,-1.0,-2.5932,-2593.17
2024-12-26 07:05:00-05:00,SHORT,Breakout,1.03961,1.0399002456989894,1.03907,2024-12-26 07:55:00-05:00,1.0399002456989894,SL,0.00016,-1.0,-1.5513,-1551.26
2024-12-26 19:55:00-05:00,SHORT,Breakout,1.0417399999999999,1.0418402665118636,1.04135,2024-12-26 20:20:00-05:00,1.04135,TP,0.00016,3.8896,2.2939,2293.89
2024-12-26 20:30:00-05:00,SHORT,Retest,1.04158,1.041838754322712,1.04056,2024-12-27 02:40:00-05:00,1.04056,TP,0.00016,3.942,3.3236,3323.62
2024-12-27 02:40:00-05:00,SHORT,Breakout,1.04059,1.040721721502924,1.03945,2024-12-27 02:45:00-05:00,1.040721721502924,SL,0.00016,-1.0,-2.2147,-2214.68
2024-12-27 02:45:00-05:00,SHORT,Retest,1.04056,1.040721169967001,1.03945,2024-12-27 02:50:00-05:00,1.040721169967001,SL,0.00016,-1.0,-1.9927,-1992.74
2024-12-27 09:55:00-05:00,SHORT,Breakout,1.04258,1.0428196334986157,1.0411,2024-12-27 10:40:00-05:00,1.0428196334986157,SL,0.00016,-1.0,-1.6677,-1667.69
2024-12-27 10:55:00-05:00,SHORT,Breakout,1.04212,1.0428406498029053,1.0411,2024-12-27 11:20:00-05:00,1.0428406498029053,SL,0.00016,-1.0,-1.222,-1222.02
2024-12-29 22:10:00-05:00,SHORT,Breakout,1.04207,1.0423777491881259,1.04138,2024-12-29 22:35:00-05:00,1.0423777491881259,SL,0.00016,-1.0,-1.5199,-1519.9
2024-12-30 03:15:00-05:00,SHORT,Breakout,1.04204,1.0422787355521532,1.04138,2024-12-30 03:55:00-05:00,1.04138,TP,0.00016,2.7646,2.0944,2094.37
2024-12-30 08:55:00-05:00,SHORT,Breakout,1.03871,1.0409988214020567,1.03828,2024-12-30 09:00:00-05:00,1.03828,TP,0.00016,0.1879,0.118,117.96
2024-12-30 09:15:00-05:00,SHORT,Retest,1.04006,1.041005470951274,1.03788,2024-12-30 10:45:00-05:00,1.03788,TP,0.00016,2.3057,2.1365,2136.5
2024-12-30 19:30:00-05:00,SHORT,Breakout,1.03974,1.0398433561665568,1.03946,2024-12-30 19:45:00-05:00,1.0398433561665568,SL,0.00017,-1.0,-2.6448,-2644.8
2025-01-02 03:10:00-05:00,SHORT,Breakout,1.03572,1.0360098188148312,1.03438,2025-01-02 03:55:00-05:00,1.0360098188148312,SL,0.00016,-1.0,-1.5521,-1552.07
2025-01-02 05:30:00-05:00,SHORT,Breakout,1.03419,1.0346426054531666,1.03307,2025-01-02 05:45:00-05:00,1.03307,TP,0.00016,2.4746,2.1211,2121.05
2025-01-02 19:00:00-05:00,SHORT,Bounce,1.02671,1.0268240107136575,1.02617,2025-01-02 19:30:00-05:00,1.0268240107136575,SL,0.00016,-1.0,-2.4034,-2403.38
2025-01-03 10:05:00-05:00,SHORT,Bounce,1.02981,1.0303091731767717,1.02873,2025-01-03 10:15:00-05:00,1.02873,TP,0.00016,2.1636,1.843,1843.05
2025-01-03 10:15:00-05:00,SHORT,Breakout,1.02855,1.0288327768718082,1.02785,2025-01-03 10:25:00-05:00,1.02785,TP,0.00016,2.4754,1.9096,1909.63
2025-01-05 19:10:00-05:00,SHORT,Breakout,1.02961,1.0298004695040848,1.02919,2025-01-05 19:15:00-05:00,1.0298004695040848,SL,0.00016,-1.0,-1.84,-1840.03
2025-01-06 02:00:00-05:00,SHORT,Breakout,1.03118,1.0312720483342255,1.02949,2025-01-06 02:05:00-05:00,1.0312720483342255,SL,0.00016,-1.0,-2.7382,-2738.22
2025-01-06 09:15:00-05:00,SHORT,Breakout,1.03585,1.0393836479294083,1.03282,2025-01-06 09:50:00-05:00,1.0393836479294083,SL,0.000158,-1.0,-1.0447,-1044.71
2025-01-06 10:05:00-05:00,SHORT,Retest,1.03848,1.039393841441245,1.03524,2025-01-06 10:55:00-05:00,1.039393841441245,SL,0.00016,-1.0,-1.1751,-1175.09
2025-01-08 02:00:00-05:00,SHORT,Breakout,1.03429,1.0347345356864983,1.03383,2025-01-08 02:40:00-05:00,1.03383,TP,0.000158,1.0348,0.6794,679.36
2025-01-08 06:15:00-05:00,SHORT,Breakout,1.03065,1.031028592764745,1.02949,2025-01-08 06:30:00-05:00,1.02949,TP,0.00016,3.064,2.6414,2641.36
2025-01-08 19:30:00-05:00,SHORT,Breakout,1.03042,1.0307587945579681,1.02975,2025-01-08 19:40:00-05:00,1.0307587945579681,SL,0.00016,-1.0,-1.4723,-1472.26
2025-01-08 19:50:00-05:00,SHORT,Breakout,1.03064,1.0307584176741496,1.02975,2025-01-08 19:55:00-05:00,1.0307584176741496,SL,0.00016,-1.0,-2.3511,-2351.15
2025-01-09 01:00:00-05:00,SHORT,Breakout,1.03041,1.0305429921500564,1.02975,2025-01-09 01:10:00-05:00,1.02975,TP,0.00016,4.9627,3.7596,3759.62
2025-01-09 02:40:00-05:00,SHORT,Breakout,1.02932,1.0297149191275319,1.02883,2025-01-09 02:55:00-05:00,1.02883,TP,0.000162,1.2408,0.8305,830.55
2025-01-09 19:15:00-05:00,SHORT,Breakout,1.02944,1.0295569037097676,1.0293,2025-01-09 19:20:00-05:00,1.0293,TP,0.00016,1.1976,-0.1711,-171.08
2025-01-09 19:20:00-05:00,SHORT,Retest,1.02922,1.0295586963019272,1.02904,2025-01-09 19:55:00-05:00,1.0295586963019272,SL,0.00016,-1.0,-1.4724,-1472.4
2025-01-12 20:15:00-05:00,SHORT,Bounce,1.02456,1.024676120138055,1.02339,2025-01-12 20:20:00-05:00,1.024676120138055,SL,0.000156,-1.0,-2.3434,-2343.44
2025-01-14 00:55:00-05:00,SHORT,Breakout,1.02441,1.0245030386547547,1.02379,2025-01-14 01:00:00-05:00,1.0245030386547547,SL,0.00016,-1.0,-2.7197,-2719.72
2025-01-14 07:05:00-05:00,SHORT,Breakout,1.02479,1.0252156974197726,1.02416,2025-01-14 07:10:00-05:00,1.02416,TP,0.00016,1.4799,1.1041,1104.07
2025-01-14 08:00:00-05:00,SHORT,Retest,1.02462,1.0252167682522237,1.02379,2025-01-14 08:10:00-05:00,1.0252167682522237,SL,0.00016,-1.0,-1.2681,-1268.11
2025-01-14 08:30:00-05:00,SHORT,Bounce,1.02528,1.02637328602038,1.02388,2025-01-14 08:45:00-05:00,1.02637328602038,SL,0.00016,-1.0,-1.1463,-1146.35
2025-01-14 08:45:00-05:00,SHORT,Bounce,1.0257,1.026390842342119,1.02388,2025-01-14 09:25:00-05:00,1.026390842342119,SL,0.00016,-1.0,-1.2316,-1231.6
2025-01-15 00:55:00-05:00,SHORT,Breakout,1.02925,1.0297336456226893,1.02783,2025-01-15 01:30:00-05:00,1.0297336456226893,SL,0.00016,-1.0,-1.3308,-1330.82
2025-01-15 01:55:00-05:00,SHORT,Retest,1.02954,1.0297309888190462,1.02911,2025-01-15 02:00:00-05:00,1.02911,TP,0.00016,2.2514,1.4137,1413.7
2025-01-15 02:15:00-05:00,SHORT,Breakout,1.02885,1.0291643604139105,1.02783,2025-01-15 02:20:00-05:00,1.0291643604139105,SL,0.00016,-1.0,-1.509,-1508.97
2025-01-16 07:20:00-05:00,SHORT,Breakout,1.02762,1.0284067363206104,1.02573,2025-01-16 08:50:00-05:00,1.0284067363206104,SL,0.00016,-1.0,-1.2034,-1203.37
2025-01-16 18:30:00-05:00,SHORT,Bounce,1.03014,1.0302559129411568,1.02961,2025-01-16 19:30:00-05:00,1.0302559129411568,SL,0.00016,-1.0,-2.3803,-2380.35
2025-01-20 01:00:00-05:00,SHORT,Breakout,1.02992,1.0301278068827444,1.02783,2025-01-20 01:05:00-05:00,1.0301278068827444,SL,0.00016,-1.0,-1.7699,-1769.95
2025-01-20 19:50:00-05:00,SHORT,Breakout,1.03713,1.041174082232011,1.03527,2025-01-20 19:55:00-05:00,1.03527,TP,0.00016,0.4599,0.4204,420.37
2025-01-22 00:25:00-05:00,LONG,Bounce,1.04108,1.0408819491667916,1.04206,2025-01-22 01:15:00-05:00,1.0408819491667916,SL,0.000158,-1.0,-1.7978,-1797.77
2025-01-22 03:35:00-05:00,LONG,Breakout,1.04202,1.0416841164073614,1.04238,2025-01-22 03:50:00-05:00,1.0416841164073614,SL,0.00016,-1.0,-1.4764,-1476.36
2025-01-22 03:50:00-05:00,LONG,Retest,1.04201,1.0416837717736782,1.04238,2025-01-22 04:00:00-05:00,1.04238,TP,0.00016,1.1342,0.6437,643.72
2025-01-22 20:10:00-05:00,LONG,Breakout,1.0414,1.0412003945917394,1.04222,2025-01-22 20:15:00-05:00,1.0412003945917394,SL,0.000168,-1.0,-1.8417,-1841.66
2025-01-23 11:10:00-05:00,LONG,Bounce,1.03972,1.039197365701724,1.04172,2025-01-23 11:40:00-05:00,1.04172,TP,0.000158,3.8268,3.5245,3524.45
2025-01-23 19:20:00-05:00,LONG,Breakout,1.04189,1.0417984144114567,1.04282,2025-01-23 19:25:00-05:00,1.0417984144114567,SL,0.00016,-1.0,-2.747,-2747.0
2025-01-23 19:30:00-05:00,LONG,Breakout,1.04199,1.0417974797731437,1.04282,2025-01-23 19:50:00-05:00,1.0417974797731437,SL,0.00016,-1.0,-1.8311,-1831.08
2025-01-23 21:10:00-05:00,LONG,Breakout,1.04301,1.0421692649847667,1.04373,2025-01-23 21:15:00-05:00,1.04373,TP,0.00016,0.8564,0.6661,666.08
2025-01-28 01:00:00-05:00,LONG,Breakout,1.04397,1.043830845993094,1.04559,2025-01-28 01:40:00-05:00,1.043830845993094,SL,0.000166,-1.0,-2.1929,-2192.92
2025-01-28 02:10:00-05:00,LONG,Breakout,1.04395,1.0438162686682408,1.04559,2025-01-28 02:15:00-05:00,1.0438162686682408,SL,0.00016,-1.0,-2.1964,-2196.43
2025-01-29 01:00:00-05:00,LONG,Breakout,1.04424,1.044141523064394,1.04437,2025-01-29 01:05:00-05:00,1.044141523064394,SL,0.000172,-1.0,-2.7466,-2746.6
2025-01-30 08:20:00-05:00,LONG,Breakout,1.04124,1.0410548631087586,1.04282,2025-01-30 08:30:00-05:00,1.0410548631087586,SL,0.00016,-1.0,-1.8642,-1864.23
2025-01-30 20:25:00-05:00,LONG,Bounce,1.03858,1.0383465239346776,1.04016,2025-01-30 22:05:00-05:00,1.0383465239346776,SL,0.000158,-1.0,-1.6767,-1676.73
2025-02-02 19:20:00-05:00,SHORT,Breakout,1.02189,1.0236360150954742,1.02063,2025-02-02 19:30:00-05:00,1.0236360150954742,SL,0.00016,-1.0,-1.0916,-1091.64
2025-02-02 19:40:00-05:00,SHORT,Retest,1.02282,1.0236262986552955,1.02063,2025-02-02 19:45:00-05:00,1.0236262986552955,SL,0.00016,-1.0,-1.1984,-1198.44
2025-02-04 18:55:00-05:00,SHORT,Breakout,1.03708,1.0373217128162269,1.0365,2025-02-04 19:00:00-05:00,1.0373217128162269,SL,0.00016,-1.0,-1.6619,-1661.94
2025-02-04 19:40:00-05:00,SHORT,Bounce,1.03776,1.0380180345192804,1.0365,2025-02-04 20:00:00-05:00,1.0380180345192804,SL,0.00016,-1.0,-1.6201,-1620.07
2025-02-04 20:15:00-05:00,SHORT,Bounce,1.03776,1.038025635026416,1.03691,2025-02-04 20:20:00-05:00,1.038025635026416,SL,0.00016,-1.0,-1.6023,-1602.33
2025-02-06 07:05:00-05:00,LONG,Bounce,1.03599,1.0354481185783289,1.03918,2025-02-06 07:10:00-05:00,1.0354481185783289,SL,0.00016,-1.0,-1.2953,-1295.27
2025-02-06 07:10:00-05:00,LONG,Bounce,1.03596,1.0354461101084482,1.03918,2025-02-06 07:35:00-05:00,1.0354461101084482,SL,0.00016,-1.0,-1.3114,-1311.35
2025-02-06 10:55:00-05:00,LONG,Breakout,1.03686,1.0365873315246728,1.03918,2025-02-06 12:00:00-05:00,1.0365873315246728,SL,0.00016,-1.0,-1.5868,-1586.79
2025-02-10 02:30:00-05:00,SHORT,Breakout,1.03108,1.031211951642993,1.02979,2025-02-10 02:35:00-05:00,1.031211951642993,SL,0.00016,-1.0,-2.2126,-2212.57
2025-02-10 03:00:00-05:00,SHORT,Breakout,1.03109,1.0312210229132264,1.02979,2025-02-10 03:05:00-05:00,1.0312210229132264,SL,0.000168,-1.0,-2.2822,-2282.22
2025-02-10 06:55:00-05:00,SHORT,Breakout,1.03198,1.03233804405174,1.03061,2025-02-10 08:20:00-05:00,1.03233804405174,SL,0.00016,-1.0,-1.4469,-1446.87
2025-02-10 18:05:00-05:00,SHORT,Breakout,1.03037,1.0304580286365523,1.02979,2025-02-10 18:10:00-05:00,1.0304580286365523,SL,0.00025,-1.0,-3.84,-3839.98
2025-02-10 18:10:00-05:00,SHORT,Bounce,1.03034,1.0308028837339414,1.02979,2025-02-10 18:30:00-05:00,1.02979,TP,0.000238,1.1882,0.674,674.04
2025-02-10 19:30:00-05:00,SHORT,Retest,1.03034,1.0304557762217843,1.02978,2025-02-10 19:35:00-05:00,1.0304557762217843,SL,0.00016,-1.0,-2.382,-2381.98
2025-02-11 01:05:00-05:00,SHORT,Bounce,1.03047,1.0305513155553305,1.02914,2025-02-11 01:10:00-05:00,1.0305513155553305,SL,0.000174,-1.0,-3.1398,-3139.81
2025-02-13 08:30:00-05:00,LONG,Bounce,1.03953,1.0383755884202759,1.04267,2025-02-13 09:05:00-05:00,1.0383755884202759,SL,0.000158,-1.0,-1.1369,-1136.87
2025-02-14 02:05:00-05:00,LONG,Breakout,1.04665,1.0462682872551223,1.04921,2025-02-14 06:00:00-05:00,1.0462682872551223,SL,0.00016,-1.0,-1.4192,-1419.16
2025-02-14 08:30:00-05:00,LONG,Breakout,1.049,1.0486115044485331,1.05068,2025-02-14 08:35:00-05:00,1.0486115044485331,SL,0.00016,-1.0,-1.4118,-1411.85
2025-02-14 08:45:00-05:00,LONG,Breakout,1.04918,1.0485953065865259,1.05068,2025-02-14 08:55:00-05:00,1.0485953065865259,SL,0.00016,-1.0,-1.2736,-1273.65
2025-02-16 18:30:00-05:00,LONG,Bounce,1.04861,1.0484374414196622,1.04941,2025-02-16 20:20:00-05:00,1.04941,TP,0.00016,4.6361,3.7089,3708.89
2025-02-16 20:20:00-05:00,LONG,Breakout,1.04954,1.0492950749408996,1.05081,2025-02-16 23:00:00-05:00,1.0492950749408996,SL,0.00016,-1.0,-1.6533,-1653.26
2025-02-17 00:20:00-05:00,LONG,Bounce,1.04928,1.0488231434879567,1.05029,2025-02-17 00:30:00-05:00,1.0488231434879567,SL,0.00016,-1.0,-1.3502,-1350.22
2025-02-17 02:40:00-05:00,LONG,Bounce,1.04856,1.048338349667222,1.04975,2025-02-17 02:50:00-05:00,1.048338349667222,SL,0.000168,-1.0,-1.758,-1757.95
2025-02-17 18:00:00-05:00,LONG,Bounce,1.04822,1.047848780765319,1.04845,2025-02-17 18:25:00-05:00,1.047848780765319,SL,0.000162,-1.0,-1.4364,-1436.4
2025-02-17 19:05:00-05:00,LONG,Breakout,1.04851,1.0484126331495243,1.04887,2025-02-17 19:10:00-05:00,1.0484126331495243,SL,0.00016,-1.0,-2.6433,-2643.27
2025-02-17 22:30:00-05:00,LONG,Breakout,1.04704,1.0469476714377646,1.04857,2025-02-17 22:35:00-05:00,1.0469476714377646,SL,0.00016,-1.0,-2.7329,-2732.94
2025-02-18 17:55:00-05:00,LONG,Breakout,1.045,1.0448272956919877,1.04688,2025-02-18 18:00:00-05:00,1.0448272956919877,SL,0.000284,-1.0,-2.6444,-2644.43
2025-02-19 10:30:00-05:00,LONG,Breakout,1.0438,1.0433625526062675,1.04606,2025-02-19 10:35:00-05:00,1.0433625526062675,SL,0.000162,-1.0,-1.3703,-1370.33
2025-02-19 19:45:00-05:00,LONG,Breakout,1.04259,1.0424744451064618,1.04317,2025-02-19 20:05:00-05:00,1.04317,TP,0.000184,5.0193,3.4269,3426.94
2025-02-20 03:05:00-05:00,LONG,Breakout,1.04381,1.0432937730037728,1.04406,2025-02-20 03:30:00-05:00,1.04406,TP,0.00017,0.4843,0.155,154.97
2025-02-20 04:55:00-05:00,LONG,Retest,1.04358,1.0432878967004346,1.04413,2025-02-20 05:10:00-05:00,1.04413,TP,0.000164,1.8829,1.3215,1321.45
2025-02-20 09:05:00-05:00,LONG,Breakout,1.04511,1.0444753415460515,1.04606,2025-02-20 09:55:00-05:00,1.0444753415460515,SL,0.00016,-1.0,-1.2521,-1252.1
2025-02-21 08:45:00-05:00,LONG,Breakout,1.04758,1.047265915128387,1.0499,2025-02-21 08:50:00-05:00,1.047265915128387,SL,0.00016,-1.0,-1.5094,-1509.42
2025-02-23 17:35:00-05:00,LONG,Breakout,1.04688,1.0465197895241178,1.04916,2025-02-23 19:20:00-05:00,1.04916,TP,0.000362,6.3296,5.3247,5324.66
2025-02-24 18:40:00-05:00,LONG,Bounce,1.04639,1.0459873737159073,1.0485,2025-02-24 18:55:00-05:00,1.0459873737159073,SL,0.000176,-1.0,-1.4371,-1437.13
2025-02-25 08:30:00-05:00,LONG,Breakout,1.0506,1.0498414773500904,1.0514000000000001,2025-02-25 09:00:00-05:00,1.0498414773500904,SL,0.00016,-1.0,-1.2109,-1210.94
2025-02-25 09:30:00-05:00,LONG,Retest,1.05034,1.0498364261204292,1.0514000000000001,2025-02-25 09:35:00-05:00,1.0498364261204292,SL,0.00016,-1.0,-1.3177,-1317.73
2025-02-25 10:20:00-05:00,LONG,Breakout,1.05163,1.0508001135590912,1.05189,2025-02-25 10:40:00-05:00,1.0508001135590912,SL,0.00016,-1.0,-1.1928,-1192.8
2025-02-25 20:05:00-05:00,LONG,Breakout,1.05221,1.0516284253837098,1.05276,2025-02-25 20:30:00-05:00,1.0516284253837098,SL,0.00018,-1.0,-1.3095,-1309.5
2025-02-26 10:30:00-05:00,LONG,Breakout,1.04972,1.0492937145182029,1.05014,2025-02-26 10:45:00-05:00,1.05014,TP,0.00016,0.9853,0.6099,609.92
2025-02-26 12:40:00-05:00,LONG,Breakout,1.04978,1.049229536595385,1.05324,2025-02-26 12:45:00-05:00,1.049229536595385,SL,0.00018,-1.0,-1.327,-1327.0
2025-02-26 13:05:00-05:00,LONG,Retest,1.0499,1.049234499827286,1.05324,2025-02-26 13:15:00-05:00,1.049234499827286,SL,0.00018,-1.0,-1.2705,-1270.47
2025-02-27 07:00:00-05:00,LONG,Bounce,1.0477,1.0472191867698077,1.04866,2025-02-27 08:30:00-05:00,1.0472191867698077,SL,0.00016,-1.0,-1.3328,-1332.77
2025-02-27 19:55:00-05:00,LONG,Breakout,1.04014,1.039910880203373,1.0417,2025-02-27 20:05:00-05:00,1.039910880203373,SL,0.000176,-1.0,-1.7682,-1768.16
2025-02-28 01:25:00-05:00,SHORT,Breakout,1.03829,1.0383808859770998,1.03795,2025-02-28 01:30:00-05:00,1.0383808859770998,SL,0.000176,-1.0,-2.9365,-2936.49
2025-02-28 10:55:00-05:00,SHORT,Breakout,1.0399,1.0401255430971588,1.03925,2025-02-28 11:00:00-05:00,1.0401255430971588,SL,0.00016,-1.0,-1.7094,-1709.4
2025-02-28 13:15:00-05:00,SHORT,Breakout,1.03785,1.039046102891748,1.03722,2025-02-28 13:20:00-05:00,1.03722,TP,0.00018,0.5267,0.3762,376.22
2025-03-04 00:00:00-05:00,LONG,Bounce,1.04786,1.046969243543012,1.04953,2025-03-04 02:45:00-05:00,1.04953,TP,0.00018,1.8748,1.6727,1672.74
2025-03-04 02:45:00-05:00,LONG,Breakout,1.04979,1.0494231373835343,1.05031,2025-03-04 02:55:00-05:00,1.0494231373835343,SL,0.00017,-1.0,-1.4634,-1463.39
2025-03-04 06:50:00-05:00,LONG,Breakout,1.05387,1.0525341929343117,1.05674,2025-03-04 09:20:00-05:00,1.0525341929343117,SL,0.000168,-1.0,-1.1258,-1125.77
2025-03-04 10:20:00-05:00,LONG,Bounce,1.05082,1.0500036377745634,1.05591,2025-03-04 13:10:00-05:00,1.05591,TP,0.00016,6.235,6.039,6038.99
2025-03-04 13:10:00-05:00,LONG,Breakout,1.0568,1.0557565517543646,1.05937,2025-03-04 14:00:00-05:00,1.05937,TP,0.00018,2.463,2.2905,2290.48
2025-03-04 20:30:00-05:00,LONG,Bounce,1.06145,1.0608889631900076,1.06364,2025-03-04 21:05:00-05:00,1.0608889631900076,SL,0.00018,-1.0,-1.3208,-1320.83
2025-03-05 00:50:00-05:00,LONG,Breakout,1.06277,1.0624328075458302,1.06364,2025-03-05 01:10:00-05:00,1.06364,TP,0.000172,2.5801,2.07,2070.03
2025-03-05 09:05:00-05:00,LONG,Breakout,1.07312,1.0719444413334691,1.07516,2025-03-05 09:25:00-05:00,1.07516,TP,0.00016,1.7353,1.5992,1599.24
2025-03-05 19:00:00-05:00,LONG,Breakout,1.07969,1.0795488977547045,1.08042,2025-03-05 19:05:00-05:00,1.0795488977547045,SL,0.000178,-1.0,-2.2615,-2261.5
2025-03-05 19:15:00-05:00,LONG,Breakout,1.07984,1.079541016897626,1.08042,2025-03-05 19:20:00-05:00,1.079541016897626,SL,0.00018,-1.0,-1.602,-1602.04
2025-03-05 19:25:00-05:00,LONG,Bounce,1.07956,1.078559009467851,1.08042,2025-03-05 20:35:00-05:00,1.08042,TP,0.000178,0.8591,0.6813,681.33
2025-03-06 00:55:00-05:00,LONG,Breakout,1.08093,1.0805525132381841,1.08193,2025-03-06 01:30:00-05:00,1.0805525132381841,SL,0.00018,-1.0,-1.4768,-1476.84
2025-03-06 08:15:00-05:00,LONG,Breakout,1.08267,1.0803674707799913,1.09363,2025-03-06 12:15:00-05:00,1.0803674707799913,SL,0.00016,-1.0,-1.0695,-1069.49
2025-03-07 01:15:00-05:00,LONG,Breakout,1.08184,1.0812890176967023,1.08378,2025-03-07 02:45:00-05:00,1.08378,TP,0.00018,3.521,3.1943,3194.29
2025-03-07 08:30:00-05:00,LONG,Breakout,1.08832,1.0864682366792155,1.09363,2025-03-07 08:45:00-05:00,1.0864682366792155,SL,0.00016,-1.0,-1.0864,-1086.4
2025-03-09 21:00:00-04:00,LONG,Breakout,1.08668,1.0863668959990964,1.0886,2025-03-09 21:25:00-04:00,1.0863668959990964,SL,0.00018,-1.0,-1.5749,-1574.89
2025-03-10 07:05:00-04:00,LONG,Breakout,1.08488,1.0841785627640432,1.0886,2025-03-10 07:10:00-04:00,1.0841785627640432,SL,0.00017,-1.0,-1.2424,-1242.36
2025-03-10 08:10:00-04:00,LONG,Retest,1.08484,1.0842287264352137,1.08737,2025-03-10 08:55:00-04:00,1.0842287264352137,SL,0.00016,-1.0,-1.2617,-1261.75
2025-03-10 19:00:00-04:00,LONG,Breakout,1.08392,1.0833291590465353,1.0845,2025-03-10 20:05:00-04:00,1.0845,TP,0.000178,0.9817,0.6804,680.39
2025-03-10 20:05:00-04:00,LONG,Breakout,1.08441,1.0842144323946181,1.08737,2025-03-10 20:10:00-04:00,1.0842144323946181,SL,0.00018,-1.0,-1.9204,-1920.4
2025-03-11 02:30:00-04:00,LONG,Breakout,1.08678,1.085962822102405,1.0886,2025-03-11 02:50:00-04:00,1.085962822102405,SL,0.00018,-1.0,-1.2203,-1220.27
2025-03-11 03:05:00-04:00,LONG,Breakout,1.08657,1.0859593655393784,1.0886,2025-03-11 03:35:00-04:00,1.0886,TP,0.00018,3.3244,3.0296,3029.64
2025-03-11 20:45:00-04:00,LONG,Bounce,1.09072,1.0905692004105279,1.09169,2025-03-11 21:05:00-04:00,1.0905692004105279,SL,0.000178,-1.0,-2.1804,-2180.37
2025-03-12 04:20:00-04:00,LONG,Breakout,1.09111,1.0906889128493442,1.09146,2025-03-12 04:30:00-04:00,1.0906889128493442,SL,0.00017,-1.0,-1.4037,-1403.72
2025-03-12 04:50:00-04:00,LONG,Breakout,1.09161,1.0906724768486968,1.09464,2025-03-12 06:35:00-04:00,1.0906724768486968,SL,0.00017,-1.0,-1.1813,-1181.33
2025-03-13 01:20:00-04:00,LONG,Bounce,1.08837,1.0880134545869504,1.08964,2025-03-13 01:30:00-04:00,1.0880134545869504,SL,0.000174,-1.0,-1.488,-1488.02
2025-03-13 01:30:00-04:00,LONG,Bounce,1.08826,1.0880119786999725,1.08964,2025-03-13 01:35:00-04:00,1.0880119786999725,SL,0.000182,-1.0,-1.7338,-1733.81
2025-03-13 07:20:00-04:00,LONG,Bounce,1.08689,1.0857175986848502,1.0884800000000001,2025-03-13 07:55:00-04:00,1.0857175986848502,SL,0.00017,-1.0,-1.145,-1145.0
2025-03-13 20:00:00-04:00,LONG,Breakout,1.08564,1.0854259090776153,1.08774,2025-03-13 20:10:00-04:00,1.0854259090776153,SL,0.00018,-1.0,-1.8408,-1840.76
2025-03-14 02:30:00-04:00,LONG,Bounce,1.08399,1.083607935093375,1.08579,2025-03-14 02:50:00-04:00,1.083607935093375,SL,0.00018,-1.0,-1.4711,-1471.12
2025-03-14 04:00:00-04:00,LONG,Bounce,1.0841,1.0835727924639842,1.08507,2025-03-14 04:20:00-04:00,1.08507,TP,0.00017,1.8399,1.5174,1517.43
2025-03-16 21:40:00-04:00,LONG,Breakout,1.08855,1.0883704885480014,1.08893,2025-03-16 21:45:00-04:00,1.08893,TP,0.000174,2.1169,1.1476,1147.56
2025-03-17 20:10:00-04:00,LONG,Bounce,1.09185,1.0917063979332442,1.09217,2025-03-17 20:30:00-04:00,1.0917063979332442,SL,0.000176,-1.0,-2.2256,-2225.61
2025-03-18 02:50:00-04:00,LONG,Breakout,1.09156,1.091204939430437,1.09204,2025-03-18 02:55:00-04:00,1.09204,TP,0.00018,1.3519,0.8449,844.93
2025-03-19 08:00:00-04:00,LONG,Breakout,1.0913599999999999,1.0908486613632506,1.09354,2025-03-19 08:25:00-04:00,1.0908486613632506,SL,0.00016,-1.0,-1.3129,-1312.9
2025-03-19 20:00:00-04:00,LONG,Breakout,1.09142,1.0911337260183058,1.0917,2025-03-19 20:15:00-04:00,1.0911337260183058,SL,0.000178,-1.0,-1.6218,-1621.78
2025-03-19 20:30:00-04:00,LONG,Bounce,1.09118,1.0903604376020901,1.0917,2025-03-19 21:05:00-04:00,1.0903604376020901,SL,0.00018,-1.0,-1.2196,-1219.63
2025-03-19 21:15:00-04:00,LONG,Bounce,1.09066,1.0903552883557404,1.09156,2025-03-19 21:45:00-04:00,1.0903552883557404,SL,0.00018,-1.0,-1.5907,-1590.72
2025-03-20 03:05:00-04:00,LONG,Bounce,1.08916,1.088925402168085,1.0898,2025-03-20 03:15:00-04:00,1.088925402168085,SL,0.00018,-1.0,-1.7673,-1767.27
2025-03-23 19:10:00-04:00,LONG,Breakout,1.08232,1.082045963169232,1.08261,2025-03-23 19:40:00-04:00,1.08261,TP,0.00018,1.0583,0.4014,401.41
2025-03-24 14:40:00-04:00,LONG,Breakout,1.08091,1.0805104270498176,1.08541,2025-03-24 14:45:00-04:00,1.0805104270498176,SL,0.00018,-1.0,-1.4505,-1450.48
2025-03-24 21:10:00-04:00,LONG,Breakout,1.08039,1.0802390821041032,1.08054,2025-03-24 21:15:00-04:00,1.0802390821041032,SL,0.000174,-1.0,-2.1529,-2152.94
2025-03-24 21:15:00-04:00,LONG,Retest,1.08062,1.080236004810953,1.08124,2025-03-24 21:30:00-04:00,1.080236004810953,SL,0.00018,-1.0,-1.4688,-1468.76
2025-03-25 11:55:00-04:00,LONG,Bounce,1.08024,1.0799943992087426,1.08294,2025-03-25 14:25:00-04:00,1.0799943992087426,SL,0.00016,-1.0,-1.6515,-1651.46
2025-03-25 15:00:00-04:00,LONG,Bounce,1.07998,1.0795554169277262,1.08159,2025-03-25 15:15:00-04:00,1.0795554169277262,SL,0.00018,-1.0,-1.4239,-1423.95
2025-03-25 20:30:00-04:00,LONG,Bounce,1.07898,1.0787982526461106,1.07924,2025-03-25 20:35:00-04:00,1.0787982526461106,SL,0.000172,-1.0,-1.9464,-1946.37
2025-03-31 10:55:00-04:00,LONG,Bounce,1.08014,1.0798558515886205,1.08205,2025-03-31 11:00:00-04:00,1.0798558515886205,SL,0.00016,-1.0,-1.5631,-1563.09
2025-03-31 20:10:00-04:00,LONG,Breakout,1.0822,1.081847024769669,1.08286,2025-03-31 21:30:00-04:00,1.081847024769669,SL,0.000176,-1.0,-1.4986,-1498.62
2025-04-01 10:00:00-04:00,LONG,Breakout,1.07979,1.0793307036513813,1.08286,2025-04-01 10:25:00-04:00,1.0793307036513813,SL,0.00016,-1.0,-1.3484,-1348.36
2025-04-01 12:00:00-04:00,LONG,Retest,1.07997,1.0793273791547227,1.08118,2025-04-01 12:15:00-04:00,1.0793273791547227,SL,0.000178,-1.0,-1.277,-1276.99
2025-04-01 18:20:00-04:00,LONG,Retest,1.08031,1.0799894351257675,1.08118,2025-04-01 18:35:00-04:00,1.0799894351257675,SL,0.000218,-1.0,-1.68,-1680.05
2025-04-03 01:20:00-04:00,LONG,Breakout,1.09277,1.0922806604034803,1.09354,2025-04-03 01:25:00-04:00,1.09354,TP,0.00018,1.5735,1.2057,1205.71
2025-04-03 06:05:00-04:00,LONG,Breakout,1.10564,1.1044209698295295,1.10767,2025-04-03 06:10:00-04:00,1.10767,TP,0.00017,1.6653,1.5258,1525.8
2025-04-03 07:10:00-04:00,LONG,Retest,1.10587,1.1043345638783746,1.11459,2025-04-03 07:15:00-04:00,1.1043345638783746,SL,0.00016,-1.0,-1.1042,-1104.2
2025-04-03 09:15:00-04:00,LONG,Breakout,1.11275,1.110537673715423,1.11459,2025-04-03 09:25:00-04:00,1.110537673715423,SL,0.00016,-1.0,-1.0723,-1072.32
2025-04-03 18:10:00-04:00,LONG,Breakout,1.10566,1.1050582060014222,1.11267,2025-04-03 19:05:00-04:00,1.1050582060014222,SL,0.000236,-1.0,-1.3922,-1392.16
2025-04-03 23:30:00-04:00,LONG,Breakout,1.10807,1.1077279512713019,1.11267,2025-04-04 02:00:00-04:00,1.1077279512713019,SL,0.00018,-1.0,-1.5262,-1526.24
2025-04-06 18:15:00-04:00,LONG,Breakout,1.0973,1.0959357074361833,1.1019,2025-04-06 20:05:00-04:00,1.0959357074361833,SL,0.00033,-1.0,-1.2419,-1241.88
2025-04-07 10:25:00-04:00,LONG,Bounce,1.0949200000000001,1.093122105820999,1.09909,2025-04-07 10:45:00-04:00,1.093122105820999,SL,0.00016,-1.0,-1.089,-1088.99
2025-04-07 20:00:00-04:00,LONG,Breakout,1.09227,1.091702353452579,1.09471,2025-04-07 20:50:00-04:00,1.09471,TP,0.00018,4.2984,3.9814,3981.35
2025-04-08 01:35:00-04:00,LONG,Bounce,1.09621,1.0959300522857613,1.09786,2025-04-08 01:40:00-04:00,1.0959300522857613,SL,0.00018,-1.0,-1.643,-1642.98
2025-04-08 02:00:00-04:00,LONG,Bounce,1.09707,1.0959102478902711,1.09786,2025-04-08 02:05:00-04:00,1.09786,TP,0.00018,0.6812,0.526,525.97
2025-04-08 02:35:00-04:00,LONG,Breakout,1.09859,1.0977203427284696,1.09909,2025-04-08 02:40:00-04:00,1.09909,TP,0.00017,0.5749,0.3795,379.46
2025-04-08 02:40:00-04:00,LONG,Retest,1.09899,1.0977148896764362,1.10496,2025-04-08 02:55:00-04:00,1.0977148896764362,SL,0.00017,-1.0,-1.1333,-1133.32
2025-04-08 20:15:00-04:00,LONG,Breakout,1.09787,1.0975871810534088,1.09912,2025-04-08 20:25:00-04:00,1.09912,TP,0.00018,4.4198,3.7833,3783.34
2025-04-09 20:20:00-04:00,LONG,Breakout,1.09632,1.0959982934790335,1.10629,2025-04-10 06:00:00-04:00,1.10629,TP,0.00018,30.991,30.4315,30431.46
2025-04-10 18:30:00-04:00,LONG,Breakout,1.12093,1.1205888541376994,1.12407,2025-04-10 18:35:00-04:00,1.1205888541376994,SL,0.00033,-1.0,-1.9673,-1967.33
2025-04-11 09:40:00-04:00,LONG,Breakout,1.13807,1.136635843158775,1.14729,2025-04-11 09:45:00-04:00,1.136635843158775,SL,0.00016,-1.0,-1.1116,-1111.56
2025-04-13 20:05:00-04:00,LONG,Breakout,1.13599,1.1351879974917618,1.14116,2025-04-13 20:25:00-04:00,1.1351879974917618,SL,0.00018,-1.0,-1.2244,-1224.44
2025-04-13 20:55:00-04:00,LONG,Breakout,1.13648,1.1351758907426348,1.14116,2025-04-14 02:30:00-04:00,1.14116,TP,0.00018,3.5887,3.4506,3450.63
2025-04-14 03:50:00-04:00,LONG,Retest,1.13899,1.1382079588443932,1.14729,2025-04-14 04:40:00-04:00,1.1382079588443932,SL,0.00017,-1.0,-1.2174,-1217.38
2025-04-15 00:30:00-04:00,LONG,Breakout,1.13557,1.1351481721046972,1.13597,2025-04-15 00:40:00-04:00,1.13597,TP,0.00018,0.9483,0.5215,521.54
2025-04-15 01:00:00-04:00,LONG,Retest,1.13577,1.1351405279051061,1.13687,2025-04-15 01:50:00-04:00,1.1351405279051061,SL,0.00018,-1.0,-1.286,-1285.95
2025-04-15 18:05:00-04:00,LONG,Breakout,1.12919,1.1287719478574796,1.13289,2025-04-15 18:20:00-04:00,1.1287719478574796,SL,0.000232,-1.0,-1.555,-1554.95
2025-04-15 20:05:00-04:00,LONG,Breakout,1.13012,1.1297424192952314,1.13289,2025-04-15 21:35:00-04:00,1.13289,TP,0.00018,7.3362,6.8595,6859.46
2025-04-16 13:30:00-04:00,LONG,Bounce,1.13817,1.1354864388085226,1.13863,2025-04-16 13:35:00-04:00,1.13863,TP,0.00018,0.1714,0.1043,104.34
2025-04-16 19:30:00-04:00,LONG,Breakout,1.14055,1.1398422663823442,1.14118,2025-04-16 19:55:00-04:00,1.1398422663823442,SL,0.00018,-1.0,-1.2543,-1254.33
2025-04-16 20:05:00-04:00,LONG,Bounce,1.13833,1.1379071321667389,1.14118,2025-04-16 20:15:00-04:00,1.1379071321667389,SL,0.00018,-1.0,-1.4257,-1425.66
2025-04-18 10:45:00-04:00,LONG,Breakout,1.13884,1.138557680342929,1.14085,2025-04-20 17:25:00-04:00,1.14085,TP,0.00016,7.1196,6.5529,6552.86
2025-04-20 17:25:00-04:00,LONG,Breakout,1.14081,1.1394855230650591,1.14118,2025-04-20 17:30:00-04:00,1.14118,TP,0.0004,0.2794,-0.0227,-22.65
2025-04-20 22:25:00-04:00,LONG,Breakout,1.15119,1.1483296924871487,1.15339,2025-04-21 03:40:00-04:00,1.15339,TP,0.0002,0.7691,0.6992,699.23
2025-04-21 03:40:00-04:00,LONG,Breakout,1.15382,1.153236527130877,1.15734,2025-04-21 03:55:00-04:00,1.153236527130877,SL,0.00019,-1.0,-1.3256,-1325.64
2025-04-21 23:00:00-04:00,LONG,Breakout,1.15356,1.1522913413523304,1.15492,2025-04-22 01:05:00-04:00,1.1522913413523304,SL,0.0002,-1.0,-1.1576,-1157.65
2025-04-22 01:25:00-04:00,LONG,Breakout,1.15461,1.1538687903564546,1.15492,2025-04-22 01:30:00-04:00,1.1538687903564546,SL,0.0002,-1.0,-1.2698,-1269.83
2025-04-22 01:45:00-04:00,LONG,Breakout,1.15418,1.1538379754105244,1.15492,2025-04-22 01:50:00-04:00,1.1538379754105244,SL,0.0002,-1.0,-1.5848,-1584.75
2025-04-22 01:55:00-04:00,LONG,Breakout,1.15415,1.1538376216549928,1.15492,2025-04-22 02:00:00-04:00,1.1538376216549928,SL,0.0002,-1.0,-1.6402,-1640.25
2025-04-22 08:00:00-04:00,LONG,Bounce,1.14884,1.1485416345982191,1.1514199999999999,2025-04-22 08:05:00-04:00,1.1485416345982191,SL,0.00018,-1.0,-1.6033,-1603.29
2025-04-23 01:50:00-04:00,LONG,Bounce,1.13787,1.1368702955649836,1.14041,2025-04-23 03:25:00-04:00,1.14041,TP,0.00018,2.5408,2.3607,2360.7
2025-04-23 18:05:00-04:00,LONG,Breakout,1.13376,1.1329969655524343,1.13827,2025-04-23 19:00:00-04:00,1.1329969655524343,SL,0.000298,-1.0,-1.3905,-1390.55
2025-04-23 21:15:00-04:00,LONG,Breakout,1.13473,1.134416638158458,1.13827,2025-04-23 23:10:00-04:00,1.134416638158458,SL,0.00018,-1.0,-1.5744,-1574.42
2025-04-24 03:00:00-04:00,LONG,Breakout,1.13588,1.135556205957054,1.13827,2025-04-24 03:05:00-04:00,1.135556205957054,SL,0.00017,-1.0,-1.525,-1525.03
2025-04-24 08:30:00-04:00,LONG,Bounce,1.13673,1.1361070553956114,1.1394,2025-04-24 11:15:00-04:00,1.1361070553956114,SL,0.00016,-1.0,-1.2568,-1256.84
2025-04-25 02:30:00-04:00,LONG,Breakout,1.13477,1.1339706704771149,1.13583,2025-04-25 03:10:00-04:00,1.13583,TP,0.00017,1.3261,1.1134,1113.43
2025-04-25 09:05:00-04:00,LONG,Bounce,1.13498,1.1343827721940336,1.1366100000000001,2025-04-25 09:15:00-04:00,1.1343827721940336,SL,0.00016,-1.0,-1.2679,-1267.9
2025-04-25 10:10:00-04:00,LONG,Breakout,1.13638,1.1358497495374045,1.13968,2025-04-25 10:15:00-04:00,1.1358497495374045,SL,0.00016,-1.0,-1.3017,-1301.74
2025-04-25 11:20:00-04:00,LONG,Retest,1.13633,1.1358492383995953,1.13968,2025-04-25 15:55:00-04:00,1.1358492383995953,SL,0.00016,-1.0,-1.3328,-1332.81
2025-04-28 00:50:00-04:00,LONG,Breakout,1.13692,1.1365274618485515,1.13799,2025-04-28 01:30:00-04:00,1.13799,TP,0.00018,2.7258,2.2673,2267.3
2025-04-28 08:15:00-04:00,LONG,Breakout,1.1364,1.1358368821906768,1.13802,2025-04-28 08:40:00-04:00,1.1358368821906768,SL,0.00016,-1.0,-1.2841,-1284.13
2025-04-28 20:50:00-04:00,LONG,Bounce,1.14022,1.1398911323000323,1.14209,2025-04-28 20:55:00-04:00,1.1398911323000323,SL,0.00018,-1.0,-1.5473,-1547.33
2025-04-29 14:10:00-04:00,LONG,Bounce,1.13828,1.1377019695328692,1.14182,2025-04-29 14:15:00-04:00,1.1377019695328692,SL,0.00018,-1.0,-1.3114,-1311.4
2025-04-30 02:10:00-04:00,LONG,Bounce,1.13726,1.1364780907716934,1.13946,2025-04-30 02:35:00-04:00,1.13946,TP,0.00018,2.8136,2.5834,2583.42
2025-04-30 08:20:00-04:00,LONG,Breakout,1.13815,1.1377787783554185,1.1399,2025-04-30 08:25:00-04:00,1.1377787783554185,SL,0.00016,-1.0,-1.431,-1431.01
2025-04-30 16:00:00-04:00,LONG,Bounce,1.13279,1.1321489227372734,1.13641,2025-04-30 16:05:00-04:00,1.1321489227372734,SL,0.00033,-1.0,-1.5148,-1514.76
2025-05-05 02:00:00-04:00,LONG,Bounce,1.13311,1.1326972413017364,1.13804,2025-05-05 02:20:00-04:00,1.1326972413017364,SL,0.00018,-1.0,-1.4361,-1436.09
2025-05-05 02:20:00-04:00,LONG,Bounce,1.13292,1.1326869219809168,1.13465,2025-05-05 02:25:00-04:00,1.1326869219809168,SL,0.00018,-1.0,-1.7723,-1772.27
2025-05-05 08:25:00-04:00,LONG,Breakout,1.13578,1.1355534877209619,1.13804,2025-05-05 08:30:00-04:00,1.1355534877209619,SL,0.00016,-1.0,-1.7064,-1706.36
2025-05-05 09:10:00-04:00,LONG,Retest,1.13607,1.1355548785052545,1.13804,2025-05-05 09:25:00-04:00,1.1355548785052545,SL,0.00016,-1.0,-1.3106,-1310.61
2025-05-05 10:00:00-04:00,LONG,Bounce,1.13447,1.1337860093939367,1.13639,2025-05-05 10:30:00-04:00,1.1337860093939367,SL,0.00016,-1.0,-1.2339,-1233.92
2025-05-05 14:50:00-04:00,LONG,Breakout,1.13113,1.1309738399742306,1.13639,2025-05-05 19:05:00-04:00,1.1309738399742306,SL,0.000178,-1.0,-2.1399,-2139.86
2025-05-06 02:35:00-04:00,LONG,Breakout,1.13293,1.1325821469177624,1.13639,2025-05-06 02:55:00-04:00,1.1325821469177624,SL,0.00017,-1.0,-1.4887,-1488.71
2025-05-06 03:00:00-04:00,LONG,Breakout,1.13309,1.1325709752624218,1.13639,2025-05-06 03:10:00-04:00,1.1325709752624218,SL,0.00017,-1.0,-1.3275,-1327.54
2025-05-06 03:20:00-04:00,LONG,Breakout,1.1333199999999999,1.132558633758591,1.13639,2025-05-06 04:05:00-04:00,1.132558633758591,SL,0.00017,-1.0,-1.2233,-1223.28
2025-05-06 04:10:00-04:00,LONG,Retest,1.13425,1.1325304520458779,1.13639,2025-05-06 04:55:00-04:00,1.1325304520458779,SL,0.00017,-1.0,-1.0989,-1098.86
2025-05-06 20:25:00-04:00,LONG,Bounce,1.13299,1.132331848853921,1.13729,2025-05-07 02:40:00-04:00,1.13729,TP,0.00018,6.5335,6.26,6259.96
2025-05-07 14:10:00-04:00,LONG,Breakout,1.13571,1.1352098932842651,1.13703,2025-05-07 14:15:00-04:00,1.1352098932842651,SL,0.00018,-1.0,-1.3599,-1359.92
2025-05-07 14:35:00-04:00,LONG,Breakout,1.13563,1.1351867829163345,1.13703,2025-05-07 14:40:00-04:00,1.1351867829163345,SL,0.00018,-1.0,-1.4061,-1406.12
2025-05-07 20:20:00-04:00,LONG,Breakout,1.13164,1.1313994876895772,1.13646,2025-05-07 20:25:00-04:00,1.1313994876895772,SL,0.00018,-1.0,-1.7484,-1748.4
2025-05-07 20:45:00-04:00,LONG,Breakout,1.1317300000000001,1.1313921928971675,1.13646,2025-05-07 20:55:00-04:00,1.1313921928971675,SL,0.00018,-1.0,-1.5328,-1532.85
2025-05-07 21:10:00-04:00,LONG,Breakout,1.13195,1.1313748311220175,1.13646,2025-05-07 21:20:00-04:00,1.1313748311220175,SL,0.00018,-1.0,-1.313,-1312.95
2025-05-07 21:50:00-04:00,LONG,Breakout,1.13274,1.1320237319691688,1.13646,2025-05-08 00:50:00-04:00,1.1320237319691688,SL,0.00018,-1.0,-1.2513,-1251.3
2025-05-12 01:10:00-04:00,SHORT,Breakout,1.12235,1.122481021380018,1.12046,2025-05-12 02:00:00-04:00,1.122481021380018,SL,0.00018,-1.0,-2.3738,-2373.82
2025-05-12 02:30:00-04:00,SHORT,Bounce,1.12272,1.1234790264379373,1.12046,2025-05-12 03:00:00-04:00,1.12046,TP,0.00017,2.9775,2.7535,2753.53
2025-05-12 03:00:00-04:00,SHORT,Breakout,1.11822,1.1214343731417014,1.11578,2025-05-12 03:10:00-04:00,1.11578,TP,0.00017,0.7591,0.7062,706.2
2025-05-13 01:55:00-04:00,SHORT,Bounce,1.1109499999999999,1.1117264438049472,1.10981,2025-05-13 02:55:00-04:00,1.1117264438049472,SL,0.00018,-1.0,-1.2318,-1231.83
2025-05-13 06:05:00-04:00,SHORT,Breakout,1.10994,1.1102742158285905,1.10849,2025-05-13 06:20:00-04:00,1.1102742158285905,SL,0.00017,-1.0,-1.5087,-1508.65
2025-05-13 08:30:00-04:00,SHORT,Bounce,1.11121,1.1125050720249856,1.10961,2025-05-13 08:40:00-04:00,1.1125050720249856,SL,0.00016,-1.0,-1.1235,-1123.55
2025-05-13 20:30:00-04:00,SHORT,Bounce,1.11917,1.1197398026101528,1.11799,2025-05-14 00:00:00-04:00,1.1197398026101528,SL,0.00018,-1.0,-1.3159,-1315.9
2025-05-14 12:40:00-04:00,SHORT,Breakout,1.11852,1.1198091915425314,1.11667,2025-05-14 15:05:00-04:00,1.11667,TP,0.00018,1.435,1.2954,1295.39
2025-05-14 15:10:00-04:00,SHORT,Retest,1.1172900000000001,1.1175928878174417,1.11637,2025-05-14 16:05:00-04:00,1.11637,TP,0.000168,3.0374,2.4828,2482.77
2025-05-15 01:35:00-04:00,SHORT,Breakout,1.11864,1.1188572265840657,1.11754,2025-05-15 01:45:00-04:00,1.1188572265840657,SL,0.00018,-1.0,-1.8286,-1828.63
2025-05-15 07:05:00-04:00,SHORT,Breakout,1.1192,1.1198305345447082,1.11846,2025-05-15 07:30:00-04:00,1.11846,TP,0.00016,1.1736,0.9199,919.85
2025-05-15 18:35:00-04:00,SHORT,Bounce,1.11882,1.1189320887271832,1.11772,2025-05-15 18:40:00-04:00,1.1189320887271832,SL,0.000196,-1.0,-2.7486,-2748.61
2025-05-16 05:55:00-04:00,SHORT,Breakout,1.11939,1.1197143582835258,1.11887,2025-05-16 06:05:00-04:00,1.11887,TP,0.00017,1.6032,1.0791,1079.05
2025-05-16 10:00:00-04:00,SHORT,Breakout,1.11879,1.119063750726983,1.11772,2025-05-16 10:05:00-04:00,1.119063750726983,SL,0.00016,-1.0,-1.5845,-1584.47
2025-05-16 10:10:00-04:00,SHORT,Breakout,1.1186099999999999,1.1190659483309189,1.11772,2025-05-16 10:30:00-04:00,1.11772,TP,0.00016,1.952,1.6011,1601.06
2025-05-19 20:20:00-04:00,SHORT,Breakout,1.12227,1.1223624909621428,1.11754,2025-05-19 20:45:00-04:00,1.1223624909621428,SL,0.00018,-1.0,-2.9461,-2946.14
2025-05-21 02:15:00-04:00,LONG,Breakout,1.13424,1.133780675356249,1.13646,2025-05-21 02:40:00-04:00,1.133780675356249,SL,0.00018,-1.0,-1.3919,-1391.88
2025-05-21 10:05:00-04:00,LONG,Breakout,1.13463,1.1336732592249685,1.13614,2025-05-21 10:15:00-04:00,1.1336732592249685,SL,0.00016,-1.0,-1.1672,-1167.23
2025-05-21 10:35:00-04:00,LONG,Retest,1.13427,1.133669157760639,1.13614,2025-05-21 11:20:00-04:00,1.133669157760639,SL,0.00016,-1.0,-1.2663,-1266.29
2025-05-21 13:20:00-04:00,LONG,Breakout,1.13584,1.1350417293668393,1.13614,2025-05-21 13:25:00-04:00,1.13614,TP,0.00018,0.3758,0.1503,150.32
2025-05-22 02:00:00-04:00,LONG,Breakout,1.13369,1.1332897431817979,1.13443,2025-05-22 02:25:00-04:00,1.1332897431817979,SL,0.00018,-1.0,-1.4497,-1449.71
2025-05-22 19:00:00-04:00,LONG,Breakout,1.12863,1.128453553221148,1.12877,2025-05-22 19:05:00-04:00,1.12877,TP,0.00018,0.7934,-0.2267,-226.7
2025-05-22 20:20:00-04:00,LONG,Breakout,1.12903,1.1287775383509222,1.13143,2025-05-22 21:50:00-04:00,1.13143,TP,0.00018,9.5064,8.7934,8793.41
2025-05-23 00:35:00-04:00,LONG,Breakout,1.13189,1.131607398127323,1.13341,2025-05-23 00:55:00-04:00,1.131607398127323,SL,0.000178,-1.0,-1.6299,-1629.86
2025-05-23 01:15:00-04:00,LONG,Retest,1.13195,1.1316143112024535,1.13341,2025-05-23 01:30:00-04:00,1.1316143112024535,SL,0.000178,-1.0,-1.5303,-1530.25
2025-05-23 01:55:00-04:00,LONG,Breakout,1.13222,1.1315925284553552,1.13341,2025-05-23 02:20:00-04:00,1.1315925284553552,SL,0.00018,-1.0,-1.2869,-1286.87
2025-05-23 02:20:00-04:00,LONG,Breakout,1.1318,1.1315810084149724,1.13341,2025-05-23 02:25:00-04:00,1.1315810084149724,SL,0.00018,-1.0,-1.8219,-1821.95
2025-05-23 03:20:00-04:00,LONG,Breakout,1.13346,1.1325067849467587,1.13411,2025-05-23 03:50:00-04:00,1.13411,TP,0.00017,0.6819,0.5036,503.56
2025-05-23 07:20:00-04:00,LONG,Breakout,1.13597,1.1355776836360216,1.1372200000000001,2025-05-23 07:25:00-04:00,1.1355776836360216,SL,0.00016,-1.0,-1.4078,-1407.83
2025-05-23 07:30:00-04:00,LONG,Breakout,1.1362700000000001,1.1355699312984064,1.1372200000000001,2025-05-23 07:40:00-04:00,1.1355699312984064,SL,0.00016,-1.0,-1.2285,-1228.55
2025-05-25 18:25:00-04:00,LONG,Breakout,1.13739,1.1365758668828814,1.13804,2025-05-25 19:15:00-04:00,1.13804,TP,0.000308,0.7984,0.4201,420.08
2025-05-25 20:00:00-04:00,LONG,Breakout,1.13813,1.1377088906047188,1.1388,2025-05-25 20:05:00-04:00,1.1377088906047188,SL,0.00018,-1.0,-1.4274,-1427.44
2025-05-25 20:15:00-04:00,LONG,Breakout,1.13845,1.137700155487816,1.1388,2025-05-25 20:20:00-04:00,1.1388,TP,0.00018,0.4668,0.2267,226.71
2025-05-26 01:50:00-04:00,LONG,Breakout,1.1414,1.1411732242471626,1.14184,2025-05-26 02:00:00-04:00,1.1411732242471626,SL,0.00018,-1.0,-1.7937,-1793.74
2025-05-26 02:10:00-04:00,LONG,Breakout,1.14136,1.1411654582914206,1.14184,2025-05-26 02:15:00-04:00,1.1411654582914206,SL,0.000168,-1.0,-1.8636,-1863.57
2025-05-26 07:55:00-04:00,LONG,Bounce,1.13764,1.13742852964233,1.13864,2025-05-26 08:15:00-04:00,1.13742852964233,SL,0.00016,-1.0,-1.7566,-1756.61
2025-05-26 16:20:00-04:00,LONG,Retest,1.13841,1.1383092963612909,1.13849,2025-05-26 16:25:00-04:00,1.1383092963612909,SL,0.000172,-1.0,-2.708,-2707.98
2025-05-26 18:00:00-04:00,LONG,Breakout,1.13917,1.1386402937206883,1.1418,2025-05-26 19:25:00-04:00,1.1386402937206883,SL,0.000262,-1.0,-1.4946,-1494.61
2025-05-26 20:05:00-04:00,LONG,Breakout,1.1398,1.1392728806437702,1.1418,2025-05-26 21:45:00-04:00,1.1392728806437702,SL,0.00018,-1.0,-1.3415,-1341.48
2025-05-27 08:20:00-04:00,LONG,Breakout,1.13618,1.1356223090894004,1.13923,2025-05-27 09:45:00-04:00,1.1356223090894004,SL,0.00016,-1.0,-1.2869,-1286.9
2025-05-27 20:05:00-04:00,LONG,Breakout,1.13386,1.1337745037341853,1.13746,2025-05-27 20:10:00-04:00,1.1337745037341853,SL,0.00018,-1.0,-3.1054,-3105.36
2025-05-27 20:10:00-04:00,LONG,Retest,1.1339,1.1337748963246006,1.13746,2025-05-27 20:50:00-04:00,1.1337748963246006,SL,0.00018,-1.0,-2.4388,-2438.81
2025-05-29 01:35:00-04:00,SHORT,Breakout,1.12412,1.124408426076738,1.12232,2025-05-29 02:00:00-04:00,1.124408426076738,SL,0.00018,-1.0,-1.6241,-1624.08
2025-05-30 07:50:00-04:00,LONG,Bounce,1.13286,1.1322930333182752,1.13441,2025-05-30 08:05:00-04:00,1.13441,TP,0.00016,2.7338,2.4516,2451.64
2025-05-30 08:05:00-04:00,LONG,Breakout,1.13375,1.1332975496356599,1.1351499999999999,2025-05-30 08:10:00-04:00,1.1351499999999999,TP,0.00016,3.0943,2.7406,2740.63
2025-06-01 20:10:00-04:00,LONG,Breakout,1.13696,1.1365721954382655,1.13892,2025-06-01 20:35:00-04:00,1.1365721954382655,SL,0.00018,-1.0,-1.4642,-1464.15
2025-06-01 20:50:00-04:00,LONG,Breakout,1.13731,1.1365701660626972,1.13892,2025-06-01 22:25:00-04:00,1.1365701660626972,SL,0.00018,-1.0,-1.2433,-1243.3
2025-06-02 02:15:00-04:00,LONG,Breakout,1.1387,1.138036665751082,1.13892,2025-06-02 02:20:00-04:00,1.13892,TP,0.00018,0.3317,0.0603,60.3
2025-06-02 10:00:00-04:00,LONG,Breakout,1.1435,1.1426827228090033,1.1439,2025-06-02 10:05:00-04:00,1.1439,TP,0.000176,0.4894,0.2741,274.08
2025-06-02 11:10:00-04:00,LONG,Retest,1.14327,1.1426956142995586,1.14531,2025-06-02 11:35:00-04:00,1.1426956142995586,SL,0.00018,-1.0,-1.3134,-1313.38
2025-06-02 19:00:00-04:00,LONG,Breakout,1.1446399999999999,1.1444933982886278,1.14492,2025-06-02 19:15:00-04:00,1.14492,TP,0.000186,1.9099,0.6412,641.19
2025-06-02 21:05:00-04:00,LONG,Bounce,1.14367,1.1435243069221739,1.14539,2025-06-02 21:10:00-04:00,1.1435243069221739,SL,0.000194,-1.0,-2.3316,-2331.57
2025-06-03 02:10:00-04:00,LONG,Bounce,1.14177,1.1414175109990043,1.14269,2025-06-03 02:15:00-04:00,1.14269,TP,0.00018,2.61,2.0994,2099.36
2025-06-03 02:20:00-04:00,LONG,Breakout,1.14277,1.1425991906062842,1.14539,2025-06-03 02:30:00-04:00,1.1425991906062842,SL,0.00018,-1.0,-2.0538,-2053.81
2025-06-03 04:00:00-04:00,LONG,Bounce,1.14139,1.140989071981629,1.14539,2025-06-03 04:10:00-04:00,1.140989071981629,SL,0.00017,-1.0,-1.424,-1424.02
2025-06-03 06:30:00-04:00,LONG,Bounce,1.14044,1.139966954812851,1.14174,2025-06-03 06:50:00-04:00,1.139966954812851,SL,0.00017,-1.0,-1.3594,-1359.37
2025-06-03 10:00:00-04:00,LONG,Bounce,1.13831,1.1374926189519805,1.14174,2025-06-03 10:05:00-04:00,1.1374926189519805,SL,0.00016,-1.0,-1.1957,-1195.75
2025-06-04 08:15:00-04:00,LONG,Breakout,1.14004,1.1385560086765536,1.14035,2025-06-04 08:20:00-04:00,1.14035,TP,0.00016,0.2089,0.1011,101.08
2025-06-04 10:00:00-04:00,LONG,Breakout,1.14172,1.1411700020511588,1.14313,2025-06-04 10:40:00-04:00,1.14313,TP,0.00016,2.5636,2.2727,2272.74
2025-06-04 19:15:00-04:00,LONG,Breakout,1.1424,1.1420961884939278,1.14336,2025-06-04 19:40:00-04:00,1.1420961884939278,SL,0.00018,-1.0,-1.5925,-1592.47
2025-06-04 20:40:00-04:00,LONG,Retest,1.14243,1.142069859865761,1.1428,2025-06-04 20:50:00-04:00,1.1428,TP,0.00018,1.0274,0.5276,527.57
2025-06-04 21:00:00-04:00,LONG,Breakout,1.14323,1.142725193971939,1.14539,2025-06-04 21:15:00-04:00,1.142725193971939,SL,0.0002,-1.0,-1.3962,-1396.19
2025-06-04 23:50:00-04:00,LONG,Bounce,1.14132,1.140858061701486,1.1434199999999999,2025-06-04 23:55:00-04:00,1.140858061701486,SL,0.000176,-1.0,-1.381,-1381.0
2025-06-05 03:10:00-04:00,LONG,Breakout,1.14186,1.1415702244991204,1.1421999999999999,2025-06-05 03:15:00-04:00,1.1421999999999999,TP,0.00017,1.1733,0.5867,586.66
2025-06-05 05:15:00-04:00,LONG,Retest,1.14188,1.1415609633179746,1.14245,2025-06-05 05:30:00-04:00,1.1415609633179746,SL,0.00017,-1.0,-1.5329,-1532.85
2025-06-05 08:30:00-04:00,LONG,Breakout,1.14409,1.1430321467584115,1.14539,2025-06-05 08:45:00-04:00,1.1430321467584115,SL,0.00018,-1.0,-1.1702,-1170.16
2025-06-05 09:05:00-04:00,LONG,Breakout,1.1444,1.1429902369268616,1.14539,2025-06-05 09:10:00-04:00,1.14539,TP,0.000176,0.7022,0.5774,577.4
2025-06-08 18:20:00-04:00,LONG,Breakout,1.14025,1.140086843230018,1.14158,2025-06-08 20:10:00-04:00,1.140086843230018,SL,0.000214,-1.0,-2.3116,-2311.62
2025-06-08 21:45:00-04:00,LONG,Breakout,1.14137,1.1409994447027456,1.14158,2025-06-08 21:55:00-04:00,1.14158,TP,0.000174,0.5667,0.0972,97.15
2025-06-08 23:40:00-04:00,LONG,Retest,1.14136,1.1410162508043697,1.14247,2025-06-09 00:00:00-04:00,1.1410162508043697,SL,0.00017,-1.0,-1.4945,-1494.55
2025-06-09 02:45:00-04:00,LONG,Breakout,1.14263,1.142401146772169,1.14308,2025-06-09 03:00:00-04:00,1.142401146772169,SL,0.00017,-1.0,-1.7428,-1742.83
2025-06-09 14:25:00-04:00,LONG,Breakout,1.14285,1.1424134016490404,1.14385,2025-06-09 15:00:00-04:00,1.1424134016490404,SL,0.000172,-1.0,-1.394,-1393.95
2025-06-10 01:20:00-04:00,LONG,Breakout,1.14055,1.1403540283089486,1.1435,2025-06-10 01:25:00-04:00,1.1403540283089486,SL,0.00018,-1.0,-1.9185,-1918.5
2025-06-10 01:30:00-04:00,LONG,Breakout,1.1412,1.140344116245981,1.1435,2025-06-10 01:40:00-04:00,1.140344116245981,SL,0.00018,-1.0,-1.2103,-1210.31
2025-06-10 01:50:00-04:00,LONG,Breakout,1.14052,1.140332169411221,1.1435,2025-06-10 01:55:00-04:00,1.140332169411221,SL,0.00018,-1.0,-1.9583,-1958.31
2025-06-10 02:05:00-04:00,LONG,Breakout,1.14071,1.1403285780599317,1.1435,2025-06-10 02:40:00-04:00,1.1403285780599317,SL,0.00018,-1.0,-1.4719,-1471.92
2025-06-10 19:40:00-04:00,LONG,Breakout,1.14367,1.143494645046794,1.1447,2025-06-10 19:55:00-04:00,1.143494645046794,SL,0.000182,-1.0,-2.0379,-2037.89
2025-06-11 01:45:00-04:00,LONG,Breakout,1.1418,1.1416778509964065,1.14386,2025-06-11 02:00:00-04:00,1.1416778509964065,SL,0.00018,-1.0,-2.4736,-2473.61
2025-06-11 08:30:00-04:00,LONG,Breakout,1.14761,1.144345869321599,1.14944,2025-06-11 12:35:00-04:00,1.14944,TP,0.00018,0.5606,0.5055,505.49
2025-06-11 18:55:00-04:00,LONG,Breakout,1.1503700000000001,1.1498255185885757,1.1514199999999999,2025-06-11 20:40:00-04:00,1.1514199999999999,TP,0.000288,1.9284,1.3995,1399.5
2025-06-11 20:40:00-04:00,LONG,Breakout,1.15158,1.151146735038123,1.15464,2025-06-11 22:05:00-04:00,1.151146735038123,SL,0.0002,-1.0,-1.4616,-1461.61
2025-06-11 22:35:00-04:00,LONG,Retest,1.15146,1.1511460450225854,1.15284,2025-06-11 22:45:00-04:00,1.1511460450225854,SL,0.000188,-1.0,-1.5988,-1598.81
2025-06-12 01:20:00-04:00,LONG,Breakout,1.15225,1.1520850605465003,1.15284,2025-06-12 01:25:00-04:00,1.1520850605465003,SL,0.00019,-1.0,-2.1519,-2151.94
2025-06-12 01:35:00-04:00,LONG,Retest,1.1524,1.152086764584789,1.15284,2025-06-12 01:50:00-04:00,1.15284,TP,0.0002,1.4047,0.7662,766.2
2025-06-12 08:30:00-04:00,LONG,Breakout,1.162,1.160801587334108,1.16348,2025-06-12 09:05:00-04:00,1.160801587334108,SL,0.00018,-1.0,-1.1502,-1150.2
2025-06-13 02:05:00-04:00,LONG,Breakout,1.154,1.1535022574597187,1.15577,2025-06-13 02:10:00-04:00,1.1535022574597187,SL,0.0002,-1.0,-1.4018,-1401.81
2025-06-13 03:00:00-04:00,LONG,Breakout,1.15479,1.1543860823096108,1.15577,2025-06-13 03:10:00-04:00,1.15577,TP,0.00019,2.4262,1.9558,1955.84
2025-06-16 01:00:00-04:00,LONG,Breakout,1.15391,1.15346418216525,1.15432,2025-06-16 01:05:00-04:00,1.15432,TP,0.00019,0.9197,0.4935,493.48
2025-06-16 02:50:00-04:00,LONG,Breakout,1.15694,1.1560381438885625,1.16139,2025-06-16 10:05:00-04:00,1.16139,TP,0.00019,4.9343,4.7236,4723.59
2025-06-16 19:55:00-04:00,LONG,Bounce,1.15531,1.155188596704299,1.15637,2025-06-16 20:00:00-04:00,1.155188596704299,SL,0.000194,-1.0,-2.598,-2597.98
2025-06-17 02:20:00-04:00,LONG,Breakout,1.15672,1.156542253858497,1.15806,2025-06-17 02:25:00-04:00,1.156542253858497,SL,0.0002,-1.0,-2.1252,-2125.2
2025-06-17 02:40:00-04:00,LONG,Breakout,1.15685,1.156539909216278,1.15806,2025-06-17 02:50:00-04:00,1.156539909216278,SL,0.000188,-1.0,-1.6063,-1606.27
2025-06-17 20:05:00-04:00,LONG,Breakout,1.1485,1.1482209883808845,1.15385,2025-06-17 20:15:00-04:00,1.1482209883808845,SL,0.0002,-1.0,-1.7168,-1716.82
2025-06-17 20:25:00-04:00,LONG,Retest,1.14859,1.14821779974871,1.15385,2025-06-18 14:50:00-04:00,1.14821779974871,SL,0.000198,-1.0,-1.532,-1531.97
2025-06-19 01:50:00-04:00,LONG,Bounce,1.14529,1.14486618053413,1.14686,2025-06-19 02:30:00-04:00,1.14486618053413,SL,0.0002,-1.0,-1.4719,-1471.9
2025-06-19 03:20:00-04:00,LONG,Breakout,1.14701,1.146751162142994,1.14825,2025-06-19 03:30:00-04:00,1.146751162142994,SL,0.00019,-1.0,-1.7341,-1734.05
2025-06-19 03:35:00-04:00,LONG,Breakout,1.1471,1.1467428029257134,1.14825,2025-06-19 03:40:00-04:00,1.1467428029257134,SL,0.00019,-1.0,-1.5319,-1531.92
2025-06-19 03:40:00-04:00,LONG,Retest,1.14704,1.1467450312881626,1.14825,2025-06-19 03:45:00-04:00,1.1467450312881626,SL,0.00019,-1.0,-1.6441,-1644.14
2025-06-19 19:05:00-04:00,LONG,Breakout,1.15001,1.1497945816207322,1.15284,2025-06-19 23:45:00-04:00,1.15284,TP,0.000192,13.1372,12.2459,12245.94
2025-06-20 06:10:00-04:00,LONG,Breakout,1.15328,1.1526723347717234,1.15385,2025-06-20 06:20:00-04:00,1.1526723347717234,SL,0.00019,-1.0,-1.3127,-1312.67
2025-06-23 01:45:00-04:00,LONG,Breakout,1.15112,1.1505205886227101,1.15433,2025-06-23 02:05:00-04:00,1.1505205886227101,SL,0.0002,-1.0,-1.3337,-1333.66
2025-06-23 09:35:00-04:00,LONG,Breakout,1.14833,1.1476114634807038,1.15155,2025-06-23 10:05:00-04:00,1.15155,TP,0.00018,4.4813,4.2308,4230.82
2025-06-23 18:05:00-04:00,LONG,Breakout,1.15915,1.1579935999964281,1.1614,2025-06-24 02:15:00-04:00,1.1614,TP,0.000326,1.9457,1.6638,1663.78
2025-06-24 02:20:00-04:00,LONG,Breakout,1.16194,1.1612236482098628,1.16313,2025-06-24 02:30:00-04:00,1.1612236482098628,SL,0.0002,-1.0,-1.2792,-1279.19
2025-06-24 03:00:00-04:00,LONG,Bounce,1.16063,1.1598926529310905,1.16313,2025-06-24 03:25:00-04:00,1.1598926529310905,SL,0.00019,-1.0,-1.2577,-1257.68
2025-06-24 08:30:00-04:00,LONG,Bounce,1.16033,1.1592244395479168,1.1614200000000001,2025-06-24 09:10:00-04:00,1.1592244395479168,SL,0.00018,-1.0,-1.1628,-1162.81
2025-06-24 10:20:00-04:00,LONG,Breakout,1.16291,1.161270635489454,1.16348,2025-06-24 10:25:00-04:00,1.16348,TP,0.00018,0.3477,0.2379,237.9
2025-06-24 12:25:00-04:00,LONG,Retest,1.16159,1.1612937630874847,1.16358,2025-06-24 15:55:00-04:00,1.1612937630874847,SL,0.0002,-1.0,-1.6751,-1675.14
2025-06-25 08:30:00-04:00,LONG,Bounce,1.15951,1.159028258805015,1.16127,2025-06-25 08:45:00-04:00,1.159028258805015,SL,0.00018,-1.0,-1.3736,-1373.64
2025-06-25 19:00:00-04:00,LONG,Breakout,1.16678,1.1663599850551094,1.16748,2025-06-25 19:20:00-04:00,1.16748,TP,0.000188,1.6666,1.219,1219.0
2025-06-25 22:50:00-04:00,LONG,Breakout,1.16917,1.168758303565285,1.17001,2025-06-25 22:55:00-04:00,1.168758303565285,SL,0.0002,-1.0,-1.4858,-1485.79
2025-06-26 02:15:00-04:00,LONG,Bounce,1.16761,1.167340297483512,1.17168,2025-06-26 04:05:00-04:00,1.17168,TP,0.0002,15.0907,14.3491,14349.14
2025-06-26 19:30:00-04:00,LONG,Bounce,1.1692,1.1688583825772754,1.1739600000000001,2025-06-26 19:55:00-04:00,1.1688583825772754,SL,0.0002,-1.0,-1.5855,-1585.45
2025-06-26 21:50:00-04:00,LONG,Breakout,1.17023,1.1696430460916767,1.1739600000000001,2025-06-26 22:30:00-04:00,1.1696430460916767,SL,0.0002,-1.0,-1.3407,-1340.74
2025-06-26 22:40:00-04:00,LONG,Bounce,1.1694,1.168380947801653,1.1739600000000001,2025-06-27 00:55:00-04:00,1.168380947801653,SL,0.0002,-1.0,-1.1963,-1196.26
2025-06-27 01:40:00-04:00,LONG,Bounce,1.16902,1.1683960378969287,1.17084,2025-06-27 02:05:00-04:00,1.1683960378969287,SL,0.000196,-1.0,-1.3141,-1314.12
2025-06-27 02:45:00-04:00,LONG,Breakout,1.1711,1.1707381686257172,1.1739600000000001,2025-06-27 03:25:00-04:00,1.1707381686257172,SL,0.00019,-1.0,-1.5251,-1525.11
2025-06-27 03:55:00-04:00,LONG,Retest,1.17135,1.1707291476156025,1.1739600000000001,2025-06-27 05:00:00-04:00,1.1707291476156025,SL,0.00019,-1.0,-1.306,-1306.03
2025-06-27 08:30:00-04:00,LONG,Breakout,1.17358,1.1718135570923103,1.1739600000000001,2025-06-27 08:50:00-04:00,1.1739600000000001,TP,0.00018,0.2151,0.1132,113.22
2025-06-29 19:00:00-04:00,LONG,Breakout,1.17326,1.1729220667054294,1.17534,2025-06-29 19:35:00-04:00,1.1729220667054294,SL,0.000194,-1.0,-1.5741,-1574.08
2025-06-30 01:15:00-04:00,LONG,Breakout,1.17352,1.1732831302778752,1.17379,2025-06-30 01:30:00-04:00,1.1732831302778752,SL,0.0002,-1.0,-1.8443,-1844.35
2025-06-30 02:50:00-04:00,LONG,Breakout,1.1742,1.173621413051608,1.17534,2025-06-30 03:00:00-04:00,1.173621413051608,SL,0.00019,-1.0,-1.3284,-1328.39
2025-06-30 04:00:00-04:00,LONG,Bounce,1.1724700000000001,1.171838924316327,1.1750099999999999,2025-06-30 04:10:00-04:00,1.171838924316327,SL,0.00019,-1.0,-1.3011,-1301.07
2025-06-30 10:20:00-04:00,LONG,Breakout,1.17349,1.1729846407973903,1.1750099999999999,2025-06-30 10:45:00-04:00,1.1750099999999999,TP,0.00018,3.0078,2.6516,2651.58
2025-06-30 10:55:00-04:00,LONG,Breakout,1.17376,1.1729612474015658,1.17534,2025-06-30 11:15:00-04:00,1.17534,TP,0.00018,1.9781,1.7527,1752.73
2025-06-30 14:15:00-04:00,LONG,Breakout,1.17747,1.1769990574314675,1.17878,2025-06-30 18:25:00-04:00,1.17878,TP,0.000188,2.7817,2.3825,2382.46
2025-06-30 20:10:00-04:00,LONG,Breakout,1.17934,1.1789385442914129,1.18109,2025-06-30 20:20:00-04:00,1.1789385442914129,SL,0.000182,-1.0,-1.4534,-1453.35
2025-06-30 20:30:00-04:00,LONG,Breakout,1.1792,1.1789308518717994,1.18109,2025-06-30 21:30:00-04:00,1.1789308518717994,SL,0.000194,-1.0,-1.7208,-1720.79
2025-07-01 02:10:00-04:00,LONG,Bounce,1.17782,1.177596542474989,1.17932,2025-07-01 02:20:00-04:00,1.177596542474989,SL,0.0002,-1.0,-1.895,-1895.02
2025-07-01 02:35:00-04:00,LONG,Bounce,1.17809,1.1775935471997645,1.1789,2025-07-01 03:00:00-04:00,1.1775935471997645,SL,0.000184,-1.0,-1.3706,-1370.63
2025-07-01 09:45:00-04:00,LONG,Bounce,1.18082,1.1803690683864119,1.18187,2025-07-01 09:50:00-04:00,1.1803690683864119,SL,0.00018,-1.0,-1.3992,-1399.17
2025-07-01 15:05:00-04:00,LONG,Breakout,1.17873,1.1782115376791384,1.18114,2025-07-01 15:30:00-04:00,1.1782115376791384,SL,0.0002,-1.0,-1.3858,-1385.76
2025-07-01 20:55:00-04:00,LONG,Breakout,1.1807,1.180513122282028,1.18114,2025-07-01 21:05:00-04:00,1.180513122282028,SL,0.000192,-1.0,-2.0274,-2027.41
2025-07-02 08:20:00-04:00,LONG,Breakout,1.17841,1.177872939061981,1.18023,2025-07-02 08:25:00-04:00,1.177872939061981,SL,0.00018,-1.0,-1.3352,-1335.16
2025-07-02 15:55:00-04:00,LONG,Breakout,1.18017,1.1798599639807086,1.18094,2025-07-02 16:00:00-04:00,1.1798599639807086,SL,0.000174,-1.0,-1.5612,-1561.23
2025-07-02 20:10:00-04:00,LONG,Breakout,1.18,1.1798556320633244,1.18023,2025-07-02 20:15:00-04:00,1.18023,TP,0.00019,1.5932,0.2771,277.07
2025-07-02 22:10:00-04:00,LONG,Bounce,1.17976,1.179609429316841,1.18094,2025-07-02 22:15:00-04:00,1.179609429316841,SL,0.000194,-1.0,-2.2884,-2288.43
2025-07-03 19:25:00-04:00,LONG,Breakout,1.1761300000000001,1.1758506640892568,1.17651,2025-07-03 19:30:00-04:00,1.17651,TP,0.000186,1.3604,0.6945,694.5
2025-07-04 10:00:00-04:00,LONG,Breakout,1.1786,1.1780485852541995,1.1789100000000001,2025-07-04 10:10:00-04:00,1.1780485852541995,SL,0.00018,-1.0,-1.3264,-1326.43
2025-07-04 16:40:00-04:00,LONG,Breakout,1.17797,1.177825105414149,1.17838,2025-07-04 16:45:00-04:00,1.177825105414149,SL,0.00035,-1.0,-3.4155,-3415.55
2025-07-07 09:25:00-04:00,LONG,Breakout,1.17364,1.1732636376315224,1.17731,2025-07-07 09:50:00-04:00,1.1732636376315224,SL,0.00018,-1.0,-1.4783,-1478.26
2025-07-07 11:35:00-04:00,LONG,Retest,1.17352,1.1732597930013033,1.17448,2025-07-07 11:40:00-04:00,1.1732597930013033,SL,0.000176,-1.0,-1.6764,-1676.38
2025-07-07 18:35:00-04:00,LONG,Breakout,1.17258,1.172252051426974,1.17385,2025-07-07 20:00:00-04:00,1.17385,TP,0.000186,3.8726,3.3054,3305.4
2025-07-08 03:10:00-04:00,LONG,Breakout,1.1753,1.1748226952390735,1.17731,2025-07-08 04:35:00-04:00,1.1748226952390735,SL,0.00019,-1.0,-1.3981,-1398.07
2025-07-08 21:10:00-04:00,LONG,Bounce,1.1718899999999999,1.1714484485215064,1.1728399999999999,2025-07-08 22:35:00-04:00,1.1714484485215064,SL,0.0002,-1.0,-1.4529,-1452.95
2025-07-09 02:45:00-04:00,LONG,Breakout,1.1721300000000001,1.1719872678643535,1.1724999999999999,2025-07-09 02:50:00-04:00,1.1724999999999999,TP,0.000184,2.5923,1.3031,1303.14
2025-07-09 03:20:00-04:00,LONG,Retest,1.17235,1.1719833992968864,1.1728399999999999,2025-07-09 03:25:00-04:00,1.1719833992968864,SL,0.00019,-1.0,-1.5183,-1518.28
2025-07-09 18:00:00-04:00,LONG,Breakout,1.17238,1.172192280324312,1.17276,2025-07-09 18:05:00-04:00,1.172192280324312,SL,0.000232,-1.0,-2.2359,-2235.89
2025-07-09 18:50:00-04:00,LONG,Retest,1.17236,1.1722056439243396,1.17276,2025-07-09 19:10:00-04:00,1.1722056439243396,SL,0.000192,-1.0,-2.2439,-2243.88
2025-07-10 02:40:00-04:00,LONG,Bounce,1.1731,1.17285771301448,1.17439,2025-07-10 03:40:00-04:00,1.17285771301448,SL,0.000186,-1.0,-1.7677,-1767.68
2025-07-10 17:50:00-04:00,LONG,Breakout,1.17,1.169792770667599,1.1714,2025-07-10 20:05:00-04:00,1.169792770667599,SL,0.000354,-1.0,-2.7083,-2708.25
2025-07-16 07:50:00-04:00,SHORT,Breakout,1.16069,1.160873080201624,1.16049,2025-07-16 07:55:00-04:00,1.16049,TP,0.000178,1.0924,0.1202,120.17
2025-07-16 08:35:00-04:00,SHORT,Breakout,1.1607,1.1609117239776436,1.15917,2025-07-16 08:40:00-04:00,1.1609117239776436,SL,0.00018,-1.0,-1.8502,-1850.16
2025-07-16 21:30:00-04:00,SHORT,Breakout,1.1615199999999999,1.1617088707401333,1.1561,2025-07-16 21:35:00-04:00,1.1617088707401333,SL,0.0002,-1.0,-2.0589,-2058.93
2025-07-16 23:05:00-04:00,SHORT,Retest,1.1615,1.1617031664915096,1.1613,2025-07-16 23:25:00-04:00,1.1617031664915096,SL,0.00018,-1.0,-1.886,-1885.97
2025-07-17 02:00:00-04:00,SHORT,Breakout,1.16126,1.1613801523027967,1.1561,2025-07-17 02:05:00-04:00,1.1613801523027967,SL,0.0002,-1.0,-2.6646,-2664.55
2025-07-17 02:10:00-04:00,SHORT,Breakout,1.16079,1.1613903149957787,1.1561,2025-07-17 08:30:00-04:00,1.1561,TP,0.0002,7.8126,7.4794,7479.41
2025-07-18 03:05:00-04:00,SHORT,Bounce,1.1627399999999999,1.1631850030058277,1.1610800000000001,2025-07-18 04:00:00-04:00,1.1631850030058277,SL,0.000184,-1.0,-1.4135,-1413.48
2025-07-18 07:10:00-04:00,SHORT,Bounce,1.1644,1.1645826664801737,1.1631,2025-07-18 07:35:00-04:00,1.1645826664801737,SL,0.000176,-1.0,-1.9635,-1963.5
2025-07-21 20:00:00-04:00,SHORT,Breakout,1.16887,1.1690174428620888,1.16866,2025-07-21 20:05:00-04:00,1.16866,TP,0.00018,1.4243,0.2035,203.47
2025-07-21 20:50:00-04:00,SHORT,Breakout,1.16869,1.1690277177230575,1.1656900000000001,2025-07-21 22:10:00-04:00,1.1690277177230575,SL,0.00019,-1.0,-1.5626,-1562.6
2025-07-22 04:30:00-04:00,LONG,Breakout,1.16959,1.1690585432111196,1.1716,2025-07-22 08:15:00-04:00,1.1690585432111196,SL,0.00019,-1.0,-1.3575,-1357.51
2025-07-22 19:10:00-04:00,LONG,Breakout,1.17549,1.175226307167186,1.17599,2025-07-22 19:15:00-04:00,1.175226307167186,SL,0.00018,-1.0,-1.6826,-1682.61
2025-07-23 08:30:00-04:00,LONG,Bounce,1.17235,1.1721358098122558,1.17388,2025-07-23 08:35:00-04:00,1.1721358098122558,SL,0.000176,-1.0,-1.8217,-1821.7
2025-07-23 10:50:00-04:00,LONG,Breakout,1.17356,1.173093163901977,1.17388,2025-07-23 11:00:00-04:00,1.173093163901977,SL,0.00018,-1.0,-1.3856,-1385.57
2025-07-23 19:15:00-04:00,LONG,Breakout,1.17754,1.1773927901843624,1.17895,2025-07-23 19:45:00-04:00,1.1773927901843624,SL,0.000186,-1.0,-2.2635,-2263.5
2025-07-25 00:40:00-04:00,LONG,Bounce,1.17377,1.1732735472397184,1.1758,2025-07-25 02:35:00-04:00,1.1758,TP,0.00019,4.089,3.7063,3706.29
2025-07-27 21:50:00-04:00,LONG,Bounce,1.17525,1.1748205645836018,1.17694,2025-07-27 22:05:00-04:00,1.1748205645836018,SL,0.0002,-1.0,-1.4657,-1465.73
2025-07-28 20:15:00-04:00,LONG,Breakout,1.15936,1.1592519253427032,1.16462,2025-07-28 20:20:00-04:00,1.1592519253427032,SL,0.000172,-1.0,-2.5915,-2591.49
2025-07-28 20:25:00-04:00,LONG,Bounce,1.15891,1.1587685274638613,1.16462,2025-07-28 20:50:00-04:00,1.1587685274638613,SL,0.000188,-1.0,-2.3289,-2328.88
2025-07-29 02:25:00-04:00,SHORT,Breakout,1.15723,1.1574371606128513,1.15558,2025-07-29 02:30:00-04:00,1.15558,TP,0.000194,7.9648,7.0284,7028.36
2025-07-29 23:35:00-04:00,SHORT,Breakout,1.15581,1.1559963680732475,1.15455,2025-07-29 23:40:00-04:00,1.1559963680732475,SL,0.000184,-1.0,-1.9873,-1987.29
2025-07-30 00:00:00-04:00,SHORT,Breakout,1.15528,1.1559994098497284,1.15455,2025-07-30 02:00:00-04:00,1.15455,TP,0.000186,1.0147,0.7562,756.18
2025-07-30 02:00:00-04:00,SHORT,Breakout,1.15401,1.1548678376928123,1.15363,2025-07-30 02:10:00-04:00,1.1548678376928123,SL,0.000194,-1.0,-1.2262,-1226.15
2025-07-30 06:20:00-04:00,SHORT,Breakout,1.1542,1.1548574720972953,1.15389,2025-07-30 06:35:00-04:00,1.15389,TP,0.000186,0.4715,0.1886,188.6
2025-07-30 14:35:00-04:00,SHORT,Bounce,1.14739,1.1486025888897764,1.14627,2025-07-30 14:40:00-04:00,1.14627,TP,0.0002,0.9236,0.7587,758.71
2025-07-31 09:05:00-04:00,SHORT,Breakout,1.14136,1.14213761647243,1.14065,2025-07-31 09:15:00-04:00,1.14065,TP,0.00016,0.913,0.7073,707.29
2025-07-31 15:55:00-04:00,SHORT,Breakout,1.14117,1.1414970968987717,1.14051,2025-07-31 16:05:00-04:00,1.1414970968987717,SL,0.00018,-1.0,-1.5503,-1550.3
2025-07-31 16:10:00-04:00,SHORT,Retest,1.14111,1.1414989533114437,1.14051,2025-07-31 17:15:00-04:00,1.1414989533114437,SL,0.000166,-1.0,-1.4268,-1426.79
2025-07-31 21:00:00-04:00,SHORT,Bounce,1.14232,1.1426287169670226,1.14111,2025-07-31 21:10:00-04:00,1.1426287169670226,SL,0.00018,-1.0,-1.5831,-1583.06
2025-08-01 01:25:00-04:00,SHORT,Bounce,1.14201,1.1421568052501105,1.14053,2025-08-01 01:30:00-04:00,1.1421568052501105,SL,0.000176,-1.0,-2.1989,-2198.87
2025-08-01 13:00:00-04:00,SHORT,Breakout,1.15296,1.1536634959905567,1.13907,2025-08-01 14:25:00-04:00,1.1536634959905567,SL,0.0002,-1.0,-1.2843,-1284.29
2025-08-03 18:05:00-04:00,SHORT,Bounce,1.15882,1.1596761480172153,1.15225,2025-08-06 06:05:00-04:00,1.1596761480172153,SL,0.000316,-1.0,-1.3691,-1369.1
2025-08-07 02:45:00-04:00,LONG,Breakout,1.16774,1.16749611770322,1.17575,2025-08-07 02:55:00-04:00,1.16749611770322,SL,0.00019,-1.0,-1.7791,-1779.06
2025-08-07 03:35:00-04:00,LONG,Breakout,1.1684,1.1674817277954206,1.17575,2025-08-07 04:20:00-04:00,1.1674817277954206,SL,0.00019,-1.0,-1.2069,-1206.91
2025-08-07 04:20:00-04:00,LONG,Retest,1.16779,1.16744856386725,1.17575,2025-08-07 05:35:00-04:00,1.16744856386725,SL,0.00019,-1.0,-1.5565,-1556.47
2025-08-07 10:10:00-04:00,LONG,Bounce,1.1636199999999999,1.1631616204202113,1.16619,2025-08-07 10:15:00-04:00,1.1631616204202113,SL,0.00018,-1.0,-1.3927,-1392.69
2025-08-07 15:40:00-04:00,LONG,Breakout,1.16534,1.1642711271769572,1.1657899999999999,2025-08-07 16:05:00-04:00,1.1657899999999999,TP,0.0002,0.421,0.2339,233.89
2025-08-07 18:35:00-04:00,LONG,Breakout,1.1672,1.1669704445200284,1.16756,2025-08-07 18:50:00-04:00,1.1669704445200284,SL,0.000202,-1.0,-1.88,-1879.96
2025-08-07 20:30:00-04:00,LONG,Breakout,1.16721,1.1669854873364096,1.1698,2025-08-07 20:35:00-04:00,1.1669854873364096,SL,0.000192,-1.0,-1.8552,-1855.19
2025-08-11 05:15:00-04:00,LONG,Bounce,1.16454,1.1642171604682223,1.16733,2025-08-11 05:25:00-04:00,1.1642171604682223,SL,0.000186,-1.0,-1.5761,-1576.14
2025-08-13 02:10:00-04:00,LONG,Bounce,1.16817,1.1680123244410883,1.16871,2025-08-13 02:25:00-04:00,1.16871,TP,0.000196,3.4248,2.1817,2181.7
2025-08-13 02:35:00-04:00,LONG,Breakout,1.16904,1.1684380333728226,1.16962,2025-08-13 02:55:00-04:00,1.16962,TP,0.00019,0.9635,0.6479,647.88
2025-08-13 21:35:00-04:00,LONG,Bounce,1.17116,1.170751744270517,1.17219,2025-08-13 22:15:00-04:00,1.170751744270517,SL,0.000196,-1.0,-1.4801,-1480.09
2025-08-14 02:20:00-04:00,LONG,Bounce,1.17007,1.1697083643008042,1.17145,2025-08-14 02:30:00-04:00,1.1697083643008042,SL,0.0002,-1.0,-1.553,-1553.04
2025-08-14 08:40:00-04:00,LONG,Bounce,1.16774,1.1665273855600093,1.16967,2025-08-14 08:55:00-04:00,1.1665273855600093,SL,0.00018,-1.0,-1.1484,-1148.44
2025-08-14 18:05:00-04:00,LONG,Breakout,1.1650800000000001,1.1649122299502752,1.16654,2025-08-14 18:15:00-04:00,1.1649122299502752,SL,0.000228,-1.0,-2.359,-2359.0
2025-08-15 01:45:00-04:00,LONG,Breakout,1.16654,1.1663335694457766,1.16967,2025-08-15 08:40:00-04:00,1.16967,TP,0.000182,15.1625,14.2808,14280.83
2025-08-15 14:05:00-04:00,LONG,Bounce,1.17014,1.1697521702472782,1.17148,2025-08-17 18:00:00-04:00,1.17148,TP,0.000194,3.4551,2.9549,2954.9
2025-08-18 18:05:00-04:00,LONG,Breakout,1.16716,1.1669162569383937,1.16739,2025-08-18 18:15:00-04:00,1.1669162569383937,SL,0.000262,-1.0,-2.0749,-2074.9
2025-08-20 02:05:00-04:00,SHORT,Breakout,1.16235,1.1632027577528787,1.16207,2025-08-20 02:30:00-04:00,1.1632027577528787,SL,0.0002,-1.0,-1.2345,-1234.53
2025-08-20 03:05:00-04:00,SHORT,Bounce,1.16383,1.1641963032559688,1.16216,2025-08-20 03:15:00-04:00,1.1641963032559688,SL,0.000192,-1.0,-1.5242,-1524.16
2025-08-20 20:35:00-04:00,SHORT,Breakout,1.16438,1.1645477930260224,1.16393,2025-08-20 20:55:00-04:00,1.1645477930260224,SL,0.000176,-1.0,-2.0489,-2048.91
2025-08-25 02:05:00-04:00,LONG,Breakout,1.17086,1.1706508386083478,1.17276,2025-08-25 03:35:00-04:00,1.1706508386083478,SL,0.0002,-1.0,-1.9562,-1956.2
2025-08-25 11:00:00-04:00,LONG,Bounce,1.16881,1.1683240283791947,1.1708,2025-08-25 11:10:00-04:00,1.1683240283791947,SL,0.00018,-1.0,-1.3704,-1370.39
2025-08-25 20:00:00-04:00,LONG,Breakout,1.16293,1.1620661476662606,1.1708,2025-08-26 02:20:00-04:00,1.1620661476662606,SL,0.000192,-1.0,-1.2223,-1222.26
2025-08-26 04:15:00-04:00,SHORT,Retest,1.16165,1.1623721650347538,1.1601,2025-08-26 05:05:00-04:00,1.1623721650347538,SL,0.00019,-1.0,-1.2631,-1263.1
2025-08-26 19:45:00-04:00,SHORT,Breakout,1.16366,1.1639416972806333,1.16316,2025-08-26 20:05:00-04:00,1.1639416972806333,SL,0.00017,-1.0,-1.6035,-1603.48
2025-08-26 21:00:00-04:00,SHORT,Retest,1.16361,1.1639486261236927,1.16316,2025-08-26 21:10:00-04:00,1.1639486261236927,SL,0.000184,-1.0,-1.5434,-1543.37
2025-08-26 23:50:00-04:00,SHORT,Breakout,1.16221,1.1624245204073982,1.16048,2025-08-26 23:55:00-04:00,1.1624245204073982,SL,0.000178,-1.0,-1.8298,-1829.76
2025-08-27 00:00:00-04:00,SHORT,Breakout,1.16206,1.1624263262696444,1.16048,2025-08-27 03:25:00-04:00,1.16048,TP,0.000188,4.3131,3.7999,3799.89
2025-08-27 03:25:00-04:00,SHORT,Breakout,1.16045,1.1611947109057605,1.1601,2025-08-27 03:35:00-04:00,1.1601,TP,0.00019,0.47,0.2148,214.85
2025-08-27 08:50:00-04:00,SHORT,Bounce,1.15903,1.1595169975679325,1.15732,2025-08-27 09:05:00-04:00,1.1595169975679325,SL,0.00018,-1.0,-1.3696,-1369.61
2025-08-31 20:00:00-04:00,LONG,Breakout,1.16905,1.168922786377496,1.16996,2025-08-31 21:15:00-04:00,1.168922786377496,SL,0.000188,-1.0,-2.4778,-2477.83
2025-08-31 22:05:00-04:00,LONG,Breakout,1.17008,1.169688505127829,1.1706,2025-08-31 22:35:00-04:00,1.1706,TP,0.0002,1.3282,0.8174,817.38
2025-09-01 02:00:00-04:00,LONG,Breakout,1.17155,1.1713276121893506,1.17198,2025-09-01 02:05:00-04:00,1.17198,TP,0.000194,1.9336,1.0612,1061.21
2025-09-01 03:40:00-04:00,LONG,Retest,1.17173,1.1713025401427664,1.17327,2025-09-01 04:50:00-04:00,1.17327,TP,0.00019,3.6027,3.1582,3158.19
2025-09-02 02:00:00-04:00,LONG,Breakout,1.1697899999999999,1.1695824874057947,1.17173,2025-09-02 02:05:00-04:00,1.1695824874057947,SL,0.000194,-1.0,-1.9349,-1934.88
2025-09-02 10:00:00-04:00,LONG,Breakout,1.1663999999999999,1.1650639367303133,1.17058,2025-09-02 11:35:00-04:00,1.1650639367303133,SL,0.00018,-1.0,-1.1347,-1134.72
2025-09-03 03:15:00-04:00,SHORT,Breakout,1.16162,1.162608480383467,1.16119,2025-09-03 03:20:00-04:00,1.16119,TP,0.00019,0.435,0.2428,242.8
2025-09-03 13:45:00-04:00,SHORT,Breakout,1.16644,1.1666710945244498,1.16602,2025-09-03 13:55:00-04:00,1.16602,TP,0.000194,1.8174,0.978,977.95
2025-09-03 20:05:00-04:00,SHORT,Breakout,1.1656,1.1657971481700131,1.16536,2025-09-03 20:10:00-04:00,1.1657971481700131,SL,0.000182,-1.0,-1.9232,-1923.16
2025-09-03 21:10:00-04:00,SHORT,Breakout,1.16544,1.1655985641712983,1.16376,2025-09-03 21:15:00-04:00,1.1655985641712983,SL,0.000188,-1.0,-2.1856,-2185.64
2025-09-03 21:35:00-04:00,SHORT,Bounce,1.1660300000000001,1.166240696549157,1.16376,2025-09-04 08:30:00-04:00,1.16376,TP,0.000192,10.7738,9.8625,9862.53
2025-09-07 21:00:00-04:00,LONG,Breakout,1.17159,1.1714530100536773,1.17208,2025-09-07 21:05:00-04:00,1.1714530100536773,SL,0.000196,-1.0,-2.4308,-2430.76
2025-09-08 02:00:00-04:00,LONG,Breakout,1.17167,1.171513147812389,1.17208,2025-09-08 02:05:00-04:00,1.171513147812389,SL,0.0002,-1.0,-2.2751,-2275.09
2025-09-08 02:10:00-04:00,LONG,Breakout,1.17222,1.1715063978586415,1.17588,2025-09-08 02:15:00-04:00,1.1715063978586415,SL,0.000194,-1.0,-1.2719,-1271.86
2025-09-08 02:30:00-04:00,LONG,Breakout,1.17191,1.1714935445449983,1.17588,2025-09-08 02:40:00-04:00,1.1714935445449983,SL,0.000188,-1.0,-1.4514,-1451.43
2025-09-08 19:10:00-04:00,LONG,Breakout,1.17659,1.1764407216739936,1.17694,2025-09-08 19:20:00-04:00,1.17694,TP,0.000192,2.3446,1.0584,1058.43
2025-09-08 21:30:00-04:00,LONG,Retest,1.17672,1.176436304750905,1.17736,2025-09-08 21:50:00-04:00,1.17736,TP,0.00019,2.2559,1.5862,1586.21
2025-09-09 01:50:00-04:00,LONG,Breakout,1.17784,1.1776254570061677,1.17881,2025-09-09 02:00:00-04:00,1.1776254570061677,SL,0.000194,-1.0,-1.9042,-1904.25
2025-09-09 10:05:00-04:00,LONG,Bounce,1.17344,1.1725074596061322,1.17714,2025-09-09 10:30:00-04:00,1.1725074596061322,SL,0.00018,-1.0,-1.193,-1193.02
2025-09-10 00:55:00-04:00,LONG,Breakout,1.17144,1.1712171300446326,1.17292,2025-09-10 01:00:00-04:00,1.1712171300446326,SL,0.000186,-1.0,-1.8346,-1834.57
2025-09-10 01:20:00-04:00,LONG,Retest,1.17142,1.1712183274708114,1.17292,2025-09-10 01:35:00-04:00,1.1712183274708114,SL,0.000176,-1.0,-1.8727,-1872.7
2025-09-10 02:15:00-04:00,LONG,Breakout,1.17161,1.1714551477379234,1.17292,2025-09-10 02:20:00-04:00,1.1714551477379234,SL,0.0002,-1.0,-2.2916,-2291.55
2025-09-10 08:30:00-04:00,LONG,Breakout,1.17182,1.1714523693746386,1.17292,2025-09-10 08:35:00-04:00,1.1714523693746386,SL,0.00018,-1.0,-1.4896,-1489.62
2025-09-10 09:50:00-04:00,LONG,Retest,1.17198,1.1714526550709063,1.17263,2025-09-10 10:10:00-04:00,1.17263,TP,0.00018,1.2326,0.8913,891.26
2025-09-14 23:25:00-04:00,LONG,Breakout,1.17314,1.1728209581636198,1.17339,2025-09-15 00:20:00-04:00,1.17339,TP,0.000182,0.7836,0.2131,213.14
2025-09-15 03:15:00-04:00,LONG,Breakout,1.17363,1.1733947444653308,1.17409,2025-09-15 03:30:00-04:00,1.17409,TP,0.00019,1.9553,1.1477,1147.69
2025-09-15 04:15:00-04:00,LONG,Breakout,1.1738,1.1733829834301737,1.17469,2025-09-15 04:35:00-04:00,1.1733829834301737,SL,0.000186,-1.0,-1.446,-1446.03
2025-09-15 15:45:00-04:00,LONG,Bounce,1.17671,1.1764599052758868,1.17721,2025-09-15 15:50:00-04:00,1.1764599052758868,SL,0.000182,-1.0,-1.7277,-1727.72
2025-09-15 21:45:00-04:00,LONG,Breakout,1.17661,1.1764784869078337,1.1771,2025-09-15 22:05:00-04:00,1.1771,TP,0.000188,3.7259,2.2963,2296.35
2025-09-16 03:00:00-04:00,LONG,Breakout,1.17907,1.1785382232359884,1.17994,2025-09-16 03:50:00-04:00,1.17994,TP,0.00019,1.636,1.2787,1278.73
2025-09-16 05:10:00-04:00,LONG,Breakout,1.18047,1.1802390983328321,1.18093,2025-09-16 05:20:00-04:00,1.18093,TP,0.00019,1.9922,1.1693,1169.33
2025-09-16 05:25:00-04:00,LONG,Retest,1.18068,1.1802415164129854,1.18114,2025-09-16 05:35:00-04:00,1.18114,TP,0.00019,1.0491,0.6158,615.76
2025-09-16 07:50:00-04:00,LONG,Breakout,1.18182,1.1816311077258144,1.1829,2025-09-16 07:55:00-04:00,1.1816311077258144,SL,0.00018,-1.0,-1.9529,-1952.92
2025-09-17 01:05:00-04:00,LONG,Breakout,1.18579,1.1856476427501086,1.18722,2025-09-17 01:20:00-04:00,1.1856476427501086,SL,0.000178,-1.0,-2.2504,-2250.38
2025-09-17 01:45:00-04:00,LONG,Breakout,1.18582,1.1856464003704623,1.18722,2025-09-17 01:50:00-04:00,1.1856464003704623,SL,0.000184,-1.0,-2.0599,-2059.91
2025-09-17 02:30:00-04:00,LONG,Bounce,1.18529,1.1849518224984796,1.18722,2025-09-17 03:00:00-04:00,1.1849518224984796,SL,0.00019,-1.0,-1.5618,-1561.84
2025-09-17 14:00:00-04:00,LONG,Breakout,1.18913,1.1854064041165455,1.1897,2025-09-17 14:05:00-04:00,1.1897,TP,0.0002,0.1531,0.0994,99.37
2025-09-17 21:30:00-04:00,LONG,Bounce,1.18163,1.1813508416062408,1.1828,2025-09-17 21:35:00-04:00,1.1813508416062408,SL,0.0002,-1.0,-1.7164,-1716.44
2025-09-18 20:00:00-04:00,LONG,Breakout,1.17886,1.178739814184451,1.17902,2025-09-18 20:05:00-04:00,1.178739814184451,SL,0.00019,-1.0,-2.5809,-2580.89
2025-09-18 21:50:00-04:00,LONG,Bounce,1.17764,1.177344337277015,1.17897,2025-09-18 22:00:00-04:00,1.177344337277015,SL,0.000192,-1.0,-1.6494,-1649.39
2025-09-18 23:25:00-04:00,LONG,Breakout,1.17903,1.178904798582066,1.17931,2025-09-18 23:30:00-04:00,1.178904798582066,SL,0.000186,-1.0,-2.4856,-2485.61
2025-09-19 02:00:00-04:00,LONG,Bounce,1.17699,1.1768386426186523,1.1791800000000001,2025-09-19 02:05:00-04:00,1.1768386426186523,SL,0.0002,-1.0,-2.3214,-2321.38
2025-09-19 02:20:00-04:00,LONG,Bounce,1.17739,1.1768217067323858,1.17773,2025-09-19 02:30:00-04:00,1.1768217067323858,SL,0.0002,-1.0,-1.3519,-1351.93
2025-09-23 09:50:00-04:00,LONG,Bounce,1.1787,1.1782356371248675,1.18117,2025-09-23 13:25:00-04:00,1.18117,TP,0.00018,5.3191,4.9315,4931.49
2025-09-24 01:55:00-04:00,LONG,Bounce,1.17971,1.1793880738715175,1.18045,2025-09-24 02:10:00-04:00,1.1793880738715175,SL,0.0002,-1.0,-1.6213,-1621.26
2025-09-24 18:00:00-04:00,LONG,Breakout,1.17401,1.1737853933378686,1.17451,2025-09-24 19:50:00-04:00,1.17451,TP,0.000294,2.2261,0.9172,917.16
2025-09-24 20:55:00-04:00,LONG,Breakout,1.1746699999999999,1.1744782104924592,1.17574,2025-09-24 21:10:00-04:00,1.1744782104924592,SL,0.000196,-1.0,-2.022,-2021.95
2025-09-26 02:45:00-04:00,SHORT,Breakout,1.16717,1.1673985867047705,1.16644,2025-09-26 02:50:00-04:00,1.1673985867047705,SL,0.00019,-1.0,-1.8312,-1831.19
2025-09-26 08:30:00-04:00,SHORT,Bounce,1.16733,1.1684183037291158,1.16606,2025-09-26 09:00:00-04:00,1.1684183037291158,SL,0.00018,-1.0,-1.1654,-1165.4
2025-10-01 02:40:00-04:00,LONG,Breakout,1.17709,1.176519319690791,1.17941,2025-10-01 02:55:00-04:00,1.176519319690791,SL,0.00019,-1.0,-1.3329,-1332.94
2025-10-01 02:55:00-04:00,LONG,Retest,1.17673,1.176519178338436,1.17941,2025-10-01 03:20:00-04:00,1.176519178338436,SL,0.00019,-1.0,-1.9012,-1901.24
2025-10-07 01:05:00-04:00,SHORT,Breakout,1.1692,1.1696093347387304,1.16515,2025-10-07 15:15:00-04:00,1.16515,TP,0.000184,9.8941,9.4446,9444.59
2025-10-07 21:00:00-04:00,SHORT,Breakout,1.16395,1.1646536920014394,1.16327,2025-10-07 21:25:00-04:00,1.16327,TP,0.0002,0.9663,0.6821,682.12
2025-10-08 00:40:00-04:00,SHORT,Breakout,1.16156,1.161743661170842,1.16073,2025-10-08 00:45:00-04:00,1.161743661170842,SL,0.000188,-1.0,-2.0236,-2023.62
2025-10-08 01:00:00-04:00,SHORT,Breakout,1.16149,1.1617471258512189,1.16073,2025-10-08 01:30:00-04:00,1.1617471258512189,SL,0.00018,-1.0,-1.7,-1700.05
2025-10-08 02:15:00-04:00,SHORT,Breakout,1.16087,1.1611634019177965,1.1581,2025-10-08 02:30:00-04:00,1.1611634019177965,SL,0.000194,-1.0,-1.6612,-1661.21
2025-10-08 10:50:00-04:00,SHORT,Breakout,1.16232,1.1627308566910426,1.16045,2025-10-08 11:50:00-04:00,1.16045,TP,0.00018,4.5515,4.1134,4113.36
2025-10-09 09:05:00-04:00,SHORT,Bounce,1.16079,1.1622492179040314,1.1602000000000001,2025-10-09 09:40:00-04:00,1.1602000000000001,TP,0.00018,0.4043,0.281,280.97
2025-10-09 09:40:00-04:00,SHORT,Breakout,1.15942,1.1605345834032215,1.1581,2025-10-09 10:25:00-04:00,1.1581,TP,0.00018,1.1843,1.0228,1022.8
2025-10-09 14:50:00-04:00,SHORT,Breakout,1.15452,1.1546965507290192,1.1531500000000001,2025-10-09 14:55:00-04:00,1.1546965507290192,SL,0.000192,-1.0,-2.0875,-2087.51
2025-10-09 18:00:00-04:00,SHORT,Bounce,1.15616,1.1566337510670592,1.15409,2025-10-09 20:50:00-04:00,1.1566337510670592,SL,0.000258,-1.0,-1.5446,-1544.59
2025-10-10 02:45:00-04:00,SHORT,Breakout,1.1562000000000001,1.1567049614172287,1.15595,2025-10-10 02:50:00-04:00,1.1567049614172287,SL,0.00019,-1.0,-1.3763,-1376.27
2025-10-10 03:20:00-04:00,SHORT,Breakout,1.15648,1.1567282737092899,1.15595,2025-10-10 03:25:00-04:00,1.1567282737092899,SL,0.00019,-1.0,-1.7653,-1765.28
2025-10-12 18:00:00-04:00,SHORT,Breakout,1.15998,1.16033439890662,1.15958,2025-10-12 18:05:00-04:00,1.16033439890662,SL,0.00035,-1.0,-1.9876,-1987.59
2025-10-12 19:55:00-04:00,SHORT,Retest,1.16003,1.1603107384055789,1.15902,2025-10-12 20:00:00-04:00,1.1603107384055789,SL,0.0002,-1.0,-1.7124,-1712.41
2025-10-13 01:50:00-04:00,SHORT,Breakout,1.1613,1.1615610041622602,1.15902,2025-10-13 02:00:00-04:00,1.1615610041622602,SL,0.0002,-1.0,-1.7663,-1766.27
2025-10-13 02:05:00-04:00,SHORT,Breakout,1.16144,1.161560811277145,1.15902,2025-10-13 02:10:00-04:00,1.161560811277145,SL,0.0002,-1.0,-2.6555,-2655.47
2025-10-13 03:00:00-04:00,SHORT,Breakout,1.16101,1.1612760981775905,1.15902,2025-10-13 04:25:00-04:00,1.15902,TP,0.00019,7.4784,6.7644,6764.42
2025-10-13 07:35:00-04:00,SHORT,Breakout,1.15758,1.1581416462253842,1.15609,2025-10-13 08:50:00-04:00,1.15609,TP,0.00018,2.6529,2.3324,2332.43
2025-10-13 14:55:00-04:00,SHORT,Breakout,1.15675,1.1569113645260924,1.15565,2025-10-13 15:00:00-04:00,1.1569113645260924,SL,0.000188,-1.0,-2.1651,-2165.06
2025-10-13 16:45:00-04:00,SHORT,Retest,1.15675,1.1568992400686031,1.15565,2025-10-13 17:15:00-04:00,1.1568992400686031,SL,0.000176,-1.0,-2.1793,-2179.31
2025-10-13 20:00:00-04:00,SHORT,Breakout,1.15568,1.1563575203373142,1.15409,2025-10-13 21:05:00-04:00,1.1563575203373142,SL,0.000198,-1.0,-1.2922,-1292.24
2025-10-14 07:00:00-04:00,SHORT,Breakout,1.15469,1.1551700762302821,1.15418,2025-10-14 07:10:00-04:00,1.1551700762302821,SL,0.00018,-1.0,-1.3749,-1374.94
2025-10-14 07:10:00-04:00,SHORT,Retest,1.15479,1.1551691677699882,1.15418,2025-10-14 07:15:00-04:00,1.1551691677699882,SL,0.00018,-1.0,-1.4747,-1474.72
2025-10-14 08:15:00-04:00,SHORT,Bounce,1.1559300000000001,1.1563473572078953,1.15452,2025-10-14 08:20:00-04:00,1.1563473572078953,SL,0.00018,-1.0,-1.4313,-1431.29
2025-10-14 08:25:00-04:00,SHORT,Bounce,1.15575,1.1563478539190526,1.15452,2025-10-14 09:10:00-04:00,1.1563478539190526,SL,0.00018,-1.0,-1.3011,-1301.08
2025-10-14 15:35:00-04:00,SHORT,Bounce,1.16053,1.1611594119213586,1.16023,2025-10-14 16:00:00-04:00,1.16023,TP,0.00019,0.4766,0.1748,174.77
2025-10-14 20:25:00-04:00,SHORT,Bounce,1.1607,1.1609120721148984,1.15982,2025-10-14 20:45:00-04:00,1.1609120721148984,SL,0.00018,-1.0,-1.8488,-1848.77
2025-10-15 08:50:00-04:00,SHORT,Breakout,1.16149,1.162020284884616,1.16008,2025-10-15 09:25:00-04:00,1.162020284884616,SL,0.00018,-1.0,-1.3394,-1339.44
2025-10-17 03:10:00-04:00,LONG,Bounce,1.17074,1.1704052098009419,1.17272,2025-10-17 03:20:00-04:00,1.1704052098009419,SL,0.00019,-1.0,-1.5675,-1567.52
2025-10-17 14:00:00-04:00,LONG,Bounce,1.16682,1.1666958714827376,1.16788,2025-10-17 14:10:00-04:00,1.1666958714827376,SL,0.0002,-1.0,-2.6112,-2611.23
2025-10-21 06:15:00-04:00,SHORT,Breakout,1.1607,1.1612717062715137,1.16008,2025-10-21 06:20:00-04:00,1.1612717062715137,SL,0.00019,-1.0,-1.3323,-1332.34
2025-10-21 15:55:00-04:00,SHORT,Breakout,1.16001,1.1601023699696833,1.15966,2025-10-21 16:40:00-04:00,1.1601023699696833,SL,0.000194,-1.0,-3.1002,-3100.25
2025-10-21 16:50:00-04:00,SHORT,Retest,1.1598600000000001,1.1600983837652148,1.15966,2025-10-21 17:15:00-04:00,1.1600983837652148,SL,0.000184,-1.0,-1.7719,-1771.86
2025-10-22 03:05:00-04:00,SHORT,Breakout,1.16031,1.1604475014072668,1.15978,2025-10-22 03:10:00-04:00,1.1604475014072668,SL,0.00019,-1.0,-2.3818,-2381.8
2025-10-22 03:30:00-04:00,SHORT,Retest,1.16014,1.1604505883077147,1.15978,2025-10-22 03:40:00-04:00,1.1604505883077147,SL,0.00019,-1.0,-1.6117,-1611.74
2025-10-22 20:05:00-04:00,SHORT,Breakout,1.16004,1.160418408309919,1.15759,2025-10-22 20:50:00-04:00,1.160418408309919,SL,0.000188,-1.0,-1.4968,-1496.82
2025-10-22 21:00:00-04:00,SHORT,Breakout,1.16022,1.1604279413000602,1.15759,2025-10-22 21:05:00-04:00,1.1604279413000602,SL,0.000184,-1.0,-1.8849,-1884.87
2025-10-23 20:10:00-04:00,SHORT,Bounce,1.16184,1.1620917519131932,1.16126,2025-10-23 21:15:00-04:00,1.16126,TP,0.000174,2.3039,1.6127,1612.7
2025-10-24 01:25:00-04:00,SHORT,Breakout,1.16016,1.1604834513392486,1.15843,2025-10-24 01:45:00-04:00,1.1604834513392486,SL,0.00018,-1.0,-1.5565,-1556.5
2025-10-24 08:00:00-04:00,SHORT,Bounce,1.16146,1.1616446353354182,1.16058,2025-10-24 08:30:00-04:00,1.1616446353354182,SL,0.00018,-1.0,-1.9749,-1974.89
2025-10-24 15:55:00-04:00,SHORT,Bounce,1.16302,1.1631657075596769,1.16232,2025-10-24 16:00:00-04:00,1.1631657075596769,SL,0.00019,-1.0,-2.304,-2303.98
2025-10-24 16:40:00-04:00,SHORT,Breakout,1.16198,1.1623810682253113,1.16171,2025-10-24 16:45:00-04:00,1.1623810682253113,SL,0.00018,-1.0,-1.4488,-1448.8
2025-10-26 20:50:00-04:00,SHORT,Bounce,1.16343,1.1635636121099826,1.16248,2025-10-26 21:00:00-04:00,1.1635636121099826,SL,0.000192,-1.0,-2.437,-2437.0
2025-10-26 23:55:00-04:00,SHORT,Breakout,1.16265,1.162728005175624,1.16248,2025-10-27 00:00:00-04:00,1.16248,TP,0.000176,2.1793,-0.0769,-76.92
2025-10-27 05:00:00-04:00,SHORT,Bounce,1.1627,1.1632419445641982,1.16166,2025-10-27 05:15:00-04:00,1.1632419445641982,SL,0.000186,-1.0,-1.3432,-1343.21
2025-10-27 09:40:00-04:00,SHORT,Breakout,1.1634,1.1635570905940151,1.16166,2025-10-27 09:45:00-04:00,1.1635570905940151,SL,0.00018,-1.0,-2.1458,-2145.84
2025-10-27 10:00:00-04:00,SHORT,Breakout,1.16333,1.1635604792913283,1.16166,2025-10-27 10:10:00-04:00,1.1635604792913283,SL,0.00018,-1.0,-1.781,-1780.98
2025-10-27 12:15:00-04:00,SHORT,Retest,1.16338,1.163555246065918,1.16304,2025-10-27 12:20:00-04:00,1.163555246065918,SL,0.000178,-1.0,-2.0157,-2015.71
2025-10-28 00:15:00-04:00,LONG,Breakout,1.16647,1.1662424618969969,1.1667,2025-10-28 00:20:00-04:00,1.1662424618969969,SL,0.00017,-1.0,-1.7471,-1747.13
2025-10-28 01:30:00-04:00,LONG,Retest,1.16646,1.1662409812523236,1.16748,2025-10-28 01:40:00-04:00,1.1662409812523236,SL,0.000168,-1.0,-1.7671,-1767.06
2025-10-28 03:00:00-04:00,LONG,Bounce,1.16543,1.165203909444461,1.16675,2025-10-28 03:05:00-04:00,1.165203909444461,SL,0.00018,-1.0,-1.7961,-1796.14
2025-10-28 03:05:00-04:00,LONG,Bounce,1.16558,1.1652009159127137,1.16675,2025-10-28 03:50:00-04:00,1.1652009159127137,SL,0.0002,-1.0,-1.5276,-1527.59
2025-10-28 19:55:00-04:00,LONG,Breakout,1.16564,1.165226968519876,1.16645,2025-10-28 20:35:00-04:00,1.165226968519876,SL,0.000196,-1.0,-1.4745,-1474.54
2025-10-31 02:50:00-04:00,SHORT,Breakout,1.15628,1.1565542573945768,1.15609,2025-10-31 02:55:00-04:00,1.15609,TP,0.000194,0.6928,-0.0146,-14.58
2025-10-31 07:35:00-04:00,SHORT,Breakout,1.15621,1.1564599864935154,1.15537,2025-10-31 07:50:00-04:00,1.1564599864935154,SL,0.00019,-1.0,-1.76,-1760.04
2025-11-02 18:10:00-05:00,SHORT,Bounce,1.15354,1.1537189470188371,1.15233,2025-11-02 19:45:00-05:00,1.15233,TP,0.0002,6.7618,5.6441,5644.13
2025-11-03 02:10:00-05:00,SHORT,Bounce,1.15354,1.1536996652548401,1.15308,2025-11-03 02:15:00-05:00,1.1536996652548401,SL,0.000184,-1.0,-2.1524,-2152.41
2025-11-03 19:00:00-05:00,SHORT,Breakout,1.15107,1.1514485207220406,1.1504,2025-11-03 20:05:00-05:00,1.1504,TP,0.000178,1.77,1.2998,1299.8
2025-11-04 06:40:00-05:00,SHORT,Breakout,1.14956,1.1498407648267785,1.13907,2025-11-05 19:30:00-05:00,1.1498407648267785,SL,0.00019,-1.0,-1.6767,-1676.72
2025-11-06 03:05:00-05:00,SHORT,Bounce,1.15113,1.1513690574144273,1.15045,2025-11-06 03:55:00-05:00,1.1513690574144273,SL,0.00019,-1.0,-1.7948,-1794.79
2025-11-06 23:20:00-05:00,SHORT,Breakout,1.15332,1.1534207848863731,1.15288,2025-11-06 23:35:00-05:00,1.1534207848863731,SL,0.00019,-1.0,-2.8852,-2885.2
2025-11-07 01:45:00-05:00,SHORT,Retest,1.15305,1.1534218575314883,1.1518,2025-11-07 02:20:00-05:00,1.1534218575314883,SL,0.00018,-1.0,-1.4841,-1484.06
2025-11-09 18:00:00-05:00,SHORT,Breakout,1.1552,1.1555090009347118,1.15285,2025-11-09 19:00:00-05:00,1.1555090009347118,SL,0.000196,-1.0,-1.6343,-1634.3
2025-11-09 19:25:00-05:00,SHORT,Retest,1.15513,1.1555318747034558,1.15285,2025-11-09 19:45:00-05:00,1.1555318747034558,SL,0.000188,-1.0,-1.4678,-1467.81
2025-11-10 01:45:00-05:00,SHORT,Breakout,1.15531,1.1557272399693932,1.15502,2025-11-10 01:55:00-05:00,1.15502,TP,0.000188,0.695,0.2445,244.46
2025-11-10 02:00:00-05:00,SHORT,Retest,1.15541,1.1557309621766605,1.15458,2025-11-10 02:05:00-05:00,1.1557309621766605,SL,0.000188,-1.0,-1.5857,-1585.74
2025-11-10 05:30:00-05:00,SHORT,Breakout,1.15614,1.1563781021428647,1.15502,2025-11-10 07:00:00-05:00,1.1563781021428647,SL,0.00019,-1.0,-1.798,-1797.98
2025-11-11 01:45:00-05:00,SHORT,Breakout,1.15502,1.155111617655846,1.15458,2025-11-11 01:50:00-05:00,1.155111617655846,SL,0.000192,-1.0,-3.0957,-3095.67
2025-11-11 14:45:00-05:00,SHORT,Breakout,1.15872,1.1590607941186333,1.15674,2025-11-12 04:50:00-05:00,1.15674,TP,0.000174,5.81,5.2994,5299.39
2025-11-14 00:55:00-05:00,LONG,Breakout,1.16465,1.164363199320622,1.16555,2025-11-14 01:05:00-05:00,1.164363199320622,SL,0.000184,-1.0,-1.6416,-1641.56
2025-11-20 02:05:00-05:00,SHORT,Bounce,1.1516899999999999,1.1520582019955785,1.15125,2025-11-20 02:20:00-05:00,1.1520582019955785,SL,0.00018,-1.0,-1.4889,-1488.86
2025-11-20 02:20:00-05:00,SHORT,Bounce,1.15196,1.1523410851983547,1.15125,2025-11-20 03:05:00-05:00,1.15125,TP,0.000194,1.8631,1.354,1354.03
2025-11-25 15:15:00-05:00,SHORT,Breakout,1.15724,1.1573951112726564,1.1549,2025-11-25 20:30:00-05:00,1.1573951112726564,SL,0.000194,-1.0,-2.2507,-2250.72
2025-11-26 20:40:00-05:00,LONG,Breakout,1.16051,1.1603563224344156,1.16143,2025-11-26 21:50:00-05:00,1.1603563224344156,SL,0.0002,-1.0,-2.3014,-2301.43
2025-11-26 22:05:00-05:00,LONG,Retest,1.1604700000000001,1.1603473651323077,1.16143,2025-11-26 22:10:00-05:00,1.1603473651323077,SL,0.00019,-1.0,-2.5493,-2549.31
2025-11-27 08:30:00-05:00,LONG,Breakout,1.15916,1.1589150752668473,1.15949,2025-11-27 08:40:00-05:00,1.1589150752668473,SL,0.000178,-1.0,-1.7268,-1726.75
2025-11-27 18:00:00-05:00,LONG,Breakout,1.15978,1.1595796873909956,1.16007,2025-11-27 19:10:00-05:00,1.16007,TP,0.0002,1.4477,0.4493,449.3
2025-11-30 18:10:00-05:00,LONG,Breakout,1.16066,1.160303316979704,1.16127,2025-11-30 18:15:00-05:00,1.160303316979704,SL,0.0002,-1.0,-1.5607,-1560.72
2025-12-02 01:45:00-05:00,LONG,Bounce,1.16071,1.1605507601712342,1.16134,2025-12-02 02:10:00-05:00,1.16134,TP,0.000176,3.9563,2.851,2851.05
2025-12-02 02:10:00-05:00,LONG,Retest,1.16129,1.1609962492195551,1.1628,2025-12-02 02:45:00-05:00,1.1609962492195551,SL,0.000182,-1.0,-1.6196,-1619.57
2025-12-02 02:50:00-05:00,LONG,Breakout,1.1612,1.1609854199901788,1.1628,2025-12-02 02:55:00-05:00,1.1609854199901788,SL,0.000182,-1.0,-1.8482,-1848.17
2025-12-02 03:35:00-05:00,LONG,Retest,1.16134,1.1609784641813057,1.1628,2025-12-02 03:40:00-05:00,1.1609784641813057,SL,0.000186,-1.0,-1.5145,-1514.47
2025-12-02 04:45:00-05:00,LONG,Bounce,1.16049,1.1603035451456953,1.16155,2025-12-02 05:10:00-05:00,1.1603035451456953,SL,0.00019,-1.0,-2.019,-2019.01
2025-12-02 07:45:00-05:00,LONG,Breakout,1.1617,1.1614902938325893,1.1628,2025-12-02 08:00:00-05:00,1.1614902938325893,SL,0.00018,-1.0,-1.8583,-1858.34
2025-12-02 22:35:00-05:00,LONG,Breakout,1.16381,1.1636662295783624,1.164,2025-12-02 22:45:00-05:00,1.1636662295783624,SL,0.000172,-1.0,-2.1964,-2196.35
2025-12-03 02:00:00-05:00,LONG,Breakout,1.16451,1.164261187769864,1.16511,2025-12-03 02:15:00-05:00,1.16511,TP,0.0002,2.4115,1.6076,1607.64
2025-12-03 18:50:00-05:00,LONG,Bounce,1.16654,1.1661863404628148,1.16732,2025-12-03 19:05:00-05:00,1.1661863404628148,SL,0.000186,-1.0,-1.5259,-1525.93
2025-12-04 02:50:00-05:00,LONG,Breakout,1.16621,1.1660969394452507,1.16641,2025-12-04 02:55:00-05:00,1.16641,TP,0.00018,1.769,0.1769,176.9
2025-12-05 09:40:00-05:00,LONG,Breakout,1.1654,1.1651867166232364,1.16709,2025-12-05 09:55:00-05:00,1.1651867166232364,SL,0.00018,-1.0,-1.8439,-1843.95
2025-12-05 10:05:00-05:00,LONG,Bounce,1.16473,1.1641709832383667,1.1659,2025-12-05 11:05:00-05:00,1.1641709832383667,SL,0.00018,-1.0,-1.322,-1321.99
2025-12-07 18:05:00-05:00,LONG,Bounce,1.16429,1.1638283436854577,1.16464,2025-12-07 18:55:00-05:00,1.1638283436854577,SL,0.0002,-1.0,-1.4332,-1433.22
2025-12-08 06:05:00-05:00,LONG,Bounce,1.16497,1.1646003023390088,1.16549,2025-12-08 08:10:00-05:00,1.16549,TP,0.000186,1.4066,0.9034,903.44
2025-12-08 08:40:00-05:00,LONG,Bounce,1.16475,1.1645851620637464,1.1656900000000001,2025-12-08 08:50:00-05:00,1.1645851620637464,SL,0.000182,-1.0,-2.1041,-2104.11
2025-12-09 20:00:00-05:00,LONG,Bounce,1.16266,1.1622703206297222,1.16281,2025-12-09 20:30:00-05:00,1.1622703206297222,SL,0.00019,-1.0,-1.4876,-1487.58
2025-12-11 01:00:00-05:00,LONG,Bounce,1.16846,1.1683722389415172,1.16913,2025-12-11 01:05:00-05:00,1.1683722389415172,SL,0.000188,-1.0,-3.1422,-3142.18
2025-12-11 02:15:00-05:00,LONG,Breakout,1.1691799999999999,1.1690779027637899,1.17066,2025-12-11 02:20:00-05:00,1.1690779027637899,SL,0.000172,-1.0,-2.6847,-2684.67
2025-12-11 02:30:00-05:00,LONG,Retest,1.16959,1.1690742122347109,1.17066,2025-12-11 04:05:00-05:00,1.1690742122347109,SL,0.000178,-1.0,-1.3451,-1345.1
2025-12-11 08:25:00-05:00,LONG,Breakout,1.17201,1.1717865964892042,1.17272,2025-12-11 08:30:00-05:00,1.1717865964892042,SL,0.00018,-1.0,-1.8057,-1805.72
2025-12-11 08:35:00-05:00,LONG,Breakout,1.17243,1.171768238809569,1.17272,2025-12-11 08:40:00-05:00,1.17272,TP,0.00018,0.4382,0.1662,166.22
2025-12-11 19:00:00-05:00,LONG,Breakout,1.17417,1.1740808296512517,1.17621,2025-12-11 19:30:00-05:00,1.1740808296512517,SL,0.00018,-1.0,-3.0186,-3018.61
2025-12-12 00:55:00-05:00,LONG,Breakout,1.1738,1.1736701610185636,1.17456,2025-12-12 01:00:00-05:00,1.1736701610185636,SL,0.000182,-1.0,-2.4017,-2401.74
2025-12-12 01:25:00-05:00,LONG,Breakout,1.17377,1.1736667779121916,1.17456,2025-12-12 01:30:00-05:00,1.1736667779121916,SL,0.000188,-1.0,-2.8213,-2821.32
2025-12-12 01:55:00-05:00,LONG,Breakout,1.17382,1.1736609480235658,1.17456,2025-12-12 02:00:00-05:00,1.1736609480235658,SL,0.000186,-1.0,-2.1694,-2169.43
2025-12-12 07:00:00-05:00,LONG,Bounce,1.17261,1.1725117879572677,1.17341,2025-12-12 07:05:00-05:00,1.1725117879572677,SL,0.00017,-1.0,-2.7309,-2730.95
2025-12-12 10:45:00-05:00,LONG,Breakout,1.17375,1.1733182934304167,1.17456,2025-12-12 10:50:00-05:00,1.1733182934304167,SL,0.00018,-1.0,-1.4169,-1416.95
2025-12-15 01:05:00-05:00,LONG,Bounce,1.17316,1.1730279172172935,1.1735,2025-12-15 01:20:00-05:00,1.1730279172172935,SL,0.000168,-1.0,-2.2719,-2271.93
2025-12-15 03:00:00-05:00,LONG,Bounce,1.17282,1.172730690516478,1.17374,2025-12-15 03:05:00-05:00,1.172730690516478,SL,0.000182,-1.0,-3.0379,-3037.86
2025-12-15 09:55:00-05:00,LONG,Breakout,1.17631,1.175850229866985,1.17679,2025-12-15 10:05:00-05:00,1.17679,TP,0.00018,1.044,0.6525,652.5
2025-12-15 10:20:00-05:00,LONG,Breakout,1.17658,1.1758254153217456,1.1778,2025-12-15 10:25:00-05:00,1.1758254153217456,SL,0.00018,-1.0,-1.2385,-1238.54
2025-12-15 10:55:00-05:00,LONG,Retest,1.1762299999999999,1.1758187523579768,1.17683,2025-12-15 11:00:00-05:00,1.1758187523579768,SL,0.00018,-1.0,-1.4377,-1437.69
2025-12-15 18:00:00-05:00,LONG,Breakout,1.17536,1.1751245057029438,1.17683,2025-12-15 18:40:00-05:00,1.1751245057029438,SL,0.0002,-1.0,-1.8493,-1849.28
2025-12-16 02:35:00-05:00,LONG,Bounce,1.17495,1.174823737837809,1.17535,2025-12-16 02:55:00-05:00,1.174823737837809,SL,0.000182,-1.0,-2.4414,-2441.45
2025-12-16 02:55:00-05:00,LONG,Bounce,1.17509,1.174823025676428,1.17533,2025-12-16 03:00:00-05:00,1.17533,TP,0.000186,0.899,0.2023,202.27
2025-12-16 03:00:00-05:00,LONG,Breakout,1.17553,1.1752663809852546,1.17585,2025-12-16 03:15:00-05:00,1.17585,TP,0.00019,1.2139,0.4931,493.14
2025-12-17 08:15:00-05:00,LONG,Breakout,1.17293,1.1725513403956012,1.17517,2025-12-17 08:25:00-05:00,1.1725513403956012,SL,0.00018,-1.0,-1.4754,-1475.36
2025-12-17 19:55:00-05:00,LONG,Breakout,1.17433,1.1741973625523054,1.17456,2025-12-17 20:00:00-05:00,1.1741973625523054,SL,0.000182,-1.0,-2.3722,-2372.16
2025-12-18 08:15:00-05:00,LONG,Breakout,1.17343,1.1725783793880211,1.1749,2025-12-18 08:30:00-05:00,1.1749,TP,0.00018,1.7261,1.5148,1514.76
2025-12-18 22:20:00-05:00,LONG,Bounce,1.1722299999999999,1.17186666660885,1.17278,2025-12-18 22:30:00-05:00,1.17186666660885,SL,0.00019,-1.0,-1.5229,-1522.94
2025-12-19 07:00:00-05:00,LONG,Bounce,1.17102,1.1707170735417705,1.17171,2025-12-19 07:20:00-05:00,1.1707170735417705,SL,0.000174,-1.0,-1.5744,-1574.4
2025-12-19 08:20:00-05:00,LONG,Bounce,1.17071,1.1705852414617401,1.17171,2025-12-19 08:35:00-05:00,1.17171,TP,0.000178,8.0155,6.5887,6588.73
2025-12-21 18:55:00-05:00,LONG,Bounce,1.1709,1.1705356126466755,1.17169,2025-12-21 20:00:00-05:00,1.17169,TP,0.000198,2.168,1.6246,1624.64
2025-12-22 02:30:00-05:00,LONG,Breakout,1.17225,1.1720859250674085,1.17248,2025-12-22 02:45:00-05:00,1.17248,TP,0.000184,1.4018,0.2804,280.36
2025-12-22 07:05:00-05:00,LONG,Breakout,1.17416,1.1736402825183467,1.17453,2025-12-22 07:10:00-05:00,1.1736402825183467,SL,0.000178,-1.0,-1.3425,-1342.49
2025-12-23 03:00:00-05:00,LONG,Breakout,1.17797,1.17784105039778,1.18038,2025-12-23 03:20:00-05:00,1.17784105039778,SL,0.000182,-1.0,-2.4114,-2411.4
2025-12-23 03:40:00-05:00,LONG,Retest,1.17816,1.1778424365489863,1.18038,2025-12-23 08:50:00-05:00,1.1778424365489863,SL,0.000174,-1.0,-1.5479,-1547.92
2025-12-23 19:00:00-05:00,LONG,Breakout,1.17974,1.1795466034364714,1.18015,2025-12-23 19:10:00-05:00,1.1795466034364714,SL,0.00019,-1.0,-1.9824,-1982.44
2025-12-26 02:55:00-05:00,LONG,Bounce,1.17721,1.1769667599667357,1.17871,2025-12-26 03:00:00-05:00,1.1769667599667357,SL,0.00019,-1.0,-1.7811,-1781.12
2025-12-26 08:00:00-05:00,LONG,Breakout,1.17847,1.1780971314034698,1.17871,2025-12-26 08:05:00-05:00,1.17871,TP,0.00018,0.6437,0.1609,160.91
2025-12-29 15:55:00-05:00,LONG,Breakout,1.17693,1.176820175376785,1.1785700000000001,2025-12-29 16:00:00-05:00,1.176820175376785,SL,0.000192,-1.0,-2.7482,-2748.24
2025-12-29 17:20:00-05:00,LONG,Retest,1.1771099999999999,1.1768192969920608,1.1785700000000001,2025-12-29 17:25:00-05:00,1.1768192969920608,SL,0.000358,-1.0,-2.2315,-2231.5
2025-12-29 17:30:00-05:00,LONG,Breakout,1.17708,1.1768135162839708,1.1785700000000001,2025-12-29 17:55:00-05:00,1.1768135162839708,SL,0.000366,-1.0,-2.3734,-2373.44
2025-12-30 14:55:00-05:00,LONG,Bounce,1.17461,1.1743529919608864,1.17659,2025-12-30 15:55:00-05:00,1.1743529919608864,SL,0.000168,-1.0,-1.6537,-1653.68
2026-01-02 08:00:00-05:00,LONG,Breakout,1.17245,1.1722133157494619,1.17364,2026-01-02 08:05:00-05:00,1.1722133157494619,SL,0.000174,-1.0,-1.7352,-1735.16
2026-01-02 08:10:00-05:00,LONG,Breakout,1.17235,1.1722084100084644,1.17364,2026-01-02 08:25:00-05:00,1.1722084100084644,SL,0.00018,-1.0,-2.2713,-2271.28
2026-01-02 10:00:00-05:00,LONG,Breakout,1.1732,1.1727459957004367,1.17364,2026-01-02 10:15:00-05:00,1.17364,TP,0.000178,0.9692,0.5771,577.09
2026-01-05 07:55:00-05:00,SHORT,Breakout,1.16702,1.1673506829449742,1.16441,2026-01-05 08:55:00-05:00,1.1673506829449742,SL,0.00018,-1.0,-1.5443,-1544.33
2026-01-07 02:30:00-05:00,SHORT,Breakout,1.16856,1.1690172228241935,1.1684,2026-01-07 02:35:00-05:00,1.1684,TP,0.00019,0.3499,-0.0656,-65.61
2026-01-07 05:00:00-05:00,SHORT,Bounce,1.1684700000000001,1.1687342185571385,1.1672,2026-01-07 05:05:00-05:00,1.1687342185571385,SL,0.000186,-1.0,-1.704,-1703.96
2026-01-07 13:55:00-05:00,SHORT,Breakout,1.16824,1.1685133178737186,1.16788,2026-01-07 14:10:00-05:00,1.16788,TP,0.0002,1.3171,0.5854,585.4
2026-01-08 08:30:00-05:00,SHORT,Breakout,1.16666,1.1668373024219252,1.1658,2026-01-08 08:35:00-05:00,1.1668373024219252,SL,0.00018,-1.0,-2.0152,-2015.21
2026-01-09 01:05:00-05:00,SHORT,Breakout,1.16486,1.1651148112358103,1.1645,2026-01-09 01:30:00-05:00,1.1651148112358103,SL,0.000188,-1.0,-1.7378,-1737.8
2026-01-12 09:50:00-05:00,SHORT,Retest,1.1675,1.167806844166223,1.1652,2026-01-12 10:05:00-05:00,1.167806844166223,SL,0.00018,-1.0,-1.5866,-1586.62
2026-01-13 03:10:00-05:00,SHORT,Bounce,1.16662,1.166756302584882,1.16526,2026-01-13 03:55:00-05:00,1.166756302584882,SL,0.000186,-1.0,-2.3646,-2364.61
2026-01-14 19:30:00-05:00,SHORT,Breakout,1.16393,1.164059621719976,1.16345,2026-01-14 19:55:00-05:00,1.16345,TP,0.000184,3.7031,2.2836,2283.57
2026-01-15 01:40:00-05:00,SHORT,Breakout,1.16294,1.1632779974442107,1.1621,2026-01-15 01:55:00-05:00,1.1632779974442107,SL,0.00017,-1.0,-1.503,-1502.96
2026-01-15 07:55:00-05:00,SHORT,Breakout,1.1622,1.162538112860599,1.1617,2026-01-15 08:00:00-05:00,1.1617,TP,0.00018,1.4788,0.9464,946.43
2026-01-15 08:10:00-05:00,SHORT,Retest,1.16226,1.1625411792837959,1.16157,2026-01-15 08:30:00-05:00,1.16157,TP,0.00018,2.454,1.8138,1813.79
2026-01-16 00:55:00-05:00,SHORT,Breakout,1.16054,1.160605025568391,1.16013,2026-01-16 01:00:00-05:00,1.160605025568391,SL,0.000172,-1.0,-3.6451,-3645.11
2026-01-16 05:50:00-05:00,SHORT,Bounce,1.16135,1.1614882182273627,1.1602999999999999,2026-01-16 06:00:00-05:00,1.1614882182273627,SL,0.000186,-1.0,-2.3457,-2345.7
2026-01-16 16:40:00-05:00,SHORT,Bounce,1.15968,1.1599144727431876,1.15943,2026-01-18 17:15:00-05:00,1.15943,TP,0.000278,1.0662,-0.1194,-119.42
2026-01-18 17:15:00-05:00,SHORT,Breakout,1.1578,1.1594961306912475,1.15615,2026-01-18 18:05:00-05:00,1.1594961306912475,SL,0.00036,-1.0,-1.2122,-1212.25
2026-01-21 02:25:00-05:00,LONG,Breakout,1.1723,1.1720122977782592,1.17337,2026-01-21 02:30:00-05:00,1.1720122977782592,SL,0.000192,-1.0,-1.6674,-1667.36
2026-01-21 02:50:00-05:00,LONG,Bounce,1.17177,1.1713365944639569,1.17337,2026-01-21 03:00:00-05:00,1.1713365944639569,SL,0.000178,-1.0,-1.4107,-1410.7
2026-01-21 06:35:00-05:00,LONG,Breakout,1.1716,1.1711316190226955,1.1724700000000001,2026-01-21 06:55:00-05:00,1.1711316190226955,SL,0.00019,-1.0,-1.4057,-1405.65
2026-01-23 08:15:00-05:00,LONG,Breakout,1.17453,1.1743880066993115,1.17531,2026-01-23 08:20:00-05:00,1.1743880066993115,SL,0.000176,-1.0,-2.2395,-2239.5
2026-01-23 10:00:00-05:00,LONG,Breakout,1.17479,1.174593942123281,1.17531,2026-01-23 10:10:00-05:00,1.174593942123281,SL,0.00018,-1.0,-1.9181,-1918.1
2026-01-26 18:50:00-05:00,LONG,Bounce,1.18741,1.1871760259491795,1.1881599999999999,2026-01-26 19:15:00-05:00,1.1881599999999999,TP,0.000188,3.2055,2.402,2401.98
2026-01-27 04:50:00-05:00,LONG,Breakout,1.18846,1.1879801859769934,1.18987,2026-01-27 05:00:00-05:00,1.1879801859769934,SL,0.000186,-1.0,-1.3877,-1387.65
2026-01-27 09:30:00-05:00,LONG,Breakout,1.19461,1.1936357379572804,1.19741,2026-01-27 09:50:00-05:00,1.1936357379572804,SL,0.00018,-1.0,-1.1848,-1184.76
2026-01-27 15:20:00-05:00,LONG,Breakout,1.19889,1.198544753514757,1.20055,2026-01-27 15:30:00-05:00,1.198544753514757,SL,0.000194,-1.0,-1.5619,-1561.92
2026-01-27 15:40:00-05:00,LONG,Bounce,1.1984,1.1969229001753168,1.20055,2026-01-27 15:45:00-05:00,1.20055,TP,0.000186,1.4556,1.3296,1329.63
2026-01-28 02:10:00-05:00,LONG,Breakout,1.20208,1.1999415975524068,1.20815,2026-01-28 02:30:00-05:00,1.1999415975524068,SL,0.000194,-1.0,-1.0907,-1090.72
2026-01-28 23:20:00-05:00,LONG,Breakout,1.19864,1.1983439584275848,1.19942,2026-01-28 23:25:00-05:00,1.1983439584275848,SL,0.000194,-1.0,-1.6553,-1655.31
2026-01-29 07:50:00-05:00,LONG,Breakout,1.19553,1.195143143934012,1.19957,2026-01-29 08:45:00-05:00,1.195143143934012,SL,0.00018,-1.0,-1.4653,-1465.29
2026-01-29 09:35:00-05:00,LONG,Retest,1.19637,1.1950857783290099,1.19957,2026-01-29 10:05:00-05:00,1.1950857783290099,SL,0.00018,-1.0,-1.1402,-1140.16
2026-01-29 19:05:00-05:00,LONG,Breakout,1.19718,1.1969409665524386,1.19957,2026-01-29 19:10:00-05:00,1.1969409665524386,SL,0.000178,-1.0,-1.7447,-1744.67
2026-01-30 02:55:00-05:00,LONG,Breakout,1.19371,1.1933147146614145,1.1973799999999999,2026-01-30 03:25:00-05:00,1.1933147146614145,SL,0.00019,-1.0,-1.4807,-1480.67
2026-02-02 07:55:00-05:00,LONG,Bounce,1.18493,1.184146480493943,1.18706,2026-02-02 08:00:00-05:00,1.184146480493943,SL,0.00018,-1.0,-1.2297,-1229.73
2026-02-04 19:00:00-05:00,LONG,Bounce,1.18011,1.1799944535179305,1.1807,2026-02-04 19:05:00-05:00,1.1799944535179305,SL,0.000192,-1.0,-2.6617,-2661.67
2026-02-04 20:20:00-05:00,LONG,Bounce,1.18024,1.1799954776248582,1.1807,2026-02-04 20:40:00-05:00,1.1807,TP,0.00019,1.8812,1.1042,1104.19
2026-02-09 01:00:00-05:00,LONG,Breakout,1.18505,1.1832048912137616,1.18706,2026-02-09 06:55:00-05:00,1.18706,TP,0.0002,1.0894,0.981,980.97
2026-02-10 17:40:00-05:00,LONG,Bounce,1.18916,1.18900006413258,1.19027,2026-02-10 17:50:00-05:00,1.18900006413258,SL,0.000366,-1.0,-3.2884,-3288.42
2026-02-10 19:40:00-05:00,LONG,Breakout,1.1896200000000001,1.1894916230785224,1.19027,2026-02-10 19:55:00-05:00,1.1894916230785224,SL,0.000182,-1.0,-2.4177,-2417.7
2026-02-10 20:00:00-05:00,LONG,Breakout,1.18991,1.1894837673038754,1.19027,2026-02-10 20:35:00-05:00,1.1894837673038754,SL,0.000196,-1.0,-1.4598,-1459.84
2026-02-11 00:35:00-05:00,LONG,Breakout,1.1916,1.1913628833905174,1.19184,2026-02-11 00:45:00-05:00,1.1913628833905174,SL,0.000184,-1.0,-1.776,-1775.99
2026-02-11 01:50:00-05:00,LONG,Breakout,1.19154,1.1913514201078401,1.19281,2026-02-11 02:00:00-05:00,1.1913514201078401,SL,0.000192,-1.0,-2.0181,-2018.14
2026-02-11 05:40:00-05:00,LONG,Breakout,1.19227,1.19184675950214,1.1924299999999999,2026-02-11 05:55:00-05:00,1.1924299999999999,TP,0.000184,0.378,-0.0567,-56.71
2026-02-12 08:30:00-05:00,LONG,Bounce,1.18812,1.1872775988428224,1.18854,2026-02-12 09:10:00-05:00,1.18854,TP,0.000178,0.4986,0.2873,287.27
2026-02-12 11:15:00-05:00,LONG,Bounce,1.18688,1.1864681607557723,1.18927,2026-02-12 11:25:00-05:00,1.1864681607557723,SL,0.00018,-1.0,-1.4371,-1437.06
2026-02-12 11:35:00-05:00,LONG,Bounce,1.18729,1.1864633808659313,1.18927,2026-02-12 11:55:00-05:00,1.1864633808659313,SL,0.00018,-1.0,-1.2178,-1217.75
2026-02-12 19:00:00-05:00,LONG,Bounce,1.18695,1.1865200604186426,1.1871800000000001,2026-02-12 19:50:00-05:00,1.1865200604186426,SL,0.00019,-1.0,-1.4419,-1441.92
2026-02-13 08:30:00-05:00,LONG,Breakout,1.18736,1.1864885454289718,1.1889,2026-02-13 08:40:00-05:00,1.1864885454289718,SL,0.00018,-1.0,-1.2066,-1206.55
2026-02-13 08:50:00-05:00,LONG,Breakout,1.18719,1.1864677139212012,1.1889,2026-02-13 09:20:00-05:00,1.1864677139212012,SL,0.00018,-1.0,-1.2492,-1249.21
2026-02-16 01:40:00-05:00,LONG,Breakout,1.18689,1.1867923776310167,1.18753,2026-02-16 01:50:00-05:00,1.1867923776310167,SL,0.000176,-1.0,-2.8029,-2802.87
2026-02-16 02:55:00-05:00,LONG,Bounce,1.18621,1.1859209601589977,1.18691,2026-02-16 03:05:00-05:00,1.18691,TP,0.000184,2.4218,1.7852,1785.22
2026-02-16 03:25:00-05:00,LONG,Bounce,1.1862300000000001,1.1858668764787221,1.18753,2026-02-16 03:35:00-05:00,1.1858668764787221,SL,0.000186,-1.0,-1.5122,-1512.22
2026-02-16 18:20:00-05:00,LONG,Bounce,1.18473,1.184526238603954,1.18544,2026-02-16 19:35:00-05:00,1.184526238603954,SL,0.000184,-1.0,-1.903,-1903.02
2026-02-16 21:00:00-05:00,LONG,Bounce,1.18437,1.183909698408027,1.18513,2026-02-16 22:00:00-05:00,1.183909698408027,SL,0.000192,-1.0,-1.4171,-1417.12
2026-02-20 00:05:00-05:00,SHORT,Breakout,1.17507,1.175252609831278,1.17408,2026-02-20 00:20:00-05:00,1.175252609831278,SL,0.000182,-1.0,-1.9967,-1996.66
2026-02-20 03:00:00-05:00,SHORT,Breakout,1.17498,1.1751093394970236,1.17408,2026-02-20 03:15:00-05:00,1.1751093394970236,SL,0.00019,-1.0,-2.469,-2469.0
2026-02-20 10:00:00-05:00,SHORT,Bounce,1.17645,1.1782949050853047,1.17422,2026-02-20 10:10:00-05:00,1.1782949050853047,SL,0.00018,-1.0,-1.0976,-1097.57
2026-02-24 15:55:00-05:00,SHORT,Breakout,1.1774499999999999,1.1776075779011705,1.1764999999999999,2026-02-24 17:35:00-05:00,1.1776075779011705,SL,0.000196,-1.0,-2.2438,-2243.83
2026-02-24 20:00:00-05:00,SHORT,Bounce,1.1776200000000001,1.1777073614956979,1.1770100000000001,2026-02-24 20:05:00-05:00,1.1777073614956979,SL,0.0002,-1.0,-3.2893,-3289.34
2026-03-02 15:10:00-05:00,SHORT,Breakout,1.16789,1.168688516588649,1.16708,2026-03-02 15:15:00-05:00,1.168688516588649,SL,0.0002,-1.0,-1.2505,-1250.46
2026-03-02 15:20:00-05:00,SHORT,Breakout,1.16846,1.1686988944055188,1.16708,2026-03-02 15:35:00-05:00,1.1686988944055188,SL,0.0002,-1.0,-1.8372,-1837.19
2026-03-02 23:45:00-05:00,SHORT,Breakout,1.16812,1.1686276472241797,1.16778,2026-03-03 00:15:00-05:00,1.16778,TP,0.000188,0.6698,0.2994,299.42
2026-03-03 19:00:00-05:00,SHORT,Breakout,1.16052,1.1608548091608903,1.1598600000000001,2026-03-03 19:15:00-05:00,1.1608548091608903,SL,0.000196,-1.0,-1.5854,-1585.41
2026-03-03 19:20:00-05:00,SHORT,Breakout,1.16039,1.1608720136517126,1.1598600000000001,2026-03-03 19:35:00-05:00,1.1598600000000001,TP,0.0002,1.0996,0.6846,684.63
2026-03-04 09:45:00-05:00,SHORT,Breakout,1.16229,1.1626458180695107,1.1591,2026-03-04 09:50:00-05:00,1.1626458180695107,SL,0.00018,-1.0,-1.5059,-1505.88
2026-03-04 10:00:00-05:00,SHORT,Retest,1.1619,1.1626394381555083,1.1591,2026-03-04 10:10:00-05:00,1.1626394381555083,SL,0.00018,-1.0,-1.2434,-1243.43
2026-03-05 08:35:00-05:00,SHORT,Breakout,1.1602000000000001,1.1604392369319845,1.15809,2026-03-05 09:00:00-05:00,1.1604392369319845,SL,0.00018,-1.0,-1.7524,-1752.39
2026-03-05 09:50:00-05:00,SHORT,Retest,1.15982,1.160455413649633,1.15884,2026-03-05 09:55:00-05:00,1.160455413649633,SL,0.00018,-1.0,-1.2833,-1283.28
2026-03-05 18:45:00-05:00,SHORT,Bounce,1.16075,1.1609657505034332,1.15689,2026-03-05 19:05:00-05:00,1.1609657505034332,SL,0.000188,-1.0,-1.8714,-1871.38
2026-03-06 01:00:00-05:00,SHORT,Breakout,1.1602000000000001,1.160639660088581,1.15689,2026-03-06 01:05:00-05:00,1.160639660088581,SL,0.0002,-1.0,-1.4549,-1454.9
2026-03-06 04:00:00-05:00,SHORT,Breakout,1.15949,1.1601459411685564,1.15689,2026-03-06 06:05:00-05:00,1.15689,TP,0.00019,3.9638,3.6741,3674.11
2026-03-11 02:00:00-04:00,SHORT,Bounce,1.16326,1.1636251687609556,1.16174,2026-03-11 02:10:00-04:00,1.1636251687609556,SL,0.0002,-1.0,-1.5477,-1547.69
2026-03-11 03:10:00-04:00,SHORT,Breakout,1.1627,1.1629470740184806,1.16174,2026-03-11 03:15:00-04:00,1.1629470740184806,SL,0.0002,-1.0,-1.8095,-1809.47
2026-03-11 03:15:00-04:00,SHORT,Bounce,1.16314,1.164116854445732,1.16174,2026-03-11 03:40:00-04:00,1.16174,TP,0.0002,1.4332,1.2284,1228.43
2026-03-11 08:30:00-04:00,SHORT,Breakout,1.15871,1.1590297331550996,1.15741,2026-03-11 08:35:00-04:00,1.1590297331550996,SL,0.00018,-1.0,-1.563,-1562.97
2026-03-11 09:00:00-04:00,SHORT,Retest,1.15834,1.1590442496029814,1.15741,2026-03-11 09:55:00-04:00,1.1590442496029814,SL,0.000186,-1.0,-1.2641,-1264.11
2026-03-11 10:00:00-04:00,SHORT,Bounce,1.15953,1.1612945222734712,1.15759,2026-03-11 11:00:00-04:00,1.15759,TP,0.00018,1.0994,0.9974,997.44
2026-03-11 18:25:00-04:00,SHORT,Breakout,1.15603,1.156295664298155,1.1547,2026-03-11 18:55:00-04:00,1.1547,TP,0.000334,5.0063,3.7491,3749.09
2026-03-12 10:45:00-04:00,SHORT,Breakout,1.15156,1.1520751944240286,1.15114,2026-03-12 10:50:00-04:00,1.1520751944240286,SL,0.000182,-1.0,-1.3533,-1353.26
2026-03-12 11:05:00-04:00,SHORT,Retest,1.15112,1.1520741713334206,1.15061,2026-03-12 11:35:00-04:00,1.1520741713334206,SL,0.00018,-1.0,-1.1886,-1188.65
2026-03-13 02:15:00-04:00,SHORT,Breakout,1.14966,1.149922818765636,1.149,2026-03-13 02:20:00-04:00,1.149922818765636,SL,0.0002,-1.0,-1.761,-1760.98
2026-03-16 18:30:00-04:00,SHORT,Breakout,1.14998,1.1501175209113055,1.14892,2026-03-16 20:25:00-04:00,1.14892,TP,0.000288,7.7079,5.6137,5613.69
2026-03-17 04:00:00-04:00,SHORT,Bounce,1.14926,1.1500138167854652,1.14646,2026-03-17 04:35:00-04:00,1.1500138167854652,SL,0.00019,-1.0,-1.2521,-1252.05
2026-03-18 07:25:00-04:00,SHORT,Breakout,1.1531,1.1533579908465819,1.1517,2026-03-18 07:30:00-04:00,1.1533579908465819,SL,0.00019,-1.0,-1.7365,-1736.46
2026-03-18 08:15:00-04:00,SHORT,Breakout,1.15265,1.1533965942413542,1.1517,2026-03-18 08:30:00-04:00,1.1517,TP,0.00018,1.2724,1.0314,1031.35
2026-03-18 14:35:00-04:00,SHORT,Breakout,1.14942,1.1502743373152606,1.14894,2026-03-18 14:45:00-04:00,1.14894,TP,0.0002,0.5618,0.3277,327.74
2026-03-19 01:40:00-04:00,SHORT,Breakout,1.14634,1.1466222419598135,1.14489,2026-03-19 01:45:00-04:00,1.1466222419598135,SL,0.000192,-1.0,-1.6803,-1680.27
2026-03-19 02:30:00-04:00,SHORT,Breakout,1.14636,1.1466393748047847,1.14489,2026-03-19 02:40:00-04:00,1.1466393748047847,SL,0.0002,-1.0,-1.7159,-1715.88
2026-03-19 02:45:00-04:00,SHORT,Breakout,1.14617,1.1466436962267172,1.14489,2026-03-19 03:00:00-04:00,1.1466436962267172,SL,0.0002,-1.0,-1.4222,-1422.21
2026-03-19 08:05:00-04:00,SHORT,Bounce,1.14768,1.1482065530424572,1.14417,2026-03-19 08:35:00-04:00,1.1482065530424572,SL,0.00018,-1.0,-1.3418,-1341.85
2026-03-19 12:10:00-04:00,SHORT,Bounce,1.1526,1.1540517904639394,1.14682,2026-03-19 13:00:00-04:00,1.1540517904639394,SL,0.00018,-1.0,-1.124,-1123.98
2026-03-19 20:00:00-04:00,SHORT,Breakout,1.15731,1.1576515859260081,1.15495,2026-03-19 20:15:00-04:00,1.1576515859260081,SL,0.000192,-1.0,-1.5621,-1562.08
2026-03-19 20:20:00-04:00,SHORT,Retest,1.15734,1.157650819648915,1.15495,2026-03-20 04:15:00-04:00,1.157650819648915,SL,0.000194,-1.0,-1.6242,-1624.16
2026-03-20 05:45:00-04:00,SHORT,Breakout,1.15529,1.1555696407893394,1.15495,2026-03-20 05:50:00-04:00,1.15495,TP,0.00019,1.2158,0.5364,536.4
2026-03-20 08:35:00-04:00,SHORT,Bounce,1.1571,1.1580613372040254,1.1534,2026-03-20 10:15:00-04:00,1.1534,TP,0.00018,3.8488,3.6616,3661.57
2026-03-23 01:15:00-04:00,SHORT,Breakout,1.1541299999999999,1.1542465630065808,1.15378,2026-03-23 01:30:00-04:00,1.15378,TP,0.00016,3.0027,1.63,1630.02
2026-03-23 01:30:00-04:00,SHORT,Breakout,1.15362,1.1542484296375575,1.15232,2026-03-23 02:15:00-04:00,1.15232,TP,0.00016,2.0686,1.814,1814.05
2026-03-23 20:00:00-04:00,SHORT,Breakout,1.16007,1.1606443137171083,1.15753,2026-03-24 00:15:00-04:00,1.15753,TP,0.00016,4.4227,4.1441,4144.08
2026-03-27 06:55:00-04:00,SHORT,Breakout,1.1510799999999999,1.151410609020644,1.14836,2026-03-27 08:40:00-04:00,1.151410609020644,SL,0.00014,-1.0,-1.4235,-1423.46
2026-03-27 16:15:00-04:00,SHORT,Bounce,1.15151,1.1519253255188413,1.15051,2026-03-29 17:15:00-04:00,1.15051,TP,0.000284,2.4077,1.7239,1723.95
2026-03-30 03:00:00-04:00,SHORT,Breakout,1.15051,1.1509072567571836,1.15003,2026-03-30 03:15:00-04:00,1.15003,TP,0.00014,1.2083,0.8559,855.87
2026-03-30 08:10:00-04:00,SHORT,Breakout,1.14757,1.1483347824497567,1.14682,2026-03-30 08:25:00-04:00,1.1483347824497567,SL,0.00014,-1.0,-1.1831,-1183.06
2026-03-30 09:40:00-04:00,SHORT,Breakout,1.14687,1.1472934360929923,1.14616,2026-03-30 09:50:00-04:00,1.14616,TP,0.00014,1.6768,1.3461,1346.13
2026-03-30 19:10:00-04:00,SHORT,Retest,1.14517,1.1455341364564566,1.14463,2026-03-30 19:40:00-04:00,1.1455341364564566,SL,0.00016,-1.0,-1.4394,-1439.4
2026-03-30 20:10:00-04:00,SHORT,Breakout,1.14504,1.1451581637911115,1.14463,2026-03-30 20:20:00-04:00,1.14463,TP,0.00016,3.4698,2.1157,2115.71
2026-03-30 20:20:00-04:00,SHORT,Breakout,1.14496,1.1451596820443768,1.1442,2026-03-30 20:25:00-04:00,1.1451596820443768,SL,0.00016,-1.0,-1.8013,-1801.27
2026-03-31 01:10:00-04:00,SHORT,Breakout,1.14627,1.1466182796529327,1.14461,2026-03-31 01:15:00-04:00,1.1466182796529327,SL,0.00016,-1.0,-1.4594,-1459.4
2026-03-31 01:55:00-04:00,SHORT,Breakout,1.14631,1.1466303784050689,1.14461,2026-03-31 02:25:00-04:00,1.1466303784050689,SL,0.00014,-1.0,-1.437,-1436.98
2026-03-31 02:55:00-04:00,SHORT,Bounce,1.14714,1.147331125989399,1.14595,2026-03-31 03:05:00-04:00,1.147331125989399,SL,0.00014,-1.0,-1.7325,-1732.5
2026-03-31 06:55:00-04:00,SHORT,Breakout,1.14583,1.146173003949016,1.14461,2026-03-31 07:10:00-04:00,1.146173003949016,SL,0.00014,-1.0,-1.4082,-1408.16
2026-03-31 07:25:00-04:00,SHORT,Bounce,1.14734,1.1476472961136177,1.14461,2026-03-31 07:35:00-04:00,1.1476472961136177,SL,0.00014,-1.0,-1.4556,-1455.59
2026-03-31 12:50:00-04:00,SHORT,Bounce,1.15385,1.1542150140036238,1.15105,2026-03-31 13:00:00-04:00,1.1542150140036238,SL,0.00014,-1.0,-1.3835,-1383.55
2026-04-02 09:50:00-04:00,SHORT,Bounce,1.15284,1.1531893126824135,1.15079,2026-04-02 10:00:00-04:00,1.1531893126824135,SL,0.00014,-1.0,-1.4008,-1400.79
2026-04-03 08:30:00-04:00,SHORT,Breakout,1.15274,1.1540485704847037,1.15079,2026-04-05 18:00:00-04:00,1.15079,TP,0.00014,1.4902,1.3832,1383.19
2026-04-05 18:00:00-04:00,SHORT,Breakout,1.1508099999999999,1.1511577736126866,1.14563,2026-04-05 18:05:00-04:00,1.1511577736126866,SL,0.00031,-1.0,-1.8914,-1891.38
2026-04-05 18:15:00-04:00,SHORT,Breakout,1.15097,1.1511667516862507,1.14563,2026-04-05 18:20:00-04:00,1.1511667516862507,SL,0.00031,-1.0,-2.5756,-2575.59
2026-04-05 19:55:00-04:00,SHORT,Retest,1.15086,1.1511354212219866,1.1504,2026-04-05 20:00:00-04:00,1.1511354212219866,SL,0.00016,-1.0,-1.5809,-1580.93
2026-04-05 20:05:00-04:00,SHORT,Bounce,1.1513,1.1516667968699783,1.1504,2026-04-05 20:20:00-04:00,1.1516667968699783,SL,0.00016,-1.0,-1.4362,-1436.21
2026-04-06 05:50:00-04:00,SHORT,Breakout,1.15501,1.1553726039139185,1.15211,2026-04-06 08:50:00-04:00,1.1553726039139185,SL,0.00014,-1.0,-1.3861,-1386.1
2026-04-06 09:30:00-04:00,SHORT,Bounce,1.15567,1.1560554998076957,1.15366,2026-04-06 09:55:00-04:00,1.1560554998076957,SL,0.00014,-1.0,-1.3632,-1363.16
2026-04-06 10:00:00-04:00,SHORT,Bounce,1.15561,1.1560693070095267,1.15366,2026-04-06 10:15:00-04:00,1.1560693070095267,SL,0.00014,-1.0,-1.3048,-1304.81
2026-04-06 20:00:00-04:00,SHORT,Breakout,1.15381,1.1539343150635946,1.15335,2026-04-06 20:05:00-04:00,1.1539343150635946,SL,0.00016,-1.0,-2.2871,-2287.05
2026-04-06 20:40:00-04:00,SHORT,Retest,1.15372,1.1539368718827165,1.15335,2026-04-06 21:05:00-04:00,1.1539368718827165,SL,0.00016,-1.0,-1.7378,-1737.76
2026-04-06 21:05:00-04:00,SHORT,Breakout,1.1535199999999999,1.1539413781868222,1.15335,2026-04-06 21:35:00-04:00,1.15335,TP,0.00016,0.4034,0.0237,23.73
2026-04-08 07:20:00-04:00,LONG,Breakout,1.17019,1.1698489172443447,1.17084,2026-04-08 07:25:00-04:00,1.17084,TP,0.00016,1.9057,1.4366,1436.6
2026-04-09 11:20:00-04:00,LONG,Breakout,1.16976,1.1693615209180317,1.17029,2026-04-09 11:25:00-04:00,1.1693615209180317,SL,0.00016,-1.0,-1.4015,-1401.53
2026-04-09 11:30:00-04:00,LONG,Breakout,1.17038,1.1693538216078947,1.17208,2026-04-09 13:25:00-04:00,1.17208,TP,0.00016,1.6566,1.5007,1500.71
2026-04-09 23:55:00-04:00,LONG,Breakout,1.16951,1.169363729940907,1.17014,2026-04-10 00:10:00-04:00,1.169363729940907,SL,0.000178,-1.0,-2.2169,-2216.93
2026-04-10 05:15:00-04:00,LONG,Breakout,1.17092,1.1692249257368463,1.17228,2026-04-10 08:30:00-04:00,1.17228,TP,0.00016,0.8023,0.7079,707.93
2026-04-10 08:30:00-04:00,LONG,Breakout,1.17199,1.1717683155751628,1.174,2026-04-10 08:40:00-04:00,1.1717683155751628,SL,0.00016,-1.0,-1.7217,-1721.75
2026-04-10 10:55:00-04:00,LONG,Retest,1.17264,1.1717394755621513,1.174,2026-04-10 12:30:00-04:00,1.1717394755621513,SL,0.00016,-1.0,-1.1777,-1177.67
2026-04-13 02:00:00-04:00,LONG,Breakout,1.16902,1.168921475247623,1.17299,2026-04-13 02:05:00-04:00,1.168921475247623,SL,0.00016,-1.0,-2.624,-2623.96
2026-04-13 04:05:00-04:00,LONG,Retest,1.16933,1.168882062996151,1.17299,2026-04-13 04:35:00-04:00,1.168882062996151,SL,0.00016,-1.0,-1.3572,-1357.19
2026-04-13 06:50:00-04:00,LONG,Breakout,1.1694499999999999,1.1691366331668058,1.16999,2026-04-13 06:55:00-04:00,1.1691366331668058,SL,0.00016,-1.0,-1.5106,-1510.58
2026-04-13 07:00:00-04:00,LONG,Breakout,1.16975,1.169133790842807,1.16999,2026-04-13 07:35:00-04:00,1.169133790842807,SL,0.00016,-1.0,-1.2597,-1259.65
2026-04-13 08:05:00-04:00,LONG,Bounce,1.16837,1.168030387203277,1.16991,2026-04-13 09:00:00-04:00,1.16991,TP,0.00016,4.5346,4.0635,4063.45
2026-04-13 12:40:00-04:00,LONG,Breakout,1.1724700000000001,1.1718854043350553,1.17299,2026-04-13 12:45:00-04:00,1.17299,TP,0.00016,0.8895,0.6158,615.81
2026-04-13 19:50:00-04:00,LONG,Breakout,1.17647,1.1763693377865112,1.1795200000000001,2026-04-13 20:00:00-04:00,1.1763693377865112,SL,0.00018,-1.0,-2.7882,-2788.16
2026-04-14 02:50:00-04:00,LONG,Breakout,1.17733,1.1768592979426549,1.1795200000000001,2026-04-14 03:05:00-04:00,1.1795200000000001,TP,0.00016,4.6526,4.3127,4312.71
2026-04-14 08:25:00-04:00,LONG,Breakout,1.17997,1.1797619719442514,1.18252,2026-04-14 08:30:00-04:00,1.1797619719442514,SL,0.00016,-1.0,-1.7691,-1769.13
2026-04-14 09:30:00-04:00,LONG,Bounce,1.17966,1.1790316723709977,1.18252,2026-04-14 11:45:00-04:00,1.1790316723709977,SL,0.00016,-1.0,-1.2546,-1254.64
2026-04-14 19:40:00-04:00,LONG,Breakout,1.1799,1.179784689539243,1.18108,2026-04-14 19:50:00-04:00,1.179784689539243,SL,0.000178,-1.0,-2.5437,-2543.66
2026-04-15 01:15:00-04:00,LONG,Breakout,1.17966,1.1795589124734203,1.1801300000000001,2026-04-15 01:20:00-04:00,1.1795589124734203,SL,0.000178,-1.0,-2.7609,-2760.85
2026-04-15 02:05:00-04:00,LONG,Breakout,1.17986,1.1795469495241215,1.1801300000000001,2026-04-15 02:10:00-04:00,1.1795469495241215,SL,0.00016,-1.0,-1.5111,-1511.1
2026-04-15 22:40:00-04:00,LONG,Breakout,1.18152,1.1807972935972533,1.18252,2026-04-16 00:45:00-04:00,1.1807972935972533,SL,0.00018,-1.0,-1.2491,-1249.06
2026-04-16 09:40:00-04:00,LONG,Bounce,1.17775,1.1774104887343126,1.17883,2026-04-16 09:50:00-04:00,1.1774104887343126,SL,0.00016,-1.0,-1.4713,-1471.27
2026-04-16 18:00:00-04:00,LONG,Breakout,1.17831,1.1781924814132798,1.17854,2026-04-16 18:05:00-04:00,1.17854,TP,0.00033,1.9571,-0.8509,-850.93
2026-04-16 18:30:00-04:00,LONG,Retest,1.17842,1.1781916650454891,1.17868,2026-04-16 18:35:00-04:00,1.1781916650454891,SL,0.000208,-1.0,-1.9109,-1910.94
2026-04-17 04:40:00-04:00,LONG,Breakout,1.17911,1.1783493358810955,1.18047,2026-04-17 08:25:00-04:00,1.18047,TP,0.00016,1.7879,1.5776,1577.57
2026-04-20 02:55:00-04:00,LONG,Breakout,1.17647,1.1761108668511906,1.17969,2026-04-20 03:30:00-04:00,1.1761108668511906,SL,0.00016,-1.0,-1.4455,-1445.52
2026-04-20 11:20:00-04:00,LONG,Breakout,1.1783299999999999,1.178000538084388,1.17969,2026-04-20 14:35:00-04:00,1.178000538084388,SL,0.00016,-1.0,-1.4856,-1485.64
2026-04-20 20:15:00-04:00,LONG,Bounce,1.17841,1.1782533112017322,1.17902,2026-04-20 20:25:00-04:00,1.1782533112017322,SL,0.00018,-1.0,-2.1488,-2148.77
2026-04-21 07:10:00-04:00,LONG,Bounce,1.17584,1.175437639892941,1.17817,2026-04-21 08:30:00-04:00,1.175437639892941,SL,0.00016,-1.0,-1.3977,-1397.65
2026-04-21 08:30:00-04:00,LONG,Bounce,1.17611,1.1754371806239434,1.17681,2026-04-21 08:35:00-04:00,1.1754371806239434,SL,0.00016,-1.0,-1.2378,-1237.81
2026-04-21 08:40:00-04:00,LONG,Bounce,1.17573,1.1754291302318696,1.17681,2026-04-21 09:30:00-04:00,1.17681,TP,0.00016,3.5896,3.0578,3057.8
2026-04-21 23:00:00-04:00,LONG,Bounce,1.1741,1.1737161436554655,1.17477,2026-04-21 23:50:00-04:00,1.1737161436554655,SL,0.000178,-1.0,-1.4637,-1463.72
2026-04-22 01:15:00-04:00,LONG,Breakout,1.17554,1.174705303084216,1.17621,2026-04-22 02:00:00-04:00,1.174705303084216,SL,0.00018,-1.0,-1.2156,-1215.65
2026-04-22 20:15:00-04:00,LONG,Breakout,1.17102,1.1707652996086793,1.17166,2026-04-22 20:20:00-04:00,1.1707652996086793,SL,0.00018,-1.0,-1.7067,-1706.71
2026-04-26 21:00:00-04:00,LONG,Breakout,1.17228,1.1721174279586937,1.17421,2026-04-26 21:05:00-04:00,1.1721174279586937,SL,0.00018,-1.0,-2.1072,-2107.2
2026-04-26 21:15:00-04:00,LONG,Breakout,1.17238,1.1721066935952078,1.17421,2026-04-26 21:25:00-04:00,1.1721066935952078,SL,0.00018,-1.0,-1.6586,-1658.6
2026-04-26 21:40:00-04:00,LONG,Retest,1.1724,1.1721091907855459,1.17421,2026-04-26 22:05:00-04:00,1.1721091907855459,SL,0.00018,-1.0,-1.619,-1618.96
2026-04-27 02:30:00-04:00,LONG,Bounce,1.17203,1.1718236885267395,1.17314,2026-04-27 03:00:00-04:00,1.17314,TP,0.00016,5.3802,4.6047,4604.69
2026-04-27 08:50:00-04:00,LONG,Retest,1.1749100000000001,1.1746374297966682,1.17571,2026-04-27 08:55:00-04:00,1.1746374297966682,SL,0.00016,-1.0,-1.587,-1587.0
2026-04-27 09:00:00-04:00,LONG,Breakout,1.17482,1.1746303961001883,1.17571,2026-04-27 09:30:00-04:00,1.1746303961001883,SL,0.00016,-1.0,-1.8439,-1843.86
2026-04-27 09:55:00-04:00,LONG,Bounce,1.1739600000000001,1.1735981105113618,1.17544,2026-04-27 10:00:00-04:00,1.1735981105113618,SL,0.00016,-1.0,-1.4421,-1442.12
2026-04-27 10:00:00-04:00,LONG,Bounce,1.17386,1.1735975311891218,1.17544,2026-04-27 10:55:00-04:00,1.1735975311891218,SL,0.00016,-1.0,-1.6096,-1609.6
2026-04-27 20:00:00-04:00,LONG,Breakout,1.17235,1.1722331685491896,1.1724999999999999,2026-04-27 20:05:00-04:00,1.1724999999999999,TP,0.00018,1.2839,-0.2568,-256.78
2026-04-27 20:20:00-04:00,LONG,Breakout,1.1723,1.1722308684645304,1.17477,2026-04-27 20:25:00-04:00,1.1722308684645304,SL,0.00018,-1.0,-3.6037,-3603.73
2026-04-30 20:10:00-04:00,SHORT,Breakout,1.17243,1.1727504691465749,1.17215,2026-04-30 20:35:00-04:00,1.1727504691465749,SL,0.00018,-1.0,-1.5617,-1561.68
2026-05-01 02:50:00-04:00,LONG,Breakout,1.17424,1.1734944974875878,1.17477,2026-05-01 02:55:00-04:00,1.1734944974875878,SL,0.00016,-1.0,-1.2146,-1214.62
2026-05-01 03:25:00-04:00,LONG,Retest,1.1739,1.1734811186972816,1.17477,2026-05-01 03:35:00-04:00,1.1734811186972816,SL,0.00016,-1.0,-1.382,-1381.97
2026-05-01 07:10:00-04:00,LONG,Breakout,1.17503,1.1746851425310347,1.1752799999999999,2026-05-01 07:15:00-04:00,1.1752799999999999,TP,0.00016,0.7249,0.261,260.98
2026-05-01 08:00:00-04:00,LONG,Retest,1.17512,1.1746791025860652,1.17588,2026-05-01 08:10:00-04:00,1.17588,TP,0.00016,1.7238,1.3609,1360.86
2026-05-01 10:00:00-04:00,LONG,Breakout,1.17722,1.1767222908146964,1.17755,2026-05-01 10:10:00-04:00,1.17755,TP,0.00016,0.663,0.3416,341.56
2026-05-04 02:45:00-04:00,LONG,Bounce,1.17257,1.1724168728135402,1.17377,2026-05-04 03:05:00-04:00,1.1724168728135402,SL,0.00016,-1.0,-2.0449,-2044.88
2026-05-06 00:25:00-04:00,LONG,Breakout,1.17277,1.1724186430324983,1.17367,2026-05-06 00:45:00-04:00,1.17367,TP,0.00018,2.5615,2.0492,2049.2
2026-05-06 20:10:00-04:00,LONG,Breakout,1.17535,1.1750876133445236,1.1755,2026-05-06 20:15:00-04:00,1.1750876133445236,SL,0.00018,-1.0,-1.686,-1686.01
2026-05-06 21:15:00-04:00,LONG,Breakout,1.17563,1.1752988900383095,1.17618,2026-05-06 21:40:00-04:00,1.17618,TP,0.00018,1.6611,1.1175,1117.45
2026-05-07 02:20:00-04:00,LONG,Bounce,1.17497,1.1746541360727778,1.17572,2026-05-07 02:30:00-04:00,1.1746541360727778,SL,0.00016,-1.0,-1.5065,-1506.55
2026-05-07 02:30:00-04:00,LONG,Bounce,1.17487,1.1746468622260176,1.17572,2026-05-07 02:50:00-04:00,1.1746468622260176,SL,0.00016,-1.0,-1.717,-1717.05
2026-05-07 03:00:00-04:00,LONG,Breakout,1.17539,1.1752243439694428,1.17572,2026-05-07 03:05:00-04:00,1.17572,TP,0.00016,1.9921,1.0262,1026.22
2026-05-07 20:05:00-04:00,LONG,Breakout,1.17327,1.172994674688897,1.17531,2026-05-07 20:10:00-04:00,1.172994674688897,SL,0.00018,-1.0,-1.6538,-1653.77
2026-05-08 08:30:00-04:00,LONG,Breakout,1.17766,1.1767030013364257,1.1795499999999999,2026-05-08 09:10:00-04:00,1.1767030013364257,SL,0.00016,-1.0,-1.1672,-1167.19
2026-05-11 02:55:00-04:00,LONG,Breakout,1.1767,1.1764982722001316,1.17715,2026-05-11 03:00:00-04:00,1.1764982722001316,SL,0.00016,-1.0,-1.7931,-1793.15
2026-05-11 07:55:00-04:00,LONG,Bounce,1.17673,1.1763332300473701,1.17816,2026-05-11 09:05:00-04:00,1.17816,TP,0.00016,3.6041,3.2008,3200.85
2026-05-11 15:55:00-04:00,LONG,Bounce,1.17763,1.1772988966245486,1.17798,2026-05-11 16:10:00-04:00,1.1772988966245486,SL,0.00016,-1.0,-1.4832,-1483.23
2026-05-11 16:10:00-04:00,LONG,Bounce,1.17777,1.1772889234271622,1.17798,2026-05-11 16:25:00-04:00,1.17798,TP,0.000218,0.4365,-0.0166,-16.63
2026-05-12 01:55:00-04:00,LONG,Breakout,1.17618,1.1758417392354887,1.1787,2026-05-12 02:05:00-04:00,1.1758417392354887,SL,0.00016,-1.0,-1.473,-1473.01
2026-05-12 07:05:00-04:00,LONG,Bounce,1.17398,1.1738134892049505,1.17511,2026-05-12 08:05:00-04:00,1.1738134892049505,SL,0.00016,-1.0,-1.9609,-1960.9
2026-05-12 20:00:00-04:00,LONG,Bounce,1.1736,1.17331328092184,1.17402,2026-05-12 20:10:00-04:00,1.17331328092184,SL,0.000178,-1.0,-1.6208,-1620.82
2026-05-12 20:25:00-04:00,LONG,Bounce,1.17348,1.173310184813829,1.17402,2026-05-12 20:30:00-04:00,1.173310184813829,SL,0.00018,-1.0,-2.06,-2059.98
2026-05-15 06:45:00-04:00,SHORT,Bounce,1.1644700000000001,1.1648922171302984,1.16164,2026-05-15 06:50:00-04:00,1.1648922171302984,SL,0.00014,-1.0,-1.3316,-1331.58
2026-05-15 14:30:00-04:00,SHORT,Breakout,1.16176,1.1620307259278975,1.15883,2026-05-15 14:45:00-04:00,1.1620307259278975,SL,0.00014,-1.0,-1.5171,-1517.13
2026-05-17 20:10:00-04:00,SHORT,Breakout,1.16144,1.1616895602779749,1.15883,2026-05-17 20:20:00-04:00,1.1616895602779749,SL,0.00016,-1.0,-1.6411,-1641.13
2026-05-17 20:50:00-04:00,SHORT,Breakout,1.16082,1.1611493079125703,1.15883,2026-05-17 20:55:00-04:00,1.1611493079125703,SL,0.00016,-1.0,-1.4859,-1485.87
2026-05-17 21:00:00-04:00,SHORT,Breakout,1.16099,1.1611537195776753,1.15883,2026-05-17 21:05:00-04:00,1.1611537195776753,SL,0.00016,-1.0,-1.9773,-1977.28
2026-05-18 14:55:00-04:00,SHORT,Breakout,1.16282,1.1633365049823516,1.16254,2026-05-18 15:00:00-04:00,1.1633365049823516,SL,0.00014,-1.0,-1.2711,-1271.05
2026-05-18 20:05:00-04:00,SHORT,Breakout,1.16496,1.1650511307134812,1.16278,2026-05-18 20:10:00-04:00,1.1650511307134812,SL,0.00016,-1.0,-2.7557,-2755.72
2026-05-18 20:25:00-04:00,SHORT,Breakout,1.16494,1.1650505412408303,1.16278,2026-05-18 21:40:00-04:00,1.1650505412408303,SL,0.00016,-1.0,-2.4474,-2447.42
2026-05-19 06:40:00-04:00,SHORT,Breakout,1.16117,1.1614847404629545,1.16072,2026-05-19 06:45:00-04:00,1.1614847404629545,SL,0.00014,-1.0,-1.4448,-1444.81
2026-05-19 09:05:00-04:00,SHORT,Breakout,1.16136,1.1615475196834033,1.16102,2026-05-19 09:10:00-04:00,1.1615475196834033,SL,0.00014,-1.0,-1.7466,-1746.59
2026-05-19 09:55:00-04:00,SHORT,Retest,1.16125,1.1615542775664178,1.15883,2026-05-19 10:00:00-04:00,1.1615542775664178,SL,0.00014,-1.0,-1.4601,-1460.11
2026-05-19 17:55:00-04:00,SHORT,Bounce,1.16055,1.1607942188989768,1.15912,2026-05-19 18:35:00-04:00,1.1607942188989768,SL,0.000348,-1.0,-2.425,-2424.95
2026-05-20 10:00:00-04:00,SHORT,Breakout,1.15863,1.1587464037162367,1.15826,2026-05-20 10:05:00-04:00,1.15826,TP,0.00014,3.1786,1.9759,1975.88
2026-05-21 01:10:00-04:00,SHORT,Bounce,1.16206,1.1622611552305409,1.16153,2026-05-21 02:00:00-04:00,1.1622611552305409,SL,0.00016,-1.0,-1.7954,-1795.41
2026-05-21 03:00:00-04:00,SHORT,Breakout,1.16165,1.1618041094141052,1.15818,2026-05-21 03:10:00-04:00,1.1618041094141052,SL,0.00014,-1.0,-1.9084,-1908.45
2026-05-21 03:15:00-04:00,SHORT,Breakout,1.15974,1.16182629168469,1.15818,2026-05-21 04:10:00-04:00,1.16182629168469,SL,0.00014,-1.0,-1.0671,-1067.1
2026-05-21 20:15:00-04:00,SHORT,Breakout,1.1612,1.1613371098883416,1.16068,2026-05-21 20:20:00-04:00,1.1613371098883416,SL,0.00016,-1.0,-2.1669,-2166.95
2026-05-21 20:35:00-04:00,SHORT,Breakout,1.16116,1.1613353075156425,1.16068,2026-05-21 20:40:00-04:00,1.1613353075156425,SL,0.00016,-1.0,-1.9127,-1912.68
2026-05-21 23:00:00-04:00,SHORT,Retest,1.16102,1.1613343451229972,1.16088,2026-05-21 23:05:00-04:00,1.16088,TP,0.00016,0.4454,-0.0636,-63.62
2026-05-22 03:00:00-04:00,SHORT,Breakout,1.1605,1.1608280244088733,1.15816,2026-05-22 03:55:00-04:00,1.1608280244088733,SL,0.00014,-1.0,-1.4268,-1426.8
2026-05-22 07:00:00-04:00,SHORT,Breakout,1.15945,1.159624840848783,1.15816,2026-05-22 07:35:00-04:00,1.159624840848783,SL,0.00014,-1.0,-1.8007,-1800.73
2026-05-22 08:00:00-04:00,SHORT,Breakout,1.15945,1.1596264994471202,1.15816,2026-05-22 08:05:00-04:00,1.1596264994471202,SL,0.00014,-1.0,-1.7932,-1793.2
2026-05-25 03:15:00-04:00,SHORT,Breakout,1.16305,1.1635198157137696,1.15958,2026-05-25 03:30:00-04:00,1.1635198157137696,SL,0.00014,-1.0,-1.298,-1297.99
2026-05-25 03:50:00-04:00,SHORT,Retest,1.1634,1.1635173882771825,1.15958,2026-05-25 03:55:00-04:00,1.1635173882771825,SL,0.00014,-1.0,-2.1926,-2192.62
2026-05-25 07:30:00-04:00,SHORT,Bounce,1.16442,1.1645153429033361,1.16292,2026-05-25 07:35:00-04:00,1.1645153429033361,SL,0.00014,-1.0,-2.4684,-2468.38
2026-05-25 08:45:00-04:00,SHORT,Bounce,1.16489,1.1650722612639677,1.16394,2026-05-25 09:45:00-04:00,1.16394,TP,0.00014,5.2123,4.4442,4444.17
2026-05-25 20:15:00-04:00,SHORT,Breakout,1.16346,1.16354938939134,1.16292,2026-05-25 20:25:00-04:00,1.16354938939134,SL,0.00016,-1.0,-2.7899,-2789.92
2026-05-26 03:30:00-04:00,SHORT,Bounce,1.16345,1.1636939852857369,1.15958,2026-05-26 03:45:00-04:00,1.1636939852857369,SL,0.00014,-1.0,-1.5738,-1573.81
2026-05-26 06:30:00-04:00,SHORT,Bounce,1.16406,1.164171119231554,1.1632,2026-05-26 06:50:00-04:00,1.164171119231554,SL,0.00014,-1.0,-2.2599,-2259.91
2026-05-26 09:50:00-04:00,SHORT,Breakout,1.16202,1.1631001648900312,1.15958,2026-05-26 15:35:00-04:00,1.1631001648900312,SL,0.00014,-1.0,-1.1296,-1129.61
2026-05-27 10:55:00-04:00,SHORT,Breakout,1.16251,1.163329099653941,1.16205,2026-05-27 11:10:00-04:00,1.163329099653941,SL,0.00014,-1.0,-1.1709,-1170.92
2026-05-27 11:40:00-04:00,SHORT,Retest,1.16304,1.1633063122265461,1.16205,2026-05-27 11:45:00-04:00,1.1633063122265461,SL,0.00014,-1.0,-1.5257,-1525.7
2026-05-27 19:20:00-04:00,SHORT,Breakout,1.16226,1.1623965558455265,1.16205,2026-05-27 19:30:00-04:00,1.16205,TP,0.00016,1.5378,0.3662,366.15
2026-05-28 07:55:00-04:00,SHORT,Bounce,1.16161,1.1619326492888822,1.16025,2026-05-28 08:15:00-04:00,1.1619326492888822,SL,0.00014,-1.0,-1.4339,-1433.91
2026-05-28 17:45:00-04:00,SHORT,Bounce,1.16488,1.1651307526232162,1.16424,2026-05-28 17:50:00-04:00,1.1651307526232162,SL,0.00035,-1.0,-2.3958,-2395.8
2026-05-28 19:50:00-04:00,SHORT,Bounce,1.16513,1.1652326635057344,1.16476,2026-05-28 20:00:00-04:00,1.1652326635057344,SL,0.00016,-1.0,-2.5585,-2558.49
2026-06-03 01:25:00-04:00,SHORT,Breakout,1.16218,1.1624261604399628,1.16187,2026-06-03 01:55:00-04:00,1.16187,TP,0.00016,1.2593,0.6094,609.36
2026-06-03 04:30:00-04:00,SHORT,Breakout,1.16103,1.1612494118493295,1.16064,2026-06-03 04:40:00-04:00,1.16064,TP,0.00014,1.7775,1.1394,1139.41
2026-06-03 08:30:00-04:00,SHORT,Breakout,1.16018,1.160484358515315,1.15851,2026-06-03 09:30:00-04:00,1.160484358515315,SL,0.00014,-1.0,-1.46,-1459.98
2026-06-03 09:30:00-04:00,SHORT,Retest,1.1602999999999999,1.1604954793706346,1.15963,2026-06-03 09:35:00-04:00,1.1604954793706346,SL,0.00014,-1.0,-1.7162,-1716.19
2026-06-03 20:00:00-04:00,SHORT,Bounce,1.16073,1.161058541147918,1.15921,2026-06-03 20:15:00-04:00,1.161058541147918,SL,0.00016,-1.0,-1.487,-1487.0
2026-06-04 10:00:00-04:00,SHORT,Breakout,1.16329,1.1634321490304675,1.15977,2026-06-04 10:05:00-04:00,1.1634321490304675,SL,0.00014,-1.0,-1.9849,-1984.88
2026-06-04 10:05:00-04:00,SHORT,Retest,1.16328,1.1634301383854342,1.15977,2026-06-04 10:20:00-04:00,1.1634301383854342,SL,0.00014,-1.0,-1.9325,-1932.47
2026-06-05 01:00:00-04:00,SHORT,Bounce,1.16147,1.1616420330428612,1.16087,2026-06-05 01:30:00-04:00,1.1616420330428612,SL,0.00016,-1.0,-1.9301,-1930.05
2026-06-05 08:30:00-04:00,SHORT,Breakout,1.16145,1.163458094926725,1.16087,2026-06-05 08:35:00-04:00,1.16087,TP,0.00014,0.2888,0.2191,219.11
2026-06-08 01:50:00-04:00,SHORT,Breakout,1.15224,1.1525625039072984,1.15107,2026-06-08 03:10:00-04:00,1.1525625039072984,SL,0.00014,-1.0,-1.4341,-1434.1
2026-06-08 06:35:00-04:00,SHORT,Bounce,1.15205,1.1527135963086252,1.1499,2026-06-08 07:10:00-04:00,1.1527135963086252,SL,0.00014,-1.0,-1.211,-1210.97
2026-06-08 19:55:00-04:00,SHORT,Breakout,1.15273,1.1528429763325476,1.1499,2026-06-08 20:00:00-04:00,1.1528429763325476,SL,0.00016,-1.0,-2.4162,-2416.23
2026-06-09 18:00:00-04:00,SHORT,Breakout,1.15354,1.1538818267906874,1.15282,2026-06-09 18:10:00-04:00,1.1538818267906874,SL,0.00024,-1.0,-1.7021,-1702.11
2026-06-10 02:55:00-04:00,SHORT,Bounce,1.15479,1.1551899755725188,1.15434,2026-06-10 03:05:00-04:00,1.1551899755725188,SL,0.00014,-1.0,-1.35,-1350.02
2026-06-10 07:00:00-04:00,SHORT,Breakout,1.15371,1.154843188563719,1.15348,2026-06-10 08:30:00-04:00,1.154843188563719,SL,0.00014,-1.0,-1.1235,-1123.55
2026-06-11 11:05:00-04:00,SHORT,Breakout,1.15152,1.151760319953131,1.1499,2026-06-11 11:10:00-04:00,1.151760319953131,SL,0.00014,-1.0,-1.5826,-1582.56
2026-06-11 20:00:00-04:00,SHORT,Breakout,1.15683,1.1571574048134783,1.15025,2026-06-11 20:05:00-04:00,1.1571574048134783,SL,0.00016,-1.0,-1.4887,-1488.69
2026-06-11 20:10:00-04:00,SHORT,Breakout,1.157,1.1571560072116216,1.15025,2026-06-11 23:30:00-04:00,1.1571560072116216,SL,0.00016,-1.0,-2.0256,-2025.59
2026-06-12 08:05:00-04:00,SHORT,Breakout,1.15662,1.1569305117227215,1.15567,2026-06-12 09:15:00-04:00,1.1569305117227215,SL,0.00014,-1.0,-1.4509,-1450.87
2026-06-12 09:30:00-04:00,SHORT,Bounce,1.15746,1.157958189732757,1.15567,2026-06-12 11:25:00-04:00,1.157958189732757,SL,0.00014,-1.0,-1.281,-1281.02
2026-06-18 00:35:00-04:00,SHORT,Bounce,1.15217,1.15228156261885,1.15113,2026-06-18 00:40:00-04:00,1.15228156261885,SL,0.00016,-1.0,-2.4342,-2434.17
2026-06-18 15:55:00-04:00,SHORT,Breakout,1.14573,1.1461357716435323,1.14461,2026-06-18 16:10:00-04:00,1.1461357716435323,SL,0.00014,-1.0,-1.345,-1345.02
2026-06-18 17:15:00-04:00,SHORT,Retest,1.14585,1.1461326857346656,1.14503,2026-06-18 17:30:00-04:00,1.1461326857346656,SL,0.00035,-1.0,-2.2381,-2238.12
2026-06-18 20:05:00-04:00,SHORT,Bounce,1.14611,1.1463595322949898,1.14503,2026-06-18 20:35:00-04:00,1.1463595322949898,SL,0.00016,-1.0,-1.6412,-1641.2
2026-06-18 20:35:00-04:00,SHORT,Bounce,1.14598,1.1463621998725084,1.14503,2026-06-18 20:50:00-04:00,1.1463621998725084,SL,0.00016,-1.0,-1.4186,-1418.63
2026-06-18 23:15:00-04:00,SHORT,Breakout,1.14449,1.1450568036628626,1.1442,2026-06-18 23:25:00-04:00,1.1442,TP,0.00016,0.5116,0.2294,229.36
2026-06-19 11:00:00-04:00,SHORT,Bounce,1.14692,1.147504133724692,1.14561,2026-06-19 13:40:00-04:00,1.147504133724692,SL,0.00014,-1.0,-1.2397,-1239.67
2026-06-22 03:00:00-04:00,SHORT,Bounce,1.14594,1.1462950694312999,1.14161,2026-06-22 06:05:00-04:00,1.1462950694312999,SL,0.00014,-1.0,-1.3943,-1394.29
2026-06-22 09:05:00-04:00,SHORT,Breakout,1.14405,1.1447537728703663,1.14161,2026-06-22 10:50:00-04:00,1.1447537728703663,SL,0.00014,-1.0,-1.1989,-1198.93
2026-06-22 11:10:00-04:00,SHORT,Retest,1.14457,1.144759684309542,1.14249,2026-06-22 12:30:00-04:00,1.14249,TP,0.00014,10.9656,10.2275,10227.52
2026-06-22 14:55:00-04:00,SHORT,Breakout,1.14239,1.1424828117463595,1.14161,2026-06-22 15:00:00-04:00,1.1424828117463595,SL,0.00014,-1.0,-2.5084,-2508.43
2026-06-22 15:10:00-04:00,SHORT,Retest,1.14228,1.1424807519703906,1.14161,2026-06-22 15:55:00-04:00,1.1424807519703906,SL,0.00014,-1.0,-1.6974,-1697.38
2026-06-22 20:05:00-04:00,SHORT,Breakout,1.14233,1.1424040799426411,1.14181,2026-06-22 20:20:00-04:00,1.1424040799426411,SL,0.00016,-1.0,-3.1598,-3159.83
2026-06-22 23:15:00-04:00,SHORT,Breakout,1.14194,1.142202407676008,1.14161,2026-06-22 23:20:00-04:00,1.142202407676008,SL,0.00016,-1.0,-1.6097,-1609.74
2026-06-23 01:10:00-04:00,SHORT,Retest,1.14203,1.14220019396387,1.14176,2026-06-23 01:15:00-04:00,1.14220019396387,SL,0.00016,-1.0,-1.9401,-1940.1
2026-06-23 03:40:00-04:00,SHORT,Breakout,1.14155,1.1419499930720007,1.14084,2026-06-23 04:15:00-04:00,1.14084,TP,0.00014,1.775,1.425,1425.02
2026-06-23 06:45:00-04:00,SHORT,Breakout,1.14006,1.140463095385466,1.13907,2026-06-23 07:35:00-04:00,1.13907,TP,0.00014,2.456,2.1087,2108.68
2026-06-23 20:50:00-04:00,SHORT,Retest,1.13754,1.137786629952392,1.13719,2026-06-23 21:00:00-04:00,1.13719,TP,0.00016,1.4191,0.7704,770.38
2026-06-24 02:55:00-04:00,SHORT,Breakout,1.13591,1.1361129377301424,1.1356,2026-06-24 03:00:00-04:00,1.1356,TP,0.00014,1.5276,0.8377,837.7
2026-06-24 08:30:00-04:00,SHORT,Breakout,1.13317,1.1337213377641293,1.1311499999999999,2026-06-24 09:25:00-04:00,1.1337213377641293,SL,0.00014,-1.0,-1.2539,-1253.93
2026-06-24 20:10:00-04:00,SHORT,Breakout,1.13508,1.13527023411689,1.1348,2026-06-24 20:30:00-04:00,1.1348,TP,0.00016,1.4719,0.6308,630.8
2026-06-25 02:30:00-04:00,SHORT,Breakout,1.1355,1.1356185382056867,1.13468,2026-06-25 02:35:00-04:00,1.1356185382056867,SL,0.00014,-1.0,-2.1811,-2181.05
2026-06-25 03:10:00-04:00,SHORT,Breakout,1.13493,1.1356354455203392,1.13468,2026-06-25 03:15:00-04:00,1.13468,TP,0.00014,0.3544,0.1559,155.93
2026-06-25 03:30:00-04:00,SHORT,Retest,1.13526,1.1356461332649523,1.13349,2026-06-25 03:50:00-04:00,1.1356461332649523,SL,0.00014,-1.0,-1.3626,-1362.57
2026-06-25 19:00:00-04:00,SHORT,Breakout,1.1366100000000001,1.1367485550602576,1.13326,2026-06-25 21:10:00-04:00,1.1367485550602576,SL,0.00016,-1.0,-2.1548,-2154.78
2026-06-25 21:35:00-04:00,SHORT,Breakout,1.13587,1.1359851269886234,1.13326,2026-06-25 22:00:00-04:00,1.1359851269886234,SL,0.00016,-1.0,-2.3898,-2389.77
2026-06-26 16:30:00-04:00,SHORT,Bounce,1.13871,1.1391058553086608,1.13802,2026-06-28 17:30:00-04:00,1.1391058553086608,SL,0.000244,-1.0,-1.6164,-1616.39
2026-06-28 20:10:00-04:00,SHORT,Bounce,1.13856,1.1387086744916097,1.13791,2026-06-28 20:35:00-04:00,1.1387086744916097,SL,0.00016,-1.0,-2.0762,-2076.18
2026-06-28 21:00:00-04:00,SHORT,Bounce,1.13853,1.1387141182579785,1.13812,2026-06-28 21:05:00-04:00,1.1387141182579785,SL,0.00016,-1.0,-1.869,-1869.01
2026-06-29 10:00:00-04:00,SHORT,Bounce,1.14083,1.1412052332226301,1.13995,2026-06-29 10:10:00-04:00,1.1412052332226301,SL,0.00014,-1.0,-1.3731,-1373.1
2026-06-29 19:45:00-04:00,SHORT,Breakout,1.14205,1.1421094761010264,1.13995,2026-06-29 19:50:00-04:00,1.1421094761010264,SL,0.000162,-1.0,-3.7238,-3723.78
2026-06-29 19:55:00-04:00,SHORT,Breakout,1.1418300000000001,1.1421107319442525,1.13995,2026-06-29 23:15:00-04:00,1.13995,TP,0.00016,6.6968,6.1268,6126.84
2026-06-30 01:55:00-04:00,SHORT,Breakout,1.1384400000000001,1.1386289796708509,1.138,2026-06-30 02:00:00-04:00,1.1386289796708509,SL,0.00014,-1.0,-1.7408,-1740.82
2026-06-30 09:50:00-04:00,SHORT,Bounce,1.13977,1.1403058998900466,1.13858,2026-06-30 10:10:00-04:00,1.1403058998900466,SL,0.00014,-1.0,-1.2612,-1261.24
2026-07-01 10:00:00-04:00,SHORT,Bounce,1.13922,1.1401328385377663,1.13609,2026-07-01 10:05:00-04:00,1.1401328385377663,SL,0.00014,-1.0,-1.1534,-1153.37
2026-07-02 02:05:00-04:00,SHORT,Bounce,1.13874,1.1388418437040313,1.1377,2026-07-02 02:10:00-04:00,1.1388418437040313,SL,0.00014,-1.0,-2.3747,-2374.66
2026-07-02 08:05:00-04:00,SHORT,Breakout,1.13981,1.1403236261860288,1.1381000000000001,2026-07-02 08:30:00-04:00,1.1403236261860288,SL,0.00014,-1.0,-1.2726,-1272.57
2026-07-02 19:35:00-04:00,SHORT,Breakout,1.14242,1.142580380057161,1.13949,2026-07-02 19:45:00-04:00,1.142580380057161,SL,0.00016,-1.0,-1.9976,-1997.63
2026-07-05 20:05:00-04:00,SHORT,Breakout,1.14326,1.1433506260372193,1.14197,2026-07-05 20:10:00-04:00,1.1433506260372193,SL,0.00016,-1.0,-2.7655,-2765.5
2026-07-05 20:55:00-04:00,SHORT,Bounce,1.14375,1.1438464895207214,1.14317,2026-07-05 21:20:00-04:00,1.14317,TP,0.00016,6.011,4.3528,4352.8
2026-07-05 21:30:00-04:00,SHORT,Retest,1.14309,1.1433596203393004,1.14197,2026-07-05 21:35:00-04:00,1.1433596203393004,SL,0.00016,-1.0,-1.5934,-1593.43
2026-07-06 01:55:00-04:00,SHORT,Breakout,1.14233,1.142752637414059,1.14197,2026-07-06 02:00:00-04:00,1.142752637414059,SL,0.00014,-1.0,-1.3313,-1331.25
2026-07-06 03:15:00-04:00,SHORT,Retest,1.1425,1.1427777115998081,1.13949,2026-07-06 12:10:00-04:00,1.1427777115998081,SL,0.00014,-1.0,-1.5041,-1504.12
2026-07-08 07:35:00-04:00,SHORT,Breakout,1.13936,1.139609162438264,1.1381000000000001,2026-07-08 07:40:00-04:00,1.139609162438264,SL,0.00014,-1.0,-1.5619,-1561.88
2026-07-13 12:25:00-04:00,SHORT,Breakout,1.13908,1.1396108317046396,1.13832,2026-07-13 12:30:00-04:00,1.13832,TP,0.00014,1.4317,1.168,1167.98
2026-07-13 20:10:00-04:00,SHORT,Bounce,1.13839,1.1387003537544835,1.13786,2026-07-13 20:20:00-04:00,1.13786,TP,0.00016,1.7077,1.1922,1192.19
2026-07-14 03:10:00-04:00,SHORT,Breakout,1.1385399999999999,1.1387163708780026,1.13771,2026-07-14 03:15:00-04:00,1.1387163708780026,SL,0.00014,-1.0,-1.7938,-1793.78
2026-07-16 03:35:00-04:00,LONG,Breakout,1.14699,1.1467723445970572,1.14741,2026-07-16 03:45:00-04:00,1.14741,TP,0.00014,1.9297,1.2864,1286.44
2026-07-16 07:50:00-04:00,LONG,Bounce,1.1463,1.1459029463848507,1.1468,2026-07-16 07:55:00-04:00,1.1468,TP,0.00014,1.2593,0.9067,906.68
2026-07-21 06:10:00-04:00,SHORT,Bounce,1.14235,1.1426384426079694,1.14175,2026-07-21 06:25:00-04:00,1.1426384426079694,SL,0.00014,-1.0,-1.4854,-1485.37
2026-07-21 07:50:00-04:00,SHORT,Breakout,1.14177,1.141997686469913,1.14079,2026-07-21 09:35:00-04:00,1.14079,TP,0.00014,4.3042,3.6893,3689.28
2026-07-21 14:15:00-04:00,SHORT,Breakout,1.13997,1.1402177619150269,1.13887,2026-07-21 14:25:00-04:00,1.1402177619150269,SL,0.00014,-1.0,-1.5651,-1565.06
2026-07-21 14:45:00-04:00,SHORT,Retest,1.14004,1.1402171297648764,1.13887,2026-07-21 14:55:00-04:00,1.1402171297648764,SL,0.00014,-1.0,-1.7904,-1790.38
2026-07-22 06:00:00-04:00,SHORT,Breakout,1.14007,1.140302942909404,1.13977,2026-07-22 06:10:00-04:00,1.140302942909404,SL,0.00014,-1.0,-1.601,-1601.01
2026-07-22 16:00:00-04:00,SHORT,Bounce,1.14091,1.141185610504658,1.14071,2026-07-22 17:15:00-04:00,1.14071,TP,0.000284,0.7257,-0.3048,-304.78
2026-07-24 10:55:00-04:00,SHORT,Bounce,1.13775,1.1379569250848762,1.13642,2026-07-24 11:00:00-04:00,1.1379569250848762,SL,0.00014,-1.0,-1.6766,-1676.57
2026-07-28 05:45:00-04:00,SHORT,Breakout,1.13601,1.1362934629420676,1.13532,2026-07-28 06:05:00-04:00,1.13532,TP,0.00014,2.4342,1.9403,1940.29
2026-07-28 06:55:00-04:00,SHORT,Retest,1.13603,1.1363018496306265,1.13326,2026-07-28 07:20:00-04:00,1.1363018496306265,SL,0.00014,-1.0,-1.515,-1514.99
2026-07-28 18:20:00-04:00,SHORT,Breakout,1.13824,1.138416104045831,1.1360000000000001,2026-07-28 18:25:00-04:00,1.138416104045831,SL,0.00019,-1.0,-2.0789,-2078.91
2026-07-30 04:25:00-04:00,LONG,Breakout,1.1454,1.145004495468361,1.14561,2026-07-30 04:30:00-04:00,1.145004495468361,SL,0.00014,-1.0,-1.354,-1353.98
2026-07-30 09:35:00-04:00,LONG,Breakout,1.14914,1.148181414594439,1.1528,2026-07-30 10:00:00-04:00,1.1528,TP,0.00014,3.8181,3.6721,3672.08
2026-07-31 02:05:00-04:00,LONG,Breakout,1.15146,1.1512995876356462,1.1520299999999999,2026-07-31 02:10:00-04:00,1.1512995876356462,SL,0.00014,-1.0,-1.8728,-1872.75
2026-07-31 02:15:00-04:00,LONG,Retest,1.15161,1.1512973485225724,1.1520299999999999,2026-07-31 02:25:00-04:00,1.1520299999999999,TP,0.00014,1.3433,0.8956,895.57
2026-07-31 02:45:00-04:00,LONG,Breakout,1.15182,1.1512832591117022,1.15257,2026-07-31 03:15:00-04:00,1.1512832591117022,SL,0.00014,-1.0,-1.2608,-1260.83
2026-07-31 03:45:00-04:00,LONG,Breakout,1.1522999999999999,1.152099740950376,1.15257,2026-07-31 03:50:00-04:00,1.152099740950376,SL,0.00014,-1.0,-1.6991,-1699.09
2026-07-31 16:40:00-04:00,LONG,Breakout,1.15391,1.1536099147500904,1.15961,2026-07-31 16:50:00-04:00,1.1536099147500904,SL,0.00031,-1.0,-2.033,-2033.04
2026-08-03 05:40:00-04:00,LONG,Breakout,1.1528100000000001,1.1526485236328452,1.15317,2026-08-03 05:45:00-04:00,1.1526485236328452,SL,0.00014,-1.0,-1.867,-1867.0
2026-08-03 07:55:00-04:00,LONG,Breakout,1.1531500000000001,1.1529335216251262,1.1538,2026-08-03 08:15:00-04:00,1.1529335216251262,SL,0.00014,-1.0,-1.6467,-1646.72
2026-08-03 20:05:00-04:00,LONG,Breakout,1.15124,1.1510870627103056,1.15143,2026-08-03 20:10:00-04:00,1.1510870627103056,SL,0.00016,-1.0,-2.0462,-2046.18
2026-08-03 20:30:00-04:00,LONG,Breakout,1.15125,1.151084566499259,1.15143,2026-08-03 20:35:00-04:00,1.15143,TP,0.00016,1.0881,0.1209,120.89
2026-08-04 02:10:00-04:00,LONG,Bounce,1.15072,1.1504537883831516,1.15104,2026-08-04 02:40:00-04:00,1.1504537883831516,SL,0.00014,-1.0,-1.5259,-1525.9
2026-08-04 03:30:00-04:00,LONG,Retest,1.15133,1.150973968673163,1.15347,2026-08-04 03:35:00-04:00,1.150973968673163,SL,0.00014,-1.0,-1.3932,-1393.22
2026-08-04 09:35:00-04:00,LONG,Breakout,1.15244,1.1522030857458672,1.15347,2026-08-04 09:40:00-04:00,1.1522030857458672,SL,0.00014,-1.0,-1.5909,-1590.93
2026-08-04 11:55:00-04:00,LONG,Retest,1.15252,1.1522083987036917,1.15304,2026-08-04 12:05:00-04:00,1.1522083987036917,SL,0.00014,-1.0,-1.4493,-1449.29
2026-08-04 20:20:00-04:00,LONG,Breakout,1.15336,1.1532132944698088,1.1538,2026-08-04 20:35:00-04:00,1.1532132944698088,SL,0.00016,-1.0,-2.0906,-2090.62
2026-08-04 22:40:00-04:00,LONG,Breakout,1.15393,1.1534351837646981,1.15555,2026-08-04 22:55:00-04:00,1.1534351837646981,SL,0.00016,-1.0,-1.3234,-1323.35
2026-08-05 02:40:00-04:00,LONG,Breakout,1.1541,1.153917162706153,1.15555,2026-08-05 03:05:00-04:00,1.153917162706153,SL,0.00014,-1.0,-1.7657,-1765.71
2026-08-05 17:55:00-04:00,LONG,Bounce,1.1552,1.1546406185817915,1.1559,2026-08-05 20:50:00-04:00,1.1559,TP,0.00035,1.2514,0.6257,625.69
2026-08-05 22:40:00-04:00,LONG,Retest,1.15563,1.1554699618541453,1.15592,2026-08-05 22:45:00-04:00,1.1554699618541453,SL,0.00016,-1.0,-1.9998,-1999.76
2026-08-06 09:10:00-04:00,LONG,Bounce,1.15372,1.1536018902031422,1.15464,2026-08-06 09:15:00-04:00,1.1536018902031422,SL,0.00014,-1.0,-2.1853,-2185.34
2026-08-07 05:10:00-04:00,LONG,Breakout,1.15274,1.1523983873014398,1.15446,2026-08-07 08:30:00-04:00,1.15446,TP,0.00014,5.0349,4.6251,4625.12
2026-08-07 15:20:00-04:00,LONG,Breakout,1.15679,1.1566159225479768,1.15805,2026-08-07 15:40:00-04:00,1.1566159225479768,SL,0.00014,-1.0,-1.8042,-1804.24
2026-08-09 18:05:00-04:00,LONG,Bounce,1.15563,1.1553165394339622,1.15651,2026-08-09 18:25:00-04:00,1.1553165394339622,SL,0.000248,-1.0,-1.7912,-1791.17
2026-08-10 03:35:00-04:00,LONG,Breakout,1.15587,1.1556452881574792,1.15651,2026-08-10 03:45:00-04:00,1.15651,TP,0.00014,2.8481,2.2251,2225.07
2026-08-10 05:50:00-04:00,LONG,Retest,1.15602,1.1556466987985266,1.15652,2026-08-10 05:55:00-04:00,1.1556466987985266,SL,0.00014,-1.0,-1.375,-1375.03
2026-08-10 19:45:00-04:00,LONG,Breakout,1.15435,1.1542517629753741,1.15444,2026-08-10 19:55:00-04:00,1.15444,TP,0.00016,0.9162,-0.7126,-712.56
2026-08-11 07:00:00-04:00,LONG,Breakout,1.1541,1.1537624003527964,1.15445,2026-08-11 07:20:00-04:00,1.1537624003527964,SL,0.00014,-1.0,-1.4147,-1414.69
2026-08-11 20:05:00-04:00,LONG,Breakout,1.15434,1.1542805410107577,1.15444,2026-08-11 20:10:00-04:00,1.1542805410107577,SL,0.00016,-1.0,-3.6909,-3690.93
2026-08-12 01:25:00-04:00,LONG,Bounce,1.15326,1.153159448524384,1.15396,2026-08-12 04:40:00-04:00,1.15396,TP,0.00016,6.9616,5.3704,5370.38
2026-08-12 05:10:00-04:00,LONG,Breakout,1.1540300000000001,1.1538522581694721,1.15442,2026-08-12 05:20:00-04:00,1.15442,TP,0.00014,2.1942,1.4065,1406.53
2026-08-12 08:35:00-04:00,LONG,Breakout,1.15541,1.1548044537753133,1.15652,2026-08-12 09:35:00-04:00,1.1548044537753133,SL,0.00014,-1.0,-1.2312,-1231.2
2026-08-12 15:55:00-04:00,LONG,Bounce,1.15218,1.1518449017937438,1.15624,2026-08-13 02:25:00-04:00,1.1518449017937438,SL,0.00014,-1.0,-1.4178,-1417.79
2026-08-13 08:55:00-04:00,LONG,Breakout,1.15435,1.1537443452705831,1.15624,2026-08-13 09:10:00-04:00,1.1537443452705831,SL,0.00014,-1.0,-1.2312,-1231.15
2026-08-13 19:00:00-04:00,LONG,Breakout,1.15329,1.1530608199426078,1.15451,2026-08-14 03:00:00-04:00,1.15451,TP,0.00016,5.3233,4.6252,4625.18
2026-08-14 09:35:00-04:00,LONG,Breakout,1.15807,1.1577420258584314,1.15961,2026-08-14 09:40:00-04:00,1.1577420258584314,SL,0.00014,-1.0,-1.4269,-1426.86
2026-08-14 10:35:00-04:00,LONG,Retest,1.15806,1.1577383445825122,1.15961,2026-08-14 10:40:00-04:00,1.1577383445825122,SL,0.00014,-1.0,-1.4352,-1435.25
2026-08-16 18:35:00-04:00,LONG,Breakout,1.157,1.1568521689185667,1.15848,2026-08-17 00:05:00-04:00,1.15848,TP,0.000206,10.0114,8.6179,8617.94
2026-08-17 00:05:00-04:00,LONG,Breakout,1.15856,1.158338968512654,1.15961,2026-08-17 00:55:00-04:00,1.158338968512654,SL,0.00016,-1.0,-1.7239,-1723.88
2026-08-17 02:25:00-04:00,LONG,Breakout,1.15918,1.15869378648616,1.15961,2026-08-17 02:55:00-04:00,1.15961,TP,0.00014,0.8844,0.5964,596.45
2026-08-17 21:10:00-04:00,LONG,Breakout,1.15848,1.1583888038483794,1.15913,2026-08-17 21:15:00-04:00,1.1583888038483794,SL,0.00016,-1.0,-2.7545,-2754.46
2026-08-18 09:30:00-04:00,LONG,Bounce,1.15795,1.1569986362073013,1.15853,2026-08-18 10:10:00-04:00,1.15853,TP,0.00014,0.6097,0.4625,462.49
2026-08-18 13:25:00-04:00,LONG,Bounce,1.15768,1.1574651407975869,1.15852,2026-08-18 13:30:00-04:00,1.1574651407975869,SL,0.00014,-1.0,-1.6516,-1651.59
2026-08-18 20:00:00-04:00,LONG,Breakout,1.15785,1.157749031262779,1.15805,2026-08-18 20:10:00-04:00,1.15805,TP,0.00016,1.9808,0.3962,396.16
2026-08-18 21:00:00-04:00,LONG,Bounce,1.15734,1.1571680398451873,1.15852,2026-08-18 21:05:00-04:00,1.1571680398451873,SL,0.00016,-1.0,-1.9304,-1930.45
2026-08-18 22:15:00-04:00,LONG,Breakout,1.15819,1.1580659576749346,1.15852,2026-08-18 22:20:00-04:00,1.1580659576749346,SL,0.00016,-1.0,-2.2899,-2289.88
2026-08-19 00:40:00-04:00,LONG,Retest,1.15826,1.1580779826115108,1.15867,2026-08-19 01:15:00-04:00,1.15867,TP,0.00016,2.2525,1.3735,1373.5
2026-08-19 04:05:00-04:00,LONG,Breakout,1.16004,1.1597743270495062,1.16137,2026-08-19 04:25:00-04:00,1.1597743270495062,SL,0.00014,-1.0,-1.527,-1526.96
2026-08-19 20:50:00-04:00,LONG,Bounce,1.16731,1.1671085499009473,1.16793,2026-08-19 21:00:00-04:00,1.1671085499009473,SL,0.000178,-1.0,-1.8836,-1883.59
2026-08-19 22:00:00-04:00,LONG,Breakout,1.16802,1.1678575893640597,1.16851,2026-08-19 22:05:00-04:00,1.1678575893640597,SL,0.00018,-1.0,-2.1083,-2108.3
2026-08-20 02:45:00-04:00,LONG,Breakout,1.1684,1.1679067278623692,1.1699,2026-08-20 03:15:00-04:00,1.1679067278623692,SL,0.000158,-1.0,-1.3203,-1320.31
2026-08-20 03:30:00-04:00,LONG,Breakout,1.1684700000000001,1.16789830475893,1.1699,2026-08-20 04:40:00-04:00,1.1699,TP,0.00016,2.5013,2.2215,2221.46
2026-08-21 01:30:00-04:00,LONG,Bounce,1.16928,1.1690090932045143,1.17004,2026-08-21 02:20:00-04:00,1.1690090932045143,SL,0.00016,-1.0,-1.5906,-1590.61
2026-08-23 19:55:00-04:00,LONG,Breakout,1.16812,1.1678184650014294,1.16827,2026-08-23 20:00:00-04:00,1.16827,TP,0.000174,0.4975,-0.0796,-79.59
2026-08-24 03:05:00-04:00,LONG,Bounce,1.16757,1.1673672613821238,1.16824,2026-08-24 03:10:00-04:00,1.1673672613821238,SL,0.00016,-1.0,-1.7892,-1789.19
2026-08-24 19:50:00-04:00,LONG,Breakout,1.16676,1.166419132253813,1.16714,2026-08-24 21:20:00-04:00,1.166419132253813,SL,0.000166,-1.0,-1.487,-1486.99
2026-08-25 04:20:00-04:00,LONG,Breakout,1.16631,1.166189185668596,1.16704,2026-08-25 04:25:00-04:00,1.166189185668596,SL,0.00014,-1.0,-2.1588,-2158.8
2026-08-25 04:40:00-04:00,LONG,Retest,1.16651,1.1661892648865255,1.16704,2026-08-25 05:05:00-04:00,1.16704,TP,0.00014,1.6525,1.216,1215.96
2026-08-25 15:55:00-04:00,LONG,Breakout,1.1675200000000001,1.1673877869770934,1.168,2026-08-25 16:00:00-04:00,1.1673877869770934,SL,0.00016,-1.0,-2.2102,-2210.17
2026-08-26 03:00:00-04:00,LONG,Breakout,1.16671,1.1665837115201443,1.1672,2026-08-26 03:35:00-04:00,1.1672,TP,0.00016,3.88,2.6131,2613.06
2026-08-26 20:55:00-04:00,LONG,Breakout,1.16558,1.1654613939285987,1.16746,2026-08-26 21:00:00-04:00,1.1654613939285987,SL,0.00016,-1.0,-2.349,-2349.0
2026-08-26 21:15:00-04:00,LONG,Retest,1.16572,1.1654597996666678,1.16746,2026-08-26 22:20:00-04:00,1.1654597996666678,SL,0.00016,-1.0,-1.6149,-1614.91
2026-08-27 02:15:00-04:00,LONG,Bounce,1.1653,1.1652043400229934,1.16589,2026-08-27 02:40:00-04:00,1.1652043400229934,SL,0.00014,-1.0,-2.4635,-2463.52
2026-08-27 09:15:00-04:00,LONG,Retest,1.16495,1.1644631942437529,1.16575,2026-08-27 09:20:00-04:00,1.16575,TP,0.00014,1.6434,1.3558,1355.78
