entry_time,direction,entry_type,entry_price,stop,target,exit_time,exit_price,exit_reason,spread_price,r_multiple_gross,r_multiple_net,pnl_usd_net
2020-01-03 02:10:00-05:00,SHORT,Breakout,1.11624,1.116354512056969,1.115896463829093,2020-01-03 02:20:00-05:00,1.115896463829093,TP,0.000176,3.0,1.463,1463.04
2020-01-08 03:10:00-05:00,SHORT,Breakout,1.11418,1.1145246064866328,1.1131461805401015,2020-01-08 03:15:00-05:00,1.1131461805401015,TP,0.000172,3.0,2.5009,2500.88
2020-01-08 04:40:00-05:00,SHORT,Retest,1.11409,1.1145228750932372,1.1127913747202884,2020-01-08 05:35:00-05:00,1.1127913747202884,TP,0.00017,3.0,2.6073,2607.28
2020-01-08 06:20:00-05:00,SHORT,Breakout,1.11205,1.1125252819751956,1.110624154074413,2020-01-08 06:25:00-05:00,1.1125252819751956,SL,0.000172,-1.0,-1.3619,-1361.89
2020-01-09 01:40:00-05:00,SHORT,Breakout,1.11113,1.1112055785227815,1.1109032644316554,2020-01-09 01:45:00-05:00,1.1112055785227815,SL,0.000176,-1.0,-3.3287,-3328.7
2020-01-09 01:50:00-05:00,SHORT,Breakout,1.11109,1.11121026923648,1.1107291922905596,2020-01-09 02:00:00-05:00,1.11121026923648,SL,0.000168,-1.0,-2.3969,-2396.87
2020-01-09 04:20:00-05:00,SHORT,Retest,1.11108,1.111243185531654,1.1105904434050382,2020-01-09 04:40:00-05:00,1.1105904434050382,TP,0.00018,3.0,1.897,1896.96
2020-01-09 04:40:00-05:00,SHORT,Breakout,1.1103,1.1104987770191996,1.1097036689424014,2020-01-09 04:45:00-05:00,1.1104987770191996,SL,0.000162,-1.0,-1.815,-1814.98
2020-01-09 04:50:00-05:00,SHORT,Breakout,1.11026,1.110504241409412,1.1095272757717642,2020-01-09 05:30:00-05:00,1.110504241409412,SL,0.000168,-1.0,-1.6878,-1687.84
2020-01-09 20:45:00-05:00,SHORT,Breakout,1.11016,1.1102249976941605,1.1099650069175186,2020-01-09 20:50:00-05:00,1.1102249976941605,SL,0.000182,-1.0,-3.8001,-3800.1
2020-01-10 02:30:00-05:00,SHORT,Breakout,1.11054,1.1106161007357207,1.1103116977928382,2020-01-10 02:35:00-05:00,1.1106161007357207,SL,0.000176,-1.0,-3.3127,-3312.72
2020-01-10 03:05:00-05:00,SHORT,Breakout,1.11043,1.1106245499342957,1.109846350197113,2020-01-10 03:10:00-05:00,1.1106245499342957,SL,0.000178,-1.0,-1.9149,-1914.93
2020-01-10 06:00:00-05:00,SHORT,Breakout,1.10869,1.1091012496102939,1.1074562511691182,2020-01-10 06:25:00-05:00,1.1091012496102939,SL,0.000172,-1.0,-1.4182,-1418.24
2020-01-12 17:35:00-05:00,SHORT,Breakout,1.11153,1.1116729519144077,1.1111011442567764,2020-01-12 18:00:00-05:00,1.1116729519144077,SL,0.000216,-1.0,-2.511,-2511.0
2020-01-13 01:05:00-05:00,SHORT,Breakout,1.11247,1.1126450577749405,1.1119448266751788,2020-01-13 01:20:00-05:00,1.1126450577749405,SL,0.000178,-1.0,-2.0168,-2016.81
2020-01-13 02:50:00-05:00,SHORT,Breakout,1.11238,1.1124608293054927,1.1121375120835215,2020-01-13 02:55:00-05:00,1.1121375120835215,TP,0.000174,3.0,0.8473,847.32
2020-01-13 03:15:00-05:00,SHORT,Retest,1.11229,1.112465028182685,1.1117649154519453,2020-01-13 03:40:00-05:00,1.112465028182685,SL,0.000176,-1.0,-2.0056,-2005.55
2020-01-13 04:10:00-05:00,SHORT,Breakout,1.11237,1.1124851672722484,1.112024498183255,2020-01-13 04:15:00-05:00,1.112024498183255,TP,0.000166,3.0,1.5586,1558.62
2020-01-13 04:30:00-05:00,SHORT,Breakout,1.11175,1.1119871756159594,1.111038473152122,2020-01-13 04:40:00-05:00,1.1119871756159594,SL,0.000172,-1.0,-1.7252,-1725.2
2020-01-13 20:35:00-05:00,SHORT,Breakout,1.11321,1.1133006993780272,1.1129379018659185,2020-01-13 20:50:00-05:00,1.1133006993780272,SL,0.000176,-1.0,-2.9405,-2940.48
2020-01-14 01:00:00-05:00,SHORT,Breakout,1.11339,1.1134614833415581,1.113175549975326,2020-01-14 01:05:00-05:00,1.1134614833415581,SL,0.000176,-1.0,-3.4621,-3462.11
2020-01-14 03:00:00-05:00,SHORT,Bounce,1.11415,1.1144087490193386,1.113373752941984,2020-01-14 03:55:00-05:00,1.113373752941984,TP,0.00017,3.0,2.343,2342.99
2020-01-14 13:35:00-05:00,SHORT,Bounce,1.1131,1.1132318629236004,1.1127044112291986,2020-01-14 13:40:00-05:00,1.1132318629236004,SL,0.000172,-1.0,-2.3044,-2304.38
2020-01-14 13:40:00-05:00,SHORT,Bounce,1.1131199999999999,1.1132323012862004,1.1127830961413983,2020-01-14 13:45:00-05:00,1.1132323012862004,SL,0.000174,-1.0,-2.5494,-2549.4
2020-01-14 20:50:00-05:00,SHORT,Bounce,1.11283,1.1129518142033703,1.112464557389889,2020-01-14 21:00:00-05:00,1.1129518142033703,SL,0.000182,-1.0,-2.4941,-2494.08
2020-01-17 04:30:00-05:00,SHORT,Breakout,1.11273,1.1130400141549606,1.1117999575351183,2020-01-17 05:45:00-05:00,1.1117999575351183,TP,0.00017,3.0,2.4516,2451.64
2020-01-17 08:20:00-05:00,SHORT,Breakout,1.11048,1.1106010005316922,1.110116998404923,2020-01-17 08:30:00-05:00,1.110116998404923,TP,0.000172,3.0,1.5785,1578.52
2020-01-17 08:30:00-05:00,SHORT,Breakout,1.11006,1.1106011484176326,1.1084365547471025,2020-01-20 04:05:00-05:00,1.1084365547471025,TP,0.000176,3.0,2.6748,2674.77
2020-01-20 08:20:00-05:00,SHORT,Breakout,1.10817,1.1082328595720945,1.107981421283717,2020-01-20 08:30:00-05:00,1.107981421283717,TP,0.000172,3.0,0.2637,263.74
2020-01-20 10:50:00-05:00,SHORT,Breakout,1.10765,1.107857963442308,1.107026109673076,2020-01-20 10:55:00-05:00,1.107857963442308,SL,0.000174,-1.0,-1.8367,-1836.69
2020-01-20 11:05:00-05:00,SHORT,Bounce,1.10817,1.1085049714587283,1.1071650856238155,2020-01-20 11:45:00-05:00,1.1085049714587283,SL,0.00017,-1.0,-1.5075,-1507.51
2020-01-21 03:05:00-05:00,SHORT,Breakout,1.10903,1.1093257086623245,1.1081428740130264,2020-01-21 03:45:00-05:00,1.1093257086623245,SL,0.000172,-1.0,-1.5817,-1581.65
2020-01-22 02:00:00-05:00,SHORT,Breakout,1.10791,1.108006685831315,1.107619942506055,2020-01-22 02:20:00-05:00,1.107619942506055,TP,0.000184,3.0,1.0969,1096.93
2020-01-22 03:05:00-05:00,SHORT,Breakout,1.10786,1.1080225134690584,1.107372459592825,2020-01-22 03:55:00-05:00,1.1080225134690584,SL,0.00018,-1.0,-2.1076,-2107.6
2020-01-22 09:55:00-05:00,SHORT,Breakout,1.10724,1.1076986861793687,1.1058639414618938,2020-01-22 10:30:00-05:00,1.1076986861793687,SL,0.000174,-1.0,-1.3793,-1379.34
2020-01-22 18:50:00-05:00,SHORT,Bounce,1.10937,1.1094811029941278,1.1090366910176164,2020-01-22 18:55:00-05:00,1.1094811029941278,SL,0.000184,-1.0,-2.6561,-2656.12
2020-01-22 19:30:00-05:00,SHORT,Bounce,1.10955,1.1096160305763747,1.109351908270876,2020-01-22 19:50:00-05:00,1.109351908270876,TP,0.000176,3.0,0.3346,334.57
2020-01-22 19:50:00-05:00,SHORT,Breakout,1.10803,1.1091567111435818,1.1046498665692548,2020-01-23 06:00:00-05:00,1.1091567111435818,SL,0.000172,-1.0,-1.1527,-1152.66
2020-01-23 07:00:00-05:00,SHORT,Bounce,1.10903,1.1091775135658173,1.108587459302548,2020-01-23 07:55:00-05:00,1.108587459302548,TP,0.000178,3.0,1.7933,1793.33
2020-01-23 09:15:00-05:00,SHORT,Breakout,1.10687,1.1079567084625839,1.1036098746122485,2020-01-23 11:10:00-05:00,1.1036098746122485,TP,0.000162,3.0,2.8509,2850.93
2020-01-23 22:55:00-05:00,SHORT,Breakout,1.10495,1.104999553732067,1.1048013388037996,2020-01-23 23:00:00-05:00,1.104999553732067,SL,0.000186,-1.0,-4.7535,-4753.5
2020-01-24 02:25:00-05:00,SHORT,Breakout,1.10431,1.1044222132143815,1.1039733603568551,2020-01-24 02:35:00-05:00,1.1044222132143815,SL,0.00018,-1.0,-2.6041,-2604.09
2020-01-24 07:55:00-05:00,SHORT,Breakout,1.10269,1.1027770189282255,1.1024289432153231,2020-01-24 08:00:00-05:00,1.1027770189282255,SL,0.000168,-1.0,-2.9306,-2930.61
2020-01-24 10:30:00-05:00,SHORT,Breakout,1.10233,1.1025999041386316,1.1015202875841053,2020-01-24 10:40:00-05:00,1.1025999041386316,SL,0.000164,-1.0,-1.6076,-1607.62
2020-01-24 11:00:00-05:00,SHORT,Retest,1.10232,1.1025984068502341,1.1014847794492975,2020-01-24 11:20:00-05:00,1.1025984068502341,SL,0.000172,-1.0,-1.6178,-1617.8
2020-01-27 04:00:00-05:00,SHORT,Breakout,1.10175,1.102597422033927,1.0992077338982191,2020-01-27 05:45:00-05:00,1.102597422033927,SL,0.000178,-1.0,-1.21,-1210.05
2020-01-27 06:20:00-05:00,SHORT,Retest,1.10227,1.102589124741416,1.1013126257757526,2020-01-27 08:30:00-05:00,1.102589124741416,SL,0.000176,-1.0,-1.5515,-1551.51
2020-01-27 09:50:00-05:00,SHORT,Breakout,1.10157,1.1019897197222819,1.1003108408331541,2020-01-27 10:00:00-05:00,1.1019897197222819,SL,0.000168,-1.0,-1.4003,-1400.27
2020-01-27 20:00:00-05:00,SHORT,Bounce,1.10188,1.101971353871089,1.1016059383867332,2020-01-27 20:05:00-05:00,1.101971353871089,SL,0.000176,-1.0,-2.9266,-2926.57
2020-01-28 01:40:00-05:00,SHORT,Breakout,1.10177,1.1019397625425902,1.1012607123722291,2020-01-28 03:00:00-05:00,1.1019397625425902,SL,0.000176,-1.0,-2.0367,-2036.74
2020-01-28 09:30:00-05:00,SHORT,Breakout,1.09999,1.1001674717548855,1.0994575847353436,2020-01-28 09:40:00-05:00,1.1001674717548855,SL,0.00017,-1.0,-1.9579,-1957.9
2020-01-28 09:45:00-05:00,SHORT,Retest,1.09996,1.1001666455705115,1.0993400632884658,2020-01-28 09:50:00-05:00,1.1001666455705115,SL,0.000172,-1.0,-1.8323,-1832.34
2020-01-28 10:00:00-05:00,SHORT,Breakout,1.09997,1.100168389328868,1.0993748320133954,2020-01-28 10:05:00-05:00,1.100168389328868,SL,0.000168,-1.0,-1.8468,-1846.82
2020-01-28 10:25:00-05:00,SHORT,Breakout,1.09996,1.1001743415784409,1.0993169752646776,2020-01-28 10:45:00-05:00,1.1001743415784409,SL,0.000168,-1.0,-1.7838,-1783.8
2020-01-28 10:50:00-05:00,SHORT,Breakout,1.10002,1.1001739139006144,1.099558258298157,2020-01-28 11:05:00-05:00,1.1001739139006144,SL,0.000174,-1.0,-2.1305,-2130.5
2020-01-29 02:05:00-05:00,SHORT,Breakout,1.10091,1.1010639596685419,1.1004481209943746,2020-01-29 02:20:00-05:00,1.1004481209943746,TP,0.00018,3.0,1.8309,1830.86
2020-01-29 08:20:00-05:00,SHORT,Breakout,1.09948,1.0996591954223247,1.098942413733026,2020-01-29 08:25:00-05:00,1.0996591954223247,SL,0.00017,-1.0,-1.9487,-1948.68
2020-01-29 09:05:00-05:00,SHORT,Breakout,1.09942,1.099670630688648,1.0986681079340566,2020-01-29 09:35:00-05:00,1.099670630688648,SL,0.000176,-1.0,-1.7022,-1702.23
2020-01-29 09:40:00-05:00,SHORT,Bounce,1.09972,1.1002986199857594,1.097984140042722,2020-01-29 10:05:00-05:00,1.1002986199857594,SL,0.000168,-1.0,-1.2903,-1290.35
2020-01-30 01:30:00-05:00,SHORT,Breakout,1.10101,1.1010481472954532,1.1008955581136406,2020-01-30 01:35:00-05:00,1.1010481472954532,SL,0.000182,-1.0,-5.771,-5770.98
2020-01-30 01:40:00-05:00,SHORT,Breakout,1.10099,1.101048963739447,1.1008131087816588,2020-01-30 01:45:00-05:00,1.101048963739447,SL,0.000182,-1.0,-4.0866,-4086.64
2020-01-30 01:55:00-05:00,SHORT,Breakout,1.10089,1.10105083576369,1.10040749270893,2020-01-30 02:00:00-05:00,1.10105083576369,SL,0.000174,-1.0,-2.0818,-2081.85
2020-01-30 02:45:00-05:00,SHORT,Breakout,1.10099,1.1010641260449918,1.1007676218650242,2020-01-30 03:00:00-05:00,1.1010641260449918,SL,0.000174,-1.0,-3.3474,-3347.35
2020-01-30 03:05:00-05:00,SHORT,Bounce,1.10133,1.1016742727501825,1.1002971817494522,2020-01-30 03:30:00-05:00,1.1016742727501825,SL,0.000174,-1.0,-1.5054,-1505.41
2020-01-30 07:00:00-05:00,SHORT,Bounce,1.1019700000000001,1.1020778131728677,1.1016465604813974,2020-01-30 07:05:00-05:00,1.1020778131728677,SL,0.000174,-1.0,-2.6139,-2613.9
2020-01-30 14:55:00-05:00,SHORT,Breakout,1.1029,1.1030605779121918,1.1024182662634245,2020-01-30 15:00:00-05:00,1.1030605779121918,SL,0.000174,-1.0,-2.0836,-2083.59
2020-01-30 21:55:00-05:00,SHORT,Breakout,1.10254,1.1025985196357242,1.1023644410928277,2020-01-30 22:25:00-05:00,1.1023644410928277,TP,0.000184,3.0,-0.1442,-144.24
2020-01-31 00:55:00-05:00,SHORT,Breakout,1.10208,1.1021682223274272,1.1018153330177183,2020-01-31 01:00:00-05:00,1.1021682223274272,SL,0.000182,-1.0,-3.063,-3062.97
2020-02-05 02:10:00-05:00,SHORT,Bounce,1.1037,1.1037588547717399,1.10352343568478,2020-02-05 02:15:00-05:00,1.1037588547717399,SL,0.000182,-1.0,-4.0924,-4092.36
2020-02-05 08:30:00-05:00,SHORT,Breakout,1.10131,1.1014257530113218,1.1009627409660345,2020-02-05 08:35:00-05:00,1.1009627409660345,TP,0.000168,3.0,1.5486,1548.63
2020-02-05 19:55:00-05:00,SHORT,Breakout,1.09955,1.0995915988100295,1.0994252035699115,2020-02-05 20:00:00-05:00,1.0995915988100295,SL,0.000178,-1.0,-5.279,-5278.97
2020-02-05 20:25:00-05:00,SHORT,Breakout,1.09955,1.0995952208479567,1.09941433745613,2020-02-05 20:30:00-05:00,1.0995952208479567,SL,0.00018,-1.0,-4.9805,-4980.46
2020-02-06 20:05:00-05:00,SHORT,Bounce,1.09803,1.0980824180033628,1.0978727459899118,2020-02-06 20:10:00-05:00,1.0980824180033628,SL,0.000178,-1.0,-4.3958,-4395.78
2020-02-07 01:20:00-05:00,SHORT,Breakout,1.09776,1.0978605777215364,1.097458266835391,2020-02-07 01:25:00-05:00,1.0978605777215364,SL,0.000176,-1.0,-2.7499,-2749.89
2020-02-07 01:30:00-05:00,SHORT,Breakout,1.09781,1.0978624063007125,1.0976527810978622,2020-02-07 01:35:00-05:00,1.0978624063007125,SL,0.00018,-1.0,-4.4347,-4434.7
2020-02-09 18:35:00-05:00,SHORT,Bounce,1.09465,1.094728933252605,1.094413200242185,2020-02-09 18:40:00-05:00,1.094728933252605,SL,0.000168,-1.0,-3.1284,-3128.38
2020-02-10 01:45:00-05:00,SHORT,Bounce,1.09541,1.0956851523021083,1.0945845430936751,2020-02-10 02:55:00-05:00,1.0945845430936751,TP,0.000178,3.0,2.3531,2353.09
2020-02-10 08:45:00-05:00,SHORT,Breakout,1.09428,1.0947022786978424,1.0930131639064724,2020-02-10 08:55:00-05:00,1.0930131639064724,TP,0.000166,3.0,2.6069,2606.89
2020-02-10 20:20:00-05:00,SHORT,Bounce,1.09127,1.0913154607566422,1.0911336177300732,2020-02-10 20:25:00-05:00,1.0913154607566422,SL,0.000178,-1.0,-4.9155,-4915.46
2020-02-10 23:25:00-05:00,SHORT,Breakout,1.09106,1.0911221438070011,1.0908735685789963,2020-02-10 23:50:00-05:00,1.0908735685789963,TP,0.00018,3.0,0.1035,103.49
2020-02-11 02:00:00-05:00,SHORT,Breakout,1.0906,1.0907087229045245,1.0902738312864266,2020-02-11 02:25:00-05:00,1.0907087229045245,SL,0.000174,-1.0,-2.6004,-2600.4
2020-02-11 02:40:00-05:00,SHORT,Bounce,1.09105,1.0912329228233448,1.0905012315299658,2020-02-11 02:50:00-05:00,1.0912329228233448,SL,0.00018,-1.0,-1.984,-1984.02
2020-02-11 08:00:00-05:00,SHORT,Breakout,1.09019,1.0905421137537683,1.089133658738695,2020-02-11 08:35:00-05:00,1.089133658738695,TP,0.00017,3.0,2.5172,2517.2
2020-02-11 19:45:00-05:00,SHORT,Breakout,1.09112,1.0913258614741963,1.0905024155774115,2020-02-11 20:00:00-05:00,1.0913258614741963,SL,0.000182,-1.0,-1.8841,-1884.09
2020-02-12 08:55:00-05:00,SHORT,Breakout,1.09042,1.0909299171516051,1.0888902485451843,2020-02-12 09:25:00-05:00,1.0909299171516051,SL,0.000172,-1.0,-1.3373,-1337.31
2020-02-12 14:15:00-05:00,SHORT,Breakout,1.08704,1.087553494962464,1.0854995151126083,2020-02-13 02:20:00-05:00,1.087553494962464,SL,0.000178,-1.0,-1.3466,-1346.64
2020-02-13 06:00:00-05:00,SHORT,Breakout,1.0868,1.0869242641578387,1.0864272075264838,2020-02-13 06:10:00-05:00,1.0869242641578387,SL,0.000174,-1.0,-2.4002,-2400.24
2020-02-13 06:50:00-05:00,SHORT,Retest,1.08666,1.0869233125700237,1.0858700622899287,2020-02-13 06:55:00-05:00,1.0858700622899287,TP,0.000176,3.0,2.3316,2331.59
2020-02-13 09:05:00-05:00,SHORT,Breakout,1.08499,1.0853039924718761,1.0840480225843712,2020-02-13 09:30:00-05:00,1.0853039924718761,SL,0.000172,-1.0,-1.5478,-1547.78
2020-02-13 10:05:00-05:00,SHORT,Breakout,1.08447,1.084762237906203,1.0835932862813913,2020-02-13 10:10:00-05:00,1.084762237906203,SL,0.000168,-1.0,-1.5749,-1574.87
2020-02-13 10:10:00-05:00,SHORT,Retest,1.08456,1.0847612209129027,1.0839563372612917,2020-02-13 10:20:00-05:00,1.0839563372612917,TP,0.000168,3.0,2.1651,2165.1
2020-02-13 17:20:00-05:00,SHORT,Breakout,1.08377,1.083844548726152,1.0835463538215433,2020-02-13 17:25:00-05:00,1.083844548726152,SL,0.000236,-1.0,-4.1657,-4165.71
2020-02-13 19:10:00-05:00,SHORT,Breakout,1.08313,1.0835830498668377,1.0817708503994865,2020-02-13 19:50:00-05:00,1.0835830498668377,SL,0.000168,-1.0,-1.3708,-1370.82
2020-02-13 21:25:00-05:00,SHORT,Retest,1.08342,1.0835712281901864,1.082966315429441,2020-02-13 21:50:00-05:00,1.0835712281901864,SL,0.000182,-1.0,-2.2035,-2203.48
2020-02-14 06:55:00-05:00,SHORT,Breakout,1.08362,1.0837612878489329,1.0831961364532015,2020-02-14 07:10:00-05:00,1.0831961364532015,TP,0.000178,3.0,1.7402,1740.16
2020-02-17 01:35:00-05:00,SHORT,Breakout,1.08361,1.0836921845998353,1.083363446200494,2020-02-17 01:50:00-05:00,1.083363446200494,TP,0.000184,3.0,0.7611,761.14
2020-02-17 10:55:00-05:00,SHORT,Breakout,1.08288,1.083175563665153,1.0819933090045413,2020-02-17 11:10:00-05:00,1.083175563665153,SL,0.00017,-1.0,-1.5752,-1575.17
2020-02-17 16:15:00-05:00,SHORT,Bounce,1.0833,1.083476217520152,1.0827713474395437,2020-02-17 16:45:00-05:00,1.083476217520152,SL,0.000274,-1.0,-2.5549,-2554.9
2020-02-17 19:10:00-05:00,SHORT,Breakout,1.08302,1.0831704234031239,1.0825687297906288,2020-02-17 19:50:00-05:00,1.0825687297906288,TP,0.000176,3.0,1.83,1829.97
2020-02-18 01:55:00-05:00,SHORT,Breakout,1.08289,1.0829481123631426,1.0827156629105719,2020-02-18 02:00:00-05:00,1.0829481123631426,SL,0.00018,-1.0,-4.0974,-4097.45
2020-02-18 02:30:00-05:00,SHORT,Bounce,1.08341,1.0836180297184748,1.0827859108445756,2020-02-18 02:35:00-05:00,1.0836180297184748,SL,0.000174,-1.0,-1.8364,-1836.42
2020-02-18 05:30:00-05:00,SHORT,Bounce,1.0826500000000001,1.083127738161964,1.0812167855141086,2020-02-18 05:35:00-05:00,1.083127738161964,SL,0.000166,-1.0,-1.3475,-1347.47
2020-02-19 10:55:00-05:00,SHORT,Bounce,1.07904,1.0794690343202302,1.0777528970393093,2020-02-19 11:15:00-05:00,1.0794690343202302,SL,0.000174,-1.0,-1.4056,-1405.56
2020-02-19 14:05:00-05:00,SHORT,Bounce,1.07932,1.079554602148578,1.0786161935542662,2020-02-19 14:20:00-05:00,1.079554602148578,SL,0.000176,-1.0,-1.7502,-1750.21
2020-02-19 20:30:00-05:00,SHORT,Breakout,1.08031,1.0804160152666362,1.0799919542000918,2020-02-19 20:40:00-05:00,1.0804160152666362,SL,0.000172,-1.0,-2.6224,-2622.41
2020-02-20 01:30:00-05:00,SHORT,Breakout,1.07905,1.0791060759249493,1.0788817722251522,2020-02-20 01:45:00-05:00,1.0788817722251522,TP,0.000178,3.0,-0.1743,-174.27
2020-02-20 07:30:00-05:00,SHORT,Breakout,1.0786,1.0787292118674117,1.078212364397765,2020-02-20 07:35:00-05:00,1.0787292118674117,SL,0.000166,-1.0,-2.2847,-2284.71
2020-02-20 16:50:00-05:00,SHORT,Breakout,1.07826,1.078425682486688,1.077762952539936,2020-02-20 17:00:00-05:00,1.078425682486688,SL,0.000174,-1.0,-2.0502,-2050.2
2020-02-20 17:15:00-05:00,SHORT,Retest,1.07833,1.078423928321402,1.0780482150357937,2020-02-20 17:20:00-05:00,1.078423928321402,SL,0.000448,-1.0,-5.7696,-5769.59
2020-02-20 23:10:00-05:00,SHORT,Bounce,1.07904,1.0793087767128127,1.078233669861562,2020-02-20 23:45:00-05:00,1.0793087767128127,SL,0.00018,-1.0,-1.6697,-1669.7
2020-02-21 03:05:00-05:00,SHORT,Bounce,1.07895,1.0794267747227904,1.0775196758316292,2020-02-21 03:10:00-05:00,1.0794267747227904,SL,0.000168,-1.0,-1.3524,-1352.37
2020-02-21 15:30:00-05:00,SHORT,Breakout,1.08508,1.0852212207125558,1.0846563378623328,2020-02-23 17:15:00-05:00,1.0846563378623328,TP,0.000182,3.0,1.7112,1711.24
2020-02-23 21:55:00-05:00,SHORT,Breakout,1.08217,1.0824028772106151,1.081471368368155,2020-02-24 00:55:00-05:00,1.081471368368155,TP,0.000178,3.0,2.2356,2235.65
2020-02-24 02:00:00-05:00,SHORT,Breakout,1.08133,1.0814361503734016,1.081011548879795,2020-02-24 02:05:00-05:00,1.081011548879795,TP,0.000176,3.0,1.342,1341.97
2020-02-24 14:55:00-05:00,SHORT,Breakout,1.08423,1.0845700364182325,1.0832098907453027,2020-02-24 15:00:00-05:00,1.0845700364182325,SL,0.000176,-1.0,-1.5176,-1517.59
2020-02-25 02:45:00-05:00,SHORT,Bounce,1.08559,1.0857299296907568,1.08517021092773,2020-02-25 02:50:00-05:00,1.0857299296907568,SL,0.000178,-1.0,-2.2721,-2272.07
2020-02-25 10:25:00-05:00,SHORT,Bounce,1.08476,1.0850037765123561,1.0840286704629314,2020-02-25 10:30:00-05:00,1.0850037765123561,SL,0.000166,-1.0,-1.681,-1680.95
2020-02-25 19:05:00-05:00,SHORT,Breakout,1.08758,1.0876486485781378,1.0873740542655865,2020-02-25 19:15:00-05:00,1.0876486485781378,SL,0.00018,-1.0,-3.622,-3622.05
2020-02-26 07:55:00-05:00,SHORT,Breakout,1.08685,1.087386411822679,1.0852407645319633,2020-02-26 08:10:00-05:00,1.087386411822679,SL,0.00017,-1.0,-1.3169,-1316.92
2020-02-26 08:15:00-05:00,SHORT,Breakout,1.08711,1.0873822811866811,1.0862931564399567,2020-02-26 08:20:00-05:00,1.0873822811866811,SL,0.000174,-1.0,-1.639,-1639.05
2020-02-27 02:10:00-05:00,LONG,Breakout,1.09162,1.0913159871669127,1.092532038499262,2020-02-27 02:25:00-05:00,1.0913159871669127,SL,0.000172,-1.0,-1.5658,-1565.77
2020-02-28 03:05:00-05:00,LONG,Breakout,1.10122,1.1006160958747662,1.1030317123757019,2020-02-28 03:55:00-05:00,1.1030317123757019,TP,0.000168,3.0,2.7218,2721.81
2020-02-28 14:30:00-05:00,LONG,Breakout,1.10252,1.100623610340815,1.108209168977555,2020-03-02 03:05:00-05:00,1.108209168977555,TP,0.000172,3.0,2.9093,2909.3
2020-03-02 23:25:00-05:00,LONG,Breakout,1.11463,1.114464632216378,1.115126103350866,2020-03-02 23:35:00-05:00,1.115126103350866,TP,0.00018,3.0,1.9115,1911.52
2020-03-03 10:00:00-05:00,LONG,Breakout,1.11772,1.1130882595627563,1.1316152213117314,2020-03-04 07:30:00-05:00,1.1130882595627563,SL,0.000166,-1.0,-1.0358,-1035.84
2020-03-04 10:55:00-05:00,LONG,Breakout,1.11386,1.113002024415077,1.1164339267547696,2020-03-04 11:15:00-05:00,1.113002024415077,SL,0.00017,-1.0,-1.1981,-1198.14
2020-03-04 17:55:00-05:00,LONG,Bounce,1.11323,1.1129757109474028,1.1139928671577914,2020-03-04 19:35:00-05:00,1.1139928671577914,TP,0.000196,3.0,2.2292,2229.22
2020-03-05 01:05:00-05:00,LONG,Bounce,1.11358,1.1134636185511437,1.1139291443465689,2020-03-05 01:45:00-05:00,1.1134636185511437,SL,0.000178,-1.0,-2.5295,-2529.45
2020-03-05 20:55:00-05:00,LONG,Breakout,1.12448,1.1243026969717258,1.1250119090848223,2020-03-05 21:00:00-05:00,1.1243026969717258,SL,0.00017,-1.0,-1.9588,-1958.81
2020-03-06 01:50:00-05:00,LONG,Bounce,1.12263,1.1224320924240425,1.1232237227278725,2020-03-06 02:00:00-05:00,1.1224320924240425,SL,0.00018,-1.0,-1.9095,-1909.52
2020-03-06 03:00:00-05:00,LONG,Breakout,1.12418,1.123514828501893,1.1261755144943209,2020-03-06 03:05:00-05:00,1.123514828501893,SL,0.000174,-1.0,-1.2616,-1261.59
2020-03-06 03:10:00-05:00,LONG,Breakout,1.12376,1.1234970613103057,1.1245488160690833,2020-03-06 03:20:00-05:00,1.1234970613103057,SL,0.000168,-1.0,-1.6389,-1638.93
2020-03-06 08:35:00-05:00,LONG,Bounce,1.1313900000000001,1.1302347905840988,1.134855628247704,2020-03-06 09:50:00-05:00,1.134855628247704,TP,0.000172,3.0,2.8511,2851.11
2020-03-06 10:30:00-05:00,LONG,Bounce,1.13071,1.1301809396122595,1.1322971811632219,2020-03-06 10:35:00-05:00,1.1301809396122595,SL,0.000172,-1.0,-1.3251,-1325.1
2020-03-08 21:40:00-04:00,LONG,Breakout,1.13983,1.139437261101656,1.1410082166950313,2020-03-08 21:45:00-04:00,1.1410082166950313,TP,0.000172,3.0,2.5621,2562.05
2020-03-09 02:05:00-04:00,LONG,Bounce,1.13989,1.1394402776741768,1.14123916697747,2020-03-09 02:35:00-04:00,1.1394402776741768,SL,0.000188,-1.0,-1.418,-1418.04
2020-03-09 03:05:00-04:00,LONG,Breakout,1.14363,1.1421495764834682,1.1480712705495952,2020-03-09 04:05:00-04:00,1.1421495764834682,SL,0.000172,-1.0,-1.1162,-1116.18
2020-03-09 09:50:00-04:00,LONG,Bounce,1.14087,1.1398031617534454,1.144070514739664,2020-03-09 09:55:00-04:00,1.1398031617534454,SL,0.00018,-1.0,-1.1687,-1168.72
2020-03-10 18:45:00-04:00,LONG,Breakout,1.13084,1.1305311288096038,1.1317666135711888,2020-03-10 18:50:00-04:00,1.1305311288096038,SL,0.000188,-1.0,-1.6087,-1608.67
2020-03-10 19:45:00-04:00,LONG,Breakout,1.13209,1.1307756874054027,1.136032937783792,2020-03-10 20:05:00-04:00,1.1307756874054027,SL,0.000186,-1.0,-1.1415,-1141.52
2020-03-10 23:30:00-04:00,LONG,Breakout,1.13321,1.1326597751240353,1.1348606746278944,2020-03-10 23:55:00-04:00,1.1326597751240353,SL,0.000186,-1.0,-1.338,-1338.04
2020-03-11 01:00:00-04:00,LONG,Breakout,1.13421,1.1336457188941218,1.1359028433176344,2020-03-11 02:45:00-04:00,1.1359028433176344,TP,0.000178,3.0,2.6846,2684.55
2020-03-11 03:15:00-04:00,LONG,Retest,1.13457,1.1335816808996086,1.1375349573011744,2020-03-11 03:25:00-04:00,1.1335816808996086,SL,0.000168,-1.0,-1.17,-1169.99
2020-03-12 00:10:00-04:00,LONG,Bounce,1.13063,1.1303510091076392,1.1314669726770825,2020-03-12 00:15:00-04:00,1.1303510091076392,SL,0.000184,-1.0,-1.6595,-1659.52
2020-03-12 22:45:00-04:00,LONG,Breakout,1.11901,1.1186538232802081,1.1200785301593759,2020-03-12 22:50:00-04:00,1.1186538232802081,SL,0.000184,-1.0,-1.5166,-1516.6
2020-03-12 22:55:00-04:00,LONG,Breakout,1.1206,1.118637490481404,1.126487528555788,2020-03-13 03:20:00-04:00,1.118637490481404,SL,0.00018,-1.0,-1.0917,-1091.72
2020-03-17 02:05:00-04:00,LONG,Bounce,1.11684,1.1166617922506155,1.1173746232481538,2020-03-17 02:10:00-04:00,1.1166617922506155,SL,0.000138,-1.0,-1.7744,-1774.38
2020-03-17 02:30:00-04:00,LONG,Bounce,1.11704,1.116651887126844,1.118204338619468,2020-03-17 02:40:00-04:00,1.116651887126844,SL,0.00013,-1.0,-1.335,-1334.95
2020-03-17 18:10:00-04:00,LONG,Breakout,1.10176,1.1010128115145665,1.1040015654563007,2020-03-17 18:30:00-04:00,1.1010128115145665,SL,0.000262,-1.0,-1.3506,-1350.65
2020-03-17 18:35:00-04:00,LONG,Breakout,1.1015,1.101019010772442,1.1029429676826736,2020-03-17 18:40:00-04:00,1.101019010772442,SL,0.000202,-1.0,-1.42,-1419.97
2020-03-17 19:05:00-04:00,LONG,Retest,1.10165,1.1010348789653865,1.1034953631038404,2020-03-17 19:50:00-04:00,1.1010348789653865,SL,0.000176,-1.0,-1.2861,-1286.12
2020-03-17 19:55:00-04:00,LONG,Breakout,1.10155,1.1010617737702173,1.1030146786893482,2020-03-17 20:00:00-04:00,1.1010617737702173,SL,0.000172,-1.0,-1.3523,-1352.3
2020-03-18 03:45:00-04:00,SHORT,Breakout,1.09809,1.0985706367785897,1.096648089664231,2020-03-18 03:50:00-04:00,1.0985706367785897,SL,0.00012,-1.0,-1.2497,-1249.67
2020-03-18 03:55:00-04:00,SHORT,Breakout,1.09673,1.0985899572223554,1.0911501283329337,2020-03-18 04:10:00-04:00,1.0985899572223554,SL,0.000124,-1.0,-1.0667,-1066.67
2020-03-18 08:20:00-04:00,SHORT,Breakout,1.09649,1.097002532216672,1.0949524033499836,2020-03-18 08:30:00-04:00,1.097002532216672,SL,0.000122,-1.0,-1.238,-1238.03
2020-03-18 22:55:00-04:00,SHORT,Breakout,1.08798,1.088789640550061,1.0855510783498168,2020-03-18 23:00:00-04:00,1.088789640550061,SL,0.000158,-1.0,-1.1951,-1195.15
2020-03-19 03:20:00-04:00,SHORT,Bounce,1.09058,1.0913823438378736,1.0881729684863797,2020-03-19 03:30:00-04:00,1.0881729684863797,TP,0.000128,3.0,2.8405,2840.47
2020-03-19 03:35:00-04:00,SHORT,Breakout,1.08586,1.0879507133424957,1.079587859972513,2020-03-19 04:25:00-04:00,1.0879507133424957,SL,0.00012,-1.0,-1.0574,-1057.4
2020-03-19 20:30:00-04:00,SHORT,Bounce,1.06649,1.0670105830248833,1.06492825092535,2020-03-19 20:35:00-04:00,1.0670105830248833,SL,0.000136,-1.0,-1.2612,-1261.25
2020-03-19 20:35:00-04:00,SHORT,Bounce,1.06661,1.0670166842373916,1.0653899472878254,2020-03-19 21:15:00-04:00,1.0670166842373916,SL,0.000128,-1.0,-1.3147,-1314.74
2020-03-23 18:20:00-04:00,SHORT,Bounce,1.07471,1.0750356178058316,1.0737331465825055,2020-03-23 18:25:00-04:00,1.0750356178058316,SL,0.000248,-1.0,-1.7616,-1761.63
2020-03-26 03:05:00-04:00,SHORT,Bounce,1.0913,1.0920553598323597,1.0890339205029207,2020-03-26 03:10:00-04:00,1.0920553598323597,SL,0.000122,-1.0,-1.1615,-1161.51
2020-03-26 08:05:00-04:00,SHORT,Bounce,1.09446,1.0951960920892512,1.0922517237322464,2020-03-26 08:30:00-04:00,1.0951960920892512,SL,0.000128,-1.0,-1.1739,-1173.89
2020-03-26 18:10:00-04:00,SHORT,Breakout,1.10227,1.1026047595169846,1.1012657214490467,2020-03-26 18:25:00-04:00,1.1026047595169846,SL,0.00038,-1.0,-2.1351,-2135.14
2020-03-26 19:45:00-04:00,SHORT,Bounce,1.1050200000000001,1.1059100530048136,1.1023498409855597,2020-03-26 22:50:00-04:00,1.1059100530048136,SL,0.00016,-1.0,-1.1798,-1179.76
2020-03-27 14:55:00-04:00,LONG,Breakout,1.11176,1.1108027590553136,1.1146317228340596,2020-03-27 16:15:00-04:00,1.1146317228340596,TP,0.000136,3.0,2.8579,2857.93
2020-03-30 01:55:00-04:00,LONG,Breakout,1.10999,1.1084085939147936,1.1147342182556192,2020-03-30 02:10:00-04:00,1.1084085939147936,SL,0.000128,-1.0,-1.0809,-1080.94
2020-03-30 02:15:00-04:00,LONG,Breakout,1.10871,1.1083979807059667,1.1096460578821001,2020-03-30 02:20:00-04:00,1.1096460578821001,TP,0.000142,3.0,2.5449,2544.9
2020-03-30 07:50:00-04:00,LONG,Bounce,1.10576,1.1053983891948325,1.106844832415503,2020-03-30 07:55:00-04:00,1.1053983891948325,SL,0.00013,-1.0,-1.3595,-1359.5
2020-03-30 20:05:00-04:00,LONG,Bounce,1.10286,1.1021967175464948,1.1048498473605153,2020-03-30 20:50:00-04:00,1.1021967175464948,SL,0.000154,-1.0,-1.2322,-1232.18
2020-04-02 19:25:00-04:00,SHORT,Breakout,1.08415,1.084889300407117,1.081932098778649,2020-04-02 21:30:00-04:00,1.084889300407117,SL,0.00015,-1.0,-1.2029,-1202.89
2020-04-03 02:15:00-04:00,SHORT,Breakout,1.08328,1.0836834634267427,1.082069609719772,2020-04-03 03:05:00-04:00,1.082069609719772,TP,0.000126,3.0,2.6877,2687.7
2020-04-03 08:30:00-04:00,SHORT,Breakout,1.0782,1.0787661895878005,1.0765014312365988,2020-04-03 08:35:00-04:00,1.0787661895878005,SL,0.000124,-1.0,-1.219,-1219.01
2020-04-03 08:40:00-04:00,SHORT,Breakout,1.07837,1.078787683879277,1.0771169483621694,2020-04-03 08:45:00-04:00,1.078787683879277,SL,0.000124,-1.0,-1.2969,-1296.88
2020-04-03 08:55:00-04:00,SHORT,Breakout,1.07755,1.0787954232808932,1.0738137301573205,2020-04-03 09:10:00-04:00,1.0787954232808932,SL,0.00012,-1.0,-1.0964,-1096.35
2020-04-06 04:30:00-04:00,SHORT,Breakout,1.07946,1.080768705019186,1.075533884942442,2020-04-06 05:45:00-04:00,1.080768705019186,SL,0.000128,-1.0,-1.0978,-1097.81
2020-04-06 06:25:00-04:00,SHORT,Retest,1.0802100000000001,1.080742050230058,1.0786138493098265,2020-04-06 06:30:00-04:00,1.080742050230058,SL,0.000132,-1.0,-1.2481,-1248.1
2020-04-06 15:15:00-04:00,SHORT,Breakout,1.07862,1.078851483168925,1.0779255504932244,2020-04-06 15:20:00-04:00,1.078851483168925,SL,0.000126,-1.0,-1.5443,-1544.32
2020-04-07 20:15:00-04:00,SHORT,Breakout,1.08888,1.0890927394868373,1.0882417815394885,2020-04-07 20:30:00-04:00,1.0882417815394885,TP,0.000146,3.0,2.3137,2313.71
2020-04-07 22:55:00-04:00,SHORT,Breakout,1.08638,1.0867036258196037,1.0854091225411886,2020-04-08 00:15:00-04:00,1.0867036258196037,SL,0.00015,-1.0,-1.4635,-1463.5
2020-04-08 02:00:00-04:00,SHORT,Breakout,1.08422,1.0859426509583217,1.0790520471250349,2020-04-08 03:00:00-04:00,1.0859426509583217,SL,0.000122,-1.0,-1.0708,-1070.82
2020-04-09 13:30:00-04:00,SHORT,Bounce,1.09438,1.0945862589522746,1.093761223143176,2020-04-09 13:35:00-04:00,1.0945862589522746,SL,0.000128,-1.0,-1.6206,-1620.58
2020-04-09 19:30:00-04:00,SHORT,Bounce,1.09306,1.0933927446567442,1.0920617660297671,2020-04-09 19:55:00-04:00,1.0920617660297671,TP,0.000296,3.0,2.1104,2110.43
2020-04-16 02:25:00-04:00,SHORT,Bounce,1.0889199999999999,1.0892338869140676,1.0879783392577966,2020-04-16 02:35:00-04:00,1.0892338869140676,SL,0.000134,-1.0,-1.4269,-1426.91
2020-04-16 10:40:00-04:00,SHORT,Breakout,1.0866,1.0872489801145544,1.0846530596563368,2020-04-16 10:55:00-04:00,1.0846530596563368,TP,0.000126,3.0,2.8058,2805.85
2020-04-17 02:05:00-04:00,SHORT,Breakout,1.08542,1.0863905288291154,1.0825084135126541,2020-04-17 03:40:00-04:00,1.0825084135126541,TP,0.000128,3.0,2.8681,2868.11
2020-04-19 19:55:00-04:00,SHORT,Breakout,1.08629,1.0864551174065777,1.0857946477802667,2020-04-19 20:00:00-04:00,1.0864551174065777,SL,0.000146,-1.0,-1.8842,-1884.22
2020-04-19 20:55:00-04:00,SHORT,Breakout,1.08601,1.0864656162986641,1.0846431511040073,2020-04-19 22:00:00-04:00,1.0864656162986641,SL,0.000138,-1.0,-1.3029,-1302.89
2020-04-20 01:35:00-04:00,SHORT,Breakout,1.08531,1.0858880043111292,1.0835759870666124,2020-04-20 03:05:00-04:00,1.0858880043111292,SL,0.000136,-1.0,-1.2353,-1235.29
2020-04-20 17:45:00-04:00,SHORT,Bounce,1.08623,1.086526684658184,1.085339946025448,2020-04-20 17:50:00-04:00,1.086526684658184,SL,0.000328,-1.0,-2.1056,-2105.55
2020-04-20 18:20:00-04:00,SHORT,Bounce,1.08622,1.0865303489588745,1.0852889531233765,2020-04-20 18:35:00-04:00,1.0865303489588745,SL,0.000144,-1.0,-1.464,-1463.99
2020-04-20 20:15:00-04:00,SHORT,Breakout,1.08542,1.085665413874737,1.0846837583757891,2020-04-20 20:45:00-04:00,1.085665413874737,SL,0.000138,-1.0,-1.5623,-1562.32
2020-04-20 20:55:00-04:00,SHORT,Breakout,1.0855299999999999,1.0856710568219912,1.085106829534026,2020-04-20 21:00:00-04:00,1.0856710568219912,SL,0.000138,-1.0,-1.9783,-1978.33
2020-04-21 03:00:00-04:00,SHORT,Bounce,1.08336,1.0838874785618915,1.081777564314326,2020-04-21 03:05:00-04:00,1.0838874785618915,SL,0.000126,-1.0,-1.2389,-1238.87
2020-04-21 04:00:00-04:00,SHORT,Breakout,1.0823,1.082890396359098,1.0805288109227065,2020-04-21 04:25:00-04:00,1.082890396359098,SL,0.000124,-1.0,-1.21,-1210.03
2020-04-21 05:35:00-04:00,SHORT,Bounce,1.08428,1.0846444609656527,1.0831866171030415,2020-04-21 05:55:00-04:00,1.0831866171030415,TP,0.000126,3.0,2.6543,2654.28
2020-04-21 09:00:00-04:00,SHORT,Breakout,1.0820400000000001,1.082343077537252,1.0811307673882444,2020-04-21 09:05:00-04:00,1.082343077537252,SL,0.000124,-1.0,-1.4091,-1409.14
2020-04-21 20:25:00-04:00,SHORT,Breakout,1.08494,1.0852198815497256,1.0841003553508233,2020-04-21 20:35:00-04:00,1.0852198815497256,SL,0.000138,-1.0,-1.4931,-1493.07
2020-04-21 20:40:00-04:00,SHORT,Breakout,1.08513,1.0852216303807387,1.0848551088577836,2020-04-21 20:50:00-04:00,1.0852216303807387,SL,0.000134,-1.0,-2.4624,-2462.4
2020-04-21 21:50:00-04:00,SHORT,Breakout,1.08474,1.084902681102841,1.084251956691477,2020-04-21 21:55:00-04:00,1.084902681102841,SL,0.000138,-1.0,-1.8483,-1848.29
2020-04-22 00:30:00-04:00,SHORT,Breakout,1.08469,1.0847930742312712,1.084380777306186,2020-04-22 00:45:00-04:00,1.0847930742312712,SL,0.000142,-1.0,-2.3776,-2377.65
2020-04-22 19:30:00-04:00,SHORT,Breakout,1.08155,1.0818157789790432,1.0807526630628703,2020-04-22 19:50:00-04:00,1.0807526630628703,TP,0.000148,3.0,2.4431,2443.15
2020-04-22 21:30:00-04:00,SHORT,Retest,1.08162,1.0818329010432675,1.0809812968701977,2020-04-22 21:35:00-04:00,1.0818329010432675,SL,0.000132,-1.0,-1.62,-1620.01
2020-04-23 03:15:00-04:00,SHORT,Breakout,1.08002,1.0808359554238567,1.0775721337284299,2020-04-23 05:50:00-04:00,1.0775721337284299,TP,0.000122,3.0,2.8505,2850.48
2020-04-23 08:55:00-04:00,SHORT,Bounce,1.07877,1.07929796936552,1.07718609190344,2020-04-23 09:25:00-04:00,1.07929796936552,SL,0.000124,-1.0,-1.2349,-1234.86
2020-04-23 13:05:00-04:00,SHORT,Breakout,1.07961,1.0808663744081415,1.0758408767755754,2020-04-24 02:10:00-04:00,1.0758408767755754,TP,0.000126,3.0,2.8997,2899.71
2020-04-24 02:35:00-04:00,SHORT,Retest,1.07632,1.0766596009083251,1.0753011972750244,2020-04-24 02:50:00-04:00,1.0753011972750244,TP,0.000126,3.0,2.629,2628.98
2020-04-26 20:10:00-04:00,SHORT,Breakout,1.08131,1.081427828166279,1.080956515501163,2020-04-26 20:15:00-04:00,1.081427828166279,SL,0.000136,-1.0,-2.1542,-2154.22
2020-04-26 20:20:00-04:00,SHORT,Retest,1.0813,1.0814261375515366,1.08092158734539,2020-04-26 20:25:00-04:00,1.0814261375515366,SL,0.000144,-1.0,-2.1416,-2141.61
2020-04-26 20:50:00-04:00,SHORT,Breakout,1.08121,1.0814267612021504,1.0805597163935488,2020-04-26 20:55:00-04:00,1.0814267612021504,SL,0.000136,-1.0,-1.6274,-1627.42
2020-04-26 21:00:00-04:00,SHORT,Bounce,1.08171,1.0821218196079767,1.0804745411760697,2020-04-26 21:15:00-04:00,1.0821218196079767,SL,0.00013,-1.0,-1.3157,-1315.67
2020-04-27 06:40:00-04:00,SHORT,Bounce,1.08546,1.085964715544609,1.0839458533661732,2020-04-27 07:05:00-04:00,1.0839458533661732,TP,0.000122,3.0,2.7583,2758.28
2020-04-28 00:00:00-04:00,SHORT,Breakout,1.08202,1.0823191052198895,1.0811226843403314,2020-04-28 01:20:00-04:00,1.0823191052198895,SL,0.000142,-1.0,-1.4747,-1474.75
2020-04-28 10:55:00-04:00,SHORT,Breakout,1.08317,1.0840390130971667,1.0805629607084999,2020-04-28 11:25:00-04:00,1.0840390130971667,SL,0.00012,-1.0,-1.1381,-1138.09
2020-05-01 00:55:00-04:00,LONG,Breakout,1.09484,1.0945114239945561,1.0958257280163317,2020-05-01 01:05:00-04:00,1.0945114239945561,SL,0.00018,-1.0,-1.5478,-1547.82
2020-05-01 01:20:00-04:00,LONG,Breakout,1.09511,1.0945048297049047,1.096925510885286,2020-05-01 01:40:00-04:00,1.0945048297049047,SL,0.000172,-1.0,-1.2842,-1284.22
2020-05-01 04:20:00-04:00,LONG,Breakout,1.09754,1.0967786140244944,1.0998241579265167,2020-05-01 04:25:00-04:00,1.0967786140244944,SL,0.000156,-1.0,-1.2049,-1204.89
2020-05-01 04:55:00-04:00,LONG,Retest,1.09754,1.0967724478456236,1.0998426564631292,2020-05-01 10:30:00-04:00,1.0998426564631292,TP,0.00016,3.0,2.7915,2791.55
2020-05-04 14:55:00-04:00,LONG,Breakout,1.09062,1.0904786706199396,1.0910439881401808,2020-05-04 15:00:00-04:00,1.0904786706199396,SL,0.000162,-1.0,-2.1463,-2146.26
2020-05-04 15:15:00-04:00,LONG,Retest,1.09078,1.0904805311738883,1.0916784064783354,2020-05-04 15:40:00-04:00,1.0904805311738883,SL,0.00017,-1.0,-1.5677,-1567.67
2020-05-04 20:05:00-04:00,LONG,Breakout,1.09058,1.0904879045757117,1.0908562862728655,2020-05-04 20:30:00-04:00,1.0908562862728655,TP,0.000188,3.0,0.9586,958.64
2020-05-05 00:00:00-04:00,LONG,Bounce,1.09032,1.0901038542165329,1.0909684373504012,2020-05-05 00:15:00-04:00,1.0901038542165329,SL,0.00018,-1.0,-1.8328,-1832.77
2020-05-05 02:15:00-04:00,LONG,Breakout,1.09111,1.0909172436697665,1.0916882689907006,2020-05-05 02:30:00-04:00,1.0909172436697665,SL,0.000162,-1.0,-1.8404,-1840.44
2020-05-05 09:05:00-04:00,LONG,Breakout,1.08617,1.0854379278382968,1.0883662164851098,2020-05-05 09:45:00-04:00,1.0883662164851098,TP,0.000156,3.0,2.7869,2786.91
2020-05-05 20:15:00-04:00,LONG,Bounce,1.08367,1.0833786154985376,1.0845441535043867,2020-05-05 21:10:00-04:00,1.0833786154985376,SL,0.000158,-1.0,-1.5422,-1542.24
2020-05-06 02:05:00-04:00,SHORT,Breakout,1.0825,1.0831960123206692,1.0804119630379925,2020-05-06 02:55:00-04:00,1.0831960123206692,SL,0.000154,-1.0,-1.2213,-1221.26
2020-05-06 03:00:00-04:00,SHORT,Breakout,1.08203,1.0832367397890639,1.0784097806328086,2020-05-06 03:15:00-04:00,1.0832367397890639,SL,0.000154,-1.0,-1.1276,-1127.62
2020-05-06 03:40:00-04:00,SHORT,Retest,1.0829,1.0832379052143184,1.0818862843570447,2020-05-06 03:45:00-04:00,1.0832379052143184,SL,0.000154,-1.0,-1.4557,-1455.75
2020-05-06 04:10:00-04:00,SHORT,Breakout,1.08142,1.08165985497428,1.0807004350771603,2020-05-06 04:20:00-04:00,1.0807004350771603,TP,0.000156,3.0,2.3496,2349.61
2020-05-06 10:55:00-04:00,SHORT,Breakout,1.0796000000000001,1.0802989794346438,1.077503061696069,2020-05-06 11:05:00-04:00,1.0802989794346438,SL,0.000152,-1.0,-1.2175,-1217.46
2020-05-06 11:40:00-04:00,SHORT,Retest,1.07986,1.0802746050223884,1.078616184932835,2020-05-06 11:55:00-04:00,1.0802746050223884,SL,0.000154,-1.0,-1.3714,-1371.44
2020-05-06 19:35:00-04:00,SHORT,Bounce,1.07956,1.079706108572935,1.0791216742811955,2020-05-06 19:40:00-04:00,1.079706108572935,SL,0.00018,-1.0,-2.232,-2231.96
2020-05-07 01:50:00-04:00,SHORT,Breakout,1.0789,1.0791793858677552,1.0780618423967343,2020-05-07 01:55:00-04:00,1.0791793858677552,SL,0.000178,-1.0,-1.6371,-1637.11
2020-05-07 02:30:00-04:00,SHORT,Breakout,1.07894,1.0792277472911502,1.0780767581265494,2020-05-07 02:35:00-04:00,1.0792277472911502,SL,0.00016,-1.0,-1.556,-1556.04
2020-05-07 10:00:00-04:00,SHORT,Breakout,1.07706,1.0776966787166118,1.0751499638501643,2020-05-07 10:25:00-04:00,1.0776966787166118,SL,0.000152,-1.0,-1.2387,-1238.74
2020-05-07 17:50:00-04:00,SHORT,Bounce,1.08269,1.0832100270832798,1.0811299187501602,2020-05-07 18:00:00-04:00,1.0832100270832798,SL,0.000202,-1.0,-1.3884,-1388.44
2020-05-08 03:35:00-04:00,SHORT,Breakout,1.0826500000000001,1.0832170510726224,1.080948846782133,2020-05-08 03:45:00-04:00,1.0832170510726224,SL,0.00016,-1.0,-1.2822,-1282.16
2020-05-11 01:15:00-04:00,SHORT,Breakout,1.08422,1.0844539474420014,1.0835181576739956,2020-05-11 02:15:00-04:00,1.0844539474420014,SL,0.000178,-1.0,-1.7609,-1760.85
2020-05-11 03:10:00-04:00,SHORT,Breakout,1.08297,1.0836433780214692,1.0809498659355925,2020-05-11 03:25:00-04:00,1.0836433780214692,SL,0.000156,-1.0,-1.2317,-1231.67
2020-05-11 04:15:00-04:00,SHORT,Breakout,1.08232,1.082643203210878,1.081350390367366,2020-05-11 04:30:00-04:00,1.081350390367366,TP,0.000158,3.0,2.5111,2511.14
2020-05-11 07:40:00-04:00,SHORT,Breakout,1.08136,1.0815203153259585,1.080879054022125,2020-05-11 07:45:00-04:00,1.0815203153259585,SL,0.000158,-1.0,-1.9856,-1985.56
2020-05-11 07:55:00-04:00,SHORT,Breakout,1.08135,1.0815209354122197,1.080837193763341,2020-05-11 08:00:00-04:00,1.0815209354122197,SL,0.000158,-1.0,-1.9243,-1924.33
2020-05-11 20:10:00-04:00,SHORT,Breakout,1.07989,1.080028160318949,1.079475519043153,2020-05-11 20:20:00-04:00,1.079475519043153,TP,0.000174,3.0,1.7406,1740.59
2020-05-12 02:50:00-04:00,SHORT,Bounce,1.08137,1.0817104799574004,1.0803485601277985,2020-05-12 02:55:00-04:00,1.0817104799574004,SL,0.000164,-1.0,-1.4817,-1481.67
2020-05-12 19:55:00-04:00,SHORT,Breakout,1.08448,1.0845729256581818,1.0842012230254552,2020-05-12 20:00:00-04:00,1.0845729256581818,SL,0.000168,-1.0,-2.8079,-2807.9
2020-05-14 06:05:00-04:00,SHORT,Breakout,1.07914,1.0802315737739614,1.0758652786781158,2020-05-14 10:10:00-04:00,1.0802315737739614,SL,0.000154,-1.0,-1.1411,-1141.08
2020-05-14 20:45:00-04:00,SHORT,Breakout,1.07996,1.0801332430495894,1.079440270851232,2020-05-14 20:50:00-04:00,1.0801332430495894,SL,0.00017,-1.0,-1.9813,-1981.28
2020-05-14 22:35:00-04:00,SHORT,Retest,1.08001,1.080134548812215,1.0796363535633549,2020-05-14 22:50:00-04:00,1.080134548812215,SL,0.000178,-1.0,-2.4292,-2429.16
2020-05-15 02:10:00-04:00,SHORT,Bounce,1.08048,1.0806766489754873,1.0798900530735385,2020-05-15 02:15:00-04:00,1.0806766489754873,SL,0.000164,-1.0,-1.834,-1833.97
2020-05-15 02:20:00-04:00,SHORT,Bounce,1.08058,1.0806769677390682,1.0802890967827958,2020-05-15 02:25:00-04:00,1.0806769677390682,SL,0.000166,-1.0,-2.7119,-2711.91
2020-05-15 03:00:00-04:00,SHORT,Breakout,1.07966,1.0798260828059563,1.0791617515821315,2020-05-15 03:05:00-04:00,1.0798260828059563,SL,0.000152,-1.0,-1.9152,-1915.21
2020-05-15 07:25:00-04:00,SHORT,Breakout,1.08027,1.0805857052838004,1.0793228841485991,2020-05-15 08:00:00-04:00,1.0793228841485991,TP,0.000156,3.0,2.5059,2505.87
2020-05-17 18:30:00-04:00,SHORT,Bounce,1.08176,1.082055819389198,1.080872541832406,2020-05-17 18:45:00-04:00,1.082055819389198,SL,0.00018,-1.0,-1.6085,-1608.48
2020-05-17 20:15:00-04:00,SHORT,Bounce,1.08209,1.0822914349484103,1.0814856951547691,2020-05-17 21:05:00-04:00,1.0814856951547691,TP,0.000176,3.0,2.1263,2126.27
2020-05-18 20:05:00-04:00,SHORT,Bounce,1.09182,1.0919026276743053,1.091572116977084,2020-05-18 20:10:00-04:00,1.0919026276743053,SL,0.00017,-1.0,-3.0574,-3057.42
2020-05-19 01:55:00-04:00,LONG,Breakout,1.09146,1.0912131241289456,1.0922006276131637,2020-05-19 02:10:00-04:00,1.0922006276131637,TP,0.000164,3.0,2.3357,2335.7
2020-05-19 04:50:00-04:00,LONG,Breakout,1.09456,1.0943204888096962,1.0952785335709112,2020-05-19 05:00:00-04:00,1.0952785335709112,TP,0.00015,3.0,2.3737,2373.72
2020-05-19 07:55:00-04:00,LONG,Bounce,1.09475,1.0942108909163577,1.0963673272509264,2020-05-19 08:20:00-04:00,1.0942108909163577,SL,0.000152,-1.0,-1.2819,-1281.95
2020-05-19 08:50:00-04:00,LONG,Bounce,1.09478,1.0942097143223455,1.096490857032964,2020-05-19 09:00:00-04:00,1.0942097143223455,SL,0.000158,-1.0,-1.2771,-1277.05
2020-05-19 14:20:00-04:00,LONG,Breakout,1.0951,1.0947998273185149,1.0960005180444552,2020-05-19 14:50:00-04:00,1.0947998273185149,SL,0.000154,-1.0,-1.513,-1513.04
2020-05-20 02:40:00-04:00,LONG,Bounce,1.09396,1.0936162677913897,1.0949911966258312,2020-05-20 03:00:00-04:00,1.0949911966258312,TP,0.00016,3.0,2.5345,2534.52
2020-05-20 03:00:00-04:00,LONG,Breakout,1.09516,1.094753253498279,1.096380239505163,2020-05-20 03:30:00-04:00,1.094753253498279,SL,0.000152,-1.0,-1.3737,-1373.7
2020-05-20 05:00:00-04:00,LONG,Bounce,1.09423,1.0936341976808492,1.0960174069574524,2020-05-20 07:10:00-04:00,1.0960174069574524,TP,0.000154,3.0,2.7415,2741.53
2020-05-20 09:00:00-04:00,LONG,Breakout,1.09674,1.096471886123746,1.0975443416287625,2020-05-20 09:10:00-04:00,1.0975443416287625,TP,0.000156,3.0,2.4182,2418.16
2020-05-20 09:10:00-04:00,LONG,Breakout,1.09755,1.0964648201781277,1.1008055394656169,2020-05-20 21:10:00-04:00,1.0964648201781277,SL,0.000154,-1.0,-1.1419,-1141.91
2020-05-21 06:35:00-04:00,LONG,Breakout,1.0977,1.097438892665577,1.0984833220032688,2020-05-21 06:45:00-04:00,1.0984833220032688,TP,0.00016,3.0,2.3872,2387.23
2020-05-21 13:00:00-04:00,LONG,Breakout,1.09612,1.0957135554859718,1.0973393335420845,2020-05-21 13:50:00-04:00,1.0957135554859718,SL,0.000152,-1.0,-1.374,-1373.97
2020-05-21 20:20:00-04:00,LONG,Breakout,1.09522,1.0951518311776058,1.0954245064671828,2020-05-21 20:25:00-04:00,1.0951518311776058,SL,0.000166,-1.0,-3.4351,-3435.13
2020-05-22 09:35:00-04:00,LONG,Bounce,1.08982,1.0895585588740795,1.0906043233777616,2020-05-22 09:45:00-04:00,1.0895585588740795,SL,0.00015,-1.0,-1.5737,-1573.74
2020-05-22 15:05:00-04:00,LONG,Breakout,1.09044,1.0902132248465322,1.0911203254604038,2020-05-22 15:10:00-04:00,1.0902132248465322,SL,0.00016,-1.0,-1.7055,-1705.54
2020-05-24 19:25:00-04:00,LONG,Breakout,1.0906,1.090458631391466,1.0910241058256023,2020-05-24 20:05:00-04:00,1.090458631391466,SL,0.00017,-1.0,-2.2025,-2202.53
2020-05-26 02:00:00-04:00,LONG,Breakout,1.09259,1.0920677547340045,1.0941567357979862,2020-05-26 02:45:00-04:00,1.0920677547340045,SL,0.000158,-1.0,-1.3025,-1302.54
2020-05-26 03:10:00-04:00,LONG,Breakout,1.09346,1.0927993125358724,1.0954420623923833,2020-05-26 03:15:00-04:00,1.0927993125358724,SL,0.000156,-1.0,-1.2361,-1236.12
2020-05-26 07:55:00-04:00,LONG,Breakout,1.09776,1.0971499699390723,1.0995900901827833,2020-05-26 08:15:00-04:00,1.0971499699390723,SL,0.000152,-1.0,-1.2492,-1249.17
2020-05-26 10:00:00-04:00,LONG,Breakout,1.09821,1.0978265213879341,1.0993604358361972,2020-05-26 10:05:00-04:00,1.0978265213879341,SL,0.00015,-1.0,-1.3912,-1391.16
2020-05-27 05:30:00-04:00,LONG,Breakout,1.09812,1.0976665903339164,1.0994802289982506,2020-05-27 05:40:00-04:00,1.0994802289982506,TP,0.000152,3.0,2.6648,2664.76
2020-05-27 20:20:00-04:00,LONG,Breakout,1.10139,1.10108446754176,1.1023065973747206,2020-05-27 20:50:00-04:00,1.1023065973747206,TP,0.000162,3.0,2.4698,2469.78
2020-05-28 03:10:00-04:00,LONG,Bounce,1.10138,1.1007060238543236,1.1034019284370293,2020-05-28 03:15:00-04:00,1.1007060238543236,SL,0.000152,-1.0,-1.2255,-1225.53
2020-05-28 08:45:00-04:00,LONG,Breakout,1.10235,1.101794884946501,1.104015345160497,2020-05-28 10:05:00-04:00,1.104015345160497,TP,0.00015,3.0,2.7298,2729.79
2020-05-28 15:00:00-04:00,LONG,Breakout,1.10903,1.1088317825618164,1.1096246523145508,2020-05-28 15:05:00-04:00,1.1088317825618164,SL,0.00016,-1.0,-1.8072,-1807.19
2020-05-31 20:15:00-04:00,LONG,Breakout,1.11242,1.1116474094443034,1.1147377716670896,2020-05-31 20:35:00-04:00,1.1116474094443034,SL,0.000162,-1.0,-1.2097,-1209.68
2020-05-31 21:20:00-04:00,LONG,Breakout,1.11331,1.1124455645951765,1.1159033062144705,2020-06-01 04:10:00-04:00,1.1124455645951765,SL,0.00016,-1.0,-1.1851,-1185.09
2020-06-01 10:05:00-04:00,LONG,Breakout,1.1125,1.1118917240933879,1.1143248277198365,2020-06-01 10:35:00-04:00,1.1118917240933879,SL,0.00015,-1.0,-1.2466,-1246.6
2020-06-01 10:35:00-04:00,LONG,Retest,1.11242,1.1118720449333772,1.1140638651998682,2020-06-01 11:15:00-04:00,1.1118720449333772,SL,0.000156,-1.0,-1.2847,-1284.69
2020-06-01 15:00:00-04:00,LONG,Breakout,1.11337,1.1131360836162452,1.1140717491512644,2020-06-01 15:05:00-04:00,1.1131360836162452,SL,0.000156,-1.0,-1.6669,-1666.9
2020-06-01 15:20:00-04:00,LONG,Retest,1.11346,1.1131372153832668,1.1144283538501991,2020-06-01 15:30:00-04:00,1.1131372153832668,SL,0.000162,-1.0,-1.5019,-1501.88
2020-06-01 20:35:00-04:00,LONG,Breakout,1.1136,1.1134061644729902,1.114181506581029,2020-06-01 20:45:00-04:00,1.1134061644729902,SL,0.000154,-1.0,-1.7945,-1794.49
2020-06-02 03:10:00-04:00,LONG,Bounce,1.11264,1.1121447729808067,1.1141256810575801,2020-06-02 03:35:00-04:00,1.1121447729808067,SL,0.000154,-1.0,-1.311,-1310.97
2020-06-02 04:15:00-04:00,LONG,Breakout,1.1145100000000001,1.1135750136498637,1.1173149590504095,2020-06-02 05:00:00-04:00,1.1173149590504095,TP,0.000154,3.0,2.8353,2835.29
2020-06-02 09:50:00-04:00,LONG,Breakout,1.11833,1.1177096607075363,1.1201910178773913,2020-06-02 10:55:00-04:00,1.1177096607075363,SL,0.000152,-1.0,-1.245,-1245.03
2020-06-02 19:25:00-04:00,LONG,Breakout,1.11723,1.1170592249782676,1.117742325065197,2020-06-02 19:30:00-04:00,1.117742325065197,TP,0.00016,3.0,2.0631,2063.09
2020-06-03 03:00:00-04:00,LONG,Breakout,1.12167,1.1209122894694266,1.12394313159172,2020-06-03 03:40:00-04:00,1.1209122894694266,SL,0.000156,-1.0,-1.2059,-1205.88
2020-06-03 04:15:00-04:00,LONG,Bounce,1.12029,1.1197318539842498,1.1219644380472507,2020-06-03 05:05:00-04:00,1.1219644380472507,TP,0.000154,3.0,2.7241,2724.09
2020-06-04 02:00:00-04:00,LONG,Breakout,1.12196,1.1217568814099832,1.1225693557700507,2020-06-04 02:10:00-04:00,1.1217568814099832,SL,0.000168,-1.0,-1.8271,-1827.1
2020-06-04 07:45:00-04:00,LONG,Breakout,1.12436,1.1208272077973978,1.1349583766078069,2020-06-04 10:55:00-04:00,1.1349583766078069,TP,0.00015,3.0,2.9575,2957.54
2020-06-05 00:25:00-04:00,LONG,Breakout,1.1345399999999999,1.1343189725517209,1.135203082344837,2020-06-05 00:35:00-04:00,1.135203082344837,TP,0.000164,3.0,2.258,2258.01
2020-06-05 01:45:00-04:00,LONG,Breakout,1.13559,1.1353638669951354,1.1362683990145943,2020-06-05 01:50:00-04:00,1.1353638669951354,SL,0.000158,-1.0,-1.6987,-1698.7
2020-06-07 19:10:00-04:00,LONG,Breakout,1.13067,1.1303090897820953,1.1317527306537143,2020-06-07 19:55:00-04:00,1.1317527306537143,TP,0.000188,3.0,2.4791,2479.09
2020-06-08 20:00:00-04:00,LONG,Breakout,1.13099,1.130734918990686,1.131755243027942,2020-06-08 20:20:00-04:00,1.130734918990686,SL,0.00016,-1.0,-1.6273,-1627.25
2020-06-09 02:00:00-04:00,LONG,Breakout,1.12916,1.1290168498937594,1.1295894503187216,2020-06-09 02:05:00-04:00,1.1290168498937594,SL,0.000162,-1.0,-2.1317,-2131.68
2020-06-09 19:30:00-04:00,LONG,Bounce,1.13338,1.1332618022898602,1.1337345931304197,2020-06-09 19:45:00-04:00,1.1332618022898602,SL,0.000176,-1.0,-2.489,-2489.03
2020-06-09 20:15:00-04:00,LONG,Breakout,1.13408,1.133983047817665,1.1343708565470052,2020-06-09 20:25:00-04:00,1.133983047817665,SL,0.00017,-1.0,-2.7534,-2753.44
2020-06-09 20:30:00-04:00,LONG,Breakout,1.13419,1.1339824672213594,1.1348125983359219,2020-06-09 20:50:00-04:00,1.1339824672213594,SL,0.00017,-1.0,-1.8191,-1819.15
2020-06-09 21:10:00-04:00,LONG,Breakout,1.13443,1.1339768594845565,1.1357894215463307,2020-06-09 21:40:00-04:00,1.1339768594845565,SL,0.000158,-1.0,-1.3487,-1348.68
2020-06-10 01:20:00-04:00,LONG,Breakout,1.13541,1.134438793125842,1.1383236206224743,2020-06-10 03:00:00-04:00,1.134438793125842,SL,0.000162,-1.0,-1.1668,-1166.8
2020-06-10 09:45:00-04:00,LONG,Bounce,1.13666,1.136179321771117,1.1381020346866493,2020-06-10 09:50:00-04:00,1.136179321771117,SL,0.000152,-1.0,-1.3162,-1316.22
2020-06-10 14:00:00-04:00,LONG,Bounce,1.13757,1.1339383965469505,1.1484648103591484,2020-06-11 01:05:00-04:00,1.1339383965469505,SL,0.00015,-1.0,-1.0413,-1041.3
2020-06-11 08:20:00-04:00,LONG,Bounce,1.13431,1.134098238917013,1.134945283248961,2020-06-11 08:25:00-04:00,1.134098238917013,SL,0.00016,-1.0,-1.7556,-1755.57
2020-06-11 18:10:00-04:00,LONG,Bounce,1.12916,1.1286958117793293,1.1305525646620118,2020-06-11 18:25:00-04:00,1.1286958117793293,SL,0.0002,-1.0,-1.4309,-1430.86
2020-06-12 09:05:00-04:00,LONG,Bounce,1.13023,1.129031441540034,1.1338256753798983,2020-06-12 10:25:00-04:00,1.129031441540034,SL,0.00015,-1.0,-1.1252,-1125.15
2020-06-15 04:00:00-04:00,LONG,Breakout,1.12515,1.124621637007185,1.126735088978445,2020-06-15 04:20:00-04:00,1.124621637007185,SL,0.000154,-1.0,-1.2915,-1291.47
2020-06-15 05:55:00-04:00,LONG,Retest,1.12485,1.124626912574641,1.1255192622760763,2020-06-15 06:10:00-04:00,1.1255192622760763,TP,0.000164,3.0,2.2649,2264.86
2020-06-15 09:50:00-04:00,LONG,Breakout,1.12745,1.126520242874864,1.1302392713754084,2020-06-15 11:10:00-04:00,1.126520242874864,SL,0.000154,-1.0,-1.1656,-1165.63
2020-06-15 11:10:00-04:00,LONG,Retest,1.127,1.1265171876133366,1.12844843715999,2020-06-15 11:15:00-04:00,1.1265171876133366,SL,0.000164,-1.0,-1.3397,-1339.68
2020-06-15 17:40:00-04:00,LONG,Breakout,1.13239,1.1322170855312954,1.1329087434061138,2020-06-15 18:00:00-04:00,1.1322170855312954,SL,0.000228,-1.0,-2.3186,-2318.57
2020-06-15 18:05:00-04:00,LONG,Retest,1.13246,1.1322287669203517,1.133153699238945,2020-06-15 19:35:00-04:00,1.133153699238945,TP,0.000208,3.0,2.1005,2100.47
2020-06-15 22:30:00-04:00,LONG,Breakout,1.13438,1.1338116968278351,1.1360849095164944,2020-06-15 23:55:00-04:00,1.1338116968278351,SL,0.000172,-1.0,-1.3027,-1302.66
2020-06-16 03:30:00-04:00,LONG,Bounce,1.13346,1.1325777159940476,1.136106852017857,2020-06-16 03:50:00-04:00,1.1325777159940476,SL,0.000154,-1.0,-1.1745,-1174.55
2020-06-17 01:00:00-04:00,LONG,Breakout,1.12761,1.1271505642305548,1.1289883073083355,2020-06-17 01:05:00-04:00,1.1271505642305548,SL,0.00017,-1.0,-1.37,-1370.02
2020-06-17 01:25:00-04:00,LONG,Retest,1.12728,1.127151802438819,1.1276645926835434,2020-06-17 01:40:00-04:00,1.127151802438819,SL,0.000168,-1.0,-2.3105,-2310.48
2020-06-17 02:10:00-04:00,LONG,Breakout,1.12802,1.127826198269915,1.1286014051902553,2020-06-17 02:15:00-04:00,1.127826198269915,SL,0.000156,-1.0,-1.8049,-1804.95
2020-06-17 02:20:00-04:00,LONG,Breakout,1.12827,1.1278162525898756,1.1296312422303736,2020-06-17 02:30:00-04:00,1.1278162525898756,SL,0.000158,-1.0,-1.3482,-1348.21
2020-06-17 03:00:00-04:00,LONG,Breakout,1.1284399999999999,1.1278105909947995,1.130328227015601,2020-06-17 03:55:00-04:00,1.1278105909947995,SL,0.000156,-1.0,-1.2479,-1247.85
2020-06-17 08:15:00-04:00,LONG,Bounce,1.12306,1.122213878026315,1.125598365921055,2020-06-17 09:55:00-04:00,1.122213878026315,SL,0.000156,-1.0,-1.1844,-1184.37
2020-06-17 18:30:00-04:00,LONG,Breakout,1.12463,1.1244991140580187,1.125022657825944,2020-06-17 18:45:00-04:00,1.1244991140580187,SL,0.000192,-1.0,-2.4669,-2466.93
2020-06-17 20:35:00-04:00,LONG,Retest,1.12461,1.124473902064794,1.1250182938056184,2020-06-17 20:40:00-04:00,1.124473902064794,SL,0.000172,-1.0,-2.2638,-2263.8
2020-06-18 00:50:00-04:00,LONG,Breakout,1.12586,1.125025924765259,1.1283622257042234,2020-06-18 01:35:00-04:00,1.125025924765259,SL,0.000158,-1.0,-1.1894,-1189.43
2020-06-18 02:40:00-04:00,LONG,Retest,1.12524,1.1250163726857285,1.1259108819428145,2020-06-18 03:00:00-04:00,1.1250163726857285,SL,0.000166,-1.0,-1.7423,-1742.31
2020-06-18 03:40:00-04:00,LONG,Bounce,1.12446,1.1242765722774462,1.1250102831676616,2020-06-18 03:45:00-04:00,1.1242765722774462,SL,0.000164,-1.0,-1.8941,-1894.09
2020-06-18 20:45:00-04:00,LONG,Bounce,1.12004,1.1198224397080716,1.1206926808757849,2020-06-18 21:10:00-04:00,1.1198224397080716,SL,0.00017,-1.0,-1.7814,-1781.39
2020-06-18 21:10:00-04:00,LONG,Bounce,1.11998,1.1198226092374624,1.1204521722876128,2020-06-18 21:20:00-04:00,1.1204521722876128,TP,0.000172,3.0,1.9072,1907.18
2020-06-21 19:15:00-04:00,SHORT,Breakout,1.11718,1.117489283095352,1.1162521507139442,2020-06-21 19:50:00-04:00,1.117489283095352,SL,0.000172,-1.0,-1.5561,-1556.12
2020-06-23 03:15:00-04:00,LONG,Breakout,1.12898,1.1274297805971392,1.1336306582085829,2020-06-23 09:05:00-04:00,1.1336306582085829,TP,0.000152,3.0,2.9019,2901.95
2020-06-23 10:10:00-04:00,LONG,Breakout,1.13386,1.1335818921715735,1.13469432348528,2020-06-23 10:15:00-04:00,1.13469432348528,TP,0.000154,3.0,2.4463,2446.26
2020-06-23 10:30:00-04:00,LONG,Retest,1.13421,1.1335770467594832,1.13610885972155,2020-06-23 10:40:00-04:00,1.1335770467594832,SL,0.000158,-1.0,-1.2496,-1249.62
2020-06-23 19:50:00-04:00,LONG,Breakout,1.13128,1.131151249115161,1.1316662526545174,2020-06-23 19:55:00-04:00,1.131151249115161,SL,0.000178,-1.0,-2.3825,-2382.51
2020-06-23 20:00:00-04:00,LONG,Breakout,1.13157,1.1311471076554194,1.1328386770337417,2020-06-23 22:00:00-04:00,1.1311471076554194,SL,0.000174,-1.0,-1.4115,-1411.45
2020-06-24 10:50:00-04:00,LONG,Bounce,1.12713,1.1266066430417823,1.128700070874653,2020-06-24 11:10:00-04:00,1.1266066430417823,SL,0.000176,-1.0,-1.3363,-1336.29
2020-06-25 01:00:00-04:00,LONG,Breakout,1.12497,1.124836934357841,1.125369196926477,2020-06-25 01:05:00-04:00,1.124836934357841,SL,0.000188,-1.0,-2.4128,-2412.84
2020-06-25 02:00:00-04:00,LONG,Breakout,1.12494,1.1248310797905017,1.1252667606284952,2020-06-25 02:05:00-04:00,1.1248310797905017,SL,0.00019,-1.0,-2.7444,-2744.4
2020-06-25 02:30:00-04:00,LONG,Bounce,1.12399,1.123836946359312,1.124449160922064,2020-06-25 02:55:00-04:00,1.123836946359312,SL,0.000186,-1.0,-2.2153,-2215.26
2020-07-02 02:05:00-04:00,LONG,Breakout,1.12707,1.126553121977043,1.128620634068871,2020-07-02 02:20:00-04:00,1.126553121977043,SL,0.000172,-1.0,-1.3328,-1332.77
2020-07-02 08:35:00-04:00,LONG,Breakout,1.12938,1.1286970124210889,1.1314289627367335,2020-07-02 08:40:00-04:00,1.1286970124210889,SL,0.000168,-1.0,-1.246,-1245.98
2020-07-02 20:40:00-04:00,LONG,Bounce,1.12335,1.1232744126029113,1.1235767621912665,2020-07-02 20:55:00-04:00,1.1235767621912665,TP,0.000172,3.0,0.7245,724.49
2020-07-02 21:15:00-04:00,LONG,Breakout,1.12456,1.1240604856652028,1.1260585430043917,2020-07-02 22:00:00-04:00,1.1240604856652028,SL,0.000182,-1.0,-1.3644,-1364.35
2020-07-06 00:55:00-04:00,LONG,Breakout,1.12908,1.1284007431744765,1.131117770476571,2020-07-06 01:45:00-04:00,1.1284007431744765,SL,0.000174,-1.0,-1.2562,-1256.16
2020-07-06 02:40:00-04:00,LONG,Breakout,1.12937,1.129101333114767,1.130176000655699,2020-07-06 02:55:00-04:00,1.129101333114767,SL,0.000178,-1.0,-1.6625,-1662.53
2020-07-06 03:00:00-04:00,LONG,Breakout,1.1293199999999999,1.1290811052449725,1.130036684265082,2020-07-06 03:05:00-04:00,1.1290811052449725,SL,0.000176,-1.0,-1.7367,-1736.73
2020-07-06 07:10:00-04:00,LONG,Breakout,1.13119,1.1298217686549477,1.1352946940351567,2020-07-07 02:10:00-04:00,1.1298217686549477,SL,0.000172,-1.0,-1.1257,-1125.71
2020-07-07 09:40:00-04:00,LONG,Breakout,1.12968,1.1292640376811203,1.1309278869566393,2020-07-07 09:55:00-04:00,1.1292640376811203,SL,0.000172,-1.0,-1.4135,-1413.5
2020-07-07 20:00:00-04:00,LONG,Bounce,1.12742,1.127093022788505,1.1284009316344854,2020-07-07 20:35:00-04:00,1.127093022788505,SL,0.000182,-1.0,-1.5566,-1556.61
2020-07-08 01:55:00-04:00,LONG,Bounce,1.12747,1.127243183511265,1.1281504494662047,2020-07-08 02:00:00-04:00,1.127243183511265,SL,0.000188,-1.0,-1.8289,-1828.86
2020-07-08 02:40:00-04:00,LONG,Bounce,1.12755,1.1272206686113266,1.1285379941660203,2020-07-08 02:45:00-04:00,1.1272206686113266,SL,0.000186,-1.0,-1.5648,-1564.78
2020-07-08 02:55:00-04:00,LONG,Bounce,1.12753,1.1272183166687626,1.1284650499937119,2020-07-08 03:00:00-04:00,1.1272183166687626,SL,0.000184,-1.0,-1.5903,-1590.34
2020-07-08 03:05:00-04:00,LONG,Breakout,1.1284399999999999,1.1280758444745964,1.1295324665762103,2020-07-08 04:55:00-04:00,1.1280758444745964,SL,0.000174,-1.0,-1.4778,-1477.82
2020-07-08 07:50:00-04:00,LONG,Breakout,1.12938,1.1291897786311629,1.1299506641065116,2020-07-08 07:55:00-04:00,1.1291897786311629,SL,0.000174,-1.0,-1.9147,-1914.72
2020-07-08 23:45:00-04:00,LONG,Breakout,1.13584,1.1345137277592918,1.1398188167221244,2020-07-09 03:30:00-04:00,1.1345137277592918,SL,0.000172,-1.0,-1.1297,-1129.69
2020-07-12 18:00:00-04:00,LONG,Breakout,1.1308,1.1304477809482185,1.1318566571553446,2020-07-12 20:00:00-04:00,1.1304477809482185,SL,0.000196,-1.0,-1.5565,-1556.47
2020-07-12 21:00:00-04:00,LONG,Breakout,1.13184,1.131573467866657,1.132639596400029,2020-07-12 23:05:00-04:00,1.132639596400029,TP,0.000182,3.0,2.3172,2317.16
2020-07-13 18:00:00-04:00,LONG,Bounce,1.13469,1.1339400223454066,1.1369399329637802,2020-07-13 20:20:00-04:00,1.1339400223454066,SL,0.000222,-1.0,-1.296,-1296.01
2020-07-14 02:20:00-04:00,LONG,Breakout,1.1347,1.1344941792541179,1.1353174622376465,2020-07-14 02:25:00-04:00,1.1344941792541179,SL,0.000182,-1.0,-1.8843,-1884.26
2020-07-14 03:10:00-04:00,LONG,Bounce,1.13398,1.1335444324295656,1.1352867027113032,2020-07-14 03:15:00-04:00,1.1335444324295656,SL,0.000172,-1.0,-1.3949,-1394.89
2020-07-14 04:45:00-04:00,LONG,Breakout,1.13552,1.1347039526772458,1.137968141968263,2020-07-14 05:00:00-04:00,1.1347039526772458,SL,0.00017,-1.0,-1.2083,-1208.32
2020-07-14 09:40:00-04:00,LONG,Breakout,1.13839,1.1379025133115899,1.1398524600652304,2020-07-14 10:20:00-04:00,1.1398524600652304,TP,0.000162,3.0,2.6677,2667.68
2020-07-14 18:00:00-04:00,LONG,Breakout,1.14052,1.1402025631492207,1.1414723105523377,2020-07-14 20:05:00-04:00,1.1414723105523377,TP,0.000182,3.0,2.4267,2426.66
2020-07-14 20:45:00-04:00,LONG,Retest,1.14136,1.141063241014218,1.1422502769573455,2020-07-14 20:50:00-04:00,1.141063241014218,SL,0.000192,-1.0,-1.647,-1646.99
2020-07-15 03:20:00-04:00,LONG,Breakout,1.1402700000000001,1.1399616139336426,1.1411951581990727,2020-07-15 03:30:00-04:00,1.1411951581990727,TP,0.000176,3.0,2.4293,2429.29
2020-07-15 06:50:00-04:00,LONG,Breakout,1.1445,1.1442730648605741,1.145180805418278,2020-07-15 06:55:00-04:00,1.1442730648605741,SL,0.000176,-1.0,-1.7756,-1775.55
2020-07-15 09:30:00-04:00,LONG,Breakout,1.1446,1.1443782277457093,1.1452653167628724,2020-07-15 09:35:00-04:00,1.1443782277457093,SL,0.000174,-1.0,-1.7846,-1784.59
2020-07-15 19:00:00-04:00,LONG,Breakout,1.14143,1.1411647967691556,1.142225609692533,2020-07-15 20:00:00-04:00,1.1411647967691556,SL,0.000188,-1.0,-1.7089,-1708.89
2020-07-16 03:40:00-04:00,LONG,Breakout,1.14089,1.1405540623651915,1.1418978129044253,2020-07-16 03:50:00-04:00,1.1405540623651915,SL,0.000174,-1.0,-1.518,-1517.95
2020-07-16 08:30:00-04:00,LONG,Breakout,1.14158,1.1413353767226324,1.142313869832103,2020-07-16 08:35:00-04:00,1.1413353767226324,SL,0.000168,-1.0,-1.6868,-1686.77
2020-07-16 08:40:00-04:00,LONG,Breakout,1.14163,1.1413149421741065,1.1425751734776803,2020-07-16 08:50:00-04:00,1.1413149421741065,SL,0.000178,-1.0,-1.565,-1564.98
2020-07-17 04:05:00-04:00,LONG,Breakout,1.13944,1.1391934689214371,1.1401795932356886,2020-07-17 04:30:00-04:00,1.1401795932356886,TP,0.000166,3.0,2.3267,2326.66
2020-07-17 09:50:00-04:00,LONG,Breakout,1.14312,1.1427990111877668,1.1440829664366992,2020-07-17 09:55:00-04:00,1.1427990111877668,SL,0.000172,-1.0,-1.5358,-1535.84
2020-07-20 00:15:00-04:00,LONG,Breakout,1.14253,1.1420935462254838,1.143839361323549,2020-07-20 00:55:00-04:00,1.143839361323549,TP,0.000178,3.0,2.5922,2592.17
2020-07-20 19:05:00-04:00,LONG,Breakout,1.14486,1.1447825224378239,1.1450924326865284,2020-07-20 19:10:00-04:00,1.1450924326865284,TP,0.00019,3.0,0.5477,547.68
2020-07-20 23:25:00-04:00,LONG,Breakout,1.14672,1.146100228683222,1.1485793139503337,2020-07-20 23:30:00-04:00,1.146100228683222,SL,0.000178,-1.0,-1.2872,-1287.2
2020-07-20 23:40:00-04:00,LONG,Bounce,1.14539,1.145233250151982,1.1458602495440537,2020-07-20 23:45:00-04:00,1.145233250151982,SL,0.000194,-1.0,-2.2376,-2237.64
2020-07-21 03:00:00-04:00,LONG,Breakout,1.14575,1.1448343998949686,1.1484968003150944,2020-07-21 03:30:00-04:00,1.1448343998949686,SL,0.00017,-1.0,-1.1857,-1185.67
2020-07-21 19:40:00-04:00,LONG,Breakout,1.15359,1.1533163706336933,1.1544108880989197,2020-07-21 19:55:00-04:00,1.1533163706336933,SL,0.000188,-1.0,-1.6871,-1687.06
2020-07-21 20:00:00-04:00,LONG,Breakout,1.15353,1.1533044164845094,1.1542067505464715,2020-07-21 20:10:00-04:00,1.1533044164845094,SL,0.00019,-1.0,-1.8423,-1842.26
2020-07-21 20:15:00-04:00,LONG,Breakout,1.15361,1.1532999201955054,1.1545402394134838,2020-07-21 20:25:00-04:00,1.1532999201955054,SL,0.000188,-1.0,-1.6063,-1606.3
2020-07-21 21:05:00-04:00,LONG,Bounce,1.15327,1.1527942434156815,1.1546972697529556,2020-07-22 02:10:00-04:00,1.1527942434156815,SL,0.000186,-1.0,-1.391,-1390.96
2020-07-22 03:45:00-04:00,LONG,Bounce,1.15223,1.1516799227963432,1.1538802316109706,2020-07-22 03:55:00-04:00,1.1516799227963432,SL,0.00018,-1.0,-1.3272,-1327.23
2020-07-22 06:05:00-04:00,LONG,Breakout,1.15619,1.154329823800225,1.161770528599325,2020-07-23 08:55:00-04:00,1.154329823800225,SL,0.00017,-1.0,-1.0914,-1091.39
2020-07-23 20:20:00-04:00,LONG,Breakout,1.16029,1.1601054677203688,1.1608435968388937,2020-07-23 20:50:00-04:00,1.1608435968388937,TP,0.000182,3.0,2.0137,2013.72
2020-07-24 08:50:00-04:00,LONG,Breakout,1.16121,1.1609973623733472,1.1618479128799588,2020-07-24 09:00:00-04:00,1.1618479128799588,TP,0.00018,3.0,2.1535,2153.49
2020-07-24 10:10:00-04:00,LONG,Retest,1.16164,1.1609483215305156,1.1637150354084531,2020-07-24 10:30:00-04:00,1.1637150354084531,TP,0.00017,3.0,2.7542,2754.22
2020-07-24 11:00:00-04:00,LONG,Retest,1.16251,1.1619303293980772,1.1642490118057682,2020-07-24 13:20:00-04:00,1.1642490118057682,TP,0.000182,3.0,2.686,2686.03
2020-07-26 18:25:00-04:00,LONG,Breakout,1.16509,1.1646085691781378,1.1665342924655864,2020-07-26 19:00:00-04:00,1.1646085691781378,SL,0.000186,-1.0,-1.3863,-1386.35
2020-07-26 19:15:00-04:00,LONG,Breakout,1.16474,1.1646034497757183,1.1651496506728456,2020-07-26 19:20:00-04:00,1.1646034497757183,SL,0.000198,-1.0,-2.45,-2450.02
2020-07-26 20:00:00-04:00,LONG,Breakout,1.16572,1.1653200803983244,1.1669197588050273,2020-07-26 20:20:00-04:00,1.1669197588050273,TP,0.000182,3.0,2.5449,2544.91
2020-07-26 22:45:00-04:00,LONG,Breakout,1.17086,1.169664775158475,1.174445674524575,2020-07-27 01:20:00-04:00,1.169664775158475,SL,0.00017,-1.0,-1.1422,-1142.23
2020-07-27 07:55:00-04:00,LONG,Breakout,1.17432,1.1730739182590513,1.1780582452228463,2020-07-27 09:10:00-04:00,1.1730739182590513,SL,0.00016,-1.0,-1.1284,-1128.4
2020-07-27 09:15:00-04:00,LONG,Retest,1.17333,1.1730526704215851,1.1741619887352446,2020-07-27 09:20:00-04:00,1.1730526704215851,SL,0.000178,-1.0,-1.6418,-1641.84
2020-07-27 18:10:00-04:00,LONG,Breakout,1.17555,1.1752718356133394,1.1763844931599823,2020-07-27 19:15:00-04:00,1.1752718356133394,SL,0.00022,-1.0,-1.7909,-1790.9
2020-07-28 02:00:00-04:00,LONG,Breakout,1.17354,1.1733551259384771,1.1740946221845687,2020-07-28 02:10:00-04:00,1.1733551259384771,SL,0.000176,-1.0,-1.952,-1952.0
2020-07-28 20:15:00-04:00,LONG,Breakout,1.1723,1.1722107300924962,1.172567809722511,2020-07-28 20:25:00-04:00,1.1722107300924962,SL,0.00018,-1.0,-3.0164,-3016.36
2020-07-28 20:45:00-04:00,LONG,Bounce,1.1718,1.1716517845292236,1.172244646412329,2020-07-28 21:30:00-04:00,1.1716517845292236,SL,0.00017,-1.0,-2.147,-2146.98
2020-07-29 01:55:00-04:00,LONG,Breakout,1.1733500000000001,1.173224830719048,1.1737255078428563,2020-07-29 02:00:00-04:00,1.173224830719048,SL,0.000184,-1.0,-2.47,-2470.01
2020-07-29 09:30:00-04:00,LONG,Breakout,1.17581,1.1752444261683206,1.1775067214950383,2020-07-29 09:40:00-04:00,1.1752444261683206,SL,0.00017,-1.0,-1.3006,-1300.58
2020-07-29 10:15:00-04:00,LONG,Breakout,1.1755,1.1752300672637659,1.1763097982087023,2020-07-29 10:30:00-04:00,1.1752300672637659,SL,0.000168,-1.0,-1.6224,-1622.38
2020-07-29 13:40:00-04:00,LONG,Breakout,1.17859,1.1775323281610524,1.181763015516843,2020-07-29 14:00:00-04:00,1.1775323281610524,SL,0.000168,-1.0,-1.1588,-1158.84
2020-07-30 08:55:00-04:00,LONG,Breakout,1.1776200000000001,1.1757554892295197,1.1832135323114414,2020-07-30 13:30:00-04:00,1.1832135323114414,TP,0.000164,3.0,2.912,2912.04
2020-07-30 19:15:00-04:00,LONG,Breakout,1.18683,1.1846429570211479,1.1933911289365566,2020-07-31 05:05:00-04:00,1.1846429570211479,SL,0.000162,-1.0,-1.0741,-1074.07
2020-07-31 09:05:00-04:00,LONG,Bounce,1.1836,1.1825182728618202,1.1868451814145393,2020-07-31 09:20:00-04:00,1.1825182728618202,SL,0.000172,-1.0,-1.159,-1159.0
2020-08-03 10:05:00-04:00,LONG,Breakout,1.17379,1.1731800900085598,1.17561972997432,2020-08-03 10:20:00-04:00,1.1731800900085598,SL,0.000168,-1.0,-1.2755,-1275.45
2020-08-03 11:00:00-04:00,LONG,Retest,1.1739600000000001,1.1731775143677532,1.1763074568967409,2020-08-03 15:05:00-04:00,1.1763074568967409,TP,0.00017,3.0,2.7827,2782.74
2020-08-04 03:00:00-04:00,LONG,Breakout,1.17811,1.1775066561961118,1.1799200314116645,2020-08-04 03:05:00-04:00,1.1775066561961118,SL,0.000178,-1.0,-1.295,-1295.02
2020-08-04 03:10:00-04:00,LONG,Breakout,1.17788,1.1774907596793005,1.1790477209620986,2020-08-04 03:25:00-04:00,1.1790477209620986,TP,0.00017,3.0,2.5633,2563.25
2020-08-04 15:05:00-04:00,LONG,Breakout,1.17924,1.1789528865959784,1.180101340212065,2020-08-04 16:50:00-04:00,1.180101340212065,TP,0.000172,3.0,2.4009,2400.93
2020-08-04 19:45:00-04:00,LONG,Breakout,1.18038,1.1801309857416646,1.181127042775006,2020-08-04 19:55:00-04:00,1.181127042775006,TP,0.000188,3.0,2.245,2245.02
2020-08-04 20:35:00-04:00,LONG,Breakout,1.18028,1.180118060933742,1.1807658171987738,2020-08-04 20:50:00-04:00,1.1807658171987738,TP,0.000186,3.0,1.8514,1851.42
2020-08-04 22:40:00-04:00,LONG,Breakout,1.18165,1.181343036785039,1.1825708896448832,2020-08-04 23:15:00-04:00,1.181343036785039,SL,0.000182,-1.0,-1.5929,-1592.9
2020-08-05 00:00:00-04:00,LONG,Retest,1.18144,1.1813571289007267,1.18168861329782,2020-08-05 00:10:00-04:00,1.1813571289007267,SL,0.000186,-1.0,-3.2444,-3244.45
2020-08-05 02:25:00-04:00,LONG,Bounce,1.18119,1.1810448500238284,1.1816254499285146,2020-08-05 02:40:00-04:00,1.1816254499285146,TP,0.000174,3.0,1.8012,1801.24
2020-08-05 03:15:00-04:00,LONG,Breakout,1.18251,1.1816371369601413,1.185128589119576,2020-08-05 03:35:00-04:00,1.1816371369601413,SL,0.000176,-1.0,-1.2016,-1201.64
2020-08-05 04:50:00-04:00,LONG,Breakout,1.18381,1.1827619443486037,1.186954166954189,2020-08-05 08:25:00-04:00,1.186954166954189,TP,0.000172,3.0,2.8359,2835.89
2020-08-05 09:35:00-04:00,LONG,Breakout,1.18923,1.1878495990136755,1.1933712029589736,2020-08-05 10:50:00-04:00,1.1878495990136755,SL,0.000168,-1.0,-1.1217,-1121.7
2020-08-05 18:00:00-04:00,LONG,Breakout,1.18675,1.186472102031104,1.187583693906688,2020-08-05 20:05:00-04:00,1.187583693906688,TP,0.000212,3.0,2.2371,2237.13
2020-08-05 20:05:00-04:00,LONG,Breakout,1.18765,1.187450169649972,1.1882494910500845,2020-08-05 20:20:00-04:00,1.1882494910500845,TP,0.000176,3.0,2.1193,2119.25
2020-08-05 20:35:00-04:00,LONG,Retest,1.18766,1.187437168453144,1.188328494640568,2020-08-05 20:50:00-04:00,1.188328494640568,TP,0.000192,3.0,2.1384,2138.36
2020-08-06 02:00:00-04:00,LONG,Breakout,1.18883,1.1884183529513286,1.1900649411460145,2020-08-06 02:05:00-04:00,1.1900649411460145,TP,0.000172,3.0,2.5822,2582.17
2020-08-06 07:05:00-04:00,LONG,Bounce,1.1838899999999999,1.1835718569415938,1.184844429175218,2020-08-06 07:10:00-04:00,1.1835718569415938,SL,0.00017,-1.0,-1.5344,-1534.35
2020-08-06 12:00:00-04:00,LONG,Breakout,1.18698,1.1863935569038921,1.1887393292883233,2020-08-06 12:05:00-04:00,1.1887393292883233,TP,0.00017,3.0,2.7101,2710.12
2020-08-06 13:20:00-04:00,LONG,Retest,1.18678,1.1864347283590848,1.1878158149227453,2020-08-06 13:40:00-04:00,1.1878158149227453,TP,0.000178,3.0,2.4845,2484.46
2020-08-06 13:45:00-04:00,LONG,Breakout,1.18915,1.1888370849137073,1.1900887452588778,2020-08-06 13:50:00-04:00,1.1888370849137073,SL,0.000164,-1.0,-1.5241,-1524.1
2020-08-06 15:10:00-04:00,LONG,Bounce,1.18742,1.1864848714751,1.1902253855746998,2020-08-06 15:45:00-04:00,1.1864848714751,SL,0.000176,-1.0,-1.1882,-1188.21
2020-08-06 18:20:00-04:00,LONG,Breakout,1.18801,1.1878474891195432,1.1884975326413705,2020-08-06 18:35:00-04:00,1.1878474891195432,SL,0.000186,-1.0,-2.1445,-2144.54
2020-08-06 21:15:00-04:00,LONG,Bounce,1.18717,1.1866438943260569,1.1887483170218296,2020-08-06 21:25:00-04:00,1.1866438943260569,SL,0.000182,-1.0,-1.3459,-1345.94
2020-08-07 08:30:00-04:00,LONG,Bounce,1.18234,1.180674328795144,1.1873370136145678,2020-08-07 09:10:00-04:00,1.180674328795144,SL,0.00017,-1.0,-1.1021,-1102.06
2020-08-09 18:00:00-04:00,LONG,Breakout,1.1785700000000001,1.1784361752553767,1.1789714742338704,2020-08-09 18:10:00-04:00,1.1784361752553767,SL,0.000226,-1.0,-2.6888,-2688.78
2020-08-09 20:15:00-04:00,LONG,Breakout,1.17907,1.178703858449888,1.1801684246503366,2020-08-10 02:30:00-04:00,1.178703858449888,SL,0.00018,-1.0,-1.4916,-1491.61
2020-08-10 06:35:00-04:00,LONG,Bounce,1.17559,1.175041345219692,1.1772359643409238,2020-08-10 06:50:00-04:00,1.175041345219692,SL,0.000176,-1.0,-1.3208,-1320.78
2020-08-10 09:45:00-04:00,LONG,Breakout,1.17812,1.1773225842334543,1.1805122472996374,2020-08-10 10:15:00-04:00,1.1773225842334543,SL,0.000172,-1.0,-1.2157,-1215.7
2020-08-10 14:25:00-04:00,LONG,Bounce,1.17471,1.1744883385132276,1.1753749844603167,2020-08-10 14:40:00-04:00,1.1744883385132276,SL,0.000182,-1.0,-1.8211,-1821.07
2020-08-10 21:50:00-04:00,LONG,Breakout,1.17439,1.1741488908476383,1.1751133274570853,2020-08-10 23:05:00-04:00,1.1741488908476383,SL,0.000182,-1.0,-1.7548,-1754.84
2020-08-11 04:10:00-04:00,LONG,Breakout,1.17653,1.175396330008526,1.1799310099744225,2020-08-11 06:10:00-04:00,1.1799310099744225,TP,0.000174,3.0,2.8465,2846.52
2020-08-13 02:00:00-04:00,LONG,Breakout,1.18228,1.1813031640277745,1.1852105079166766,2020-08-13 06:25:00-04:00,1.1852105079166766,TP,0.000174,3.0,2.8219,2821.87
2020-08-13 09:45:00-04:00,LONG,Breakout,1.18587,1.18506774225724,1.18827677322828,2020-08-13 10:00:00-04:00,1.18506774225724,SL,0.00017,-1.0,-1.2119,-1211.9
2020-08-13 20:25:00-04:00,LONG,Bounce,1.18118,1.1809817987503755,1.1817746037488732,2020-08-13 20:45:00-04:00,1.1809817987503755,SL,0.00018,-1.0,-1.9082,-1908.17
2020-08-13 23:05:00-04:00,LONG,Bounce,1.18039,1.1800082803320326,1.1815351590039023,2020-08-14 00:25:00-04:00,1.1815351590039023,TP,0.000174,3.0,2.5442,2544.17
2020-08-14 08:30:00-04:00,LONG,Breakout,1.1819600000000001,1.181561926969567,1.1831542190912996,2020-08-14 08:55:00-04:00,1.181561926969567,SL,0.000178,-1.0,-1.4472,-1447.15
2020-08-14 09:05:00-04:00,LONG,Breakout,1.18265,1.1815344412196054,1.1859966763411838,2020-08-14 10:15:00-04:00,1.1815344412196054,SL,0.000168,-1.0,-1.1506,-1150.6
2020-08-14 10:20:00-04:00,LONG,Breakout,1.18202,1.1815237965028087,1.1835086104915742,2020-08-14 10:45:00-04:00,1.1835086104915742,TP,0.00017,3.0,2.6574,2657.4
2020-08-14 12:40:00-04:00,LONG,Breakout,1.18434,1.1835667595790111,1.1866597212629664,2020-08-14 14:00:00-04:00,1.1835667595790111,SL,0.000176,-1.0,-1.2276,-1227.61
2020-08-16 22:05:00-04:00,LONG,Breakout,1.18486,1.184744236390476,1.1852072908285718,2020-08-16 22:15:00-04:00,1.1852072908285718,TP,0.00018,3.0,1.4451,1445.11
2020-08-17 02:00:00-04:00,LONG,Breakout,1.18663,1.185997241384034,1.188528275847898,2020-08-17 02:30:00-04:00,1.185997241384034,SL,0.000174,-1.0,-1.275,-1274.99
2020-08-17 02:35:00-04:00,LONG,Breakout,1.18626,1.1859809082823503,1.1870972751529496,2020-08-17 02:50:00-04:00,1.1859809082823503,SL,0.000186,-1.0,-1.6664,-1666.45
2020-08-17 02:55:00-04:00,LONG,Breakout,1.18612,1.1859764524534624,1.186550642639613,2020-08-17 03:00:00-04:00,1.1859764524534624,SL,0.000174,-1.0,-2.2121,-2212.14
2020-08-17 09:30:00-04:00,LONG,Breakout,1.18693,1.1861781347135383,1.1891855958593853,2020-08-17 10:55:00-04:00,1.1861781347135383,SL,0.000176,-1.0,-1.2341,-1234.08
2020-08-17 17:35:00-04:00,LONG,Breakout,1.18729,1.1869790216713867,1.1882229349858398,2020-08-17 17:45:00-04:00,1.1869790216713867,SL,0.000328,-1.0,-2.0547,-2054.74
2020-08-17 18:25:00-04:00,LONG,Retest,1.18707,1.1869807543358324,1.1873377369925031,2020-08-17 18:40:00-04:00,1.1869807543358324,SL,0.0002,-1.0,-3.241,-3241.01
2020-08-17 20:00:00-04:00,LONG,Breakout,1.18777,1.1874030057787286,1.1888709826638142,2020-08-17 20:20:00-04:00,1.1874030057787286,SL,0.000182,-1.0,-1.4959,-1495.92
2020-08-17 20:20:00-04:00,LONG,Retest,1.18761,1.18739978253973,1.1882406523808102,2020-08-17 20:35:00-04:00,1.18739978253973,SL,0.000196,-1.0,-1.9324,-1932.37
2020-08-18 02:00:00-04:00,LONG,Breakout,1.18946,1.1893617147864126,1.189754855640762,2020-08-18 02:05:00-04:00,1.1893617147864126,SL,0.00018,-1.0,-2.8314,-2831.4
2020-08-18 02:30:00-04:00,LONG,Breakout,1.18988,1.1893438523304078,1.1914884430087767,2020-08-18 02:40:00-04:00,1.1893438523304078,SL,0.000176,-1.0,-1.3283,-1328.27
2020-08-18 03:15:00-04:00,LONG,Retest,1.18992,1.1892966113915664,1.1917901658253012,2020-08-18 03:25:00-04:00,1.1892966113915664,SL,0.000176,-1.0,-1.2823,-1282.33
2020-08-18 04:50:00-04:00,LONG,Breakout,1.1911,1.1903568819814603,1.1933293540556194,2020-08-18 05:25:00-04:00,1.1903568819814603,SL,0.000174,-1.0,-1.2341,-1234.15
2020-08-18 08:15:00-04:00,LONG,Breakout,1.19287,1.1907658835225852,1.1991823494322449,2020-08-19 10:40:00-04:00,1.1907658835225852,SL,0.000176,-1.0,-1.0836,-1083.65
2020-08-19 21:40:00-04:00,LONG,Bounce,1.18385,1.1837145370376072,1.1842563888871787,2020-08-19 21:45:00-04:00,1.1837145370376072,SL,0.00016,-1.0,-2.1811,-2181.13
2020-08-20 03:05:00-04:00,LONG,Breakout,1.18552,1.1849503502468857,1.1872289492593426,2020-08-20 03:50:00-04:00,1.1849503502468857,SL,0.000158,-1.0,-1.2774,-1277.36
2020-08-20 07:35:00-04:00,LONG,Breakout,1.18454,1.184253673636947,1.185398979089159,2020-08-20 07:50:00-04:00,1.184253673636947,SL,0.000154,-1.0,-1.5378,-1537.85
2020-08-20 07:55:00-04:00,LONG,Breakout,1.18486,1.1842583759044367,1.18666487228669,2020-08-20 08:10:00-04:00,1.1842583759044367,SL,0.000154,-1.0,-1.256,-1255.97
2020-08-20 08:30:00-04:00,LONG,Breakout,1.18476,1.1842427528687969,1.1863117413936095,2020-08-20 08:45:00-04:00,1.1842427528687969,SL,0.00016,-1.0,-1.3093,-1309.33
2020-08-20 18:10:00-04:00,LONG,Breakout,1.18625,1.186172657257927,1.1864820282262192,2020-08-20 18:55:00-04:00,1.1864820282262192,TP,0.000204,3.0,0.3624,362.39
2020-08-21 09:50:00-04:00,LONG,Bounce,1.1762,1.1757645399939023,1.1775063800182928,2020-08-21 09:55:00-04:00,1.1757645399939023,SL,0.000152,-1.0,-1.3491,-1349.06
2020-08-21 09:55:00-04:00,LONG,Bounce,1.17605,1.1757642157086234,1.1769073528741298,2020-08-21 10:00:00-04:00,1.1757642157086234,SL,0.000156,-1.0,-1.5459,-1545.87
2020-08-27 02:50:00-04:00,LONG,Breakout,1.18362,1.1834164953960702,1.184230513811789,2020-08-27 02:55:00-04:00,1.1834164953960702,SL,0.000162,-1.0,-1.7961,-1796.05
2020-08-27 09:10:00-04:00,LONG,Breakout,1.18641,1.1837276450662269,1.1944570648013193,2020-08-27 09:35:00-04:00,1.1837276450662269,SL,0.000154,-1.0,-1.0574,-1057.41
2020-08-27 17:35:00-04:00,LONG,Bounce,1.18187,1.1817171720472557,1.1823284838582329,2020-08-27 17:40:00-04:00,1.1817171720472557,SL,0.000356,-1.0,-3.3294,-3329.42
2020-08-27 20:10:00-04:00,LONG,Bounce,1.18143,1.181130185646617,1.182329443060149,2020-08-27 20:40:00-04:00,1.181130185646617,SL,0.000158,-1.0,-1.527,-1526.99
2020-08-28 03:00:00-04:00,LONG,Breakout,1.18812,1.1877319550473704,1.189284134857889,2020-08-28 03:20:00-04:00,1.189284134857889,TP,0.000156,3.0,2.598,2597.98
2020-08-28 09:30:00-04:00,LONG,Bounce,1.18955,1.188306518743848,1.1932804437684565,2020-08-28 09:35:00-04:00,1.188306518743848,SL,0.000152,-1.0,-1.1222,-1122.24
2020-08-31 02:35:00-04:00,LONG,Bounce,1.1899899999999999,1.1898528801142954,1.1904013596571135,2020-08-31 02:40:00-04:00,1.1898528801142954,SL,0.00016,-1.0,-2.1669,-2166.86
2020-08-31 20:00:00-04:00,LONG,Breakout,1.1942599999999999,1.193874305735415,1.1954170827937542,2020-08-31 20:40:00-04:00,1.193874305735415,SL,0.000156,-1.0,-1.4045,-1404.47
2020-09-01 09:10:00-04:00,LONG,Breakout,1.19973,1.1993092459474115,1.2009922621577653,2020-09-01 09:15:00-04:00,1.1993092459474115,SL,0.000154,-1.0,-1.366,-1366.01
2020-09-02 00:30:00-04:00,LONG,Breakout,1.19077,1.1906447314827342,1.1911458055517978,2020-09-02 00:40:00-04:00,1.1906447314827342,SL,0.000172,-1.0,-2.3731,-2373.05
2020-09-02 02:00:00-04:00,LONG,Breakout,1.19103,1.190783872649255,1.1917683820522351,2020-09-02 02:05:00-04:00,1.190783872649255,SL,0.000156,-1.0,-1.6338,-1633.82
2020-09-03 00:10:00-04:00,SHORT,Breakout,1.1814,1.1824367440416175,1.1782897678751476,2020-09-03 04:00:00-04:00,1.1824367440416175,SL,0.000164,-1.0,-1.1582,-1158.19
2020-09-03 11:15:00-04:00,SHORT,Breakout,1.18173,1.182500430426801,1.1794187087195969,2020-09-03 11:30:00-04:00,1.182500430426801,SL,0.000156,-1.0,-1.2025,-1202.48
2020-09-03 19:15:00-04:00,SHORT,Breakout,1.18419,1.1844383525857187,1.1834449422428441,2020-09-03 19:25:00-04:00,1.1844383525857187,SL,0.000164,-1.0,-1.6604,-1660.35
2020-09-08 01:05:00-04:00,SHORT,Breakout,1.18039,1.180618454274567,1.1797046371762991,2020-09-08 01:20:00-04:00,1.180618454274567,SL,0.00016,-1.0,-1.7004,-1700.36
2020-09-08 01:25:00-04:00,SHORT,Breakout,1.18048,1.1806183764196143,1.180064870741157,2020-09-08 01:40:00-04:00,1.180064870741157,TP,0.000184,3.0,1.6703,1670.29
2020-09-08 09:40:00-04:00,SHORT,Breakout,1.17741,1.1782299610378397,1.174950116886481,2020-09-08 10:05:00-04:00,1.1782299610378397,SL,0.000158,-1.0,-1.1927,-1192.69
2020-09-08 14:50:00-04:00,SHORT,Breakout,1.17779,1.1780478345181469,1.177016496445559,2020-09-08 14:55:00-04:00,1.1780478345181469,SL,0.000158,-1.0,-1.6128,-1612.8
2020-09-08 15:00:00-04:00,SHORT,Breakout,1.17734,1.1780528267018715,1.1752015198943857,2020-09-08 15:05:00-04:00,1.1780528267018715,SL,0.000162,-1.0,-1.2273,-1227.26
2020-09-08 15:15:00-04:00,SHORT,Breakout,1.17766,1.1780530810000043,1.1764807569999869,2020-09-08 15:30:00-04:00,1.1780530810000043,SL,0.000166,-1.0,-1.4223,-1422.3
2020-09-08 17:55:00-04:00,SHORT,Breakout,1.17717,1.1774104692422331,1.1764485922733008,2020-09-08 18:10:00-04:00,1.1764485922733008,TP,0.00018,3.0,2.2515,2251.46
2020-09-08 23:50:00-04:00,SHORT,Bounce,1.17782,1.1779342002265367,1.1774773993203902,2020-09-08 23:55:00-04:00,1.1779342002265367,SL,0.000164,-1.0,-2.4361,-2436.07
2020-09-09 02:05:00-04:00,SHORT,Breakout,1.17739,1.177633152482465,1.1766605425526047,2020-09-09 02:15:00-04:00,1.1766605425526047,TP,0.000158,3.0,2.3502,2350.2
2020-09-09 03:25:00-04:00,SHORT,Retest,1.17722,1.177674456355197,1.1758566309344085,2020-09-09 03:35:00-04:00,1.177674456355197,SL,0.00016,-1.0,-1.3521,-1352.07
2020-09-09 19:00:00-04:00,SHORT,Bounce,1.18076,1.1810594182582923,1.1798617452251232,2020-09-09 20:15:00-04:00,1.1810594182582923,SL,0.000174,-1.0,-1.5811,-1581.13
2020-09-17 09:55:00-04:00,SHORT,Bounce,1.18081,1.1813269045958061,1.1792592862125812,2020-09-17 10:30:00-04:00,1.1813269045958061,SL,0.000144,-1.0,-1.2786,-1278.58
2020-09-21 15:00:00-04:00,LONG,Breakout,1.17624,1.1755497011890508,1.1783108964328475,2020-09-21 20:30:00-04:00,1.1755497011890508,SL,0.000174,-1.0,-1.2521,-1252.06
2020-09-21 21:00:00-04:00,LONG,Bounce,1.17681,1.1762188260073552,1.1785835219779341,2020-09-21 21:10:00-04:00,1.1762188260073552,SL,0.000166,-1.0,-1.2808,-1280.8
2020-09-22 01:55:00-04:00,SHORT,Breakout,1.17516,1.1752664093563236,1.174840771931029,2020-09-22 02:00:00-04:00,1.1752664093563236,SL,0.000174,-1.0,-2.6352,-2635.19
2020-09-22 02:15:00-04:00,SHORT,Breakout,1.17447,1.1752824915562776,1.1720325253311668,2020-09-22 03:40:00-04:00,1.1720325253311668,TP,0.000164,3.0,2.7982,2798.15
2020-09-22 09:50:00-04:00,SHORT,Breakout,1.1729,1.1735083873809453,1.1710748378571643,2020-09-22 10:30:00-04:00,1.1735083873809453,SL,0.000164,-1.0,-1.2696,-1269.57
2020-09-23 03:05:00-04:00,SHORT,Bounce,1.16836,1.1690262383714007,1.166361284885798,2020-09-23 03:10:00-04:00,1.1690262383714007,SL,0.000164,-1.0,-1.2462,-1246.16
2020-09-23 09:50:00-04:00,SHORT,Breakout,1.16792,1.1685810906007792,1.1659367281976627,2020-09-23 11:15:00-04:00,1.1685810906007792,SL,0.000158,-1.0,-1.239,-1239.0
2020-09-23 11:25:00-04:00,SHORT,Retest,1.16771,1.168584823099448,1.165085530701656,2020-09-23 12:35:00-04:00,1.168584823099448,SL,0.00017,-1.0,-1.1943,-1194.33
2020-09-23 14:55:00-04:00,SHORT,Breakout,1.16566,1.1664184556799406,1.1633846329601778,2020-09-23 17:05:00-04:00,1.1664184556799406,SL,0.00016,-1.0,-1.211,-1210.95
2020-09-23 17:25:00-04:00,SHORT,Retest,1.1658,1.1664049805000767,1.1639850584997697,2020-09-23 20:00:00-04:00,1.1664049805000767,SL,0.00027,-1.0,-1.4463,-1446.3
2020-09-23 22:00:00-04:00,SHORT,Bounce,1.16609,1.1664720212817712,1.1649439361546867,2020-09-23 22:15:00-04:00,1.1664720212817712,SL,0.000164,-1.0,-1.4293,-1429.3
2020-09-24 08:40:00-04:00,SHORT,Breakout,1.16263,1.1633518672091558,1.1604643983725327,2020-09-24 08:45:00-04:00,1.1633518672091558,SL,0.00016,-1.0,-1.2216,-1221.65
2020-09-24 21:05:00-04:00,SHORT,Breakout,1.16627,1.1665470452000408,1.1654388643998772,2020-09-24 21:10:00-04:00,1.1665470452000408,SL,0.00017,-1.0,-1.6136,-1613.62
2020-09-25 00:00:00-04:00,SHORT,Breakout,1.16623,1.1664136410197294,1.165679076940812,2020-09-25 00:20:00-04:00,1.1664136410197294,SL,0.000168,-1.0,-1.9148,-1914.83
2020-09-25 07:00:00-04:00,SHORT,Breakout,1.16322,1.1639023737162524,1.1611728788512425,2020-09-25 07:40:00-04:00,1.1639023737162524,SL,0.000156,-1.0,-1.2286,-1228.61
2020-09-25 07:50:00-04:00,SHORT,Retest,1.16342,1.1638945539180447,1.1619963382458653,2020-09-25 08:40:00-04:00,1.1638945539180447,SL,0.000168,-1.0,-1.354,-1354.02
2020-09-25 10:05:00-04:00,SHORT,Breakout,1.16188,1.1627900834363443,1.1591497496909673,2020-09-25 10:25:00-04:00,1.1627900834363443,SL,0.000164,-1.0,-1.1802,-1180.2
2020-09-27 20:05:00-04:00,SHORT,Breakout,1.16273,1.162995935973149,1.1619321920805532,2020-09-27 20:10:00-04:00,1.162995935973149,SL,0.000176,-1.0,-1.6618,-1661.81
2020-09-27 20:15:00-04:00,SHORT,Retest,1.16272,1.163003679487052,1.161868961538844,2020-09-27 20:20:00-04:00,1.163003679487052,SL,0.00018,-1.0,-1.6345,-1634.52
2020-09-27 20:50:00-04:00,SHORT,Breakout,1.16202,1.163013318247668,1.159040045256996,2020-09-27 21:50:00-04:00,1.163013318247668,SL,0.00016,-1.0,-1.1611,-1161.08
2020-09-27 22:55:00-04:00,SHORT,Bounce,1.16338,1.163563945260542,1.1628281642183744,2020-09-27 23:15:00-04:00,1.163563945260542,SL,0.000178,-1.0,-1.9677,-1967.68
2020-09-28 01:50:00-04:00,SHORT,Breakout,1.16252,1.1630880647848574,1.1608158056454279,2020-09-28 02:15:00-04:00,1.1630880647848574,SL,0.000178,-1.0,-1.3133,-1313.34
2020-09-28 02:40:00-04:00,SHORT,Breakout,1.16289,1.1631043949684765,1.1622468150945704,2020-09-28 02:45:00-04:00,1.1631043949684765,SL,0.000166,-1.0,-1.7743,-1774.27
2020-09-28 03:05:00-04:00,SHORT,Breakout,1.16234,1.16251276476511,1.16182170570467,2020-09-28 03:10:00-04:00,1.16251276476511,SL,0.000166,-1.0,-1.9608,-1960.84
2020-09-29 00:00:00-04:00,SHORT,Bounce,1.16737,1.1674371908343122,1.1671684274970635,2020-09-29 00:10:00-04:00,1.1674371908343122,SL,0.00018,-1.0,-3.6789,-3678.94
2020-09-29 03:00:00-04:00,SHORT,Bounce,1.16771,1.1679132242565555,1.1671003272303335,2020-09-29 03:05:00-04:00,1.1671003272303335,TP,0.000164,3.0,2.193,2193.01
2020-09-29 03:25:00-04:00,SHORT,Bounce,1.16747,1.167929523100288,1.1660914306991361,2020-09-29 03:35:00-04:00,1.167929523100288,SL,0.000166,-1.0,-1.3612,-1361.24
2020-09-29 12:55:00-04:00,SHORT,Bounce,1.17367,1.1742386385976036,1.1719640842071892,2020-09-29 14:00:00-04:00,1.1742386385976036,SL,0.000164,-1.0,-1.2884,-1288.41
2020-09-29 23:00:00-04:00,SHORT,Breakout,1.17383,1.1741387930108977,1.1729036209673065,2020-09-29 23:10:00-04:00,1.1729036209673065,TP,0.000172,3.0,2.443,2442.99
2020-10-02 08:30:00-04:00,SHORT,Bounce,1.17215,1.172615639196726,1.1707530824098222,2020-10-02 08:45:00-04:00,1.1707530824098222,TP,0.000168,3.0,2.6392,2639.21
2020-10-06 22:00:00-04:00,LONG,Bounce,1.17307,1.1728772068130786,1.1736483795607644,2020-10-06 23:00:00-04:00,1.1728772068130786,SL,0.00016,-1.0,-1.8299,-1829.9
2020-10-08 01:20:00-04:00,LONG,Breakout,1.17733,1.1770651671388,1.1781244985836001,2020-10-08 02:15:00-04:00,1.1770651671388,SL,0.000168,-1.0,-1.6344,-1634.36
2020-10-08 02:20:00-04:00,LONG,Breakout,1.1773,1.177050257600291,1.178049227199127,2020-10-08 02:55:00-04:00,1.178049227199127,TP,0.000174,3.0,2.3033,2303.28
2020-10-08 08:15:00-04:00,LONG,Breakout,1.1767,1.1764761925594371,1.177371422321689,2020-10-08 08:20:00-04:00,1.1764761925594371,SL,0.000162,-1.0,-1.7238,-1723.84
2020-10-08 18:00:00-04:00,LONG,Breakout,1.17622,1.175913249035579,1.177140252893263,2020-10-08 20:15:00-04:00,1.175913249035579,SL,0.000224,-1.0,-1.7302,-1730.23
2020-10-08 21:15:00-04:00,LONG,Breakout,1.17671,1.1765937369512167,1.1770587891463495,2020-10-08 21:20:00-04:00,1.1770587891463495,TP,0.000168,3.0,1.555,1555.0
2020-10-09 02:30:00-04:00,LONG,Bounce,1.1775,1.1772271506419114,1.1783185480742657,2020-10-09 02:40:00-04:00,1.1772271506419114,SL,0.000176,-1.0,-1.645,-1645.04
2020-10-09 04:00:00-04:00,LONG,Breakout,1.17953,1.1775795618988794,1.1853813143033618,2020-10-13 09:15:00-04:00,1.1775795618988794,SL,0.000158,-1.0,-1.081,-1081.01
2020-10-13 21:30:00-04:00,LONG,Bounce,1.1741,1.1736611897886366,1.1754164306340897,2020-10-14 03:05:00-04:00,1.1736611897886366,SL,0.000178,-1.0,-1.4056,-1405.64
2020-10-14 03:05:00-04:00,SHORT,Breakout,1.17348,1.1739517244938842,1.1720648265183478,2020-10-14 03:55:00-04:00,1.1739517244938842,SL,0.000162,-1.0,-1.3434,-1343.42
2020-10-14 10:45:00-04:00,SHORT,Bounce,1.17672,1.1769296212898133,1.1760911361305602,2020-10-14 10:55:00-04:00,1.1760911361305602,TP,0.00016,3.0,2.2367,2236.72
2020-10-14 18:40:00-04:00,SHORT,Breakout,1.17402,1.174400028571616,1.172879914285152,2020-10-14 19:00:00-04:00,1.174400028571616,SL,0.000176,-1.0,-1.4631,-1463.12
2020-10-14 20:30:00-04:00,SHORT,Bounce,1.17454,1.1750205355220047,1.1730983934339856,2020-10-14 21:05:00-04:00,1.1750205355220047,SL,0.000168,-1.0,-1.3496,-1349.61
2020-10-14 22:50:00-04:00,SHORT,Breakout,1.17426,1.1745008436329571,1.1735374691011289,2020-10-14 23:00:00-04:00,1.1745008436329571,SL,0.000166,-1.0,-1.6892,-1689.24
2020-10-16 02:10:00-04:00,SHORT,Bounce,1.17041,1.170541493928708,1.1700155182138758,2020-10-16 02:20:00-04:00,1.1700155182138758,TP,0.000168,3.0,1.7224,1722.37
2020-10-16 15:50:00-04:00,SHORT,Breakout,1.17129,1.1714876546297384,1.1706970361107847,2020-10-18 17:15:00-04:00,1.1714876546297384,SL,0.000172,-1.0,-1.8702,-1870.2
2020-10-19 03:15:00-04:00,SHORT,Bounce,1.17084,1.1713862329004028,1.169201301298792,2020-10-19 03:20:00-04:00,1.1713862329004028,SL,0.000168,-1.0,-1.3076,-1307.56
2020-10-19 10:05:00-04:00,SHORT,Breakout,1.17724,1.1774506203049058,1.176608139085283,2020-10-19 10:10:00-04:00,1.1774506203049058,SL,0.000156,-1.0,-1.7407,-1740.67
2020-10-19 14:40:00-04:00,SHORT,Breakout,1.17708,1.1772546731049245,1.1765559806852262,2020-10-19 15:00:00-04:00,1.1765559806852262,TP,0.000162,3.0,2.0726,2072.55
2020-10-19 15:45:00-04:00,SHORT,Retest,1.17706,1.1772493772701695,1.1764918681894914,2020-10-19 16:45:00-04:00,1.1772493772701695,SL,0.000168,-1.0,-1.8871,-1887.12
2020-10-20 00:05:00-04:00,LONG,Breakout,1.17765,1.1774938748657537,1.1781183754027391,2020-10-20 00:20:00-04:00,1.1774938748657537,SL,0.000168,-1.0,-2.0761,-2076.06
2020-10-20 00:40:00-04:00,LONG,Breakout,1.1776,1.1775005560608973,1.177898331817308,2020-10-20 01:05:00-04:00,1.177898331817308,TP,0.000168,3.0,1.3106,1310.61
2020-10-20 01:50:00-04:00,LONG,Breakout,1.17781,1.1774954517087037,1.178753644873889,2020-10-20 02:00:00-04:00,1.1774954517087037,SL,0.000168,-1.0,-1.5341,-1534.1
2020-10-20 09:55:00-04:00,LONG,Breakout,1.18187,1.181628591267165,1.1825942261985052,2020-10-20 10:00:00-04:00,1.181628591267165,SL,0.00016,-1.0,-1.6628,-1662.78
2020-10-21 02:10:00-04:00,LONG,Breakout,1.18518,1.184841901088307,1.186194296735079,2020-10-21 02:40:00-04:00,1.186194296735079,TP,0.000156,3.0,2.5386,2538.6
2020-10-21 03:50:00-04:00,LONG,Retest,1.18533,1.1848050136093806,1.1869049591718581,2020-10-21 03:55:00-04:00,1.1869049591718581,TP,0.000164,3.0,2.6876,2687.61
2020-10-21 03:55:00-04:00,LONG,Breakout,1.18666,1.1860880840658534,1.18837574780244,2020-10-21 04:00:00-04:00,1.1860880840658534,SL,0.000156,-1.0,-1.2728,-1272.77
2020-10-21 08:30:00-04:00,LONG,Breakout,1.1863299999999999,1.185929065085584,1.1875328047432474,2020-10-21 08:45:00-04:00,1.185929065085584,SL,0.000156,-1.0,-1.3891,-1389.09
2020-10-22 02:05:00-04:00,LONG,Breakout,1.18507,1.1849742868145434,1.18535713955637,2020-10-22 02:15:00-04:00,1.18535713955637,TP,0.000174,3.0,1.1821,1182.07
2020-10-22 03:15:00-04:00,LONG,Breakout,1.18514,1.1849364197118626,1.1857507408644126,2020-10-22 03:25:00-04:00,1.1857507408644126,TP,0.000154,3.0,2.2435,2243.54
2020-10-22 17:35:00-04:00,LONG,Breakout,1.1820599999999999,1.181950276724387,1.1823891698268385,2020-10-22 17:40:00-04:00,1.181950276724387,SL,0.000214,-1.0,-2.9504,-2950.36
2020-10-22 18:10:00-04:00,LONG,Retest,1.18205,1.1819466660674416,1.1823600017976754,2020-10-22 18:35:00-04:00,1.1819466660674416,SL,0.000188,-1.0,-2.8193,-2819.34
2020-10-23 03:00:00-04:00,LONG,Breakout,1.18038,1.1802192923042265,1.1808621230873204,2020-10-23 03:10:00-04:00,1.1802192923042265,SL,0.000158,-1.0,-1.9832,-1983.15
2020-10-23 03:15:00-04:00,LONG,Breakout,1.18038,1.1802046753616564,1.1809059739150307,2020-10-23 03:30:00-04:00,1.1809059739150307,TP,0.000154,3.0,2.1216,2121.63
2020-10-23 08:05:00-04:00,LONG,Breakout,1.18557,1.1851965243275382,1.1866904270173855,2020-10-23 08:20:00-04:00,1.1851965243275382,SL,0.000162,-1.0,-1.4338,-1433.76
2020-10-23 09:35:00-04:00,LONG,Bounce,1.1843,1.1839709184826488,1.1852872445520533,2020-10-23 09:40:00-04:00,1.1839709184826488,SL,0.00016,-1.0,-1.4862,-1486.2
2020-10-26 03:30:00-04:00,LONG,Breakout,1.18402,1.1835509907721966,1.1854270276834105,2020-10-26 03:55:00-04:00,1.1835509907721966,SL,0.00017,-1.0,-1.3625,-1362.47
2020-10-26 04:00:00-04:00,LONG,Bounce,1.18297,1.1827348346445459,1.1836754960663627,2020-10-26 04:15:00-04:00,1.1827348346445459,SL,0.00016,-1.0,-1.6804,-1680.37
2020-10-26 19:45:00-04:00,LONG,Bounce,1.18085,1.1805372429540588,1.1817882711378234,2020-10-26 20:50:00-04:00,1.1817882711378234,TP,0.000186,3.0,2.4053,2405.29
2020-10-27 01:00:00-04:00,LONG,Breakout,1.18263,1.1823881393872369,1.1833555818382897,2020-10-27 01:45:00-04:00,1.1833555818382897,TP,0.000168,3.0,2.3054,2305.39
2020-10-27 09:05:00-04:00,LONG,Breakout,1.18349,1.183164919331441,1.1844652420056765,2020-10-27 09:10:00-04:00,1.183164919331441,SL,0.000156,-1.0,-1.4799,-1479.88
2020-10-27 09:50:00-04:00,LONG,Breakout,1.18336,1.1831549576345524,1.1839751270963428,2020-10-27 10:10:00-04:00,1.1831549576345524,SL,0.000158,-1.0,-1.7706,-1770.57
2020-10-27 21:15:00-04:00,LONG,Breakout,1.17834,1.1780903288487856,1.179089013453643,2020-10-27 21:45:00-04:00,1.1780903288487856,SL,0.000162,-1.0,-1.6489,-1648.85
2020-10-29 03:00:00-04:00,SHORT,Breakout,1.17452,1.1748922679727238,1.1734031960818285,2020-10-29 03:15:00-04:00,1.1748922679727238,SL,0.000164,-1.0,-1.4405,-1440.54
2020-10-29 20:20:00-04:00,SHORT,Bounce,1.16716,1.1674945072872178,1.1661564781383464,2020-10-29 20:50:00-04:00,1.1674945072872178,SL,0.000166,-1.0,-1.4963,-1496.25
2020-10-30 11:30:00-04:00,SHORT,Breakout,1.16708,1.1675831303463633,1.1655706089609097,2020-10-30 11:45:00-04:00,1.1655706089609097,TP,0.00016,3.0,2.682,2681.99
2020-11-01 19:20:00-05:00,SHORT,Breakout,1.16402,1.1641363918421284,1.1636708244736151,2020-11-01 19:50:00-05:00,1.1641363918421284,SL,0.000162,-1.0,-2.3919,-2391.85
2020-11-02 03:00:00-05:00,SHORT,Breakout,1.16256,1.1630204343207433,1.1611786970377702,2020-11-02 03:05:00-05:00,1.1630204343207433,SL,0.00016,-1.0,-1.3475,-1347.5
2020-11-02 03:40:00-05:00,SHORT,Retest,1.16248,1.1630294205435991,1.1608317383692024,2020-11-02 03:50:00-05:00,1.1630294205435991,SL,0.000168,-1.0,-1.3058,-1305.78
2020-11-03 01:00:00-05:00,SHORT,Bounce,1.16535,1.1654280292195187,1.1651159123414443,2020-11-03 01:05:00-05:00,1.1654280292195187,SL,0.000162,-1.0,-3.0761,-3076.15
2020-11-04 05:55:00-05:00,SHORT,Bounce,1.16922,1.1696200135558474,1.1680199593324574,2020-11-04 06:00:00-05:00,1.1696200135558474,SL,0.000162,-1.0,-1.405,-1404.99
2020-11-06 01:40:00-05:00,LONG,Breakout,1.18278,1.1825642277089996,1.183427316873001,2020-11-06 01:50:00-05:00,1.1825642277089996,SL,0.000162,-1.0,-1.7508,-1750.79
2020-11-06 02:00:00-05:00,LONG,Retest,1.18291,1.1825643472927099,1.18394695812187,2020-11-06 02:55:00-05:00,1.18394695812187,TP,0.000168,3.0,2.514,2513.96
2020-11-06 08:50:00-05:00,LONG,Breakout,1.18852,1.1881896330166537,1.189511100950039,2020-11-06 09:05:00-05:00,1.1881896330166537,SL,0.000156,-1.0,-1.4722,-1472.2
2020-11-06 09:20:00-05:00,LONG,Bounce,1.18716,1.18593690492475,1.1908292852257503,2020-11-06 09:40:00-05:00,1.18593690492475,SL,0.000158,-1.0,-1.1292,-1129.18
2020-11-06 11:20:00-05:00,LONG,Retest,1.18863,1.1881778168051378,1.189986549584587,2020-11-06 11:45:00-05:00,1.1881778168051378,SL,0.000162,-1.0,-1.3583,-1358.26
2020-11-08 18:05:00-05:00,LONG,Breakout,1.18897,1.18849596917767,1.1903920924669904,2020-11-08 19:05:00-05:00,1.18849596917767,SL,0.000204,-1.0,-1.4304,-1430.35
2020-11-08 19:25:00-05:00,LONG,Retest,1.1888,1.188486206220562,1.1897413813383146,2020-11-08 19:35:00-05:00,1.188486206220562,SL,0.000172,-1.0,-1.5481,-1548.13
2020-11-09 02:05:00-05:00,LONG,Breakout,1.18959,1.1893992056925267,1.1901623829224197,2020-11-09 02:10:00-05:00,1.1893992056925267,SL,0.000166,-1.0,-1.87,-1870.05
2020-11-09 06:50:00-05:00,LONG,Breakout,1.18963,1.1882810799000172,1.1936767602999483,2020-11-09 07:00:00-05:00,1.1882810799000172,SL,0.00016,-1.0,-1.1186,-1118.61
2020-11-09 07:25:00-05:00,LONG,Breakout,1.18879,1.188220939838833,1.190497180483501,2020-11-09 07:30:00-05:00,1.188220939838833,SL,0.000176,-1.0,-1.3093,-1309.28
2020-11-10 01:45:00-05:00,LONG,Bounce,1.1824,1.1821380561348689,1.183185831595393,2020-11-10 02:00:00-05:00,1.183185831595393,TP,0.00017,3.0,2.351,2351.01
2020-11-10 03:05:00-05:00,LONG,Bounce,1.18214,1.1817623944988436,1.1832728165034692,2020-11-10 03:10:00-05:00,1.1817623944988436,SL,0.000164,-1.0,-1.4343,-1434.32
2020-11-10 09:25:00-05:00,LONG,Breakout,1.18239,1.1817395534484358,1.1843413396546927,2020-11-10 09:30:00-05:00,1.1817395534484358,SL,0.000158,-1.0,-1.2429,-1242.91
2020-11-10 19:15:00-05:00,LONG,Breakout,1.18222,1.181950582258636,1.183028253224092,2020-11-10 19:50:00-05:00,1.181950582258636,SL,0.000172,-1.0,-1.6384,-1638.41
2020-11-10 20:10:00-05:00,LONG,Retest,1.18222,1.1819448126407957,1.1830455620776132,2020-11-10 20:15:00-05:00,1.1819448126407957,SL,0.000168,-1.0,-1.6105,-1610.49
2020-11-10 20:45:00-05:00,LONG,Breakout,1.18268,1.182490596791705,1.1832482096248849,2020-11-10 20:55:00-05:00,1.182490596791705,SL,0.000162,-1.0,-1.8553,-1855.32
2020-11-10 22:10:00-05:00,LONG,Breakout,1.18279,1.1824895134315225,1.1836914597054324,2020-11-10 23:15:00-05:00,1.1824895134315225,SL,0.000162,-1.0,-1.5391,-1539.13
2020-11-11 02:00:00-05:00,LONG,Breakout,1.18261,1.182477718334072,1.1830068449977837,2020-11-11 02:10:00-05:00,1.182477718334072,SL,0.000164,-1.0,-2.2398,-2239.78
2020-11-11 20:05:00-05:00,LONG,Breakout,1.17814,1.177872870419815,1.178941388740555,2020-11-11 21:05:00-05:00,1.177872870419815,SL,0.00017,-1.0,-1.6364,-1636.4
2020-11-13 01:30:00-05:00,LONG,Breakout,1.18066,1.180538510014229,1.1810244699573134,2020-11-13 02:00:00-05:00,1.180538510014229,SL,0.000172,-1.0,-2.4158,-2415.75
2020-11-13 02:30:00-05:00,LONG,Breakout,1.18119,1.1808299858759794,1.1822700423720616,2020-11-13 03:05:00-05:00,1.1808299858759794,SL,0.000168,-1.0,-1.4666,-1466.65
2020-11-13 03:25:00-05:00,LONG,Retest,1.18123,1.180814312436663,1.182477062690011,2020-11-13 04:10:00-05:00,1.180814312436663,SL,0.000168,-1.0,-1.4041,-1404.15
2020-11-13 04:50:00-05:00,LONG,Breakout,1.18256,1.1821048979203508,1.1839253062389479,2020-11-13 05:50:00-05:00,1.1821048979203508,SL,0.000164,-1.0,-1.3604,-1360.36
2020-11-16 02:50:00-05:00,LONG,Breakout,1.18551,1.185338712002086,1.1860238639937424,2020-11-16 02:55:00-05:00,1.185338712002086,SL,0.000164,-1.0,-1.9575,-1957.45
2020-11-16 13:30:00-05:00,LONG,Breakout,1.18456,1.1843977615682717,1.1850467152951851,2020-11-16 13:35:00-05:00,1.1843977615682717,SL,0.000164,-1.0,-2.0109,-2010.86
2020-11-16 14:25:00-05:00,LONG,Retest,1.18453,1.184406900771853,1.1848992976844415,2020-11-16 14:30:00-05:00,1.184406900771853,SL,0.000176,-1.0,-2.4297,-2429.74
2020-11-16 18:05:00-05:00,LONG,Breakout,1.18573,1.1855538022369667,1.1862585932890997,2020-11-16 18:15:00-05:00,1.1855538022369667,SL,0.000162,-1.0,-1.9194,-1919.42
2020-11-17 03:15:00-05:00,LONG,Breakout,1.18601,1.1858398778021098,1.1865203665936708,2020-11-17 03:35:00-05:00,1.1865203665936708,TP,0.00016,3.0,2.0595,2059.5
2020-11-17 08:45:00-05:00,LONG,Breakout,1.18911,1.1883691468027389,1.191332559591783,2020-11-17 08:55:00-05:00,1.1883691468027389,SL,0.000154,-1.0,-1.2079,-1207.87
2020-11-17 23:40:00-05:00,LONG,Breakout,1.1867,1.1864980323885863,1.1873059028342414,2020-11-18 00:15:00-05:00,1.1873059028342414,TP,0.00017,3.0,2.1583,2158.28
2020-11-18 10:55:00-05:00,LONG,Breakout,1.18741,1.1871265430720899,1.1882603707837307,2020-11-18 11:05:00-05:00,1.1871265430720899,SL,0.00016,-1.0,-1.5645,-1564.46
2020-11-18 14:00:00-05:00,LONG,Bounce,1.18668,1.1861137251765497,1.1883788244703508,2020-11-18 14:25:00-05:00,1.1861137251765497,SL,0.000166,-1.0,-1.2931,-1293.14
2020-11-19 00:35:00-05:00,LONG,Breakout,1.18476,1.1846551090341044,1.1850746728976869,2020-11-19 00:40:00-05:00,1.1846551090341044,SL,0.000172,-1.0,-2.6398,-2639.8
2020-11-19 01:25:00-05:00,LONG,Breakout,1.18473,1.1846501373020708,1.1849695880937878,2020-11-19 01:30:00-05:00,1.1846501373020708,SL,0.00018,-1.0,-3.2539,-3253.87
2020-11-19 02:05:00-05:00,LONG,Retest,1.18494,1.184644335792102,1.1858269926236946,2020-11-19 02:45:00-05:00,1.184644335792102,SL,0.000162,-1.0,-1.5479,-1547.92
2020-11-19 05:15:00-05:00,LONG,Bounce,1.18231,1.182001786443324,1.1832346406700276,2020-11-19 05:25:00-05:00,1.182001786443324,SL,0.00016,-1.0,-1.5191,-1519.12
2020-11-19 23:35:00-05:00,LONG,Breakout,1.188,1.1877785145573598,1.1886644563279203,2020-11-20 00:40:00-05:00,1.1886644563279203,TP,0.000174,3.0,2.2144,2214.4
2020-11-23 00:55:00-05:00,LONG,Breakout,1.18759,1.187486277348467,1.187901167954599,2020-11-23 01:10:00-05:00,1.187486277348467,SL,0.000166,-1.0,-2.6004,-2600.42
2020-11-23 02:05:00-05:00,LONG,Bounce,1.18767,1.1870319197564676,1.1895842407305972,2020-11-23 02:30:00-05:00,1.1870319197564676,SL,0.000164,-1.0,-1.257,-1257.02
2020-11-23 15:00:00-05:00,LONG,Breakout,1.18461,1.184437737435095,1.185126787694715,2020-11-23 15:10:00-05:00,1.184437737435095,SL,0.000156,-1.0,-1.9056,-1905.59
2020-11-23 18:15:00-05:00,LONG,Breakout,1.18426,1.1840933794437536,1.1847598616687396,2020-11-23 18:20:00-05:00,1.1840933794437536,SL,0.000188,-1.0,-2.1283,-2128.31
2020-11-23 18:20:00-05:00,LONG,Retest,1.18435,1.1840925666263427,1.185122300120972,2020-11-23 18:50:00-05:00,1.1840925666263427,SL,0.000178,-1.0,-1.6914,-1691.44
2020-11-24 01:20:00-05:00,LONG,Breakout,1.18556,1.1853863355190535,1.1860809934428393,2020-11-24 01:40:00-05:00,1.1853863355190535,SL,0.000162,-1.0,-1.9328,-1932.83
2020-11-24 03:00:00-05:00,LONG,Breakout,1.18629,1.1855314140332869,1.1885657579001396,2020-11-24 04:35:00-05:00,1.1885657579001396,TP,0.00016,3.0,2.7891,2789.08
2020-11-24 14:55:00-05:00,LONG,Breakout,1.18821,1.1880398458023083,1.1887204625930752,2020-11-24 15:50:00-05:00,1.1887204625930752,TP,0.000164,3.0,2.0362,2036.17
2020-11-24 20:00:00-05:00,LONG,Breakout,1.18966,1.1895042027868792,1.1901273916393622,2020-11-24 20:05:00-05:00,1.1901273916393622,TP,0.000174,3.0,1.8832,1883.16
2020-11-24 21:05:00-05:00,LONG,Retest,1.18984,1.1894952442433,1.1908742672701,2020-11-24 23:25:00-05:00,1.1908742672701,TP,0.000168,3.0,2.5127,2512.7
2020-11-24 23:25:00-05:00,LONG,Breakout,1.19088,1.190785210002128,1.191164369993616,2020-11-24 23:30:00-05:00,1.190785210002128,SL,0.000166,-1.0,-2.7512,-2751.24
2020-11-25 02:35:00-05:00,LONG,Breakout,1.19125,1.1908485180881363,1.1924544457355908,2020-11-25 02:40:00-05:00,1.1908485180881363,SL,0.000156,-1.0,-1.3886,-1388.56
2020-11-25 03:00:00-05:00,LONG,Breakout,1.19101,1.1908407433147246,1.191517770055826,2020-11-25 03:05:00-05:00,1.1908407433147246,SL,0.000164,-1.0,-1.9689,-1968.94
2020-11-25 10:35:00-05:00,LONG,Breakout,1.1918,1.1913022552095647,1.1932932343713059,2020-11-25 10:50:00-05:00,1.1913022552095647,SL,0.000164,-1.0,-1.3295,-1329.49
2020-11-25 19:00:00-05:00,LONG,Breakout,1.19177,1.1916638255116607,1.1920885234650178,2020-11-25 19:10:00-05:00,1.1920885234650178,TP,0.000174,3.0,1.3612,1361.19
2020-11-25 20:35:00-05:00,LONG,Breakout,1.19281,1.1924762682813703,1.1938111951558887,2020-11-25 21:00:00-05:00,1.1924762682813703,SL,0.000172,-1.0,-1.5154,-1515.38
2020-11-26 00:00:00-05:00,LONG,Bounce,1.19242,1.1920068644828965,1.1936594065513106,2020-11-26 01:25:00-05:00,1.1936594065513106,TP,0.000164,3.0,2.603,2603.04
2020-11-26 02:45:00-05:00,LONG,Breakout,1.19398,1.1937297754512817,1.1947306736461552,2020-11-26 02:50:00-05:00,1.1937297754512817,SL,0.00016,-1.0,-1.6394,-1639.43
2020-11-26 10:00:00-05:00,LONG,Breakout,1.19035,1.1900971598862,1.1911085203414,2020-11-26 10:15:00-05:00,1.1900971598862,SL,0.000164,-1.0,-1.6486,-1648.63
2020-11-26 14:35:00-05:00,LONG,Breakout,1.1916,1.1913605039691297,1.1923184880926108,2020-11-26 14:55:00-05:00,1.1913605039691297,SL,0.000194,-1.0,-1.81,-1810.03
2020-11-27 03:05:00-05:00,LONG,Breakout,1.19314,1.1927467188271526,1.1943198435185427,2020-11-27 03:10:00-05:00,1.1927467188271526,SL,0.000162,-1.0,-1.4119,-1411.92
2020-11-27 14:45:00-05:00,LONG,Breakout,1.19589,1.1955678776876164,1.1968563669371504,2020-11-27 14:55:00-05:00,1.1955678776876164,SL,0.000198,-1.0,-1.6147,-1614.67
2020-11-27 15:00:00-05:00,LONG,Breakout,1.19576,1.1955673342856026,1.196337997143192,2020-11-29 17:35:00-05:00,1.196337997143192,TP,0.000196,3.0,1.9827,1982.69
2020-11-29 17:50:00-05:00,LONG,Breakout,1.19655,1.1961812246574546,1.1976563260276363,2020-11-30 02:00:00-05:00,1.1961812246574546,SL,0.000296,-1.0,-1.8027,-1802.66
2020-11-30 02:15:00-05:00,LONG,Bounce,1.19654,1.1963818971090843,1.197014308672747,2020-11-30 02:25:00-05:00,1.1963818971090843,SL,0.000164,-1.0,-2.0373,-2037.3
2020-11-30 08:20:00-05:00,LONG,Bounce,1.19821,1.1978302194049968,1.1993493417850096,2020-11-30 09:05:00-05:00,1.1993493417850096,TP,0.00016,3.0,2.5787,2578.7
2020-11-30 09:35:00-05:00,LONG,Breakout,1.19937,1.1990270730546153,1.2003987808361543,2020-11-30 09:40:00-05:00,1.1990270730546153,SL,0.000158,-1.0,-1.4607,-1460.74
2020-11-30 18:30:00-05:00,LONG,Breakout,1.19352,1.1933241513050008,1.1941075460849973,2020-11-30 18:35:00-05:00,1.1933241513050008,SL,0.00018,-1.0,-1.9191,-1919.08
2020-12-01 02:00:00-05:00,LONG,Bounce,1.1959,1.19547933184587,1.1971620044623896,2020-12-01 02:40:00-05:00,1.1971620044623896,TP,0.000168,3.0,2.6006,2600.64
2020-12-02 02:30:00-05:00,LONG,Breakout,1.20828,1.2075673658067576,1.2104179025797273,2020-12-02 02:55:00-05:00,1.2075673658067576,SL,0.000162,-1.0,-1.2273,-1227.33
2020-12-02 07:00:00-05:00,LONG,Bounce,1.20511,1.2044069530488317,1.2072191408535045,2020-12-02 07:30:00-05:00,1.2044069530488317,SL,0.000156,-1.0,-1.2219,-1221.89
2020-12-02 07:35:00-05:00,LONG,Bounce,1.20427,1.2040608050981099,1.2048975847056702,2020-12-02 07:40:00-05:00,1.2040608050981099,SL,0.000166,-1.0,-1.7935,-1793.52
2020-12-02 09:40:00-05:00,LONG,Breakout,1.2079900000000001,1.2076587928898,1.2089836213306007,2020-12-02 09:45:00-05:00,1.2076587928898,SL,0.00016,-1.0,-1.4831,-1483.08
2020-12-02 09:55:00-05:00,LONG,Retest,1.20817,1.2076587295841437,1.2097038112475689,2020-12-02 10:15:00-05:00,1.2097038112475689,TP,0.000162,3.0,2.6831,2683.14
2020-12-02 14:20:00-05:00,LONG,Breakout,1.2101,1.2097557589991255,1.2111327230026234,2020-12-02 14:25:00-05:00,1.2097557589991255,SL,0.000164,-1.0,-1.4764,-1476.41
2020-12-02 14:30:00-05:00,LONG,Breakout,1.21001,1.2097534656676134,1.2107796029971598,2020-12-02 14:35:00-05:00,1.2097534656676134,SL,0.00017,-1.0,-1.6627,-1662.68
2020-12-02 14:55:00-05:00,LONG,Breakout,1.2099,1.2097564491285722,1.2103306526142834,2020-12-02 15:00:00-05:00,1.2097564491285722,SL,0.000172,-1.0,-2.1982,-2198.18
2020-12-03 02:00:00-05:00,LONG,Breakout,1.2123,1.212129745308091,1.2128107640757266,2020-12-03 02:05:00-05:00,1.212129745308091,SL,0.000172,-1.0,-2.0103,-2010.25
2020-12-03 02:25:00-05:00,LONG,Breakout,1.21241,1.212118607958509,1.2132841761244733,2020-12-03 02:30:00-05:00,1.212118607958509,SL,0.000164,-1.0,-1.5628,-1562.82
2020-12-03 03:00:00-05:00,LONG,Breakout,1.2134,1.2120806379298692,1.2173580862103925,2020-12-03 03:35:00-05:00,1.2120806379298692,SL,0.00016,-1.0,-1.1213,-1121.27
2020-12-03 07:30:00-05:00,LONG,Breakout,1.21434,1.2137384064321006,1.216144780703698,2020-12-03 09:10:00-05:00,1.216144780703698,TP,0.00016,3.0,2.734,2734.04
2020-12-03 20:45:00-05:00,LONG,Bounce,1.21437,1.2139468098048307,1.2156395705855076,2020-12-03 21:05:00-05:00,1.2139468098048307,SL,0.000174,-1.0,-1.4112,-1411.16
2020-12-04 00:55:00-05:00,LONG,Breakout,1.21492,1.2146377152763115,1.2157668541710656,2020-12-04 02:00:00-05:00,1.2157668541710656,TP,0.000168,3.0,2.4049,2404.86
2020-12-04 03:10:00-05:00,LONG,Breakout,1.21615,1.2158712620158096,1.2169862139525713,2020-12-04 03:20:00-05:00,1.2158712620158096,SL,0.000162,-1.0,-1.5812,-1581.19
2020-12-04 04:00:00-05:00,LONG,Breakout,1.21632,1.2158548789104324,1.217715363268703,2020-12-04 05:20:00-05:00,1.2158548789104324,SL,0.000158,-1.0,-1.3397,-1339.7
2020-12-04 05:30:00-05:00,LONG,Retest,1.2163599999999999,1.215848801249349,1.2178935962519528,2020-12-04 07:50:00-05:00,1.215848801249349,SL,0.000164,-1.0,-1.3208,-1320.81
2020-12-07 09:30:00-05:00,LONG,Breakout,1.21445,1.2138329666960632,1.2163010999118105,2020-12-07 09:40:00-05:00,1.2163010999118105,TP,0.00016,3.0,2.7407,2740.69
2020-12-08 00:40:00-05:00,LONG,Breakout,1.2117,1.2115123592414034,1.2122629222757897,2020-12-08 01:35:00-05:00,1.2115123592414034,SL,0.000164,-1.0,-1.874,-1874.01
2020-12-08 08:20:00-05:00,LONG,Breakout,1.21277,1.2121201472562138,1.2147195582313584,2020-12-08 08:35:00-05:00,1.2121201472562138,SL,0.000162,-1.0,-1.2493,-1249.29
2020-12-08 18:05:00-05:00,LONG,Breakout,1.21082,1.2105834187716196,1.2115297436851413,2020-12-08 18:30:00-05:00,1.2105834187716196,SL,0.000192,-1.0,-1.8116,-1811.56
2020-12-09 00:55:00-05:00,LONG,Breakout,1.21303,1.2128139326267613,1.2136782021197163,2020-12-09 01:05:00-05:00,1.2136782021197163,TP,0.000172,3.0,2.204,2203.95
2020-12-09 02:40:00-05:00,LONG,Retest,1.21308,1.2127897699703052,1.2139506900890842,2020-12-09 02:55:00-05:00,1.2127897699703052,SL,0.000168,-1.0,-1.5789,-1578.85
2020-12-10 07:45:00-05:00,LONG,Breakout,1.2113,1.210670945983727,1.213187162048819,2020-12-10 07:50:00-05:00,1.210670945983727,SL,0.000174,-1.0,-1.2766,-1276.61
2020-12-10 07:55:00-05:00,LONG,Breakout,1.21103,1.2106532850573972,1.2121601448278085,2020-12-10 08:05:00-05:00,1.2121601448278085,TP,0.000158,3.0,2.5806,2580.58
2020-12-10 08:30:00-05:00,LONG,Breakout,1.21198,1.2106326907879084,1.2160219276362751,2020-12-10 09:05:00-05:00,1.2106326907879084,SL,0.000168,-1.0,-1.1247,-1124.69
2020-12-10 19:00:00-05:00,LONG,Breakout,1.21449,1.214357755213931,1.214886734358207,2020-12-10 19:10:00-05:00,1.214357755213931,SL,0.00018,-1.0,-2.3611,-2361.11
2020-12-10 19:10:00-05:00,LONG,Breakout,1.21448,1.2143574930160936,1.214847520951719,2020-12-10 19:15:00-05:00,1.2143574930160936,SL,0.000178,-1.0,-2.453,-2452.98
2020-12-10 20:00:00-05:00,LONG,Breakout,1.21506,1.2145298455286155,1.2166504634141535,2020-12-11 02:30:00-05:00,1.2145298455286155,SL,0.000166,-1.0,-1.3131,-1313.12
2020-12-14 00:35:00-05:00,LONG,Breakout,1.21363,1.2132617393611242,1.2147347819166272,2020-12-14 02:25:00-05:00,1.2147347819166272,TP,0.000176,3.0,2.5221,2522.08
2020-12-14 07:35:00-05:00,LONG,Breakout,1.2168,1.2158784206194968,1.21956473814151,2020-12-14 07:45:00-05:00,1.2158784206194968,SL,0.00016,-1.0,-1.1736,-1173.61
2020-12-14 08:00:00-05:00,LONG,Breakout,1.21612,1.21587901786286,1.2168429464114203,2020-12-14 08:10:00-05:00,1.21587901786286,SL,0.000168,-1.0,-1.6971,-1697.15
2020-12-14 08:55:00-05:00,LONG,Breakout,1.21707,1.216862567116236,1.2176922986512921,2020-12-14 09:00:00-05:00,1.216862567116236,SL,0.00016,-1.0,-1.7713,-1771.33
2020-12-15 12:55:00-05:00,LONG,Breakout,1.2160199999999999,1.2158856866997627,1.2164229399007114,2020-12-15 13:00:00-05:00,1.2158856866997627,SL,0.00017,-1.0,-2.2657,-2265.7
2020-12-15 23:55:00-05:00,LONG,Breakout,1.21639,1.2162668182601026,1.2167595452196924,2020-12-16 00:00:00-05:00,1.2162668182601026,SL,0.000178,-1.0,-2.445,-2445.02
2020-12-16 02:05:00-05:00,LONG,Breakout,1.21672,1.2163933216730674,1.217700034980798,2020-12-16 02:45:00-05:00,1.2163933216730674,SL,0.000168,-1.0,-1.5143,-1514.27
2020-12-16 02:50:00-05:00,LONG,Breakout,1.2166,1.216376804465508,1.2172695866034753,2020-12-16 02:55:00-05:00,1.216376804465508,SL,0.00016,-1.0,-1.7169,-1716.86
2020-12-16 03:30:00-05:00,LONG,Breakout,1.22017,1.2169810286403744,1.2297369140788768,2020-12-16 11:30:00-05:00,1.2169810286403744,SL,0.000158,-1.0,-1.0495,-1049.55
2020-12-16 12:50:00-05:00,LONG,Bounce,1.2168,1.2165471626314641,1.217558512105608,2020-12-16 14:00:00-05:00,1.2165471626314641,SL,0.000164,-1.0,-1.6486,-1648.64
2020-12-16 14:00:00-05:00,LONG,Bounce,1.21696,1.216088068916292,1.219575793251124,2020-12-16 14:05:00-05:00,1.216088068916292,SL,0.000168,-1.0,-1.1927,-1192.68
2020-12-16 20:15:00-05:00,LONG,Breakout,1.22024,1.2200547247998914,1.2207958256003257,2020-12-16 21:00:00-05:00,1.2200547247998914,SL,0.000168,-1.0,-1.9068,-1906.76
2020-12-16 21:15:00-05:00,LONG,Retest,1.22045,1.2200590473987163,1.2216228578038513,2020-12-16 23:15:00-05:00,1.2216228578038513,TP,0.000182,3.0,2.5345,2534.47
2020-12-17 03:05:00-05:00,LONG,Breakout,1.22417,1.223369084587007,1.2265727462389786,2020-12-17 03:15:00-05:00,1.223369084587007,SL,0.000166,-1.0,-1.2073,-1207.26
2020-12-17 03:45:00-05:00,LONG,Breakout,1.22372,1.2233592094132262,1.2248023717603211,2020-12-17 03:50:00-05:00,1.2233592094132262,SL,0.00016,-1.0,-1.4435,-1443.47
2020-12-17 07:55:00-05:00,LONG,Breakout,1.22473,1.224222583146746,1.2262522505597626,2020-12-17 08:05:00-05:00,1.224222583146746,SL,0.000162,-1.0,-1.3193,-1319.26
2020-12-17 19:00:00-05:00,LONG,Bounce,1.22621,1.2260507507044143,1.2266877478867573,2020-12-17 19:20:00-05:00,1.2260507507044143,SL,0.000172,-1.0,-2.0801,-2080.07
2020-12-18 03:25:00-05:00,LONG,Breakout,1.22596,1.225444034172942,1.2275078974811737,2020-12-18 03:40:00-05:00,1.225444034172942,SL,0.000166,-1.0,-1.3217,-1321.73
2020-12-18 08:10:00-05:00,LONG,Breakout,1.2258,1.2256161324794261,1.2263516025617216,2020-12-18 08:20:00-05:00,1.2256161324794261,SL,0.000158,-1.0,-1.8593,-1859.31
2020-12-18 15:45:00-05:00,LONG,Breakout,1.22456,1.2241940440993684,1.2256578677018952,2020-12-20 17:15:00-05:00,1.2241940440993684,SL,0.000166,-1.0,-1.4536,-1453.61
2020-12-21 01:45:00-05:00,LONG,Breakout,1.21947,1.2190402170314636,1.2207593489056094,2020-12-21 02:20:00-05:00,1.2190402170314636,SL,0.000168,-1.0,-1.3909,-1390.89
2020-12-22 02:30:00-05:00,LONG,Breakout,1.22257,1.2224112508798717,1.2230462473603847,2020-12-22 02:35:00-05:00,1.2224112508798717,SL,0.00017,-1.0,-2.0709,-2070.87
2020-12-22 05:00:00-05:00,LONG,Bounce,1.22096,1.220416003074502,1.2225919907764944,2020-12-22 05:45:00-05:00,1.2225919907764944,TP,0.000166,3.0,2.6949,2694.85
2020-12-22 18:10:00-05:00,LONG,Breakout,1.21683,1.2165731965643762,1.2176004103068716,2020-12-22 18:40:00-05:00,1.2176004103068716,TP,0.000194,3.0,2.2446,2244.56
2020-12-22 20:00:00-05:00,LONG,Bounce,1.21645,1.2157448406927192,1.2185654779218427,2020-12-22 22:15:00-05:00,1.2185654779218427,TP,0.000168,3.0,2.7618,2761.76
2020-12-23 02:05:00-05:00,LONG,Breakout,1.21891,1.2188224864434412,1.2191725406696763,2020-12-23 02:10:00-05:00,1.2188224864434412,SL,0.000168,-1.0,-2.9197,-2919.7
2020-12-23 02:15:00-05:00,LONG,Breakout,1.2192,1.2188179296374568,1.2203462110876298,2020-12-23 03:00:00-05:00,1.2188179296374568,SL,0.000166,-1.0,-1.4345,-1434.47
2020-12-23 09:30:00-05:00,LONG,Breakout,1.22092,1.219529961648955,1.225090115053135,2020-12-23 10:45:00-05:00,1.219529961648955,SL,0.00016,-1.0,-1.1151,-1115.1
2020-12-24 00:55:00-05:00,LONG,Bounce,1.22041,1.220067465204295,1.2214376043871147,2020-12-24 03:40:00-05:00,1.220067465204295,SL,0.000184,-1.0,-1.5372,-1537.17
2020-12-28 00:35:00-05:00,LONG,Breakout,1.22174,1.22147183012832,1.22254450961504,2020-12-28 00:40:00-05:00,1.22147183012832,SL,0.000178,-1.0,-1.6638,-1663.76
2020-12-28 00:45:00-05:00,LONG,Retest,1.22161,1.2214705167943167,1.2220284496170501,2020-12-28 00:55:00-05:00,1.2220284496170501,TP,0.000168,3.0,1.7956,1795.55
2020-12-28 02:40:00-05:00,LONG,Breakout,1.22271,1.2225486584854928,1.2231940245435216,2020-12-28 02:50:00-05:00,1.2225486584854928,SL,0.00017,-1.0,-2.0537,-2053.67
2020-12-28 02:55:00-05:00,LONG,Breakout,1.22302,1.2225467706605786,1.2244396880182642,2020-12-28 03:10:00-05:00,1.2225467706605786,SL,0.000164,-1.0,-1.3466,-1346.56
2020-12-29 02:05:00-05:00,LONG,Breakout,1.22454,1.2241868299327385,1.2255995102017843,2020-12-29 02:45:00-05:00,1.2241868299327385,SL,0.000168,-1.0,-1.4757,-1475.69
2020-12-29 03:05:00-05:00,LONG,Breakout,1.22464,1.224160886179877,1.226077341460369,2020-12-29 04:05:00-05:00,1.224160886179877,SL,0.000166,-1.0,-1.3465,-1346.47
2020-12-29 07:35:00-05:00,LONG,Breakout,1.22594,1.2255148326592182,1.2272155020223454,2020-12-29 07:45:00-05:00,1.2255148326592182,SL,0.000166,-1.0,-1.3904,-1390.43
2020-12-29 08:15:00-05:00,LONG,Retest,1.22574,1.2255306911527486,1.2263679265417544,2020-12-29 08:20:00-05:00,1.2255306911527486,SL,0.00017,-1.0,-1.8122,-1812.2
2020-12-29 18:00:00-05:00,LONG,Breakout,1.22558,1.2251150827051058,1.226974751884682,2020-12-29 18:50:00-05:00,1.2251150827051058,SL,0.000222,-1.0,-1.4775,-1477.5
2020-12-29 19:20:00-05:00,LONG,Breakout,1.2259,1.2257568147301945,1.2263295558094165,2020-12-29 19:25:00-05:00,1.2257568147301945,SL,0.000168,-1.0,-2.1733,-2173.31
2020-12-29 19:40:00-05:00,LONG,Breakout,1.22618,1.2257531172300367,1.2274606483098902,2020-12-29 19:50:00-05:00,1.2274606483098902,TP,0.000178,3.0,2.583,2583.02
2020-12-30 02:00:00-05:00,LONG,Bounce,1.22828,1.2280361643318958,1.2290115070043128,2020-12-30 02:05:00-05:00,1.2280361643318958,SL,0.000174,-1.0,-1.7136,-1713.6
2020-12-30 07:55:00-05:00,LONG,Breakout,1.22887,1.228298208340431,1.2305853749787066,2020-12-30 08:05:00-05:00,1.228298208340431,SL,0.00016,-1.0,-1.2798,-1279.82
2020-12-30 08:45:00-05:00,LONG,Retest,1.2286299999999999,1.2282863192999856,1.229661042100043,2020-12-30 09:00:00-05:00,1.229661042100043,TP,0.000166,3.0,2.517,2516.99
2020-12-30 09:00:00-05:00,LONG,Breakout,1.23037,1.2291493117718908,1.2340320646843275,2020-12-30 09:10:00-05:00,1.2291493117718908,SL,0.000162,-1.0,-1.1327,-1132.71
2020-12-30 19:30:00-05:00,LONG,Breakout,1.23042,1.2302985471461274,1.230784358561618,2020-12-30 19:40:00-05:00,1.2302985471461274,SL,0.000176,-1.0,-2.4491,-2449.12
2020-12-30 20:00:00-05:00,LONG,Retest,1.2306,1.230297633450169,1.2315070996494928,2020-12-30 20:05:00-05:00,1.230297633450169,SL,0.000188,-1.0,-1.6218,-1621.76
2020-12-31 00:30:00-05:00,LONG,Breakout,1.2295099999999999,1.2292541289862293,1.2302776130413116,2020-12-31 00:40:00-05:00,1.2292541289862293,SL,0.00018,-1.0,-1.7035,-1703.48
2020-12-31 02:15:00-05:00,LONG,Breakout,1.22993,1.2295639460312082,1.2310281619063752,2020-12-31 02:35:00-05:00,1.2295639460312082,SL,0.000172,-1.0,-1.4699,-1469.88
2020-12-31 02:50:00-05:00,LONG,Breakout,1.22976,1.2295590868799917,1.2303627393600247,2020-12-31 02:55:00-05:00,1.2295590868799917,SL,0.00018,-1.0,-1.8959,-1895.91
2021-01-03 18:05:00-05:00,LONG,Breakout,1.22357,1.2231327941434422,1.2248816175696735,2021-01-03 18:45:00-05:00,1.2248816175696735,TP,0.000224,3.0,2.4877,2487.66
2021-01-04 02:55:00-05:00,LONG,Breakout,1.2263,1.2257372566782465,1.2279882299652602,2021-01-04 03:30:00-05:00,1.2279882299652602,TP,0.000174,3.0,2.6908,2690.8
2021-01-04 07:55:00-05:00,LONG,Breakout,1.23024,1.2298935347760134,1.2312793956719599,2021-01-04 08:05:00-05:00,1.2298935347760134,SL,0.000164,-1.0,-1.4734,-1473.35
2021-01-04 09:55:00-05:00,LONG,Bounce,1.22882,1.2284043119694126,1.2300670640917624,2021-01-04 10:00:00-05:00,1.2284043119694126,SL,0.00016,-1.0,-1.3849,-1384.9
2021-01-05 03:15:00-05:00,LONG,Breakout,1.22757,1.227258476993136,1.228504569020592,2021-01-05 03:20:00-05:00,1.227258476993136,SL,0.000166,-1.0,-1.5329,-1532.87
2021-01-05 04:35:00-05:00,LONG,Retest,1.22764,1.227251921080138,1.2288042367595862,2021-01-05 04:50:00-05:00,1.227251921080138,SL,0.000166,-1.0,-1.4277,-1427.75
2021-01-05 07:55:00-05:00,LONG,Bounce,1.22717,1.2266605767046657,1.2286982698860034,2021-01-05 08:25:00-05:00,1.2266605767046657,SL,0.000174,-1.0,-1.3416,-1341.56
2021-01-05 19:50:00-05:00,LONG,Breakout,1.23129,1.2299969283220378,1.2351692150338867,2021-01-05 20:05:00-05:00,1.2299969283220378,SL,0.000164,-1.0,-1.1268,-1126.83
2021-01-05 23:20:00-05:00,LONG,Breakout,1.23019,1.2293192770425017,1.2328021688724946,2021-01-05 23:45:00-05:00,1.2293192770425017,SL,0.000158,-1.0,-1.1815,-1181.46
2021-01-06 06:25:00-05:00,LONG,Breakout,1.23458,1.2342600537628052,1.2355398387115843,2021-01-06 06:35:00-05:00,1.2342600537628052,SL,0.000164,-1.0,-1.5126,-1512.59
2021-01-06 14:50:00-05:00,LONG,Bounce,1.23049,1.2294149937904735,1.23371501862858,2021-01-06 15:15:00-05:00,1.23371501862858,TP,0.000172,3.0,2.84,2840.0
2021-01-06 19:15:00-05:00,LONG,Breakout,1.23421,1.2338270822508346,1.2353587532474963,2021-01-06 19:20:00-05:00,1.2338270822508346,SL,0.000166,-1.0,-1.4335,-1433.51
2021-01-07 02:45:00-05:00,LONG,Bounce,1.23112,1.2305913797769423,1.232705860669173,2021-01-07 03:05:00-05:00,1.2305913797769423,SL,0.000164,-1.0,-1.3102,-1310.24
2021-01-08 00:20:00-05:00,LONG,Breakout,1.22664,1.226353187132343,1.2275004386029709,2021-01-08 00:25:00-05:00,1.226353187132343,SL,0.000172,-1.0,-1.5997,-1599.69
2021-01-08 01:20:00-05:00,LONG,Retest,1.22648,1.2263532123440088,1.2268603629679735,2021-01-08 01:25:00-05:00,1.2263532123440088,SL,0.000174,-1.0,-2.3724,-2372.37
2021-01-08 08:40:00-05:00,LONG,Breakout,1.22708,1.2251333667992312,1.232919899602306,2021-01-08 09:50:00-05:00,1.2251333667992312,SL,0.000158,-1.0,-1.0812,-1081.17
2021-01-11 13:45:00-05:00,SHORT,Breakout,1.21637,1.2165461135082172,1.2158416594753483,2021-01-11 13:50:00-05:00,1.2165461135082172,SL,0.000168,-1.0,-1.9539,-1953.93
2021-01-11 14:55:00-05:00,SHORT,Breakout,1.21614,1.2162828040906466,1.2157115877280602,2021-01-11 15:00:00-05:00,1.2162828040906466,SL,0.000168,-1.0,-2.1764,-2176.44
2021-01-11 20:20:00-05:00,SHORT,Breakout,1.21461,1.21485610617974,1.2138716814607797,2021-01-11 20:55:00-05:00,1.21485610617974,SL,0.000176,-1.0,-1.7151,-1715.14
2021-01-11 21:00:00-05:00,SHORT,Breakout,1.2146,1.2148581170702881,1.2138256487891352,2021-01-11 22:35:00-05:00,1.2148581170702881,SL,0.00017,-1.0,-1.6586,-1658.62
2021-01-11 23:40:00-05:00,SHORT,Breakout,1.21384,1.2140116646571615,1.2133250060285157,2021-01-11 23:45:00-05:00,1.2140116646571615,SL,0.000172,-1.0,-2.002,-2001.95
2021-01-12 19:35:00-05:00,SHORT,Bounce,1.2208,1.2209443184209157,1.2203670447372534,2021-01-12 19:40:00-05:00,1.2209443184209157,SL,0.000186,-1.0,-2.2888,-2288.82
2021-01-12 22:20:00-05:00,SHORT,Bounce,1.22142,1.2215777001245005,1.2209468996264983,2021-01-12 22:25:00-05:00,1.2215777001245005,SL,0.000176,-1.0,-2.116,-2116.04
2021-01-14 02:05:00-05:00,SHORT,Breakout,1.2138200000000001,1.2143067978199602,1.2123596065401199,2021-01-14 02:10:00-05:00,1.2143067978199602,SL,0.000172,-1.0,-1.3533,-1353.33
2021-01-14 02:50:00-05:00,SHORT,Breakout,1.21385,1.2143209821024845,1.2124370536925468,2021-01-14 02:55:00-05:00,1.2143209821024845,SL,0.000158,-1.0,-1.3355,-1335.47
2021-01-14 07:55:00-05:00,SHORT,Breakout,1.21286,1.2136561562633457,1.2104715312099632,2021-01-14 10:50:00-05:00,1.2136561562633457,SL,0.000166,-1.0,-1.2085,-1208.5
2021-01-14 20:00:00-05:00,SHORT,Bounce,1.2151,1.215720534118401,1.2132383976447974,2021-01-15 03:00:00-05:00,1.2132383976447974,TP,0.000174,3.0,2.7196,2719.6
2021-01-15 03:00:00-05:00,SHORT,Breakout,1.21256,1.2133851747770326,1.2100844756689026,2021-01-15 04:00:00-05:00,1.2133851747770326,SL,0.000166,-1.0,-1.2012,-1201.17
2021-01-15 09:05:00-05:00,SHORT,Breakout,1.21111,1.2114135106425963,1.2101994680722108,2021-01-15 09:30:00-05:00,1.2114135106425963,SL,0.00017,-1.0,-1.5601,-1560.11
2021-01-15 14:55:00-05:00,SHORT,Breakout,1.20759,1.2077263905098792,1.2071808284703622,2021-01-15 15:00:00-05:00,1.2077263905098792,SL,0.00017,-1.0,-2.2464,-2246.42
2021-01-17 18:35:00-05:00,SHORT,Breakout,1.2074799999999999,1.2076081334612843,1.2070955996161468,2021-01-17 18:40:00-05:00,1.2076081334612843,SL,0.000184,-1.0,-2.436,-2436.0
2021-01-17 18:45:00-05:00,SHORT,Retest,1.2070400000000001,1.207616931402842,1.2053092057914745,2021-01-17 19:35:00-05:00,1.207616931402842,SL,0.000186,-1.0,-1.3224,-1322.4
2021-01-18 14:45:00-05:00,SHORT,Bounce,1.20789,1.2080601205799544,1.2073796382601365,2021-01-18 14:50:00-05:00,1.2080601205799544,SL,0.000194,-1.0,-2.1404,-2140.37
2021-01-18 14:50:00-05:00,SHORT,Bounce,1.20788,1.2080602548242434,1.20733923552727,2021-01-18 17:10:00-05:00,1.20733923552727,TP,0.000172,3.0,2.0458,2045.8
2021-01-19 02:20:00-05:00,SHORT,Breakout,1.20849,1.209056740568576,1.2067897782942725,2021-01-19 02:25:00-05:00,1.209056740568576,SL,0.000162,-1.0,-1.2858,-1285.85
2021-01-19 02:30:00-05:00,SHORT,Breakout,1.20889,1.209061761000456,1.2083747169986323,2021-01-19 02:35:00-05:00,1.209061761000456,SL,0.000166,-1.0,-1.9665,-1966.46
2021-01-20 03:30:00-05:00,SHORT,Breakout,1.21338,1.2139654261751498,1.2116237214745502,2021-01-20 05:10:00-05:00,1.2116237214745502,TP,0.000164,3.0,2.7199,2719.86
2021-01-20 07:15:00-05:00,SHORT,Breakout,1.2105,1.2113233455878711,1.2080299632363862,2021-01-20 09:50:00-05:00,1.2080299632363862,TP,0.000168,3.0,2.796,2795.95
2021-01-20 09:50:00-05:00,SHORT,Breakout,1.20771,1.209587563140677,1.2020773105779694,2021-01-20 10:10:00-05:00,1.209587563140677,SL,0.000158,-1.0,-1.0842,-1084.15
2021-01-20 15:40:00-05:00,SHORT,Breakout,1.20987,1.2100655114043108,1.2092834657870675,2021-01-20 15:50:00-05:00,1.2100655114043108,SL,0.000182,-1.0,-1.9309,-1930.89
2021-01-21 00:25:00-05:00,SHORT,Bounce,1.2132100000000001,1.2133047682361213,1.2129256952916365,2021-01-21 00:35:00-05:00,1.2133047682361213,SL,0.000182,-1.0,-2.9205,-2920.47
2021-01-21 02:55:00-05:00,SHORT,Breakout,1.21188,1.212698525893454,1.2094244223196384,2021-01-21 03:05:00-05:00,1.212698525893454,SL,0.000168,-1.0,-1.2052,-1205.25
2021-01-21 18:10:00-05:00,SHORT,Bounce,1.21681,1.2169704926868983,1.216328521939305,2021-01-21 19:05:00-05:00,1.2169704926868983,SL,0.000186,-1.0,-2.1589,-2158.93
2021-01-21 20:15:00-05:00,SHORT,Breakout,1.21628,1.2164472844961565,1.2157781465115307,2021-01-21 20:25:00-05:00,1.2164472844961565,SL,0.000176,-1.0,-2.0521,-2052.1
2021-01-26 11:50:00-05:00,SHORT,Breakout,1.21432,1.2154192126312067,1.2110223621063803,2021-01-26 12:00:00-05:00,1.2154192126312067,SL,0.000162,-1.0,-1.1474,-1147.38
2021-01-26 12:15:00-05:00,SHORT,Retest,1.21497,1.2154190657119777,1.2136228028640674,2021-01-26 12:30:00-05:00,1.2154190657119777,SL,0.000176,-1.0,-1.3919,-1391.92
2021-01-28 02:25:00-05:00,SHORT,Breakout,1.20844,1.208699105739538,1.2076626827813859,2021-01-28 02:30:00-05:00,1.208699105739538,SL,0.000172,-1.0,-1.6638,-1663.82
2021-01-28 08:30:00-05:00,SHORT,Breakout,1.20937,1.2096357429683307,1.2085727710950083,2021-01-28 08:35:00-05:00,1.2096357429683307,SL,0.000174,-1.0,-1.6548,-1654.77
2021-01-29 00:55:00-05:00,SHORT,Bounce,1.20987,1.2101665795122767,1.20898026146317,2021-01-29 01:15:00-05:00,1.2101665795122767,SL,0.00018,-1.0,-1.6069,-1606.92
2021-01-29 02:25:00-05:00,SHORT,Bounce,1.21001,1.2101739289669455,1.2095182130991635,2021-01-29 02:35:00-05:00,1.2101739289669455,SL,0.000172,-1.0,-2.0492,-2049.23
2021-02-01 02:05:00-05:00,SHORT,Breakout,1.21223,1.2125564452699125,1.2112506641902623,2021-02-01 02:15:00-05:00,1.2125564452699125,SL,0.000174,-1.0,-1.533,-1533.01
2021-02-01 02:20:00-05:00,SHORT,Breakout,1.21238,1.2125605882864423,1.2118382351406731,2021-02-01 02:30:00-05:00,1.2125605882864423,SL,0.000174,-1.0,-1.9635,-1963.52
2021-02-01 02:35:00-05:00,SHORT,Breakout,1.21246,1.212565167808059,1.2121444965758237,2021-02-01 02:40:00-05:00,1.212565167808059,SL,0.000174,-1.0,-2.6545,-2654.5
2021-02-01 03:20:00-05:00,SHORT,Retest,1.21206,1.2125935997919832,1.21045920062405,2021-02-01 03:45:00-05:00,1.21045920062405,TP,0.000176,3.0,2.6702,2670.16
2021-02-01 15:35:00-05:00,SHORT,Breakout,1.20588,1.2061327686685697,1.2051216939942913,2021-02-01 15:50:00-05:00,1.2061327686685697,SL,0.000174,-1.0,-1.6884,-1688.38
2021-02-02 09:50:00-05:00,SHORT,Breakout,1.2024,1.2026564830505684,1.2016305508482945,2021-02-02 09:55:00-05:00,1.2026564830505684,SL,0.000162,-1.0,-1.6316,-1631.62
2021-02-02 12:05:00-05:00,SHORT,Retest,1.20212,1.2026398466005765,1.2005604601982707,2021-02-02 15:45:00-05:00,1.2026398466005765,SL,0.00017,-1.0,-1.327,-1327.02
2021-02-02 20:00:00-05:00,SHORT,Bounce,1.20416,1.2045530525542607,1.2029808423372175,2021-02-02 20:10:00-05:00,1.2045530525542607,SL,0.000182,-1.0,-1.463,-1463.04
2021-02-03 01:10:00-05:00,SHORT,Breakout,1.20376,1.203874211352482,1.2034173659425536,2021-02-03 01:15:00-05:00,1.203874211352482,SL,0.000174,-1.0,-2.5235,-2523.49
2021-02-03 03:15:00-05:00,SHORT,Breakout,1.20313,1.2039243919976093,1.2007468240071724,2021-02-03 03:30:00-05:00,1.2039243919976093,SL,0.00017,-1.0,-1.214,-1214.0
2021-02-03 03:45:00-05:00,SHORT,Retest,1.20356,1.2039245602578417,1.2024663192264748,2021-02-03 04:00:00-05:00,1.2024663192264748,TP,0.000178,3.0,2.5117,2511.74
2021-02-03 04:00:00-05:00,SHORT,Breakout,1.20203,1.2027871599440518,1.1997585201678442,2021-02-03 04:30:00-05:00,1.2027871599440518,SL,0.000164,-1.0,-1.2166,-1216.6
2021-02-03 04:40:00-05:00,SHORT,Retest,1.20262,1.2027959665097814,1.202092100470656,2021-02-03 04:45:00-05:00,1.202092100470656,TP,0.000166,3.0,2.0566,2056.64
2021-02-03 07:15:00-05:00,SHORT,Breakout,1.20055,1.2012136201739136,1.198559139478259,2021-02-03 07:20:00-05:00,1.2012136201739136,SL,0.000162,-1.0,-1.2441,-1244.12
2021-02-03 07:55:00-05:00,SHORT,Breakout,1.20097,1.2012223229445163,1.2002130311664516,2021-02-03 08:00:00-05:00,1.2012223229445163,SL,0.000164,-1.0,-1.65,-1649.96
2021-02-03 22:20:00-05:00,SHORT,Breakout,1.20242,1.2028137417697387,1.2012387746907842,2021-02-04 00:15:00-05:00,1.2012387746907842,TP,0.000186,3.0,2.5276,2527.61
2021-02-04 00:25:00-05:00,SHORT,Retest,1.20137,1.2016272790640408,1.200598162807878,2021-02-04 00:55:00-05:00,1.2016272790640408,SL,0.000182,-1.0,-1.7074,-1707.4
2021-02-04 20:05:00-05:00,SHORT,Breakout,1.19619,1.196303205805358,1.1958503825839264,2021-02-04 20:10:00-05:00,1.196303205805358,SL,0.00017,-1.0,-2.5017,-2501.69
2021-02-04 21:30:00-05:00,SHORT,Retest,1.19616,1.1962971935541533,1.1957484193375396,2021-02-04 21:40:00-05:00,1.1957484193375396,TP,0.000178,3.0,1.7026,1702.56
2021-02-07 19:55:00-05:00,SHORT,Breakout,1.20315,1.203548278393816,1.2019551648185516,2021-02-07 20:05:00-05:00,1.203548278393816,SL,0.000164,-1.0,-1.4118,-1411.77
2021-02-07 20:05:00-05:00,SHORT,Retest,1.2031399999999999,1.2035488522885454,1.2019134431343634,2021-02-07 20:55:00-05:00,1.2035488522885454,SL,0.000174,-1.0,-1.4256,-1425.58
2021-02-08 00:10:00-05:00,SHORT,Bounce,1.20386,1.2039530541308903,1.203580837607329,2021-02-08 00:15:00-05:00,1.2039530541308903,SL,0.000178,-1.0,-2.9129,-2912.87
2021-02-08 03:25:00-05:00,SHORT,Breakout,1.20298,1.203211891729165,1.2022843248125048,2021-02-08 03:30:00-05:00,1.203211891729165,SL,0.000166,-1.0,-1.7159,-1715.85
2021-02-08 08:55:00-05:00,SHORT,Bounce,1.20368,1.203915355921054,1.2029739322368382,2021-02-08 09:00:00-05:00,1.203915355921054,SL,0.000164,-1.0,-1.6968,-1696.82
2021-02-08 20:10:00-05:00,SHORT,Bounce,1.20556,1.2057197773656747,1.2050806679029757,2021-02-08 20:15:00-05:00,1.2057197773656747,SL,0.000178,-1.0,-2.1141,-2114.05
2021-02-10 02:15:00-05:00,LONG,Bounce,1.21262,1.2124972008603845,1.2129883974188467,2021-02-10 02:30:00-05:00,1.2129883974188467,TP,0.000172,3.0,1.5993,1599.34
2021-02-10 03:10:00-05:00,LONG,Bounce,1.21269,1.2121388451936557,1.2143434644190332,2021-02-10 04:30:00-05:00,1.2121388451936557,SL,0.000172,-1.0,-1.3121,-1312.07
2021-02-10 07:45:00-05:00,LONG,Bounce,1.2113800000000001,1.2112628215917487,1.2117315352247544,2021-02-10 07:50:00-05:00,1.2112628215917487,SL,0.000166,-1.0,-2.4166,-2416.64
2021-02-10 07:50:00-05:00,LONG,Bounce,1.21156,1.2112633343351953,1.212449996994414,2021-02-10 08:10:00-05:00,1.212449996994414,TP,0.000172,3.0,2.4202,2420.22
2021-02-10 08:30:00-05:00,LONG,Breakout,1.21326,1.2129008883432586,1.2143373349702242,2021-02-10 08:55:00-05:00,1.2129008883432586,SL,0.000154,-1.0,-1.4288,-1428.84
2021-02-10 19:15:00-05:00,LONG,Bounce,1.21174,1.2115106920159657,1.212427923952103,2021-02-10 19:30:00-05:00,1.2115106920159657,SL,0.000182,-1.0,-1.7937,-1793.69
2021-02-10 23:00:00-05:00,LONG,Breakout,1.21223,1.2120993849419281,1.2126218451742152,2021-02-10 23:55:00-05:00,1.2120993849419281,SL,0.00018,-1.0,-2.3781,-2378.1
2021-02-11 08:05:00-05:00,LONG,Breakout,1.21427,1.213440753763181,1.2167577387104567,2021-02-11 09:00:00-05:00,1.213440753763181,SL,0.000166,-1.0,-1.2002,-1200.18
2021-02-11 10:05:00-05:00,LONG,Retest,1.21375,1.2134088176197177,1.2147735471408472,2021-02-11 10:45:00-05:00,1.2134088176197177,SL,0.000168,-1.0,-1.4924,-1492.41
2021-02-11 15:20:00-05:00,LONG,Breakout,1.21335,1.2131614657240914,1.2139156028277254,2021-02-11 16:15:00-05:00,1.2131614657240914,SL,0.000182,-1.0,-1.9653,-1965.34
2021-02-12 02:10:00-05:00,LONG,Bounce,1.21233,1.2120711306330083,1.2131066081009747,2021-02-12 02:45:00-05:00,1.2120711306330083,SL,0.00017,-1.0,-1.6567,-1656.7
2021-02-12 10:50:00-05:00,LONG,Breakout,1.21173,1.211285996085869,1.2130620117423927,2021-02-12 15:10:00-05:00,1.211285996085869,SL,0.00016,-1.0,-1.3604,-1360.36
2021-02-15 03:10:00-05:00,LONG,Breakout,1.21433,1.213893052763455,1.2156408417096345,2021-02-15 03:25:00-05:00,1.213893052763455,SL,0.000168,-1.0,-1.3845,-1384.49
2021-02-15 09:10:00-05:00,LONG,Bounce,1.21234,1.2122389917805154,1.2126430246584536,2021-02-15 09:15:00-05:00,1.2122389917805154,SL,0.00017,-1.0,-2.683,-2683.03
2021-02-15 09:35:00-05:00,LONG,Bounce,1.2124,1.212241538379029,1.2128753848629126,2021-02-15 09:45:00-05:00,1.212241538379029,SL,0.00017,-1.0,-2.0728,-2072.81
2021-02-15 19:05:00-05:00,LONG,Breakout,1.21337,1.2132317458261752,1.2137847625214746,2021-02-15 19:25:00-05:00,1.2137847625214746,TP,0.00017,3.0,1.7704,1770.38
2021-02-16 03:25:00-05:00,LONG,Breakout,1.21422,1.2140430214915752,1.2147509355252748,2021-02-16 03:30:00-05:00,1.2147509355252748,TP,0.00017,3.0,2.0394,2039.43
2021-02-16 15:45:00-05:00,LONG,Breakout,1.21163,1.211439909770905,1.212200270687285,2021-02-16 15:50:00-05:00,1.211439909770905,SL,0.00017,-1.0,-1.8943,-1894.31
2021-02-18 18:05:00-05:00,SHORT,Bounce,1.20933,1.2093979454474557,1.209126163657633,2021-02-18 18:10:00-05:00,1.2093979454474557,SL,0.000178,-1.0,-3.6197,-3619.75
2021-02-18 18:35:00-05:00,SHORT,Bounce,1.20932,1.2093921737349138,1.2091034787952584,2021-02-18 18:55:00-05:00,1.2091034787952584,TP,0.000174,3.0,0.5892,589.15
2021-02-18 20:40:00-05:00,SHORT,Breakout,1.20859,1.2087271699670743,1.2081784900987773,2021-02-18 20:45:00-05:00,1.2087271699670743,SL,0.000172,-1.0,-2.2539,-2253.92
2021-02-18 21:05:00-05:00,SHORT,Breakout,1.20851,1.2087246709157362,1.2078659872527913,2021-02-18 23:10:00-05:00,1.2087246709157362,SL,0.00017,-1.0,-1.7919,-1791.91
2021-02-23 03:10:00-05:00,LONG,Bounce,1.21643,1.216090428868165,1.2174487133955043,2021-02-23 03:25:00-05:00,1.216090428868165,SL,0.0002,-1.0,-1.589,-1588.98
2021-02-23 10:25:00-05:00,LONG,Breakout,1.21582,1.2155924632962463,1.2165026101112608,2021-02-23 10:35:00-05:00,1.2165026101112608,TP,0.0002,3.0,2.121,2121.02
2021-02-23 18:30:00-05:00,LONG,Breakout,1.2153,1.2151589628994193,1.2157231113017424,2021-02-23 18:45:00-05:00,1.2151589628994193,SL,0.0002,-1.0,-2.4181,-2418.07
2021-02-23 20:25:00-05:00,LONG,Breakout,1.21574,1.2151407612841245,1.2175377161476266,2021-02-23 21:50:00-05:00,1.2151407612841245,SL,0.0002,-1.0,-1.3338,-1333.76
2021-02-23 22:10:00-05:00,LONG,Retest,1.21548,1.2151565793864747,1.2164502618405755,2021-02-23 22:35:00-05:00,1.2151565793864747,SL,0.0002,-1.0,-1.6184,-1618.39
2021-02-24 03:30:00-05:00,LONG,Breakout,1.2168700000000001,1.2164077895252385,1.2182566314242849,2021-02-24 03:35:00-05:00,1.2164077895252385,SL,0.0002,-1.0,-1.4327,-1432.7
2021-02-24 04:25:00-05:00,LONG,Retest,1.21694,1.2164044472095972,1.2185466583712081,2021-02-24 04:35:00-05:00,1.2164044472095972,SL,0.0002,-1.0,-1.3734,-1373.45
2021-02-24 20:25:00-05:00,LONG,Bounce,1.2160199999999999,1.2158856462826926,1.2164230611519218,2021-02-24 20:40:00-05:00,1.2158856462826926,SL,0.000202,-1.0,-2.5035,-2503.49
2021-02-25 02:55:00-05:00,LONG,Breakout,1.21861,1.217999167674493,1.2204424969765209,2021-02-25 03:50:00-05:00,1.2204424969765209,TP,0.0002,3.0,2.6726,2672.58
2021-02-25 08:30:00-05:00,LONG,Bounce,1.22241,1.2221098052445825,1.2233105842662526,2021-02-25 08:50:00-05:00,1.2221098052445825,SL,0.0002,-1.0,-1.6662,-1666.23
2021-03-01 03:00:00-05:00,SHORT,Breakout,1.20723,1.2074560807182524,1.206551757845243,2021-03-01 03:10:00-05:00,1.206551757845243,TP,0.0002,3.0,2.1154,2115.36
2021-03-01 09:05:00-05:00,SHORT,Bounce,1.20491,1.2056081049061842,1.2028156852814471,2021-03-01 09:10:00-05:00,1.2056081049061842,SL,0.0002,-1.0,-1.2865,-1286.49
2021-03-01 10:00:00-05:00,SHORT,Breakout,1.2034799999999999,1.2040407578834869,1.201797726349539,2021-03-01 10:20:00-05:00,1.2040407578834869,SL,0.0002,-1.0,-1.3567,-1356.66
2021-03-01 15:00:00-05:00,SHORT,Bounce,1.20452,1.2046841323204827,1.2040276030385522,2021-03-01 15:15:00-05:00,1.2046841323204827,SL,0.0002,-1.0,-2.2185,-2218.53
2021-03-01 19:50:00-05:00,SHORT,Breakout,1.20403,1.2041678135295697,1.2036165594112906,2021-03-01 20:05:00-05:00,1.2036165594112906,TP,0.0002,3.0,1.5488,1548.76
2021-03-01 21:50:00-05:00,SHORT,Breakout,1.20167,1.2026851176649294,1.198624647005212,2021-03-02 06:10:00-05:00,1.2026851176649294,SL,0.0002,-1.0,-1.197,-1197.02
2021-03-02 17:35:00-05:00,SHORT,Breakout,1.20825,1.208537073183188,1.2073887804504364,2021-03-02 18:00:00-05:00,1.208537073183188,SL,0.000276,-1.0,-1.9614,-1961.43
2021-03-04 03:40:00-05:00,SHORT,Breakout,1.20383,1.204357143402934,1.2022485697911975,2021-03-04 05:50:00-05:00,1.204357143402934,SL,0.0002,-1.0,-1.3794,-1379.4
2021-03-04 10:15:00-05:00,SHORT,Breakout,1.2024,1.2027734570736572,1.201279628779028,2021-03-04 10:25:00-05:00,1.2027734570736572,SL,0.0002,-1.0,-1.5355,-1535.54
2021-03-04 12:15:00-05:00,SHORT,Bounce,1.20352,1.204280009608417,1.2012399711747488,2021-03-04 12:25:00-05:00,1.2012399711747488,TP,0.0002,3.0,2.7368,2736.85
2021-03-04 12:25:00-05:00,SHORT,Breakout,1.2015500000000001,1.2022606307337882,1.199418107798636,2021-03-04 12:50:00-05:00,1.199418107798636,TP,0.0002,3.0,2.7186,2718.56
2021-03-04 17:55:00-05:00,SHORT,Bounce,1.19732,1.1974792821326297,1.1968421536021108,2021-03-04 18:05:00-05:00,1.1968421536021108,TP,0.000304,3.0,1.0914,1091.44
2021-03-04 18:15:00-05:00,SHORT,Breakout,1.19625,1.1965201156546759,1.1954396530359725,2021-03-04 18:35:00-05:00,1.1965201156546759,SL,0.00021,-1.0,-1.7774,-1777.44
2021-03-04 20:05:00-05:00,SHORT,Breakout,1.1954500000000001,1.1960296125132184,1.1937111624603454,2021-03-04 20:40:00-05:00,1.1960296125132184,SL,0.0002,-1.0,-1.3451,-1345.06
2021-03-05 02:20:00-05:00,SHORT,Breakout,1.19533,1.1954936239841674,1.194839128047498,2021-03-05 02:25:00-05:00,1.1954936239841674,SL,0.0002,-1.0,-2.2223,-2222.31
2021-03-05 02:30:00-05:00,SHORT,Breakout,1.19535,1.195497890067981,1.194906329796057,2021-03-05 02:35:00-05:00,1.195497890067981,SL,0.0002,-1.0,-2.3524,-2352.36
2021-03-05 02:45:00-05:00,SHORT,Breakout,1.19529,1.1955087822446626,1.194633653266012,2021-03-05 02:50:00-05:00,1.1955087822446626,SL,0.0002,-1.0,-1.9142,-1914.15
2021-03-05 03:00:00-05:00,SHORT,Breakout,1.19413,1.1948245242680482,1.192046427195855,2021-03-05 03:45:00-05:00,1.192046427195855,TP,0.0002,3.0,2.712,2712.03
2021-03-05 08:30:00-05:00,SHORT,Breakout,1.19063,1.1923332182058821,1.185520345382354,2021-03-05 08:45:00-05:00,1.1923332182058821,SL,0.0002,-1.0,-1.1174,-1117.42
2021-03-05 08:50:00-05:00,SHORT,Breakout,1.19196,1.1923499321422897,1.1907902035731306,2021-03-05 08:55:00-05:00,1.1923499321422897,SL,0.0002,-1.0,-1.5129,-1512.91
2021-03-05 08:55:00-05:00,SHORT,Retest,1.19169,1.1923482227035547,1.1897153318893356,2021-03-05 09:00:00-05:00,1.1923482227035547,SL,0.0002,-1.0,-1.3038,-1303.85
2021-03-05 09:20:00-05:00,SHORT,Bounce,1.19395,1.1944128628329547,1.1925614115011363,2021-03-05 09:25:00-05:00,1.1944128628329547,SL,0.0002,-1.0,-1.4321,-1432.09
2021-03-07 21:25:00-05:00,SHORT,Breakout,1.19134,1.1919192353742425,1.1896022938772728,2021-03-08 01:55:00-05:00,1.1896022938772728,TP,0.0002,3.0,2.6547,2654.72
2021-03-08 01:55:00-05:00,SHORT,Breakout,1.18913,1.1898390171956599,1.1870029484130205,2021-03-08 04:15:00-05:00,1.1870029484130205,TP,0.0002,3.0,2.7179,2717.92
2021-03-08 07:00:00-05:00,SHORT,Breakout,1.18616,1.1865293290155532,1.1850520129533408,2021-03-08 07:15:00-05:00,1.1865293290155532,SL,0.0002,-1.0,-1.5415,-1541.52
2021-03-08 09:45:00-05:00,SHORT,Bounce,1.18777,1.1880697925697077,1.186870622290877,2021-03-08 10:00:00-05:00,1.1880697925697077,SL,0.0002,-1.0,-1.6671,-1667.13
2021-03-08 19:30:00-05:00,SHORT,Breakout,1.1838899999999999,1.184379879683229,1.1824203609503126,2021-03-08 20:00:00-05:00,1.184379879683229,SL,0.0002,-1.0,-1.4083,-1408.26
2021-03-09 00:55:00-05:00,SHORT,Breakout,1.18529,1.1854702627541471,1.1847492117375584,2021-03-09 01:00:00-05:00,1.1854702627541471,SL,0.0002,-1.0,-2.1095,-2109.49
2021-03-09 19:05:00-05:00,SHORT,Breakout,1.18906,1.1892089446594778,1.1886131660215666,2021-03-09 19:50:00-05:00,1.1892089446594778,SL,0.0002,-1.0,-2.3428,-2342.78
2021-03-09 20:30:00-05:00,SHORT,Breakout,1.18874,1.1892208585992912,1.1872974242021261,2021-03-10 00:10:00-05:00,1.1872974242021261,TP,0.0002,3.0,2.5841,2584.08
2021-03-10 20:00:00-05:00,SHORT,Breakout,1.19177,1.1918900470778384,1.1914098587664848,2021-03-10 20:05:00-05:00,1.1918900470778384,SL,0.0002,-1.0,-2.666,-2666.01
2021-03-11 00:00:00-05:00,SHORT,Breakout,1.19262,1.1926898339350538,1.1924104981948387,2021-03-11 00:05:00-05:00,1.1926898339350538,SL,0.0002,-1.0,-3.8639,-3863.94
2021-03-11 00:25:00-05:00,SHORT,Retest,1.19252,1.1926861470578627,1.192021558826412,2021-03-11 00:50:00-05:00,1.1926861470578627,SL,0.0002,-1.0,-2.2038,-2203.75
2021-03-11 01:00:00-05:00,SHORT,Breakout,1.19205,1.1924334308357,1.1908997074929,2021-03-11 01:35:00-05:00,1.1924334308357,SL,0.0002,-1.0,-1.5216,-1521.61
2021-03-11 07:45:00-05:00,SHORT,Breakout,1.1955,1.1956677758687821,1.1949966723936536,2021-03-11 07:50:00-05:00,1.1949966723936536,TP,0.0002,3.0,1.8079,1807.93
2021-03-11 20:35:00-05:00,SHORT,Bounce,1.1985999999999999,1.198703391262982,1.1982898262110533,2021-03-11 20:50:00-05:00,1.1982898262110533,TP,0.0002,3.0,1.0656,1065.6
2021-03-12 01:00:00-05:00,SHORT,Breakout,1.19577,1.195931365322383,1.1952859040328507,2021-03-12 01:10:00-05:00,1.1952859040328507,TP,0.0002,3.0,1.7606,1760.58
2021-03-14 18:30:00-04:00,SHORT,Breakout,1.19431,1.194722877024336,1.1930713689269916,2021-03-14 19:00:00-04:00,1.194722877024336,SL,0.000212,-1.0,-1.5135,-1513.47
2021-03-14 22:25:00-04:00,SHORT,Breakout,1.1947,1.1949504437884753,1.1939486686345746,2021-03-14 22:30:00-04:00,1.1949504437884753,SL,0.0002,-1.0,-1.7986,-1798.58
2021-03-15 03:45:00-04:00,SHORT,Breakout,1.19183,1.1925265813723396,1.189740255882981,2021-03-15 04:00:00-04:00,1.1925265813723396,SL,0.0002,-1.0,-1.2871,-1287.12
2021-03-15 08:20:00-04:00,SHORT,Bounce,1.19301,1.1933948931172031,1.1918553206483902,2021-03-15 09:00:00-04:00,1.1918553206483902,TP,0.0002,3.0,2.4804,2480.38
2021-03-15 09:00:00-04:00,SHORT,Breakout,1.19192,1.1920699540730977,1.1914701377807073,2021-03-15 09:05:00-04:00,1.1920699540730977,SL,0.0002,-1.0,-2.3337,-2333.74
2021-03-15 09:10:00-04:00,SHORT,Breakout,1.19187,1.1920745216242525,1.1912564351272423,2021-03-15 09:15:00-04:00,1.1920745216242525,SL,0.0002,-1.0,-1.9779,-1977.89
2021-03-15 20:55:00-04:00,SHORT,Breakout,1.19219,1.192371721567637,1.1916448352970892,2021-03-15 21:05:00-04:00,1.192371721567637,SL,0.0002,-1.0,-2.1006,-2100.58
2021-03-16 03:05:00-04:00,SHORT,Breakout,1.19201,1.1921713101413403,1.1915260695759793,2021-03-16 03:35:00-04:00,1.1921713101413403,SL,0.0002,-1.0,-2.2398,-2239.85
2021-03-16 03:45:00-04:00,SHORT,Breakout,1.19203,1.1921764137735156,1.191590758679453,2021-03-16 03:50:00-04:00,1.1921764137735156,SL,0.0002,-1.0,-2.366,-2365.99
2021-03-16 03:55:00-04:00,SHORT,Breakout,1.19153,1.1921819077945108,1.1895742766164674,2021-03-16 04:05:00-04:00,1.1921819077945108,SL,0.0002,-1.0,-1.3068,-1306.79
2021-03-16 17:35:00-04:00,SHORT,Breakout,1.19005,1.1901373933947892,1.1897878198156326,2021-03-16 17:40:00-04:00,1.1901373933947892,SL,0.00028,-1.0,-4.2039,-4203.9
2021-03-17 03:40:00-04:00,SHORT,Breakout,1.18953,1.1896405110400574,1.1891984668798277,2021-03-17 03:55:00-04:00,1.1891984668798277,TP,0.0002,3.0,1.1902,1190.23
2021-03-18 03:40:00-04:00,SHORT,Breakout,1.19458,1.195531761400784,1.1917247157976476,2021-03-18 09:05:00-04:00,1.1917247157976476,TP,0.0002,3.0,2.7899,2789.86
2021-03-18 14:55:00-04:00,SHORT,Breakout,1.19125,1.1915540718110804,1.1903377845667584,2021-03-18 15:25:00-04:00,1.1915540718110804,SL,0.0002,-1.0,-1.6577,-1657.74
2021-03-18 16:30:00-04:00,SHORT,Retest,1.19132,1.1915273859523938,1.1906978421428183,2021-03-18 16:35:00-04:00,1.1915273859523938,SL,0.0002,-1.0,-1.9644,-1964.39
2021-03-18 20:30:00-04:00,SHORT,Breakout,1.19102,1.1913508214529638,1.1900275356411085,2021-03-18 23:25:00-04:00,1.1913508214529638,SL,0.000202,-1.0,-1.6106,-1610.6
2021-03-19 09:25:00-04:00,SHORT,Breakout,1.18804,1.1890824204550796,1.184912738634761,2021-03-19 11:35:00-04:00,1.1890824204550796,SL,0.0002,-1.0,-1.1919,-1191.86
2021-03-19 12:00:00-04:00,SHORT,Bounce,1.19054,1.190915451212899,1.1894136463613028,2021-03-19 13:10:00-04:00,1.190915451212899,SL,0.0002,-1.0,-1.5327,-1532.69
2021-03-21 21:10:00-04:00,SHORT,Breakout,1.18785,1.1881199293791633,1.1870402118625103,2021-03-21 21:30:00-04:00,1.1881199293791633,SL,0.000202,-1.0,-1.7483,-1748.34
2021-03-22 02:00:00-04:00,SHORT,Breakout,1.1891,1.1892258141461518,1.1887225575615448,2021-03-22 02:05:00-04:00,1.1892258141461518,SL,0.000202,-1.0,-2.6055,-2605.54
2021-03-22 02:10:00-04:00,SHORT,Breakout,1.1888,1.1892299009729574,1.187510297081128,2021-03-22 03:05:00-04:00,1.187510297081128,TP,0.0002,3.0,2.5348,2534.78
2021-03-22 04:20:00-04:00,SHORT,Retest,1.18874,1.1892790433969316,1.187122869809205,2021-03-22 04:30:00-04:00,1.1892790433969316,SL,0.0002,-1.0,-1.371,-1371.03
2021-03-22 20:25:00-04:00,SHORT,Breakout,1.19289,1.1930032752372786,1.1925501742881643,2021-03-22 20:30:00-04:00,1.1930032752372786,SL,0.000198,-1.0,-2.748,-2747.95
2021-03-23 01:25:00-04:00,SHORT,Breakout,1.19213,1.192234624459611,1.1918161266211669,2021-03-23 01:45:00-04:00,1.192234624459611,SL,0.0002,-1.0,-2.9116,-2911.6
2021-03-23 02:15:00-04:00,SHORT,Retest,1.19213,1.192239604992674,1.1918011850219776,2021-03-23 02:20:00-04:00,1.192239604992674,SL,0.0002,-1.0,-2.8247,-2824.73
2021-03-23 03:35:00-04:00,SHORT,Breakout,1.19126,1.1919273956954852,1.1892578129135443,2021-03-23 04:25:00-04:00,1.1892578129135443,TP,0.0002,3.0,2.7003,2700.33
2021-03-23 09:25:00-04:00,SHORT,Breakout,1.18736,1.1877179520154055,1.1862861439537833,2021-03-23 09:40:00-04:00,1.1877179520154055,SL,0.0002,-1.0,-1.5587,-1558.73
2021-03-23 19:45:00-04:00,SHORT,Breakout,1.18398,1.1841731328717722,1.1834006013846836,2021-03-23 20:05:00-04:00,1.1841731328717722,SL,0.0002,-1.0,-2.0356,-2035.56
2021-03-24 01:20:00-04:00,SHORT,Breakout,1.184,1.1841326499926803,1.1836020500219588,2021-03-24 01:30:00-04:00,1.1841326499926803,SL,0.0002,-1.0,-2.5077,-2507.73
2021-03-24 03:15:00-04:00,SHORT,Retest,1.18332,1.1841645720165006,1.180786283950498,2021-03-24 05:25:00-04:00,1.1841645720165006,SL,0.0002,-1.0,-1.2368,-1236.81
2021-03-24 09:30:00-04:00,SHORT,Breakout,1.1815,1.1818763809580575,1.1803708571258276,2021-03-24 09:40:00-04:00,1.1818763809580575,SL,0.0002,-1.0,-1.5314,-1531.38
2021-03-24 11:45:00-04:00,SHORT,Bounce,1.1831800000000001,1.1836457922324237,1.1817826233027293,2021-03-24 15:25:00-04:00,1.1817826233027293,TP,0.0002,3.0,2.5706,2570.62
2021-03-24 18:20:00-04:00,SHORT,Breakout,1.1808,1.180914197459393,1.180457407621821,2021-03-24 18:25:00-04:00,1.180914197459393,SL,0.0002,-1.0,-2.7514,-2751.35
2021-03-24 20:15:00-04:00,SHORT,Bounce,1.18119,1.1814370131711385,1.1804489604865844,2021-03-24 20:35:00-04:00,1.1814370131711385,SL,0.000202,-1.0,-1.8178,-1817.77
2021-03-24 21:30:00-04:00,SHORT,Breakout,1.18053,1.1810021867321725,1.1791134398034828,2021-03-24 21:45:00-04:00,1.1810021867321725,SL,0.0002,-1.0,-1.4236,-1423.56
2021-03-25 02:00:00-04:00,SHORT,Breakout,1.18146,1.1818089290473968,1.1804132128578095,2021-03-25 02:15:00-04:00,1.1818089290473968,SL,0.0002,-1.0,-1.5732,-1573.18
2021-03-25 02:25:00-04:00,SHORT,Retest,1.18137,1.1818153284063098,1.1800340147810708,2021-03-25 02:50:00-04:00,1.1818153284063098,SL,0.0002,-1.0,-1.4491,-1449.11
2021-03-25 03:10:00-04:00,SHORT,Breakout,1.18105,1.181383476625118,1.180049570124646,2021-03-25 03:20:00-04:00,1.181383476625118,SL,0.0002,-1.0,-1.5997,-1599.74
2021-03-25 08:40:00-04:00,SHORT,Breakout,1.17911,1.1801390490369816,1.1760228528890555,2021-03-25 09:00:00-04:00,1.1801390490369816,SL,0.0002,-1.0,-1.1944,-1194.35
2021-03-26 00:30:00-04:00,SHORT,Breakout,1.17747,1.1775794666098178,1.1771416001705466,2021-03-26 01:00:00-04:00,1.1775794666098178,SL,0.000202,-1.0,-2.8453,-2845.31
2021-03-26 03:45:00-04:00,SHORT,Bounce,1.17816,1.1786307879325038,1.1767476362024891,2021-03-26 03:50:00-04:00,1.1786307879325038,SL,0.0002,-1.0,-1.4248,-1424.82
2021-03-26 11:55:00-04:00,SHORT,Bounce,1.17956,1.1797351999075079,1.1790344002774762,2021-03-26 12:10:00-04:00,1.1797351999075079,SL,0.0002,-1.0,-2.1416,-2141.55
2021-03-26 16:00:00-04:00,SHORT,Bounce,1.17971,1.179945407278322,1.1790037781650342,2021-03-28 17:15:00-04:00,1.1790037781650342,TP,0.0002,3.0,2.1504,2150.41
2021-03-29 01:50:00-04:00,SHORT,Breakout,1.17736,1.1774492511985255,1.1770922464044233,2021-03-29 01:55:00-04:00,1.1774492511985255,SL,0.0002,-1.0,-3.2409,-3240.87
2021-03-29 04:15:00-04:00,SHORT,Breakout,1.17666,1.17729517613868,1.17475447158396,2021-03-29 04:25:00-04:00,1.17729517613868,SL,0.0002,-1.0,-1.3149,-1314.87
2021-03-29 06:40:00-04:00,SHORT,Retest,1.17707,1.1772757466846078,1.176452759946177,2021-03-29 06:50:00-04:00,1.1772757466846078,SL,0.0002,-1.0,-1.9721,-1972.07
2021-03-29 10:55:00-04:00,SHORT,Breakout,1.17625,1.176472169363581,1.1755834919092574,2021-03-29 11:00:00-04:00,1.176472169363581,SL,0.0002,-1.0,-1.9002,-1900.21
2021-03-29 17:50:00-04:00,SHORT,Bounce,1.17655,1.1770624461860237,1.1750126614419287,2021-03-29 18:10:00-04:00,1.1770624461860237,SL,0.000236,-1.0,-1.4605,-1460.54
2021-03-29 20:10:00-04:00,SHORT,Breakout,1.17639,1.1765368101842042,1.1759495694473876,2021-03-29 20:15:00-04:00,1.1765368101842042,SL,0.000202,-1.0,-2.3759,-2375.93
2021-03-30 00:15:00-04:00,SHORT,Breakout,1.17614,1.176328076872136,1.1755757693835918,2021-03-30 00:35:00-04:00,1.176328076872136,SL,0.0002,-1.0,-2.0634,-2063.39
2021-03-30 02:25:00-04:00,SHORT,Breakout,1.17551,1.175964499613209,1.1741465011603731,2021-03-30 02:45:00-04:00,1.1741465011603731,TP,0.000198,3.0,2.5644,2564.36
2021-03-30 06:50:00-04:00,SHORT,Breakout,1.17331,1.1735469725587104,1.172599082323869,2021-03-30 06:55:00-04:00,1.1735469725587104,SL,0.0002,-1.0,-1.844,-1843.98
2021-03-30 06:55:00-04:00,SHORT,Retest,1.17313,1.1735506173759453,1.171868147872164,2021-03-30 07:30:00-04:00,1.1735506173759453,SL,0.0002,-1.0,-1.4755,-1475.49
2021-03-30 07:35:00-04:00,SHORT,Breakout,1.17309,1.173549405513485,1.171711783459545,2021-03-30 07:50:00-04:00,1.173549405513485,SL,0.0002,-1.0,-1.4353,-1435.35
2021-03-30 08:30:00-04:00,SHORT,Retest,1.17292,1.173563641920567,1.1709890742382987,2021-03-30 09:15:00-04:00,1.173563641920567,SL,0.0002,-1.0,-1.3107,-1310.73
2021-03-31 14:55:00-04:00,SHORT,Breakout,1.1724700000000001,1.1728557541223958,1.171312737632813,2021-03-31 15:10:00-04:00,1.1728557541223958,SL,0.0002,-1.0,-1.5185,-1518.46
2021-03-31 15:20:00-04:00,SHORT,Retest,1.17258,1.17285163507275,1.1717650947817497,2021-03-31 16:50:00-04:00,1.17285163507275,SL,0.0002,-1.0,-1.7363,-1736.28
2021-04-01 00:45:00-04:00,SHORT,Breakout,1.17178,1.1720903364047028,1.1708489907858917,2021-04-01 02:20:00-04:00,1.1720903364047028,SL,0.000198,-1.0,-1.638,-1638.02
2021-04-01 02:40:00-04:00,SHORT,Bounce,1.17217,1.172692315854573,1.1706030524362807,2021-04-01 02:55:00-04:00,1.172692315854573,SL,0.0002,-1.0,-1.3829,-1382.91
2021-04-01 16:55:00-04:00,SHORT,Bounce,1.17761,1.1777776567491627,1.1771070297525121,2021-04-01 18:00:00-04:00,1.1777776567491627,SL,0.000193,-1.0,-2.1482,-2148.18
2021-04-01 20:30:00-04:00,SHORT,Breakout,1.17722,1.1774848132079732,1.1764255603760803,2021-04-01 22:35:00-04:00,1.1774848132079732,SL,0.00021,-1.0,-1.793,-1793.01
2021-04-02 03:05:00-04:00,SHORT,Breakout,1.17698,1.177519573440684,1.1753612796779476,2021-04-02 03:15:00-04:00,1.177519573440684,SL,0.000202,-1.0,-1.3744,-1374.37
2021-04-02 07:25:00-04:00,SHORT,Breakout,1.17719,1.1774949350057375,1.1762751949827872,2021-04-02 07:30:00-04:00,1.1774949350057375,SL,0.000202,-1.0,-1.6624,-1662.44
2021-04-02 07:45:00-04:00,SHORT,Retest,1.17734,1.1774919453534691,1.1768841639395928,2021-04-02 08:00:00-04:00,1.1774919453534691,SL,0.000198,-1.0,-2.3031,-2303.1
2021-04-04 18:45:00-04:00,SHORT,Bounce,1.17625,1.1764033996407994,1.1757898010776018,2021-04-04 19:05:00-04:00,1.1757898010776018,TP,0.000204,3.0,1.6701,1670.14
2021-04-05 03:00:00-04:00,SHORT,Breakout,1.17442,1.174621595572124,1.1738152132836281,2021-04-05 03:05:00-04:00,1.174621595572124,SL,0.0002,-1.0,-1.9921,-1992.09
2021-04-05 03:45:00-04:00,SHORT,Breakout,1.17411,1.1746359733321852,1.1725320800034444,2021-04-05 04:05:00-04:00,1.1746359733321852,SL,0.000202,-1.0,-1.384,-1384.05
2021-04-05 07:45:00-04:00,SHORT,Bounce,1.17556,1.1756548862922511,1.1752753411232464,2021-04-05 07:55:00-04:00,1.1756548862922511,SL,0.000202,-1.0,-3.1289,-3128.86
2021-04-05 21:55:00-04:00,SHORT,Breakout,1.18096,1.1810898355825703,1.1805704932522891,2021-04-05 22:20:00-04:00,1.1805704932522891,TP,0.000202,3.0,1.4442,1444.19
2021-04-06 20:30:00-04:00,SHORT,Breakout,1.18677,1.186967104581551,1.1861786862553472,2021-04-06 20:40:00-04:00,1.186967104581551,SL,0.000202,-1.0,-2.0248,-2024.84
2021-04-06 20:50:00-04:00,SHORT,Breakout,1.1869,1.186969283109998,1.186692150670006,2021-04-06 20:55:00-04:00,1.186969283109998,SL,0.000202,-1.0,-3.9156,-3915.57
2021-04-06 22:55:00-04:00,SHORT,Breakout,1.18662,1.1867877761359795,1.1861166715920615,2021-04-06 23:05:00-04:00,1.1867877761359795,SL,0.000202,-1.0,-2.204,-2203.99
2021-04-07 02:10:00-04:00,LONG,Bounce,1.18689,1.186386942546491,1.188399172360527,2021-04-07 04:50:00-04:00,1.188399172360527,TP,0.0002,3.0,2.6024,2602.43
2021-04-07 06:30:00-04:00,LONG,Breakout,1.18925,1.188794197607649,1.1906174071770526,2021-04-07 06:40:00-04:00,1.188794197607649,SL,0.0002,-1.0,-1.4388,-1438.79
2021-04-07 08:15:00-04:00,LONG,Bounce,1.18808,1.1875365137442446,1.1897104587672662,2021-04-07 10:10:00-04:00,1.1897104587672662,TP,0.0002,3.0,2.632,2632.01
2021-04-07 10:10:00-04:00,LONG,Breakout,1.18988,1.1896303672758708,1.1906288981723878,2021-04-07 10:15:00-04:00,1.1896303672758708,SL,0.0002,-1.0,-1.8012,-1801.18
2021-04-07 20:10:00-04:00,LONG,Breakout,1.18727,1.187182094225343,1.187533717323971,2021-04-07 20:15:00-04:00,1.187182094225343,SL,0.000198,-1.0,-3.2524,-3252.41
2021-04-08 01:00:00-04:00,LONG,Breakout,1.18735,1.1872520094847674,1.1876439715456975,2021-04-08 01:35:00-04:00,1.1876439715456975,TP,0.0002,3.0,0.959,958.99
2021-04-08 02:05:00-04:00,LONG,Bounce,1.18716,1.1868089434238323,1.1882131697285032,2021-04-08 02:35:00-04:00,1.1868089434238323,SL,0.0002,-1.0,-1.5697,-1569.71
2021-04-08 02:55:00-04:00,LONG,Breakout,1.1880600000000001,1.1879526661675237,1.1883820014974293,2021-04-08 03:00:00-04:00,1.1879526661675237,SL,0.0002,-1.0,-2.8633,-2863.35
2021-04-08 03:05:00-04:00,LONG,Breakout,1.18848,1.1879410233791403,1.190096929862579,2021-04-08 03:45:00-04:00,1.1879410233791403,SL,0.0002,-1.0,-1.3711,-1371.07
2021-04-08 09:50:00-04:00,LONG,Breakout,1.19048,1.1892668893449834,1.1941193319650498,2021-04-08 10:55:00-04:00,1.1892668893449834,SL,0.00023,-1.0,-1.1896,-1189.6
2021-04-08 20:50:00-04:00,LONG,Breakout,1.19177,1.191690962174754,1.192007113475738,2021-04-08 20:55:00-04:00,1.191690962174754,SL,0.00023,-1.0,-3.91,-3910.0
2021-04-09 07:50:00-04:00,LONG,Breakout,1.18983,1.1893602339822824,1.1912392980531525,2021-04-09 07:55:00-04:00,1.1893602339822824,SL,0.00023,-1.0,-1.4896,-1489.61
2021-04-13 03:30:00-04:00,LONG,Breakout,1.19017,1.1898535282136056,1.191119415359183,2021-04-13 04:00:00-04:00,1.1898535282136056,SL,0.00023,-1.0,-1.7268,-1726.76
2021-04-13 08:00:00-04:00,LONG,Bounce,1.18932,1.1890816777426154,1.1900349667721535,2021-04-13 08:05:00-04:00,1.1890816777426154,SL,0.00023,-1.0,-1.9651,-1965.08
2021-04-13 08:30:00-04:00,LONG,Bounce,1.19014,1.188257949340724,1.1957861519778281,2021-04-13 21:15:00-04:00,1.1957861519778281,TP,0.00023,3.0,2.8778,2877.79
2021-04-13 21:35:00-04:00,LONG,Retest,1.19549,1.195134652574305,1.196556042277085,2021-04-14 02:00:00-04:00,1.196556042277085,TP,0.00023,3.0,2.3527,2352.75
2021-04-14 02:05:00-04:00,LONG,Breakout,1.1965,1.1962535575138078,1.1972393274585762,2021-04-14 02:50:00-04:00,1.1962535575138078,SL,0.00023,-1.0,-1.9333,-1933.28
2021-04-14 09:05:00-04:00,LONG,Breakout,1.19634,1.1960500214100385,1.1972099357698844,2021-04-14 09:15:00-04:00,1.1960500214100385,SL,0.00023,-1.0,-1.7932,-1793.16
2021-04-14 20:50:00-04:00,LONG,Breakout,1.19864,1.198315448569291,1.1996136542921265,2021-04-14 21:10:00-04:00,1.198315448569291,SL,0.00023,-1.0,-1.7087,-1708.67
2021-04-15 01:50:00-04:00,LONG,Breakout,1.19762,1.1975456033976764,1.1978431898069706,2021-04-15 01:55:00-04:00,1.1975456033976764,SL,0.00023,-1.0,-4.0915,-4091.54
2021-04-15 02:05:00-04:00,LONG,Breakout,1.19772,1.1975381758982124,1.1982654723053623,2021-04-15 02:10:00-04:00,1.1975381758982124,SL,0.00023,-1.0,-2.265,-2264.96
2021-04-15 02:40:00-04:00,LONG,Breakout,1.19768,1.1975288023389488,1.198133592983154,2021-04-15 02:50:00-04:00,1.1975288023389488,SL,0.00023,-1.0,-2.5212,-2521.19
2021-04-15 03:00:00-04:00,LONG,Breakout,1.19782,1.1975164224698749,1.1987307325903758,2021-04-15 03:25:00-04:00,1.1987307325903758,TP,0.00023,3.0,2.2424,2242.37
2021-04-15 20:00:00-04:00,LONG,Breakout,1.19712,1.1969780590516599,1.1975458228450202,2021-04-15 20:05:00-04:00,1.1969780590516599,SL,0.00023,-1.0,-2.6204,-2620.39
2021-04-16 02:35:00-04:00,LONG,Breakout,1.19644,1.196108913118619,1.1974332606441425,2021-04-16 02:45:00-04:00,1.196108913118619,SL,0.00023,-1.0,-1.6947,-1694.68
2021-04-16 03:15:00-04:00,LONG,Retest,1.19658,1.1960941390723698,1.1980375827828904,2021-04-16 03:55:00-04:00,1.1980375827828904,TP,0.00023,3.0,2.5266,2526.61
2021-04-16 06:50:00-04:00,LONG,Breakout,1.19906,1.198664737519388,1.2002457874418362,2021-04-16 07:00:00-04:00,1.198664737519388,SL,0.00023,-1.0,-1.5819,-1581.89
2021-04-16 07:05:00-04:00,LONG,Retest,1.19892,1.1986685125109677,1.1996744624670967,2021-04-16 07:15:00-04:00,1.1986685125109677,SL,0.00023,-1.0,-1.9146,-1914.56
2021-04-18 20:40:00-04:00,LONG,Bounce,1.19692,1.1967790396377311,1.1973428810868065,2021-04-18 20:50:00-04:00,1.1967790396377311,SL,0.000226,-1.0,-2.6033,-2603.29
2021-04-19 02:45:00-04:00,LONG,Breakout,1.19782,1.1973327177453268,1.19928184676402,2021-04-19 03:45:00-04:00,1.19928184676402,TP,0.00023,3.0,2.528,2527.99
2021-04-19 07:00:00-04:00,LONG,Breakout,1.20457,1.2039064077691441,1.2065607766925672,2021-04-19 07:20:00-04:00,1.2039064077691441,SL,0.00023,-1.0,-1.3466,-1346.6
2021-04-19 18:30:00-04:00,LONG,Breakout,1.20371,1.2036211774376155,1.2039764676871536,2021-04-19 18:50:00-04:00,1.2036211774376155,SL,0.000232,-1.0,-3.6119,-3611.95
2021-04-19 21:50:00-04:00,LONG,Breakout,1.20457,1.2043901876123484,1.2051094371629545,2021-04-19 21:55:00-04:00,1.2043901876123484,SL,0.00023,-1.0,-2.2791,-2279.11
2021-04-20 02:55:00-04:00,LONG,Breakout,1.20715,1.2069586097936447,1.2077241706190658,2021-04-20 03:00:00-04:00,1.2069586097936447,SL,0.00023,-1.0,-2.2017,-2201.73
2021-04-20 20:15:00-04:00,LONG,Breakout,1.20377,1.2035167271622247,1.204529818513326,2021-04-20 20:20:00-04:00,1.2035167271622247,SL,0.000236,-1.0,-1.9318,-1931.8
2021-04-21 21:30:00-04:00,LONG,Breakout,1.20394,1.2038460035490306,1.2042219893529083,2021-04-21 21:45:00-04:00,1.2042219893529083,TP,0.000232,3.0,0.5318,531.82
2021-04-22 03:00:00-04:00,LONG,Breakout,1.20464,1.2044999939221515,1.2050600182335454,2021-04-22 03:05:00-04:00,1.2044999939221515,SL,0.00023,-1.0,-2.6428,-2642.79
2021-04-22 08:00:00-04:00,LONG,Bounce,1.20447,1.204214242168903,1.2052372734932906,2021-04-22 08:30:00-04:00,1.204214242168903,SL,0.00023,-1.0,-1.8993,-1899.29
2021-04-22 08:35:00-04:00,LONG,Bounce,1.20447,1.2042006128029246,1.205278161591226,2021-04-22 08:55:00-04:00,1.205278161591226,TP,0.00023,3.0,2.1462,2146.21
2021-04-22 08:55:00-04:00,LONG,Breakout,1.20635,1.2056844855337445,1.2083465433987666,2021-04-22 09:10:00-04:00,1.2056844855337445,SL,0.00023,-1.0,-1.3456,-1345.6
2021-04-22 20:55:00-04:00,LONG,Breakout,1.20193,1.2017233617005119,1.2025499148984642,2021-04-22 21:00:00-04:00,1.2017233617005119,SL,0.000234,-1.0,-2.1324,-2132.41
2021-04-23 02:45:00-04:00,LONG,Breakout,1.203,1.2028195477352563,1.2035413567942312,2021-04-23 02:55:00-04:00,1.2035413567942312,TP,0.00023,3.0,1.7254,1725.42
2021-04-23 07:10:00-04:00,LONG,Bounce,1.20561,1.2053133114969456,1.2065000655091633,2021-04-23 07:20:00-04:00,1.2053133114969456,SL,0.00023,-1.0,-1.7752,-1775.22
2021-04-23 08:00:00-04:00,LONG,Breakout,1.20637,1.2059676573006115,1.2075770280981653,2021-04-23 09:55:00-04:00,1.2059676573006115,SL,0.00023,-1.0,-1.5717,-1571.65
2021-04-23 10:15:00-04:00,LONG,Bounce,1.2056,1.2047115831759665,1.2082652504721005,2021-04-23 10:50:00-04:00,1.2047115831759665,SL,0.00023,-1.0,-1.2589,-1258.89
2021-04-25 20:05:00-04:00,LONG,Breakout,1.20954,1.2093342561134361,1.2101572316596918,2021-04-25 20:10:00-04:00,1.2093342561134361,SL,0.000232,-1.0,-2.1276,-2127.62
2021-04-25 20:25:00-04:00,LONG,Breakout,1.20951,1.2093316904637612,1.2100449286087167,2021-04-25 20:35:00-04:00,1.2100449286087167,TP,0.00023,3.0,1.7101,1710.11
2021-04-25 23:35:00-04:00,LONG,Breakout,1.21113,1.2110212915172425,1.2114561254482727,2021-04-25 23:50:00-04:00,1.2110212915172425,SL,0.000218,-1.0,-3.0054,-3005.36
2021-04-27 01:30:00-04:00,LONG,Breakout,1.2073800000000001,1.2073155303270187,1.2075734090189445,2021-04-27 01:35:00-04:00,1.2073155303270187,SL,0.000228,-1.0,-4.5365,-4536.55
2021-04-27 01:45:00-04:00,LONG,Retest,1.20747,1.2073169431955029,1.2079291704134916,2021-04-27 01:55:00-04:00,1.2073169431955029,SL,0.000234,-1.0,-2.5288,-2528.84
2021-04-27 03:00:00-04:00,LONG,Bounce,1.20701,1.2068537733856148,1.2074786798431552,2021-04-27 03:05:00-04:00,1.2068537733856148,SL,0.00023,-1.0,-2.4722,-2472.22
2021-04-27 09:40:00-04:00,LONG,Bounce,1.20752,1.2073508782324667,1.2080273653025997,2021-04-27 09:45:00-04:00,1.2080273653025997,TP,0.00023,3.0,1.64,1640.03
2021-04-28 09:40:00-04:00,LONG,Bounce,1.20657,1.2059432281788252,1.2084503154635242,2021-04-28 10:10:00-04:00,1.2084503154635242,TP,0.00023,3.0,2.633,2633.04
2021-04-28 14:35:00-04:00,LONG,Breakout,1.21204,1.2100007303783227,1.218157808865032,2021-04-30 03:45:00-04:00,1.2100007303783227,SL,0.00023,-1.0,-1.1128,-1112.79
2021-05-04 02:00:00-04:00,LONG,Bounce,1.20351,1.2032393023934616,1.2043220928196157,2021-05-04 02:40:00-04:00,1.2032393023934616,SL,0.000234,-1.0,-1.8644,-1864.43
2021-05-04 08:00:00-04:00,LONG,Breakout,1.20223,1.2020106039568976,1.2028881881293068,2021-05-04 08:05:00-04:00,1.2020106039568976,SL,0.00023,-1.0,-2.0483,-2048.33
2021-05-04 08:35:00-04:00,LONG,Retest,1.20235,1.2020098521857092,1.2033704434428725,2021-05-04 09:20:00-04:00,1.2020098521857092,SL,0.000242,-1.0,-1.7115,-1711.46
2021-05-04 09:35:00-04:00,LONG,Breakout,1.20223,1.2020084972840117,1.2028945081479645,2021-05-04 10:00:00-04:00,1.2020084972840117,SL,0.000248,-1.0,-2.1196,-2119.63
2021-05-04 10:55:00-04:00,LONG,Breakout,1.20315,1.2027686878367132,1.2042939364898602,2021-05-04 11:05:00-04:00,1.2027686878367132,SL,0.00023,-1.0,-1.6032,-1603.18
2021-05-04 20:00:00-04:00,LONG,Breakout,1.20167,1.2014953226520038,1.2021940320439888,2021-05-04 20:05:00-04:00,1.2014953226520038,SL,0.00023,-1.0,-2.3167,-2316.71
2021-05-04 20:15:00-04:00,LONG,Breakout,1.20163,1.2014924846452086,1.202042546064374,2021-05-04 20:25:00-04:00,1.2014924846452086,SL,0.000236,-1.0,-2.7162,-2716.17
2021-05-07 03:05:00-04:00,LONG,Bounce,1.20615,1.2059898766052297,1.206630370184311,2021-05-07 03:10:00-04:00,1.206630370184311,TP,0.00023,3.0,1.5636,1563.61
2021-05-07 03:10:00-04:00,LONG,Breakout,1.2081,1.2067354568477133,1.2121936294568598,2021-05-07 07:50:00-04:00,1.2067354568477133,SL,0.000228,-1.0,-1.1671,-1167.09
2021-05-07 08:30:00-04:00,LONG,Breakout,1.21221,1.2083860402851765,1.2236818791444706,2021-05-12 08:30:00-04:00,1.2083860402851765,SL,0.00023,-1.0,-1.0601,-1060.15
2021-05-12 20:10:00-04:00,LONG,Bounce,1.20717,1.207094811532452,1.2073955654026443,2021-05-12 20:15:00-04:00,1.207094811532452,SL,0.000232,-1.0,-4.0856,-4085.58
2021-05-12 20:40:00-04:00,LONG,Breakout,1.20783,1.2077011872524606,1.2082164382426182,2021-05-12 20:50:00-04:00,1.2082164382426182,TP,0.00023,3.0,1.2145,1214.46
2021-05-12 21:15:00-04:00,LONG,Breakout,1.20787,1.2076953038652163,1.2083940884043511,2021-05-12 21:30:00-04:00,1.2083940884043511,TP,0.00023,3.0,1.6834,1683.43
2021-05-14 15:15:00-04:00,LONG,Breakout,1.21433,1.2142354692338573,1.2146135922984278,2021-05-14 15:20:00-04:00,1.2142354692338573,SL,0.000192,-1.0,-3.0311,-3031.08
2021-05-16 18:05:00-04:00,LONG,Breakout,1.21459,1.214341268704999,1.2153361938850031,2021-05-16 20:10:00-04:00,1.214341268704999,SL,0.00023,-1.0,-1.9247,-1924.69
2021-05-17 02:15:00-04:00,LONG,Breakout,1.21362,1.2132809192300786,1.2146372423097638,2021-05-17 02:20:00-04:00,1.2132809192300786,SL,0.00019,-1.0,-1.5603,-1560.34
2021-05-17 02:30:00-04:00,LONG,Breakout,1.21383,1.213269189339826,1.215512431980522,2021-05-17 03:45:00-04:00,1.213269189339826,SL,0.00019,-1.0,-1.3388,-1338.8
2021-05-17 04:20:00-04:00,LONG,Retest,1.2135799999999999,1.2132507412657099,1.21456777620287,2021-05-17 04:50:00-04:00,1.21456777620287,TP,0.000192,3.0,2.4169,2416.87
2021-05-17 14:00:00-04:00,LONG,Breakout,1.21578,1.2156098551242627,1.2162904346272123,2021-05-17 15:25:00-04:00,1.2156098551242627,SL,0.00019,-1.0,-2.1167,-2116.7
2021-05-17 20:05:00-04:00,LONG,Breakout,1.21554,1.215436229866117,1.2158513104016493,2021-05-17 20:40:00-04:00,1.215436229866117,SL,0.000198,-1.0,-2.9081,-2908.06
2021-05-17 21:10:00-04:00,LONG,Breakout,1.21612,1.215759933366254,1.217200199901238,2021-05-18 02:10:00-04:00,1.217200199901238,TP,0.00019,3.0,2.4723,2472.32
2021-05-18 08:40:00-04:00,LONG,Breakout,1.22278,1.2221875622626663,1.224557313212001,2021-05-18 08:50:00-04:00,1.2221875622626663,SL,0.00019,-1.0,-1.3207,-1320.71
2021-05-18 20:20:00-04:00,LONG,Breakout,1.22253,1.2224019074210972,1.222914277736708,2021-05-18 20:45:00-04:00,1.222914277736708,TP,0.000196,3.0,1.4699,1469.86
2021-05-18 21:05:00-04:00,LONG,Breakout,1.22259,1.2223890037493947,1.223192988751816,2021-05-18 21:10:00-04:00,1.2223890037493947,SL,0.000196,-1.0,-1.9751,-1975.14
2021-05-19 09:30:00-04:00,LONG,Breakout,1.22164,1.2213624879753757,1.222472536073873,2021-05-19 09:35:00-04:00,1.222472536073873,TP,0.00019,3.0,2.3153,2315.34
2021-05-19 11:00:00-04:00,LONG,Retest,1.22156,1.2213328293450783,1.2222415119647652,2021-05-19 11:05:00-04:00,1.2213328293450783,SL,0.00019,-1.0,-1.8364,-1836.38
2021-05-19 20:15:00-04:00,LONG,Breakout,1.21784,1.2176059623961153,1.2185421128116543,2021-05-19 20:20:00-04:00,1.2176059623961153,SL,0.000192,-1.0,-1.8204,-1820.38
2021-05-19 20:30:00-04:00,LONG,Breakout,1.21792,1.2176046331575312,1.218866100527406,2021-05-19 21:10:00-04:00,1.2176046331575312,SL,0.000196,-1.0,-1.6215,-1621.5
2021-05-19 21:30:00-04:00,LONG,Bounce,1.21754,1.2167308317028607,1.2199675048914183,2021-05-20 03:40:00-04:00,1.2199675048914183,TP,0.000194,3.0,2.7602,2760.25
2021-05-20 08:00:00-04:00,LONG,Breakout,1.2206299999999999,1.220295251083944,1.2216342467481676,2021-05-20 08:05:00-04:00,1.220295251083944,SL,0.00019,-1.0,-1.5676,-1567.59
2021-05-20 20:10:00-04:00,LONG,Breakout,1.2235800000000001,1.2228662365370602,1.22572129038882,2021-05-20 22:05:00-04:00,1.2228662365370602,SL,0.000194,-1.0,-1.2718,-1271.8
2021-05-21 02:00:00-04:00,LONG,Breakout,1.22378,1.2235641087663471,1.224427673700959,2021-05-21 02:10:00-04:00,1.2235641087663471,SL,0.00019,-1.0,-1.8801,-1880.07
2021-05-23 20:10:00-04:00,LONG,Breakout,1.21849,1.2182966264458033,1.2190701206625905,2021-05-23 20:25:00-04:00,1.2182966264458033,SL,0.000194,-1.0,-2.0032,-2003.24
2021-05-23 21:25:00-04:00,LONG,Bounce,1.2178499999999999,1.217577414594324,1.2186677562170278,2021-05-23 23:05:00-04:00,1.217577414594324,SL,0.00019,-1.0,-1.697,-1697.03
2021-05-24 09:35:00-04:00,LONG,Breakout,1.22179,1.22144679473453,1.2228196157964097,2021-05-24 09:40:00-04:00,1.22144679473453,SL,0.00019,-1.0,-1.5536,-1553.6
2021-05-24 09:45:00-04:00,LONG,Retest,1.22186,1.2214436444394672,1.2231090666815982,2021-05-24 10:50:00-04:00,1.2214436444394672,SL,0.00019,-1.0,-1.4563,-1456.34
2021-05-24 20:15:00-04:00,LONG,Breakout,1.22181,1.221602938433428,1.2224311846997165,2021-05-24 20:20:00-04:00,1.221602938433428,SL,0.000196,-1.0,-1.9466,-1946.58
2021-05-24 20:40:00-04:00,LONG,Retest,1.22179,1.2215994563607477,1.2223616309177565,2021-05-24 21:00:00-04:00,1.2223616309177565,TP,0.00019,3.0,2.0029,2002.85
2021-05-25 02:15:00-04:00,LONG,Breakout,1.22316,1.2229999282091764,1.223640215372471,2021-05-25 02:20:00-04:00,1.2229999282091764,SL,0.00019,-1.0,-2.187,-2186.97
2021-05-25 02:30:00-04:00,LONG,Breakout,1.22344,1.2229840270683527,1.224807918794942,2021-05-25 02:40:00-04:00,1.224807918794942,TP,0.00019,3.0,2.5833,2583.31
2021-05-25 10:00:00-04:00,LONG,Bounce,1.22508,1.2244116869724704,1.2270849390825886,2021-05-25 10:10:00-04:00,1.2244116869724704,SL,0.00019,-1.0,-1.2843,-1284.3
2021-05-26 04:45:00-04:00,LONG,Bounce,1.22343,1.2230949405344507,1.224435178396648,2021-05-26 05:30:00-04:00,1.224435178396648,TP,0.00019,3.0,2.4329,2432.94
2021-05-26 06:45:00-04:00,LONG,Bounce,1.22371,1.223070415251355,1.2256287542459354,2021-05-26 07:10:00-04:00,1.223070415251355,SL,0.00019,-1.0,-1.2971,-1297.07
2021-05-26 23:55:00-04:00,LONG,Breakout,1.21927,1.2191374914000697,1.2196675257997913,2021-05-27 00:30:00-04:00,1.2191374914000697,SL,0.00019,-1.0,-2.4339,-2433.87
2021-05-27 01:00:00-04:00,LONG,Retest,1.2193100000000001,1.2191412412564107,1.2198162762307685,2021-05-27 01:05:00-04:00,1.2191412412564107,SL,0.00019,-1.0,-2.1259,-2125.87
2021-05-27 02:00:00-04:00,LONG,Breakout,1.21955,1.2194302005705784,1.2199093982882645,2021-05-27 02:05:00-04:00,1.2199093982882645,TP,0.00019,3.0,1.414,1414.02
2021-05-27 23:45:00-04:00,LONG,Breakout,1.21873,1.2185556156180297,1.2192531531459112,2021-05-28 00:00:00-04:00,1.2185556156180297,SL,0.000192,-1.0,-2.101,-2101.02
2021-05-28 04:00:00-04:00,LONG,Breakout,1.21914,1.2188332828186035,1.2200601515441891,2021-05-28 05:25:00-04:00,1.2188332828186035,SL,0.00019,-1.0,-1.6195,-1619.46
2021-05-30 21:20:00-04:00,LONG,Breakout,1.2196,1.2194932491803785,1.2199202524588646,2021-05-30 21:30:00-04:00,1.2194932491803785,SL,0.00019,-1.0,-2.7798,-2779.85
2021-05-31 07:45:00-04:00,LONG,Breakout,1.21951,1.219182865423622,1.2204914037291341,2021-05-31 10:05:00-04:00,1.2204914037291341,TP,0.00019,3.0,2.4192,2419.2
2021-05-31 10:30:00-04:00,LONG,Retest,1.22025,1.2200329913046286,1.2209010260861144,2021-05-31 10:50:00-04:00,1.2209010260861144,TP,0.00019,3.0,2.1245,2124.46
2021-05-31 18:30:00-04:00,LONG,Breakout,1.22309,1.2227889173709485,1.2239932478871545,2021-05-31 19:00:00-04:00,1.2227889173709485,SL,0.000182,-1.0,-1.6045,-1604.49
2021-05-31 19:40:00-04:00,LONG,Breakout,1.2233100000000001,1.2231750578339706,1.2237148264980886,2021-05-31 19:55:00-04:00,1.2231750578339706,SL,0.000186,-1.0,-2.3784,-2378.37
2021-06-01 00:30:00-04:00,LONG,Bounce,1.22253,1.222464488969361,1.2227265330919166,2021-06-01 00:35:00-04:00,1.222464488969361,SL,0.00019,-1.0,-3.9003,-3900.27
2021-06-01 00:35:00-04:00,LONG,Bounce,1.22263,1.2224643111858353,1.2231270664424945,2021-06-01 00:40:00-04:00,1.2224643111858353,SL,0.000192,-1.0,-2.1588,-2158.8
2021-06-01 02:20:00-04:00,LONG,Bounce,1.22254,1.2224448331312547,1.2228255006062356,2021-06-01 02:25:00-04:00,1.2228255006062356,TP,0.00019,3.0,1.0035,1003.51
2021-06-01 03:00:00-04:00,LONG,Breakout,1.22325,1.2230523299304865,1.2238430102085402,2021-06-01 03:05:00-04:00,1.2230523299304865,SL,0.00019,-1.0,-1.9612,-1961.2
2021-06-01 03:55:00-04:00,LONG,Breakout,1.22406,1.2230234757385003,1.2271695727844987,2021-06-01 04:05:00-04:00,1.2230234757385003,SL,0.00019,-1.0,-1.1833,-1183.3
2021-06-01 05:50:00-04:00,LONG,Retest,1.22333,1.2230330387789794,1.224220883663062,2021-06-01 05:55:00-04:00,1.2230330387789794,SL,0.00019,-1.0,-1.6398,-1639.81
2021-06-01 09:25:00-04:00,LONG,Breakout,1.2227999999999999,1.2225980644136938,1.2234058067589182,2021-06-01 09:30:00-04:00,1.2225980644136938,SL,0.00019,-1.0,-1.9409,-1940.89
2021-06-01 14:55:00-04:00,LONG,Bounce,1.22278,1.2225751542511238,1.2233945372466284,2021-06-01 15:00:00-04:00,1.2225751542511238,SL,0.00019,-1.0,-1.9275,-1927.53
2021-06-03 01:05:00-04:00,LONG,Bounce,1.22017,1.2201107192671015,1.2203478421986955,2021-06-03 01:15:00-04:00,1.2201107192671015,SL,0.00019,-1.0,-4.2051,-4205.09
2021-06-03 06:00:00-04:00,LONG,Breakout,1.22045,1.2192077346333372,1.2241767960999885,2021-06-03 06:30:00-04:00,1.2192077346333372,SL,0.00019,-1.0,-1.1529,-1152.95
2021-06-04 06:45:00-04:00,SHORT,Breakout,1.21063,1.2108223065967563,1.2100530802097316,2021-06-04 07:00:00-04:00,1.2108223065967563,SL,0.00019,-1.0,-1.988,-1988.01
2021-06-04 07:05:00-04:00,SHORT,Breakout,1.21068,1.2108268928235622,1.2102393215293135,2021-06-04 07:10:00-04:00,1.2108268928235622,SL,0.00019,-1.0,-2.2935,-2293.46
2021-06-04 08:05:00-04:00,SHORT,Bounce,1.21153,1.211763757704472,1.210828726886584,2021-06-04 08:10:00-04:00,1.211763757704472,SL,0.00019,-1.0,-1.8128,-1812.81
2021-06-13 20:50:00-04:00,SHORT,Breakout,1.20986,1.2100049638242005,1.2094251085273982,2021-06-13 21:05:00-04:00,1.2100049638242005,SL,0.00019,-1.0,-2.3107,-2310.67
2021-06-14 20:00:00-04:00,SHORT,Breakout,1.21145,1.2116667218753578,1.2107998343739261,2021-06-14 20:05:00-04:00,1.2116667218753578,SL,0.000196,-1.0,-1.9044,-1904.38
2021-06-15 00:35:00-04:00,SHORT,Bounce,1.21239,1.2125274157308832,1.2119777528073508,2021-06-15 00:55:00-04:00,1.2125274157308832,SL,0.000194,-1.0,-2.4118,-2411.77
2021-06-15 02:15:00-04:00,SHORT,Bounce,1.21243,1.212540408909472,1.2120987732715836,2021-06-15 02:20:00-04:00,1.212540408909472,SL,0.00019,-1.0,-2.7209,-2720.88
2021-06-15 05:00:00-04:00,SHORT,Breakout,1.2122,1.2123852659218122,1.2116442022345633,2021-06-15 05:15:00-04:00,1.2123852659218122,SL,0.00019,-1.0,-2.0256,-2025.55
2021-06-15 06:50:00-04:00,SHORT,Breakout,1.21152,1.2120454843663058,1.2099435469010824,2021-06-15 09:20:00-04:00,1.2120454843663058,SL,0.00019,-1.0,-1.3616,-1361.57
2021-06-15 20:55:00-04:00,SHORT,Breakout,1.21217,1.2122893088795799,1.2118120733612603,2021-06-15 21:10:00-04:00,1.2122893088795799,SL,0.000194,-1.0,-2.626,-2626.03
2021-06-16 08:20:00-04:00,SHORT,Bounce,1.21253,1.2126828831238838,1.212071350628349,2021-06-16 08:40:00-04:00,1.212071350628349,TP,0.000192,3.0,1.7441,1744.14
2021-06-16 19:35:00-04:00,SHORT,Breakout,1.19866,1.1990559911041516,1.1974720266875454,2021-06-16 19:40:00-04:00,1.1990559911041516,SL,0.00019,-1.0,-1.4798,-1479.81
2021-06-16 20:10:00-04:00,SHORT,Breakout,1.1985000000000001,1.1990676119185897,1.1967971642442314,2021-06-16 20:25:00-04:00,1.1990676119185897,SL,0.00019,-1.0,-1.3347,-1334.74
2021-06-16 20:45:00-04:00,SHORT,Breakout,1.19883,1.199071477972718,1.198105566081846,2021-06-16 21:00:00-04:00,1.199071477972718,SL,0.00019,-1.0,-1.7868,-1786.82
2021-06-16 21:30:00-04:00,SHORT,Bounce,1.19942,1.199556031251276,1.1990119062461715,2021-06-16 21:45:00-04:00,1.199556031251276,SL,0.00019,-1.0,-2.3967,-2396.74
2021-06-17 01:55:00-04:00,SHORT,Bounce,1.19993,1.2004263570284548,1.1984409289146354,2021-06-17 02:00:00-04:00,1.1984409289146354,TP,0.00019,3.0,2.6172,2617.21
2021-06-17 02:00:00-04:00,SHORT,Breakout,1.19865,1.1992973315264222,1.1967080054207335,2021-06-17 03:10:00-04:00,1.1967080054207335,TP,0.00019,3.0,2.7065,2706.49
2021-06-18 01:10:00-04:00,SHORT,Breakout,1.1899899999999999,1.190421746037578,1.1886947618872652,2021-06-18 01:45:00-04:00,1.190421746037578,SL,0.00019,-1.0,-1.4401,-1440.07
2021-06-18 02:00:00-04:00,SHORT,Breakout,1.18994,1.1904444972706305,1.1884265081881085,2021-06-18 02:15:00-04:00,1.1904444972706305,SL,0.00019,-1.0,-1.3766,-1376.61
2021-06-18 02:50:00-04:00,SHORT,Breakout,1.18876,1.189539993671417,1.186420018985749,2021-06-18 03:00:00-04:00,1.189539993671417,SL,0.00019,-1.0,-1.2436,-1243.59
2021-06-18 08:05:00-04:00,SHORT,Breakout,1.19005,1.1908836455861493,1.1875490632415522,2021-06-18 08:25:00-04:00,1.1875490632415522,TP,0.00019,3.0,2.7721,2772.09
2021-06-18 10:45:00-04:00,SHORT,Breakout,1.18652,1.1867916055953918,1.1857051832138248,2021-06-18 10:50:00-04:00,1.1867916055953918,SL,0.00019,-1.0,-1.6995,-1699.54
2021-06-18 10:50:00-04:00,SHORT,Breakout,1.18549,1.1868023480528638,1.1815529558414084,2021-06-18 11:35:00-04:00,1.1868023480528638,SL,0.00019,-1.0,-1.1448,-1144.78
2021-06-20 19:00:00-04:00,SHORT,Bounce,1.18709,1.1873347607212739,1.1863557178361783,2021-06-20 19:15:00-04:00,1.1873347607212739,SL,0.000206,-1.0,-1.8416,-1841.64
2021-06-20 19:55:00-04:00,SHORT,Bounce,1.18697,1.187326976240673,1.185899071277981,2021-06-20 20:05:00-04:00,1.187326976240673,SL,0.000192,-1.0,-1.5379,-1537.85
2021-06-20 23:15:00-04:00,SHORT,Breakout,1.18569,1.186028563984599,1.1846743080462023,2021-06-20 23:45:00-04:00,1.1846743080462023,TP,0.00019,3.0,2.4388,2438.81
2021-06-21 00:30:00-04:00,SHORT,Retest,1.18582,1.1860188548182857,1.1852234355451432,2021-06-21 00:35:00-04:00,1.1852234355451432,TP,0.000194,3.0,2.0244,2024.41
2021-06-21 18:40:00-04:00,SHORT,Breakout,1.1913,1.191412373257306,1.1909628802280818,2021-06-21 18:45:00-04:00,1.191412373257306,SL,0.0002,-1.0,-2.7798,-2779.78
2021-06-21 18:45:00-04:00,SHORT,Retest,1.19133,1.1914110608817843,1.1910868173546472,2021-06-21 19:05:00-04:00,1.1910868173546472,TP,0.000202,3.0,0.508,508.05
2021-06-22 01:15:00-04:00,SHORT,Breakout,1.18977,1.1900111012836971,1.1890466961489086,2021-06-22 01:35:00-04:00,1.1900111012836971,SL,0.000206,-1.0,-1.8544,-1854.41
2021-06-22 01:35:00-04:00,SHORT,Retest,1.18979,1.1900113532841439,1.189125940147568,2021-06-22 01:40:00-04:00,1.1900113532841439,SL,0.000192,-1.0,-1.8674,-1867.39
2021-06-22 05:35:00-04:00,SHORT,Breakout,1.1884299999999999,1.1891889818557217,1.1861530544328343,2021-06-22 06:30:00-04:00,1.1891889818557217,SL,0.00019,-1.0,-1.2503,-1250.34
2021-06-23 01:05:00-04:00,SHORT,Breakout,1.19177,1.1919726593830944,1.1911620218507168,2021-06-23 01:45:00-04:00,1.1919726593830944,SL,0.000198,-1.0,-1.977,-1977.01
2021-06-23 07:35:00-04:00,SHORT,Bounce,1.19467,1.194950746761651,1.1938277597150468,2021-06-23 07:40:00-04:00,1.194950746761651,SL,0.00019,-1.0,-1.6768,-1676.77
2021-06-23 12:35:00-04:00,SHORT,Breakout,1.19362,1.1938696005897698,1.1928711982306903,2021-06-23 12:40:00-04:00,1.1938696005897698,SL,0.00019,-1.0,-1.7612,-1761.22
2021-06-23 13:55:00-04:00,SHORT,Retest,1.19363,1.193848987317606,1.1929730380471821,2021-06-23 14:35:00-04:00,1.1929730380471821,TP,0.00019,3.0,2.1324,2132.37
2021-06-23 21:30:00-04:00,SHORT,Breakout,1.19188,1.1925841918996594,1.1897674243010221,2021-06-23 21:55:00-04:00,1.1925841918996594,SL,0.000192,-1.0,-1.2727,-1272.65
2021-06-23 22:05:00-04:00,SHORT,Breakout,1.19247,1.1925867104867232,1.1921198685398302,2021-06-23 22:15:00-04:00,1.1921198685398302,TP,0.000192,3.0,1.3549,1354.9
2021-06-24 20:15:00-04:00,SHORT,Breakout,1.19271,1.1928159602552775,1.1923921192341673,2021-06-24 20:20:00-04:00,1.1928159602552775,SL,0.000196,-1.0,-2.8498,-2849.75
2021-06-25 02:00:00-04:00,SHORT,Breakout,1.1936,1.193722845023761,1.1932314649287172,2021-06-25 02:05:00-04:00,1.193722845023761,SL,0.00019,-1.0,-2.5467,-2546.66
2021-06-25 08:15:00-04:00,SHORT,Bounce,1.1948699999999999,1.1950389586691632,1.1943631239925099,2021-06-25 08:20:00-04:00,1.1950389586691632,SL,0.00019,-1.0,-2.1245,-2124.54
2021-06-27 19:00:00-04:00,SHORT,Bounce,1.1937,1.1940164128001962,1.1927507615994113,2021-06-27 19:55:00-04:00,1.1940164128001962,SL,0.000198,-1.0,-1.6258,-1625.76
2021-06-27 21:20:00-04:00,SHORT,Breakout,1.19302,1.1932005485570911,1.1924783543287265,2021-06-27 21:25:00-04:00,1.1924783543287265,TP,0.000192,3.0,1.9366,1936.57
2021-06-28 02:05:00-04:00,SHORT,Bounce,1.1925,1.1925714762992041,1.1922855711023872,2021-06-28 02:10:00-04:00,1.1925714762992041,SL,0.000196,-1.0,-3.7422,-3742.17
2021-06-28 07:30:00-04:00,SHORT,Breakout,1.19181,1.192515999928988,1.189692000213036,2021-06-28 09:20:00-04:00,1.192515999928988,SL,0.00019,-1.0,-1.2691,-1269.12
2021-06-28 20:00:00-04:00,SHORT,Bounce,1.19263,1.1928839488191816,1.1918681535424556,2021-06-28 20:35:00-04:00,1.1918681535424556,TP,0.000192,3.0,2.2439,2243.94
2021-06-28 21:30:00-04:00,SHORT,Breakout,1.1921,1.1923455380965027,1.1913633857104917,2021-06-28 22:05:00-04:00,1.1913633857104917,TP,0.00019,3.0,2.2262,2226.19
2021-06-29 03:20:00-04:00,SHORT,Breakout,1.19058,1.1909674899647913,1.189417530105626,2021-06-29 03:30:00-04:00,1.1909674899647913,SL,0.00019,-1.0,-1.4903,-1490.34
2021-06-29 04:10:00-04:00,SHORT,Retest,1.19053,1.1909770906469885,1.1891887280590347,2021-06-29 05:45:00-04:00,1.1909770906469885,SL,0.00019,-1.0,-1.425,-1424.97
2021-06-29 06:45:00-04:00,SHORT,Breakout,1.18968,1.1899309495457189,1.1889271513628437,2021-06-29 06:50:00-04:00,1.1899309495457189,SL,0.00019,-1.0,-1.7571,-1757.12
2021-06-29 21:00:00-04:00,SHORT,Bounce,1.1899,1.1900860996445157,1.1893417010664527,2021-06-29 21:40:00-04:00,1.1900860996445157,SL,0.000192,-1.0,-2.0317,-2031.71
2021-06-29 21:50:00-04:00,SHORT,Bounce,1.19044,1.1906275352948457,1.1898773941154628,2021-06-29 22:00:00-04:00,1.1906275352948457,SL,0.000192,-1.0,-2.0238,-2023.81
2021-06-30 02:55:00-04:00,SHORT,Bounce,1.19039,1.1904749533367236,1.1901351399898294,2021-06-30 03:00:00-04:00,1.1901351399898294,TP,0.00019,3.0,0.7635,763.48
2021-06-30 08:25:00-04:00,SHORT,Breakout,1.18765,1.188518331577958,1.1850450052661265,2021-06-30 10:55:00-04:00,1.1850450052661265,TP,0.00019,3.0,2.7812,2781.19
2021-06-30 20:05:00-04:00,SHORT,Breakout,1.1852,1.1853726011721355,1.1846821964835936,2021-06-30 20:50:00-04:00,1.1846821964835936,TP,0.000194,3.0,1.876,1876.02
2021-07-02 02:15:00-04:00,SHORT,Breakout,1.18383,1.1839855528231056,1.183363341530683,2021-07-02 02:20:00-04:00,1.1839855528231056,SL,0.000192,-1.0,-2.2343,-2234.31
2021-07-02 02:25:00-04:00,SHORT,Breakout,1.18372,1.1839960225872697,1.1828919322381914,2021-07-02 02:35:00-04:00,1.1839960225872697,SL,0.00019,-1.0,-1.6883,-1688.35
2021-07-02 02:45:00-04:00,SHORT,Breakout,1.18367,1.183998613523402,1.182684159429794,2021-07-02 03:05:00-04:00,1.182684159429794,TP,0.00019,3.0,2.4218,2421.81
2021-07-05 02:10:00-04:00,SHORT,Bounce,1.18555,1.185779858584795,1.1848604242456156,2021-07-05 02:30:00-04:00,1.185779858584795,SL,0.00019,-1.0,-1.8266,-1826.6
2021-07-05 08:10:00-04:00,SHORT,Breakout,1.18648,1.1868848355428288,1.1852654933715137,2021-07-05 22:50:00-04:00,1.1868848355428288,SL,0.000192,-1.0,-1.4743,-1474.27
2021-07-06 04:05:00-04:00,SHORT,Breakout,1.18644,1.1870081854061425,1.1847354437815723,2021-07-06 04:20:00-04:00,1.1847354437815723,TP,0.00019,3.0,2.6656,2665.6
2021-07-06 09:05:00-04:00,SHORT,Breakout,1.18251,1.1831365334732928,1.1806303995801213,2021-07-06 09:30:00-04:00,1.1831365334732928,SL,0.00019,-1.0,-1.3033,-1303.26
2021-07-06 09:30:00-04:00,SHORT,Breakout,1.1828400000000001,1.1831357676468497,1.1819526970594514,2021-07-06 09:45:00-04:00,1.1831357676468497,SL,0.00019,-1.0,-1.6424,-1642.4
2021-07-06 20:15:00-04:00,SHORT,Breakout,1.18152,1.181733711298502,1.1808788661044936,2021-07-06 20:20:00-04:00,1.181733711298502,SL,0.000194,-1.0,-1.9078,-1907.77
2021-07-07 03:05:00-04:00,SHORT,Breakout,1.18146,1.1821738409113438,1.1793184772659684,2021-07-07 03:15:00-04:00,1.1821738409113438,SL,0.00019,-1.0,-1.2662,-1266.17
2021-07-07 08:15:00-04:00,SHORT,Bounce,1.18277,1.1830269783170135,1.1819990650489598,2021-07-07 08:20:00-04:00,1.1830269783170135,SL,0.00019,-1.0,-1.7394,-1739.36
2021-07-07 21:00:00-04:00,SHORT,Breakout,1.17871,1.1788600400658822,1.1782598798023531,2021-07-07 21:05:00-04:00,1.1788600400658822,SL,0.000194,-1.0,-2.293,-2292.99
2021-07-07 21:50:00-04:00,SHORT,Breakout,1.1785700000000001,1.1788738660600697,1.1776584018197913,2021-07-07 22:50:00-04:00,1.1788738660600697,SL,0.00019,-1.0,-1.6253,-1625.28
2021-07-08 01:10:00-04:00,SHORT,Bounce,1.17927,1.1794538191073378,1.1787185426779867,2021-07-08 01:15:00-04:00,1.1794538191073378,SL,0.000196,-1.0,-2.0663,-2066.27
2021-07-08 20:00:00-04:00,SHORT,Bounce,1.18453,1.1848643547888227,1.1835269356335323,2021-07-08 20:15:00-04:00,1.1848643547888227,SL,0.00019,-1.0,-1.5683,-1568.26
2021-07-08 20:15:00-04:00,SHORT,Bounce,1.18468,1.1848672782328875,1.1841181653013373,2021-07-08 20:35:00-04:00,1.1841181653013373,TP,0.000196,3.0,1.9534,1953.43
2021-07-08 20:40:00-04:00,SHORT,Breakout,1.18391,1.1840294064246362,1.1835517807260916,2021-07-08 20:50:00-04:00,1.1840294064246362,SL,0.00019,-1.0,-2.5912,-2591.2
2021-07-08 21:00:00-04:00,SHORT,Breakout,1.18378,1.1840311290840804,1.183026612747759,2021-07-08 21:05:00-04:00,1.1840311290840804,SL,0.000194,-1.0,-1.7725,-1772.51
2021-07-09 00:55:00-04:00,SHORT,Breakout,1.18309,1.1833533890232295,1.1822998329303114,2021-07-09 01:05:00-04:00,1.1833533890232295,SL,0.000192,-1.0,-1.729,-1728.96
2021-07-09 01:15:00-04:00,SHORT,Breakout,1.18321,1.1833505532562594,1.1827883402312223,2021-07-09 01:30:00-04:00,1.1833505532562594,SL,0.000192,-1.0,-2.366,-2366.03
2021-07-09 02:25:00-04:00,SHORT,Breakout,1.1828,1.1831223239559976,1.1818330281320075,2021-07-09 02:55:00-04:00,1.1831223239559976,SL,0.00019,-1.0,-1.5895,-1589.47
2021-07-12 02:10:00-04:00,SHORT,Breakout,1.18635,1.1864768125218246,1.1859695624345263,2021-07-12 02:30:00-04:00,1.1864768125218246,SL,0.000192,-1.0,-2.514,-2514.05
2021-07-12 02:35:00-04:00,SHORT,Breakout,1.18629,1.1864855187676002,1.1857034436971996,2021-07-12 02:45:00-04:00,1.1857034436971996,TP,0.00019,3.0,2.0282,2028.23
2021-07-12 05:50:00-04:00,SHORT,Breakout,1.18525,1.1856076952994699,1.18417691410159,2021-07-12 06:55:00-04:00,1.18417691410159,TP,0.00019,3.0,2.4688,2468.82
2021-07-12 19:10:00-04:00,SHORT,Bounce,1.18613,1.1862073075582085,1.1858980773253742,2021-07-12 19:20:00-04:00,1.1858980773253742,TP,0.00019,3.0,0.5423,542.28
2021-07-13 02:55:00-04:00,SHORT,Breakout,1.18531,1.185539067261766,1.1846227982147022,2021-07-13 03:00:00-04:00,1.185539067261766,SL,0.00019,-1.0,-1.8295,-1829.45
2021-07-13 08:25:00-04:00,SHORT,Bounce,1.18461,1.1847996385983688,1.1840410842048934,2021-07-13 08:30:00-04:00,1.1840410842048934,TP,0.00019,3.0,1.9981,1998.09
2021-07-13 08:30:00-04:00,SHORT,Breakout,1.18164,1.183624521555628,1.175686435333116,2021-07-14 15:45:00-04:00,1.183624521555628,SL,0.00019,-1.0,-1.0957,-1095.74
2021-07-14 19:05:00-04:00,SHORT,Bounce,1.18357,1.1837812481975003,1.1829362554074991,2021-07-14 20:30:00-04:00,1.1829362554074991,TP,0.0002,3.0,2.0532,2053.25
2021-07-14 21:20:00-04:00,SHORT,Retest,1.18317,1.1833457858808625,1.1826426423574128,2021-07-14 21:45:00-04:00,1.1826426423574128,TP,0.000192,3.0,1.9078,1907.76
2021-07-15 03:25:00-04:00,SHORT,Breakout,1.18276,1.182999463708497,1.182041608874509,2021-07-15 03:30:00-04:00,1.182999463708497,SL,0.00019,-1.0,-1.7934,-1793.44
2021-07-15 03:35:00-04:00,SHORT,Retest,1.18288,1.182998313095592,1.182525060713224,2021-07-15 03:40:00-04:00,1.182525060713224,TP,0.00019,3.0,1.3941,1394.09
2021-07-15 14:00:00-04:00,SHORT,Breakout,1.18019,1.1803421287852387,1.1797336136442842,2021-07-15 14:05:00-04:00,1.1803421287852387,SL,0.000192,-1.0,-2.2621,-2262.09
2021-07-15 14:20:00-04:00,SHORT,Retest,1.1801300000000001,1.1803376749332362,1.179506975200292,2021-07-15 14:25:00-04:00,1.1803376749332362,SL,0.00019,-1.0,-1.9149,-1914.89
2021-07-15 18:30:00-04:00,SHORT,Bounce,1.1811099999999999,1.1813120238922272,1.1805039283233179,2021-07-15 18:40:00-04:00,1.1813120238922272,SL,0.000208,-1.0,-2.0296,-2029.58
2021-07-15 21:00:00-04:00,SHORT,Breakout,1.18084,1.1809398618452593,1.1805404144642215,2021-07-15 21:10:00-04:00,1.1809398618452593,SL,0.00019,-1.0,-2.9026,-2902.63
2021-07-15 21:15:00-04:00,SHORT,Breakout,1.18079,1.180938894487622,1.180343316537134,2021-07-15 21:55:00-04:00,1.180343316537134,TP,0.0002,3.0,1.6568,1656.77
2021-07-15 23:30:00-04:00,SHORT,Retest,1.18079,1.1809360509382485,1.1803518471852545,2021-07-15 23:35:00-04:00,1.1809360509382485,SL,0.000198,-1.0,-2.3557,-2355.69
2021-07-16 02:00:00-04:00,SHORT,Breakout,1.1804000000000001,1.1807459094666628,1.179362271600012,2021-07-16 02:20:00-04:00,1.1807459094666628,SL,0.000196,-1.0,-1.5666,-1566.62
2021-07-16 02:40:00-04:00,SHORT,Retest,1.18054,1.1807573277323744,1.1798880168028765,2021-07-16 02:50:00-04:00,1.1807573277323744,SL,0.00019,-1.0,-1.8743,-1874.26
2021-07-16 03:30:00-04:00,SHORT,Breakout,1.17991,1.180394084258768,1.1784577472236963,2021-07-16 03:45:00-04:00,1.180394084258768,SL,0.00019,-1.0,-1.3925,-1392.49
2021-07-16 07:45:00-04:00,SHORT,Breakout,1.1795499999999999,1.179662653383401,1.1792120398497967,2021-07-16 07:50:00-04:00,1.179662653383401,SL,0.00019,-1.0,-2.6866,-2686.59
2021-07-16 07:55:00-04:00,SHORT,Breakout,1.17935,1.1796672164377284,1.1783983506868143,2021-07-16 08:00:00-04:00,1.1796672164377284,SL,0.000192,-1.0,-1.6053,-1605.26
2021-07-18 20:15:00-04:00,SHORT,Bounce,1.18087,1.1809882995038887,1.1805151014883342,2021-07-18 20:40:00-04:00,1.1805151014883342,TP,0.000192,3.0,1.377,1377.0
2021-07-18 20:55:00-04:00,SHORT,Breakout,1.1801,1.1802726873423968,1.1795819379728094,2021-07-18 21:00:00-04:00,1.1802726873423968,SL,0.00019,-1.0,-2.1003,-2100.25
2021-07-19 02:55:00-04:00,SHORT,Breakout,1.17964,1.179744325774075,1.1793270226777752,2021-07-19 03:00:00-04:00,1.179744325774075,SL,0.00019,-1.0,-2.8212,-2821.22
2021-07-19 08:00:00-04:00,SHORT,Breakout,1.17661,1.1770846405345128,1.1751860783964614,2021-07-19 08:30:00-04:00,1.1770846405345128,SL,0.00019,-1.0,-1.4003,-1400.3
2021-07-19 14:55:00-04:00,SHORT,Breakout,1.17905,1.1792829732840802,1.1783510801477592,2021-07-19 15:00:00-04:00,1.1792829732840802,SL,0.000192,-1.0,-1.8241,-1824.13
2021-07-20 02:10:00-04:00,SHORT,Breakout,1.1777,1.177968823982541,1.176893528052377,2021-07-20 02:15:00-04:00,1.177968823982541,SL,0.000192,-1.0,-1.7142,-1714.22
2021-07-20 02:45:00-04:00,SHORT,Breakout,1.17773,1.1779904952523585,1.1769485142429241,2021-07-20 03:05:00-04:00,1.1779904952523585,SL,0.000192,-1.0,-1.7371,-1737.06
2021-07-20 03:25:00-04:00,SHORT,Breakout,1.1776200000000001,1.1780146887030862,1.1764359338907417,2021-07-20 03:45:00-04:00,1.1780146887030862,SL,0.000192,-1.0,-1.4865,-1486.46
2021-07-20 09:50:00-04:00,SHORT,Breakout,1.17677,1.1772493003568099,1.1753320989295708,2021-07-20 09:55:00-04:00,1.1772493003568099,SL,0.00019,-1.0,-1.3964,-1396.41
2021-07-20 21:00:00-04:00,SHORT,Breakout,1.17768,1.1777451017471479,1.1774846947585567,2021-07-20 21:05:00-04:00,1.1774846947585567,TP,0.000192,3.0,0.0508,50.77
2021-07-20 21:40:00-04:00,SHORT,Retest,1.17754,1.1777464739751093,1.176920578074672,2021-07-20 22:25:00-04:00,1.176920578074672,TP,0.000192,3.0,2.0701,2070.1
2021-07-21 01:50:00-04:00,SHORT,Breakout,1.1768,1.1770416397148364,1.176075080855491,2021-07-21 02:20:00-04:00,1.176075080855491,TP,0.000198,3.0,2.1806,2180.6
2021-07-21 08:00:00-04:00,SHORT,Breakout,1.17664,1.1767661965242302,1.176261410427309,2021-07-21 08:05:00-04:00,1.1767661965242302,SL,0.000192,-1.0,-2.5214,-2521.44
2021-07-21 09:10:00-04:00,SHORT,Retest,1.1766,1.1767757892658932,1.1760726322023207,2021-07-21 09:15:00-04:00,1.1767757892658932,SL,0.000192,-1.0,-2.0922,-2092.22
2021-07-21 22:30:00-04:00,SHORT,Bounce,1.17959,1.1797030710438023,1.1792507868685926,2021-07-21 22:55:00-04:00,1.1792507868685926,TP,0.000204,3.0,1.1958,1195.82
2021-07-22 04:05:00-04:00,SHORT,Breakout,1.17824,1.1790372460195704,1.1758482619412887,2021-07-22 04:40:00-04:00,1.1790372460195704,SL,0.00019,-1.0,-1.2383,-1238.32
2021-07-22 08:00:00-04:00,SHORT,Breakout,1.17749,1.1785546902446862,1.1742959292659412,2021-07-22 08:30:00-04:00,1.1785546902446862,SL,0.00019,-1.0,-1.1785,-1178.46
2021-07-23 01:55:00-04:00,SHORT,Breakout,1.17636,1.1766631257767146,1.1754506226698564,2021-07-23 02:10:00-04:00,1.1766631257767146,SL,0.000194,-1.0,-1.64,-1640.0
2021-07-23 07:30:00-04:00,SHORT,Breakout,1.17588,1.1761795314794605,1.1749814055616186,2021-07-23 07:45:00-04:00,1.1761795314794605,SL,0.00019,-1.0,-1.6343,-1634.32
2021-07-25 21:10:00-04:00,SHORT,Breakout,1.17661,1.1766776166919466,1.17640714992416,2021-07-25 21:15:00-04:00,1.1766776166919466,SL,0.000194,-1.0,-3.8691,-3869.11
2021-07-26 02:45:00-04:00,SHORT,Breakout,1.17746,1.1775518211458065,1.1771845365625804,2021-07-26 02:55:00-04:00,1.1771845365625804,TP,0.000192,3.0,0.909,908.98
2021-07-26 08:10:00-04:00,SHORT,Breakout,1.17859,1.1787376737677873,1.1781469786966383,2021-07-26 08:15:00-04:00,1.1787376737677873,SL,0.000194,-1.0,-2.3137,-2313.71
2021-07-26 08:45:00-04:00,SHORT,Retest,1.17823,1.1787421260558082,1.1766936218325759,2021-07-26 09:30:00-04:00,1.1787421260558082,SL,0.000192,-1.0,-1.3749,-1374.91
2021-07-26 19:10:00-04:00,SHORT,Bounce,1.18014,1.1804428827482925,1.1792313517551225,2021-07-26 19:45:00-04:00,1.1804428827482925,SL,0.000208,-1.0,-1.6867,-1686.73
2021-07-26 20:00:00-04:00,SHORT,Bounce,1.18029,1.1804437119064741,1.1798288642805779,2021-07-26 20:05:00-04:00,1.1804437119064741,SL,0.000206,-1.0,-2.3402,-2340.17
2021-07-27 01:00:00-04:00,SHORT,Breakout,1.17995,1.180009070256061,1.179772789231817,2021-07-27 01:10:00-04:00,1.180009070256061,SL,0.0002,-1.0,-4.3858,-4385.8
2021-07-27 02:00:00-04:00,SHORT,Breakout,1.17971,1.1800146410499535,1.1787960768501398,2021-07-27 02:50:00-04:00,1.1787960768501398,TP,0.000192,3.0,2.3698,2369.75
2021-07-29 01:40:00-04:00,LONG,Breakout,1.18586,1.1856661878047166,1.18644143658585,2021-07-29 01:50:00-04:00,1.1856661878047166,SL,0.000194,-1.0,-2.001,-2000.97
2021-07-29 02:10:00-04:00,LONG,Breakout,1.18611,1.1856544890760197,1.187476532771941,2021-07-29 02:20:00-04:00,1.1856544890760197,SL,0.000192,-1.0,-1.4215,-1421.5
2021-07-29 08:30:00-04:00,LONG,Breakout,1.18825,1.1878227600069406,1.1895317199791782,2021-07-29 08:45:00-04:00,1.1878227600069406,SL,0.000192,-1.0,-1.4494,-1449.4
2021-07-29 08:50:00-04:00,LONG,Breakout,1.18802,1.1878138942773384,1.188638317167985,2021-07-29 09:10:00-04:00,1.1878138942773384,SL,0.000192,-1.0,-1.9316,-1931.56
2021-07-29 09:45:00-04:00,LONG,Retest,1.18818,1.1878171413495247,1.189268575951426,2021-07-29 10:05:00-04:00,1.1878171413495247,SL,0.000196,-1.0,-1.5402,-1540.16
2021-07-29 10:50:00-04:00,LONG,Breakout,1.18863,1.188345621452466,1.1894831356426026,2021-07-29 10:55:00-04:00,1.188345621452466,SL,0.000192,-1.0,-1.6752,-1675.16
2021-07-29 11:00:00-04:00,LONG,Breakout,1.18874,1.188341316456463,1.189936050630611,2021-07-29 11:30:00-04:00,1.188341316456463,SL,0.00019,-1.0,-1.4766,-1476.57
2021-07-29 13:25:00-04:00,LONG,Retest,1.18848,1.188374346994076,1.188796959017772,2021-07-29 14:10:00-04:00,1.188796959017772,TP,0.000192,3.0,1.1827,1182.73
2021-07-29 14:55:00-04:00,LONG,Breakout,1.18903,1.1889601170174116,1.1892396489477655,2021-07-29 15:20:00-04:00,1.1889601170174116,SL,0.000192,-1.0,-3.7474,-3747.45
2021-07-30 01:20:00-04:00,LONG,Bounce,1.1877,1.1876198137689196,1.1879405586932412,2021-07-30 01:30:00-04:00,1.1876198137689196,SL,0.000196,-1.0,-3.4443,-3444.31
2021-07-30 02:05:00-04:00,LONG,Breakout,1.18809,1.1880165356430081,1.188310393070976,2021-07-30 02:10:00-04:00,1.1880165356430081,SL,0.000202,-1.0,-3.7496,-3749.63
2021-07-30 02:40:00-04:00,LONG,Breakout,1.18818,1.1880006802751988,1.1887179591744037,2021-07-30 03:00:00-04:00,1.1887179591744037,TP,0.000196,3.0,1.907,1906.98
2021-08-01 18:40:00-04:00,LONG,Breakout,1.18673,1.186620915206032,1.187057254381904,2021-08-01 19:00:00-04:00,1.186620915206032,SL,0.000214,-1.0,-2.9618,-2961.78
2021-08-02 01:45:00-04:00,LONG,Breakout,1.18731,1.1872339616011771,1.187538115196469,2021-08-02 01:50:00-04:00,1.1872339616011771,SL,0.000198,-1.0,-3.6039,-3603.95
2021-08-02 02:55:00-04:00,LONG,Breakout,1.18815,1.1871956118037141,1.1910131645888578,2021-08-02 08:55:00-04:00,1.1871956118037141,SL,0.000196,-1.0,-1.2054,-1205.37
2021-08-02 19:20:00-04:00,LONG,Breakout,1.1873,1.1871354746444918,1.1877935760665248,2021-08-02 19:45:00-04:00,1.1871354746444918,SL,0.000204,-1.0,-2.2399,-2239.93
2021-08-02 20:15:00-04:00,LONG,Breakout,1.18769,1.1874836566357814,1.1883090300926555,2021-08-02 20:25:00-04:00,1.1874836566357814,SL,0.000206,-1.0,-1.9983,-1998.34
2021-08-03 00:20:00-04:00,LONG,Breakout,1.18766,1.1875563452667,1.1879709641999,2021-08-03 00:30:00-04:00,1.1879709641999,TP,0.000194,3.0,1.1284,1128.4
2021-08-03 03:30:00-04:00,LONG,Breakout,1.18789,1.1877611498327665,1.1882765505017001,2021-08-03 03:50:00-04:00,1.1882765505017001,TP,0.000192,3.0,1.5099,1509.9
2021-08-03 18:50:00-04:00,LONG,Breakout,1.18677,1.186636665887244,1.1871700023382683,2021-08-03 19:00:00-04:00,1.186636665887244,SL,0.000196,-1.0,-2.47,-2469.99
2021-08-03 21:55:00-04:00,LONG,Breakout,1.18695,1.1868806808628125,1.1871579574115623,2021-08-03 22:05:00-04:00,1.1868806808628125,SL,0.000198,-1.0,-3.8564,-3856.35
2021-08-04 03:15:00-04:00,LONG,Breakout,1.18757,1.1874279403267745,1.1879961790196767,2021-08-04 03:20:00-04:00,1.1874279403267745,SL,0.000192,-1.0,-2.3515,-2351.54
2021-08-04 07:25:00-04:00,LONG,Breakout,1.186,1.1858906073454376,1.186328177963687,2021-08-04 07:45:00-04:00,1.186328177963687,TP,0.000198,3.0,1.19,1190.01
2021-08-04 08:15:00-04:00,LONG,Breakout,1.18691,1.1858694365953786,1.190031690213864,2021-08-04 10:05:00-04:00,1.1858694365953786,SL,0.000192,-1.0,-1.1845,-1184.52
2021-08-08 18:00:00-04:00,SHORT,Breakout,1.17557,1.1756548458290237,1.175315462512929,2021-08-08 18:05:00-04:00,1.1756548458290237,SL,0.00024,-1.0,-3.8287,-3828.66
2021-08-08 18:15:00-04:00,SHORT,Breakout,1.17549,1.1756559767807453,1.1749920696577638,2021-08-08 18:25:00-04:00,1.1756559767807453,SL,0.000208,-1.0,-2.2532,-2253.19
2021-08-08 18:45:00-04:00,SHORT,Breakout,1.17523,1.1756524231794752,1.1739627304615745,2021-08-08 21:40:00-04:00,1.1756524231794752,SL,0.000236,-1.0,-1.5587,-1558.68
2021-08-09 03:00:00-04:00,SHORT,Bounce,1.17596,1.1760707796603085,1.1756276610190741,2021-08-09 03:05:00-04:00,1.1756276610190741,TP,0.000192,3.0,1.2668,1266.83
2021-08-09 07:35:00-04:00,SHORT,Bounce,1.17588,1.176257653729667,1.1747470388109993,2021-08-09 07:55:00-04:00,1.176257653729667,SL,0.000194,-1.0,-1.5137,-1513.7
2021-08-09 10:00:00-04:00,SHORT,Breakout,1.17542,1.1756214232077418,1.1748157303767743,2021-08-09 10:05:00-04:00,1.1756214232077418,SL,0.000194,-1.0,-1.9631,-1963.15
2021-08-09 20:00:00-04:00,SHORT,Breakout,1.17321,1.1734250885887476,1.1725647342337575,2021-08-09 20:15:00-04:00,1.1734250885887476,SL,0.000198,-1.0,-1.9206,-1920.55
2021-08-09 22:15:00-04:00,SHORT,Retest,1.17333,1.1734283856944663,1.173034842916601,2021-08-09 22:40:00-04:00,1.1734283856944663,SL,0.000196,-1.0,-2.9922,-2992.16
2021-08-09 22:55:00-04:00,SHORT,Bounce,1.1737,1.1738795871942955,1.1731612384171133,2021-08-09 23:25:00-04:00,1.1738795871942955,SL,0.000202,-1.0,-2.1248,-2124.8
2021-08-09 23:55:00-04:00,SHORT,Bounce,1.17379,1.1738765963448385,1.173530210965484,2021-08-10 00:30:00-04:00,1.173530210965484,TP,0.00019,3.0,0.8059,805.91
2021-08-10 02:05:00-04:00,SHORT,Breakout,1.17344,1.1735242220512105,1.1731873338463685,2021-08-10 02:10:00-04:00,1.1735242220512105,SL,0.000198,-1.0,-3.3509,-3350.93
2021-08-10 02:15:00-04:00,SHORT,Breakout,1.17342,1.1735270588094622,1.173098823571613,2021-08-10 02:20:00-04:00,1.1735270588094622,SL,0.000196,-1.0,-2.8308,-2830.77
2021-08-10 02:45:00-04:00,SHORT,Bounce,1.17387,1.1739467927127303,1.173639621861809,2021-08-10 02:50:00-04:00,1.1739467927127303,SL,0.000196,-1.0,-3.5523,-3552.33
2021-08-10 07:00:00-04:00,SHORT,Breakout,1.1723,1.1725652767676544,1.1715041696970363,2021-08-10 09:05:00-04:00,1.1715041696970363,TP,0.00019,3.0,2.2838,2283.77
2021-08-10 09:05:00-04:00,SHORT,Breakout,1.17123,1.1717449655320984,1.1696851034037048,2021-08-10 09:10:00-04:00,1.1717449655320984,SL,0.00019,-1.0,-1.369,-1368.96
2021-08-10 10:25:00-04:00,SHORT,Breakout,1.1714,1.171764185786198,1.170307442641406,2021-08-10 10:55:00-04:00,1.171764185786198,SL,0.00019,-1.0,-1.5217,-1521.71
2021-08-10 20:20:00-04:00,SHORT,Breakout,1.17145,1.1715490725756807,1.1711527822729582,2021-08-10 20:25:00-04:00,1.1715490725756807,SL,0.00019,-1.0,-2.9178,-2917.79
2021-08-10 20:45:00-04:00,SHORT,Breakout,1.1714,1.1715493323575041,1.1709520029274876,2021-08-10 20:50:00-04:00,1.1715493323575041,SL,0.0002,-1.0,-2.3393,-2339.29
2021-08-11 01:50:00-04:00,SHORT,Breakout,1.17154,1.1716357580167158,1.1712527259498526,2021-08-11 01:55:00-04:00,1.1716357580167158,SL,0.000196,-1.0,-3.0468,-3046.83
2021-08-11 02:00:00-04:00,SHORT,Breakout,1.17136,1.1716396893103314,1.1705209320690058,2021-08-11 03:15:00-04:00,1.1705209320690058,TP,0.0002,3.0,2.2849,2284.92
2021-08-11 04:25:00-04:00,SHORT,Retest,1.17136,1.171671151658716,1.170426545023852,2021-08-11 07:45:00-04:00,1.171671151658716,SL,0.000196,-1.0,-1.6299,-1629.92
2021-08-11 08:25:00-04:00,SHORT,Bounce,1.17163,1.171806520656073,1.1711004380317807,2021-08-11 08:30:00-04:00,1.171806520656073,SL,0.000192,-1.0,-2.0877,-2087.69
2021-08-11 20:00:00-04:00,SHORT,Bounce,1.17399,1.174205780256894,1.1733426592293186,2021-08-11 20:05:00-04:00,1.174205780256894,SL,0.000196,-1.0,-1.9083,-1908.33
2021-08-12 02:15:00-04:00,SHORT,Breakout,1.1738,1.1738674296655842,1.1735977110032472,2021-08-12 02:20:00-04:00,1.1738674296655842,SL,0.000194,-1.0,-3.8771,-3877.07
2021-08-12 02:35:00-04:00,SHORT,Breakout,1.17374,1.1738748546615667,1.1733354360152999,2021-08-12 03:00:00-04:00,1.1733354360152999,TP,0.000196,3.0,1.5466,1546.58
2021-08-12 08:40:00-04:00,SHORT,Breakout,1.17272,1.17337628417066,1.1707511474880197,2021-08-12 08:50:00-04:00,1.17337628417066,SL,0.000198,-1.0,-1.3017,-1301.7
2021-08-12 09:20:00-04:00,SHORT,Retest,1.17315,1.1733808372295447,1.1724574883113656,2021-08-12 09:30:00-04:00,1.1733808372295447,SL,0.00019,-1.0,-1.8231,-1823.09
2021-08-12 19:55:00-04:00,SHORT,Bounce,1.17348,1.173634660390515,1.1730160188284553,2021-08-12 21:00:00-04:00,1.173634660390515,SL,0.000184,-1.0,-2.1897,-2189.7
2021-08-13 01:50:00-04:00,SHORT,Breakout,1.17367,1.1737230008151212,1.1735109975546365,2021-08-13 01:55:00-04:00,1.1735109975546365,TP,0.000202,3.0,-0.8113,-811.26
2021-08-13 02:20:00-04:00,SHORT,Retest,1.17355,1.1737296828852979,1.1730109513441067,2021-08-13 02:30:00-04:00,1.1737296828852979,SL,0.0002,-1.0,-2.1131,-2113.07
2021-08-13 02:55:00-04:00,SHORT,Breakout,1.1732,1.1733664154197998,1.1727007537406007,2021-08-13 03:00:00-04:00,1.1733664154197998,SL,0.00019,-1.0,-2.1417,-2141.72
2021-08-17 02:10:00-04:00,SHORT,Breakout,1.1764999999999999,1.1766547004365764,1.1760358986902704,2021-08-17 02:20:00-04:00,1.1766547004365764,SL,0.000202,-1.0,-2.3057,-2305.75
2021-08-17 03:10:00-04:00,SHORT,Breakout,1.17648,1.1766853045232275,1.1758640864303174,2021-08-17 03:20:00-04:00,1.1766853045232275,SL,0.00019,-1.0,-1.9255,-1925.45
2021-08-17 07:55:00-04:00,SHORT,Breakout,1.17616,1.176430944719443,1.1753471658416714,2021-08-17 08:05:00-04:00,1.176430944719443,SL,0.00019,-1.0,-1.7013,-1701.25
2021-08-17 08:25:00-04:00,SHORT,Breakout,1.17615,1.1764312137422956,1.1753063587731132,2021-08-17 08:30:00-04:00,1.1764312137422956,SL,0.000192,-1.0,-1.6828,-1682.75
2021-08-17 18:10:00-04:00,SHORT,Breakout,1.1705,1.1706902053341666,1.1699293839975007,2021-08-17 18:50:00-04:00,1.1706902053341666,SL,0.000214,-1.0,-2.1251,-2125.1
2021-08-18 07:05:00-04:00,SHORT,Breakout,1.17097,1.1712496955959026,1.1701309132122923,2021-08-18 07:45:00-04:00,1.1712496955959026,SL,0.00019,-1.0,-1.6793,-1679.31
2021-08-19 01:15:00-04:00,SHORT,Bounce,1.16766,1.1677525250957679,1.167382424712696,2021-08-19 01:30:00-04:00,1.1677525250957679,SL,0.00019,-1.0,-3.0535,-3053.5
2021-08-19 03:00:00-04:00,SHORT,Bounce,1.16784,1.1680704851402988,1.1671485445791037,2021-08-19 03:10:00-04:00,1.1680704851402988,SL,0.00019,-1.0,-1.8243,-1824.35
2021-08-19 03:10:00-04:00,SHORT,Bounce,1.16775,1.1680736632077067,1.1667790103768803,2021-08-19 03:50:00-04:00,1.1680736632077067,SL,0.00019,-1.0,-1.587,-1587.03
2021-08-19 08:15:00-04:00,SHORT,Bounce,1.16955,1.1697595543447985,1.1689213369656049,2021-08-19 08:30:00-04:00,1.1697595543447985,SL,0.00019,-1.0,-1.9067,-1906.69
2021-08-19 10:05:00-04:00,SHORT,Breakout,1.16886,1.1694223060705788,1.1671730817882635,2021-08-19 10:20:00-04:00,1.1694223060705788,SL,0.00019,-1.0,-1.3379,-1337.89
2021-08-19 13:30:00-04:00,SHORT,Breakout,1.16773,1.167852648678229,1.1673620539653127,2021-08-19 13:35:00-04:00,1.167852648678229,SL,0.00019,-1.0,-2.5491,-2549.14
2021-08-19 13:55:00-04:00,SHORT,Breakout,1.16766,1.1678452979556244,1.1671041061331264,2021-08-19 15:05:00-04:00,1.1678452979556244,SL,0.000192,-1.0,-2.0362,-2036.17
2021-08-20 01:55:00-04:00,SHORT,Bounce,1.16859,1.16867268523304,1.16834194430088,2021-08-20 02:00:00-04:00,1.16834194430088,TP,0.000198,3.0,0.6054,605.38
2021-08-20 03:00:00-04:00,SHORT,Breakout,1.16792,1.1681044701265826,1.1673665896202525,2021-08-20 03:05:00-04:00,1.1681044701265826,SL,0.00019,-1.0,-2.03,-2029.98
2021-08-20 03:25:00-04:00,SHORT,Retest,1.16794,1.1681088374314075,1.1674334877057775,2021-08-20 03:30:00-04:00,1.1681088374314075,SL,0.000192,-1.0,-2.1372,-2137.19
2021-08-20 07:50:00-04:00,SHORT,Breakout,1.1669,1.1670251275669694,1.166524617299092,2021-08-20 08:05:00-04:00,1.1670251275669694,SL,0.000196,-1.0,-2.5664,-2566.4
2021-08-20 08:55:00-04:00,SHORT,Breakout,1.16673,1.1670357611066189,1.1658127166801435,2021-08-20 09:05:00-04:00,1.1670357611066189,SL,0.00019,-1.0,-1.6214,-1621.4
2021-08-20 09:35:00-04:00,SHORT,Bounce,1.16811,1.1683261139346068,1.1674616581961794,2021-08-20 09:40:00-04:00,1.1683261139346068,SL,0.00019,-1.0,-1.8792,-1879.17
2021-08-23 02:05:00-04:00,SHORT,Breakout,1.17145,1.1715610136679397,1.1711169589961812,2021-08-23 02:15:00-04:00,1.1715610136679397,SL,0.000192,-1.0,-2.7295,-2729.52
2021-08-23 02:20:00-04:00,SHORT,Breakout,1.17133,1.1715634427946298,1.1706296716161106,2021-08-23 03:30:00-04:00,1.1706296716161106,TP,0.000194,3.0,2.169,2168.96
2021-08-23 03:40:00-04:00,SHORT,Bounce,1.17195,1.1722503017537462,1.1710490947387615,2021-08-23 03:45:00-04:00,1.1722503017537462,SL,0.00019,-1.0,-1.6327,-1632.7
2021-08-23 20:55:00-04:00,SHORT,Breakout,1.17382,1.1741444882384182,1.1728465352847457,2021-08-23 22:55:00-04:00,1.1741444882384182,SL,0.0002,-1.0,-1.6164,-1616.36
2021-08-29 18:05:00-04:00,LONG,Breakout,1.17984,1.179706157345726,1.1802415279628222,2021-08-29 18:20:00-04:00,1.179706157345726,SL,0.00019,-1.0,-2.4196,-2419.58
2021-08-30 20:15:00-04:00,LONG,Breakout,1.17986,1.1797510457256701,1.1801868628229892,2021-08-30 20:20:00-04:00,1.1797510457256701,SL,0.000198,-1.0,-2.8173,-2817.28
2021-08-30 20:25:00-04:00,LONG,Breakout,1.17984,1.1797487179981543,1.1801138460055371,2021-08-30 20:30:00-04:00,1.1797487179981543,SL,0.000188,-1.0,-3.0596,-3059.55
2021-08-31 01:40:00-04:00,LONG,Breakout,1.18241,1.182342495889664,1.1826125123310078,2021-08-31 01:55:00-04:00,1.182342495889664,SL,0.000192,-1.0,-3.8443,-3844.27
2021-08-31 03:00:00-04:00,LONG,Breakout,1.18278,1.182331537100216,1.1841253886993515,2021-08-31 03:25:00-04:00,1.182331537100216,SL,0.00019,-1.0,-1.4237,-1423.67
2021-08-31 05:05:00-04:00,LONG,Retest,1.1826,1.1823194384563553,1.1834416846309344,2021-08-31 05:30:00-04:00,1.1823194384563553,SL,0.000192,-1.0,-1.6843,-1684.34
2021-08-31 06:45:00-04:00,LONG,Breakout,1.18297,1.1828415554367349,1.1833553336897957,2021-08-31 06:50:00-04:00,1.1828415554367349,SL,0.00019,-1.0,-2.4792,-2479.24
2021-08-31 09:30:00-04:00,LONG,Bounce,1.18235,1.1817997737262347,1.184000678821296,2021-08-31 10:45:00-04:00,1.1817997737262347,SL,0.00019,-1.0,-1.3453,-1345.31
2021-08-31 10:50:00-04:00,LONG,Bounce,1.18178,1.1814276624719753,1.1828370125840744,2021-08-31 10:55:00-04:00,1.1814276624719753,SL,0.00019,-1.0,-1.5393,-1539.26
2021-08-31 18:05:00-04:00,LONG,Breakout,1.181,1.1808744425974298,1.1813766722077108,2021-08-31 18:25:00-04:00,1.1808744425974298,SL,0.000226,-1.0,-2.8,-2799.97
2021-08-31 18:35:00-04:00,LONG,Breakout,1.18095,1.1808777052940922,1.1811668841177232,2021-08-31 18:40:00-04:00,1.1808777052940922,SL,0.000186,-1.0,-3.5728,-3572.8
2021-08-31 19:50:00-04:00,LONG,Breakout,1.18108,1.1810117023779156,1.1812848928662527,2021-08-31 19:55:00-04:00,1.1810117023779156,SL,0.000186,-1.0,-3.7234,-3723.37
2021-09-01 02:55:00-04:00,LONG,Breakout,1.18081,1.1804676664595115,1.1818370006214651,2021-09-01 03:05:00-04:00,1.1804676664595115,SL,0.00019,-1.0,-1.555,-1555.01
2021-09-01 08:15:00-04:00,LONG,Breakout,1.18239,1.1821808008334023,1.1830175974997934,2021-09-01 08:20:00-04:00,1.1821808008334023,SL,0.00019,-1.0,-1.9082,-1908.23
2021-09-01 08:25:00-04:00,LONG,Breakout,1.18252,1.18217378235125,1.1835586529462503,2021-09-01 08:40:00-04:00,1.1835586529462503,TP,0.00019,3.0,2.4512,2451.21
2021-09-01 20:00:00-04:00,LONG,Breakout,1.18431,1.184096104309082,1.1849516870727537,2021-09-01 20:25:00-04:00,1.184096104309082,SL,0.000196,-1.0,-1.9163,-1916.33
2021-09-01 20:50:00-04:00,LONG,Breakout,1.18438,1.1840847640970757,1.1852657077087727,2021-09-01 21:35:00-04:00,1.1840847640970757,SL,0.000204,-1.0,-1.691,-1690.97
2021-09-01 22:45:00-04:00,LONG,Bounce,1.18395,1.1838575552794512,1.1842273341616465,2021-09-01 22:50:00-04:00,1.1838575552794512,SL,0.000194,-1.0,-3.0986,-3098.55
2021-09-02 02:40:00-04:00,LONG,Breakout,1.18412,1.1839565381258668,1.1846103856224,2021-09-02 03:10:00-04:00,1.1839565381258668,SL,0.00019,-1.0,-2.1624,-2162.35
2021-09-02 03:30:00-04:00,LONG,Breakout,1.18496,1.1845063541331478,1.1863209376005568,2021-09-02 03:45:00-04:00,1.1845063541331478,SL,0.00019,-1.0,-1.4188,-1418.83
2021-09-02 04:50:00-04:00,LONG,Retest,1.1846700000000001,1.1845034383968518,1.185169684809445,2021-09-02 04:55:00-04:00,1.1845034383968518,SL,0.000198,-1.0,-2.1887,-2188.75
2021-09-02 07:05:00-04:00,LONG,Breakout,1.18523,1.1850225756192354,1.1858522731422938,2021-09-02 07:10:00-04:00,1.1850225756192354,SL,0.00019,-1.0,-1.916,-1916.0
2021-09-02 09:25:00-04:00,LONG,Retest,1.18516,1.1850154858243689,1.1855935425268933,2021-09-02 09:40:00-04:00,1.1855935425268933,TP,0.00019,3.0,1.6853,1685.25
2021-09-02 14:05:00-04:00,LONG,Breakout,1.1871,1.186955607112148,1.187533178663556,2021-09-02 14:35:00-04:00,1.186955607112148,SL,0.00019,-1.0,-2.3159,-2315.85
2021-09-02 20:05:00-04:00,LONG,Breakout,1.18753,1.1874885875043442,1.1876542374869674,2021-09-02 20:10:00-04:00,1.1874885875043442,SL,0.0002,-1.0,-5.8295,-5829.46
2021-09-03 01:45:00-04:00,LONG,Breakout,1.18796,1.1878989991956679,1.188143002412996,2021-09-03 01:50:00-04:00,1.1878989991956679,SL,0.0002,-1.0,-4.2786,-4278.65
2021-09-03 03:15:00-04:00,LONG,Bounce,1.18776,1.1874023948032462,1.1888328155902612,2021-09-03 03:40:00-04:00,1.1874023948032462,SL,0.00019,-1.0,-1.5313,-1531.31
2021-09-03 08:30:00-04:00,LONG,Breakout,1.18954,1.1875574991959468,1.1954875024121598,2021-09-03 08:35:00-04:00,1.1875574991959468,SL,0.00019,-1.0,-1.0958,-1095.84
2021-09-06 01:55:00-04:00,LONG,Breakout,1.18706,1.186938529146408,1.1874244125607758,2021-09-06 02:00:00-04:00,1.186938529146408,SL,0.000192,-1.0,-2.5806,-2580.63
2021-09-06 02:15:00-04:00,LONG,Breakout,1.18701,1.1869327881338652,1.1872416355984041,2021-09-06 02:25:00-04:00,1.1872416355984041,TP,0.00019,3.0,0.5392,539.24
2021-09-06 03:05:00-04:00,LONG,Breakout,1.18703,1.1869281735930757,1.187335479220773,2021-09-06 03:10:00-04:00,1.1869281735930757,SL,0.00019,-1.0,-2.8659,-2865.92
2021-09-06 10:55:00-04:00,LONG,Bounce,1.18615,1.1858620498019918,1.1870138505940246,2021-09-06 12:55:00-04:00,1.1870138505940246,TP,0.00019,3.0,2.3402,2340.16
2021-09-06 16:20:00-04:00,LONG,Bounce,1.1868,1.1866121081840781,1.1873636754477659,2021-09-06 17:55:00-04:00,1.1866121081840781,SL,0.000272,-1.0,-2.4476,-2447.64
2021-09-06 17:55:00-04:00,LONG,Bounce,1.18692,1.1865288567385945,1.1880934297842163,2021-09-06 21:15:00-04:00,1.1880934297842163,TP,0.000342,3.0,2.1256,2125.64
2021-09-07 20:05:00-04:00,LONG,Bounce,1.1841599999999999,1.1840329622584835,1.184541113224549,2021-09-07 20:10:00-04:00,1.1840329622584835,SL,0.000198,-1.0,-2.5586,-2558.59
2021-09-08 10:05:00-04:00,LONG,Bounce,1.18163,1.181047327904151,1.1833780162875471,2021-09-08 10:20:00-04:00,1.181047327904151,SL,0.00019,-1.0,-1.3261,-1326.08
2021-09-08 13:00:00-04:00,LONG,Breakout,1.182,1.181751083444782,1.1827467496656539,2021-09-08 13:05:00-04:00,1.181751083444782,SL,0.00019,-1.0,-1.7633,-1763.31
2021-09-08 13:15:00-04:00,LONG,Retest,1.1820599999999999,1.1817492792741204,1.1829921621776383,2021-09-08 16:15:00-04:00,1.1817492792741204,SL,0.00019,-1.0,-1.6115,-1611.48
2021-09-17 05:50:00-04:00,SHORT,Bounce,1.17785,1.1782996419809604,1.1765010740571191,2021-09-17 06:00:00-04:00,1.1782996419809604,SL,0.000194,-1.0,-1.4315,-1431.45
2021-09-17 08:55:00-04:00,SHORT,Breakout,1.17727,1.1775477658294489,1.1764367025116536,2021-09-17 09:15:00-04:00,1.1764367025116536,TP,0.00019,3.0,2.316,2315.97
2021-09-17 12:50:00-04:00,SHORT,Breakout,1.17255,1.1728502970018557,1.1716491089944328,2021-09-17 13:25:00-04:00,1.1728502970018557,SL,0.000198,-1.0,-1.6593,-1659.35
2021-09-17 13:55:00-04:00,SHORT,Retest,1.17261,1.1728356442946468,1.1719330671160593,2021-09-17 14:05:00-04:00,1.1728356442946468,SL,0.0002,-1.0,-1.8864,-1886.35
2021-09-19 18:15:00-04:00,SHORT,Breakout,1.17233,1.1725122933588001,1.1717831199236,2021-09-19 18:40:00-04:00,1.1725122933588001,SL,0.0002,-1.0,-2.0971,-2097.13
2021-09-20 02:35:00-04:00,SHORT,Bounce,1.17105,1.1714432549581362,1.1698702351255912,2021-09-20 02:40:00-04:00,1.1714432549581362,SL,0.000194,-1.0,-1.4933,-1493.32
2021-09-20 03:05:00-04:00,SHORT,Bounce,1.17121,1.1717638166233917,1.1695485501298253,2021-09-20 10:05:00-04:00,1.1717638166233917,SL,0.000194,-1.0,-1.3503,-1350.3
2021-09-21 01:55:00-04:00,SHORT,Bounce,1.17326,1.173428033890842,1.1727558983274737,2021-09-21 02:10:00-04:00,1.173428033890842,SL,0.0002,-1.0,-2.1902,-2190.24
2021-09-21 03:00:00-04:00,SHORT,Breakout,1.17256,1.1729305355242263,1.1714483934273212,2021-09-21 03:05:00-04:00,1.1729305355242263,SL,0.000194,-1.0,-1.5236,-1523.57
2021-09-21 08:15:00-04:00,SHORT,Bounce,1.17356,1.1738757642179398,1.1726127073461803,2021-09-21 08:20:00-04:00,1.1738757642179398,SL,0.000192,-1.0,-1.608,-1608.05
2021-09-21 10:05:00-04:00,SHORT,Breakout,1.17205,1.1729952658575387,1.1692142024273842,2021-09-21 14:00:00-04:00,1.1729952658575387,SL,0.00019,-1.0,-1.201,-1201.0
2021-09-21 14:00:00-04:00,SHORT,Bounce,1.17269,1.1729388132458027,1.1719435602625918,2021-09-21 15:30:00-04:00,1.1729388132458027,SL,0.000194,-1.0,-1.7797,-1779.7
2021-09-21 21:00:00-04:00,SHORT,Breakout,1.17168,1.1718731433872456,1.1711005698382635,2021-09-21 21:05:00-04:00,1.1718731433872456,SL,0.000198,-1.0,-2.0251,-2025.15
2021-09-22 07:55:00-04:00,SHORT,Breakout,1.1724999999999999,1.172791910799457,1.1716242676016282,2021-09-22 08:00:00-04:00,1.172791910799457,SL,0.000192,-1.0,-1.6577,-1657.74
2021-09-22 09:30:00-04:00,SHORT,Retest,1.17255,1.1728028157911339,1.1717915526265983,2021-09-22 09:50:00-04:00,1.1728028157911339,SL,0.000192,-1.0,-1.7594,-1759.45
2021-09-22 14:35:00-04:00,SHORT,Breakout,1.17168,1.1725129249442883,1.1691812251671354,2021-09-22 14:55:00-04:00,1.1691812251671354,TP,0.000198,3.0,2.7623,2762.28
2021-09-23 09:00:00-04:00,SHORT,Bounce,1.17262,1.1732570504985889,1.1707088485042334,2021-09-23 09:40:00-04:00,1.1732570504985889,SL,0.00019,-1.0,-1.2982,-1298.25
2021-09-23 21:55:00-04:00,SHORT,Breakout,1.17379,1.1738683540903505,1.173554937728948,2021-09-23 22:00:00-04:00,1.1738683540903505,SL,0.0002,-1.0,-3.5525,-3552.52
2021-09-23 22:15:00-04:00,SHORT,Retest,1.17371,1.173867098791506,1.1732387036254819,2021-09-23 22:30:00-04:00,1.173867098791506,SL,0.000202,-1.0,-2.2858,-2285.82
2021-09-24 01:55:00-04:00,SHORT,Breakout,1.1736,1.1737220853234316,1.1732337440297052,2021-09-24 02:00:00-04:00,1.1737220853234316,SL,0.000192,-1.0,-2.5727,-2572.67
2021-09-24 04:10:00-04:00,SHORT,Retest,1.17342,1.1737518847788946,1.1724243456633159,2021-09-24 07:15:00-04:00,1.1724243456633159,TP,0.000194,3.0,2.4155,2415.46
2021-09-26 17:20:00-04:00,SHORT,Breakout,1.17103,1.1712639946796604,1.170328015961019,2021-09-26 17:25:00-04:00,1.1712639946796604,SL,0.000286,-1.0,-2.2223,-2222.25
2021-09-27 02:05:00-04:00,SHORT,Breakout,1.17143,1.1717870868429228,1.1703587394712316,2021-09-27 02:10:00-04:00,1.1717870868429228,SL,0.000196,-1.0,-1.5489,-1548.89
2021-09-27 02:20:00-04:00,SHORT,Breakout,1.17143,1.1717965079423838,1.1703304761728486,2021-09-27 02:35:00-04:00,1.1717965079423838,SL,0.000202,-1.0,-1.5511,-1551.15
2021-09-27 14:55:00-04:00,SHORT,Breakout,1.16981,1.1699730498095184,1.1693208505714447,2021-09-27 17:00:00-04:00,1.1693208505714447,TP,0.0002,3.0,1.7734,1773.38
2021-09-27 17:00:00-04:00,SHORT,Retest,1.16942,1.1696250454310206,1.1688048637069377,2021-09-27 17:05:00-04:00,1.1696250454310206,SL,0.000392,-1.0,-2.9118,-2911.77
2021-09-28 02:15:00-04:00,SHORT,Breakout,1.16873,1.169029996061146,1.1678300118165619,2021-09-28 02:50:00-04:00,1.1678300118165619,TP,0.000198,3.0,2.34,2339.99
2021-09-28 10:15:00-04:00,SHORT,Bounce,1.16841,1.1688197849919544,1.1671806450241367,2021-09-28 10:20:00-04:00,1.1688197849919544,SL,0.000194,-1.0,-1.4734,-1473.42
2021-09-29 02:00:00-04:00,SHORT,Breakout,1.16798,1.1681836783643662,1.1673689649069015,2021-09-29 02:05:00-04:00,1.1681836783643662,SL,0.000196,-1.0,-1.9623,-1962.3
2021-09-29 02:20:00-04:00,SHORT,Breakout,1.16805,1.168192405137564,1.167622784587308,2021-09-29 02:25:00-04:00,1.168192405137564,SL,0.000194,-1.0,-2.3623,-2362.31
2021-09-29 13:55:00-04:00,SHORT,Breakout,1.15939,1.160035355530261,1.1574539334092169,2021-09-29 14:20:00-04:00,1.160035355530261,SL,0.000196,-1.0,-1.3037,-1303.71
2021-09-29 18:05:00-04:00,SHORT,Bounce,1.15962,1.159758632033754,1.1592041038987382,2021-09-29 18:25:00-04:00,1.159758632033754,SL,0.000204,-1.0,-2.4715,-2471.52
2021-09-29 18:35:00-04:00,SHORT,Bounce,1.15968,1.1597480195829082,1.1594759412512756,2021-09-29 18:40:00-04:00,1.1597480195829082,SL,0.00018,-1.0,-3.6463,-3646.3
2021-09-30 01:50:00-04:00,SHORT,Breakout,1.15966,1.160079006821547,1.1584029795353588,2021-09-30 02:15:00-04:00,1.160079006821547,SL,0.000192,-1.0,-1.4582,-1458.23
2021-09-30 02:25:00-04:00,SHORT,Breakout,1.15984,1.1600870476886809,1.1590988569339573,2021-09-30 02:40:00-04:00,1.1600870476886809,SL,0.000202,-1.0,-1.8177,-1817.66
2021-09-30 03:05:00-04:00,SHORT,Breakout,1.15929,1.1594698931131842,1.1587503206604473,2021-09-30 03:15:00-04:00,1.1594698931131842,SL,0.00019,-1.0,-2.0562,-2056.18
2021-09-30 06:20:00-04:00,SHORT,Breakout,1.15845,1.1591253378586905,1.1564239864239283,2021-09-30 08:55:00-04:00,1.1591253378586905,SL,0.000194,-1.0,-1.2873,-1287.26
2021-10-01 00:25:00-04:00,SHORT,Bounce,1.15769,1.157864976929259,1.1571650692122233,2021-10-01 00:55:00-04:00,1.157864976929259,SL,0.000198,-1.0,-2.1316,-2131.58
2021-10-01 01:05:00-04:00,SHORT,Bounce,1.1577600000000001,1.157866798938252,1.1574396031852443,2021-10-01 01:15:00-04:00,1.157866798938252,SL,0.00021,-1.0,-2.9663,-2966.31
2021-10-01 02:10:00-04:00,SHORT,Bounce,1.15787,1.1581509707741233,1.1570270876776299,2021-10-01 02:30:00-04:00,1.1581509707741233,SL,0.000194,-1.0,-1.6905,-1690.46
2021-10-01 02:30:00-04:00,SHORT,Bounce,1.15792,1.158162730796536,1.157191807610392,2021-10-01 02:45:00-04:00,1.158162730796536,SL,0.00019,-1.0,-1.7828,-1782.76
2021-10-04 10:10:00-04:00,SHORT,Bounce,1.16353,1.163995648828525,1.1621330535144248,2021-10-04 10:55:00-04:00,1.1621330535144248,TP,0.00019,3.0,2.592,2591.97
2021-10-04 20:20:00-04:00,SHORT,Breakout,1.1614,1.1615266975362784,1.161019907391165,2021-10-04 20:55:00-04:00,1.161019907391165,TP,0.000202,3.0,1.4057,1405.65
2021-10-04 23:30:00-04:00,SHORT,Breakout,1.15989,1.1601617600923502,1.1590747197229498,2021-10-05 01:35:00-04:00,1.1590747197229498,TP,0.000202,3.0,2.2567,2256.7
2021-10-05 06:50:00-04:00,SHORT,Breakout,1.15912,1.1595495544031755,1.1578313367904731,2021-10-05 07:00:00-04:00,1.1595495544031755,SL,0.000202,-1.0,-1.4703,-1470.25
2021-10-05 07:35:00-04:00,SHORT,Bounce,1.1601,1.160295735284771,1.1595127941456869,2021-10-05 08:00:00-04:00,1.160295735284771,SL,0.00019,-1.0,-1.9707,-1970.7
2021-10-05 09:05:00-04:00,SHORT,Breakout,1.15854,1.1589990786529467,1.1571627640411595,2021-10-05 09:15:00-04:00,1.1589990786529467,SL,0.00019,-1.0,-1.4139,-1413.87
2021-10-05 09:30:00-04:00,SHORT,Breakout,1.15871,1.1589978393754994,1.1578464818735015,2021-10-05 09:40:00-04:00,1.1589978393754994,SL,0.000192,-1.0,-1.667,-1667.04
2021-10-05 09:40:00-04:00,SHORT,Breakout,1.15871,1.158998637012548,1.1578440889623556,2021-10-05 09:45:00-04:00,1.158998637012548,SL,0.000192,-1.0,-1.6652,-1665.2
2021-10-05 10:00:00-04:00,SHORT,Breakout,1.15832,1.1585966134869685,1.1574901595390945,2021-10-05 10:05:00-04:00,1.1585966134869685,SL,0.000192,-1.0,-1.6941,-1694.11
2021-10-05 21:25:00-04:00,SHORT,Breakout,1.15902,1.1591401308617368,1.1586596074147892,2021-10-05 22:20:00-04:00,1.1591401308617368,SL,0.000204,-1.0,-2.6981,-2698.15
2021-10-06 00:15:00-04:00,SHORT,Breakout,1.1586,1.1587239696641178,1.1582280910076468,2021-10-06 01:10:00-04:00,1.1587239696641178,SL,0.00021,-1.0,-2.694,-2693.96
2021-10-06 01:55:00-04:00,SHORT,Breakout,1.15812,1.1582686982239396,1.1576739053281813,2021-10-06 02:00:00-04:00,1.1582686982239396,SL,0.000198,-1.0,-2.3316,-2331.56
2021-10-07 02:20:00-04:00,SHORT,Bounce,1.15539,1.155637429152866,1.1546477125414019,2021-10-07 02:30:00-04:00,1.155637429152866,SL,0.000208,-1.0,-1.8406,-1840.64
2021-10-07 07:25:00-04:00,SHORT,Bounce,1.15674,1.1570154218386597,1.1559137344840213,2021-10-07 07:35:00-04:00,1.1570154218386597,SL,0.000192,-1.0,-1.6971,-1697.11
2021-10-07 08:30:00-04:00,SHORT,Breakout,1.15527,1.1556191734065786,1.1542224797802643,2021-10-07 08:45:00-04:00,1.1556191734065786,SL,0.000196,-1.0,-1.5613,-1561.33
2021-10-07 14:55:00-04:00,SHORT,Breakout,1.15503,1.1552160456499347,1.1544718630501958,2021-10-07 15:00:00-04:00,1.1552160456499347,SL,0.000204,-1.0,-2.0965,-2096.51
2021-10-07 17:20:00-04:00,SHORT,Retest,1.1550799999999999,1.1552135303385709,1.154679408984287,2021-10-07 17:35:00-04:00,1.1552135303385709,SL,0.000364,-1.0,-3.726,-3725.97
2021-10-07 20:40:00-04:00,SHORT,Breakout,1.15523,1.155327289454411,1.1549381316367666,2021-10-07 20:45:00-04:00,1.155327289454411,SL,0.000202,-1.0,-3.0763,-3076.28
2021-10-07 23:30:00-04:00,SHORT,Breakout,1.15491,1.155000968212672,1.1546370953619842,2021-10-07 23:35:00-04:00,1.155000968212672,SL,0.000208,-1.0,-3.2865,-3286.51
2021-10-08 01:55:00-04:00,SHORT,Breakout,1.15408,1.154905696493416,1.1516029105197523,2021-10-08 03:10:00-04:00,1.154905696493416,SL,0.000204,-1.0,-1.2471,-1247.06
2021-10-08 03:20:00-04:00,SHORT,Retest,1.15468,1.1549168248301986,1.1539695255094038,2021-10-08 04:35:00-04:00,1.1549168248301986,SL,0.000194,-1.0,-1.8192,-1819.17
2021-10-08 08:15:00-04:00,SHORT,Bounce,1.15667,1.1568753230681657,1.1560540307955034,2021-10-08 08:30:00-04:00,1.1568753230681657,SL,0.000202,-1.0,-1.9838,-1983.82
2021-10-11 04:20:00-04:00,SHORT,Breakout,1.15652,1.1570894971933203,1.154811508420039,2021-10-11 04:40:00-04:00,1.1570894971933203,SL,0.000196,-1.0,-1.3442,-1344.16
2021-10-12 06:15:00-04:00,SHORT,Breakout,1.15537,1.1555223010745799,1.1549130967762604,2021-10-12 06:45:00-04:00,1.1555223010745799,SL,0.000202,-1.0,-2.3263,-2326.32
2021-10-12 08:25:00-04:00,SHORT,Breakout,1.1546,1.1549704628565802,1.1534886114302596,2021-10-12 08:35:00-04:00,1.1534886114302596,TP,0.00019,3.0,2.4871,2487.13
2021-10-12 18:30:00-04:00,SHORT,Bounce,1.15312,1.153261925034107,1.1526942248976788,2021-10-12 20:05:00-04:00,1.153261925034107,SL,0.000198,-1.0,-2.3951,-2395.1
2021-10-13 02:25:00-04:00,SHORT,Breakout,1.15485,1.1549439826777208,1.1545680519668373,2021-10-13 02:35:00-04:00,1.1549439826777208,SL,0.000196,-1.0,-3.0855,-3085.49
2021-10-13 02:35:00-04:00,SHORT,Breakout,1.15475,1.1549476891455859,1.1541569325632421,2021-10-13 02:40:00-04:00,1.1549476891455859,SL,0.000196,-1.0,-1.9915,-1991.46
2021-10-13 08:30:00-04:00,SHORT,Breakout,1.15438,1.1557256063541645,1.1503431809375062,2021-10-13 09:20:00-04:00,1.1557256063541645,SL,0.00019,-1.0,-1.1412,-1141.2
2021-10-13 09:30:00-04:00,SHORT,Bounce,1.15615,1.1565578584152953,1.154926424754114,2021-10-13 09:35:00-04:00,1.1565578584152953,SL,0.00019,-1.0,-1.4658,-1465.85
2021-10-13 21:00:00-04:00,SHORT,Bounce,1.15983,1.1598831676617185,1.1596704970148441,2021-10-13 21:05:00-04:00,1.1598831676617185,SL,0.000202,-1.0,-4.7993,-4799.3
2021-10-18 02:00:00-04:00,SHORT,Breakout,1.15764,1.1577079048146264,1.1574362855561209,2021-10-18 02:05:00-04:00,1.1577079048146264,SL,0.000202,-1.0,-3.9748,-3974.75
2021-10-18 03:00:00-04:00,SHORT,Retest,1.1575,1.1577160395031363,1.156851881490591,2021-10-18 03:05:00-04:00,1.1577160395031363,SL,0.000198,-1.0,-1.9165,-1916.5
2021-10-19 02:30:00-04:00,LONG,Breakout,1.16561,1.165355426364193,1.1663737209074212,2021-10-19 02:35:00-04:00,1.165355426364193,SL,0.000194,-1.0,-1.7621,-1762.06
2021-10-19 20:25:00-04:00,LONG,Bounce,1.1630099999999999,1.1627772512750363,1.1637082461748907,2021-10-19 20:30:00-04:00,1.1627772512750363,SL,0.000194,-1.0,-1.8335,-1833.52
2021-10-19 21:05:00-04:00,LONG,Breakout,1.16361,1.1634832624928013,1.1639902125215962,2021-10-19 21:10:00-04:00,1.1639902125215962,TP,0.000196,3.0,1.4535,1453.5
2021-10-19 22:45:00-04:00,LONG,Retest,1.16368,1.163481800511951,1.1642745984641474,2021-10-19 23:25:00-04:00,1.1642745984641474,TP,0.0002,3.0,1.9909,1990.92
2021-10-20 00:25:00-04:00,LONG,Breakout,1.16483,1.1646603649108107,1.165338905267568,2021-10-20 01:20:00-04:00,1.1646603649108107,SL,0.0002,-1.0,-2.179,-2179.0
2021-10-20 08:35:00-04:00,LONG,Breakout,1.16384,1.1634834375803664,1.1649096872589007,2021-10-20 10:30:00-04:00,1.1649096872589007,TP,0.000192,3.0,2.4615,2461.52
2021-10-20 20:05:00-04:00,LONG,Breakout,1.16536,1.165224199811456,1.1657674005656316,2021-10-20 20:15:00-04:00,1.165224199811456,SL,0.0002,-1.0,-2.4728,-2472.75
2021-10-20 20:15:00-04:00,LONG,Breakout,1.16532,1.165223355959878,1.165609932120366,2021-10-20 20:45:00-04:00,1.165609932120366,TP,0.0002,3.0,0.9306,930.55
2021-10-21 08:15:00-04:00,LONG,Bounce,1.16367,1.1634729433997464,1.1642611698007608,2021-10-21 08:35:00-04:00,1.1642611698007608,TP,0.000196,3.0,2.0054,2005.36
2021-10-21 08:45:00-04:00,LONG,Breakout,1.1645699999999999,1.1643459326208663,1.1652422021374007,2021-10-21 08:55:00-04:00,1.1643459326208663,SL,0.000194,-1.0,-1.8658,-1865.81
2021-10-21 10:10:00-04:00,LONG,Retest,1.16475,1.1643360428794123,1.165991871361763,2021-10-21 10:15:00-04:00,1.1643360428794123,SL,0.000196,-1.0,-1.4735,-1473.48
2021-10-21 20:30:00-04:00,LONG,Breakout,1.1626,1.1624375656409431,1.163087303077171,2021-10-21 20:45:00-04:00,1.1624375656409431,SL,0.000208,-1.0,-2.2805,-2280.52
2021-10-25 21:00:00-04:00,LONG,Bounce,1.16036,1.1600719908604031,1.1612240274187908,2021-10-25 22:20:00-04:00,1.1600719908604031,SL,0.00021,-1.0,-1.7291,-1729.14
2021-10-26 03:00:00-04:00,SHORT,Breakout,1.15961,1.15983418647833,1.1589374405650104,2021-10-26 03:05:00-04:00,1.15983418647833,SL,0.000194,-1.0,-1.8654,-1865.35
2021-10-26 03:20:00-04:00,SHORT,Breakout,1.15954,1.1598413283009055,1.1586360150972836,2021-10-26 03:30:00-04:00,1.1598413283009055,SL,0.000196,-1.0,-1.6505,-1650.45
2021-10-26 03:45:00-04:00,SHORT,Breakout,1.1597,1.1598493075705585,1.1592520772883244,2021-10-26 03:50:00-04:00,1.1598493075705585,SL,0.000198,-1.0,-2.3261,-2326.12
2021-10-26 03:50:00-04:00,SHORT,Retest,1.15964,1.1598489284583757,1.1590132146248728,2021-10-26 04:00:00-04:00,1.1598489284583757,SL,0.000198,-1.0,-1.9477,-1947.69
2021-10-26 09:30:00-04:00,SHORT,Breakout,1.16035,1.1610945509778956,1.1581163470663132,2021-10-26 09:55:00-04:00,1.1610945509778956,SL,0.00019,-1.0,-1.2552,-1255.19
2021-10-26 10:00:00-04:00,SHORT,Breakout,1.16064,1.161095148290554,1.1592745551283374,2021-10-26 10:55:00-04:00,1.1592745551283374,TP,0.000196,3.0,2.5694,2569.37
2021-10-26 23:25:00-04:00,SHORT,Bounce,1.16015,1.1603782443828425,1.1594652668514724,2021-10-27 00:35:00-04:00,1.1603782443828425,SL,0.000208,-1.0,-1.9113,-1911.3
2021-10-27 01:55:00-04:00,SHORT,Breakout,1.15951,1.1599635359251108,1.1581493922246677,2021-10-27 02:15:00-04:00,1.1599635359251108,SL,0.0002,-1.0,-1.441,-1440.98
2021-10-27 04:30:00-04:00,SHORT,Breakout,1.1593499999999999,1.1594874376336208,1.158937687099137,2021-10-27 04:35:00-04:00,1.1594874376336208,SL,0.000192,-1.0,-2.397,-2397.0
2021-10-27 06:00:00-04:00,SHORT,Retest,1.15889,1.1594846144078497,1.157106156776451,2021-10-27 07:00:00-04:00,1.1594846144078497,SL,0.000196,-1.0,-1.3296,-1329.63
2021-10-27 19:05:00-04:00,SHORT,Breakout,1.15994,1.160010113799388,1.1597296586018362,2021-10-27 20:00:00-04:00,1.160010113799388,SL,0.000222,-1.0,-4.1663,-4166.28
2021-10-29 08:05:00-04:00,LONG,Bounce,1.16468,1.1643312897077427,1.1657261308767717,2021-10-29 08:15:00-04:00,1.1643312897077427,SL,0.000198,-1.0,-1.5678,-1567.81
2021-11-01 07:40:00-04:00,SHORT,Bounce,1.15738,1.1574900773842725,1.157049767847183,2021-11-01 07:50:00-04:00,1.1574900773842725,SL,0.000194,-1.0,-2.7624,-2762.4
2021-11-01 20:10:00-04:00,SHORT,Breakout,1.15985,1.1599245453158509,1.1596263640524476,2021-11-01 20:15:00-04:00,1.1599245453158509,SL,0.000202,-1.0,-3.7098,-3709.76
2021-11-03 03:50:00-04:00,SHORT,Breakout,1.15778,1.1579818841725198,1.1571743474824407,2021-11-03 03:55:00-04:00,1.1579818841725198,SL,0.000192,-1.0,-1.951,-1951.04
2021-11-03 08:15:00-04:00,SHORT,Breakout,1.15801,1.158273171336005,1.1572204859919848,2021-11-03 08:25:00-04:00,1.158273171336005,SL,0.000198,-1.0,-1.7524,-1752.36
2021-11-03 13:55:00-04:00,SHORT,Bounce,1.1581,1.1585513234783469,1.156746029564959,2021-11-03 14:00:00-04:00,1.1585513234783469,SL,0.00022,-1.0,-1.4875,-1487.46
2021-11-03 21:30:00-04:00,SHORT,Breakout,1.16079,1.1609032055391197,1.1604503833826407,2021-11-03 21:40:00-04:00,1.1604503833826407,TP,0.000198,3.0,1.251,1250.97
2021-11-05 08:30:00-04:00,SHORT,Breakout,1.1521,1.1530137486864978,1.1493587539405064,2021-11-05 08:35:00-04:00,1.1530137486864978,SL,0.000192,-1.0,-1.2101,-1210.12
2021-11-05 08:40:00-04:00,SHORT,Breakout,1.15235,1.1530354363674393,1.150293690897682,2021-11-05 08:45:00-04:00,1.1530354363674393,SL,0.000196,-1.0,-1.2859,-1285.95
2021-11-05 10:50:00-04:00,SHORT,Retest,1.15256,1.153030243672917,1.1511492689812493,2021-11-05 11:10:00-04:00,1.153030243672917,SL,0.000194,-1.0,-1.4126,-1412.55
2021-11-08 03:10:00-05:00,SHORT,Breakout,1.15528,1.1559090097606501,1.15339297071805,2021-11-08 03:35:00-05:00,1.1559090097606501,SL,0.000194,-1.0,-1.3084,-1308.42
2021-11-08 07:20:00-05:00,SHORT,Bounce,1.15712,1.1573633318009378,1.1563900045971864,2021-11-08 07:25:00-05:00,1.1573633318009378,SL,0.000194,-1.0,-1.7973,-1797.27
2021-11-08 15:00:00-05:00,SHORT,Bounce,1.15875,1.1589286543480781,1.1582140369557654,2021-11-08 15:05:00-05:00,1.1582140369557654,TP,0.000202,3.0,1.8693,1869.33
2021-11-08 19:05:00-05:00,SHORT,Bounce,1.15872,1.15906896950053,1.1576730914984097,2021-11-08 20:50:00-05:00,1.1576730914984097,TP,0.000208,3.0,2.404,2403.96
2021-11-11 02:45:00-05:00,SHORT,Breakout,1.14659,1.1470203201888285,1.1452990394335145,2021-11-11 03:40:00-05:00,1.1470203201888285,SL,0.000176,-1.0,-1.409,-1409.0
2021-11-11 19:25:00-05:00,SHORT,Breakout,1.14415,1.1442753631203741,1.1437739106388776,2021-11-11 19:35:00-05:00,1.1442753631203741,SL,0.00019,-1.0,-2.5156,-2515.6
2021-11-11 19:55:00-05:00,SHORT,Breakout,1.14402,1.1442782578293922,1.1432452265118236,2021-11-12 00:50:00-05:00,1.1442782578293922,SL,0.000186,-1.0,-1.7202,-1720.21
2021-11-12 09:30:00-05:00,SHORT,Breakout,1.14367,1.143937768932264,1.1428666932032077,2021-11-12 09:35:00-05:00,1.143937768932264,SL,0.000176,-1.0,-1.6573,-1657.28
2021-11-12 09:35:00-05:00,SHORT,Retest,1.14358,1.1439393568656737,1.142501929402979,2021-11-12 09:55:00-05:00,1.1439393568656737,SL,0.000182,-1.0,-1.5065,-1506.46
2021-11-14 20:15:00-05:00,SHORT,Bounce,1.14418,1.1444332075549641,1.1434203773351075,2021-11-14 20:20:00-05:00,1.1444332075549641,SL,0.00018,-1.0,-1.7109,-1710.88
2021-11-15 02:50:00-05:00,SHORT,Breakout,1.1451,1.1453090752477206,1.1444727742568381,2021-11-15 03:00:00-05:00,1.1444727742568381,TP,0.000186,3.0,2.1104,2110.37
2021-11-15 07:55:00-05:00,SHORT,Breakout,1.144,1.1442254509985816,1.1433236470042547,2021-11-15 08:00:00-05:00,1.1442254509985816,SL,0.00017,-1.0,-1.754,-1754.04
2021-11-15 09:50:00-05:00,SHORT,Retest,1.14379,1.1442365905846419,1.1424502282460747,2021-11-15 10:00:00-05:00,1.1442365905846419,SL,0.000178,-1.0,-1.3986,-1398.58
2021-11-15 19:20:00-05:00,SHORT,Bounce,1.13708,1.137240872641668,1.1365973820749962,2021-11-15 19:30:00-05:00,1.137240872641668,SL,0.000188,-1.0,-2.1686,-2168.63
2021-11-16 06:20:00-05:00,SHORT,Breakout,1.1364,1.1368048014268186,1.1351855957195445,2021-11-16 06:25:00-05:00,1.1368048014268186,SL,0.000182,-1.0,-1.4496,-1449.6
2021-11-16 09:05:00-05:00,SHORT,Breakout,1.13342,1.1351726190205342,1.1281621429383977,2021-11-16 10:10:00-05:00,1.1351726190205342,SL,0.000174,-1.0,-1.0993,-1099.28
2021-11-16 15:30:00-05:00,SHORT,Breakout,1.13178,1.1319337485832348,1.1313187542502956,2021-11-16 15:35:00-05:00,1.1319337485832348,SL,0.000176,-1.0,-2.1447,-2144.73
2021-11-16 18:25:00-05:00,SHORT,Breakout,1.13124,1.1313530542056447,1.130900837383066,2021-11-16 18:30:00-05:00,1.1313530542056447,SL,0.00019,-1.0,-2.6806,-2680.61
2021-11-16 18:35:00-05:00,SHORT,Breakout,1.13124,1.1313532355140508,1.1309002934578478,2021-11-16 18:40:00-05:00,1.1309002934578478,TP,0.00019,3.0,1.3221,1322.08
2021-11-17 02:00:00-05:00,SHORT,Bounce,1.12992,1.1302656717408432,1.1288829847774704,2021-11-17 02:10:00-05:00,1.1302656717408432,SL,0.000174,-1.0,-1.5034,-1503.37
2021-11-17 18:00:00-05:00,SHORT,Breakout,1.13163,1.1317231654022166,1.1313505037933498,2021-11-17 18:05:00-05:00,1.1317231654022166,SL,0.00023,-1.0,-3.4687,-3468.73
2021-11-17 18:10:00-05:00,SHORT,Breakout,1.13159,1.1317221579233399,1.1311935262299808,2021-11-17 18:20:00-05:00,1.1317221579233399,SL,0.0002,-1.0,-2.5133,-2513.34
2021-11-17 18:30:00-05:00,SHORT,Breakout,1.13154,1.1317231895160482,1.1309904314518553,2021-11-17 18:35:00-05:00,1.1317231895160482,SL,0.000196,-1.0,-2.0699,-2069.93
2021-11-18 09:40:00-05:00,SHORT,Bounce,1.13426,1.1348573935082498,1.1324678194752509,2021-11-18 10:20:00-05:00,1.1348573935082498,SL,0.000178,-1.0,-1.298,-1297.96
2021-11-18 19:05:00-05:00,SHORT,Breakout,1.13656,1.1366271043016176,1.1363586870951472,2021-11-18 19:10:00-05:00,1.1366271043016176,SL,0.000178,-1.0,-3.6526,-3652.59
2021-11-19 02:50:00-05:00,SHORT,Breakout,1.13493,1.1350769306871908,1.1344892079384274,2021-11-19 02:55:00-05:00,1.1344892079384274,TP,0.000176,3.0,1.8022,1802.16
2021-11-21 18:00:00-05:00,SHORT,Breakout,1.12802,1.1285169820148568,1.1265290539554296,2021-11-21 19:20:00-05:00,1.1285169820148568,SL,0.000192,-1.0,-1.3863,-1386.33
2021-11-21 20:30:00-05:00,SHORT,Bounce,1.1284399999999999,1.1288874802210602,1.1270975593368189,2021-11-21 20:55:00-05:00,1.1270975593368189,TP,0.000186,3.0,2.5843,2584.34
2021-11-22 01:40:00-05:00,SHORT,Breakout,1.12669,1.1269607695225936,1.125877691432219,2021-11-22 01:45:00-05:00,1.1269607695225936,SL,0.000182,-1.0,-1.6722,-1672.16
2021-11-22 01:55:00-05:00,SHORT,Breakout,1.12654,1.1269739652482282,1.1252381042553157,2021-11-22 02:10:00-05:00,1.1269739652482282,SL,0.000186,-1.0,-1.4286,-1428.61
2021-11-22 02:55:00-05:00,SHORT,Breakout,1.12592,1.1269921205928124,1.122703638221563,2021-11-22 03:05:00-05:00,1.1269921205928124,SL,0.000178,-1.0,-1.166,-1166.03
2021-11-22 03:55:00-05:00,SHORT,Retest,1.12643,1.1270152237335511,1.1246743287993468,2021-11-22 04:00:00-05:00,1.1270152237335511,SL,0.000182,-1.0,-1.311,-1310.99
2021-11-22 09:00:00-05:00,SHORT,Breakout,1.1259000000000001,1.126569321419953,1.1238920357401414,2021-11-22 09:20:00-05:00,1.1238920357401414,TP,0.000176,3.0,2.737,2737.05
2021-11-23 01:40:00-05:00,SHORT,Bounce,1.12361,1.1239728534801814,1.1225214395594558,2021-11-23 01:55:00-05:00,1.1239728534801814,SL,0.000186,-1.0,-1.5126,-1512.6
2021-11-23 06:15:00-05:00,SHORT,Breakout,1.12469,1.1255480361034778,1.1221158916895666,2021-11-23 08:10:00-05:00,1.1255480361034778,SL,0.000178,-1.0,-1.2075,-1207.45
2021-11-23 20:00:00-05:00,SHORT,Breakout,1.12404,1.12416521454012,1.1236643563796398,2021-11-23 20:05:00-05:00,1.12416521454012,SL,0.00018,-1.0,-2.4375,-2437.53
2021-11-24 03:20:00-05:00,SHORT,Breakout,1.1235,1.1237240584749395,1.1228278245751813,2021-11-24 03:25:00-05:00,1.1237240584749395,SL,0.000174,-1.0,-1.7766,-1776.58
2021-11-24 04:20:00-05:00,SHORT,Retest,1.12328,1.1237392673907847,1.1219021978276462,2021-11-24 04:45:00-05:00,1.1219021978276462,TP,0.000178,3.0,2.6124,2612.43
2021-11-24 04:50:00-05:00,SHORT,Breakout,1.12091,1.1219879363967773,1.1176761908096684,2021-11-25 03:10:00-05:00,1.1219879363967773,SL,0.000174,-1.0,-1.1614,-1161.42
2021-11-25 07:55:00-05:00,SHORT,Breakout,1.1215,1.1216788153106767,1.1209635540679697,2021-11-25 08:00:00-05:00,1.1216788153106767,SL,0.000184,-1.0,-2.029,-2028.99
2021-11-26 01:25:00-05:00,SHORT,Bounce,1.12214,1.1223813863563974,1.1214158409308075,2021-11-26 01:40:00-05:00,1.1223813863563974,SL,0.000176,-1.0,-1.7291,-1729.12
2021-11-28 18:10:00-05:00,SHORT,Breakout,1.12825,1.1290765038931638,1.1257704883205084,2021-11-28 18:30:00-05:00,1.1290765038931638,SL,0.00027,-1.0,-1.3267,-1326.68
2021-11-28 23:50:00-05:00,SHORT,Breakout,1.12752,1.1276425921613233,1.1271522235160303,2021-11-29 00:15:00-05:00,1.1276425921613233,SL,0.000184,-1.0,-2.5009,-2500.91
2021-11-29 01:15:00-05:00,SHORT,Bounce,1.12795,1.1284823158718793,1.1263530523843621,2021-11-29 02:05:00-05:00,1.1263530523843621,TP,0.00018,3.0,2.6619,2661.85
2021-11-29 07:55:00-05:00,SHORT,Breakout,1.12782,1.12814874610225,1.1268337616932504,2021-11-29 08:00:00-05:00,1.12814874610225,SL,0.00018,-1.0,-1.5475,-1547.54
2021-11-29 14:55:00-05:00,SHORT,Bounce,1.12726,1.1274828332318623,1.126591500304413,2021-11-29 15:00:00-05:00,1.1274828332318623,SL,0.000176,-1.0,-1.7898,-1789.83
2021-11-30 10:30:00-05:00,SHORT,Breakout,1.13581,1.1362174446852469,1.1345876659442593,2021-11-30 10:35:00-05:00,1.1345876659442593,TP,0.00017,3.0,2.5828,2582.77
2021-11-30 18:15:00-05:00,SHORT,Bounce,1.1339299999999999,1.1340313204777284,1.1336260385668144,2021-11-30 18:25:00-05:00,1.1336260385668144,TP,0.00019,3.0,1.1248,1124.76
2021-11-30 19:50:00-05:00,SHORT,Breakout,1.1328,1.1331200907942203,1.1318397276173393,2021-11-30 20:00:00-05:00,1.1331200907942203,SL,0.000186,-1.0,-1.5811,-1581.09
2021-11-30 21:30:00-05:00,SHORT,Breakout,1.13163,1.1318176274349805,1.1310671176950582,2021-11-30 21:35:00-05:00,1.1318176274349805,SL,0.000188,-1.0,-2.002,-2001.99
2021-12-01 02:00:00-05:00,SHORT,Bounce,1.13326,1.1336885624935942,1.1319743125192172,2021-12-01 02:50:00-05:00,1.1319743125192172,TP,0.000182,3.0,2.5753,2575.32
2021-12-01 07:55:00-05:00,SHORT,Breakout,1.13122,1.131881851153692,1.1292344465389232,2021-12-01 08:15:00-05:00,1.131881851153692,SL,0.000172,-1.0,-1.2599,-1259.88
2021-12-02 02:15:00-05:00,SHORT,Breakout,1.13151,1.1316271810899974,1.131158456730008,2021-12-02 02:25:00-05:00,1.1316271810899974,SL,0.000174,-1.0,-2.4849,-2484.88
2021-12-02 02:40:00-05:00,SHORT,Breakout,1.13098,1.1316438347199984,1.1289884958400052,2021-12-02 03:05:00-05:00,1.1316438347199984,SL,0.000174,-1.0,-1.2621,-1262.11
2021-12-02 18:10:00-05:00,SHORT,Breakout,1.1297,1.129788689398513,1.1294339318044608,2021-12-02 18:15:00-05:00,1.129788689398513,SL,0.000206,-1.0,-3.3227,-3322.71
2021-12-02 19:00:00-05:00,SHORT,Bounce,1.13037,1.130450562555793,1.1301283123326213,2021-12-02 19:10:00-05:00,1.130450562555793,SL,0.00018,-1.0,-3.2343,-3234.29
2021-12-02 20:00:00-05:00,SHORT,Breakout,1.12957,1.1297041019721976,1.129167694083407,2021-12-02 20:10:00-05:00,1.129167694083407,TP,0.000178,3.0,1.6727,1672.65
2021-12-02 21:15:00-05:00,SHORT,Retest,1.12945,1.129709738045948,1.1286707858621563,2021-12-02 22:05:00-05:00,1.129709738045948,SL,0.00018,-1.0,-1.693,-1693.01
2021-12-03 01:45:00-05:00,SHORT,Breakout,1.12904,1.1292324135689717,1.128462759293085,2021-12-03 01:50:00-05:00,1.128462759293085,TP,0.00018,3.0,2.0645,2064.52
2021-12-03 07:50:00-05:00,SHORT,Breakout,1.12986,1.1301371304814607,1.1290286085556183,2021-12-03 08:00:00-05:00,1.1290286085556183,TP,0.000172,3.0,2.3794,2379.35
2021-12-03 08:30:00-05:00,SHORT,Bounce,1.13052,1.1314097657584454,1.1278507027246636,2021-12-03 08:35:00-05:00,1.1314097657584454,SL,0.000172,-1.0,-1.1933,-1193.31
2021-12-03 09:20:00-05:00,SHORT,Retest,1.12931,1.1302443883875983,1.1265068348372052,2021-12-03 09:30:00-05:00,1.1302443883875983,SL,0.000176,-1.0,-1.1884,-1188.36
2021-12-06 08:25:00-05:00,SHORT,Breakout,1.12873,1.1290773317567204,1.1276880047298388,2021-12-06 08:35:00-05:00,1.1290773317567204,SL,0.000178,-1.0,-1.5125,-1512.48
2021-12-06 19:50:00-05:00,SHORT,Breakout,1.1279,1.128017728198767,1.127546815403699,2021-12-06 19:55:00-05:00,1.128017728198767,SL,0.00018,-1.0,-2.5289,-2528.95
2021-12-07 02:05:00-05:00,SHORT,Bounce,1.12913,1.129266442576999,1.128720672269003,2021-12-07 02:10:00-05:00,1.129266442576999,SL,0.00018,-1.0,-2.3192,-2319.24
2021-12-07 02:10:00-05:00,SHORT,Bounce,1.12898,1.1292689823929276,1.1281130528212175,2021-12-07 02:25:00-05:00,1.1292689823929276,SL,0.00018,-1.0,-1.6229,-1622.88
2021-12-07 07:00:00-05:00,SHORT,Breakout,1.12515,1.1257193590988854,1.123441922703344,2021-12-07 07:05:00-05:00,1.1257193590988854,SL,0.000178,-1.0,-1.3126,-1312.63
2021-12-08 01:45:00-05:00,SHORT,Breakout,1.12874,1.128813317307951,1.128520048076147,2021-12-08 01:50:00-05:00,1.128813317307951,SL,0.00018,-1.0,-3.4551,-3455.08
2021-12-08 02:10:00-05:00,SHORT,Breakout,1.12873,1.128823725224648,1.128448824326056,2021-12-08 02:20:00-05:00,1.128823725224648,SL,0.000178,-1.0,-2.8992,-2899.17
2021-12-08 02:55:00-05:00,SHORT,Breakout,1.12852,1.1288378260675085,1.1275665217974744,2021-12-08 03:00:00-05:00,1.1288378260675085,SL,0.00018,-1.0,-1.5663,-1566.35
2021-12-08 16:55:00-05:00,SHORT,Breakout,1.13411,1.1343958361413238,1.1332524915760285,2021-12-08 17:25:00-05:00,1.1343958361413238,SL,0.000175,-1.0,-1.6122,-1612.24
2021-12-08 18:15:00-05:00,SHORT,Retest,1.13421,1.13439725917056,1.1336482224883198,2021-12-08 18:50:00-05:00,1.13439725917056,SL,0.00018,-1.0,-1.9612,-1961.23
2021-12-08 20:10:00-05:00,SHORT,Breakout,1.13345,1.1337055919417682,1.1326832241746956,2021-12-09 00:55:00-05:00,1.1326832241746956,TP,0.00018,3.0,2.2958,2295.75
2021-12-10 00:55:00-05:00,SHORT,Breakout,1.1294,1.1294882553009247,1.1291352340972258,2021-12-10 01:00:00-05:00,1.1294882553009247,SL,0.000178,-1.0,-3.0169,-3016.88
2021-12-10 02:05:00-05:00,SHORT,Breakout,1.1292,1.1294081478167086,1.128575556549874,2021-12-10 02:35:00-05:00,1.128575556549874,TP,0.00018,3.0,2.1352,2135.23
2021-12-13 01:20:00-05:00,SHORT,Breakout,1.12907,1.1291856705618055,1.1287229883145835,2021-12-13 01:30:00-05:00,1.1287229883145835,TP,0.000178,3.0,1.4611,1461.15
2021-12-13 02:50:00-05:00,SHORT,Retest,1.12887,1.1291979195966309,1.1278862412101076,2021-12-13 03:10:00-05:00,1.1291979195966309,SL,0.00018,-1.0,-1.5489,-1548.92
2021-12-13 03:35:00-05:00,SHORT,Breakout,1.12807,1.1283539053940548,1.1272182838178353,2021-12-13 04:00:00-05:00,1.1272182838178353,TP,0.000178,3.0,2.373,2373.03
2021-12-13 09:55:00-05:00,SHORT,Bounce,1.12864,1.1288259782057393,1.1280820653827826,2021-12-13 10:10:00-05:00,1.1280820653827826,TP,0.000176,3.0,2.0537,2053.65
2021-12-13 22:50:00-05:00,SHORT,Breakout,1.12717,1.1273376604316454,1.1266670187050638,2021-12-13 23:00:00-05:00,1.1273376604316454,SL,0.00018,-1.0,-2.0736,-2073.6
2021-12-14 03:00:00-05:00,SHORT,Breakout,1.12663,1.1270852142317018,1.1252643573048946,2021-12-14 03:15:00-05:00,1.1270852142317018,SL,0.00018,-1.0,-1.3954,-1395.42
2021-12-14 18:20:00-05:00,SHORT,Breakout,1.1253199999999999,1.125417157189881,1.1250285284303565,2021-12-14 18:25:00-05:00,1.125417157189881,SL,0.000184,-1.0,-2.8938,-2893.84
2021-12-15 08:05:00-05:00,SHORT,Breakout,1.12595,1.1262145655439109,1.1251563033682674,2021-12-15 08:30:00-05:00,1.1262145655439109,SL,0.000174,-1.0,-1.6577,-1657.68
2021-12-15 14:00:00-05:00,SHORT,Breakout,1.12418,1.1248148476134259,1.1222754571597222,2021-12-15 14:10:00-05:00,1.1248148476134259,SL,0.000176,-1.0,-1.2772,-1277.23
2021-12-15 14:40:00-05:00,SHORT,Breakout,1.12426,1.1248898525998252,1.1223704422005245,2021-12-15 14:45:00-05:00,1.1248898525998252,SL,0.000172,-1.0,-1.2731,-1273.08
2021-12-15 18:15:00-05:00,SHORT,Bounce,1.12951,1.1299195011539487,1.128281496538154,2021-12-15 19:20:00-05:00,1.128281496538154,TP,0.000236,3.0,2.4237,2423.69
2021-12-15 19:40:00-05:00,SHORT,Breakout,1.12826,1.1284429321785445,1.1277112034643666,2021-12-15 20:00:00-05:00,1.1284429321785445,SL,0.000176,-1.0,-1.9621,-1962.11
2021-12-16 20:30:00-05:00,SHORT,Breakout,1.13216,1.1322600459531922,1.1318598621404237,2021-12-16 20:40:00-05:00,1.1322600459531922,SL,0.00018,-1.0,-2.7992,-2799.17
2021-12-19 18:20:00-05:00,SHORT,Breakout,1.12338,1.1234995875003506,1.1230212374989483,2021-12-19 18:25:00-05:00,1.1234995875003506,SL,0.000178,-1.0,-2.4884,-2488.45
2021-12-20 00:00:00-05:00,SHORT,Bounce,1.12487,1.1250130884400997,1.124440734679701,2021-12-20 00:25:00-05:00,1.1250130884400997,SL,0.00018,-1.0,-2.258,-2257.96
2021-12-20 01:30:00-05:00,SHORT,Bounce,1.12494,1.1250244251618873,1.1246867245143384,2021-12-20 01:35:00-05:00,1.1250244251618873,SL,0.00018,-1.0,-3.1321,-3132.07
2021-12-20 14:55:00-05:00,SHORT,Breakout,1.12733,1.1279269053509429,1.1255392839471712,2021-12-20 17:00:00-05:00,1.1279269053509429,SL,0.00018,-1.0,-1.3016,-1301.56
2021-12-20 20:20:00-05:00,SHORT,Bounce,1.12763,1.1278869884862912,1.126859034541126,2021-12-20 20:30:00-05:00,1.1278869884862912,SL,0.00018,-1.0,-1.7004,-1700.42
2021-12-21 02:10:00-05:00,SHORT,Breakout,1.12765,1.1277568362469033,1.1273294912592904,2021-12-21 02:15:00-05:00,1.1277568362469033,SL,0.000178,-1.0,-2.6661,-2666.1
2021-12-21 10:45:00-05:00,SHORT,Breakout,1.12733,1.1276423152346016,1.126393054296195,2021-12-21 10:50:00-05:00,1.126393054296195,TP,0.000178,3.0,2.4301,2430.06
2021-12-21 19:15:00-05:00,SHORT,Bounce,1.1286100000000001,1.1287326075830042,1.1282421772509879,2021-12-21 19:20:00-05:00,1.1287326075830042,SL,0.00018,-1.0,-2.4681,-2468.1
2021-12-22 00:05:00-05:00,SHORT,Breakout,1.12715,1.1272860298650884,1.1267419104047351,2021-12-22 00:10:00-05:00,1.1272860298650884,SL,0.00018,-1.0,-2.3232,-2323.24
2021-12-22 00:45:00-05:00,SHORT,Retest,1.12706,1.1272886853172506,1.126373944048248,2021-12-22 01:20:00-05:00,1.1272886853172506,SL,0.00018,-1.0,-1.7871,-1787.11
2021-12-22 03:10:00-05:00,SHORT,Bounce,1.12713,1.127454872772196,1.1261553816834118,2021-12-22 04:15:00-05:00,1.127454872772196,SL,0.000176,-1.0,-1.5418,-1541.75
2021-12-22 17:05:00-05:00,SHORT,Breakout,1.13213,1.1322576987837283,1.1317469036488155,2021-12-22 17:10:00-05:00,1.1322576987837283,SL,0.001032,-1.0,-9.0815,-9081.52
2021-12-22 17:45:00-05:00,SHORT,Retest,1.1317599999999999,1.1322773364801884,1.1302079905594344,2021-12-22 18:00:00-05:00,1.1322773364801884,SL,0.000602,-1.0,-2.1637,-2163.65
2021-12-23 22:35:00-05:00,LONG,Breakout,1.13277,1.132667410428505,1.133077768714485,2021-12-23 23:50:00-05:00,1.133077768714485,TP,0.000224,3.0,0.8165,816.54
2021-12-23 23:50:00-05:00,LONG,Breakout,1.1332,1.1329850988057897,1.133844703582631,2021-12-24 00:55:00-05:00,1.1329850988057897,SL,0.00018,-1.0,-1.8376,-1837.59
2021-12-24 03:55:00-05:00,LONG,Breakout,1.13348,1.1333664860448867,1.1338205418653402,2021-12-24 04:15:00-05:00,1.1338205418653402,TP,0.000188,3.0,1.3438,1343.82
2021-12-24 06:25:00-05:00,LONG,Retest,1.13348,1.1333715284232109,1.1338054147303676,2021-12-24 06:40:00-05:00,1.1333715284232109,SL,0.000176,-1.0,-2.6225,-2622.54
2021-12-28 00:55:00-05:00,LONG,Breakout,1.13273,1.1326074934613755,1.1330975196158737,2021-12-28 01:00:00-05:00,1.1326074934613755,SL,0.00018,-1.0,-2.4693,-2469.31
2021-12-30 06:55:00-05:00,LONG,Breakout,1.13249,1.1322319507146577,1.133264147856027,2021-12-30 07:05:00-05:00,1.1322319507146577,SL,0.000178,-1.0,-1.6898,-1689.79
2022-01-03 02:55:00-05:00,LONG,Breakout,1.13472,1.1344910606040464,1.1354068181878607,2022-01-03 03:00:00-05:00,1.1344910606040464,SL,0.00018,-1.0,-1.7862,-1786.23
2022-01-03 04:40:00-05:00,LONG,Retest,1.13469,1.1344559129378164,1.1353922611865506,2022-01-03 04:45:00-05:00,1.1344559129378164,SL,0.000178,-1.0,-1.7604,-1760.4
2022-01-04 01:00:00-05:00,SHORT,Bounce,1.13035,1.1305416189443163,1.129775143167051,2022-01-04 01:20:00-05:00,1.129775143167051,TP,0.00018,3.0,2.0606,2060.64
2022-01-04 06:25:00-05:00,SHORT,Breakout,1.12807,1.1283112957362453,1.1273461127912636,2022-01-04 06:35:00-05:00,1.1283112957362453,SL,0.000178,-1.0,-1.7377,-1737.68
2022-01-04 06:55:00-05:00,SHORT,Breakout,1.12753,1.1283157687256387,1.1251726938230837,2022-01-04 08:20:00-05:00,1.1283157687256387,SL,0.00018,-1.0,-1.2291,-1229.08
2022-01-04 19:55:00-05:00,SHORT,Breakout,1.12765,1.1279651689456955,1.1267044931629135,2022-01-04 20:00:00-05:00,1.1279651689456955,SL,0.00018,-1.0,-1.5711,-1571.12
2022-01-05 14:00:00-05:00,SHORT,Breakout,1.13317,1.1335505899563725,1.1320282301308826,2022-01-05 14:05:00-05:00,1.1320282301308826,TP,0.000192,3.0,2.4955,2495.52
2022-01-09 20:55:00-05:00,LONG,Bounce,1.13494,1.134835161081348,1.135254516755956,2022-01-09 21:10:00-05:00,1.134835161081348,SL,0.00018,-1.0,-2.7169,-2716.92
2022-01-11 02:05:00-05:00,LONG,Bounce,1.13388,1.1336176480629805,1.1346670558110585,2022-01-11 02:35:00-05:00,1.1336176480629805,SL,0.000178,-1.0,-1.6785,-1678.48
2022-01-11 10:55:00-05:00,LONG,Breakout,1.1339299999999999,1.1336738410623266,1.1346984768130197,2022-01-11 11:00:00-05:00,1.1346984768130197,TP,0.000194,3.0,2.2427,2242.66
2022-01-11 19:00:00-05:00,LONG,Breakout,1.1371,1.136825398528039,1.137923804415883,2022-01-11 19:10:00-05:00,1.136825398528039,SL,0.0002,-1.0,-1.7283,-1728.33
2022-01-12 08:30:00-05:00,LONG,Breakout,1.13753,1.1371781567235768,1.1385855298292693,2022-01-12 08:35:00-05:00,1.1385855298292693,TP,0.000192,3.0,2.4543,2454.3
2022-01-12 14:25:00-05:00,LONG,Breakout,1.1446,1.1443688773267495,1.1452933680197517,2022-01-12 14:30:00-05:00,1.1443688773267495,SL,0.000192,-1.0,-1.8307,-1830.73
2022-01-12 15:35:00-05:00,LONG,Retest,1.14452,1.1443740323993488,1.1449579028019536,2022-01-12 16:35:00-05:00,1.1443740323993488,SL,0.0002,-1.0,-2.3702,-2370.17
2022-01-12 22:10:00-05:00,LONG,Bounce,1.14391,1.1434305234507895,1.1453484296476313,2022-01-13 02:30:00-05:00,1.1453484296476313,TP,0.000198,3.0,2.587,2587.05
2022-01-13 08:55:00-05:00,LONG,Breakout,1.14711,1.146796573649297,1.148050279052109,2022-01-13 09:00:00-05:00,1.146796573649297,SL,0.00019,-1.0,-1.6062,-1606.2
2022-01-13 20:05:00-05:00,LONG,Breakout,1.14595,1.1457876014044928,1.1464371957865218,2022-01-13 20:15:00-05:00,1.1457876014044928,SL,0.000196,-1.0,-2.2069,-2206.91
2022-01-13 21:55:00-05:00,LONG,Breakout,1.14704,1.146661667729785,1.1481749968106454,2022-01-14 00:40:00-05:00,1.1481749968106454,TP,0.0002,3.0,2.4714,2471.36
2022-01-16 20:00:00-05:00,LONG,Bounce,1.14065,1.140542758950251,1.1409717231492467,2022-01-16 20:05:00-05:00,1.140542758950251,SL,0.000198,-1.0,-2.8463,-2846.31
2022-01-17 02:25:00-05:00,LONG,Breakout,1.14223,1.142099570595963,1.1426212882121116,2022-01-17 02:30:00-05:00,1.1426212882121116,TP,0.00019,3.0,1.5433,1543.27
2022-01-18 01:50:00-05:00,LONG,Breakout,1.14035,1.1400467735180473,1.141259679445858,2022-01-18 01:55:00-05:00,1.1400467735180473,SL,0.000198,-1.0,-1.653,-1652.98
2022-01-18 06:55:00-05:00,LONG,Bounce,1.13857,1.138435829382839,1.1389725118514835,2022-01-18 07:00:00-05:00,1.138435829382839,SL,0.000192,-1.0,-2.431,-2431.01
2022-01-19 09:45:00-05:00,SHORT,Bounce,1.13443,1.1351132241178346,1.1323803276464965,2022-01-19 10:05:00-05:00,1.1351132241178346,SL,0.00019,-1.0,-1.2781,-1278.09
2022-01-21 02:15:00-05:00,SHORT,Bounce,1.13314,1.133441013968546,1.132236958094362,2022-01-21 02:25:00-05:00,1.133441013968546,SL,0.00019,-1.0,-1.6312,-1631.2
2022-01-21 03:00:00-05:00,SHORT,Bounce,1.13283,1.1334621278878427,1.1309336163364718,2022-01-21 03:05:00-05:00,1.1334621278878427,SL,0.00019,-1.0,-1.3006,-1300.57
2022-01-21 03:15:00-05:00,SHORT,Bounce,1.1332,1.133649894668218,1.1318503159953457,2022-01-21 03:25:00-05:00,1.133649894668218,SL,0.00019,-1.0,-1.4223,-1422.32
2022-01-21 14:55:00-05:00,SHORT,Breakout,1.13404,1.134129609186579,1.133771172440263,2022-01-21 15:05:00-05:00,1.133771172440263,TP,0.000196,3.0,0.8127,812.72
2022-01-21 15:15:00-05:00,SHORT,Breakout,1.13401,1.134133914462148,1.1336382566135557,2022-01-21 15:25:00-05:00,1.134133914462148,SL,0.000198,-1.0,-2.5979,-2597.88
2022-01-24 00:05:00-05:00,SHORT,Breakout,1.13264,1.1327015599988925,1.1324553200033227,2022-01-24 00:10:00-05:00,1.1327015599988925,SL,0.000196,-1.0,-4.1839,-4183.89
2022-01-24 00:30:00-05:00,SHORT,Retest,1.13252,1.132701041739805,1.1319768747805852,2022-01-24 00:55:00-05:00,1.1319768747805852,TP,0.0002,3.0,1.8953,1895.28
2022-01-24 03:30:00-05:00,SHORT,Bounce,1.13242,1.1329238843823395,1.1309083468529815,2022-01-24 04:20:00-05:00,1.1329238843823395,SL,0.000194,-1.0,-1.385,-1385.01
2022-01-24 07:20:00-05:00,SHORT,Breakout,1.13037,1.130890039755713,1.1288098807328617,2022-01-24 10:20:00-05:00,1.130890039755713,SL,0.000192,-1.0,-1.3692,-1369.2
2022-01-25 00:40:00-05:00,SHORT,Breakout,1.1308,1.130913004965927,1.130460985102219,2022-01-25 00:55:00-05:00,1.130913004965927,SL,0.000196,-1.0,-2.7344,-2734.44
2022-01-25 01:00:00-05:00,SHORT,Breakout,1.1308,1.130914370596414,1.1304568882107582,2022-01-25 01:35:00-05:00,1.130914370596414,SL,0.000198,-1.0,-2.7312,-2731.21
2022-01-25 01:40:00-05:00,SHORT,Breakout,1.13077,1.130919801553155,1.1303205953405353,2022-01-25 01:45:00-05:00,1.130919801553155,SL,0.000196,-1.0,-2.3084,-2308.4
2022-01-25 01:55:00-05:00,SHORT,Breakout,1.1305,1.1309263520452921,1.1292209438641239,2022-01-25 02:15:00-05:00,1.1309263520452921,SL,0.000194,-1.0,-1.455,-1455.02
2022-01-25 02:25:00-05:00,SHORT,Bounce,1.1313,1.1316147542081456,1.130355737375563,2022-01-25 02:50:00-05:00,1.130355737375563,TP,0.000194,3.0,2.3836,2383.65
2022-01-25 04:40:00-05:00,SHORT,Breakout,1.12849,1.129188366311323,1.1263949010660312,2022-01-25 09:30:00-05:00,1.1263949010660312,TP,0.000192,3.0,2.7251,2725.07
2022-01-26 14:00:00-05:00,SHORT,Bounce,1.12759,1.128706324623621,1.1242410261291371,2022-01-26 14:10:00-05:00,1.128706324623621,SL,0.000196,-1.0,-1.1756,-1175.58
2022-01-26 19:30:00-05:00,SHORT,Breakout,1.12337,1.1235199507702212,1.1229201476893365,2022-01-26 21:00:00-05:00,1.1229201476893365,TP,0.000192,3.0,1.7196,1719.58
2022-01-27 02:15:00-05:00,SHORT,Breakout,1.12133,1.121485221272731,1.1208643361818065,2022-01-27 02:25:00-05:00,1.1208643361818065,TP,0.00019,3.0,1.7759,1775.94
2022-01-27 02:25:00-05:00,SHORT,Retest,1.1209500000000001,1.1214912265055692,1.1193263204832928,2022-01-27 02:35:00-05:00,1.1214912265055692,SL,0.00019,-1.0,-1.3511,-1351.05
2022-01-27 08:30:00-05:00,SHORT,Breakout,1.11435,1.1152713892850552,1.1115858321448342,2022-01-27 08:55:00-05:00,1.1152713892850552,SL,0.00019,-1.0,-1.2062,-1206.21
2022-01-28 01:55:00-05:00,SHORT,Breakout,1.1146,1.1148685953448836,1.1137942139653494,2022-01-28 02:10:00-05:00,1.1137942139653494,TP,0.00019,3.0,2.2926,2292.62
2022-01-28 07:55:00-05:00,SHORT,Breakout,1.1126,1.1127747302929492,1.1120758091211527,2022-01-28 08:00:00-05:00,1.1127747302929492,SL,0.00019,-1.0,-2.0874,-2087.39
2022-01-30 18:00:00-05:00,SHORT,Breakout,1.11386,1.1140631908182805,1.1132504275451587,2022-01-30 18:10:00-05:00,1.1140631908182805,SL,0.000194,-1.0,-1.9548,-1954.77
2022-01-31 18:35:00-05:00,SHORT,Breakout,1.12285,1.1229509986383805,1.122547004084858,2022-01-31 18:40:00-05:00,1.1229509986383805,SL,0.000192,-1.0,-2.901,-2901.02
2022-02-01 10:55:00-05:00,SHORT,Breakout,1.12465,1.125404161483618,1.1223875155491454,2022-02-01 14:35:00-05:00,1.125404161483618,SL,0.00019,-1.0,-1.2519,-1251.94
2022-02-04 05:05:00-05:00,LONG,Breakout,1.14718,1.1466607576446413,1.1487377270660766,2022-02-04 05:15:00-05:00,1.1466607576446413,SL,0.000198,-1.0,-1.3813,-1381.32
2022-02-07 03:25:00-05:00,LONG,Breakout,1.14445,1.1438570201425813,1.146228939572256,2022-02-07 03:35:00-05:00,1.1438570201425813,SL,0.000198,-1.0,-1.3339,-1333.91
2022-02-07 18:00:00-05:00,LONG,Bounce,1.14398,1.1433231441526228,1.1459505675421315,2022-02-07 18:15:00-05:00,1.1433231441526228,SL,0.000302,-1.0,-1.4598,-1459.77
2022-02-07 20:05:00-05:00,LONG,Breakout,1.1444,1.1442486949769959,1.1448539150690127,2022-02-07 20:10:00-05:00,1.1442486949769959,SL,0.00019,-1.0,-2.2557,-2255.74
2022-02-07 20:15:00-05:00,LONG,Breakout,1.14438,1.1442447727097567,1.1447856818707298,2022-02-07 20:35:00-05:00,1.1442447727097567,SL,0.000198,-1.0,-2.4642,-2464.2
2022-02-08 19:15:00-05:00,LONG,Breakout,1.1421999999999999,1.141935848780921,1.1429924536572365,2022-02-08 19:20:00-05:00,1.141935848780921,SL,0.000196,-1.0,-1.742,-1742.0
2022-02-08 20:55:00-05:00,LONG,Retest,1.14219,1.1419287220922056,1.1429738337233832,2022-02-08 21:55:00-05:00,1.1429738337233832,TP,0.0002,3.0,2.2345,2234.53
2022-02-09 05:10:00-05:00,LONG,Breakout,1.14282,1.1426033578635786,1.143469926409264,2022-02-09 05:15:00-05:00,1.1426033578635786,SL,0.00019,-1.0,-1.877,-1877.02
2022-02-09 08:35:00-05:00,LONG,Breakout,1.1441,1.1439374304951897,1.1445877085144305,2022-02-09 08:40:00-05:00,1.1439374304951897,SL,0.00019,-1.0,-2.1687,-2168.73
2022-02-09 08:40:00-05:00,LONG,Breakout,1.14439,1.1439334711741047,1.145759586477686,2022-02-09 08:50:00-05:00,1.1439334711741047,SL,0.000192,-1.0,-1.4206,-1420.56
2022-02-09 09:25:00-05:00,LONG,Bounce,1.14296,1.1427708746616558,1.1435273760150324,2022-02-09 09:30:00-05:00,1.1427708746616558,SL,0.00019,-1.0,-2.0046,-2004.62
2022-02-09 12:35:00-05:00,LONG,Breakout,1.14426,1.1438913358315337,1.1453659925053992,2022-02-09 12:45:00-05:00,1.1438913358315337,SL,0.000194,-1.0,-1.5262,-1526.22
2022-02-09 17:20:00-05:00,LONG,Bounce,1.14215,1.1418783365606529,1.1429649903180414,2022-02-09 17:40:00-05:00,1.1418783365606529,SL,0.000496,-1.0,-2.8258,-2825.79
2022-02-09 19:00:00-05:00,LONG,Bounce,1.14191,1.141771573951247,1.1423252781462587,2022-02-09 19:35:00-05:00,1.141771573951247,SL,0.000206,-1.0,-2.4882,-2488.16
2022-02-09 21:35:00-05:00,LONG,Breakout,1.14232,1.1421894707111906,1.1427115878664282,2022-02-09 21:55:00-05:00,1.1427115878664282,TP,0.0002,3.0,1.4678,1467.78
2022-02-10 02:00:00-05:00,LONG,Bounce,1.14227,1.1421174106918324,1.1427277679245025,2022-02-10 02:05:00-05:00,1.1421174106918324,SL,0.000192,-1.0,-2.2583,-2258.28
2022-02-10 02:40:00-05:00,LONG,Breakout,1.14275,1.142630413048833,1.1431087608535009,2022-02-10 02:45:00-05:00,1.142630413048833,SL,0.000194,-1.0,-2.6223,-2622.25
2022-02-10 02:55:00-05:00,LONG,Breakout,1.14279,1.1426239247333405,1.1432882257999784,2022-02-10 03:00:00-05:00,1.1426239247333405,SL,0.000192,-1.0,-2.1561,-2156.1
2022-02-10 15:00:00-05:00,LONG,Bounce,1.14491,1.1444789271697842,1.1462032184906479,2022-02-10 15:30:00-05:00,1.1444789271697842,SL,0.00019,-1.0,-1.4408,-1440.76
2022-02-11 02:05:00-05:00,LONG,Bounce,1.13771,1.1372551703536498,1.1390744889390507,2022-02-11 02:20:00-05:00,1.1372551703536498,SL,0.00019,-1.0,-1.4177,-1417.74
2022-02-11 02:20:00-05:00,LONG,Bounce,1.13772,1.1372463371964172,1.1391409884107486,2022-02-11 03:15:00-05:00,1.1391409884107486,TP,0.000192,3.0,2.5946,2594.65
2022-02-11 03:20:00-05:00,LONG,Breakout,1.13896,1.138671091253126,1.139826726240622,2022-02-11 03:35:00-05:00,1.138671091253126,SL,0.000194,-1.0,-1.6715,-1671.49
2022-02-11 07:05:00-05:00,LONG,Breakout,1.1402700000000001,1.1397531826568341,1.1418204520294981,2022-02-11 08:35:00-05:00,1.1397531826568341,SL,0.000194,-1.0,-1.3754,-1375.37
2022-02-11 09:50:00-05:00,LONG,Bounce,1.13933,1.1387796574574378,1.1409810276276864,2022-02-11 09:55:00-05:00,1.1387796574574378,SL,0.00019,-1.0,-1.3452,-1345.24
2022-02-15 00:05:00-05:00,SHORT,Breakout,1.13145,1.1315827554063478,1.131051733780957,2022-02-15 00:10:00-05:00,1.1315827554063478,SL,0.0002,-1.0,-2.5065,-2506.53
2022-02-15 01:05:00-05:00,SHORT,Retest,1.13137,1.1315882879486923,1.1307151361539232,2022-02-15 01:15:00-05:00,1.1315882879486923,SL,0.0002,-1.0,-1.9162,-1916.22
2022-02-15 02:10:00-05:00,SHORT,Bounce,1.13199,1.1320787749922177,1.1317236750233473,2022-02-15 02:15:00-05:00,1.1320787749922177,SL,0.0002,-1.0,-3.2529,-3252.89
2022-02-15 02:55:00-05:00,SHORT,Breakout,1.13118,1.1313174252344,1.1307677242968002,2022-02-15 03:05:00-05:00,1.1313174252344,SL,0.00019,-1.0,-2.3826,-2382.57
2022-02-15 09:50:00-05:00,SHORT,Breakout,1.13297,1.1336905170095706,1.1308084489712884,2022-02-15 10:20:00-05:00,1.1336905170095706,SL,0.00019,-1.0,-1.2637,-1263.7
2022-02-15 20:00:00-05:00,SHORT,Breakout,1.13511,1.1353481020044947,1.1343956939865163,2022-02-15 20:05:00-05:00,1.1353481020044947,SL,0.000194,-1.0,-1.8148,-1814.78
2022-02-15 20:25:00-05:00,SHORT,Retest,1.13523,1.135347347068102,1.134877958795694,2022-02-15 20:30:00-05:00,1.134877958795694,TP,0.000196,3.0,1.3297,1329.74
2022-02-22 00:55:00-05:00,SHORT,Bounce,1.13052,1.1309040991538342,1.1293677025384974,2022-02-22 01:40:00-05:00,1.1309040991538342,SL,0.000198,-1.0,-1.5155,-1515.49
2022-02-22 10:55:00-05:00,SHORT,Breakout,1.13344,1.1337325412477106,1.1325623762568682,2022-02-22 11:00:00-05:00,1.1337325412477106,SL,0.00019,-1.0,-1.6495,-1649.48
2022-02-22 14:20:00-05:00,SHORT,Breakout,1.13216,1.1324770234931338,1.1312089295205987,2022-02-22 14:25:00-05:00,1.1324770234931338,SL,0.000194,-1.0,-1.6119,-1611.94
2022-02-22 14:55:00-05:00,SHORT,Bounce,1.13336,1.1338392027882909,1.131922391635127,2022-02-22 15:00:00-05:00,1.1338392027882909,SL,0.000198,-1.0,-1.4132,-1413.19
2022-02-23 02:00:00-05:00,SHORT,Breakout,1.13161,1.1321386370608097,1.1300240888175708,2022-02-23 02:10:00-05:00,1.1321386370608097,SL,0.00019,-1.0,-1.3594,-1359.41
2022-02-23 07:55:00-05:00,SHORT,Breakout,1.13367,1.1339762658197414,1.1327512025407755,2022-02-23 08:00:00-05:00,1.1339762658197414,SL,0.0002,-1.0,-1.653,-1653.03
2022-02-23 09:50:00-05:00,SHORT,Breakout,1.13296,1.1336514440526102,1.1308856678421693,2022-02-23 10:00:00-05:00,1.1336514440526102,SL,0.00019,-1.0,-1.2748,-1274.79
2022-02-23 19:05:00-05:00,SHORT,Breakout,1.12981,1.130030539409748,1.1291483817707557,2022-02-23 19:25:00-05:00,1.1291483817707557,TP,0.000206,3.0,2.0659,2065.93
2022-02-23 21:50:00-05:00,SHORT,Breakout,1.12672,1.1274934331898299,1.1243997004305102,2022-02-23 22:00:00-05:00,1.1274934331898299,SL,0.000216,-1.0,-1.2793,-1279.27
2022-02-23 22:05:00-05:00,SHORT,Breakout,1.1265,1.1275107845182422,1.1234676464452737,2022-02-23 22:55:00-05:00,1.1234676464452737,TP,0.000198,3.0,2.8041,2804.11
2022-02-24 02:10:00-05:00,SHORT,Bounce,1.12512,1.125403514893258,1.1242694553202257,2022-02-24 02:15:00-05:00,1.1242694553202257,TP,0.000214,3.0,2.2452,2245.19
2022-02-24 09:40:00-05:00,SHORT,Breakout,1.11461,1.1156016937324627,1.1116349188026124,2022-02-24 10:55:00-05:00,1.1116349188026124,TP,0.000188,3.0,2.8104,2810.43
2022-02-24 20:20:00-05:00,SHORT,Bounce,1.1194,1.1203407752431167,1.1165776742706497,2022-02-24 21:00:00-05:00,1.1203407752431167,SL,0.000206,-1.0,-1.219,-1218.97
2022-02-25 01:35:00-05:00,SHORT,Breakout,1.12121,1.1214125346066344,1.120602396180097,2022-02-25 01:45:00-05:00,1.120602396180097,TP,0.000198,3.0,2.0224,2022.39
2022-02-25 02:50:00-05:00,SHORT,Breakout,1.12069,1.1214528211517836,1.1184015365446491,2022-02-25 03:15:00-05:00,1.1184015365446491,TP,0.0002,3.0,2.7378,2737.82
2022-02-25 15:00:00-05:00,SHORT,Bounce,1.12609,1.1266826659507827,1.124312002147652,2022-02-25 15:30:00-05:00,1.1266826659507827,SL,0.000198,-1.0,-1.3341,-1334.08
2022-02-25 15:30:00-05:00,SHORT,Bounce,1.12614,1.1266763314067736,1.124531005779679,2022-02-25 15:40:00-05:00,1.1266763314067736,SL,0.000196,-1.0,-1.3654,-1365.45
2022-02-27 23:45:00-05:00,SHORT,Breakout,1.11416,1.1145870258241715,1.1128789225274858,2022-02-28 00:00:00-05:00,1.1145870258241715,SL,0.0002,-1.0,-1.4684,-1468.36
2022-02-28 11:00:00-05:00,SHORT,Bounce,1.12306,1.1237675317840643,1.120937404647807,2022-02-28 11:25:00-05:00,1.1237675317840643,SL,0.00019,-1.0,-1.2685,-1268.54
2022-03-01 04:35:00-05:00,SHORT,Breakout,1.12062,1.121226195020031,1.1188014149399066,2022-03-01 05:05:00-05:00,1.1188014149399066,TP,0.000196,3.0,2.6767,2676.67
2022-03-02 01:40:00-05:00,SHORT,Breakout,1.11028,1.1110893782687377,1.1078518651937868,2022-03-02 02:30:00-05:00,1.1110893782687377,SL,0.000198,-1.0,-1.2446,-1244.63
2022-03-02 08:30:00-05:00,SHORT,Bounce,1.10954,1.110366348850103,1.107060953449691,2022-03-02 08:50:00-05:00,1.110366348850103,SL,0.000194,-1.0,-1.2348,-1234.77
2022-03-02 10:30:00-05:00,SHORT,Breakout,1.10721,1.1086456189457539,1.1029031431627385,2022-03-02 11:05:00-05:00,1.1086456189457539,SL,0.000198,-1.0,-1.1379,-1137.92
2022-03-02 17:30:00-05:00,SHORT,Breakout,1.11143,1.1116323649469764,1.1108229051590706,2022-03-02 17:35:00-05:00,1.1116323649469764,SL,0.000242,-1.0,-2.1959,-2195.86
2022-03-02 19:10:00-05:00,SHORT,Retest,1.11121,1.1116141036621243,1.1099976890136272,2022-03-02 19:35:00-05:00,1.1099976890136272,TP,0.0002,3.0,2.5051,2505.08
2022-03-03 02:00:00-05:00,SHORT,Bounce,1.11026,1.1104233717131335,1.1097698848605995,2022-03-03 02:05:00-05:00,1.1104233717131335,SL,0.000194,-1.0,-2.1875,-2187.48
2022-03-03 02:15:00-05:00,SHORT,Breakout,1.10943,1.109689589523963,1.108651231428111,2022-03-03 02:20:00-05:00,1.109689589523963,SL,0.000194,-1.0,-1.7473,-1747.33
2022-03-03 03:00:00-05:00,SHORT,Breakout,1.1090200000000001,1.1093663131610862,1.1079810605167417,2022-03-03 03:10:00-05:00,1.1093663131610862,SL,0.000192,-1.0,-1.5544,-1554.41
2022-03-03 03:30:00-05:00,SHORT,Breakout,1.10881,1.1093792957861879,1.1071021126414367,2022-03-03 04:00:00-05:00,1.1093792957861879,SL,0.000194,-1.0,-1.3408,-1340.77
2022-03-03 04:00:00-05:00,SHORT,Retest,1.10894,1.1093891995621554,1.1075924013135339,2022-03-03 04:20:00-05:00,1.1075924013135339,TP,0.000204,3.0,2.5459,2545.86
2022-03-03 07:55:00-05:00,SHORT,Breakout,1.10745,1.1078397043724206,1.1062808868827383,2022-03-03 08:20:00-05:00,1.1078397043724206,SL,0.000198,-1.0,-1.5081,-1508.08
2022-03-03 09:00:00-05:00,SHORT,Bounce,1.10825,1.1097421043106197,1.1037736870681407,2022-03-03 11:15:00-05:00,1.1037736870681407,TP,0.000194,3.0,2.87,2869.98
2022-03-03 18:00:00-05:00,SHORT,Bounce,1.10645,1.106612822565258,1.1059615323042256,2022-03-03 18:40:00-05:00,1.106612822565258,SL,0.000254,-1.0,-2.56,-2559.98
2022-03-03 19:05:00-05:00,SHORT,Breakout,1.10476,1.105473254797958,1.1026202356061259,2022-03-03 19:20:00-05:00,1.1026202356061259,TP,0.0002,3.0,2.7196,2719.6
2022-03-04 01:45:00-05:00,SHORT,Breakout,1.10215,1.102318993274799,1.101643020175603,2022-03-04 01:50:00-05:00,1.101643020175603,TP,0.000206,3.0,1.781,1781.02
2022-03-04 02:05:00-05:00,SHORT,Retest,1.10159,1.1023368905383573,1.0993493283849285,2022-03-04 06:10:00-05:00,1.0993493283849285,TP,0.000198,3.0,2.7349,2734.9
2022-03-06 18:00:00-05:00,SHORT,Breakout,1.08895,1.0910176768901096,1.0827469693296714,2022-03-06 20:20:00-05:00,1.0827469693296714,TP,0.00032,3.0,2.8452,2845.24
2022-03-08 00:05:00-05:00,SHORT,Breakout,1.0858,1.08648042939675,1.0837587118097503,2022-03-08 00:50:00-05:00,1.08648042939675,SL,0.0002,-1.0,-1.2939,-1293.93
2022-03-08 01:05:00-05:00,SHORT,Retest,1.08624,1.0864858660380905,1.0855024018857289,2022-03-08 01:15:00-05:00,1.0855024018857289,TP,0.0002,3.0,2.1865,2186.55
2022-03-08 18:15:00-05:00,SHORT,Breakout,1.08891,1.0893937592769758,1.0874587221690728,2022-03-08 18:35:00-05:00,1.0893937592769758,SL,0.000218,-1.0,-1.4506,-1450.64
2022-03-10 03:00:00-05:00,SHORT,Breakout,1.10477,1.1052516327465078,1.1033251017604766,2022-03-10 03:50:00-05:00,1.1033251017604766,TP,0.000194,3.0,2.5972,2597.2
2022-03-10 04:00:00-05:00,SHORT,Bounce,1.10445,1.1072924885917723,1.0959225342246828,2022-03-10 07:45:00-05:00,1.1072924885917723,SL,0.000194,-1.0,-1.0683,-1068.25
2022-03-11 02:45:00-05:00,SHORT,Breakout,1.09895,1.099329417472798,1.097811747581606,2022-03-11 03:05:00-05:00,1.097811747581606,TP,0.000206,3.0,2.4571,2457.06
2022-03-11 10:00:00-05:00,SHORT,Breakout,1.09666,1.0974277489637996,1.0943567531086011,2022-03-11 11:25:00-05:00,1.0943567531086011,TP,0.000198,3.0,2.7421,2742.1
2022-03-13 21:45:00-04:00,SHORT,Breakout,1.09129,1.0920223386122965,1.089092984163111,2022-03-14 02:25:00-04:00,1.0920223386122965,SL,0.0002,-1.0,-1.2731,-1273.1
2022-03-14 03:05:00-04:00,SHORT,Bounce,1.09163,1.0918013013156354,1.0911160960530943,2022-03-14 03:15:00-04:00,1.0911160960530943,TP,0.0002,3.0,1.8325,1832.47
2022-03-15 11:30:00-04:00,SHORT,Breakout,1.09687,1.0974506020676276,1.0951281937971173,2022-03-15 11:45:00-04:00,1.0974506020676276,SL,0.00019,-1.0,-1.3272,-1327.25
2022-03-15 12:00:00-04:00,SHORT,Breakout,1.09657,1.097479257952076,1.0938422261437721,2022-03-15 12:50:00-04:00,1.0938422261437721,TP,0.000192,3.0,2.7888,2788.84
2022-03-17 08:10:00-04:00,SHORT,Bounce,1.10462,1.1055937653546084,1.1016987039361745,2022-03-17 08:25:00-04:00,1.1055937653546084,SL,0.00019,-1.0,-1.1951,-1195.12
2022-03-17 18:30:00-04:00,SHORT,Breakout,1.109,1.1092726292782034,1.1081821121653899,2022-03-17 18:45:00-04:00,1.1092726292782034,SL,0.000248,-1.0,-1.9097,-1909.66
2022-03-17 21:00:00-04:00,SHORT,Bounce,1.10983,1.1100330210493257,1.1092209368520234,2022-03-17 21:15:00-04:00,1.1100330210493257,SL,0.000194,-1.0,-1.9556,-1955.57
2022-03-18 02:20:00-04:00,LONG,Breakout,1.10904,1.1085666112571957,1.110460166228413,2022-03-18 02:45:00-04:00,1.1085666112571957,SL,0.000198,-1.0,-1.4183,-1418.26
2022-03-18 03:00:00-04:00,LONG,Breakout,1.10875,1.1085587173105063,1.1093238480684808,2022-03-18 03:05:00-04:00,1.1085587173105063,SL,0.000196,-1.0,-2.0247,-2024.66
2022-03-18 11:55:00-04:00,LONG,Breakout,1.10466,1.1041326350224778,1.1062420949325664,2022-03-18 12:00:00-04:00,1.1041326350224778,SL,0.000192,-1.0,-1.3641,-1364.07
2022-03-22 02:00:00-04:00,SHORT,Breakout,1.09756,1.098073896655547,1.0960183100333594,2022-03-22 02:10:00-04:00,1.098073896655547,SL,0.0002,-1.0,-1.3892,-1389.18
2022-03-22 18:55:00-04:00,SHORT,Bounce,1.10304,1.1032642055472972,1.1023673833581085,2022-03-22 19:05:00-04:00,1.1032642055472972,SL,0.000252,-1.0,-2.124,-2123.97
2022-03-22 22:05:00-04:00,SHORT,Bounce,1.10281,1.1032088783864809,1.1016133648405577,2022-03-22 22:50:00-04:00,1.1032088783864809,SL,0.0002,-1.0,-1.5014,-1501.41
2022-03-23 03:10:00-04:00,SHORT,Breakout,1.10213,1.1023507890132607,1.1014676329602182,2022-03-23 03:15:00-04:00,1.1023507890132607,SL,0.000198,-1.0,-1.8968,-1896.78
2022-03-23 03:45:00-04:00,SHORT,Breakout,1.10208,1.1023519787461575,1.1012640637615272,2022-03-23 03:50:00-04:00,1.1023519787461575,SL,0.0002,-1.0,-1.7354,-1735.35
2022-03-23 03:55:00-04:00,SHORT,Breakout,1.10162,1.1023617571841868,1.0993947284474397,2022-03-23 05:40:00-04:00,1.0993947284474397,TP,0.000198,3.0,2.7331,2733.07
2022-03-23 09:30:00-04:00,SHORT,Breakout,1.09707,1.0975338207576828,1.0956785377269516,2022-03-23 10:05:00-04:00,1.0975338207576828,SL,0.00019,-1.0,-1.4096,-1409.64
2022-03-23 20:15:00-04:00,SHORT,Bounce,1.10076,1.100918611800754,1.1002841645977381,2022-03-23 20:20:00-04:00,1.100918611800754,SL,0.0002,-1.0,-2.2609,-2260.94
2022-03-23 20:35:00-04:00,SHORT,Bounce,1.10074,1.1009232209923294,1.100190337023012,2022-03-23 20:45:00-04:00,1.1009232209923294,SL,0.0002,-1.0,-2.0916,-2091.58
2022-03-23 21:00:00-04:00,SHORT,Breakout,1.09984,1.1000639217325836,1.099168234802249,2022-03-23 21:20:00-04:00,1.099168234802249,TP,0.0002,3.0,2.1068,2106.83
2022-03-24 01:35:00-04:00,SHORT,Breakout,1.09787,1.0980327847735714,1.0973816456792855,2022-03-24 02:25:00-04:00,1.0980327847735714,SL,0.0002,-1.0,-2.2286,-2228.62
2022-03-24 03:50:00-04:00,SHORT,Retest,1.09769,1.0980537437268147,1.096598768819556,2022-03-24 04:15:00-04:00,1.0980537437268147,SL,0.000198,-1.0,-1.5443,-1544.34
2022-03-27 19:00:00-04:00,SHORT,Breakout,1.09764,1.0977913630012281,1.0971859109963154,2022-03-27 19:05:00-04:00,1.0977913630012281,SL,0.00023,-1.0,-2.5195,-2519.53
2022-03-27 20:20:00-04:00,SHORT,Breakout,1.09753,1.097697722151417,1.0970268335457485,2022-03-27 20:25:00-04:00,1.097697722151417,SL,0.0002,-1.0,-2.1924,-2192.45
2022-03-28 18:05:00-04:00,SHORT,Bounce,1.09855,1.0989073377738476,1.0974779866784568,2022-03-28 18:25:00-04:00,1.0989073377738476,SL,0.000232,-1.0,-1.6492,-1649.25
2022-03-28 18:25:00-04:00,SHORT,Bounce,1.09877,1.0989033594897664,1.098369921530701,2022-03-28 18:30:00-04:00,1.0989033594897664,SL,0.0002,-1.0,-2.4997,-2499.71
2022-03-28 20:50:00-04:00,SHORT,Breakout,1.09693,1.0974399379106348,1.0954001862680955,2022-03-28 20:55:00-04:00,1.0974399379106348,SL,0.0002,-1.0,-1.3922,-1392.2
2022-03-28 23:45:00-04:00,SHORT,Breakout,1.0985,1.0987065693433424,1.0978802919699728,2022-03-28 23:50:00-04:00,1.0987065693433424,SL,0.000196,-1.0,-1.9488,-1948.83
2022-03-29 01:10:00-04:00,SHORT,Breakout,1.09821,1.098408767914694,1.0976136962559173,2022-03-29 01:55:00-04:00,1.098408767914694,SL,0.0002,-1.0,-2.0062,-2006.2
2022-03-29 01:55:00-04:00,SHORT,Breakout,1.09824,1.0984086267200692,1.0977341198397927,2022-03-29 02:00:00-04:00,1.0984086267200692,SL,0.000198,-1.0,-2.1742,-2174.19
2022-03-29 05:10:00-04:00,SHORT,Bounce,1.10078,1.1019285183941117,1.0973344448176654,2022-03-29 05:15:00-04:00,1.1019285183941117,SL,0.0002,-1.0,-1.1741,-1174.14
2022-03-29 20:05:00-04:00,SHORT,Bounce,1.10919,1.1098788486835984,1.1071234539492043,2022-03-29 21:00:00-04:00,1.1098788486835984,SL,0.0002,-1.0,-1.2903,-1290.34
2022-03-30 03:00:00-04:00,LONG,Breakout,1.1124,1.1119481388558772,1.1137555834323687,2022-03-30 03:20:00-04:00,1.1119481388558772,SL,0.00019,-1.0,-1.4205,-1420.48
2022-03-30 03:30:00-04:00,LONG,Breakout,1.11215,1.1119306694432163,1.112807991670351,2022-03-30 03:35:00-04:00,1.112807991670351,TP,0.000194,3.0,2.1155,2115.49
2022-03-30 04:15:00-04:00,LONG,Retest,1.11235,1.1119126804669206,1.113661958599238,2022-03-30 04:30:00-04:00,1.1119126804669206,SL,0.000196,-1.0,-1.4482,-1448.18
2022-03-30 09:30:00-04:00,LONG,Breakout,1.1148,1.11452487148704,1.1156253855388802,2022-03-30 09:35:00-04:00,1.11452487148704,SL,0.00019,-1.0,-1.6906,-1690.59
2022-03-30 20:00:00-04:00,LONG,Breakout,1.11642,1.1162911122347179,1.1168066632958462,2022-03-30 20:10:00-04:00,1.1162911122347179,SL,0.0002,-1.0,-2.5517,-2551.74
2022-03-30 20:25:00-04:00,LONG,Bounce,1.11583,1.1153776078995452,1.1171871763013648,2022-03-30 20:45:00-04:00,1.1171871763013648,TP,0.0002,3.0,2.5579,2557.91
2022-03-31 02:35:00-04:00,LONG,Bounce,1.11611,1.1155747555399032,1.1177157333802903,2022-03-31 03:25:00-04:00,1.1155747555399032,SL,0.000194,-1.0,-1.3625,-1362.45
2022-03-31 10:55:00-04:00,LONG,Breakout,1.11185,1.1110219465748035,1.1143341602755896,2022-03-31 11:05:00-04:00,1.1110219465748035,SL,0.000192,-1.0,-1.2319,-1231.87
2022-03-31 20:50:00-04:00,LONG,Bounce,1.10665,1.1059829477930474,1.1086511566208574,2022-04-01 02:05:00-04:00,1.1059829477930474,SL,0.000198,-1.0,-1.2968,-1296.83
2022-04-01 05:20:00-04:00,LONG,Bounce,1.10531,1.1040410643816945,1.1091168068549166,2022-04-01 08:30:00-04:00,1.1040410643816945,SL,0.000196,-1.0,-1.1545,-1154.46
2022-04-01 08:30:00-04:00,LONG,Bounce,1.10463,1.1039306184540636,1.1067281446378092,2022-04-01 09:30:00-04:00,1.1039306184540636,SL,0.000194,-1.0,-1.2774,-1277.39
2022-04-05 00:15:00-04:00,SHORT,Breakout,1.09637,1.0964959210386283,1.0959922368841155,2022-04-05 00:30:00-04:00,1.0964959210386283,SL,0.000194,-1.0,-2.5406,-2540.65
2022-04-05 10:10:00-04:00,SHORT,Breakout,1.09508,1.0956745316925283,1.0932964049224154,2022-04-05 10:35:00-04:00,1.0932964049224154,TP,0.00019,3.0,2.6804,2680.42
2022-04-05 20:05:00-04:00,SHORT,Breakout,1.08997,1.0900981698373127,1.0895854904880624,2022-04-05 20:10:00-04:00,1.0900981698373127,SL,0.0002,-1.0,-2.5604,-2560.43
2022-04-05 20:25:00-04:00,SHORT,Breakout,1.08997,1.0900967244565674,1.0895898266302984,2022-04-05 20:35:00-04:00,1.0900967244565674,SL,0.0002,-1.0,-2.5782,-2578.23
2022-04-05 20:40:00-04:00,SHORT,Breakout,1.08987,1.0901001529267778,1.0891795412196663,2022-04-05 21:00:00-04:00,1.0891795412196663,TP,0.0002,3.0,2.131,2131.01
2022-04-06 01:55:00-04:00,SHORT,Breakout,1.0883,1.089269280959095,1.0853921571227154,2022-04-06 03:15:00-04:00,1.089269280959095,SL,0.000192,-1.0,-1.1981,-1198.08
2022-04-06 03:20:00-04:00,SHORT,Bounce,1.08928,1.0901086538962999,1.0867940383111006,2022-04-06 04:20:00-04:00,1.0901086538962999,SL,0.000192,-1.0,-1.2317,-1231.7
2022-04-06 13:55:00-04:00,SHORT,Breakout,1.08993,1.0903004296496375,1.0888187110510879,2022-04-06 14:00:00-04:00,1.0903004296496375,SL,0.000198,-1.0,-1.5345,-1534.51
2022-04-06 14:00:00-04:00,SHORT,Bounce,1.09068,1.0913692561032349,1.0886122316902958,2022-04-06 14:15:00-04:00,1.0886122316902958,TP,0.000198,3.0,2.7127,2712.73
2022-04-06 15:10:00-04:00,SHORT,Retest,1.08975,1.090378083378728,1.087865749863816,2022-04-06 20:10:00-04:00,1.090378083378728,SL,0.0002,-1.0,-1.3184,-1318.43
2022-04-07 07:05:00-04:00,SHORT,Bounce,1.08951,1.089890159990398,1.0883695200288057,2022-04-07 07:10:00-04:00,1.089890159990398,SL,0.000196,-1.0,-1.5156,-1515.57
2022-04-07 10:00:00-04:00,SHORT,Breakout,1.09011,1.0907879790835049,1.088076062749485,2022-04-07 10:05:00-04:00,1.0907879790835049,SL,0.000192,-1.0,-1.2832,-1283.19
2022-04-07 11:20:00-04:00,SHORT,Retest,1.09029,1.0907817358377947,1.0888147924866158,2022-04-07 12:10:00-04:00,1.0888147924866158,TP,0.000192,3.0,2.6095,2609.55
2022-04-07 19:50:00-04:00,SHORT,Breakout,1.0862,1.08679007293425,1.0844297811972505,2022-04-07 20:30:00-04:00,1.08679007293425,SL,0.0002,-1.0,-1.3389,-1338.94
2022-04-07 20:35:00-04:00,SHORT,Breakout,1.0866500000000001,1.0868193079853126,1.0861420760440628,2022-04-07 20:45:00-04:00,1.0861420760440628,TP,0.0002,3.0,1.8187,1818.72
2022-04-07 21:20:00-04:00,SHORT,Retest,1.08641,1.0868233931516649,1.0851698205450058,2022-04-07 21:45:00-04:00,1.0868233931516649,SL,0.0002,-1.0,-1.4838,-1483.8
2022-04-08 03:00:00-04:00,SHORT,Bounce,1.0858,1.0865060158879685,1.083681952336095,2022-04-08 03:55:00-04:00,1.0865060158879685,SL,0.000196,-1.0,-1.2776,-1277.61
2022-04-08 08:00:00-04:00,SHORT,Breakout,1.08584,1.086359318569921,1.0842820442902368,2022-04-08 08:35:00-04:00,1.086359318569921,SL,0.000192,-1.0,-1.3697,-1369.72
2022-04-08 08:45:00-04:00,SHORT,Breakout,1.08615,1.0863472219940296,1.0855583340179111,2022-04-08 08:55:00-04:00,1.0855583340179111,TP,0.000192,3.0,2.0265,2026.48
2022-04-11 07:55:00-04:00,SHORT,Breakout,1.09004,1.0903642371543822,1.0890672885368529,2022-04-11 08:50:00-04:00,1.0903642371543822,SL,0.000194,-1.0,-1.5983,-1598.33
2022-04-11 19:05:00-04:00,SHORT,Breakout,1.08782,1.0879138837923474,1.0875383486229577,2022-04-11 19:10:00-04:00,1.0879138837923474,SL,0.000198,-1.0,-3.109,-3108.99
2022-04-11 19:10:00-04:00,SHORT,Retest,1.08773,1.0879136063786083,1.0871791808641753,2022-04-11 19:15:00-04:00,1.0879136063786083,SL,0.0002,-1.0,-2.0893,-2089.29
2022-04-11 19:20:00-04:00,SHORT,Bounce,1.08801,1.0885413748876773,1.0864158753369677,2022-04-11 20:10:00-04:00,1.0885413748876773,SL,0.000222,-1.0,-1.4178,-1417.78
2022-04-11 20:15:00-04:00,SHORT,Breakout,1.0877,1.0879345256492259,1.086996423052322,2022-04-11 20:20:00-04:00,1.0879345256492259,SL,0.000198,-1.0,-1.8443,-1844.26
2022-04-11 20:30:00-04:00,SHORT,Breakout,1.0876,1.0879389383569058,1.0865831849292822,2022-04-11 21:20:00-04:00,1.0865831849292822,TP,0.0002,3.0,2.4099,2409.92
2022-04-12 02:55:00-04:00,SHORT,Breakout,1.08597,1.0866204807204596,1.0840185578386217,2022-04-12 03:35:00-04:00,1.0866204807204596,SL,0.000194,-1.0,-1.2982,-1298.24
2022-04-12 04:35:00-04:00,SHORT,Retest,1.08618,1.0866415705021109,1.0847952884936671,2022-04-12 05:10:00-04:00,1.0866415705021109,SL,0.000194,-1.0,-1.4203,-1420.3
2022-04-12 20:10:00-04:00,SHORT,Breakout,1.08228,1.082405997717558,1.0819020068473257,2022-04-12 20:15:00-04:00,1.082405997717558,SL,0.0002,-1.0,-2.5873,-2587.33
2022-04-12 20:20:00-04:00,SHORT,Breakout,1.08199,1.0824099368074862,1.0807301895775414,2022-04-12 21:40:00-04:00,1.0824099368074862,SL,0.0002,-1.0,-1.4763,-1476.26
2022-04-13 02:25:00-04:00,SHORT,Breakout,1.08267,1.082890560421823,1.0820083187345308,2022-04-13 02:40:00-04:00,1.082890560421823,SL,0.00019,-1.0,-1.8614,-1861.44
2022-04-13 02:50:00-04:00,SHORT,Breakout,1.08224,1.0829019655662446,1.0802541033012665,2022-04-13 03:30:00-04:00,1.0829019655662446,SL,0.000194,-1.0,-1.2931,-1293.07
2022-04-13 20:40:00-04:00,SHORT,Breakout,1.08828,1.088637643784438,1.0872070686466855,2022-04-13 21:05:00-04:00,1.088637643784438,SL,0.0002,-1.0,-1.5592,-1559.22
2022-04-14 03:30:00-04:00,SHORT,Breakout,1.09054,1.0909195268733234,1.08940141938003,2022-04-14 03:35:00-04:00,1.0909195268733234,SL,0.000194,-1.0,-1.5112,-1511.16
2022-04-14 03:50:00-04:00,SHORT,Retest,1.09072,1.0909186941646445,1.0901239175060662,2022-04-14 04:10:00-04:00,1.0909186941646445,SL,0.000198,-1.0,-1.9965,-1996.51
2022-04-14 07:45:00-04:00,SHORT,Breakout,1.08729,1.090210250051319,1.078529249846043,2022-04-14 09:40:00-04:00,1.078529249846043,TP,0.000198,3.0,2.9322,2932.2
2022-04-14 18:35:00-04:00,SHORT,Breakout,1.08223,1.0824641115014968,1.0815276654955097,2022-04-14 19:25:00-04:00,1.0815276654955097,TP,0.000328,3.0,1.599,1598.96
2022-04-15 11:55:00-04:00,SHORT,Breakout,1.0804,1.0805853295683112,1.0798440112950665,2022-04-15 12:00:00-04:00,1.0805853295683112,SL,0.000522,-1.0,-3.8166,-3816.6
2022-04-15 13:00:00-04:00,SHORT,Retest,1.08043,1.0805704063536488,1.0800087809390537,2022-04-15 13:10:00-04:00,1.0805704063536488,SL,0.000418,-1.0,-3.9771,-3977.07
2022-04-17 18:20:00-04:00,SHORT,Breakout,1.08017,1.0803354273074406,1.0796737180776785,2022-04-17 18:25:00-04:00,1.0803354273074406,SL,0.000272,-1.0,-2.6442,-2644.23
2022-04-17 20:40:00-04:00,SHORT,Breakout,1.07959,1.0802031800828291,1.0777504597515128,2022-04-17 21:10:00-04:00,1.0802031800828291,SL,0.0002,-1.0,-1.3262,-1326.17
2022-04-18 20:10:00-04:00,SHORT,Bounce,1.07834,1.0787696254395758,1.077051123681273,2022-04-18 22:15:00-04:00,1.077051123681273,TP,0.0002,3.0,2.5345,2534.48
2022-04-21 01:15:00-04:00,SHORT,Bounce,1.0842,1.0843798750716906,1.0836603747849283,2022-04-21 01:20:00-04:00,1.0843798750716906,SL,0.0002,-1.0,-2.1119,-2111.88
2022-04-21 06:35:00-04:00,SHORT,Breakout,1.09073,1.091130975628472,1.089527073114584,2022-04-21 07:00:00-04:00,1.089527073114584,TP,0.0002,3.0,2.5012,2501.22
2022-04-21 21:00:00-04:00,SHORT,Bounce,1.08357,1.0839355630775116,1.082473310767465,2022-04-21 21:10:00-04:00,1.0839355630775116,SL,0.0002,-1.0,-1.5471,-1547.1
2022-04-22 09:35:00-04:00,SHORT,Breakout,1.08121,1.0815382340988675,1.0802252977033975,2022-04-22 09:50:00-04:00,1.0815382340988675,SL,0.00019,-1.0,-1.5789,-1578.86
2022-04-22 09:55:00-04:00,SHORT,Breakout,1.08053,1.0815493327284922,1.0774720018145234,2022-04-22 10:05:00-04:00,1.0815493327284922,SL,0.000194,-1.0,-1.1903,-1190.32
2022-04-25 00:50:00-04:00,SHORT,Breakout,1.07755,1.0776937465990193,1.0771187602029422,2022-04-25 00:55:00-04:00,1.0776937465990193,SL,0.0002,-1.0,-2.3913,-2391.34
2022-04-25 01:00:00-04:00,SHORT,Retest,1.07736,1.0776970570165014,1.076348828950496,2022-04-25 01:40:00-04:00,1.0776970570165014,SL,0.0002,-1.0,-1.5934,-1593.37
2022-04-25 15:00:00-04:00,SHORT,Breakout,1.0706,1.0709877585099665,1.0694367244701004,2022-04-25 15:15:00-04:00,1.0709877585099665,SL,0.0002,-1.0,-1.5158,-1515.78
2022-04-25 23:15:00-04:00,SHORT,Bounce,1.07318,1.0733736839531718,1.0725989481404847,2022-04-25 23:20:00-04:00,1.0733736839531718,SL,0.0002,-1.0,-2.0326,-2032.61
2022-04-26 02:10:00-04:00,SHORT,Breakout,1.07198,1.0722242098902004,1.0712473703293985,2022-04-26 02:15:00-04:00,1.0712473703293985,TP,0.000198,3.0,2.1892,2189.22
2022-04-26 22:55:00-04:00,SHORT,Breakout,1.06333,1.06357754033824,1.0625873789852807,2022-04-26 23:00:00-04:00,1.06357754033824,SL,0.0002,-1.0,-1.8079,-1807.95
2022-04-27 02:05:00-04:00,SHORT,Breakout,1.06343,1.0637660965433666,1.0624217103699005,2022-04-27 02:10:00-04:00,1.0624217103699005,TP,0.000192,3.0,2.4287,2428.74
2022-04-27 08:00:00-04:00,SHORT,Breakout,1.0575,1.0585901633976016,1.0542295098071957,2022-04-27 09:10:00-04:00,1.0542295098071957,TP,0.00019,3.0,2.8257,2825.71
2022-04-27 20:20:00-04:00,SHORT,Breakout,1.05462,1.0548551329258604,1.0539146012224183,2022-04-27 20:45:00-04:00,1.0548551329258604,SL,0.0002,-1.0,-1.8506,-1850.58
2022-04-27 20:50:00-04:00,SHORT,Breakout,1.05422,1.0548605965901137,1.0522982102296587,2022-04-27 21:00:00-04:00,1.0548605965901137,SL,0.000194,-1.0,-1.3028,-1302.84
2022-04-27 21:05:00-04:00,SHORT,Breakout,1.05468,1.054891374893761,1.0540458753187174,2022-04-27 21:10:00-04:00,1.0540458753187174,TP,0.0002,3.0,2.0538,2053.81
2022-04-27 23:15:00-04:00,SHORT,Breakout,1.05224,1.053051688288617,1.0498049351341494,2022-04-28 01:40:00-04:00,1.0498049351341494,TP,0.0002,3.0,2.7536,2753.6
2022-04-28 01:50:00-04:00,SHORT,Bounce,1.0514000000000001,1.0527079380607496,1.0474761858177517,2022-04-28 02:45:00-04:00,1.0527079380607496,SL,0.000192,-1.0,-1.1468,-1146.8
2022-04-28 06:30:00-04:00,SHORT,Breakout,1.05093,1.0514426303401867,1.0493921089794396,2022-04-28 07:15:00-04:00,1.0493921089794396,TP,0.00019,3.0,2.6294,2629.36
2022-04-28 08:40:00-04:00,SHORT,Breakout,1.05097,1.051516533043085,1.0493304008707451,2022-04-28 08:45:00-04:00,1.0493304008707451,TP,0.00019,3.0,2.6524,2652.35
2022-04-28 09:15:00-04:00,SHORT,Retest,1.05017,1.0515250714239144,1.046104785728257,2022-04-28 10:05:00-04:00,1.0515250714239144,SL,0.000192,-1.0,-1.1417,-1141.69
2022-04-29 07:10:00-04:00,SHORT,Breakout,1.05578,1.0561787998575134,1.0545836004274596,2022-04-29 07:20:00-04:00,1.0561787998575134,SL,0.000196,-1.0,-1.4915,-1491.47
2022-05-02 01:55:00-04:00,SHORT,Breakout,1.0512,1.0516996908352225,1.049700927494332,2022-05-02 02:00:00-04:00,1.0516996908352225,SL,0.00021,-1.0,-1.4203,-1420.26
2022-05-02 02:05:00-04:00,SHORT,Breakout,1.05122,1.0517116109752684,1.0497451670741949,2022-05-02 02:15:00-04:00,1.0517116109752684,SL,0.00021,-1.0,-1.4272,-1427.17
2022-05-02 07:00:00-04:00,SHORT,Breakout,1.05165,1.0519027591631356,1.0508917225105932,2022-05-02 07:05:00-04:00,1.0519027591631356,SL,0.000208,-1.0,-1.8229,-1822.92
2022-05-02 08:55:00-04:00,SHORT,Breakout,1.05097,1.0513997811591713,1.0496806565224859,2022-05-02 09:00:00-04:00,1.0513997811591713,SL,0.000194,-1.0,-1.4514,-1451.39
2022-05-02 20:00:00-04:00,SHORT,Bounce,1.05089,1.0513197883618426,1.0496006349144726,2022-05-02 20:30:00-04:00,1.0513197883618426,SL,0.000232,-1.0,-1.5398,-1539.8
2022-05-03 00:55:00-04:00,SHORT,Breakout,1.05007,1.0507750907115652,1.0479547278653047,2022-05-03 01:15:00-04:00,1.0507750907115652,SL,0.000206,-1.0,-1.2922,-1292.16
2022-05-03 02:45:00-04:00,SHORT,Retest,1.05043,1.0507972065760403,1.0493283802718791,2022-05-03 03:20:00-04:00,1.0507972065760403,SL,0.0002,-1.0,-1.5447,-1544.65
2022-05-03 20:10:00-04:00,SHORT,Bounce,1.05251,1.0527370726240477,1.0518287821278571,2022-05-03 20:55:00-04:00,1.0527370726240477,SL,0.000206,-1.0,-1.9072,-1907.2
2022-05-04 01:50:00-04:00,SHORT,Breakout,1.05112,1.0513609564816022,1.0503971305551936,2022-05-04 02:05:00-04:00,1.0513609564816022,SL,0.000204,-1.0,-1.8466,-1846.63
2022-05-04 02:45:00-04:00,SHORT,Breakout,1.05082,1.0513849694171988,1.0491250917484038,2022-05-04 03:00:00-04:00,1.0513849694171988,SL,0.000202,-1.0,-1.3575,-1357.54
2022-05-04 08:20:00-04:00,SHORT,Bounce,1.05318,1.0536564876164867,1.05175053715054,2022-05-04 08:25:00-04:00,1.0536564876164867,SL,0.00019,-1.0,-1.3988,-1398.75
2022-05-04 14:30:00-04:00,SHORT,Breakout,1.0519,1.0535547859993952,1.0469356420018145,2022-05-04 14:35:00-04:00,1.0535547859993952,SL,0.00019,-1.0,-1.1148,-1114.82
2022-05-04 20:20:00-04:00,SHORT,Bounce,1.06214,1.0624708176754898,1.061147546973531,2022-05-04 20:25:00-04:00,1.061147546973531,TP,0.00021,3.0,2.3652,2365.21
2022-05-05 01:05:00-04:00,SHORT,Breakout,1.06061,1.0613859397586556,1.0582821807240335,2022-05-05 01:15:00-04:00,1.0613859397586556,SL,0.000208,-1.0,-1.2681,-1268.06
2022-05-05 02:25:00-04:00,SHORT,Breakout,1.06022,1.0606051991947085,1.0590644024158742,2022-05-05 03:00:00-04:00,1.0590644024158742,TP,0.000194,3.0,2.4964,2496.36
2022-05-05 07:00:00-04:00,SHORT,Breakout,1.05879,1.0592447864863983,1.0574256405408047,2022-05-05 07:05:00-04:00,1.0592447864863983,SL,0.00019,-1.0,-1.4178,-1417.78
2022-05-05 07:10:00-04:00,SHORT,Retest,1.05789,1.0592596577357212,1.0537810267928365,2022-05-05 10:15:00-04:00,1.0537810267928365,TP,0.000194,3.0,2.8584,2858.36
2022-05-05 20:10:00-04:00,SHORT,Breakout,1.05338,1.053585022035833,1.0527649338925011,2022-05-05 20:15:00-04:00,1.053585022035833,SL,0.00021,-1.0,-2.0243,-2024.28
2022-05-05 21:20:00-04:00,SHORT,Breakout,1.05287,1.0533413764036361,1.0514558707890915,2022-05-05 21:25:00-04:00,1.0533413764036361,SL,0.000208,-1.0,-1.4413,-1441.26
2022-05-06 01:45:00-04:00,SHORT,Breakout,1.05222,1.0525724384035733,1.0511626847892799,2022-05-06 02:15:00-04:00,1.0511626847892799,TP,0.000206,3.0,2.4155,2415.5
2022-05-08 19:50:00-04:00,SHORT,Breakout,1.05338,1.053534198194728,1.0529174054158161,2022-05-08 20:10:00-04:00,1.0529174054158161,TP,0.000206,3.0,1.6641,1664.06
2022-05-09 02:50:00-04:00,SHORT,Breakout,1.04947,1.0503189841563574,1.0469230475309275,2022-05-09 02:55:00-04:00,1.0503189841563574,SL,0.000194,-1.0,-1.2285,-1228.51
2022-05-09 07:55:00-04:00,SHORT,Bounce,1.05455,1.054997037016024,1.0532088889519284,2022-05-09 08:00:00-04:00,1.054997037016024,SL,0.00019,-1.0,-1.425,-1425.02
2022-05-10 02:25:00-04:00,SHORT,Breakout,1.05654,1.0569165758777441,1.0554102723667678,2022-05-10 03:00:00-04:00,1.0554102723667678,TP,0.000196,3.0,2.4795,2479.52
2022-05-10 03:45:00-04:00,SHORT,Breakout,1.05657,1.0569554949055473,1.0554135152833581,2022-05-10 03:50:00-04:00,1.0569554949055473,SL,0.000192,-1.0,-1.4981,-1498.06
2022-05-10 09:55:00-04:00,SHORT,Breakout,1.0543,1.0548724740092867,1.0525825779721398,2022-05-10 10:00:00-04:00,1.0548724740092867,SL,0.000194,-1.0,-1.3389,-1338.88
2022-05-10 10:05:00-04:00,SHORT,Retest,1.05406,1.0548851434059665,1.0515845697821005,2022-05-10 10:10:00-04:00,1.0548851434059665,SL,0.000198,-1.0,-1.24,-1239.96
2022-05-10 21:15:00-04:00,SHORT,Breakout,1.05253,1.0526596361438787,1.0521410915683638,2022-05-10 21:20:00-04:00,1.0526596361438787,SL,0.00021,-1.0,-2.6199,-2619.92
2022-05-11 08:30:00-04:00,SHORT,Breakout,1.05293,1.0544048126113814,1.0485055621658554,2022-05-11 09:10:00-04:00,1.0544048126113814,SL,0.000202,-1.0,-1.137,-1136.97
2022-05-11 09:30:00-04:00,SHORT,Bounce,1.05501,1.055871496809134,1.0524255095725978,2022-05-11 09:35:00-04:00,1.055871496809134,SL,0.00019,-1.0,-1.2205,-1220.55
2022-05-11 20:15:00-04:00,SHORT,Breakout,1.05077,1.051160774041118,1.049597677876646,2022-05-11 20:20:00-04:00,1.051160774041118,SL,0.000206,-1.0,-1.5272,-1527.16
2022-05-12 01:25:00-04:00,SHORT,Breakout,1.05104,1.0511903028203144,1.0505890915390566,2022-05-12 01:35:00-04:00,1.0505890915390566,TP,0.0002,3.0,1.6694,1669.35
2022-05-12 07:30:00-04:00,SHORT,Breakout,1.04136,1.0422353038905943,1.0387340883282175,2022-05-12 08:25:00-04:00,1.0422353038905943,SL,0.000194,-1.0,-1.2216,-1221.64
2022-05-12 08:25:00-04:00,SHORT,Retest,1.04175,1.0422618129383165,1.0402145611850502,2022-05-12 08:30:00-04:00,1.0422618129383165,SL,0.0002,-1.0,-1.3908,-1390.77
2022-05-12 18:10:00-04:00,SHORT,Bounce,1.03805,1.0382345561609052,1.037496331517284,2022-05-12 19:45:00-04:00,1.0382345561609052,SL,0.000234,-1.0,-2.2679,-2267.91
2022-05-12 21:25:00-04:00,SHORT,Bounce,1.038,1.0384058470087822,1.0367824589736534,2022-05-12 22:20:00-04:00,1.0384058470087822,SL,0.00021,-1.0,-1.5174,-1517.44
2022-05-13 02:15:00-04:00,SHORT,Breakout,1.03845,1.0388993372077997,1.0371019883766013,2022-05-13 02:20:00-04:00,1.0388993372077997,SL,0.000198,-1.0,-1.4406,-1440.65
2022-05-13 02:25:00-04:00,SHORT,Breakout,1.03869,1.0389020917761131,1.0380537246716601,2022-05-13 02:30:00-04:00,1.0389020917761131,SL,0.0002,-1.0,-1.943,-1942.99
2022-05-13 02:35:00-04:00,SHORT,Bounce,1.03922,1.0398003954600157,1.037478813619953,2022-05-13 02:45:00-04:00,1.0398003954600157,SL,0.000194,-1.0,-1.3343,-1334.25
2022-05-13 05:50:00-04:00,SHORT,Breakout,1.0377,1.0384162053893056,1.0355513838320836,2022-05-13 06:25:00-04:00,1.0384162053893056,SL,0.000202,-1.0,-1.282,-1282.04
2022-05-13 09:45:00-04:00,SHORT,Breakout,1.0366900000000001,1.0371418252821178,1.035334524153647,2022-05-13 09:50:00-04:00,1.0371418252821178,SL,0.000194,-1.0,-1.4294,-1429.37
2022-05-16 09:55:00-04:00,SHORT,Breakout,1.04035,1.0412992936070082,1.0375021191789757,2022-05-16 10:10:00-04:00,1.0412992936070082,SL,0.000194,-1.0,-1.2044,-1204.36
2022-05-16 18:15:00-04:00,SHORT,Breakout,1.04286,1.042992443049477,1.0424626708515685,2022-05-16 18:25:00-04:00,1.042992443049477,SL,0.000232,-1.0,-2.7517,-2751.7
2022-05-17 20:00:00-04:00,SHORT,Bounce,1.05473,1.0552295890948373,1.0532312327154878,2022-05-17 20:05:00-04:00,1.0552295890948373,SL,0.000208,-1.0,-1.4163,-1416.34
2022-05-17 21:30:00-04:00,SHORT,Breakout,1.05391,1.0545313965399898,1.05204581038003,2022-05-18 02:35:00-04:00,1.05204581038003,TP,0.000208,3.0,2.6653,2665.27
2022-05-19 01:25:00-04:00,SHORT,Breakout,1.04927,1.0495368143740578,1.0484695568778264,2022-05-19 01:55:00-04:00,1.0484695568778264,TP,0.00021,3.0,2.2129,2212.94
2022-05-19 08:40:00-04:00,SHORT,Bounce,1.05361,1.0539684860208485,1.0525345419374543,2022-05-19 08:50:00-04:00,1.0539684860208485,SL,0.00019,-1.0,-1.53,-1530.01
2022-05-19 19:55:00-04:00,SHORT,Breakout,1.05786,1.0580288431472193,1.057353470558342,2022-05-19 20:00:00-04:00,1.0580288431472193,SL,0.00021,-1.0,-2.2438,-2243.76
2022-05-19 21:00:00-04:00,SHORT,Retest,1.05734,1.0580563027185568,1.0551910918443295,2022-05-20 01:30:00-04:00,1.0580563027185568,SL,0.000202,-1.0,-1.282,-1282.0
2022-05-20 01:35:00-04:00,LONG,Breakout,1.05847,1.0579775661802004,1.0599473014593987,2022-05-20 01:45:00-04:00,1.0579775661802004,SL,0.00021,-1.0,-1.4265,-1426.45
2022-05-20 01:50:00-04:00,LONG,Breakout,1.05852,1.0579691293359694,1.0601726119920913,2022-05-20 02:55:00-04:00,1.0579691293359694,SL,0.000202,-1.0,-1.3667,-1366.69
2022-05-23 01:45:00-04:00,LONG,Breakout,1.06102,1.0592872991425857,1.0662181025722433,2022-05-23 03:40:00-04:00,1.0592872991425857,SL,0.000204,-1.0,-1.1177,-1117.74
2022-05-23 04:05:00-04:00,LONG,Breakout,1.06116,1.0608311510222548,1.062146546933236,2022-05-23 04:10:00-04:00,1.0608311510222548,SL,0.000192,-1.0,-1.5839,-1583.85
2022-05-23 04:15:00-04:00,LONG,Breakout,1.06241,1.0607995230753116,1.0672414307740656,2022-05-23 05:10:00-04:00,1.0672414307740656,TP,0.000202,3.0,2.8746,2874.57
2022-05-23 14:40:00-04:00,LONG,Breakout,1.06936,1.0689193180795502,1.0706820457613497,2022-05-23 15:05:00-04:00,1.0689193180795502,SL,0.000198,-1.0,-1.4493,-1449.3
2022-05-24 02:50:00-04:00,LONG,Breakout,1.06911,1.0671950311376848,1.0748549065869457,2022-05-25 04:00:00-04:00,1.0671950311376848,SL,0.000198,-1.0,-1.1034,-1103.4
2022-05-25 18:00:00-04:00,LONG,Breakout,1.06839,1.0681957173068077,1.0689728480795766,2022-05-25 18:15:00-04:00,1.0689728480795766,TP,0.000278,3.0,1.5691,1569.1
2022-05-25 20:30:00-04:00,LONG,Breakout,1.0698,1.0694046107069244,1.0709861678792272,2022-05-25 21:35:00-04:00,1.0694046107069244,SL,0.000206,-1.0,-1.521,-1521.01
2022-05-27 13:55:00-04:00,LONG,Breakout,1.07167,1.0714998947592316,1.0721803157223049,2022-05-27 14:05:00-04:00,1.0721803157223049,TP,0.000192,3.0,1.8713,1871.29
2022-05-29 18:15:00-04:00,LONG,Breakout,1.07337,1.0732464546035818,1.0737406361892543,2022-05-29 18:25:00-04:00,1.0732464546035818,SL,0.000318,-1.0,-3.574,-3573.95
2022-05-29 21:30:00-04:00,LONG,Breakout,1.07385,1.073477030948387,1.074968907154839,2022-05-29 21:50:00-04:00,1.074968907154839,TP,0.000208,3.0,2.4423,2442.31
2022-05-30 00:40:00-04:00,LONG,Breakout,1.07592,1.0754599863118508,1.0773000410644475,2022-05-30 01:00:00-04:00,1.0754599863118508,SL,0.00021,-1.0,-1.4565,-1456.51
2022-05-30 01:00:00-04:00,LONG,Retest,1.07577,1.0754615648441477,1.0766953054675565,2022-05-30 01:25:00-04:00,1.0754615648441477,SL,0.00021,-1.0,-1.6809,-1680.86
2022-05-30 02:10:00-04:00,LONG,Breakout,1.07639,1.075934804064817,1.0777555878055491,2022-05-30 02:15:00-04:00,1.075934804064817,SL,0.000202,-1.0,-1.4438,-1443.76
2022-05-30 02:30:00-04:00,LONG,Retest,1.07622,1.075925136580988,1.0771045902570355,2022-05-30 02:45:00-04:00,1.075925136580988,SL,0.000204,-1.0,-1.6918,-1691.85
2022-05-30 02:55:00-04:00,LONG,Bounce,1.0753,1.074867666207839,1.076597001376483,2022-05-30 03:15:00-04:00,1.074867666207839,SL,0.0002,-1.0,-1.4626,-1462.61
2022-05-30 06:40:00-04:00,LONG,Breakout,1.07722,1.0768243552686054,1.078406934194184,2022-05-30 07:30:00-04:00,1.0768243552686054,SL,0.000208,-1.0,-1.5257,-1525.72
2022-05-30 18:30:00-04:00,LONG,Bounce,1.07761,1.0774266984398857,1.0781599046803427,2022-05-30 18:35:00-04:00,1.0774266984398857,SL,0.000226,-1.0,-2.2329,-2232.94
2022-05-31 05:00:00-04:00,LONG,Bounce,1.07294,1.0725588590475832,1.0740834228572504,2022-05-31 05:55:00-04:00,1.0725588590475832,SL,0.000206,-1.0,-1.5405,-1540.48
2022-05-31 08:40:00-04:00,LONG,Bounce,1.06909,1.0686644616222167,1.0703666151333502,2022-05-31 08:50:00-04:00,1.0686644616222167,SL,0.000192,-1.0,-1.4512,-1451.19
2022-05-31 10:45:00-04:00,LONG,Breakout,1.07229,1.071289602623439,1.0752911921296826,2022-05-31 10:55:00-04:00,1.071289602623439,SL,0.00019,-1.0,-1.1899,-1189.92
2022-05-31 11:00:00-04:00,LONG,Breakout,1.07195,1.071268674549452,1.073993976351644,2022-05-31 14:30:00-04:00,1.073993976351644,TP,0.000192,3.0,2.7182,2718.2
2022-05-31 20:30:00-04:00,LONG,Bounce,1.07304,1.0729394709500117,1.0733415871499647,2022-05-31 20:35:00-04:00,1.0729394709500117,SL,0.000214,-1.0,-3.1287,-3128.74
2022-05-31 20:35:00-04:00,LONG,Bounce,1.07303,1.0729395087392966,1.07330147378211,2022-05-31 20:40:00-04:00,1.0729395087392966,SL,0.00021,-1.0,-3.3207,-3320.67
2022-05-31 20:40:00-04:00,LONG,Bounce,1.07307,1.0729395438293468,1.0734613685119596,2022-05-31 20:50:00-04:00,1.0729395438293468,SL,0.00021,-1.0,-2.6097,-2609.74
2022-06-01 02:00:00-04:00,LONG,Bounce,1.07112,1.0705411602092385,1.0728565193722848,2022-06-01 03:05:00-04:00,1.0728565193722848,TP,0.000196,3.0,2.6614,2661.39
2022-06-01 13:50:00-04:00,LONG,Breakout,1.0651,1.064570091783901,1.066689724648297,2022-06-01 14:15:00-04:00,1.064570091783901,SL,0.000194,-1.0,-1.3661,-1366.1
2022-06-01 20:15:00-04:00,LONG,Breakout,1.06535,1.0652581154256462,1.0656256537230615,2022-06-01 20:25:00-04:00,1.0656256537230615,TP,0.000208,3.0,0.7363,736.29
2022-06-01 22:15:00-04:00,LONG,Retest,1.06569,1.0652425433582544,1.0670323699252369,2022-06-01 22:35:00-04:00,1.0652425433582544,SL,0.000206,-1.0,-1.4604,-1460.38
2022-06-05 21:00:00-04:00,LONG,Bounce,1.07158,1.071233765501407,1.0726187034957788,2022-06-05 21:30:00-04:00,1.071233765501407,SL,0.000216,-1.0,-1.6239,-1623.85
2022-06-06 02:15:00-04:00,LONG,Bounce,1.07211,1.0719765156907235,1.072510452927829,2022-06-06 02:20:00-04:00,1.0719765156907235,SL,0.000156,-1.0,-2.1687,-2168.68
2022-06-06 02:25:00-04:00,LONG,Bounce,1.07211,1.071977924243532,1.0725062272694033,2022-06-06 02:30:00-04:00,1.0725062272694033,TP,0.000158,3.0,1.8037,1803.72
2022-06-06 20:25:00-04:00,LONG,Bounce,1.06854,1.0683528683677486,1.0691013948967545,2022-06-06 20:30:00-04:00,1.0683528683677486,SL,0.000166,-1.0,-1.8871,-1887.08
2022-06-09 02:45:00-04:00,LONG,Bounce,1.07127,1.070785991994953,1.072722024015141,2022-06-09 03:50:00-04:00,1.070785991994953,SL,0.000156,-1.0,-1.3223,-1322.31
2022-06-09 07:40:00-04:00,LONG,Breakout,1.0744,1.0722589879474231,1.0808230361577307,2022-06-09 07:45:00-04:00,1.0722589879474231,SL,0.000156,-1.0,-1.0729,-1072.86
2022-06-09 07:50:00-04:00,LONG,Breakout,1.0737700000000001,1.0721546681791556,1.0786159954625336,2022-06-09 09:05:00-04:00,1.0721546681791556,SL,0.000154,-1.0,-1.0953,-1095.34
2022-06-09 20:55:00-04:00,LONG,Breakout,1.06231,1.0618457388266875,1.0637027835199377,2022-06-09 21:05:00-04:00,1.0618457388266875,SL,0.00017,-1.0,-1.3662,-1366.17
2022-06-09 21:35:00-04:00,LONG,Retest,1.06214,1.0618419644288524,1.0630341067134432,2022-06-09 21:40:00-04:00,1.0618419644288524,SL,0.000168,-1.0,-1.5637,-1563.69
2022-06-09 21:45:00-04:00,LONG,Breakout,1.06214,1.0618411938187553,1.0630364185437344,2022-06-09 23:10:00-04:00,1.0630364185437344,TP,0.00017,3.0,2.4311,2431.07
2022-06-10 02:05:00-04:00,SHORT,Breakout,1.06259,1.0629230714227478,1.0615907857317564,2022-06-10 02:40:00-04:00,1.0629230714227478,SL,0.00016,-1.0,-1.4804,-1480.38
2022-06-10 03:05:00-04:00,SHORT,Breakout,1.06276,1.0629534310951583,1.0621797067145249,2022-06-10 03:10:00-04:00,1.0629534310951583,SL,0.000152,-1.0,-1.7858,-1785.81
2022-06-12 18:35:00-04:00,SHORT,Breakout,1.05074,1.0513910070095334,1.0487869789714,2022-06-12 19:45:00-04:00,1.0487869789714,TP,0.000244,3.0,2.6252,2625.2
2022-06-12 19:45:00-04:00,SHORT,Breakout,1.04879,1.0501834626508635,1.044609612047409,2022-06-13 07:50:00-04:00,1.044609612047409,TP,0.00017,3.0,2.878,2878.0
2022-06-13 14:40:00-04:00,SHORT,Breakout,1.04323,1.0434544729209592,1.042556581237123,2022-06-13 14:45:00-04:00,1.0434544729209592,SL,0.00016,-1.0,-1.7128,-1712.78
2022-06-15 14:00:00-04:00,SHORT,Breakout,1.03699,1.0381165324139225,1.0336104027582327,2022-06-15 14:05:00-04:00,1.0381165324139225,SL,0.000168,-1.0,-1.1491,-1149.13
2022-06-15 14:10:00-04:00,SHORT,Breakout,1.03764,1.038148438663025,1.0361146840109243,2022-06-15 14:15:00-04:00,1.038148438663025,SL,0.00015,-1.0,-1.295,-1295.02
2022-06-15 14:30:00-04:00,SHORT,Breakout,1.03768,1.0382096392819309,1.036091082154207,2022-06-15 14:35:00-04:00,1.0382096392819309,SL,0.000158,-1.0,-1.2983,-1298.32
2022-06-16 01:35:00-04:00,SHORT,Breakout,1.04272,1.043075711056446,1.0416528668306626,2022-06-16 02:00:00-04:00,1.043075711056446,SL,0.00017,-1.0,-1.4779,-1477.92
2022-06-16 02:10:00-04:00,SHORT,Breakout,1.04267,1.043082818302468,1.0414315450925957,2022-06-16 02:15:00-04:00,1.043082818302468,SL,0.00017,-1.0,-1.4118,-1411.8
2022-06-16 02:30:00-04:00,SHORT,Breakout,1.04228,1.0430928430220947,1.0398414709337163,2022-06-16 03:15:00-04:00,1.0398414709337163,TP,0.000154,3.0,2.8105,2810.54
2022-06-16 20:05:00-04:00,SHORT,Breakout,1.05431,1.0545967646503709,1.0534497060488877,2022-06-16 20:15:00-04:00,1.0545967646503709,SL,0.00017,-1.0,-1.5928,-1592.82
2022-06-16 20:25:00-04:00,SHORT,Breakout,1.05407,1.0546008728441076,1.0524773814676773,2022-06-16 22:40:00-04:00,1.0524773814676773,TP,0.00017,3.0,2.6798,2679.77
2022-06-16 22:45:00-04:00,SHORT,Breakout,1.05253,1.0528328657233212,1.0516214028300361,2022-06-16 22:50:00-04:00,1.0528328657233212,SL,0.000178,-1.0,-1.5877,-1587.72
2022-06-17 00:10:00-04:00,SHORT,Retest,1.05248,1.0528250448253222,1.0514448655240336,2022-06-17 00:15:00-04:00,1.0528250448253222,SL,0.000168,-1.0,-1.4869,-1486.89
2022-06-17 02:00:00-04:00,SHORT,Breakout,1.0512299999999999,1.0517406946700467,1.0496979159898594,2022-06-17 02:25:00-04:00,1.0517406946700467,SL,0.000166,-1.0,-1.325,-1325.05
2022-06-17 02:30:00-04:00,SHORT,Breakout,1.05134,1.0517459073012778,1.0501222780961663,2022-06-17 02:50:00-04:00,1.0501222780961663,TP,0.000152,3.0,2.6255,2625.53
2022-06-17 04:05:00-04:00,SHORT,Retest,1.05083,1.0517878018562483,1.0479565944312548,2022-06-17 04:45:00-04:00,1.0517878018562483,SL,0.000164,-1.0,-1.1712,-1171.23
2022-06-17 10:00:00-04:00,SHORT,Breakout,1.04707,1.0476744368786726,1.045256689363982,2022-06-17 10:20:00-04:00,1.045256689363982,TP,0.000156,3.0,2.7419,2741.91
2022-06-17 11:40:00-04:00,SHORT,Retest,1.04704,1.0476697581027563,1.045150725691731,2022-06-17 13:05:00-04:00,1.0476697581027563,SL,0.000154,-1.0,-1.2445,-1244.54
2022-06-20 03:00:00-04:00,SHORT,Bounce,1.0524499999999999,1.0530529496788568,1.0506411509634292,2022-06-20 05:00:00-04:00,1.0530529496788568,SL,0.000154,-1.0,-1.2554,-1255.41
2022-06-20 05:10:00-04:00,SHORT,Bounce,1.05373,1.0543407751925058,1.0518976744224828,2022-06-20 08:10:00-04:00,1.0518976744224828,TP,0.000162,3.0,2.7348,2734.76
2022-06-21 10:00:00-04:00,SHORT,Bounce,1.05566,1.0563665753353857,1.053540273993843,2022-06-21 10:45:00-04:00,1.0563665753353857,SL,0.000152,-1.0,-1.2151,-1215.12
2022-06-21 14:45:00-04:00,SHORT,Breakout,1.05192,1.0527695256881637,1.0493714229355087,2022-06-21 14:50:00-04:00,1.0527695256881637,SL,0.00016,-1.0,-1.1883,-1188.34
2022-06-22 02:30:00-04:00,SHORT,Breakout,1.05014,1.0506816369467917,1.048515089159625,2022-06-22 02:45:00-04:00,1.048515089159625,TP,0.000156,3.0,2.712,2711.98
2022-06-22 19:30:00-04:00,SHORT,Breakout,1.05618,1.0562574854605913,1.0559475436182257,2022-06-22 19:35:00-04:00,1.0562574854605913,SL,0.000224,-1.0,-3.8909,-3890.86
2022-06-22 20:40:00-04:00,SHORT,Bounce,1.05637,1.0569077130233184,1.0547568609300448,2022-06-22 20:50:00-04:00,1.0569077130233184,SL,0.000168,-1.0,-1.3124,-1312.43
2022-06-22 20:50:00-04:00,SHORT,Bounce,1.05671,1.0569124974537796,1.0561025076386614,2022-06-22 20:55:00-04:00,1.0569124974537796,SL,0.000164,-1.0,-1.8099,-1809.89
2022-06-22 21:50:00-04:00,SHORT,Retest,1.05607,1.056319300022548,1.0553220999323565,2022-06-22 22:40:00-04:00,1.056319300022548,SL,0.000168,-1.0,-1.6739,-1673.89
2022-06-24 07:50:00-04:00,SHORT,Breakout,1.05171,1.051912645128565,1.0511020646143048,2022-06-24 08:00:00-04:00,1.051912645128565,SL,0.000158,-1.0,-1.7797,-1779.69
2022-06-28 02:25:00-04:00,LONG,Breakout,1.05937,1.058310097678437,1.0625497069646888,2022-06-28 02:55:00-04:00,1.058310097678437,SL,0.000158,-1.0,-1.1491,-1149.07
2022-06-28 03:25:00-04:00,LONG,Retest,1.05878,1.0582847638053605,1.0602657085839187,2022-06-28 03:55:00-04:00,1.0582847638053605,SL,0.00017,-1.0,-1.3433,-1343.27
2022-06-28 20:10:00-04:00,LONG,Breakout,1.05269,1.0525540702833727,1.0530977891498816,2022-06-28 20:35:00-04:00,1.0525540702833727,SL,0.00017,-1.0,-2.2506,-2250.65
2022-06-28 21:00:00-04:00,LONG,Bounce,1.05218,1.0519035084142674,1.0530094747571974,2022-06-28 21:30:00-04:00,1.0530094747571974,TP,0.00017,3.0,2.3852,2385.15
2022-06-28 22:00:00-04:00,LONG,Breakout,1.05326,1.0529664513268866,1.0541406460193405,2022-06-28 22:15:00-04:00,1.0529664513268866,SL,0.00017,-1.0,-1.5791,-1579.12
2022-06-28 22:25:00-04:00,LONG,Retest,1.05321,1.0529710545355242,1.0539268363934273,2022-06-28 22:35:00-04:00,1.0529710545355242,SL,0.00017,-1.0,-1.7115,-1711.46
2022-06-29 00:30:00-04:00,SHORT,Breakout,1.05151,1.052432102229202,1.0487436933123937,2022-06-29 02:30:00-04:00,1.0487436933123937,TP,0.000168,3.0,2.8178,2817.81
2022-06-29 14:55:00-04:00,SHORT,Breakout,1.04406,1.04442912093412,1.0429526371976396,2022-06-29 18:40:00-04:00,1.04442912093412,SL,0.00015,-1.0,-1.4064,-1406.37
2022-06-29 20:05:00-04:00,SHORT,Bounce,1.04405,1.0444908972941465,1.0427273081175603,2022-06-29 20:45:00-04:00,1.0444908972941465,SL,0.000166,-1.0,-1.3765,-1376.5
2022-06-29 21:10:00-04:00,SHORT,Breakout,1.04332,1.0436539822885604,1.0423180531343188,2022-06-29 21:15:00-04:00,1.0436539822885604,SL,0.00017,-1.0,-1.509,-1509.01
2022-06-30 00:55:00-04:00,SHORT,Bounce,1.04526,1.045656588361369,1.044070234915893,2022-06-30 01:05:00-04:00,1.045656588361369,SL,0.00017,-1.0,-1.4287,-1428.66
2022-06-30 01:40:00-04:00,SHORT,Breakout,1.04479,1.0449559526242134,1.0442921421273603,2022-06-30 01:45:00-04:00,1.0449559526242134,SL,0.000168,-1.0,-2.0123,-2012.34
2022-06-30 02:55:00-04:00,SHORT,Breakout,1.04396,1.0447783756379352,1.0415048730861944,2022-06-30 03:30:00-04:00,1.0447783756379352,SL,0.000154,-1.0,-1.1882,-1188.18
2022-06-30 04:10:00-04:00,SHORT,Retest,1.04445,1.0448114382807805,1.043365685157659,2022-06-30 04:25:00-04:00,1.043365685157659,TP,0.000164,3.0,2.5463,2546.26
2022-06-30 20:05:00-04:00,SHORT,Breakout,1.0471,1.0473256220307308,1.0464231339078074,2022-06-30 20:20:00-04:00,1.0473256220307308,SL,0.00018,-1.0,-1.7978,-1797.79
2022-06-30 20:25:00-04:00,SHORT,Breakout,1.04717,1.047326928905136,1.046699213284592,2022-06-30 20:35:00-04:00,1.046699213284592,TP,0.00017,3.0,1.9167,1916.71
2022-06-30 22:10:00-04:00,SHORT,Retest,1.04699,1.0473391093542421,1.045942671937274,2022-06-30 23:30:00-04:00,1.045942671937274,TP,0.00017,3.0,2.513,2513.05
2022-07-01 03:10:00-04:00,SHORT,Breakout,1.04408,1.0447508556832668,1.0420674329501993,2022-07-01 03:35:00-04:00,1.0447508556832668,SL,0.00015,-1.0,-1.2236,-1223.6
2022-07-04 07:55:00-04:00,SHORT,Bounce,1.04513,1.0457487948392092,1.0432736154823719,2022-07-04 10:20:00-04:00,1.0432736154823719,TP,0.000154,3.0,2.7511,2751.13
2022-07-05 03:05:00-04:00,SHORT,Breakout,1.04139,1.0429442257385968,1.0367273227842098,2022-07-05 03:50:00-04:00,1.0367273227842098,TP,0.000152,3.0,2.9022,2902.2
2022-07-05 09:05:00-04:00,SHORT,Breakout,1.02763,1.028097322690223,1.026228031929331,2022-07-05 09:10:00-04:00,1.028097322690223,SL,0.000154,-1.0,-1.3295,-1329.54
2022-07-05 19:30:00-04:00,SHORT,Breakout,1.02619,1.026289096835013,1.025892709494961,2022-07-05 19:35:00-04:00,1.026289096835013,SL,0.000168,-1.0,-2.6953,-2695.31
2022-07-05 20:20:00-04:00,SHORT,Breakout,1.02587,1.0263054337350317,1.0245636987949052,2022-07-05 20:40:00-04:00,1.0263054337350317,SL,0.000158,-1.0,-1.3629,-1362.86
2022-07-06 02:55:00-04:00,SHORT,Bounce,1.02684,1.0270681949672273,1.0261554150983179,2022-07-06 03:00:00-04:00,1.0270681949672273,SL,0.000152,-1.0,-1.6661,-1666.1
2022-07-06 14:05:00-04:00,SHORT,Bounce,1.01857,1.0197944967003398,1.0148965098989804,2022-07-06 22:40:00-04:00,1.0197944967003398,SL,0.000154,-1.0,-1.1258,-1125.77
2022-07-07 01:30:00-04:00,SHORT,Bounce,1.02042,1.020982078178442,1.0187337654646744,2022-07-07 01:45:00-04:00,1.020982078178442,SL,0.00017,-1.0,-1.3024,-1302.45
2022-07-07 03:05:00-04:00,SHORT,Breakout,1.01948,1.0198476020760237,1.0183771937719288,2022-07-07 03:10:00-04:00,1.0198476020760237,SL,0.00015,-1.0,-1.408,-1408.05
2022-07-07 03:55:00-04:00,SHORT,Retest,1.01916,1.0198711546584924,1.017026536024523,2022-07-07 04:05:00-04:00,1.0198711546584924,SL,0.000154,-1.0,-1.2165,-1216.55
2022-07-07 05:00:00-04:00,SHORT,Breakout,1.01796,1.0183067082284112,1.0169198753147664,2022-07-07 05:05:00-04:00,1.0183067082284112,SL,0.000158,-1.0,-1.4557,-1455.71
2022-07-08 03:15:00-04:00,SHORT,Breakout,1.01329,1.0145608292603219,1.0094775122190345,2022-07-08 03:35:00-04:00,1.0094775122190345,TP,0.00015,3.0,2.882,2881.97
2022-07-11 08:25:00-04:00,SHORT,Breakout,1.00898,1.0096271309348421,1.0070386071954736,2022-07-11 08:30:00-04:00,1.0096271309348421,SL,0.00015,-1.0,-1.2318,-1231.79
2022-07-11 08:30:00-04:00,SHORT,Retest,1.00813,1.009640907296639,1.0035972781100828,2022-07-11 15:50:00-04:00,1.0035972781100828,TP,0.00015,3.0,2.9007,2900.72
2022-07-11 21:00:00-04:00,SHORT,Breakout,1.00335,1.003902026497932,1.001693920506204,2022-07-11 21:10:00-04:00,1.001693920506204,TP,0.000168,3.0,2.6957,2695.67
2022-07-12 05:10:00-04:00,SHORT,Breakout,1.00005,1.0005384770636923,0.9985845688089237,2022-07-12 05:20:00-04:00,1.0005384770636923,SL,0.000164,-1.0,-1.3357,-1335.74
2022-07-12 18:10:00-04:00,SHORT,Breakout,1.00268,1.003144208382654,1.001287374852038,2022-07-12 18:50:00-04:00,1.003144208382654,SL,0.0002,-1.0,-1.4308,-1430.84
2022-07-12 22:00:00-04:00,SHORT,Breakout,1.0024,1.0027265265440408,1.0014204203678774,2022-07-12 22:10:00-04:00,1.0027265265440408,SL,0.000168,-1.0,-1.5145,-1514.51
2022-07-13 02:00:00-04:00,SHORT,Bounce,1.00355,1.004706720695551,1.000079837913347,2022-07-13 03:00:00-04:00,1.004706720695551,SL,0.000154,-1.0,-1.1331,-1133.13
2022-07-13 03:15:00-04:00,SHORT,Breakout,1.00264,1.0030445688437497,1.0014262934687508,2022-07-13 03:20:00-04:00,1.0014262934687508,TP,0.00015,3.0,2.6292,2629.23
2022-07-13 14:00:00-04:00,SHORT,Breakout,1.00651,1.0074910769325132,1.0035667692024606,2022-07-13 19:40:00-04:00,1.0035667692024606,TP,0.000164,3.0,2.8328,2832.84
2022-07-14 02:50:00-04:00,SHORT,Breakout,1.0008,1.001396964565007,0.9990091063049789,2022-07-14 03:00:00-04:00,1.001396964565007,SL,0.000162,-1.0,-1.2714,-1271.37
2022-07-14 20:10:00-04:00,SHORT,Bounce,1.00208,1.0023508825403245,1.001267352379027,2022-07-14 20:20:00-04:00,1.001267352379027,TP,0.00017,3.0,2.3724,2372.42
2022-07-14 20:20:00-04:00,SHORT,Breakout,1.00125,1.001508403823035,1.0004747885308947,2022-07-14 20:30:00-04:00,1.001508403823035,SL,0.000168,-1.0,-1.6501,-1650.15
2022-07-15 01:55:00-04:00,SHORT,Breakout,1.00204,1.0022628047282502,1.0013715858152494,2022-07-15 02:00:00-04:00,1.0022628047282502,SL,0.000154,-1.0,-1.6912,-1691.19
2022-07-15 02:25:00-04:00,SHORT,Breakout,1.00185,1.0022802126504953,1.0005593620485138,2022-07-15 03:25:00-04:00,1.0022802126504953,SL,0.00015,-1.0,-1.3487,-1348.66
2022-07-17 18:00:00-04:00,SHORT,Bounce,1.00812,1.0082486482676962,1.007734055196911,2022-07-17 18:45:00-04:00,1.0082486482676962,SL,0.000282,-1.0,-3.192,-3192.02
2022-07-18 02:00:00-04:00,SHORT,Breakout,1.00829,1.0086899899051684,1.0070900302844943,2022-07-18 02:20:00-04:00,1.0086899899051684,SL,0.000154,-1.0,-1.385,-1385.01
2022-07-18 15:30:00-04:00,SHORT,Breakout,1.01447,1.0150790352747208,1.0126428941758376,2022-07-18 21:05:00-04:00,1.0126428941758376,TP,0.000154,3.0,2.7471,2747.14
2022-07-19 15:00:00-04:00,SHORT,Breakout,1.02259,1.022995457908087,1.0213736262757391,2022-07-19 15:15:00-04:00,1.022995457908087,SL,0.000156,-1.0,-1.3848,-1384.75
2022-07-19 15:30:00-04:00,SHORT,Retest,1.02273,1.0229884473271496,1.021954658018551,2022-07-19 15:45:00-04:00,1.0229884473271496,SL,0.000156,-1.0,-1.6036,-1603.6
2022-07-19 19:10:00-04:00,SHORT,Bounce,1.02344,1.0235866764671784,1.0229999705984645,2022-07-19 19:25:00-04:00,1.0229999705984645,TP,0.000176,3.0,1.8001,1800.08
2022-07-20 00:30:00-04:00,LONG,Breakout,1.02462,1.0244702090062119,1.0250693729813647,2022-07-20 00:35:00-04:00,1.0244702090062119,SL,0.00017,-1.0,-2.1349,-2134.91
2022-07-20 02:25:00-04:00,LONG,Bounce,1.02345,1.0229577011199662,1.0249268966401013,2022-07-20 02:35:00-04:00,1.0229577011199662,SL,0.000154,-1.0,-1.3128,-1312.82
2022-07-20 02:35:00-04:00,LONG,Bounce,1.02316,1.0229554667820115,1.0237735996539656,2022-07-20 02:40:00-04:00,1.0229554667820115,SL,0.00015,-1.0,-1.7334,-1733.38
2022-07-20 02:55:00-04:00,LONG,Breakout,1.02493,1.0246346146595438,1.0258161560213683,2022-07-20 03:00:00-04:00,1.0246346146595438,SL,0.00015,-1.0,-1.5078,-1507.81
2022-07-20 18:05:00-04:00,LONG,Breakout,1.01833,1.018089436329253,1.019051691012241,2022-07-20 18:45:00-04:00,1.018089436329253,SL,0.00019,-1.0,-1.7898,-1789.81
2022-07-20 21:30:00-04:00,LONG,Breakout,1.0189,1.0185777840911274,1.0198666477266174,2022-07-20 22:25:00-04:00,1.0198666477266174,TP,0.000166,3.0,2.4848,2484.82
2022-07-22 01:10:00-04:00,SHORT,Breakout,1.0182,1.0184640510987257,1.0174078467038228,2022-07-22 01:15:00-04:00,1.0184640510987257,SL,0.000168,-1.0,-1.6362,-1636.24
2022-07-22 01:20:00-04:00,SHORT,Breakout,1.01826,1.0184679114065542,1.017636265780337,2022-07-22 01:25:00-04:00,1.0184679114065542,SL,0.000168,-1.0,-1.808,-1808.04
2022-07-27 01:30:00-04:00,SHORT,Bounce,1.01471,1.015198586665718,1.0132442400028459,2022-07-27 02:00:00-04:00,1.015198586665718,SL,0.00017,-1.0,-1.3479,-1347.94
2022-07-27 02:00:00-04:00,SHORT,Bounce,1.01495,1.015217660982213,1.014147017053361,2022-07-27 02:10:00-04:00,1.014147017053361,TP,0.00015,3.0,2.4396,2439.59
2022-07-27 02:15:00-04:00,SHORT,Breakout,1.01349,1.014159724190205,1.0114808274293852,2022-07-27 03:00:00-04:00,1.014159724190205,SL,0.000152,-1.0,-1.227,-1226.96
2022-07-27 04:00:00-04:00,SHORT,Retest,1.01371,1.014207073155182,1.0122187805344545,2022-07-27 04:05:00-04:00,1.014207073155182,SL,0.000156,-1.0,-1.3138,-1313.84
2022-07-27 09:45:00-04:00,SHORT,Breakout,1.0131000000000001,1.013927484448162,1.0106175466555143,2022-07-27 10:00:00-04:00,1.013927484448162,SL,0.00015,-1.0,-1.1813,-1181.27
2022-07-27 11:20:00-04:00,SHORT,Retest,1.0131000000000001,1.0139442555819973,1.0105672332540085,2022-07-27 11:55:00-04:00,1.0105672332540085,TP,0.000152,3.0,2.82,2819.96
2022-07-27 21:35:00-04:00,SHORT,Bounce,1.02094,1.0213034739196984,1.0198495782409045,2022-07-27 22:05:00-04:00,1.0198495782409045,TP,0.00018,3.0,2.5048,2504.78
2022-08-02 19:05:00-04:00,LONG,Bounce,1.0164,1.0161656416320628,1.0171030751038115,2022-08-02 19:15:00-04:00,1.0161656416320628,SL,0.00017,-1.0,-1.7254,-1725.38
2022-08-02 21:50:00-04:00,LONG,Breakout,1.01656,1.0162670430748912,1.017438870775326,2022-08-02 22:10:00-04:00,1.017438870775326,TP,0.00016,3.0,2.4538,2453.84
2022-08-03 18:05:00-04:00,SHORT,Breakout,1.01597,1.016186320355039,1.0153210389348832,2022-08-03 18:15:00-04:00,1.016186320355039,SL,0.000184,-1.0,-1.8506,-1850.59
2022-08-03 18:20:00-04:00,SHORT,Breakout,1.01595,1.0161912295262465,1.01522631142126,2022-08-03 18:30:00-04:00,1.0161912295262465,SL,0.00018,-1.0,-1.7462,-1746.18
2022-08-04 02:15:00-04:00,SHORT,Breakout,1.01572,1.0160182816575034,1.0148251550274896,2022-08-04 02:20:00-04:00,1.0160182816575034,SL,0.000152,-1.0,-1.5096,-1509.59
2022-08-04 20:00:00-04:00,SHORT,Breakout,1.02394,1.0242224765983248,1.023092570205026,2022-08-04 20:50:00-04:00,1.023092570205026,TP,0.00017,3.0,2.3982,2398.18
2022-08-05 01:55:00-04:00,LONG,Bounce,1.02307,1.0228228354741142,1.023811493577657,2022-08-05 02:00:00-04:00,1.0228228354741142,SL,0.000158,-1.0,-1.6393,-1639.25
2022-08-05 02:55:00-04:00,LONG,Bounce,1.02351,1.0228049511065136,1.025625146680459,2022-08-05 03:25:00-04:00,1.0228049511065136,SL,0.000156,-1.0,-1.2213,-1221.26
2022-08-07 20:00:00-04:00,SHORT,Breakout,1.01672,1.0168636766794645,1.0162889699616067,2022-08-07 20:10:00-04:00,1.0162889699616067,TP,0.000164,3.0,1.8585,1858.55
2022-08-07 21:10:00-04:00,SHORT,Retest,1.01664,1.0168677455177209,1.0159567634468374,2022-08-07 21:15:00-04:00,1.0168677455177209,SL,0.00016,-1.0,-1.7025,-1702.54
2022-08-08 02:40:00-04:00,SHORT,Breakout,1.01768,1.0179565828174957,1.0168502515475126,2022-08-08 03:05:00-04:00,1.0179565828174957,SL,0.000152,-1.0,-1.5496,-1549.56
2022-08-11 01:40:00-04:00,LONG,Bounce,1.02839,1.0280073969179166,1.0295378092462497,2022-08-11 02:00:00-04:00,1.0280073969179166,SL,0.00017,-1.0,-1.4443,-1444.32
2022-08-11 02:15:00-04:00,LONG,Breakout,1.02957,1.0291865716644013,1.0307202850067965,2022-08-11 02:35:00-04:00,1.0291865716644013,SL,0.000168,-1.0,-1.4382,-1438.15
2022-08-11 02:45:00-04:00,LONG,Breakout,1.02963,1.0291760103524143,1.0309919689427571,2022-08-11 02:55:00-04:00,1.0309919689427571,TP,0.00015,3.0,2.6696,2669.6
2022-08-11 08:35:00-04:00,LONG,Bounce,1.03362,1.0326040989252507,1.0366677032242477,2022-08-11 11:10:00-04:00,1.0326040989252507,SL,0.000156,-1.0,-1.1536,-1153.56
2022-08-11 18:20:00-04:00,LONG,Breakout,1.03257,1.032449018351635,1.0329329449450948,2022-08-11 18:30:00-04:00,1.032449018351635,SL,0.000156,-1.0,-2.2895,-2289.45
2022-08-11 18:30:00-04:00,LONG,Breakout,1.03255,1.0324511943950323,1.0328464168149034,2022-08-11 18:35:00-04:00,1.0324511943950323,SL,0.000168,-1.0,-2.7003,-2700.31
2022-08-11 21:00:00-04:00,LONG,Bounce,1.03142,1.0310524334879108,1.0325226995362677,2022-08-11 21:10:00-04:00,1.0310524334879108,SL,0.000162,-1.0,-1.4407,-1440.74
2022-08-12 02:10:00-04:00,LONG,Breakout,1.03221,1.0320537883061407,1.0326786350815782,2022-08-12 02:15:00-04:00,1.0320537883061407,SL,0.00015,-1.0,-1.9602,-1960.24
2022-08-12 06:55:00-04:00,LONG,Bounce,1.02909,1.0286273331097013,1.0304780006708962,2022-08-12 07:00:00-04:00,1.0286273331097013,SL,0.000156,-1.0,-1.3372,-1337.18
2022-08-14 20:10:00-04:00,LONG,Bounce,1.02573,1.0254956043585632,1.0264331869243104,2022-08-14 20:50:00-04:00,1.0264331869243104,TP,0.00017,3.0,2.2747,2274.73
2022-08-14 20:50:00-04:00,LONG,Breakout,1.02666,1.0261441072123465,1.0282076783629601,2022-08-14 21:10:00-04:00,1.0261441072123465,SL,0.000166,-1.0,-1.3218,-1321.77
2022-08-14 21:15:00-04:00,LONG,Breakout,1.02626,1.026140476816196,1.026618569551412,2022-08-14 21:20:00-04:00,1.026140476816196,SL,0.00017,-1.0,-2.4223,-2422.32
2022-08-15 18:10:00-04:00,LONG,Breakout,1.01642,1.0163061858177442,1.0167614425467677,2022-08-15 18:15:00-04:00,1.0163061858177442,SL,0.000188,-1.0,-2.6518,-2651.82
2022-08-16 01:50:00-04:00,SHORT,Bounce,1.01611,1.0163373783867915,1.0154278648396258,2022-08-16 01:55:00-04:00,1.0163373783867915,SL,0.000166,-1.0,-1.7301,-1730.06
2022-08-16 02:55:00-04:00,SHORT,Breakout,1.01535,1.0155265832132296,1.014820250360311,2022-08-16 03:00:00-04:00,1.0155265832132296,SL,0.00015,-1.0,-1.8495,-1849.46
2022-08-16 04:25:00-04:00,SHORT,Retest,1.01443,1.015567094126266,1.0110187176212018,2022-08-16 09:25:00-04:00,1.015567094126266,SL,0.000154,-1.0,-1.1354,-1135.43
2022-08-17 02:00:00-04:00,SHORT,Bounce,1.01822,1.0185146698374747,1.0173359904875754,2022-08-17 02:10:00-04:00,1.0173359904875754,TP,0.00015,3.0,2.491,2490.96
2022-08-17 02:20:00-04:00,SHORT,Breakout,1.01649,1.0168926687637474,1.0152819937087574,2022-08-17 02:25:00-04:00,1.0168926687637474,SL,0.000158,-1.0,-1.3924,-1392.38
2022-08-17 02:30:00-04:00,SHORT,Breakout,1.01655,1.0168990766381292,1.0155027700856127,2022-08-17 02:40:00-04:00,1.0168990766381292,SL,0.000154,-1.0,-1.4412,-1441.16
2022-08-17 08:30:00-04:00,SHORT,Breakout,1.01455,1.0149900526457665,1.0132298420627008,2022-08-17 08:35:00-04:00,1.0149900526457665,SL,0.000152,-1.0,-1.3454,-1345.41
2022-08-17 23:40:00-04:00,SHORT,Breakout,1.01686,1.0172163783215487,1.0157908650353544,2022-08-18 01:30:00-04:00,1.0172163783215487,SL,0.000166,-1.0,-1.4658,-1465.8
2022-08-18 02:15:00-04:00,SHORT,Breakout,1.01584,1.0163015717630965,1.0144552847107107,2022-08-18 02:20:00-04:00,1.0163015717630965,SL,0.000154,-1.0,-1.3336,-1333.64
2022-08-18 02:45:00-04:00,SHORT,Breakout,1.01537,1.0163213476392516,1.0125159570822455,2022-08-18 03:55:00-04:00,1.0163213476392516,SL,0.000154,-1.0,-1.1619,-1161.88
2022-08-18 08:05:00-04:00,SHORT,Bounce,1.01801,1.0181987096431215,1.0174438710706357,2022-08-18 08:10:00-04:00,1.0174438710706357,TP,0.00015,3.0,2.2051,2205.13
2022-08-18 20:00:00-04:00,SHORT,Bounce,1.0088,1.0090695499632971,1.0079913501101083,2022-08-18 20:10:00-04:00,1.0079913501101083,TP,0.000168,3.0,2.3767,2376.74
2022-08-18 20:10:00-04:00,SHORT,Breakout,1.00799,1.0084164384887613,1.006710684533716,2022-08-18 22:50:00-04:00,1.0084164384887613,SL,0.00017,-1.0,-1.3987,-1398.65
2022-08-19 02:50:00-04:00,SHORT,Bounce,1.00825,1.008723296839275,1.0068301094821754,2022-08-19 03:15:00-04:00,1.008723296839275,SL,0.00015,-1.0,-1.3169,-1316.93
2022-08-19 03:15:00-04:00,SHORT,Bounce,1.0084,1.0087371139468393,1.007388658159482,2022-08-19 03:35:00-04:00,1.0087371139468393,SL,0.000156,-1.0,-1.4628,-1462.75
2022-08-19 07:45:00-04:00,SHORT,Breakout,1.00486,1.0054671532884591,1.003038540134623,2022-08-19 08:00:00-04:00,1.0054671532884591,SL,0.000152,-1.0,-1.2503,-1250.35
2022-08-22 02:55:00-04:00,SHORT,Breakout,1.00216,1.0023692717835306,1.0015321846494079,2022-08-22 03:00:00-04:00,1.0023692717835306,SL,0.00015,-1.0,-1.7168,-1716.77
2022-08-22 06:10:00-04:00,SHORT,Bounce,1.00108,1.001878413965524,0.9986847581034282,2022-08-22 09:45:00-04:00,0.9986847581034282,TP,0.000152,3.0,2.8096,2809.62
2022-08-22 20:55:00-04:00,SHORT,Bounce,0.9939,0.9945298183018203,0.9920105450945391,2022-08-22 21:05:00-04:00,0.9945298183018203,SL,0.00016,-1.0,-1.254,-1254.04
2022-08-23 00:55:00-04:00,SHORT,Breakout,0.99337,0.9935277747456229,0.9928966757631311,2022-08-23 01:00:00-04:00,0.9935277747456229,SL,0.000168,-1.0,-2.0648,-2064.81
2022-08-23 19:25:00-04:00,SHORT,Breakout,0.99648,0.9967365608607485,0.9957103174177547,2022-08-23 20:00:00-04:00,0.9967365608607485,SL,0.00017,-1.0,-1.6626,-1662.61
2022-08-23 20:05:00-04:00,SHORT,Breakout,0.9965,0.9967483829651239,0.9957548511046285,2022-08-23 20:20:00-04:00,0.9957548511046285,TP,0.000164,3.0,2.3397,2339.73
2022-08-24 01:55:00-04:00,SHORT,Breakout,0.99421,0.9944164856256983,0.9935905431229053,2022-08-24 02:00:00-04:00,0.9935905431229053,TP,0.000158,3.0,2.2348,2234.81
2022-08-24 02:40:00-04:00,SHORT,Breakout,0.9939,0.9944292047328882,0.9923123858013354,2022-08-24 02:45:00-04:00,0.9944292047328882,SL,0.000158,-1.0,-1.2986,-1298.56
2022-08-24 20:00:00-04:00,SHORT,Breakout,0.99632,0.996564835552813,0.9955854933415608,2022-08-24 20:05:00-04:00,0.996564835552813,SL,0.000168,-1.0,-1.6862,-1686.17
2022-08-25 07:15:00-04:00,SHORT,Breakout,0.99843,0.9987416151034932,0.9974951546895204,2022-08-25 07:20:00-04:00,0.9987416151034932,SL,0.000154,-1.0,-1.4942,-1494.2
2022-08-25 07:30:00-04:00,SHORT,Breakout,0.99805,0.998744371859466,0.9959668844216021,2022-08-25 07:45:00-04:00,0.998744371859466,SL,0.00015,-1.0,-1.216,-1216.02
2022-08-25 08:05:00-04:00,SHORT,Breakout,0.99714,0.997470001489392,0.996149995531824,2022-08-25 08:25:00-04:00,0.997470001489392,SL,0.00015,-1.0,-1.4545,-1454.54
2022-08-25 08:30:00-04:00,SHORT,Breakout,0.99701,0.9974730408814051,0.9956208773557845,2022-08-25 09:10:00-04:00,0.9956208773557845,TP,0.000156,3.0,2.6631,2663.1
2022-08-25 19:45:00-04:00,SHORT,Breakout,0.99694,0.9970878846161433,0.9964963461515703,2022-08-25 20:00:00-04:00,0.9970878846161433,SL,0.00017,-1.0,-2.1495,-2149.54
2022-08-25 20:00:00-04:00,SHORT,Breakout,0.99686,0.9970904047017737,0.9961687858946788,2022-08-25 20:40:00-04:00,0.9970904047017737,SL,0.000156,-1.0,-1.6771,-1677.07
2022-08-26 02:50:00-04:00,SHORT,Breakout,0.99503,0.9957739528686967,0.9927981413939096,2022-08-26 03:05:00-04:00,0.9957739528686967,SL,0.000152,-1.0,-1.2043,-1204.31
2022-08-26 03:15:00-04:00,SHORT,Breakout,0.99544,0.995781864525341,0.9944144064239769,2022-08-26 03:20:00-04:00,0.995781864525341,SL,0.000156,-1.0,-1.4563,-1456.32
2022-08-29 19:05:00-04:00,SHORT,Bounce,0.99973,0.9999799023786008,0.9989802928641976,2022-08-29 19:20:00-04:00,0.9999799023786008,SL,0.00017,-1.0,-1.6803,-1680.27
2022-08-29 19:20:00-04:00,SHORT,Bounce,0.9999,0.9999801740254323,0.9996594779237032,2022-08-29 19:25:00-04:00,0.9999801740254323,SL,0.00017,-1.0,-3.1204,-3120.39
2022-08-30 02:55:00-04:00,SHORT,Breakout,0.9991,0.9996844160059069,0.9973467519822794,2022-08-30 03:05:00-04:00,0.9996844160059069,SL,0.000164,-1.0,-1.2806,-1280.62
2022-08-30 10:00:00-04:00,SHORT,Breakout,1.00042,1.000968216539885,0.9987753503803454,2022-08-30 10:05:00-04:00,1.000968216539885,SL,0.00015,-1.0,-1.2736,-1273.61
2022-08-30 20:20:00-04:00,SHORT,Bounce,1.00289,1.003134182087049,1.0021574537388533,2022-08-30 20:25:00-04:00,1.003134182087049,SL,0.00016,-1.0,-1.6552,-1655.25
2022-08-30 21:50:00-04:00,SHORT,Breakout,1.00164,1.0019538102872436,1.0006985691382695,2022-08-30 21:55:00-04:00,1.0019538102872436,SL,0.000166,-1.0,-1.529,-1528.98
2022-08-31 02:55:00-04:00,SHORT,Breakout,1.00148,1.0020721891166604,0.9997034326500185,2022-08-31 04:10:00-04:00,1.0020721891166604,SL,0.00015,-1.0,-1.2533,-1253.3
2022-08-31 19:25:00-04:00,SHORT,Breakout,1.00431,1.0045032615329244,1.003730215401227,2022-08-31 19:50:00-04:00,1.003730215401227,TP,0.00017,3.0,2.1204,2120.36
2022-08-31 23:40:00-04:00,SHORT,Breakout,1.00175,1.0019942091486527,1.0010173725540417,2022-08-31 23:45:00-04:00,1.0010173725540417,TP,0.00017,3.0,2.3039,2303.88
2022-09-01 01:40:00-04:00,SHORT,Retest,1.00179,1.0019986906741973,1.0011639279774078,2022-09-01 02:00:00-04:00,1.0019986906741973,SL,0.000166,-1.0,-1.7954,-1795.44
2022-09-01 06:30:00-04:00,SHORT,Breakout,1.00069,1.0009775939817724,0.999827218054683,2022-09-01 06:40:00-04:00,1.0009775939817724,SL,0.000154,-1.0,-1.5355,-1535.48
2022-09-01 08:30:00-04:00,SHORT,Breakout,0.99897,1.0002889653045344,0.995013104086397,2022-09-01 10:00:00-04:00,0.995013104086397,TP,0.000152,3.0,2.8848,2884.76
2022-09-02 05:40:00-04:00,SHORT,Bounce,0.99937,0.9996826635635334,0.9984320093093997,2022-09-02 05:50:00-04:00,0.9996826635635334,SL,0.000164,-1.0,-1.5245,-1524.53
2022-09-02 12:25:00-04:00,SHORT,Breakout,0.99854,0.9990675832601985,0.9969572502194044,2022-09-02 12:30:00-04:00,0.9990675832601985,SL,0.00015,-1.0,-1.2843,-1284.32
2022-09-04 22:20:00-04:00,SHORT,Breakout,0.99016,0.990626252294761,0.9887612431157172,2022-09-04 22:25:00-04:00,0.990626252294761,SL,0.00017,-1.0,-1.3646,-1364.61
2022-09-05 01:00:00-04:00,SHORT,Breakout,0.98867,0.9900703943167075,0.9844688170498777,2022-09-05 02:20:00-04:00,0.9900703943167075,SL,0.00017,-1.0,-1.1214,-1121.39
2022-09-06 18:50:00-04:00,SHORT,Breakout,0.98976,0.9899479861352276,0.9891960415943171,2022-09-06 19:00:00-04:00,0.9891960415943171,TP,0.00017,3.0,2.0957,2095.68
2022-09-06 20:15:00-04:00,SHORT,Breakout,0.98885,0.9889954921444293,0.9884135235667122,2022-09-06 20:30:00-04:00,0.9884135235667122,TP,0.000168,3.0,1.8453,1845.3
2022-09-06 21:00:00-04:00,SHORT,Breakout,0.98878,0.9890016691403025,0.9881149925790924,2022-09-06 21:10:00-04:00,0.9881149925790924,TP,0.000164,3.0,2.2602,2260.16
2022-09-06 21:30:00-04:00,SHORT,Breakout,0.98867,0.9890090075145977,0.987652977456207,2022-09-06 22:30:00-04:00,0.9890090075145977,SL,0.000164,-1.0,-1.4838,-1483.77
2022-09-07 03:05:00-04:00,SHORT,Bounce,0.99013,0.990318518566594,0.9895644443002177,2022-09-07 03:10:00-04:00,0.990318518566594,SL,0.000152,-1.0,-1.8063,-1806.29
2022-09-07 03:15:00-04:00,SHORT,Bounce,0.99013,0.9903192634579305,0.9895622096262082,2022-09-07 03:20:00-04:00,0.9903192634579305,SL,0.00016,-1.0,-1.8454,-1845.38
2022-09-07 07:00:00-04:00,SHORT,Breakout,0.98885,0.9896263785955485,0.9865208642133546,2022-09-07 07:10:00-04:00,0.9896263785955485,SL,0.000156,-1.0,-1.2009,-1200.93
2022-09-07 18:30:00-04:00,SHORT,Bounce,1.00065,1.0010599487521739,0.9994201537434786,2022-09-07 19:25:00-04:00,0.9994201537434786,TP,0.00017,3.0,2.5853,2585.31
2022-09-07 20:25:00-04:00,SHORT,Breakout,0.99903,0.999160271010172,0.9986391869694838,2022-09-07 20:30:00-04:00,0.9986391869694838,TP,0.000166,3.0,1.7257,1725.73
2022-09-07 21:45:00-04:00,SHORT,Retest,0.99875,0.9991655918500623,0.9975032244498133,2022-09-08 00:15:00-04:00,0.9991655918500623,SL,0.00017,-1.0,-1.4091,-1409.06
2022-09-08 06:55:00-04:00,SHORT,Bounce,1.00091,1.001491804026405,0.9991645879207851,2022-09-08 07:20:00-04:00,1.001491804026405,SL,0.000156,-1.0,-1.2681,-1268.13
2022-09-08 08:15:00-04:00,SHORT,Bounce,0.9995,1.0015751112907691,0.9932746661276928,2022-09-08 08:50:00-04:00,1.0015751112907691,SL,0.00016,-1.0,-1.0771,-1077.1
2022-09-09 03:10:00-04:00,LONG,Breakout,1.01002,1.0082026031146638,1.0154721906560082,2022-09-09 05:35:00-04:00,1.0082026031146638,SL,0.000152,-1.0,-1.0836,-1083.64
2022-09-12 02:30:00-04:00,LONG,Breakout,1.01027,1.0093428207037831,1.0130515378886507,2022-09-12 02:55:00-04:00,1.0130515378886507,TP,0.000158,3.0,2.8296,2829.59
2022-09-13 01:50:00-04:00,LONG,Breakout,1.01351,1.0132440468098218,1.0143078595705342,2022-09-13 02:00:00-04:00,1.0143078595705342,TP,0.000168,3.0,2.3683,2368.31
2022-09-13 02:55:00-04:00,LONG,Retest,1.0138,1.0132157571458047,1.015552728562586,2022-09-13 03:10:00-04:00,1.0132157571458047,SL,0.00016,-1.0,-1.2739,-1273.86
2022-09-13 05:00:00-04:00,LONG,Breakout,1.01561,1.0152937231917665,1.0165588304247002,2022-09-13 05:05:00-04:00,1.0152937231917665,SL,0.000156,-1.0,-1.4932,-1493.24
2022-09-13 05:25:00-04:00,LONG,Retest,1.0158,1.015290707887786,1.0173278763366422,2022-09-13 06:40:00-04:00,1.0173278763366422,TP,0.000166,3.0,2.6741,2674.06
2022-09-13 20:05:00-04:00,LONG,Breakout,0.99787,0.9976143274353528,0.9986370176939416,2022-09-13 20:15:00-04:00,0.9976143274353528,SL,0.00017,-1.0,-1.6649,-1664.91
2022-09-13 20:45:00-04:00,LONG,Breakout,0.99794,0.9975935199459931,0.9989794401620209,2022-09-13 20:55:00-04:00,0.9975935199459931,SL,0.000168,-1.0,-1.4849,-1484.88
2022-09-13 21:00:00-04:00,LONG,Retest,0.99799,0.9975947942133189,0.9991756173600436,2022-09-13 21:05:00-04:00,0.9975947942133189,SL,0.00017,-1.0,-1.4302,-1430.16
2022-09-14 02:00:00-04:00,SHORT,Breakout,0.99782,0.998217898760832,0.9966263037175042,2022-09-14 02:05:00-04:00,0.998217898760832,SL,0.000164,-1.0,-1.4122,-1412.17
2022-09-14 02:10:00-04:00,SHORT,Breakout,0.99803,0.9982259025029623,0.997442292491113,2022-09-14 02:15:00-04:00,0.997442292491113,TP,0.000164,3.0,2.1628,2162.85
2022-09-14 02:30:00-04:00,SHORT,Retest,0.99775,0.9982303400506848,0.9963089798479458,2022-09-14 02:45:00-04:00,0.9963089798479458,TP,0.00016,3.0,2.6669,2666.9
2022-09-14 03:20:00-04:00,SHORT,Breakout,0.99749,0.9982763779934043,0.9951308660197871,2022-09-14 03:30:00-04:00,0.9982763779934043,SL,0.000162,-1.0,-1.206,-1206.01
2022-09-14 14:00:00-04:00,SHORT,Breakout,0.99842,0.9987364025212688,0.9974707924361934,2022-09-14 14:40:00-04:00,0.9987364025212688,SL,0.00017,-1.0,-1.5373,-1537.29
2022-09-14 20:00:00-04:00,SHORT,Breakout,0.99752,0.9979069627714469,0.9963591116856593,2022-09-14 21:50:00-04:00,0.9979069627714469,SL,0.00017,-1.0,-1.4393,-1439.32
2022-09-15 00:55:00-04:00,SHORT,Breakout,0.99671,0.9968728754817288,0.9962213735548137,2022-09-15 01:15:00-04:00,0.9962213735548137,TP,0.00017,3.0,1.9563,1956.26
2022-09-15 19:25:00-04:00,SHORT,Breakout,0.99877,0.9988898975251997,0.998410307424401,2022-09-15 19:30:00-04:00,0.9988898975251997,SL,0.000194,-1.0,-2.618,-2618.05
2022-09-15 19:40:00-04:00,SHORT,Retest,0.99867,0.9988867597896733,0.9980197206309798,2022-09-15 19:50:00-04:00,0.9988867597896733,SL,0.00017,-1.0,-1.7843,-1784.28
2022-09-16 08:00:00-04:00,SHORT,Breakout,0.9957,0.996561320578576,0.993116038264272,2022-09-16 08:35:00-04:00,0.996561320578576,SL,0.00017,-1.0,-1.1974,-1197.37
2022-09-16 08:45:00-04:00,SHORT,Breakout,0.99627,0.9965649675545046,0.9953850973364861,2022-09-16 08:55:00-04:00,0.9953850973364861,TP,0.00017,3.0,2.4237,2423.67
2022-09-19 19:25:00-04:00,SHORT,Bounce,1.00282,1.0031464211140544,1.001840736657837,2022-09-19 20:00:00-04:00,1.0031464211140544,SL,0.00017,-1.0,-1.5208,-1520.8
2022-09-21 01:55:00-04:00,SHORT,Breakout,0.99497,0.9957129155647854,0.992741253305644,2022-09-21 02:00:00-04:00,0.992741253305644,TP,0.00017,3.0,2.7712,2771.17
2022-09-21 14:00:00-04:00,SHORT,Breakout,0.98337,0.9867393705730946,0.9732618882807161,2022-09-21 14:30:00-04:00,0.9867393705730946,SL,0.000176,-1.0,-1.0522,-1052.24
2022-09-21 14:35:00-04:00,SHORT,Breakout,0.98612,0.9868418029293963,0.9839545912118112,2022-09-21 14:40:00-04:00,0.9868418029293963,SL,0.00017,-1.0,-1.2355,-1235.52
2022-09-21 15:40:00-04:00,SHORT,Retest,0.98535,0.9868953726292905,0.9807138821121283,2022-09-21 20:40:00-04:00,0.9807138821121283,TP,0.00017,3.0,2.89,2889.99
2022-09-21 23:00:00-04:00,SHORT,Bounce,0.98191,0.9823827372194662,0.9804917883416011,2022-09-21 23:30:00-04:00,0.9823827372194662,SL,0.000182,-1.0,-1.385,-1384.99
2022-09-22 09:35:00-04:00,SHORT,Breakout,0.98535,0.9858026175101188,0.9839921474696435,2022-09-22 09:40:00-04:00,0.9858026175101188,SL,0.000168,-1.0,-1.3712,-1371.17
2022-09-22 20:00:00-04:00,SHORT,Bounce,0.98377,0.9840682340120248,0.9828752979639257,2022-09-22 20:45:00-04:00,0.9840682340120248,SL,0.00017,-1.0,-1.57,-1570.02
2022-09-23 01:55:00-04:00,SHORT,Bounce,0.98288,0.9832589872702026,0.9817430381893922,2022-09-23 02:00:00-04:00,0.9832589872702026,SL,0.00017,-1.0,-1.4486,-1448.56
2022-09-23 02:45:00-04:00,SHORT,Breakout,0.98123,0.9818552963079378,0.9793541110761869,2022-09-23 03:00:00-04:00,0.9793541110761869,TP,0.00017,3.0,2.7281,2728.13
2022-09-23 13:35:00-04:00,SHORT,Breakout,0.96854,0.9706015238210378,0.9623554285368864,2022-09-25 18:20:00-04:00,0.9706015238210378,SL,0.00017,-1.0,-1.0825,-1082.46
2022-09-25 20:45:00-04:00,SHORT,Breakout,0.96592,0.9668562179842415,0.9631113460472756,2022-09-25 20:55:00-04:00,0.9631113460472756,TP,0.00017,3.0,2.8184,2818.42
2022-09-26 08:00:00-04:00,SHORT,Breakout,0.9629,0.9634788367743421,0.9611634896769736,2022-09-26 08:05:00-04:00,0.9634788367743421,SL,0.000178,-1.0,-1.3075,-1307.51
2022-09-26 18:10:00-04:00,SHORT,Breakout,0.96012,0.960583761072705,0.9587287167818848,2022-09-26 18:25:00-04:00,0.9587287167818848,TP,0.000284,3.0,2.3876,2387.62
2022-09-26 18:35:00-04:00,SHORT,Breakout,0.96017,0.9606198966650203,0.9588203100049388,2022-09-26 18:40:00-04:00,0.9606198966650203,SL,0.00025,-1.0,-1.5557,-1555.68
2022-09-27 20:40:00-04:00,SHORT,Breakout,0.95738,0.9583990922352712,0.9543227232941864,2022-09-27 22:15:00-04:00,0.9543227232941864,TP,0.00018,3.0,2.8234,2823.37
2022-09-28 02:10:00-04:00,SHORT,Bounce,0.95628,0.9564611846039528,0.9557364461881417,2022-09-28 02:15:00-04:00,0.9557364461881417,TP,0.000176,3.0,2.0286,2028.62
2022-09-28 02:55:00-04:00,SHORT,Breakout,0.95384,0.9543874616181505,0.9521976151455487,2022-09-28 03:00:00-04:00,0.9543874616181505,SL,0.000176,-1.0,-1.3215,-1321.48
2022-09-28 06:00:00-04:00,SHORT,Bounce,0.95568,0.9590407183621134,0.9455978449136598,2022-09-28 06:20:00-04:00,0.9590407183621134,SL,0.000188,-1.0,-1.0559,-1055.94
2022-09-28 18:50:00-04:00,SHORT,Breakout,0.97199,0.9721373440890174,0.9715479677329478,2022-09-28 19:00:00-04:00,0.9721373440890174,SL,0.000224,-1.0,-2.5203,-2520.25
2022-09-29 01:35:00-04:00,SHORT,Breakout,0.96716,0.9674233454451473,0.9663699636645582,2022-09-29 01:40:00-04:00,0.9663699636645582,TP,0.00018,3.0,2.3165,2316.49
2022-09-29 02:55:00-04:00,SHORT,Retest,0.96643,0.9674704396798209,0.9633086809605372,2022-09-29 03:00:00-04:00,0.9674704396798209,SL,0.00018,-1.0,-1.173,-1173.0
2022-09-29 03:25:00-04:00,SHORT,Breakout,0.96509,0.9655003817542698,0.9638588547371907,2022-09-29 03:35:00-04:00,0.9638588547371907,TP,0.00018,3.0,2.5614,2561.38
2022-09-29 04:00:00-04:00,SHORT,Breakout,0.96508,0.965523529717182,0.9637494108484541,2022-09-29 04:05:00-04:00,0.965523529717182,SL,0.00018,-1.0,-1.4058,-1405.84
2022-09-29 21:40:00-04:00,SHORT,Breakout,0.98127,0.9816548965725832,0.9801153102822503,2022-09-29 22:15:00-04:00,0.9801153102822503,TP,0.00019,3.0,2.5064,2506.36
2022-09-30 02:35:00-04:00,SHORT,Breakout,0.97957,0.9798227015924724,0.9788118952225829,2022-09-30 02:40:00-04:00,0.9798227015924724,SL,0.000174,-1.0,-1.6886,-1688.56
2022-09-30 02:45:00-04:00,SHORT,Breakout,0.97946,0.9798268294343258,0.9783595116970227,2022-09-30 02:50:00-04:00,0.9798268294343258,SL,0.00018,-1.0,-1.4907,-1490.69
2022-10-02 20:00:00-04:00,SHORT,Breakout,0.97896,0.9791879067194904,0.978276279841529,2022-10-02 20:15:00-04:00,0.9791879067194904,SL,0.000196,-1.0,-1.86,-1860.0
2022-10-02 20:50:00-04:00,SHORT,Bounce,0.97985,0.9803050574106131,0.9784848277681606,2022-10-02 21:00:00-04:00,0.9803050574106131,SL,0.00018,-1.0,-1.3956,-1395.55
2022-10-03 18:20:00-04:00,SHORT,Bounce,0.98257,0.9827823867509374,0.9819328397471879,2022-10-03 18:35:00-04:00,0.9827823867509374,SL,0.000224,-1.0,-2.0547,-2054.68
2022-10-03 20:00:00-04:00,SHORT,Bounce,0.98263,0.9827772556839371,0.9821882329481886,2022-10-03 20:05:00-04:00,0.9827772556839371,SL,0.00018,-1.0,-2.2224,-2222.36
2022-10-05 01:05:00-04:00,LONG,Breakout,0.99747,0.9969713303998738,0.9989660088003783,2022-10-05 01:20:00-04:00,0.9969713303998738,SL,0.00017,-1.0,-1.3409,-1340.91
2022-10-05 01:40:00-04:00,LONG,Retest,0.9975,0.9969693547783508,0.9990919356649478,2022-10-05 01:50:00-04:00,0.9969693547783508,SL,0.00017,-1.0,-1.3204,-1320.36
2022-10-05 02:35:00-04:00,LONG,Breakout,0.99892,0.9976743994114204,1.0026568017657387,2022-10-05 02:55:00-04:00,0.9976743994114204,SL,0.00017,-1.0,-1.1365,-1136.48
2022-10-06 02:45:00-04:00,LONG,Bounce,0.99091,0.990736769609688,0.9914296911709357,2022-10-06 02:50:00-04:00,0.990736769609688,SL,0.00017,-1.0,-1.9814,-1981.35
2022-10-06 03:15:00-04:00,LONG,Bounce,0.99101,0.9907029893463514,0.9919310319609457,2022-10-06 03:20:00-04:00,0.9907029893463514,SL,0.00017,-1.0,-1.5537,-1553.73
2022-10-07 02:00:00-04:00,SHORT,Breakout,0.979,0.9791496266556571,0.9785511200330287,2022-10-07 02:05:00-04:00,0.9791496266556571,SL,0.000172,-1.0,-2.1495,-2149.53
2022-10-07 02:10:00-04:00,SHORT,Breakout,0.97833,0.9791639433918676,0.9758281698243972,2022-10-07 03:15:00-04:00,0.9791639433918676,SL,0.000172,-1.0,-1.2062,-1206.25
2022-10-07 08:30:00-04:00,SHORT,Breakout,0.97732,0.9791900434437142,0.9717098696688573,2022-10-10 01:55:00-04:00,0.9717098696688573,TP,0.00018,3.0,2.9037,2903.75
2022-10-10 02:15:00-04:00,SHORT,Retest,0.97303,0.9732807789198181,0.9722776632405454,2022-10-10 02:30:00-04:00,0.9722776632405454,TP,0.000144,3.0,2.4258,2425.79
2022-10-10 17:15:00-04:00,SHORT,Breakout,0.96999,0.9701365359532874,0.9695503921401378,2022-10-10 17:25:00-04:00,0.9701365359532874,SL,0.000232,-1.0,-2.5832,-2583.23
2022-10-10 21:40:00-04:00,SHORT,Breakout,0.96932,0.9699108788630169,0.9675473634109493,2022-10-10 21:50:00-04:00,0.9699108788630169,SL,0.000148,-1.0,-1.2505,-1250.47
2022-10-10 22:00:00-04:00,SHORT,Retest,0.9693,0.969912406268394,0.9674627811948181,2022-10-11 00:55:00-04:00,0.9674627811948181,TP,0.000148,3.0,2.7583,2758.33
2022-10-11 01:35:00-04:00,SHORT,Breakout,0.9679,0.9680793746553448,0.9673618760339656,2022-10-11 01:40:00-04:00,0.9680793746553448,SL,0.000148,-1.0,-1.8251,-1825.09
2022-10-11 02:25:00-04:00,SHORT,Bounce,0.96907,0.9696295275741501,0.9673914172775496,2022-10-11 02:30:00-04:00,0.9696295275741501,SL,0.00014,-1.0,-1.2502,-1250.21
2022-10-11 06:25:00-04:00,SHORT,Bounce,0.97062,0.9719965464826538,0.9664903605520389,2022-10-11 07:00:00-04:00,0.9719965464826538,SL,0.00014,-1.0,-1.1017,-1101.7
2022-10-11 19:50:00-04:00,SHORT,Breakout,0.96995,0.9701593040665213,0.969322087800436,2022-10-11 20:00:00-04:00,0.9701593040665213,SL,0.00015,-1.0,-1.7167,-1716.66
2022-10-11 20:35:00-04:00,SHORT,Retest,0.96984,0.9701815188531172,0.9688154434406485,2022-10-11 20:40:00-04:00,0.9701815188531172,SL,0.000148,-1.0,-1.4334,-1433.36
2022-10-12 08:30:00-04:00,SHORT,Breakout,0.96929,0.9698194316787054,0.9677017049638836,2022-10-12 08:35:00-04:00,0.9698194316787054,SL,0.00014,-1.0,-1.2644,-1264.43
2022-10-12 09:50:00-04:00,SHORT,Retest,0.96933,0.9698418804548604,0.9677943586354188,2022-10-12 10:40:00-04:00,0.9677943586354188,TP,0.000142,3.0,2.7226,2722.59
2022-10-13 01:40:00-04:00,SHORT,Bounce,0.97046,0.9705910043792685,0.9700669868621945,2022-10-13 01:50:00-04:00,0.9700669868621945,TP,0.000148,3.0,1.8703,1870.27
2022-10-13 02:55:00-04:00,SHORT,Breakout,0.96891,0.969651789248989,0.9666846322530332,2022-10-13 03:40:00-04:00,0.969651789248989,SL,0.000142,-1.0,-1.1914,-1191.43
2022-10-13 07:30:00-04:00,SHORT,Bounce,0.97386,0.9744790511085631,0.9720028466743104,2022-10-13 07:35:00-04:00,0.9744790511085631,SL,0.00014,-1.0,-1.2262,-1226.15
2022-10-13 07:35:00-04:00,SHORT,Bounce,0.97401,0.9744872617436657,0.972578214769003,2022-10-13 07:40:00-04:00,0.9744872617436657,SL,0.00014,-1.0,-1.2933,-1293.34
2022-10-13 08:30:00-04:00,SHORT,Breakout,0.96408,0.9720015164439348,0.9403154506681957,2022-10-13 10:50:00-04:00,0.9720015164439348,SL,0.000206,-1.0,-1.026,-1026.01
2022-10-13 20:05:00-04:00,SHORT,Bounce,0.97727,0.9777862980312427,0.9757211059062717,2022-10-13 21:40:00-04:00,0.9777862980312427,SL,0.000148,-1.0,-1.2867,-1286.66
2022-10-16 19:15:00-04:00,SHORT,Bounce,0.97343,0.9737512569697986,0.9724662290906043,2022-10-16 19:25:00-04:00,0.9737512569697986,SL,0.00016,-1.0,-1.498,-1498.04
2022-10-17 01:10:00-04:00,SHORT,Bounce,0.97455,0.9747729578399319,0.9738811264802044,2022-10-17 01:40:00-04:00,0.9747729578399319,SL,0.000144,-1.0,-1.6459,-1645.86
2022-10-17 21:15:00-04:00,SHORT,Breakout,0.98345,0.9836665850563805,0.9828002448308587,2022-10-17 21:30:00-04:00,0.9836665850563805,SL,0.000166,-1.0,-1.7664,-1766.44
2022-10-18 03:00:00-04:00,LONG,Breakout,0.98696,0.9864260679527619,0.9885617961417141,2022-10-18 03:05:00-04:00,0.9864260679527619,SL,0.00016,-1.0,-1.2997,-1299.66
2022-10-18 18:50:00-04:00,LONG,Breakout,0.98658,0.986255872636254,0.987552382091238,2022-10-18 19:50:00-04:00,0.986255872636254,SL,0.0002,-1.0,-1.617,-1617.04
2022-10-18 20:15:00-04:00,LONG,Bounce,0.98564,0.9852300418145089,0.9868698745564731,2022-10-18 22:35:00-04:00,0.9852300418145089,SL,0.000166,-1.0,-1.4049,-1404.92
2022-10-19 09:30:00-04:00,LONG,Breakout,0.97921,0.9781996766052826,0.9822409701841522,2022-10-19 09:40:00-04:00,0.9781996766052826,SL,0.00016,-1.0,-1.1584,-1158.37
2022-10-19 10:55:00-04:00,LONG,Retest,0.97896,0.9781937279516398,0.9812588161450807,2022-10-19 11:20:00-04:00,0.9781937279516398,SL,0.00016,-1.0,-1.2088,-1208.8
2022-10-24 00:50:00-04:00,LONG,Breakout,0.98472,0.9843696259181535,0.9857711222455398,2022-10-24 01:10:00-04:00,0.9843696259181535,SL,0.000168,-1.0,-1.4795,-1479.49
2022-10-24 02:00:00-04:00,LONG,Breakout,0.98523,0.9848754021281648,0.9862937936155057,2022-10-24 02:20:00-04:00,0.9848754021281648,SL,0.00016,-1.0,-1.4512,-1451.22
2022-10-24 08:00:00-04:00,LONG,Breakout,0.98371,0.9833355360470286,0.984833391858914,2022-10-24 08:05:00-04:00,0.984833391858914,TP,0.00016,3.0,2.5727,2572.72
2022-10-24 09:45:00-04:00,LONG,Breakout,0.98619,0.9854905884835887,0.9882882345492339,2022-10-24 09:55:00-04:00,0.9882882345492339,TP,0.00016,3.0,2.7712,2771.24
2022-10-24 18:10:00-04:00,LONG,Breakout,0.98765,0.9875422485030942,0.9879732544907174,2022-10-24 18:15:00-04:00,0.9875422485030942,SL,0.00019,-1.0,-2.7633,-2763.32
2022-10-24 20:30:00-04:00,LONG,Breakout,0.98942,0.9888761310962837,0.9910516067111488,2022-10-24 20:45:00-04:00,0.9888761310962837,SL,0.000168,-1.0,-1.3089,-1308.9
2022-10-26 01:55:00-04:00,LONG,Breakout,0.99613,0.9959239947155862,0.9967480158532411,2022-10-26 02:05:00-04:00,0.9967480158532411,TP,0.000182,3.0,2.1165,2116.53
2022-10-26 08:30:00-04:00,LONG,Bounce,1.00086,1.0006163302968702,1.0015910091093896,2022-10-26 08:35:00-04:00,1.0006163302968702,SL,0.00018,-1.0,-1.7387,-1738.7
2022-10-26 10:10:00-04:00,LONG,Breakout,1.00352,1.0029548901762142,1.0052153294713573,2022-10-26 10:15:00-04:00,1.0029548901762142,SL,0.00018,-1.0,-1.3185,-1318.52
2022-10-26 20:05:00-04:00,LONG,Breakout,1.0087,1.0084973278212677,1.0093080165361967,2022-10-26 20:25:00-04:00,1.0084973278212677,SL,0.00025,-1.0,-2.2335,-2233.52
2022-10-27 01:10:00-04:00,LONG,Breakout,1.00757,1.007169228320457,1.0087723150386294,2022-10-27 02:10:00-04:00,1.007169228320457,SL,0.00019,-1.0,-1.4741,-1474.09
2022-10-27 08:10:00-04:00,LONG,Bounce,1.00343,1.00259842491344,1.00592472525968,2022-10-27 08:15:00-04:00,1.00259842491344,SL,0.000214,-1.0,-1.2573,-1257.34
2022-10-27 21:00:00-04:00,LONG,Breakout,0.99719,0.9970567766805658,0.9975896699583027,2022-10-27 21:05:00-04:00,0.9970567766805658,SL,0.00019,-1.0,-2.4262,-2426.18
2022-10-28 07:25:00-04:00,LONG,Breakout,0.99655,0.9962450088767034,0.9974649733698899,2022-10-28 07:30:00-04:00,0.9962450088767034,SL,0.000184,-1.0,-1.6033,-1603.3
2022-10-28 09:00:00-04:00,LONG,Breakout,0.99796,0.9972478973688017,1.0000963078935947,2022-10-28 09:20:00-04:00,0.9972478973688017,SL,0.00018,-1.0,-1.2528,-1252.77
2022-10-31 20:05:00-04:00,LONG,Breakout,0.9888,0.9884912438478479,0.9897262684564563,2022-10-31 20:40:00-04:00,0.9884912438478479,SL,0.000172,-1.0,-1.5571,-1557.07
2022-10-31 20:55:00-04:00,LONG,Bounce,0.98845,0.9881492297899043,0.9893523106302874,2022-10-31 21:30:00-04:00,0.9893523106302874,TP,0.000178,3.0,2.4082,2408.19
2022-11-01 08:20:00-04:00,LONG,Breakout,0.99436,0.9939903909091516,0.9954688272725452,2022-11-01 08:40:00-04:00,0.9939903909091516,SL,0.00017,-1.0,-1.4599,-1459.95
2022-11-01 09:00:00-04:00,LONG,Breakout,0.99425,0.9939830334334937,0.9950508996995188,2022-11-01 09:10:00-04:00,0.9950508996995188,TP,0.00017,3.0,2.3632,2363.22
2022-11-01 20:35:00-04:00,LONG,Breakout,0.98843,0.988126234449995,0.989341296650015,2022-11-01 20:50:00-04:00,0.988126234449995,SL,0.000176,-1.0,-1.5794,-1579.39
2022-11-01 20:55:00-04:00,LONG,Breakout,0.98866,0.9881123099782984,0.9903030700651049,2022-11-01 21:30:00-04:00,0.9881123099782984,SL,0.000176,-1.0,-1.3213,-1321.35
2022-11-03 02:00:00-04:00,SHORT,Breakout,0.98196,0.982418929391476,0.9805832118255722,2022-11-03 03:05:00-04:00,0.9805832118255722,TP,0.000188,3.0,2.5904,2590.35
2022-11-03 18:15:00-04:00,SHORT,Breakout,0.97441,0.9745434081864376,0.9740097754406872,2022-11-03 18:20:00-04:00,0.9745434081864376,SL,0.000226,-1.0,-2.694,-2694.05
2022-11-07 00:30:00-05:00,LONG,Breakout,0.99509,0.9943374262650934,0.99734772120472,2022-11-07 00:50:00-05:00,0.9943374262650934,SL,0.000186,-1.0,-1.2472,-1247.15
2022-11-07 01:10:00-05:00,LONG,Breakout,0.99451,0.9943385290841207,0.995024412747638,2022-11-07 01:20:00-05:00,0.9943385290841207,SL,0.00019,-1.0,-2.1081,-2108.06
2022-11-07 03:15:00-05:00,LONG,Breakout,0.99615,0.9946257238907009,1.000722828327897,2022-11-07 12:05:00-05:00,1.000722828327897,TP,0.00018,3.0,2.8819,2881.91
2022-11-07 19:30:00-05:00,LONG,Breakout,1.00279,1.0020620493595636,1.0049738519213096,2022-11-07 20:00:00-05:00,1.0020620493595636,SL,0.000182,-1.0,-1.25,-1250.02
2022-11-07 20:10:00-05:00,LONG,Bounce,1.00184,1.0013786536047535,1.0032240391857397,2022-11-07 20:40:00-05:00,1.0013786536047535,SL,0.000188,-1.0,-1.4075,-1407.5
2022-11-08 01:05:00-05:00,LONG,Bounce,1.00059,1.0004715858159514,1.0009452425521461,2022-11-08 01:10:00-05:00,1.0004715858159514,SL,0.000182,-1.0,-2.537,-2536.98
2022-11-08 02:40:00-05:00,LONG,Bounce,0.99956,0.999349648624863,1.000191054125411,2022-11-08 02:45:00-05:00,0.999349648624863,SL,0.000182,-1.0,-1.8652,-1865.22
2022-11-08 09:55:00-05:00,LONG,Breakout,1.00106,1.0007853974611325,1.0018838076166028,2022-11-08 10:00:00-05:00,1.0018838076166028,TP,0.00018,3.0,2.3445,2344.51
2022-11-08 22:00:00-05:00,LONG,Breakout,1.00844,1.0082631526361006,1.0089705420916983,2022-11-08 22:05:00-05:00,1.0082631526361006,SL,0.00019,-1.0,-2.0744,-2074.37
2022-11-09 03:05:00-05:00,LONG,Breakout,1.0079,1.0071112995548823,1.010266101335353,2022-11-09 03:50:00-05:00,1.0071112995548823,SL,0.000184,-1.0,-1.2333,-1233.3
2022-11-09 10:05:00-05:00,LONG,Breakout,1.00669,1.0061464383429333,1.0083206849712005,2022-11-09 10:10:00-05:00,1.0061464383429333,SL,0.000188,-1.0,-1.3459,-1345.87
2022-11-10 00:00:00-05:00,LONG,Breakout,1.00297,1.0027673235819767,1.0035780292540695,2022-11-10 00:25:00-05:00,1.0035780292540695,TP,0.00019,3.0,2.0625,2062.55
2022-11-10 08:30:00-05:00,LONG,Breakout,1.00834,1.0038979557239784,1.0216661328280647,2022-11-11 00:30:00-05:00,1.0216661328280647,TP,0.000274,3.0,2.9383,2938.32
2022-11-14 03:00:00-05:00,LONG,Breakout,1.03333,1.0326770079840986,1.0352889760477046,2022-11-14 03:05:00-05:00,1.0326770079840986,SL,0.000184,-1.0,-1.2818,-1281.78
2022-11-15 00:05:00-05:00,LONG,Breakout,1.0331,1.032222475291804,1.0357325741245873,2022-11-15 02:20:00-05:00,1.0357325741245873,TP,0.00019,3.0,2.7835,2783.48
2022-11-15 08:30:00-05:00,LONG,Breakout,1.04612,1.0434052152048516,1.0542643543854449,2022-11-15 08:45:00-05:00,1.0434052152048516,SL,0.000184,-1.0,-1.0678,-1067.78
2022-11-15 19:55:00-05:00,LONG,Bounce,1.03436,1.0337642180465372,1.0361473458603883,2022-11-15 20:00:00-05:00,1.0337642180465372,SL,0.000182,-1.0,-1.3055,-1305.48
2022-11-15 20:00:00-05:00,LONG,Bounce,1.03426,1.0337599167574987,1.0357602497275038,2022-11-15 20:30:00-05:00,1.0337599167574987,SL,0.000184,-1.0,-1.3679,-1367.94
2022-11-15 20:30:00-05:00,LONG,Bounce,1.03399,1.033350182508769,1.035909452473693,2022-11-15 21:00:00-05:00,1.035909452473693,TP,0.000186,3.0,2.7093,2709.29
2022-11-16 02:00:00-05:00,LONG,Breakout,1.03902,1.0384632210930964,1.040690336720711,2022-11-16 02:05:00-05:00,1.0384632210930964,SL,0.000186,-1.0,-1.3341,-1334.06
2022-11-16 20:10:00-05:00,LONG,Bounce,1.03889,1.0387646710539162,1.0392659868382517,2022-11-16 20:15:00-05:00,1.0387646710539162,SL,0.000188,-1.0,-2.5001,-2500.05
2022-11-17 03:15:00-05:00,LONG,Breakout,1.03996,1.0396634497302484,1.0408496508092548,2022-11-17 03:20:00-05:00,1.0396634497302484,SL,0.000182,-1.0,-1.6137,-1613.72
2022-11-17 19:20:00-05:00,LONG,Breakout,1.03672,1.036560321577155,1.0371990352685352,2022-11-17 19:45:00-05:00,1.0371990352685352,TP,0.000188,3.0,1.8226,1822.63
2022-11-17 20:05:00-05:00,LONG,Retest,1.0371,1.0365520558477177,1.0387438324568465,2022-11-17 20:35:00-05:00,1.0365520558477177,SL,0.000188,-1.0,-1.3431,-1343.1
2022-11-17 22:45:00-05:00,LONG,Breakout,1.03858,1.0376474574033236,1.0413776277900293,2022-11-17 23:10:00-05:00,1.0376474574033236,SL,0.000188,-1.0,-1.2016,-1201.6
2022-11-21 09:25:00-05:00,LONG,Breakout,1.02472,1.0244198212645712,1.0256205362062867,2022-11-21 09:35:00-05:00,1.0244198212645712,SL,0.00018,-1.0,-1.5996,-1599.64
2022-11-21 19:05:00-05:00,LONG,Breakout,1.02463,1.024515243667317,1.0249742689980486,2022-11-21 19:10:00-05:00,1.0249742689980486,TP,0.000186,3.0,1.3792,1379.17
2022-11-22 02:45:00-05:00,LONG,Breakout,1.02646,1.0257944484436297,1.0284566546691107,2022-11-22 03:00:00-05:00,1.0257944484436297,SL,0.000184,-1.0,-1.2765,-1276.46
2022-11-22 03:15:00-05:00,LONG,Breakout,1.02609,1.0257804195336535,1.0270187413990393,2022-11-22 03:25:00-05:00,1.0270187413990393,TP,0.000182,3.0,2.4121,2412.11
2022-11-22 06:15:00-05:00,LONG,Breakout,1.02887,1.0278930824057344,1.0318007527827966,2022-11-22 06:30:00-05:00,1.0278930824057344,SL,0.000186,-1.0,-1.1904,-1190.39
2022-11-22 09:40:00-05:00,LONG,Bounce,1.02585,1.0253844073423422,1.0272467779729733,2022-11-22 10:00:00-05:00,1.0272467779729733,TP,0.00018,3.0,2.6134,2613.4
2022-11-22 20:25:00-05:00,LONG,Bounce,1.0302,1.0298510749993557,1.031246775001933,2022-11-22 20:55:00-05:00,1.031246775001933,TP,0.000184,3.0,2.4727,2472.67
2022-11-23 00:20:00-05:00,LONG,Breakout,1.03259,1.0323423567002121,1.0333329298993632,2022-11-23 00:30:00-05:00,1.0323423567002121,SL,0.000188,-1.0,-1.7592,-1759.16
2022-11-23 01:10:00-05:00,LONG,Retest,1.03251,1.0323392518097918,1.0330222445706247,2022-11-23 01:15:00-05:00,1.0323392518097918,SL,0.000184,-1.0,-2.0776,-2077.61
2022-11-23 01:45:00-05:00,LONG,Breakout,1.03322,1.032931035067822,1.034086894796534,2022-11-23 02:00:00-05:00,1.032931035067822,SL,0.000186,-1.0,-1.6437,-1643.68
2022-11-23 02:05:00-05:00,LONG,Breakout,1.03386,1.032919181033217,1.036682456900349,2022-11-23 03:20:00-05:00,1.032919181033217,SL,0.000184,-1.0,-1.1956,-1195.57
2022-11-23 08:30:00-05:00,LONG,Breakout,1.0336,1.032744443512603,1.0361666694621914,2022-11-23 08:35:00-05:00,1.032744443512603,SL,0.000186,-1.0,-1.2174,-1217.4
2022-11-23 09:35:00-05:00,LONG,Retest,1.03361,1.0327325241345675,1.0362424275962971,2022-11-23 09:40:00-05:00,1.0327325241345675,SL,0.00018,-1.0,-1.2051,-1205.13
2022-11-23 14:00:00-05:00,LONG,Breakout,1.03985,1.0371294071949257,1.0480117784152225,2022-11-25 08:15:00-05:00,1.0371294071949257,SL,0.000182,-1.0,-1.0669,-1066.9
2022-11-25 13:50:00-05:00,LONG,Bounce,1.04025,1.0395330535841176,1.0424008392476467,2022-11-27 17:15:00-05:00,1.0395330535841176,SL,0.000208,-1.0,-1.2901,-1290.12
2022-11-28 01:00:00-05:00,LONG,Bounce,1.0352999999999999,1.0349583603037373,1.0363249190887875,2022-11-28 01:30:00-05:00,1.0363249190887875,TP,0.000188,3.0,2.4497,2449.71
2022-11-28 18:10:00-05:00,LONG,Breakout,1.03433,1.0340932941582048,1.0350401175253854,2022-11-28 18:40:00-05:00,1.0340932941582048,SL,0.000186,-1.0,-1.7858,-1785.79
2022-11-28 22:15:00-05:00,LONG,Breakout,1.03644,1.0360644200577396,1.0375667398267814,2022-11-28 22:30:00-05:00,1.0375667398267814,TP,0.00019,3.0,2.4941,2494.12
2022-11-30 02:00:00-05:00,LONG,Bounce,1.03445,1.0338532855478089,1.0362401433565738,2022-11-30 03:50:00-05:00,1.0362401433565738,TP,0.00019,3.0,2.6816,2681.59
2022-11-30 09:40:00-05:00,LONG,Breakout,1.03932,1.0388995592914492,1.0405813221256526,2022-11-30 09:45:00-05:00,1.0388995592914492,SL,0.000188,-1.0,-1.4471,-1447.15
2022-11-30 13:35:00-05:00,LONG,Breakout,1.03666,1.032973453449231,1.0477196396523067,2022-12-01 08:30:00-05:00,1.0477196396523067,TP,0.00019,3.0,2.9485,2948.46
2022-12-01 18:10:00-05:00,LONG,Breakout,1.05368,1.0528717276917574,1.0561048169247276,2022-12-01 18:35:00-05:00,1.0528717276917574,SL,0.000184,-1.0,-1.2276,-1227.65
2022-12-02 01:15:00-05:00,LONG,Breakout,1.05299,1.0527006140140633,1.0538581579578103,2022-12-02 01:50:00-05:00,1.0527006140140633,SL,0.000188,-1.0,-1.6497,-1649.65
2022-12-02 02:00:00-05:00,LONG,Breakout,1.05302,1.052694379923528,1.0539968602294163,2022-12-02 02:05:00-05:00,1.052694379923528,SL,0.00019,-1.0,-1.5835,-1583.5
2022-12-02 14:55:00-05:00,LONG,Breakout,1.05354,1.0531108432941605,1.0548274701175182,2022-12-02 15:00:00-05:00,1.0531108432941605,SL,0.000188,-1.0,-1.4381,-1438.07
2022-12-02 15:35:00-05:00,LONG,Retest,1.0536,1.053119851475639,1.0550404455730833,2022-12-04 18:05:00-05:00,1.053119851475639,SL,0.000188,-1.0,-1.3915,-1391.55
2022-12-04 19:15:00-05:00,LONG,Breakout,1.05456,1.0540350913230305,1.0561347260309082,2022-12-04 19:35:00-05:00,1.0540350913230305,SL,0.000184,-1.0,-1.3505,-1350.54
2022-12-04 19:40:00-05:00,LONG,Breakout,1.05449,1.0540386377785333,1.0558440866643997,2022-12-04 20:25:00-05:00,1.0558440866643997,TP,0.000188,3.0,2.5835,2583.48
2022-12-05 00:45:00-05:00,LONG,Bounce,1.05774,1.0574499393719952,1.0586101818840141,2022-12-05 00:50:00-05:00,1.0574499393719952,SL,0.000186,-1.0,-1.6412,-1641.25
2022-12-05 00:50:00-05:00,LONG,Bounce,1.05778,1.057447800845424,1.0587765974637278,2022-12-05 01:05:00-05:00,1.057447800845424,SL,0.000186,-1.0,-1.5599,-1559.91
2022-12-05 18:20:00-05:00,LONG,Breakout,1.04974,1.0495944602224498,1.05017661933265,2022-12-05 18:30:00-05:00,1.0495944602224498,SL,0.000212,-1.0,-2.4566,-2456.65
2022-12-05 19:00:00-05:00,LONG,Breakout,1.04977,1.049605980843275,1.0502620574701755,2022-12-05 19:15:00-05:00,1.0502620574701755,TP,0.000184,3.0,1.8782,1878.18
2022-12-06 03:00:00-05:00,LONG,Breakout,1.05046,1.049317042087135,1.053888873738595,2022-12-06 03:25:00-05:00,1.049317042087135,SL,0.00019,-1.0,-1.1662,-1166.24
2022-12-06 03:40:00-05:00,LONG,Breakout,1.04976,1.0493090926950268,1.0511127219149197,2022-12-06 03:45:00-05:00,1.0493090926950268,SL,0.00019,-1.0,-1.4214,-1421.37
2022-12-06 05:05:00-05:00,LONG,Retest,1.04973,1.0493218009359868,1.0509545971920398,2022-12-06 06:20:00-05:00,1.0509545971920398,TP,0.000188,3.0,2.5394,2539.44
2022-12-08 00:25:00-05:00,LONG,Bounce,1.04959,1.0493077381435965,1.0504367855692107,2022-12-08 00:55:00-05:00,1.0504367855692107,TP,0.000182,3.0,2.3552,2355.21
2022-12-08 08:45:00-05:00,LONG,Breakout,1.05155,1.0512010515589507,1.0525968453231478,2022-12-08 08:50:00-05:00,1.0512010515589507,SL,0.000186,-1.0,-1.533,-1533.03
2022-12-08 08:55:00-05:00,LONG,Breakout,1.05196,1.0511932740482788,1.0542601778551637,2022-12-08 10:05:00-05:00,1.0542601778551637,TP,0.00019,3.0,2.7522,2752.19
2022-12-08 17:30:00-05:00,LONG,Bounce,1.05547,1.0551872343092776,1.0563182970721667,2022-12-08 19:40:00-05:00,1.0551872343092776,SL,0.000304,-1.0,-2.0751,-2075.1
2022-12-08 20:05:00-05:00,LONG,Breakout,1.05717,1.0561606328860522,1.0601981013418431,2022-12-09 03:55:00-05:00,1.0561606328860522,SL,0.000188,-1.0,-1.1863,-1186.26
2022-12-09 15:50:00-05:00,LONG,Bounce,1.05345,1.053049491931932,1.054651524204204,2022-12-11 18:00:00-05:00,1.053049491931932,SL,0.000184,-1.0,-1.4594,-1459.42
2022-12-12 01:25:00-05:00,LONG,Bounce,1.05121,1.050663835703395,1.0528484928898147,2022-12-12 02:25:00-05:00,1.0528484928898147,TP,0.000186,3.0,2.6594,2659.44
2022-12-12 02:25:00-05:00,LONG,Breakout,1.05292,1.0517893503742395,1.0563119488772819,2022-12-12 04:45:00-05:00,1.0563119488772819,TP,0.00019,3.0,2.832,2831.96
2022-12-12 08:00:00-05:00,LONG,Bounce,1.05555,1.0552829476882697,1.0563511569351909,2022-12-12 08:15:00-05:00,1.0563511569351909,TP,0.000184,3.0,2.311,2311.0
2022-12-12 19:30:00-05:00,LONG,Breakout,1.05432,1.053738336902442,1.0560649892926737,2022-12-12 22:15:00-05:00,1.053738336902442,SL,0.000178,-1.0,-1.306,-1306.02
2022-12-13 02:00:00-05:00,LONG,Breakout,1.05576,1.0552609626470562,1.0572571120588317,2022-12-13 02:15:00-05:00,1.0552609626470562,SL,0.000188,-1.0,-1.3767,-1376.73
2022-12-13 02:45:00-05:00,LONG,Breakout,1.05546,1.0552456111551212,1.0561031665346368,2022-12-13 02:50:00-05:00,1.0552456111551212,SL,0.00019,-1.0,-1.8862,-1886.24
2022-12-13 03:10:00-05:00,LONG,Bounce,1.05542,1.0543601652894226,1.0585995041317324,2022-12-13 03:30:00-05:00,1.0543601652894226,SL,0.00019,-1.0,-1.1793,-1179.27
2022-12-13 08:30:00-05:00,LONG,Breakout,1.06117,1.0557298813972245,1.0774903558083264,2023-01-03 03:30:00-05:00,1.0557298813972245,SL,0.000238,-1.0,-1.0437,-1043.75
2023-01-03 18:25:00-05:00,LONG,Bounce,1.05436,1.0538649072279302,1.0558452783162091,2023-01-03 19:35:00-05:00,1.0558452783162091,TP,0.000268,3.0,2.4587,2458.69
2023-01-03 23:55:00-05:00,LONG,Breakout,1.05721,1.0568484236755105,1.0582947289734685,2023-01-04 00:10:00-05:00,1.0568484236755105,SL,0.000182,-1.0,-1.5034,-1503.35
2023-01-04 02:10:00-05:00,SHORT,Bounce,1.05765,1.057841296220355,1.057076111338935,2023-01-04 02:15:00-05:00,1.057841296220355,SL,0.00019,-1.0,-1.9932,-1993.22
2023-01-04 02:15:00-05:00,SHORT,Bounce,1.05754,1.0578452036331867,1.0566243891004397,2023-01-04 02:20:00-05:00,1.0578452036331867,SL,0.00019,-1.0,-1.6225,-1622.54
2023-01-04 10:05:00-05:00,SHORT,Breakout,1.05926,1.0595859031463508,1.058282290560948,2023-01-04 10:10:00-05:00,1.058282290560948,TP,0.000188,3.0,2.4231,2423.14
2023-01-04 10:10:00-05:00,SHORT,Breakout,1.0588,1.0595886243501829,1.0564341269494513,2023-01-04 10:15:00-05:00,1.0595886243501829,SL,0.000188,-1.0,-1.2384,-1238.39
2023-01-06 04:20:00-05:00,SHORT,Breakout,1.05053,1.0507547320597201,1.0498558038208394,2023-01-06 04:25:00-05:00,1.0507547320597201,SL,0.000186,-1.0,-1.8277,-1827.65
2023-01-09 01:00:00-05:00,LONG,Breakout,1.06781,1.0676211214917029,1.0683766355248911,2023-01-09 01:05:00-05:00,1.0676211214917029,SL,0.000186,-1.0,-1.9848,-1984.76
2023-01-09 01:45:00-05:00,LONG,Retest,1.06785,1.0676175218861284,1.0685474343416148,2023-01-09 02:00:00-05:00,1.0685474343416148,TP,0.00019,3.0,2.1827,2182.72
2023-01-09 03:00:00-05:00,LONG,Breakout,1.06823,1.0675689911076947,1.070213026676916,2023-01-09 04:10:00-05:00,1.0675689911076947,SL,0.000186,-1.0,-1.2814,-1281.39
2023-01-09 04:55:00-05:00,LONG,Bounce,1.06715,1.0665944796377114,1.068816561086866,2023-01-09 05:00:00-05:00,1.0665944796377114,SL,0.000182,-1.0,-1.3276,-1327.62
2023-01-09 08:15:00-05:00,LONG,Breakout,1.06999,1.0697652516213265,1.0706642451360204,2023-01-09 08:20:00-05:00,1.0706642451360204,TP,0.000186,3.0,2.1724,2172.41
2023-01-10 19:35:00-05:00,LONG,Breakout,1.07398,1.0738497594777243,1.0743707215668268,2023-01-10 19:55:00-05:00,1.0743707215668268,TP,0.00019,3.0,1.5412,1541.16
2023-01-11 09:25:00-05:00,LONG,Breakout,1.07666,1.0753381342147403,1.0806255973557788,2023-01-11 10:55:00-05:00,1.0753381342147403,SL,0.00019,-1.0,-1.1437,-1143.74
2023-01-11 18:35:00-05:00,LONG,Breakout,1.07657,1.076210517110613,1.0776484486681608,2023-01-11 19:00:00-05:00,1.076210517110613,SL,0.000234,-1.0,-1.6509,-1650.94
2023-01-11 19:05:00-05:00,LONG,Breakout,1.07689,1.0762111130864056,1.0789266607407828,2023-01-11 19:55:00-05:00,1.0762111130864056,SL,0.00019,-1.0,-1.2799,-1279.87
2023-01-11 20:00:00-05:00,LONG,Breakout,1.07638,1.0762056405586358,1.0769030783240923,2023-01-11 20:10:00-05:00,1.0762056405586358,SL,0.000186,-1.0,-2.0668,-2066.76
2023-01-11 21:05:00-05:00,LONG,Retest,1.07652,1.0762193520587766,1.0774219438236698,2023-01-11 21:15:00-05:00,1.0762193520587766,SL,0.000186,-1.0,-1.6187,-1618.66
2023-01-12 08:25:00-05:00,LONG,Breakout,1.07783,1.0771064350274109,1.0800006949177676,2023-01-12 08:30:00-05:00,1.0771064350274109,SL,0.000206,-1.0,-1.2847,-1284.7
2023-01-12 08:30:00-05:00,LONG,Bounce,1.08052,1.0748365468111674,1.0975703595664976,2023-02-01 14:45:00-05:00,1.0975703595664976,TP,0.000228,3.0,2.9599,2959.88
2023-02-01 18:10:00-05:00,LONG,Breakout,1.10224,1.0999118019777687,1.1092245940666943,2023-02-02 02:25:00-05:00,1.0999118019777687,SL,0.000218,-1.0,-1.0936,-1093.63
2023-02-02 03:50:00-05:00,LONG,Bounce,1.09994,1.0989140330027303,1.1030179009918089,2023-02-02 04:30:00-05:00,1.0989140330027303,SL,0.000182,-1.0,-1.1774,-1177.39
2023-02-03 00:45:00-05:00,LONG,Breakout,1.0896,1.0894547312324236,1.0900358063027287,2023-02-03 00:50:00-05:00,1.0894547312324236,SL,0.00018,-1.0,-2.2391,-2239.08
2023-02-03 01:55:00-05:00,LONG,Retest,1.08975,1.0894483278856262,1.0906550163431215,2023-02-03 02:00:00-05:00,1.0894483278856262,SL,0.000176,-1.0,-1.5834,-1583.41
2023-02-03 02:10:00-05:00,LONG,Breakout,1.0901,1.0896944039230034,1.09131678823099,2023-02-03 02:25:00-05:00,1.0896944039230034,SL,0.00019,-1.0,-1.4684,-1468.45
2023-02-03 02:55:00-05:00,LONG,Breakout,1.08986,1.0896638493426856,1.0904484519719435,2023-02-03 03:00:00-05:00,1.0896638493426856,SL,0.000186,-1.0,-1.9483,-1948.25
2023-02-05 21:35:00-05:00,SHORT,Bounce,1.07918,1.079408986721895,1.078493039834315,2023-02-05 22:00:00-05:00,1.079408986721895,SL,0.000182,-1.0,-1.7948,-1794.81
2023-02-05 23:15:00-05:00,SHORT,Bounce,1.07938,1.0798093386431449,1.0780919840705654,2023-02-05 23:35:00-05:00,1.0798093386431449,SL,0.000182,-1.0,-1.4239,-1423.91
2023-02-06 01:30:00-05:00,SHORT,Breakout,1.07866,1.0789788448820692,1.0777034653537922,2023-02-06 01:35:00-05:00,1.0789788448820692,SL,0.000182,-1.0,-1.5708,-1570.81
2023-02-06 01:55:00-05:00,SHORT,Breakout,1.07864,1.0789805207145797,1.077618437856261,2023-02-06 02:10:00-05:00,1.0789805207145797,SL,0.000182,-1.0,-1.5345,-1534.48
2023-02-06 02:30:00-05:00,SHORT,Breakout,1.07874,1.0790005855663394,1.077958243300982,2023-02-06 02:50:00-05:00,1.077958243300982,TP,0.00018,3.0,2.3092,2309.25
2023-02-06 09:35:00-05:00,SHORT,Breakout,1.0754299999999999,1.0757104734348697,1.0745885796953905,2023-02-06 09:40:00-05:00,1.0757104734348697,SL,0.00018,-1.0,-1.6418,-1641.77
2023-02-07 08:15:00-05:00,SHORT,Breakout,1.06962,1.0698290764867264,1.0689927705398208,2023-02-07 08:20:00-05:00,1.0698290764867264,SL,0.00018,-1.0,-1.8609,-1860.93
2023-02-07 09:00:00-05:00,SHORT,Retest,1.0693,1.0698384616733059,1.067684614980082,2023-02-07 09:10:00-05:00,1.0698384616733059,SL,0.00018,-1.0,-1.3343,-1334.29
2023-02-08 09:45:00-05:00,SHORT,Breakout,1.07198,1.0726191980555764,1.0700624058332706,2023-02-08 09:55:00-05:00,1.0726191980555764,SL,0.00018,-1.0,-1.2816,-1281.6
2023-02-08 10:25:00-05:00,SHORT,Retest,1.07181,1.0726238022867471,1.0693685931397583,2023-02-08 10:35:00-05:00,1.0726238022867471,SL,0.00018,-1.0,-1.2212,-1221.18
2023-02-09 00:35:00-05:00,SHORT,Bounce,1.07303,1.0732381235102342,1.0724056294692972,2023-02-09 00:45:00-05:00,1.0732381235102342,SL,0.000174,-1.0,-1.836,-1836.04
2023-02-09 08:35:00-05:00,SHORT,Bounce,1.07729,1.0778515306548948,1.075605408035316,2023-02-09 08:40:00-05:00,1.0778515306548948,SL,0.000182,-1.0,-1.3241,-1324.11
2023-02-09 13:00:00-05:00,SHORT,Breakout,1.07405,1.0744431780298027,1.0728704659105917,2023-02-09 13:05:00-05:00,1.0744431780298027,SL,0.00018,-1.0,-1.4578,-1457.81
2023-02-09 13:20:00-05:00,SHORT,Retest,1.07398,1.0744333209524468,1.0726200371426593,2023-02-09 13:30:00-05:00,1.0744333209524468,SL,0.000184,-1.0,-1.4059,-1405.89
2023-02-09 19:15:00-05:00,SHORT,Breakout,1.07298,1.0731223149408642,1.0725530551774076,2023-02-09 19:40:00-05:00,1.0725530551774076,TP,0.000184,3.0,1.7071,1707.09
2023-02-09 21:10:00-05:00,SHORT,Retest,1.07294,1.0731400185241522,1.0723399444275434,2023-02-09 21:20:00-05:00,1.0731400185241522,SL,0.000182,-1.0,-1.9099,-1909.92
2023-02-09 21:55:00-05:00,SHORT,Breakout,1.07243,1.0725432359701967,1.0720902920894098,2023-02-09 22:25:00-05:00,1.0720902920894098,TP,0.000184,3.0,1.3751,1375.07
2023-02-10 07:35:00-05:00,SHORT,Breakout,1.06915,1.0693802009163953,1.0684593972508143,2023-02-10 07:50:00-05:00,1.0684593972508143,TP,0.00018,3.0,2.2181,2218.07
2023-02-10 08:20:00-05:00,SHORT,Breakout,1.06886,1.0693826451060822,1.0672920646817532,2023-02-10 08:25:00-05:00,1.0693826451060822,SL,0.000182,-1.0,-1.3482,-1348.23
2023-02-10 08:30:00-05:00,SHORT,Breakout,1.06878,1.0693874541986117,1.0669576374041652,2023-02-10 08:50:00-05:00,1.0693874541986117,SL,0.00018,-1.0,-1.2963,-1296.32
2023-02-12 17:30:00-05:00,SHORT,Bounce,1.06746,1.0676481274099399,1.0668956177701807,2023-02-12 17:35:00-05:00,1.0676481274099399,SL,0.000322,-1.0,-2.7116,-2711.61
2023-02-12 19:10:00-05:00,SHORT,Breakout,1.06691,1.067099494835096,1.066341515494712,2023-02-12 19:20:00-05:00,1.067099494835096,SL,0.000182,-1.0,-1.9604,-1960.45
2023-02-12 20:15:00-05:00,SHORT,Breakout,1.06651,1.0667867803538906,1.0656796589383284,2023-02-12 20:30:00-05:00,1.0656796589383284,TP,0.00018,3.0,2.3497,2349.66
2023-02-12 20:45:00-05:00,SHORT,Retest,1.06641,1.0667936439211105,1.0652590682366687,2023-02-12 20:50:00-05:00,1.0667936439211105,SL,0.000186,-1.0,-1.4848,-1484.82
2023-02-13 01:15:00-05:00,SHORT,Bounce,1.06697,1.0670705401704235,1.0666683794887295,2023-02-13 01:20:00-05:00,1.0670705401704235,SL,0.000182,-1.0,-2.8102,-2810.22
2023-02-14 02:35:00-05:00,SHORT,Bounce,1.07361,1.0739772499660172,1.0725082501019483,2023-02-14 03:05:00-05:00,1.0739772499660172,SL,0.000184,-1.0,-1.501,-1501.02
2023-02-15 01:30:00-05:00,SHORT,Breakout,1.07067,1.0714262061412947,1.068401381576116,2023-02-15 02:40:00-05:00,1.0714262061412947,SL,0.000182,-1.0,-1.2407,-1240.68
2023-02-16 08:25:00-05:00,SHORT,Bounce,1.07017,1.0708247439066396,1.0682057682800814,2023-02-16 08:30:00-05:00,1.0682057682800814,TP,0.00018,3.0,2.7251,2725.08
2023-02-16 08:30:00-05:00,SHORT,Breakout,1.06879,1.069408833627594,1.0669334991172177,2023-02-16 08:45:00-05:00,1.0669334991172177,TP,0.000176,3.0,2.7156,2715.59
2023-02-16 15:10:00-05:00,SHORT,Breakout,1.06801,1.068335017812407,1.0670349465627789,2023-02-16 15:25:00-05:00,1.0670349465627789,TP,0.000182,3.0,2.44,2440.03
2023-02-16 18:00:00-05:00,SHORT,Breakout,1.06643,1.066907316805588,1.0649980495832359,2023-02-16 21:00:00-05:00,1.0649980495832359,TP,0.000178,3.0,2.6271,2627.08
2023-02-20 01:50:00-05:00,SHORT,Bounce,1.06876,1.0690899537538905,1.0677701387383283,2023-02-20 02:05:00-05:00,1.0690899537538905,SL,0.000184,-1.0,-1.5577,-1557.65
2023-02-20 17:40:00-05:00,SHORT,Bounce,1.06859,1.0686896298570923,1.068291110428723,2023-02-20 17:45:00-05:00,1.068291110428723,TP,0.000336,3.0,-0.3725,-372.48
2023-02-20 19:50:00-05:00,SHORT,Breakout,1.06788,1.0682202979095365,1.0668591062713901,2023-02-20 20:10:00-05:00,1.0668591062713901,TP,0.00019,3.0,2.4417,2441.67
2023-02-21 02:20:00-05:00,SHORT,Breakout,1.06607,1.066260126694327,1.0654996199170192,2023-02-21 02:30:00-05:00,1.066260126694327,SL,0.00019,-1.0,-1.9993,-1999.33
2023-02-21 03:35:00-05:00,SHORT,Bounce,1.06699,1.067416970528873,1.0657090884133815,2023-02-21 03:40:00-05:00,1.067416970528873,SL,0.000188,-1.0,-1.4403,-1440.31
2023-02-21 04:20:00-05:00,SHORT,Breakout,1.06449,1.0660429637199764,1.0598311088400705,2023-02-21 04:30:00-05:00,1.0660429637199764,SL,0.000188,-1.0,-1.1211,-1121.06
2023-02-21 06:45:00-05:00,SHORT,Retest,1.06565,1.066010794397606,1.0645676168071818,2023-02-21 07:45:00-05:00,1.066010794397606,SL,0.00019,-1.0,-1.5266,-1526.62
2023-02-21 08:20:00-05:00,SHORT,Bounce,1.0658,1.0661058965406383,1.0648823103780856,2023-02-21 08:25:00-05:00,1.0661058965406383,SL,0.00019,-1.0,-1.6211,-1621.13
2023-02-22 14:15:00-05:00,SHORT,Breakout,1.06152,1.06177802477341,1.0607459256797698,2023-02-22 14:20:00-05:00,1.06177802477341,SL,0.000188,-1.0,-1.7286,-1728.61
2023-02-23 02:00:00-05:00,SHORT,Bounce,1.06197,1.0624215501400212,1.0606153495799369,2023-02-23 03:10:00-05:00,1.0606153495799369,TP,0.00019,3.0,2.5792,2579.23
2023-02-23 03:35:00-05:00,SHORT,Retest,1.06121,1.0615183988249792,1.0602848035250623,2023-02-23 03:55:00-05:00,1.0602848035250623,TP,0.00019,3.0,2.3839,2383.91
2023-02-23 18:15:00-05:00,SHORT,Bounce,1.05996,1.0601777312885419,1.0593068061343744,2023-02-23 19:50:00-05:00,1.0601777312885419,SL,0.000188,-1.0,-1.8634,-1863.45
2023-02-24 02:00:00-05:00,SHORT,Breakout,1.05935,1.0595643396259624,1.0587069811221128,2023-02-24 03:00:00-05:00,1.0587069811221128,TP,0.00019,3.0,2.1136,2113.56
2023-02-27 00:55:00-05:00,SHORT,Breakout,1.05386,1.0539787916585908,1.0535036250242278,2023-02-27 01:00:00-05:00,1.0539787916585908,SL,0.00018,-1.0,-2.5153,-2515.26
2023-02-27 01:15:00-05:00,SHORT,Breakout,1.0538,1.0539887580320964,1.0532337259037112,2023-02-27 01:40:00-05:00,1.0532337259037112,TP,0.00019,3.0,1.9934,1993.42
2023-02-27 02:20:00-05:00,SHORT,Bounce,1.05463,1.0547909915347458,1.0541470253957625,2023-02-27 02:25:00-05:00,1.0547909915347458,SL,0.000188,-1.0,-2.1678,-2167.76
2023-02-28 00:55:00-05:00,SHORT,Breakout,1.05839,1.0585286511254535,1.0579740466236394,2023-02-28 01:05:00-05:00,1.0585286511254535,SL,0.000186,-1.0,-2.3415,-2341.5
2023-02-28 10:00:00-05:00,SHORT,Bounce,1.06365,1.0641262181863367,1.06222134544099,2023-02-28 10:05:00-05:00,1.0641262181863367,SL,0.000188,-1.0,-1.3948,-1394.78
2023-02-28 10:05:00-05:00,SHORT,Bounce,1.06364,1.0641270597444557,1.0621788207666327,2023-02-28 10:20:00-05:00,1.0641270597444557,SL,0.00019,-1.0,-1.3901,-1390.1
2023-02-28 10:50:00-05:00,SHORT,Breakout,1.06108,1.0614773000430735,1.0598880998707796,2023-02-28 11:10:00-05:00,1.0614773000430735,SL,0.00019,-1.0,-1.4782,-1478.23
2023-03-01 19:55:00-05:00,SHORT,Breakout,1.06596,1.0663232825970383,1.064870152208885,2023-03-01 20:40:00-05:00,1.064870152208885,TP,0.00019,3.0,2.477,2476.99
2023-03-03 01:10:00-05:00,SHORT,Bounce,1.06129,1.0614559048195644,1.060792285541307,2023-03-03 01:15:00-05:00,1.0614559048195644,SL,0.000186,-1.0,-2.1211,-2121.12
2023-03-03 05:00:00-05:00,SHORT,Breakout,1.06068,1.0609453225605487,1.059884032318354,2023-03-03 05:15:00-05:00,1.0609453225605487,SL,0.000188,-1.0,-1.7086,-1708.57
2023-03-03 08:25:00-05:00,SHORT,Bounce,1.06157,1.061850180613384,1.0607294581598476,2023-03-03 08:35:00-05:00,1.061850180613384,SL,0.00018,-1.0,-1.6424,-1642.44
2023-03-03 10:00:00-05:00,SHORT,Breakout,1.06013,1.0603597918444354,1.0594406244666938,2023-03-03 10:05:00-05:00,1.0594406244666938,TP,0.000184,3.0,2.1993,2199.28
2023-03-03 10:05:00-05:00,SHORT,Breakout,1.05963,1.0603703781412614,1.057408865576216,2023-03-03 10:10:00-05:00,1.0603703781412614,SL,0.00019,-1.0,-1.2566,-1256.63
2023-03-03 11:05:00-05:00,SHORT,Retest,1.05954,1.060374673178129,1.0570359804656129,2023-03-03 11:35:00-05:00,1.060374673178129,SL,0.000182,-1.0,-1.218,-1218.05
2023-03-07 00:55:00-05:00,LONG,Bounce,1.06845,1.068329339189212,1.0688119824323639,2023-03-07 01:00:00-05:00,1.068329339189212,SL,0.000188,-1.0,-2.5581,-2558.09
2023-03-08 08:10:00-05:00,SHORT,Bounce,1.05433,1.054852179877196,1.0527634603684122,2023-03-08 09:00:00-05:00,1.054852179877196,SL,0.000184,-1.0,-1.3524,-1352.37
2023-03-08 10:10:00-05:00,SHORT,Bounce,1.05438,1.0549972517118786,1.0525282448643645,2023-03-08 10:20:00-05:00,1.0549972517118786,SL,0.000184,-1.0,-1.2981,-1298.1
2023-03-09 02:05:00-05:00,SHORT,Bounce,1.05531,1.0555083238646947,1.0547150284059157,2023-03-09 02:20:00-05:00,1.0555083238646947,SL,0.00018,-1.0,-1.9076,-1907.61
2023-03-09 05:00:00-05:00,SHORT,Bounce,1.05566,1.0559818898111695,1.0546943305664918,2023-03-09 05:30:00-05:00,1.0559818898111695,SL,0.000188,-1.0,-1.5841,-1584.05
2023-03-09 09:00:00-05:00,SHORT,Bounce,1.05712,1.0581821085373853,1.0539336743878445,2023-03-09 09:45:00-05:00,1.0581821085373853,SL,0.000186,-1.0,-1.1751,-1175.12
2023-03-09 18:35:00-05:00,SHORT,Bounce,1.05826,1.0584303958730796,1.057748812380761,2023-03-09 19:00:00-05:00,1.0584303958730796,SL,0.000238,-1.0,-2.3967,-2396.75
2023-03-09 21:20:00-05:00,SHORT,Breakout,1.05871,1.0589091717852106,1.0581124846443684,2023-03-09 21:30:00-05:00,1.0581124846443684,TP,0.00019,3.0,2.046,2046.05
2023-03-10 01:40:00-05:00,SHORT,Breakout,1.05806,1.0585464442416241,1.0566006672751276,2023-03-10 02:00:00-05:00,1.0585464442416241,SL,0.00019,-1.0,-1.3906,-1390.59
2023-03-10 02:40:00-05:00,SHORT,Bounce,1.05951,1.0598484939868769,1.0584945180393692,2023-03-10 03:05:00-05:00,1.0584945180393692,TP,0.000188,3.0,2.4446,2444.6
2023-03-10 03:15:00-05:00,SHORT,Breakout,1.05789,1.058149615423769,1.0571111537286928,2023-03-10 03:30:00-05:00,1.058149615423769,SL,0.00019,-1.0,-1.7319,-1731.85
2023-03-14 02:05:00-04:00,LONG,Breakout,1.07081,1.0705481506035213,1.0715955481894364,2023-03-14 02:15:00-04:00,1.0705481506035213,SL,0.000182,-1.0,-1.6951,-1695.06
2023-03-14 03:00:00-04:00,LONG,Bounce,1.06987,1.0697192712344215,1.070322186296736,2023-03-14 03:05:00-04:00,1.0697192712344215,SL,0.000182,-1.0,-2.2075,-2207.47
2023-03-14 08:35:00-04:00,LONG,Breakout,1.07175,1.0712702796476028,1.0731891610571915,2023-03-14 08:40:00-04:00,1.0712702796476028,SL,0.00018,-1.0,-1.3752,-1375.22
2023-03-14 10:10:00-04:00,LONG,Retest,1.07273,1.0712469117320258,1.0771792648039225,2023-03-14 12:40:00-04:00,1.0712469117320258,SL,0.00018,-1.0,-1.1214,-1121.37
2023-03-14 12:55:00-04:00,LONG,Bounce,1.07165,1.0712184329438827,1.0729447011683517,2023-03-14 13:15:00-04:00,1.0729447011683517,TP,0.000182,3.0,2.5783,2578.28
2023-03-14 21:00:00-04:00,LONG,Breakout,1.0735,1.0733832294357795,1.0738503116926612,2023-03-14 21:05:00-04:00,1.0733832294357795,SL,0.000188,-1.0,-2.61,-2609.99
2023-03-14 21:55:00-04:00,LONG,Retest,1.07373,1.0733818656856402,1.0747744029430797,2023-03-14 22:05:00-04:00,1.0747744029430797,TP,0.000188,3.0,2.46,2459.98
2023-03-15 14:25:00-04:00,LONG,Breakout,1.05778,1.0560253332943093,1.063044000117072,2023-03-16 04:05:00-04:00,1.063044000117072,TP,0.000182,3.0,2.8963,2896.28
2023-03-16 08:40:00-04:00,SHORT,Breakout,1.05868,1.0601094505264317,1.0543916484207052,2023-03-16 08:45:00-04:00,1.0601094505264317,SL,0.00018,-1.0,-1.1259,-1125.92
2023-03-16 09:10:00-04:00,SHORT,Retest,1.05952,1.0601158879561816,1.0577323361314552,2023-03-16 09:15:00-04:00,1.0601158879561816,SL,0.00018,-1.0,-1.3021,-1302.07
2023-03-16 09:20:00-04:00,SHORT,Breakout,1.05548,1.0602058217581363,1.041302534725591,2023-03-16 09:50:00-04:00,1.0602058217581363,SL,0.000182,-1.0,-1.0385,-1038.51
2023-03-16 20:00:00-04:00,SHORT,Bounce,1.06125,1.0615251475859608,1.0604245572421176,2023-03-16 20:10:00-04:00,1.0615251475859608,SL,0.000184,-1.0,-1.6687,-1668.73
2023-03-20 01:45:00-04:00,LONG,Breakout,1.06747,1.0672971207815338,1.0679886376553982,2023-03-20 01:55:00-04:00,1.0679886376553982,TP,0.000184,3.0,1.9357,1935.67
2023-03-20 03:35:00-04:00,LONG,Bounce,1.06682,1.0663355350822787,1.0682733947531642,2023-03-20 03:40:00-04:00,1.0663355350822787,SL,0.00018,-1.0,-1.3715,-1371.54
2023-03-21 20:50:00-04:00,LONG,Breakout,1.07703,1.0768962542556328,1.0774312372331012,2023-03-21 20:55:00-04:00,1.0768962542556328,SL,0.000184,-1.0,-2.3757,-2375.74
2023-03-21 21:55:00-04:00,LONG,Retest,1.07718,1.0768804943205161,1.0780785170384517,2023-03-21 22:10:00-04:00,1.0768804943205161,SL,0.00018,-1.0,-1.601,-1600.99
2023-03-22 19:15:00-04:00,LONG,Breakout,1.0865,1.0862954489514232,1.0871136531457306,2023-03-22 20:00:00-04:00,1.0871136531457306,TP,0.00017,3.0,2.1689,2168.91
2023-03-23 01:10:00-04:00,LONG,Breakout,1.09059,1.0904099815529271,1.0911300553412184,2023-03-23 01:20:00-04:00,1.0904099815529271,SL,0.000184,-1.0,-2.0221,-2022.12
2023-03-23 08:15:00-04:00,LONG,Breakout,1.08845,1.0878547415537632,1.0902357753387102,2023-03-23 08:35:00-04:00,1.0878547415537632,SL,0.00018,-1.0,-1.3024,-1302.39
2023-03-23 08:40:00-04:00,LONG,Bounce,1.08724,1.0867704082222462,1.0886487753332612,2023-03-23 09:20:00-04:00,1.0886487753332612,TP,0.00018,3.0,2.6167,2616.69
2023-03-24 09:50:00-04:00,LONG,Breakout,1.07574,1.074554107385798,1.0792976778426056,2023-03-24 11:00:00-04:00,1.074554107385798,SL,0.000182,-1.0,-1.1535,-1153.47
2023-03-24 11:50:00-04:00,LONG,Retest,1.07563,1.0745988486467348,1.0787234540597959,2023-03-27 03:45:00-04:00,1.0745988486467348,SL,0.000182,-1.0,-1.1765,-1176.5
2023-03-27 08:20:00-04:00,LONG,Breakout,1.07756,1.0767621950593487,1.0799534148219543,2023-03-27 08:50:00-04:00,1.0767621950593487,SL,0.00018,-1.0,-1.2256,-1225.62
2023-03-27 19:00:00-04:00,LONG,Breakout,1.08009,1.0798914367673464,1.0806856896979606,2023-03-27 19:55:00-04:00,1.0806856896979606,TP,0.000186,3.0,2.0633,2063.27
2023-03-27 22:55:00-04:00,LONG,Bounce,1.08131,1.080904775840872,1.0825256724773837,2023-03-28 01:00:00-04:00,1.080904775840872,SL,0.00019,-1.0,-1.4689,-1468.88
2023-03-28 20:00:00-04:00,LONG,Breakout,1.08456,1.0843535893785272,1.0851792318644182,2023-03-28 20:05:00-04:00,1.0843535893785272,SL,0.000184,-1.0,-1.8914,-1891.43
2023-03-28 20:10:00-04:00,LONG,Breakout,1.08453,1.0843495745151586,1.0850712764545243,2023-03-28 20:15:00-04:00,1.0843495745151586,SL,0.000184,-1.0,-2.0198,-2019.81
2023-03-28 20:25:00-04:00,LONG,Breakout,1.08447,1.084347375805322,1.0848378725840344,2023-03-28 20:30:00-04:00,1.084347375805322,SL,0.00019,-1.0,-2.5494,-2549.45
2023-03-28 20:50:00-04:00,LONG,Retest,1.08459,1.0843471267828981,1.0853186196513054,2023-03-28 21:10:00-04:00,1.0843471267828981,SL,0.000178,-1.0,-1.7329,-1732.89
2023-03-29 05:30:00-04:00,LONG,Breakout,1.08488,1.084213632340768,1.086879102977696,2023-03-29 07:30:00-04:00,1.086879102977696,TP,0.000178,3.0,2.7329,2732.88
2023-03-29 07:30:00-04:00,LONG,Breakout,1.08664,1.0860988746819458,1.088263375954163,2023-03-29 07:55:00-04:00,1.0860988746819458,SL,0.00018,-1.0,-1.3326,-1332.64
2023-03-29 13:55:00-04:00,LONG,Breakout,1.08456,1.084202414706141,1.0856327558815766,2023-03-29 14:00:00-04:00,1.084202414706141,SL,0.000186,-1.0,-1.5202,-1520.16
2023-03-29 17:30:00-04:00,LONG,Bounce,1.08408,1.0838045571886052,1.084906328434184,2023-03-29 20:05:00-04:00,1.0838045571886052,SL,0.00032,-1.0,-2.1618,-2161.77
2023-03-30 06:40:00-04:00,LONG,Breakout,1.08819,1.0877421766642004,1.0895334700073989,2023-03-30 07:00:00-04:00,1.0877421766642004,SL,0.000182,-1.0,-1.4064,-1406.41
2023-03-30 08:00:00-04:00,LONG,Breakout,1.08872,1.0883034369135633,1.0899696892593096,2023-03-30 08:30:00-04:00,1.0899696892593096,TP,0.00018,3.0,2.5679,2567.89
2023-03-30 18:15:00-04:00,LONG,Bounce,1.09024,1.0900862864672605,1.090701140598219,2023-03-30 20:05:00-04:00,1.090701140598219,TP,0.000182,3.0,1.816,1815.98
2023-03-30 20:15:00-04:00,LONG,Breakout,1.09083,1.0905303850969683,1.091728844709095,2023-03-30 21:15:00-04:00,1.091728844709095,TP,0.000188,3.0,2.3725,2372.53
2023-03-30 22:20:00-04:00,LONG,Retest,1.09084,1.0904955683043334,1.091873295087,2023-03-30 23:00:00-04:00,1.0904955683043334,SL,0.000184,-1.0,-1.5342,-1534.21
2023-03-31 02:50:00-04:00,LONG,Bounce,1.09019,1.0899775797417968,1.0908272607746097,2023-03-31 03:00:00-04:00,1.0908272607746097,TP,0.000182,3.0,2.1432,2143.21
2023-03-31 03:20:00-04:00,LONG,Bounce,1.08925,1.0886282181648275,1.0911153455055178,2023-03-31 03:30:00-04:00,1.0886282181648275,SL,0.00018,-1.0,-1.2895,-1289.49
2023-04-03 02:00:00-04:00,LONG,Breakout,1.07957,1.079437119638065,1.0799686410858047,2023-04-03 02:05:00-04:00,1.079437119638065,SL,0.000182,-1.0,-2.3697,-2369.65
2023-04-03 02:10:00-04:00,LONG,Breakout,1.08003,1.0794263429532296,1.0818409711403114,2023-04-03 03:00:00-04:00,1.0818409711403114,TP,0.000184,3.0,2.6952,2695.19
2023-04-03 04:50:00-04:00,LONG,Breakout,1.08429,1.083999909892944,1.0851602703211678,2023-04-03 05:00:00-04:00,1.0851602703211678,TP,0.00018,3.0,2.3795,2379.5
2023-04-03 19:20:00-04:00,LONG,Breakout,1.0907,1.090593991145714,1.0910180265628577,2023-04-03 19:55:00-04:00,1.090593991145714,SL,0.000174,-1.0,-2.6414,-2641.37
2023-04-03 20:20:00-04:00,LONG,Breakout,1.09073,1.0905876792610016,1.091156962216995,2023-04-03 20:30:00-04:00,1.0905876792610016,SL,0.000178,-1.0,-2.2507,-2250.7
2023-04-03 21:00:00-04:00,LONG,Bounce,1.08997,1.0898491540616804,1.0903325378149593,2023-04-03 21:05:00-04:00,1.0898491540616804,SL,0.000184,-1.0,-2.5226,-2522.6
2023-04-04 00:35:00-04:00,LONG,Bounce,1.08897,1.0887131733252868,1.0897404800241395,2023-04-04 00:45:00-04:00,1.0897404800241395,TP,0.00018,3.0,2.2991,2299.14
2023-04-04 02:25:00-04:00,LONG,Breakout,1.08987,1.0897201255486595,1.090319623354021,2023-04-04 02:30:00-04:00,1.0897201255486595,SL,0.000186,-1.0,-2.241,-2241.04
2023-04-04 10:00:00-04:00,LONG,Breakout,1.09229,1.0907148540035883,1.0970154379892352,2023-04-04 10:50:00-04:00,1.0970154379892352,TP,0.00018,3.0,2.8857,2885.72
2023-04-04 18:35:00-04:00,LONG,Breakout,1.09587,1.0956845191673186,1.0964264424980439,2023-04-04 18:40:00-04:00,1.0956845191673186,SL,0.000192,-1.0,-2.0351,-2035.15
2023-04-04 18:45:00-04:00,LONG,Breakout,1.09583,1.0956854170371266,1.0962637488886204,2023-04-04 18:55:00-04:00,1.0956854170371266,SL,0.00018,-1.0,-2.245,-2244.96
2023-04-04 20:00:00-04:00,LONG,Breakout,1.09625,1.0956833945312838,1.0979498164061483,2023-04-04 21:30:00-04:00,1.0956833945312838,SL,0.000184,-1.0,-1.3247,-1324.74
2023-04-05 02:15:00-04:00,LONG,Bounce,1.09567,1.0954982053147777,1.0961853840556666,2023-04-05 02:20:00-04:00,1.0954982053147777,SL,0.000184,-1.0,-2.071,-2071.05
2023-04-05 07:50:00-04:00,LONG,Bounce,1.09422,1.0939327569443476,1.0950817291669572,2023-04-05 08:00:00-04:00,1.0939327569443476,SL,0.00018,-1.0,-1.6266,-1626.65
2023-04-05 10:10:00-04:00,LONG,Bounce,1.09386,1.093246699476329,1.0956999015710132,2023-04-05 10:25:00-04:00,1.093246699476329,SL,0.00018,-1.0,-1.2935,-1293.49
2023-04-06 02:00:00-04:00,LONG,Breakout,1.08972,1.089465363102663,1.0904839106920112,2023-04-06 02:20:00-04:00,1.089465363102663,SL,0.000184,-1.0,-1.7226,-1722.6
2023-04-07 14:35:00-04:00,LONG,Bounce,1.09065,1.0904177009369662,1.091346897189101,2023-04-07 14:40:00-04:00,1.0904177009369662,SL,0.000352,-1.0,-2.5153,-2515.29
2023-04-07 15:40:00-04:00,LONG,Bounce,1.09044,1.0901504911451239,1.0913085265646287,2023-04-07 15:45:00-04:00,1.0901504911451239,SL,0.00033,-1.0,-2.1399,-2139.86
2023-04-09 20:20:00-04:00,LONG,Bounce,1.09077,1.0905000301071421,1.0915799096785737,2023-04-09 20:35:00-04:00,1.0905000301071421,SL,0.00018,-1.0,-1.6667,-1666.74
2023-04-10 00:05:00-04:00,LONG,Bounce,1.08964,1.0895499358420067,1.0899101924739798,2023-04-10 00:20:00-04:00,1.0895499358420067,SL,0.00018,-1.0,-2.9986,-2998.58
2023-04-10 13:00:00-04:00,LONG,Breakout,1.0849199999999999,1.0846265394259773,1.0858003817220676,2023-04-10 14:55:00-04:00,1.0858003817220676,TP,0.00018,3.0,2.3866,2386.63
2023-04-11 01:30:00-04:00,LONG,Breakout,1.08878,1.088657702808398,1.0891468915748066,2023-04-11 01:35:00-04:00,1.088657702808398,SL,0.00018,-1.0,-2.4718,-2471.82
2023-04-12 02:55:00-04:00,LONG,Bounce,1.09259,1.0923747172475151,1.0932358482574545,2023-04-12 03:05:00-04:00,1.0932358482574545,TP,0.000188,3.0,2.1267,2126.73
2023-04-12 21:35:00-04:00,LONG,Breakout,1.09992,1.0998113926552986,1.1002458220341043,2023-04-12 21:40:00-04:00,1.0998113926552986,SL,0.000188,-1.0,-2.731,-2731.01
2023-04-13 02:10:00-04:00,LONG,Bounce,1.09838,1.0982569235396218,1.0987492293811343,2023-04-13 02:15:00-04:00,1.0987492293811343,TP,0.00019,3.0,1.4562,1456.24
2023-04-13 03:10:00-04:00,LONG,Breakout,1.09966,1.0992053989867407,1.101023803039778,2023-04-13 04:00:00-04:00,1.101023803039778,TP,0.000182,3.0,2.5996,2599.65
2023-04-13 08:30:00-04:00,LONG,Breakout,1.10336,1.1029932408116554,1.1044602775650334,2023-04-13 08:35:00-04:00,1.1029932408116554,SL,0.00018,-1.0,-1.4908,-1490.79
2023-04-13 08:45:00-04:00,LONG,Breakout,1.10338,1.1029762449209939,1.1045912652370184,2023-04-13 08:50:00-04:00,1.1045912652370184,TP,0.00018,3.0,2.5542,2554.19
2023-04-14 01:55:00-04:00,LONG,Breakout,1.10735,1.1072014910477685,1.1077955268566946,2023-04-14 02:00:00-04:00,1.1072014910477685,SL,0.000176,-1.0,-2.1851,-2185.11
2023-04-17 03:05:00-04:00,LONG,Breakout,1.09946,1.099311726187741,1.0999048214367775,2023-04-17 03:10:00-04:00,1.099311726187741,SL,0.000182,-1.0,-2.2275,-2227.46
2023-04-17 14:55:00-04:00,LONG,Breakout,1.0925,1.0923990622530797,1.092802813240761,2023-04-17 15:05:00-04:00,1.092802813240761,TP,0.000178,3.0,1.2365,1236.54
2023-04-17 17:55:00-04:00,LONG,Retest,1.09251,1.0924136338658181,1.092799098402546,2023-04-17 18:45:00-04:00,1.0924136338658181,SL,0.000338,-1.0,-4.5023,-4502.27
2023-04-17 20:55:00-04:00,LONG,Bounce,1.09244,1.0922294737510079,1.0930715787469767,2023-04-17 21:35:00-04:00,1.0930715787469767,TP,0.000184,3.0,2.126,2126.0
2023-04-17 21:35:00-04:00,LONG,Breakout,1.09305,1.0927822091558215,1.093853372532536,2023-04-17 22:00:00-04:00,1.0927822091558215,SL,0.00018,-1.0,-1.6722,-1672.17
2023-04-17 22:40:00-04:00,LONG,Retest,1.09306,1.0927755999720379,1.093913200083886,2023-04-18 01:30:00-04:00,1.093913200083886,TP,0.000182,3.0,2.3601,2360.06
2023-04-18 02:25:00-04:00,LONG,Breakout,1.09394,1.0937546289872349,1.094496113038295,2023-04-18 02:35:00-04:00,1.094496113038295,TP,0.00018,3.0,2.029,2028.97
2023-04-18 20:00:00-04:00,LONG,Breakout,1.09747,1.09740776845931,1.0976566946220698,2023-04-18 20:05:00-04:00,1.0976566946220698,TP,0.00018,3.0,0.1076,107.58
2023-04-18 20:15:00-04:00,LONG,Retest,1.09751,1.0974072665106065,1.0978182004681805,2023-04-18 20:25:00-04:00,1.0974072665106065,SL,0.00017,-1.0,-2.6548,-2654.77
2023-04-19 21:30:00-04:00,LONG,Breakout,1.09596,1.0957838458172928,1.0964884625481217,2023-04-19 21:40:00-04:00,1.0957838458172928,SL,0.00018,-1.0,-2.0218,-2021.83
2023-04-20 02:05:00-04:00,LONG,Breakout,1.09663,1.0960509260994515,1.0983672217016454,2023-04-20 03:05:00-04:00,1.0960509260994515,SL,0.000182,-1.0,-1.3143,-1314.29
2023-04-20 03:30:00-04:00,LONG,Bounce,1.09575,1.095348164836678,1.0969555054899658,2023-04-20 03:35:00-04:00,1.095348164836678,SL,0.00018,-1.0,-1.4479,-1447.94
2023-04-20 15:00:00-04:00,LONG,Bounce,1.09644,1.0961930494764809,1.0971808515705577,2023-04-20 15:05:00-04:00,1.0961930494764809,SL,0.000182,-1.0,-1.737,-1736.99
2023-04-21 04:00:00-04:00,LONG,Breakout,1.09649,1.0961791342852412,1.0974225971442764,2023-04-21 04:10:00-04:00,1.0961791342852412,SL,0.00018,-1.0,-1.579,-1579.03
2023-04-21 07:20:00-04:00,LONG,Breakout,1.0979,1.0970351564275111,1.100494530717467,2023-04-21 09:45:00-04:00,1.0970351564275111,SL,0.00018,-1.0,-1.2081,-1208.13
2023-04-24 03:00:00-04:00,LONG,Bounce,1.09745,1.0971129986694357,1.098461003991693,2023-04-24 03:05:00-04:00,1.0971129986694357,SL,0.00018,-1.0,-1.5341,-1534.12
2023-04-24 03:10:00-04:00,LONG,Bounce,1.09722,1.0971039733425236,1.0975680799724294,2023-04-24 03:15:00-04:00,1.0975680799724294,TP,0.00018,3.0,1.4486,1448.63
2023-04-24 04:00:00-04:00,LONG,Breakout,1.09884,1.0984780886201446,1.0999257341395663,2023-04-24 04:25:00-04:00,1.0984780886201446,SL,0.000184,-1.0,-1.5084,-1508.41
2023-04-24 08:50:00-04:00,LONG,Breakout,1.10179,1.1015785319227203,1.1024244042318394,2023-04-24 09:00:00-04:00,1.1024244042318394,TP,0.000182,3.0,2.1394,2139.35
2023-04-24 09:40:00-04:00,LONG,Breakout,1.10175,1.1015672794342426,1.1022981616972722,2023-04-24 09:45:00-04:00,1.1015672794342426,SL,0.00018,-1.0,-1.9851,-1985.11
2023-04-24 10:40:00-04:00,LONG,Breakout,1.10329,1.1029399415418042,1.1043401753745878,2023-04-24 10:50:00-04:00,1.1029399415418042,SL,0.00018,-1.0,-1.5142,-1514.2
2023-04-24 12:35:00-04:00,LONG,Retest,1.1032,1.1029730990748414,1.1038807027754756,2023-04-24 13:25:00-04:00,1.1038807027754756,TP,0.00018,3.0,2.2067,2206.7
2023-04-24 17:35:00-04:00,LONG,Bounce,1.10437,1.104070112169379,1.1052696634918633,2023-04-24 19:20:00-04:00,1.1052696634918633,TP,0.000322,3.0,1.9263,1926.27
2023-04-25 01:10:00-04:00,LONG,Bounce,1.10514,1.105018705686519,1.1055038829404429,2023-04-25 01:25:00-04:00,1.105018705686519,SL,0.000184,-1.0,-2.517,-2516.97
2023-04-25 01:50:00-04:00,LONG,Bounce,1.10513,1.1050086957493368,1.1054939127519894,2023-04-25 01:55:00-04:00,1.1050086957493368,SL,0.000184,-1.0,-2.5168,-2516.85
2023-04-25 02:05:00-04:00,LONG,Bounce,1.10536,1.10500463431534,1.1064260970539799,2023-04-25 02:15:00-04:00,1.10500463431534,SL,0.000186,-1.0,-1.5234,-1523.4
2023-04-25 18:25:00-04:00,LONG,Breakout,1.09781,1.0974093350419987,1.0990119948740038,2023-04-25 19:00:00-04:00,1.0974093350419987,SL,0.000184,-1.0,-1.4592,-1459.24
2023-04-25 20:15:00-04:00,LONG,Bounce,1.09743,1.0971460603038934,1.0982818190883195,2023-04-25 21:10:00-04:00,1.0971460603038934,SL,0.000186,-1.0,-1.6551,-1655.07
2023-04-26 09:20:00-04:00,LONG,Breakout,1.10933,1.1055758865571585,1.120592340328524,2023-04-26 10:35:00-04:00,1.1055758865571585,SL,0.00018,-1.0,-1.0479,-1047.95
2023-04-26 14:40:00-04:00,LONG,Bounce,1.10349,1.1031373460196754,1.1045479619409742,2023-04-26 19:45:00-04:00,1.1045479619409742,TP,0.00018,3.0,2.4896,2489.58
2023-04-26 20:10:00-04:00,LONG,Breakout,1.10447,1.1043055356844895,1.1049633929465317,2023-04-26 20:15:00-04:00,1.1043055356844895,SL,0.000184,-1.0,-2.1188,-2118.78
2023-04-27 01:10:00-04:00,LONG,Breakout,1.10535,1.1052697828838542,1.1055906513484375,2023-04-27 01:15:00-04:00,1.1052697828838542,SL,0.000176,-1.0,-3.194,-3194.05
2023-04-27 01:20:00-04:00,LONG,Breakout,1.10544,1.1052688944253641,1.1059533167239075,2023-04-27 01:40:00-04:00,1.1059533167239075,TP,0.000186,3.0,1.913,1912.95
2023-04-27 15:00:00-04:00,LONG,Breakout,1.10266,1.102541271936111,1.103016184191667,2023-04-27 15:15:00-04:00,1.102541271936111,SL,0.00018,-1.0,-2.5161,-2516.07
2023-04-27 19:30:00-04:00,LONG,Breakout,1.10302,1.1027806406073946,1.1037380781778159,2023-04-27 20:50:00-04:00,1.1037380781778159,TP,0.00018,3.0,2.248,2247.99
2023-04-28 02:15:00-04:00,LONG,Bounce,1.10089,1.10065993991341,1.1015801802597696,2023-04-28 02:20:00-04:00,1.10065993991341,SL,0.00018,-1.0,-1.7824,-1782.4
2023-04-28 02:45:00-04:00,LONG,Breakout,1.10275,1.1020343484150295,1.1048969547549112,2023-04-28 03:00:00-04:00,1.1020343484150295,SL,0.00018,-1.0,-1.2515,-1251.52
2023-04-28 09:05:00-04:00,LONG,Breakout,1.10114,1.0995845793418975,1.1058062619743076,2023-04-28 09:40:00-04:00,1.0995845793418975,SL,0.00018,-1.0,-1.1157,-1115.72
2023-05-01 02:00:00-04:00,LONG,Bounce,1.10055,1.0999402704007726,1.102379188797682,2023-05-01 02:15:00-04:00,1.0999402704007726,SL,0.000182,-1.0,-1.2985,-1298.49
2023-05-01 17:55:00-04:00,LONG,Breakout,1.09752,1.097440365210434,1.097758904368698,2023-05-01 18:00:00-04:00,1.097440365210434,SL,0.000314,-1.0,-4.943,-4943.0
2023-05-01 20:05:00-04:00,LONG,Breakout,1.09764,1.0975421178231397,1.0979336465305807,2023-05-01 20:15:00-04:00,1.0975421178231397,SL,0.000184,-1.0,-2.8798,-2879.81
2023-05-01 20:50:00-04:00,LONG,Breakout,1.09764,1.0975346407073192,1.0979560778780422,2023-05-01 21:00:00-04:00,1.0979560778780422,TP,0.000176,3.0,1.3295,1329.53
2023-05-03 02:40:00-04:00,LONG,Breakout,1.10269,1.102494887244422,1.1032753382667337,2023-05-03 02:45:00-04:00,1.102494887244422,SL,0.000176,-1.0,-1.902,-1902.04
2023-05-03 03:10:00-04:00,LONG,Breakout,1.10318,1.1024776131840477,1.1052871604478571,2023-05-03 08:15:00-04:00,1.1024776131840477,SL,0.00018,-1.0,-1.2563,-1256.27
2023-05-03 08:15:00-04:00,LONG,Bounce,1.10381,1.1027714805895044,1.1069255582314868,2023-05-03 14:00:00-04:00,1.1069255582314868,TP,0.00018,3.0,2.8267,2826.68
2023-05-03 14:00:00-04:00,LONG,Breakout,1.10727,1.105713682600629,1.1119389521981127,2023-05-03 14:10:00-04:00,1.105713682600629,SL,0.00018,-1.0,-1.1157,-1115.66
2023-05-03 14:25:00-04:00,LONG,Retest,1.10621,1.1056914594697065,1.1077656215908802,2023-05-03 14:30:00-04:00,1.1056914594697065,SL,0.00018,-1.0,-1.3471,-1347.13
2023-05-03 20:05:00-04:00,LONG,Breakout,1.10823,1.1076681642350008,1.1099155072949978,2023-05-03 20:25:00-04:00,1.1076681642350008,SL,0.00018,-1.0,-1.3204,-1320.38
2023-05-03 21:35:00-04:00,LONG,Retest,1.10819,1.1076706323491292,1.1097481029526124,2023-05-04 02:35:00-04:00,1.1076706323491292,SL,0.000184,-1.0,-1.3543,-1354.28
2023-05-04 18:55:00-04:00,LONG,Breakout,1.10205,1.101887793955997,1.1025366181320089,2023-05-04 19:10:00-04:00,1.101887793955997,SL,0.000174,-1.0,-2.0727,-2072.71
2023-05-04 19:20:00-04:00,LONG,Retest,1.10213,1.10189047565617,1.10284857303149,2023-05-04 20:05:00-04:00,1.10189047565617,SL,0.00018,-1.0,-1.7515,-1751.49
2023-05-05 04:50:00-04:00,LONG,Bounce,1.10305,1.1028257909148673,1.1037226272553984,2023-05-05 04:55:00-04:00,1.1028257909148673,SL,0.00018,-1.0,-1.8028,-1802.82
2023-05-05 07:00:00-04:00,LONG,Bounce,1.10234,1.1020534853111235,1.10319954406663,2023-05-05 07:05:00-04:00,1.1020534853111235,SL,0.00018,-1.0,-1.6282,-1628.24
2023-05-07 21:30:00-04:00,LONG,Breakout,1.10256,1.1023954289078903,1.103053713276329,2023-05-07 21:55:00-04:00,1.103053713276329,TP,0.000182,3.0,1.8941,1894.09
2023-05-08 02:10:00-04:00,LONG,Breakout,1.10455,1.104314750603465,1.1052557481896048,2023-05-08 02:20:00-04:00,1.104314750603465,SL,0.000178,-1.0,-1.7566,-1756.64
2023-05-08 04:15:00-04:00,LONG,Retest,1.10452,1.1042787021172642,1.1052438936482072,2023-05-08 04:45:00-04:00,1.1052438936482072,TP,0.000182,3.0,2.2457,2245.75
2023-05-10 03:05:00-04:00,SHORT,Bounce,1.09754,1.0977196046108504,1.0970011861674487,2023-05-10 03:15:00-04:00,1.0977196046108504,SL,0.00018,-1.0,-2.0022,-2002.2
2023-05-10 04:00:00-04:00,SHORT,Breakout,1.09501,1.0962402646153635,1.0913192061539096,2023-05-10 08:30:00-04:00,1.0962402646153635,SL,0.00018,-1.0,-1.1463,-1146.31
2023-05-10 10:15:00-04:00,SHORT,Bounce,1.0991,1.1007230712787284,1.0942307861638148,2023-05-11 02:35:00-04:00,1.0942307861638148,TP,0.00018,3.0,2.8891,2889.1
2023-05-12 02:15:00-04:00,SHORT,Bounce,1.09238,1.0925028498480849,1.092011450455745,2023-05-12 02:20:00-04:00,1.0925028498480849,SL,0.000182,-1.0,-2.4815,-2481.48
2023-05-12 07:15:00-04:00,SHORT,Breakout,1.08927,1.0898869618588771,1.0874191144233685,2023-05-12 10:35:00-04:00,1.0874191144233685,TP,0.00018,3.0,2.7082,2708.25
2023-05-14 18:00:00-04:00,SHORT,Breakout,1.08456,1.0850505062570517,1.0830884812288448,2023-05-14 18:15:00-04:00,1.0850505062570517,SL,0.000188,-1.0,-1.3833,-1383.28
2023-05-15 05:10:00-04:00,SHORT,Breakout,1.08569,1.0860084295271284,1.084734711418615,2023-05-15 05:15:00-04:00,1.0860084295271284,SL,0.00018,-1.0,-1.5653,-1565.27
2023-05-15 18:50:00-04:00,SHORT,Bounce,1.08751,1.0876254708726396,1.087163587382081,2023-05-15 20:10:00-04:00,1.0876254708726396,SL,0.00017,-1.0,-2.4722,-2472.23
2023-05-15 20:10:00-04:00,SHORT,Bounce,1.08758,1.087666141146083,1.0873215765617508,2023-05-15 20:20:00-04:00,1.087666141146083,SL,0.000184,-1.0,-3.136,-3136.03
2023-05-15 20:20:00-04:00,SHORT,Bounce,1.08755,1.0876685196616735,1.0871944410149794,2023-05-15 20:25:00-04:00,1.0876685196616735,SL,0.00018,-1.0,-2.5187,-2518.74
2023-05-15 22:00:00-04:00,SHORT,Breakout,1.08697,1.0872385818488417,1.0861642544534749,2023-05-15 22:15:00-04:00,1.0872385818488417,SL,0.000178,-1.0,-1.6627,-1662.74
2023-05-16 02:00:00-04:00,SHORT,Breakout,1.08659,1.0868019321977374,1.0859542034067877,2023-05-16 02:05:00-04:00,1.0868019321977374,SL,0.000174,-1.0,-1.821,-1821.02
2023-05-16 02:10:00-04:00,SHORT,Breakout,1.08666,1.0868098803133552,1.0862103590599341,2023-05-16 02:15:00-04:00,1.0868098803133552,SL,0.000174,-1.0,-2.1609,-2160.93
2023-05-16 02:35:00-04:00,SHORT,Breakout,1.08659,1.0868121981785612,1.085923405464316,2023-05-16 02:40:00-04:00,1.0868121981785612,SL,0.00018,-1.0,-1.8101,-1810.09
2023-05-16 15:40:00-04:00,SHORT,Breakout,1.086,1.0861164101955192,1.0856507694134427,2023-05-16 16:15:00-04:00,1.0861164101955192,SL,0.000178,-1.0,-2.5291,-2529.08
2023-05-17 03:20:00-04:00,SHORT,Breakout,1.08459,1.0850127318531655,1.0833218044405033,2023-05-17 03:45:00-04:00,1.0833218044405033,TP,0.000178,3.0,2.5789,2578.93
2023-05-17 08:30:00-04:00,SHORT,Breakout,1.08217,1.0824417332660174,1.081354800201948,2023-05-17 08:35:00-04:00,1.081354800201948,TP,0.000176,3.0,2.3523,2352.31
2023-05-17 10:00:00-04:00,SHORT,Breakout,1.08107,1.0813939221251485,1.0800982336245544,2023-05-17 10:05:00-04:00,1.0813939221251485,SL,0.000178,-1.0,-1.5495,-1549.51
2023-05-17 20:15:00-04:00,SHORT,Breakout,1.08346,1.0836399426252799,1.0829201721241608,2023-05-17 20:25:00-04:00,1.0836399426252799,SL,0.000178,-1.0,-1.9892,-1989.2
2023-05-18 00:45:00-04:00,SHORT,Breakout,1.08328,1.083437378619596,1.0828078641412118,2023-05-18 01:35:00-04:00,1.083437378619596,SL,0.00018,-1.0,-2.1437,-2143.74
2023-05-18 02:30:00-04:00,SHORT,Retest,1.08312,1.083458642520635,1.0821040724380955,2023-05-18 03:15:00-04:00,1.0821040724380955,TP,0.000178,3.0,2.4744,2474.37
2023-05-18 08:30:00-04:00,SHORT,Breakout,1.07931,1.0805669559949447,1.075539132015166,2023-05-19 07:55:00-04:00,1.0805669559949447,SL,0.000172,-1.0,-1.1368,-1136.84
2023-05-19 11:20:00-04:00,SHORT,Bounce,1.08114,1.0824351978577647,1.077254406426706,2023-05-19 13:35:00-04:00,1.0824351978577647,SL,0.00017,-1.0,-1.1313,-1131.25
2023-05-21 21:40:00-04:00,SHORT,Bounce,1.08211,1.0824333871733731,1.0811398384798803,2023-05-21 21:50:00-04:00,1.0824333871733731,SL,0.00017,-1.0,-1.5257,-1525.69
2023-05-22 10:00:00-04:00,SHORT,Breakout,1.08092,1.0812636718253705,1.0798889845238888,2023-05-22 10:05:00-04:00,1.0812636718253705,SL,0.000178,-1.0,-1.5179,-1517.94
2023-05-22 10:10:00-04:00,SHORT,Breakout,1.08103,1.0812842578494266,1.08026722645172,2023-05-22 10:15:00-04:00,1.0812842578494266,SL,0.000178,-1.0,-1.7001,-1700.08
2023-05-23 02:15:00-04:00,SHORT,Bounce,1.08078,1.0810495558315627,1.0799713325053122,2023-05-23 02:40:00-04:00,1.0810495558315627,SL,0.000178,-1.0,-1.6603,-1660.35
2023-05-23 03:35:00-04:00,SHORT,Breakout,1.07924,1.0800574554377556,1.0767876336867332,2023-05-23 03:55:00-04:00,1.0800574554377556,SL,0.000176,-1.0,-1.2153,-1215.3
2023-05-23 04:00:00-04:00,SHORT,Breakout,1.07945,1.080065487006624,1.0776035389801282,2023-05-23 04:25:00-04:00,1.080065487006624,SL,0.000172,-1.0,-1.2795,-1279.45
2023-05-23 08:30:00-04:00,SHORT,Breakout,1.07673,1.0770044183221992,1.0759067450334023,2023-05-23 08:35:00-04:00,1.0770044183221992,SL,0.000174,-1.0,-1.6341,-1634.07
2023-05-23 08:45:00-04:00,SHORT,Breakout,1.07678,1.0770142722499532,1.0760771832501408,2023-05-23 08:50:00-04:00,1.0770142722499532,SL,0.000174,-1.0,-1.7427,-1742.73
2023-05-23 09:00:00-04:00,SHORT,Retest,1.0763,1.077016027745316,1.074151916764052,2023-05-23 09:15:00-04:00,1.077016027745316,SL,0.000178,-1.0,-1.2486,-1248.59
2023-05-23 20:50:00-04:00,SHORT,Bounce,1.07711,1.0773330205516995,1.0764409383449014,2023-05-23 21:50:00-04:00,1.0773330205516995,SL,0.00018,-1.0,-1.8071,-1807.1
2023-05-24 18:10:00-04:00,SHORT,Breakout,1.07477,1.0749241213364515,1.0743076359906454,2023-05-24 18:20:00-04:00,1.0743076359906454,TP,0.000178,3.0,1.8451,1845.07
2023-05-24 23:20:00-04:00,SHORT,Breakout,1.07369,1.073967279536775,1.0728581613896753,2023-05-25 02:05:00-04:00,1.0728581613896753,TP,0.000174,3.0,2.3725,2372.47
2023-05-25 02:05:00-04:00,SHORT,Retest,1.07284,1.073264166459961,1.0715675006201173,2023-05-25 02:10:00-04:00,1.073264166459961,SL,0.000174,-1.0,-1.4102,-1410.22
2023-05-25 03:00:00-04:00,SHORT,Breakout,1.07257,1.0728106404529831,1.0718480786410507,2023-05-25 03:10:00-04:00,1.0718480786410507,TP,0.000178,3.0,2.2603,2260.31
2023-05-25 08:10:00-04:00,SHORT,Bounce,1.07355,1.0737987328711092,1.0728038013866725,2023-05-25 08:30:00-04:00,1.0728038013866725,TP,0.000178,3.0,2.2844,2284.37
2023-05-25 08:30:00-04:00,SHORT,Breakout,1.07184,1.0722117474888522,1.070724757533443,2023-05-25 09:05:00-04:00,1.0722117474888522,SL,0.000172,-1.0,-1.4627,-1462.68
2023-05-25 20:15:00-04:00,SHORT,Breakout,1.07183,1.072041571317596,1.0711952860472125,2023-05-25 20:20:00-04:00,1.072041571317596,SL,0.00018,-1.0,-1.8508,-1850.78
2023-05-25 21:00:00-04:00,SHORT,Bounce,1.07242,1.0726953961585821,1.0715938115242534,2023-05-25 21:15:00-04:00,1.0726953961585821,SL,0.00018,-1.0,-1.6536,-1653.6
2023-05-28 20:05:00-04:00,SHORT,Breakout,1.07171,1.0717758080923732,1.0715125757228803,2023-05-28 20:10:00-04:00,1.0717758080923732,SL,0.000174,-1.0,-3.6441,-3644.05
2023-05-28 20:50:00-04:00,SHORT,Breakout,1.07169,1.0717790699201186,1.0714227902396443,2023-05-28 20:55:00-04:00,1.0717790699201186,SL,0.000176,-1.0,-2.976,-2975.98
2023-05-29 03:30:00-04:00,SHORT,Breakout,1.07276,1.073387259604779,1.0708782211856624,2023-05-29 09:15:00-04:00,1.0708782211856624,TP,0.000182,3.0,2.7098,2709.85
2023-05-29 09:40:00-04:00,SHORT,Breakout,1.07077,1.0711503216629417,1.069629035011175,2023-05-29 11:40:00-04:00,1.0711503216629417,SL,0.000182,-1.0,-1.4785,-1478.54
2023-05-29 19:30:00-04:00,SHORT,Breakout,1.07055,1.0706491684278696,1.0702524947163907,2023-05-29 19:40:00-04:00,1.0706491684278696,SL,0.000176,-1.0,-2.7748,-2774.76
2023-05-29 23:35:00-04:00,SHORT,Breakout,1.07042,1.0706506878330584,1.0697279365008245,2023-05-29 23:55:00-04:00,1.0706506878330584,SL,0.000176,-1.0,-1.7629,-1762.94
2023-05-30 01:20:00-04:00,SHORT,Breakout,1.06868,1.0701082623743385,1.0643952128769847,2023-05-30 04:40:00-04:00,1.0701082623743385,SL,0.00018,-1.0,-1.126,-1126.03
2023-05-30 15:20:00-04:00,SHORT,Bounce,1.07252,1.0726711568623584,1.0720665294129246,2023-05-30 15:30:00-04:00,1.0726711568623584,SL,0.00018,-1.0,-2.1908,-2190.82
2023-05-30 19:40:00-04:00,SHORT,Bounce,1.07321,1.0734230629569899,1.0725708111290304,2023-05-30 20:50:00-04:00,1.0734230629569899,SL,0.00018,-1.0,-1.8448,-1844.82
2023-05-30 21:30:00-04:00,SHORT,Breakout,1.072,1.0727238882921555,1.0698283351235338,2023-05-30 23:10:00-04:00,1.0698283351235338,TP,0.000176,3.0,2.7569,2756.87
2023-05-31 01:30:00-04:00,SHORT,Breakout,1.06905,1.0694141575045357,1.067957527486393,2023-05-31 01:50:00-04:00,1.0694141575045357,SL,0.000176,-1.0,-1.4833,-1483.31
2023-05-31 02:00:00-04:00,SHORT,Breakout,1.06919,1.0694220202344886,1.0684939392965345,2023-05-31 02:15:00-04:00,1.0694220202344886,SL,0.000174,-1.0,-1.7499,-1749.93
2023-05-31 03:00:00-04:00,SHORT,Breakout,1.06771,1.068520830122246,1.0652775096332618,2023-05-31 07:35:00-04:00,1.068520830122246,SL,0.000176,-1.0,-1.2171,-1217.06
2023-05-31 09:10:00-04:00,SHORT,Bounce,1.0683,1.0687350812339285,1.0669947562982147,2023-05-31 09:30:00-04:00,1.0687350812339285,SL,0.000178,-1.0,-1.4091,-1409.12
2023-05-31 21:40:00-04:00,SHORT,Breakout,1.06804,1.0682946304109842,1.067276108767048,2023-05-31 21:45:00-04:00,1.0682946304109842,SL,0.00018,-1.0,-1.7069,-1706.91
2023-06-01 01:35:00-04:00,SHORT,Breakout,1.0677699999999999,1.0679837331057556,1.0671288006827329,2023-06-01 01:40:00-04:00,1.0679837331057556,SL,0.00018,-1.0,-1.8422,-1842.17
2023-06-01 02:20:00-04:00,SHORT,Breakout,1.06786,1.0679950268074152,1.0674549195777545,2023-06-01 02:25:00-04:00,1.0679950268074152,SL,0.00018,-1.0,-2.3331,-2333.07
2023-06-01 02:30:00-04:00,SHORT,Breakout,1.06762,1.0679995180125161,1.0664814459624516,2023-06-01 02:35:00-04:00,1.0679995180125161,SL,0.000182,-1.0,-1.4796,-1479.56
2023-06-02 00:45:00-04:00,SHORT,Breakout,1.07623,1.0762985713506978,1.0760242859479066,2023-06-02 00:50:00-04:00,1.0762985713506978,SL,0.000186,-1.0,-3.7125,-3712.5
2023-06-02 00:55:00-04:00,SHORT,Breakout,1.07622,1.076300829378918,1.0759775118632458,2023-06-02 01:00:00-04:00,1.076300829378918,SL,0.00018,-1.0,-3.2269,-3226.91
2023-06-02 04:55:00-04:00,SHORT,Bounce,1.07734,1.0776020837803235,1.0765537486590293,2023-06-02 05:05:00-04:00,1.0765537486590293,TP,0.000178,3.0,2.3208,2320.83
2023-06-02 07:55:00-04:00,SHORT,Breakout,1.0757,1.07600978726821,1.0747706381953706,2023-06-02 08:00:00-04:00,1.07600978726821,SL,0.000172,-1.0,-1.5552,-1555.22
2023-06-02 08:30:00-04:00,SHORT,Breakout,1.07566,1.0760511093699119,1.0744866718902646,2023-06-02 08:35:00-04:00,1.0760511093699119,SL,0.000178,-1.0,-1.4551,-1455.12
2023-06-02 08:40:00-04:00,SHORT,Breakout,1.0747,1.07608041573222,1.0705587528033402,2023-06-02 09:05:00-04:00,1.07608041573222,SL,0.000172,-1.0,-1.1246,-1124.6
2023-06-04 18:00:00-04:00,SHORT,Breakout,1.07031,1.0705238222817146,1.0696685331548565,2023-06-04 18:05:00-04:00,1.0705238222817146,SL,0.00018,-1.0,-1.8418,-1841.82
2023-06-04 18:30:00-04:00,SHORT,Breakout,1.07044,1.0705222875473044,1.070193137358087,2023-06-04 18:45:00-04:00,1.070193137358087,TP,0.000176,3.0,0.8612,861.16
2023-06-05 03:00:00-04:00,SHORT,Breakout,1.06896,1.0693774662994509,1.067707601101647,2023-06-05 03:35:00-04:00,1.0693774662994509,SL,0.000176,-1.0,-1.4216,-1421.59
2023-06-05 05:05:00-04:00,SHORT,Retest,1.06895,1.069395973546791,1.067612079359627,2023-06-05 05:10:00-04:00,1.069395973546791,SL,0.000176,-1.0,-1.3946,-1394.64
2023-06-06 02:25:00-04:00,SHORT,Bounce,1.07261,1.0731065373118531,1.0711203880644409,2023-06-06 02:30:00-04:00,1.0731065373118531,SL,0.000176,-1.0,-1.3545,-1354.45
2023-06-06 03:00:00-04:00,SHORT,Breakout,1.07191,1.072128614612336,1.0712541561629914,2023-06-06 03:05:00-04:00,1.072128614612336,SL,0.000176,-1.0,-1.8051,-1805.07
2023-06-06 19:35:00-04:00,SHORT,Bounce,1.06943,1.069513512207725,1.0691794633768252,2023-06-06 19:40:00-04:00,1.069513512207725,SL,0.000176,-1.0,-3.1075,-3107.48
2023-06-07 01:00:00-04:00,SHORT,Breakout,1.06868,1.0689072859719604,1.0679981420841191,2023-06-07 02:05:00-04:00,1.0679981420841191,TP,0.000174,3.0,2.2344,2234.44
2023-06-08 04:30:00-04:00,SHORT,Bounce,1.07168,1.0718982188229422,1.0710253435311732,2023-06-08 04:40:00-04:00,1.0718982188229422,SL,0.000174,-1.0,-1.7974,-1797.36
2023-06-08 09:35:00-04:00,SHORT,Bounce,1.07572,1.0759308131931518,1.0750875604205448,2023-06-08 09:40:00-04:00,1.0759308131931518,SL,0.000174,-1.0,-1.8254,-1825.38
2023-06-08 19:25:00-04:00,SHORT,Bounce,1.07822,1.0783958417954698,1.0776924746135905,2023-06-08 19:40:00-04:00,1.0783958417954698,SL,0.000178,-1.0,-2.0123,-2012.27
2023-06-08 19:50:00-04:00,SHORT,Bounce,1.07827,1.0783937281485494,1.077898815554352,2023-06-08 20:00:00-04:00,1.0783937281485494,SL,0.000172,-1.0,-2.3901,-2390.14
2023-06-08 20:00:00-04:00,SHORT,Bounce,1.07814,1.0783972758015552,1.0773681725953348,2023-06-08 20:10:00-04:00,1.0783972758015552,SL,0.00018,-1.0,-1.6996,-1699.64
2023-06-12 09:35:00-04:00,SHORT,Breakout,1.0755,1.076057435686374,1.0738276929408779,2023-06-12 10:10:00-04:00,1.076057435686374,SL,0.000176,-1.0,-1.3157,-1315.73
2023-06-13 08:30:00-04:00,LONG,Breakout,1.08172,1.0807972098958807,1.084488370312358,2023-06-13 08:40:00-04:00,1.0807972098958807,SL,0.000178,-1.0,-1.1929,-1192.89
2023-06-13 08:55:00-04:00,LONG,Breakout,1.08134,1.0807721531093282,1.0830435406720154,2023-06-13 09:05:00-04:00,1.0807721531093282,SL,0.000172,-1.0,-1.3029,-1302.9
2023-06-13 13:55:00-04:00,LONG,Bounce,1.07881,1.0784648174341092,1.0798455476976727,2023-06-13 14:30:00-04:00,1.0784648174341092,SL,0.00018,-1.0,-1.5215,-1521.46
2023-06-15 01:30:00-04:00,LONG,Breakout,1.0816,1.081446364975464,1.0820609050736076,2023-06-15 01:45:00-04:00,1.0820609050736076,TP,0.00018,3.0,1.8284,1828.39
2023-06-15 03:55:00-04:00,LONG,Breakout,1.08261,1.0821859143677688,1.083882256896694,2023-06-15 05:10:00-04:00,1.083882256896694,TP,0.00018,3.0,2.5756,2575.56
2023-06-15 08:30:00-04:00,LONG,Breakout,1.08706,1.0846187799090867,1.0943836602727395,2023-06-15 12:20:00-04:00,1.0943836602727395,TP,0.000182,3.0,2.9254,2925.45
2023-06-15 18:40:00-04:00,LONG,Bounce,1.09454,1.0944146636580803,1.0949160090257595,2023-06-15 19:00:00-04:00,1.0949160090257595,TP,0.000174,3.0,1.6117,1611.74
2023-06-15 20:55:00-04:00,LONG,Bounce,1.09411,1.0939271237748165,1.0946586286755502,2023-06-15 21:25:00-04:00,1.0939271237748165,SL,0.000176,-1.0,-1.9624,-1962.4
2023-06-15 21:30:00-04:00,LONG,Bounce,1.09408,1.0939241037350886,1.0945476887947339,2023-06-15 21:45:00-04:00,1.0945476887947339,TP,0.000172,3.0,1.8967,1896.7
2023-06-16 01:40:00-04:00,LONG,Breakout,1.09426,1.0941665782580046,1.0945402652259864,2023-06-16 01:50:00-04:00,1.0941665782580046,SL,0.000174,-1.0,-2.8625,-2862.52
2023-06-16 02:05:00-04:00,LONG,Breakout,1.09434,1.0941576177172259,1.0948871468483228,2023-06-16 02:15:00-04:00,1.0948871468483228,TP,0.000182,3.0,2.0021,2002.1
2023-06-16 04:25:00-04:00,LONG,Retest,1.09478,1.0941127115132159,1.0967818654603527,2023-06-16 05:15:00-04:00,1.0941127115132159,SL,0.00018,-1.0,-1.2697,-1269.75
2023-06-18 20:00:00-04:00,LONG,Breakout,1.09438,1.0941847590792544,1.0949657227622365,2023-06-18 20:10:00-04:00,1.0941847590792544,SL,0.00018,-1.0,-1.9219,-1921.94
2023-06-19 16:45:00-04:00,LONG,Breakout,1.09211,1.0919849929895429,1.092485021031371,2023-06-19 17:15:00-04:00,1.0919849929895429,SL,0.000184,-1.0,-2.4719,-2471.92
2023-06-19 17:20:00-04:00,LONG,Retest,1.09224,1.0919804801742077,1.0930185594773774,2023-06-19 17:30:00-04:00,1.0919804801742077,SL,0.000328,-1.0,-2.2639,-2263.87
2023-06-19 17:35:00-04:00,LONG,Breakout,1.09215,1.0919738472823375,1.0926784581529874,2023-06-19 17:40:00-04:00,1.0919738472823375,SL,0.000222,-1.0,-2.2603,-2260.27
2023-06-19 18:00:00-04:00,LONG,Retest,1.09217,1.0919680914444148,1.092775725666756,2023-06-19 19:25:00-04:00,1.0919680914444148,SL,0.000236,-1.0,-2.1688,-2168.85
2023-06-20 02:15:00-04:00,LONG,Breakout,1.09284,1.0922243997249437,1.0946868008251691,2023-06-20 02:55:00-04:00,1.0922243997249437,SL,0.000182,-1.0,-1.2956,-1295.65
2023-06-20 18:00:00-04:00,LONG,Breakout,1.09179,1.0916242026045897,1.092287392186231,2023-06-20 20:10:00-04:00,1.0916242026045897,SL,0.00016,-1.0,-1.965,-1965.03
2023-06-21 02:10:00-04:00,LONG,Bounce,1.09118,1.091056178795084,1.0915514636147479,2023-06-21 02:15:00-04:00,1.091056178795084,SL,0.000182,-1.0,-2.4699,-2469.86
2023-06-21 02:20:00-04:00,LONG,Bounce,1.09115,1.0910557562059653,1.0914327313821044,2023-06-21 02:30:00-04:00,1.0914327313821044,TP,0.000182,3.0,1.0688,1068.84
2023-06-21 04:00:00-04:00,LONG,Breakout,1.09164,1.0915009067911468,1.0920572796265595,2023-06-21 04:05:00-04:00,1.0920572796265595,TP,0.000172,3.0,1.7634,1763.42
2023-06-22 07:05:00-04:00,LONG,Breakout,1.10056,1.100202542995327,1.1016323710140188,2023-06-22 07:10:00-04:00,1.100202542995327,SL,0.000174,-1.0,-1.4868,-1486.77
2023-06-26 21:35:00-04:00,LONG,Breakout,1.09138,1.0910097317640752,1.0924908047077744,2023-06-26 21:45:00-04:00,1.0924908047077744,TP,0.00018,3.0,2.5139,2513.87
2023-06-27 02:30:00-04:00,LONG,Breakout,1.09272,1.09257276485074,1.0931617054477798,2023-06-27 02:45:00-04:00,1.0931617054477798,TP,0.000178,3.0,1.791,1791.05
2023-06-27 20:00:00-04:00,LONG,Bounce,1.09573,1.0956780640772121,1.095885807768364,2023-06-27 20:10:00-04:00,1.095885807768364,TP,0.000186,3.0,-0.5813,-581.34
2023-06-28 04:10:00-04:00,LONG,Breakout,1.09559,1.0953349547907398,1.0963551356277808,2023-06-28 04:20:00-04:00,1.0953349547907398,SL,0.000178,-1.0,-1.6979,-1697.92
2023-06-28 06:40:00-04:00,LONG,Retest,1.09555,1.095328937203259,1.0962131883902229,2023-06-28 06:55:00-04:00,1.095328937203259,SL,0.000178,-1.0,-1.8052,-1805.2
2023-07-02 20:30:00-04:00,LONG,Bounce,1.09068,1.0906109890581954,1.090887032825414,2023-07-02 20:35:00-04:00,1.0906109890581954,SL,0.000216,-1.0,-4.1299,-4129.94
2023-07-03 18:15:00-04:00,LONG,Breakout,1.0914,1.0912985350902857,1.0917043947291425,2023-07-03 18:25:00-04:00,1.0912985350902857,SL,0.00017,-1.0,-2.6755,-2675.46
2023-07-06 10:05:00-04:00,SHORT,Breakout,1.08476,1.085958293326459,1.0811651200206225,2023-07-06 10:15:00-04:00,1.085958293326459,SL,0.00018,-1.0,-1.1502,-1150.21
2023-07-06 10:15:00-04:00,SHORT,Retest,1.08501,1.0859555080212837,1.082173475936149,2023-07-06 10:50:00-04:00,1.0859555080212837,SL,0.000182,-1.0,-1.1925,-1192.49
2023-07-10 03:05:00-04:00,LONG,Breakout,1.09626,1.0956591109549463,1.0980626671351612,2023-07-10 03:15:00-04:00,1.0956591109549463,SL,0.000184,-1.0,-1.3062,-1306.21
2023-07-11 02:20:00-04:00,LONG,Breakout,1.10234,1.1020526978833622,1.1032019063499137,2023-07-11 02:25:00-04:00,1.1020526978833622,SL,0.000184,-1.0,-1.6404,-1640.44
2023-07-12 01:40:00-04:00,LONG,Bounce,1.10292,1.1025384656427664,1.1040646030717005,2023-07-12 01:55:00-04:00,1.1025384656427664,SL,0.000176,-1.0,-1.4613,-1461.3
2023-07-12 03:30:00-04:00,LONG,Bounce,1.10275,1.102519515116022,1.1034414546519333,2023-07-12 03:35:00-04:00,1.102519515116022,SL,0.000196,-1.0,-1.8504,-1850.38
2023-07-12 20:00:00-04:00,LONG,Breakout,1.11406,1.1139152631839584,1.114494210448125,2023-07-12 20:05:00-04:00,1.1139152631839584,SL,0.00018,-1.0,-2.2436,-2243.64
2023-07-13 02:30:00-04:00,LONG,Bounce,1.11446,1.1140873075424067,1.11557807737278,2023-07-13 02:45:00-04:00,1.1140873075424067,SL,0.000186,-1.0,-1.4991,-1499.07
2023-07-13 03:00:00-04:00,LONG,Breakout,1.1151,1.1147001484911496,1.116299554526551,2023-07-13 03:20:00-04:00,1.1147001484911496,SL,0.00019,-1.0,-1.4752,-1475.18
2023-07-13 08:00:00-04:00,LONG,Breakout,1.11776,1.1172672785968139,1.1192381642095588,2023-07-13 08:30:00-04:00,1.1172672785968139,SL,0.000178,-1.0,-1.3613,-1361.26
2023-07-13 10:55:00-04:00,LONG,Breakout,1.1195,1.1192963665705766,1.1201109002882699,2023-07-13 11:00:00-04:00,1.1192963665705766,SL,0.000182,-1.0,-1.8938,-1893.76
2023-07-13 20:55:00-04:00,LONG,Bounce,1.12219,1.1217933921857641,1.1233798234427077,2023-07-13 22:00:00-04:00,1.1233798234427077,TP,0.000184,3.0,2.5361,2536.07
2023-07-17 01:55:00-04:00,LONG,Breakout,1.12317,1.1227183781623502,1.1245248655129494,2023-07-17 02:05:00-04:00,1.1227183781623502,SL,0.00018,-1.0,-1.3986,-1398.56
2023-07-17 08:10:00-04:00,LONG,Bounce,1.12308,1.1227582392987265,1.1240452821038207,2023-07-17 08:20:00-04:00,1.1227582392987265,SL,0.000186,-1.0,-1.5781,-1578.07
2023-07-17 13:40:00-04:00,LONG,Breakout,1.12409,1.1236842009975323,1.1253073970074032,2023-07-17 13:55:00-04:00,1.1236842009975323,SL,0.000196,-1.0,-1.483,-1483.0
2023-07-17 15:00:00-04:00,LONG,Breakout,1.1244399999999999,1.1243006302386789,1.124858109283963,2023-07-17 15:10:00-04:00,1.1243006302386789,SL,0.000202,-1.0,-2.4494,-2449.38
2023-07-17 20:20:00-04:00,LONG,Breakout,1.124,1.1238935663390452,1.1243193009828647,2023-07-17 20:25:00-04:00,1.1238935663390452,SL,0.000192,-1.0,-2.8039,-2803.94
2023-07-17 20:30:00-04:00,LONG,Breakout,1.12427,1.1238894424045849,1.1254116727862458,2023-07-17 21:00:00-04:00,1.1238894424045849,SL,0.000194,-1.0,-1.5098,-1509.78
2023-07-18 01:10:00-04:00,LONG,Breakout,1.12568,1.1254860264391016,1.1262619206826954,2023-07-18 01:45:00-04:00,1.1262619206826954,TP,0.000204,3.0,1.9483,1948.31
2023-07-18 14:45:00-04:00,LONG,Breakout,1.12283,1.1226906063880293,1.123248180835912,2023-07-18 14:55:00-04:00,1.1226906063880293,SL,0.000188,-1.0,-2.3487,-2348.7
2023-07-18 16:20:00-04:00,LONG,Retest,1.12295,1.122711479928123,1.1236655602156305,2023-07-18 16:40:00-04:00,1.122711479928123,SL,0.00021,-1.0,-1.8804,-1880.43
2023-07-19 01:35:00-04:00,LONG,Breakout,1.12274,1.1225363905022112,1.1233508284933666,2023-07-19 01:55:00-04:00,1.1233508284933666,TP,0.000202,3.0,2.0079,2007.9
2023-07-19 03:30:00-04:00,LONG,Retest,1.12323,1.1224558862963538,1.1255523411109383,2023-07-19 03:50:00-04:00,1.1224558862963538,SL,0.0002,-1.0,-1.2584,-1258.36
2023-07-19 08:30:00-04:00,LONG,Bounce,1.12144,1.1208063168640734,1.1233410494077798,2023-07-19 08:40:00-04:00,1.1208063168640734,SL,0.0002,-1.0,-1.3156,-1315.62
2023-07-20 17:50:00-04:00,LONG,Breakout,1.11333,1.113207531222682,1.113697406331954,2023-07-20 18:00:00-04:00,1.113207531222682,SL,0.00028,-1.0,-3.2863,-3286.3
2023-07-20 21:30:00-04:00,LONG,Breakout,1.11387,1.113640061234738,1.114559816295786,2023-07-20 21:45:00-04:00,1.113640061234738,SL,0.00021,-1.0,-1.9133,-1913.29
2023-07-20 21:45:00-04:00,LONG,Retest,1.11382,1.1136433347422445,1.1143499957732665,2023-07-20 21:50:00-04:00,1.1136433347422445,SL,0.00021,-1.0,-2.1887,-2188.69
2023-07-21 01:55:00-04:00,LONG,Breakout,1.11422,1.1140239454414027,1.1148081636757918,2023-07-21 02:00:00-04:00,1.1140239454414027,SL,0.00021,-1.0,-2.0711,-2071.13
2023-07-21 02:40:00-04:00,LONG,Retest,1.11427,1.1140134787733897,1.1150395636798311,2023-07-21 02:45:00-04:00,1.1140134787733897,SL,0.0002,-1.0,-1.7797,-1779.66
2023-07-21 14:35:00-04:00,LONG,Breakout,1.11254,1.1124494283976964,1.112811714806911,2023-07-21 14:55:00-04:00,1.1124494283976964,SL,0.00021,-1.0,-3.3186,-3318.61
2023-07-23 20:00:00-04:00,LONG,Bounce,1.1125099999999999,1.1122343898398297,1.1133368304805105,2023-07-23 21:20:00-04:00,1.1122343898398297,SL,0.00021,-1.0,-1.7619,-1761.95
2023-07-24 01:55:00-04:00,LONG,Breakout,1.11309,1.1129697705340003,1.1134506883979989,2023-07-24 02:00:00-04:00,1.1129697705340003,SL,0.00021,-1.0,-2.7467,-2746.66
2023-07-24 21:00:00-04:00,LONG,Breakout,1.10694,1.1066069250035084,1.1079392249894748,2023-07-24 22:50:00-04:00,1.1079392249894748,TP,0.00021,3.0,2.3695,2369.51
2023-07-28 00:10:00-04:00,SHORT,Breakout,1.09662,1.0973912329288136,1.094306301213559,2023-07-28 01:00:00-04:00,1.0973912329288136,SL,0.00017,-1.0,-1.2204,-1220.43
2023-07-28 01:05:00-04:00,SHORT,Retest,1.09693,1.097379191940343,1.0955824241789707,2023-07-28 01:30:00-04:00,1.0955824241789707,TP,0.00017,3.0,2.6215,2621.54
2023-07-28 01:30:00-04:00,SHORT,Breakout,1.0949200000000001,1.0960154875741988,1.0916335372774042,2023-07-28 01:35:00-04:00,1.0960154875741988,SL,0.00017,-1.0,-1.1552,-1155.18
2023-07-28 03:00:00-04:00,SHORT,Bounce,1.0973600000000001,1.0989114884998616,1.0927055345004155,2023-07-28 06:40:00-04:00,1.0989114884998616,SL,0.00016,-1.0,-1.1031,-1103.13
2023-07-28 10:00:00-04:00,SHORT,Bounce,1.10247,1.103451253983457,1.0995262380496296,2023-07-28 10:10:00-04:00,1.103451253983457,SL,0.00016,-1.0,-1.1631,-1163.06
2023-07-28 13:55:00-04:00,SHORT,Breakout,1.10204,1.102223374670654,1.1014898759880376,2023-07-28 14:45:00-04:00,1.102223374670654,SL,0.00017,-1.0,-1.9271,-1927.06
2023-07-31 01:25:00-04:00,SHORT,Breakout,1.10063,1.100883327226258,1.0998700183212262,2023-07-31 01:30:00-04:00,1.100883327226258,SL,0.00017,-1.0,-1.6711,-1671.07
2023-07-31 01:35:00-04:00,SHORT,Breakout,1.10066,1.1008856341899875,1.0999830974300373,2023-07-31 01:50:00-04:00,1.1008856341899875,SL,0.00017,-1.0,-1.7534,-1753.43
2023-07-31 09:15:00-04:00,SHORT,Breakout,1.10161,1.101916137080961,1.1006915887571171,2023-07-31 09:20:00-04:00,1.101916137080961,SL,0.00016,-1.0,-1.5226,-1522.64
2023-07-31 20:50:00-04:00,SHORT,Breakout,1.09896,1.0992334993757082,1.098139501872875,2023-07-31 22:20:00-04:00,1.098139501872875,TP,0.00017,3.0,2.3784,2378.43
2023-08-01 00:50:00-04:00,SHORT,Bounce,1.09878,1.098875880039408,1.0984923598817762,2023-08-01 00:55:00-04:00,1.098875880039408,SL,0.00017,-1.0,-2.773,-2773.05
2023-08-01 03:05:00-04:00,SHORT,Breakout,1.0971899999999999,1.0981999020850053,1.0941602937449837,2023-08-01 03:45:00-04:00,1.0981999020850053,SL,0.00016,-1.0,-1.1584,-1158.43
2023-08-01 08:10:00-04:00,SHORT,Breakout,1.09606,1.0969445926197041,1.0934062221408878,2023-08-01 09:10:00-04:00,1.0969445926197041,SL,0.00016,-1.0,-1.1809,-1180.87
2023-08-01 10:00:00-04:00,SHORT,Bounce,1.09766,1.0984926808093678,1.095161957571897,2023-08-01 17:15:00-04:00,1.0984926808093678,SL,0.00016,-1.0,-1.1922,-1192.15
2023-08-02 04:05:00-04:00,SHORT,Breakout,1.09773,1.0981733570495322,1.0963999288514037,2023-08-02 04:10:00-04:00,1.0981733570495322,SL,0.00016,-1.0,-1.3609,-1360.88
2023-08-02 08:30:00-04:00,SHORT,Breakout,1.09623,1.0968607018389842,1.0943378944830475,2023-08-02 10:05:00-04:00,1.0943378944830475,TP,0.00016,3.0,2.7463,2746.31
2023-08-03 01:40:00-04:00,SHORT,Breakout,1.09268,1.093012696998554,1.0916819090043381,2023-08-03 01:50:00-04:00,1.093012696998554,SL,0.00017,-1.0,-1.511,-1510.98
2023-08-03 03:00:00-04:00,SHORT,Breakout,1.09173,1.0919236705905475,1.0911489882283578,2023-08-03 03:05:00-04:00,1.0919236705905475,SL,0.00016,-1.0,-1.8261,-1826.15
2023-08-03 03:15:00-04:00,SHORT,Breakout,1.09167,1.0919319257607263,1.0908842227178208,2023-08-03 03:20:00-04:00,1.0919319257607263,SL,0.00016,-1.0,-1.6109,-1610.86
2023-08-03 04:00:00-04:00,SHORT,Breakout,1.09149,1.0919375730341159,1.0901472808976527,2023-08-03 04:05:00-04:00,1.0919375730341159,SL,0.00016,-1.0,-1.3575,-1357.48
2023-08-03 08:30:00-04:00,SHORT,Bounce,1.09262,1.0939057545227484,1.0887627364317545,2023-08-03 08:35:00-04:00,1.0939057545227484,SL,0.00016,-1.0,-1.1244,-1124.44
2023-08-03 15:00:00-04:00,SHORT,Breakout,1.09412,1.0943387240974938,1.0934638277075186,2023-08-03 16:15:00-04:00,1.0943387240974938,SL,0.00017,-1.0,-1.7772,-1777.23
2023-08-03 20:40:00-04:00,SHORT,Bounce,1.09512,1.0953021131118115,1.094573660664566,2023-08-03 20:55:00-04:00,1.0953021131118115,SL,0.00017,-1.0,-1.9335,-1933.49
2023-08-06 19:00:00-04:00,SHORT,Breakout,1.10016,1.1004113063225456,1.0994060810323634,2023-08-06 20:05:00-04:00,1.1004113063225456,SL,0.00017,-1.0,-1.6765,-1676.47
2023-08-06 21:25:00-04:00,SHORT,Breakout,1.09957,1.1000356854912172,1.098172943526348,2023-08-06 21:55:00-04:00,1.1000356854912172,SL,0.00017,-1.0,-1.3651,-1365.05
2023-08-06 23:20:00-04:00,SHORT,Retest,1.09995,1.1000217215091825,1.0997348354724523,2023-08-06 23:25:00-04:00,1.1000217215091825,SL,0.00017,-1.0,-3.3703,-3370.28
2023-08-07 01:00:00-04:00,SHORT,Breakout,1.09942,1.0994858421371372,1.0992224735885887,2023-08-07 01:05:00-04:00,1.0992224735885887,TP,0.00017,3.0,0.4181,418.07
2023-08-07 01:35:00-04:00,SHORT,Breakout,1.09863,1.099143302727983,1.0970900918160507,2023-08-07 02:35:00-04:00,1.0970900918160507,TP,0.00017,3.0,2.6688,2668.81
2023-08-07 20:00:00-04:00,SHORT,Bounce,1.10015,1.100470205427334,1.0991893837179976,2023-08-07 20:35:00-04:00,1.0991893837179976,TP,0.00017,3.0,2.4691,2469.09
2023-08-09 03:00:00-04:00,SHORT,Bounce,1.09759,1.097903895915087,1.096648312254739,2023-08-09 03:05:00-04:00,1.097903895915087,SL,0.00016,-1.0,-1.5097,-1509.72
2023-08-09 07:55:00-04:00,SHORT,Breakout,1.09692,1.0973607223440838,1.0955978329677483,2023-08-09 08:30:00-04:00,1.0973607223440838,SL,0.00016,-1.0,-1.363,-1363.04
2023-08-09 09:40:00-04:00,SHORT,Bounce,1.09787,1.0981182981875235,1.0971251054374291,2023-08-09 09:50:00-04:00,1.0971251054374291,TP,0.00016,3.0,2.3556,2355.61
2023-08-09 20:25:00-04:00,SHORT,Breakout,1.09692,1.0970021739576348,1.0966734781270953,2023-08-09 20:35:00-04:00,1.0966734781270953,TP,0.00017,3.0,0.9312,931.22
2023-08-11 08:30:00-04:00,SHORT,Breakout,1.09779,1.099012504965262,1.0941224851042144,2023-08-13 18:30:00-04:00,1.0941224851042144,TP,0.000162,3.0,2.8675,2867.49
2023-08-13 18:30:00-04:00,SHORT,Breakout,1.09413,1.0942943501318911,1.0936369496043268,2023-08-13 19:10:00-04:00,1.0942943501318911,SL,0.00021,-1.0,-2.2778,-2277.76
2023-08-13 20:30:00-04:00,SHORT,Breakout,1.09363,1.0939078795837494,1.0927963612487523,2023-08-13 21:00:00-04:00,1.0939078795837494,SL,0.00017,-1.0,-1.6118,-1611.78
2023-08-13 21:15:00-04:00,SHORT,Breakout,1.09361,1.0939094009870916,1.0927117970387252,2023-08-14 01:45:00-04:00,1.0939094009870916,SL,0.00017,-1.0,-1.5678,-1567.8
2023-08-15 08:30:00-04:00,SHORT,Breakout,1.09093,1.0918229770945032,1.0882510687164904,2023-08-15 08:35:00-04:00,1.0918229770945032,SL,0.00016,-1.0,-1.1792,-1179.18
2023-08-15 21:15:00-04:00,SHORT,Breakout,1.08995,1.0900822221797606,1.0895533334607181,2023-08-15 21:20:00-04:00,1.0900822221797606,SL,0.00017,-1.0,-2.2857,-2285.71
2023-08-16 08:20:00-04:00,SHORT,Breakout,1.09062,1.0910667359390662,1.089279792182801,2023-08-16 08:30:00-04:00,1.0910667359390662,SL,0.00016,-1.0,-1.3582,-1358.15
2023-08-16 08:40:00-04:00,SHORT,Breakout,1.09062,1.0910769703549477,1.0892490889351567,2023-08-16 09:30:00-04:00,1.0910769703549477,SL,0.00016,-1.0,-1.3501,-1350.13
2023-08-16 14:00:00-04:00,SHORT,Breakout,1.08822,1.0883838711144613,1.0877283866566159,2023-08-16 14:05:00-04:00,1.0883838711144613,SL,0.000172,-1.0,-2.0496,-2049.61
2023-08-16 20:05:00-04:00,SHORT,Breakout,1.08691,1.0871021867278439,1.0863334398164686,2023-08-16 21:20:00-04:00,1.0863334398164686,TP,0.00017,3.0,2.1154,2115.44
2023-08-17 06:25:00-04:00,SHORT,Bounce,1.08807,1.0886883165728496,1.0862150502814516,2023-08-17 07:05:00-04:00,1.0886883165728496,SL,0.00016,-1.0,-1.2588,-1258.77
2023-08-17 18:20:00-04:00,SHORT,Bounce,1.08718,1.0873893293956334,1.0865520118131,2023-08-17 19:00:00-04:00,1.0873893293956334,SL,0.000282,-1.0,-2.3472,-2347.16
2023-08-17 19:15:00-04:00,SHORT,Bounce,1.08725,1.0873664422985754,1.086900673104274,2023-08-17 19:35:00-04:00,1.0873664422985754,SL,0.00017,-1.0,-2.46,-2459.95
2023-08-18 02:00:00-04:00,SHORT,Breakout,1.08797,1.0882366867431414,1.087169939770576,2023-08-18 02:10:00-04:00,1.0882366867431414,SL,0.00017,-1.0,-1.6375,-1637.45
2023-08-18 08:15:00-04:00,SHORT,Breakout,1.08605,1.0862313368024077,1.0855059895927768,2023-08-18 08:20:00-04:00,1.0855059895927768,TP,0.00016,3.0,2.1177,2117.66
2023-08-20 21:45:00-04:00,SHORT,Breakout,1.08698,1.0870861645243126,1.0866615064270624,2023-08-20 21:50:00-04:00,1.0870861645243126,SL,0.00017,-1.0,-2.6013,-2601.29
2023-08-21 02:05:00-04:00,SHORT,Breakout,1.08765,1.0877898506658998,1.0872304480023005,2023-08-21 02:10:00-04:00,1.0872304480023005,TP,0.00017,3.0,1.7844,1784.42
2023-08-21 08:20:00-04:00,SHORT,Bounce,1.08995,1.0904898815508381,1.0883303553474855,2023-08-21 08:50:00-04:00,1.0904898815508381,SL,0.00016,-1.0,-1.2964,-1296.36
2023-08-21 09:05:00-04:00,SHORT,Breakout,1.08897,1.0891886531386679,1.0883140405839964,2023-08-21 09:20:00-04:00,1.0891886531386679,SL,0.00016,-1.0,-1.7318,-1731.75
2023-08-21 09:35:00-04:00,SHORT,Breakout,1.0887,1.0892011357458946,1.0871965927623162,2023-08-21 12:10:00-04:00,1.0892011357458946,SL,0.00016,-1.0,-1.3193,-1319.27
2023-08-22 01:55:00-04:00,SHORT,Breakout,1.09047,1.090788825893754,1.0895135223187384,2023-08-22 02:00:00-04:00,1.090788825893754,SL,0.00017,-1.0,-1.5332,-1533.21
2023-08-22 08:40:00-04:00,SHORT,Breakout,1.08748,1.0880806558455063,1.0856780324634812,2023-08-22 09:25:00-04:00,1.0856780324634812,TP,0.00016,3.0,2.7336,2733.62
2023-08-22 20:50:00-04:00,SHORT,Bounce,1.08468,1.084847359858678,1.084177920423966,2023-08-22 21:10:00-04:00,1.084847359858678,SL,0.00017,-1.0,-2.0158,-2015.78
2023-08-23 02:55:00-04:00,SHORT,Bounce,1.08607,1.0863112774074222,1.0853461677777339,2023-08-23 03:15:00-04:00,1.0863112774074222,SL,0.00016,-1.0,-1.6631,-1663.14
2023-08-23 03:30:00-04:00,SHORT,Breakout,1.08188,1.0852868441508154,1.0716594675475535,2023-08-23 10:25:00-04:00,1.0852868441508154,SL,0.00016,-1.0,-1.047,-1046.96
2023-08-23 20:00:00-04:00,SHORT,Bounce,1.0864,1.086650384685309,1.085648845944073,2023-08-23 20:10:00-04:00,1.086650384685309,SL,0.00017,-1.0,-1.679,-1678.96
2023-08-24 02:20:00-04:00,SHORT,Breakout,1.0862,1.0863621092183153,1.0857136723450542,2023-08-24 02:25:00-04:00,1.0863621092183153,SL,0.00017,-1.0,-2.0487,-2048.68
2023-08-24 07:55:00-04:00,SHORT,Breakout,1.08415,1.0846485123761067,1.0826544628716797,2023-08-24 08:35:00-04:00,1.0826544628716797,TP,0.00016,3.0,2.679,2679.05
2023-08-24 14:15:00-04:00,SHORT,Breakout,1.08114,1.0814030739964615,1.0803507780106154,2023-08-24 14:20:00-04:00,1.0814030739964615,SL,0.00017,-1.0,-1.6462,-1646.21
2023-08-24 14:45:00-04:00,SHORT,Retest,1.08107,1.0814035178342711,1.0800694464971865,2023-08-24 17:45:00-04:00,1.0814035178342711,SL,0.00017,-1.0,-1.5097,-1509.72
2023-08-24 21:30:00-04:00,SHORT,Breakout,1.07891,1.0792359267949097,1.0779322196152712,2023-08-24 23:55:00-04:00,1.0779322196152712,TP,0.00017,3.0,2.4784,2478.41
2023-08-25 10:25:00-04:00,SHORT,Breakout,1.07897,1.0800905730625436,1.075608280812369,2023-08-25 13:00:00-04:00,1.0800905730625436,SL,0.00016,-1.0,-1.1428,-1142.78
2023-08-27 19:20:00-04:00,SHORT,Bounce,1.0798,1.0800149323201451,1.079155203039565,2023-08-27 20:00:00-04:00,1.0800149323201451,SL,0.00017,-1.0,-1.7909,-1790.95
2023-08-28 09:10:00-04:00,SHORT,Bounce,1.0806499999999999,1.081130771353651,1.0792076859390463,2023-08-28 10:35:00-04:00,1.081130771353651,SL,0.00016,-1.0,-1.3328,-1332.8
2023-08-29 00:40:00-04:00,SHORT,Breakout,1.08258,1.0829042023443356,1.0816073929669936,2023-08-29 02:20:00-04:00,1.0816073929669936,TP,0.00017,3.0,2.4756,2475.64
2023-08-29 09:50:00-04:00,SHORT,Breakout,1.08018,1.0804100771092955,1.0794897686721132,2023-08-29 09:55:00-04:00,1.0804100771092955,SL,0.00016,-1.0,-1.6954,-1695.42
2023-08-29 19:40:00-04:00,SHORT,Breakout,1.08703,1.0874013600497172,1.0859159198508481,2023-08-30 01:05:00-04:00,1.0859159198508481,TP,0.00017,3.0,2.5422,2542.22
2023-08-30 07:55:00-04:00,SHORT,Breakout,1.0878,1.0879796614359487,1.0872610156921543,2023-08-30 08:00:00-04:00,1.0879796614359487,SL,0.00016,-1.0,-1.8906,-1890.56
2023-08-30 17:45:00-04:00,SHORT,Bounce,1.09217,1.0924270712772952,1.0913987861681147,2023-08-30 17:50:00-04:00,1.0924270712772952,SL,0.00038,-1.0,-2.4782,-2478.19
2023-08-31 07:55:00-04:00,LONG,Bounce,1.0867499999999999,1.0861153070607354,1.0886540788177932,2023-08-31 09:05:00-04:00,1.0861153070607354,SL,0.00016,-1.0,-1.2521,-1252.09
2023-08-31 10:50:00-04:00,LONG,Bounce,1.08436,1.0838095909766485,1.0860112270700544,2023-08-31 11:40:00-04:00,1.0838095909766485,SL,0.00016,-1.0,-1.2907,-1290.69
2023-08-31 13:05:00-04:00,LONG,Bounce,1.08418,1.0838630660752353,1.0851308017742938,2023-08-31 14:05:00-04:00,1.0851308017742938,TP,0.00017,3.0,2.4636,2463.61
2023-08-31 18:55:00-04:00,LONG,Bounce,1.08405,1.083840982075763,1.0846770537727106,2023-08-31 20:15:00-04:00,1.083840982075763,SL,0.000216,-1.0,-2.0334,-2033.4
2023-08-31 21:05:00-04:00,LONG,Breakout,1.08468,1.084401336437281,1.085515990688157,2023-08-31 21:45:00-04:00,1.084401336437281,SL,0.00017,-1.0,-1.6101,-1610.05
2023-08-31 22:00:00-04:00,LONG,Retest,1.08465,1.0843954359524712,1.0854136921425859,2023-08-31 22:45:00-04:00,1.0843954359524712,SL,0.00017,-1.0,-1.6678,-1667.81
2023-09-01 02:20:00-04:00,SHORT,Breakout,1.08301,1.0837820882627707,1.080693735211688,2023-09-01 02:45:00-04:00,1.0837820882627707,SL,0.00017,-1.0,-1.2202,-1220.18
2023-09-01 06:55:00-04:00,SHORT,Breakout,1.08451,1.0846219954006537,1.0841740137980391,2023-09-01 07:00:00-04:00,1.0841740137980391,TP,0.00016,3.0,1.5714,1571.37
2023-09-01 14:25:00-04:00,SHORT,Breakout,1.07768,1.0779743681423983,1.076796895572805,2023-09-01 15:00:00-04:00,1.0779743681423983,SL,0.00017,-1.0,-1.5775,-1577.51
2023-09-04 02:10:00-04:00,SHORT,Bounce,1.07857,1.0786754324895582,1.0782537025313255,2023-09-04 02:20:00-04:00,1.0786754324895582,SL,0.00017,-1.0,-2.6124,-2612.41
2023-09-04 06:15:00-04:00,SHORT,Bounce,1.07982,1.0800814086947108,1.0790357739158676,2023-09-04 06:25:00-04:00,1.0800814086947108,SL,0.00016,-1.0,-1.6121,-1612.07
2023-09-04 10:00:00-04:00,SHORT,Breakout,1.07891,1.0795079369871057,1.0771161890386831,2023-09-04 11:50:00-04:00,1.0795079369871057,SL,0.00016,-1.0,-1.2676,-1267.59
2023-09-04 21:45:00-04:00,SHORT,Breakout,1.07865,1.0788282388130974,1.0781152835607082,2023-09-04 21:55:00-04:00,1.0788282388130974,SL,0.00017,-1.0,-1.9538,-1953.78
2023-09-04 22:00:00-04:00,SHORT,Breakout,1.07865,1.0788284535978043,1.0781146392065875,2023-09-04 23:10:00-04:00,1.0781146392065875,TP,0.00017,3.0,2.0474,2047.37
2023-09-05 02:15:00-04:00,SHORT,Breakout,1.07754,1.078067104198176,1.0759586874054718,2023-09-05 02:35:00-04:00,1.0759586874054718,TP,0.00017,3.0,2.6775,2677.48
2023-09-05 06:55:00-04:00,SHORT,Breakout,1.07387,1.0741925888853525,1.0729022333439429,2023-09-05 07:20:00-04:00,1.0729022333439429,TP,0.00016,3.0,2.504,2504.01
2023-09-05 08:20:00-04:00,SHORT,Breakout,1.07231,1.0729303261217253,1.0704490216348244,2023-09-05 08:40:00-04:00,1.0729303261217253,SL,0.00016,-1.0,-1.2579,-1257.93
2023-09-05 10:05:00-04:00,SHORT,Retest,1.07228,1.072986388958906,1.0701608331232817,2023-09-05 11:50:00-04:00,1.072986388958906,SL,0.00016,-1.0,-1.2265,-1226.5
2023-09-05 19:35:00-04:00,SHORT,Bounce,1.07263,1.072683726976071,1.072468819071787,2023-09-05 19:40:00-04:00,1.072468819071787,TP,0.00017,3.0,-0.1641,-164.15
2023-09-05 21:30:00-04:00,SHORT,Breakout,1.07152,1.0718027819503264,1.0706716541490209,2023-09-05 22:10:00-04:00,1.0718027819503264,SL,0.00017,-1.0,-1.6012,-1601.17
2023-09-06 10:00:00-04:00,SHORT,Breakout,1.0708,1.0725188587737844,1.0656434236786467,2023-09-06 13:10:00-04:00,1.0725188587737844,SL,0.00016,-1.0,-1.0931,-1093.09
2023-09-06 20:40:00-04:00,SHORT,Breakout,1.07196,1.0721054523078244,1.071523643076527,2023-09-06 20:55:00-04:00,1.0721054523078244,SL,0.00017,-1.0,-2.1688,-2168.77
2023-09-07 08:30:00-04:00,SHORT,Breakout,1.06909,1.0704162075099362,1.065111377470192,2023-09-07 10:40:00-04:00,1.0704162075099362,SL,0.00016,-1.0,-1.1206,-1120.64
2023-09-08 08:15:00-04:00,SHORT,Bounce,1.0702099999999999,1.0704731628486523,1.0694205114540425,2023-09-08 08:20:00-04:00,1.0704731628486523,SL,0.00016,-1.0,-1.608,-1607.99
2023-09-08 08:20:00-04:00,SHORT,Bounce,1.07022,1.0704736512166058,1.0694590463501825,2023-09-08 08:25:00-04:00,1.0704736512166058,SL,0.00016,-1.0,-1.6308,-1630.79
2023-09-08 08:50:00-04:00,SHORT,Bounce,1.07024,1.070487895400085,1.0694963137997455,2023-09-08 09:00:00-04:00,1.070487895400085,SL,0.00016,-1.0,-1.6454,-1645.43
2023-09-10 19:50:00-04:00,SHORT,Bounce,1.07175,1.0719557022943886,1.071132893116834,2023-09-10 20:05:00-04:00,1.0719557022943886,SL,0.00017,-1.0,-1.8264,-1826.44
2023-09-11 04:00:00-04:00,SHORT,Breakout,1.07226,1.072410881238107,1.071807356285679,2023-09-11 04:05:00-04:00,1.072410881238107,SL,0.00016,-1.0,-2.0604,-2060.44
2023-09-11 20:25:00-04:00,SHORT,Breakout,1.07433,1.0744295490222755,1.0740313529331735,2023-09-11 20:50:00-04:00,1.0744295490222755,SL,0.00017,-1.0,-2.7077,-2707.7
2023-09-11 20:55:00-04:00,SHORT,Breakout,1.07431,1.0744371627168874,1.0739285118493382,2023-09-11 21:10:00-04:00,1.0744371627168874,SL,0.00017,-1.0,-2.3369,-2336.87
2023-09-11 21:20:00-04:00,SHORT,Breakout,1.07425,1.0744793050675336,1.0735620847973988,2023-09-11 22:10:00-04:00,1.0744793050675336,SL,0.00017,-1.0,-1.7414,-1741.37
2023-09-11 22:10:00-04:00,SHORT,Retest,1.07426,1.0744688834672576,1.0736333495982273,2023-09-11 22:30:00-04:00,1.0744688834672576,SL,0.00017,-1.0,-1.8139,-1813.85
2023-09-12 01:45:00-04:00,SHORT,Breakout,1.07362,1.0737087925072848,1.0733536224781457,2023-09-12 02:00:00-04:00,1.0737087925072848,SL,0.00017,-1.0,-2.9146,-2914.58
2023-09-12 02:15:00-04:00,SHORT,Breakout,1.07361,1.073713384120256,1.073299847639232,2023-09-12 02:25:00-04:00,1.073713384120256,SL,0.00017,-1.0,-2.6444,-2644.35
2023-09-12 07:30:00-04:00,SHORT,Breakout,1.07098,1.0713302924155534,1.0699291227533398,2023-09-12 07:40:00-04:00,1.0713302924155534,SL,0.00016,-1.0,-1.4568,-1456.76
2023-09-12 08:45:00-04:00,SHORT,Breakout,1.071,1.0713501510227308,1.0699495469318074,2023-09-12 09:20:00-04:00,1.0713501510227308,SL,0.00016,-1.0,-1.4569,-1456.95
2023-09-12 14:55:00-04:00,SHORT,Bounce,1.07315,1.0733864603755834,1.07244061887325,2023-09-12 16:20:00-04:00,1.0733864603755834,SL,0.00017,-1.0,-1.7189,-1718.94
2023-09-13 01:40:00-04:00,SHORT,Breakout,1.07429,1.074575752829119,1.0734327415126426,2023-09-13 02:30:00-04:00,1.0734327415126426,TP,0.00017,3.0,2.4051,2405.08
2023-09-13 08:40:00-04:00,SHORT,Bounce,1.07423,1.0749790493648492,1.0719828519054524,2023-09-13 08:45:00-04:00,1.0749790493648492,SL,0.00016,-1.0,-1.2136,-1213.6
2023-09-13 09:05:00-04:00,SHORT,Bounce,1.07433,1.075011108035013,1.0722866758949607,2023-09-13 09:20:00-04:00,1.075011108035013,SL,0.00016,-1.0,-1.2349,-1234.91
2023-09-13 13:15:00-04:00,SHORT,Bounce,1.07419,1.074507013448246,1.073238959655262,2023-09-13 13:25:00-04:00,1.074507013448246,SL,0.00017,-1.0,-1.5363,-1536.25
2023-09-13 15:00:00-04:00,SHORT,Breakout,1.07296,1.0731087833454283,1.072513649963715,2023-09-13 15:30:00-04:00,1.0731087833454283,SL,0.00017,-1.0,-2.1426,-2142.6
2023-09-13 16:25:00-04:00,SHORT,Retest,1.07298,1.0730954568550533,1.0726336294348404,2023-09-13 17:40:00-04:00,1.0726336294348404,TP,0.00021,3.0,1.1811,1181.14
2023-09-13 20:15:00-04:00,SHORT,Bounce,1.07308,1.0733677283255965,1.0722168150232108,2023-09-13 20:25:00-04:00,1.0733677283255965,SL,0.00017,-1.0,-1.5908,-1590.84
2023-09-14 06:20:00-04:00,SHORT,Breakout,1.07305,1.0732193668476269,1.0725418994571196,2023-09-14 06:25:00-04:00,1.0732193668476269,SL,0.00016,-1.0,-1.9447,-1944.69
2023-09-14 08:15:00-04:00,SHORT,Breakout,1.07049,1.0725160233285245,1.0644119300144264,2023-09-14 13:15:00-04:00,1.0644119300144264,TP,0.00016,3.0,2.921,2921.03
2023-09-14 20:10:00-04:00,SHORT,Bounce,1.06408,1.0643217800027323,1.063354659991803,2023-09-14 21:30:00-04:00,1.063354659991803,TP,0.00017,3.0,2.2969,2296.88
2023-09-18 03:05:00-04:00,SHORT,Breakout,1.06608,1.0662861265527679,1.065461620341696,2023-09-18 03:25:00-04:00,1.0662861265527679,SL,0.00016,-1.0,-1.7762,-1776.22
2023-09-18 04:15:00-04:00,SHORT,Retest,1.06607,1.0662849328884385,1.0654252013346848,2023-09-18 04:20:00-04:00,1.0662849328884385,SL,0.00016,-1.0,-1.7444,-1744.42
2023-09-18 09:45:00-04:00,SHORT,Bounce,1.06677,1.066892432730985,1.066402701807045,2023-09-18 09:50:00-04:00,1.066402701807045,TP,0.00016,3.0,1.6932,1693.16
2023-09-19 00:45:00-04:00,SHORT,Breakout,1.06786,1.0680394750491888,1.0673215748524336,2023-09-19 00:55:00-04:00,1.0680394750491888,SL,0.00017,-1.0,-1.9472,-1947.21
2023-09-19 01:10:00-04:00,SHORT,Retest,1.06793,1.0680401820547958,1.0675994538356128,2023-09-19 01:20:00-04:00,1.0675994538356128,TP,0.00017,3.0,1.4571,1457.1
2023-09-19 02:05:00-04:00,SHORT,Breakout,1.06786,1.0680485738472683,1.0672942784581954,2023-09-19 02:30:00-04:00,1.0680485738472683,SL,0.00017,-1.0,-1.9015,-1901.5
2023-09-19 14:55:00-04:00,SHORT,Breakout,1.06768,1.067801626953539,1.0673151191393826,2023-09-19 15:05:00-04:00,1.067801626953539,SL,0.00017,-1.0,-2.3977,-2397.72
2023-09-19 18:30:00-04:00,SHORT,Bounce,1.068,1.0680780697357075,1.0677657907928777,2023-09-19 18:35:00-04:00,1.0680780697357075,SL,0.000192,-1.0,-3.4593,-3459.34
2023-09-20 06:00:00-04:00,SHORT,Bounce,1.06982,1.0699691034844128,1.0693726895467617,2023-09-20 06:05:00-04:00,1.0699691034844128,SL,0.00016,-1.0,-2.0731,-2073.08
2023-09-20 07:55:00-04:00,SHORT,Bounce,1.07009,1.070470951615265,1.0689471451542047,2023-09-20 09:10:00-04:00,1.070470951615265,SL,0.00016,-1.0,-1.42,-1420.0
2023-09-20 14:00:00-04:00,SHORT,Breakout,1.06824,1.071410105836582,1.0587296824902546,2023-09-20 14:30:00-04:00,1.071410105836582,SL,0.000172,-1.0,-1.0543,-1054.26
2023-09-20 22:30:00-04:00,SHORT,Breakout,1.06204,1.062744558628829,1.059926324113513,2023-09-20 23:00:00-04:00,1.062744558628829,SL,0.00017,-1.0,-1.2413,-1241.29
2023-09-21 02:00:00-04:00,SHORT,Bounce,1.06332,1.0637582922053226,1.0620051233840324,2023-09-21 02:05:00-04:00,1.0637582922053226,SL,0.00017,-1.0,-1.3879,-1387.87
2023-09-21 20:10:00-04:00,SHORT,Breakout,1.06554,1.0656383866376786,1.0652448400869639,2023-09-21 20:20:00-04:00,1.0656383866376786,SL,0.00017,-1.0,-2.7279,-2727.88
2023-09-21 21:00:00-04:00,SHORT,Breakout,1.06521,1.065647942040447,1.063896173878659,2023-09-22 01:20:00-04:00,1.065647942040447,SL,0.00017,-1.0,-1.3882,-1388.18
2023-09-22 03:15:00-04:00,SHORT,Breakout,1.0626,1.0647775215195514,1.0560674354413457,2023-09-22 03:30:00-04:00,1.0647775215195514,SL,0.00016,-1.0,-1.0735,-1073.48
2023-09-22 04:15:00-04:00,SHORT,Retest,1.06424,1.0647844422428707,1.0626066732713881,2023-09-22 05:00:00-04:00,1.0647844422428707,SL,0.00016,-1.0,-1.2939,-1293.88
2023-09-25 01:30:00-04:00,SHORT,Breakout,1.06442,1.0645213834076892,1.064115849776932,2023-09-25 01:35:00-04:00,1.0645213834076892,SL,0.00017,-1.0,-2.6768,-2676.8
2023-09-25 02:25:00-04:00,SHORT,Breakout,1.06444,1.0645299556472407,1.064170133058278,2023-09-25 02:45:00-04:00,1.0645299556472407,SL,0.00017,-1.0,-2.8898,-2889.82
2023-09-25 02:55:00-04:00,SHORT,Bounce,1.06454,1.0650227758238626,1.0630916725284123,2023-09-25 03:10:00-04:00,1.0650227758238626,SL,0.00016,-1.0,-1.3314,-1331.42
2023-09-25 08:40:00-04:00,SHORT,Breakout,1.06223,1.0623895896218118,1.0617512311345645,2023-09-25 08:50:00-04:00,1.0623895896218118,SL,0.00016,-1.0,-2.0026,-2002.57
2023-09-25 09:00:00-04:00,SHORT,Retest,1.06195,1.0623950769259831,1.0606147692220504,2023-09-25 09:30:00-04:00,1.0606147692220504,TP,0.00016,3.0,2.6405,2640.51
2023-09-25 14:55:00-04:00,SHORT,Breakout,1.05862,1.0587343657554635,1.058276902733609,2023-09-25 15:00:00-04:00,1.0587343657554635,SL,0.00017,-1.0,-2.4865,-2486.46
2023-09-25 15:05:00-04:00,SHORT,Retest,1.05864,1.0587328459830272,1.0583614620509185,2023-09-25 15:15:00-04:00,1.0587328459830272,SL,0.00017,-1.0,-2.831,-2830.99
2023-09-25 18:25:00-04:00,SHORT,Bounce,1.05936,1.059434417375069,1.0591367478747935,2023-09-25 18:30:00-04:00,1.059434417375069,SL,0.000236,-1.0,-4.1713,-4171.3
2023-09-25 20:20:00-04:00,SHORT,Breakout,1.05844,1.0587577369742527,1.0574867890772421,2023-09-26 00:35:00-04:00,1.0587577369742527,SL,0.00017,-1.0,-1.535,-1535.03
2023-09-26 20:40:00-04:00,SHORT,Breakout,1.05592,1.056155581078044,1.0552132567658676,2023-09-26 21:15:00-04:00,1.056155581078044,SL,0.00017,-1.0,-1.7216,-1721.62
2023-09-27 07:10:00-04:00,SHORT,Breakout,1.0548,1.055272289283951,1.0533831321481468,2023-09-27 07:20:00-04:00,1.0533831321481468,TP,0.00016,3.0,2.6612,2661.22
2023-09-27 09:25:00-04:00,SHORT,Breakout,1.05295,1.053510641321722,1.0512680760348345,2023-09-27 09:50:00-04:00,1.0512680760348345,TP,0.00016,3.0,2.7146,2714.61
2023-09-28 08:25:00-04:00,SHORT,Bounce,1.05365,1.0541932212181924,1.0520203363454228,2023-09-28 08:30:00-04:00,1.0541932212181924,SL,0.00016,-1.0,-1.2945,-1294.54
2023-09-29 01:10:00-04:00,SHORT,Bounce,1.05804,1.0582258741139783,1.0574823776580655,2023-09-29 01:50:00-04:00,1.0582258741139783,SL,0.00017,-1.0,-1.9146,-1914.6
2023-09-29 01:50:00-04:00,SHORT,Bounce,1.05794,1.058238007993414,1.0570459760197586,2023-09-29 02:05:00-04:00,1.058238007993414,SL,0.00017,-1.0,-1.5705,-1570.45
2023-09-29 04:55:00-04:00,SHORT,Bounce,1.06087,1.0611036087682015,1.0601691736953953,2023-09-29 05:40:00-04:00,1.0611036087682015,SL,0.00016,-1.0,-1.6849,-1684.91
2023-09-29 10:55:00-04:00,SHORT,Breakout,1.05861,1.058892707015643,1.057761878953071,2023-09-29 11:00:00-04:00,1.058892707015643,SL,0.00016,-1.0,-1.566,-1565.96
2023-09-29 13:05:00-04:00,SHORT,Breakout,1.05684,1.0573200303853494,1.0553999088439519,2023-09-29 14:55:00-04:00,1.0573200303853494,SL,0.00017,-1.0,-1.3541,-1354.14
2023-10-01 18:00:00-04:00,SHORT,Breakout,1.05618,1.056394764488833,1.0555357065335007,2023-10-01 18:10:00-04:00,1.056394764488833,SL,0.00031,-1.0,-2.4434,-2443.44
2023-10-01 19:45:00-04:00,SHORT,Retest,1.05619,1.0563659394512026,1.055662181646392,2023-10-01 19:55:00-04:00,1.0563659394512026,SL,0.00017,-1.0,-1.9662,-1966.24
2023-10-03 00:15:00-04:00,SHORT,Breakout,1.04618,1.0463427097998694,1.0456918706003921,2023-10-03 00:35:00-04:00,1.0463427097998694,SL,0.00017,-1.0,-2.0448,-2044.8
2023-10-03 02:15:00-04:00,SHORT,Bounce,1.04669,1.047062154276489,1.0455735371705324,2023-10-03 02:40:00-04:00,1.047062154276489,SL,0.00017,-1.0,-1.4568,-1456.8
2023-10-03 10:00:00-04:00,SHORT,Breakout,1.04541,1.0462591369504803,1.0428625891485588,2023-10-03 10:10:00-04:00,1.0462591369504803,SL,0.00016,-1.0,-1.1884,-1188.43
2023-10-03 12:05:00-04:00,SHORT,Retest,1.04593,1.0462688832287734,1.0449133503136798,2023-10-03 12:15:00-04:00,1.0462688832287734,SL,0.000166,-1.0,-1.4898,-1489.84
2023-10-03 20:00:00-04:00,SHORT,Bounce,1.04658,1.0467352435958583,1.0461142692124252,2023-10-03 20:10:00-04:00,1.0467352435958583,SL,0.00017,-1.0,-2.0951,-2095.05
2023-10-03 23:45:00-04:00,SHORT,Breakout,1.04591,1.0459959472362685,1.045652158291194,2023-10-03 23:50:00-04:00,1.045652158291194,TP,0.00017,3.0,1.022,1022.04
2023-10-04 00:00:00-04:00,SHORT,Retest,1.04583,1.0459935131479892,1.0453394605560327,2023-10-04 00:10:00-04:00,1.0459935131479892,SL,0.00017,-1.0,-2.0397,-2039.67
2023-10-04 02:25:00-04:00,SHORT,Breakout,1.04554,1.0456871073320886,1.045098678003734,2023-10-04 02:30:00-04:00,1.0456871073320886,SL,0.00017,-1.0,-2.1556,-2155.62
2023-10-04 03:00:00-04:00,SHORT,Breakout,1.04552,1.0457035402105255,1.0449693793684236,2023-10-04 03:10:00-04:00,1.0457035402105255,SL,0.00016,-1.0,-1.8717,-1871.74
2023-10-04 10:00:00-04:00,SHORT,Breakout,1.04939,1.0496772617624028,1.0485282147127917,2023-10-04 10:05:00-04:00,1.0496772617624028,SL,0.00016,-1.0,-1.557,-1556.98
2023-10-04 10:15:00-04:00,SHORT,Breakout,1.04903,1.0496846895379004,1.0470659313862984,2023-10-04 10:35:00-04:00,1.0496846895379004,SL,0.00016,-1.0,-1.2444,-1244.39
2023-10-04 20:05:00-04:00,SHORT,Breakout,1.05026,1.0504046974287107,1.0498259077138679,2023-10-04 20:10:00-04:00,1.0504046974287107,SL,0.00017,-1.0,-2.1749,-2174.87
2023-10-05 01:50:00-04:00,SHORT,Breakout,1.05197,1.052066347276227,1.0516809581713191,2023-10-05 01:55:00-04:00,1.0516809581713191,TP,0.00017,3.0,1.2355,1235.55
2023-10-05 02:00:00-04:00,SHORT,Retest,1.05137,1.0520751361718488,1.0492545914844533,2023-10-05 06:45:00-04:00,1.0520751361718488,SL,0.00017,-1.0,-1.2411,-1241.09
2023-10-05 08:35:00-04:00,SHORT,Breakout,1.05031,1.0505449646595169,1.0496051060214497,2023-10-05 08:40:00-04:00,1.0505449646595169,SL,0.00016,-1.0,-1.681,-1680.95
2023-10-05 09:30:00-04:00,SHORT,Bounce,1.05264,1.0530465324976102,1.0514204025071696,2023-10-05 09:45:00-04:00,1.0514204025071696,TP,0.00016,3.0,2.6064,2606.43
2023-10-05 20:00:00-04:00,SHORT,Breakout,1.0544,1.0544704885299363,1.0541885344101911,2023-10-05 20:05:00-04:00,1.0544704885299363,SL,0.00017,-1.0,-3.4117,-3411.74
2023-10-05 20:15:00-04:00,SHORT,Breakout,1.05437,1.0544741542639469,1.0540575372081595,2023-10-05 20:20:00-04:00,1.0544741542639469,SL,0.00017,-1.0,-2.6322,-2632.19
2023-10-05 20:25:00-04:00,SHORT,Breakout,1.05428,1.0544758472990154,1.053692458102954,2023-10-05 20:45:00-04:00,1.0544758472990154,SL,0.00017,-1.0,-1.868,-1868.02
2023-10-09 02:25:00-04:00,SHORT,Breakout,1.05439,1.0547732429673666,1.0532402710978999,2023-10-09 02:50:00-04:00,1.0532402710978999,TP,0.00017,3.0,2.5564,2556.42
2023-10-09 18:15:00-04:00,SHORT,Bounce,1.05678,1.0569746953624874,1.0561959139125379,2023-10-09 18:25:00-04:00,1.0569746953624874,SL,0.000174,-1.0,-1.8937,-1893.7
2023-10-10 03:15:00-04:00,SHORT,Breakout,1.05573,1.055885925493983,1.0552622235180513,2023-10-10 03:20:00-04:00,1.055885925493983,SL,0.00016,-1.0,-2.0261,-2026.13
2023-10-10 21:20:00-04:00,SHORT,Breakout,1.0602,1.0603135611990215,1.0598593164029355,2023-10-10 21:45:00-04:00,1.0603135611990215,SL,0.00017,-1.0,-2.497,-2496.99
2023-10-13 02:10:00-04:00,SHORT,Breakout,1.05406,1.054214607371594,1.0535961778852183,2023-10-13 02:15:00-04:00,1.054214607371594,SL,0.00017,-1.0,-2.0996,-2099.56
2023-10-13 03:15:00-04:00,SHORT,Retest,1.05374,1.0542404461024881,1.0522386616925352,2023-10-13 03:25:00-04:00,1.0542404461024881,SL,0.00016,-1.0,-1.3197,-1319.71
2023-10-13 10:15:00-04:00,SHORT,Breakout,1.05066,1.0514554732103867,1.0482735803688397,2023-10-13 15:30:00-04:00,1.0514554732103867,SL,0.00016,-1.0,-1.2011,-1201.14
2023-10-15 17:40:00-04:00,SHORT,Bounce,1.05084,1.0512045441162703,1.0497463676511891,2023-10-15 17:45:00-04:00,1.0512045441162703,SL,0.000282,-1.0,-1.7736,-1773.57
2023-10-16 18:00:00-04:00,SHORT,Bounce,1.05578,1.056166486639183,1.0546205400824504,2023-10-16 22:05:00-04:00,1.0546205400824504,TP,0.000232,3.0,2.3997,2399.72
2023-10-17 01:55:00-04:00,SHORT,Breakout,1.05435,1.0545056673529132,1.05388299794126,2023-10-17 02:20:00-04:00,1.05388299794126,TP,0.00017,3.0,1.9079,1907.93
2023-10-17 08:30:00-04:00,SHORT,Breakout,1.05418,1.054664414751793,1.0527267557446207,2023-10-17 08:50:00-04:00,1.054664414751793,SL,0.00016,-1.0,-1.3303,-1330.3
2023-10-17 09:00:00-04:00,SHORT,Breakout,1.05421,1.054670392981146,1.0528288210565622,2023-10-17 09:05:00-04:00,1.054670392981146,SL,0.00016,-1.0,-1.3475,-1347.53
2023-10-17 19:35:00-04:00,SHORT,Breakout,1.05726,1.0573294782975542,1.0570515651073378,2023-10-17 20:00:00-04:00,1.0570515651073378,TP,0.00017,3.0,0.5532,553.19
2023-10-17 22:05:00-04:00,SHORT,Bounce,1.05739,1.0576777857224802,1.0565266428325597,2023-10-17 22:30:00-04:00,1.0576777857224802,SL,0.00017,-1.0,-1.5907,-1590.72
2023-10-19 00:50:00-04:00,SHORT,Breakout,1.05311,1.053179259745592,1.052902220763224,2023-10-19 00:55:00-04:00,1.053179259745592,SL,0.00017,-1.0,-3.4545,-3454.53
2023-10-19 02:10:00-04:00,SHORT,Retest,1.05296,1.0531862178139761,1.0522813465580712,2023-10-19 02:15:00-04:00,1.0531862178139761,SL,0.00017,-1.0,-1.7515,-1751.49
2023-10-19 20:15:00-04:00,SHORT,Breakout,1.0575,1.05777999099271,1.0566600270218707,2023-10-19 20:35:00-04:00,1.05777999099271,SL,0.00017,-1.0,-1.6072,-1607.16
2023-10-19 22:40:00-04:00,SHORT,Retest,1.05759,1.057774410949834,1.0570367671504983,2023-10-19 22:45:00-04:00,1.057774410949834,SL,0.00017,-1.0,-1.9219,-1921.85
2023-10-24 03:05:00-04:00,LONG,Breakout,1.06886,1.068563967327502,1.0697480980174936,2023-10-24 03:10:00-04:00,1.068563967327502,SL,0.00016,-1.0,-1.5405,-1540.48
2023-10-25 00:55:00-04:00,LONG,Breakout,1.06055,1.0603976580132985,1.0610070259601048,2023-10-25 01:00:00-04:00,1.0603976580132985,SL,0.00017,-1.0,-2.1159,-2115.91
2023-10-25 01:30:00-04:00,LONG,Bounce,1.06003,1.0599667761684466,1.0602196714946603,2023-10-25 01:35:00-04:00,1.0599667761684466,SL,0.00017,-1.0,-3.6889,-3688.86
2023-10-25 01:55:00-04:00,LONG,Bounce,1.06003,1.0599601683523068,1.0602394949430798,2023-10-25 02:00:00-04:00,1.0599601683523068,SL,0.00017,-1.0,-3.4344,-3434.43
2023-10-25 07:30:00-04:00,LONG,Breakout,1.05773,1.0575899998873675,1.0581500003378979,2023-10-25 07:35:00-04:00,1.0575899998873675,SL,0.00016,-1.0,-2.1429,-2142.86
2023-10-25 08:15:00-04:00,LONG,Breakout,1.05786,1.0575871095020402,1.0586786714938796,2023-10-25 08:20:00-04:00,1.0575871095020402,SL,0.00016,-1.0,-1.5863,-1586.32
2023-10-25 09:35:00-04:00,LONG,Bounce,1.05711,1.0567721428832948,1.0581235713501156,2023-10-25 10:00:00-04:00,1.0567721428832948,SL,0.00016,-1.0,-1.4736,-1473.57
2023-10-25 10:00:00-04:00,LONG,Bounce,1.05759,1.0567642225180862,1.0600673324457415,2023-10-25 13:30:00-04:00,1.0567642225180862,SL,0.00016,-1.0,-1.1938,-1193.76
2023-10-26 02:00:00-04:00,SHORT,Breakout,1.05393,1.054210029116474,1.0530899126505782,2023-10-26 02:10:00-04:00,1.054210029116474,SL,0.00017,-1.0,-1.6071,-1607.08
2023-10-26 02:50:00-04:00,SHORT,Retest,1.05381,1.0542271047597775,1.052558685720667,2023-10-26 03:05:00-04:00,1.0542271047597775,SL,0.00016,-1.0,-1.3836,-1383.6
2023-10-26 08:20:00-04:00,SHORT,Breakout,1.05334,1.0540315758998913,1.051265272300326,2023-10-26 08:30:00-04:00,1.0540315758998913,SL,0.00016,-1.0,-1.2314,-1231.36
2023-10-26 10:10:00-04:00,SHORT,Retest,1.05329,1.0540963795497866,1.0508708613506403,2023-10-26 10:40:00-04:00,1.0540963795497866,SL,0.00016,-1.0,-1.1984,-1198.42
2023-10-30 02:30:00-04:00,SHORT,Breakout,1.05561,1.0557926621267062,1.0550620136198812,2023-10-30 02:35:00-04:00,1.0557926621267062,SL,0.00017,-1.0,-1.9307,-1930.68
2023-10-30 04:00:00-04:00,SHORT,Breakout,1.05506,1.0556298219089995,1.053350534273002,2023-10-30 04:45:00-04:00,1.0556298219089995,SL,0.00016,-1.0,-1.2808,-1280.79
2023-10-30 20:05:00-04:00,SHORT,Breakout,1.06093,1.0610572856788305,1.0605481429635082,2023-10-30 20:15:00-04:00,1.0610572856788305,SL,0.00017,-1.0,-2.3356,-2335.58
2023-10-30 21:00:00-04:00,SHORT,Breakout,1.0608,1.0608833477443909,1.0605499567668273,2023-10-30 21:05:00-04:00,1.0608833477443909,SL,0.00017,-1.0,-3.0396,-3039.65
2023-10-30 21:10:00-04:00,SHORT,Retest,1.06072,1.060882713106133,1.0602318606816017,2023-10-30 21:55:00-04:00,1.060882713106133,SL,0.00017,-1.0,-2.0448,-2044.78
2023-10-30 22:00:00-04:00,SHORT,Breakout,1.06067,1.0608931014646379,1.0600006956060863,2023-10-30 22:10:00-04:00,1.0600006956060863,TP,0.00017,3.0,2.238,2238.01
2023-11-02 01:40:00-04:00,LONG,Bounce,1.05971,1.0593623810229011,1.0607528569312963,2023-11-02 02:35:00-04:00,1.0593623810229011,SL,0.00017,-1.0,-1.489,-1489.04
2023-11-02 02:35:00-04:00,LONG,Bounce,1.05952,1.0593703187303667,1.0599690438089,2023-11-02 02:55:00-04:00,1.0599690438089,TP,0.00017,3.0,1.8643,1864.25
2023-11-02 03:25:00-04:00,LONG,Breakout,1.06026,1.0600582116369794,1.0608653650890616,2023-11-02 03:35:00-04:00,1.0608653650890616,TP,0.00017,3.0,2.1575,2157.53
2023-11-02 19:40:00-04:00,LONG,Bounce,1.06155,1.0614633914556122,1.0618098256331634,2023-11-02 19:55:00-04:00,1.0614633914556122,SL,0.00017,-1.0,-2.9629,-2962.85
2023-11-02 21:00:00-04:00,LONG,Bounce,1.06168,1.0614602806430244,1.0623391580709265,2023-11-02 21:05:00-04:00,1.0614602806430244,SL,0.00017,-1.0,-1.7737,-1773.71
2023-11-03 01:35:00-04:00,LONG,Breakout,1.06292,1.0627677532589446,1.0633767402231666,2023-11-03 01:40:00-04:00,1.0627677532589446,SL,0.00017,-1.0,-2.1166,-2116.61
2023-11-03 01:45:00-04:00,LONG,Breakout,1.06297,1.062764368881437,1.063586893355689,2023-11-03 02:05:00-04:00,1.062764368881437,SL,0.00017,-1.0,-1.8267,-1826.72
2023-11-03 02:20:00-04:00,LONG,Retest,1.06288,1.0627636625643628,1.0632290123069117,2023-11-03 02:35:00-04:00,1.0632290123069117,TP,0.00017,3.0,1.5387,1538.73
2023-11-03 03:10:00-04:00,LONG,Breakout,1.06299,1.0627531720817027,1.0637004837548922,2023-11-03 03:40:00-04:00,1.0627531720817027,SL,0.00017,-1.0,-1.7178,-1717.82
2023-11-03 08:05:00-04:00,LONG,Breakout,1.06488,1.0647191973205388,1.065362408038384,2023-11-03 08:10:00-04:00,1.0647191973205388,SL,0.00016,-1.0,-1.995,-1995.01
2023-11-03 08:10:00-04:00,LONG,Retest,1.06497,1.0647199689405002,1.0657200931784991,2023-11-03 08:25:00-04:00,1.0657200931784991,TP,0.00016,3.0,2.3601,2360.08
2023-11-05 20:00:00-05:00,LONG,Bounce,1.07243,1.0721955765114568,1.0731332704656296,2023-11-05 20:15:00-05:00,1.0721955765114568,SL,0.00017,-1.0,-1.7252,-1725.18
2023-11-05 20:15:00-05:00,LONG,Bounce,1.07241,1.0721968008730578,1.073049597380827,2023-11-05 21:00:00-05:00,1.073049597380827,TP,0.00017,3.0,2.2026,2202.62
2023-11-06 01:00:00-05:00,LONG,Breakout,1.0737700000000001,1.0736369059954545,1.074169282013637,2023-11-06 01:05:00-05:00,1.0736369059954545,SL,0.00017,-1.0,-2.2773,-2277.29
2023-11-06 01:35:00-05:00,LONG,Retest,1.07379,1.0736368178391942,1.0742495464824175,2023-11-06 01:45:00-05:00,1.0736368178391942,SL,0.00017,-1.0,-2.1098,-2109.79
2023-11-06 02:20:00-05:00,LONG,Breakout,1.07418,1.0738852577057305,1.0750642268828081,2023-11-06 02:25:00-05:00,1.0738852577057305,SL,0.00017,-1.0,-1.5768,-1576.78
2023-11-08 09:30:00-05:00,LONG,Breakout,1.06805,1.0676025399864586,1.069392380040624,2023-11-08 10:30:00-05:00,1.069392380040624,TP,0.00016,3.0,2.6424,2642.43
2023-11-08 21:05:00-05:00,LONG,Breakout,1.0714299999999999,1.0711543963004722,1.072256811098583,2023-11-08 21:35:00-05:00,1.0711543963004722,SL,0.00017,-1.0,-1.6168,-1616.83
2023-11-09 14:05:00-05:00,LONG,Bounce,1.06787,1.0670391697710686,1.0703624906867946,2023-11-09 14:15:00-05:00,1.0670391697710686,SL,0.00017,-1.0,-1.2046,-1204.61
2023-11-09 20:15:00-05:00,LONG,Breakout,1.06711,1.0668554648320991,1.0678736055037026,2023-11-09 22:50:00-05:00,1.0668554648320991,SL,0.00017,-1.0,-1.6679,-1667.88
2023-11-10 05:55:00-05:00,LONG,Breakout,1.06862,1.0678364138239003,1.0709707585282988,2023-11-10 06:25:00-05:00,1.0678364138239003,SL,0.00016,-1.0,-1.2042,-1204.19
2023-11-10 08:00:00-05:00,LONG,Retest,1.06816,1.0678362278152198,1.0691313165543406,2023-11-10 08:20:00-05:00,1.0678362278152198,SL,0.00016,-1.0,-1.4942,-1494.17
2023-11-12 18:00:00-05:00,LONG,Breakout,1.06888,1.068617349947386,1.0696679501578419,2023-11-12 19:15:00-05:00,1.068617349947386,SL,0.00017,-1.0,-1.6472,-1647.25
2023-11-13 01:45:00-05:00,LONG,Breakout,1.06906,1.0687904608788636,1.0698686173634087,2023-11-13 02:00:00-05:00,1.0687904608788636,SL,0.00017,-1.0,-1.6307,-1630.71
2023-11-13 03:55:00-05:00,LONG,Retest,1.06907,1.0687653087943285,1.0699840736170143,2023-11-13 04:05:00-05:00,1.0687653087943285,SL,0.00016,-1.0,-1.5251,-1525.12
2023-11-13 20:20:00-05:00,LONG,Bounce,1.06961,1.0695449881726855,1.0698050354819433,2023-11-13 20:25:00-05:00,1.0695449881726855,SL,0.00017,-1.0,-3.6149,-3614.91
2023-11-14 02:00:00-05:00,LONG,Breakout,1.07009,1.069872143057199,1.0707435708284032,2023-11-14 02:05:00-05:00,1.069872143057199,SL,0.00017,-1.0,-1.7803,-1780.33
2023-11-14 04:35:00-05:00,LONG,Breakout,1.07096,1.0707976399013004,1.0714470802960985,2023-11-14 04:40:00-05:00,1.0714470802960985,TP,0.00016,3.0,2.0145,2014.54
2023-11-14 08:30:00-05:00,LONG,Breakout,1.07868,1.0727810552975003,1.0963768341074993,2023-11-20 23:10:00-05:00,1.0963768341074993,TP,0.00016,3.0,2.9729,2972.88
2023-11-21 07:20:00-05:00,LONG,Bounce,1.09442,1.0941007812063293,1.095377656381012,2023-11-21 08:05:00-05:00,1.095377656381012,TP,0.00016,3.0,2.4988,2498.78
2023-11-21 08:10:00-05:00,LONG,Breakout,1.09538,1.0952298318635307,1.0958305044094079,2023-11-21 08:15:00-05:00,1.0952298318635307,SL,0.00016,-1.0,-2.0655,-2065.47
2023-11-21 08:50:00-05:00,LONG,Bounce,1.0943,1.0937232200620675,1.0960303398137978,2023-11-21 10:40:00-05:00,1.0937232200620675,SL,0.00016,-1.0,-1.2774,-1277.4
2023-11-21 18:20:00-05:00,LONG,Breakout,1.09164,1.0915313578549461,1.0919659264351613,2023-11-21 18:25:00-05:00,1.0915313578549461,SL,0.00017,-1.0,-2.5648,-2564.77
2023-11-21 18:35:00-05:00,LONG,Breakout,1.09177,1.0915287139968357,1.0924938580094925,2023-11-21 18:55:00-05:00,1.0915287139968357,SL,0.00017,-1.0,-1.7046,-1704.56
2023-11-21 19:50:00-05:00,LONG,Breakout,1.09168,1.0915381379698639,1.0921055860904083,2023-11-21 20:15:00-05:00,1.0921055860904083,TP,0.00017,3.0,1.8017,1801.65
2023-11-21 22:15:00-05:00,LONG,Retest,1.09161,1.0915304646325301,1.0918486061024095,2023-11-21 22:20:00-05:00,1.0915304646325301,SL,0.00017,-1.0,-3.1374,-3137.41
2023-11-22 07:15:00-05:00,LONG,Breakout,1.0908,1.0906127441444597,1.0913617675666207,2023-11-22 07:20:00-05:00,1.0906127441444597,SL,0.00016,-1.0,-1.8544,-1854.45
2023-11-22 07:30:00-05:00,LONG,Breakout,1.09086,1.0906112874946714,1.0916061375159856,2023-11-22 07:40:00-05:00,1.0906112874946714,SL,0.00016,-1.0,-1.6433,-1643.31
2023-11-22 08:00:00-05:00,LONG,Breakout,1.09109,1.090604444362955,1.0925466669111346,2023-11-22 08:15:00-05:00,1.090604444362955,SL,0.00016,-1.0,-1.3295,-1329.52
2023-11-22 08:15:00-05:00,LONG,Breakout,1.09116,1.0906010234203398,1.0928369297389802,2023-11-22 08:30:00-05:00,1.0906010234203398,SL,0.00016,-1.0,-1.2862,-1286.24
2023-11-22 19:35:00-05:00,LONG,Breakout,1.08888,1.0887991655167815,1.0891225034496559,2023-11-22 19:40:00-05:00,1.0887991655167815,SL,0.00017,-1.0,-3.1031,-3103.06
2023-11-22 19:45:00-05:00,LONG,Breakout,1.08891,1.0887991274098778,1.0892426177703667,2023-11-22 20:05:00-05:00,1.0887991274098778,SL,0.00017,-1.0,-2.5333,-2533.29
2023-11-22 20:10:00-05:00,LONG,Breakout,1.08902,1.0887936622898862,1.089699013130342,2023-11-22 21:05:00-05:00,1.089699013130342,TP,0.00017,3.0,2.2489,2248.91
2023-11-23 00:45:00-05:00,LONG,Breakout,1.09063,1.090479035580953,1.0910828932571408,2023-11-23 00:55:00-05:00,1.0910828932571408,TP,0.00017,3.0,1.8739,1873.91
2023-11-23 03:15:00-05:00,LONG,Bounce,1.09069,1.0903697688627667,1.0916506934116996,2023-11-23 03:30:00-05:00,1.0916506934116996,TP,0.00016,3.0,2.5004,2500.36
2023-11-23 03:30:00-05:00,LONG,Breakout,1.09221,1.0915950306820328,1.0940549079539013,2023-11-23 03:45:00-05:00,1.0915950306820328,SL,0.00016,-1.0,-1.2602,-1260.18
2023-11-23 05:10:00-05:00,LONG,Retest,1.09183,1.0916056612860103,1.0925030161419693,2023-11-23 05:15:00-05:00,1.0916056612860103,SL,0.00016,-1.0,-1.7132,-1713.21
2023-11-23 19:50:00-05:00,LONG,Breakout,1.09085,1.0906435347116772,1.0914693958649688,2023-11-23 19:55:00-05:00,1.0906435347116772,SL,0.00017,-1.0,-1.8234,-1823.38
2023-11-23 20:05:00-05:00,LONG,Breakout,1.09082,1.0906402433533362,1.091359269939991,2023-11-23 20:15:00-05:00,1.0906402433533362,SL,0.00017,-1.0,-1.9457,-1945.72
2023-11-23 20:25:00-05:00,LONG,Bounce,1.0903100000000001,1.0901639393589815,1.090748181923056,2023-11-23 20:30:00-05:00,1.0901639393589815,SL,0.00017,-1.0,-2.1639,-2163.9
2023-11-24 00:55:00-05:00,LONG,Breakout,1.09107,1.0909255471900445,1.0915033584298663,2023-11-24 01:00:00-05:00,1.0909255471900445,SL,0.00017,-1.0,-2.1769,-2176.85
2023-11-24 07:15:00-05:00,LONG,Breakout,1.09212,1.0919565566777347,1.0926103299667957,2023-11-24 07:25:00-05:00,1.0926103299667957,TP,0.00016,3.0,2.0211,2021.07
2023-11-24 09:50:00-05:00,LONG,Breakout,1.09361,1.0926503483908299,1.0964889548275103,2023-11-26 20:00:00-05:00,1.0926503483908299,SL,0.00016,-1.0,-1.1667,-1166.73
2023-11-27 02:00:00-05:00,LONG,Breakout,1.0955,1.09484943117474,1.0974517064757794,2023-11-27 02:55:00-05:00,1.09484943117474,SL,0.00017,-1.0,-1.2613,-1261.31
2023-11-27 13:05:00-05:00,LONG,Breakout,1.09386,1.0936684996327874,1.0944345011016379,2023-11-27 13:10:00-05:00,1.0936684996327874,SL,0.00017,-1.0,-1.8877,-1887.73
2023-11-27 13:25:00-05:00,LONG,Retest,1.09383,1.0936701537383393,1.0943095387849824,2023-11-27 14:00:00-05:00,1.0943095387849824,TP,0.00017,3.0,1.9365,1936.48
2023-11-27 19:15:00-05:00,LONG,Breakout,1.09578,1.0956283868832029,1.0962348393503913,2023-11-27 19:20:00-05:00,1.0956283868832029,SL,0.00017,-1.0,-2.1213,-2121.28
2023-11-27 19:30:00-05:00,LONG,Breakout,1.0959,1.0956255043667626,1.0967234868997124,2023-11-27 19:40:00-05:00,1.0956255043667626,SL,0.00017,-1.0,-1.6193,-1619.32
2023-11-27 19:55:00-05:00,LONG,Breakout,1.09573,1.0956214697165771,1.096055590850269,2023-11-27 20:00:00-05:00,1.0956214697165771,SL,0.00017,-1.0,-2.5664,-2566.38
2023-11-28 07:55:00-05:00,LONG,Bounce,1.09497,1.0946704219004808,1.0958687342985576,2023-11-28 08:00:00-05:00,1.0946704219004808,SL,0.00016,-1.0,-1.5341,-1534.08
2023-11-28 08:10:00-05:00,LONG,Bounce,1.09489,1.0946664267184243,1.0955607198447268,2023-11-28 08:15:00-05:00,1.0946664267184243,SL,0.00016,-1.0,-1.7156,-1715.65
2023-11-28 08:40:00-05:00,LONG,Breakout,1.09667,1.0960749297452501,1.0984552107642498,2023-11-28 08:45:00-05:00,1.0960749297452501,SL,0.00016,-1.0,-1.2689,-1268.88
2023-11-28 08:50:00-05:00,LONG,Breakout,1.0966,1.0960660465660574,1.0982018603018278,2023-11-28 09:25:00-05:00,1.0982018603018278,TP,0.00016,3.0,2.7003,2700.35
2023-11-28 18:00:00-05:00,LONG,Breakout,1.09946,1.099259214061011,1.1000623578169677,2023-11-28 18:20:00-05:00,1.1000623578169677,TP,0.00017,3.0,2.1533,2153.33
2023-11-28 20:00:00-05:00,LONG,Breakout,1.10145,1.1004209130424942,1.1045372608725175,2023-11-28 20:55:00-05:00,1.1004209130424942,SL,0.00017,-1.0,-1.1652,-1165.19
2023-11-29 01:15:00-05:00,LONG,Bounce,1.09991,1.0995232016387395,1.1010703950837812,2023-11-29 01:30:00-05:00,1.0995232016387395,SL,0.00017,-1.0,-1.4395,-1439.51
2023-11-29 01:30:00-05:00,LONG,Bounce,1.10001,1.0995129037902007,1.1015012886293976,2023-11-29 02:00:00-05:00,1.0995129037902007,SL,0.00017,-1.0,-1.342,-1341.99
2023-11-29 09:00:00-05:00,LONG,Bounce,1.09734,1.096684666507735,1.099306000476795,2023-11-29 09:15:00-05:00,1.096684666507735,SL,0.00016,-1.0,-1.2442,-1244.15
2023-11-30 09:00:00-05:00,LONG,Bounce,1.09155,1.090697312333315,1.094108063000055,2023-11-30 09:30:00-05:00,1.090697312333315,SL,0.00016,-1.0,-1.1876,-1187.64
2023-12-05 09:40:00-05:00,SHORT,Breakout,1.08105,1.0812458819930328,1.0804623540209017,2023-12-05 09:45:00-05:00,1.0804623540209017,TP,0.00016,3.0,2.1832,2183.18
2023-12-05 10:10:00-05:00,SHORT,Bounce,1.08214,1.0834720786790726,1.0781437639627827,2023-12-05 11:50:00-05:00,1.0781437639627827,TP,0.00016,3.0,2.8799,2879.89
2023-12-05 19:00:00-05:00,SHORT,Breakout,1.07915,1.0792525043638876,1.0788424869083373,2023-12-05 19:10:00-05:00,1.0792525043638876,SL,0.00017,-1.0,-2.6585,-2658.47
2023-12-05 19:25:00-05:00,SHORT,Breakout,1.07916,1.0792515617763077,1.0788853146710766,2023-12-05 19:40:00-05:00,1.0788853146710766,TP,0.00017,3.0,1.1433,1143.33
2023-12-05 20:05:00-05:00,SHORT,Bounce,1.0796000000000001,1.0798244102502366,1.0789267692492908,2023-12-05 20:25:00-05:00,1.0789267692492908,TP,0.00017,3.0,2.2425,2242.46
2023-12-05 20:30:00-05:00,SHORT,Breakout,1.07887,1.0790180836687115,1.0784257489938653,2023-12-05 20:35:00-05:00,1.0790180836687115,SL,0.00017,-1.0,-2.148,-2148.0
2023-12-06 12:55:00-05:00,SHORT,Breakout,1.07807,1.0783457931354865,1.0772426205935408,2023-12-06 13:00:00-05:00,1.0783457931354865,SL,0.00017,-1.0,-1.6164,-1616.4
2023-12-06 14:20:00-05:00,SHORT,Breakout,1.07688,1.0770858585274818,1.0762624244175547,2023-12-06 14:30:00-05:00,1.0770858585274818,SL,0.00017,-1.0,-1.8258,-1825.81
2023-12-07 20:00:00-05:00,SHORT,Bounce,1.07957,1.07966921122387,1.0792723663283899,2023-12-07 20:05:00-05:00,1.07966921122387,SL,0.00017,-1.0,-2.7135,-2713.52
2023-12-07 20:05:00-05:00,SHORT,Bounce,1.0794,1.079671410422165,1.0785857687335048,2023-12-07 20:15:00-05:00,1.079671410422165,SL,0.00017,-1.0,-1.6264,-1626.36
2023-12-07 20:15:00-05:00,SHORT,Bounce,1.07932,1.0796758589864586,1.0782524230406245,2023-12-07 23:50:00-05:00,1.0782524230406245,TP,0.00017,3.0,2.5223,2522.28
2023-12-08 01:55:00-05:00,SHORT,Breakout,1.07783,1.0781903630737988,1.076748910778604,2023-12-08 03:10:00-05:00,1.0781903630737988,SL,0.000172,-1.0,-1.4773,-1477.3
2023-12-08 07:45:00-05:00,SHORT,Breakout,1.07759,1.0777935396098817,1.0769793811703552,2023-12-08 07:50:00-05:00,1.0777935396098817,SL,0.00016,-1.0,-1.7861,-1786.09
2023-12-11 02:10:00-05:00,SHORT,Bounce,1.0766,1.0767546850448397,1.0761359448654808,2023-12-11 02:25:00-05:00,1.0761359448654808,TP,0.00017,3.0,1.901,1900.99
2023-12-11 02:45:00-05:00,SHORT,Breakout,1.07587,1.0760728659964265,1.075261402010721,2023-12-11 02:55:00-05:00,1.075261402010721,TP,0.00016,3.0,2.2113,2211.3
2023-12-11 06:30:00-05:00,SHORT,Bounce,1.07702,1.0779046289026648,1.074366113292006,2023-12-11 09:20:00-05:00,1.074366113292006,TP,0.00016,3.0,2.8191,2819.13
2023-12-11 09:30:00-05:00,SHORT,Retest,1.07436,1.0752534272501657,1.0716797182495028,2023-12-11 09:35:00-05:00,1.0752534272501657,SL,0.00016,-1.0,-1.1791,-1179.09
2023-12-12 08:30:00-05:00,SHORT,Bounce,1.08009,1.0807962394850623,1.077971281544813,2023-12-12 08:45:00-05:00,1.077971281544813,TP,0.00016,3.0,2.7734,2773.45
2023-12-12 19:05:00-05:00,SHORT,Bounce,1.07974,1.079802334439844,1.0795529966804678,2023-12-12 19:10:00-05:00,1.0795529966804678,TP,0.00017,3.0,0.2728,272.78
2023-12-12 21:05:00-05:00,SHORT,Breakout,1.07893,1.0790839534418128,1.0784681396745612,2023-12-12 21:40:00-05:00,1.0784681396745612,TP,0.00017,3.0,1.8958,1895.77
2023-12-13 01:20:00-05:00,SHORT,Breakout,1.07824,1.0783601718021183,1.0778794845936455,2023-12-13 01:45:00-05:00,1.0783601718021183,SL,0.00017,-1.0,-2.4146,-2414.64
2023-12-13 02:00:00-05:00,SHORT,Breakout,1.07807,1.0783647137961565,1.0771858586115308,2023-12-13 02:25:00-05:00,1.0783647137961565,SL,0.00017,-1.0,-1.5768,-1576.83
2023-12-13 08:30:00-05:00,SHORT,Bounce,1.07904,1.0792707915207065,1.0783476254378805,2023-12-13 08:35:00-05:00,1.0792707915207065,SL,0.00016,-1.0,-1.6933,-1693.27
2023-12-14 04:00:00-05:00,LONG,Breakout,1.09083,1.0906089768658769,1.0914930694023692,2023-12-14 04:15:00-05:00,1.0906089768658769,SL,0.00016,-1.0,-1.7239,-1723.91
2023-12-17 19:15:00-05:00,LONG,Breakout,1.08974,1.089631932672426,1.0900642019827218,2023-12-17 19:25:00-05:00,1.089631932672426,SL,0.00017,-1.0,-2.5731,-2573.09
2023-12-17 19:25:00-05:00,LONG,Retest,1.08979,1.0896331358246938,1.0902605925259188,2023-12-17 19:40:00-05:00,1.0896331358246938,SL,0.00017,-1.0,-2.0837,-2083.74
2023-12-17 19:45:00-05:00,LONG,Breakout,1.08986,1.0896335020899908,1.090539493730028,2023-12-17 20:10:00-05:00,1.0896335020899908,SL,0.00017,-1.0,-1.7506,-1750.56
2023-12-18 00:20:00-05:00,LONG,Breakout,1.09143,1.0912556822481678,1.0919529532554961,2023-12-18 00:35:00-05:00,1.0912556822481678,SL,0.00017,-1.0,-1.9752,-1975.23
2023-12-18 00:55:00-05:00,LONG,Breakout,1.09144,1.0912525158999151,1.0920024523002545,2023-12-18 01:00:00-05:00,1.0912525158999151,SL,0.00017,-1.0,-1.9067,-1906.74
2023-12-18 01:15:00-05:00,LONG,Breakout,1.09151,1.0912477176857942,1.0922968469426173,2023-12-18 02:30:00-05:00,1.0922968469426173,TP,0.00017,3.0,2.3518,2351.84
2023-12-18 21:50:00-05:00,LONG,Bounce,1.09173,1.0916527901982167,1.0919616294053502,2023-12-18 21:55:00-05:00,1.0919616294053502,TP,0.00017,3.0,0.7982,798.21
2023-12-19 02:10:00-05:00,LONG,Breakout,1.09338,1.0927773739080222,1.0951878782759334,2023-12-19 02:55:00-05:00,1.0927773739080222,SL,0.00017,-1.0,-1.2821,-1282.1
2023-12-19 07:10:00-05:00,LONG,Breakout,1.09462,1.0943775210275524,1.0953474369173426,2023-12-19 07:25:00-05:00,1.0943775210275524,SL,0.00016,-1.0,-1.6599,-1659.85
2023-12-19 07:35:00-05:00,LONG,Breakout,1.09474,1.09437520920019,1.0958343723994304,2023-12-19 07:45:00-05:00,1.09437520920019,SL,0.00016,-1.0,-1.4386,-1438.61
2023-12-19 07:45:00-05:00,LONG,Retest,1.09477,1.0943732773205719,1.0959601680382844,2023-12-19 07:55:00-05:00,1.0959601680382844,TP,0.00016,3.0,2.5967,2596.7
2023-12-20 00:00:00-05:00,LONG,Bounce,1.0968,1.0966897346826874,1.0971307959519379,2023-12-20 00:05:00-05:00,1.0966897346826874,SL,0.00017,-1.0,-2.5417,-2541.74
2023-12-21 08:30:00-05:00,LONG,Breakout,1.09926,1.098302546600741,1.1021323601977766,2023-12-21 09:05:00-05:00,1.098302546600741,SL,0.00016,-1.0,-1.1671,-1167.11
2023-12-22 00:35:00-05:00,LONG,Bounce,1.09982,1.0994486037553912,1.1009341887338264,2023-12-22 01:55:00-05:00,1.0994486037553912,SL,0.00017,-1.0,-1.4577,-1457.73
2023-12-22 03:00:00-05:00,LONG,Breakout,1.10043,1.1001761926767748,1.1011914219696757,2023-12-22 03:20:00-05:00,1.1001761926767748,SL,0.00016,-1.0,-1.6304,-1630.4
2023-12-26 07:05:00-05:00,LONG,Bounce,1.10112,1.100850617940739,1.1019281461777837,2023-12-26 07:40:00-05:00,1.100850617940739,SL,0.00016,-1.0,-1.594,-1593.95
2023-12-26 08:20:00-05:00,LONG,Breakout,1.10231,1.1018107621008515,1.1038077136974451,2023-12-26 08:35:00-05:00,1.1018107621008515,SL,0.00016,-1.0,-1.3205,-1320.49
2023-12-26 09:30:00-05:00,LONG,Breakout,1.10248,1.1023235410839027,1.1029493767482914,2023-12-26 09:35:00-05:00,1.1023235410839027,SL,0.00016,-1.0,-2.0226,-2022.63
2023-12-26 09:55:00-05:00,LONG,Retest,1.10255,1.1023202810429908,1.1032391568710271,2023-12-26 10:50:00-05:00,1.1023202810429908,SL,0.00016,-1.0,-1.6965,-1696.5
2023-12-27 07:55:00-05:00,LONG,Breakout,1.10673,1.1057686562102034,1.1096140313693899,2023-12-27 09:55:00-05:00,1.1096140313693899,TP,0.00016,3.0,2.8336,2833.57
2023-12-28 00:00:00-05:00,LONG,Bounce,1.11103,1.110848560395832,1.1115743188125038,2023-12-28 00:10:00-05:00,1.1115743188125038,TP,0.00017,3.0,2.063,2063.05
2023-12-28 19:20:00-05:00,LONG,Breakout,1.1072,1.106946030188129,1.1079619094356126,2023-12-28 19:30:00-05:00,1.106946030188129,SL,0.000188,-1.0,-1.7402,-1740.25
2023-12-28 19:40:00-05:00,LONG,Retest,1.10711,1.1069469450802571,1.1075991647592287,2023-12-28 19:50:00-05:00,1.1075991647592287,TP,0.00019,3.0,1.8347,1834.75
2023-12-29 01:00:00-05:00,LONG,Breakout,1.10686,1.1067510288503037,1.1071869134490886,2023-12-29 01:05:00-05:00,1.1067510288503037,SL,0.00019,-1.0,-2.7436,-2743.58
2023-12-29 01:15:00-05:00,LONG,Retest,1.10692,1.1067532253586434,1.1074203239240694,2023-12-29 01:25:00-05:00,1.1067532253586434,SL,0.00019,-1.0,-2.1393,-2139.26
2024-01-02 03:00:00-05:00,LONG,Breakout,1.10261,1.1023091811273156,1.1035124566180536,2024-01-02 03:10:00-05:00,1.1035124566180536,TP,0.00016,3.0,2.4681,2468.12
2024-01-02 04:45:00-05:00,LONG,Bounce,1.10182,1.1013477535800302,1.1032367392599094,2024-01-02 04:55:00-05:00,1.1013477535800302,SL,0.00016,-1.0,-1.3388,-1338.81
2024-01-02 20:30:00-05:00,LONG,Breakout,1.09515,1.0949837713455282,1.0956486859634158,2024-01-02 20:55:00-05:00,1.0949837713455282,SL,0.00019,-1.0,-2.143,-2143.0
2024-01-02 22:00:00-05:00,LONG,Retest,1.09512,1.0949922923439506,1.0955031229681487,2024-01-02 22:10:00-05:00,1.0949922923439506,SL,0.00019,-1.0,-2.4878,-2487.77
2024-01-04 01:00:00-05:00,SHORT,Bounce,1.09261,1.0928188164101826,1.0919835507694524,2024-01-04 01:10:00-05:00,1.0928188164101826,SL,0.00019,-1.0,-1.9099,-1909.89
2024-01-04 08:30:00-05:00,SHORT,Breakout,1.09382,1.0946503976303714,1.0913288071088858,2024-01-04 08:45:00-05:00,1.0946503976303714,SL,0.00016,-1.0,-1.1927,-1192.68
2024-01-04 09:15:00-05:00,SHORT,Retest,1.09416,1.0946559414977917,1.092672175506625,2024-01-04 09:20:00-05:00,1.0946559414977917,SL,0.00016,-1.0,-1.3226,-1322.62
2024-01-05 01:05:00-05:00,SHORT,Breakout,1.09318,1.0933411915827733,1.0926964252516802,2024-01-05 01:25:00-05:00,1.0926964252516802,TP,0.00019,3.0,1.8213,1821.28
2024-01-05 04:35:00-05:00,SHORT,Breakout,1.09226,1.092471305592884,1.0916260832213478,2024-01-05 04:40:00-05:00,1.0916260832213478,TP,0.00016,3.0,2.2428,2242.8
2024-01-05 08:30:00-05:00,SHORT,Breakout,1.08968,1.0904393196743671,1.0874020409768985,2024-01-05 08:40:00-05:00,1.0904393196743671,SL,0.00016,-1.0,-1.2107,-1210.71
2024-01-05 09:05:00-05:00,SHORT,Bounce,1.09278,1.093176002058365,1.0915919938249055,2024-01-05 09:10:00-05:00,1.093176002058365,SL,0.00016,-1.0,-1.404,-1404.04
2024-01-05 09:10:00-05:00,SHORT,Bounce,1.0925,1.0931750019113389,1.0904749942659835,2024-01-05 09:15:00-05:00,1.0931750019113389,SL,0.00016,-1.0,-1.237,-1237.04
2024-01-07 22:40:00-05:00,SHORT,Breakout,1.09322,1.0934247089150724,1.0926058732547832,2024-01-07 23:20:00-05:00,1.0934247089150724,SL,0.00019,-1.0,-1.9281,-1928.15
2024-01-10 01:45:00-05:00,SHORT,Breakout,1.09254,1.0927161121847573,1.0920116634457284,2024-01-10 02:00:00-05:00,1.0927161121847573,SL,0.00017,-1.0,-1.9653,-1965.29
2024-01-11 00:00:00-05:00,LONG,Bounce,1.09763,1.0975735972490344,1.0977992082528973,2024-01-11 00:05:00-05:00,1.0977992082528973,TP,0.000186,3.0,-0.2977,-297.71
2024-01-11 01:20:00-05:00,LONG,Breakout,1.09812,1.0980170166215686,1.0984289501352942,2024-01-11 01:30:00-05:00,1.0984289501352942,TP,0.00019,3.0,1.155,1155.04
2024-01-11 03:05:00-05:00,LONG,Bounce,1.09749,1.0972903530598563,1.0980889408204313,2024-01-11 03:45:00-05:00,1.0972903530598563,SL,0.00016,-1.0,-1.8014,-1801.41
2024-01-11 07:40:00-05:00,LONG,Breakout,1.09838,1.0981016888333996,1.0992149334998007,2024-01-11 08:30:00-05:00,1.0981016888333996,SL,0.00016,-1.0,-1.5749,-1574.9
2024-01-12 01:00:00-05:00,LONG,Bounce,1.09743,1.0971671850955491,1.0982184447133523,2024-01-12 02:00:00-05:00,1.0971671850955491,SL,0.00019,-1.0,-1.7229,-1722.94
2024-01-16 00:00:00-05:00,SHORT,Breakout,1.09145,1.0915565612535487,1.091130316239354,2024-01-16 00:05:00-05:00,1.0915565612535487,SL,0.00019,-1.0,-2.783,-2783.01
2024-01-16 00:30:00-05:00,SHORT,Breakout,1.09139,1.0915562498334135,1.0908912504997599,2024-01-16 01:10:00-05:00,1.0915562498334135,SL,0.00019,-1.0,-2.1429,-2142.86
2024-01-16 02:10:00-05:00,SHORT,Breakout,1.0911,1.0912227430145836,1.0907317709562492,2024-01-16 02:25:00-05:00,1.0912227430145836,SL,0.00017,-1.0,-2.385,-2385.01
2024-01-16 03:30:00-05:00,SHORT,Breakout,1.09013,1.0908803666276425,1.0878789001170726,2024-01-16 05:55:00-05:00,1.0878789001170726,TP,0.00016,3.0,2.7868,2786.77
2024-01-16 08:40:00-05:00,SHORT,Bounce,1.08922,1.0894799444537728,1.0884401666386818,2024-01-16 08:45:00-05:00,1.0884401666386818,TP,0.00016,3.0,2.3845,2384.48
2024-01-16 17:50:00-05:00,SHORT,Bounce,1.08746,1.087677352864188,1.086807941407436,2024-01-16 18:00:00-05:00,1.087677352864188,SL,0.000386,-1.0,-2.7759,-2775.91
2024-01-16 22:15:00-05:00,SHORT,Breakout,1.08674,1.087277378580196,1.0851278642594124,2024-01-17 02:20:00-05:00,1.087277378580196,SL,0.00019,-1.0,-1.3536,-1353.57
2024-01-17 08:30:00-05:00,SHORT,Breakout,1.08599,1.0867363268205061,1.0837510195384816,2024-01-17 09:15:00-05:00,1.0867363268205061,SL,0.00016,-1.0,-1.2144,-1214.38
2024-01-17 09:25:00-05:00,SHORT,Retest,1.08639,1.0867445559274542,1.0853263322176372,2024-01-17 09:30:00-05:00,1.0867445559274542,SL,0.00016,-1.0,-1.4513,-1451.27
2024-01-18 07:45:00-05:00,SHORT,Breakout,1.0875,1.0876657241713665,1.0870028274859,2024-01-18 07:50:00-05:00,1.0876657241713665,SL,0.00016,-1.0,-1.9655,-1965.46
2024-01-18 08:00:00-05:00,SHORT,Breakout,1.08741,1.0876688236167975,1.0866335291496074,2024-01-18 08:05:00-05:00,1.0876688236167975,SL,0.00016,-1.0,-1.6182,-1618.18
2024-01-18 17:15:00-05:00,SHORT,Bounce,1.08678,1.0869111848371655,1.0863864454885037,2024-01-18 17:20:00-05:00,1.0869111848371655,SL,0.000564,-1.0,-5.2993,-5299.28
2024-01-19 00:25:00-05:00,SHORT,Breakout,1.08836,1.0884701886431196,1.0880294340706411,2024-01-19 00:40:00-05:00,1.0880294340706411,TP,0.000188,3.0,1.2938,1293.84
2024-01-19 09:35:00-05:00,SHORT,Breakout,1.0867499999999999,1.0873171230110052,1.0850486309669838,2024-01-19 09:45:00-05:00,1.0873171230110052,SL,0.00016,-1.0,-1.2821,-1282.13
2024-01-19 10:00:00-05:00,SHORT,Bounce,1.08814,1.0889925468891777,1.0855823593324674,2024-01-19 12:30:00-05:00,1.0889925468891777,SL,0.00016,-1.0,-1.1877,-1187.67
2024-01-21 17:35:00-05:00,SHORT,Breakout,1.08858,1.0887895073065628,1.0879514780803121,2024-01-21 17:40:00-05:00,1.0887895073065628,SL,0.000378,-1.0,-2.8042,-2804.23
2024-01-22 03:00:00-05:00,SHORT,Breakout,1.08942,1.0897780009833198,1.0883459970500409,2024-01-22 03:20:00-05:00,1.0897780009833198,SL,0.00016,-1.0,-1.4469,-1446.93
2024-01-22 14:15:00-05:00,SHORT,Breakout,1.08806,1.0881723877595917,1.087722836721225,2024-01-22 14:20:00-05:00,1.0881723877595917,SL,0.00017,-1.0,-2.5126,-2512.62
2024-01-22 14:25:00-05:00,SHORT,Retest,1.08796,1.0881710588335254,1.087326823499424,2024-01-22 14:30:00-05:00,1.0881710588335254,SL,0.00017,-1.0,-1.8055,-1805.46
2024-01-22 18:15:00-05:00,SHORT,Breakout,1.0878700000000001,1.0879712998338715,1.0875661004983859,2024-01-22 18:35:00-05:00,1.0879712998338715,SL,0.00019,-1.0,-2.8756,-2875.62
2024-01-23 08:45:00-05:00,SHORT,Bounce,1.08702,1.0873430844718095,1.086050746584572,2024-01-23 08:55:00-05:00,1.0873430844718095,SL,0.00016,-1.0,-1.4952,-1495.23
2024-01-23 09:30:00-05:00,SHORT,Breakout,1.08569,1.0860358566512325,1.0846524300463027,2024-01-23 09:35:00-05:00,1.0860358566512325,SL,0.00016,-1.0,-1.4626,-1462.62
2024-01-24 07:05:00-05:00,SHORT,Breakout,1.08894,1.089336044505924,1.0877518664822283,2024-01-24 07:15:00-05:00,1.089336044505924,SL,0.00016,-1.0,-1.404,-1403.99
2024-01-24 07:25:00-05:00,SHORT,Breakout,1.08872,1.089337714211102,1.0868668573666935,2024-01-24 07:35:00-05:00,1.089337714211102,SL,0.00016,-1.0,-1.259,-1259.02
2024-01-24 19:05:00-05:00,SHORT,Breakout,1.08762,1.087734183811823,1.087277448564531,2024-01-24 19:20:00-05:00,1.087277448564531,TP,0.00019,3.0,1.336,1336.02
2024-01-25 07:05:00-05:00,SHORT,Breakout,1.08901,1.089158830629661,1.0885635081110174,2024-01-25 07:10:00-05:00,1.089158830629661,SL,0.00016,-1.0,-2.075,-2075.05
2024-01-26 01:05:00-05:00,SHORT,Breakout,1.08364,1.0837526490010603,1.083302052996819,2024-01-26 01:15:00-05:00,1.0837526490010603,SL,0.000188,-1.0,-2.6689,-2668.9
2024-01-26 01:30:00-05:00,SHORT,Breakout,1.08331,1.0837564373206674,1.0819706880379978,2024-01-26 02:15:00-05:00,1.0819706880379978,TP,0.00017,3.0,2.6192,2619.21
2024-01-29 19:15:00-05:00,SHORT,Bounce,1.08344,1.0836313592497429,1.0828659222507713,2024-01-29 19:20:00-05:00,1.0836313592497429,SL,0.00019,-1.0,-1.9929,-1992.9
2024-01-29 23:40:00-05:00,SHORT,Breakout,1.08283,1.0829403837821563,1.082498848653531,2024-01-29 23:45:00-05:00,1.082498848653531,TP,0.00019,3.0,1.2787,1278.73
2024-01-30 19:00:00-05:00,SHORT,Bounce,1.08432,1.0844442866568096,1.083947140029571,2024-01-30 19:05:00-05:00,1.0844442866568096,SL,0.00019,-1.0,-2.5287,-2528.72
2024-01-30 19:55:00-05:00,SHORT,Bounce,1.08419,1.084450871246485,1.0834073862605447,2024-01-30 20:45:00-05:00,1.0834073862605447,TP,0.00019,3.0,2.2717,2271.67
2024-01-31 02:45:00-05:00,SHORT,Breakout,1.08077,1.0817111060351734,1.0779466818944798,2024-01-31 03:00:00-05:00,1.0817111060351734,SL,0.00016,-1.0,-1.17,-1170.01
2024-01-31 07:05:00-05:00,SHORT,Bounce,1.08353,1.0836610585015192,1.083136824495443,2024-01-31 07:10:00-05:00,1.0836610585015192,SL,0.00016,-1.0,-2.2208,-2220.83
2024-01-31 14:00:00-05:00,SHORT,Breakout,1.08238,1.0842250253994445,1.076844923801666,2024-01-31 14:30:00-05:00,1.0842250253994445,SL,0.000172,-1.0,-1.0932,-1093.22
2024-01-31 15:00:00-05:00,SHORT,Breakout,1.08037,1.081772786852261,1.076161639443217,2024-01-31 17:15:00-05:00,1.081772786852261,SL,0.00017,-1.0,-1.1212,-1121.19
2024-01-31 18:55:00-05:00,SHORT,Breakout,1.08032,1.080780559736248,1.0789383207912555,2024-01-31 19:25:00-05:00,1.080780559736248,SL,0.000188,-1.0,-1.4082,-1408.2
2024-02-01 01:15:00-05:00,SHORT,Breakout,1.07991,1.0801128532484057,1.0793014402547827,2024-02-01 01:25:00-05:00,1.0801128532484057,SL,0.00019,-1.0,-1.9366,-1936.64
2024-02-01 01:25:00-05:00,SHORT,Breakout,1.07993,1.0801136030560232,1.0793791908319306,2024-02-01 01:40:00-05:00,1.0801136030560232,SL,0.00019,-1.0,-2.0348,-2034.84
2024-02-01 23:45:00-05:00,SHORT,Breakout,1.08716,1.0872590357919851,1.0868628926240442,2024-02-01 23:50:00-05:00,1.0872590357919851,SL,0.00019,-1.0,-2.9185,-2918.5
2024-02-04 18:00:00-05:00,SHORT,Breakout,1.07776,1.0780211151241355,1.0769766546275938,2024-02-04 18:15:00-05:00,1.0769766546275938,TP,0.00019,3.0,2.2724,2272.35
2024-02-04 18:40:00-05:00,SHORT,Retest,1.07763,1.0780202519685218,1.076459244094435,2024-02-04 18:55:00-05:00,1.0780202519685218,SL,0.000188,-1.0,-1.4817,-1481.74
2024-02-05 00:05:00-05:00,SHORT,Breakout,1.07729,1.0774065194465268,1.07694044166042,2024-02-05 00:10:00-05:00,1.0774065194465268,SL,0.00019,-1.0,-2.6306,-2630.63
2024-02-05 08:05:00-05:00,SHORT,Breakout,1.0745,1.0747061555145312,1.0738815334564065,2024-02-05 08:10:00-05:00,1.0747061555145312,SL,0.00016,-1.0,-1.7761,-1776.11
2024-02-05 08:15:00-05:00,SHORT,Retest,1.07454,1.0747036136834478,1.0740491589496568,2024-02-05 08:30:00-05:00,1.0747036136834478,SL,0.00016,-1.0,-1.9779,-1977.91
2024-02-05 19:05:00-05:00,SHORT,Bounce,1.07419,1.0743319240557296,1.073764227832811,2024-02-05 19:40:00-05:00,1.0743319240557296,SL,0.00019,-1.0,-2.3387,-2338.74
2024-02-06 03:00:00-05:00,SHORT,Bounce,1.0752,1.0754080782892954,1.0745757651321135,2024-02-06 03:05:00-05:00,1.0754080782892954,SL,0.00016,-1.0,-1.7689,-1768.94
2024-02-07 07:10:00-05:00,SHORT,Bounce,1.07693,1.0770887875775097,1.0764536372674707,2024-02-07 07:50:00-05:00,1.0770887875775097,SL,0.00016,-1.0,-2.0076,-2007.64
2024-02-07 13:00:00-05:00,SHORT,Bounce,1.07645,1.0771483950257434,1.0743548149227693,2024-02-07 13:10:00-05:00,1.0771483950257434,SL,0.00017,-1.0,-1.2434,-1243.42
2024-02-07 20:30:00-05:00,SHORT,Bounce,1.07757,1.0779052361542294,1.0765642915373115,2024-02-07 21:00:00-05:00,1.0779052361542294,SL,0.00019,-1.0,-1.5668,-1566.76
2024-02-08 02:20:00-05:00,SHORT,Bounce,1.07847,1.0788170663821692,1.0774288008534925,2024-02-08 03:20:00-05:00,1.0774288008534925,TP,0.00017,3.0,2.5102,2510.18
2024-02-08 19:00:00-05:00,SHORT,Bounce,1.07763,1.077823871585681,1.0770483852429575,2024-02-08 22:50:00-05:00,1.0770483852429575,TP,0.00019,3.0,2.02,2019.97
2024-02-09 13:20:00-05:00,SHORT,Bounce,1.0787,1.0789643479669844,1.0779069560990469,2024-02-09 13:30:00-05:00,1.0789643479669844,SL,0.00018,-1.0,-1.6809,-1680.92
2024-02-12 03:15:00-05:00,SHORT,Breakout,1.07867,1.0789076818066743,1.0779569545799772,2024-02-12 03:20:00-05:00,1.0789076818066743,SL,0.00017,-1.0,-1.7152,-1715.24
2024-02-12 19:15:00-05:00,SHORT,Breakout,1.07678,1.076862762532986,1.076531712401042,2024-02-12 19:50:00-05:00,1.076862762532986,SL,0.000192,-1.0,-3.3199,-3319.89
2024-02-12 20:50:00-05:00,SHORT,Breakout,1.0765,1.076642973445116,1.0760710796646522,2024-02-12 20:55:00-05:00,1.076642973445116,SL,0.0002,-1.0,-2.3989,-2398.86
2024-02-12 21:00:00-05:00,SHORT,Breakout,1.07639,1.0766441148582888,1.0756276554251334,2024-02-13 00:15:00-05:00,1.0766441148582888,SL,0.0002,-1.0,-1.787,-1787.05
2024-02-13 08:30:00-05:00,SHORT,Breakout,1.0729,1.075736240031817,1.0643912799045492,2024-02-15 08:30:00-05:00,1.075736240031817,SL,0.00016,-1.0,-1.0564,-1056.41
2024-02-15 19:15:00-05:00,SHORT,Breakout,1.07676,1.0768428378416592,1.076511486475022,2024-02-15 19:20:00-05:00,1.076511486475022,TP,0.000194,3.0,0.6581,658.08
2024-02-15 21:55:00-05:00,SHORT,Breakout,1.07594,1.0760542318852593,1.0755973043442217,2024-02-15 22:05:00-05:00,1.0760542318852593,SL,0.000192,-1.0,-2.6808,-2680.79
2024-02-16 08:30:00-05:00,SHORT,Breakout,1.07427,1.0762686974624853,1.0682739076125443,2024-02-16 10:05:00-05:00,1.0762686974624853,SL,0.000162,-1.0,-1.0811,-1081.05
2024-02-20 03:05:00-05:00,SHORT,Bounce,1.07722,1.0774647123633692,1.0764858629098928,2024-02-20 03:50:00-05:00,1.0774647123633692,SL,0.00017,-1.0,-1.6947,-1694.69
2024-02-21 08:00:00-05:00,LONG,Breakout,1.08062,1.0801856451029925,1.081923064691022,2024-02-21 10:10:00-05:00,1.081923064691022,TP,0.00016,3.0,2.6316,2631.64
2024-02-21 13:05:00-05:00,LONG,Bounce,1.08022,1.0799210081096455,1.0811169756710632,2024-02-21 13:35:00-05:00,1.0811169756710632,TP,0.00018,3.0,2.398,2397.98
2024-02-22 07:45:00-05:00,LONG,Bounce,1.08443,1.0843062301515105,1.0848013095454685,2024-02-22 07:55:00-05:00,1.0843062301515105,SL,0.00016,-1.0,-2.2927,-2292.72
2024-02-22 13:25:00-05:00,LONG,Breakout,1.08219,1.0818012494543063,1.083356251637081,2024-02-22 15:30:00-05:00,1.0818012494543063,SL,0.00018,-1.0,-1.463,-1463.02
2024-02-22 19:05:00-05:00,LONG,Breakout,1.08259,1.0825185327750464,1.0828044016748606,2024-02-22 19:35:00-05:00,1.0825185327750464,SL,0.00019,-1.0,-3.6586,-3658.56
2024-02-22 20:40:00-05:00,LONG,Breakout,1.08293,1.082670388110878,1.083708835667366,2024-02-22 20:55:00-05:00,1.082670388110878,SL,0.0002,-1.0,-1.7704,-1770.38
2024-02-22 21:20:00-05:00,LONG,Retest,1.08285,1.0826726287614943,1.0833821137155175,2024-02-22 21:25:00-05:00,1.0826726287614943,SL,0.000182,-1.0,-2.0261,-2026.1
2024-02-23 00:50:00-05:00,LONG,Bounce,1.08219,1.0821296004237784,1.0823711987286648,2024-02-23 01:00:00-05:00,1.0823711987286648,TP,0.000192,3.0,-0.1788,-178.83
2024-02-23 02:15:00-05:00,LONG,Breakout,1.08288,1.0827149582190836,1.0833751253427495,2024-02-23 02:20:00-05:00,1.0827149582190836,SL,0.00018,-1.0,-2.0906,-2090.63
2024-02-23 02:50:00-05:00,LONG,Breakout,1.08294,1.082706328833035,1.0836410135008951,2024-02-23 02:55:00-05:00,1.082706328833035,SL,0.00017,-1.0,-1.7275,-1727.52
2024-02-23 07:25:00-05:00,LONG,Breakout,1.08329,1.0830036328913781,1.084149101325866,2024-02-23 08:00:00-05:00,1.0830036328913781,SL,0.00016,-1.0,-1.5587,-1558.72
2024-02-23 15:10:00-05:00,LONG,Bounce,1.08214,1.0819667501594141,1.082659749521758,2024-02-23 15:20:00-05:00,1.0819667501594141,SL,0.00018,-1.0,-2.039,-2038.96
2024-02-26 00:55:00-05:00,LONG,Breakout,1.08222,1.0821486886204326,1.0824339341387021,2024-02-26 01:00:00-05:00,1.0821486886204326,SL,0.000188,-1.0,-3.6363,-3636.33
2024-02-26 01:50:00-05:00,LONG,Retest,1.08238,1.0821495153370433,1.0830714539888697,2024-02-26 02:10:00-05:00,1.0830714539888697,TP,0.00018,3.0,2.219,2219.04
2024-02-27 02:10:00-05:00,LONG,Breakout,1.08568,1.0854239153902856,1.0864482538291431,2024-02-27 03:00:00-05:00,1.0854239153902856,SL,0.00018,-1.0,-1.7029,-1702.89
2024-02-27 19:30:00-05:00,LONG,Bounce,1.08425,1.0841176763608797,1.0846469709173605,2024-02-27 20:00:00-05:00,1.0841176763608797,SL,0.0002,-1.0,-2.5114,-2511.45
2024-02-28 19:50:00-05:00,LONG,Bounce,1.08355,1.0833701860678275,1.0840894417965175,2024-02-28 20:45:00-05:00,1.0833701860678275,SL,0.0002,-1.0,-2.1123,-2112.26
2024-02-29 02:00:00-05:00,LONG,Bounce,1.08338,1.083013558145968,1.0844793255620964,2024-02-29 02:45:00-05:00,1.083013558145968,SL,0.000184,-1.0,-1.5021,-1502.13
2024-02-29 03:05:00-05:00,LONG,Breakout,1.08391,1.0836598177593781,1.0846605467218653,2024-02-29 03:10:00-05:00,1.0836598177593781,SL,0.00017,-1.0,-1.6795,-1679.5
2024-02-29 04:00:00-05:00,LONG,Breakout,1.08452,1.0836411480183563,1.0871565559449308,2024-02-29 06:00:00-05:00,1.0836411480183563,SL,0.00017,-1.0,-1.1934,-1193.43
2024-02-29 06:15:00-05:00,LONG,Retest,1.084,1.0836669015784355,1.0849992952646939,2024-02-29 06:25:00-05:00,1.0836669015784355,SL,0.00017,-1.0,-1.5104,-1510.36
2024-02-29 08:45:00-05:00,LONG,Bounce,1.0838,1.083271361698426,1.0853859149047225,2024-02-29 10:00:00-05:00,1.0853859149047225,TP,0.00016,3.0,2.6973,2697.34
2024-02-29 19:00:00-05:00,LONG,Breakout,1.08052,1.0804470811318483,1.0807387566044548,2024-02-29 19:05:00-05:00,1.0804470811318483,SL,0.000196,-1.0,-3.6879,-3687.92
2024-03-03 19:15:00-05:00,LONG,Breakout,1.08429,1.0842158334058827,1.0845124997823519,2024-03-03 19:35:00-05:00,1.0845124997823519,TP,0.000196,3.0,0.3573,357.3
2024-03-04 01:00:00-05:00,LONG,Bounce,1.08428,1.0841830031876158,1.084570990437152,2024-03-04 01:35:00-05:00,1.084570990437152,TP,0.0002,3.0,0.9381,938.08
2024-03-04 02:00:00-05:00,LONG,Breakout,1.0849199999999999,1.084545397872329,1.0860438063830127,2024-03-04 02:30:00-05:00,1.084545397872329,SL,0.00018,-1.0,-1.4805,-1480.51
2024-03-04 02:35:00-05:00,LONG,Breakout,1.08477,1.0845321225803253,1.0854836322590242,2024-03-04 03:00:00-05:00,1.0854836322590242,TP,0.00017,3.0,2.2853,2285.35
2024-03-05 03:10:00-05:00,LONG,Bounce,1.08487,1.084305854602693,1.0865624361919213,2024-03-05 03:45:00-05:00,1.084305854602693,SL,0.00017,-1.0,-1.3013,-1301.34
2024-03-05 08:05:00-05:00,LONG,Bounce,1.08485,1.084636361938715,1.0854909141838556,2024-03-05 08:20:00-05:00,1.084636361938715,SL,0.00016,-1.0,-1.7489,-1748.93
2024-03-05 09:45:00-05:00,LONG,Bounce,1.08453,1.0840361929921396,1.0860114210235812,2024-03-05 10:00:00-05:00,1.0860114210235812,TP,0.00016,3.0,2.676,2675.99
2024-03-05 10:00:00-05:00,LONG,Breakout,1.08642,1.0851702529168115,1.0901692412495654,2024-03-05 13:45:00-05:00,1.0851702529168115,SL,0.000162,-1.0,-1.1296,-1129.63
2024-03-06 00:10:00-05:00,LONG,Breakout,1.08527,1.0852099732440472,1.0854500802678582,2024-03-06 00:15:00-05:00,1.0852099732440472,SL,0.000196,-1.0,-4.2652,-4265.21
2024-03-06 08:30:00-05:00,LONG,Bounce,1.08742,1.0869722661651462,1.0887632015045616,2024-03-06 09:40:00-05:00,1.0887632015045616,TP,0.00016,3.0,2.6426,2642.64
2024-03-06 19:30:00-05:00,LONG,Breakout,1.09025,1.0900094754172662,1.090971573748201,2024-03-06 20:00:00-05:00,1.0900094754172662,SL,0.000198,-1.0,-1.8232,-1823.2
2024-03-07 02:50:00-05:00,LONG,Bounce,1.08933,1.0891894956903638,1.0897515129289082,2024-03-07 02:55:00-05:00,1.0891894956903638,SL,0.00017,-1.0,-2.2099,-2209.93
2024-03-08 08:20:00-05:00,LONG,Breakout,1.09405,1.0937653226388027,1.0949040320835919,2024-03-08 08:30:00-05:00,1.0937653226388027,SL,0.00016,-1.0,-1.562,-1562.04
2024-03-08 08:30:00-05:00,LONG,Breakout,1.09481,1.0936918955406003,1.0981643133781993,2024-03-08 11:45:00-05:00,1.0936918955406003,SL,0.000162,-1.0,-1.1449,-1144.89
2024-03-11 02:30:00-04:00,LONG,Bounce,1.09367,1.0935441250396167,1.0940476248811495,2024-03-11 02:55:00-04:00,1.0940476248811495,TP,0.00018,3.0,1.57,1570.01
2024-03-11 03:00:00-04:00,LONG,Breakout,1.09429,1.0940707520099973,1.0949477439700082,2024-03-11 03:20:00-04:00,1.0940707520099973,SL,0.00018,-1.0,-1.821,-1820.99
2024-03-11 03:25:00-04:00,LONG,Breakout,1.09459,1.0940616716026952,1.0961749851919143,2024-03-11 03:35:00-04:00,1.0940616716026952,SL,0.00018,-1.0,-1.3407,-1340.7
2024-03-11 03:50:00-04:00,LONG,Breakout,1.09423,1.0940477091880978,1.0947768724357068,2024-03-11 04:00:00-04:00,1.0940477091880978,SL,0.00017,-1.0,-1.9326,-1932.58
2024-03-11 04:15:00-04:00,LONG,Retest,1.09429,1.0940435269522675,1.0950294191431975,2024-03-11 04:30:00-04:00,1.0940435269522675,SL,0.00017,-1.0,-1.6897,-1689.73
2024-03-11 19:25:00-04:00,LONG,Breakout,1.09269,1.0925977947598773,1.092966615720368,2024-03-11 19:55:00-04:00,1.092966615720368,TP,0.0002,3.0,0.8309,830.93
2024-03-11 21:45:00-04:00,LONG,Breakout,1.09317,1.0931050595325529,1.0933648214023413,2024-03-11 22:05:00-04:00,1.0931050595325529,SL,0.000198,-1.0,-4.0489,-4048.95
2024-03-11 22:20:00-04:00,LONG,Breakout,1.09333,1.093101587000489,1.0940152389985327,2024-03-12 03:55:00-04:00,1.093101587000489,SL,0.0002,-1.0,-1.8756,-1875.61
2024-03-12 08:40:00-04:00,LONG,Breakout,1.09387,1.0931359706601445,1.0960720880195662,2024-03-12 08:45:00-04:00,1.0931359706601445,SL,0.00016,-1.0,-1.218,-1217.97
2024-03-12 19:30:00-04:00,LONG,Breakout,1.09269,1.0926129446825787,1.0929211659522635,2024-03-12 19:40:00-04:00,1.0926129446825787,SL,0.0002,-1.0,-3.5955,-3595.54
2024-03-12 20:05:00-04:00,LONG,Breakout,1.0927,1.0926132332192358,1.0929603003422927,2024-03-12 20:10:00-04:00,1.0926132332192358,SL,0.0002,-1.0,-3.305,-3305.03
2024-03-12 20:25:00-04:00,LONG,Breakout,1.09285,1.0927728601097093,1.0930814196708725,2024-03-12 20:30:00-04:00,1.0927728601097093,SL,0.0002,-1.0,-3.5927,-3592.69
2024-03-13 01:20:00-04:00,LONG,Bounce,1.0923,1.0922118100789633,1.0925645697631103,2024-03-13 01:35:00-04:00,1.0925645697631103,TP,0.0002,3.0,0.7322,732.17
2024-03-13 03:10:00-04:00,LONG,Breakout,1.09297,1.0928116005799715,1.0934451982600855,2024-03-13 03:15:00-04:00,1.0928116005799715,SL,0.00018,-1.0,-2.1364,-2136.37
2024-03-13 03:25:00-04:00,LONG,Bounce,1.09218,1.0920421109599843,1.092593667120047,2024-03-13 03:50:00-04:00,1.092593667120047,TP,0.00018,3.0,1.6946,1694.6
2024-03-13 10:40:00-04:00,LONG,Breakout,1.0942,1.0940667094519363,1.0945998716441914,2024-03-13 10:45:00-04:00,1.0940667094519363,SL,0.00016,-1.0,-2.2004,-2200.39
2024-03-13 12:30:00-04:00,LONG,Retest,1.09439,1.0940751140356333,1.0953346578931,2024-03-13 13:00:00-04:00,1.0953346578931,TP,0.00016,3.0,2.4919,2491.88
2024-03-14 03:10:00-04:00,LONG,Bounce,1.09392,1.0937677159920447,1.094376852023866,2024-03-14 03:30:00-04:00,1.0937677159920447,SL,0.00018,-1.0,-2.182,-2182.0
2024-03-14 15:55:00-04:00,LONG,Breakout,1.08904,1.0888568923067241,1.0895893230798277,2024-03-14 16:00:00-04:00,1.0888568923067241,SL,0.00018,-1.0,-1.983,-1983.03
2024-03-21 03:00:00-04:00,LONG,Breakout,1.09389,1.0936019214885229,1.0947542355344315,2024-03-21 03:15:00-04:00,1.0936019214885229,SL,0.00018,-1.0,-1.6248,-1624.83
2024-03-21 15:55:00-04:00,LONG,Bounce,1.0856,1.0854794091352673,1.0859617725941977,2024-03-21 16:00:00-04:00,1.0854794091352673,SL,0.00018,-1.0,-2.4927,-2492.65
2024-03-21 20:05:00-04:00,LONG,Breakout,1.08628,1.0862154994666922,1.0864735015999232,2024-03-21 20:20:00-04:00,1.0864735015999232,TP,0.000198,3.0,-0.0697,-69.74
2024-03-22 02:40:00-04:00,SHORT,Breakout,1.08274,1.083047432945131,1.0818177011646073,2024-03-22 02:55:00-04:00,1.083047432945131,SL,0.00018,-1.0,-1.5855,-1585.49
2024-03-22 03:15:00-04:00,SHORT,Breakout,1.08285,1.0830558977047182,1.0822323068858457,2024-03-22 03:25:00-04:00,1.0822323068858457,TP,0.00018,3.0,2.1258,2125.78
2024-03-22 14:55:00-04:00,SHORT,Breakout,1.08031,1.080387969232796,1.0800760923016124,2024-03-22 15:40:00-04:00,1.080387969232796,SL,0.00018,-1.0,-3.3086,-3308.6
2024-03-24 20:05:00-04:00,SHORT,Bounce,1.08079,1.0809040820976827,1.0804477537069515,2024-03-24 20:20:00-04:00,1.0804477537069515,TP,0.0002,3.0,1.2469,1246.88
2024-03-24 20:20:00-04:00,SHORT,Breakout,1.08037,1.080444163399639,1.0801475098010835,2024-03-24 20:50:00-04:00,1.0801475098010835,TP,0.0002,3.0,0.3033,303.25
2024-03-25 03:55:00-04:00,SHORT,Breakout,1.08133,1.0814316044487564,1.0810251866537304,2024-03-25 04:00:00-04:00,1.0814316044487564,SL,0.00017,-1.0,-2.6732,-2673.16
2024-03-25 04:35:00-04:00,SHORT,Breakout,1.08077,1.0814487246593911,1.0787338260218267,2024-03-25 05:05:00-04:00,1.0814487246593911,SL,0.00017,-1.0,-1.2505,-1250.47
2024-03-25 23:40:00-04:00,SHORT,Breakout,1.0835,1.083816134580155,1.082551596259535,2024-03-26 00:25:00-04:00,1.083816134580155,SL,0.0002,-1.0,-1.6326,-1632.64
2024-03-26 01:30:00-04:00,SHORT,Bounce,1.08421,1.0843793757857831,1.0837018726426502,2024-03-26 01:40:00-04:00,1.0843793757857831,SL,0.000196,-1.0,-2.1572,-2157.19
2024-03-26 08:20:00-04:00,SHORT,Breakout,1.08493,1.0852949070583553,1.083835278824934,2024-03-26 08:30:00-04:00,1.0852949070583553,SL,0.00016,-1.0,-1.4385,-1438.47
2024-03-26 08:40:00-04:00,SHORT,Breakout,1.08501,1.0853055634239297,1.084123309728211,2024-03-26 09:00:00-04:00,1.0853055634239297,SL,0.00016,-1.0,-1.5413,-1541.34
2024-03-26 15:55:00-04:00,SHORT,Breakout,1.08278,1.0829085946039985,1.082394216188005,2024-03-26 16:10:00-04:00,1.0829085946039985,SL,0.00018,-1.0,-2.3997,-2399.75
2024-03-26 21:20:00-04:00,SHORT,Breakout,1.08239,1.082644291220093,1.0816271263397206,2024-03-26 22:30:00-04:00,1.082644291220093,SL,0.00019,-1.0,-1.7472,-1747.17
2024-03-27 04:00:00-04:00,SHORT,Breakout,1.08216,1.0824010234486405,1.0814369296540784,2024-03-27 04:05:00-04:00,1.0824010234486405,SL,0.00017,-1.0,-1.7053,-1705.33
2024-03-27 07:50:00-04:00,SHORT,Breakout,1.08211,1.0825597959658917,1.0807606121023245,2024-03-27 15:55:00-04:00,1.0825597959658917,SL,0.00017,-1.0,-1.3779,-1377.95
2024-03-27 18:05:00-04:00,SHORT,Breakout,1.08135,1.081687545713399,1.0803373628598032,2024-03-27 20:50:00-04:00,1.081687545713399,SL,0.000334,-1.0,-1.9895,-1989.5
2024-03-28 02:30:00-04:00,SHORT,Breakout,1.08181,1.081962895657184,1.0813513130284476,2024-03-28 02:40:00-04:00,1.081962895657184,SL,0.00018,-1.0,-2.1773,-2177.27
2024-03-28 02:40:00-04:00,SHORT,Retest,1.08182,1.08196347635747,1.0813895709275902,2024-03-28 03:00:00-04:00,1.0813895709275902,TP,0.00018,3.0,1.7454,1745.44
2024-03-28 17:40:00-04:00,SHORT,Bounce,1.07871,1.078903210385341,1.078130368843977,2024-03-28 18:00:00-04:00,1.078903210385341,SL,0.000398,-1.0,-3.0599,-3059.93
2024-03-28 18:00:00-04:00,SHORT,Bounce,1.07881,1.0789057964862487,1.078522610541254,2024-03-28 18:05:00-04:00,1.0789057964862487,SL,0.00038,-1.0,-4.9667,-4966.74
2024-03-28 18:20:00-04:00,SHORT,Bounce,1.07881,1.0789126427385398,1.0785020717843807,2024-03-28 18:25:00-04:00,1.0789126427385398,SL,0.000394,-1.0,-4.8386,-4838.56
2024-03-29 03:50:00-04:00,SHORT,Breakout,1.07689,1.0773405539835925,1.075538338049222,2024-03-29 04:30:00-04:00,1.0773405539835925,SL,0.00017,-1.0,-1.3773,-1377.31
2024-03-29 11:00:00-04:00,SHORT,Breakout,1.0792,1.0793999789522668,1.0786000631431993,2024-03-29 16:25:00-04:00,1.0793999789522668,SL,0.00016,-1.0,-1.8001,-1800.08
2024-03-31 20:05:00-04:00,SHORT,Bounce,1.07936,1.0795823794621728,1.0786928616134819,2024-03-31 20:20:00-04:00,1.0795823794621728,SL,0.0002,-1.0,-1.8994,-1899.36
2024-04-01 06:15:00-04:00,SHORT,Breakout,1.07811,1.0782443588255597,1.0777069235233205,2024-04-01 07:10:00-04:00,1.0782443588255597,SL,0.00017,-1.0,-2.2653,-2265.27
2024-04-01 08:20:00-04:00,SHORT,Breakout,1.07774,1.0779113017010697,1.0772260948967904,2024-04-01 08:30:00-04:00,1.0779113017010697,SL,0.00016,-1.0,-1.934,-1934.02
2024-04-01 08:30:00-04:00,SHORT,Breakout,1.07772,1.0779123876912284,1.0771428369263147,2024-04-01 08:35:00-04:00,1.0779123876912284,SL,0.00016,-1.0,-1.8317,-1831.65
2024-04-01 08:40:00-04:00,SHORT,Breakout,1.0778,1.0779151199990695,1.0774546400027918,2024-04-01 08:45:00-04:00,1.0779151199990695,SL,0.00016,-1.0,-2.3899,-2389.85
2024-04-01 09:40:00-04:00,SHORT,Retest,1.07758,1.0779166969309486,1.0765699092071541,2024-04-01 10:00:00-04:00,1.0765699092071541,TP,0.00016,3.0,2.5248,2524.8
2024-04-01 19:05:00-04:00,SHORT,Breakout,1.07349,1.0736080587214925,1.0731358238355229,2024-04-01 19:10:00-04:00,1.0736080587214925,SL,0.0002,-1.0,-2.6941,-2694.07
2024-04-01 20:00:00-04:00,SHORT,Breakout,1.07325,1.073499496824699,1.0725015095259034,2024-04-01 20:50:00-04:00,1.073499496824699,SL,0.000196,-1.0,-1.7856,-1785.58
2024-04-02 01:50:00-04:00,SHORT,Breakout,1.07278,1.072842272043411,1.0725931838697673,2024-04-02 01:55:00-04:00,1.0725931838697673,TP,0.00018,3.0,0.1095,109.46
2024-04-02 02:40:00-04:00,SHORT,Breakout,1.07244,1.0728567761357253,1.0711896715928244,2024-04-02 03:05:00-04:00,1.0728567761357253,SL,0.00017,-1.0,-1.4079,-1407.89
2024-04-02 04:25:00-04:00,SHORT,Retest,1.07264,1.0728868047948734,1.07189958561538,2024-04-02 04:30:00-04:00,1.0728868047948734,SL,0.00017,-1.0,-1.6888,-1688.8
2024-04-02 14:55:00-04:00,SHORT,Breakout,1.07623,1.076384303485102,1.0757670895446942,2024-04-02 15:05:00-04:00,1.076384303485102,SL,0.00018,-1.0,-2.1665,-2166.53
2024-04-03 03:05:00-04:00,SHORT,Breakout,1.0764,1.07650109684724,1.0760967094582803,2024-04-03 03:10:00-04:00,1.07650109684724,SL,0.00017,-1.0,-2.6816,-2681.56
2024-04-03 03:20:00-04:00,SHORT,Breakout,1.07641,1.0765038701798053,1.0761283894605844,2024-04-03 03:30:00-04:00,1.0765038701798053,SL,0.00017,-1.0,-2.811,-2811.01
2024-04-04 01:25:00-04:00,LONG,Breakout,1.08443,1.084372600626229,1.0846021981213128,2024-04-04 01:50:00-04:00,1.084372600626229,SL,0.000196,-1.0,-4.4147,-4414.67
2024-04-04 03:15:00-04:00,LONG,Breakout,1.08485,1.0845140597343745,1.0858578207968768,2024-04-04 04:25:00-04:00,1.0858578207968768,TP,0.00017,3.0,2.494,2493.96
2024-04-04 08:20:00-04:00,LONG,Bounce,1.08519,1.0849380859696887,1.0859457420909344,2024-04-04 08:40:00-04:00,1.0859457420909344,TP,0.00016,3.0,2.3649,2364.86
2024-04-04 08:45:00-04:00,LONG,Breakout,1.08651,1.08609294984966,1.08776115045102,2024-04-04 12:35:00-04:00,1.08609294984966,SL,0.00016,-1.0,-1.3836,-1383.65
2024-04-09 02:00:00-04:00,LONG,Breakout,1.08587,1.0857348165653073,1.0862755503040775,2024-04-09 02:15:00-04:00,1.0857348165653073,SL,0.00018,-1.0,-2.3315,-2331.52
2024-04-09 02:30:00-04:00,LONG,Bounce,1.08554,1.085252511831111,1.086402464506667,2024-04-09 02:50:00-04:00,1.085252511831111,SL,0.00017,-1.0,-1.5913,-1591.33
2024-04-09 04:05:00-04:00,LONG,Bounce,1.08512,1.0849690899891047,1.0855727300326863,2024-04-09 04:45:00-04:00,1.0855727300326863,TP,0.00017,3.0,1.8735,1873.5
2024-04-09 05:40:00-04:00,LONG,Breakout,1.08635,1.0858865086960159,1.087740473911952,2024-04-09 07:40:00-04:00,1.0858865086960159,SL,0.00017,-1.0,-1.3668,-1366.78
2024-04-09 07:50:00-04:00,LONG,Retest,1.08603,1.0858929149865224,1.086441255040433,2024-04-09 08:00:00-04:00,1.086441255040433,TP,0.00016,3.0,1.8328,1832.84
2024-04-09 08:30:00-04:00,LONG,Breakout,1.08729,1.087161315296558,1.0876760541103263,2024-04-09 08:35:00-04:00,1.087161315296558,SL,0.00016,-1.0,-2.2433,-2243.35
2024-04-09 08:40:00-04:00,LONG,Breakout,1.08768,1.087160756556726,1.0892377303298217,2024-04-09 10:25:00-04:00,1.087160756556726,SL,0.00016,-1.0,-1.3081,-1308.14
2024-04-09 22:05:00-04:00,LONG,Bounce,1.08532,1.0852436229778546,1.0855491310664365,2024-04-09 22:10:00-04:00,1.0852436229778546,SL,0.000194,-1.0,-3.54,-3540.03
2024-04-10 01:10:00-04:00,LONG,Breakout,1.08537,1.0853099978689802,1.0855500063930592,2024-04-10 01:40:00-04:00,1.0853099978689802,SL,0.000196,-1.0,-4.2666,-4266.55
2024-04-10 08:00:00-04:00,LONG,Breakout,1.08587,1.0855976648279833,1.0866870055160498,2024-04-10 08:30:00-04:00,1.0855976648279833,SL,0.00016,-1.0,-1.5875,-1587.51
2024-04-10 20:00:00-04:00,LONG,Bounce,1.074,1.07373224822109,1.0748032553367302,2024-04-10 23:20:00-04:00,1.0748032553367302,TP,0.0002,3.0,2.253,2253.04
2024-04-11 01:55:00-04:00,SHORT,Breakout,1.0742,1.074310225364258,1.0738693239072261,2024-04-11 02:00:00-04:00,1.0738693239072261,TP,0.00018,3.0,1.367,1366.98
2024-04-11 08:15:00-04:00,SHORT,Breakout,1.07192,1.0725973585620807,1.0698879243137578,2024-04-11 08:25:00-04:00,1.0725973585620807,SL,0.000162,-1.0,-1.2392,-1239.16
2024-04-11 20:00:00-04:00,SHORT,Breakout,1.0723,1.072371209256304,1.072086372231088,2024-04-11 20:05:00-04:00,1.072371209256304,SL,0.0002,-1.0,-3.8086,-3808.62
2024-04-11 20:15:00-04:00,SHORT,Breakout,1.0722,1.072377444145809,1.0716676675625734,2024-04-11 20:35:00-04:00,1.072377444145809,SL,0.0002,-1.0,-2.1271,-2127.12
2024-04-11 21:00:00-04:00,SHORT,Bounce,1.07256,1.0727045667196589,1.0721262998410233,2024-04-11 21:05:00-04:00,1.0727045667196589,SL,0.0002,-1.0,-2.3834,-2383.44
2024-04-11 21:05:00-04:00,SHORT,Bounce,1.07252,1.072705811953969,1.0719625641380928,2024-04-11 21:30:00-04:00,1.072705811953969,SL,0.0002,-1.0,-2.0764,-2076.36
2024-04-12 02:00:00-04:00,SHORT,Breakout,1.07058,1.0709939243746087,1.0693382268761742,2024-04-12 02:35:00-04:00,1.0693382268761742,TP,0.000184,3.0,2.5555,2555.47
2024-04-12 04:55:00-04:00,SHORT,Breakout,1.06703,1.0674546436723191,1.0657560689830423,2024-04-12 05:25:00-04:00,1.0657560689830423,TP,0.00017,3.0,2.5997,2599.66
2024-04-12 08:35:00-04:00,SHORT,Breakout,1.06401,1.064386230948399,1.062881307154803,2024-04-12 10:00:00-04:00,1.064386230948399,SL,0.00016,-1.0,-1.4253,-1425.27
2024-04-15 03:00:00-04:00,SHORT,Bounce,1.06518,1.065360068257572,1.0646397952272844,2024-04-15 03:05:00-04:00,1.065360068257572,SL,0.00017,-1.0,-1.9441,-1944.09
2024-04-15 07:20:00-04:00,SHORT,Bounce,1.06598,1.0662496706082552,1.0651709881752343,2024-04-15 07:50:00-04:00,1.0651709881752343,TP,0.00016,3.0,2.4067,2406.68
2024-04-15 08:30:00-04:00,SHORT,Breakout,1.06309,1.0651649739620799,1.0568650781137607,2024-04-15 09:00:00-04:00,1.0651649739620799,SL,0.000162,-1.0,-1.0781,-1078.07
2024-04-16 02:25:00-04:00,SHORT,Breakout,1.06044,1.0605669372355786,1.0600591882932644,2024-04-16 02:35:00-04:00,1.0605669372355786,SL,0.00018,-1.0,-2.418,-2418.02
2024-04-16 14:10:00-04:00,SHORT,Breakout,1.06234,1.0627856142483605,1.0610031572549188,2024-04-16 14:35:00-04:00,1.0627856142483605,SL,0.00018,-1.0,-1.4039,-1403.94
2024-04-16 21:35:00-04:00,SHORT,Bounce,1.06236,1.0624798856053983,1.062000343183805,2024-04-16 21:40:00-04:00,1.0624798856053983,SL,0.0002,-1.0,-2.6683,-2668.26
2024-04-17 01:30:00-04:00,SHORT,Breakout,1.06139,1.0616682163374316,1.0605553509877055,2024-04-17 02:00:00-04:00,1.0605553509877055,TP,0.00018,3.0,2.353,2353.02
2024-04-17 02:15:00-04:00,SHORT,Breakout,1.06146,1.0616916779132561,1.0607649662602319,2024-04-17 02:20:00-04:00,1.0616916779132561,SL,0.00018,-1.0,-1.7769,-1776.94
2024-04-17 09:45:00-04:00,SHORT,Bounce,1.06475,1.0649458968382362,1.064162309485292,2024-04-17 10:00:00-04:00,1.064162309485292,TP,0.00016,3.0,2.1832,2183.24
2024-04-17 12:30:00-04:00,SHORT,Bounce,1.06495,1.065315281327951,1.0638541560161474,2024-04-17 12:45:00-04:00,1.065315281327951,SL,0.00018,-1.0,-1.4928,-1492.77
2024-04-17 13:00:00-04:00,SHORT,Bounce,1.06493,1.0653222048547595,1.0637533854357213,2024-04-17 13:05:00-04:00,1.0653222048547595,SL,0.00018,-1.0,-1.4589,-1458.94
2024-04-18 00:30:00-04:00,SHORT,Bounce,1.06778,1.0678454316124806,1.067583705162558,2024-04-18 00:45:00-04:00,1.067583705162558,TP,0.0002,3.0,-0.0566,-56.63
2024-04-18 08:00:00-04:00,SHORT,Bounce,1.06763,1.067893141665652,1.066840575003044,2024-04-18 08:10:00-04:00,1.067893141665652,SL,0.00016,-1.0,-1.608,-1608.04
2024-04-18 08:20:00-04:00,SHORT,Breakout,1.06679,1.0669591971863985,1.066282408440804,2024-04-18 08:25:00-04:00,1.0669591971863985,SL,0.00016,-1.0,-1.9456,-1945.64
2024-04-18 08:30:00-04:00,SHORT,Breakout,1.0662,1.06697925675766,1.0638622297270204,2024-04-18 18:50:00-04:00,1.0638622297270204,TP,0.00016,3.0,2.7947,2794.68
2024-04-18 20:15:00-04:00,SHORT,Breakout,1.06355,1.0638585388676534,1.06262438339704,2024-04-18 20:45:00-04:00,1.0638585388676534,SL,0.0002,-1.0,-1.6482,-1648.22
2024-04-18 20:55:00-04:00,SHORT,Breakout,1.06378,1.0638701824437933,1.06350945266862,2024-04-18 21:00:00-04:00,1.0638701824437933,SL,0.0002,-1.0,-3.2177,-3217.73
2024-04-18 21:05:00-04:00,SHORT,Retest,1.06347,1.063874851188781,1.0622554464336567,2024-04-18 21:30:00-04:00,1.0622554464336567,TP,0.0002,3.0,2.506,2505.99
2024-04-21 21:15:00-04:00,SHORT,Bounce,1.06597,1.066454772937582,1.0645156811872545,2024-04-21 21:20:00-04:00,1.066454772937582,SL,0.0002,-1.0,-1.4126,-1412.56
2024-04-22 02:45:00-04:00,SHORT,Breakout,1.06607,1.066158864774966,1.0658034056751022,2024-04-22 02:50:00-04:00,1.066158864774966,SL,0.00017,-1.0,-2.913,-2913.02
2024-04-22 03:15:00-04:00,SHORT,Breakout,1.06572,1.066171043567836,1.064366869296492,2024-04-22 07:10:00-04:00,1.064366869296492,TP,0.00017,3.0,2.6231,2623.1
2024-04-22 07:10:00-04:00,SHORT,Breakout,1.06436,1.064707582532558,1.0633172524023258,2024-04-22 07:55:00-04:00,1.0633172524023258,TP,0.00016,3.0,2.5397,2539.68
2024-04-22 09:25:00-04:00,SHORT,Breakout,1.06266,1.0630526190874003,1.0614821427377987,2024-04-22 09:40:00-04:00,1.0630526190874003,SL,0.00016,-1.0,-1.4075,-1407.52
2024-04-23 01:00:00-04:00,SHORT,Breakout,1.06518,1.0653881923633666,1.0645554229099004,2024-04-23 02:00:00-04:00,1.0645554229099004,TP,0.0002,3.0,2.0393,2039.35
2024-05-01 02:40:00-04:00,SHORT,Breakout,1.06543,1.0656545637187482,1.0647563088437557,2024-05-01 03:00:00-04:00,1.0656545637187482,SL,0.00017,-1.0,-1.757,-1757.02
2024-05-03 01:30:00-04:00,LONG,Breakout,1.07363,1.0734889307370126,1.0740532077889626,2024-05-03 01:50:00-04:00,1.0734889307370126,SL,0.00018,-1.0,-2.276,-2275.97
2024-05-03 04:00:00-04:00,LONG,Breakout,1.07398,1.0736337203766568,1.0750188388700292,2024-05-03 08:20:00-04:00,1.0750188388700292,TP,0.00017,3.0,2.5091,2509.07
2024-05-03 08:20:00-04:00,LONG,Breakout,1.07519,1.074831688507938,1.076264934476186,2024-05-03 08:30:00-04:00,1.076264934476186,TP,0.00016,3.0,2.5535,2553.46
2024-05-03 10:25:00-04:00,LONG,Retest,1.07558,1.074695045534489,1.0782348633965328,2024-05-06 08:25:00-04:00,1.0782348633965328,TP,0.00016,3.0,2.8192,2819.2
2024-05-06 20:30:00-04:00,LONG,Breakout,1.07701,1.0769393600037453,1.077221919988764,2024-05-06 20:35:00-04:00,1.077221919988764,TP,0.0002,3.0,0.1687,168.74
2024-05-09 08:30:00-04:00,LONG,Breakout,1.07507,1.0736790818706654,1.0792427543880037,2024-05-13 07:45:00-04:00,1.0792427543880037,TP,0.00016,3.0,2.885,2884.97
2024-05-13 07:45:00-04:00,LONG,Breakout,1.07922,1.0787388049652091,1.0806635851043729,2024-05-13 13:10:00-04:00,1.0787388049652091,SL,0.00016,-1.0,-1.3325,-1332.51
2024-05-14 01:55:00-04:00,LONG,Bounce,1.07855,1.0783270932559774,1.0792187202320673,2024-05-14 02:25:00-04:00,1.0783270932559774,SL,0.00018,-1.0,-1.8075,-1807.51
2024-05-14 05:15:00-04:00,LONG,Breakout,1.0792,1.0788024521904487,1.0803926434286537,2024-05-14 05:30:00-04:00,1.0788024521904487,SL,0.00017,-1.0,-1.4276,-1427.62
2024-05-14 08:30:00-04:00,LONG,Bounce,1.0787,1.0773539362360096,1.0827381912919711,2024-05-15 02:00:00-04:00,1.0827381912919711,TP,0.000162,3.0,2.8796,2879.65
2024-05-15 02:00:00-04:00,LONG,Breakout,1.08273,1.082660541470697,1.0829383755879092,2024-05-15 02:05:00-04:00,1.082660541470697,SL,0.00018,-1.0,-3.5915,-3591.47
2024-05-15 02:50:00-04:00,LONG,Breakout,1.08276,1.0826480791327853,1.083095762601644,2024-05-15 02:55:00-04:00,1.0826480791327853,SL,0.00017,-1.0,-2.5189,-2518.93
2024-05-15 04:45:00-04:00,LONG,Retest,1.08284,1.0826279019954312,1.0834762940137064,2024-05-15 05:15:00-04:00,1.0826279019954312,SL,0.00017,-1.0,-1.8015,-1801.52
2024-05-15 08:00:00-04:00,LONG,Breakout,1.08327,1.0828657251111267,1.0844828246666198,2024-05-15 08:25:00-04:00,1.0828657251111267,SL,0.00016,-1.0,-1.3958,-1395.77
2024-05-15 18:05:00-04:00,LONG,Breakout,1.08864,1.0884507951457814,1.0892076145626561,2024-05-15 20:55:00-04:00,1.0892076145626561,TP,0.000286,3.0,1.4884,1488.41
2024-05-17 02:00:00-04:00,LONG,Breakout,1.08629,1.0860145780885337,1.0871162657343987,2024-05-17 02:35:00-04:00,1.0860145780885337,SL,0.00018,-1.0,-1.6535,-1653.54
2024-05-17 02:55:00-04:00,LONG,Breakout,1.08618,1.0860088908028847,1.0866933275913457,2024-05-17 03:15:00-04:00,1.0866933275913457,TP,0.00017,3.0,2.0065,2006.48
2024-05-17 03:15:00-04:00,LONG,Breakout,1.08663,1.0865237126254996,1.086948862123501,2024-05-17 03:20:00-04:00,1.0865237126254996,SL,0.00017,-1.0,-2.5994,-2599.44
2024-05-17 09:00:00-04:00,LONG,Breakout,1.08457,1.0844426714418476,1.0849519856744574,2024-05-17 09:10:00-04:00,1.0849519856744574,TP,0.00016,3.0,1.7434,1743.41
2024-05-17 14:00:00-04:00,LONG,Breakout,1.08748,1.0873036012767798,1.0880091961696605,2024-05-17 14:05:00-04:00,1.0873036012767798,SL,0.000178,-1.0,-2.0091,-2009.08
2024-05-17 14:40:00-04:00,LONG,Retest,1.0874,1.087309131875003,1.0876726043749907,2024-05-17 14:45:00-04:00,1.087309131875003,SL,0.000178,-1.0,-2.9589,-2958.88
2024-05-20 02:05:00-04:00,LONG,Breakout,1.08827,1.088114053129476,1.0887378406115724,2024-05-20 02:10:00-04:00,1.088114053129476,SL,0.00018,-1.0,-2.1542,-2154.24
2024-05-20 03:15:00-04:00,LONG,Bounce,1.08719,1.0869965943441298,1.0877702169676111,2024-05-20 03:25:00-04:00,1.0869965943441298,SL,0.00017,-1.0,-1.879,-1878.98
2024-05-20 03:25:00-04:00,LONG,Bounce,1.08709,1.0869946553273364,1.0873760340179903,2024-05-20 03:35:00-04:00,1.0873760340179903,TP,0.00017,3.0,1.217,1217.0
2024-05-20 20:50:00-04:00,LONG,Breakout,1.0860400000000001,1.085954618445878,1.0862961446623667,2024-05-20 20:55:00-04:00,1.085954618445878,SL,0.000186,-1.0,-3.1785,-3178.46
2024-05-21 01:55:00-04:00,LONG,Breakout,1.08573,1.0855782782113441,1.086185165365968,2024-05-21 02:25:00-04:00,1.086185165365968,TP,0.000178,3.0,1.8268,1826.8
2024-05-21 13:00:00-04:00,LONG,Bounce,1.08533,1.085032069797867,1.0862237906063985,2024-05-21 13:05:00-04:00,1.085032069797867,SL,0.00018,-1.0,-1.6042,-1604.17
2024-05-21 21:45:00-04:00,LONG,Breakout,1.08595,1.0858482686269346,1.086255194119196,2024-05-21 21:55:00-04:00,1.0858482686269346,SL,0.00019,-1.0,-2.8677,-2867.66
2024-05-21 22:00:00-04:00,LONG,Breakout,1.08602,1.0858442857774693,1.0865471426675921,2024-05-21 22:20:00-04:00,1.0858442857774693,SL,0.0002,-1.0,-2.1382,-2138.21
2024-05-23 02:00:00-04:00,LONG,Bounce,1.08227,1.0820353014251756,1.0829740957244736,2024-05-23 03:15:00-04:00,1.0820353014251756,SL,0.00018,-1.0,-1.7669,-1766.94
2024-05-23 07:55:00-04:00,LONG,Breakout,1.08495,1.084706327970492,1.0856810160885242,2024-05-23 08:40:00-04:00,1.084706327970492,SL,0.00016,-1.0,-1.6566,-1656.62
2024-05-23 08:50:00-04:00,LONG,Breakout,1.08518,1.0846930609503176,1.0866408171490474,2024-05-23 09:45:00-04:00,1.0846930609503176,SL,0.00016,-1.0,-1.3286,-1328.58
2024-05-27 02:50:00-04:00,LONG,Breakout,1.0849,1.084832889235831,1.085101332292507,2024-05-27 03:00:00-04:00,1.084832889235831,SL,0.00017,-1.0,-3.5331,-3533.13
2024-05-27 03:50:00-04:00,LONG,Retest,1.08497,1.0848248571147763,1.0854054286556711,2024-05-27 04:00:00-04:00,1.0848248571147763,SL,0.00017,-1.0,-2.1713,-2171.26
2024-05-27 19:55:00-04:00,LONG,Breakout,1.0860400000000001,1.085955252191214,1.0862942434263587,2024-05-27 20:15:00-04:00,1.0862942434263587,TP,0.000188,3.0,0.7817,781.65
2024-05-28 03:05:00-04:00,LONG,Bounce,1.08743,1.087114913921604,1.0883752582351873,2024-05-28 03:15:00-04:00,1.087114913921604,SL,0.00017,-1.0,-1.5395,-1539.54
2024-05-28 03:15:00-04:00,LONG,Bounce,1.08723,1.0871138696568934,1.0875783910293195,2024-05-28 03:25:00-04:00,1.0875783910293195,TP,0.00017,3.0,1.5361,1536.13
2024-05-29 02:05:00-04:00,LONG,Breakout,1.0848,1.084726106642897,1.0850216800713088,2024-05-29 02:10:00-04:00,1.084726106642897,SL,0.00018,-1.0,-3.4359,-3435.94
2024-05-29 02:25:00-04:00,LONG,Breakout,1.08488,1.084720526234584,1.0853584212962482,2024-05-29 02:50:00-04:00,1.0853584212962482,TP,0.00018,3.0,1.8713,1871.29
2024-05-29 08:00:00-04:00,LONG,Breakout,1.08523,1.085074579734067,1.0856962607977985,2024-05-29 08:05:00-04:00,1.0856962607977985,TP,0.000162,3.0,1.9577,1957.66
2024-05-29 19:40:00-04:00,LONG,Bounce,1.08002,1.0797767485404643,1.0807497543786069,2024-05-29 20:05:00-04:00,1.0797767485404643,SL,0.000182,-1.0,-1.7482,-1748.2
2024-05-30 00:35:00-04:00,SHORT,Breakout,1.07922,1.0793009600721144,1.078977119783657,2024-05-30 00:50:00-04:00,1.0793009600721144,SL,0.0002,-1.0,-3.4704,-3470.35
2024-05-30 08:00:00-04:00,SHORT,Bounce,1.08166,1.0819724170609173,1.0807227488172484,2024-05-30 08:30:00-04:00,1.0819724170609173,SL,0.00016,-1.0,-1.5121,-1512.14
2024-05-30 15:00:00-04:00,SHORT,Breakout,1.0834,1.0835194184442274,1.0830417446673175,2024-05-30 15:05:00-04:00,1.0835194184442274,SL,0.000176,-1.0,-2.4738,-2473.81
2024-05-30 21:05:00-04:00,SHORT,Bounce,1.08304,1.0832963127025375,1.0822710618923876,2024-05-30 21:45:00-04:00,1.0822710618923876,TP,0.000196,3.0,2.2353,2235.31
2024-06-02 20:20:00-04:00,LONG,Breakout,1.08538,1.0853159746932899,1.0855720759201304,2024-06-02 20:30:00-04:00,1.0853159746932899,SL,0.000194,-1.0,-4.0301,-4030.05
2024-06-02 21:10:00-04:00,LONG,Retest,1.08549,1.0853172433204823,1.0860082700385534,2024-06-02 22:05:00-04:00,1.0853172433204823,SL,0.000184,-1.0,-2.0651,-2065.08
2024-06-03 01:45:00-04:00,LONG,Bounce,1.08485,1.0847693089355208,1.085092073193438,2024-06-03 01:55:00-04:00,1.085092073193438,TP,0.00018,3.0,0.7693,769.27
2024-06-03 02:10:00-04:00,LONG,Bounce,1.085,1.08476554137152,1.0857033758854397,2024-06-03 02:15:00-04:00,1.08476554137152,SL,0.00018,-1.0,-1.7677,-1767.73
2024-06-03 02:20:00-04:00,LONG,Bounce,1.0849199999999999,1.0847630331213616,1.0853909006359148,2024-06-03 02:25:00-04:00,1.0847630331213616,SL,0.00018,-1.0,-2.1467,-2146.74
2024-06-03 14:20:00-04:00,LONG,Breakout,1.08913,1.088929732126822,1.0897308036195335,2024-06-03 15:00:00-04:00,1.0897308036195335,TP,0.00018,3.0,2.1012,2101.2
2024-06-03 20:00:00-04:00,LONG,Breakout,1.09129,1.0908316570651744,1.0926650288044772,2024-06-03 21:35:00-04:00,1.0908316570651744,SL,0.0002,-1.0,-1.4364,-1436.35
2024-06-04 10:00:00-04:00,LONG,Breakout,1.08722,1.0868718098946615,1.0882645703160159,2024-06-04 10:05:00-04:00,1.0868718098946615,SL,0.00016,-1.0,-1.4595,-1459.52
2024-06-04 19:55:00-04:00,LONG,Breakout,1.08807,1.087952096634991,1.0884237100950276,2024-06-04 20:00:00-04:00,1.087952096634991,SL,0.000178,-1.0,-2.5097,-2509.71
2024-06-04 20:10:00-04:00,LONG,Breakout,1.08801,1.087948381307243,1.0881948560782706,2024-06-04 20:15:00-04:00,1.087948381307243,SL,0.00019,-1.0,-4.0835,-4083.48
2024-06-04 20:35:00-04:00,LONG,Breakout,1.08811,1.087947202747944,1.0885983917561677,2024-06-04 23:20:00-04:00,1.087947202747944,SL,0.000192,-1.0,-2.1794,-2179.38
2024-06-05 01:50:00-04:00,LONG,Bounce,1.08767,1.0875317268519262,1.088084819444221,2024-06-05 02:05:00-04:00,1.0875317268519262,SL,0.000178,-1.0,-2.2873,-2287.31
2024-06-05 03:10:00-04:00,LONG,Bounce,1.08732,1.0870629906177018,1.0880910281468947,2024-06-05 03:50:00-04:00,1.0870629906177018,SL,0.00017,-1.0,-1.6615,-1661.45
2024-06-06 00:40:00-04:00,LONG,Bounce,1.08873,1.088647808541321,1.0889765743760371,2024-06-06 00:45:00-04:00,1.088647808541321,SL,0.000188,-1.0,-3.2873,-3287.34
2024-06-06 08:15:00-04:00,LONG,Breakout,1.08828,1.088064679266908,1.0889259621992757,2024-06-06 08:20:00-04:00,1.088064679266908,SL,0.000162,-1.0,-1.7524,-1752.37
2024-06-06 09:45:00-04:00,LONG,Retest,1.08858,1.088011202227585,1.0902863933172455,2024-06-06 10:10:00-04:00,1.088011202227585,SL,0.00016,-1.0,-1.2813,-1281.3
2024-06-06 13:30:00-04:00,LONG,Breakout,1.08872,1.0886182406772411,1.0890252779682763,2024-06-06 13:45:00-04:00,1.0890252779682763,TP,0.00018,3.0,1.2311,1231.12
2024-06-07 07:45:00-04:00,LONG,Breakout,1.08988,1.089499913842586,1.0910202584722417,2024-06-07 08:10:00-04:00,1.089499913842586,SL,0.00016,-1.0,-1.421,-1420.96
2024-06-10 02:25:00-04:00,SHORT,Bounce,1.07514,1.075537511720834,1.0739474648374983,2024-06-10 02:40:00-04:00,1.075537511720834,SL,0.00018,-1.0,-1.4528,-1452.82
2024-06-10 03:00:00-04:00,SHORT,Bounce,1.0749900000000001,1.075550821446619,1.0733075356601436,2024-06-10 03:20:00-04:00,1.075550821446619,SL,0.00017,-1.0,-1.3031,-1303.13
2024-06-11 01:55:00-04:00,SHORT,Breakout,1.07645,1.076566716420551,1.0760998507383466,2024-06-11 02:00:00-04:00,1.076566716420551,SL,0.00018,-1.0,-2.5422,-2542.2
2024-06-11 03:15:00-04:00,SHORT,Breakout,1.07619,1.0763599633647818,1.0756801099056545,2024-06-11 03:20:00-04:00,1.0763599633647818,SL,0.00017,-1.0,-2.0002,-2000.22
2024-06-11 04:10:00-04:00,SHORT,Retest,1.07612,1.0763654168787706,1.075383749363688,2024-06-11 04:45:00-04:00,1.075383749363688,TP,0.00017,3.0,2.3073,2307.3
2024-06-12 03:00:00-04:00,SHORT,Bounce,1.07385,1.0742873827589143,1.0725378517232569,2024-06-12 03:45:00-04:00,1.0742873827589143,SL,0.00017,-1.0,-1.3887,-1388.68
2024-06-12 14:45:00-04:00,SHORT,Breakout,1.08139,1.0818107291541066,1.0801278125376805,2024-06-12 14:55:00-04:00,1.0818107291541066,SL,0.00018,-1.0,-1.4278,-1427.83
2024-06-12 21:35:00-04:00,SHORT,Breakout,1.08067,1.080845616637713,1.0801431500868612,2024-06-13 01:00:00-04:00,1.0801431500868612,TP,0.000192,3.0,1.9067,1906.71
2024-06-17 01:30:00-04:00,SHORT,Bounce,1.07032,1.0704064182834596,1.070060745149621,2024-06-17 01:45:00-04:00,1.070060745149621,TP,0.000176,3.0,0.9634,963.39
2024-06-17 01:50:00-04:00,SHORT,Breakout,1.06997,1.070132502982973,1.0694824910510816,2024-06-17 02:00:00-04:00,1.0694824910510816,TP,0.000176,3.0,1.9169,1916.94
2024-06-17 10:00:00-04:00,SHORT,Bounce,1.07139,1.071786960451154,1.070199118646538,2024-06-17 11:05:00-04:00,1.071786960451154,SL,0.00016,-1.0,-1.4031,-1403.06
2024-06-17 21:20:00-04:00,SHORT,Breakout,1.07275,1.0728974139419374,1.0723077581741882,2024-06-17 21:30:00-04:00,1.0728974139419374,SL,0.00019,-1.0,-2.2889,-2288.89
2024-06-18 20:00:00-04:00,SHORT,Breakout,1.07366,1.0737763127676445,1.0733110616970667,2024-06-18 20:05:00-04:00,1.0737763127676445,SL,0.000188,-1.0,-2.6163,-2616.33
2024-06-18 20:25:00-04:00,SHORT,Retest,1.07369,1.0737773869229283,1.073427839231215,2024-06-18 20:30:00-04:00,1.0737773869229283,SL,0.00017,-1.0,-2.9454,-2945.37
2024-06-18 20:35:00-04:00,SHORT,Breakout,1.07367,1.073776797908035,1.0733496062758945,2024-06-18 21:40:00-04:00,1.073776797908035,SL,0.000172,-1.0,-2.6105,-2610.52
2024-06-18 21:55:00-04:00,SHORT,Bounce,1.07396,1.0740388122341544,1.0737235632975368,2024-06-18 22:00:00-04:00,1.0740388122341544,SL,0.000182,-1.0,-3.3093,-3309.29
2024-06-19 02:30:00-04:00,SHORT,Breakout,1.07327,1.0734763657968605,1.0726509026094184,2024-06-19 02:35:00-04:00,1.0734763657968605,SL,0.00017,-1.0,-1.8238,-1823.78
2024-06-19 03:15:00-04:00,SHORT,Breakout,1.07275,1.0735050974981781,1.070484707505466,2024-06-19 03:55:00-04:00,1.0735050974981781,SL,0.00017,-1.0,-1.2251,-1225.14
2024-06-19 21:15:00-04:00,SHORT,Breakout,1.07429,1.074435128881575,1.0738546133552749,2024-06-19 21:20:00-04:00,1.074435128881575,SL,0.000188,-1.0,-2.2954,-2295.4
2024-06-19 22:05:00-04:00,SHORT,Retest,1.07435,1.074435528130208,1.0740934156093755,2024-06-19 22:30:00-04:00,1.0740934156093755,TP,0.000186,3.0,0.8253,825.28
2024-06-19 22:30:00-04:00,SHORT,Breakout,1.07397,1.0741258943744596,1.0735023168766216,2024-06-20 00:15:00-04:00,1.0741258943744596,SL,0.000194,-1.0,-2.2444,-2244.43
2024-06-20 01:50:00-04:00,SHORT,Breakout,1.07369,1.0738088305792515,1.0733335082622457,2024-06-20 02:05:00-04:00,1.0733335082622457,TP,0.000176,3.0,1.5189,1518.9
2024-06-20 11:10:00-04:00,SHORT,Breakout,1.07122,1.0716497313393851,1.0699308059818449,2024-06-20 11:15:00-04:00,1.0716497313393851,SL,0.00016,-1.0,-1.3723,-1372.33
2024-06-20 11:25:00-04:00,SHORT,Retest,1.07148,1.071648091746585,1.0709757247602452,2024-06-20 11:30:00-04:00,1.071648091746585,SL,0.00016,-1.0,-1.9519,-1951.86
2024-06-21 03:15:00-04:00,SHORT,Breakout,1.06961,1.0703094864986331,1.0675115405041005,2024-06-21 03:30:00-04:00,1.0675115405041005,TP,0.00017,3.0,2.757,2756.96
2024-06-23 17:35:00-04:00,SHORT,Breakout,1.0689,1.0690061251706786,1.068581624487964,2024-06-23 17:50:00-04:00,1.0690061251706786,SL,0.00043,-1.0,-5.0518,-5051.82
2024-06-23 20:00:00-04:00,SHORT,Breakout,1.06846,1.0685458650888189,1.0682024047335432,2024-06-23 20:05:00-04:00,1.0685458650888189,SL,0.0002,-1.0,-3.3292,-3329.24
2024-06-24 20:15:00-04:00,SHORT,Bounce,1.07334,1.0733851175315916,1.073204647405225,2024-06-24 20:20:00-04:00,1.073204647405225,TP,0.000194,3.0,-1.2999,-1299.88
2024-06-26 01:25:00-04:00,SHORT,Breakout,1.07048,1.0706626979229412,1.0699319062311767,2024-06-26 02:15:00-04:00,1.0699319062311767,TP,0.00019,3.0,1.96,1960.03
2024-06-27 20:50:00-04:00,SHORT,Breakout,1.07,1.0701447652762843,1.0695657041711473,2024-06-27 21:05:00-04:00,1.0695657041711473,TP,0.0002,3.0,1.6185,1618.45
2024-06-28 02:30:00-04:00,SHORT,Bounce,1.06957,1.0696499700611641,1.0693300898165072,2024-06-28 02:35:00-04:00,1.0696499700611641,SL,0.00017,-1.0,-3.1258,-3125.8
2024-06-28 02:35:00-04:00,SHORT,Bounce,1.0695000000000001,1.0696519721996522,1.0690440834010437,2024-06-28 02:50:00-04:00,1.0696519721996522,SL,0.00017,-1.0,-2.1186,-2118.63
2024-06-28 03:00:00-04:00,SHORT,Bounce,1.06947,1.0696584600574268,1.0689046198277192,2024-06-28 03:05:00-04:00,1.0696584600574268,SL,0.00017,-1.0,-1.902,-1902.05
2024-07-04 19:40:00-04:00,LONG,Bounce,1.08089,1.0808168404128513,1.0811094787614457,2024-07-04 20:00:00-04:00,1.0811094787614457,TP,0.00017,3.0,0.6763,676.31
2024-07-04 23:00:00-04:00,LONG,Breakout,1.0819,1.0816790753650594,1.0825627739048223,2024-07-05 03:00:00-04:00,1.0816790753650594,SL,0.000188,-1.0,-1.851,-1850.97
2024-07-05 03:10:00-04:00,LONG,Breakout,1.08228,1.0821142313266794,1.0827773060199615,2024-07-05 03:15:00-04:00,1.0821142313266794,SL,0.00017,-1.0,-2.0255,-2025.53
2024-07-05 03:35:00-04:00,LONG,Breakout,1.08261,1.0824632406883603,1.0830502779349194,2024-07-05 03:45:00-04:00,1.0824632406883603,SL,0.00017,-1.0,-2.1584,-2158.36
2024-07-05 05:05:00-04:00,LONG,Retest,1.08269,1.082468183310749,1.0833554500677527,2024-07-05 06:00:00-04:00,1.082468183310749,SL,0.00017,-1.0,-1.7664,-1766.4
2024-07-05 08:30:00-04:00,LONG,Bounce,1.08252,1.0814389408338931,1.0857631774983203,2024-07-05 08:35:00-04:00,1.0814389408338931,SL,0.000162,-1.0,-1.1499,-1149.85
2024-07-07 23:20:00-04:00,LONG,Breakout,1.08308,1.0828865054217376,1.0836604837347874,2024-07-08 00:00:00-04:00,1.0828865054217376,SL,0.0002,-1.0,-2.0336,-2033.62
2024-07-09 03:50:00-04:00,LONG,Bounce,1.08186,1.081758453065413,1.0821646408037613,2024-07-09 03:55:00-04:00,1.081758453065413,SL,0.00017,-1.0,-2.6741,-2674.1
2024-07-09 10:05:00-04:00,LONG,Bounce,1.08172,1.081040516816574,1.0837584495502781,2024-07-09 11:10:00-04:00,1.081040516816574,SL,0.00016,-1.0,-1.2355,-1235.47
2024-07-09 22:00:00-04:00,LONG,Bounce,1.08132,1.0811246316070313,1.0819061051789063,2024-07-09 23:20:00-04:00,1.0819061051789063,TP,0.0002,3.0,1.9763,1976.29
2024-07-10 02:50:00-04:00,LONG,Breakout,1.08217,1.0819903990239947,1.082708802928016,2024-07-10 02:55:00-04:00,1.0819903990239947,SL,0.00017,-1.0,-1.9465,-1946.54
2024-07-10 04:00:00-04:00,LONG,Bounce,1.08157,1.0813144557321273,1.082336632803618,2024-07-10 04:20:00-04:00,1.0813144557321273,SL,0.00017,-1.0,-1.6652,-1665.25
2024-07-10 15:50:00-04:00,LONG,Breakout,1.08283,1.0827485264174932,1.0830744207475203,2024-07-10 16:15:00-04:00,1.0827485264174932,SL,0.000178,-1.0,-3.1848,-3184.76
2024-07-10 21:40:00-04:00,LONG,Breakout,1.08375,1.0835478004730446,1.0843565985808663,2024-07-10 23:00:00-04:00,1.0835478004730446,SL,0.000186,-1.0,-1.9199,-1919.88
2024-07-11 02:15:00-04:00,LONG,Bounce,1.08368,1.083405894563594,1.0845023163092178,2024-07-11 02:30:00-04:00,1.083405894563594,SL,0.000172,-1.0,-1.6275,-1627.5
2024-07-11 02:30:00-04:00,LONG,Bounce,1.08366,1.083401452753723,1.0844356417388312,2024-07-11 02:40:00-04:00,1.083401452753723,SL,0.00017,-1.0,-1.6575,-1657.52
2024-07-11 07:50:00-04:00,LONG,Breakout,1.08548,1.085117933767127,1.0865661986986188,2024-07-11 08:15:00-04:00,1.085117933767127,SL,0.00016,-1.0,-1.4419,-1441.91
2024-07-11 08:30:00-04:00,LONG,Breakout,1.08868,1.0850371603529405,1.0996085189411788,2024-07-23 09:15:00-04:00,1.0850371603529405,SL,0.000162,-1.0,-1.0445,-1044.47
2024-07-23 15:15:00-04:00,LONG,Bounce,1.08501,1.0849263151730117,1.0852610544809649,2024-07-23 15:30:00-04:00,1.0849263151730117,SL,0.00018,-1.0,-3.1509,-3150.93
2024-07-23 15:45:00-04:00,LONG,Bounce,1.08502,1.0849294051317278,1.0852917846048171,2024-07-23 15:50:00-04:00,1.0849294051317278,SL,0.000174,-1.0,-2.9206,-2920.64
2024-07-30 02:30:00-04:00,SHORT,Bounce,1.08221,1.08244825560538,1.0814952331838594,2024-07-30 03:10:00-04:00,1.08244825560538,SL,0.00017,-1.0,-1.7135,-1713.52
2024-07-30 03:15:00-04:00,SHORT,Bounce,1.08231,1.0824580194705407,1.0818659415883785,2024-07-30 03:20:00-04:00,1.0824580194705407,SL,0.00017,-1.0,-2.1485,-2148.5
2024-07-30 08:30:00-04:00,SHORT,Breakout,1.0809,1.0815571533165518,1.0789285400503446,2024-07-30 12:45:00-04:00,1.0815571533165518,SL,0.00016,-1.0,-1.2435,-1243.47
2024-07-30 12:55:00-04:00,SHORT,Bounce,1.08128,1.0814944661716472,1.0806366014850584,2024-07-30 13:20:00-04:00,1.0814944661716472,SL,0.00018,-1.0,-1.8393,-1839.29
2024-07-31 01:55:00-04:00,SHORT,Bounce,1.08239,1.0826004120107509,1.0817587639677473,2024-07-31 02:00:00-04:00,1.0817587639677473,TP,0.000184,3.0,2.1255,2125.53
2024-07-31 02:00:00-04:00,SHORT,Breakout,1.08179,1.0820872397242687,1.080898280827194,2024-07-31 02:10:00-04:00,1.0820872397242687,SL,0.000184,-1.0,-1.619,-1619.03
2024-07-31 02:15:00-04:00,SHORT,Breakout,1.08199,1.0820917600853566,1.0816847197439303,2024-07-31 02:20:00-04:00,1.0820917600853566,SL,0.00018,-1.0,-2.7689,-2768.87
2024-07-31 02:45:00-04:00,SHORT,Breakout,1.08184,1.0821032465636449,1.081050260309065,2024-07-31 02:55:00-04:00,1.0821032465636449,SL,0.00017,-1.0,-1.6458,-1645.78
2024-07-31 03:10:00-04:00,SHORT,Retest,1.0815,1.082120882237229,1.0796373532883126,2024-07-31 03:45:00-04:00,1.082120882237229,SL,0.00017,-1.0,-1.2738,-1273.8
2024-07-31 10:50:00-04:00,SHORT,Breakout,1.08205,1.0825286778437513,1.080613966468746,2024-07-31 11:30:00-04:00,1.0825286778437513,SL,0.00016,-1.0,-1.3343,-1334.25
2024-07-31 21:05:00-04:00,SHORT,Bounce,1.08275,1.0830460822010584,1.0818617533968253,2024-07-31 21:25:00-04:00,1.0830460822010584,SL,0.000194,-1.0,-1.6552,-1655.22
2024-08-01 02:05:00-04:00,SHORT,Breakout,1.08221,1.0824645706306788,1.0814462881079632,2024-08-01 02:30:00-04:00,1.0814462881079632,TP,0.00018,3.0,2.2929,2292.93
2024-08-01 20:00:00-04:00,SHORT,Breakout,1.07821,1.078583056227402,1.0770908313177938,2024-08-01 20:25:00-04:00,1.078583056227402,SL,0.000196,-1.0,-1.5254,-1525.39
2024-08-05 18:15:00-04:00,LONG,Breakout,1.096,1.0957998692427195,1.0966003922718417,2024-08-05 18:20:00-04:00,1.0957998692427195,SL,0.000172,-1.0,-1.8594,-1859.44
2024-08-06 01:05:00-04:00,LONG,Bounce,1.0953,1.0949995968339188,1.0962012094982434,2024-08-06 01:30:00-04:00,1.0949995968339188,SL,0.000194,-1.0,-1.6458,-1645.8
2024-08-06 09:30:00-04:00,LONG,Breakout,1.09183,1.0916215739586792,1.0924552781239627,2024-08-06 09:35:00-04:00,1.0916215739586792,SL,0.00016,-1.0,-1.7677,-1767.66
2024-08-06 15:05:00-04:00,LONG,Bounce,1.09242,1.092109024710561,1.093352925868317,2024-08-06 21:30:00-04:00,1.092109024710561,SL,0.00018,-1.0,-1.5788,-1578.82
2024-08-07 02:15:00-04:00,LONG,Bounce,1.0912,1.0910133670129936,1.091759898961019,2024-08-07 02:20:00-04:00,1.0910133670129936,SL,0.00018,-1.0,-1.9645,-1964.46
2024-08-07 03:00:00-04:00,LONG,Breakout,1.09168,1.0915279950386674,1.0921360148839978,2024-08-07 03:05:00-04:00,1.0915279950386674,SL,0.00017,-1.0,-2.1184,-2118.38
2024-08-07 19:00:00-04:00,LONG,Breakout,1.09267,1.0925359911033181,1.0930720266900458,2024-08-07 19:30:00-04:00,1.0930720266900458,TP,0.000182,3.0,1.6419,1641.88
2024-08-07 20:10:00-04:00,LONG,Retest,1.09284,1.0925320891267472,1.0937637326197587,2024-08-07 20:55:00-04:00,1.0925320891267472,SL,0.0002,-1.0,-1.6495,-1649.54
2024-08-08 00:00:00-04:00,LONG,Breakout,1.09349,1.0933782284664768,1.0938253146005699,2024-08-08 00:30:00-04:00,1.0933782284664768,SL,0.0002,-1.0,-2.7894,-2789.36
2024-08-08 02:05:00-04:00,LONG,Retest,1.09358,1.093379001530936,1.0941829954071922,2024-08-08 02:25:00-04:00,1.093379001530936,SL,0.00018,-1.0,-1.8955,-1895.53
2024-08-08 02:35:00-04:00,LONG,Breakout,1.09375,1.0936405828041111,1.0940782515876666,2024-08-08 02:40:00-04:00,1.0936405828041111,SL,0.00017,-1.0,-2.5537,-2553.69
2024-08-08 02:45:00-04:00,LONG,Breakout,1.09413,1.0936347474178305,1.0956157577465087,2024-08-08 03:15:00-04:00,1.0936347474178305,SL,0.00017,-1.0,-1.3433,-1343.26
2024-08-08 20:00:00-04:00,LONG,Bounce,1.09141,1.0912750942633598,1.0918147172099206,2024-08-08 20:15:00-04:00,1.0912750942633598,SL,0.0002,-1.0,-2.4825,-2482.52
2024-08-12 02:35:00-04:00,LONG,Breakout,1.09213,1.09204056733682,1.09239829798954,2024-08-12 02:40:00-04:00,1.09204056733682,SL,0.00017,-1.0,-2.9009,-2900.87
2024-08-12 02:50:00-04:00,LONG,Breakout,1.09221,1.0920370271279132,1.09272891861626,2024-08-12 02:55:00-04:00,1.0920370271279132,SL,0.00017,-1.0,-1.9828,-1982.81
2024-08-12 03:05:00-04:00,LONG,Breakout,1.09224,1.0920367473032162,1.0928497580903518,2024-08-12 03:40:00-04:00,1.0920367473032162,SL,0.00017,-1.0,-1.8364,-1836.4
2024-08-12 05:25:00-04:00,LONG,Retest,1.09215,1.0920235898747048,1.0925292303758853,2024-08-12 05:35:00-04:00,1.0925292303758853,TP,0.00017,3.0,1.6552,1655.17
2024-08-12 09:40:00-04:00,LONG,Breakout,1.09297,1.0927536824769855,1.0936189525690436,2024-08-12 09:45:00-04:00,1.0927536824769855,SL,0.00016,-1.0,-1.7397,-1739.65
2024-08-12 11:45:00-04:00,LONG,Retest,1.09302,1.0927348820132872,1.093875353960139,2024-08-12 11:55:00-04:00,1.0927348820132872,SL,0.00016,-1.0,-1.5612,-1561.17
2024-08-13 03:15:00-04:00,LONG,Bounce,1.09288,1.092782516120287,1.093172451639139,2024-08-13 03:20:00-04:00,1.092782516120287,SL,0.00017,-1.0,-2.7439,-2743.88
2024-08-13 23:10:00-04:00,LONG,Bounce,1.09906,1.0988644199275561,1.0996467402173313,2024-08-13 23:20:00-04:00,1.0988644199275561,SL,0.000178,-1.0,-1.9101,-1910.11
2024-08-14 00:05:00-04:00,LONG,Bounce,1.09898,1.0988698672302002,1.0993103983093997,2024-08-14 01:00:00-04:00,1.0993103983093997,TP,0.000176,3.0,1.4019,1401.93
2024-08-14 02:35:00-04:00,LONG,Breakout,1.09948,1.0993663981036894,1.0998208056889318,2024-08-14 02:40:00-04:00,1.0993663981036894,SL,0.00017,-1.0,-2.4965,-2496.45
2024-08-14 08:50:00-04:00,LONG,Bounce,1.10182,1.101577328717033,1.1025480138489012,2024-08-14 09:00:00-04:00,1.101577328717033,SL,0.00016,-1.0,-1.6593,-1659.33
2024-08-14 09:05:00-04:00,LONG,Breakout,1.1037,1.1026476345449423,1.1068570963651727,2024-08-14 09:15:00-04:00,1.1026476345449423,SL,0.00016,-1.0,-1.152,-1152.04
2024-08-15 01:25:00-04:00,LONG,Breakout,1.10104,1.1009671380855672,1.1012585857432984,2024-08-15 01:30:00-04:00,1.1009671380855672,SL,0.000174,-1.0,-3.3881,-3388.08
2024-08-15 02:00:00-04:00,LONG,Breakout,1.10109,1.1009579038879456,1.101486288336163,2024-08-15 02:40:00-04:00,1.1009579038879456,SL,0.00018,-1.0,-2.3626,-2362.64
2024-08-15 02:50:00-04:00,LONG,Breakout,1.10123,1.1009528592318794,1.1020614223043617,2024-08-15 03:35:00-04:00,1.1009528592318794,SL,0.00017,-1.0,-1.6134,-1613.41
2024-08-16 03:00:00-04:00,LONG,Breakout,1.09842,1.0981273503754232,1.0992979488737302,2024-08-16 03:15:00-04:00,1.0981273503754232,SL,0.00017,-1.0,-1.5809,-1580.9
2024-08-16 09:15:00-04:00,LONG,Breakout,1.09964,1.099342292775087,1.1005331216747385,2024-08-16 10:10:00-04:00,1.099342292775087,SL,0.00016,-1.0,-1.5374,-1537.44
2024-08-18 23:10:00-04:00,LONG,Breakout,1.1037,1.1034833074546075,1.104350077636177,2024-08-19 01:35:00-04:00,1.104350077636177,TP,0.00018,3.0,2.1693,2169.33
2024-08-19 07:55:00-04:00,LONG,Breakout,1.10414,1.1040050945524664,1.1045447163426003,2024-08-19 08:05:00-04:00,1.1040050945524664,SL,0.00016,-1.0,-2.186,-2186.02
2024-08-20 01:10:00-04:00,LONG,Bounce,1.10752,1.1073495407336555,1.1080313777990336,2024-08-20 01:25:00-04:00,1.1073495407336555,SL,0.000178,-1.0,-2.0442,-2044.24
2024-08-20 01:25:00-04:00,LONG,Bounce,1.10742,1.1073475061923619,1.1076374814229146,2024-08-20 01:45:00-04:00,1.1073475061923619,SL,0.000176,-1.0,-3.4278,-3427.79
2024-08-20 02:40:00-04:00,LONG,Breakout,1.10802,1.1077917570012434,1.1087047289962697,2024-08-20 02:45:00-04:00,1.1077917570012434,SL,0.00017,-1.0,-1.7448,-1744.82
2024-08-20 02:55:00-04:00,LONG,Breakout,1.10802,1.1077858353249752,1.1087224940250744,2024-08-20 03:05:00-04:00,1.1077858353249752,SL,0.00017,-1.0,-1.726,-1725.98
2024-08-20 03:55:00-04:00,LONG,Breakout,1.10861,1.1081713708061836,1.1099258875814497,2024-08-20 04:15:00-04:00,1.1081713708061836,SL,0.00017,-1.0,-1.3876,-1387.57
2024-08-20 08:45:00-04:00,LONG,Breakout,1.10925,1.1085137287480649,1.1114588137558057,2024-08-20 10:35:00-04:00,1.1114588137558057,TP,0.00016,3.0,2.7827,2782.69
2024-08-20 19:30:00-04:00,LONG,Breakout,1.11305,1.1128667932942211,1.113599620117337,2024-08-20 19:40:00-04:00,1.1128667932942211,SL,0.00018,-1.0,-1.9825,-1982.5
2024-08-21 02:10:00-04:00,LONG,Bounce,1.1116,1.1115336306578893,1.1117991080263316,2024-08-21 02:15:00-04:00,1.1115336306578893,SL,0.00018,-1.0,-3.7121,-3712.1
2024-08-21 03:05:00-04:00,LONG,Breakout,1.11231,1.1119653189494745,1.1133440431515762,2024-08-21 03:35:00-04:00,1.1119653189494745,SL,0.00017,-1.0,-1.4932,-1493.21
2024-08-21 07:30:00-04:00,LONG,Bounce,1.11132,1.111182732046137,1.1117318038615895,2024-08-21 07:35:00-04:00,1.111182732046137,SL,0.00016,-1.0,-2.1656,-2165.6
2024-08-21 08:30:00-04:00,LONG,Breakout,1.11261,1.1124793635996841,1.113001909200948,2024-08-21 08:35:00-04:00,1.1124793635996841,SL,0.00016,-1.0,-2.2248,-2224.77
2024-08-21 10:00:00-04:00,LONG,Bounce,1.1118999999999999,1.110827893223245,1.1151163203302648,2024-08-21 10:05:00-04:00,1.110827893223245,SL,0.00016,-1.0,-1.1492,-1149.24
2024-08-21 10:20:00-04:00,LONG,Bounce,1.11193,1.1107704067146267,1.1154087798561203,2024-08-21 10:35:00-04:00,1.1107704067146267,SL,0.00016,-1.0,-1.138,-1137.98
2024-08-21 10:50:00-04:00,LONG,Retest,1.11271,1.1123706871448416,1.1137279385654757,2024-08-21 10:55:00-04:00,1.1123706871448416,SL,0.00016,-1.0,-1.4715,-1471.54
2024-08-21 20:55:00-04:00,LONG,Bounce,1.11466,1.1144473858764299,1.1152978423707103,2024-08-21 21:05:00-04:00,1.1144473858764299,SL,0.00018,-1.0,-1.8466,-1846.6
2024-08-22 02:00:00-04:00,LONG,Bounce,1.11418,1.1139611764720538,1.1148364705838383,2024-08-22 02:30:00-04:00,1.1148364705838383,TP,0.000178,3.0,2.1866,2186.56
2024-08-22 02:45:00-04:00,LONG,Breakout,1.11483,1.114439015881364,1.116002952355908,2024-08-22 03:15:00-04:00,1.116002952355908,TP,0.00017,3.0,2.5652,2565.2
2024-08-23 02:50:00-04:00,LONG,Breakout,1.11286,1.1127694888580202,1.1131315334259393,2024-08-23 02:55:00-04:00,1.1127694888580202,SL,0.00017,-1.0,-2.8782,-2878.22
2024-08-23 03:00:00-04:00,LONG,Breakout,1.11287,1.1127669062092111,1.1131792813723667,2024-08-23 03:05:00-04:00,1.1127669062092111,SL,0.00017,-1.0,-2.649,-2648.98
2024-08-23 10:00:00-04:00,LONG,Breakout,1.11518,1.112078032533471,1.1244859023995875,2024-08-28 07:55:00-04:00,1.112078032533471,SL,0.000162,-1.0,-1.0522,-1052.22
2024-08-28 23:35:00-04:00,LONG,Breakout,1.11335,1.1132587398644205,1.1136237804067388,2024-08-28 23:40:00-04:00,1.1132587398644205,SL,0.000176,-1.0,-2.9286,-2928.55
2024-08-29 00:35:00-04:00,LONG,Retest,1.11342,1.1132595404232943,1.1139013787301173,2024-08-29 00:40:00-04:00,1.1132595404232943,SL,0.000172,-1.0,-2.0719,-2071.92
2024-08-29 02:00:00-04:00,LONG,Breakout,1.11368,1.1135863323438502,1.1139610029684495,2024-08-29 02:05:00-04:00,1.1135863323438502,SL,0.00018,-1.0,-2.9217,-2921.69
2024-08-29 19:05:00-04:00,LONG,Breakout,1.10796,1.107822171422573,1.108373485732281,2024-08-29 19:35:00-04:00,1.107822171422573,SL,0.000174,-1.0,-2.2624,-2262.44
2024-08-29 19:50:00-04:00,LONG,Breakout,1.10794,1.107827245392349,1.1082782638229527,2024-08-29 19:55:00-04:00,1.107827245392349,SL,0.000178,-1.0,-2.5786,-2578.65
2024-08-29 19:55:00-04:00,LONG,Retest,1.10791,1.1078274421500383,1.108157673549885,2024-08-29 20:00:00-04:00,1.1078274421500383,SL,0.00018,-1.0,-3.1803,-3180.29
2024-09-06 02:10:00-04:00,LONG,Breakout,1.11187,1.1117533190982778,1.1122200427051663,2024-09-06 02:15:00-04:00,1.1117533190982778,SL,0.00018,-1.0,-2.5427,-2542.67
2024-09-06 03:05:00-04:00,LONG,Breakout,1.11185,1.1117450983444224,1.112164704966733,2024-09-06 03:10:00-04:00,1.1117450983444224,SL,0.00017,-1.0,-2.6206,-2620.57
2024-09-06 03:55:00-04:00,LONG,Bounce,1.1115,1.1112349799395995,1.1122950601812012,2024-09-06 04:15:00-04:00,1.1112349799395995,SL,0.00017,-1.0,-1.6415,-1641.46
2024-09-08 19:25:00-04:00,LONG,Breakout,1.10893,1.1088201730553098,1.1092594808340706,2024-09-08 19:45:00-04:00,1.1088201730553098,SL,0.000174,-1.0,-2.5843,-2584.31
2024-09-10 02:00:00-04:00,SHORT,Bounce,1.10374,1.1039109895137045,1.1032270314588863,2024-09-10 02:30:00-04:00,1.1039109895137045,SL,0.000182,-1.0,-2.0644,-2064.39
2024-09-10 08:25:00-04:00,SHORT,Breakout,1.10277,1.103355120467531,1.1010146385974073,2024-09-10 09:00:00-04:00,1.103355120467531,SL,0.00016,-1.0,-1.2734,-1273.45
2024-09-10 09:10:00-04:00,SHORT,Retest,1.10309,1.103371376270227,1.1022458711893184,2024-09-10 09:20:00-04:00,1.103371376270227,SL,0.00016,-1.0,-1.5686,-1568.63
2024-09-10 20:00:00-04:00,SHORT,Bounce,1.1019,1.1020933661018886,1.1013199016943347,2024-09-10 20:45:00-04:00,1.1020933661018886,SL,0.000178,-1.0,-1.9205,-1920.53
2024-09-11 08:30:00-04:00,SHORT,Breakout,1.10247,1.1038672864349381,1.0982781406951858,2024-09-12 09:05:00-04:00,1.1038672864349381,SL,0.000162,-1.0,-1.1159,-1115.94
2024-09-12 19:05:00-04:00,SHORT,Bounce,1.10732,1.1074298648485672,1.1069904054542987,2024-09-12 19:15:00-04:00,1.1074298648485672,SL,0.000176,-1.0,-2.602,-2601.97
2024-09-16 02:30:00-04:00,LONG,Breakout,1.11049,1.1103419116426836,1.1109342650719491,2024-09-16 02:35:00-04:00,1.1103419116426836,SL,0.00017,-1.0,-2.148,-2147.96
2024-09-16 08:40:00-04:00,LONG,Bounce,1.11194,1.1114134157130418,1.1135197528608745,2024-09-16 09:35:00-04:00,1.1135197528608745,TP,0.00016,3.0,2.6962,2696.16
2024-09-17 02:10:00-04:00,LONG,Breakout,1.11298,1.1128419827744738,1.113394051676579,2024-09-17 02:15:00-04:00,1.1128419827744738,SL,0.00018,-1.0,-2.3042,-2304.19
2024-09-17 03:00:00-04:00,LONG,Bounce,1.11215,1.1120272473217006,1.1125182580348982,2024-09-17 03:05:00-04:00,1.1120272473217006,SL,0.00017,-1.0,-2.3849,-2384.9
2024-09-17 03:40:00-04:00,LONG,Breakout,1.11348,1.1131894768569526,1.1143515694291424,2024-09-17 03:45:00-04:00,1.1131894768569526,SL,0.00017,-1.0,-1.5852,-1585.15
2024-09-17 03:55:00-04:00,LONG,Retest,1.11354,1.1131849120461825,1.1146052638614523,2024-09-17 06:40:00-04:00,1.1131849120461825,SL,0.00017,-1.0,-1.4788,-1478.75
2024-09-17 20:50:00-04:00,LONG,Breakout,1.11271,1.112223639712718,1.114169080861846,2024-09-18 00:30:00-04:00,1.112223639712718,SL,0.00018,-1.0,-1.3701,-1370.1
2024-09-18 02:55:00-04:00,LONG,Bounce,1.11179,1.111614384140461,1.112316847578617,2024-09-18 03:15:00-04:00,1.112316847578617,TP,0.00017,3.0,2.032,2031.98
2024-09-18 03:20:00-04:00,LONG,Breakout,1.11267,1.112467951509535,1.113276145471395,2024-09-18 03:25:00-04:00,1.112467951509535,SL,0.00017,-1.0,-1.8414,-1841.38
2024-09-18 14:00:00-04:00,LONG,Breakout,1.1158,1.113755718860342,1.1219328434189737,2024-09-18 15:00:00-04:00,1.113755718860342,SL,0.000184,-1.0,-1.09,-1090.01
2024-09-19 19:35:00-04:00,LONG,Bounce,1.11583,1.1157784398713262,1.1159846803860218,2024-09-19 19:55:00-04:00,1.1157784398713262,SL,0.000172,-1.0,-4.3359,-4335.91
2024-09-19 20:50:00-04:00,LONG,Bounce,1.11585,1.1157060099009934,1.1162819702970197,2024-09-19 21:30:00-04:00,1.1162819702970197,TP,0.000178,3.0,1.7638,1763.8
2024-09-19 23:00:00-04:00,LONG,Breakout,1.11652,1.1162655717461543,1.117283284761537,2024-09-19 23:05:00-04:00,1.1162655717461543,SL,0.000178,-1.0,-1.6996,-1699.61
2024-09-19 23:15:00-04:00,LONG,Breakout,1.11647,1.11626368189734,1.1170889543079805,2024-09-20 01:05:00-04:00,1.11626368189734,SL,0.000178,-1.0,-1.8627,-1862.75
2024-09-20 02:05:00-04:00,LONG,Breakout,1.11699,1.1168089083439376,1.1175332749681868,2024-09-20 02:30:00-04:00,1.1175332749681868,TP,0.00018,3.0,2.006,2006.03
2024-09-20 03:35:00-04:00,LONG,Retest,1.11721,1.1167725998493443,1.1185222004519673,2024-09-20 03:40:00-04:00,1.1167725998493443,SL,0.00017,-1.0,-1.3887,-1388.66
2024-09-23 01:40:00-04:00,LONG,Breakout,1.11647,1.1163998385989675,1.1166804842030977,2024-09-23 01:50:00-04:00,1.1163998385989675,SL,0.000176,-1.0,-3.5085,-3508.5
2024-09-23 09:50:00-04:00,LONG,Breakout,1.11264,1.1123758566407624,1.113432430077713,2024-09-23 10:05:00-04:00,1.1123758566407624,SL,0.00016,-1.0,-1.6057,-1605.73
2024-09-23 10:20:00-04:00,LONG,Retest,1.11314,1.112360296198908,1.1154791114032758,2024-09-23 11:05:00-04:00,1.112360296198908,SL,0.00016,-1.0,-1.2052,-1205.21
2024-09-25 03:20:00-04:00,LONG,Bounce,1.11875,1.1185297750280243,1.1194106749159267,2024-09-25 03:35:00-04:00,1.1194106749159267,TP,0.00017,3.0,2.2281,2228.06
2024-09-25 20:05:00-04:00,LONG,Breakout,1.11333,1.1131853487385517,1.1137639537843447,2024-09-25 21:25:00-04:00,1.1131853487385517,SL,0.000176,-1.0,-2.2167,-2216.72
2024-09-25 21:30:00-04:00,LONG,Breakout,1.11348,1.1131806021433748,1.1143781935698758,2024-09-25 23:15:00-04:00,1.1143781935698758,TP,0.00018,3.0,2.3988,2398.79
2024-09-26 01:15:00-04:00,LONG,Breakout,1.11449,1.1144141758624238,1.1147174724127287,2024-09-26 01:45:00-04:00,1.1147174724127287,TP,0.00018,3.0,0.6261,626.09
2024-09-26 03:35:00-04:00,LONG,Breakout,1.1148,1.1143800254241738,1.1160599237274786,2024-09-26 03:55:00-04:00,1.1143800254241738,SL,0.00017,-1.0,-1.4048,-1404.79
2024-09-26 06:35:00-04:00,LONG,Breakout,1.11534,1.1150685023973312,1.1161544928080063,2024-09-26 06:40:00-04:00,1.1150685023973312,SL,0.00017,-1.0,-1.6262,-1626.16
2024-09-26 07:35:00-04:00,LONG,Retest,1.11542,1.1150762841202644,1.1164511476392072,2024-09-26 07:55:00-04:00,1.1150762841202644,SL,0.00016,-1.0,-1.4655,-1465.5
2024-09-26 08:40:00-04:00,LONG,Breakout,1.1153,1.1150185428300496,1.116144371509851,2024-09-26 08:45:00-04:00,1.1150185428300496,SL,0.00016,-1.0,-1.5685,-1568.47
2024-09-26 09:30:00-04:00,LONG,Retest,1.11577,1.11500481556125,1.1180655533162498,2024-09-26 09:35:00-04:00,1.11500481556125,SL,0.000162,-1.0,-1.2117,-1211.71
2024-09-27 02:25:00-04:00,LONG,Breakout,1.11706,1.1166705298249555,1.1182284105251332,2024-09-27 02:35:00-04:00,1.1166705298249555,SL,0.00018,-1.0,-1.4622,-1462.17
2024-09-27 08:35:00-04:00,LONG,Breakout,1.1174,1.1169102572619383,1.118869228214185,2024-09-27 08:55:00-04:00,1.118869228214185,TP,0.00016,3.0,2.6733,2673.3
2024-09-29 20:15:00-04:00,LONG,Breakout,1.1172,1.1170776558449909,1.1175670324650273,2024-09-29 20:20:00-04:00,1.1170776558449909,SL,0.00018,-1.0,-2.4713,-2471.26
2024-09-29 20:45:00-04:00,LONG,Breakout,1.11717,1.117077808153584,1.1174465755392482,2024-09-29 20:50:00-04:00,1.117077808153584,SL,0.000172,-1.0,-2.8657,-2865.67
2024-09-30 01:00:00-04:00,LONG,Breakout,1.11626,1.116045281449139,1.116904155652583,2024-09-30 02:10:00-04:00,1.116045281449139,SL,0.000174,-1.0,-1.8104,-1810.36
2024-09-30 20:00:00-04:00,LONG,Breakout,1.11358,1.1134982293728923,1.113825311881323,2024-09-30 20:05:00-04:00,1.1134982293728923,SL,0.000178,-1.0,-3.1768,-3176.82
2024-10-02 00:55:00-04:00,SHORT,Breakout,1.10621,1.1062970611929546,1.105948816421136,2024-10-02 01:00:00-04:00,1.105948816421136,TP,0.000178,3.0,0.9555,955.46
2024-10-02 08:25:00-04:00,SHORT,Breakout,1.10599,1.1064512079865763,1.1046063760402713,2024-10-02 09:05:00-04:00,1.1064512079865763,SL,0.00016,-1.0,-1.3469,-1346.92
2024-10-02 20:15:00-04:00,SHORT,Breakout,1.10415,1.1043052837597551,1.1036841487207345,2024-10-02 20:30:00-04:00,1.1036841487207345,TP,0.00018,3.0,1.8408,1840.83
2024-10-03 00:00:00-04:00,SHORT,Breakout,1.10321,1.1034752023061403,1.1024143930815793,2024-10-03 01:20:00-04:00,1.1024143930815793,TP,0.000176,3.0,2.3364,2336.36
2024-10-03 08:30:00-04:00,SHORT,Bounce,1.10326,1.104680122959967,1.0989996311200987,2024-10-04 08:30:00-04:00,1.0989996311200987,TP,0.00016,3.0,2.8873,2887.33
2024-10-07 03:15:00-04:00,SHORT,Breakout,1.09615,1.096318202158315,1.0956453935250545,2024-10-07 03:30:00-04:00,1.096318202158315,SL,0.00017,-1.0,-2.0107,-2010.69
2024-10-07 10:00:00-04:00,SHORT,Bounce,1.09805,1.0983636185917576,1.0971091442247272,2024-10-07 10:35:00-04:00,1.0971091442247272,TP,0.00016,3.0,2.4898,2489.83
2024-10-08 02:00:00-04:00,SHORT,Bounce,1.09835,1.098632616235325,1.0975021512940246,2024-10-08 02:40:00-04:00,1.098632616235325,SL,0.00018,-1.0,-1.6369,-1636.91
2024-10-08 03:00:00-04:00,SHORT,Breakout,1.09798,1.0981160405566448,1.0975718783300654,2024-10-08 03:05:00-04:00,1.0981160405566448,SL,0.00017,-1.0,-2.2496,-2249.63
2024-10-08 08:30:00-04:00,SHORT,Breakout,1.09744,1.0978427248420497,1.0962318254738508,2024-10-08 09:05:00-04:00,1.0978427248420497,SL,0.00016,-1.0,-1.3973,-1397.29
2024-10-08 10:30:00-04:00,SHORT,Breakout,1.09668,1.0971256105949068,1.09534316821528,2024-10-08 12:05:00-04:00,1.0971256105949068,SL,0.00016,-1.0,-1.3591,-1359.06
2024-10-09 03:00:00-04:00,SHORT,Breakout,1.09595,1.0961755934310702,1.0952732197067894,2024-10-09 03:10:00-04:00,1.0952732197067894,TP,0.00017,3.0,2.2464,2246.43
2024-10-09 09:15:00-04:00,SHORT,Breakout,1.09464,1.095289151290073,1.092692546129781,2024-10-09 09:30:00-04:00,1.095289151290073,SL,0.00016,-1.0,-1.2465,-1246.48
2024-10-09 10:40:00-04:00,SHORT,Breakout,1.09442,1.0946218417246794,1.0938144748259617,2024-10-09 10:50:00-04:00,1.0946218417246794,SL,0.00016,-1.0,-1.7927,-1792.7
2024-10-09 13:00:00-04:00,SHORT,Breakout,1.09379,1.093947586212542,1.093317241362374,2024-10-09 13:05:00-04:00,1.093947586212542,SL,0.00018,-1.0,-2.1422,-2142.23
2024-10-09 15:05:00-04:00,SHORT,Retest,1.0936,1.0939305337030096,1.0926083988909707,2024-10-09 15:10:00-04:00,1.0939305337030096,SL,0.000174,-1.0,-1.5264,-1526.42
2024-10-09 20:05:00-04:00,SHORT,Bounce,1.09404,1.0941699331153973,1.0936502006538076,2024-10-09 20:45:00-04:00,1.0941699331153973,SL,0.00017,-1.0,-2.3084,-2308.37
2024-10-10 01:20:00-04:00,SHORT,Breakout,1.09365,1.0938226469341445,1.0931320591975664,2024-10-10 01:25:00-04:00,1.0938226469341445,SL,0.000176,-1.0,-2.0194,-2019.42
2024-10-10 02:00:00-04:00,SHORT,Breakout,1.09362,1.0938251678239022,1.0930044965282937,2024-10-10 02:10:00-04:00,1.0938251678239022,SL,0.00018,-1.0,-1.8773,-1877.33
2024-10-10 12:45:00-04:00,SHORT,Breakout,1.09041,1.0913742573858027,1.0875172278425922,2024-10-10 13:25:00-04:00,1.0913742573858027,SL,0.00018,-1.0,-1.1867,-1186.67
2024-10-10 21:30:00-04:00,SHORT,Breakout,1.09304,1.0931576970796217,1.0926869087611348,2024-10-10 22:00:00-04:00,1.0931576970796217,SL,0.000176,-1.0,-2.4954,-2495.36
2024-10-11 03:00:00-04:00,SHORT,Bounce,1.09394,1.094027852787179,1.0936764416384628,2024-10-11 03:05:00-04:00,1.0936764416384628,TP,0.00017,3.0,1.0649,1064.94
2024-10-11 07:15:00-04:00,SHORT,Breakout,1.09268,1.0931972510664842,1.0911282468005477,2024-10-11 07:35:00-04:00,1.0931972510664842,SL,0.00016,-1.0,-1.3093,-1309.33
2024-10-11 08:45:00-04:00,SHORT,Retest,1.09269,1.093230240566972,1.0910692782990836,2024-10-11 08:55:00-04:00,1.093230240566972,SL,0.00016,-1.0,-1.2962,-1296.16
2024-10-11 14:55:00-04:00,SHORT,Breakout,1.09382,1.0939568619149302,1.0934094142552093,2024-10-11 15:50:00-04:00,1.0934094142552093,TP,0.000174,3.0,1.7286,1728.65
2024-10-14 02:30:00-04:00,SHORT,Bounce,1.09269,1.0928762731867885,1.0921311804396343,2024-10-14 02:45:00-04:00,1.0928762731867885,SL,0.00017,-1.0,-1.9126,-1912.64
2024-10-14 03:15:00-04:00,SHORT,Bounce,1.09271,1.0929975606280455,1.0918473181158637,2024-10-14 03:40:00-04:00,1.0929975606280455,SL,0.00017,-1.0,-1.5912,-1591.18
2024-10-14 14:50:00-04:00,SHORT,Breakout,1.08946,1.0896818157739037,1.0887945526782894,2024-10-14 14:55:00-04:00,1.0896818157739037,SL,0.000178,-1.0,-1.8025,-1802.47
2024-10-14 19:00:00-04:00,SHORT,Bounce,1.09066,1.0908233397048717,1.0901699808853849,2024-10-14 19:15:00-04:00,1.0908233397048717,SL,0.000174,-1.0,-2.0653,-2065.26
2024-10-15 03:45:00-04:00,SHORT,Bounce,1.0893,1.0895685828542445,1.0884942514372662,2024-10-15 03:55:00-04:00,1.0895685828542445,SL,0.00017,-1.0,-1.633,-1632.95
2024-10-15 06:55:00-04:00,SHORT,Breakout,1.09017,1.090583399368643,1.0889298018940716,2024-10-15 07:40:00-04:00,1.090583399368643,SL,0.00017,-1.0,-1.4112,-1411.22
2024-10-15 19:50:00-04:00,SHORT,Breakout,1.0883099999999999,1.0884039641754175,1.088028107473747,2024-10-15 19:55:00-04:00,1.0884039641754175,SL,0.000174,-1.0,-2.8518,-2851.77
2024-10-16 02:00:00-04:00,SHORT,Breakout,1.088,1.0881423409539537,1.0875729771381393,2024-10-16 02:05:00-04:00,1.0881423409539537,SL,0.00018,-1.0,-2.2646,-2264.57
2024-10-16 02:10:00-04:00,SHORT,Breakout,1.08786,1.0881460184756029,1.0870019445731915,2024-10-16 02:15:00-04:00,1.0881460184756029,SL,0.00018,-1.0,-1.6293,-1629.33
2024-10-16 02:20:00-04:00,SHORT,Breakout,1.08794,1.088149832257025,1.0873105032289243,2024-10-16 03:05:00-04:00,1.088149832257025,SL,0.00018,-1.0,-1.8578,-1857.83
2024-10-16 04:30:00-04:00,SHORT,Retest,1.08792,1.0881679580007886,1.0871761259976342,2024-10-16 04:50:00-04:00,1.0881679580007886,SL,0.00017,-1.0,-1.6856,-1685.6
2024-10-16 10:00:00-04:00,SHORT,Breakout,1.08842,1.0886664321912096,1.087680703426371,2024-10-16 10:25:00-04:00,1.087680703426371,TP,0.00016,3.0,2.3507,2350.73
2024-10-17 02:55:00-04:00,SHORT,Breakout,1.08498,1.0850589333290948,1.084743200012716,2024-10-17 03:05:00-04:00,1.0850589333290948,SL,0.00017,-1.0,-3.1537,-3153.72
2024-10-17 08:20:00-04:00,SHORT,Bounce,1.08643,1.0867383067503125,1.0855050797490626,2024-10-17 08:30:00-04:00,1.0855050797490626,TP,0.00016,3.0,2.481,2481.04
2024-10-17 08:30:00-04:00,SHORT,Breakout,1.08413,1.084912621636749,1.081782135089753,2024-10-17 09:10:00-04:00,1.081782135089753,TP,0.00016,3.0,2.7956,2795.56
2024-10-18 02:10:00-04:00,SHORT,Bounce,1.0838,1.0839291073589152,1.0834126779232547,2024-10-18 02:15:00-04:00,1.0839291073589152,SL,0.000176,-1.0,-2.3632,-2363.21
2024-10-21 00:30:00-04:00,SHORT,Breakout,1.08623,1.0863258592319365,1.0859424223041907,2024-10-21 00:50:00-04:00,1.0859424223041907,TP,0.000172,3.0,1.2057,1205.7
2024-10-21 02:05:00-04:00,SHORT,Breakout,1.08558,1.085792485503352,1.0849425434899438,2024-10-21 02:50:00-04:00,1.0849425434899438,TP,0.00018,3.0,2.1529,2152.88
2024-10-22 09:30:00-04:00,SHORT,Breakout,1.0809,1.0814086698351972,1.0793739904944082,2024-10-22 11:30:00-04:00,1.0814086698351972,SL,0.00016,-1.0,-1.3145,-1314.55
2024-10-22 20:45:00-04:00,SHORT,Breakout,1.07921,1.0793305052733555,1.0788484841799335,2024-10-22 20:50:00-04:00,1.0793305052733555,SL,0.000176,-1.0,-2.4605,-2460.52
2024-10-23 02:20:00-04:00,SHORT,Breakout,1.07966,1.0798143971457907,1.079196808562628,2024-10-23 02:55:00-04:00,1.079196808562628,TP,0.000182,3.0,1.8212,1821.22
2024-10-23 06:40:00-04:00,SHORT,Breakout,1.07779,1.0778892956945674,1.077492112916298,2024-10-23 06:45:00-04:00,1.0778892956945674,SL,0.00017,-1.0,-2.7121,-2712.06
2024-10-23 07:00:00-04:00,SHORT,Retest,1.07771,1.0778887871286063,1.077173638614181,2024-10-23 07:15:00-04:00,1.0778887871286063,SL,0.000162,-1.0,-1.9061,-1906.11
2024-10-24 02:55:00-04:00,SHORT,Breakout,1.07824,1.0784885910751185,1.0774942267746448,2024-10-24 03:05:00-04:00,1.0784885910751185,SL,0.00017,-1.0,-1.6839,-1683.85
2024-10-24 03:15:00-04:00,SHORT,Breakout,1.07763,1.0785147955460346,1.0749756133618966,2024-10-24 03:30:00-04:00,1.0785147955460346,SL,0.00017,-1.0,-1.1921,-1192.13
2024-10-24 19:40:00-04:00,SHORT,Breakout,1.0823,1.0823625432829855,1.0821123701510436,2024-10-24 19:45:00-04:00,1.0823625432829855,SL,0.000172,-1.0,-3.7501,-3750.1
2024-10-24 20:00:00-04:00,SHORT,Breakout,1.08229,1.082360465501493,1.0820786034955212,2024-10-24 20:05:00-04:00,1.082360465501493,SL,0.000176,-1.0,-3.4977,-3497.68
2024-10-24 21:45:00-04:00,SHORT,Retest,1.08228,1.0823627930313795,1.0820316209058611,2024-10-24 21:50:00-04:00,1.0823627930313795,SL,0.000174,-1.0,-3.1016,-3101.63
2024-10-25 04:00:00-04:00,SHORT,Bounce,1.08216,1.0825426693797877,1.081011991860637,2024-10-25 04:10:00-04:00,1.0825426693797877,SL,0.00017,-1.0,-1.4442,-1444.25
2024-10-25 07:35:00-04:00,SHORT,Bounce,1.08262,1.0827492983690163,1.0822321048929506,2024-10-25 07:45:00-04:00,1.0827492983690163,SL,0.000164,-1.0,-2.2684,-2268.38
2024-10-25 07:55:00-04:00,SHORT,Breakout,1.0820400000000001,1.0821625444272562,1.0816723667182317,2024-10-25 08:00:00-04:00,1.0821625444272562,SL,0.00016,-1.0,-2.3056,-2305.65
2024-10-27 21:00:00-04:00,SHORT,Breakout,1.07895,1.0793453948844614,1.0777638153466162,2024-10-27 21:05:00-04:00,1.0793453948844614,SL,0.00018,-1.0,-1.4552,-1455.24
2024-10-27 21:40:00-04:00,SHORT,Retest,1.0792,1.0793421098056424,1.0787736705830726,2024-10-27 22:20:00-04:00,1.0793421098056424,SL,0.000182,-1.0,-2.2807,-2280.7
2024-10-28 18:15:00-04:00,SHORT,Breakout,1.08101,1.0811014393125924,1.080735682062223,2024-10-28 18:20:00-04:00,1.0811014393125924,SL,0.000172,-1.0,-2.881,-2881.03
2024-10-28 19:30:00-04:00,SHORT,Retest,1.08098,1.0810938832529113,1.0806383502412662,2024-10-28 19:35:00-04:00,1.0810938832529113,SL,0.000176,-1.0,-2.5454,-2545.44
2024-10-29 03:00:00-04:00,SHORT,Bounce,1.08093,1.081310087496822,1.0797897375095338,2024-10-29 03:35:00-04:00,1.081310087496822,SL,0.000174,-1.0,-1.4578,-1457.79
2024-10-29 03:35:00-04:00,SHORT,Bounce,1.08116,1.0813201247142663,1.0806796258572007,2024-10-29 03:45:00-04:00,1.0813201247142663,SL,0.00017,-1.0,-2.0617,-2061.67
2024-10-29 07:00:00-04:00,SHORT,Breakout,1.08022,1.0805259995867265,1.0793020012398205,2024-10-29 08:25:00-04:00,1.0793020012398205,TP,0.00017,3.0,2.4444,2444.44
2024-10-30 08:15:00-04:00,SHORT,Breakout,1.0812,1.0815702823753175,1.0800891528740473,2024-10-30 08:30:00-04:00,1.0815702823753175,SL,0.00016,-1.0,-1.4321,-1432.1
2024-10-31 19:45:00-04:00,SHORT,Bounce,1.08837,1.0885947354816925,1.0876957935549227,2024-10-31 20:50:00-04:00,1.0885947354816925,SL,0.00016,-1.0,-1.7119,-1711.95
2024-11-06 19:50:00-05:00,SHORT,Breakout,1.07222,1.072476959075336,1.0714491227739917,2024-11-06 20:00:00-05:00,1.072476959075336,SL,0.00016,-1.0,-1.6227,-1622.67
2024-11-06 20:15:00-05:00,SHORT,Breakout,1.07175,1.0724891561179097,1.0695325316462707,2024-11-06 21:05:00-05:00,1.0724891561179097,SL,0.00016,-1.0,-1.2165,-1216.46
2024-11-07 14:00:00-05:00,SHORT,Breakout,1.07753,1.0785038254867172,1.0746085235398488,2024-11-07 14:05:00-05:00,1.0785038254867172,SL,0.000154,-1.0,-1.1581,-1158.14
2024-11-07 14:40:00-05:00,SHORT,Breakout,1.0775,1.078554795327848,1.0743356140164555,2024-11-07 14:45:00-05:00,1.078554795327848,SL,0.00016,-1.0,-1.1517,-1151.69
2024-11-07 14:55:00-05:00,SHORT,Breakout,1.07802,1.0785775281834118,1.0763474154497645,2024-11-07 15:00:00-05:00,1.0785775281834118,SL,0.00016,-1.0,-1.287,-1286.98
2024-11-08 01:15:00-05:00,SHORT,Breakout,1.07733,1.0776311757854715,1.076426472643585,2024-11-08 01:25:00-05:00,1.0776311757854715,SL,0.00016,-1.0,-1.5313,-1531.25
2024-11-08 03:00:00-05:00,SHORT,Breakout,1.0768,1.07729640630897,1.0753107810730897,2024-11-08 03:25:00-05:00,1.07729640630897,SL,0.00016,-1.0,-1.3223,-1322.32
2024-11-11 02:20:00-05:00,SHORT,Breakout,1.07062,1.0707801268004358,1.0701396195986923,2024-11-11 02:25:00-05:00,1.0707801268004358,SL,0.000158,-1.0,-1.9867,-1986.72
2024-11-11 02:30:00-05:00,SHORT,Breakout,1.07001,1.0707881807616002,1.067675457715199,2024-11-11 04:25:00-05:00,1.067675457715199,TP,0.00016,3.0,2.7944,2794.39
2024-11-11 20:50:00-05:00,SHORT,Breakout,1.06507,1.0654123712332113,1.064042886300366,2024-11-11 22:40:00-05:00,1.064042886300366,TP,0.00016,3.0,2.5327,2532.67
2024-11-12 01:00:00-05:00,SHORT,Breakout,1.06335,1.0637831536207083,1.0620505391378752,2024-11-12 03:25:00-05:00,1.0620505391378752,TP,0.00016,3.0,2.6306,2630.62
2024-11-13 08:35:00-05:00,SHORT,Bounce,1.06415,1.064415428907025,1.063353713278925,2024-11-13 08:40:00-05:00,1.064415428907025,SL,0.00016,-1.0,-1.6028,-1602.8
2024-11-13 19:55:00-05:00,SHORT,Bounce,1.05646,1.0565709047717904,1.0561272856846287,2024-11-13 20:00:00-05:00,1.0561272856846287,TP,0.00016,3.0,1.5573,1557.32
2024-11-14 02:50:00-05:00,SHORT,Bounce,1.05501,1.0554242291343874,1.0537673125968379,2024-11-14 03:00:00-05:00,1.0554242291343874,SL,0.00016,-1.0,-1.3863,-1386.26
2024-11-18 02:45:00-05:00,SHORT,Bounce,1.05443,1.0547341666938619,1.0535174999184143,2024-11-18 02:55:00-05:00,1.0547341666938619,SL,0.000158,-1.0,-1.5195,-1519.45
2024-11-18 19:45:00-05:00,SHORT,Breakout,1.05872,1.0588800769392404,1.0582397691822794,2024-11-18 19:50:00-05:00,1.0588800769392404,SL,0.00016,-1.0,-1.9995,-1999.52
2024-11-19 02:05:00-05:00,SHORT,Breakout,1.05805,1.0582606742700151,1.0574179771899543,2024-11-19 02:10:00-05:00,1.0574179771899543,TP,0.00016,3.0,2.2405,2240.53
2024-11-19 02:25:00-05:00,SHORT,Retest,1.05777,1.0582696233815572,1.056271129855329,2024-11-19 02:35:00-05:00,1.0582696233815572,SL,0.00016,-1.0,-1.3202,-1320.24
2024-11-19 02:55:00-05:00,SHORT,Breakout,1.0577,1.0582787347181435,1.0559637958455699,2024-11-19 03:00:00-05:00,1.0582787347181435,SL,0.00016,-1.0,-1.2765,-1276.47
2024-11-19 03:35:00-05:00,SHORT,Breakout,1.05648,1.0574840552903157,1.053467834129053,2024-11-19 03:45:00-05:00,1.0574840552903157,SL,0.00016,-1.0,-1.1594,-1159.35
2024-11-19 04:15:00-05:00,SHORT,Breakout,1.05442,1.057524208096497,1.0451073757105085,2024-11-19 08:00:00-05:00,1.057524208096497,SL,0.00016,-1.0,-1.0515,-1051.54
2024-11-20 01:05:00-05:00,SHORT,Breakout,1.05832,1.0587388273555456,1.057063517933363,2024-11-20 01:25:00-05:00,1.0587388273555456,SL,0.00016,-1.0,-1.382,-1382.02
2024-11-20 01:35:00-05:00,SHORT,Bounce,1.05914,1.059421120254846,1.0582966392354618,2024-11-20 02:25:00-05:00,1.0582966392354618,TP,0.000158,3.0,2.438,2437.96
2024-11-20 02:30:00-05:00,SHORT,Breakout,1.05787,1.0583007740766224,1.0565776777701332,2024-11-20 02:45:00-05:00,1.0583007740766224,SL,0.00016,-1.0,-1.3714,-1371.42
2024-11-20 02:55:00-05:00,SHORT,Breakout,1.05776,1.0583050298893901,1.0561249103318298,2024-11-20 03:50:00-05:00,1.0561249103318298,TP,0.00016,3.0,2.7064,2706.44
2024-11-20 09:20:00-05:00,SHORT,Breakout,1.05342,1.0542501124110906,1.0509296627667284,2024-11-20 09:30:00-05:00,1.0542501124110906,SL,0.000156,-1.0,-1.1879,-1187.93
2024-11-21 00:55:00-05:00,SHORT,Breakout,1.05459,1.0547143746688237,1.0542168759935286,2024-11-21 01:00:00-05:00,1.0547143746688237,SL,0.00016,-1.0,-2.2864,-2286.44
2024-11-21 01:15:00-05:00,SHORT,Bounce,1.05516,1.055460430157129,1.0542587095286131,2024-11-21 01:35:00-05:00,1.0542587095286131,TP,0.00016,3.0,2.4674,2467.43
2024-11-21 01:50:00-05:00,SHORT,Retest,1.05445,1.0547294871666342,1.053611538500098,2024-11-21 02:10:00-05:00,1.053611538500098,TP,0.00016,3.0,2.4275,2427.52
2024-11-21 18:45:00-05:00,SHORT,Breakout,1.0467,1.0471282037489438,1.0454153887531685,2024-11-21 18:50:00-05:00,1.0471282037489438,SL,0.00016,-1.0,-1.3737,-1373.65
2024-11-21 18:55:00-05:00,SHORT,Breakout,1.04683,1.0471355022120994,1.0459134933637015,2024-11-21 19:05:00-05:00,1.0471355022120994,SL,0.00016,-1.0,-1.5237,-1523.73
2024-11-21 19:10:00-05:00,SHORT,Breakout,1.04701,1.0471387333673405,1.0466237998979784,2024-11-21 19:20:00-05:00,1.0466237998979784,TP,0.00016,3.0,1.7571,1757.12
2024-11-21 19:40:00-05:00,SHORT,Retest,1.04697,1.0471382789619545,1.0464651631141362,2024-11-21 19:50:00-05:00,1.0471382789619545,SL,0.00016,-1.0,-1.9508,-1950.8
2024-11-22 03:45:00-05:00,SHORT,Breakout,1.04583,1.046313603203489,1.0443791903895332,2024-11-22 03:55:00-05:00,1.0443791903895332,TP,0.00016,3.0,2.6692,2669.15
2024-11-25 18:35:00-05:00,SHORT,Breakout,1.04871,1.0491623472764287,1.0473529581707142,2024-11-25 18:40:00-05:00,1.0473529581707142,TP,0.00016,3.0,2.6463,2646.29
2024-11-26 10:55:00-05:00,SHORT,Breakout,1.04789,1.0490560340141428,1.0443918979575715,2024-11-26 18:00:00-05:00,1.0490560340141428,SL,0.00016,-1.0,-1.1372,-1137.22
2024-11-27 08:00:00-05:00,SHORT,Bounce,1.05264,1.0530879325944007,1.051296202216798,2024-11-27 08:05:00-05:00,1.0530879325944007,SL,0.000162,-1.0,-1.3617,-1361.66
2024-11-27 19:00:00-05:00,SHORT,Breakout,1.05583,1.0558965489673209,1.0556303530980375,2024-11-27 19:10:00-05:00,1.0556303530980375,TP,0.000168,3.0,0.4755,475.54
2024-11-27 19:15:00-05:00,SHORT,Retest,1.05568,1.0558963877846954,1.0550308366459136,2024-11-27 19:25:00-05:00,1.0558963877846954,SL,0.000166,-1.0,-1.7671,-1767.14
2024-11-27 19:35:00-05:00,SHORT,Breakout,1.05578,1.0559041747583997,1.0554074757248006,2024-11-27 19:50:00-05:00,1.0554074757248006,TP,0.00016,3.0,1.7115,1711.49
2024-11-28 01:00:00-05:00,SHORT,Breakout,1.05429,1.0548527522252793,1.052601743324162,2024-11-28 01:40:00-05:00,1.0548527522252793,SL,0.00016,-1.0,-1.2843,-1284.32
2024-11-28 02:30:00-05:00,SHORT,Breakout,1.05393,1.0542924404114422,1.0528426787656735,2024-11-28 02:55:00-05:00,1.0542924404114422,SL,0.00016,-1.0,-1.4415,-1441.45
2024-11-28 02:55:00-05:00,SHORT,Breakout,1.05411,1.0543036153159502,1.0535291540521499,2024-11-28 03:00:00-05:00,1.0535291540521499,TP,0.00016,3.0,2.1736,2173.62
2024-11-28 04:05:00-05:00,SHORT,Bounce,1.05399,1.055584530126647,1.0492064096200586,2024-11-28 10:05:00-05:00,1.055584530126647,SL,0.00016,-1.0,-1.1003,-1100.34
2024-11-29 08:00:00-05:00,SHORT,Bounce,1.05621,1.0568102286455971,1.054409314063209,2024-11-29 11:40:00-05:00,1.054409314063209,TP,0.00016,3.0,2.7334,2733.43
2024-12-02 00:15:00-05:00,SHORT,Breakout,1.05172,1.0519977177660056,1.0508868467019832,2024-12-02 00:25:00-05:00,1.0519977177660056,SL,0.00016,-1.0,-1.5761,-1576.12
2024-12-02 02:30:00-05:00,SHORT,Breakout,1.0512299999999999,1.0515599258267674,1.0502402225196974,2024-12-02 02:55:00-05:00,1.0502402225196974,TP,0.00016,3.0,2.515,2515.04
2024-12-02 19:15:00-05:00,SHORT,Breakout,1.04925,1.0493936332356828,1.0488191002929517,2024-12-02 19:30:00-05:00,1.0488191002929517,TP,0.00016,3.0,1.8861,1886.05
2024-12-02 20:25:00-05:00,SHORT,Breakout,1.04861,1.0488510184241542,1.0478869447275376,2024-12-02 20:30:00-05:00,1.0488510184241542,SL,0.00016,-1.0,-1.6638,-1663.85
2024-12-02 20:45:00-05:00,SHORT,Breakout,1.04852,1.0488629341735805,1.0474911974792582,2024-12-02 20:55:00-05:00,1.0488629341735805,SL,0.00016,-1.0,-1.4666,-1466.56
2024-12-03 05:55:00-05:00,SHORT,Breakout,1.05139,1.0516492844342769,1.0506121466971696,2024-12-03 06:00:00-05:00,1.0516492844342769,SL,0.00016,-1.0,-1.6171,-1617.08
2024-12-03 09:30:00-05:00,SHORT,Bounce,1.05244,1.0527583004143009,1.0514850987570976,2024-12-03 09:35:00-05:00,1.0527583004143009,SL,0.00016,-1.0,-1.5027,-1502.67
2024-12-03 09:35:00-05:00,SHORT,Bounce,1.05228,1.0527601360989935,1.0508395917030198,2024-12-03 10:00:00-05:00,1.0508395917030198,TP,0.00016,3.0,2.6668,2666.76
2024-12-03 19:20:00-05:00,SHORT,Breakout,1.05037,1.0505373870211776,1.0498678389364673,2024-12-03 19:30:00-05:00,1.0498678389364673,TP,0.00016,3.0,2.0441,2044.13
2024-12-04 03:10:00-05:00,SHORT,Breakout,1.05071,1.0510625420775717,1.0496523737672852,2024-12-04 03:45:00-05:00,1.0496523737672852,TP,0.00016,3.0,2.5462,2546.15
2024-12-04 19:50:00-05:00,SHORT,Bounce,1.0512299999999999,1.051520363240823,1.0503589102775306,2024-12-04 21:15:00-05:00,1.051520363240823,SL,0.00016,-1.0,-1.551,-1551.03
2024-12-05 00:25:00-05:00,SHORT,Bounce,1.05236,1.0525224327172962,1.0518727018481113,2024-12-05 00:30:00-05:00,1.0525224327172962,SL,0.00016,-1.0,-1.985,-1985.02
2024-12-05 02:45:00-05:00,SHORT,Bounce,1.05269,1.0529709670871117,1.0518470987386646,2024-12-05 02:50:00-05:00,1.0529709670871117,SL,0.00016,-1.0,-1.5695,-1569.46
2024-12-05 19:05:00-05:00,SHORT,Breakout,1.05794,1.0580700885680177,1.0575497342959475,2024-12-05 19:30:00-05:00,1.0580700885680177,SL,0.00016,-1.0,-2.2299,-2229.93
2024-12-09 18:00:00-05:00,SHORT,Bounce,1.0553,1.0554664375062217,1.0548006874813345,2024-12-09 18:40:00-05:00,1.0554664375062217,SL,0.000166,-1.0,-1.9974,-1997.37
2024-12-09 19:05:00-05:00,SHORT,Breakout,1.05486,1.0549563444454126,1.0545709666637617,2024-12-09 19:10:00-05:00,1.0549563444454126,SL,0.00016,-1.0,-2.6607,-2660.71
2024-12-09 20:20:00-05:00,SHORT,Retest,1.05475,1.0549630917313775,1.0541107248058679,2024-12-09 20:45:00-05:00,1.0549630917313775,SL,0.000164,-1.0,-1.7696,-1769.62
2024-12-11 02:05:00-05:00,SHORT,Breakout,1.05126,1.0520508269017907,1.048887519294628,2024-12-11 02:40:00-05:00,1.048887519294628,TP,0.00016,3.0,2.7977,2797.68
2024-12-11 08:30:00-05:00,SHORT,Bounce,1.05134,1.0518745578475603,1.0497363264573187,2024-12-11 08:35:00-05:00,1.0518745578475603,SL,0.000156,-1.0,-1.2918,-1291.83
2024-12-12 07:55:00-05:00,SHORT,Breakout,1.04883,1.049435249464998,1.0470142516050054,2024-12-12 08:15:00-05:00,1.049435249464998,SL,0.00016,-1.0,-1.2644,-1264.35
2024-12-12 09:00:00-05:00,SHORT,Retest,1.04868,1.0495122871024305,1.0461831386927087,2024-12-12 09:40:00-05:00,1.0495122871024305,SL,0.00016,-1.0,-1.1922,-1192.24
2024-12-16 02:50:00-05:00,SHORT,Breakout,1.05069,1.0511918582854187,1.0491844251437434,2024-12-16 03:30:00-05:00,1.0511918582854187,SL,0.00016,-1.0,-1.3188,-1318.82
2024-12-17 21:50:00-05:00,SHORT,Bounce,1.05004,1.0503351490874528,1.0491545527376418,2024-12-17 23:35:00-05:00,1.0503351490874528,SL,0.00016,-1.0,-1.5421,-1542.1
2024-12-18 02:50:00-05:00,SHORT,Breakout,1.04939,1.0495773874843202,1.0488278375470397,2024-12-18 02:55:00-05:00,1.0495773874843202,SL,0.00016,-1.0,-1.8538,-1853.85
2024-12-18 03:00:00-05:00,SHORT,Breakout,1.04944,1.0495802371676026,1.0490192884971918,2024-12-18 03:05:00-05:00,1.0495802371676026,SL,0.00016,-1.0,-2.1409,-2140.92
2024-12-18 03:35:00-05:00,SHORT,Retest,1.04939,1.0495867820140894,1.048799653957732,2024-12-18 04:10:00-05:00,1.0495867820140894,SL,0.00016,-1.0,-1.8131,-1813.08
2024-12-18 14:00:00-05:00,SHORT,Breakout,1.04335,1.0467852798237378,1.0330441605287866,2025-01-02 05:45:00-05:00,1.0330441605287866,TP,0.000158,3.0,2.954,2954.01
2025-01-02 19:00:00-05:00,SHORT,Bounce,1.02671,1.0268240107136575,1.0263679678590276,2025-01-02 19:30:00-05:00,1.0268240107136575,SL,0.00016,-1.0,-2.4034,-2403.38
2025-01-03 10:05:00-05:00,SHORT,Bounce,1.02981,1.0303091731767717,1.0283124804696844,2025-01-03 10:20:00-05:00,1.0283124804696844,TP,0.00016,3.0,2.6795,2679.47
2025-01-05 19:10:00-05:00,SHORT,Breakout,1.02961,1.0298004695040848,1.0290385914877453,2025-01-05 19:15:00-05:00,1.0298004695040848,SL,0.00016,-1.0,-1.84,-1840.03
2025-01-06 02:00:00-05:00,SHORT,Breakout,1.03118,1.0312720483342255,1.0309038549973235,2025-01-06 02:05:00-05:00,1.0312720483342255,SL,0.00016,-1.0,-2.7382,-2738.22
2025-01-06 09:15:00-05:00,SHORT,Breakout,1.03585,1.0393836479294083,1.0252490562117749,2025-01-06 09:50:00-05:00,1.0393836479294083,SL,0.000158,-1.0,-1.0447,-1044.71
2025-01-06 10:05:00-05:00,SHORT,Retest,1.03848,1.039393841441245,1.0357384756762655,2025-01-06 10:55:00-05:00,1.039393841441245,SL,0.00016,-1.0,-1.1751,-1175.09
2025-01-08 02:00:00-05:00,SHORT,Breakout,1.03429,1.0347345356864983,1.0329563929405048,2025-01-08 02:55:00-05:00,1.0329563929405048,TP,0.000158,3.0,2.6446,2644.57
2025-01-08 06:15:00-05:00,SHORT,Breakout,1.03065,1.031028592764745,1.0295142217057656,2025-01-08 06:30:00-05:00,1.0295142217057656,TP,0.00016,3.0,2.5774,2577.38
2025-01-08 19:30:00-05:00,SHORT,Breakout,1.03042,1.0307587945579681,1.0294036163260951,2025-01-08 19:40:00-05:00,1.0307587945579681,SL,0.00016,-1.0,-1.4723,-1472.26
2025-01-08 19:50:00-05:00,SHORT,Breakout,1.03064,1.0307584176741496,1.0302847469775513,2025-01-08 19:55:00-05:00,1.0307584176741496,SL,0.00016,-1.0,-2.3511,-2351.15
2025-01-09 01:00:00-05:00,SHORT,Breakout,1.03041,1.0305429921500564,1.030011023549831,2025-01-09 01:10:00-05:00,1.030011023549831,TP,0.00016,3.0,1.7969,1796.92
2025-01-09 02:40:00-05:00,SHORT,Breakout,1.02932,1.0297149191275319,1.0281352426174044,2025-01-09 03:15:00-05:00,1.0297149191275319,SL,0.000162,-1.0,-1.4102,-1410.21
2025-01-09 19:15:00-05:00,SHORT,Breakout,1.02944,1.0295569037097676,1.0290892888706968,2025-01-09 19:55:00-05:00,1.0295569037097676,SL,0.00016,-1.0,-2.3686,-2368.65
2025-01-12 20:15:00-05:00,SHORT,Bounce,1.02456,1.024676120138055,1.0242116395858347,2025-01-12 20:20:00-05:00,1.024676120138055,SL,0.000156,-1.0,-2.3434,-2343.44
2025-01-14 00:55:00-05:00,SHORT,Breakout,1.02441,1.0245030386547547,1.0241308840357362,2025-01-14 01:00:00-05:00,1.0245030386547547,SL,0.00016,-1.0,-2.7197,-2719.72
2025-01-14 07:05:00-05:00,SHORT,Breakout,1.02479,1.0252156974197726,1.0235129077406826,2025-01-14 07:25:00-05:00,1.0252156974197726,SL,0.00016,-1.0,-1.3759,-1375.85
2025-01-14 08:00:00-05:00,SHORT,Retest,1.02462,1.0252167682522237,1.0228296952433291,2025-01-14 08:10:00-05:00,1.0252167682522237,SL,0.00016,-1.0,-1.2681,-1268.11
2025-01-14 08:30:00-05:00,SHORT,Bounce,1.02528,1.02637328602038,1.0220001419388598,2025-01-14 08:45:00-05:00,1.02637328602038,SL,0.00016,-1.0,-1.1463,-1146.35
2025-01-14 08:45:00-05:00,SHORT,Bounce,1.0257,1.026390842342119,1.023627472973643,2025-01-14 09:25:00-05:00,1.026390842342119,SL,0.00016,-1.0,-1.2316,-1231.6
2025-01-15 00:55:00-05:00,SHORT,Breakout,1.02925,1.0297336456226893,1.027799063131932,2025-01-15 01:30:00-05:00,1.0297336456226893,SL,0.00016,-1.0,-1.3308,-1330.82
2025-01-15 01:55:00-05:00,SHORT,Retest,1.02954,1.0297309888190462,1.028967033542861,2025-01-15 02:05:00-05:00,1.028967033542861,TP,0.00016,3.0,2.1623,2162.25
2025-01-15 02:15:00-05:00,SHORT,Breakout,1.02885,1.0291643604139105,1.0279069187582688,2025-01-15 02:20:00-05:00,1.0291643604139105,SL,0.00016,-1.0,-1.509,-1508.97
2025-01-16 07:20:00-05:00,SHORT,Breakout,1.02762,1.0284067363206104,1.0252597910381687,2025-01-16 08:50:00-05:00,1.0284067363206104,SL,0.00016,-1.0,-1.2034,-1203.37
2025-01-16 18:30:00-05:00,SHORT,Bounce,1.03014,1.0302559129411568,1.0297922611765298,2025-01-16 19:10:00-05:00,1.0297922611765298,TP,0.00016,3.0,1.6197,1619.65
2025-01-20 01:00:00-05:00,SHORT,Breakout,1.02992,1.0301278068827444,1.0292965793517665,2025-01-20 01:05:00-05:00,1.0301278068827444,SL,0.00016,-1.0,-1.7699,-1769.95
2025-01-20 19:50:00-05:00,SHORT,Breakout,1.03713,1.041174082232011,1.0249977533039674,2025-01-21 11:25:00-05:00,1.041174082232011,SL,0.00016,-1.0,-1.0396,-1039.56
2025-01-22 00:25:00-05:00,LONG,Bounce,1.04108,1.0408819491667916,1.0416741524996254,2025-01-22 01:00:00-05:00,1.0416741524996254,TP,0.000158,3.0,2.2022,2202.23
2025-01-22 03:35:00-05:00,LONG,Breakout,1.04202,1.0416841164073614,1.0430276507779157,2025-01-22 03:50:00-05:00,1.0416841164073614,SL,0.00016,-1.0,-1.4764,-1476.36
2025-01-22 03:50:00-05:00,LONG,Retest,1.04201,1.0416837717736782,1.0429886846789658,2025-01-22 04:20:00-05:00,1.0429886846789658,TP,0.00016,3.0,2.5095,2509.55
2025-01-22 20:10:00-05:00,LONG,Breakout,1.0414,1.0412003945917394,1.0419988162247822,2025-01-22 20:15:00-05:00,1.0412003945917394,SL,0.000168,-1.0,-1.8417,-1841.66
2025-01-23 11:10:00-05:00,LONG,Bounce,1.03972,1.039197365701724,1.041287902894828,2025-01-23 11:20:00-05:00,1.041287902894828,TP,0.000158,3.0,2.6977,2697.69
2025-01-23 19:20:00-05:00,LONG,Breakout,1.04189,1.0417984144114567,1.0421647567656298,2025-01-23 19:25:00-05:00,1.0417984144114567,SL,0.00016,-1.0,-2.747,-2747.0
2025-01-23 19:30:00-05:00,LONG,Breakout,1.04199,1.0417974797731437,1.0425675606805687,2025-01-23 19:50:00-05:00,1.0417974797731437,SL,0.00016,-1.0,-1.8311,-1831.08
2025-01-23 21:10:00-05:00,LONG,Breakout,1.04301,1.0421692649847667,1.0455322050456999,2025-01-24 01:15:00-05:00,1.0455322050456999,TP,0.00016,3.0,2.8097,2809.69
2025-01-24 01:15:00-05:00,LONG,Breakout,1.04556,1.0452445059590059,1.0465064821229826,2025-01-24 01:30:00-05:00,1.0452445059590059,SL,0.00016,-1.0,-1.5071,-1507.14
2025-01-28 01:00:00-05:00,LONG,Breakout,1.04397,1.043830845993094,1.044387462020718,2025-01-28 01:40:00-05:00,1.043830845993094,SL,0.000166,-1.0,-2.1929,-2192.92
2025-01-28 02:10:00-05:00,LONG,Breakout,1.04395,1.0438162686682408,1.0443511939952772,2025-01-28 02:15:00-05:00,1.0438162686682408,SL,0.00016,-1.0,-2.1964,-2196.43
2025-01-29 01:00:00-05:00,LONG,Breakout,1.04424,1.044141523064394,1.0445354308068182,2025-01-29 01:05:00-05:00,1.044141523064394,SL,0.000172,-1.0,-2.7466,-2746.6
2025-01-30 08:20:00-05:00,LONG,Breakout,1.04124,1.0410548631087586,1.041795410673724,2025-01-30 08:25:00-05:00,1.041795410673724,TP,0.00016,3.0,2.1358,2135.77
2025-01-30 20:25:00-05:00,LONG,Bounce,1.03858,1.0383465239346776,1.0392804281959673,2025-01-30 21:40:00-05:00,1.0392804281959673,TP,0.000158,3.0,2.3233,2323.27
2025-02-02 19:20:00-05:00,SHORT,Breakout,1.02189,1.0236360150954742,1.0166519547135773,2025-02-02 19:30:00-05:00,1.0236360150954742,SL,0.00016,-1.0,-1.0916,-1091.64
2025-02-02 19:40:00-05:00,SHORT,Retest,1.02282,1.0236262986552955,1.0204011040341137,2025-02-02 19:45:00-05:00,1.0236262986552955,SL,0.00016,-1.0,-1.1984,-1198.44
2025-02-04 18:55:00-05:00,SHORT,Breakout,1.03708,1.0373217128162269,1.0363548615513194,2025-02-04 19:00:00-05:00,1.0373217128162269,SL,0.00016,-1.0,-1.6619,-1661.94
2025-02-04 19:40:00-05:00,SHORT,Bounce,1.03776,1.0380180345192804,1.0369858964421588,2025-02-04 20:00:00-05:00,1.0380180345192804,SL,0.00016,-1.0,-1.6201,-1620.07
2025-02-04 20:15:00-05:00,SHORT,Bounce,1.03776,1.038025635026416,1.0369630949207518,2025-02-04 20:20:00-05:00,1.038025635026416,SL,0.00016,-1.0,-1.6023,-1602.33
2025-02-06 07:05:00-05:00,LONG,Bounce,1.03599,1.0354481185783289,1.0376156442650133,2025-02-06 07:10:00-05:00,1.0354481185783289,SL,0.00016,-1.0,-1.2953,-1295.27
2025-02-06 07:10:00-05:00,LONG,Bounce,1.03596,1.0354461101084482,1.0375016696746553,2025-02-06 07:35:00-05:00,1.0354461101084482,SL,0.00016,-1.0,-1.3114,-1311.35
2025-02-06 10:55:00-05:00,LONG,Breakout,1.03686,1.0365873315246728,1.0376780054259813,2025-02-06 12:00:00-05:00,1.0365873315246728,SL,0.00016,-1.0,-1.5868,-1586.79
2025-02-10 02:30:00-05:00,SHORT,Breakout,1.03108,1.031211951642993,1.0306841450710211,2025-02-10 02:35:00-05:00,1.031211951642993,SL,0.00016,-1.0,-2.2126,-2212.57
2025-02-10 03:00:00-05:00,SHORT,Breakout,1.03109,1.0312210229132264,1.0306969312603211,2025-02-10 03:05:00-05:00,1.0312210229132264,SL,0.000168,-1.0,-2.2822,-2282.22
2025-02-10 06:55:00-05:00,SHORT,Breakout,1.03198,1.03233804405174,1.0309058678447796,2025-02-10 07:10:00-05:00,1.0309058678447796,TP,0.00016,3.0,2.5531,2553.13
2025-02-10 18:05:00-05:00,SHORT,Breakout,1.03037,1.0304580286365523,1.030105914090343,2025-02-10 18:10:00-05:00,1.0304580286365523,SL,0.00025,-1.0,-3.84,-3839.98
2025-02-10 18:10:00-05:00,SHORT,Bounce,1.03034,1.0308028837339414,1.028951348798176,2025-02-11 01:25:00-05:00,1.0308028837339414,SL,0.000238,-1.0,-1.5142,-1514.17
2025-02-13 08:30:00-05:00,LONG,Bounce,1.03953,1.0383755884202759,1.0429932347391726,2025-02-13 09:05:00-05:00,1.0383755884202759,SL,0.000158,-1.0,-1.1369,-1136.87
2025-02-14 02:05:00-05:00,LONG,Breakout,1.04665,1.0462682872551223,1.0477951382346333,2025-02-14 03:20:00-05:00,1.0477951382346333,TP,0.00016,3.0,2.5808,2580.84
2025-02-14 08:30:00-05:00,LONG,Breakout,1.049,1.0486115044485331,1.0501654866544003,2025-02-14 08:35:00-05:00,1.0486115044485331,SL,0.00016,-1.0,-1.4118,-1411.85
2025-02-14 08:45:00-05:00,LONG,Breakout,1.04918,1.0485953065865259,1.0509340802404223,2025-02-14 08:55:00-05:00,1.0485953065865259,SL,0.00016,-1.0,-1.2736,-1273.65
2025-02-16 18:30:00-05:00,LONG,Bounce,1.04861,1.0484374414196622,1.0491276757410135,2025-02-16 19:55:00-05:00,1.0491276757410135,TP,0.00016,3.0,2.0728,2072.78
2025-02-16 20:20:00-05:00,LONG,Breakout,1.04954,1.0492950749408996,1.050274775177301,2025-02-16 20:35:00-05:00,1.050274775177301,TP,0.00016,3.0,2.3467,2346.74
2025-02-16 22:30:00-05:00,LONG,Retest,1.0495,1.0492961753662164,1.050111473901351,2025-02-16 23:00:00-05:00,1.0492961753662164,SL,0.00016,-1.0,-1.785,-1784.99
2025-02-17 00:20:00-05:00,LONG,Bounce,1.04928,1.0488231434879567,1.05065056953613,2025-02-17 00:30:00-05:00,1.0488231434879567,SL,0.00016,-1.0,-1.3502,-1350.22
2025-02-17 02:40:00-05:00,LONG,Bounce,1.04856,1.048338349667222,1.0492249509983336,2025-02-17 02:50:00-05:00,1.048338349667222,SL,0.000168,-1.0,-1.758,-1757.95
2025-02-17 18:00:00-05:00,LONG,Bounce,1.04822,1.047848780765319,1.0493336577040429,2025-02-17 18:25:00-05:00,1.047848780765319,SL,0.000162,-1.0,-1.4364,-1436.4
2025-02-17 19:05:00-05:00,LONG,Breakout,1.04851,1.0484126331495243,1.0488021005514274,2025-02-17 19:10:00-05:00,1.0484126331495243,SL,0.00016,-1.0,-2.6433,-2643.27
2025-02-17 22:30:00-05:00,LONG,Breakout,1.04704,1.0469476714377646,1.0473169856867062,2025-02-17 22:35:00-05:00,1.0469476714377646,SL,0.00016,-1.0,-2.7329,-2732.94
2025-02-18 17:55:00-05:00,LONG,Breakout,1.045,1.0448272956919877,1.0455181129240365,2025-02-18 18:00:00-05:00,1.0448272956919877,SL,0.000284,-1.0,-2.6444,-2644.43
2025-02-19 10:30:00-05:00,LONG,Breakout,1.0438,1.0433625526062675,1.0451123421811976,2025-02-19 10:35:00-05:00,1.0433625526062675,SL,0.000162,-1.0,-1.3703,-1370.33
2025-02-19 19:45:00-05:00,LONG,Breakout,1.04259,1.0424744451064618,1.0429366646806142,2025-02-19 20:00:00-05:00,1.0429366646806142,TP,0.000184,3.0,1.4077,1407.68
2025-02-20 03:05:00-05:00,LONG,Breakout,1.04381,1.0432937730037728,1.0453586809886812,2025-02-20 03:35:00-05:00,1.0432937730037728,SL,0.00017,-1.0,-1.3293,-1329.31
2025-02-20 04:55:00-05:00,LONG,Retest,1.04358,1.0432878967004346,1.0444563098986959,2025-02-20 06:00:00-05:00,1.0444563098986959,TP,0.000164,3.0,2.4386,2438.55
2025-02-20 09:05:00-05:00,LONG,Breakout,1.04511,1.0444753415460515,1.0470139753618455,2025-02-20 09:55:00-05:00,1.0444753415460515,SL,0.00016,-1.0,-1.2521,-1252.1
2025-02-20 14:45:00-05:00,LONG,Breakout,1.05011,1.0496955565211814,1.0513533304364562,2025-02-20 15:05:00-05:00,1.0496955565211814,SL,0.000172,-1.0,-1.415,-1415.01
2025-02-21 08:45:00-05:00,LONG,Breakout,1.04758,1.047265915128387,1.048522254614839,2025-02-21 08:50:00-05:00,1.047265915128387,SL,0.00016,-1.0,-1.5094,-1509.42
2025-02-23 17:35:00-05:00,LONG,Breakout,1.04688,1.0465197895241178,1.0479606314276466,2025-02-23 17:45:00-05:00,1.0479606314276466,TP,0.000362,3.0,1.995,1995.03
2025-02-23 19:15:00-05:00,LONG,Breakout,1.04891,1.0482914441799434,1.05076566746017,2025-02-23 20:00:00-05:00,1.05076566746017,TP,0.00018,3.0,2.709,2709.0
2025-02-24 18:40:00-05:00,LONG,Bounce,1.04639,1.0459873737159073,1.0475978788522777,2025-02-24 18:55:00-05:00,1.0459873737159073,SL,0.000176,-1.0,-1.4371,-1437.13
2025-02-25 08:30:00-05:00,LONG,Breakout,1.0506,1.0498414773500904,1.0528755679497288,2025-02-25 09:00:00-05:00,1.0498414773500904,SL,0.00016,-1.0,-1.2109,-1210.94
2025-02-25 09:30:00-05:00,LONG,Retest,1.05034,1.0498364261204292,1.0518507216387127,2025-02-25 09:35:00-05:00,1.0498364261204292,SL,0.00016,-1.0,-1.3177,-1317.73
2025-02-25 10:10:00-05:00,LONG,Breakout,1.05122,1.0508058713466384,1.052462385960085,2025-02-25 10:40:00-05:00,1.0508058713466384,SL,0.00016,-1.0,-1.3864,-1386.35
2025-02-25 20:05:00-05:00,LONG,Breakout,1.05221,1.0516284253837098,1.053954723848871,2025-02-25 20:30:00-05:00,1.0516284253837098,SL,0.00018,-1.0,-1.3095,-1309.5
2025-02-26 10:30:00-05:00,LONG,Breakout,1.04972,1.0492937145182029,1.0509988564453914,2025-02-26 11:05:00-05:00,1.0509988564453914,TP,0.00016,3.0,2.6247,2624.66
2025-02-26 12:40:00-05:00,LONG,Breakout,1.04978,1.049229536595385,1.0514313902138448,2025-02-26 12:45:00-05:00,1.049229536595385,SL,0.00018,-1.0,-1.327,-1327.0
2025-02-26 13:05:00-05:00,LONG,Retest,1.0499,1.049234499827286,1.0518965005181422,2025-02-26 13:15:00-05:00,1.049234499827286,SL,0.00018,-1.0,-1.2705,-1270.47
2025-02-27 07:00:00-05:00,LONG,Bounce,1.0477,1.0472191867698077,1.049142439690577,2025-02-27 08:30:00-05:00,1.0472191867698077,SL,0.00016,-1.0,-1.3328,-1332.77
2025-02-27 19:55:00-05:00,LONG,Breakout,1.04014,1.039910880203373,1.0408273593898814,2025-02-27 20:05:00-05:00,1.039910880203373,SL,0.000176,-1.0,-1.7682,-1768.16
2025-02-28 01:25:00-05:00,SHORT,Breakout,1.03829,1.0383808859770998,1.0380173420687004,2025-02-28 01:30:00-05:00,1.0383808859770998,SL,0.000176,-1.0,-2.9365,-2936.49
2025-02-28 10:55:00-05:00,SHORT,Breakout,1.0399,1.0401255430971588,1.0392233707085239,2025-02-28 11:00:00-05:00,1.0401255430971588,SL,0.00016,-1.0,-1.7094,-1709.4
2025-02-28 13:15:00-05:00,SHORT,Breakout,1.03785,1.039046102891748,1.034261691324756,2025-03-02 17:15:00-05:00,1.039046102891748,SL,0.00018,-1.0,-1.1505,-1150.49
2025-03-04 00:00:00-05:00,LONG,Bounce,1.04786,1.046969243543012,1.050532269370964,2025-03-04 03:20:00-05:00,1.050532269370964,TP,0.00018,3.0,2.7979,2797.92
2025-03-04 06:50:00-05:00,LONG,Breakout,1.05387,1.0525341929343117,1.0578774211970652,2025-03-04 09:20:00-05:00,1.0525341929343117,SL,0.000168,-1.0,-1.1258,-1125.77
2025-03-04 10:20:00-05:00,LONG,Bounce,1.05082,1.0500036377745634,1.0532690866763101,2025-03-04 11:20:00-05:00,1.0532690866763101,TP,0.00016,3.0,2.804,2804.01
2025-03-04 13:10:00-05:00,LONG,Breakout,1.0568,1.0557565517543646,1.0599303447369062,2025-03-04 14:55:00-05:00,1.0599303447369062,TP,0.00018,3.0,2.8275,2827.5
2025-03-04 20:30:00-05:00,LONG,Bounce,1.06145,1.0608889631900076,1.0631331104299773,2025-03-04 21:05:00-05:00,1.0608889631900076,SL,0.00018,-1.0,-1.3208,-1320.83
2025-03-05 00:50:00-05:00,LONG,Breakout,1.06277,1.0624328075458302,1.0637815773625092,2025-03-05 01:15:00-05:00,1.0637815773625092,TP,0.000172,3.0,2.4899,2489.91
2025-03-05 09:05:00-05:00,LONG,Breakout,1.07312,1.0719444413334691,1.076646675999593,2025-03-05 09:40:00-05:00,1.076646675999593,TP,0.00016,3.0,2.8639,2863.89
2025-03-05 19:00:00-05:00,LONG,Breakout,1.07969,1.0795488977547045,1.0801133067358866,2025-03-05 19:05:00-05:00,1.0795488977547045,SL,0.000178,-1.0,-2.2615,-2261.5
2025-03-05 19:15:00-05:00,LONG,Breakout,1.07984,1.079541016897626,1.0807369493071215,2025-03-05 19:20:00-05:00,1.079541016897626,SL,0.00018,-1.0,-1.602,-1602.04
2025-03-05 19:25:00-05:00,LONG,Bounce,1.07956,1.078559009467851,1.0825629715964473,2025-03-05 23:00:00-05:00,1.078559009467851,SL,0.000178,-1.0,-1.1778,-1177.82
2025-03-06 00:55:00-05:00,LONG,Breakout,1.08093,1.0805525132381841,1.0820624602854474,2025-03-06 01:30:00-05:00,1.0805525132381841,SL,0.00018,-1.0,-1.4768,-1476.84
2025-03-06 08:15:00-05:00,LONG,Breakout,1.08267,1.0803674707799913,1.0895775876600262,2025-03-06 12:15:00-05:00,1.0803674707799913,SL,0.00016,-1.0,-1.0695,-1069.49
2025-03-07 01:15:00-05:00,LONG,Breakout,1.08184,1.0812890176967023,1.0834929469098928,2025-03-07 02:40:00-05:00,1.0834929469098928,TP,0.00018,3.0,2.6733,2673.31
2025-03-07 08:30:00-05:00,LONG,Breakout,1.08832,1.0864682366792155,1.0938752899623532,2025-03-07 08:45:00-05:00,1.0864682366792155,SL,0.00016,-1.0,-1.0864,-1086.4
2025-03-09 21:00:00-04:00,LONG,Breakout,1.08668,1.0863668959990964,1.0876193120027111,2025-03-09 21:25:00-04:00,1.0863668959990964,SL,0.00018,-1.0,-1.5749,-1574.89
2025-03-10 07:05:00-04:00,LONG,Breakout,1.08488,1.0841785627640432,1.0869843117078706,2025-03-10 07:10:00-04:00,1.0841785627640432,SL,0.00017,-1.0,-1.2424,-1242.36
2025-03-10 08:10:00-04:00,LONG,Retest,1.08484,1.0842287264352137,1.086673820694359,2025-03-10 08:55:00-04:00,1.0842287264352137,SL,0.00016,-1.0,-1.2617,-1261.75
2025-03-10 19:00:00-04:00,LONG,Breakout,1.08392,1.0833291590465353,1.0856925228603942,2025-03-10 21:55:00-04:00,1.0856925228603942,TP,0.000178,3.0,2.6987,2698.73
2025-03-11 02:30:00-04:00,LONG,Breakout,1.08678,1.085962822102405,1.0892315336927856,2025-03-11 02:50:00-04:00,1.085962822102405,SL,0.00018,-1.0,-1.2203,-1220.27
2025-03-11 03:05:00-04:00,LONG,Breakout,1.08657,1.0859593655393784,1.0884019033818648,2025-03-11 03:35:00-04:00,1.0884019033818648,TP,0.00018,3.0,2.7052,2705.22
2025-03-11 20:45:00-04:00,LONG,Bounce,1.09072,1.0905692004105279,1.091172398768416,2025-03-11 21:05:00-04:00,1.0905692004105279,SL,0.000178,-1.0,-2.1804,-2180.37
2025-03-12 04:20:00-04:00,LONG,Breakout,1.09111,1.0906889128493442,1.0923732614519674,2025-03-12 04:30:00-04:00,1.0906889128493442,SL,0.00017,-1.0,-1.4037,-1403.72
2025-03-12 04:50:00-04:00,LONG,Breakout,1.09161,1.0906724768486968,1.0944225694539094,2025-03-12 06:35:00-04:00,1.0906724768486968,SL,0.00017,-1.0,-1.1813,-1181.33
2025-03-13 01:20:00-04:00,LONG,Bounce,1.08837,1.0880134545869504,1.089439636239149,2025-03-13 01:30:00-04:00,1.0880134545869504,SL,0.000174,-1.0,-1.488,-1488.02
2025-03-13 01:30:00-04:00,LONG,Bounce,1.08826,1.0880119786999725,1.0890040639000826,2025-03-13 01:35:00-04:00,1.0880119786999725,SL,0.000182,-1.0,-1.7338,-1733.81
2025-03-13 07:20:00-04:00,LONG,Bounce,1.08689,1.0857175986848502,1.090407203945449,2025-03-13 07:55:00-04:00,1.0857175986848502,SL,0.00017,-1.0,-1.145,-1145.0
2025-03-13 20:00:00-04:00,LONG,Breakout,1.08564,1.0854259090776153,1.086282272767154,2025-03-13 20:10:00-04:00,1.0854259090776153,SL,0.00018,-1.0,-1.8408,-1840.76
2025-03-14 02:30:00-04:00,LONG,Bounce,1.08399,1.083607935093375,1.0851361947198752,2025-03-14 02:50:00-04:00,1.083607935093375,SL,0.00018,-1.0,-1.4711,-1471.12
2025-03-14 04:00:00-04:00,LONG,Bounce,1.0841,1.0835727924639842,1.0856816226080477,2025-03-14 05:35:00-04:00,1.0856816226080477,TP,0.00017,3.0,2.6775,2677.55
2025-03-16 21:40:00-04:00,LONG,Breakout,1.08855,1.0883704885480014,1.0890885343559953,2025-03-16 21:55:00-04:00,1.0883704885480014,SL,0.000174,-1.0,-1.9693,-1969.3
2025-03-17 20:10:00-04:00,LONG,Bounce,1.09185,1.0917063979332442,1.0922808062002674,2025-03-17 20:30:00-04:00,1.0917063979332442,SL,0.000176,-1.0,-2.2256,-2225.61
2025-03-18 02:50:00-04:00,LONG,Breakout,1.09156,1.091204939430437,1.0926251817086892,2025-03-18 03:35:00-04:00,1.0926251817086892,TP,0.00018,3.0,2.493,2493.04
2025-03-19 08:00:00-04:00,LONG,Breakout,1.0913599999999999,1.0908486613632506,1.0928940159102476,2025-03-19 08:25:00-04:00,1.0908486613632506,SL,0.00016,-1.0,-1.3129,-1312.9
2025-03-19 20:00:00-04:00,LONG,Breakout,1.09142,1.0911337260183058,1.0922788219450827,2025-03-19 20:15:00-04:00,1.0911337260183058,SL,0.000178,-1.0,-1.6218,-1621.78
2025-03-19 20:30:00-04:00,LONG,Bounce,1.09118,1.0903604376020901,1.0936386871937298,2025-03-19 21:05:00-04:00,1.0903604376020901,SL,0.00018,-1.0,-1.2196,-1219.63
2025-03-19 21:15:00-04:00,LONG,Bounce,1.09066,1.0903552883557404,1.0915741349327788,2025-03-19 21:45:00-04:00,1.0903552883557404,SL,0.00018,-1.0,-1.5907,-1590.72
2025-03-20 03:05:00-04:00,LONG,Bounce,1.08916,1.088925402168085,1.0898637934957447,2025-03-20 03:15:00-04:00,1.088925402168085,SL,0.00018,-1.0,-1.7673,-1767.27
2025-03-23 19:10:00-04:00,LONG,Breakout,1.08232,1.082045963169232,1.0831421104923036,2025-03-23 19:45:00-04:00,1.0831421104923036,TP,0.00018,3.0,2.3432,2343.15
2025-03-24 14:40:00-04:00,LONG,Breakout,1.08091,1.0805104270498176,1.0821087188505474,2025-03-24 14:45:00-04:00,1.0805104270498176,SL,0.00018,-1.0,-1.4505,-1450.48
2025-03-24 21:10:00-04:00,LONG,Breakout,1.08039,1.0802390821041032,1.0808427536876901,2025-03-24 21:15:00-04:00,1.0802390821041032,SL,0.000174,-1.0,-2.1529,-2152.94
2025-03-24 21:15:00-04:00,LONG,Retest,1.08062,1.080236004810953,1.0817719855671408,2025-03-24 21:30:00-04:00,1.080236004810953,SL,0.00018,-1.0,-1.4688,-1468.76
2025-03-25 11:55:00-04:00,LONG,Bounce,1.08024,1.0799943992087426,1.0809768023737725,2025-03-25 12:05:00-04:00,1.0809768023737725,TP,0.00016,3.0,2.3485,2348.54
2025-03-25 15:00:00-04:00,LONG,Bounce,1.07998,1.0795554169277262,1.0812537492168213,2025-03-25 15:15:00-04:00,1.0795554169277262,SL,0.00018,-1.0,-1.4239,-1423.95
2025-03-25 20:30:00-04:00,LONG,Bounce,1.07898,1.0787982526461106,1.0795252420616683,2025-03-25 20:35:00-04:00,1.0787982526461106,SL,0.000172,-1.0,-1.9464,-1946.37
2025-03-31 10:55:00-04:00,LONG,Bounce,1.08014,1.0798558515886205,1.0809924452341388,2025-03-31 11:00:00-04:00,1.0798558515886205,SL,0.00016,-1.0,-1.5631,-1563.09
2025-03-31 20:10:00-04:00,LONG,Breakout,1.0822,1.081847024769669,1.0832589256909932,2025-03-31 21:30:00-04:00,1.081847024769669,SL,0.000176,-1.0,-1.4986,-1498.62
2025-04-01 10:00:00-04:00,LONG,Breakout,1.07979,1.0793307036513813,1.0811678890458563,2025-04-01 10:25:00-04:00,1.0793307036513813,SL,0.00016,-1.0,-1.3484,-1348.36
2025-04-01 12:00:00-04:00,LONG,Retest,1.07997,1.0793273791547227,1.0818978625358324,2025-04-01 12:15:00-04:00,1.0793273791547227,SL,0.000178,-1.0,-1.277,-1276.99
2025-04-01 18:15:00-04:00,LONG,Breakout,1.08023,1.079990930135442,1.080947209593674,2025-04-01 18:30:00-04:00,1.079990930135442,SL,0.000244,-1.0,-2.0206,-2020.62
2025-04-03 01:20:00-04:00,LONG,Breakout,1.09277,1.0922806604034803,1.0942380187895593,2025-04-03 01:25:00-04:00,1.0942380187895593,TP,0.00018,3.0,2.6322,2632.16
2025-04-03 06:05:00-04:00,LONG,Breakout,1.10564,1.1044209698295295,1.1092970905114112,2025-04-03 06:10:00-04:00,1.1092970905114112,TP,0.00017,3.0,2.8605,2860.54
2025-04-03 07:10:00-04:00,LONG,Retest,1.10587,1.1043345638783746,1.1104763083648759,2025-04-03 07:15:00-04:00,1.1043345638783746,SL,0.00016,-1.0,-1.1042,-1104.2
2025-04-03 09:15:00-04:00,LONG,Breakout,1.11275,1.110537673715423,1.119386978853731,2025-04-03 09:25:00-04:00,1.110537673715423,SL,0.00016,-1.0,-1.0723,-1072.32
2025-04-03 18:10:00-04:00,LONG,Breakout,1.10566,1.1050582060014222,1.1074653819957336,2025-04-03 19:05:00-04:00,1.1050582060014222,SL,0.000236,-1.0,-1.3922,-1392.16
2025-04-03 23:30:00-04:00,LONG,Breakout,1.10807,1.1077279512713019,1.1090961461860949,2025-04-03 23:40:00-04:00,1.1090961461860949,TP,0.00018,3.0,2.4738,2473.76
2025-04-06 18:15:00-04:00,LONG,Breakout,1.0973,1.0959357074361833,1.10139287769145,2025-04-06 20:05:00-04:00,1.0959357074361833,SL,0.00033,-1.0,-1.2419,-1241.88
2025-04-07 10:25:00-04:00,LONG,Bounce,1.0949200000000001,1.093122105820999,1.1003136825370035,2025-04-07 10:45:00-04:00,1.093122105820999,SL,0.00016,-1.0,-1.089,-1088.99
2025-04-07 20:00:00-04:00,LONG,Breakout,1.09227,1.091702353452579,1.0939729396422635,2025-04-07 20:35:00-04:00,1.0939729396422635,TP,0.00018,3.0,2.6829,2682.9
2025-04-08 01:35:00-04:00,LONG,Bounce,1.09621,1.0959300522857613,1.0970498431427156,2025-04-08 01:40:00-04:00,1.0959300522857613,SL,0.00018,-1.0,-1.643,-1642.98
2025-04-08 02:00:00-04:00,LONG,Bounce,1.09707,1.0959102478902711,1.1005492563291865,2025-04-08 03:20:00-04:00,1.0959102478902711,SL,0.00018,-1.0,-1.1552,-1155.21
2025-04-08 20:15:00-04:00,LONG,Breakout,1.09787,1.0975871810534088,1.0987184568397732,2025-04-08 20:20:00-04:00,1.0987184568397732,TP,0.00018,3.0,2.3636,2363.55
2025-04-09 20:20:00-04:00,LONG,Breakout,1.09632,1.0959982934790335,1.0972851195628992,2025-04-09 20:35:00-04:00,1.0972851195628992,TP,0.00018,3.0,2.4405,2440.48
2025-04-09 22:35:00-04:00,LONG,Retest,1.0964,1.0960128708409151,1.0975613874772547,2025-04-09 23:00:00-04:00,1.0975613874772547,TP,0.000178,3.0,2.5402,2540.21
2025-04-10 03:30:00-04:00,LONG,Breakout,1.10016,1.0992492514401146,1.1028922456796562,2025-04-10 03:55:00-04:00,1.1028922456796562,TP,0.00017,3.0,2.8133,2813.34
2025-04-10 18:30:00-04:00,LONG,Breakout,1.12093,1.1205888541376994,1.1219534375869018,2025-04-10 18:35:00-04:00,1.1205888541376994,SL,0.00033,-1.0,-1.9673,-1967.33
2025-04-11 09:40:00-04:00,LONG,Breakout,1.13807,1.136635843158775,1.1423724705236744,2025-04-11 09:45:00-04:00,1.136635843158775,SL,0.00016,-1.0,-1.1116,-1111.56
2025-04-13 20:05:00-04:00,LONG,Breakout,1.13599,1.1351879974917618,1.1383960075247148,2025-04-13 20:25:00-04:00,1.1351879974917618,SL,0.00018,-1.0,-1.2244,-1224.44
2025-04-13 20:55:00-04:00,LONG,Breakout,1.13648,1.1351758907426348,1.1403923277720953,2025-04-13 21:35:00-04:00,1.1403923277720953,TP,0.00018,3.0,2.862,2861.97
2025-04-14 02:05:00-04:00,LONG,Breakout,1.13929,1.138238259298013,1.142445222105961,2025-04-14 04:40:00-04:00,1.138238259298013,SL,0.00018,-1.0,-1.1711,-1171.14
2025-04-15 00:30:00-04:00,LONG,Breakout,1.13557,1.1351481721046972,1.1368354836859083,2025-04-15 01:50:00-04:00,1.1351481721046972,SL,0.00018,-1.0,-1.4267,-1426.71
2025-04-15 04:00:00-04:00,LONG,Breakout,1.13767,1.1365264307162568,1.1411007078512294,2025-04-15 04:05:00-04:00,1.1365264307162568,SL,0.00017,-1.0,-1.1487,-1148.66
2025-04-15 18:05:00-04:00,LONG,Breakout,1.12919,1.1287719478574796,1.130444156427561,2025-04-15 18:20:00-04:00,1.1287719478574796,SL,0.000232,-1.0,-1.555,-1554.95
2025-04-15 20:05:00-04:00,LONG,Breakout,1.13012,1.1297424192952314,1.1312527421143057,2025-04-15 20:10:00-04:00,1.1312527421143057,TP,0.00018,3.0,2.5233,2523.28
2025-04-16 13:30:00-04:00,LONG,Bounce,1.13817,1.1354864388085226,1.1462206835744317,2025-04-16 21:30:00-04:00,1.1354864388085226,SL,0.00018,-1.0,-1.0671,-1067.08
2025-04-18 10:45:00-04:00,LONG,Breakout,1.13884,1.138557680342929,1.1396869589712135,2025-04-18 10:55:00-04:00,1.1396869589712135,TP,0.00016,3.0,2.4333,2433.27
2025-04-18 11:10:00-04:00,LONG,Retest,1.13889,1.138542290343248,1.1399331289702557,2025-04-20 17:15:00-04:00,1.1399331289702557,TP,0.00016,3.0,2.5398,2539.85
2025-04-20 17:25:00-04:00,LONG,Breakout,1.14081,1.1394855230650591,1.144783430804823,2025-04-20 17:35:00-04:00,1.1394855230650591,SL,0.0004,-1.0,-1.302,-1302.01
2025-04-20 22:25:00-04:00,LONG,Breakout,1.15119,1.1483296924871487,1.1597709225385537,2025-04-21 11:05:00-04:00,1.1483296924871487,SL,0.0002,-1.0,-1.0699,-1069.92
2025-04-21 23:00:00-04:00,LONG,Breakout,1.15356,1.1522913413523304,1.1573659759430086,2025-04-22 01:05:00-04:00,1.1522913413523304,SL,0.0002,-1.0,-1.1576,-1157.65
2025-04-22 01:25:00-04:00,LONG,Breakout,1.15461,1.1538687903564546,1.1568336289306358,2025-04-22 01:30:00-04:00,1.1538687903564546,SL,0.0002,-1.0,-1.2698,-1269.83
2025-04-22 01:45:00-04:00,LONG,Breakout,1.15418,1.1538379754105244,1.1552060737684269,2025-04-22 01:50:00-04:00,1.1538379754105244,SL,0.0002,-1.0,-1.5848,-1584.75
2025-04-22 01:55:00-04:00,LONG,Breakout,1.15415,1.1538376216549928,1.1550871350350216,2025-04-22 02:00:00-04:00,1.1538376216549928,SL,0.0002,-1.0,-1.6402,-1640.25
2025-04-22 08:00:00-04:00,LONG,Bounce,1.14884,1.1485416345982191,1.149735096205343,2025-04-22 08:05:00-04:00,1.1485416345982191,SL,0.00018,-1.0,-1.6033,-1603.29
2025-04-23 01:50:00-04:00,LONG,Bounce,1.13787,1.1368702955649836,1.1408691133050488,2025-04-23 03:30:00-04:00,1.1408691133050488,TP,0.00018,3.0,2.8199,2819.95
2025-04-23 18:05:00-04:00,LONG,Breakout,1.13376,1.1329969655524343,1.1360491033426974,2025-04-23 19:00:00-04:00,1.1329969655524343,SL,0.000298,-1.0,-1.3905,-1390.55
2025-04-23 21:15:00-04:00,LONG,Breakout,1.13473,1.134416638158458,1.1356700855246262,2025-04-23 23:10:00-04:00,1.134416638158458,SL,0.00018,-1.0,-1.5744,-1574.42
2025-04-24 03:00:00-04:00,LONG,Breakout,1.13588,1.135556205957054,1.1368513821288377,2025-04-24 03:05:00-04:00,1.135556205957054,SL,0.00017,-1.0,-1.525,-1525.03
2025-04-24 08:30:00-04:00,LONG,Bounce,1.13673,1.1361070553956114,1.1385988338131658,2025-04-24 10:10:00-04:00,1.1385988338131658,TP,0.00016,3.0,2.7432,2743.16
2025-04-24 10:55:00-04:00,LONG,Bounce,1.13717,1.1360966525178853,1.1403900424463442,2025-04-24 11:15:00-04:00,1.1360966525178853,SL,0.00016,-1.0,-1.1491,-1149.07
2025-04-25 02:30:00-04:00,LONG,Breakout,1.13477,1.1339706704771149,1.1371679885686556,2025-04-25 04:45:00-04:00,1.1339706704771149,SL,0.00017,-1.0,-1.2127,-1212.68
2025-04-25 09:05:00-04:00,LONG,Bounce,1.13498,1.1343827721940336,1.1367716834178996,2025-04-25 09:15:00-04:00,1.1343827721940336,SL,0.00016,-1.0,-1.2679,-1267.9
2025-04-25 10:10:00-04:00,LONG,Breakout,1.13638,1.1358497495374045,1.1379707513877864,2025-04-25 10:15:00-04:00,1.1358497495374045,SL,0.00016,-1.0,-1.3017,-1301.74
2025-04-25 11:20:00-04:00,LONG,Retest,1.13633,1.1358492383995953,1.1377722848012144,2025-04-25 11:45:00-04:00,1.1377722848012144,TP,0.00016,3.0,2.6672,2667.19
2025-04-28 00:50:00-04:00,LONG,Breakout,1.13692,1.1365274618485515,1.1380976144543453,2025-04-28 02:25:00-04:00,1.1365274618485515,SL,0.00018,-1.0,-1.4586,-1458.55
2025-04-28 08:15:00-04:00,LONG,Breakout,1.1364,1.1358368821906768,1.13808935342797,2025-04-28 08:40:00-04:00,1.1358368821906768,SL,0.00016,-1.0,-1.2841,-1284.13
2025-04-28 20:50:00-04:00,LONG,Bounce,1.14022,1.1398911323000323,1.1412066030999033,2025-04-28 20:55:00-04:00,1.1398911323000323,SL,0.00018,-1.0,-1.5473,-1547.33
2025-04-28 22:10:00-04:00,LONG,Breakout,1.14186,1.141400101134318,1.1432396965970464,2025-04-28 22:15:00-04:00,1.141400101134318,SL,0.00018,-1.0,-1.3914,-1391.39
2025-04-29 14:10:00-04:00,LONG,Bounce,1.13828,1.1377019695328692,1.1400140914013923,2025-04-29 14:15:00-04:00,1.1377019695328692,SL,0.00018,-1.0,-1.3114,-1311.4
2025-04-30 02:10:00-04:00,LONG,Bounce,1.13726,1.1364780907716934,1.1396057276849196,2025-04-30 02:35:00-04:00,1.1396057276849196,TP,0.00018,3.0,2.7698,2769.79
2025-04-30 08:20:00-04:00,LONG,Breakout,1.13815,1.1377787783554185,1.1392636649337444,2025-04-30 08:25:00-04:00,1.1377787783554185,SL,0.00016,-1.0,-1.431,-1431.01
2025-04-30 16:00:00-04:00,LONG,Bounce,1.13279,1.1321489227372734,1.1347132317881796,2025-04-30 16:05:00-04:00,1.1321489227372734,SL,0.00033,-1.0,-1.5148,-1514.76
2025-05-05 02:00:00-04:00,LONG,Bounce,1.13311,1.1326972413017364,1.134348276094791,2025-05-05 02:20:00-04:00,1.1326972413017364,SL,0.00018,-1.0,-1.4361,-1436.09
2025-05-05 02:20:00-04:00,LONG,Bounce,1.13292,1.1326869219809168,1.1336192340572493,2025-05-05 02:25:00-04:00,1.1326869219809168,SL,0.00018,-1.0,-1.7723,-1772.27
2025-05-05 08:25:00-04:00,LONG,Breakout,1.13578,1.1355534877209619,1.1364595368371144,2025-05-05 08:30:00-04:00,1.1355534877209619,SL,0.00016,-1.0,-1.7064,-1706.36
2025-05-05 09:10:00-04:00,LONG,Retest,1.13607,1.1355548785052545,1.1376153644842362,2025-05-05 09:25:00-04:00,1.1355548785052545,SL,0.00016,-1.0,-1.3106,-1310.61
2025-05-05 10:00:00-04:00,LONG,Bounce,1.13447,1.1337860093939367,1.1365219718181903,2025-05-05 10:30:00-04:00,1.1337860093939367,SL,0.00016,-1.0,-1.2339,-1233.92
2025-05-05 14:50:00-04:00,LONG,Breakout,1.13113,1.1309738399742306,1.131598480077308,2025-05-05 15:05:00-04:00,1.131598480077308,TP,0.000178,3.0,1.8601,1860.14
2025-05-06 02:35:00-04:00,LONG,Breakout,1.13293,1.1325821469177624,1.1339735592467128,2025-05-06 02:55:00-04:00,1.1325821469177624,SL,0.00017,-1.0,-1.4887,-1488.71
2025-05-06 03:00:00-04:00,LONG,Breakout,1.13309,1.1325709752624218,1.1346470742127344,2025-05-06 03:10:00-04:00,1.1325709752624218,SL,0.00017,-1.0,-1.3275,-1327.54
2025-05-06 03:20:00-04:00,LONG,Breakout,1.1333199999999999,1.132558633758591,1.1356040987242269,2025-05-06 04:05:00-04:00,1.132558633758591,SL,0.00017,-1.0,-1.2233,-1223.28
2025-05-06 04:10:00-04:00,LONG,Retest,1.13425,1.1325304520458779,1.1394086438623663,2025-05-06 04:55:00-04:00,1.1325304520458779,SL,0.00017,-1.0,-1.0989,-1098.86
2025-05-06 20:25:00-04:00,LONG,Bounce,1.13299,1.132331848853921,1.134964453438237,2025-05-06 21:10:00-04:00,1.134964453438237,TP,0.00018,3.0,2.7265,2726.51
2025-05-07 01:10:00-04:00,LONG,Breakout,1.1352,1.1349965488970415,1.1358103533088755,2025-05-07 01:45:00-04:00,1.1358103533088755,TP,0.000178,3.0,2.1251,2125.1
2025-05-07 14:10:00-04:00,LONG,Breakout,1.13571,1.1352098932842651,1.1372103201472046,2025-05-07 14:15:00-04:00,1.1352098932842651,SL,0.00018,-1.0,-1.3599,-1359.92
2025-05-07 14:35:00-04:00,LONG,Breakout,1.13563,1.1351867829163345,1.1369596512509963,2025-05-07 14:40:00-04:00,1.1351867829163345,SL,0.00018,-1.0,-1.4061,-1406.12
2025-05-07 20:20:00-04:00,LONG,Breakout,1.13164,1.1313994876895772,1.1323615369312683,2025-05-07 20:25:00-04:00,1.1313994876895772,SL,0.00018,-1.0,-1.7484,-1748.4
2025-05-07 20:45:00-04:00,LONG,Breakout,1.1317300000000001,1.1313921928971675,1.132743421308498,2025-05-07 20:55:00-04:00,1.1313921928971675,SL,0.00018,-1.0,-1.5328,-1532.85
2025-05-07 21:10:00-04:00,LONG,Breakout,1.13195,1.1313748311220175,1.1336755066339474,2025-05-07 21:20:00-04:00,1.1313748311220175,SL,0.00018,-1.0,-1.313,-1312.95
2025-05-07 21:50:00-04:00,LONG,Breakout,1.13274,1.1320237319691688,1.1348888040924938,2025-05-08 00:50:00-04:00,1.1320237319691688,SL,0.00018,-1.0,-1.2513,-1251.3
2025-05-12 01:10:00-04:00,SHORT,Breakout,1.12235,1.122481021380018,1.1219569358599457,2025-05-12 01:15:00-04:00,1.1219569358599457,TP,0.00018,3.0,1.6262,1626.18
2025-05-12 02:30:00-04:00,SHORT,Bounce,1.12272,1.1234790264379373,1.120442920686188,2025-05-12 03:00:00-04:00,1.120442920686188,TP,0.00017,3.0,2.776,2776.03
2025-05-12 03:00:00-04:00,SHORT,Breakout,1.11822,1.1214343731417014,1.108576880574896,2025-05-12 04:10:00-04:00,1.108576880574896,TP,0.00017,3.0,2.9471,2947.11
2025-05-13 01:55:00-04:00,SHORT,Bounce,1.1109499999999999,1.1117264438049472,1.1086206685851578,2025-05-13 02:55:00-04:00,1.1117264438049472,SL,0.00018,-1.0,-1.2318,-1231.83
2025-05-13 06:05:00-04:00,SHORT,Breakout,1.10994,1.1102742158285905,1.108937352514228,2025-05-13 06:20:00-04:00,1.1102742158285905,SL,0.00017,-1.0,-1.5087,-1508.65
2025-05-13 08:30:00-04:00,SHORT,Bounce,1.11121,1.1125050720249856,1.1073247839250433,2025-05-13 08:40:00-04:00,1.1125050720249856,SL,0.00016,-1.0,-1.1235,-1123.55
2025-05-13 20:30:00-04:00,SHORT,Bounce,1.11917,1.1197398026101528,1.1174605921695415,2025-05-14 00:00:00-04:00,1.1197398026101528,SL,0.00018,-1.0,-1.3159,-1315.9
2025-05-14 12:40:00-04:00,SHORT,Breakout,1.11852,1.1198091915425314,1.1146524253724055,2025-05-14 21:25:00-04:00,1.1198091915425314,SL,0.00018,-1.0,-1.1396,-1139.62
2025-05-15 01:35:00-04:00,SHORT,Breakout,1.11864,1.1188572265840657,1.1179883202478031,2025-05-15 01:45:00-04:00,1.1188572265840657,SL,0.00018,-1.0,-1.8286,-1828.63
2025-05-15 07:05:00-04:00,SHORT,Breakout,1.1192,1.1198305345447082,1.1173083963658754,2025-05-15 08:30:00-04:00,1.1198305345447082,SL,0.00016,-1.0,-1.2538,-1253.75
2025-05-15 18:35:00-04:00,SHORT,Bounce,1.11882,1.1189320887271832,1.1184837338184501,2025-05-15 18:40:00-04:00,1.1189320887271832,SL,0.000196,-1.0,-2.7486,-2748.61
2025-05-16 05:55:00-04:00,SHORT,Breakout,1.11939,1.1197143582835258,1.118416925149423,2025-05-16 06:55:00-04:00,1.1197143582835258,SL,0.00017,-1.0,-1.5241,-1524.11
2025-05-16 10:00:00-04:00,SHORT,Breakout,1.11879,1.119063750726983,1.117968747819051,2025-05-16 10:05:00-04:00,1.119063750726983,SL,0.00016,-1.0,-1.5845,-1584.47
2025-05-16 10:10:00-04:00,SHORT,Breakout,1.1186099999999999,1.1190659483309189,1.1172421550072429,2025-05-16 10:35:00-04:00,1.1172421550072429,TP,0.00016,3.0,2.6491,2649.08
2025-05-19 20:20:00-04:00,SHORT,Breakout,1.12227,1.1223624909621428,1.121992527113572,2025-05-19 20:30:00-04:00,1.121992527113572,TP,0.00018,3.0,1.0539,1053.86
2025-05-21 02:15:00-04:00,LONG,Breakout,1.13424,1.133780675356249,1.1356179739312529,2025-05-21 02:40:00-04:00,1.133780675356249,SL,0.00018,-1.0,-1.3919,-1391.88
2025-05-21 10:05:00-04:00,LONG,Breakout,1.13463,1.1336732592249685,1.1375002223250945,2025-05-21 10:15:00-04:00,1.1336732592249685,SL,0.00016,-1.0,-1.1672,-1167.23
2025-05-21 10:35:00-04:00,LONG,Retest,1.13427,1.133669157760639,1.1360725267180825,2025-05-21 11:20:00-04:00,1.133669157760639,SL,0.00016,-1.0,-1.2663,-1266.29
2025-05-21 13:20:00-04:00,LONG,Breakout,1.13584,1.1350417293668393,1.1382348118994818,2025-05-21 13:30:00-04:00,1.1350417293668393,SL,0.00018,-1.0,-1.2255,-1225.49
2025-05-22 02:00:00-04:00,LONG,Breakout,1.13369,1.1332897431817979,1.1348907704546067,2025-05-22 02:25:00-04:00,1.1332897431817979,SL,0.00018,-1.0,-1.4497,-1449.71
2025-05-22 19:00:00-04:00,LONG,Breakout,1.12863,1.128453553221148,1.1291593403365563,2025-05-22 19:20:00-04:00,1.128453553221148,SL,0.00018,-1.0,-2.0201,-2020.14
2025-05-22 20:20:00-04:00,LONG,Breakout,1.12903,1.1287775383509222,1.1297873849472333,2025-05-22 20:50:00-04:00,1.1297873849472333,TP,0.00018,3.0,2.287,2287.02
2025-05-23 00:35:00-04:00,LONG,Breakout,1.13189,1.131607398127323,1.1327378056180315,2025-05-23 00:55:00-04:00,1.131607398127323,SL,0.000178,-1.0,-1.6299,-1629.86
2025-05-23 01:15:00-04:00,LONG,Retest,1.13195,1.1316143112024535,1.1329570663926396,2025-05-23 01:30:00-04:00,1.1316143112024535,SL,0.000178,-1.0,-1.5303,-1530.25
2025-05-23 01:55:00-04:00,LONG,Breakout,1.13222,1.1315925284553552,1.1341024146339345,2025-05-23 02:20:00-04:00,1.1315925284553552,SL,0.00018,-1.0,-1.2869,-1286.87
2025-05-23 02:20:00-04:00,LONG,Breakout,1.1318,1.1315810084149724,1.1324569747550823,2025-05-23 02:25:00-04:00,1.1315810084149724,SL,0.00018,-1.0,-1.8219,-1821.95
2025-05-23 03:20:00-04:00,LONG,Breakout,1.13346,1.1325067849467587,1.1363196451597235,2025-05-23 07:20:00-04:00,1.1363196451597235,TP,0.00017,3.0,2.8217,2821.66
2025-05-23 07:20:00-04:00,LONG,Breakout,1.13597,1.1355776836360216,1.1371469490919348,2025-05-23 07:25:00-04:00,1.1355776836360216,SL,0.00016,-1.0,-1.4078,-1407.83
2025-05-23 07:30:00-04:00,LONG,Breakout,1.1362700000000001,1.1355699312984064,1.1383702061047811,2025-05-23 07:40:00-04:00,1.1355699312984064,SL,0.00016,-1.0,-1.2285,-1228.55
2025-05-25 18:05:00-04:00,LONG,Breakout,1.13684,1.1366096821600353,1.1375309535198943,2025-05-25 18:10:00-04:00,1.1375309535198943,TP,0.000258,3.0,1.8798,1879.81
2025-05-25 18:25:00-04:00,LONG,Breakout,1.13739,1.1365758668828814,1.1398323993513555,2025-05-25 21:20:00-04:00,1.1398323993513555,TP,0.000308,3.0,2.6217,2621.68
2025-05-26 01:50:00-04:00,LONG,Breakout,1.1414,1.1411732242471626,1.142080327258512,2025-05-26 02:00:00-04:00,1.1411732242471626,SL,0.00018,-1.0,-1.7937,-1793.74
2025-05-26 02:10:00-04:00,LONG,Breakout,1.14136,1.1411654582914206,1.141943625125738,2025-05-26 02:15:00-04:00,1.1411654582914206,SL,0.000168,-1.0,-1.8636,-1863.57
2025-05-26 02:20:00-04:00,LONG,Breakout,1.14161,1.1411610023022962,1.1429569930931114,2025-05-26 02:25:00-04:00,1.1411610023022962,SL,0.00018,-1.0,-1.4009,-1400.89
2025-05-26 07:55:00-04:00,LONG,Bounce,1.13764,1.13742852964233,1.1382744110730096,2025-05-26 08:15:00-04:00,1.13742852964233,SL,0.00016,-1.0,-1.7566,-1756.61
2025-05-26 15:55:00-04:00,LONG,Breakout,1.13842,1.138310838271163,1.1387474851865107,2025-05-26 16:00:00-04:00,1.138310838271163,SL,0.000176,-1.0,-2.6123,-2612.29
2025-05-26 16:20:00-04:00,LONG,Retest,1.13841,1.1383092963612909,1.1387121109161271,2025-05-26 16:25:00-04:00,1.1383092963612909,SL,0.000172,-1.0,-2.708,-2707.98
2025-05-26 18:00:00-04:00,LONG,Breakout,1.13917,1.1386402937206883,1.1407591188379351,2025-05-26 19:25:00-04:00,1.1386402937206883,SL,0.000262,-1.0,-1.4946,-1494.61
2025-05-26 20:05:00-04:00,LONG,Breakout,1.1398,1.1392728806437702,1.1413813580686891,2025-05-26 21:45:00-04:00,1.1392728806437702,SL,0.00018,-1.0,-1.3415,-1341.48
2025-05-27 08:20:00-04:00,LONG,Breakout,1.13618,1.1356223090894004,1.1378530727317986,2025-05-27 09:45:00-04:00,1.1356223090894004,SL,0.00016,-1.0,-1.2869,-1286.9
2025-05-27 20:05:00-04:00,LONG,Breakout,1.13386,1.1337745037341853,1.1341164887974444,2025-05-27 20:10:00-04:00,1.1337745037341853,SL,0.00018,-1.0,-3.1054,-3105.36
2025-05-27 20:10:00-04:00,LONG,Retest,1.1339,1.1337748963246006,1.1342753110261978,2025-05-27 20:25:00-04:00,1.1342753110261978,TP,0.00018,3.0,1.5612,1561.19
2025-05-29 01:35:00-04:00,SHORT,Breakout,1.12412,1.124408426076738,1.1232547217697861,2025-05-29 01:50:00-04:00,1.1232547217697861,TP,0.00018,3.0,2.3759,2375.92
2025-05-30 07:50:00-04:00,LONG,Bounce,1.13286,1.1322930333182752,1.1345609000451742,2025-05-30 08:10:00-04:00,1.1345609000451742,TP,0.00016,3.0,2.7178,2717.8
2025-06-01 20:10:00-04:00,LONG,Breakout,1.13696,1.1365721954382655,1.1381234136852034,2025-06-01 20:35:00-04:00,1.1365721954382655,SL,0.00018,-1.0,-1.4642,-1464.15
2025-06-01 20:50:00-04:00,LONG,Breakout,1.13731,1.1365701660626972,1.1395295018119085,2025-06-01 22:25:00-04:00,1.1365701660626972,SL,0.00018,-1.0,-1.2433,-1243.3
2025-06-02 02:15:00-04:00,LONG,Breakout,1.1387,1.138036665751082,1.140690002746754,2025-06-02 03:05:00-04:00,1.140690002746754,TP,0.00018,3.0,2.7286,2728.64
2025-06-02 10:00:00-04:00,LONG,Breakout,1.1435,1.1426827228090033,1.14595183157299,2025-06-02 11:35:00-04:00,1.1426827228090033,SL,0.000176,-1.0,-1.2153,-1215.35
2025-06-02 19:00:00-04:00,LONG,Breakout,1.1446399999999999,1.1444933982886278,1.145079805134116,2025-06-02 19:25:00-04:00,1.145079805134116,TP,0.000186,3.0,1.7313,1731.26
2025-06-02 21:05:00-04:00,LONG,Bounce,1.14367,1.1435243069221739,1.1441070792334782,2025-06-02 21:10:00-04:00,1.1435243069221739,SL,0.000194,-1.0,-2.3316,-2331.57
2025-06-03 02:10:00-04:00,LONG,Bounce,1.14177,1.1414175109990043,1.1428274670029868,2025-06-03 02:20:00-04:00,1.1428274670029868,TP,0.00018,3.0,2.4893,2489.35
2025-06-03 02:20:00-04:00,LONG,Breakout,1.14277,1.1425991906062842,1.1432824281811476,2025-06-03 02:30:00-04:00,1.1425991906062842,SL,0.00018,-1.0,-2.0538,-2053.81
2025-06-03 04:00:00-04:00,LONG,Bounce,1.14139,1.140989071981629,1.1425927840551129,2025-06-03 04:10:00-04:00,1.140989071981629,SL,0.00017,-1.0,-1.424,-1424.02
2025-06-03 06:30:00-04:00,LONG,Bounce,1.14044,1.139966954812851,1.1418591355614465,2025-06-03 06:50:00-04:00,1.139966954812851,SL,0.00017,-1.0,-1.3594,-1359.37
2025-06-03 10:00:00-04:00,LONG,Bounce,1.13831,1.1374926189519805,1.1407621431440582,2025-06-03 10:05:00-04:00,1.1374926189519805,SL,0.00016,-1.0,-1.1957,-1195.75
2025-06-03 21:35:00-04:00,LONG,Breakout,1.13913,1.138774262042965,1.1401972138711047,2025-06-03 21:40:00-04:00,1.138774262042965,SL,0.00018,-1.0,-1.506,-1505.99
2025-06-04 08:15:00-04:00,LONG,Breakout,1.14004,1.1385560086765536,1.144491973970339,2025-06-05 08:30:00-04:00,1.144491973970339,TP,0.00016,3.0,2.8922,2892.18
2025-06-05 08:30:00-04:00,LONG,Breakout,1.14409,1.1430321467584115,1.1472635597247658,2025-06-05 08:45:00-04:00,1.1430321467584115,SL,0.00018,-1.0,-1.1702,-1170.16
2025-06-05 09:05:00-04:00,LONG,Breakout,1.1444,1.1429902369268616,1.1486292892194154,2025-06-05 09:25:00-04:00,1.1486292892194154,TP,0.000176,3.0,2.8752,2875.16
2025-06-08 18:20:00-04:00,LONG,Breakout,1.14025,1.140086843230018,1.140739470309946,2025-06-08 19:00:00-04:00,1.140739470309946,TP,0.000214,3.0,1.6884,1688.38
2025-06-08 21:45:00-04:00,LONG,Breakout,1.14137,1.1409994447027456,1.1424816658917631,2025-06-09 02:45:00-04:00,1.1424816658917631,TP,0.000174,3.0,2.5304,2530.43
2025-06-09 02:45:00-04:00,LONG,Breakout,1.14263,1.142401146772169,1.1433165596834929,2025-06-09 03:00:00-04:00,1.142401146772169,SL,0.00017,-1.0,-1.7428,-1742.83
2025-06-09 04:30:00-04:00,LONG,Retest,1.14274,1.1423882112352832,1.1437953662941507,2025-06-09 05:20:00-04:00,1.1437953662941507,TP,0.00017,3.0,2.5168,2516.76
2025-06-09 14:25:00-04:00,LONG,Breakout,1.14285,1.1424134016490404,1.1441597950528786,2025-06-09 15:00:00-04:00,1.1424134016490404,SL,0.000172,-1.0,-1.394,-1393.95
2025-06-10 01:20:00-04:00,LONG,Breakout,1.14055,1.1403540283089486,1.141137915073154,2025-06-10 01:25:00-04:00,1.1403540283089486,SL,0.00018,-1.0,-1.9185,-1918.5
2025-06-10 01:30:00-04:00,LONG,Breakout,1.1412,1.140344116245981,1.1437676512620567,2025-06-10 01:40:00-04:00,1.140344116245981,SL,0.00018,-1.0,-1.2103,-1210.31
2025-06-10 01:50:00-04:00,LONG,Breakout,1.14052,1.140332169411221,1.141083491766337,2025-06-10 01:55:00-04:00,1.140332169411221,SL,0.00018,-1.0,-1.9583,-1958.31
2025-06-10 02:05:00-04:00,LONG,Breakout,1.14071,1.1403285780599317,1.1418542658202044,2025-06-10 02:40:00-04:00,1.1403285780599317,SL,0.00018,-1.0,-1.4719,-1471.92
2025-06-10 19:40:00-04:00,LONG,Breakout,1.14367,1.143494645046794,1.144196064859618,2025-06-10 19:55:00-04:00,1.143494645046794,SL,0.000182,-1.0,-2.0379,-2037.89
2025-06-11 01:45:00-04:00,LONG,Breakout,1.1418,1.1416778509964065,1.1421664470107802,2025-06-11 01:50:00-04:00,1.1421664470107802,TP,0.00018,3.0,1.5264,1526.39
2025-06-11 08:30:00-04:00,LONG,Breakout,1.14761,1.144345869321599,1.1574023920352028,2025-06-12 05:50:00-04:00,1.1574023920352028,TP,0.00018,3.0,2.9449,2944.86
2025-06-12 08:30:00-04:00,LONG,Breakout,1.162,1.160801587334108,1.1655952379976757,2025-06-12 09:05:00-04:00,1.160801587334108,SL,0.00018,-1.0,-1.1502,-1150.2
2025-06-13 02:05:00-04:00,LONG,Breakout,1.154,1.1535022574597187,1.1554932276208436,2025-06-13 02:10:00-04:00,1.1535022574597187,SL,0.0002,-1.0,-1.4018,-1401.81
2025-06-13 03:00:00-04:00,LONG,Breakout,1.15479,1.1543860823096108,1.1560017530711675,2025-06-13 03:20:00-04:00,1.1543860823096108,SL,0.00019,-1.0,-1.4704,-1470.39
2025-06-16 01:00:00-04:00,LONG,Breakout,1.15391,1.15346418216525,1.1552474535042498,2025-06-16 01:20:00-04:00,1.1552474535042498,TP,0.00019,3.0,2.5738,2573.82
2025-06-16 02:50:00-04:00,LONG,Breakout,1.15694,1.1560381438885625,1.1596455683343128,2025-06-16 09:05:00-04:00,1.1596455683343128,TP,0.00019,3.0,2.7893,2789.32
2025-06-16 19:55:00-04:00,LONG,Bounce,1.15531,1.155188596704299,1.1556742098871033,2025-06-16 20:00:00-04:00,1.155188596704299,SL,0.000194,-1.0,-2.598,-2597.98
2025-06-17 02:20:00-04:00,LONG,Breakout,1.15672,1.156542253858497,1.1572532384245087,2025-06-17 02:25:00-04:00,1.156542253858497,SL,0.0002,-1.0,-2.1252,-2125.2
2025-06-17 02:40:00-04:00,LONG,Breakout,1.15685,1.156539909216278,1.1577802723511657,2025-06-17 02:50:00-04:00,1.156539909216278,SL,0.000188,-1.0,-1.6063,-1606.27
2025-06-17 20:05:00-04:00,LONG,Breakout,1.1485,1.1482209883808845,1.1493370348573468,2025-06-17 20:15:00-04:00,1.1482209883808845,SL,0.0002,-1.0,-1.7168,-1716.82
2025-06-17 20:25:00-04:00,LONG,Retest,1.14859,1.14821779974871,1.14970660075387,2025-06-17 21:20:00-04:00,1.14970660075387,TP,0.000198,3.0,2.468,2468.03
2025-06-18 00:55:00-04:00,LONG,Breakout,1.15046,1.1503475663022644,1.1507973010932069,2025-06-18 01:00:00-04:00,1.1503475663022644,SL,0.000196,-1.0,-2.7432,-2743.25
2025-06-18 02:20:00-04:00,LONG,Breakout,1.1513,1.150626183920587,1.1533214482382392,2025-06-18 02:45:00-04:00,1.150626183920587,SL,0.0002,-1.0,-1.2968,-1296.82
2025-06-18 10:00:00-04:00,LONG,Breakout,1.15182,1.1514471828156103,1.1529384515531693,2025-06-18 10:05:00-04:00,1.1514471828156103,SL,0.00018,-1.0,-1.4828,-1482.81
2025-06-19 01:50:00-04:00,LONG,Bounce,1.14529,1.14486618053413,1.1465614583976096,2025-06-19 02:30:00-04:00,1.14486618053413,SL,0.0002,-1.0,-1.4719,-1471.9
2025-06-19 03:20:00-04:00,LONG,Breakout,1.14701,1.146751162142994,1.1477865135710184,2025-06-19 03:30:00-04:00,1.146751162142994,SL,0.00019,-1.0,-1.7341,-1734.05
2025-06-19 03:35:00-04:00,LONG,Breakout,1.1471,1.1467428029257134,1.1481715912228598,2025-06-19 03:40:00-04:00,1.1467428029257134,SL,0.00019,-1.0,-1.5319,-1531.92
2025-06-19 03:40:00-04:00,LONG,Retest,1.14704,1.1467450312881626,1.1479249061355123,2025-06-19 03:45:00-04:00,1.1467450312881626,SL,0.00019,-1.0,-1.6441,-1644.14
2025-06-19 19:05:00-04:00,LONG,Breakout,1.15001,1.1497945816207322,1.1506562551378032,2025-06-19 19:20:00-04:00,1.1506562551378032,TP,0.000192,3.0,2.1087,2108.71
2025-06-20 06:10:00-04:00,LONG,Breakout,1.15328,1.1526723347717234,1.1551029956848302,2025-06-20 06:20:00-04:00,1.1526723347717234,SL,0.00019,-1.0,-1.3127,-1312.67
2025-06-23 01:45:00-04:00,LONG,Breakout,1.15112,1.1505205886227101,1.1529182341318693,2025-06-23 02:05:00-04:00,1.1505205886227101,SL,0.0002,-1.0,-1.3337,-1333.66
2025-06-23 09:35:00-04:00,LONG,Breakout,1.14833,1.1476114634807038,1.150485609557889,2025-06-23 10:00:00-04:00,1.150485609557889,TP,0.00018,3.0,2.7495,2749.49
2025-06-23 18:05:00-04:00,LONG,Breakout,1.15915,1.1579935999964281,1.1626192000107152,2025-06-24 03:50:00-04:00,1.1579935999964281,SL,0.000326,-1.0,-1.2819,-1281.91
2025-06-24 08:30:00-04:00,LONG,Bounce,1.16033,1.1592244395479168,1.16364668135625,2025-06-24 09:10:00-04:00,1.1592244395479168,SL,0.00018,-1.0,-1.1628,-1162.81
2025-06-24 10:20:00-04:00,LONG,Breakout,1.16291,1.161270635489454,1.1678280935316385,2025-06-24 10:55:00-04:00,1.161270635489454,SL,0.00018,-1.0,-1.1098,-1109.8
2025-06-24 12:25:00-04:00,LONG,Retest,1.16159,1.1612937630874847,1.1624787107375456,2025-06-24 13:10:00-04:00,1.1624787107375456,TP,0.0002,3.0,2.3249,2324.86
2025-06-25 08:30:00-04:00,LONG,Bounce,1.15951,1.159028258805015,1.1609552235849554,2025-06-25 08:45:00-04:00,1.159028258805015,SL,0.00018,-1.0,-1.3736,-1373.64
2025-06-25 19:00:00-04:00,LONG,Breakout,1.16678,1.1663599850551094,1.1680400448346715,2025-06-25 19:50:00-04:00,1.1680400448346715,TP,0.000188,3.0,2.5524,2552.4
2025-06-25 22:50:00-04:00,LONG,Breakout,1.16917,1.168758303565285,1.1704050893041449,2025-06-25 22:55:00-04:00,1.168758303565285,SL,0.0002,-1.0,-1.4858,-1485.79
2025-06-26 02:15:00-04:00,LONG,Bounce,1.16761,1.167340297483512,1.1684191075494639,2025-06-26 02:40:00-04:00,1.1684191075494639,TP,0.0002,3.0,2.2584,2258.44
2025-06-26 04:05:00-04:00,LONG,Breakout,1.17217,1.17153403571516,1.1740778928545197,2025-06-26 04:35:00-04:00,1.1740778928545197,TP,0.00019,3.0,2.7012,2701.24
2025-06-26 19:30:00-04:00,LONG,Bounce,1.1692,1.1688583825772754,1.170224852268174,2025-06-26 19:55:00-04:00,1.1688583825772754,SL,0.0002,-1.0,-1.5855,-1585.45
2025-06-26 21:50:00-04:00,LONG,Breakout,1.17023,1.1696430460916767,1.1719908617249704,2025-06-26 22:30:00-04:00,1.1696430460916767,SL,0.0002,-1.0,-1.3407,-1340.74
2025-06-26 22:40:00-04:00,LONG,Bounce,1.1694,1.168380947801653,1.1724571565950412,2025-06-27 00:55:00-04:00,1.168380947801653,SL,0.0002,-1.0,-1.1963,-1196.26
2025-06-27 01:40:00-04:00,LONG,Bounce,1.16902,1.1683960378969287,1.1708918863092137,2025-06-27 02:05:00-04:00,1.1683960378969287,SL,0.000196,-1.0,-1.3141,-1314.12
2025-06-27 02:45:00-04:00,LONG,Breakout,1.1711,1.1707381686257172,1.1721854941228484,2025-06-27 03:10:00-04:00,1.1721854941228484,TP,0.00019,3.0,2.4749,2474.89
2025-06-27 03:55:00-04:00,LONG,Retest,1.17135,1.1707291476156025,1.173212557153192,2025-06-27 05:00:00-04:00,1.1707291476156025,SL,0.00019,-1.0,-1.306,-1306.03
2025-06-27 08:30:00-04:00,LONG,Breakout,1.17358,1.1718135570923103,1.1788793287230694,2025-06-27 09:30:00-04:00,1.1718135570923103,SL,0.00018,-1.0,-1.1019,-1101.9
2025-06-29 19:00:00-04:00,LONG,Breakout,1.17326,1.1729220667054294,1.1742737998837116,2025-06-29 19:35:00-04:00,1.1729220667054294,SL,0.000194,-1.0,-1.5741,-1574.08
2025-06-30 01:15:00-04:00,LONG,Breakout,1.17352,1.1732831302778752,1.174230609166374,2025-06-30 01:30:00-04:00,1.1732831302778752,SL,0.0002,-1.0,-1.8443,-1844.35
2025-06-30 02:50:00-04:00,LONG,Breakout,1.1742,1.173621413051608,1.1759357608451755,2025-06-30 03:00:00-04:00,1.173621413051608,SL,0.00019,-1.0,-1.3284,-1328.39
2025-06-30 04:00:00-04:00,LONG,Bounce,1.1724700000000001,1.171838924316327,1.1743632270510196,2025-06-30 04:10:00-04:00,1.171838924316327,SL,0.00019,-1.0,-1.3011,-1301.07
2025-06-30 10:20:00-04:00,LONG,Breakout,1.17349,1.1729846407973903,1.1750060776078288,2025-06-30 10:45:00-04:00,1.1750060776078288,TP,0.00018,3.0,2.6438,2643.82
2025-06-30 10:55:00-04:00,LONG,Breakout,1.17376,1.1729612474015658,1.1761562577953022,2025-06-30 11:45:00-04:00,1.1761562577953022,TP,0.00018,3.0,2.7746,2774.65
2025-06-30 14:15:00-04:00,LONG,Breakout,1.17747,1.1769990574314675,1.1788828277055976,2025-06-30 18:30:00-04:00,1.1788828277055976,TP,0.000188,3.0,2.6008,2600.8
2025-06-30 20:10:00-04:00,LONG,Breakout,1.17934,1.1789385442914129,1.1805443671257616,2025-06-30 20:20:00-04:00,1.1789385442914129,SL,0.000182,-1.0,-1.4534,-1453.35
2025-06-30 20:30:00-04:00,LONG,Breakout,1.1792,1.1789308518717994,1.180007444384602,2025-06-30 21:20:00-04:00,1.180007444384602,TP,0.000194,3.0,2.2792,2279.21
2025-07-01 02:10:00-04:00,LONG,Bounce,1.17782,1.177596542474989,1.1784903725750333,2025-07-01 02:20:00-04:00,1.177596542474989,SL,0.0002,-1.0,-1.895,-1895.02
2025-07-01 02:35:00-04:00,LONG,Bounce,1.17809,1.1775935471997645,1.1795793584007068,2025-07-01 03:00:00-04:00,1.1775935471997645,SL,0.000184,-1.0,-1.3706,-1370.63
2025-07-01 09:45:00-04:00,LONG,Bounce,1.18082,1.1803690683864119,1.1821727948407643,2025-07-01 09:50:00-04:00,1.1803690683864119,SL,0.00018,-1.0,-1.3992,-1399.17
2025-07-01 15:05:00-04:00,LONG,Breakout,1.17873,1.1782115376791384,1.180285386962585,2025-07-01 15:30:00-04:00,1.1782115376791384,SL,0.0002,-1.0,-1.3858,-1385.76
2025-07-01 20:55:00-04:00,LONG,Breakout,1.1807,1.180513122282028,1.1812606331539164,2025-07-01 21:05:00-04:00,1.180513122282028,SL,0.000192,-1.0,-2.0274,-2027.41
2025-07-02 08:20:00-04:00,LONG,Breakout,1.17841,1.177872939061981,1.1800211828140565,2025-07-02 08:25:00-04:00,1.177872939061981,SL,0.00018,-1.0,-1.3352,-1335.16
2025-07-02 15:55:00-04:00,LONG,Breakout,1.18017,1.1798599639807086,1.181100108057874,2025-07-02 16:00:00-04:00,1.1798599639807086,SL,0.000174,-1.0,-1.5612,-1561.23
2025-07-02 20:00:00-04:00,LONG,Breakout,1.18012,1.1798602951740331,1.1808991144779009,2025-07-02 20:05:00-04:00,1.1798602951740331,SL,0.000196,-1.0,-1.7547,-1754.7
2025-07-02 20:10:00-04:00,LONG,Breakout,1.18,1.1798556320633244,1.1804331038100264,2025-07-02 20:15:00-04:00,1.1804331038100264,TP,0.00019,3.0,1.6839,1683.92
2025-07-02 22:10:00-04:00,LONG,Bounce,1.17976,1.179609429316841,1.1802117120494764,2025-07-02 22:15:00-04:00,1.179609429316841,SL,0.000194,-1.0,-2.2884,-2288.43
2025-07-03 19:25:00-04:00,LONG,Breakout,1.1761300000000001,1.1758506640892568,1.1769680077322302,2025-07-03 19:40:00-04:00,1.1769680077322302,TP,0.000186,3.0,2.3341,2334.14
2025-07-04 10:00:00-04:00,LONG,Breakout,1.1786,1.1780485852541995,1.1802542442374018,2025-07-04 10:10:00-04:00,1.1780485852541995,SL,0.00018,-1.0,-1.3264,-1326.43
2025-07-04 16:40:00-04:00,LONG,Breakout,1.17797,1.177825105414149,1.1784046837575526,2025-07-04 16:45:00-04:00,1.177825105414149,SL,0.00035,-1.0,-3.4155,-3415.55
2025-07-06 20:00:00-04:00,LONG,Breakout,1.17854,1.1780820015230298,1.1799139954309104,2025-07-06 20:25:00-04:00,1.1780820015230298,SL,0.000192,-1.0,-1.4192,-1419.22
2025-07-07 09:25:00-04:00,LONG,Breakout,1.17364,1.1732636376315224,1.1747690871054328,2025-07-07 09:50:00-04:00,1.1732636376315224,SL,0.00018,-1.0,-1.4783,-1478.26
2025-07-07 11:35:00-04:00,LONG,Retest,1.17352,1.1732597930013033,1.1743006209960896,2025-07-07 11:40:00-04:00,1.1732597930013033,SL,0.000176,-1.0,-1.6764,-1676.38
2025-07-07 18:35:00-04:00,LONG,Breakout,1.17258,1.172252051426974,1.1735638457190776,2025-07-07 18:55:00-04:00,1.1735638457190776,TP,0.000186,3.0,2.4328,2432.84
2025-07-08 03:10:00-04:00,LONG,Breakout,1.1753,1.1748226952390735,1.1767319142827797,2025-07-08 04:35:00-04:00,1.1748226952390735,SL,0.00019,-1.0,-1.3981,-1398.07
2025-07-08 21:10:00-04:00,LONG,Bounce,1.1718899999999999,1.1714484485215064,1.1732146544354802,2025-07-08 22:35:00-04:00,1.1714484485215064,SL,0.0002,-1.0,-1.4529,-1452.95
2025-07-09 02:45:00-04:00,LONG,Breakout,1.1721300000000001,1.1719872678643535,1.17255819640694,2025-07-09 02:55:00-04:00,1.17255819640694,TP,0.000184,3.0,1.7109,1710.87
2025-07-09 03:20:00-04:00,LONG,Retest,1.17235,1.1719833992968864,1.1734498021093407,2025-07-09 03:25:00-04:00,1.1719833992968864,SL,0.00019,-1.0,-1.5183,-1518.28
2025-07-09 18:00:00-04:00,LONG,Breakout,1.17238,1.172192280324312,1.1729431590270636,2025-07-09 18:05:00-04:00,1.172192280324312,SL,0.000232,-1.0,-2.2359,-2235.89
2025-07-09 18:50:00-04:00,LONG,Retest,1.17236,1.1722056439243396,1.1728230682269816,2025-07-09 19:10:00-04:00,1.1722056439243396,SL,0.000192,-1.0,-2.2439,-2243.88
2025-07-10 02:40:00-04:00,LONG,Bounce,1.1731,1.17285771301448,1.1738268609565603,2025-07-10 03:40:00-04:00,1.17285771301448,SL,0.000186,-1.0,-1.7677,-1767.68
2025-07-10 17:50:00-04:00,LONG,Breakout,1.17,1.169792770667599,1.1706216879972027,2025-07-10 18:55:00-04:00,1.1706216879972027,TP,0.000354,3.0,1.2917,1291.75
2025-07-10 19:55:00-04:00,LONG,Retest,1.17004,1.1697948982541728,1.1707753052374814,2025-07-10 20:05:00-04:00,1.1697948982541728,SL,0.000182,-1.0,-1.7425,-1742.55
2025-07-16 07:50:00-04:00,SHORT,Breakout,1.16069,1.160873080201624,1.1601407593951278,2025-07-16 07:55:00-04:00,1.1601407593951278,TP,0.000178,3.0,2.0277,2027.75
2025-07-16 08:35:00-04:00,SHORT,Breakout,1.1607,1.1609117239776436,1.1600648280670693,2025-07-16 08:40:00-04:00,1.1609117239776436,SL,0.00018,-1.0,-1.8502,-1850.16
2025-07-16 21:30:00-04:00,SHORT,Breakout,1.1615199999999999,1.1617088707401333,1.1609533877795997,2025-07-16 21:35:00-04:00,1.1617088707401333,SL,0.0002,-1.0,-2.0589,-2058.93
2025-07-16 23:05:00-04:00,SHORT,Retest,1.1615,1.1617031664915096,1.160890500525471,2025-07-16 23:25:00-04:00,1.1617031664915096,SL,0.00018,-1.0,-1.886,-1885.97
2025-07-17 02:00:00-04:00,SHORT,Breakout,1.16126,1.1613801523027967,1.1608995430916098,2025-07-17 02:05:00-04:00,1.1613801523027967,SL,0.0002,-1.0,-2.6646,-2664.55
2025-07-17 02:10:00-04:00,SHORT,Breakout,1.16079,1.1613903149957787,1.1589890550126638,2025-07-17 02:20:00-04:00,1.1589890550126638,TP,0.0002,3.0,2.6668,2666.84
2025-07-17 07:20:00-04:00,SHORT,Breakout,1.15797,1.1583090463390837,1.1569528609827486,2025-07-17 07:50:00-04:00,1.1569528609827486,TP,0.000178,3.0,2.475,2475.0
2025-07-17 08:25:00-04:00,SHORT,Breakout,1.15765,1.158321321269967,1.1556360361900992,2025-07-17 08:30:00-04:00,1.1556360361900992,TP,0.000182,3.0,2.7289,2728.89
2025-07-18 03:05:00-04:00,SHORT,Bounce,1.1627399999999999,1.1631850030058277,1.1614049909825164,2025-07-18 04:00:00-04:00,1.1631850030058277,SL,0.000184,-1.0,-1.4135,-1413.48
2025-07-18 07:10:00-04:00,SHORT,Bounce,1.1644,1.1645826664801737,1.1638520005594792,2025-07-18 07:35:00-04:00,1.1645826664801737,SL,0.000176,-1.0,-1.9635,-1963.5
2025-07-21 20:00:00-04:00,SHORT,Breakout,1.16887,1.1690174428620888,1.168427671413734,2025-07-21 20:10:00-04:00,1.168427671413734,TP,0.00018,3.0,1.7792,1779.19
2025-07-21 20:50:00-04:00,SHORT,Breakout,1.16869,1.1690277177230575,1.1676768468308276,2025-07-21 22:10:00-04:00,1.1690277177230575,SL,0.00019,-1.0,-1.5626,-1562.6
2025-07-22 04:30:00-04:00,LONG,Breakout,1.16959,1.1690585432111196,1.171184370366641,2025-07-22 08:15:00-04:00,1.1690585432111196,SL,0.00019,-1.0,-1.3575,-1357.51
2025-07-22 19:10:00-04:00,LONG,Breakout,1.17549,1.175226307167186,1.1762810784984417,2025-07-22 19:15:00-04:00,1.175226307167186,SL,0.00018,-1.0,-1.6826,-1682.61
2025-07-23 08:30:00-04:00,LONG,Bounce,1.17235,1.1721358098122558,1.1729925705632325,2025-07-23 08:35:00-04:00,1.1721358098122558,SL,0.000176,-1.0,-1.8217,-1821.7
2025-07-23 10:50:00-04:00,LONG,Breakout,1.17356,1.173093163901977,1.1749605082940686,2025-07-23 11:00:00-04:00,1.173093163901977,SL,0.00018,-1.0,-1.3856,-1385.57
2025-07-23 19:15:00-04:00,LONG,Breakout,1.17754,1.1773927901843624,1.177981629446913,2025-07-23 19:45:00-04:00,1.1773927901843624,SL,0.000186,-1.0,-2.2635,-2263.5
2025-07-25 00:40:00-04:00,LONG,Bounce,1.17377,1.1732735472397184,1.1752593582808446,2025-07-25 02:30:00-04:00,1.1752593582808446,TP,0.00019,3.0,2.6173,2617.28
2025-07-27 21:50:00-04:00,LONG,Bounce,1.17525,1.1748205645836018,1.176538306249194,2025-07-27 22:05:00-04:00,1.1748205645836018,SL,0.0002,-1.0,-1.4657,-1465.73
2025-07-28 20:15:00-04:00,LONG,Breakout,1.15936,1.1592519253427032,1.1596842239718903,2025-07-28 20:20:00-04:00,1.1592519253427032,SL,0.000172,-1.0,-2.5915,-2591.49
2025-07-28 20:25:00-04:00,LONG,Bounce,1.15891,1.1587685274638613,1.1593344176084166,2025-07-28 20:50:00-04:00,1.1587685274638613,SL,0.000188,-1.0,-2.3289,-2328.88
2025-07-29 02:25:00-04:00,SHORT,Breakout,1.15723,1.1574371606128513,1.156608518161446,2025-07-29 02:30:00-04:00,1.156608518161446,TP,0.000194,3.0,2.0635,2063.53
2025-07-29 23:35:00-04:00,SHORT,Breakout,1.15581,1.1559963680732475,1.1552508957802576,2025-07-29 23:40:00-04:00,1.1559963680732475,SL,0.000184,-1.0,-1.9873,-1987.29
2025-07-30 00:00:00-04:00,SHORT,Breakout,1.15528,1.1559994098497284,1.1531217704508152,2025-07-30 03:00:00-04:00,1.1559994098497284,SL,0.000186,-1.0,-1.2585,-1258.55
2025-07-30 06:20:00-04:00,SHORT,Breakout,1.1542,1.1548574720972953,1.1522275837081137,2025-07-30 07:35:00-04:00,1.1522275837081137,TP,0.000186,3.0,2.7171,2717.1
2025-07-30 14:35:00-04:00,SHORT,Bounce,1.14739,1.1486025888897764,1.1437522333306704,2025-07-30 14:50:00-04:00,1.1437522333306704,TP,0.0002,3.0,2.8351,2835.06
2025-07-31 09:05:00-04:00,SHORT,Breakout,1.14136,1.14213761647243,1.1390271505827099,2025-07-31 10:10:00-04:00,1.14213761647243,SL,0.00016,-1.0,-1.2058,-1205.76
2025-07-31 15:55:00-04:00,SHORT,Breakout,1.14117,1.1414970968987717,1.140188709303685,2025-07-31 16:05:00-04:00,1.1414970968987717,SL,0.00018,-1.0,-1.5503,-1550.3
2025-07-31 16:10:00-04:00,SHORT,Retest,1.14111,1.1414989533114437,1.1399431400656692,2025-07-31 17:15:00-04:00,1.1414989533114437,SL,0.000166,-1.0,-1.4268,-1426.79
2025-07-31 21:00:00-04:00,SHORT,Bounce,1.14232,1.1426287169670226,1.1413938490989322,2025-07-31 21:10:00-04:00,1.1426287169670226,SL,0.00018,-1.0,-1.5831,-1583.06
2025-08-01 01:25:00-04:00,SHORT,Bounce,1.14201,1.1421568052501105,1.1415695842496683,2025-08-01 01:30:00-04:00,1.1421568052501105,SL,0.000176,-1.0,-2.1989,-2198.87
2025-08-01 13:00:00-04:00,SHORT,Breakout,1.15296,1.1536634959905567,1.1508495120283297,2025-08-01 14:25:00-04:00,1.1536634959905567,SL,0.0002,-1.0,-1.2843,-1284.29
2025-08-03 18:05:00-04:00,SHORT,Bounce,1.15882,1.1596761480172153,1.156251555948354,2025-08-03 20:25:00-04:00,1.156251555948354,TP,0.000316,3.0,2.6309,2630.9
2025-08-03 22:20:00-04:00,SHORT,Retest,1.15739,1.1577600063720859,1.156279980883742,2025-08-03 23:00:00-04:00,1.1577600063720859,SL,0.000192,-1.0,-1.5189,-1518.91
2025-08-04 06:55:00-04:00,SHORT,Bounce,1.15726,1.1577715473093275,1.1557253580720173,2025-08-04 07:00:00-04:00,1.1577715473093275,SL,0.00019,-1.0,-1.3714,-1371.42
2025-08-05 01:15:00-04:00,SHORT,Breakout,1.15515,1.1553502056296103,1.1545493831111686,2025-08-05 01:20:00-04:00,1.1553502056296103,SL,0.000188,-1.0,-1.939,-1939.03
2025-08-05 01:30:00-04:00,SHORT,Breakout,1.15491,1.1553518650758943,1.1535844047723176,2025-08-05 02:20:00-04:00,1.1553518650758943,SL,0.000182,-1.0,-1.4119,-1411.89
2025-08-05 02:25:00-04:00,SHORT,Bounce,1.15552,1.1560370627303433,1.1539688118089704,2025-08-05 03:25:00-04:00,1.1560370627303433,SL,0.0002,-1.0,-1.3868,-1386.8
2025-08-05 03:50:00-04:00,SHORT,Breakout,1.15397,1.1542699417098266,1.15307017487052,2025-08-05 03:55:00-04:00,1.1542699417098266,SL,0.00019,-1.0,-1.6335,-1633.46
2025-08-05 07:35:00-04:00,SHORT,Breakout,1.15277,1.153427079792854,1.150798760621438,2025-08-05 07:45:00-04:00,1.153427079792854,SL,0.00018,-1.0,-1.2739,-1273.94
2025-08-05 10:00:00-04:00,SHORT,Bounce,1.15417,1.1549322959071002,1.151883112278699,2025-08-05 10:40:00-04:00,1.1549322959071002,SL,0.00018,-1.0,-1.2361,-1236.13
2025-08-06 02:25:00-04:00,SHORT,Bounce,1.15835,1.1586070383672191,1.1575788848983426,2025-08-06 02:30:00-04:00,1.1586070383672191,SL,0.00019,-1.0,-1.7392,-1739.19
2025-08-07 00:00:00-04:00,LONG,Breakout,1.16663,1.1663687178296442,1.1674138465110675,2025-08-07 00:30:00-04:00,1.1674138465110675,TP,0.000182,3.0,2.3034,2303.44
2025-08-07 02:45:00-04:00,LONG,Breakout,1.16774,1.16749611770322,1.1684716468903402,2025-08-07 02:55:00-04:00,1.16749611770322,SL,0.00019,-1.0,-1.7791,-1779.06
2025-08-07 03:35:00-04:00,LONG,Breakout,1.1684,1.1674817277954206,1.1711548166137387,2025-08-07 04:20:00-04:00,1.1674817277954206,SL,0.00019,-1.0,-1.2069,-1206.91
2025-08-07 04:20:00-04:00,LONG,Retest,1.16779,1.16744856386725,1.1688143083982503,2025-08-07 05:35:00-04:00,1.16744856386725,SL,0.00019,-1.0,-1.5565,-1556.47
2025-08-07 10:10:00-04:00,LONG,Bounce,1.1636199999999999,1.1631616204202113,1.1649951387393656,2025-08-07 10:15:00-04:00,1.1631616204202113,SL,0.00018,-1.0,-1.3927,-1392.69
2025-08-07 15:40:00-04:00,LONG,Breakout,1.16534,1.1642711271769572,1.1685466184691284,2025-08-08 01:25:00-04:00,1.1642711271769572,SL,0.0002,-1.0,-1.1871,-1187.11
2025-08-11 05:15:00-04:00,LONG,Bounce,1.16454,1.1642171604682223,1.1655085185953327,2025-08-11 05:25:00-04:00,1.1642171604682223,SL,0.000186,-1.0,-1.5761,-1576.14
2025-08-13 02:10:00-04:00,LONG,Bounce,1.16817,1.1680123244410883,1.168643026676735,2025-08-13 02:20:00-04:00,1.168643026676735,TP,0.000196,3.0,1.7569,1756.94
2025-08-13 02:35:00-04:00,LONG,Breakout,1.16904,1.1684380333728226,1.1708458998815325,2025-08-13 03:10:00-04:00,1.1708458998815325,TP,0.00019,3.0,2.6844,2684.37
2025-08-13 21:35:00-04:00,LONG,Bounce,1.17116,1.170751744270517,1.1723847671884486,2025-08-13 22:15:00-04:00,1.170751744270517,SL,0.000196,-1.0,-1.4801,-1480.09
2025-08-14 02:20:00-04:00,LONG,Bounce,1.17007,1.1697083643008042,1.1711549070975873,2025-08-14 02:30:00-04:00,1.1697083643008042,SL,0.0002,-1.0,-1.553,-1553.04
2025-08-14 08:40:00-04:00,LONG,Bounce,1.16774,1.1665273855600093,1.171377843319972,2025-08-14 08:55:00-04:00,1.1665273855600093,SL,0.00018,-1.0,-1.1484,-1148.44
2025-08-14 18:05:00-04:00,LONG,Breakout,1.1650800000000001,1.1649122299502752,1.1655833101491748,2025-08-14 18:15:00-04:00,1.1649122299502752,SL,0.000228,-1.0,-2.359,-2359.0
2025-08-15 01:35:00-04:00,LONG,Breakout,1.16645,1.1663392994755752,1.1667821015732742,2025-08-15 01:40:00-04:00,1.1663392994755752,SL,0.000182,-1.0,-2.6441,-2644.08
2025-08-15 01:45:00-04:00,LONG,Breakout,1.16654,1.1663335694457766,1.1671592916626699,2025-08-15 02:00:00-04:00,1.1671592916626699,TP,0.000182,3.0,2.1183,2118.35
2025-08-15 08:35:00-04:00,LONG,Breakout,1.16944,1.1690040586591655,1.1707478240225038,2025-08-15 08:50:00-04:00,1.1690040586591655,SL,0.00018,-1.0,-1.4129,-1412.9
2025-08-15 14:05:00-04:00,LONG,Bounce,1.17014,1.1697521702472782,1.1713034892581653,2025-08-17 17:55:00-04:00,1.1713034892581653,TP,0.000194,3.0,2.4998,2499.78
2025-08-18 18:05:00-04:00,LONG,Breakout,1.16716,1.1669162569383937,1.1678912291848187,2025-08-18 18:15:00-04:00,1.1669162569383937,SL,0.000262,-1.0,-2.0749,-2074.9
2025-08-20 02:05:00-04:00,SHORT,Breakout,1.16235,1.1632027577528787,1.1597917267413638,2025-08-20 02:30:00-04:00,1.1632027577528787,SL,0.0002,-1.0,-1.2345,-1234.53
2025-08-20 03:05:00-04:00,SHORT,Bounce,1.16383,1.1641963032559688,1.1627310902320933,2025-08-20 03:15:00-04:00,1.1641963032559688,SL,0.000192,-1.0,-1.5242,-1524.16
2025-08-20 20:35:00-04:00,SHORT,Breakout,1.16438,1.1645477930260224,1.1638766209219327,2025-08-20 20:55:00-04:00,1.1645477930260224,SL,0.000176,-1.0,-2.0489,-2048.91
2025-08-25 02:05:00-04:00,LONG,Breakout,1.17086,1.1706508386083478,1.1714874841749565,2025-08-25 02:15:00-04:00,1.1714874841749565,TP,0.0002,3.0,2.0438,2043.8
2025-08-25 11:00:00-04:00,LONG,Bounce,1.16881,1.1683240283791947,1.1702679148624155,2025-08-25 11:10:00-04:00,1.1683240283791947,SL,0.00018,-1.0,-1.3704,-1370.39
2025-08-25 20:00:00-04:00,LONG,Breakout,1.16293,1.1620661476662606,1.1655215570012183,2025-08-25 20:30:00-04:00,1.1655215570012183,TP,0.000192,3.0,2.7777,2777.74
2025-08-26 02:15:00-04:00,SHORT,Breakout,1.16214,1.1623399571195938,1.1615401286412184,2025-08-26 02:20:00-04:00,1.1615401286412184,TP,0.0002,3.0,1.9998,1999.79
2025-08-26 03:05:00-04:00,SHORT,Breakout,1.1611799999999999,1.1623665584087268,1.157620324773819,2025-08-26 03:30:00-04:00,1.1623665584087268,SL,0.00019,-1.0,-1.1601,-1160.13
2025-08-26 04:15:00-04:00,SHORT,Retest,1.16165,1.1623721650347538,1.1594835048957388,2025-08-26 05:05:00-04:00,1.1623721650347538,SL,0.00019,-1.0,-1.2631,-1263.1
2025-08-26 19:45:00-04:00,SHORT,Breakout,1.16366,1.1639416972806333,1.1628149081580996,2025-08-26 20:05:00-04:00,1.1639416972806333,SL,0.00017,-1.0,-1.6035,-1603.48
2025-08-26 21:00:00-04:00,SHORT,Retest,1.16361,1.1639486261236927,1.1625941216289222,2025-08-26 21:10:00-04:00,1.1639486261236927,SL,0.000184,-1.0,-1.5434,-1543.37
2025-08-26 23:50:00-04:00,SHORT,Breakout,1.16221,1.1624245204073982,1.1615664387778053,2025-08-26 23:55:00-04:00,1.1624245204073982,SL,0.000178,-1.0,-1.8298,-1829.76
2025-08-27 00:00:00-04:00,SHORT,Breakout,1.16206,1.1624263262696444,1.1609610211910673,2025-08-27 03:10:00-04:00,1.1609610211910673,TP,0.000188,3.0,2.4868,2486.8
2025-08-27 03:25:00-04:00,SHORT,Breakout,1.16045,1.1611947109057605,1.1582158672827183,2025-08-27 04:30:00-04:00,1.1582158672827183,TP,0.00019,3.0,2.7449,2744.87
2025-08-27 08:50:00-04:00,SHORT,Bounce,1.15903,1.1595169975679325,1.1575690072962026,2025-08-27 09:05:00-04:00,1.1595169975679325,SL,0.00018,-1.0,-1.3696,-1369.61
2025-08-31 20:00:00-04:00,LONG,Breakout,1.16905,1.168922786377496,1.1694316408675116,2025-08-31 20:30:00-04:00,1.1694316408675116,TP,0.000188,3.0,1.5222,1522.17
2025-08-31 22:05:00-04:00,LONG,Breakout,1.17008,1.169688505127829,1.1712544846165132,2025-08-31 22:55:00-04:00,1.1712544846165132,TP,0.0002,3.0,2.4891,2489.14
2025-09-01 02:00:00-04:00,LONG,Breakout,1.17155,1.1713276121893506,1.1722171634319487,2025-09-01 02:05:00-04:00,1.1722171634319487,TP,0.000194,3.0,2.1277,2127.65
2025-09-01 03:40:00-04:00,LONG,Retest,1.17173,1.1713025401427664,1.1730123795717007,2025-09-01 04:45:00-04:00,1.1730123795717007,TP,0.00019,3.0,2.5555,2555.51
2025-09-02 02:00:00-04:00,LONG,Breakout,1.1697899999999999,1.1695824874057947,1.1704125377826153,2025-09-02 02:05:00-04:00,1.1695824874057947,SL,0.000194,-1.0,-1.9349,-1934.88
2025-09-02 10:00:00-04:00,LONG,Breakout,1.1663999999999999,1.1650639367303133,1.1704081898090597,2025-09-02 11:35:00-04:00,1.1650639367303133,SL,0.00018,-1.0,-1.1347,-1134.72
2025-09-03 03:15:00-04:00,SHORT,Breakout,1.16162,1.162608480383467,1.1586545588495991,2025-09-03 03:35:00-04:00,1.162608480383467,SL,0.00019,-1.0,-1.1922,-1192.21
2025-09-03 13:45:00-04:00,SHORT,Breakout,1.16644,1.1666710945244498,1.1657467164266502,2025-09-03 14:00:00-04:00,1.1657467164266502,TP,0.000194,3.0,2.1605,2160.52
2025-09-03 20:05:00-04:00,SHORT,Breakout,1.1656,1.1657971481700131,1.1650085554899605,2025-09-03 20:10:00-04:00,1.1657971481700131,SL,0.000182,-1.0,-1.9232,-1923.16
2025-09-03 21:10:00-04:00,SHORT,Breakout,1.16544,1.1655985641712983,1.1649643074861054,2025-09-03 21:15:00-04:00,1.1655985641712983,SL,0.000188,-1.0,-2.1856,-2185.64
2025-09-03 21:35:00-04:00,SHORT,Bounce,1.1660300000000001,1.166240696549157,1.1653979103525296,2025-09-03 22:10:00-04:00,1.1653979103525296,TP,0.000192,3.0,2.0887,2088.74
2025-09-03 23:25:00-04:00,SHORT,Retest,1.16532,1.1655961141305213,1.1644916576084356,2025-09-04 02:00:00-04:00,1.1655961141305213,SL,0.000172,-1.0,-1.6229,-1622.93
2025-09-07 21:00:00-04:00,LONG,Breakout,1.17159,1.1714530100536773,1.1720009698389677,2025-09-07 21:05:00-04:00,1.1714530100536773,SL,0.000196,-1.0,-2.4308,-2430.76
2025-09-08 02:00:00-04:00,LONG,Breakout,1.17167,1.171513147812389,1.172140556562833,2025-09-08 02:05:00-04:00,1.171513147812389,SL,0.0002,-1.0,-2.2751,-2275.09
2025-09-08 02:10:00-04:00,LONG,Breakout,1.17222,1.1715063978586415,1.1743608064240756,2025-09-08 02:15:00-04:00,1.1715063978586415,SL,0.000194,-1.0,-1.2719,-1271.86
2025-09-08 02:30:00-04:00,LONG,Breakout,1.17191,1.1714935445449983,1.173159366365005,2025-09-08 02:40:00-04:00,1.1714935445449983,SL,0.000188,-1.0,-1.4514,-1451.43
2025-09-08 19:10:00-04:00,LONG,Breakout,1.17659,1.1764407216739936,1.1770378349780193,2025-09-08 19:20:00-04:00,1.1770378349780193,TP,0.000192,3.0,1.7138,1713.81
2025-09-08 21:30:00-04:00,LONG,Retest,1.17672,1.176436304750905,1.177571085747285,2025-09-08 21:50:00-04:00,1.177571085747285,TP,0.00019,3.0,2.3303,2330.27
2025-09-09 01:50:00-04:00,LONG,Breakout,1.17784,1.1776254570061677,1.1784836289814968,2025-09-09 02:00:00-04:00,1.1776254570061677,SL,0.000194,-1.0,-1.9042,-1904.25
2025-09-09 10:05:00-04:00,LONG,Bounce,1.17344,1.1725074596061322,1.1762376211816035,2025-09-09 10:30:00-04:00,1.1725074596061322,SL,0.00018,-1.0,-1.193,-1193.02
2025-09-10 00:55:00-04:00,LONG,Breakout,1.17144,1.1712171300446326,1.1721086098661024,2025-09-10 01:00:00-04:00,1.1712171300446326,SL,0.000186,-1.0,-1.8346,-1834.57
2025-09-10 01:20:00-04:00,LONG,Retest,1.17142,1.1712183274708114,1.1720250175875653,2025-09-10 01:35:00-04:00,1.1712183274708114,SL,0.000176,-1.0,-1.8727,-1872.7
2025-09-10 02:15:00-04:00,LONG,Breakout,1.17161,1.1714551477379234,1.17207455678623,2025-09-10 02:20:00-04:00,1.1714551477379234,SL,0.0002,-1.0,-2.2916,-2291.55
2025-09-10 08:30:00-04:00,LONG,Breakout,1.17182,1.1714523693746386,1.1729228918760846,2025-09-10 08:35:00-04:00,1.1714523693746386,SL,0.00018,-1.0,-1.4896,-1489.62
2025-09-10 09:50:00-04:00,LONG,Retest,1.17198,1.1714526550709063,1.173562034787281,2025-09-10 10:20:00-04:00,1.1714526550709063,SL,0.00018,-1.0,-1.3413,-1341.33
2025-09-14 23:25:00-04:00,LONG,Breakout,1.17314,1.1728209581636198,1.174097125509141,2025-09-15 01:30:00-04:00,1.1728209581636198,SL,0.000182,-1.0,-1.5705,-1570.46
2025-09-15 03:15:00-04:00,LONG,Breakout,1.17363,1.1733947444653308,1.1743357666040075,2025-09-15 03:35:00-04:00,1.1743357666040075,TP,0.00019,3.0,2.1924,2192.37
2025-09-15 04:15:00-04:00,LONG,Breakout,1.1738,1.1733829834301737,1.1750510497094788,2025-09-15 04:35:00-04:00,1.1733829834301737,SL,0.000186,-1.0,-1.446,-1446.03
2025-09-15 15:45:00-04:00,LONG,Bounce,1.17671,1.1764599052758868,1.1774602841723392,2025-09-15 15:50:00-04:00,1.1764599052758868,SL,0.000182,-1.0,-1.7277,-1727.72
2025-09-15 21:45:00-04:00,LONG,Breakout,1.17661,1.1764784869078337,1.1770045392764985,2025-09-15 22:05:00-04:00,1.1770045392764985,TP,0.000188,3.0,1.5705,1570.48
2025-09-16 03:00:00-04:00,LONG,Breakout,1.17907,1.1785382232359884,1.180665330292035,2025-09-16 05:10:00-04:00,1.180665330292035,TP,0.00019,3.0,2.6427,2642.71
2025-09-16 05:10:00-04:00,LONG,Breakout,1.18047,1.1802390983328321,1.1811627050015032,2025-09-16 05:35:00-04:00,1.1811627050015032,TP,0.00019,3.0,2.1771,2177.14
2025-09-16 07:50:00-04:00,LONG,Breakout,1.18182,1.1816311077258144,1.1823866768225573,2025-09-16 07:55:00-04:00,1.1816311077258144,SL,0.00018,-1.0,-1.9529,-1952.92
2025-09-17 01:05:00-04:00,LONG,Breakout,1.18579,1.1856476427501086,1.1862170717496738,2025-09-17 01:20:00-04:00,1.1856476427501086,SL,0.000178,-1.0,-2.2504,-2250.38
2025-09-17 01:45:00-04:00,LONG,Breakout,1.18582,1.1856464003704623,1.1863407988886134,2025-09-17 01:50:00-04:00,1.1856464003704623,SL,0.000184,-1.0,-2.0599,-2059.91
2025-09-17 02:30:00-04:00,LONG,Bounce,1.18529,1.1849518224984796,1.186304532504561,2025-09-17 03:00:00-04:00,1.1849518224984796,SL,0.00019,-1.0,-1.5618,-1561.84
2025-09-17 14:00:00-04:00,LONG,Breakout,1.18913,1.1854064041165455,1.2003007876503635,2025-09-17 14:40:00-04:00,1.1854064041165455,SL,0.0002,-1.0,-1.0537,-1053.71
2025-09-17 21:30:00-04:00,LONG,Bounce,1.18163,1.1813508416062408,1.1824674751812774,2025-09-17 21:35:00-04:00,1.1813508416062408,SL,0.0002,-1.0,-1.7164,-1716.44
2025-09-18 20:00:00-04:00,LONG,Breakout,1.17886,1.178739814184451,1.1792205574466472,2025-09-18 20:05:00-04:00,1.178739814184451,SL,0.00019,-1.0,-2.5809,-2580.89
2025-09-18 21:50:00-04:00,LONG,Bounce,1.17764,1.177344337277015,1.1785269881689553,2025-09-18 22:00:00-04:00,1.177344337277015,SL,0.000192,-1.0,-1.6494,-1649.39
2025-09-18 23:25:00-04:00,LONG,Breakout,1.17903,1.178904798582066,1.1794056042538021,2025-09-18 23:30:00-04:00,1.178904798582066,SL,0.000186,-1.0,-2.4856,-2485.61
2025-09-19 02:00:00-04:00,LONG,Bounce,1.17699,1.1768386426186523,1.177444072144043,2025-09-19 02:05:00-04:00,1.1768386426186523,SL,0.0002,-1.0,-2.3214,-2321.38
2025-09-19 02:20:00-04:00,LONG,Bounce,1.17739,1.1768217067323858,1.1790948798028422,2025-09-19 02:30:00-04:00,1.1768217067323858,SL,0.0002,-1.0,-1.3519,-1351.93
2025-09-23 09:50:00-04:00,LONG,Bounce,1.1787,1.1782356371248675,1.180093088625398,2025-09-23 10:00:00-04:00,1.180093088625398,TP,0.00018,3.0,2.6124,2612.37
2025-09-23 12:50:00-04:00,LONG,Breakout,1.18066,1.1803566714509321,1.1815699856472037,2025-09-23 12:55:00-04:00,1.1803566714509321,SL,0.000196,-1.0,-1.6462,-1646.16
2025-09-24 01:55:00-04:00,LONG,Bounce,1.17971,1.1793880738715175,1.1806757783854478,2025-09-24 02:10:00-04:00,1.1793880738715175,SL,0.0002,-1.0,-1.6213,-1621.26
2025-09-24 18:00:00-04:00,LONG,Breakout,1.17401,1.1737853933378686,1.1746838199863943,2025-09-24 20:55:00-04:00,1.1746838199863943,TP,0.000294,3.0,1.691,1691.05
2025-09-24 20:55:00-04:00,LONG,Breakout,1.1746699999999999,1.1744782104924592,1.175245368522622,2025-09-24 21:10:00-04:00,1.1744782104924592,SL,0.000196,-1.0,-2.022,-2021.95
2025-09-26 02:45:00-04:00,SHORT,Breakout,1.16717,1.1673985867047705,1.1664842398856887,2025-09-26 02:50:00-04:00,1.1673985867047705,SL,0.00019,-1.0,-1.8312,-1831.19
2025-09-26 08:30:00-04:00,SHORT,Bounce,1.16733,1.1684183037291158,1.1640650888126525,2025-09-26 09:00:00-04:00,1.1684183037291158,SL,0.00018,-1.0,-1.1654,-1165.4
2025-10-01 02:40:00-04:00,LONG,Breakout,1.17709,1.176519319690791,1.1788020409276267,2025-10-01 02:55:00-04:00,1.176519319690791,SL,0.00019,-1.0,-1.3329,-1332.94
2025-10-01 02:55:00-04:00,LONG,Retest,1.17673,1.176519178338436,1.1773624649846925,2025-10-01 03:00:00-04:00,1.1773624649846925,TP,0.00019,3.0,2.0988,2098.76
2025-10-07 01:05:00-04:00,SHORT,Breakout,1.1692,1.1696093347387304,1.1679719957838088,2025-10-07 03:05:00-04:00,1.1679719957838088,TP,0.000184,3.0,2.5505,2550.49
2025-10-07 03:05:00-04:00,SHORT,Breakout,1.1679599999999999,1.1682653027222902,1.1670440918331288,2025-10-07 03:15:00-04:00,1.1682653027222902,SL,0.00019,-1.0,-1.6223,-1622.33
2025-10-07 03:25:00-04:00,SHORT,Retest,1.16788,1.168269220560478,1.1667123383185658,2025-10-07 04:45:00-04:00,1.1667123383185658,TP,0.00018,3.0,2.5375,2537.54
2025-10-07 07:25:00-04:00,SHORT,Breakout,1.1658,1.1660207927633635,1.1651376217099094,2025-10-07 07:40:00-04:00,1.1660207927633635,SL,0.00018,-1.0,-1.8152,-1815.24
2025-10-07 07:45:00-04:00,SHORT,Breakout,1.16552,1.1660255455048527,1.1640033634854414,2025-10-07 07:55:00-04:00,1.1660255455048527,SL,0.00018,-1.0,-1.3561,-1356.05
2025-10-07 08:30:00-04:00,SHORT,Retest,1.16572,1.1660383520541358,1.164764943837593,2025-10-07 08:35:00-04:00,1.1660383520541358,SL,0.000178,-1.0,-1.5591,-1559.13
2025-10-07 21:00:00-04:00,SHORT,Breakout,1.16395,1.1646536920014394,1.161838923995682,2025-10-07 22:15:00-04:00,1.161838923995682,TP,0.0002,3.0,2.7158,2715.78
2025-10-08 00:40:00-04:00,SHORT,Breakout,1.16156,1.161743661170842,1.1610090164874736,2025-10-08 00:45:00-04:00,1.161743661170842,SL,0.000188,-1.0,-2.0236,-2023.62
2025-10-08 01:00:00-04:00,SHORT,Breakout,1.16149,1.1617471258512189,1.160718622446343,2025-10-08 01:30:00-04:00,1.1617471258512189,SL,0.00018,-1.0,-1.7,-1700.05
2025-10-08 02:15:00-04:00,SHORT,Breakout,1.16087,1.1611634019177965,1.1599897942466106,2025-10-08 02:30:00-04:00,1.1611634019177965,SL,0.000194,-1.0,-1.6612,-1661.21
2025-10-08 10:50:00-04:00,SHORT,Breakout,1.16232,1.1627308566910426,1.1610874299268723,2025-10-08 11:40:00-04:00,1.1610874299268723,TP,0.00018,3.0,2.5619,2561.89
2025-10-09 09:05:00-04:00,SHORT,Bounce,1.16079,1.1622492179040314,1.156412346287906,2025-10-09 11:05:00-04:00,1.156412346287906,TP,0.00018,3.0,2.8766,2876.65
2025-10-09 14:50:00-04:00,SHORT,Breakout,1.15452,1.1546965507290192,1.1539903478129423,2025-10-09 14:55:00-04:00,1.1546965507290192,SL,0.000192,-1.0,-2.0875,-2087.51
2025-10-09 18:00:00-04:00,SHORT,Bounce,1.15616,1.1566337510670592,1.1547387467988226,2025-10-09 20:50:00-04:00,1.1566337510670592,SL,0.000258,-1.0,-1.5446,-1544.59
2025-10-10 02:45:00-04:00,SHORT,Breakout,1.1562000000000001,1.1567049614172287,1.1546851157483145,2025-10-10 02:50:00-04:00,1.1567049614172287,SL,0.00019,-1.0,-1.3763,-1376.27
2025-10-10 03:20:00-04:00,SHORT,Breakout,1.15648,1.1567282737092899,1.1557351788721302,2025-10-10 03:25:00-04:00,1.1567282737092899,SL,0.00019,-1.0,-1.7653,-1765.28
2025-10-12 18:00:00-04:00,SHORT,Breakout,1.15998,1.16033439890662,1.1589168032801402,2025-10-12 18:05:00-04:00,1.16033439890662,SL,0.00035,-1.0,-1.9876,-1987.59
2025-10-12 19:55:00-04:00,SHORT,Retest,1.16003,1.1603107384055789,1.159187784783263,2025-10-12 20:00:00-04:00,1.1603107384055789,SL,0.0002,-1.0,-1.7124,-1712.41
2025-10-13 01:50:00-04:00,SHORT,Breakout,1.1613,1.1615610041622602,1.1605169875132195,2025-10-13 02:00:00-04:00,1.1615610041622602,SL,0.0002,-1.0,-1.7663,-1766.27
2025-10-13 02:05:00-04:00,SHORT,Breakout,1.16144,1.161560811277145,1.1610775661685653,2025-10-13 02:10:00-04:00,1.161560811277145,SL,0.0002,-1.0,-2.6555,-2655.47
2025-10-13 03:00:00-04:00,SHORT,Breakout,1.16101,1.1612760981775905,1.160211705467229,2025-10-13 03:10:00-04:00,1.160211705467229,TP,0.00019,3.0,2.286,2285.98
2025-10-13 07:35:00-04:00,SHORT,Breakout,1.15758,1.1581416462253842,1.1558950613238477,2025-10-13 10:55:00-04:00,1.1558950613238477,TP,0.00018,3.0,2.6795,2679.51
2025-10-13 14:55:00-04:00,SHORT,Breakout,1.15675,1.1569113645260924,1.1562659064217224,2025-10-13 15:00:00-04:00,1.1569113645260924,SL,0.000188,-1.0,-2.1651,-2165.06
2025-10-13 16:45:00-04:00,SHORT,Retest,1.15675,1.1568992400686031,1.1563022797941904,2025-10-13 17:15:00-04:00,1.1568992400686031,SL,0.000176,-1.0,-2.1793,-2179.31
2025-10-13 20:00:00-04:00,SHORT,Breakout,1.15568,1.1563575203373142,1.1536474389880575,2025-10-13 21:05:00-04:00,1.1563575203373142,SL,0.000198,-1.0,-1.2922,-1292.24
2025-10-14 03:40:00-04:00,SHORT,Breakout,1.15435,1.1555176774655116,1.1508469676034652,2025-10-14 04:00:00-04:00,1.1555176774655116,SL,0.00019,-1.0,-1.1627,-1162.72
2025-10-14 07:00:00-04:00,SHORT,Breakout,1.15469,1.1551700762302821,1.1532497713091536,2025-10-14 07:10:00-04:00,1.1551700762302821,SL,0.00018,-1.0,-1.3749,-1374.94
2025-10-14 07:10:00-04:00,SHORT,Retest,1.15479,1.1551691677699882,1.1536524966900352,2025-10-14 07:15:00-04:00,1.1551691677699882,SL,0.00018,-1.0,-1.4747,-1474.72
2025-10-14 08:15:00-04:00,SHORT,Bounce,1.1559300000000001,1.1563473572078953,1.1546779283763147,2025-10-14 08:20:00-04:00,1.1563473572078953,SL,0.00018,-1.0,-1.4313,-1431.29
2025-10-14 08:25:00-04:00,SHORT,Bounce,1.15575,1.1563478539190526,1.1539564382428424,2025-10-14 09:10:00-04:00,1.1563478539190526,SL,0.00018,-1.0,-1.3011,-1301.08
2025-10-14 15:35:00-04:00,SHORT,Bounce,1.16053,1.1611594119213586,1.1586417642359244,2025-10-14 20:50:00-04:00,1.1611594119213586,SL,0.00019,-1.0,-1.3019,-1301.87
2025-10-15 08:50:00-04:00,SHORT,Breakout,1.16149,1.162020284884616,1.1598991453461518,2025-10-15 09:25:00-04:00,1.162020284884616,SL,0.00018,-1.0,-1.3394,-1339.44
2025-10-17 03:10:00-04:00,LONG,Bounce,1.17074,1.1704052098009419,1.171744370597174,2025-10-17 03:20:00-04:00,1.1704052098009419,SL,0.00019,-1.0,-1.5675,-1567.52
2025-10-17 14:00:00-04:00,LONG,Bounce,1.16682,1.1666958714827376,1.1671923855517872,2025-10-17 14:10:00-04:00,1.1666958714827376,SL,0.0002,-1.0,-2.6112,-2611.23
2025-10-21 06:15:00-04:00,SHORT,Breakout,1.1607,1.1612717062715137,1.1589848811854593,2025-10-21 06:20:00-04:00,1.1612717062715137,SL,0.00019,-1.0,-1.3323,-1332.34
2025-10-21 15:55:00-04:00,SHORT,Breakout,1.16001,1.1601023699696833,1.15973289009095,2025-10-21 16:00:00-04:00,1.15973289009095,TP,0.000194,3.0,0.8998,899.75
2025-10-21 16:50:00-04:00,SHORT,Retest,1.1598600000000001,1.1600983837652148,1.159144848704356,2025-10-21 17:15:00-04:00,1.1600983837652148,SL,0.000184,-1.0,-1.7719,-1771.86
2025-10-22 03:05:00-04:00,SHORT,Breakout,1.16031,1.1604475014072668,1.1598974957781993,2025-10-22 03:10:00-04:00,1.1604475014072668,SL,0.00019,-1.0,-2.3818,-2381.8
2025-10-22 03:30:00-04:00,SHORT,Retest,1.16014,1.1604505883077147,1.1592082350768556,2025-10-22 03:40:00-04:00,1.1604505883077147,SL,0.00019,-1.0,-1.6117,-1611.74
2025-10-22 20:05:00-04:00,SHORT,Breakout,1.16004,1.160418408309919,1.158904775070243,2025-10-22 20:50:00-04:00,1.160418408309919,SL,0.000188,-1.0,-1.4968,-1496.82
2025-10-22 21:00:00-04:00,SHORT,Breakout,1.16022,1.1604279413000602,1.1595961760998195,2025-10-22 21:05:00-04:00,1.1604279413000602,SL,0.000184,-1.0,-1.8849,-1884.87
2025-10-23 20:10:00-04:00,SHORT,Bounce,1.16184,1.1620917519131932,1.1610847442604202,2025-10-23 21:20:00-04:00,1.1610847442604202,TP,0.000174,3.0,2.3088,2308.84
2025-10-24 01:25:00-04:00,SHORT,Breakout,1.16016,1.1604834513392486,1.1591896459822546,2025-10-24 01:45:00-04:00,1.1604834513392486,SL,0.00018,-1.0,-1.5565,-1556.5
2025-10-24 08:00:00-04:00,SHORT,Bounce,1.16146,1.1616446353354182,1.1609060939937452,2025-10-24 08:20:00-04:00,1.1609060939937452,TP,0.00018,3.0,2.0251,2025.11
2025-10-24 15:55:00-04:00,SHORT,Bounce,1.16302,1.1631657075596769,1.1625828773209692,2025-10-24 16:00:00-04:00,1.1631657075596769,SL,0.00019,-1.0,-2.304,-2303.98
2025-10-24 16:40:00-04:00,SHORT,Breakout,1.16198,1.1623810682253113,1.1607767953240662,2025-10-24 16:45:00-04:00,1.1623810682253113,SL,0.00018,-1.0,-1.4488,-1448.8
2025-10-26 20:50:00-04:00,SHORT,Bounce,1.16343,1.1635636121099826,1.163029163670052,2025-10-26 21:00:00-04:00,1.1635636121099826,SL,0.000192,-1.0,-2.437,-2437.0
2025-10-26 23:55:00-04:00,SHORT,Breakout,1.16265,1.162728005175624,1.162415984473128,2025-10-27 00:00:00-04:00,1.162415984473128,TP,0.000176,3.0,0.7437,743.74
2025-10-27 05:00:00-04:00,SHORT,Bounce,1.1627,1.1632419445641982,1.1610741663074058,2025-10-27 05:15:00-04:00,1.1632419445641982,SL,0.000186,-1.0,-1.3432,-1343.21
2025-10-27 09:40:00-04:00,SHORT,Breakout,1.1634,1.1635570905940151,1.1629287282179546,2025-10-27 09:45:00-04:00,1.1635570905940151,SL,0.00018,-1.0,-2.1458,-2145.84
2025-10-27 10:00:00-04:00,SHORT,Breakout,1.16333,1.1635604792913283,1.162638562126015,2025-10-27 10:10:00-04:00,1.1635604792913283,SL,0.00018,-1.0,-1.781,-1780.98
2025-10-27 12:15:00-04:00,SHORT,Retest,1.16338,1.163555246065918,1.1628542618022464,2025-10-27 12:20:00-04:00,1.163555246065918,SL,0.000178,-1.0,-2.0157,-2015.71
2025-10-28 00:15:00-04:00,LONG,Breakout,1.16647,1.1662424618969969,1.167152614309009,2025-10-28 00:20:00-04:00,1.1662424618969969,SL,0.00017,-1.0,-1.7471,-1747.13
2025-10-28 01:30:00-04:00,LONG,Retest,1.16646,1.1662409812523236,1.1671170562430295,2025-10-28 01:40:00-04:00,1.1662409812523236,SL,0.000168,-1.0,-1.7671,-1767.06
2025-10-28 03:00:00-04:00,LONG,Bounce,1.16543,1.165203909444461,1.1661082716666167,2025-10-28 03:05:00-04:00,1.165203909444461,SL,0.00018,-1.0,-1.7961,-1796.14
2025-10-28 03:05:00-04:00,LONG,Bounce,1.16558,1.1652009159127137,1.1667172522618592,2025-10-28 03:50:00-04:00,1.1652009159127137,SL,0.0002,-1.0,-1.5276,-1527.59
2025-10-28 19:55:00-04:00,LONG,Breakout,1.16564,1.165226968519876,1.1668790944403722,2025-10-28 20:35:00-04:00,1.165226968519876,SL,0.000196,-1.0,-1.4745,-1474.54
2025-10-31 02:50:00-04:00,SHORT,Breakout,1.15628,1.1565542573945768,1.1554572278162694,2025-10-31 03:05:00-04:00,1.1554572278162694,TP,0.000194,3.0,2.2926,2292.64
2025-10-31 07:35:00-04:00,SHORT,Breakout,1.15621,1.1564599864935154,1.1554600405194535,2025-10-31 07:50:00-04:00,1.1564599864935154,SL,0.00019,-1.0,-1.76,-1760.04
2025-11-02 18:10:00-05:00,SHORT,Bounce,1.15354,1.1537189470188371,1.1530031589434886,2025-11-02 18:25:00-05:00,1.1530031589434886,TP,0.0002,3.0,1.8824,1882.35
2025-11-03 02:10:00-05:00,SHORT,Bounce,1.15354,1.1536996652548401,1.1530610042354796,2025-11-03 02:15:00-05:00,1.1536996652548401,SL,0.000184,-1.0,-2.1524,-2152.41
2025-11-03 03:05:00-05:00,SHORT,Breakout,1.15302,1.1531451424591834,1.1526445726224495,2025-11-03 03:10:00-05:00,1.1526445726224495,TP,0.000186,3.0,1.5137,1513.69
2025-11-03 19:00:00-05:00,SHORT,Breakout,1.15107,1.1514485207220406,1.1499344378338783,2025-11-03 20:25:00-05:00,1.1499344378338783,TP,0.000178,3.0,2.5297,2529.75
2025-11-04 06:40:00-05:00,SHORT,Breakout,1.14956,1.1498407648267785,1.148717705519664,2025-11-04 07:05:00-05:00,1.148717705519664,TP,0.00019,3.0,2.3233,2323.28
2025-11-04 09:35:00-05:00,SHORT,Breakout,1.14751,1.147657764072453,1.147066707782641,2025-11-04 09:40:00-05:00,1.147657764072453,SL,0.00018,-1.0,-2.2182,-2218.16
2025-11-05 02:15:00-05:00,SHORT,Breakout,1.14833,1.1485222254148788,1.1477533237553639,2025-11-05 02:25:00-05:00,1.1485222254148788,SL,0.000174,-1.0,-1.9052,-1905.19
2025-11-05 16:45:00-05:00,SHORT,Bounce,1.14903,1.1491554588460744,1.1486536234617768,2025-11-05 16:50:00-05:00,1.1491554588460744,SL,0.000186,-1.0,-2.4826,-2482.56
2025-11-05 18:00:00-05:00,SHORT,Bounce,1.149,1.1493409767218363,1.147977069834491,2025-11-05 18:10:00-05:00,1.1493409767218363,SL,0.000196,-1.0,-1.5748,-1574.82
2025-11-06 03:05:00-05:00,SHORT,Bounce,1.15113,1.1513690574144273,1.150412827756718,2025-11-06 03:55:00-05:00,1.1513690574144273,SL,0.00019,-1.0,-1.7948,-1794.79
2025-11-06 23:20:00-05:00,SHORT,Breakout,1.15332,1.1534207848863731,1.1530176453408802,2025-11-06 23:35:00-05:00,1.1534207848863731,SL,0.00019,-1.0,-2.8852,-2885.2
2025-11-07 01:45:00-05:00,SHORT,Retest,1.15305,1.1534218575314883,1.1519344274055348,2025-11-07 02:20:00-05:00,1.1534218575314883,SL,0.00018,-1.0,-1.4841,-1484.06
2025-11-09 18:00:00-05:00,SHORT,Breakout,1.1552,1.1555090009347118,1.1542729971958647,2025-11-09 18:40:00-05:00,1.1542729971958647,TP,0.000196,3.0,2.3657,2365.7
2025-11-09 19:25:00-05:00,SHORT,Retest,1.15513,1.1555318747034558,1.1539243758896327,2025-11-09 19:45:00-05:00,1.1555318747034558,SL,0.000188,-1.0,-1.4678,-1467.81
2025-11-10 01:45:00-05:00,SHORT,Breakout,1.15531,1.1557272399693932,1.1540582800918207,2025-11-10 02:05:00-05:00,1.1557272399693932,SL,0.000188,-1.0,-1.4506,-1450.58
2025-11-10 05:30:00-05:00,SHORT,Breakout,1.15614,1.1563781021428647,1.1554256935714056,2025-11-10 06:05:00-05:00,1.1554256935714056,TP,0.00019,3.0,2.202,2202.02
2025-11-10 06:50:00-05:00,SHORT,Retest,1.15607,1.156362044441121,1.155193866676637,2025-11-10 07:00:00-05:00,1.156362044441121,SL,0.000182,-1.0,-1.6232,-1623.19
2025-11-11 01:45:00-05:00,SHORT,Breakout,1.15502,1.155111617655846,1.1547451470324617,2025-11-11 01:50:00-05:00,1.155111617655846,SL,0.000192,-1.0,-3.0957,-3095.67
2025-11-11 14:45:00-05:00,SHORT,Breakout,1.15872,1.1590607941186333,1.1576976176441,2025-11-11 20:20:00-05:00,1.1576976176441,TP,0.000174,3.0,2.4894,2489.43
2025-11-11 22:20:00-05:00,SHORT,Retest,1.15784,1.1581358427316493,1.1569524718050521,2025-11-11 23:40:00-05:00,1.1569524718050521,TP,0.000174,3.0,2.4118,2411.85
2025-11-14 00:55:00-05:00,LONG,Breakout,1.16465,1.164363199320622,1.1655104020381337,2025-11-14 01:05:00-05:00,1.164363199320622,SL,0.000184,-1.0,-1.6416,-1641.56
2025-11-20 02:05:00-05:00,SHORT,Bounce,1.1516899999999999,1.1520582019955785,1.150585394013264,2025-11-20 02:20:00-05:00,1.1520582019955785,SL,0.00018,-1.0,-1.4889,-1488.86
2025-11-20 02:20:00-05:00,SHORT,Bounce,1.15196,1.1523410851983547,1.1508167444049364,2025-11-20 04:25:00-05:00,1.1523410851983547,SL,0.000194,-1.0,-1.5091,-1509.07
2025-11-25 15:15:00-05:00,SHORT,Breakout,1.15724,1.1573951112726564,1.156774666182031,2025-11-25 15:25:00-05:00,1.156774666182031,TP,0.000194,3.0,1.7493,1749.28
2025-11-25 19:10:00-05:00,SHORT,Breakout,1.15652,1.156607677595046,1.156256967214862,2025-11-25 19:20:00-05:00,1.156607677595046,SL,0.000194,-1.0,-3.2127,-3212.65
2025-11-25 19:50:00-05:00,SHORT,Breakout,1.15635,1.1566118903923532,1.1555643288229402,2025-11-25 19:55:00-05:00,1.1566118903923532,SL,0.000194,-1.0,-1.7408,-1740.77
2025-11-26 20:40:00-05:00,LONG,Breakout,1.16051,1.1603563224344156,1.160971032696753,2025-11-26 20:45:00-05:00,1.160971032696753,TP,0.0002,3.0,1.6986,1698.57
2025-11-26 22:05:00-05:00,LONG,Retest,1.1604700000000001,1.1603473651323077,1.1608379046030772,2025-11-26 22:10:00-05:00,1.1603473651323077,SL,0.00019,-1.0,-2.5493,-2549.31
2025-11-27 08:30:00-05:00,LONG,Breakout,1.15916,1.1589150752668473,1.1598947741994579,2025-11-27 08:40:00-05:00,1.1589150752668473,SL,0.000178,-1.0,-1.7268,-1726.75
2025-11-27 18:00:00-05:00,LONG,Breakout,1.15978,1.1595796873909956,1.1603809378270133,2025-11-27 19:25:00-05:00,1.1595796873909956,SL,0.0002,-1.0,-1.9984,-1998.44
2025-11-30 18:10:00-05:00,LONG,Breakout,1.16066,1.160303316979704,1.1617300490608884,2025-11-30 18:15:00-05:00,1.160303316979704,SL,0.0002,-1.0,-1.5607,-1560.72
2025-11-30 20:05:00-05:00,LONG,Breakout,1.16114,1.1606502590892802,1.1626092227321596,2025-11-30 20:35:00-05:00,1.1606502590892802,SL,0.0002,-1.0,-1.4084,-1408.38
2025-12-02 01:45:00-05:00,LONG,Bounce,1.16071,1.1605507601712342,1.1611877194862972,2025-12-02 02:05:00-05:00,1.1611877194862972,TP,0.000176,3.0,1.8947,1894.75
2025-12-02 02:10:00-05:00,LONG,Retest,1.16129,1.1609962492195551,1.1621712523413343,2025-12-02 02:45:00-05:00,1.1609962492195551,SL,0.000182,-1.0,-1.6196,-1619.57
2025-12-02 02:50:00-05:00,LONG,Breakout,1.1612,1.1609854199901788,1.1618437400294637,2025-12-02 02:55:00-05:00,1.1609854199901788,SL,0.000182,-1.0,-1.8482,-1848.17
2025-12-02 03:35:00-05:00,LONG,Retest,1.16134,1.1609784641813057,1.1624246074560831,2025-12-02 03:40:00-05:00,1.1609784641813057,SL,0.000186,-1.0,-1.5145,-1514.47
2025-12-02 04:45:00-05:00,LONG,Bounce,1.16049,1.1603035451456953,1.161049364562914,2025-12-02 04:50:00-05:00,1.161049364562914,TP,0.00019,3.0,1.981,1980.99
2025-12-02 07:45:00-05:00,LONG,Breakout,1.1617,1.1614902938325893,1.162329118502232,2025-12-02 08:00:00-05:00,1.1614902938325893,SL,0.00018,-1.0,-1.8583,-1858.34
2025-12-02 22:35:00-05:00,LONG,Breakout,1.16381,1.1636662295783624,1.1642413112649128,2025-12-02 22:45:00-05:00,1.1636662295783624,SL,0.000172,-1.0,-2.1964,-2196.35
2025-12-03 02:00:00-05:00,LONG,Breakout,1.16451,1.164261187769864,1.1652564366904075,2025-12-03 02:35:00-05:00,1.164261187769864,SL,0.0002,-1.0,-1.8038,-1803.82
2025-12-03 18:50:00-05:00,LONG,Bounce,1.16654,1.1661863404628148,1.1676009786115553,2025-12-03 19:05:00-05:00,1.1661863404628148,SL,0.000186,-1.0,-1.5259,-1525.93
2025-12-04 02:50:00-05:00,LONG,Breakout,1.16621,1.1660969394452507,1.1665491816642477,2025-12-04 03:05:00-05:00,1.1665491816642477,TP,0.00018,3.0,1.4079,1407.93
2025-12-05 09:40:00-05:00,LONG,Breakout,1.1654,1.1651867166232364,1.1660398501302909,2025-12-05 09:55:00-05:00,1.1651867166232364,SL,0.00018,-1.0,-1.8439,-1843.95
2025-12-05 10:05:00-05:00,LONG,Bounce,1.16473,1.1641709832383667,1.1664070502849002,2025-12-05 11:05:00-05:00,1.1641709832383667,SL,0.00018,-1.0,-1.322,-1321.99
2025-12-07 18:05:00-05:00,LONG,Bounce,1.16429,1.1638283436854577,1.165674968943627,2025-12-07 18:55:00-05:00,1.1638283436854577,SL,0.0002,-1.0,-1.4332,-1433.22
2025-12-08 06:05:00-05:00,LONG,Bounce,1.16497,1.1646003023390088,1.1660790929829739,2025-12-08 08:35:00-05:00,1.1646003023390088,SL,0.000186,-1.0,-1.5031,-1503.11
2025-12-08 08:40:00-05:00,LONG,Bounce,1.16475,1.1645851620637464,1.1652445138087606,2025-12-08 08:50:00-05:00,1.1645851620637464,SL,0.000182,-1.0,-2.1041,-2104.11
2025-12-09 20:00:00-05:00,LONG,Bounce,1.16266,1.1622703206297222,1.1638290381108334,2025-12-09 20:30:00-05:00,1.1622703206297222,SL,0.00019,-1.0,-1.4876,-1487.58
2025-12-11 01:00:00-05:00,LONG,Bounce,1.16846,1.1683722389415172,1.1687232831754486,2025-12-11 01:05:00-05:00,1.1683722389415172,SL,0.000188,-1.0,-3.1422,-3142.18
2025-12-11 02:15:00-05:00,LONG,Breakout,1.1691799999999999,1.1690779027637899,1.16948629170863,2025-12-11 02:20:00-05:00,1.1690779027637899,SL,0.000172,-1.0,-2.6847,-2684.67
2025-12-11 02:30:00-05:00,LONG,Retest,1.16959,1.1690742122347109,1.171137363295867,2025-12-11 04:05:00-05:00,1.1690742122347109,SL,0.000178,-1.0,-1.3451,-1345.1
2025-12-11 05:55:00-05:00,LONG,Breakout,1.17066,1.1705343341011014,1.171036997696696,2025-12-11 06:00:00-05:00,1.1705343341011014,SL,0.00019,-1.0,-2.5119,-2511.95
2025-12-11 08:25:00-05:00,LONG,Breakout,1.17201,1.1717865964892042,1.1726802105323872,2025-12-11 08:30:00-05:00,1.1717865964892042,SL,0.00018,-1.0,-1.8057,-1805.72
2025-12-11 08:35:00-05:00,LONG,Breakout,1.17243,1.171768238809569,1.1744152835712935,2025-12-11 09:20:00-05:00,1.1744152835712935,TP,0.00018,3.0,2.728,2728.0
2025-12-11 19:00:00-05:00,LONG,Breakout,1.17417,1.1740808296512517,1.1744375110462446,2025-12-11 19:30:00-05:00,1.1740808296512517,SL,0.00018,-1.0,-3.0186,-3018.61
2025-12-12 00:55:00-05:00,LONG,Breakout,1.1738,1.1736701610185636,1.174189516944309,2025-12-12 01:00:00-05:00,1.1736701610185636,SL,0.000182,-1.0,-2.4017,-2401.74
2025-12-12 01:25:00-05:00,LONG,Breakout,1.17377,1.1736667779121916,1.174079666263425,2025-12-12 01:30:00-05:00,1.1736667779121916,SL,0.000188,-1.0,-2.8213,-2821.32
2025-12-12 01:55:00-05:00,LONG,Breakout,1.17382,1.1736609480235658,1.174297155929303,2025-12-12 02:00:00-05:00,1.1736609480235658,SL,0.000186,-1.0,-2.1694,-2169.43
2025-12-12 07:00:00-05:00,LONG,Bounce,1.17261,1.1725117879572677,1.1729046361281965,2025-12-12 07:05:00-05:00,1.1725117879572677,SL,0.00017,-1.0,-2.7309,-2730.95
2025-12-12 10:45:00-05:00,LONG,Breakout,1.17375,1.1733182934304167,1.1750451197087501,2025-12-12 10:50:00-05:00,1.1733182934304167,SL,0.00018,-1.0,-1.4169,-1416.95
2025-12-15 01:05:00-05:00,LONG,Bounce,1.17316,1.1730279172172935,1.1735562483481194,2025-12-15 01:20:00-05:00,1.1730279172172935,SL,0.000168,-1.0,-2.2719,-2271.93
2025-12-15 03:00:00-05:00,LONG,Bounce,1.17282,1.172730690516478,1.1730879284505658,2025-12-15 03:05:00-05:00,1.172730690516478,SL,0.000182,-1.0,-3.0379,-3037.86
2025-12-15 09:55:00-05:00,LONG,Breakout,1.17631,1.175850229866985,1.1776893103990447,2025-12-15 10:15:00-05:00,1.175850229866985,SL,0.00018,-1.0,-1.3915,-1391.5
2025-12-15 10:20:00-05:00,LONG,Breakout,1.17658,1.1758254153217456,1.1788437540347632,2025-12-15 10:25:00-05:00,1.1758254153217456,SL,0.00018,-1.0,-1.2385,-1238.54
2025-12-15 10:55:00-05:00,LONG,Retest,1.1762299999999999,1.1758187523579768,1.177463742926069,2025-12-15 11:00:00-05:00,1.1758187523579768,SL,0.00018,-1.0,-1.4377,-1437.69
2025-12-15 18:00:00-05:00,LONG,Breakout,1.17536,1.1751245057029438,1.1760664828911684,2025-12-15 18:40:00-05:00,1.1751245057029438,SL,0.0002,-1.0,-1.8493,-1849.28
2025-12-16 02:35:00-05:00,LONG,Bounce,1.17495,1.174823737837809,1.1753287864865727,2025-12-16 02:55:00-05:00,1.174823737837809,SL,0.000182,-1.0,-2.4414,-2441.45
2025-12-16 02:55:00-05:00,LONG,Bounce,1.17509,1.174823025676428,1.1758909229707157,2025-12-16 03:15:00-05:00,1.1758909229707157,TP,0.000186,3.0,2.3033,2303.3
2025-12-17 08:15:00-05:00,LONG,Breakout,1.17293,1.1725513403956012,1.1740659788131966,2025-12-17 08:25:00-05:00,1.1725513403956012,SL,0.00018,-1.0,-1.4754,-1475.36
2025-12-17 19:55:00-05:00,LONG,Breakout,1.17433,1.1741973625523054,1.174727912343084,2025-12-17 20:00:00-05:00,1.1741973625523054,SL,0.000182,-1.0,-2.3722,-2372.16
2025-12-18 08:15:00-05:00,LONG,Breakout,1.17343,1.1725783793880211,1.1759848618359365,2025-12-18 08:50:00-05:00,1.1759848618359365,TP,0.00018,3.0,2.7886,2788.64
2025-12-18 22:20:00-05:00,LONG,Bounce,1.1722299999999999,1.17186666660885,1.1733200001734496,2025-12-18 22:30:00-05:00,1.17186666660885,SL,0.00019,-1.0,-1.5229,-1522.94
2025-12-19 07:00:00-05:00,LONG,Bounce,1.17102,1.1707170735417705,1.1719287793746884,2025-12-19 07:20:00-05:00,1.1707170735417705,SL,0.000174,-1.0,-1.5744,-1574.4
2025-12-19 08:20:00-05:00,LONG,Bounce,1.17071,1.1705852414617401,1.1710842756147792,2025-12-19 08:25:00-05:00,1.1710842756147792,TP,0.000178,3.0,1.5732,1573.24
2025-12-21 18:55:00-05:00,LONG,Bounce,1.1709,1.1705356126466755,1.1719931620599737,2025-12-21 23:45:00-05:00,1.1719931620599737,TP,0.000198,3.0,2.4566,2456.62
2025-12-22 02:30:00-05:00,LONG,Breakout,1.17225,1.1720859250674085,1.1727422247977746,2025-12-22 02:50:00-05:00,1.1727422247977746,TP,0.000184,3.0,1.8786,1878.56
2025-12-22 07:05:00-05:00,LONG,Breakout,1.17416,1.1736402825183467,1.1757191524449602,2025-12-22 07:10:00-05:00,1.1736402825183467,SL,0.000178,-1.0,-1.3425,-1342.49
2025-12-23 03:00:00-05:00,LONG,Breakout,1.17797,1.17784105039778,1.1783568488066596,2025-12-23 03:20:00-05:00,1.17784105039778,SL,0.000182,-1.0,-2.4114,-2411.4
2025-12-23 03:40:00-05:00,LONG,Retest,1.17816,1.1778424365489863,1.1791126903530413,2025-12-23 04:55:00-05:00,1.1791126903530413,TP,0.000174,3.0,2.4521,2452.08
2025-12-23 19:00:00-05:00,LONG,Breakout,1.17974,1.1795466034364714,1.1803201896905857,2025-12-23 19:10:00-05:00,1.1795466034364714,SL,0.00019,-1.0,-1.9824,-1982.44
2025-12-26 02:55:00-05:00,LONG,Bounce,1.17721,1.1769667599667357,1.1779397200997932,2025-12-26 03:00:00-05:00,1.1769667599667357,SL,0.00019,-1.0,-1.7811,-1781.12
2025-12-26 08:00:00-05:00,LONG,Breakout,1.17847,1.1780971314034698,1.1795886057895901,2025-12-26 08:45:00-05:00,1.1795886057895901,TP,0.00018,3.0,2.5173,2517.26
2025-12-29 15:55:00-05:00,LONG,Breakout,1.17693,1.176820175376785,1.177259473869645,2025-12-29 16:00:00-05:00,1.176820175376785,SL,0.000192,-1.0,-2.7482,-2748.24
2025-12-29 17:20:00-05:00,LONG,Retest,1.1771099999999999,1.1768192969920608,1.1779821090238172,2025-12-29 17:25:00-05:00,1.1768192969920608,SL,0.000358,-1.0,-2.2315,-2231.5
2025-12-29 17:30:00-05:00,LONG,Breakout,1.17708,1.1768135162839708,1.1778794511480872,2025-12-29 17:55:00-05:00,1.1768135162839708,SL,0.000366,-1.0,-2.3734,-2373.44
2025-12-30 14:55:00-05:00,LONG,Bounce,1.17461,1.1743529919608864,1.1753810241173406,2025-12-30 15:55:00-05:00,1.1743529919608864,SL,0.000168,-1.0,-1.6537,-1653.68
2026-01-02 08:00:00-05:00,LONG,Breakout,1.17245,1.1722133157494619,1.1731600527516144,2026-01-02 08:05:00-05:00,1.1722133157494619,SL,0.000174,-1.0,-1.7352,-1735.16
2026-01-02 08:10:00-05:00,LONG,Breakout,1.17235,1.1722084100084644,1.1727747699746067,2026-01-02 08:20:00-05:00,1.1727747699746067,TP,0.00018,3.0,1.7287,1728.72
2026-01-02 08:20:00-05:00,LONG,Retest,1.17277,1.172206455568523,1.1744606332944314,2026-01-02 08:25:00-05:00,1.172206455568523,SL,0.00018,-1.0,-1.3194,-1319.41
2026-01-02 10:00:00-05:00,LONG,Breakout,1.1732,1.1727459957004367,1.17456201289869,2026-01-02 10:55:00-05:00,1.17456201289869,TP,0.000178,3.0,2.6079,2607.93
2026-01-05 07:55:00-05:00,SHORT,Breakout,1.16702,1.1673506829449742,1.166027951165077,2026-01-05 08:05:00-05:00,1.166027951165077,TP,0.00018,3.0,2.4557,2455.67
2026-01-07 02:30:00-05:00,SHORT,Breakout,1.16856,1.1690172228241935,1.1671883315274196,2026-01-07 05:20:00-05:00,1.1690172228241935,SL,0.00019,-1.0,-1.4156,-1415.55
2026-01-07 13:55:00-05:00,SHORT,Breakout,1.16824,1.1685133178737186,1.167420046378844,2026-01-07 16:25:00-05:00,1.167420046378844,TP,0.0002,3.0,2.2683,2268.25
2026-01-08 08:30:00-05:00,SHORT,Breakout,1.16666,1.1668373024219252,1.1661280927342246,2026-01-08 08:35:00-05:00,1.1668373024219252,SL,0.00018,-1.0,-2.0152,-2015.21
2026-01-09 01:05:00-05:00,SHORT,Breakout,1.16486,1.1651148112358103,1.1640955662925692,2026-01-09 01:30:00-05:00,1.1651148112358103,SL,0.000188,-1.0,-1.7378,-1737.8
2026-01-12 09:25:00-05:00,SHORT,Breakout,1.1675,1.1678088649526244,1.1665734051421268,2026-01-12 09:30:00-05:00,1.1678088649526244,SL,0.000176,-1.0,-1.5698,-1569.83
2026-01-12 09:50:00-05:00,SHORT,Retest,1.1675,1.167806844166223,1.1665794675013308,2026-01-12 10:05:00-05:00,1.167806844166223,SL,0.00018,-1.0,-1.5866,-1586.62
2026-01-13 03:10:00-05:00,SHORT,Bounce,1.16662,1.166756302584882,1.1662110922453541,2026-01-13 03:15:00-05:00,1.1662110922453541,TP,0.000186,3.0,1.6354,1635.39
2026-01-14 19:30:00-05:00,SHORT,Breakout,1.16393,1.164059621719976,1.163541134840072,2026-01-14 19:55:00-05:00,1.163541134840072,TP,0.000184,3.0,1.5805,1580.48
2026-01-15 01:40:00-05:00,SHORT,Breakout,1.16294,1.1632779974442107,1.1619260076673683,2026-01-15 01:55:00-05:00,1.1632779974442107,SL,0.00017,-1.0,-1.503,-1502.96
2026-01-15 07:55:00-05:00,SHORT,Breakout,1.1622,1.162538112860599,1.1611856614182028,2026-01-15 08:30:00-05:00,1.1611856614182028,TP,0.00018,3.0,2.4676,2467.63
2026-01-16 00:55:00-05:00,SHORT,Breakout,1.16054,1.160605025568391,1.1603449232948264,2026-01-16 01:00:00-05:00,1.160605025568391,SL,0.000172,-1.0,-3.6451,-3645.11
2026-01-16 05:50:00-05:00,SHORT,Bounce,1.16135,1.1614882182273627,1.1609353453179123,2026-01-16 06:00:00-05:00,1.1614882182273627,SL,0.000186,-1.0,-2.3457,-2345.7
2026-01-16 10:20:00-05:00,SHORT,Breakout,1.16046,1.1612490656420833,1.1580928030737503,2026-01-18 17:15:00-05:00,1.1580928030737503,TP,0.00018,3.0,2.7719,2771.88
2026-01-18 17:15:00-05:00,SHORT,Breakout,1.1578,1.1594961306912475,1.1527116079262574,2026-01-18 18:05:00-05:00,1.1594961306912475,SL,0.00036,-1.0,-1.2122,-1212.25
2026-01-21 02:25:00-05:00,LONG,Breakout,1.1723,1.1720122977782592,1.173163106665222,2026-01-21 02:30:00-05:00,1.1720122977782592,SL,0.000192,-1.0,-1.6674,-1667.36
2026-01-21 02:50:00-05:00,LONG,Bounce,1.17177,1.1713365944639569,1.1730702166081293,2026-01-21 03:00:00-05:00,1.1713365944639569,SL,0.000178,-1.0,-1.4107,-1410.7
2026-01-21 06:35:00-05:00,LONG,Breakout,1.1716,1.1711316190226955,1.1730051429319135,2026-01-21 06:55:00-05:00,1.1711316190226955,SL,0.00019,-1.0,-1.4057,-1405.65
2026-01-23 08:15:00-05:00,LONG,Breakout,1.17453,1.1743880066993115,1.1749559799020657,2026-01-23 08:20:00-05:00,1.1743880066993115,SL,0.000176,-1.0,-2.2395,-2239.5
2026-01-23 10:00:00-05:00,LONG,Breakout,1.17479,1.174593942123281,1.1753781736301572,2026-01-23 10:10:00-05:00,1.174593942123281,SL,0.00018,-1.0,-1.9181,-1918.1
2026-01-23 14:50:00-05:00,LONG,Breakout,1.18049,1.1796584719544685,1.1829845841365947,2026-01-23 16:05:00-05:00,1.1829845841365947,TP,0.000184,3.0,2.7787,2778.72
2026-01-26 18:50:00-05:00,LONG,Bounce,1.18741,1.1871760259491795,1.1881119221524619,2026-01-26 19:15:00-05:00,1.1881119221524619,TP,0.000188,3.0,2.1965,2196.49
2026-01-27 04:50:00-05:00,LONG,Breakout,1.18846,1.1879801859769934,1.18989944206902,2026-01-27 05:00:00-05:00,1.1879801859769934,SL,0.000186,-1.0,-1.3877,-1387.65
2026-01-27 09:30:00-05:00,LONG,Breakout,1.19461,1.1936357379572804,1.1975327861281586,2026-01-27 09:50:00-05:00,1.1936357379572804,SL,0.00018,-1.0,-1.1848,-1184.76
2026-01-27 15:20:00-05:00,LONG,Breakout,1.19889,1.198544753514757,1.1999257394557288,2026-01-27 15:30:00-05:00,1.198544753514757,SL,0.000194,-1.0,-1.5619,-1561.92
2026-01-27 15:40:00-05:00,LONG,Bounce,1.1984,1.1969229001753168,1.2028312994740493,2026-01-27 15:45:00-05:00,1.2028312994740493,TP,0.000186,3.0,2.8741,2874.08
2026-01-28 02:10:00-05:00,LONG,Breakout,1.20208,1.1999415975524068,1.2084952073427797,2026-01-28 02:30:00-05:00,1.1999415975524068,SL,0.000194,-1.0,-1.0907,-1090.72
2026-01-28 23:20:00-05:00,LONG,Breakout,1.19864,1.1983439584275848,1.1995281247172453,2026-01-28 23:25:00-05:00,1.1983439584275848,SL,0.000194,-1.0,-1.6553,-1655.31
2026-01-29 07:50:00-05:00,LONG,Breakout,1.19553,1.195143143934012,1.1966905681979636,2026-01-29 08:05:00-05:00,1.1966905681979636,TP,0.00018,3.0,2.5347,2534.71
2026-01-29 09:35:00-05:00,LONG,Retest,1.19637,1.1950857783290099,1.2002226650129701,2026-01-29 10:05:00-05:00,1.1950857783290099,SL,0.00018,-1.0,-1.1402,-1140.16
2026-01-29 19:05:00-05:00,LONG,Breakout,1.19718,1.1969409665524386,1.1978971003426837,2026-01-29 19:10:00-05:00,1.1969409665524386,SL,0.000178,-1.0,-1.7447,-1744.67
2026-01-30 02:55:00-05:00,LONG,Breakout,1.19371,1.1933147146614145,1.1948958560157568,2026-01-30 03:25:00-05:00,1.1933147146614145,SL,0.00019,-1.0,-1.4807,-1480.67
2026-02-02 07:55:00-05:00,LONG,Bounce,1.18493,1.184146480493943,1.1872805585181712,2026-02-02 08:00:00-05:00,1.184146480493943,SL,0.00018,-1.0,-1.2297,-1229.73
2026-02-04 19:00:00-05:00,LONG,Bounce,1.18011,1.1799944535179305,1.1804566394462084,2026-02-04 19:05:00-05:00,1.1799944535179305,SL,0.000192,-1.0,-2.6617,-2661.67
2026-02-04 20:20:00-05:00,LONG,Bounce,1.18024,1.1799954776248582,1.1809735671254251,2026-02-04 21:05:00-05:00,1.1799954776248582,SL,0.00019,-1.0,-1.777,-1777.03
2026-02-09 01:00:00-05:00,LONG,Breakout,1.18505,1.1832048912137616,1.190585326358715,2026-02-09 09:00:00-05:00,1.190585326358715,TP,0.0002,3.0,2.8916,2891.61
2026-02-10 17:40:00-05:00,LONG,Bounce,1.18916,1.18900006413258,1.18963980760226,2026-02-10 17:50:00-05:00,1.18900006413258,SL,0.000366,-1.0,-3.2884,-3288.42
2026-02-10 19:40:00-05:00,LONG,Breakout,1.1896200000000001,1.1894916230785224,1.1900051307644333,2026-02-10 19:55:00-05:00,1.1894916230785224,SL,0.000182,-1.0,-2.4177,-2417.7
2026-02-10 20:00:00-05:00,LONG,Breakout,1.18991,1.1894837673038754,1.191188698088374,2026-02-10 20:35:00-05:00,1.1894837673038754,SL,0.000196,-1.0,-1.4598,-1459.84
2026-02-11 00:35:00-05:00,LONG,Breakout,1.1916,1.1913628833905174,1.1923113498284477,2026-02-11 00:45:00-05:00,1.1913628833905174,SL,0.000184,-1.0,-1.776,-1775.99
2026-02-11 01:50:00-05:00,LONG,Breakout,1.19154,1.1913514201078401,1.1921057396764798,2026-02-11 02:00:00-05:00,1.1913514201078401,SL,0.000192,-1.0,-2.0181,-2018.14
2026-02-11 05:40:00-05:00,LONG,Breakout,1.19227,1.19184675950214,1.1935397214935797,2026-02-11 06:00:00-05:00,1.19184675950214,SL,0.000184,-1.0,-1.4347,-1434.74
2026-02-12 08:30:00-05:00,LONG,Bounce,1.18812,1.1872775988428224,1.1906472034715332,2026-02-12 11:10:00-05:00,1.1872775988428224,SL,0.000178,-1.0,-1.2113,-1211.3
2026-02-12 11:15:00-05:00,LONG,Bounce,1.18688,1.1864681607557723,1.1881155177326828,2026-02-12 11:25:00-05:00,1.1864681607557723,SL,0.00018,-1.0,-1.4371,-1437.06
2026-02-12 11:35:00-05:00,LONG,Bounce,1.18729,1.1864633808659313,1.189769857402206,2026-02-12 11:55:00-05:00,1.1864633808659313,SL,0.00018,-1.0,-1.2178,-1217.75
2026-02-12 19:00:00-05:00,LONG,Bounce,1.18695,1.1865200604186426,1.1882398187440721,2026-02-12 19:50:00-05:00,1.1865200604186426,SL,0.00019,-1.0,-1.4419,-1441.92
2026-02-13 08:30:00-05:00,LONG,Breakout,1.18736,1.1864885454289718,1.1899743637130846,2026-02-13 08:40:00-05:00,1.1864885454289718,SL,0.00018,-1.0,-1.2066,-1206.55
2026-02-13 08:50:00-05:00,LONG,Breakout,1.18719,1.1864677139212012,1.1893568582363963,2026-02-13 09:20:00-05:00,1.1864677139212012,SL,0.00018,-1.0,-1.2492,-1249.21
2026-02-16 01:40:00-05:00,LONG,Breakout,1.18689,1.1867923776310167,1.1871828671069498,2026-02-16 01:50:00-05:00,1.1867923776310167,SL,0.000176,-1.0,-2.8029,-2802.87
2026-02-16 02:55:00-05:00,LONG,Bounce,1.18621,1.1859209601589977,1.1870771195230068,2026-02-16 03:25:00-05:00,1.1859209601589977,SL,0.000184,-1.0,-1.6366,-1636.59
2026-02-16 03:25:00-05:00,LONG,Bounce,1.1862300000000001,1.1858668764787221,1.187319370563834,2026-02-16 03:35:00-05:00,1.1858668764787221,SL,0.000186,-1.0,-1.5122,-1512.22
2026-02-16 18:20:00-05:00,LONG,Bounce,1.18473,1.184526238603954,1.1853412841881386,2026-02-16 19:35:00-05:00,1.184526238603954,SL,0.000184,-1.0,-1.903,-1903.02
2026-02-16 21:00:00-05:00,LONG,Bounce,1.18437,1.183909698408027,1.1857509047759185,2026-02-16 22:00:00-05:00,1.183909698408027,SL,0.000192,-1.0,-1.4171,-1417.12
2026-02-20 00:05:00-05:00,SHORT,Breakout,1.17507,1.175252609831278,1.174522170506166,2026-02-20 00:20:00-05:00,1.175252609831278,SL,0.000182,-1.0,-1.9967,-1996.66
2026-02-20 03:00:00-05:00,SHORT,Breakout,1.17498,1.1751093394970236,1.174591981508929,2026-02-20 03:05:00-05:00,1.174591981508929,TP,0.00019,3.0,1.531,1531.0
2026-02-20 10:00:00-05:00,SHORT,Bounce,1.17645,1.1782949050853047,1.170915284744086,2026-02-20 10:10:00-05:00,1.1782949050853047,SL,0.00018,-1.0,-1.0976,-1097.57
2026-02-24 15:55:00-05:00,SHORT,Breakout,1.1774499999999999,1.1776075779011705,1.176977266296488,2026-02-24 17:35:00-05:00,1.1776075779011705,SL,0.000196,-1.0,-2.2438,-2243.83
2026-02-24 20:00:00-05:00,SHORT,Bounce,1.1776200000000001,1.1777073614956979,1.1773579155129068,2026-02-24 20:05:00-05:00,1.1777073614956979,SL,0.0002,-1.0,-3.2893,-3289.34
2026-03-02 15:10:00-05:00,SHORT,Breakout,1.16789,1.168688516588649,1.1654944502340536,2026-03-02 15:15:00-05:00,1.168688516588649,SL,0.0002,-1.0,-1.2505,-1250.46
2026-03-02 15:20:00-05:00,SHORT,Breakout,1.16846,1.1686988944055188,1.167743316783444,2026-03-02 15:35:00-05:00,1.1686988944055188,SL,0.0002,-1.0,-1.8372,-1837.19
2026-03-02 23:45:00-05:00,SHORT,Breakout,1.16812,1.1686276472241797,1.1665970583274612,2026-03-03 00:40:00-05:00,1.1665970583274612,TP,0.000188,3.0,2.6297,2629.66
2026-03-03 19:00:00-05:00,SHORT,Breakout,1.16052,1.1608548091608903,1.159515572517329,2026-03-03 19:15:00-05:00,1.1608548091608903,SL,0.000196,-1.0,-1.5854,-1585.41
2026-03-03 19:20:00-05:00,SHORT,Breakout,1.16039,1.1608720136517126,1.1589439590448625,2026-03-03 20:05:00-05:00,1.1589439590448625,TP,0.0002,3.0,2.5851,2585.07
2026-03-04 09:45:00-05:00,SHORT,Breakout,1.16229,1.1626458180695107,1.161222545791468,2026-03-04 09:50:00-05:00,1.1626458180695107,SL,0.00018,-1.0,-1.5059,-1505.88
2026-03-04 10:00:00-05:00,SHORT,Retest,1.1619,1.1626394381555083,1.1596816855334748,2026-03-04 10:10:00-05:00,1.1626394381555083,SL,0.00018,-1.0,-1.2434,-1243.43
2026-03-05 08:35:00-05:00,SHORT,Breakout,1.1602000000000001,1.1604392369319845,1.159482289204047,2026-03-05 08:45:00-05:00,1.159482289204047,TP,0.00018,3.0,2.2476,2247.61
2026-03-05 09:50:00-05:00,SHORT,Retest,1.15982,1.160455413649633,1.1579137590511013,2026-03-05 09:55:00-05:00,1.160455413649633,SL,0.00018,-1.0,-1.2833,-1283.28
2026-03-05 18:45:00-05:00,SHORT,Bounce,1.16075,1.1609657505034332,1.1601027484897002,2026-03-05 19:05:00-05:00,1.1609657505034332,SL,0.000188,-1.0,-1.8714,-1871.38
2026-03-06 01:00:00-05:00,SHORT,Breakout,1.1602000000000001,1.160639660088581,1.1588810197342572,2026-03-06 01:05:00-05:00,1.160639660088581,SL,0.0002,-1.0,-1.4549,-1454.9
2026-03-06 04:00:00-05:00,SHORT,Breakout,1.15949,1.1601459411685564,1.1575221764943304,2026-03-06 04:40:00-05:00,1.1575221764943304,TP,0.00019,3.0,2.7103,2710.34
2026-03-10 14:10:00-04:00,SHORT,Breakout,1.16288,1.1638787845040257,1.1598836464879225,2026-03-10 14:30:00-04:00,1.1638787845040257,SL,0.0002,-1.0,-1.2002,-1200.24
2026-03-11 02:00:00-04:00,SHORT,Bounce,1.16326,1.1636251687609556,1.1621644937171332,2026-03-11 02:10:00-04:00,1.1636251687609556,SL,0.0002,-1.0,-1.5477,-1547.69
2026-03-11 03:10:00-04:00,SHORT,Breakout,1.1627,1.1629470740184806,1.1619587779445584,2026-03-11 03:15:00-04:00,1.1629470740184806,SL,0.0002,-1.0,-1.8095,-1809.47
2026-03-11 03:15:00-04:00,SHORT,Bounce,1.16314,1.164116854445732,1.160209436662804,2026-03-11 05:00:00-04:00,1.160209436662804,TP,0.0002,3.0,2.7953,2795.26
2026-03-11 08:30:00-04:00,SHORT,Breakout,1.15871,1.1590297331550996,1.1577508005347008,2026-03-11 08:35:00-04:00,1.1590297331550996,SL,0.00018,-1.0,-1.563,-1562.97
2026-03-11 09:00:00-04:00,SHORT,Retest,1.15834,1.1590442496029814,1.1562272511910556,2026-03-11 09:55:00-04:00,1.1590442496029814,SL,0.000186,-1.0,-1.2641,-1264.11
2026-03-11 10:00:00-04:00,SHORT,Bounce,1.15953,1.1612945222734712,1.1542364331795862,2026-03-11 19:30:00-04:00,1.1542364331795862,TP,0.00018,3.0,2.898,2897.99
2026-03-12 10:45:00-04:00,SHORT,Breakout,1.15156,1.1520751944240286,1.1500144167279138,2026-03-12 10:50:00-04:00,1.1520751944240286,SL,0.000182,-1.0,-1.3533,-1353.26
2026-03-12 11:05:00-04:00,SHORT,Retest,1.15112,1.1520741713334206,1.1482574859997379,2026-03-12 11:35:00-04:00,1.1520741713334206,SL,0.00018,-1.0,-1.1886,-1188.65
2026-03-13 02:15:00-04:00,SHORT,Breakout,1.14966,1.149922818765636,1.1488715437030914,2026-03-13 02:20:00-04:00,1.149922818765636,SL,0.0002,-1.0,-1.761,-1760.98
2026-03-16 18:30:00-04:00,SHORT,Breakout,1.14998,1.1501175209113055,1.1495674372660836,2026-03-16 19:10:00-04:00,1.1495674372660836,TP,0.000288,3.0,0.9058,905.77
2026-03-17 01:40:00-04:00,SHORT,Breakout,1.14861,1.1488986142567783,1.1477441572296647,2026-03-17 01:55:00-04:00,1.1477441572296647,TP,0.000196,3.0,2.3209,2320.89
2026-03-17 04:00:00-04:00,SHORT,Bounce,1.14926,1.1500138167854652,1.1469985496436041,2026-03-17 04:35:00-04:00,1.1500138167854652,SL,0.00019,-1.0,-1.2521,-1252.05
2026-03-18 03:40:00-04:00,SHORT,Breakout,1.1526399999999999,1.1531387286216972,1.151143814134908,2026-03-18 04:50:00-04:00,1.1531387286216972,SL,0.00018,-1.0,-1.3609,-1360.92
2026-03-18 07:25:00-04:00,SHORT,Breakout,1.1531,1.1533579908465819,1.1523260274602545,2026-03-18 07:30:00-04:00,1.1533579908465819,SL,0.00019,-1.0,-1.7365,-1736.46
2026-03-18 08:15:00-04:00,SHORT,Breakout,1.15265,1.1533965942413542,1.1504102172759372,2026-03-18 09:00:00-04:00,1.1504102172759372,TP,0.00018,3.0,2.7589,2758.91
2026-03-18 14:35:00-04:00,SHORT,Breakout,1.14942,1.1502743373152606,1.1468569880542185,2026-03-18 15:50:00-04:00,1.1468569880542185,TP,0.0002,3.0,2.7659,2765.9
2026-03-19 01:40:00-04:00,SHORT,Breakout,1.14634,1.1466222419598135,1.145493274120559,2026-03-19 01:45:00-04:00,1.1466222419598135,SL,0.000192,-1.0,-1.6803,-1680.27
2026-03-19 02:30:00-04:00,SHORT,Breakout,1.14636,1.1466393748047847,1.145521875585646,2026-03-19 02:40:00-04:00,1.1466393748047847,SL,0.0002,-1.0,-1.7159,-1715.88
2026-03-19 02:45:00-04:00,SHORT,Breakout,1.14617,1.1466436962267172,1.144748911319848,2026-03-19 03:00:00-04:00,1.1466436962267172,SL,0.0002,-1.0,-1.4222,-1422.21
2026-03-19 04:00:00-04:00,SHORT,Breakout,1.14495,1.1452837801432816,1.143948659570155,2026-03-19 04:15:00-04:00,1.1452837801432816,SL,0.00019,-1.0,-1.5692,-1569.24
2026-03-19 08:05:00-04:00,SHORT,Bounce,1.14768,1.1482065530424572,1.1461003408726285,2026-03-19 08:35:00-04:00,1.1482065530424572,SL,0.00018,-1.0,-1.3418,-1341.85
2026-03-19 12:10:00-04:00,SHORT,Bounce,1.1526,1.1540517904639394,1.1482446286081822,2026-03-19 13:00:00-04:00,1.1540517904639394,SL,0.00018,-1.0,-1.124,-1123.98
2026-03-19 20:00:00-04:00,SHORT,Breakout,1.15731,1.1576515859260081,1.1562852422219758,2026-03-19 20:15:00-04:00,1.1576515859260081,SL,0.000192,-1.0,-1.5621,-1562.08
2026-03-19 20:20:00-04:00,SHORT,Retest,1.15734,1.157650819648915,1.156407541053255,2026-03-19 21:55:00-04:00,1.156407541053255,TP,0.000194,3.0,2.3758,2375.84
2026-03-20 01:35:00-04:00,SHORT,Breakout,1.15533,1.1555682924010053,1.1546151227969839,2026-03-20 01:40:00-04:00,1.1555682924010053,SL,0.000184,-1.0,-1.7722,-1772.16
2026-03-20 05:45:00-04:00,SHORT,Breakout,1.15529,1.1555696407893394,1.1544510776319814,2026-03-20 06:00:00-04:00,1.1544510776319814,TP,0.00019,3.0,2.3206,2320.56
2026-03-20 08:35:00-04:00,SHORT,Bounce,1.1571,1.1580613372040254,1.154215988387924,2026-03-20 09:50:00-04:00,1.154215988387924,TP,0.00018,3.0,2.8128,2812.76
2026-03-23 01:15:00-04:00,SHORT,Breakout,1.1541299999999999,1.1542465630065808,1.1537803109802571,2026-03-23 01:30:00-04:00,1.1537803109802571,TP,0.00016,3.0,1.6274,1627.35
2026-03-23 01:30:00-04:00,SHORT,Breakout,1.15362,1.1542484296375575,1.151734711087328,2026-03-23 04:20:00-04:00,1.1542484296375575,SL,0.00016,-1.0,-1.2546,-1254.6
2026-03-23 20:00:00-04:00,SHORT,Breakout,1.16007,1.1606443137171083,1.1583470588486748,2026-03-23 20:35:00-04:00,1.1583470588486748,TP,0.00016,3.0,2.7214,2721.41
2026-03-27 06:55:00-04:00,SHORT,Breakout,1.1510799999999999,1.151410609020644,1.1500881729380676,2026-03-27 08:05:00-04:00,1.1500881729380676,TP,0.00014,3.0,2.5765,2576.54
2026-03-27 16:15:00-04:00,SHORT,Bounce,1.15151,1.1519253255188413,1.1502640234434762,2026-03-29 17:15:00-04:00,1.1502640234434762,TP,0.000284,3.0,2.3162,2316.2
2026-03-30 03:00:00-04:00,SHORT,Breakout,1.15051,1.1509072567571836,1.1493182297284488,2026-03-30 03:40:00-04:00,1.1493182297284488,TP,0.00014,3.0,2.6476,2647.58
2026-03-30 08:10:00-04:00,SHORT,Breakout,1.14757,1.1483347824497567,1.1452756526507297,2026-03-30 08:25:00-04:00,1.1483347824497567,SL,0.00014,-1.0,-1.1831,-1183.06
2026-03-30 09:40:00-04:00,SHORT,Breakout,1.14687,1.1472934360929923,1.1455996917210234,2026-03-30 10:20:00-04:00,1.1455996917210234,TP,0.00014,3.0,2.6694,2669.37
2026-03-30 19:00:00-04:00,SHORT,Breakout,1.14538,1.1455340754169556,1.1449177737491334,2026-03-30 19:40:00-04:00,1.1455340754169556,SL,0.00016,-1.0,-2.0385,-2038.45
2026-03-30 20:10:00-04:00,SHORT,Breakout,1.14504,1.1451581637911115,1.1446855086266658,2026-03-30 20:20:00-04:00,1.1446855086266658,TP,0.00016,3.0,1.6459,1645.95
2026-03-30 20:20:00-04:00,SHORT,Breakout,1.14496,1.1451596820443768,1.1443609538668695,2026-03-30 20:25:00-04:00,1.1451596820443768,SL,0.00016,-1.0,-1.8013,-1801.27
2026-03-31 01:10:00-04:00,SHORT,Breakout,1.14627,1.1466182796529327,1.1452251610412014,2026-03-31 01:15:00-04:00,1.1466182796529327,SL,0.00016,-1.0,-1.4594,-1459.4
2026-03-31 01:55:00-04:00,SHORT,Breakout,1.14631,1.1466303784050689,1.1453488647847931,2026-03-31 02:25:00-04:00,1.1466303784050689,SL,0.00014,-1.0,-1.437,-1436.98
2026-03-31 02:55:00-04:00,SHORT,Bounce,1.14714,1.147331125989399,1.1465666220318032,2026-03-31 03:05:00-04:00,1.147331125989399,SL,0.00014,-1.0,-1.7325,-1732.5
2026-03-31 06:55:00-04:00,SHORT,Breakout,1.14583,1.146173003949016,1.144800988152952,2026-03-31 07:10:00-04:00,1.146173003949016,SL,0.00014,-1.0,-1.4082,-1408.16
2026-03-31 07:25:00-04:00,SHORT,Bounce,1.14734,1.1476472961136177,1.146418111659147,2026-03-31 07:35:00-04:00,1.1476472961136177,SL,0.00014,-1.0,-1.4556,-1455.59
2026-03-31 12:50:00-04:00,SHORT,Bounce,1.15385,1.1542150140036238,1.1527549579891287,2026-03-31 13:00:00-04:00,1.1542150140036238,SL,0.00014,-1.0,-1.3835,-1383.55
2026-04-02 09:50:00-04:00,SHORT,Bounce,1.15284,1.1531893126824135,1.1517920619527597,2026-04-02 10:00:00-04:00,1.1531893126824135,SL,0.00014,-1.0,-1.4008,-1400.79
2026-04-03 08:30:00-04:00,SHORT,Breakout,1.15274,1.1540485704847037,1.1488142885458894,2026-04-06 03:35:00-04:00,1.1540485704847037,SL,0.00014,-1.0,-1.107,-1106.99
2026-04-06 05:50:00-04:00,SHORT,Breakout,1.15501,1.1553726039139185,1.1539221882582449,2026-04-06 06:45:00-04:00,1.1539221882582449,TP,0.00014,3.0,2.6139,2613.9
2026-04-06 09:30:00-04:00,SHORT,Bounce,1.15567,1.1560554998076957,1.1545135005769127,2026-04-06 09:55:00-04:00,1.1560554998076957,SL,0.00014,-1.0,-1.3632,-1363.16
2026-04-06 10:00:00-04:00,SHORT,Bounce,1.15561,1.1560693070095267,1.15423207897142,2026-04-06 10:15:00-04:00,1.1560693070095267,SL,0.00014,-1.0,-1.3048,-1304.81
2026-04-06 20:00:00-04:00,SHORT,Breakout,1.15381,1.1539343150635946,1.1534370548092163,2026-04-06 20:05:00-04:00,1.1539343150635946,SL,0.00016,-1.0,-2.2871,-2287.05
2026-04-06 20:40:00-04:00,SHORT,Retest,1.15372,1.1539368718827165,1.1530693843518507,2026-04-06 21:05:00-04:00,1.1539368718827165,SL,0.00016,-1.0,-1.7378,-1737.76
2026-04-06 21:05:00-04:00,SHORT,Breakout,1.1535199999999999,1.1539413781868222,1.152255865439533,2026-04-07 02:35:00-04:00,1.1539413781868222,SL,0.00016,-1.0,-1.3797,-1379.71
2026-04-08 07:20:00-04:00,LONG,Breakout,1.17019,1.1698489172443447,1.1712132482669662,2026-04-08 07:35:00-04:00,1.1698489172443447,SL,0.00016,-1.0,-1.4691,-1469.09
2026-04-09 11:20:00-04:00,LONG,Breakout,1.16976,1.1693615209180317,1.1709554372459046,2026-04-09 11:25:00-04:00,1.1693615209180317,SL,0.00016,-1.0,-1.4015,-1401.53
2026-04-09 11:30:00-04:00,LONG,Breakout,1.17038,1.1693538216078947,1.1734585351763158,2026-04-09 16:40:00-04:00,1.1693538216078947,SL,0.00016,-1.0,-1.1559,-1155.92
2026-04-09 23:55:00-04:00,LONG,Breakout,1.16951,1.169363729940907,1.1699488101772793,2026-04-10 00:10:00-04:00,1.169363729940907,SL,0.000178,-1.0,-2.2169,-2216.93
2026-04-10 05:15:00-04:00,LONG,Breakout,1.17092,1.1692249257368463,1.1760052227894608,2026-04-12 17:15:00-04:00,1.1692249257368463,SL,0.00016,-1.0,-1.0944,-1094.39
2026-04-13 02:00:00-04:00,LONG,Breakout,1.16902,1.168921475247623,1.169315574257131,2026-04-13 02:05:00-04:00,1.168921475247623,SL,0.00016,-1.0,-2.624,-2623.96
2026-04-13 04:05:00-04:00,LONG,Retest,1.16933,1.168882062996151,1.170673811011547,2026-04-13 04:35:00-04:00,1.168882062996151,SL,0.00016,-1.0,-1.3572,-1357.19
2026-04-13 06:50:00-04:00,LONG,Breakout,1.1694499999999999,1.1691366331668058,1.170390100499582,2026-04-13 06:55:00-04:00,1.1691366331668058,SL,0.00016,-1.0,-1.5106,-1510.58
2026-04-13 07:00:00-04:00,LONG,Breakout,1.16975,1.169133790842807,1.1715986274715793,2026-04-13 07:35:00-04:00,1.169133790842807,SL,0.00016,-1.0,-1.2597,-1259.65
2026-04-13 08:05:00-04:00,LONG,Bounce,1.16837,1.168030387203277,1.169388838390169,2026-04-13 08:45:00-04:00,1.169388838390169,TP,0.00016,3.0,2.5289,2528.88
2026-04-13 12:40:00-04:00,LONG,Breakout,1.1724700000000001,1.1718854043350553,1.1742237869948347,2026-04-13 14:30:00-04:00,1.1742237869948347,TP,0.00016,3.0,2.7263,2726.31
2026-04-13 19:50:00-04:00,LONG,Breakout,1.17647,1.1763693377865112,1.176771986640466,2026-04-13 20:00:00-04:00,1.1763693377865112,SL,0.00018,-1.0,-2.7882,-2788.16
2026-04-14 02:50:00-04:00,LONG,Breakout,1.17733,1.1768592979426549,1.1787421061720353,2026-04-14 03:00:00-04:00,1.1787421061720353,TP,0.00016,3.0,2.6601,2660.08
2026-04-14 08:25:00-04:00,LONG,Breakout,1.17997,1.1797619719442514,1.1805940841672458,2026-04-14 08:30:00-04:00,1.1797619719442514,SL,0.00016,-1.0,-1.7691,-1769.13
2026-04-14 09:30:00-04:00,LONG,Bounce,1.17966,1.1790316723709977,1.1815449828870066,2026-04-14 11:45:00-04:00,1.1790316723709977,SL,0.00016,-1.0,-1.2546,-1254.64
2026-04-14 19:40:00-04:00,LONG,Breakout,1.1799,1.179784689539243,1.1802459313822709,2026-04-14 19:50:00-04:00,1.179784689539243,SL,0.000178,-1.0,-2.5437,-2543.66
2026-04-15 01:15:00-04:00,LONG,Breakout,1.17966,1.1795589124734203,1.179963262579739,2026-04-15 01:20:00-04:00,1.1795589124734203,SL,0.000178,-1.0,-2.7609,-2760.85
2026-04-15 02:05:00-04:00,LONG,Breakout,1.17986,1.1795469495241215,1.180799151427635,2026-04-15 02:10:00-04:00,1.1795469495241215,SL,0.00016,-1.0,-1.5111,-1511.1
2026-04-15 22:40:00-04:00,LONG,Breakout,1.18152,1.1807972935972533,1.1836881192082398,2026-04-16 00:45:00-04:00,1.1807972935972533,SL,0.00018,-1.0,-1.2491,-1249.06
2026-04-16 09:40:00-04:00,LONG,Bounce,1.17775,1.1774104887343126,1.1787685337970624,2026-04-16 09:50:00-04:00,1.1774104887343126,SL,0.00016,-1.0,-1.4713,-1471.27
2026-04-16 18:00:00-04:00,LONG,Breakout,1.17831,1.1781924814132798,1.1786625557601604,2026-04-16 18:15:00-04:00,1.1781924814132798,SL,0.00033,-1.0,-3.8081,-3808.07
2026-04-16 18:30:00-04:00,LONG,Retest,1.17842,1.1781916650454891,1.1791050048635328,2026-04-16 18:35:00-04:00,1.1781916650454891,SL,0.000208,-1.0,-1.9109,-1910.94
2026-04-17 04:40:00-04:00,LONG,Breakout,1.17911,1.1783493358810955,1.181391992356714,2026-04-17 08:45:00-04:00,1.181391992356714,TP,0.00016,3.0,2.7897,2789.66
2026-04-20 02:55:00-04:00,LONG,Breakout,1.17647,1.1761108668511906,1.1775473994464278,2026-04-20 03:30:00-04:00,1.1761108668511906,SL,0.00016,-1.0,-1.4455,-1445.52
2026-04-20 11:20:00-04:00,LONG,Breakout,1.1783299999999999,1.178000538084388,1.1793183857468352,2026-04-20 14:35:00-04:00,1.178000538084388,SL,0.00016,-1.0,-1.4856,-1485.64
2026-04-20 20:15:00-04:00,LONG,Bounce,1.17841,1.1782533112017322,1.1788800663948034,2026-04-20 20:25:00-04:00,1.1782533112017322,SL,0.00018,-1.0,-2.1488,-2148.77
2026-04-21 07:10:00-04:00,LONG,Bounce,1.17584,1.175437639892941,1.1770470803211772,2026-04-21 08:30:00-04:00,1.175437639892941,SL,0.00016,-1.0,-1.3977,-1397.65
2026-04-21 08:30:00-04:00,LONG,Bounce,1.17611,1.1754371806239434,1.1781284581281697,2026-04-21 08:35:00-04:00,1.1754371806239434,SL,0.00016,-1.0,-1.2378,-1237.81
2026-04-21 08:40:00-04:00,LONG,Bounce,1.17573,1.1754291302318696,1.176632609304391,2026-04-21 09:25:00-04:00,1.176632609304391,TP,0.00016,3.0,2.4682,2468.21
2026-04-21 23:00:00-04:00,LONG,Bounce,1.1741,1.1737161436554655,1.1752515690336032,2026-04-21 23:50:00-04:00,1.1737161436554655,SL,0.000178,-1.0,-1.4637,-1463.72
2026-04-22 01:15:00-04:00,LONG,Breakout,1.17554,1.174705303084216,1.178044090747352,2026-04-22 02:00:00-04:00,1.174705303084216,SL,0.00018,-1.0,-1.2156,-1215.65
2026-04-22 20:15:00-04:00,LONG,Breakout,1.17102,1.1707652996086793,1.171784101173962,2026-04-22 20:20:00-04:00,1.1707652996086793,SL,0.00018,-1.0,-1.7067,-1706.71
2026-04-26 21:00:00-04:00,LONG,Breakout,1.17228,1.1721174279586937,1.172767716123919,2026-04-26 21:05:00-04:00,1.1721174279586937,SL,0.00018,-1.0,-2.1072,-2107.2
2026-04-26 21:15:00-04:00,LONG,Breakout,1.17238,1.1721066935952078,1.1731999192143765,2026-04-26 21:25:00-04:00,1.1721066935952078,SL,0.00018,-1.0,-1.6586,-1658.6
2026-04-26 21:40:00-04:00,LONG,Retest,1.1724,1.1721091907855459,1.1732724276433628,2026-04-26 22:05:00-04:00,1.1721091907855459,SL,0.00018,-1.0,-1.619,-1618.96
2026-04-27 02:30:00-04:00,LONG,Bounce,1.17203,1.1718236885267395,1.1726489344197812,2026-04-27 02:50:00-04:00,1.1726489344197812,TP,0.00016,3.0,2.2245,2224.47
2026-04-27 08:05:00-04:00,LONG,Breakout,1.17489,1.174641015820034,1.175636952539898,2026-04-27 08:20:00-04:00,1.174641015820034,SL,0.00016,-1.0,-1.6426,-1642.61
2026-04-27 08:50:00-04:00,LONG,Retest,1.1749100000000001,1.1746374297966682,1.175727710609996,2026-04-27 08:55:00-04:00,1.1746374297966682,SL,0.00016,-1.0,-1.587,-1587.0
2026-04-27 09:00:00-04:00,LONG,Breakout,1.17482,1.1746303961001883,1.175388811699435,2026-04-27 09:30:00-04:00,1.1746303961001883,SL,0.00016,-1.0,-1.8439,-1843.86
2026-04-27 09:55:00-04:00,LONG,Bounce,1.1739600000000001,1.1735981105113618,1.1750456684659152,2026-04-27 10:00:00-04:00,1.1735981105113618,SL,0.00016,-1.0,-1.4421,-1442.12
2026-04-27 10:00:00-04:00,LONG,Bounce,1.17386,1.1735975311891218,1.1746474064326342,2026-04-27 10:45:00-04:00,1.1746474064326342,TP,0.00016,3.0,2.3904,2390.4
2026-04-27 20:00:00-04:00,LONG,Breakout,1.17235,1.1722331685491896,1.1727004943524313,2026-04-27 20:15:00-04:00,1.1722331685491896,SL,0.00018,-1.0,-2.5407,-2540.68
2026-04-27 20:20:00-04:00,LONG,Breakout,1.1723,1.1722308684645304,1.1725073946064084,2026-04-27 20:25:00-04:00,1.1722308684645304,SL,0.00018,-1.0,-3.6037,-3603.73
2026-04-30 20:10:00-04:00,SHORT,Breakout,1.17243,1.1727504691465749,1.1714685925602757,2026-04-30 20:35:00-04:00,1.1727504691465749,SL,0.00018,-1.0,-1.5617,-1561.68
2026-05-01 02:50:00-04:00,LONG,Breakout,1.17424,1.1734944974875878,1.1764765075372363,2026-05-01 02:55:00-04:00,1.1734944974875878,SL,0.00016,-1.0,-1.2146,-1214.62
2026-05-01 03:25:00-04:00,LONG,Retest,1.1739,1.1734811186972816,1.175156643908155,2026-05-01 03:35:00-04:00,1.1734811186972816,SL,0.00016,-1.0,-1.382,-1381.97
2026-05-01 07:10:00-04:00,LONG,Breakout,1.17503,1.1746851425310347,1.1760645724068959,2026-05-01 07:45:00-04:00,1.1746851425310347,SL,0.00016,-1.0,-1.464,-1463.96
2026-05-01 08:00:00-04:00,LONG,Retest,1.17512,1.1746791025860652,1.176442692241804,2026-05-01 08:15:00-04:00,1.176442692241804,TP,0.00016,3.0,2.6371,2637.1
2026-05-01 10:00:00-04:00,LONG,Breakout,1.17722,1.1767222908146964,1.1787131275559106,2026-05-01 10:40:00-04:00,1.1767222908146964,SL,0.00016,-1.0,-1.3215,-1321.47
2026-05-04 02:45:00-04:00,LONG,Bounce,1.17257,1.1724168728135402,1.1730293815593789,2026-05-04 02:50:00-04:00,1.1730293815593789,TP,0.00016,3.0,1.9551,1955.12
2026-05-06 00:25:00-04:00,LONG,Breakout,1.17277,1.1724186430324983,1.1738240709025054,2026-05-06 00:45:00-04:00,1.1738240709025054,TP,0.00018,3.0,2.4877,2487.7
2026-05-06 20:10:00-04:00,LONG,Breakout,1.17535,1.1750876133445236,1.1761371599664288,2026-05-06 20:15:00-04:00,1.1750876133445236,SL,0.00018,-1.0,-1.686,-1686.01
2026-05-06 21:15:00-04:00,LONG,Breakout,1.17563,1.1752988900383095,1.1766233298850715,2026-05-06 23:05:00-04:00,1.1752988900383095,SL,0.00018,-1.0,-1.5436,-1543.63
2026-05-07 02:20:00-04:00,LONG,Bounce,1.17497,1.1746541360727778,1.1759175917816669,2026-05-07 02:30:00-04:00,1.1746541360727778,SL,0.00016,-1.0,-1.5065,-1506.55
2026-05-07 02:30:00-04:00,LONG,Bounce,1.17487,1.1746468622260176,1.1755394133219477,2026-05-07 02:40:00-04:00,1.1755394133219477,TP,0.00016,3.0,2.283,2282.95
2026-05-07 02:40:00-04:00,LONG,Breakout,1.17555,1.175237284266311,1.1764881472010673,2026-05-07 02:45:00-04:00,1.175237284266311,SL,0.00016,-1.0,-1.5116,-1511.65
2026-05-07 03:00:00-04:00,LONG,Breakout,1.17539,1.1752243439694428,1.1758869680916715,2026-05-07 03:05:00-04:00,1.1758869680916715,TP,0.00016,3.0,2.0341,2034.14
2026-05-07 20:05:00-04:00,LONG,Breakout,1.17327,1.172994674688897,1.174095975933309,2026-05-07 20:10:00-04:00,1.172994674688897,SL,0.00018,-1.0,-1.6538,-1653.77
2026-05-08 08:30:00-04:00,LONG,Breakout,1.17766,1.1767030013364257,1.1805309959907226,2026-05-08 09:10:00-04:00,1.1767030013364257,SL,0.00016,-1.0,-1.1672,-1167.19
2026-05-11 02:55:00-04:00,LONG,Breakout,1.1767,1.1764982722001316,1.1773051833996055,2026-05-11 03:00:00-04:00,1.1764982722001316,SL,0.00016,-1.0,-1.7931,-1793.15
2026-05-11 07:55:00-04:00,LONG,Bounce,1.17673,1.1763332300473701,1.1779203098578899,2026-05-11 09:05:00-04:00,1.1779203098578899,TP,0.00016,3.0,2.5967,2596.74
2026-05-11 15:55:00-04:00,LONG,Bounce,1.17763,1.1772988966245486,1.1786233101263541,2026-05-11 16:10:00-04:00,1.1772988966245486,SL,0.00016,-1.0,-1.4832,-1483.23
2026-05-11 16:10:00-04:00,LONG,Bounce,1.17777,1.1772889234271622,1.1792132297185134,2026-05-11 20:20:00-04:00,1.1772889234271622,SL,0.000218,-1.0,-1.4532,-1453.15
2026-05-12 01:55:00-04:00,LONG,Breakout,1.17618,1.1758417392354887,1.1771947822935338,2026-05-12 02:05:00-04:00,1.1758417392354887,SL,0.00016,-1.0,-1.473,-1473.01
2026-05-12 07:05:00-04:00,LONG,Bounce,1.17398,1.1738134892049505,1.1744795323851485,2026-05-12 07:35:00-04:00,1.1744795323851485,TP,0.00016,3.0,2.0391,2039.1
2026-05-12 20:00:00-04:00,LONG,Bounce,1.1736,1.17331328092184,1.1744601572344797,2026-05-12 20:10:00-04:00,1.17331328092184,SL,0.000178,-1.0,-1.6208,-1620.82
2026-05-12 20:25:00-04:00,LONG,Bounce,1.17348,1.173310184813829,1.1739894455585134,2026-05-12 20:30:00-04:00,1.173310184813829,SL,0.00018,-1.0,-2.06,-2059.98
2026-05-15 06:45:00-04:00,SHORT,Bounce,1.1644700000000001,1.1648922171302984,1.1632033486091051,2026-05-15 06:50:00-04:00,1.1648922171302984,SL,0.00014,-1.0,-1.3316,-1331.58
2026-05-15 14:30:00-04:00,SHORT,Breakout,1.16176,1.1620307259278975,1.1609478222163072,2026-05-15 14:45:00-04:00,1.1620307259278975,SL,0.00014,-1.0,-1.5171,-1517.13
2026-05-17 20:10:00-04:00,SHORT,Breakout,1.16144,1.1616895602779749,1.1606913191660755,2026-05-17 20:20:00-04:00,1.1616895602779749,SL,0.00016,-1.0,-1.6411,-1641.13
2026-05-17 20:50:00-04:00,SHORT,Breakout,1.16082,1.1611493079125703,1.159832076262289,2026-05-17 20:55:00-04:00,1.1611493079125703,SL,0.00016,-1.0,-1.4859,-1485.87
2026-05-17 21:00:00-04:00,SHORT,Breakout,1.16099,1.1611537195776753,1.160498841266974,2026-05-17 21:05:00-04:00,1.1611537195776753,SL,0.00016,-1.0,-1.9773,-1977.28
2026-05-18 14:55:00-04:00,SHORT,Breakout,1.16282,1.1633365049823516,1.161270485052945,2026-05-18 15:00:00-04:00,1.1633365049823516,SL,0.00014,-1.0,-1.2711,-1271.05
2026-05-18 20:05:00-04:00,SHORT,Breakout,1.16496,1.1650511307134812,1.1646866078595564,2026-05-18 20:10:00-04:00,1.1650511307134812,SL,0.00016,-1.0,-2.7557,-2755.72
2026-05-18 20:25:00-04:00,SHORT,Breakout,1.16494,1.1650505412408303,1.1646083762775095,2026-05-18 20:35:00-04:00,1.1646083762775095,TP,0.00016,3.0,1.5526,1552.58
2026-05-19 06:40:00-04:00,SHORT,Breakout,1.16117,1.1614847404629545,1.1602257786111367,2026-05-19 06:45:00-04:00,1.1614847404629545,SL,0.00014,-1.0,-1.4448,-1444.81
2026-05-19 09:05:00-04:00,SHORT,Breakout,1.16136,1.1615475196834033,1.1607974409497899,2026-05-19 09:10:00-04:00,1.1615475196834033,SL,0.00014,-1.0,-1.7466,-1746.59
2026-05-19 09:55:00-04:00,SHORT,Retest,1.16125,1.1615542775664178,1.160337167300746,2026-05-19 10:00:00-04:00,1.1615542775664178,SL,0.00014,-1.0,-1.4601,-1460.11
2026-05-19 17:55:00-04:00,SHORT,Bounce,1.16055,1.1607942188989768,1.1598173433030694,2026-05-19 18:35:00-04:00,1.1607942188989768,SL,0.000348,-1.0,-2.425,-2424.95
2026-05-20 10:00:00-04:00,SHORT,Breakout,1.15863,1.1587464037162367,1.15828078885129,2026-05-20 10:05:00-04:00,1.15828078885129,TP,0.00014,3.0,1.7973,1797.29
2026-05-21 01:10:00-04:00,SHORT,Bounce,1.16206,1.1622611552305409,1.1614565343083778,2026-05-21 02:00:00-04:00,1.1622611552305409,SL,0.00016,-1.0,-1.7954,-1795.41
2026-05-21 03:00:00-04:00,SHORT,Breakout,1.16165,1.1618041094141052,1.1611876717576848,2026-05-21 03:10:00-04:00,1.1618041094141052,SL,0.00014,-1.0,-1.9084,-1908.45
2026-05-21 03:15:00-04:00,SHORT,Breakout,1.15974,1.16182629168469,1.15348112494593,2026-05-21 04:10:00-04:00,1.16182629168469,SL,0.00014,-1.0,-1.0671,-1067.1
2026-05-21 20:15:00-04:00,SHORT,Breakout,1.1612,1.1613371098883416,1.1607886703349752,2026-05-21 20:20:00-04:00,1.1613371098883416,SL,0.00016,-1.0,-2.1669,-2166.95
2026-05-21 20:35:00-04:00,SHORT,Breakout,1.16116,1.1613353075156425,1.1606340774530723,2026-05-21 20:40:00-04:00,1.1613353075156425,SL,0.00016,-1.0,-1.9127,-1912.68
2026-05-21 23:00:00-04:00,SHORT,Retest,1.16102,1.1613343451229972,1.1600769646310083,2026-05-22 00:05:00-04:00,1.1613343451229972,SL,0.00016,-1.0,-1.509,-1508.99
2026-05-22 03:00:00-04:00,SHORT,Breakout,1.1605,1.1608280244088733,1.1595159267733803,2026-05-22 03:55:00-04:00,1.1608280244088733,SL,0.00014,-1.0,-1.4268,-1426.8
2026-05-22 07:00:00-04:00,SHORT,Breakout,1.15945,1.159624840848783,1.1589254774536513,2026-05-22 07:35:00-04:00,1.159624840848783,SL,0.00014,-1.0,-1.8007,-1800.73
2026-05-22 08:00:00-04:00,SHORT,Breakout,1.15945,1.1596264994471202,1.15892050165864,2026-05-22 08:05:00-04:00,1.1596264994471202,SL,0.00014,-1.0,-1.7932,-1793.2
2026-05-25 03:15:00-04:00,SHORT,Breakout,1.16305,1.1635198157137696,1.1616405528586908,2026-05-25 03:30:00-04:00,1.1635198157137696,SL,0.00014,-1.0,-1.298,-1297.99
2026-05-25 03:50:00-04:00,SHORT,Retest,1.1634,1.1635173882771825,1.1630478351684523,2026-05-25 03:55:00-04:00,1.1635173882771825,SL,0.00014,-1.0,-2.1926,-2192.62
2026-05-25 07:30:00-04:00,SHORT,Bounce,1.16442,1.1645153429033361,1.1641339712899916,2026-05-25 07:35:00-04:00,1.1645153429033361,SL,0.00014,-1.0,-2.4684,-2468.38
2026-05-25 08:45:00-04:00,SHORT,Bounce,1.16489,1.1650722612639677,1.1643432162080969,2026-05-25 09:25:00-04:00,1.1643432162080969,TP,0.00014,3.0,2.2319,2231.87
2026-05-25 20:15:00-04:00,SHORT,Breakout,1.16346,1.16354938939134,1.1631918318259797,2026-05-25 20:25:00-04:00,1.16354938939134,SL,0.00016,-1.0,-2.7899,-2789.92
2026-05-26 03:30:00-04:00,SHORT,Bounce,1.16345,1.1636939852857369,1.1627180441427898,2026-05-26 03:45:00-04:00,1.1636939852857369,SL,0.00014,-1.0,-1.5738,-1573.81
2026-05-26 06:30:00-04:00,SHORT,Bounce,1.16406,1.164171119231554,1.1637266423053383,2026-05-26 06:35:00-04:00,1.1637266423053383,TP,0.00014,3.0,1.7401,1740.09
2026-05-26 09:50:00-04:00,SHORT,Breakout,1.16202,1.1631001648900312,1.1587795053299066,2026-05-26 15:35:00-04:00,1.1631001648900312,SL,0.00014,-1.0,-1.1296,-1129.61
2026-05-27 10:55:00-04:00,SHORT,Breakout,1.16251,1.163329099653941,1.160052701038177,2026-05-27 11:10:00-04:00,1.163329099653941,SL,0.00014,-1.0,-1.1709,-1170.92
2026-05-27 11:40:00-04:00,SHORT,Retest,1.16304,1.1633063122265461,1.162241063320362,2026-05-27 11:45:00-04:00,1.1633063122265461,SL,0.00014,-1.0,-1.5257,-1525.7
2026-05-27 19:20:00-04:00,SHORT,Breakout,1.16226,1.1623965558455265,1.1618503324634208,2026-05-27 19:50:00-04:00,1.1618503324634208,TP,0.00016,3.0,1.8283,1828.32
2026-05-28 07:55:00-04:00,SHORT,Bounce,1.16161,1.1619326492888822,1.1606420521333536,2026-05-28 08:15:00-04:00,1.1619326492888822,SL,0.00014,-1.0,-1.4339,-1433.91
2026-05-28 17:45:00-04:00,SHORT,Bounce,1.16488,1.1651307526232162,1.164127742130351,2026-05-28 17:50:00-04:00,1.1651307526232162,SL,0.00035,-1.0,-2.3958,-2395.8
2026-05-28 19:50:00-04:00,SHORT,Bounce,1.16513,1.1652326635057344,1.1648220094827968,2026-05-28 20:00:00-04:00,1.1652326635057344,SL,0.00016,-1.0,-2.5585,-2558.49
2026-06-03 01:25:00-04:00,SHORT,Breakout,1.16218,1.1624261604399628,1.1614415186801115,2026-06-03 02:10:00-04:00,1.1614415186801115,TP,0.00016,3.0,2.35,2350.02
2026-06-03 04:30:00-04:00,SHORT,Breakout,1.16103,1.1612494118493295,1.1603717644520115,2026-06-03 05:05:00-04:00,1.1612494118493295,SL,0.00014,-1.0,-1.6381,-1638.07
2026-06-03 08:30:00-04:00,SHORT,Breakout,1.16018,1.160484358515315,1.1592669244540548,2026-06-03 09:30:00-04:00,1.160484358515315,SL,0.00014,-1.0,-1.46,-1459.98
2026-06-03 09:30:00-04:00,SHORT,Retest,1.1602999999999999,1.1604954793706346,1.1597135618880958,2026-06-03 09:35:00-04:00,1.1604954793706346,SL,0.00014,-1.0,-1.7162,-1716.19
2026-06-03 20:00:00-04:00,SHORT,Bounce,1.16073,1.161058541147918,1.1597443765562463,2026-06-03 20:15:00-04:00,1.161058541147918,SL,0.00016,-1.0,-1.487,-1487.0
2026-06-04 10:00:00-04:00,SHORT,Breakout,1.16329,1.1634321490304675,1.162863552908597,2026-06-04 10:05:00-04:00,1.1634321490304675,SL,0.00014,-1.0,-1.9849,-1984.88
2026-06-04 10:05:00-04:00,SHORT,Retest,1.16328,1.1634301383854342,1.1628295848436978,2026-06-04 10:20:00-04:00,1.1634301383854342,SL,0.00014,-1.0,-1.9325,-1932.47
2026-06-05 01:00:00-04:00,SHORT,Bounce,1.16147,1.1616420330428612,1.1609539008714165,2026-06-05 01:30:00-04:00,1.1616420330428612,SL,0.00016,-1.0,-1.9301,-1930.05
2026-06-05 08:30:00-04:00,SHORT,Breakout,1.16145,1.163458094926725,1.1554257152198253,2026-06-05 10:25:00-04:00,1.1554257152198253,TP,0.00014,3.0,2.9303,2930.28
2026-06-08 01:50:00-04:00,SHORT,Breakout,1.15224,1.1525625039072984,1.1512724882781045,2026-06-08 03:10:00-04:00,1.1525625039072984,SL,0.00014,-1.0,-1.4341,-1434.1
2026-06-08 06:35:00-04:00,SHORT,Bounce,1.15205,1.1527135963086252,1.1500592110741243,2026-06-08 07:10:00-04:00,1.1527135963086252,SL,0.00014,-1.0,-1.211,-1210.97
2026-06-08 19:55:00-04:00,SHORT,Breakout,1.15273,1.1528429763325476,1.1523910710023573,2026-06-08 20:00:00-04:00,1.1528429763325476,SL,0.00016,-1.0,-2.4162,-2416.23
2026-06-09 18:00:00-04:00,SHORT,Breakout,1.15354,1.1538818267906874,1.1525145196279378,2026-06-09 18:10:00-04:00,1.1538818267906874,SL,0.00024,-1.0,-1.7021,-1702.11
2026-06-10 02:55:00-04:00,SHORT,Bounce,1.15479,1.1551899755725188,1.1535900732824436,2026-06-10 03:05:00-04:00,1.1551899755725188,SL,0.00014,-1.0,-1.35,-1350.02
2026-06-10 07:00:00-04:00,SHORT,Breakout,1.15371,1.154843188563719,1.1503104343088433,2026-06-10 08:30:00-04:00,1.154843188563719,SL,0.00014,-1.0,-1.1235,-1123.55
2026-06-11 11:05:00-04:00,SHORT,Breakout,1.15152,1.151760319953131,1.1507990401406074,2026-06-11 11:10:00-04:00,1.151760319953131,SL,0.00014,-1.0,-1.5826,-1582.56
2026-06-11 20:00:00-04:00,SHORT,Breakout,1.15683,1.1571574048134783,1.1558477855595652,2026-06-11 20:05:00-04:00,1.1571574048134783,SL,0.00016,-1.0,-1.4887,-1488.69
2026-06-11 20:10:00-04:00,SHORT,Breakout,1.157,1.1571560072116216,1.1565319783651353,2026-06-11 21:05:00-04:00,1.1565319783651353,TP,0.00016,3.0,1.9744,1974.41
2026-06-12 08:05:00-04:00,SHORT,Breakout,1.15662,1.1569305117227215,1.1556884648318353,2026-06-12 09:15:00-04:00,1.1569305117227215,SL,0.00014,-1.0,-1.4509,-1450.87
2026-06-12 09:30:00-04:00,SHORT,Bounce,1.15746,1.157958189732757,1.1559654308017284,2026-06-12 11:25:00-04:00,1.157958189732757,SL,0.00014,-1.0,-1.281,-1281.02
2026-06-18 00:35:00-04:00,SHORT,Bounce,1.15217,1.15228156261885,1.1518353121434495,2026-06-18 00:40:00-04:00,1.15228156261885,SL,0.00016,-1.0,-2.4342,-2434.17
2026-06-18 15:55:00-04:00,SHORT,Breakout,1.14573,1.1461357716435323,1.1445126850694027,2026-06-18 16:10:00-04:00,1.1461357716435323,SL,0.00014,-1.0,-1.345,-1345.02
2026-06-18 17:15:00-04:00,SHORT,Retest,1.14585,1.1461326857346656,1.1450019427960032,2026-06-18 17:30:00-04:00,1.1461326857346656,SL,0.00035,-1.0,-2.2381,-2238.12
2026-06-18 20:05:00-04:00,SHORT,Bounce,1.14611,1.1463595322949898,1.1453614031150305,2026-06-18 20:35:00-04:00,1.1463595322949898,SL,0.00016,-1.0,-1.6412,-1641.2
2026-06-18 20:35:00-04:00,SHORT,Bounce,1.14598,1.1463621998725084,1.1448334003824747,2026-06-18 20:50:00-04:00,1.1463621998725084,SL,0.00016,-1.0,-1.4186,-1418.63
2026-06-18 23:15:00-04:00,SHORT,Breakout,1.14449,1.1450568036628626,1.1427895890114124,2026-06-19 00:55:00-04:00,1.1427895890114124,TP,0.00016,3.0,2.7177,2717.72
2026-06-19 11:00:00-04:00,SHORT,Bounce,1.14692,1.147504133724692,1.1451675988259236,2026-06-19 13:40:00-04:00,1.147504133724692,SL,0.00014,-1.0,-1.2397,-1239.67
2026-06-22 03:00:00-04:00,SHORT,Bounce,1.14594,1.1462950694312999,1.1448747917061002,2026-06-22 03:30:00-04:00,1.1448747917061002,TP,0.00014,3.0,2.6057,2605.71
2026-06-22 05:05:00-04:00,SHORT,Bounce,1.14572,1.1463787975053983,1.1437436074838054,2026-06-22 09:00:00-04:00,1.1437436074838054,TP,0.00014,3.0,2.7875,2787.49
2026-06-22 09:05:00-04:00,SHORT,Breakout,1.14405,1.1447537728703663,1.1419386813889012,2026-06-22 10:50:00-04:00,1.1447537728703663,SL,0.00014,-1.0,-1.1989,-1198.93
2026-06-22 11:10:00-04:00,SHORT,Retest,1.14457,1.144759684309542,1.1440009470713743,2026-06-22 11:25:00-04:00,1.1440009470713743,TP,0.00014,3.0,2.2619,2261.93
2026-06-22 14:55:00-04:00,SHORT,Breakout,1.14239,1.1424828117463595,1.1421115647609217,2026-06-22 15:00:00-04:00,1.1424828117463595,SL,0.00014,-1.0,-2.5084,-2508.43
2026-06-22 15:10:00-04:00,SHORT,Retest,1.14228,1.1424807519703906,1.1416777440888282,2026-06-22 15:55:00-04:00,1.1424807519703906,SL,0.00014,-1.0,-1.6974,-1697.38
2026-06-22 20:05:00-04:00,SHORT,Breakout,1.14233,1.1424040799426411,1.1421077601720768,2026-06-22 20:20:00-04:00,1.1424040799426411,SL,0.00016,-1.0,-3.1598,-3159.83
2026-06-22 23:15:00-04:00,SHORT,Breakout,1.14194,1.142202407676008,1.1411527769719758,2026-06-22 23:20:00-04:00,1.142202407676008,SL,0.00016,-1.0,-1.6097,-1609.74
2026-06-23 01:10:00-04:00,SHORT,Retest,1.14203,1.14220019396387,1.1415194181083905,2026-06-23 01:15:00-04:00,1.14220019396387,SL,0.00016,-1.0,-1.9401,-1940.1
2026-06-23 03:40:00-04:00,SHORT,Breakout,1.14155,1.1419499930720007,1.140350020783998,2026-06-23 06:30:00-04:00,1.140350020783998,TP,0.00014,3.0,2.65,2649.99
2026-06-23 06:45:00-04:00,SHORT,Breakout,1.14006,1.140463095385466,1.1388507138436024,2026-06-23 07:50:00-04:00,1.1388507138436024,TP,0.00014,3.0,2.6527,2652.69
2026-06-23 20:15:00-04:00,SHORT,Breakout,1.13765,1.1377828355031403,1.1372514934905793,2026-06-23 20:25:00-04:00,1.1372514934905793,TP,0.00016,3.0,1.7955,1795.5
2026-06-23 20:50:00-04:00,SHORT,Retest,1.13754,1.137786629952392,1.136800110142824,2026-06-23 22:55:00-04:00,1.136800110142824,TP,0.00016,3.0,2.3513,2351.25
2026-06-24 02:55:00-04:00,SHORT,Breakout,1.13591,1.1361129377301424,1.1353011868095726,2026-06-24 03:10:00-04:00,1.1353011868095726,TP,0.00014,3.0,2.3101,2310.13
2026-06-24 08:30:00-04:00,SHORT,Breakout,1.13317,1.1337213377641293,1.131515986707612,2026-06-24 09:25:00-04:00,1.1337213377641293,SL,0.00014,-1.0,-1.2539,-1253.93
2026-06-24 20:10:00-04:00,SHORT,Breakout,1.13508,1.13527023411689,1.13450929764933,2026-06-24 20:50:00-04:00,1.13527023411689,SL,0.00016,-1.0,-1.8411,-1841.07
2026-06-25 02:30:00-04:00,SHORT,Breakout,1.1355,1.1356185382056867,1.1351443853829397,2026-06-25 02:35:00-04:00,1.1356185382056867,SL,0.00014,-1.0,-2.1811,-2181.05
2026-06-25 03:10:00-04:00,SHORT,Breakout,1.13493,1.1356354455203392,1.1328136634389823,2026-06-25 03:50:00-04:00,1.1356354455203392,SL,0.00014,-1.0,-1.1985,-1198.46
2026-06-25 19:00:00-04:00,SHORT,Breakout,1.1366100000000001,1.1367485550602576,1.1361943348192276,2026-06-25 19:30:00-04:00,1.1361943348192276,TP,0.00016,3.0,1.8452,1845.22
2026-06-25 21:35:00-04:00,SHORT,Breakout,1.13587,1.1359851269886234,1.1355246190341295,2026-06-25 22:00:00-04:00,1.1359851269886234,SL,0.00016,-1.0,-2.3898,-2389.77
2026-06-26 16:30:00-04:00,SHORT,Bounce,1.13871,1.1391058553086608,1.137522434074018,2026-06-28 17:30:00-04:00,1.1391058553086608,SL,0.000244,-1.0,-1.6164,-1616.39
2026-06-28 20:10:00-04:00,SHORT,Bounce,1.13856,1.1387086744916097,1.1381139765251709,2026-06-28 20:35:00-04:00,1.1387086744916097,SL,0.00016,-1.0,-2.0762,-2076.18
2026-06-28 21:00:00-04:00,SHORT,Bounce,1.13853,1.1387141182579785,1.1379776452260646,2026-06-28 21:05:00-04:00,1.1387141182579785,SL,0.00016,-1.0,-1.869,-1869.01
2026-06-29 10:00:00-04:00,SHORT,Bounce,1.14083,1.1412052332226301,1.1397043003321097,2026-06-29 10:10:00-04:00,1.1412052332226301,SL,0.00014,-1.0,-1.3731,-1373.1
2026-06-29 19:45:00-04:00,SHORT,Breakout,1.14205,1.1421094761010264,1.1418715716969208,2026-06-29 19:50:00-04:00,1.1421094761010264,SL,0.000162,-1.0,-3.7238,-3723.78
2026-06-29 19:55:00-04:00,SHORT,Breakout,1.1418300000000001,1.1421107319442525,1.140987804167243,2026-06-29 21:05:00-04:00,1.140987804167243,TP,0.00016,3.0,2.4301,2430.06
2026-06-30 01:55:00-04:00,SHORT,Breakout,1.1384400000000001,1.1386289796708509,1.137873060987448,2026-06-30 02:00:00-04:00,1.1386289796708509,SL,0.00014,-1.0,-1.7408,-1740.82
2026-06-30 09:50:00-04:00,SHORT,Bounce,1.13977,1.1403058998900466,1.13816230032986,2026-06-30 10:10:00-04:00,1.1403058998900466,SL,0.00014,-1.0,-1.2612,-1261.24
2026-07-01 10:00:00-04:00,SHORT,Bounce,1.13922,1.1401328385377663,1.1364814843867008,2026-07-01 10:05:00-04:00,1.1401328385377663,SL,0.00014,-1.0,-1.1534,-1153.37
2026-07-02 02:05:00-04:00,SHORT,Bounce,1.13874,1.1388418437040313,1.1384344688879064,2026-07-02 02:10:00-04:00,1.1388418437040313,SL,0.00014,-1.0,-2.3747,-2374.66
2026-07-02 08:05:00-04:00,SHORT,Breakout,1.13981,1.1403236261860288,1.1382691214419136,2026-07-02 08:30:00-04:00,1.1403236261860288,SL,0.00014,-1.0,-1.2726,-1272.57
2026-07-02 19:35:00-04:00,SHORT,Breakout,1.14242,1.142580380057161,1.141938859828517,2026-07-02 19:45:00-04:00,1.142580380057161,SL,0.00016,-1.0,-1.9976,-1997.63
2026-07-05 20:05:00-04:00,SHORT,Breakout,1.14326,1.1433506260372193,1.142988121888342,2026-07-05 20:10:00-04:00,1.1433506260372193,SL,0.00016,-1.0,-2.7655,-2765.5
2026-07-05 20:55:00-04:00,SHORT,Bounce,1.14375,1.1438464895207214,1.1434605314378359,2026-07-05 21:05:00-04:00,1.1434605314378359,TP,0.00016,3.0,1.3418,1341.79
2026-07-05 21:30:00-04:00,SHORT,Retest,1.14309,1.1433596203393004,1.1422811389820986,2026-07-05 21:35:00-04:00,1.1433596203393004,SL,0.00016,-1.0,-1.5934,-1593.43
2026-07-06 01:55:00-04:00,SHORT,Breakout,1.14233,1.142752637414059,1.141062087757823,2026-07-06 02:00:00-04:00,1.142752637414059,SL,0.00014,-1.0,-1.3313,-1331.25
2026-07-06 03:15:00-04:00,SHORT,Retest,1.1425,1.1427777115998081,1.141666865200576,2026-07-06 04:10:00-04:00,1.141666865200576,TP,0.00014,3.0,2.4959,2495.88
2026-07-06 05:50:00-04:00,SHORT,Breakout,1.1411,1.141495196463432,1.1399144106097043,2026-07-06 06:10:00-04:00,1.141495196463432,SL,0.00014,-1.0,-1.3543,-1354.25
2026-07-06 07:45:00-04:00,SHORT,Retest,1.14126,1.1414915949258688,1.1405652152223933,2026-07-06 07:55:00-04:00,1.1414915949258688,SL,0.00014,-1.0,-1.6045,-1604.5
2026-07-08 07:35:00-04:00,SHORT,Breakout,1.13936,1.139609162438264,1.1386125126852076,2026-07-08 07:40:00-04:00,1.139609162438264,SL,0.00014,-1.0,-1.5619,-1561.88
2026-07-13 12:25:00-04:00,SHORT,Breakout,1.13908,1.1396108317046396,1.1374875048860815,2026-07-14 03:45:00-04:00,1.1396108317046396,SL,0.00014,-1.0,-1.2637,-1263.74
2026-07-16 03:35:00-04:00,LONG,Breakout,1.14699,1.1467723445970572,1.147642966208828,2026-07-16 03:55:00-04:00,1.1467723445970572,SL,0.00014,-1.0,-1.6432,-1643.22
2026-07-16 07:50:00-04:00,LONG,Bounce,1.1463,1.1459029463848507,1.1474911608454483,2026-07-16 08:30:00-04:00,1.1459029463848507,SL,0.00014,-1.0,-1.3526,-1352.6
2026-07-21 06:10:00-04:00,SHORT,Bounce,1.14235,1.1426384426079694,1.1414846721760916,2026-07-21 06:25:00-04:00,1.1426384426079694,SL,0.00014,-1.0,-1.4854,-1485.37
2026-07-21 07:50:00-04:00,SHORT,Breakout,1.14177,1.141997686469913,1.1410869405902606,2026-07-21 09:20:00-04:00,1.1410869405902606,TP,0.00014,3.0,2.3851,2385.12
2026-07-21 14:15:00-04:00,SHORT,Breakout,1.13997,1.1402177619150269,1.139226714254919,2026-07-21 14:25:00-04:00,1.1402177619150269,SL,0.00014,-1.0,-1.5651,-1565.06
2026-07-21 14:45:00-04:00,SHORT,Retest,1.14004,1.1402171297648764,1.1395086107053705,2026-07-21 14:55:00-04:00,1.1402171297648764,SL,0.00014,-1.0,-1.7904,-1790.38
2026-07-22 06:00:00-04:00,SHORT,Breakout,1.14007,1.140302942909404,1.1393711712717876,2026-07-22 06:10:00-04:00,1.140302942909404,SL,0.00014,-1.0,-1.601,-1601.01
2026-07-22 16:00:00-04:00,SHORT,Bounce,1.14091,1.141185610504658,1.1400831684860262,2026-07-22 20:00:00-04:00,1.141185610504658,SL,0.000284,-1.0,-2.0304,-2030.44
2026-07-24 10:55:00-04:00,SHORT,Bounce,1.13775,1.1379569250848762,1.1371292247453715,2026-07-24 11:00:00-04:00,1.1379569250848762,SL,0.00014,-1.0,-1.6766,-1676.57
2026-07-28 05:45:00-04:00,SHORT,Breakout,1.13601,1.1362934629420676,1.1351596111737972,2026-07-28 07:20:00-04:00,1.1362934629420676,SL,0.00014,-1.0,-1.4939,-1493.89
2026-07-28 18:20:00-04:00,SHORT,Breakout,1.13824,1.138416104045831,1.1377116878625069,2026-07-28 18:25:00-04:00,1.138416104045831,SL,0.00019,-1.0,-2.0789,-2078.91
2026-07-30 04:25:00-04:00,LONG,Breakout,1.1454,1.145004495468361,1.1465865135949171,2026-07-30 04:30:00-04:00,1.145004495468361,SL,0.00014,-1.0,-1.354,-1353.98
2026-07-30 09:35:00-04:00,LONG,Breakout,1.14914,1.148181414594439,1.1520157562166835,2026-07-30 09:55:00-04:00,1.1520157562166835,TP,0.00014,3.0,2.854,2853.95
2026-07-31 02:05:00-04:00,LONG,Breakout,1.15146,1.1512995876356462,1.151941237093061,2026-07-31 02:10:00-04:00,1.1512995876356462,SL,0.00014,-1.0,-1.8728,-1872.75
2026-07-31 02:15:00-04:00,LONG,Retest,1.15161,1.1512973485225724,1.152547954432283,2026-07-31 02:35:00-04:00,1.1512973485225724,SL,0.00014,-1.0,-1.4478,-1447.78
2026-07-31 02:45:00-04:00,LONG,Breakout,1.15182,1.1512832591117022,1.1534302226648938,2026-07-31 03:15:00-04:00,1.1512832591117022,SL,0.00014,-1.0,-1.2608,-1260.83
2026-07-31 03:45:00-04:00,LONG,Breakout,1.1522999999999999,1.152099740950376,1.1529007771488717,2026-07-31 03:50:00-04:00,1.152099740950376,SL,0.00014,-1.0,-1.6991,-1699.09
2026-07-31 16:40:00-04:00,LONG,Breakout,1.15391,1.1536099147500904,1.1548102557497286,2026-07-31 16:50:00-04:00,1.1536099147500904,SL,0.00031,-1.0,-2.033,-2033.04
2026-08-03 05:40:00-04:00,LONG,Breakout,1.1528100000000001,1.1526485236328452,1.1532944291014648,2026-08-03 05:45:00-04:00,1.1526485236328452,SL,0.00014,-1.0,-1.867,-1867.0
2026-08-03 07:55:00-04:00,LONG,Breakout,1.1531500000000001,1.1529335216251262,1.153799435124622,2026-08-03 08:15:00-04:00,1.1529335216251262,SL,0.00014,-1.0,-1.6467,-1646.72
2026-08-03 20:05:00-04:00,LONG,Breakout,1.15124,1.1510870627103056,1.1516988118690834,2026-08-03 20:10:00-04:00,1.1510870627103056,SL,0.00016,-1.0,-2.0462,-2046.18
2026-08-03 20:30:00-04:00,LONG,Breakout,1.15125,1.151084566499259,1.1517463005022233,2026-08-03 20:45:00-04:00,1.151084566499259,SL,0.00016,-1.0,-1.9672,-1967.16
2026-08-04 02:10:00-04:00,LONG,Bounce,1.15072,1.1504537883831516,1.151518634850545,2026-08-04 02:40:00-04:00,1.1504537883831516,SL,0.00014,-1.0,-1.5259,-1525.9
2026-08-04 03:15:00-04:00,LONG,Breakout,1.15122,1.1509807337456346,1.1519377987630959,2026-08-04 03:35:00-04:00,1.1509807337456346,SL,0.00014,-1.0,-1.5851,-1585.12
2026-08-04 09:35:00-04:00,LONG,Breakout,1.15244,1.1522030857458672,1.1531507427623982,2026-08-04 09:40:00-04:00,1.1522030857458672,SL,0.00014,-1.0,-1.5909,-1590.93
2026-08-04 11:55:00-04:00,LONG,Retest,1.15252,1.1522083987036917,1.1534548038889247,2026-08-04 12:05:00-04:00,1.1522083987036917,SL,0.00014,-1.0,-1.4493,-1449.29
2026-08-04 20:20:00-04:00,LONG,Breakout,1.15336,1.1532132944698088,1.1538001165905734,2026-08-04 20:35:00-04:00,1.1532132944698088,SL,0.00016,-1.0,-2.0906,-2090.62
2026-08-04 22:40:00-04:00,LONG,Breakout,1.15393,1.1534351837646981,1.1554144487059053,2026-08-04 22:55:00-04:00,1.1534351837646981,SL,0.00016,-1.0,-1.3234,-1323.35
2026-08-05 02:40:00-04:00,LONG,Breakout,1.1541,1.153917162706153,1.1546485118815404,2026-08-05 03:05:00-04:00,1.153917162706153,SL,0.00014,-1.0,-1.7657,-1765.71
2026-08-05 17:55:00-04:00,LONG,Bounce,1.1552,1.1546406185817915,1.1568781442546257,2026-08-05 23:45:00-04:00,1.1546406185817915,SL,0.00035,-1.0,-1.6257,-1625.69
2026-08-06 09:10:00-04:00,LONG,Bounce,1.15372,1.1536018902031422,1.1540743293905737,2026-08-06 09:15:00-04:00,1.1536018902031422,SL,0.00014,-1.0,-2.1853,-2185.34
2026-08-07 05:10:00-04:00,LONG,Breakout,1.15274,1.1523983873014398,1.1537648380956809,2026-08-07 08:30:00-04:00,1.1537648380956809,TP,0.00014,3.0,2.5902,2590.18
2026-08-07 15:20:00-04:00,LONG,Breakout,1.15679,1.1566159225479768,1.1573122323560694,2026-08-07 15:40:00-04:00,1.1566159225479768,SL,0.00014,-1.0,-1.8042,-1804.24
2026-08-09 18:05:00-04:00,LONG,Bounce,1.15563,1.1553165394339622,1.1565703816981132,2026-08-09 18:25:00-04:00,1.1553165394339622,SL,0.000248,-1.0,-1.7912,-1791.17
2026-08-10 03:35:00-04:00,LONG,Breakout,1.15587,1.1556452881574792,1.156544135527562,2026-08-10 05:35:00-04:00,1.1556452881574792,SL,0.00014,-1.0,-1.623,-1623.02
2026-08-10 05:50:00-04:00,LONG,Retest,1.15602,1.1556466987985266,1.1571399036044205,2026-08-10 05:55:00-04:00,1.1556466987985266,SL,0.00014,-1.0,-1.375,-1375.03
2026-08-10 19:45:00-04:00,LONG,Breakout,1.15435,1.1542517629753741,1.1546447110738776,2026-08-10 20:00:00-04:00,1.1546447110738776,TP,0.00016,3.0,1.3713,1371.29
2026-08-11 07:00:00-04:00,LONG,Breakout,1.1541,1.1537624003527964,1.1551127989416103,2026-08-11 07:20:00-04:00,1.1537624003527964,SL,0.00014,-1.0,-1.4147,-1414.69
2026-08-11 19:05:00-04:00,LONG,Breakout,1.15426,1.154198076390871,1.1544457708273872,2026-08-11 19:10:00-04:00,1.154198076390871,SL,0.00016,-1.0,-3.5838,-3583.83
2026-08-11 19:55:00-04:00,LONG,Retest,1.15428,1.1542020238941335,1.1545139283175994,2026-08-11 20:00:00-04:00,1.1542020238941335,SL,0.00016,-1.0,-3.0519,-3051.91
2026-08-11 20:05:00-04:00,LONG,Breakout,1.15434,1.1542805410107577,1.1545183769677265,2026-08-11 20:10:00-04:00,1.1542805410107577,SL,0.00016,-1.0,-3.6909,-3690.93
2026-08-12 01:25:00-04:00,LONG,Bounce,1.15326,1.153159448524384,1.153561654426848,2026-08-12 02:55:00-04:00,1.153561654426848,TP,0.00016,3.0,1.4088,1408.78
2026-08-12 02:55:00-04:00,LONG,Breakout,1.15365,1.1535659461001246,1.1539021616996263,2026-08-12 03:00:00-04:00,1.1535659461001246,SL,0.00014,-1.0,-2.6656,-2665.6
2026-08-12 04:25:00-04:00,LONG,Retest,1.15372,1.1535587670225638,1.154203698932309,2026-08-12 04:30:00-04:00,1.1535587670225638,SL,0.00014,-1.0,-1.8683,-1868.31
2026-08-12 05:10:00-04:00,LONG,Breakout,1.1540300000000001,1.1538522581694721,1.154563225491584,2026-08-12 05:20:00-04:00,1.154563225491584,TP,0.00014,3.0,2.2123,2212.34
2026-08-12 08:35:00-04:00,LONG,Breakout,1.15541,1.1548044537753133,1.1572266386740604,2026-08-12 09:35:00-04:00,1.1548044537753133,SL,0.00014,-1.0,-1.2312,-1231.2
2026-08-12 15:55:00-04:00,LONG,Bounce,1.15218,1.1518449017937438,1.1531852946187686,2026-08-13 02:25:00-04:00,1.1518449017937438,SL,0.00014,-1.0,-1.4178,-1417.79
2026-08-13 08:55:00-04:00,LONG,Breakout,1.15435,1.1537443452705831,1.1561669641882506,2026-08-13 09:10:00-04:00,1.1537443452705831,SL,0.00014,-1.0,-1.2312,-1231.15
2026-08-13 19:00:00-04:00,LONG,Breakout,1.15329,1.1530608199426078,1.1539775401721764,2026-08-14 00:10:00-04:00,1.1539775401721764,TP,0.00016,3.0,2.3019,2301.86
2026-08-14 02:30:00-04:00,LONG,Breakout,1.1540300000000001,1.153949769077738,1.1542706927667863,2026-08-14 02:45:00-04:00,1.1542706927667863,TP,0.00014,3.0,1.255,1255.04
2026-08-14 09:35:00-04:00,LONG,Breakout,1.15807,1.1577420258584314,1.1590539224247054,2026-08-14 09:40:00-04:00,1.1577420258584314,SL,0.00014,-1.0,-1.4269,-1426.86
2026-08-14 10:35:00-04:00,LONG,Retest,1.15806,1.1577383445825122,1.1590249662524637,2026-08-14 10:40:00-04:00,1.1577383445825122,SL,0.00014,-1.0,-1.4352,-1435.25
2026-08-16 18:35:00-04:00,LONG,Breakout,1.157,1.1568521689185667,1.1574434932443,2026-08-16 19:00:00-04:00,1.1574434932443,TP,0.000206,3.0,1.6065,1606.52
2026-08-17 00:05:00-04:00,LONG,Breakout,1.15856,1.158338968512654,1.1592230944620383,2026-08-17 00:55:00-04:00,1.158338968512654,SL,0.00016,-1.0,-1.7239,-1723.88
2026-08-17 02:25:00-04:00,LONG,Breakout,1.15918,1.15869378648616,1.1606386405415205,2026-08-17 03:30:00-04:00,1.1606386405415205,TP,0.00014,3.0,2.7121,2712.06
2026-08-17 21:10:00-04:00,LONG,Breakout,1.15848,1.1583888038483794,1.1587535884548616,2026-08-17 21:15:00-04:00,1.1583888038483794,SL,0.00016,-1.0,-2.7545,-2754.46
2026-08-18 09:30:00-04:00,LONG,Bounce,1.15795,1.1569986362073013,1.1608040913780964,2026-08-18 16:05:00-04:00,1.1569986362073013,SL,0.00014,-1.0,-1.1472,-1147.16
2026-08-18 20:00:00-04:00,LONG,Breakout,1.15785,1.157749031262779,1.1581529062116633,2026-08-18 20:30:00-04:00,1.157749031262779,SL,0.00016,-1.0,-2.5846,-2584.65
2026-08-18 21:00:00-04:00,LONG,Bounce,1.15734,1.1571680398451873,1.157855880464438,2026-08-18 21:05:00-04:00,1.1571680398451873,SL,0.00016,-1.0,-1.9304,-1930.45
2026-08-18 22:15:00-04:00,LONG,Breakout,1.15819,1.1580659576749346,1.1585621269751964,2026-08-18 22:20:00-04:00,1.1580659576749346,SL,0.00016,-1.0,-2.2899,-2289.88
2026-08-19 00:40:00-04:00,LONG,Retest,1.15826,1.1580779826115108,1.1588060521654677,2026-08-19 01:45:00-04:00,1.1588060521654677,TP,0.00016,3.0,2.121,2120.96
2026-08-19 04:05:00-04:00,LONG,Breakout,1.16004,1.1597743270495062,1.1608370188514812,2026-08-19 04:25:00-04:00,1.1597743270495062,SL,0.00014,-1.0,-1.527,-1526.96
2026-08-19 08:30:00-04:00,LONG,Breakout,1.16186,1.1610831768173189,1.164190469548043,2026-08-19 08:55:00-04:00,1.164190469548043,TP,0.00014,3.0,2.8198,2819.78
2026-08-19 20:50:00-04:00,LONG,Bounce,1.16731,1.1671085499009473,1.1679143502971585,2026-08-19 21:00:00-04:00,1.1671085499009473,SL,0.000178,-1.0,-1.8836,-1883.59
2026-08-19 22:00:00-04:00,LONG,Breakout,1.16802,1.1678575893640597,1.1685072319078211,2026-08-19 22:05:00-04:00,1.1678575893640597,SL,0.00018,-1.0,-2.1083,-2108.3
2026-08-20 02:45:00-04:00,LONG,Breakout,1.1684,1.1679067278623692,1.169879816412893,2026-08-20 03:15:00-04:00,1.1679067278623692,SL,0.000158,-1.0,-1.3203,-1320.31
2026-08-20 03:30:00-04:00,LONG,Breakout,1.1684700000000001,1.16789830475893,1.1701850857232106,2026-08-20 05:10:00-04:00,1.1701850857232106,TP,0.00016,3.0,2.7201,2720.13
2026-08-21 01:30:00-04:00,LONG,Bounce,1.16928,1.1690090932045143,1.1700927203864575,2026-08-21 02:20:00-04:00,1.1690090932045143,SL,0.00016,-1.0,-1.5906,-1590.61
2026-08-23 19:55:00-04:00,LONG,Breakout,1.16812,1.1678184650014294,1.169024604995712,2026-08-23 21:15:00-04:00,1.1678184650014294,SL,0.000174,-1.0,-1.577,-1577.05
2026-08-24 03:05:00-04:00,LONG,Bounce,1.16757,1.1673672613821238,1.1681782158536287,2026-08-24 03:10:00-04:00,1.1673672613821238,SL,0.00016,-1.0,-1.7892,-1789.19
2026-08-24 19:50:00-04:00,LONG,Breakout,1.16676,1.166419132253813,1.1677826032385608,2026-08-24 21:20:00-04:00,1.166419132253813,SL,0.000166,-1.0,-1.487,-1486.99
2026-08-25 04:20:00-04:00,LONG,Breakout,1.16631,1.166189185668596,1.166672442994212,2026-08-25 04:25:00-04:00,1.166189185668596,SL,0.00014,-1.0,-2.1588,-2158.8
2026-08-25 04:40:00-04:00,LONG,Retest,1.16651,1.1661892648865255,1.1674722053404232,2026-08-25 06:15:00-04:00,1.1661892648865255,SL,0.00014,-1.0,-1.4365,-1436.5
2026-08-25 15:55:00-04:00,LONG,Breakout,1.1675200000000001,1.1673877869770934,1.1679166390687201,2026-08-25 16:00:00-04:00,1.1673877869770934,SL,0.00016,-1.0,-2.2102,-2210.17
2026-08-26 03:00:00-04:00,LONG,Breakout,1.16671,1.1665837115201443,1.1670888654395668,2026-08-26 03:15:00-04:00,1.1670888654395668,TP,0.00016,3.0,1.7331,1733.06
2026-08-26 20:55:00-04:00,LONG,Breakout,1.16558,1.1654613939285987,1.1659358182142041,2026-08-26 21:00:00-04:00,1.1654613939285987,SL,0.00016,-1.0,-2.349,-2349.0
2026-08-26 21:15:00-04:00,LONG,Retest,1.16572,1.1654597996666678,1.166500600999997,2026-08-26 22:20:00-04:00,1.1654597996666678,SL,0.00016,-1.0,-1.6149,-1614.91
2026-08-27 02:15:00-04:00,LONG,Bounce,1.1653,1.1652043400229934,1.1655869799310197,2026-08-27 02:40:00-04:00,1.1652043400229934,SL,0.00014,-1.0,-2.4635,-2463.52
2026-08-27 09:05:00-04:00,LONG,Breakout,1.16464,1.1644634442116897,1.1651696673649306,2026-08-27 09:20:00-04:00,1.1651696673649306,TP,0.00014,3.0,2.207,2207.05
